:020000040000FA
:2000000000780020FD3700008F38000089650000973800009B3800009F3800008D38000021
:200020008D3800008D3800008D380000A3380000A73800008D380000AB380000AF38000028
:20004000B3380000B7380000BB380000BF380000C3380000C7380000CB380000CF380000D8
:20006000D3380000D7380000DB380000DF380000E3380000E7380000EB380000EF380000B8
:20008000F3380000F7380000FB380000FF38000003390000073900000B3900008D38000017
:2000A0000F39000013390000173900001B3900001F390000233900008D380000273900002F
:2000C0008D380000D14801008D3800002F3900008D3800008D3800008D3800003339000059
:2000E0008D380000373900008D3800008D3800003B3900003F390000433900004739000059
:200100003B3801004F39000053390000573900005B3900008D3800008D3800008D380000E4
:200120008D3800005F39000063390000673900006B3900006F39000073390000773900007E
:200140008D3800008D3800008D3800008D3800008D3800008D3800008D3800008D38000077
:200160008D3800008D3800008D3800008D3800008D3800008D3800007B3900007F39000075
:2001800083390000873900008B3900008F39000093390000973900009B3900009F3900000F
:2001A000A3390000A73900008D3800008D380000AB390000AF390000B3390000B739000051
:2001C000BB3900008D3800008D380000BF390000C3390000C7390000CB390000CF390000A1
:2001E000D3390000D7390000DB390000DF390000E3390000E7390000EB390000EF3900002F
:20020000F3390000F7390000FB390000FF390000033A0000073A00000B3A00000F3A00000A
:20022000133A0000173A00001B3A00008D3800008D3800008D3800008D3800008D380000F2
:200240008D3800008D3800008D3800008D3800008D3800008D3800008D3800008D38000076
:200260008D3800008D3800008D3800008D3800008D3800008D3800008D3800008D38000056
:200280008D3800008D3800008D3800008D3800008D3800008D3800008D3800008D38000036
:2002A0008D3800008D3800008D3800008D3800001F3A0000233A00008D380000273A00004E
:2002C0002B3A00002F3A0000333A00008D3800008D3800008D3800008D3800008D3800000A
:2002E000373A00008D3800008D3800008D3800008D3800008D3800008D3800008D3800002A
:200300008D3800008D3800008D3800008D3800003B3A00008D3800008D3800008D38000005
:1C0320008D3800008D3800008D3800008D3800008D3800008D3800003F3A0000AA
:2004000098BFFF1F286A0100286E01000100000098C3FF1F286E0100EC70010001000000CE
:200420000084FF1F98BFFF1F0100000008ED00E00600000000000000200000000B0000009E
:200440001B00000000000000000000000000000016157E2BA6D2AE288815F7AB3C4FCF09BD
:2004600023222120272625242B2A29282F2E2D2CFFFFFFFFFFFFFFFFFFFFFFFFFFFFFFFF14
:2004800012AB0001BB650000116600002366000025670000ED9D00006F9E0000ED9B0000D3
:2004A000E59C000035A50000000000000000000000000000000000000000000000000000E1
:2004C000ED9D00006F9E000005A00000000000000000000057A00000A3A0000077A100008E
:2004E0000000000000000000000000000000000000000000000000000000000000000000FC
:20050000ED9D00006F9E000005A000001BA8000001020300EF9700003D9A00000000000079
:200520000000000000000000679B000075980000BD9A000000000000000000000000000055
:20054000CF9B0000F9980000F9980000000000000000000000000000F9980000FB980000EB
:20056000FB980000000000000000000000000000FB9800001D9900001D99000000000000E9
:2005800000000000000000001D990000A1990000A199000000000000000000000000000031
:2005A000A1990000982F8A4291443771CFFBC0B5A5DBB5E95BC25639F111F159A4823F92A5
:2005C000D55E1CAB98AA07D8015B8312BE853124C37D0C55745DBE72FEB1DE80A706DC9BA4
:2005E00074F19BC1C1699BE48647BEEFC69DC10FCCA10C246F2CE92DAA84744ADCA9B05C19
:20060000DA88F97652513E986DC631A8C82703B0C77F59BFF30BE0C64791A7D55163CA0608
:2006200067292914850AB72738211B2EFC6D2C4D130D385354730A65BB0A6A762EC9C2813C
:20064000852C7292A1E8BFA24B661AA8708B4BC2A3516CC719E892D1240699D685350EF4A0
:2006600070A06A1016C1A419086C371E4C774827B5BCB034B30C1C394AAAD84E4FCA9C5BCE
:20068000F36F2E68EE828F746F63A5781478C8840802C78CFAFFBE90EB6C50A4F7A3F9BEE8
:2006A000F27871C60000000000000000000000000000000000000000000000000000000099
:2006C00000000000000000000000000000000000000000000000000000000000000000001A
:2006E0006E676953676F72506E676953676F724901020001010200010102000100010001A1
:200700000001000100010102000102030001010200010001000102020102020202020102B4
:2007200001010100010203000103000024070000020000000C07000002020000240700003D
:20074000020000000C070000010200000E070000020000001007000009F110000100000048
:200760001E070000735B00007C431800010000001E0700002B5B0000004401002207000095
:20078000104401002207000001100210010100001D0700000200000014070000E9BD0000CF
:2007A000F9BD000010030200F006000002000000F2060000F9470000000000001103020028
:2007C000F406000002000000F6060000434900000000000022030200F8060000020000006E
:2007E000FA060000074A000000000000270301001607000002000000FC060000E74B00002A
:20080000000000002E010100170700000100000018070000494B0000295000003103010028
:200820001907000002000000FE060000994C00004F500000340301001A07000002000000B3
:2008400000070000794D000000000000360301001B0700000200000002070000794E00009D
:2008600021510000370301001C07000002000000040700005D4F00003F5100003E0302001C
:20088000060700000200000008070000A94F00000000000021F102001207000065B90000F7
:2008A00025F102001207000079B900002AF10200120700008DB900002BF102001207000022
:2008C000A1B9000086F1020012070000B9B700008AF1020012070000B5B900008CF1020039
:2008E00012070000D1B90000A1F102001207000005BA0000A5F10200120700004FBA00002F
:20090000AAF10200120700006BBA0000ABF102001207000087BA00007C430200120700002A
:20092000A5BA000020ED020012070000C1BA0000A0ED02001207000089BB0000F1F10200E5
:2009400012070000E9BB000005020000010000001F07000001000000200700000100000083
:20096000210700008FB800000000000000FF0800010000001F0700000100000020070000B2
:200980000100000021070000F5B800000000000012020001010000001F0700000100000044
:2009A000200700000100000021070000F9B800000000000000000020FFFF002000E0010017
:2009C000FFBF0700342143780000030200800300030000000100000000800300000004002F
:2009E00000800300000000000600000001000000008007000040000000800700000000001F
:200A00000000000000000000000000000000000000000000000000000000000000000000D6
:200A20000000000000000000000000000000000000000000000000000000000000000000B6
:200A4000000000000000000000000000000000000000000000000000000000000000000096
:200A6000000000000000000000000000000000000000000000000000000000000000000076
:200A8000000000000000000000000000000000000000000000000000000000000000000056
:200AA000000000000000000000000000000000000000000000000000000000000000000036
:200AC00087341243342143780000030100800300070000000000000000E001000020000067
:200AE00000E001000001000003000000000000000080030000000400008003000000000007
:200B0000060000000000000000800700004000000080070000000000000000000000000081
:200B20000000000000000000000000000000000000000000000000000000000000000000B5
:200B4000000000000000000000000000000000000000000000000000000000000000000095
:200B6000000000000000000000000000000000000000000000000000000000000000000075
:200B8000000000000000000000000000000000000000000000000000000000000000000055
:200BA000000000000000000000000000000000000000000000000000000000000000000035
:200BC000873412430000000001000000000000000000000001000000000101000000000001
:200BE0003C08000006000000C40B0000000000007D08000009000000C80B00000000E80390
:200C0000CC2A00CC0000E803FF7E00FF0000E803CC2B00CC0000E803FF7E00FFA00F0000E7
:200C20000200000049BE0000020000004BBE000000000000020000004DBE0000CC0B0000BC
:200C40000000020000000000DC0B0000D40B000001000000DC0B00001C0C000005000000B7
:200C6000020000000100881332000000D80B0000FC0B0000B00C00000500000002000000F7
:200C80000100881332000000D80B00000C0C0000BC0C00000000000000000000453F01003E
:200CA00000000000B93F0100E33F0100F33E0100000AE8038403AA2A00AA0000000AE803F7
:200CC0008403AA2B00AA000003000000E00C000000000000001000000010000000100000EF
:200CE0000001100000000101100000000002000400000000000000000000000002000000C9
:200D00003C0000000200000001000E00020003030000000044B4FF1F000000000000000068
:200D2000000000000000000000000000000000000100000038000000020000000200FE0375
:200D4000010003030000000054B4FF1F000000000000000000000000000000000000000066
:200D600035313930373500006608529932202041660852773920204164143390012020417E
:200D8000FFFFFFFFFFFFFFFFFFFFFFFFFFFFFFFF88030000000000000000000000000000D8
:200DA0000000000000002110422063308440A550C660E770088129914AA16BB18CC1ADD1C2
:200DC000CEE1EFF13112100273325222B5529442F772D662399318837BB35AA3BDD39CC317
:200DE000FFF3DEE36224433420040114E664C774A44485546AA54BB528850995EEE5CFF5D3
:200E0000ACC58DD55336722611163006D776F6669556B4465BB77AA719973887DFF7FEE796
:200E20009DD7BCC7C448E5588668A7784008611802282338CCC9EDD98EE9AFF948896999D2
:200E40000AA92BB9F55AD44AB77A966A711A500A333A122AFDDBDCCBBFFB9EEB799B588B16
:200E60003BBB1AABA66C877CE44CC55C222C033C600C411CAEED8FFDECCDCDDD2AAD0BBDD2
:200E8000688D499D977EB66ED55EF44E133E322E511E700E9FFFBEEFDDDFFCCF1BBF3AAF96
:200EA000599F788F8891A981CAB1EBA10CD12DC14EF16FE18010A100C230E32004502540B0
:200EC00046706760B9839893FBA3DAB33DC31CD37FE35EF3B1029012F322D2323542145216
:200EE00077625672EAB5CBA5A89589856EF54FE52CD50DC5E234C324A014810466744764D2
:200F000024540544DBA7FAB79987B8975FE77EF71DC73CD7D326F2369106B0165766767695
:200F2000154634564CD96DC90EF92FE9C899E9898AB9ABA94458654806782768C018E108D1
:200F40008238A3287DCB5CDB3FEB1EFBF98BD89BBBAB9ABB754A545A376A167AF10AD01A15
:200F6000B32A923A2EFD0FED6CDD4DCDAABD8BADE89DC98D267C076C645C454CA23C832CD1
:200F8000E01CC10C1FEF3EFF5DCF7CDF9BAFBABFD98FF89F176E367E554E745E932EB23E95
:200FA000D10EF01E00000000000000000000000000000087000000000000000000000000BD
:200FC000000000000000000000000000000000000000000000000000963007772C610EEE44
:200FE000BA51099919C46D078FF46A7035A563E9A395649E3288DB0EA4B8DC791EE9D5E026
:2010000088D9D2972B4CB609BD7CB17E072DB8E7911DBF906410B71DF220B06A4871B9F3BF
:20102000DE41BE847DD4DA1AEBE4DD6D51B5D4F4C785D38356986C13C0A86B647AF962FD0B
:20104000ECC9658A4F5C0114D96C0663633D0FFAF50D088DC8206E3B5E10694CE44160D530
:20106000727167A2D1E4033C47D4044BFD850DD26BB50AA5FAA8B5356C98B242D6C9BBDB3D
:2010800040F9BCACE36CD832755CDF45CF0DD6DC593DD1ABAC30D9263A00DE518051D7C80D
:2010A0001661D0BFB5F4B42123C4B3569995BACF0FA5BDB89EB802280888055FB2D90CC60B
:2010C00024E90BB1877C6F2F114C6858AB1D61C13D2D66B69041DC760671DB01BC20D2985D
:2010E0002A10D5EF8985B1711FB5B606A5E4BF9F33D4B8E8A2C9077834F9000F8EA80996A9
:2011000018980EE1BB0D6A7F2D3D6D08976C6491015C63E6F4516B6B62616C1CD8306585AA
:201120004E0062F2ED95066C7BA5011BC1F4088257C40FF5C6D9B06550E9B712EAB8BE8BDE
:201140007C88B9FCDF1DDD62492DDA15F37CD38C654CD4FB5861B24DCE51B53A7400BCA34F
:20116000E230BBD441A5DF4AD795D83D6DC4D1A4FBF4D6D36AE96943FCD96E34468867ADA8
:20118000D0B860DA732D0444E51D03335F4C0AAAC97C0DDD3C710550AA41022710100BBEE0
:2011A00086200CC925B56857B3856F2009D466B99FE461CE0EF9DE5E98C9D9292298D0B0C6
:2011C000B4A8D7C7173DB359810DB42E3B5CBDB7AD6CBAC02083B8EDB6B3BF9A0CE2B603F6
:2011E0009AD2B1743947D5EAAF77D29D1526DB048316DC73120B63E3843B64943E6A6D0D4C
:20120000A85A6A7A0BCF0EE49DFF099327AE000AB19E077D44930FF0D2A3088768F2011EDF
:20122000FEC206695D5762F7CB67658071366C19E7066B6E761BD4FEE02BD3895A7ADA10E1
:20124000CC4ADD676FDFB9F9F9EFBE8E43BEB717D58EB060E8A3D6D67E93D1A1C4C2D8386E
:2012600052F2DF4FF167BBD16757BCA6DD06B53F4B36B248DA2B0DD84C1B0AAFF64A033623
:20128000607A0441C3EF60DF55DF67A8EF8E6E3179BE69468CB361CB1A8366BCA0D26F25C9
:2012A00036E2685295770CCC03470BBBB91602222F260555BE3BBAC5280BBDB2925AB42BE1
:2012C000046AB35CA7FFD7C231CFD0B58B9ED92C1DAEDE5BB0C2649B26F263EC9CA36A75A5
:2012E0000A936D02A906099C3F360EEB8567077213570005824ABF95147AB8E2AE2BB17BFF
:20130000381BB60C9B8ED2920DBED5E5B7EFDC7C21DFDB0BD4D2D38642E2D4F1F8B3DD68EA
:201320006E83DA1FCD16BE815B26B9F6E177B06F7747B718E65A0888706A0FFFCA3B066644
:201340005C0B0111FF9E658F69AE62F8D3FF6B6145CF6C1678E20AA0EED20DD75483044E0D
:20136000C2B30339612667A7F71660D04D476949DB776E3E4A6AD1AEDC5AD6D9660BDF40FE
:20138000F03BD83753AEBCA9C59EBBDE7FCFB247E9FFB5301CF2BDBD8AC2BACA3093B3537C
:2013A000A6A3B4240536D0BA9306D7CD2957DE54BF67D9232E7A66B3B84A61C4021B685D6C
:2013C000942B6F2A37BE0BB4A18E0CC31BDF055A8DEF022D9576000097760000517700001F
:2013E0006D78000009780000C1770000DB770000E777000001000000020000000400000098
:2014000008000000100000002000000040000000800000001B00000036000000637C777BB2
:20142000F26B6FC53001672BFED7AB76CA82C97DFA5947F0ADD4A2AF9CA472C0B7FD932695
:20144000363FF7CC34A5E5F171D8311504C723C31896059A071280E2EB27B27509832C1A92
:201460001B6E5AA0523BD6B329E32F8453D100ED20FCB15B6ACBBE394A4C58CFD0EFAAFB8E
:20148000434D338545F9027F503C9FA851A3408F929D38F5BCB6DA2110FFF3D2CD0C13EC3A
:2014A0005F974417C4A77E3D645D197360814FDC222A908846EEB814DE5E0BDBE0323A0A80
:2014C0004906245CC2D3AC629195E479E7C8376D8DD54EA96C56F4EA657AAE08BA78252EB1
:2014E0001CA6B4C6E8DD741F4BBD8B8A703EB5664803F60E613557B986C11D9EE1F89811F9
:2015000069D98E949B1E87E9CE5528DF8CA1890DBFE6426841992D0FB054BB16F4A75051DB
:201520004165537E17A4C31A275E963AAB6BCB3B9D45F11FFA58ABACE303934B30FA55202D
:20154000766DF6ADCC769188024C25F5E5D7FC4F2ACBD7C53544802662A38FB5B15A49DE10
:20156000BA1B6725EA0E9845FEC0E15D2F7502C34CF012814697A38DD3F9C66B8F5FE7031F
:20158000929C95156D7AEBBF5259DA95BE832DD47421D358E0692949C9C8448EC2896A757E
:2015A0008E7978F4583E6B99B971DD27E14FB6BE88AD17F020AC66C9CE3AB47DDF4A186338
:2015C0001A3182E551336097537F45626477E0B16BAE84BB81A01CFE082B94F9486858702E
:2015E00045FD198FDE6C87947BF8B75273D323AB4B02E2721F8F57E355AB2A66EB2807B227
:20160000B5C2032FC57B9A863708A5D32887F230BFA5B223036ABA0216825CEDCF1C2B8A56
:2016200079B492A707F2F0F369E2A14EDAF4CD6505BED50634621FD1A6FE8AC42E539D34C6
:20164000F355A0A28AE13205F6EB75A483EC390B60EFAA40719F065E6E1051BD218AF93E96
:20166000DD063D963E05AEDDE6BD464D548DB591C45D057106D46F045015FF6098FB241911
:20168000BDE997D64043CC89D99E7767E842BDB0898B8807195B38E7C8EEDB797C0A47A1C5
:2016A000420FE97C841EC9F800000000808683092BED48321170AC1E5A724E6C0EFFFBFD17
:2016C0008538560FAED51E3D2D3927360FD9640A5CA621685B54D19B362E3A240A67B10C5B
:2016E00057E70F93EE96D2B49B919E1BC0C54F80DC20A261774B695A121A161C93BA0AE2AC
:20170000A02AE5C022E0433C1B171D12090D0B0E8BC7ADF2B6A8B92D1EA9C814F11985578B
:2017200075074CAF99DDBBEE7F60FDA301269FF772F5BC5C663BC544FB7E345B4329768B39
:2017400023C6DCCBEDFC68B6E4F163B831DCCAD76385104297224013C61120844A247D8523
:20176000BB3DF8D2F93211AE29A16DC79E2F4B1DB230F3DC8652EC0DC1E3D077B3166C2BBD
:2017800070B999A99448FA11E9642247FC8CC4A8F03F1AA07D2CD8563390EF22494EC787D4
:2017A00038D1C1D9CAA2FE8CD40B3698F581CFA67ADE28A5B78E26DAADBFA43F3A9DE42C58
:2017C00078920D505FCC9B6A7E4662548D13C2F6D8B8E89039F75E2EC3AFF5825D80BE9FB9
:2017E000D0937C69D52DA96F2512B3CFAC993BC8187DA7109C636EE83BBB7BDB267809CD25
:201800005918F46E9AB701EC4F9AA883956E65E6FFE67EAABCCF082115E8E6EFE79BD9BAAD
:201820006F36CE4A9F09D4EAB07CD629A4B2AF313F23312AA59430C6A266C0354EBC377486
:2018400082CAA6FC90D0B0E0A7D8153304984AF1ECDAF741CD500E7F91F62F174DD68D7671
:20186000EFB04D43AA4D54CC9604DFE4D1B5E39E6A881B4C2C1FB8C165517F465EEA049D3D
:201880008C355D01877473FA0B412EFB671D5AB3DBD25292105633E9D647136DD7618C9AAD
:2018A000A10C7A37F8148E59133C89EBA927EECE61C935B71CE5EDE147B13C7AD2DF599C4F
:2018C000F2733F5514CE7918C737BF73F7CDEA53FDAA5B5F3D6F14DF44DB8678AFF381CA61
:2018E00068C43EB924342C38A3405FC21DC37216E2250CBC3C498B280D9541FFA801713961
:201900000CB3DE08B4E49CD856C19064CB84617B32B670D56C5C7448B85742D0A75051F4D2
:2019200065537E41A4C31A175E963A276BCB3BAB45F11F9D58ABACFA03934BE3FA55203029
:201940006DF6AD76769188CC4C25F502D7FC4FE5CBD7C52A44802635A38FB5625A49DEB10C
:201960001B6725BA0E9845EAC0E15DFE7502C32FF012814C97A38D46F9C66BD35FE7038F1B
:201980009C9515927AEBBF6D59DA9552832DD4BE21D35874692949E0C8448EC9896A75C27A
:2019A0007978F48E3E6B995871DD27B94FB6BEE1AD17F088AC66C9203AB47DCE4A1863DF34
:2019C0003182E51A336097517F45625377E0B164AE84BB6BA01CFE812B94F908685870482A
:2019E000FD198F456C8794DEF8B7527BD323AB7302E2724B8F57E31FAB2A66552807B2EB23
:201A0000C2032FB57B9A86C508A5D33787F23028A5B223BF6ABA0203825CED161C2B8ACF52
:201A2000B492A779F2F0F307E2A14E69F4CD65DABED50605621FD134FE8AC4A6539D342EC2
:201A400055A0A2F3E132058AEB75A4F6EC390B83EFAA40609F065E711051BD6E8AF93E2192
:201A6000063D96DD05AEDD3EBD464DE68DB591545D0571C4D46F040615FF6050FB2419980D
:201A8000E997D6BD43CC89409E7767D942BDB0E88B8807895B38E719EEDB79C80A47A17CC1
:201AA0000FE97C421EC9F8840000000086830980ED48322B70AC1E11724E6C5AFFFBFD0E13
:201AC00038560F85D51E3DAE3927362DD9640A0FA621685C54D19B5B2E3A243667B10C0A57
:201AE000E70F935796D2B4EE919E1B9BC54F80C020A261DC4B695A771A161C12BA0AE293A8
:201B00002AE5C0A0E0433C22171D121B0D0B0E09C7ADF28BA8B92DB6A9C8141E198557F187
:201B2000074CAF75DDBBEE9960FDA37F269FF701F5BC5C723BC544667E345BFB29768B4335
:201B4000C6DCCB23FC68B6EDF163B8E4DCCAD7318510426322401397112084C6247D854A1F
:201B60003DF8D2BB3211AEF9A16DC7292F4B1D9E30F3DCB252EC0D86E3D077C1166C2BB3B9
:201B8000B999A97048FA1194642247E98CC4A8FC3F1AA0F02CD8567D90EF22334EC78749D0
:201BA000D1C1D938A2FE8CCA0B3698D481CFA6F5DE28A57A8E26DAB7BFA43FAD9DE42C3A54
:201BC000920D5078CC9B6A5F4662547E13C2F68DB8E890D8F75E2E39AFF582C380BE9F5DB5
:201BE000937C69D02DA96FD512B3CF25993BC8AC7DA71018636EE89CBB7BDB3B7809CD2621
:201C000018F46E59B701EC9A9AA8834F6E65E695E67EAAFFCF0821BCE8E6EF159BD9BAE7A9
:201C200036CE4A6F09D4EA9F7CD629B0B2AF31A423312A3F9430C6A566C035A2BC37744E82
:201C4000CAA6FC82D0B0E090D81533A7984AF104DAF741EC500E7FCDF62F1791D68D764D6D
:201C6000B04D43EF4D54CCAA04DFE496B5E39ED1881B4C6A1FB8C12C517F4665EA049D5E39
:201C8000355D018C7473FA87412EFB0B1D5AB367D25292DB5633E91047136DD6618C9AD7A9
:201CA0000C7A37A1148E59F83C89EB1327EECEA9C935B761E5EDE11CB13C7A47DF599CD24B
:201CC000733F55F2CE79181437BF73C7CDEA53F7AA5B5FFD6F14DF3DDB867844F381CAAF5D
:201CE000C43EB968342C3824405FC2A3C372161D250CBCE2498B283C9541FF0D017139A85D
:201D0000B3DE080CE49CD8B4C190645684617BCBB670D5325C74486C5742D0B85051F4A7CE
:201D2000537E4165C31A17A4963A275ECB3BAB6BF11F9D45ABACFA58934BE303552030FA25
:201D4000F6AD766D9188CC7625F5024CFC4FE5D7D7C52ACB802635448FB562A349DEB15A08
:201D60006725BA1B9845EA0EE15DFEC002C32F7512814CF0A38D4697C66BD3F9E7038F5F17
:201D80009515929CEBBF6D7ADA9552592DD4BE83D35874212949E069448EC9C86A75C28976
:201DA00078F48E796B99583EDD27B971B6BEE14F17F088AD66C920ACB47DCE3A1863DF4A30
:201DC00082E51A31609751334562537FE0B1647784BB6BAE1CFE81A094F9082B5870486826
:201DE000198F45FD8794DE6CB7527BF823AB73D3E2724B0257E31F8F2A6655AB07B2EB281F
:201E0000032FB5C29A86C57BA5D33708F2302887B223BFA5BA02036A5CED16822B8ACF1C4E
:201E200092A779B4F0F307F2A14E69E2CD65DAF4D50605BE1FD134628AC4A6FE9D342E53BE
:201E4000A0A2F35532058AE175A4F6EB390B83ECAA4060EF065E719F51BD6E10F93E218A8E
:201E60003D96DD06AEDD3E05464DE6BDB591548D0571C45D6F0406D4FF605015241998FB09
:201E800097D6BDE9CC8940437767D99EBDB0E8428807898B38E7195BDB79C8EE47A17C0ABD
:201EA000E97C420FC9F8841E000000008309808648322BEDAC1E11704E6C5A72FBFD0EFF0F
:201EC000560F85381E3DAED527362D39640A0FD921685CA6D19B5B543A24362EB10C0A6753
:201EE0000F9357E7D2B4EE969E1B9B914F80C0C5A261DC20695A774B161C121A0AE293BAA4
:201F0000E5C0A02A433C22E01D121B170B0E090DADF28BC7B92DB6A8C8141EA98557F11983
:201F20004CAF7507BBEE99DDFDA37F609FF70126BC5C72F5C544663B345BFB7E768B432931
:201F4000DCCB23C668B6EDFC63B8E4F1CAD731DC10426385401397222084C6117D854A241B
:201F6000F8D2BB3D11AEF9326DC729A14B1D9E2FF3DCB230EC0D8652D077C1E36C2BB316B5
:201F800099A970B9FA1194482247E964C4A8FC8C1AA0F03FD8567D2CEF223390C787494ECC
:201FA000C1D938D1FE8CCAA23698D40BCFA6F58128A57ADE26DAB78EA43FADBFE42C3A9D50
:201FC0000D5078929B6A5FCC62547E46C2F68D13E890D8B85E2E39F7F582C3AFBE9F5D80B1
:201FE0007C69D093A96FD52DB3CF25123BC8AC99A710187D6EE89C637BDB3BBB09CD26781D
:20200000F46E591801EC9AB7A8834F9A65E6956E7EAAFFE60821BCCFE6EF15E8D9BAE79BA5
:20202000CE4A6F36D4EA9F09D629B07CAF31A4B2312A3F2330C6A594C035A26637744EBC7E
:20204000A6FC82CAB0E090D01533A7D84AF10498F741ECDA0E7FCD502F1791F68D764DD669
:202060004D43EFB054CCAA4DDFE49604E39ED1B51B4C6A88B8C12C1F7F466551049D5EEA35
:202080005D018C3573FA87742EFB0B415AB3671D5292DBD233E91056136DD6478C9AD761A5
:2020A0007A37A10C8E59F81489EB133CEECEA92735B761C9EDE11CE53C7A47B1599CD2DF47
:2020C0003F55F273791814CEBF73C737EA53F7CD5B5FFDAA14DF3D6F867844DB81CAAFF359
:2020E0003EB968C42C3824345FC2A34072161DC30CBCE2258B283C4941FF0D957139A80159
:20210000DE080CB39CD8B4E4906456C1617BCB8470D532B674486C5C42D0B85751F4A750CA
:202120007E4165531A17A4C33A275E963BAB6BCB1F9D45F1ACFA58AB4BE303932030FA5521
:20214000AD766DF688CC7691F5024C254FE5D7FCC52ACBD726354480B562A38FDEB15A4904
:2021600025BA1B6745EA0E985DFEC0E1C32F7502814CF0128D4697A36BD3F9C6038F5FE713
:2021800015929C95BF6D7AEB955259DAD4BE832D587421D349E069298EC9C84475C2896A72
:2021A000F48E797899583E6B27B971DDBEE14FB6F088AD17C920AC667DCE3AB463DF4A182C
:2021C000E51A31829751336062537F45B16477E0BB6BAE84FE81A01CF9082B947048685822
:2021E0008F45FD1994DE6C87527BF8B7AB73D323724B02E2E31F8F576655AB2AB2EB28071B
:202200002FB5C20386C57B9AD33708A5302887F223BFA5B202036ABAED16825C8ACF1C2B4A
:20222000A779B492F307F2F04E69E2A165DAF4CD0605BED5D134621FC4A6FE8A342E539DBA
:20224000A2F355A0058AE132A4F6EB750B83EC394060EFAA5E719F06BD6E10513E218AF98A
:2022600096DD063DDD3E05AE4DE6BD4691548DB571C45D050406D46F605015FF1998FB2405
:20228000D6BDE997894043CC67D99E77B0E842BD07898B88E7195B3879C8EEDBA17C0A47B9
:2022A0007C420FE9F8841EC90000000009808683322BED481E1170AC6C5A724EFD0EFFFB0B
:2022C0000F8538563DAED51E362D39270A0FD964685CA6219B5B54D124362E3A0C0A67B14F
:2022E0009357E70FB4EE96D21B9B919E80C0C54F61DC20A25A774B691C121A16E293BA0AA0
:20230000C0A02AE53C22E043121B171D0E090D0BF28BC7AD2DB6A8B9141EA9C857F119857F
:20232000AF75074CEE99DDBBA37F60FDF701269F5C72F5BC44663BC55BFB7E348B4329762D
:20234000CB23C6DCB6EDFC68B8E4F163D731DCCA426385101397224084C61120854A247D17
:20236000D2BB3DF8AEF93211C729A16D1D9E2F4BDCB230F30D8652EC77C1E3D02BB3166CB1
:20238000A970B999119448FA47E96422A8FC8CC4A0F03F1A567D2CD8223390EF87494EC7C8
:2023A000D938D1C18CCAA2FE98D40B36A6F581CFA57ADE28DAB78E263FADBFA42C3A9DE44C
:2023C0005078920D6A5FCC9B547E4662F68D13C290D8B8E82E39F75E82C3AFF59F5D80BEAD
:2023E00069D0937C6FD52DA9CF2512B3C8AC993B10187DA7E89C636EDB3BBB7BCD26780919
:202400006E5918F4EC9AB701834F9AA8E6956E65AAFFE67E21BCCF08EF15E8E6BAE79BD9A1
:202420004A6F36CEEA9F09D429B07CD631A4B2AF2A3F2331C6A5943035A266C0744EBC377A
:20244000FC82CAA6E090D0B033A7D815F104984A41ECDAF77FCD500E1791F62F764DD68D65
:2024600043EFB04DCCAA4D54E49604DF9ED1B5E34C6A881BC12C1FB84665517F9D5EEA0431
:20248000018C355DFA877473FB0B412EB3671D5A92DBD252E91056336DD647139AD7618CA1
:2024A00037A10C7A59F8148EEB133C89CEA927EEB761C935E11CE5ED7A47B13C9CD2DF5943
:2024C00055F2733F1814CE7973C737BF53F7CDEA5FFDAA5BDF3D6F147844DB86CAAFF38155
:2024E000B968C43E3824342CC2A3405F161DC372BCE2250C283C498BFF0D954139A8017155
:20250000080CB3DED8B4E49C6456C1907BCB8461D532B670486C5C74D0B857426363A5C6D1
:202520007C7C84F8777799EE7B7B8DF6F2F20DFF6B6BBDD66F6FB1DEC5C5549130305060F4
:20254000010103026767A9CE2B2B7D56FEFE19E7D7D762B5ABABE64D76769AECCACA458FE2
:2025600082829D1FC9C940897D7D87FAFAFA15EF5959EBB24747C98EF0F00BFBADADEC412C
:20258000D4D467B3A2A2FD5FAFAFEA459C9CBF23A4A4F753727296E4C0C05B9BB7B7C27527
:2025A000FDFD1CE19393AE3D26266A4C36365A6C3F3F417EF7F702F5CCCC4F8334345C6827
:2025C000A5A5F451E5E534D1F1F108F9717193E2D8D873AB3131536215153F2A04040C08CF
:2025E000C7C7529523236546C3C35E9D181828309696A13705050F0A9A9AB52F0707090E08
:202600001212362480809B1BE2E23DDFEBEB26CD2727694EB2B2CD7F75759FEA09091B1276
:2026200083839E1D2C2C74581A1A2E341B1B2D366E6EB2DC5A5AEEB4A0A0FB5B5252F6A4F2
:202640003B3B4D76D6D661B7B3B3CE7D29297B52E3E33EDD2F2F715E848497135353F5A6AC
:20266000D1D168B900000000EDED2CC120206040FCFC1FE3B1B1C8795B5BEDB66A6ABED494
:20268000CBCB468DBEBED96739394B724A4ADE944C4CD4985858E8B0CFCF4A85D0D06BBB61
:2026A000EFEF2AC5AAAAE54FFBFB16ED4343C5864D4DD79A33335566858594114545CF8A3D
:2026C000F9F910E9020206047F7F81FE5050F0A03C3C44789F9FBA25A8A8E34B5151F3A24E
:2026E000A3A3FE5D4040C0808F8F8A059292AD3F9D9DBC2138384870F5F504F1BCBCDF63E4
:20270000B6B6C177DADA75AF2121634210103020FFFF1AE5F3F30EFDD2D26DBFCDCD4C81C1
:202720000C0C141813133526ECEC2FC35F5FE1BE9797A2354444CC881717392EC4C45793C5
:20274000A7A7F2557E7E82FC3D3D477A6464ACC85D5DE7BA19192B32737395E66060A0C088
:20276000818198194F4FD19EDCDC7FA3222266442A2A7E549090AB3B8888830B4646CA8C25
:20278000EEEE29C7B8B8D36B14143C28DEDE79A75E5EE2BC0B0B1D16DBDB76ADE0E03BDB05
:2027A000323256643A3A4E740A0A1E144949DB9206060A0C24246C485C5CE4B8C2C25D9F8E
:2027C000D3D36EBDACACEF436262A6C49191A8399595A431E4E437D379798BF2E7E732D558
:2027E000C8C8438B3737596E6D6DB7DA8D8D8C01D5D564B14E4ED29CA9A9E0496C6CB4D88C
:202800005656FAACF4F407F3EAEA25CF6565AFCA7A7A8EF4AEAEE94708081810BABAD56F87
:20282000787888F025256F4A2E2E725C1C1C2438A6A6F157B4B4C773C6C65197E8E823CB07
:20284000DDDD7CA174749CE81F1F213E4B4BDD96BDBDDC618B8B860D8A8A850F707090E037
:202860003E3E427CB5B5C4716666AACC4848D89003030506F6F601F70E0E121C6161A3C2DF
:2028800035355F6A5757F9AEB9B9D06986869117C1C158991D1D273A9E9EB927E1E138D954
:2028A000F8F813EB9898B32B111133226969BBD2D9D970A98E8E89079494A7339B9BB62DB4
:2028C0001E1E223C87879215E9E920C9CECE49875555FFAA28287850DFDF7AA58C8C8F0390
:2028E000A1A1F859898980090D0D171ABFBFDA65E6E631D74242C6846868B8D04141C382E1
:202900009999B0292D2D775A0F0F111EB0B0CB7B5454FCA8BBBBD66D16163A2C63A5C663C6
:202920007C84F87C7799EE777B8DF67BF20DFFF26BBDD66B6FB1DE6FC55491C530506030F0
:202940000103020167A9CE672B7D562BFE19E7FED762B5D7ABE64DAB769AEC76CA458FCADE
:20296000829D1F82C94089C97D87FA7DFA15EFFA59EBB25947C98E47F00BFBF0ADEC41AD28
:20298000D467B3D4A2FD5FA2AFEA45AF9CBF239CA4F753A47296E472C05B9BC0B7C275B723
:2029A000FD1CE1FD93AE3D93266A4C26365A6C363F417E3FF702F5F7CC4F83CC345C683423
:2029C000A5F451A5E534D1E5F108F9F17193E271D873ABD831536231153F2A15040C0804CB
:2029E000C75295C723654623C35E9DC31828301896A13796050F0A059AB52F9A07090E0704
:202A000012362412809B1B80E23DDFE2EB26CDEB27694E27B2CD7FB2759FEA75091B120972
:202A2000839E1D832C74582C1A2E341A1B2D361B6EB2DC6E5AEEB45AA0FB5BA052F6A452EE
:202A40003B4D763BD661B7D6B3CE7DB3297B5229E33EDDE32F715E2F8497138453F5A653A8
:202A6000D168B9D100000000ED2CC1ED20604020FC1FE3FCB1C879B15BEDB65B6ABED46A90
:202A8000CB468DCBBED967BE394B72394ADE944A4CD4984C58E8B058CF4A85CFD06BBBD05D
:202AA000EF2AC5EFAAE54FAAFB16EDFB43C586434DD79A4D335566338594118545CF8A4539
:202AC000F910E9F9020604027F81FE7F50F0A0503C44783C9FBA259FA8E34BA851F3A2514A
:202AE000A3FE5DA340C080408F8A058F92AD3F929DBC219D38487038F504F1F5BCDF63BCE0
:202B0000B6C177B6DA75AFDA2163422110302010FF1AE5FFF30EFDF3D26DBFD2CD4C81CDBD
:202B20000C14180C13352613EC2FC3EC5FE1BE5F97A2359744CC884417392E17C45793C4C1
:202B4000A7F255A77E82FC7E3D477A3D64ACC8645DE7BA5D192B32197395E67360A0C06084
:202B6000819819814FD19E4FDC7FA3DC226644222A7E542A90AB3B9088830B8846CA8C4621
:202B8000EE29C7EEB8D36BB8143C2814DE79A7DE5EE2BC5E0B1D160BDB76ADDBE03BDBE001
:202BA000325664323A4E743A0A1E140A49DB9249060A0C06246C48245CE4B85CC25D9FC28A
:202BC000D36EBDD3ACEF43AC62A6C46291A8399195A43195E437D3E4798BF279E732D5E754
:202BE000C8438BC837596E376DB7DA6D8D8C018DD564B1D54ED29C4EA9E049A96CB4D86C88
:202C000056FAAC56F407F3F4EA25CFEA65AFCA657A8EF47AAEE947AE08181008BAD56FBA83
:202C20007888F078256F4A252E725C2E1C24381CA6F157A6B4C773B4C65197C6E823CBE803
:202C4000DD7CA1DD749CE8741F213E1F4BDD964BBDDC61BD8B860D8B8A850F8A7090E07033
:202C60003E427C3EB5C471B566AACC6648D8904803050603F601F7F60E121C0E61A3C261DB
:202C8000355F6A3557F9AE57B9D069B986911786C15899C11D273A1D9EB9279EE138D9E150
:202CA000F813EBF898B32B981133221169BBD269D970A9D98E89078E94A733949BB62D9BB0
:202CC0001E223C1E87921587E920C9E9CE4987CE55FFAA5528785028DF7AA5DF8C8F038C8C
:202CE000A1F859A1898009890D171A0DBFDA65BFE631D7E642C6844268B8D06841C38241DD
:202D000099B029992D775A2D0F111E0FB0CB7BB054FCA854BBD66DBB163A2C16A5C66363C2
:202D200084F87C7C99EE77778DF67B7B0DFFF2F2BDD66B6BB1DE6F6F5491C5C550603030EC
:202D400003020101A9CE67677D562B2B19E7FEFE62B5D7D7E64DABAB9AEC7676458FCACADA
:202D60009D1F82824089C9C987FA7D7D15EFFAFAEBB25959C98E47470BFBF0F0EC41ADAD24
:202D800067B3D4D4FD5FA2A2EA45AFAFBF239C9CF753A4A496E472725B9BC0C0C275B7B71F
:202DA0001CE1FDFDAE3D93936A4C26265A6C3636417E3F3F02F5F7F74F83CCCC5C6834341F
:202DC000F451A5A534D1E5E508F9F1F193E2717173ABD8D8536231313F2A15150C080404C7
:202DE0005295C7C7654623235E9DC3C328301818A13796960F0A0505B52F9A9A090E070700
:202E0000362412129B1B80803DDFE2E226CDEBEB694E2727CD7FB2B29FEA75751B1209096E
:202E20009E1D838374582C2C2E341A1A2D361B1BB2DC6E6EEEB45A5AFB5BA0A0F6A45252EA
:202E40004D763B3B61B7D6D6CE7DB3B37B5229293EDDE3E3715E2F2F97138484F5A65353A4
:202E600068B9D1D1000000002CC1EDED604020201FE3FCFCC879B1B1EDB65B5BBED46A6A8C
:202E8000468DCBCBD967BEBE4B723939DE944A4AD4984C4CE8B058584A85CFCF6BBBD0D059
:202EA0002AC5EFEFE54FAAAA16EDFBFBC5864343D79A4D4D5566333394118585CF8A454535
:202EC00010E9F9F90604020281FE7F7FF0A0505044783C3CBA259F9FE34BA8A8F3A2515146
:202EE000FE5DA3A3C08040408A058F8FAD3F9292BC219D9D4870383804F1F5F5DF63BCBCDC
:202F0000C177B6B675AFDADA63422121302010101AE5FFFF0EFDF3F36DBFD2D24C81CDCDB9
:202F200014180C0C352613132FC3ECECE1BE5F5FA2359797CC884444392E17175793C4C4BD
:202F4000F255A7A782FC7E7E477A3D3DACC86464E7BA5D5D2B32191995E67373A0C0606080
:202F600098198181D19E4F4F7FA3DCDC664422227E542A2AAB3B9090830B8888CA8C46461D
:202F800029C7EEEED36BB8B83C28141479A7DEDEE2BC5E5E1D160B0B76ADDBDB3BDBE0E0FD
:202FA000566432324E743A3A1E140A0ADB9249490A0C06066C482424E4B85C5C5D9FC2C286
:202FC0006EBDD3D3EF43ACACA6C46262A8399191A431959537D3E4E48BF2797932D5E7E750
:202FE000438BC8C8596E3737B7DA6D6D8C018D8D64B1D5D5D29C4E4EE049A9A9B4D86C6C84
:20300000FAAC565607F3F4F425CFEAEAAFCA65658EF47A7AE947AEAE18100808D56FBABA7F
:2030200088F078786F4A2525725C2E2E24381C1CF157A6A6C773B4B45197C6C623CBE8E8FF
:203040007CA1DDDD9CE87474213E1F1FDD964B4BDC61BDBD860D8B8B850F8A8A90E070702F
:20306000427C3E3EC471B5B5AACC6666D89048480506030301F7F6F6121C0E0EA3C26161D7
:203080005F6A3535F9AE5757D069B9B9911786865899C1C1273A1D1DB9279E9E38D9E1E14C
:2030A00013EBF8F8B32B989833221111BBD2696970A9D9D989078E8EA7339494B62D9B9BAC
:2030C000223C1E1E9215878720C9E9E94987CECEFFAA5555785028287AA5DFDF8F038C8C88
:2030E000F859A1A180098989171A0D0DDA65BFBF31D7E6E6C6844242B8D06868C3824141D9
:20310000B0299999775A2D2D111E0F0FCB7BB0B0FCA85454D66DBBBB3A2C1616C66363A5BE
:20312000F87C7C84EE777799F67B7B8DFFF2F20DD66B6BBDDE6F6FB191C5C55460303050E8
:2031400002010103CE6767A9562B2B7DE7FEFE19B5D7D7624DABABE6EC76769A8FCACA45D6
:203160001F82829D89C9C940FA7D7D87EFFAFA15B25959EB8E4747C9FBF0F00B41ADADEC20
:20318000B3D4D4675FA2A2FD45AFAFEA239C9CBF53A4A4F7E47272969BC0C05B75B7B7C21B
:2031A000E1FDFD1C3D9393AE4C26266A6C36365A7E3F3F41F5F7F70283CCCC4F6834345C1B
:2031C00051A5A5F4D1E5E534F9F1F108E2717193ABD8D873623131532A15153F0804040CC3
:2031E00095C7C752462323659DC3C35E30181828379696A10A05050F2F9A9AB50E070709FC
:20320000241212361B80809BDFE2E23DCDEBEB264E2727697FB2B2CDEA75759F1209091B6A
:203220001D83839E582C2C74341A1A2E361B1B2DDC6E6EB2B45A5AEE5BA0A0FBA45252F6E6
:20324000763B3B4DB7D6D6617DB3B3CE5229297BDDE3E33E5E2F2F7113848497A65353F5A0
:20326000B9D1D16800000000C1EDED2C40202060E3FCFC1F79B1B1C8B65B5BEDD46A6ABE88
:203280008DCBCB4667BEBED97239394B944A4ADE984C4CD4B05858E885CFCF4ABBD0D06B55
:2032A000C5EFEF2A4FAAAAE5EDFBFB16864343C59A4D4DD766333355118585948A4545CF31
:2032C000E9F9F91004020206FE7F7F81A05050F0783C3C44259F9FBA4BA8A8E3A25151F342
:2032E0005DA3A3FE804040C0058F8F8A3F9292AD219D9DBC70383848F1F5F50463BCBCDFD8
:2033000077B6B6C1AFDADA754221216320101030E5FFFF1AFDF3F30EBFD2D26D81CDCD4CB5
:20332000180C0C1426131335C3ECEC2FBE5F5FE1359797A2884444CC2E17173993C4C457B9
:2033400055A7A7F2FC7E7E827A3D3D47C86464ACBA5D5DE73219192BE6737395C06060A07C
:20336000198181989E4F4FD1A3DCDC7F44222266542A2A7E3B9090AB0B8888838C4646CA19
:20338000C7EEEE296BB8B8D32814143CA7DEDE79BC5E5EE2160B0B1DADDBDB76DBE0E03BF9
:2033A00064323256743A3A4E140A0A1E924949DB0C06060A4824246CB85C5CE49FC2C25D82
:2033C000BDD3D36E43ACACEFC46262A6399191A8319595A4D3E4E437F279798BD5E7E7324C
:2033E0008BC8C8436E373759DA6D6DB7018D8D8CB1D5D5649C4E4ED249A9A9E0D86C6CB480
:20340000AC5656FAF3F4F407CFEAEA25CA6565AFF47A7A8E47AEAEE9100808186FBABAD57B
:20342000F07878884A25256F5C2E2E72381C1C2457A6A6F173B4B4C797C6C651CBE8E823FB
:20344000A1DDDD7CE874749C3E1F1F21964B4BDD61BDBDDC0D8B8B860F8A8A85E07070902B
:203460007C3E3E4271B5B5C4CC6666AA904848D806030305F7F6F6011C0E0E12C26161A3D3
:203480006A35355FAE5757F969B9B9D01786869199C1C1583A1D1D27279E9EB9D9E1E13848
:2034A000EBF8F8132B9898B322111133D26969BBA9D9D970078E8E89339494A72D9B9BB6A8
:2034C0003C1E1E2215878792C9E9E92087CECE49AA5555FF50282878A5DFDF7A038C8C8F84
:2034E00059A1A1F8098989801A0D0D1765BFBFDAD7E6E631844242C6D06868B8824141C3D5
:20350000299999B05A2D2D771E0F0F117BB0B0CBA85454FC6DBBBBD62C16163A52096AD551
:203520003036A538BF40A39E81F3D7FB7CE339829B2FFF87348E4344C4DEE9CB547B943224
:20354000A6C2233DEE4C950B42FAC34E082EA16628D924B2765BA2496D8BD12572F8F664FA
:2035600086689816D4A45CCC5D65B6926C704850FDEDB9DA5E154657A78D9D8490D8AB009C
:203580008CBCD30AF7E45805B8B34506D02C1E8FCA3F0F02C1AFBD0301138A6B3A911141FF
:2035A0004F67DCEA97F2CFCEF0B4E67396AC7422E7AD3585E2F937E81C75DF6E47F11A71AB
:2035C0001D29C5896FB7620EAA18BE1BFC563E4BC6D279209ADBC0FE78CD5AF41FDDA8337D
:2035E0008807C731B11210592780EC5F60517FA919B54A0D2DE57A9F93C99CEFA0E03B4D0E
:20360000AE2AF5B0C8EBBB3C83539961172B047EBA77D626E169146355210C7D00B545F216
:203620002430C0F201000AF085FC00200AF099FC0AF06CFC0028FBD10AF05AFC00F01CF8AF
:20364000002010F0CEFC40F20B4000210DF0E5F801214FF482600DF0E0F849F6404100200C
:203660000FF099FC00200FF037FC00F0B4FA00F026FB02F0B3F8FAE700B545F63410C0F251
:20368000010010F078FC45F64010C0F2010011F027F9002011F0D2FC00200DF029F945F6ED
:2036A000B800C0F201000FF0BDFB45F28870C0F201000EF0C9FC00BD14490C684FF0010372
:2036C0001C401349134A521A521E06DD4FF05A304FF05A3309C1083AFCDA0F490F4A521A82
:2036E000521E06DD4FF05A304FF05A3309C1083AFCDA0B490B4A521A521E06DD4FF05A30CF
:203700004FF05A3309C1083AFCDA704700F007400080FF1F0084FF1F0074002000780020A1
:203720000084FF1F007400204FF20002C4F207021168C9074CBF0120002070472DE9F044BB
:20374000FFF7F2FF022500232CE040F20042C0F2000202EB0311CA68022A01D1012820D1B9
:20376000FAB191E850042746AAEB060202F00304111B8A08002104E056F80CA0013147F8A0
:203780000CA04FEA810C9142F6D3664407EB0C02002104E016F801C002F801C00131A142CD
:2037A000F8D30133AB42D0D30125002348F20040C1F6FF701DE04BF69871C1F6FF710A1AFF
:2037C00002F00304111B8A08002104E04FF0000C40F806C001318E009142F7D382190021CB
:2037E00004E04FF0000C02F801C00131A142F8D30133AB42DFD3BDE8F084704772B6002113
:20380000002200230024002500260027B846B946BA46BB46BC46FFF74FFF07488546074820
:20382000804707488047074880470748804762B6FFF7F4FEFEE700BF007800203D370000CF
:203840004D380000433A0000FB37000010B511F0C4FB40F20001C0F2000140F23C30C0F279
:203860000000401A8408002004E051F820C043F820C0013048F20003C1F6FF73A042F4D3DA
:203880004EF60850CEF20000036010BDFEE7FFF7FDBFFFF7FBBFFFF7F9BFFFF7F7BFFFF705
:2038A000F5BFFFF7F3BFFFF7F1BFFFF7EFBFFFF7EDBFFFF7EBBFFFF7E9BFFFF7E7BFFFF7F0
:2038C000E5BFFFF7E3BFFFF7E1BFFFF7DFBFFFF7DDBFFFF7DBBFFFF7D9BFFFF7D7BFFFF750
:2038E000D5BFFFF7D3BFFFF7D1BFFFF7CFBFFFF7CDBFFFF7CBBFFFF7C9BFFFF7C7BFFFF7B0
:20390000C5BFFFF7C3BFFFF7C1BFFFF7BFBFFFF7BDBFFFF7BBBFFFF7B9BFFFF7B7BFFFF70F
:20392000B5BFFFF7B3BFFFF7B1BFFFF7AFBFFFF7ADBFFFF7ABBFFFF7A9BFFFF7A7BFFFF76F
:20394000A5BFFFF7A3BFFFF7A1BFFFF79FBFFFF79DBFFFF79BBFFFF799BFFFF797BFFFF7CF
:2039600095BFFFF793BFFFF791BFFFF78FBFFFF78DBFFFF78BBFFFF789BFFFF787BFFFF72F
:2039800085BFFFF783BFFFF781BFFFF77FBFFFF77DBFFFF77BBFFFF779BFFFF777BFFFF78F
:2039A00075BFFFF773BFFFF771BFFFF76FBFFFF76DBFFFF76BBFFFF769BFFFF767BFFFF7EF
:2039C00065BFFFF763BFFFF761BFFFF75FBFFFF75DBFFFF75BBFFFF759BFFFF757BFFFF74F
:2039E00055BFFFF753BFFFF751BFFFF74FBFFFF74DBFFFF74BBFFFF749BFFFF747BFFFF7AF
:203A000045BFFFF743BFFFF741BFFFF73FBFFFF73DBFFFF73BBFFFF739BFFFF737BFFFF70E
:203A200035BFFFF733BFFFF731BFFFF72FBFFFF72DBFFFF72BBFFFF729BFFFF727BFFFF76E
:203A400025BF4EF68851CEF20001086840F47000086040F20001C4F20101086840F08020FD
:203A600008604BF2316001F5B42108604CF27820086051F8040F20F00100086046F6C010BE
:203A8000C0F2010011F067BB7047FFF7FDBF7047704700207047002070470020704770473D
:203AA00070470020704700207047002070470020704700207047002070470020704700204E
:203AC0007047002070470020704700207047E0B50D461646002109E048F20443C1F6FF73B2
:203AE0004FF0000C01F1807103F802C04CF29832C1F6FF7213680A0E9A42EDD34CF29C376B
:203B0000C1F6FF7739460DF0B1FA32462846396A00F066FA0020E0BD704748F2244CC1F6A3
:203B2000FF7CACF80400BCF806008CF800208CF801108CF802300130ACF806000020704707
:203B400048F2244CC1F6FF7CACF80400BCF806008CF800208CF801108CF802300130ACF863
:203B600006000020704748F2244CC1F6FF7CACF80400BCF806008CF800208CF801108CF86D
:203B800002300130ACF806000020704770470020704770470020704770477047704710B43C
:203BA00048F22C44C1F6FF7422687F2A02D3012222710022530048F2344CC1F6FF7C23F8F7
:203BC0000C0048F23450C1F6FF708154501C2060002010BC704700B507F031FD01F026FCA4
:203BE00000F00CFB00F098F807F02AFD00BD30B501F0B1FE4BF24432C1F6FF72116842F266
:203C00003413C7F6430399421DD10024214609E0062B05D16B1A10F813300BB9062413E065
:203C20000131C9B2937999420ED28D006B1A02EBC3031B7B032BEBD16B1A10F81330002BD0
:203C4000EED1032400E00124204630BD00B501F082FE90F83C00012802D1FFF7C8FF00BDC6
:203C6000012000BD0AF0ADB900B501F09DFE012809D100F021FC00F0E4FA02F019FE00F0EE
:203C8000D8FA0028FBD107F03DFD48F2B851C1F6FF710868012802D100F01DFC03E004283F
:203CA00008BF00F037FC02F0D4FD012818BF00BD02F0FEFD00F0C5FA00F0F6F800BDFFF76D
:203CC000D3BF07F064BD704730B50AF029F941F20005C4F20605062804D00024204685E890
:203CE000110015E040F2E060C0F200002946082200F08DF908B101240AE040F2E860C0F297
:203D000000002946082200F082F9040018BF0224204630BD0120704730B548F2B454C1F695
:203D2000FF7400F039F8FFF7CFFF051E1BD0022000F085FA41F20000C4F206000822002152
:203D400000F05BF900202060012D05D148F2B850C1F6FF7005601BE0042048F2B851C1F695
:203D6000FF71086014E0FFF7D5FF01280CD1FFF76DFF054607F09AFC284302D1052020608A
:203D800030BD0020206003E02068002818BF30BDBDE8304007F002BCF0B501F0DCFD0546BB
:203DA00001F0DEFD044601F0E0FD064601F0E2FD074640F6C411C0F200014BF24430C1F690
:203DC000FF704FF4807200F00BF94FF20041C0F207012846502200F003F905F14C02284691
:203DE000502100F08CF810B9284600F0ADF84FF60041C0F2070120460C2200F0F1F804F170
:203E0000080220460C2100F07AF810B9204600F0C2F830464FF4A2724FF4FF2100F0E0F8D2
:203E200006F5A07230464FF4A27100F068F810B9304600F0BAF8384618224FF4FD2100F06F
:203E4000CFF8284600F00DF8204600F016F8BDE8F04000F000B849F67400C1F6FF7007F087
:203E600079BD10B501780446002002F057FA0120A179BDE8104002F051BA006842F21071D7
:203E8000022838BF0021002000F0B8BA00B501F071FD007B49F69C01C1F6FF71022814BFCF
:203EA0005520AA20087000BD10B548F2B454C1F6FF7400F058FA2068002808BF10BD01389E
:203EC000206018BF10BD40F6C411C0F200018868BDE8104000F000B810B5044607F0D5FB9D
:203EE0002046BDE8104000F000B807F009BC002048F2B451C1F6FF71086007F04FBB30B52F
:203F000084B01546002400948DF804400290081F80B20390684607F098F801208DF8040034
:203F2000684607F092F802208DF80400684607F08CF82968009A8A4218BF204602D1481C13
:203F400018BF012004B030BD30B5C16C0546B1F1FF3F0CBF01240024002C0CBFFF2100213F
:203F6000502200F04AF800210BE0C1EB810205F8124003EBC200037B15EB42000131C9B2F6
:203F8000C3704BF24433C1F6FF7398798142ECD385F83C4030BD00B50C22002100F02DF87F
:203FA0000021084600F02AFA00BD10B504464FF4A272002100F021F840F68051C0F2000177
:203FC00004F59470102200F00BF84CF2BC41C1F6FF7120464FF49272BDE8104000F000B813
:203FE00008E0002814BF0029704711F8013B013A00F8013B002AF4D1704705E0002808BFD0
:20400000704700F8011B013A002AF7D170470346012012B120B40EE020BC00207047002B24
:2040200018BF0029F8D093F800C00D78AC45F3D101330131013A002AF1D120BC704701888A
:20404000C3788078C3EA0162090A02EB014101EB00207047020E0A70C870020C4A70020A82
:204060008A707047020E0A70C870020C4A70020A8A7070470022134601E008320133A1F1EC
:20408000010C634504D210F803C0BCF1000FF4D0802101E00132490810F803C011EA0C0F63
:2040A00001D10029F6D11046704730B400231C4606E00D5D10F804C085EA0C052B43013489
:2040C0009442F6D3184630BC704710B403460020044605E011F804C0185D0134A0EB0C00D6
:2040E000944201D20028F5D010BC7047F0B403460020044613E00D5D1E5D00280CBF01275D
:204100000027AE428CBF4FF0010C4FF0000CB5428CBFACF101056546013417FB05009442F4
:20412000E9D3F0BC704799B10346002007E013F800C0BCF1000F01D0012070470130A1F1D3
:20414000010C6045F3D3C81810F8010C801A70471046704710B4C1B103460024204604E0A7
:2041600013F800C0013044EA0C04A1F1010C6045F6D360420443E4B2E409C81810F8010C97
:20418000101A61420843404200E0104610BC7047002301E0D05401338B42FBD370470023FB
:2041A00004E010F803C002F803C001338B42F8D3704710B4002306E0CC5C10F803C084EAE2
:2041C0000C04CC5401339342F6D310BC704710B4002305E0D41A044414F8014CCC540133AB
:2041E0009342F7D310BC70470022134603E001338B42FCD301328242FAD3704710B548F2F5
:20420000BC54C1F6FF74022000F0A7F8002000F0C7F800F0B4FA04F5E670A06004F13C00C6
:20422000E06100F075F800F090F8BDE8104000F0C9BA48F2BC51C1F6FF714869704700F03A
:204240008CB800B500F0B0FA00F0E3F900BD10B448F2BC54C1F6FF74D4F800C00346002015
:20426000BCF1000F11D1CC2B18BFFF2B0DD1B1F5006F08D84FF0010C44F808CB04F8043C3E
:204280002181146002E0032000E0012010BC704710B548F2BC54C1F6FF742268012A18BFBA
:2042A00010BD31B92179884203D1BDE8104000F063B900F04AF8BDE8104000F029B810B551
:2042C00048F2BC54C1F6FF74636902460020022B04BF237E9A4205D104F11C020A60012154
:2042E000616110BD00F031F800F012F8012010BD00290BD148F2BC51C1F6FF710A7E904261
:2043000001BF91F82D0000284861704700F000B810B548F2BC54C1F6FF740020A0626061DB
:2043200084F82C00012084F82D0000F0D4F900F0B6F994F8CC09012803D1BDE8104000F06C
:204340008EB9BDE8104000F0A9B8002048F2BC51C1F6FF71086000F002B948F68871C1F641
:20436000FF710870704748F68871C1F6FF71087870472DE91001002213460BE010F803C0B1
:2043800048F68878C1F6FF7898F80040644508BF01225B1C8B42F1D31046BDE81001704783
:2043A00048F68871C1F6FF710871704748F68871C1F6FF710879704748F69072C1F6FF7271
:2043C00052F82010002914BF0020012070472DE91001002213460BE010F803C048F68878D9
:2043E000C1F6FF7898F80440644508BF01225B1C8B42F1D31046BDE81001704748F690721D
:20440000C1F6FF7242F82010704748F68871C1F6FF714880704700B5012048F2BC51C1F6A2
:20442000FF7181F82D0000F086F9FFF78EFF00BD10B548F2BC54C1F6FF74E16978281CBFB9
:20444000012284F82D207F220A70A268127888704A700320A08400F06EF994F82D0001288F
:2044600018BF10BDBDE81040FFF76FBF10B5041E12D1CC2908D0FF290AD1112A1FBF122A90
:20448000312A7E2A7F2A03D01046FFF7D1FF03E0FFF75BFFFFF73CFF204610BD10B448F2EC
:2044A000BC54C1F6FF7494F8CC0901281CBF41F28830E08510BC7047012000F006B848F281
:2044C000BC51C1F6FF718863704748F2BC51C1F6FF710886704700B548F2B853C1F6FF7330
:2044E000186A50210170186A02214170196A00208870196A3222CA70196A01220A71196AB2
:20450000F4224A71186006211985FFF784FFFFF7C5FF00BD002048F2B851C1F6FF710860AB
:20452000FFF7BCBF48F2BC50C1F6FF70704748F2BC51C1F6FF710868704748F2D051C1F640
:20454000FF710A68100006BF01220A6001207047002048F2BC51C1F6FF7148617047002031
:2045600048F28871C1F6FF714FF0FF320A54401CB0F5006FF4D3704710B548F2BC54C1F65F
:20458000FF74022020603220FFF79FFF00F08FF800F065F8012084F82C00002084F82D00CA
:2045A00010BD30B540F2A470C0F20000002148F2BC54C1F6FF74A2680378127893420DD1FA
:2045C0002179CC2903D14178C90705D40AE0FF2908D14178890705D5A06205E01830491C74
:2045E0000A29E4D3A06A68B105695DB181784068FFF7BFFE08B97F2205E004F11401204627
:20460000A84730BD112200202179BDE83040FFF72DBF10B581B048F2BC54C1F6FF746069A7
:20462000D8B994F82C00012805D1002084F82C00FFF7B7FF11E094F82D0070B90DF10300EA
:2046400001F0B7F8012808D1A06A43692BB104F1140221469DF80300984701B010BD00209F
:2046600048F2BC51C1F6FF71C885704748F2EA51C1F6FF710888401E38BF70470880000404
:2046800018BF704710B5FFF7E1FA044607F00EF8204308BFFFF7E6FABDE8104070476FF0A4
:2046A000FE0048F2BC51C1F6FF714863704748F2BC51C1F6FF710020486341F2883088631D
:2046C000704748F2F050C1F6FF7001680029A4BF491C01607047002048F2BC51C1F6FF7183
:2046E0000886704710B548F2BC54C1F6FF74208E0021401E38BF10BD2086000402BF606917
:2047000000280121606B00280EDBA26B90420BD2012918BF10BD7820FFF78AFE41F28830E8
:20472000BDE81040FFF7D1BE1020FFF781FEBDE81040FFF7B4BF48F2BC52C1F6FF7202206A
:2047400002F11C015061AA20107602F056BB00B501F006F948F69072C1F6FF721168002996
:2047600008BF00BD491E116018BF00BD0168022938BF00BD0021016001F086F800BD002033
:2047800048F68871C1F6FF714880704748F68A71C1F6FF710888401E38BF704708800004B4
:2047A00018BF7047FFF75EBA00B572B6FFF7CFFFFFF75CFFFFF796FFFFF783FFFFF7E6FF8D
:2047C00062B600BD48F6A870C1F6FF70012148F69472C1F6FF7241710021017140F8101B52
:2047E00000F80A1C40F8041C11700A4680E8060040F8081C017270472DE9F04C06468068F8
:2048000040780C464FF0010B4FF0000A55465746010648BFD34600F07F02504640F22873C7
:20482000C0F200030101C95C8A4205D103EB001715464FF0010A02E001300228EED3022030
:20484000318A00F0BFFC012818BFBDE8F08C504612223179FFF70AFE012818BFBDE8F08C3E
:2048600079787868FFF785FD7E223179FFF7FEFD012818BFBDE8F08C0220318A00F098FC32
:20488000012818BFBDE8F08C397AF86800F0A4FC012818BFBDE8F08C002048F69471C1F619
:2048A000FF710870FFF77CFDFFF75DFD07462846FFF753FD01F063F8BBF1010F2CD1A06843
:2048C00050210170B168A0684978022D417010D1A06800268670A0683221C17000F0CFFDE7
:2048E00048F6A870C1F6FF7086600671C660867107E0012D05D1A06800218170A068322162
:20490000C170A06880F804B0A068F421417106202082FFF780FD03E0FFF717FDFFF7F8FC51
:20492000022F08BF012D04D13220BDE8F04CFFF76CBD022D18BFBDE8F08CBDE8F04CFFF72C
:20494000D6BA2DE9F04C0646806840780F4600254FF0010B2C46010648BFAB4600F07F0ADA
:2049600040F24870C0F2000001788A450DD10446012541784068FFF7FCFC7E223179FFF776
:2049800075FD012818BFBDE8F08C0220318A00F019FC012818BFBDE8F08C28461222317935
:2049A000FFF764FD012818BFBDE8F08C00F02DFC012818BFBDE8F08C0220318A00F0F8FB85
:2049C000012818BFBDE8F08C217AE06800F004FC012818BFBDE8F08CBBF1010F0AD1B8680B
:2049E00051210170B86880F801A002203882FFF712FD03E0FFF7A9FCFFF78AFC2320BDE8D8
:204A0000F04CFFF702BD2DE9F04C90B00E46018A824600242746032000F0D4FB012804BF0D
:204A2000BAF8101011F0010F05D1132220469AF80410FFF71BFDBAF8101001394A0893B2CB
:204A40000F2A06D311F0010F03D11320FFF7F0FC77E0012875D1204622461EE0DAF808C01E
:204A60000CEB420191F802C0497825460CEB012140F6940BC0F2000BC5EB850C4FEA8C0CC8
:204A80003BF80CE071451CD101A9B80BDC4407F5803741F800C0012001329A42DED33F0CEF
:204AA00001284ED12546BD4217D201A951F825008178406800F090FB0135ADB20128F2D0A7
:204AC0003FE001350F2DD3D30128E5D0312220469AF80410FFF7CAFCE1E700F096FB012834
:204AE00008BF254624D02CE001A951F82500816899B1B16802882144120A4A70B1680288B8
:204B000021448A708268B068204403300DF102019047BDF802100C4498B90234A4B2B4F528
:204B2000C87F03D31420FFF783FC0AE00135ADB2BD42D9D3B06862210170601C3082FFF755
:204B40006AFC10B0BDE8F08C70B505468068417880780026344600EB0122314640F25873E3
:204B6000C0F200030801C05A824203D103EB0114012602E001310229F0D30420298A00F0D2
:204B800021FB012818BF70BD304631222979FFF76DFC012818BF70BD298A6088033080B2D5
:204BA00000F006FB012818BF70BD2179A06800F013FB012818BF70BD00F027FB012818BFF8
:204BC00070BDE26852B16188A868033090470B2808BF222003D0002808BF70BD7220BDE8F6
:204BE0007040FFF725BC2DE9F0440546806846788A4640F28870C0F20000017800273C4625
:204C00008E4219BF81788E42044601270220298A00F0D8FA012818BFBDE8F084384612224F
:204C20002979FFF723FC012818BFBDE8F084207900F0EDFA07462078864218D10220298AC9
:204C400000F0B6FA012818BFBDE8F0843846FFF7B3FB002804D13720BDE8F044FFF7E8BBB3
:204C6000524629462046BDE8F04400F0DBBAA078864218BFBDE8F084E078298A023000F06C
:204C800097FA012818BFBDE8F084524629462046BDE8F04400F0FEBAF0B50E468168044650
:204CA0008878C97800273D4601EB0022384640F64813C0F2000300EBC001890033F801C016
:204CC000624502D1CD18012702E001300328EED30420218A00F076FA012829D1384631222B
:204CE0002179FFF7C3FB012822D12979A868FFF740FB31222179FFF7B9FB012818D1297B1A
:204D0000286900F069FA012812D1A068297D4278A86900F06BFA18B912222179FFF7A6FB9F
:204D2000012805D1218A6888043080B200F040FAA1688A78FF2A03D1C978002904D106E01C
:204D4000022A04BFC97806291CBF0128F0BDB06871210170A168B06849784170A168B06874
:204D600089788170A168B068C978C170EA6931462046BDE8F04010472DE9F04F82B08946FC
:204D8000018A0446052000F01DFA48F6A87BC1F6FF7B002501288BF824506AD1A068B0F850
:204DA00001804FEA182640F2787AC0F2000A1AF835005FFA88F1814204D10AEBC5004078F8
:204DC000864209D00135022DEDD3312200202179FFF74CFB01284CD10B20218A00F0E8F9D6
:204DE000012846D1A0680330FFF729F9FEF76BFF0746A0680730FFF722F90146384600F06F
:204E0000EFFB052808BF312017D007460AEBC5008178406800F0E0F901282AD1022F06D0E0
:204E2000DBF8080018B99BF80600012801D1222003E0082F06D14FF0700002B0BDE8F04FBA
:204E4000FFF7F6BA5FFA88F040B9442E11D14946204602B0BDE8F04F00F07EBA102808BFDC
:204E6000442E06D14946204602B0BDE8F04F00F0A1BA02B0BDE8F08F2DE9F04C8B46018A8F
:204E8000824648F6A874C1F6FF740320257900F099F9012818BFBDE8F08CDAF808004778C9
:204EA000BAF81000861E00F072FDA179012901D1012F34D1BD4217D1002818BF032813D0EE
:204EC000E068B04210D1DBF8080076210170DAF80810DBF80800497841700220ABF81000C8
:204EE000BDE8F04CFFF797BA3146206800F033FC022808BF242003D0052805D14FF07100B1
:204F0000BDE8F04CFFF794BA17B9A079012806D0FF2D0EBF00250135EDB2BD4204D073202B
:204F2000BDE8F04CFFF784BABAF81000861E00F028F9A06801280BD1DAF808003146023055
:204F400000F0A0FB94F8240010B9206830442060E6600020A0712571BDE8F08C10B5044694
:204F600000F015FD02281AD10120218A00F020F9012818BF10BD00F005FC01000FD148F668
:204F8000A872C1F6FF729060107106F08AFE00F0F8F84FF4FA60BDE81040FFF790BA2420EA
:204FA000BDE81040FFF744BAF0B5054680680E46417800240127090648BF274640F223728D
:204FC000C0F200024078117810F07F00884208BF01240220298A00F0F5F8012818BFF0BD48
:204FE000204612222979FFF741FA012818BFF0BD0220298A00F0DCF8012818BFF0BD012F21
:205000000CD1B0687E210170A968B0684978417002203082BDE8F040FFF7FDB9FFF795F917
:20502000BDE8F040FFF774B970B990686E2303708B6890685B784370896890688978817007
:2050400003201082FFF7E7B97220FFF7F1B9F0B5074688680E468178C078154600EB012401
:20506000002040F64812C0F2000200EBC0018900535A9C4213D18818036A1BB12A46314668
:2050800038469847102140F21222E7B9A01A0DD04FF6EE42904224D1A868017121E00130F5
:2050A0000328DED3A868012101711AE0012048F6A872C1F6FF721076A8680171A868477105
:2050C00001F0A5F90DE0A01A07D04FF6EE41884207D1A8681121017103E0A8680171A86884
:2050E0004771A86871210170B168A86849784170B168A86889788170B168A868C97840F293
:205100001222A41AC17005D04FF6EE40844203D1052000E006202882BDE8F040FFF77BB9B6
:2051200050B9906876230370896890684978417002201082FFF76FB97220FFF779B910B5B6
:2051400081B000218DF802108DF80310A0B914460DF1020000F060F9A06877210170A068B9
:205160009DF802104170A0689DF80310817003202082FFF750F902E07220FFF759F901B0C5
:2051800010BD00B57820FFF753F941F28830FFF79CF907E001F05DFB012808BF06F0FFFA2E
:2051A00006F0F2FAFFF7BEF941690029F2D100BD10B50124814203D000241320FFF738F90F
:2051C000204610BD10B50124814203D200241320FFF72EF9204610BD10B5FFF7F8F8041EA6
:2051E00002D13320FFF724F9204610BD10B400231C4605E010F804C0624508BF0123013482
:205200008C42F7D3184610BC70470120704740F28873C0F200031A7990424FF0FF0008BFF1
:20522000002070472DE9F04C06468B46924648F69477C1F6FF77FFF7B9F8347905462046D5
:20524000FFF7E5FFF81CAC4204D100217278FEF7D4FE06E0012139703178726979707178C4
:205260009047DAF8080067210170DBF80810DAF80800497841707278DAF80800F91C023042
:20528000FEF7AEFE70780230AAF81000BDE8F04CFFF7C1B82DE9F04C06468B46924648F6CC
:2052A0009475C1F6FF7500F05BFB04463079FFF7AEFF0746284400218170687831788842C0
:2052C00004BF2878012842D100202870FEF7B1FF0028FBD1D6F818C07378F178DBF8080009
:2052E000EA1C0230E047002854F8270019D120B1002044F8270000F0C7FA3079FFF750F8DE
:20530000DAF8080067210170DBF80810DAF80800497841700220AAF81000BDE8F04CFFF7D8
:205320007AB8013044F82700022804D23520BDE8F04CFFF77DB800F0A7FA42F21071384682
:20534000FFF75CF83620BDE8F04CFFF771B82420BDE8F04CFFF76CB8F0B507460D4648F6EB
:20536000A874C1F6FF7400260120A071A060B868267626710330FEF762FE2060FEF7A3FCA0
:205380002060B8680730FEF75AFE0146206800F0F7F8A86874210170A86820214170A86813
:2053A00008218170A868C67004202882BDE8F040FFF731B8F0B507460D4605F0B7FA48F6E2
:2053C000A874C1F6FF7400260121B868267684F82410A1712671A1600330FEF730FE206053
:2053E000FEF771FC2060B8680730FEF728FE0146206800F0C5F8A86874210170A868202176
:205400004170A86808218170A868C67004202882BDE8F040FEF7FFBF10B5044600F078FF9F
:20542000000A207000F074FF607010BD10B548F6D074C1F6FF7404F180010020012284F82C
:20544000E80684F8802001EB1062002300F180709370020E0A2AF6D3204680221946FEF774
:20546000CCFD00F00CF840F28040C0F2000041684CF2FC30C1F6FF70BDE81040084730B569
:2054800049F25004C1F6FF740025C4F8605600F0BEFFC4F86456C4F86C56C4F87456C4F8D9
:2054A000705630BD10B549F25004C1F6FF7421780020012908BF00F0F8FC0321C4F86416D3
:2054C0000021617010BD30B549F25004C1F6FF74217805460020012908BF00F0E6FC94F81C
:2054E0006816A561022909D240B9013184F86816A56160700321C4F8641630BDFFF7BFFF2C
:20550000022030BD70B506464BF24433C1F6FF739879864231D2002449F2D460C1F6FF7099
:2055200003F10C02C6EB8601C9000B44DB89D0F840C09C4500D3F3B949F25005C6EB8603C3
:2055400000F8134000EB430380F83C40505CC1F6FF75D8704FF0FF30988000F058FF2E734E
:205560007019214684706C700120C5F86406304600F0D4FE02E0012400E00624204670BD47
:2055800070B5024649F25004C1F6FF742061237861610020054684F868067BB90123C4F89E
:2055A0006036237FA4F1080C0133DBB203EB83064CF836200CEBC60251600DE0207F00EB51
:2055C000800004EBC0000262456200F096FC217F4B1C0121C4F860162377C4F8645670BD77
:2055E000F0B5064649F25005C1F6FF7595F868060F46002418B185F86846FFF740FFD5F895
:205600006006002818BF03282ED1287880BB4EF20000C2F20000864224BFF043B84225D35C
:205620004FF20000C2F2000086421FD8B8194FF20001C2F2000188429CBF781EB0F5805FAF
:2056400014D24EF20000C2F20000864208BFFFF716FF2A7FA2B102EB820205EBC20111E9BC
:205660000600501886420BD2022407E0052405E03946304600F0BFFB041E01D0FFF7FFFE77
:205680002046F0BD2DE9F04C86B0054649F25007C1F6FF7778690024401A78613878002855
:2056A0004ED148F6A87AC1F6FF7A9AF824000E46012808BF87F86A463DD006F023F832467C
:2056C0002946DAF8000000F091FE041E09D1012087F86A0632462946DAF8000000F068FEEF
:2056E000044606F00FF832E006F00CF8802E8FBF4FF0800BB346012087F86A066A46594639
:20570000284605F021F9049A0099DAF8000000F06DFE041E06D1049A0099DAF8000000F0B6
:2057200047FE04460499DAF80000A6EB0B065D440844CAF80000002ED3D0002CD4D0D0E7C2
:20574000BD61C7F86C160220C7F864067C70204606B0BDE8F08C30B549F25005C1F6FF75D6
:20576000D5F86026012A03D00224FFF788FE07E02A690024824202D16869884200D205246B
:20578000204630BD30B549F25005C1F6FF75D5F86006022808D100240320C5F86006C5F8B9
:2057A000644600F034FD02E00224FFF768FE204630BD10B449F25004C1F6FF74D4F86416A4
:2057C00039B96178072904D0017000206070012002E000210170084610BC704710B549F233
:2057E0005004C1F6FF74D4F8640601380CD305D0022806D308D100F025FD04E000F0A5FAA7
:2058000001E000F049FC607060780A281CBF0020C4F8640610BD49F2C062C1F6FF7282E8BB
:205820000300704710B584B000208DF8040049F2D464C1F6FF7402944C200390684605F037
:2058400004FC01208DF80400684605F0FEFB02208DF80400684605F0F8FB00984FF20042A6
:20586000C0F207024FF4D073E0644CF2FC30C1F6FF7000F10C0181E81C0006F0BEF90038AB
:2058800018BF012004B010BD30B584B000208DF8040049F2D464C1F6FF7404F1500502954F
:2058A00008200390684605F0D0FB01208DF80400684605F0CAFB02208DF80400684605F05F
:2058C000C4FB00984FF60042C0F207020C23A0654CF2FC30C1F6FF7000F10C0181E82C00D8
:2058E00006F08BF9003818BF012004B030BD30B584B000208DF8040049F2D464C1F6FF74FE
:2059000004F15C0502954FF4A0700390684605F09CFB01208DF80400684605F096FB02207A
:205920008DF80400684605F090FB00984FF4FF224FF4A273C4F89C014CF2FC30C1F6FF7073
:2059400000F10C0181E82C0006F057F9003818BF012004B030BD49F2D460C1F6FF70704751
:2059600049F22470C1F6FF70704749F23070C1F6FF70704749F67400C1F6FF707047002013
:2059800049F25001C1F6FF71C1F86006704749F25001C1F6FF71D1F86006704749F2500159
:2059A000C1F6FF710878704710B449F25004C1F6FF74D4F86406012803BF60780A280120C0
:2059C000002010BC704749F22471C1F6FF7151F82000704749F2D461C1F6FF71486C70470B
:2059E00049F2D461C1F6FF71086C7047014600200870704749F25001C1F6FF714878704725
:205A000049F2B060C1F6FF700168032904BF00210160704749F25002C1F6FF72117F01EB53
:205A2000C10200EB820202EB810050F8240C010A01F47F4101EB106100F47F4201EB02216D
:205A400001EB0060704749F25002C1F6FF72117F01EBC10200EB8200A0F1200252F82100C4
:205A6000010A01F47F4101EB106100F47F4201EB022101EB0060704770B5ADF52C7DB1F52C
:205A8000927F4ED1064649F2D465C1F6FF75D5F8800144F64A31C5F2480188423FD0314698
:205AA00068464FF49272FEF79BFAFFF76AFB49A805F0CBFB314649A84FF4827205F004FCCC
:205AC00006F5827149A82022FEF7A1FA012824D149F25004C1F6FF74314605F15C004FF432
:205AE0009272FEF77DFA694605F15C004FF49272FEF776FA05F15C004FF4807105F087FA8D
:205B000044F64A30C5F24800C5F88001FFF7EFFE002818BF0120607004E00D2002E00B20A3
:205B200000E001200DF52C7D70BD18291FD130B54CF2FC34C1F6FF7449F67405C1F6FF75FB
:205B4000014628461822FEF74BFA284605F002FF20460C344FF4FD22182384E82C0006F0E7
:205B60004CF8003818BF0120BDE8304070470020704710292ED130B549F2D465C1F6FF7552
:205B8000D5F8941144F64A32C5F2480291421DD049F25004C1F6FF74014605F5C2701022BE
:205BA000FEF71EFA44F64A30C5F24800C5F89401FFF7E7FAFFF79BFE18B96070BDE83040B7
:205BC000704701206070BDE8304070470B20BDE8304070470120704749F25001C1F6FF71CF
:205BE000087B7047F0B449F2500CC1F6FF7C9CF81C5003460020002D41D0D3F800C04FEA93
:205C00001C2606F47F4606EB1C660CF47F4706EB072606EB0C6605EB850C03EBCC0353F840
:205C2000244C53F8203C270A07F47F4707EB146704F47F4C07EB0C2707EB04641F0A07F488
:205C40007F4707EB136703F47F4C07EB0C2707EB0363A5F1010CB44511D883B14EF20005D5
:205C6000C2F20005AC420AD303EB040C4FF20006C2F20006B44502D80C6013600120F0BC22
:205C80007047B0B4034613E0002818BF002911D031F8045B11F802CC11F8017C2C062D0A56
:205CA000043A04EB054404EB0C243C4443F8044B002AE9D1B0BC704700204BF24431C1F6B5
:205CC000FF718A79904208D2C0EB800201EBC201097B032918BF0130EFD1C0B270474BF2EB
:205CE0004430C1F6FF70016842F23412C7F6430291420BD1D0F8FC1043F28742C4F21232AA
:205D0000914203D1807901380A2801D30120704700B500F087FB28B900F0B6FB002808BF34
:205D200000F002FC5DF804EB704749F25001C1F6FF71087B08448078704749F2D461C1F622
:205D4000FF7181F83C000020704770B549F25005C1F6FF75D5F87006D5F874164CF2FC365D
:205D6000C1F6FF76B1F5001FF060304625D8316140F28042C0F20002D16888473089C0B9FB
:205D8000297BA81C01224254297B49F2D462C1F6FF72C1EB810102EB4101C978072906D100
:205DA0004FF00A012A7B012301398354FAD1002400E00124FFF763FB1BE00A244FF40011FA
:205DC000316140F28042C0F20002D1688847308960B9D5F87406A0F50010C5F87406D5F8BF
:205DE000700600F50010C5F8700602E0FFF747FB0124204670BD2DE9F04D81B007468A4682
:205E00000025A8462E4633E03019807801282DD1C6EB86000BEBC0004069FDF754FF217F03
:205E2000282923D2FA43524528BF87421ED3C6EB86020BEBC20292691044874216D20AEBBF
:205E40000703834298BF924510D8BAF1000F0DD026734FF0010849B101EB810004EBC001CE
:205E600011E906005018874238BF08250136F6B24BF2443BC1F6FF7B9BF8060049F25004D9
:205E8000C1F6FF748642BFD3B8F1010F01D0052507E035B9207B2044807800280CBF0825DE
:205EA0000025284601B0BDE8F08D70B548F6D075C1F6FF75D5F8FC060024E0B1D5F8F8164A
:205EC0004CF2FC36C1F6FF76C0F180022844F160FF21FEF792F8756180203061C5F8FC4691
:205EE00040F28040C0F200000169304688473089002818BF0124204670BD70B548F6D07537
:205F0000C1F6FF75D5F8FC06002438B3D5F8F826D5F8901081EA020333F07F030DD1091A0A
:205F20008A1A2844FF21FEF768F8D5F89000D5F8F816401AC5F8FC061DE0FFF7B6FF044699
:205F400000F0F8F9D5F8900010F07F00C5F8FC068022FF212846FEF750F80CE000F0EAF999
:205F6000D5F8900010F07F00C5F8FC068022FF212846FEF742F8204670BD70B5002448F60D
:205F8000D075C1F6FF75D5F8EC26002A00F08280D5F8FC36D5F89810581903EB020CBCF108
:205FA000800F64D3C3F18002FEF71AF8D5F8FC36D5F89810D5F89020C91A8031C5F89810F4
:205FC000D5F8EC164CF2FC36C1F6FF7619448039C5F8EC16D01A06F10C02802182E8230064
:205FE00040F28040C0F20000016930468847D5F89010D5F8FC26C5F8FC46891A80313289E4
:20600000C5F89010C5F8F8160AB1012442E0D5F89400A8B995F8EA06012804BFD5F8EC066C
:2060200000280DD100F08BF801460129F06802D100F0CAF8A3E795F89C1000F08DF89EE7DC
:2060400000F07DF801460129F06803D1316900F073F994E795F89C100139C9B200F07CF87B
:2060600000F068F93169F06800F066F987E7FDF7B7FFD5F89010D5F8FC36D5F8EC26C5F86E
:20608000EC46C81AC5F8F8061344C5F8FC361144C5F89010204670BD2DE9F04C86B048F6E0
:2060A000A87AC1F6FF7A9AF8240049F25005C1F6FF75012831D10024D5F818B0D5F86C669A
:2060C00085F86A4625E005F01DFB802E8FBF80273746012085F86A066A463946584604F092
:2060E00033FC049A0099DAF8000000F07FF9041E0DD100980499A861C5F86C16FFF73DFF51
:20610000049ADAF8001004461144CAF80010BB44F61B2EB1002CD6D002E0FFF72EFF04467E
:2061200005F0F0FA2CB9686928B90220C5F8600601E0FFF7A4F9204606B0BDE8F08C49F2B8
:206140005000C1F6FF70818B481EC0B2B0EB112F0CBF0120002070472DE9F04449F250066C
:20616000C1F6FF76747F0F4606F1200504EB840405EBC4040CCC9918091A05F017F805F0BB
:206180001DF8717F01317177202201462046FDF727FF747F14E005F003F804EB840105EB9C
:2061A000C10ABAE8030005F001F805F007F8014650462022FDF714FF717F01317177013428
:2061C000BC42E8D3BDE8F08430B549F25004C1F6FF74217F0139C9B201EB810104EBC105D7
:2061E00055F8202F6968904226BF1144091A104604F0DCFF04F0E2FF617F013161772022DD
:20620000014605F10800BDE83040FDF7E9BE30B549F25004C1F6FF74207F04F120010138FD
:20622000C0B200EB800001EBC00504F0C7FF617F013161772022014605F10800BDE8304090
:20624000FDF7CEBE30B549F25005C1F6FF7500F017F80121287B297049F2D464C1F6FF7424
:20626000C0EB800004F8101000F052F8297BC1EB810104EB41018880FFF701F9002030BD95
:20628000F0B5ADF5006D49F25004C1F6FF7468464FF4007107F0E5FA207B4BF25031C1F649
:2062A000FF71C0EB800001EBC00085682069401BC40AE4B2C0F30A06002005F0E4FD002782
:2062C0000DE005EBC7214FF40062FDF789FE684600231A464FF4006105F0E2FD013768464A
:2062E000A742EED3324605EBC421FDF779FE3146684600231A4605F0D3FD00F003F80DF5E2
:20630000006DF0BD49F2D061C1F6FF710880704749F2D061C1F6FF710888704749F2D26248
:20632000C1F6FF721154704749F2D261C1F6FF71085C704704F034BF034649F2500CC1F6EB
:20634000FF7C9CF81C00421ED2B202EB82020CEBC200006A83422EBF18461944091A04F016
:2063600025BF30B449F25004C1F6FF74227F02EB820204EBC20313E905000A44217B43F8B0
:20638000042C4BF25035C1F6FF75C1EB810105EBC1058118EA68AB681A44914205D90520CA
:2063A0000021C4F86416607000E0002030BC704770B549F25004C1F6FF7415460646FDF79A
:2063C0000FFE29463046FFF7B7FF216960692944216130B994F86A06012804BF0220C4F82E
:2063E00060060020C4F86406607070BD30B50D4614461146FFF7B5FF002818BF30BD49F23A
:206400005003C1F6FF739D61C3F86C4630BD49F25001C1F6FF7100208883C1F87C06C1F8D6
:206420007806704770B4012000214BF24433C1F6FF739A79914225D2002240F6BC15C0F22C
:206440000005C1EB810003EBC0002E6844690C30B44213D3C0686FEA040C84450ED36D68F1
:20646000AC420BD80444013CAC4207D8AC1B0134A04203D810B100200131D6E7012001321C
:206480000A2ADAD370BC7047F0B4A8B0002001460CE0C1EB810302EBC303D3F814C00DEB6F
:2064A0000112C2F808C09B690131D3604BF24432C1F6FF7293799942EBD3024617E00131ED
:2064C000C9B210E00DEB12550DEB0114AF68A668B74207D9AE60D4F80CC0EE68C5F80CC062
:2064E000A760E66001319942ECD302F180725C1E110EA142E3D3024610E00DEB125C0DEBD6
:206500000116DCF80C30DCF80810D6F818C00B44634501D9012004E002F18072110EA14205
:20652000EBD328B0F0BC704720B40120002222E0C2EB8203DB00194411F80CCFBCF1070F38
:2065400018D140F6D01CC0F2000C6344D1F808C09D68AC450ED1D1F80CC0DD68AC4509D1C0
:20656000D1F810C01D69AC4504D149695B69994208BF002001324BF24431C1F6FF718B79EE
:206580009A42D5D320BC7047FEE700B5EFF310804CF21841C1F6FF710028086018BF00BDF6
:2065A00072B600BD00B54CF21841C1F6FF710868002818BF00BD62B600BD10B504464068CB
:2065C00008B1022022E02078002804D16078012804BFA078012818BF062017D100200BF044
:2065E00033FD40F6C840C0F2000001F007F8002001F0FFFF05F031FB0BF0F7FD012802D170
:206600006060002002E0002060600120208110BD416809B9022102E0002141610161018132
:2066200070472DE9F04C82B08346D0F80CA000694FF6FF76C0F20306A6EB0A020AEB9203DD
:20664000DBF8042001931AB90220ABF8080066E000EB0A01491E4FF48065002718B9042028
:20666000ABF808005BE06A46504600F0C5F8012803D10720ABF8080051E0CAF30900AAEBE6
:206680000004DBF810005044A0F1010B72B64BF24431C1F6FF7148694CF2100AC1F6FF7AA8
:2066A000A04231D115E0DAF80C0029460AEB00022046904707F180773A0E46F26761C6F291
:2066C000666151FB02F189100A2000FB11212C4419B940F202300AF094F8B442E3D9DAF814
:2066E00018000AEB00014FF48020884712E0DAF80C0029460AEB0002204690472C443FB9FF
:206700000198844204D9012740F202300AF079F85C45ECD940F202300AF073F862B602B04D
:20672000BDE8F08C2DE9F04C86B0D0F80CB00669054606EB0B00441E686902AA40F2704CA9
:20674000C0F2000C0190BCE80B000BC2DCF800001BF00F0F106001D0082049E010276A46F8
:206760002146584600F048F8040018BF07203FD115E072B601994CF21000C1F6FF7062182D
:2067800001694318394604EB0B0098475FFA80FA62B6BAF1000F01D00B2029E03C44381961
:2067A000B042E6D92889002823D1B44221D2321B08E0DDF804C00E1902AB1CF8066000F165
:2067C00080705E54010E9142F3D372B64CF21000C1F6FF70016902AA4318394604EB0B00E9
:2067E00098475FFA80FA62B6BAF1000F01D00F20288106B0BDE8F08C0223136088429CBFD8
:20680000A0F56030B0F5902F07D2A1F56030B0F5902F02D20020106070470120704700B5E4
:2068200045F6B800C0F201000CF0FCFA00200CF053FB49F6404100200CF0ADFB00BD00B560
:2068400000200CF0DDFB00200CF021FB0CF00DFB00BD10B449F68C04C1F6FF7420780128CD
:2068600006BF00212170002010BC7047012049F68C01C1F6FF710870704700200CF06EBB76
:2068800010B549F69404C1F6FF74606000F065F80120206010BD00B500F02FF800F0CEF934
:2068A000002000BD00B500F028F800F082F800BD00F04BB800F0C9B810B50C4600F031F87B
:2068C0002146BDE8104000F0D2B810B50C4600F028F82146BDE8104000F034B900B500F0DD
:2068E00020F800F05CF900BD10B50C4600F019F82146BDE8104000F084B910B449F6940442
:20690000C1F6FF742268012A08D101466068806890F82400401A18BF012000E0012010BCFD
:20692000704710B449F69404C1F6FF742268012A08D1014660688068006A0078401A18BF43
:20694000012000E0012010BC704700B5002000F09BF9002000F057FB00BD10B549F69C0476
:20696000C1F6FF74002000F02FFA49F69800C1F6FF7001688868426932B90122E2600288D9
:20698000097892FBF1F102E00321E16000212181018D62180132002105E0C36A03EB01138D
:2069A0001B7953540131C38C9942F6D310BDFFF7D4BF70B500EB800149F6A002C1F6FF7287
:2069C00002EB8105342110FB01F649F69801C1F6FF710868AB6880683044006A40F6944299
:2069E000C0F20002032B4178007808D12B7C012B1DD1C1EBC10102EB810149691CE0012B33
:206A000008BF00241BD0C1EBC10102EB810109698847012449F69801C1F6FF710868806806
:206A200000213044C26990F8240090470BE0C1EBC10102EB810109698847041EEAD100200D
:206A4000287401206874204670BD49F69802C1F6FF7211688968096A4968014208BF7047BA
:206A6000012049F6A001C1F6FF71087470472DE9F04F82B0824649F69807C1F6FF773868C1
:206A80008B4634211AFB01F8806808EB0001088D49F69C0CC1F6FF7C0CEB000202F1010942
:206AA0000AEB8A000CF1040202EB8004607C012601280FD1CA6991F8240031469047386809
:206AC0008168A660007831F80820414492FBF0F0A08002E0A068012830D10020CD6A1EE083
:206AE00019F800209BF800309A4215D1A868063807D003281AD15A462946504600F0FEF81A
:206B000004E05A462946504600F0E2F8061E0DD10120E060256009E01035013080B2CA8C53
:206B20009042DDD30220CBF80800002638688168007831F8081091FBF0F0A080304602B0CA
:206B4000BDE8F08F30B5054600EB800049F6A002C1F6FF7202EB8004E068012818BF30BDC7
:206B60002068C2681268002A18BF30BDA268012A18BF30BD8068062804BF284600F0CFF804
:206B800049F69803C1F6FF731868342115FB01F182680078895A91FBF0F0A08030BD30B578
:206BA00081B0044600EB800049F6A001C1F6FF7101EB80052968E868012820D1C8680068E4
:206BC000012804BF8868092819D10DF10301204600F0E2F99DF80300012804BF204600F0B1
:206BE000F3F849F69803C1F6FF731868342114FB01F182680078895A91FBF0F0A88001B047
:206C000030BD00EB800149F6A002C1F6FF7212EB810108BF70470A68002A08BF704749F6BC
:206C20009803C1F6FF731A68342310FB03F093681278C05A90FBF2F08880704710B500EB3E
:206C4000800149F6A002C1F6FF72034602EB810449F69802C1F6FF7210688068342111FB2D
:206C60000300016A487840F69442C0F20002C0EBC00002EB80008268087890470020207459
:206C80000121A174A08010BD30B500EB800149F6A002C1F6FF72044602EB810500F076F85B
:206CA000A87C012818BF30BD0320A86049F69802C1F6FF720020A87410688068342314FB95
:206CC00003000121826890F82400BDE83040104730B50C46154600EB800149F6A002C1F6F7
:206CE000FF7202EB8101C968012908BF00F06CF82146284600F037F8002030BD70B50646CC
:206D000015460124104600F02EF82946304600F00DF9A968002908BF0C46204670BD30B5E1
:206D2000044600EB800049F6A002C1F6FF7202EB8005087878B949F69802C1F6FF721068F9
:206D40008068342314FB0300016990F8240088470220A86030BD204600F085F82046BDE808
:206D6000304000F031B84A7902730A68C968013A18BF012242600968012904D028BF02219F
:206D800002D2012100E000218160704700EB800149F6A002C1F6FF7202EB8102918801392C
:206DA00038BF70479180090418BF7047034649F69802C1F6FF7210688068342111FB03006B
:206DC000016990F82400084700EB800049F6A001C1F6FF7101EB800000210160C16001824A
:206DE0008174704710B549F6B804C1F6FF74606000F033F80320206010BD10B50C4600F0AB
:206E00000FF82146BDE8104000F065B800B5FFF7CEFD002049F6B801C1F6FF71086000BD28
:206E200010B4014649F6B804C1F6FF74002094E81010032CBCF808300DD11B04DCF8182042
:206E400007E092F806C08C4508BF10460A32A3F580331C0CF5D110BC704749F6C400C1F65B
:206E6000FF7000F0B4BB70B50D46497801F0F004297805F058F8064628787E2819BF2A2884
:206E80002B286878022801BFA8783E28E878802803D1BDE87040FDF701BB002E08BF70BD4C
:206EA000B07900F061FB221C09D0103A0DD0102A18BF70BD2946BDE8704000F069B9324693
:206EC0002946BDE8704000F0D5B832462946BDE8704000F00DB970B505460E4649F6C004B8
:206EE000C1F6FF74007A00F03FFBC0EB001004EB8002516A012917D1956002213089516247
:206F0000D083121D062894BF01200846506349F69803C1F6FF7318686988007891FBF0F0F4
:206F2000D0840020207070BD012070BD30B5044649F69802C1F6FF7210688068342314FBDC
:206F400003000D4690F8240000F00EFBC0EB001049F6C401C1F6FF7101EB8000002101853D
:206F6000406B401E15D308D002280CD311D129462046BDE8304000F07ABA29462046BDE8D5
:206F8000304000F0E5B929462046BDE8304000F021BA0220A86030BD70B5034649F69802E0
:206FA000C1F6FF72106880680E46342111FB030049F6C005C1F6FF7590F8240000F0D4FAF8
:206FC000C0EB001005EB8004A06B241D04280AD160680021407AFDF78BF9204600F0F7FACD
:206FE000012030700DE00020E08449F69803C1F6FF7361681A6889881278354691FBF2F18C
:207000002185287070BD10B5034649F69802C1F6FF7210688068342111FB030090F8240086
:2070200000F0A2FA002818BF10BD49F6C404C1F6FF74204600F0A5FAA068002808BF10BD0E
:20704000206B401E38BF10BD0AD0801E0DD302D0022818BF10BD0020BDE8104000F039B994
:207060000020BDE8104000F0D4B80020BDE8104000F000B92DE9F04404460F46C0EB00101D
:2070800049F6C401C1F6FF7101EB8005787800F00F06286A9246022807D138787E2808BFD6
:2070A000BDE8F084284600F04CFA701E062828BFBDE8F084C5F808A0022028622E836E83A4
:2070C00039460026AE83082205F10C0006F0EBFAEE6249F6BC01C1F6FF710868016985F809
:2070E000386001EB8400286001202863BDE8F0842DE9F04404468A46C0EB001049F6C40118
:20710000C1F6FF7101EB8007386A16460025022808D19AF800007E2803D0384600F011FA2B
:2071200000E00125BAF801100807090A41EA1050002D18BFBDE8F084072838BFBDE8F0847D
:20714000BE6002253D623883788351460026BE83082207F10C0006F0A6FA1020F86249F60A
:20716000BC01C1F6FF71086849F69802C1F6FF723D63016987F8386001EB84003860116818
:20718000B8680978408890FBF1F0B884BDE8F08410B5C0EB001049F6C402C1F6FF7202EB2B
:2071A0008004206A02282FD1206B032822D0042825D194F83800401C10F00F0084F83800EA
:2071C0004A7812F00F02824214D104F10C00082206F069FA2020E06249F69802C1F6FF722A
:2071E00005202063A06811684088097890FBF1F0A08410BD2046BDE8104000F09CB82046BB
:20720000BDE8104000F0E3B92046BDE8104000F098B930B5C0EB001049F6C401C1F6FF7186
:2072200001EB8004A06804F11402218BC079FDF70EF8A8B9606998B1228B018991420FD38D
:2072400004F10E01006806F02EFAA068C579204600F0BDF928460021BDE83040FDF718B8EA
:20726000A0680121C079FDF713F82046BDE8304000F0ADB910B5C0EB001049F6C401C1F6A0
:20728000FF7101EB8004A06804F11402218BC079FCF7DDFF98B9606988B10189228B9142EA
:2072A0000DD304F10F010522006806F0FCF9608B401F60830520A0830420206310BDA0687E
:2072C0000121C079FCF7E4FF2046BDE8104000F07EB930B5C0EB001049F6C401C1F6FF7130
:2072E00001EB8005286B05F10E01032808BF002203D06A8B062A28BF06226869AB8B0068FB
:207300001446184406F0CFF9688BA98B001B68832144A9830421296380B2002818BF30BD6C
:20732000A868C479284600F052F920460021BDE83040FCF7ADBF10B58168044619B1C87959
:207340000121FCF7A5FF2046BDE8104000F03FB9F0B5034649F69802C1F6FF7210688068E2
:207360000D46342111FB030090F8240000F0FCF8C0EB001049F6C401C1F6FF7101EB80066E
:20738000706806F11401407AFCF799FFE0B97069D0B106F10C0738460822FF2106F03FF9D1
:2073A0007069748B01682246B81C06F07CF970683946C07974733073042070630822286919
:2073C000BDE8F04006F06FB9304600F0ADF80220A860F0BD70B5034649F69802C1F6FF7269
:2073E000106880680E46342111FB030090F8240000F0BAF8C0EB001049F6C401C1F6FF7141
:2074000001EB8004606804F11401407AFCF757FF38BB606928B304F10C0528460822FF21D2
:2074200006F0FDF860690168E81C052206F03BF96068C0792073608B010A41F0100161733A
:20744000A073401F608329460520A08303206063002084F8380008223069BDE8704006F058
:2074600022B9204600F060F80220B06070BD70B5034649F69802C1F6FF72106880680C4603
:20748000342111FB030049F6C006C1F6FF7690F8240000F069F8C0EB001006EB8005A86819
:2074A0002D1D002808BF70BD49F69802C1F6FF7211684088097890FBF1F0E884002030700B
:2074C0000822FF2105F10C06304606F0A8F86A8BB01C0626062A38BF16466969AB8B096865
:2074E0003246194406F0DFF86868C0796A8B287395F83800401C10F00F0085F83800921BBF
:2075000040F020006873A88B6A8312043044A8830CBF04200320686305F10C0108222069D8
:20752000BDE8704006F0BFB810B54168044619B1487A0121FCF7DCFE2046BDE8104000F00B
:2075400046B810B50446406818B10121407AFCF7CFFEA06818B10121C079FCF799FE2046F5
:20756000BDE8104000F033B8014649F6BC03C1F6FF7318680269D278914214BF01200020B1
:20758000704710B5044672B6A18C491E05D3A184090404BF2046FFF7CEFEE18C491E0BD3C2
:2075A000E184090408D149F6C001C1F6FF71087810B92046FFF7B8FF218D491E05D321856A
:2075C000090404BF2046FFF7AFFF62B610BD00210A460B4680E80E00416181618183012209
:2075E0000262416201858C46F0222C30A0E80C1020F82C19022106F034B9000010B50400EE
:207600004FF0010006D10423224621461520FCF784FA204649F60011C1F6FF710A68022A3C
:2076200018BF032A07D10623002211461520BDE81040FCF785BA012818BF10BD4C600022D5
:207640000CE0C2EB82034FF0010E4FF0000C604601EB8303443383E80150013223889A426E
:20766000EFD3002021F8140F0346024601E90D0088808446864604460831022281E81D5049
:20768000887788834862086214208861032041F81C0C10BD70472DE9F0440E4692461F46CC
:2076A00049F60015C1F6FF75012400F0B2F9296829B9234602221520FCF72FFA45E0BAF16A
:2076C000000F06D10423022251461520FCF725FA3BE04FF6FF72904206D102231A4600217B
:2076E0001520FCF71AFA30E06B685B68C0EB800203EB42025288964206D303230222002153
:207700001520FCF70AFA20E017B1BB19934206DD0523022200211520FCF7FFF915E002293C
:2077200018BF03290BD02883EE622F6305F11C00022680E8500440F81C6C002405E00623F6
:20774000022200211520FCF7FBF92046BDE8F08470B50E4649F60015C1F6FF75012400F03C
:2077600058F9296829B9234603221520FCF7D5F924E036B90423032231461520FCF7CDF91D
:207780001CE04FF6FF72904206D10223032200211520FCF7C2F911E0022918BF032907D04A
:2077A0002883AE620220E86128622860002405E00623032200211520FCF7C2F9204670BDA3
:2077C00049F60011C1F6FF710968002918BF7047012304221520FCF7A0B949F60011C1F638
:2077E000FF710868704730B549F60015C1F6FF75296831B90124234606221520FCF78DF9AF
:2078000000E02C6A204630BD70B549F60015C1F6FF75002400F0FDF82968064629B901230F
:2078200007221520FCF779F901244FF6FF70864206D10223072200211520FCF76EF90124EA
:207840002868022818BF032807D10623072200211520FCF775F9012406E02CB92E830320C7
:20786000E861022028622860204670BD70B549F60015C1F6FF75002400F0CBF829680646A0
:2078800029B9012309221520FCF747F901244FF6FF70864207D069684968C6EB860001EB32
:2078A0004000007930B90223092200211520FCF734F901242868022818BF032807D106237E
:2078C000092200211520FCF73BF9012406E02CB92E830420E861022028622860204670BD2B
:2078E00010B549F60014C1F6FF742068002808BF10BD206A022818BF10BDE06904280EDD4A
:207900000AF084FC022808BF10BD002803D1BDE8104000F02CB8BDE8104000F042B804285F
:2079200015D80FF20801D1E800F0C04604070A0D100000F0AAF80AE000F020F907E000F013
:2079400043F904E000F064F901E000F08DF9206A022808BF10BD28B12068032802D100209C
:20796000206010BD0120206010BD7047704710B549F60014C1F6FF74E069142802D1002024
:2079800020620BE000F08CF8206238B1022808BF10BD2068032808BF002000D001202060D2
:2079A00010BD10B549F60014C1F6FF74206A032808BF10BDE069142888BF10BD0FF20401D0
:2079C000D1E800F026262626261515151E15101E1E0B1E1E1E1E1E1E1E00002000F0DFFCBA
:2079E000206210BD002000F06CFB206210BDE0686030A0600AF00AFC20620120206010BDAA
:207A00000AF004FC20622068033818BF0120206010BD70B4014649F60410C1F6FF70046892
:207A200020880022431E4FF6FF709A4213DCD4F804C09D1A05EBD57502EB6505C5EB850689
:207A4000760036F80C608E4288BF6B1EEDD818BF6A1CEAD1A8B270BC704710B549F608143C
:207A6000C1F6FF74607B40F6D041C0F20001202251F8300004F16C010AF0D6FB002814BF24
:207A8000012002200A21616110BD10B549F60814C1F6FF7400206073FFF7DFFFA06110BD0A
:207AA00049F61812C1F6FF7251680120132988BF70470FF20802D2E801F0C04660606060E5
:207AC000600B10151A1F252B31373D43494F555B00B55DF804EB00F09ABA00B55DF804EB27
:207AE00000F0C5BA00B55DF804EB00F0DCBA00B55DF804EB00F0C6B800B500F0D2F85DF86D
:207B000004EB704700B500F0DCFA5DF804EB704700B500F04AFB5DF804EB704700B500F0BF
:207B200017FC5DF804EB704700B500F038FC5DF804EB704700B500F03FF95DF804EB70478B
:207B400000B500F05DF95DF804EB704700B500F00EFA5DF804EB704700B500F03FFA5DF854
:207B600004EB704700B500F01EFA5DF804EB704700B500F090F95DF804EB704710B549F67A
:207B80001814C1F6FF742088C0EB800081000819406B60B904F12C0260695358A269E1686B
:207BA00018440AF041FB002808D1022008E0012808BF052004D0022808BF042018BF012032
:207BC000A0601420606010BD10B549F60414C1F6FF742268A08A52688300191A02EB41014B
:207BE000097901290BD1181A04EB8000806C022803D100F00CFAE06110BDE16110BD00F06F
:207C000073F8E061A0690E281CBF0520A06110BD30B549F61814C1F6FF742088C0EB80005E
:207C200004EB8000406B012803D114200021A16018E004F12C0504F15C00552100F06DFB9A
:207C40002088C0EB800005EB8000406804F15C01103010220AF066FA00280CBF02200120E5
:207C6000A0600820606030BD10B549F61814C1F6FF7400F039F8A06060680E281CBF0920B2
:207C8000606010BD49F61812C1F6FF7210880121C0EB800002EB80004163142050600020CC
:207CA000704749F6041CC1F6FF7CBCF814009CE80C005268C0EB800002EB400149880CEB49
:207CC00080005A1ADCF80810CCF804203031CCF808100223836440F8402F203941601420BE
:207CE000CCF818000020704730B581B049F60414C1F6FF7494E82600A08A4968C0EB800092
:207D000001EB40004188A2EB050C01F16003634502D900F014F810E004F170050095521AA1
:207D20000379008800F0A4FB29461022A0680AF0F9F9002814BF0120022001B030BD10B47B
:207D400049F60814C1F6FF746069E06200202086207B013084F83200C0B2022804BF0020D4
:207D600084F8320040F6D042C0F2000252F8301002EBC00040680844A06301F12000606356
:207D800010BC00F000B810B549F61814C1F6FF7494F8221040F6D042C0F2000252F83100E0
:207DA00002EBC10149680AF07FF900280CBF022001200E21616010BD30B549F60814C1F607
:207DC000FF7494F8320040F6D042C0F2000252F8305002EBC0004268A06804F16C0329467A
:207DE000013000F005FA04F16C01284610220AF099F900280CBF022001200F21616130BDC0
:207E0000F0B581B049F60415C1F6FF75A88E29680A8890420FD24F68C0EB800307EB430CD7
:207E200005EB83039E6C9CF8043026B1012B0CBF022E0130EBD1A88680B2904202D100F01A
:207E400076F826E0D1F804C0EA6BC0EB8000400005F1700700EB0C01498800973CF8000060
:207E6000541A224600F004FB39461022A86B0AF059F9002814BF012002200EB9102103E014
:207E8000A98E0131A9860F21A961A96BEC633031A96301B0F0BDF0B549F60414C1F6FF74BC
:207EA00094F8365040F6D042C0F2000252F8350002EBC50149684218203000211BE0D3F840
:207EC00004C0C1EB81030CEB430604EB83039F6C96F804C0403327B1022F08BFBCF1010F9C
:207EE00008D1B6F802C03030A2EB0C02A0F1200C83E8041001312368B3F800C06145DED383
:207F0000E168257403464E1C201D80E84C00206BA061022803D1FFF757FEE069F0BD0428E4
:207F200003D1FFF7A1FEE069F0BD0120F0BD50B549F61814C1F6FF7494F8220040F6D04185
:207F4000C0F2000151F8306004F15C00AA2100F0E4F904F15C0106F1100010220AF0E2F84D
:207F600000280CBF022001201321616050BD10B549F60414C1F6FF742268A08E526804F11C
:207F80004003C0EB800002EB40014A8853F8200004F170010AF048F9002814BF0120022029
:207FA0001121A16110BD10B549F61814C1F6FF7404F15C00AA2100F0B0F9606A04F15C0195
:207FC000203810220AF0AEF8002814BF01200220218C013121840F21616010BD10B549F6F3
:207FE0000414C1F6FF742168A08E4968C0EB800001EB400004F170014288E06B0AF092F881
:2080000000280CBF022001201221A16110BD30B549F60414C1F6FF742268A08A5268C0EBA9
:20802000800102EB41014A88097981B96368A168C0EB80054FF0020E9B1A63603031A160D5
:20804000A1F1200C04EB8505403585E80850C0EB800004F14003616A53F820000AF062F8C2
:2080600000280CBF022001200621A16130BD10B549F61814C1F6FF7404F15C00AA2100F04E
:208080004CF9208804F15C011022C0EB800004EB8000006B0AF046F800280CBF02200120FC
:2080A0000721616010BD49F61812C1F6FF721088C0EB800002EB8001002048631421516097
:2080C000704710B583B049F60814C1F6FF7401281DD104F16C0302AA01A9684600F0BAF84B
:2080E000A8B9607B40F6D042C0F20002019B52F830108B420BD102EBC001029A49688A42B2
:2081000005D10099A268914284BFA1602073607B01306073C0B2022802D100F005F801E020
:20812000FFF79BFC03B010BD10B449F60814C1F6FF74A06810B910BC00F024B8207B40F6AF
:20814000D042C0F2000252F8301002EBC00001F12003406863600844206010BC00F000B862
:2081600010B549F60814C1F6FF7404F16C01302260680AF059F8002814BF012002200D2182
:20818000616110BD00B540F6D041C0F2000103C909F08AFF00280CBF022001200B2149F6B2
:2081A0001812C1F6FF72516000BD70B549F61814C1F6FF7440F6D040C0F2000090E80600CF
:2081C00004F15C052B460E46012000F011F805F11000AA2100F0A1F829463046202209F0F0
:2081E000A1FF00280CBF022001200C21616070BDF0B403F120040D1815440026F70020FA1D
:2082000007F79F550136042EF8D304330020C60021FA06F61E5401300428F8D30433002013
:20822000C10022FA01F1195401300428F8D304330020C10025FA01F1195401300428F8D31C
:20824000043303E04FF0FF3003F8010BA342F9D3F0BC70472DE9F04481B005460124002769
:208260008DF80370184603F110063B462F6010F807A04FEAC70C0137042F0AFA0CFC43EA2F
:208280000C032B60F3D3043000270F603B4610F803A04FEAC30C0133042B0AFA0CFC47EAE0
:2082A0000C070F60F3D30430002313601F4610F807A04FEAC70C0137042F0AFA0CFC43EAE8
:2082C0000C031360F3D304300022174610F807A04FEAC70C0137042F0AFA0CFC42EA0C0237
:2082E000F4D30968D5F800C004306144194491420FD1314600F047F858B90DF103023046A0
:20830000AA2100F014F820B99DF80300012808BF0024204601B0BDE8F08400F1100201E0FD
:208320004FF0FF3100F8011B9042F9D370470378994218BFFF2B09D199420CBF012100214B
:20834000117000F11001013000F01DB80120704749F6081CC1F6FF7C0020012140F6D042AD
:20836000C0F20002CCF80810116852688CF80C0001F12003CCF804301144CCF8001014213F
:20838000CCF8141070470246002005E01378FF2B01D00120704701328A42F7D370472DE9FD
:2083A000F04484B0074649F60415C1F6FF7505F1700000900DF1070303AA0DF10A0102A827
:2083C00000F090F806462C1D032818BF002F0FD12B7CAA6840F6D04CC0F2000C0CEBC300FC
:2083E00041685CF83300303201448A4238D301E0042803D11420A861002036E0BDF80800BE
:20840000FFF707FB4FF6FF71884229D02146039ABDF80A400B681B1B9A4221D84B6803F1C4
:20842000600C62451CD3D5F800C0DCF804C04FEA800AAAEB00070CEB4707B7F802C0A44517
:208440000ED197F804C09DF80770BC4508D1AAEB000005EB80044034103384E84C000A6022
:20846000A9683031A960FFF77BFE04B0BDE8F084F0B4049C0D181544012B04F1300606BF67
:208480001D4445F0004525F000450023DF0040FA07F7E7540133022BF8D302340020C300ED
:2084A00041FA03F3235401300228F8D302340020C10022FA01F1215401300428F8D30434F4
:2084C0000020C10025FA01F1215401300428F8D3043403E04FF0FF3004F8010BB442F9D3BA
:2084E000F0BC70472DE9F04D82B00746884692469B4600208DF802000A9C8DF8030004F1F6
:2085000030012046FFF73FFF08B904256DE0032504F1100600233B801A4614F802C0D0004A
:208520000CFA00F003433B800132022AF5D302340022A8F80020134614F803C0D8000CFAFF
:2085400000F080B20243A8F800200133022BF3D302340020CAF800000346E15C4FEAC30C27
:208560000133042B01FA0CFC40EA0C00CAF80000F3D3043400239C4614F80C104FEACC0A63
:208580000CF1010CBCF1040F01FA0AFA43EA0A03F2D33988043413F0004F0A4410440EBF59
:2085A0000021012101308BF80010584030F000401BD131462046FFF7E6FEB0B90DF10202AE
:2085C0003046AA21FFF7B3FE78B90DF1030206F110005521FFF7ABFE38B99DF802000128B2
:2085E00006BF9DF80350002D0125284602B0BDE8F08D30B5002404EB84004AF2E441C1F6A5
:20860000FF7180000022451840F6F843C0F20003425234211A2068602A7404FB0133AA70EF
:208620000121A960188900F01EFD01280CBF012200222846032100F008FD0134022CDAD393
:208640004CF24840C1F6FF700C2101610121017030BD2DE9F04981B007468B4601264AF21E
:20866000D045C1F6FF7500EB800084000021285B00F0F9FC8046342040F6C441C0F200013A
:2086800007FB00100021008900F0EDFC0746285B062100F0E8FCB8F1010F1CBF012F01288D
:2086A00009D0BBF1010F0CBF012200226019032100F0CBFC0026304601B0BDE8F0892DE940
:2086C000F04B81B08346012600EB80004AF2D041C1F6FF7101EB80040021208800F0C3FC77
:2086E00007460621208800F0BEFC80460321208800F0B9FC8146342040F6C441C0F2000174
:208700000BFB00150021288900F0ADFC012F18BFB8F1010F15D05FFA89F1012911D0012827
:2087200004BF207C00280CD06868032803D1297DA278914205D9584600220B2100F058FE64
:208740000646304601B0BDE8F08B28B94CF22042C1F6FF72D06808E000EB80004AF2D04204
:20876000C1F6FF7202EB800080680860002070472DE9F04981B004468B464AF2D047C1F698
:20878000FF7700EB800086000021B85B00F06BFC8046342040F6C441C0F2000104FB0014CC
:2087A00025890021284600F05EFCB8F1010F18BF012813D028460B2100F055FCE16909B9AF
:2087C00001280BD1BBF1010F0CBF01220022F019062101B0BDE8F04900F037BC01B0BDE8D0
:2087E000F0892DE9F04807468B4601244AF2D046C1F6FF7600EB800085000021705B00F025
:2088000032FC012812D0342040F6C441C0F2000107FB0010417D027D1144594506DD406810
:20882000032803D1A819002480F802B02046BDE8F0880246342340F6C440C0F2000002FB1F
:208840000303D3F804C00120BCF1030F10D102EB82024AF2D04CC1F6FF7C0CEB8202927842
:208860000A70597D1B7D19449142C8BF0020704700220A7070472DE9F04B82B083460F468E
:208880000126342040F6C441C0F200010BFB00180B21B8F8080000F0E6FB81464AF2D04584
:2088A000C1F6FF750BEB8B0084000021285B00F0DAFB37B9D8F81C10002908BF5FEA096190
:2088C0001CD001281AD03A465846062100F090FD061E13D1D8F81C0017B187420BD100E096
:2088E00048B160190022012100F0AFFB60190022022100F0AAFB601901210174304602B09D
:20890000BDE8F08B2DE9F04981B083460124342040F6C441C0F200010BFB00180B21B8F88D
:20892000080000F0A0FB05464AF2D047C1F6FF770BEB8B0086000021B85B00F094FBD8F84F
:208940001C1000290CBF002D012814D058460022162100F04DFD041E0DD13E4401202A00BF
:20896000307408D13046012100F06FFB30462A46022100F06AFB204601B0BDE8F0892DE9DF
:20898000F04F81B083460F460126342040F6C441C0F200010BFB001528890B21824600F030
:2089A00062FB80460BEB8B004AF2D041C1F6FF7101EB80040021208800F055FB2FB9E969EC
:2089C000002908BF5FEA08613AD0012838D00321208800F048FB81460621208800F043FBF7
:2089E00080465046002100F03EFB6968032903D1297DA278914223D95FFA89F101291CBF99
:208A00005FFA88F101291BD0012804BF207C002816D03A465846072100F0EAFC061E0FD1B9
:208A2000E86917B187420BD100E048B120460122114600F00AFB20460122022100F005FB2E
:208A4000304601B0BDE8F08F2DE9F04F81B083460126342040F6C441C0F200010BFB0015F8
:208A600028890B21824600F0FEFA07460BEB8B004AF2D041C1F6FF7101EB800400212088EE
:208A800000F0F1FA81460621208800F0ECFA80465046002100F0E7FAE96900290FBF002FC9
:208AA0005FFA89F101295FFA88F118BF012924D0012804BF207C00281FD00321208800F097
:208AC000D2FA6968032903D1297DA278914214D9012812D058460022172100F089FC061EDD
:208AE00008BF002F09D120460122114600F0ADFA20460122022100F0A8FA304601B0BDE825
:208B0000F08F2DE9F04981B083460F460126342040F6C441C0F200010BFB00140B212089E0
:208B200000F0A1FA80460BEB8B004AF2D041C1F6FF7101EB80050021288800F094FA2FB947
:208B4000E169002908BF5FEA08612ED0216A09B9626A52B3012828D06068032807D1A87801
:208B6000227D637D134498421FDA82421DD809B9606AD0B13A465846082100F039FC061EF6
:208B800013D1E06917B187420FD104E018B95FFA88F0012809D128460022012100F055FABD
:208BA00028460022022100F050FA304601B0BDE8F0892DE9F04883460126342040F6C441B6
:208BC000C0F200010BFB00140B21208900F04BFA07460BEB8B004AF2D041C1F6FF7101EB90
:208BE00080050021288800F03EFAE169002908BF002F24D0216A09B9626A02B301281ED0B5
:208C00006068032807D1A878227D637D1344984201DA824202D909B9606A80B158460022C2
:208C2000182100F0E5FB061E09D128460022012100F00BFA28460022022100F006FA30466D
:208C4000BDE8F0884CF22041C1F6FF710878012804D000221921104600F0CABBA02319228F
:208C600000211420FAF76CBF30B50546012400EB800080004AF2D041C1F6FF71405A002114
:208C800000F0F1F9012805D1284600F005F8002808BF0024204630BD70B50124054600F0B5
:208CA0001AF8B0B94AF2D044C1F6FF7405EB8500860030190022114600F0C7F94CF25C4177
:208CC000C1F6FF710888854202D03019062181600024204670BD2DE9F04C044600210A462F
:208CE00008464AF28C27C1F6FF77C1EB81039B00DB5BA3420AD14AF27825C1F6FF75AE781F
:208D0000731E1FD231291FD0697837E001313229E7D304EB84004AF2D041C1F6FF7101EB76
:208D200080052846114600F090F94CF25C41C1F6FF710888844214BF0620A868A8600120E6
:208D4000BDE8F08C9942DFD12A78A970013A2A70BDE8F08CC1EB810C4FEA8C0C3CF807C0B1
:208D6000A44504D1013B2B701406DBB228E00131C9B2322928BF00210132D2B22B789A4269
:208D8000E8D30120BDE8F08CC1EB81020131C9B2322928BF0021920004F18074C1EB810CE3
:208DA0004FEA8C0C3CF807A0BC4422F807A03A44DCF804B0DCF808C0C2F804B0C2F808C0B4
:208DC000B3EB146FE0D8711E38BF3121A970BDE8F08C4CF22040C1F6FF700178012901BF81
:208DE00041680D290121017270474CF22041C1F6FF710878012804D000220C21104600F070
:208E0000F7BAA0230C2200211420FAF799BE30B500252C4640F6F841C0F20001342004FB22
:208E200000102946008900F01EF901280CD104EB84004AF2E441C1F6FF7101EB8000007C3A
:208E400000280CBF012500250134A4B2002D18BF30BD022CDED34CF22041C1F6FF71087833
:208E6000012806D02A460D212846BDE8304000F0BFBAA0230D2229461420BDE83040FAF7CE
:208E80005FBE30B54CF24845C1F6FF752878012818BF30BD28694CF25C44C1F6FF740C2880
:208EA0000DD100F0FEFA38B90D202861A0681A2805DB0C20286110E028690C280DD04CF296
:208EC0003041C1F6FF71087878B9A06840F2A841C0F2000151F8200080474CF23041C1F6DD
:208EE000FF710878002808BF30BD01EB8000406840F29441C0F2000151F820008047286917
:208F00000C2806BF6868012830BD22884AF2D043C1F6FF7302EB820103EB81018968002956
:208F200014BF042930BD012A03BFA1680C2900210146E16130BD70477047E0B581B04CF210
:208F40005C46C1F6FF76318D337B0022090289B25D1801380ED33DD002284FD35AD12946ED
:208F6000B07903F052F800284ED00021012000F09BFB4FE0706A778D022802D1B91C8FB25D
:208F800008E0032802D10437BFB203E0012804BF0137BFB23088411E28BF8AB2342040F603
:208FA000F841C0F2000102FB00100621008900F05AF8012804BF0237BFB2009749F6746383
:208FC000C1F6FF7329460022B07902F0D5FF0028CBD119E049F67462C1F6FF722946B07956
:208FE00002F0F4FF0028C0D1F07C4CF24841C1F6FF710138F0740220C8600BE02946B0790F
:2090000003F018F80028B0D102204CF24841C1F6FF71C86001B0E0BD10B504464CF2484148
:20902000C1F6FF71C868012818BF10BD4CF25C41C1F6FF71887903F03FF8012818BF10BD12
:209040002046BDE81040FFF778BF012A038803D102FA01F1194304E0012202FA01F123EAB2
:20906000010101807047012303FA01F189B2014214BF1846002070472DE9F04C8B460026D4
:209080000127B0F1000A18BF002900F08B804CF25C44C1F6FF7420884AF2D045C1F6FF75D6
:2090A00000EB800080000821405BFFF7DCFF012874D1217D081A2075A0680D380ED201300F
:2090C00042D0053010D0B0F1FF3F3DD04CF24841C1F6FF710869082864D135E0003803D099
:2090E000093831D00128F1D15046216D8847002858D104E01AF806000BF806000136608DD6
:209100008642F7D3A0680027052818BF192849D020880122114600EB800005EB8000FFF73D
:2091200094FF20880122022100EB800005EB8000FFF78BFF0121084601F0FEF832E01AF8D8
:2091400006000BF806000136608D8642F7D34CF24841C1F6FF710869082815D0208800220C
:20916000394600EB800005EB8000FFF76EFF20880022022100EB800005EB8000FFF765FF10
:209180000021084601F0D8F85846E16C8847074608E01AF806000BF806000136608D8642A3
:2091A000F7D300273846BDE8F08C4CF23042C1F6FF72117801311170C9B202EB8101486079
:2091C000704702204CF24841C1F6FF718860704770B54CF25C45C1F6FF75288840F6F841DB
:2091E000C0F20001441EA4B2342004FB001670682862032809D004EB84004AF2E441C1F6AA
:20920000FF7101EB80000021817001F0E0F904EB84004AF2E441C1F6FF714FF0FF326A8041
:2092200001EB8000028881782A82C268806829736A64A861F08A020AA874308B0132A88551
:209240000020E8853078EA74A871707D327DA873F0686A73686230692B6A2885000C6885D8
:20926000032B18BF306A06D18A4205D8891A326AC0B200FB012068630B213089FFF7F3FE6B
:20928000012803D1306B2865F06AE864706A6865B06AA86570BD2DE9B0484CF25C47C1F662
:2092A000FF773988B86801254FF0020B013139800C2889B21AD1022941D8B8604AF2E445DF
:2092C000C1F6FF7501EB810105EB810141F8100C002000F046F9388800EB800005EB800044
:2092E00040F80CBCFFF774FF00257EE019281AD1022924D8B8604AF2E445C1F6FF7501EB9B
:20930000810105EB810141F8100C002000F029F9388800EB800005EB800040F80CBCFFF741
:2093200057FF002561E0022918BF052807D0022942D94CF22043C1F6FF735A7A9AB9002410
:209340004CF22041C1F6FF710C70F969012918BF002101F039FAFC614CF24840C1F6FF70DA
:20936000C0F804B041E0012A26D13A8000245C720D20B8604AF2E445C1F6FF75686020468F
:2093800000F0EFF83A8840F6C440C0F20000342102FB0102D26914703A8802FB0100C0694B
:2093A0004470388800EB800005EB800040F80CBCFFF70EFF254618E00D20B8604AF2E4454E
:2093C000C1F6FF7501EB810105EB810141F8100C002000F0C6F8388800EB800005EB8000C4
:2093E00040F80CBCFFF7F4FE00252846BDE8B088F0B50D464AF27827C1F6FF773978322909
:209400004DD2BC780646431E9BB24AF28C2CC1F6FF7CC4EB84000CEB8000944620F8046BCE
:2094200080E820100134BC70E4B2322C24BF0020B870481C38700C2D1CBF0D2D192D1CD187
:209440004CF22040C1F6FF700121017045600221284601F0B9F90C2D1FD14FF000004AF238
:20946000E442C1F6FF7200EB800102EB810101220A7401300228F2D30FE003EB83034AF263
:20948000E441C1F6FF71012201EB83000021FFF7DCFD3046022101F08DF90020F0BD012000
:2094A000F0BDF0B54CF24C41C1F6FF710868012803D1BDE8F040FFF7EEBE4AF27824C1F6F5
:2094C000FF74207800284AD060784AF28C27C1F6FF77C0EB80029300DA1952684CF25C45FF
:2094E000C1F6FF750C2AAA601CBF0D2A192A14D1012008600C2A18BF02202880002000F057
:2095000030F828884AF2D041C1F6FF7100EB800001EB80000221816012E000260E60F95A4B
:20952000298000F01EF828884AF2D041C1F6FF71324600EB800001EB80003146FFF785FD1A
:20954000FFF746FE607801306070C0B2322824BF002060702078013820700020F0BD01200A
:20956000F0BD2DE9F04881B005464CF25C4BC1F6FF7BBBF800004CF24841C1F6FF71471E58
:2095800048684AF2E444C1F6FF74BFB201283CD107EB870085000421605BFFF764FD012888
:2095A00004BFDBF808000D280BD1281900220521FFF74BFD4AF27C20C1F6FF70CBF8300044
:2095C0006FE0342040F6F841C0F2000107FB00160B213089FFF747FD0746281901220521B8
:2095E000FFF733FD28190821012F05D13A4601B0BDE8F048FFF729BDF269CBF8302000225B
:2096000001B0BDE8F048FFF720BD002849D1342040F6F841C0F2000107FB00160B21308934
:20962000FFF721FD0346C5EB85004AF28C21C1F6FF7101EB80008068052188B1CBF83000E2
:2096400007EB870514EB85000022FFF7FEFC14EB85000022082101B0BDE8F048FFF7F5BCF2
:209660000122012B0ED107EB870514EB8500FFF7ECFC14EB85000122082101B0BDE8F0487E
:20968000FFF7E3BCF06907EB8705CBF8300014EB8500FFF7DAFC14EB850000220821FFF756
:2096A000D4FC01B0BDE8F0882DE9F0480E464AF27822C1F6FF72137851784AF2D045C1F610
:2096C000FF75002213E0C1EB8107BF004AF28C2CC1F6FF7CB4F800B037F80C705F4518D055
:2096E000013189B2312988BF0021013292B24CF25C44C1F6FF749A42E5D30146208801F048
:2097000059F820881A2100EB800005EB8000416005E004F1100001220021FFF796FC278834
:20972000342040F6C441C0F2000107FB001000210089FFF798FC01280BD107EB870105EB32
:209740008100806828B904F1100001220321FFF77CFC022E08D12088616C012200EB8000F9
:2097600005EB8000C16003E0012E06D14FF0000204F110000921FFF768FC2788208AA26D3D
:2097800007EB870705EB87031880DAB1A568E91F02390CD9002002390FD001390FD00B39E0
:2097A00003D001290CD102200AE0012008E040F20950C0F20000405D02E0042000E00520D5
:2097C0009968904704F1100000220721FFF73DFC4CF24840C1F6FF7000210C22C160026174
:2097E0004CF23040C1F6FF700170BDE8F088F0B54CF24844C1F6FF740020E060206949F646
:209800007466C1F6FF764CF25C45C1F6FF7501280CBF01220022012814BF0421072105F1C0
:209820001000FFF712FC2888342140F6C442C0F2000200FB012006210089FFF714FC074600
:20984000012803D13046696A00F0FFFE686A58B12069EE63002814BF0A200920206103202E
:20986000BDE8F040FFF7A1BC012F0CBF11200F202061F0BD30B54CF24844C1F6FF7400203E
:209880004CF25C45C1F6FF75E060286A032829D001281CBF216901291AD12988342240F6E8
:2098A000C443C0F2000301FB02310A6A0AB9496A71B10021084600F03FFD0320A86100F0FA
:2098C00086FE082020610220BDE83040FFF76DBC022804BF2069002804D101202061E060B0
:2098E000287330BD0021084600F026FD00210120BDE83040FFF7D8BE704710B500244CF29D
:209900004840C1F6FF702146C460204600F014FD21460120BDE81040FFF7C6BE30B54CF28D
:209920004844C1F6FF7400204CF25C45C1F6FF75E060286A032829D001281CBF2169012999
:209940001AD12988342240F6C443C0F2000301FB02310A6A0AB9496A71B10021084600F089
:20996000EBFC0320A86100F032FE082020610220BDE83040FFF719BC022804BF206900286B
:2099800004D101202061E060287330BD0021084600F0D2FC01210320BDE83040FFF784BEC9
:2099A00030B54CF24845C1F6FF7500204CF25C44C1F6FF74E860206A032809D1002108465E
:2099C00000F0BAFC01210520BDE83040FFF76CBE01281CBF286901282BD10320A061002166
:2099E000084600F0A9FC2088342140F6C442C0F2000200FB0120016A09B9406A40B100F0C3
:209A0000E6FD082028610220BDE83040FFF7CDBB00F092FC20884AF2D041C1F6FF7100EB78
:209A2000800001EB800001218068BDE83040FFF73BBE01202861E860207330BD70B54CF257
:209A40004844C1F6FF7400264CF25C45C1F6FF75286AE660022804BF2069032806D1AE61C1
:209A6000022020612E730120E06070BD2888342140F6C442C0F2000200FB01200721008952
:209A8000FFF7F1FA012806D12661E0600420BDE87040FFF78ABB3146012000F04DFC286A07
:209AA000022805D105F1100032460421FFF7CDFA02213046BDE87040FFF7F6BD70B54CF24C
:209AC0004845C1F6FF7500204CF25C44C1F6FF74E860E07C012608B1EE6070BD206A0228F3
:209AE00037D12869032812D12088342140F6C442C0F2000200FB0120C07DEE60E0740220B5
:209B0000286100202073BDE8704000F060BDA069F8B92088342140F6C442C0F2000200FB05
:209B2000012007210089FFF79EFA012807D128612673EE600420BDE87040FFF736BB0021D3
:209B4000304600F0F9FB02210020BDE87040FFF7ABBD0021084600F0EFFB31463046BDE8DA
:209B60007040FFF7A1BD10B54CF24840C1F6FF7000214CF25C44C1F6FF74C160216A022930
:209B80001BD10169062905D1072101610121C160217310BD072918BF10BD0021084600F009
:209BA000CBFB04F1100000220421FFF74EFA01210020BDE81040FFF777BD0021084600F095
:209BC000BBFB01210020BDE81040FFF76DBD00B500214CF24840C1F6FF70C160084600F057
:209BE000ABFB01210846FFF75FFD00BD2DE9F0484CF25C45C1F6FF7528884CF2584BC1F6A0
:209C0000FF7B441EDBF800004AF2E446C1F6FF76A4B20B2833D0342040F6F841C0F2000101
:209C200004FB0017386AC8B1287DB8B1296B686BFFF722FA002818BFBDE8F088022138896C
:209C4000FFF711FA01281AD1286BE8630B20CBF800000320BDE8F048FFF7A7BA6A6D52B3F0
:209C6000A968083903D0043903D00C2902D1012000E002209047002818BFBDE8F08801216F
:209C8000084600F059FBA869032808D004EB840106EB81018868052818BF012805D1012122
:209CA0000820BDE8F048FFF7FFBC01210020BDE8F048FFF7F9BCA86903281EBF04EB840098
:209CC00006EB8000806804EB8403114606EB8304A060104600F030FB0121A068BDE8F0486E
:209CE000FFF7E2BC30B54CF25C44C1F6FF744CF23041C1F6FF71658D0878A4F84050013836
:209D000028BF0870606A022807D129460123B4F84420E06B02F09BF86064B4F84000401B9A
:209D2000A4F84000E06B2844E06330BD2DE9F0484CF2584BC1F6FF7BDBF8001000252F4683
:209D40004CF25C44C1F6FF74092918BF0A2919D1638D666A49F67462C1F6FF72022ED05C7C
:209D600004D11A44527840EA02200BE0032E09D11A44537840EA03209378D27840EA03406C
:209D800040EA0260112908D16088218888421FD102270F20CBF8000022E0092918BF0A2980
:209DA0001ED1616C2688814214BF01250225342040F6C441C0F2000106FB00100621008953
:209DC000FFF751F9012806D16088B04208BF022718BF012704D1022D04BF0F20CBF80000C1
:209DE00039462846BDE8F04800F09DBC10B54CF24844C1F6FF7420690F2803D1BDE810400E
:209E000000F0C9BAFFF792FF0020FFF705F9E06802280FD14CF25C41C1F6FF71887902F0ED
:209E20002EF9C0EB800040F21451C0F2000151F83000804720690D2818BF10BD4CF25C400A
:209E4000C1F6FF70016A03290CD1417B007B814208D800F0BCFB082020610220BDE8104027
:209E6000FFF7A3B9002020610120E06010BD2DE9F04981B00120FFF7CFF84CF24845C1F6E1
:209E8000FF75E868022810D14CF25C41C1F6FF71887902F0F4F8C0EB800040F21451C0F29E
:209EA000000101EBC00040688047286949F67466C1F6FF760D2818D14CF25C44C1F6FF748A
:209EC000207D01000BD03146206BFFF7D5F860B904F1100001220A21FFF7B7F805E000F05E
:209EE0002BFA01210846FFF7DFFB4CF25C44C1F6FF740A21208AFFF7B6F8012826D104F167
:209F0000100000220A21FFF7A0F8676A57B1606CE663A0640B202861032001B0BDE8F049FE
:209F2000FFF743B92088342140F6C442C0F2000200FB012006210089FFF795F8012803D1F6
:209F40003946304600F05AFB00F012FA28690B2855D12088342140F6C442C0F2000200FBF9
:209F60000120058909212846FFF77DF8278A804604213846FFF777F8834638460921FFF749
:209F800072F8074628460221FFF76DF8012802BFB8F1010FBBF1000F012F0ED1606CA16CD8
:209FA00088420AD15946384600F0C6F95946042001B0BDE8F049FFF777BB606C618D676A2B
:209FC000022F705403D13144000A487008E0032F06D13144020A4A70020C8A70000EC87007
:209FE00028460621FFF73FF8012803D13946304600F004FB01B0BDE8F04900F0B9B901B01C
:20A00000BDE8F0894CF25841C1F6FF7108680D2818BF70474CF25C42C1F6FF72108840F61F
:20A02000C443C0F20003342200FB0232136A002B03D1526A002A08BF704700EB80004AF258
:20A04000D042C1F6FF7202EB80020220906008220A60FFF7AAB810B54CF24844C1F6FF74A0
:20A0600020690D2803D1062020610120E0600320FEF7D2FFE068022818BF10BD4CF25C416C
:20A08000C1F6FF71887901F0FAFFC0EB800040F21451C0F2000101EBC0004069BDE81040EF
:20A0A0000047F0B54CF25C44C1F6FF742088012806D818BFF0BD0020BDE8F040FFF775B861
:20A0C000022808BFFFF77DF80221208AFEF7CBFF0746208840F6C445C0F20005342100FB5D
:20A0E0000150068904213046FEF7BDFF012808BF002F3BD1206A032838D030460321FEF7BD
:20A10000B2FF4CF24846C1F6FF76B168012908BF002820D104F110003A460321FEF795FF41
:20A120003946384600F008F92088342100FB0150016A11B9406A002808D000F048FA0820AF
:20A1400030610220BDE8F040FFF72FB80120BDE8F040FFF7A9BA3946384600F0EDF80D204C
:20A1600030613846BDE8F040FFF71FB800210420FFF79AFAF0BD2DE9F04B81B04CF220448E
:20A18000C1F6FF74207A012843D14CF25C4BC1F6FF7BBBF8000005041CE00021012000F0BE
:20A1A000CBF80BF1100000221146FEF74EFFBBF800104AF2D043C1F6FF7305F5803501EB3F
:20A1C000810203EB8202062393601A2353600131ABF80010280C0228DFD9607A012805D1AA
:20A1E00006204AF2E441C1F6FF7188600025257225700621606800F0E7FA1A20606002219B
:20A200004CF24840C1F6FF704160C5600C2101618FE00121084600F08FF84CF25C4BC1F60B
:20A22000FF7BBBF80000012814D140F6F842C0F20002DBF83000D16988420BD10BF11000D0
:20A2400001221146FEF701FF0BF1100001220221FEF7FBFEBBF8104001212046FEF703FFCD
:20A26000814620460221FEF7FEFE054620460321FEF7F9FE064620460621FEF7F4FE0746CF
:20A28000BBF80000342140F6C442C0F2000200FB012005210089FEF7E6FE804620460421D1
:20A2A000FEF7E1FE012810D0B9F1010F01BF012D002E002F5FFA88F008BF012826D19BF871
:20A2C0000C009BF80D10884220D2DBF82000032810D19BF80D009BF80C1088420AD80021EB
:20A2E000084600F029F80021012001B0BDE8F04BFFF7DAB90D204CF24841C1F6FF7108611F
:20A30000012001B0BDE8F04BFEF74FBF20460521FEF7A9FE012805D10BF110000022022110
:20A32000FEF793FE0021042001B0BDE8F04BFFF7BBB901B0BDE8F08B70B505460E464CF284
:20A340005C44C1F6FF740521208AFEF78CFE012818BF70BD2A4604F110000121FEF775FEB8
:20A36000324604F110000221BDE87040FEF76DBE4CF25C42C1F6FF72106A4CF24841C1F6CC
:20A38000FF7102284FF0010006BF0323107302230B61C860704730B54CF25C44C1F6FF7418
:20A3A000208849F67465C1F6FF754AF2D041C1F6FF7100EB80008000405A0821FEF753FE4A
:20A3C00001280DD1207D002808BF30BD2846216BFEF752FE60B1207D002818BF30BD1EE026
:20A3E000002818BF30BD2846216BFEF745FEB0B90721208AFEF737FE012809D104F11000D2
:20A4000001220421FEF721FE618D206B00F0F7F900210120FFF790FF0020022105E0002177
:20A420000846FFF789FF01200021BDE83040FFF73BB910B5002032E0236B811849F67462DC
:20A44000C1F6FF725B5C515C8B4226D004F1100000220921FEF7F9FD0021E27CE1859AB141
:20A4600004F1100001220A21FEF7EFFD4CF23041C1F6FF7100224CF24840C1F6FF700B7841
:20A48000C2605A1E0A7010BD0846FFF755FF01210846BDE81040FFF707B9013080B24CF287
:20A4A0005C44C1F6FF74E28DA18D8842C4D35018E08510BD10B500202FE0236B114449F624
:20A4C0007462C1F6FF725B5C515C8B4223D004F1100000220921FEF7B8FDE17C080013D017
:20A4E0004CF23041C1F6FF710A7804F11000013A0A7001220A21FEF7A8FD00214CF2484279
:20A50000C1F6FF72D16012E0FFF716FF01210846FFF7CAF80BE000F580304CF25C44C1F698
:20A52000FF74E18D638D020C5B1A9A42C5DB0020E08510BD30B54CF24845C1F6FF7528698D
:20A5400000281CBF012830BD0020FEF765FDE868022818BF30BD4CF25C44C1F6FF74A0790C
:20A5600001F08DFD30BBE18D628D91420CD2A08D50B1511A814203DBBDE83040FFF759BF0A
:20A58000BDE83040FFF796BF206A022808D12869012805D004F1100000220421FEF755FDAC
:20A5A00000210120FFF7C8FE02210020BDE83040FFF77AB8022808BF30BD00210846FFF7DA
:20A5C000BBFE01210846BDE83040FFF76DB810B54CF25C44C1F6FF742088342140F6C4421C
:20A5E000C0F2000200FB01200B210089FEF73BFD012814BF01200520207510BD10B44CF203
:20A600005C43C1F6FF731A885C8D120A29B90255598D08441988417015E00444012905D1D1
:20A620006270598D0844198881700CE0022905D1A270598D08441988C17004E02271598D24
:20A6400008441988417110BC704710B44CF25C44C1F6FF74638D1A1811B9C05C51780AE051
:20A66000012902D15078917805E0022907BF9078D1781079517901EB0020608010BC704723
:20A6800030B54CF24845C1F6FF7529690120092918BF112919D14CF25C44C1F6FF74A17CDA
:20A6A000013904D3A174E8600021296130BD2188342240F6C443C0F2000301FB02312861EB
:20A6C000E860897D2073A17430BD4CF25C44C1F6FF74A17C013903D3A1742861E86030BD8F
:20A6E0002088342140F6C442C0F2000200FB0120016A09B9406A70B100210846FFF71CFEDA
:20A700000320A061FFF763FF082028610220BDE83040FEF74ABDFFF70FFE01210320BDE8EC
:20A720003040FEF7C1BF30B54CF24845C1F6FF752A69112A1EBF092A0A2A30BD4CF25C447C
:20A74000C1F6FF74226A032A0AD1A07C01000CD1FFF7F2FD01210320BDE83040FEF7A4BFAA
:20A76000012A23D1A07C010006D00138A074002028610120E86030BDFFF7DEFD0320A06186
:20A780002088342140F6C442C0F2000200FB0120016A11B9406A0028DCD0FFF718FF0820C8
:20A7A00028610220BDE83040FEF7FFBCBDE83040FFF766BF00EB80004AF2D042C1F6FF7218
:20A7C00002EB8000816070474CF22043C1F6FF73B0F10A02D96008D00020033A03D00C2A86
:20A7E00004D1022002E0012000E0042040F6F443C0F200031A68002A18BF10477047002286
:20A8000008E010F802C04AF27C23C1F6FF7303F802C001328A42F4D370472DE9F04F82B0C1
:20A820004CF25C44C1F6FF7425884AF2D047C1F6FF7705EB850086000421B85BFEF713FCAC
:20A840004CF2584BC1F6FF7BDBF800100B2911D1012804D1F01900220421FEF7F6FB012197
:20A860000846FFF769FD0221002002B0BDE8F04FFEF71ABF80460121208AFEF7F4FB824649
:20A88000342040F6C441C0F2000105FB00120B21158901922846FEF7E6FB81462846082165
:20A8A000FEF7E1FB012808BFBAF1010F34D10199C86918B95FFA89F001282DD128460221F1
:20A8C000FEF7D1FB98B95FFA88F0012804D1F01900220421FEF7B9FB01210846FFF72CFD0F
:20A8E0000021084602B0BDE8F04FFEF7DDBE207D90B149F67465C1F6FF752946206BFEF7B3
:20A90000BBFB80B9E5630B20CBF80000032002B0BDE8F04FFEF749BC0021084602B0BDE899
:20A92000F04FFEF7C1BE02B0BDE8F08F4CF2B841C1F6FF71012008804AF20C50C1F6FF70C9
:20A94000002181828175704730B515464AF20C54C1F6FF7400228023AA82AA7522612A6102
:20A96000E260237120600A46294604F118002860204600F005F8A88AA082A87DA07530BD5F
:20A980002DE9F04F83B082468B460027D5003C466BE14CF2B846C1F6FF7600F0B3FE9AF831
:20A9A0001600431EC0F00081BAF8141001229A4005EB000C0A4053D0BCF1090F21D2224693
:20A9C00005E0012101FA00F0044402F18072100E691E8842F5D3504600F064F90440E8B260
:20A9E000411E012202FA01F10C44BAF81410A9402144ABF814109AF8161045188BF81650AE
:20AA000036E1A44605E0012202FA0EF214440CF1807C4FEA1C6E9E45F5D30C40C0F109016B
:20AA20008C40504600F03EF902199AF816008DF802205946C0F109002D1AD0B200F058F9C0
:20AA400031889DF802404AF6A440C1F6FF704454481C20F47C40308000248AF8164004E1BF
:20AA6000BCF10F0F1AD210460122010E02FA01F10C4400F18070B5EB106FF5D82946504687
:20AA800000F010F904EA0001BAF81400A8400844ABF814009AF816000544AFE70B2898BF0C
:20AAA00094460BD9A0F10B0C4FEA0C6729E04FF0010E0EFA02F214440CF1807C4FEA1C6229
:20AAC0009A42F4D30C40D0F10B0104FA01F408D0504600F0E7F807469AF81600C0F10B00D9
:20AAE0002D1A2744BFB25046042100F0DBF88DF80300043D2AE0012202FA0EF2144407F173
:20AB000080774FEA176E9E45F5D304EA010242FA0CF7BFB20024234605E0012202FA0EF2A3
:20AB2000144403F180734FEA136EE645F5D30C40C0F10F018C40504600F0B4F820448DF835
:20AB400003009AF81600C0F10F002D1A00249DF803108AF81640881C8DF80300002F00F054
:20AB60008780A1469DF803104FEA196088427CD23844C0F309004AF6A441C1F6FF71085C8D
:20AB800059468DF8020000F0B3F831889DF802204AF6A440C1F6FF7009F180794B1C42544A
:20ABA00023F47C413180DDE7504600F064F80128504622D1092D0BD2691E00F073F8E9B228
:20ABC0000139012202FA01F10844ABF8140015E7093D082100F066F859468046C0B200F0A7
:20ABE00087F831884AF6A440C1F6FF7000F80180481C20F47C40308037E00F2D05D2691EC5
:20AC000000F050F8ABF81400F8E60F3D0A2100F049F887B267B35046042100F043F8023054
:20AC20008DF80300A1461AE03844C0F309004AF6A448C1F6FF7818F800805946404600F074
:20AC400057F8318842464AF6A448C1F6FF7809F180794B1C08F8012023F47C4131809DF875
:20AC600003104FEA19608842DED3002D7FF491AE03B0BDE8F08F0179802908D1026903680C
:20AC80009B5C01320261C2680132C260836082680A404908017104BF80210171100018BF11
:20ACA0000120704770B506460D001EBF481E012101FA00F5002417E03079802808D132680A
:20ACC00031694B1C515CB160F16833610131F160B168084218BF2C436D084008307104BF7B
:20ACE0008020307100F00EFD002DE5D1204670BD0A680B69D054086901300861704701F0E5
:20AD000061BB70B581B00D461E460024B3F5807F0CD300930146284613464FF0FF3200F05F
:20AD20002AF818B9B6F5807F98BF0124204601B070BD0346012012B120B40EE020BC0020CB
:20AD40007047002B18BF0029F8D093F800C00D78AC45F3D101330131013A002AF1D120BC5B
:20AD6000704705E0002808BF704700F8011B013A002AF7D170472DE9F04FADF5277DB09FAF
:20AD80000446894690464FF0000A65AEA7F11000F12836D23146184600F0BBF8F01910F816
:20ADA000010CBC2859D1A5A808225146FFF7D9FF55464BF2A400C1F6FF7050F8253013B991
:20ADC0000135402DF5D3EDB250F8250000F012F9C0F1200080B2A0EB451040F2DF7300EBAF
:20ADE000030B9DF89431ABEBC700083053FA00F007D11BF0070F01D10136013FA01C874252
:20AE000006D24BF68040CFF6FF7000F5407A48E0F019001B451E23462A46381B411E3046C6
:20AE200000F044F8CBEBC700FF23C3409DF8940118408DF8940100E00136681E864202D26F
:20AE400030780028F8D016F8010B012805D1AF1BB8F1FF3F18BF474506D04BF68040CFF691
:20AE6000FF7000F5207A1CE002A800F0EEF9A5A902A8082200F028FA2246494602A800F092
:20AE800023FA3A46314602A800F01EFA224602A92846FFF74EFF01281CBF4BF6804ACFF654
:20AEA000FF7A50460DF5277DBDE8F08F2DE9F044E4B00D4617469A4604466846042200210C
:20AEC000FFF74FFF20E0202D01A834BF2E46202600F0BBF9524601A8394600F0F5F969469A
:20AEE00001A8042200F0F0F9002101A82278405C504004F8010B0131B142F6D39DF803008C
:20AF000001308DF80300AD1B002DDCD164B0BDE8F08470B583B00C4600214BF6902CC1F62A
:20AF2000FF7C8D004219435BACEB050592F803C0CCEA036692F802C01B0A0131402906EB06
:20AF4000034202EB0C222A60E7D34FF001104BF69001C1F6FF71086000204BF2A012C1F6D6
:20AF6000FF72A2EB80010B684BF69422C1F6FF7242F8203001304028EFD34BF68800C1F65B
:20AF8000FF7002904BF67802C1F6FF72D2E900018DE803004BF68000C1F6FF704BF6700CF5
:20AFA000C1F6FF7CD0E90023DCE9000101F0C5FB002004F1FF02050E4BF69401C1F6FF71E6
:20AFC000830D51F803C0A2EB85024FEA1C6502F8035CCD582D0C02F8025CCD582D0A02F8A2
:20AFE000015CC95800F180701170010E4029E0D303B070BD01464FF00042002020230A42EF
:20B0000003D152080130013BF9D180B2704750B44BF2A403C1F6FF7313E0002B18BF0028B4
:20B0200011D030F8044B10F802CC10F8016C2206240A043902EB044202EB0C22324443F8DB
:20B04000042B0029E9D150BC704710B501790024013907D309D0012918BF012409D101F0DA
:20B06000ADF906E001F090F903E0C268816801F08FF9204610BD10B54BF2A414C1F6FF7444
:20B08000013A08D30ED0012A18BF10BD2046BDE8104001F093B9002020602046BDE810405A
:20B0A00001F072B9A060E1600A4601462046BDE8104001F06DB910B50168002449B1406836
:20B0C000F8F7BDFF4BF2A412C1F6FF721168884200D00124204610BD2DE9F044E4B00168F8
:20B0E0000646002409B1087808B9062454E0254602E00B240135EDB2087885424CD24BF294
:20B100004431C1F6FF71486BF8F7DDFD31680A1DAC002B1952F833309842EAD10978074657
:20B12000284601EB8101C900A1F1240501194FEAC10A0AEB02014968A94218BF03242BD103
:20B140003A1D314600F03FF8041E25D101A800F07CF83068694650444068F8F77BFF69463A
:20B1600001A8042200F0B0F869462846F8F772FF694601A8042200F0A7F82A46394601A846
:20B1800000F0A2F801A84FF4807320217268FFF7B8FD012818BF0124204664B0BDE8F084C8
:20B1A0004BF2B410C1F6FF7000F04FB80A4601464BF2B410C1F6FF7000F086B84BF2B41084
:20B1C000C1F6FF7070472DE9F04C82B082460F4600241546A34630E0D3452AD00BEB8B00E6
:20B1E000C600701869464068F8F734FF3968721801A99068F8F72EFF694628460422F8F76D
:20B2000006FF012813D101A9281D0422F8F7FFFE01280CD138682022304400F10C0105F1CB
:20B220000800F8F7F4FE012808BF283501D0042407E00BF1010B5FFA8BFB39680878834528
:20B24000CAD3204602B0BDE8F08C4EF26762C6F609224AF68563CBF667334FF2723CC3F6FD
:20B260006E4C00F12C0181E80C104FF23A52CAF24F5245F27F23C5F20E1346F68C0CC9F603
:20B28000053C00F1380181E80C104DF6AB11C1F6837141644CF61951C5F6E03181640021F1
:20B2A0000B46435401312029FBD3194600EB810201311029C2F88C30D364F7D320301A46FE
:20B2C000194680E80E0070472DE9F04D89B00546406A8846934620F0004202EB0B01CA0F96
:20B2E00002EBD073AA6A21F0004040EAC37A02EB5307B7F1005F01D30120C4E0C5F824A0EA
:20B30000AF62002405EB8400C26C0134102CC0F88C20F7D3002405EB8403DB6A01AA42F8F2
:20B3200024300134082CF6D3286A4FF0000A86088707FF0E5844840926E000F0E3F919E08F
:20B3400005EB86034FF0FF0CD3F88C0018F80A10C7F118020CFA02FC0AF1010A01FA02F2DE
:20B3600020EA0C001043C3F88C00083706EB571617F01F07102EE3D301A905F18C0000F043
:20B3800085F800263746013C002CD6D157EA060408D105EB840300220134102CDA64C3F856
:20B3A0008C20F6D3ABEB0A0420E005EB8603D3F88C0018F80AB04FF0FF0C0CFA02FC0BFA87
:20B3C00002FB20EA0C004BEA000BC3F84CB018F80AC00AF1010A0CFA02F21043C3F88C00EF
:20B3E000083706EB571617F01F07013CC7F11802002CDAD1802000FA02F305EB8602D2F8CC
:20B400008C001843C2F88C0001AB05EB840053F824200134082CC262F6D3B20002EBD70084
:20B42000286237280DD9194605F18C0000F02EF8002405EB840000220134102CC0F88C20B7
:20B44000F7D3686AC200C5F8C820AA6A01A9C0F3417040EAC200C5F8C40005F18C0000F0E8
:20B4600015F80026344601AA06F1080124F00300C6F11803105801F01F06D8402855013443
:20B48000202CF0D3002009B0BDE8F08D2DE9F04FC7B00C464FF4807240F2A451C0F2000175
:20B4A000069007A802F0FFF81021069800EB810252F808CC52F81C5C4FEAFC4383EA7C439D
:20B4C00093EA9C2352F83CCC52F8402C4FEABC4787EAFC1686EADC0715447A191A4440F894
:20B4E000212001314029E0D394E8E81142460593D4F818A0E0698DE881000021DDF81880D7
:20B500004FEA733080EAB30080EAB35E86EA050703EA070006EA05074740BE440CEA0207C3
:20B520002AEA020047404FEAF22080EAB21907A850F8210058F8218089EA726B40449DE88C
:20B54000000340448344BB4457465046E24694460BEB0902B0468DE8800137462E461D4628
:20B560000EEB0B0301314029C8D3DDF8148003EB080144F8041B94E80A4B0D44A1691E4445
:20B58000474409EB02080BEB0C09F24401EB000B84E8E00F47B0BDE8F08F704710B54BF2BB
:20B5A0004034C1F6FF742078002818BF10BD0120207040F20230BDE8104005F022B97047F8
:20B5C0004BF24031C1F6FF710878012818BF704740F2023005F015B900B500F014F801285E
:20B5E00018BF00BD4BF24031C1F6FF710878012808BFFFF7E5FF00BD01204BF24131C1F654
:20B60000FF710870704710B44BF24034C1F6FF746078012806BF00216170002010BC704791
:20B6200000B502F07DFC082818BF00BD55494FF4FC720020002309C1083AFCDA00BD70473E
:20B6400000B540F65040C0F20000FBF719F9F8F71DFCAA2807BF40F67840C0F2000040F643
:20B660005C40C0F20000FBF7BDFB0020FBF71AF900BD00B540F2A460C0F2000002F0A3FDC1
:20B6800000280CBF0120002000BD00B5FFF798FFFBF7D5F800211F2009F0DFFC0021212022
:20B6A00009F0DBFCFFF7E5FF72B600BD4AF6F070C0F205000188C378C3EA0162090A02EBD0
:20B6C0000141827801EB0221B1F5F82F14D8027A09788A4210D18188C379C3EA0162090A54
:20B6E00002EB0141827901EB0221B1F5002F03D2407A0978884201D00120704700207047E2
:20B7000040680047FFF768BF4BF24432C1F6FF729068436800200AE0C0EB800102EBC101BA
:20B7200011F80CCFBCF1030F05D0401CC0B291798842F1D306E08A68934203D3C868104424
:20B74000834201D3002070470120704770B542F21002C0F205021168D1E9004552E90112B7
:20B7600046F25342C4F26E520E4646F66161C6F66711AA4204D1A14202D1B047C0B270BDF3
:20B78000012070BD00FE00200020FBF77DBA00B50020FBF779FA0020FBF735FC00BD00209A
:20B7A000FBF731BC30B504460D46F8F7DCFD207010202880002030BD30B504460D46F8F77A
:20B7C000D2FD207001202880002030BDFAF754B970B582B006460C461546FAF7C6F831887E
:20B7E0008DF80010090A8DF80110B1788DF8021090F828118DF8031090F829118DF8041097
:20B8000090F82A118DF8051090F82B118DF8061090F82C0100268DF80700214600226846CE
:20B8200010F806C04B084CFA02F181EA040060F3D753D90D81EA13501C4660F3145481EA86
:20B84000D33060F3CF3481EA133060F30C3481EA531060F3451481EAD30060F3C304214615
:20B860000132082ADBD30136082ED7D320092870C4F30351200A00F0F00008436870C4F3EE
:20B88000034040EA0410A870002002B070BD30B50C46F8F7ACF90546FFF708FFA1681022C2
:20B8A0000A71A26800215171A2689171A268D171A26811726A1E07D3A168012303FA02F2BB
:20B8C00042F001020A7205E020B1A268117A41F00201117209212182284305D10120FAF795
:20B8E0002CFAF9F79FFF01E0FAF78AF8BDE83040F8F791BD00F0EFB900F0D6B900B5886832
:20B900000430F8F79CFBFFF75AFE00BD10B580680C460430F8F793FB48F6A872C1F6FF7232
:20B92000117E41B9A0681121017105202082BDE81040F8F770BD41F20001C2F20001884247
:20B9400004D03120BDE81040F8F772BDBDE81040F9F717BC01464BF65400C1F6FF701822BB
:20B96000F8F73EBB0022002383540132072AFAD3072008801846704700220023835401327F
:20B98000072AFAD307200880184670470022002383540132072AFAD30720088018467047D4
:20B9A0000022002383540132072AFAD30720088018467047002240F66053C0F200039B5CBF
:20B9C00083540132062AF6D30620088000207047F0B506460F4600244BF25445C1F6FF7574
:20B9E00029460220FCF747FF21464A19127C725401310429F9D3002806BF04203880012446
:20BA00002046F0BD30B504460D46F8F73FFA002255280CD140F67051C0F20001100E095CC0
:20BA200002F180722154100E0828F3D30BE040F66851C0F20001100E095C02F1807221542E
:20BA4000100E0828F3D308202880002030BD002240F67853C0F200039B5C83540132082AEA
:20BA6000F6D3082008800020704700224BF25443C1F6FF739B5C83540132082AF6D3082033
:20BA800008800020704700224BF25443C1F6FF7313441B7A83540132082AF5D30820088088
:20BAA0000020704700224BF65403C1F6FF739B5C83540132182AF6D3182008800020704729
:20BAC000F0B504460F464BF25445C1F6FF7529460220FCF7D0FEF12626708C206070002086
:20BAE0004219127C0119013004288A70F8D3A671A120E071F8F7CAF9002255280DD140F693
:20BB00007051C0F20001100E02F18072095C20440172100E0828F2D30CE040F66851C0F2D2
:20BB20000001100E02F18072095C20440172100E0828F2D32674A5206074002040F678525F
:20BB4000C0F200020119125C013008288A74F5D3A676AA20E07600202A5C01190130082825
:20BB60000A77F9D384F82460AB2084F8250000204219127A01190130082881F82620F7D301
:20BB80002E2038800020F0BD70B504460E464BF25445C1F6FF7529460220FCF76CFE002000
:20BBA0000021215401302428FAD3F1202070212161706072A074E07684F824002521A172BC
:20BBC0002A21E1742B2121778C2084F8250000204219127C01190130042881F82620F7D38B
:20BBE0002A203080002070BD0246022010700020A2F8010003220A80704730B5044600893B
:20BC000000280ED140F28045C0F200052046E96888472089002804D12046296988472089D3
:20BC2000002818BF012030BD0020020E4BF25441C1F6FF7100F180708A54020E642AF4D3AA
:20BC40004BF66C00C1F6FF700278AA2A18BF7047002202700220FCF792BE10B581B0FDF752
:20BC6000C4F801200090002472B604F58034FDF708F9FBF735FE06F01AFB69460020FCF777
:20BC800064FD210CB1F5FA7F02D000980228ECD0240C62B6B4F5FA7F0CBF0120002001B080
:20BCA00010BDF9F7FFBB704700B580680430F9F70AFC30B9F9F765FA4FF4FA60F8F7FFFBD1
:20BCC00000BD022803D13120F8F7B2FB00BD2220F8F7AEFB00BD2DE9F0440446F9F73BFEAB
:20BCE000A0680430F8F7ABF9F7F7EDFF0546A0680830F8F7A4F9074600242BE0C4EB8401D4
:20BD00000AEBC10670690C36F7F7DDFF854224BFE943B9421CD3F1680A18954218D27819F5
:20BD2000904298BF8F4213D897B12046F9F7EAFB00381CD149F2D461C1F6FF71C4EB8402AA
:20BD400001EB4200C078072808BF00221FD02EE00134E4B24BF2443AC1F6FF7A9AF806001A
:20BD60008442CBD33120BDE8F044F8F761BB0238023834D90228F5D07220BDE8F044F8F760
:20BD800057BBC2EB82000023013201F810309AF806008242F5D340F6BC16C0F20006346853
:20BDA0002046F7F790FF05467068001B471C39462846F9F730FDF9F7E4F94EF66020F8F775
:20BDC0007EFB48F6A871C1F6FF714F610D61F8F730FA0028FBD1BDE8F044F9F723BD222056
:20BDE000BDE8F044F8F724BB00B50A4601460120F7F76DFE002000BD2DE9F04484B0054630
:20BE00000E4617469A4600246A4640F6945CC0F2000CBCE80B000BC2DCF800001060F9F729
:20BE2000A4FD6B465246394600F5947000F07EFA324629466846F8F7EAF8012818BF0124AD
:20BE4000204604B0BDE8F08470477047704710B4012B08BF4FF6FF7200230FE010F803C040
:20BE60008CEA12242406E40D40F6A45CC0F2000C34F80C40013384EA022292B28B42EDD3F8
:20BE8000104610BC70474CF2E251C1F6FF71003818BF012008704FF0FF304880002070477C
:20BEA00070B44CF2E254C1F6FF74012A0DD1227863809BB24AB10022102503F0010C4CEA65
:20BEC00042025B08013DF8D16280002220E010F802C0082663886DB983EA0C235D0013F4A7
:20BEE000004F1CBF41F221035D40ABB26380013EF4D10CE08CEA03035D1013F0010F1CBF1D
:20BF00004AF201035D402B466580013EF4D101328A422578DBD36088002D1CBF4FF6FF71FB
:20BF2000484070BC7047F0B4024649F6BC00C1F6FF7004686369A4880020240418E049F6A6
:20BF40009806C1F6FF763768BD684FF0340C12FB0C559E7995F82450A4F58034AE4206D13A
:20BF60005D797F2D18BF8D4201D1184602E00833250CE4D1F0BC70472DE9F0440124BDF8DF
:20BF800018C030B12346022200211620F7F7C5FD19E00E4617461D1E06D102231A460146CC
:20BFA0001620F7F7BAFD0EE041F2D430C0F20000D0F804A0BAF1000F05D063462A4639463C
:20BFC0003046D04704462046BDE8F08430B5012430B12346032200211620F7F79EFD12E0C0
:20BFE0000B4632B90223032201461620F7F795FD09E041F2D430C0F2000085681DB11146DA
:20C000001846A8470446204630BD10B5012430B12346072200211620F7F77FFD08E041F2FD
:20C02000D430C0F20000026912B1084690470446204610BD10B5012430B1234609220021FA
:20C040001620F7F76AFD08E041F2D430C0F20000C26812B1084690470446204610BD28B11C
:20C060000123042200211620F7F757BD41F2D431C0F200014869002818BF0047704710B5BF
:20C08000012430B12346062200211620F7F745FD07E041F2D431C0F20001C86908B18047FF
:20C0A0000446204610BD41F2D432C0F200021168002918BF0847704710B501460024FF293F
:20C0C000204607D0C9B10123052221461620F7F724FD1AE041F2D432C0F2000291690029A8
:20C0E00018BF8847002810D0022808BF04460CD0032814BF0124032407E041F2D430C0F261
:20C100000000816909B188470446204610BD10B400230CE05C186478802CCC5C2CBF4FF00E
:20C12000010C4FF0000C0CEB4404D4540133A0F1010C6345EEDB0244084410F8010C400016
:20C1400002F8010C10BC704730B4002406E0155D11F804C085EA0C051D5501348442F6DB6A
:20C1600030BC70472DE9F044D8B007460D4616464CAA40F6A474C0F200040BCC0BC2206828
:20C1800010601022002150A8F7F737FF48A810220021F7F732FF02A84FF48C720021F7F764
:20C1A0002CFF394602A8802200F084FB54AF50A88DE8810048AB02A81022012101F032F91C
:20C1C00004462A46394610209DF850A1FFF79FFFBAF1800F05D32B464CAA29461020FFF7CE
:20C1E000B3FF3246294610202F78FFF790FF802F05D333464CAA31461020FFF7A5FF2046AD
:20C2000058B0BDE8F08410B40023934238BFC45C03D393420CBF80240024CC540133102B5D
:20C22000F3D310BC70472DE9F04CDCB005460E4692461F464CA810220021DDF890B1F7F7B0
:20C24000DCFE05F10F00040908BF012408D015F00F0F05D106EB0410A0F11001639A09E0A8
:20C2600005F00F024CA906EB04101038FFF7CBFF4CA95A4650AB1020FFF766FF002058A97A
:20C2800000250D5401301028F9D31FE006EB0212FFF75AFF48A810220021F7F7AEFE02A809
:20C2A0004FF48C720021F7F7A8FE394602A8802200F000FB58A954A88DE8030048AB02A8C0
:20C2C0001022012101F0AEF805F1807554AB58A910202A0EA4F1010C6245D7D350AAFFF73D
:20C2E00033FF48A810220021F7F787FE02A84FF48C720021F7F781FE394602A8802200F022
:20C30000D9FA58A954A88DE8030048AB02A81022012101F087F8002058A9095C0AF80010DC
:20C3200001301028F8D35CB0BDE8F08CF0B58AB004460D4616461F4606AA40F6B47CC0F297
:20C34000000CBCE80B000BC2DCF8000040F6C47CC0F2000C106002AABCE80B000BC2DCF8E1
:20C36000000006A9106002AA2046FFF7FBFE02A906A88DE8030023463A4629463046FFF708
:20C3800052FF00200AB0F0BD4FF0FF310160704730B400230EE00568CC5C40F6D47CC0F27C
:20C3A000000C6C402406A40D5CF80440013384EA152404609342EED330BC70470168C94365
:20C3C000016070474BF67003C1F6FF7340204BF69411C1F6FF7103F120025A6118805880BA
:20C3E000596018815881188358834BF69421C1F6FF71D9604BF69400C1F6FF70D8610121F0
:20C40000198259824FF00110186270474188013989B231B1436853F82120002A08BF0139A3
:20C42000F7D001314180704730B40024050CB5EB124F0AD30BD901240BE0ADB251F825C013
:20C4400053F825008445F6D801D2022401E0013DF3D2204630BC704710B413460288090C33
:20C460008A420FD3426841809A4218BF002006D108E053F824C000F5803042F824C0040C0F
:20C480008C42F6D310BC70472DE9F04F86B00F9CD4F804C08B468C451CBF03939C4547D0B1
:20C4A0000F994FEA104A4FEA124909EB0A00013800242546A04648802CE0FFF723F92646AF
:20C4C0002F4600242546214616E0884213D3401A504510DA039BC1EB18425BF8222053F8EE
:20C4E0002100A2FB0002A41845F10005361847F100070490059201314FEA18404945E4D3C5
:20C500000F9AD2F804C0E41945F1000508F580384CF820600F9A50884FEA18418142CCD3BE
:20C5200054EA050204D00F9A4CF821400130508006B0BDE8F08F2DE9F04186B00446844628
:20C540000D4602A880E83C004FEA12484FEA1C45002637461FE00598039B50F827E053F896
:20C5600027000021821941F1000C964571EB0C0C0C9A07D303465068AEEB030CACEB060283
:20C580000E4605E05368AEEB0000821B1846012640F8272001374745DDD3BFB20FE00598FC
:20C5A00050F827C00C984468B44527BFACEB060100266FF07F41012644F827100137AF4277
:20C5C000EDD30C98478006B0BDE8F041FFF71EBF2DE9F04840F22C4CADEB0C0DDDF84444CB
:20C5E0000192626802938A4200F084808222ADF8142089AB0693ADF80C2007AA04920A46D7
:20C6000001462046FFF728FF6CE0618862680198029E000C0D1A06EB800602EB810C56F8A6
:20C62000046C5CF8041CADB2084600210F46B94200D1B04208BF002D07D1019A029B00949D
:20C64000D4E90001FFF777FF54E0864271EB010B08D33DB15CF8082C013DADB2844650182C
:20C660004CF10001721C47F1000301F031F90029069A82E8030014BF0220012003A9ADF8FB
:20C680001600019A029B0091DDE90501FFF7FCFEDDE9031205A8FFF7DFFEE5B1BDF8160043
:20C6A0002844ADF816000138010407E0069A471B52F82770A1F5803142F82070080CA8423C
:20C6C000F4D2002005E0069A002342F82030013080B2A842F7D30094DDE90523D4E90001EB
:20C6E000FFF729FFD4E90001019A029BFFF79CFE02288AD140F22C408544BDE8F088F0B4E9
:20C70000030C013B9BB200240AE051F8246001EB84056D68760846EAC57647F8246001347B
:20C720009C425768F1D351F82300400847F8230018BF01335380F0BC70472DE9F04840F2C1
:20C740004C7CADEB0C0D04460D4616461F46012201A8DDF86CB780E834004FF00114054603
:20C760008222ADF844270AABCDF84837ADF82020ADF81020214608A840F23C536B4409932F
:20C780008CAA05924123ADF818302A460DF587630793FFF761FE31463A4606A8FFF75CFE3B
:20C7A00004A80299039AFFF757FE40F244726A4400920DF26470D0E90023DDE90401FFF7B2
:20C7C00007FF40F244766E4404A8D6E90012FFF743FE33E0FEF796FF079A126812F0010F37
:20C7E00013D00096DDE90423DDE90801FFF74CFE08AA00920DF2647040F244766E44D0E956
:20C800000023D6E90001FFF7E3FE0096DDE9042310461946FFF738FE04AA00920DF26470E7
:20C8200040F244766E44D0E90023D6E90001FFF7CFFE06AADDE90601FFF761FF22462B464F
:20C84000DDE90601FFF7F0FD0128C3D00096DDE90423DDE90801FFF717FE08AA00920DF2CC
:20C860006470D0E90023D6E90001FFF7B1FEDDE908125846FFF7F0FD40F24C708544BDE8E6
:20C88000F088002918BF002803D17047002200F8012B0139FAD27047002A1ABF0028002916
:20C8A0007047002311F803C000F803C001339342F8D370472DE9F005B2F1800305D0403B0B
:20C8C00005D0402B05D10E2302E00A2300E00C23036000F108044460002513E001EB86085D
:20C8E00098F801C011F8263043EA0C2798F802C057EA0C4398F803C005F5803543EA0C63A8
:20C9000044F826302E0CB6EB621FE7DB006841F21C41C0F2000141F2F435C0F200050A3867
:20C9200004D0023829D002285DD0ABE00023B4E84015624655F82300C2F30727C2F3074CF7
:20C94000CF5D704011F80CC07840170ECF5D80EA0C2002F0FF0C90EA074011F80C7080EADA
:20C96000076080EA080888EA0A0A8AEA020C84E8011501330A2BDAD384E000230C34B4E8D3
:20C9800000156046C0F3072755F82320C0F3074C54F8186CCF5D724011F80C607A40070E73
:20C9A000CF5D00F0FF0C82EA062292EA074211F80C7054F8106C82EA076754F8142C87EAD3
:20C9C000020C84E880108CEA060686EA080888EA0A0A8AEA000C04F1080080E84015013357
:20C9E000082BCBD34EE000231834B4E800055246C2F3072755F82300C2F3074C54F8206C5D
:20CA0000CF5D704011F80C607840170ECF5D02F0FF0C80EA062090EA074011F80C7080EA7F
:20CA20000766A4F11C0090E881142660464066607E4086EA0A0000F0FF07A660E060CE5D5A
:20CA40006746C0F3072C11F80CC0C0F3074A7E4096EA0C2611F80AC0070ECF5D86EA0C402A
:20CA600054F80C6C80EA076787EA060080EA080A80468AEA020C04F1100080E880150133A9
:20CA8000072BB1D30020BDE8F00570472DE9F04CC6B005460E46174668464FF48C71FFF7C7
:20CAA000F0FE68464FF48C71FFF7EBFE05F108046C603A4631466846FFF7FCFE9DE80500CE
:20CAC00002EB001353F8101BA96053F80C1CE96053F8081C296153F8041C28601034696121
:20CAE00033E0042753F8045B41F21C46C0F2000642F21C12C0F2000241F61C5EC0F2000E7A
:20CB000005F0FF00C5F3072116F801C0C5F307412D0E305C16F801A041F61C11C0F20001E5
:20CB2000765D51F82A5041F21C51C0F2000152F820205EF82C0051F82660504045406E406E
:20CB400044F8046B013FCDD15846203BA0F1010BBBF1000FC5DC18682060586860609868DA
:20CB6000A060D868E060002046B0BDE8F08C2DE9F04F96B08C780B88C3EA0444B1F80330FB
:20CB8000476844EA036601963C6866404C791B0A43EA04238C79019643EA0444B1F807303F
:20CBA00044EA036502957C6865404C7A1B0A43EA04238C7A029543EA0444B1F80B30006822
:20CBC00044EA03640394D7F808C084EA0C0491F80DC01B0A43EA0C2391F80EC0C97B03940B
:20CBE00043EA0C4343EA0163049307F110010091F9684B40049340106EE04FEA0A6A4FEAF0
:20CC00009A5AB04651F80A605EF828A042F61C18C0F20008664058F82540DDF82C808AEAE3
:20CC2000060A5BF8296084EA0A04664001964FEA0C64A40D4FEA006A4FEA9A5ADDF830C060
:20CC400078690D595EF8284042F61C18C0F2000858F82CC0DDF8348051F80AA045406C40C0
:20CC60001B069B0DCB585BF82850DDF838800F998CEA040C85EA0C050295BC695EF828C0C8
:20CC800042F61C18C0F2000858F82110DDF8408012A88AEA040A8CEA0A0C5BF8284081EA6A
:20CCA0000C014C400394F96990E88007CDF800905EF828C042F61C18C0F2000858F82A00B0
:20CCC000DDF844804B408CEA030C5BF8283080EA0C00434004933846009F139043F21C114E
:20CCE000C0F200014FEA056B4FEA9B5B42F61C5EC0F2000EC5F3072C42F61C18C0F2000826
:20CD00003006800D51F80B9042F21C5BC0F2000B51F800A038685EF82CC08AEA000AC4F304
:20CD2000074058F82080180E8CEA0A0C88EA0C085BF820A0C4F3072C8AEA080ACDF814A088
:20CD40007868DDF84C805EF82CC0A8F10108CDF8488089EA0008C3F307408CEA080C42F6A7
:20CD60001C18C0F2000858F820004FEA046880EA0C004FEA166C5BF82CC04FEA98588CEAA1
:20CD8000000CCDF818C01806800DC3F3072358F8019051F80080C6F30740CDF84C80C84616
:20CDA000D7F808905EF8233088EA090883EA080342F61C18C0F2000858F82090280E07F114
:20CDC0001408CDF85080CDF800805BF8200089EA0308C6F3072380EA08000790D7F80C9015
:20CDE000DDF84C805EF82360C5F3074388EA090886EA080642F61C18C0F2000858F82350CD
:20CE0000230E75405BF82330C0F307286B4008933C69CDF82C80C3F30748CDF830804FEA95
:20CE20001A68CDF83480C3F30728CDF83880CAF30748CDF83C804FEA1C68CDF84080DDF8F1
:20CE40005080CCF30726C0F307454FEA136908F10C08CDF85080CAF30728CDF84C80CCF384
:20CE60000748CDF854804FEA1068CDF84480DDF84880CDF82490B8F1000F3FF7BEAE41F2ED
:20CE80001C4BC0F2000B0AF0FF0A1BF80AA01BF806108AEA040484EA01241BF8051084EAE0
:20CEA00001441BF8091084EA016601960CF0FF0479691BF804400DF12C0C4C409CE82247AE
:20CEC0001BF8011084EA01241BF805101BF8085084EA014484EA0565029500F0FF04D7F824
:20CEE00018C01BF8044084EA0C041BF809C084EA0C241BF80AC084EA0C441BF80EC013A8D4
:20CF000084EA0C64039490E8000703F0FF00F9691BF80000CDF8009048401BF8081080EA44
:20CF200001201BF80A10119B80EA01401BF8031016701571147280EA01630493300A507035
:20CF40001373300C9070300ED070280A5071280C9071280ED071200A5072200C9072200EAA
:20CF6000D072180A5073180C9073180ED073042101A8FFF786FC02A80421FFF782FC03A8C6
:20CF80000421FFF77EFC04A80421FFF77AFC05A80421FFF776FC06A80421FFF772FC07A89F
:20CFA0000421FFF76EFC08A80421FFF76AFC68460421FFF766FC002016B0BDE8F08F2DE970
:20CFC000F04F96B08C780B88C3EA0444B1F80330476844EA036601963C6866404C791B0A53
:20CFE00043EA04238C79019643EA0444B1F8073044EA036502957C6865404C7A1B0A43EA1E
:20D0000004238C7A029543EA0444B1F80B30006844EA03640394D7F808C084EA0C0491F8C1
:20D020000DC01B0A43EA0C2391F80EC0C97B039443EA0C4343EA0163049307F11001009132
:20D04000F9684B400493401071E04FEA0A6A4FEA9A5AB04651F80A605EF828A041F61C18A0
:20D06000C0F20008664058F82540DDF824808AEA060A5BF82860DDF82C8084EA0A04664020
:20D0800001964FEA0C64A40D4FEA036C4FEA9C5CD7F814A00D590C9C5EF8283041F61C181C
:20D0A000C0F2000858F82440DDF8348051F80CC085EA0A054FEA006A4FEA9A5A6B405BF818
:20D0C0002850DDF8388051F80AA05C4065400295BB690F9C5EF8281041F61C18C0F20008FE
:20D0E0008CEA030C58F82430DDF8408012A85BF8284081EA0C014B405C400394FB6990E8EB
:20D100000213CDF800905EF8287041F61C18C0F2000858F82C00DDF844808AEA030A87EA8B
:20D120000A075BF828307840434004930846009F159042F21C11C0F200014FEA056B4FEAD9
:20D140009B5B41F61C5EC0F2000EC3F3072C3006800D5EF82C80C4F3074C51F800A0386827
:20D1600051F80B9041F21C5BC0F2000B8AEA000A41F61C10C0F2000050F82CC0280E88EAF5
:20D180000A088CEA080CDDF854805BF820A08AEA0C0ACDF814A0A8F10108CDF84880C6F34C
:20D1A000072C78685EF82CC089EA0008C3F307408CEA080C41F61C18C0F2000858F8200083
:20D1C0004FEA036880EA0C004FEA146C5BF82CC04FEA98598CEA000CCDF818C02006800D41
:20D1E000C4F3072451F80080C5F30720C5F30745CDF8448051F80980D7F80890CDF84C804E
:20D200005EF820801B0ECDF84080DDF844805BF82330C6F3074088EA090941F61C18C0F28A
:20D22000000858F82000DDF840805EF8244088EA090880EA080007F1140943400793F868A0
:20D24000DDF84C80CDF80090360E88EA000884EA080441F61C18C0F2000809F10C0958F81C
:20D2600025504FEA1C685BF826006540684008903C69CDF82480C0F30726C3F30745CAF371
:20D280000728CDF82C80C0F30748CDF830804FEA1368CDF83480CCF30728CDF83880CAF322
:20D2A0000748CDF83C804FEA1068CDF84080C3F30728CDF84C80CCF30748CDF854804FEA12
:20D2C0001A68CDF84480DDF84880CDF85090B8F1000F3FF7BAAE43F21C5BC0F2000B0AF048
:20D2E000FF0A1BF80AA01BF806108AEA040484EA01241BF8051084EA014409991BF801108F
:20D3000084EA016601960CF0FF0479691BF804404C400BA991E822551BF8011013F0FF0310
:20D3200084EA01241BF805101BF808501BF8033084EA014484EA05650295BC6963401BF884
:20D340000A4083EA04231BF80C4083EA04431BF80E4010F0FF001BF8000083EA0464139BE6
:20D360000394F969CDF8009048401BF80310159B80EA01201BF80310119B80EA01401BF8E6
:20D38000031016701571147280EA01630493300A50701373300C9070300ED070280A507156
:20D3A000280C9071280ED071200A5072200C9072200ED072180A5073180C9073180ED073C2
:20D3C000042101A8FFF75DFA02A80421FFF759FA03A80421FFF755FA04A80421FFF751FAF3
:20D3E00005A80421FFF74DFA06A80421FFF749FA07A80421FFF745FA08A80421FFF741FA03
:20D4000068460421FFF73DFA002016B0BDE8F08F8C4611461A46BCF1010F01D1FFF7A7BB92
:20D42000FFF7CDBD2DE9F04C84B0834616469A4601240B9F0C9D002942D121E039466846FF
:20D440001022FFF729FA2A4639465846FFF7B7FD044600211AF801007A5C50406854013178
:20D460001029F7DB694650461022FFF715FA103710350021102E24BF06F1F001C9B20E46A0
:20D48000002EDBD11EE000211AF801007A5C5040685401311029F7DB2A4629465846FFF7AE
:20D4A00066FB2946044650461022FFF7F5F9103710350021102E24BF06F1F001C9B20E4621
:20D4C000002EE0D1204604B0BDE8F08C30B5C6B005460C4668464FF48C71FFF7D2F929461C
:20D4E00068468022FFF7E6F9224621466846FFF73EFB46B030BD30B5C6B005460C466846D2
:20D500004FF48C71FFF7BDF9294668468022FFF7BDFA224621466846FFF751FD46B030BD0F
:20D52000F0B5D0B005460C4616461F460AA84FF48C71FFF7A6F906A81021FFF7A2F902A8C7
:20D540001021FFF79EF929460AA88022FFF7B2F920468DE8110033463A460AA80121FFF7FA
:20D5600061FF50B0F0BDF0B5CCB005460C4616461F4606A84FF48C71FFF783F902A81021E4
:20D58000FFF77FF9294606A88022FFF77FFA40B920468DE8110033463A4606A80021FFF74C
:20D5A00041FF4CB0F0BD70B5C6B006460D46144668464FF48C71FFF764F9314668468022E6
:20D5C000FFF764FA224621466846FFF7D0FA00216A5C635C5A406A5401311029F8D346B090
:20D5E00070BD70B5C6B006460D46144668464FF48C71FFF746F9314668468022FFF746FA4A
:20D60000224621466846FFF7B2FA00216A5C635C5A406A5401311029F8D346B070BD61B47F
:20D6200010F0030F06D0521E3BD300F8011B10F0030FF8D101F0FF0C4CEA0C2C402A4CEA8B
:20D640000C4C1FD3A2F14002634665466646A0E86810A0E86810403AA0E86810A0E8681031
:20D66000F5D240321DD012F0200F1CBFA0E86810A0E8681012F0100F18BFA0E8681012F07E
:20D680000F020ED0121F06D340F804CB121F02D340F804CBF6E7121D03D000F8011B521E1A
:20D6A000FBD161BC7047E1B5121F45DB4FF00305054012D0C5F10405022D11F8013B00F84A
:20D6C000013B08DB11F8013B00F8013B03DD11F8013B00F8013B521B2EDB4FF003050D404F
:20D6E0003DD1083A1CDB143A11DBB1E86840A0E86840B1E86840A0E86840203AF5DA12F19B
:20D70000100FA2BFB1E86840A0E86840103A1432A1BFB1E82840A0E82840B2F10C02F7E7A8
:20D72000083209DB121FB9BF51F8043B40F8043B28C928C0A8BF121F121D00F08F80022A58
:20D7400011F8013B00F8013BA4BF11F8013B00F8013BC4BF11F8013B00F8013B7EE021F009
:20D76000030151F804EB022D28DC4FD00C2A18DBA2F10C024FEA1E23B1E8E04043EA056389
:20D780004FEA152545EA06654FEA162646EA07664FEA172747EA0E67E8C0103AEADA0C3259
:20D7A00009DB4FEA1E2551F804EB45EA0E6540F8045B121FF5DAA1F10301BDE70C2A18DB35
:20D7C000A2F10C024FEA1E63B1E8E04043EA05234FEA156545EA06254FEA166646EA0726C1
:20D7E0004FEA176747EA0E27E8C0103AEADA0C3209DB4FEA1E6551F804EB45EA0E2540F8A6
:20D80000045B121FF5DAA1F1010195E70C2A18DBA2F10C024FEA1E43B1E8E04043EA054307
:20D820004FEA154545EA06454FEA164646EA07464FEA174747EA0E47E8C0103AEADA0C32B8
:20D8400009DB4FEA1E4551F804EB45EA0E4540F8045B121FF5DAA1F102016DE7BDE8E14048
:20D8600070470C394FF000022BD360294FF000034FF0000C1BD3E0B4A1F118014FF00007E4
:20D880004FF000054FF00006A0E8EC10A0E8EC10A0E8EC10A0E8EC10A0E8EC102439A0E886
:20D8A000EC10F1D201F12401E0BC0C3909D3A0E80C10A0E80C10A0E80C100C39A0E80C1000
:20D8C000F5D20C3103D040F8042B491EFBD1704700B511B100F00AF800BD0BB1084600BD33
:20D8E0000146104600F0DDFA002100BD2DE9E04F8FB052EA03050D920E9300F06C821D00E3
:20D90000174607920CBF4FF0010C4FF0000CBCF1000F18BF1546B5FA85F505EB4C1B551ECE
:20D9200063F1000605EA020C06EA03055CEA050506D1CBF13F020FB0BDE8E04F00F0BCBA7B
:20D940000D9A0E9B904271EB030502D20020014641E2BBF1000F02D1012059463BE2BBF1CC
:20D96000200F4FF6FF7EC0F2B780E1BB07990546CBF1400BCBF1200011FA00F001D1012075
:20D9800027E06FF00042111AA0FB01677E42A6FB01167100A0FB01677E42A6FB01167100DC
:20D9A000A0FB01677E42A6FB01167100A0FB01677E42A6FB0116B1000339A0FB0167C61931
:20D9C000891BA0FB0167C619891BA0FB01673844081AA5FB0001ABF10102681A01EB50007E
:20D9E000D0400021F7E1BBF1300F75DB0D0C01EA0E060799070C00EA0E0CCBF1400BADF868
:20DA00001A1088B2CBF12001884008BF012033D06FF00042111AA0FB01E3C3F1000EAEFB5C
:20DA2000011E4FEA4E01A0FB01E3C3F1000EAEFB011E4FEA4E01A0FB01E3C3F1000EAEFBC4
:20DA4000011E4FEA4E01A0FB01E3C3F1000EAEFB011E4FEA8E010339A0FB01E300EB030E97
:20DA6000A1EB0E01A0FB01E300EB030EA1EB0E01A0FB01E31844081AA5FB00E16A1A01EB07
:20DA80005201BDF81A20ABF1010321FA03FE02FB1E5146EA0145A5FB00616E1A01EB5601DA
:20DAA000D94002FB115547EA0546A6FB0075771B05EB5705DD4002FB15664CEA0647A7FBC0
:20DAC000000689B241EA0E41B81B06EB5000D84080B240EA05407EE14FEA2B12C2F1040A28
:20DAE000BBF1000F1CD0BBF1000F02D10E9D0D9F13E0BBF11F0F05D9ABF1200507FA05F533
:20DB000000270AE00E9DCBF1200C27FA0CFC07FA0BF705FA0BF54CEA05050E950D97079711
:20DB20000BF00F070D0C1DD10FB90D460EE01F2F05D9A7F1200100FA01F5002006E0B940F0
:20DB4000C7F1200520FA05F50D43B840013A290CADF80E1005EA0E05060C00EA0E074FF007
:20DB6000000C23E04FF00009ADF80E90CFB1C7F1100C25FA0CF3ADF80E300FB90D460EE0AD
:20DB80001F2F05D9A7F1200100FA01F5484606E0B940C7F1200520FA05F50D43B84029469B
:20DBA0000D0C01EA0E06070C00EA0E0C0E984FF00008030CADF8180007989346010CADF853
:20DBC0002210ADF81A000AAA581E184214BF10200F20414682E80301C0F1200113FA01F0D9
:20DBE00001D1012033E06FF00042111AA0FB01E2C2F1000EAEFB011E4FEA4E01A0FB01E246
:20DC0000C2F1000EAEFB011E4FEA4E01A0FB01E2C2F1000EAEFB011E4FEA4E01A0FB01E2E6
:20DC2000C2F1000EAEFB011E4FEA8E010339A0FB01E200EB020EA1EB0E01A0FB01E200EBDA
:20DC4000020EA1EB0E01A0FB01E21044081A09904FF6FF714FEA0B100590BDF80E00984251
:20DC600003D14FF48030AE4618E0099A45EA004EAEFB0220DDF82880A8F10108AEEB00024C
:20DC800000EB520020FA08F003FB10EEBDF8188000FB08F246EA0E48424508D901389E44EE
:20DCA000BEF5803FF2D3BDF8188000FB08F21AF0040F4FF0000E0BD0BDF81A8000FB18CE76
:20DCC0000EEA010C4FEA1E4ECEF1000E1FFA8EFE1AF0050F0DD0BDF8228000FB1877A7EBBA
:20DCE0000E0E0EEA01074FEA1E4ECEF1000E1FFA8EFEB61AA6EB0E0600FB13554FEA164E7C
:20DD0000CEF1000EBDF80E201FFA8EFE0E40A5EB0E054FEA154ECEF1000E1FFA8EFEA2EB22
:20DD20000E0E5FEA1E4222D00138BBF1000F21D01AF0040F07D0BDF81A209444E6440EEA6A
:20DD4000010C4FEA1E4E1AF0050F07D0BDF822203A4496440EEA01074FEA1E4EBDF818203B
:20DD60001D443244724402EA010605EB12455FEA0B1E02D14FF0000E10E0BEF11F0F06D99E
:20DD8000059AA2F1200E00FA0EFE002006E04FEA0B12CEF1200E20FA0EFE9040DDF82C805D
:20DDA000ADF80E5035463E4648EA0000DDF830800B9067464FF0000C48EA0E09DDF8148065
:20DDC000CDF83090BBF1010BA8F11008CDF81480BFF443AF49460FB0BDE8E08F4FF00003B3
:20DDE000020057D0B2EB112F98BF4FEA0222F9D3B2EB510F42D8B2EB910F3AD8B2EBD10FBA
:20DE000030D8B2EB111F26D8B2EB511F1CD8B2EB911F12D8B2EBD11F08D8B1EBC21F43EBDF
:20DE2000030328BFA1EBC211B1EB821F43EB030328BFA1EB8211B1EB421F43EB030328BF07
:20DE4000A1EB4211B1EB021F43EB030328BFA1EB0211B1EBC20F43EB030328BFA1EBC20195
:20DE6000B1EB820F43EB030328BFA1EB8201B1EB420F43EB030328BFA1EB4201914243EB73
:20DE8000030328BF891A824288BF4FEA1222C4D11846704740F20002C0F20002002AF8D0F6
:20DEA00010470246B1FBF0F000FB02F2A1EB02017047002B18BF4022402A88BF4022D2F1C8
:20DEC000200306DAA2F1200321FA03F04FF00001704720FA02F001FA03FC40EA0C0021FA2D
:20DEE00002F1704791FBF0F07047B1FBF0F0704700B500F0ACF808B1012000BD4CF2E850BC
:20DF0000C1F6FF70006800F05EF900BD4CF2EC52C1F6FF72116809B100F099B8022070477E
:20DF20004CF2EC52C1F6FF72116809B100F030BB0A20704710B54CF2EC54C1F6FF740021C0
:20DF4000024684E80600016809B9616010BDC06800F09EF86068C06900F0A6FB012020607D
:20DF600010BD10B54CF2E854C1F6FF746168002902D0A1680A79904224BF012010BD096807
:20DF80002073C0EB001001EB80002060BDE8104000F0C9B910B54CF2EC54C1F6FF742168EA
:20DFA000002902D061680A7E904224BF012010BD8968C0EB800001EB800000F088F800205A
:20DFC00010BD4CF2EC51C1F6FF710868002808BF704700F048B830B504464CF2EC55C1F667
:20DFE000FF752868002808BF30BD6868007C844228BF30BD00F07EFB68684069006850F8C9
:20E00000240000F071F8BDE8304000F091BB00F0B3BA10B54CF2E854C1F6FF74217BFF29A8
:20E020000AD0A0680068C1EB011100EB81002060BDE8104000F011BB002010BD4CF24001CF
:20E04000C4F20701086840F00400086070474CF20801C4F207010868C0F34010002894BF4C
:20E0600001200020704700B54EF60C51CEF20001086840F20401C0F2FA51C0F30F000843E0
:20E080004EF60C51CEF200010860BFF34F8F00BD002808BF704710B44FF20404C4F20704F5
:20E0A000018880782268C1F3002340F2FE04CFF6FE7422401A43C90742EAD13141EA00200B
:20E0C0004FF20401C4F20701086010BC7047002808BF70470021026802E0037A5350491CB9
:20E0E00043689942F9D3704730B540F20002C4F2010211684EF60054CEF2000421F000411E
:20E10000116010B96FF0020159E04CF24003C4F207031968401E21F00F0119604EF20C0123
:20E12000C4F2070134D327D0801E13D317D001282ED1106840F000401060206940F004007B
:20E140002061086820F002000860086840F0010008601DE0206920F00400206118E02069AF
:20E1600040F004002061106840F000401060086820F0030008600BE0106840F00040106064
:20E18000206940F004002061086840F0030008604EF21000CEF2000005684EF21001CEF2A8
:20E1A000000100200860206920F00200206130BF4EF21000CEF200006FF004010560206969
:20E1C0000840206130BD2DE9F00C81B04CF20004C4F207040268236862F301032360A36867
:20E1E00000210D4613F00303934208D0A3684CF2503C13F003036D1C6545F5D301210029D1
:20E200005AD1036B009140F20006CFF6FF76EBB390F83450042D39D8B5B31A7D93F808C024
:20E2200093F800B0DDF800A00BFA02FB4AEA0B0ACDF800A0DDF800A0D3F804B002F1080788
:20E240000CFA07F74AEA070ACDF800A0BBF1010F07D1009F02F1100C0BFA0CFC47EA0C077D
:20E26000009704EBC202B3F80CC0976C37404CEA07079764D76CB3F80AC037404CEA0707B1
:20E28000D76418336D1EC8D1009A2264E26A22F00702E26290F82820012A0DD1C06A58B1FD
:20E2A000E26A06F1F8031A400368007913F007031A4342EA0020E062084601B0BDE8F00C4A
:20E2C0007047002808BF70474168002908BF70470278002A08BF704730B451F8100B11F81E
:20E2E0000C4C4DF20003C4F2070303EB8000036823F00103036003684FF6FE05CFF6F07594
:20E3000014F001042B4051F8085C23436C0711F8045C43EA54532C07521E43EA143303604C
:20E32000DBD130BC70472DE9F04F05004FF0010008BFBDE8F08F4CF20004C4F20704206C7A
:20E3400020F00F002064216841F003012160A1684CF250360020024611F00301032906D09F
:20E36000A16811F00301521CB242F7D30120002818BFBDE8F08FA86BFFF7A3FF687A012869
:20E3800010D1E9680A790020012A08BF02208A79012A08BF40F008004979012908BF40F084
:20E3A00004006061297C002001291ED16B7C012B17D1696909790246012908BF0323216982
:20E3C00021F0030119432161A16801F0040104290BD0A168521CB24201F00401F7D30120F7
:20E3E00003E0216921F001012161297E4FF0000A01295AD1697E012953D1EB6957460A4660
:20E400004BB393F804B0BBF1010F0EBFD646D3468E46D4F818C048F2EF09CFF6FF794FEAE1
:20E42000CE7E0CEA090C4CEADE694FEACB7C93F805B049EA5C494FEA0B7B49EA1B5B4BEAD3
:20E440009C4C4CEADE4CC4F818C0D4F818C04CF0010CC4F818C0D4F808C00CF0080CBCF10E
:20E46000080F18D0D4F808C0D4F818B061F30B2BC4F818B01144C9B201290CF0080C08BF96
:20E480000A4603D00F2908BF4FF0FF327F1CB742E5D34FF0010AA1695A7962F30B21A161F4
:20E4A00003E0A16921F00101A16195F8201040EA0A0001291ED10021216295F821100129C4
:20E4C00018D1696AB1B1226A4FF2EF03CFF6C0731A400B688988DB0742EAD362C1F305236A
:20E4E000090742EA034242EA11512162216A41F00101216240F20008C4F20108D8F8001070
:20E500004FF2FF02CFF600721140EA7941EA02412A7A120741EA1251C8F80010B5F8051083
:20E5200095F804C00023C1F303274FEA0C7C090747EA1C3747EA115761681A464FF2F00C35
:20E54000CFF6F07C01EA0C0139436160E168B94204D0521CB242E168F9D30123184318BF70
:20E56000BDE8F08F2968012908BFBDE8F08F2846BDE8F04FFFF727BE4FF20002C4F20702A2
:20E5800040F20331C0F21F01106811600840704710B54CF2F854C1F6FF74FFF7EDFF0028D8
:20E5A0000CBF20682060B0F580300ED210F57E4023D010F5807022D0FE3022D0B0F1FF3FB7
:20E5C00001D1082010BD092010BD001E13D0B0F580300ED0B0F5003009D0B0F5802004D083
:20E5E000B0F5002FEFD1002010BD012010BD022010BD032010BD042010BD052010BD0620C4
:20E6000010BD072010BD30B505460024FFF71FFD08BB05B34CF22001C4F207010868C0F318
:20E620000010012805D028BF214604D2E869016801E0686901684CF22002C4F2070210683C
:20E64000C0F30540401C41431068C0F303204000801CB1FBF0F4204630BD10B54CF20802C8
:20E66000C4F207021168002411F00301491E06D308D0022909D315D1C068006807E0406914
:20E68000006804E0FFF7BFFF01E0C069006848B14CF20402C4F207021168C1F30341491C36
:20E6A000B0FBF1F4204610BD002808BF704710B402681188147A127CE407240DC1F300231B
:20E6C000D207C4EAC34343EA12724EF20803C4F207031A608088C907C207D20D42EA114179
:20E6E000C0F3002041EAC0125A6010BC7047EFF31080704700B54BF67C51C1F6FF7108688A
:20E7000000280DD1FFF7F3FF4BF67851C1F6FF710860086810F0010090F0010F00D072B679
:20E720004BF67C51C1F6FF710868401C086000BD00B54BF67C51C1F6FF7108684BF678524E
:20E74000C1F6FF72401E0860106810F0010090F0010F08BF00BD4BF67C51C1F6FF71086899
:20E76000002818BF00BD62B600BDEFF31080704700B54BF68451C1F6FF71086800280DD177
:20E78000FFF7F3FF4BF68051C1F6FF710860086810F0010090F0010F00D072B64BF68451E1
:20E7A000C1F6FF710868401C086000BD00B54BF68451C1F6FF7108684BF68052C1F6FF72A4
:20E7C000401E0860106810F0010090F0010F08BF00BD4BF68451C1F6FF710868002818BF3A
:20E7E00000BD62B600BDEFF31080704700B506F0F4FB4BF68C51C1F6FF71086800280DD109
:20E80000FFF7F1FF4BF68851C1F6FF710860086810F0010090F0010F00D072B64BF68C5152
:20E82000C1F6FF710868401C086000BD00B506F0D4FB4BF68C51C1F6FF710868401E0860CB
:20E840004BF68851C1F6FF71086810F0010090F0010F08BF00BD4BF68C51C1F6FF7108683D
:20E86000002818BF00BD62B600BD00B506F0B5FB4BF69451C1F6FF71086800280DD1FFF7F3
:20E88000B2FF4BF69051C1F6FF710860086810F0010090F0010F00D072B64BF69451C1F640
:20E8A000FF710868401C086000BD00B506F095FB4BF69451C1F6FF710868401E08604BF6F8
:20E8C0009051C1F6FF71086810F0010090F0010F08BF00BD4BF69451C1F6FF7108680028C6
:20E8E00018BF00BD62B600BD00B506F076FB4BF69C51C1F6FF71086800280DD1FFF773FF60
:20E900004BF69851C1F6FF710860086810F0010090F0010F00D072B64BF69C51C1F6FF71F0
:20E920000868401C086000BD00B506F056FB4BF69C51C1F6FF710868401E08604BF6985135
:20E94000C1F6FF71086810F0010090F0010F08BF00BD4BF69C51C1F6FF710868002818BF47
:20E9600000BD62B600BD00B506F037FB4BF6A451C1F6FF71086800280DD1FFF734FF4BF6EB
:20E98000A051C1F6FF710860086810F0010090F0010F00D072B64BF6A451C1F6FF71086831
:20E9A000401C086000BD00B506F017FB4BF6A451C1F6FF710868401E08604BF6A051C1F69D
:20E9C000FF71086810F0010090F0010F08BF00BD4BF6A451C1F6FF710868002818BF00BDB9
:20E9E00062B600BD00B506F0F8FA4BF6AC51C1F6FF71086800280DD1FFF7F5FE4BF6A851A7
:20EA0000C1F6FF710860086810F0010090F0010F00D072B64BF6AC51C1F6FF710868401C3D
:20EA2000086000BD00B506F0D8FA4BF6AC51C1F6FF710868401E08604BF6A851C1F6FF7138
:20EA4000086810F0010090F0010F08BF00BD4BF6AC51C1F6FF710868002818BF00BD62B688
:20EA600000BD00B506F0B9FA4BF6B451C1F6FF71086800280DD1FFF7B6FE4BF6B051C1F6F5
:20EA8000FF710860086810F0010090F0010F00D072B64BF6B451C1F6FF710868401C086004
:20EAA00000BD00B506F099FA4BF6B451C1F6FF710868401E08604BF6B051C1F6FF710868DF
:20EAC00010F0010090F0010F08BF00BD4BF6B451C1F6FF710868002818BF00BD62B600BDB3
:20EAE00000B506F07AFA4BF6BC51C1F6FF71086800280DD1FFF777FE4BF6B851C1F6FF7130
:20EB00000860086810F0010090F0010F00D072B64BF6BC51C1F6FF710868401C086000BD2E
:20EB200000B506F05AFA4BF6BC51C1F6FF710868401E08604BF6B851C1F6FF71086810F04A
:20EB4000010090F0010F08BF00BD4BF6BC51C1F6FF710868002818BF00BD62B600BD00B575
:20EB600006F03BFA4BF6C451C1F6FF71086800280DD1FFF738FE4BF6C051C1F6FF7108606A
:20EB8000086810F0010090F0010F00D072B64BF6C451C1F6FF710868401C086000BD00B559
:20EBA00006F01BFA4BF6C451C1F6FF710868401E08604BF6C051C1F6FF71086810F00100AD
:20EBC00090F0010F08BF00BD4BF6C451C1F6FF710868002818BF00BD62B600BD00B506F0F8
:20EBE000FCF94BF6CC51C1F6FF71086800280DD1FFF7F9FD4BF6C851C1F6FF7108600868E0
:20EC000010F0010090F0010F00D072B64BF6CC51C1F6FF710868401C086000BD00B506F04A
:20EC2000DCF94BF6CC51C1F6FF710868401E08604BF6C851C1F6FF71086810F0010090F0D2
:20EC4000010F08BF00BD4BF6CC51C1F6FF710868002818BF00BD62B600BD00B506F0BDF939
:20EC60004BF6D451C1F6FF71086800280DD1FFF7BAFD4BF6D051C1F6FF710860086810F083
:20EC8000010090F0010F00D072B64BF6D451C1F6FF710868401C086000BD00B506F09DF92C
:20ECA0004BF6D451C1F6FF710868401E08604BF6D051C1F6FF71086810F0010090F0010F07
:20ECC00008BF00BD4BF6D451C1F6FF710868002818BF00BD62B600BD00B506F07EF94BF6BF
:20ECE000DC51C1F6FF71086800280DD1FFF77BFD4BF6D851C1F6FF710860086810F0010072
:20ED000090F0010F00D072B64BF6DC51C1F6FF710868401C086000BD00B506F05EF94BF6A2
:20ED2000DC51C1F6FF710868401E08604BF6D851C1F6FF71086810F0010090F0010F08BFF0
:20ED400000BD4BF6DC51C1F6FF710868002818BF00BD62B600BDEFF31080704700B54BF641
:20ED6000E451C1F6FF71086800280AD1FFF7F3FF4BF6E051C1F6FF7108600868C00700D4D0
:20ED800072B64BF6E451C1F6FF710868401C086000BD00B54BF6E451C1F6FF7108684BF6BA
:20EDA000E052C1F6FF72401E08601068C00748BF00BD4BF6E451C1F6FF710868002818BF24
:20EDC00000BD62B600BD00B54BF6EC51C1F6FF71086800280AD1FFF7BEFF4BF6E851C1F6F0
:20EDE000FF7108600868C00700D472B64BF6EC51C1F6FF710868401C086000BD00B54BF67C
:20EE0000EC51C1F6FF7108684BF6E852C1F6FF72401E08601068C00748BF00BD4BF6EC5134
:20EE2000C1F6FF710868002818BF00BD62B600BD00B54BF6F451C1F6FF71086800280AD1D5
:20EE4000FFF789FF4BF6F051C1F6FF7108600868C00700D472B64BF6F451C1F6FF710868D3
:20EE6000401C086000BD00B54BF6F451C1F6FF7108684BF6F052C1F6FF72401E0860106856
:20EE8000C00748BF00BD4BF6F451C1F6FF710868002818BF00BD62B600BD00B54BF6FC51F6
:20EEA000C1F6FF71086800280AD1FFF754FF4BF6F851C1F6FF7108600868C00700D472B623
:20EEC0004BF6FC51C1F6FF710868401C086000BD00B54BF6FC51C1F6FF7108684BF6F85227
:20EEE000C1F6FF72401E08601068C00748BF00BD4BF6FC51C1F6FF710868002818BF00BD40
:20EF000062B600BD00B54BF60461C1F6FF71086800280AD1FFF71FFF4BF60061C1F6FF714A
:20EF200008600868C00700D472B64BF60461C1F6FF710868401C086000BD00B54BF604611D
:20EF4000C1F6FF7108684BF60062C1F6FF72401E08601068C00748BF00BD4BF60461C1F629
:20EF6000FF710868002818BF00BD62B600BD00B54BF60C61C1F6FF71086800280AD1FFF72D
:20EF8000EAFE4BF60861C1F6FF7108600868C00700D472B64BF60C61C1F6FF710868401C7C
:20EFA000086000BD00B54BF60C61C1F6FF7108684BF60862C1F6FF72401E08601068C0075A
:20EFC00048BF00BD4BF60C61C1F6FF710868002818BF00BD62B600BD00B54BF61461C1F675
:20EFE000FF71086800280AD1FFF7B5FE4BF61061C1F6FF7108600868C00700D472B64BF6D0
:20F000001461C1F6FF710868401C086000BD00B54BF61461C1F6FF7108684BF61062C1F6F7
:20F02000FF72401E08601068C00748BF00BD4BF61461C1F6FF710868002818BF00BD62B675
:20F0400000BD00B54BF61C61C1F6FF71086800280AD1FFF780FE4BF61861C1F6FF71086029
:20F060000868C00700D472B64BF61C61C1F6FF710868401C086000BD00B54BF61C61C1F65D
:20F08000FF7108684BF61862C1F6FF72401E08601068C00748BF00BD4BF61C61C1F6FF71FF
:20F0A0000868002818BF00BD62B600BDEFF31080704700B505F091FF4BF62461C1F6FF71FF
:20F0C000086800280DD1FFF7F1FF4BF62061C1F6FF710860086810F0010090F0010F00D0B2
:20F0E00072B64BF62461C1F6FF710868401C086000BD00B505F071FF4BF62461C1F6FF7103
:20F100000868401E08604BF62061C1F6FF71086810F0010090F0010F08BF00BD4BF6246185
:20F12000C1F6FF710868002818BF00BD62B600BD00B505F052FF4BF62C61C1F6FF71086847
:20F1400000280DD1FFF7B2FF4BF62861C1F6FF710860086810F0010090F0010F00D072B6B0
:20F160004BF62C61C1F6FF710868401C086000BD00B505F032FF4BF62C61C1F6FF71086869
:20F18000401E08604BF62861C1F6FF71086810F0010090F0010F08BF00BD4BF62C61C1F6AE
:20F1A000FF710868002818BF00BD62B600BD00B505F013FF4BF63461C1F6FF71086800288D
:20F1C0000DD1FFF773FF4BF63061C1F6FF710860086810F0010090F0010F00D072B64BF64E
:20F1E0003461C1F6FF710868401C086000BD00B505F0F3FE4BF63461C1F6FF710868401EFC
:20F2000008604BF63061C1F6FF71086810F0010090F0010F08BF00BD4BF63461C1F6FF710B
:20F220000868002818BF00BD62B600BD00B505F0D4FE4BF63C61C1F6FF71086800280DD1D6
:20F24000FFF734FF4BF63861C1F6FF710860086810F0010090F0010F00D072B64BF63C6145
:20F26000C1F6FF710868401C086000BD00B505F0B4FE4BF63C61C1F6FF710868401E0860DF
:20F280004BF63861C1F6FF71086810F0010090F0010F08BF00BD4BF63C61C1F6FF71086873
:20F2A000002818BF00BD62B600BD00B505F095FE4BF64461C1F6FF71086800280DD1FFF707
:20F2C000F5FE4BF64061C1F6FF710860086810F0010090F0010F00D072B64BF64461C1F634
:20F2E000FF710868401C086000BD00B505F075FE4BF64461C1F6FF710868401E08604BF60C
:20F300004061C1F6FF71086810F0010090F0010F08BF00BD4BF64461C1F6FF7108680028FB
:20F3200018BF00BD62B600BD00B505F056FE4BF64C61C1F6FF71086800280DD1FFF7B6FE31
:20F340004BF64861C1F6FF710860086810F0010090F0010F00D072B64BF64C61C1F6FF7126
:20F360000868401C086000BD00B505F036FE4BF64C61C1F6FF710868401E08604BF6486189
:20F38000C1F6FF71086810F0010090F0010F08BF00BD4BF64C61C1F6FF710868002818BF3D
:20F3A00000BD62B600BD00B505F017FE4BF65461C1F6FF71086800280DD1FFF777FE4BF6BD
:20F3C0005061C1F6FF710860086810F0010090F0010F00D072B64BF65461C1F6FF71086867
:20F3E000401C086000BD00B505F0F7FD4BF65461C1F6FF710868401E08604BF65061C1F6F2
:20F40000FF71086810F0010090F0010F08BF00BD4BF65461C1F6FF710868002818BF00BDAE
:20F4200062B600BD00B505F0D8FD4BF65C61C1F6FF71086800280DD1FFF738FE4BF65861B7
:20F44000C1F6FF710860086810F0010090F0010F00D072B64BF65C61C1F6FF710868401C33
:20F46000086000BD00B505F0B8FD4BF65C61C1F6FF710868401E08604BF65861C1F6FF718C
:20F48000086810F0010090F0010F08BF00BD4BF65C61C1F6FF710868002818BF00BD62B67E
:20F4A00000BD00B505F099FD4BF66461C1F6FF71086800280DD1FFF7F9FD4BF66061C1F607
:20F4C000FF710860086810F0010090F0010F00D072B64BF66461C1F6FF710868401C0860FA
:20F4E00000BD00B505F079FD4BF66461C1F6FF710868401E08604BF66061C1F6FF71086833
:20F5000010F0010090F0010F08BF00BD4BF66461C1F6FF710868002818BF00BD62B600BDA8
:20F5200000B505F05AFD4BF66C61C1F6FF71086800280DD1FFF7BAFD4BF66861C1F6FF7141
:20F540000860086810F0010090F0010F00D072B64BF66C61C1F6FF710868401C086000BD24
:20F5600000B505F03AFD4BF66C61C1F6FF710868401E08604BF66861C1F6FF71086810F09E
:20F58000010090F0010F08BF00BD4BF66C61C1F6FF710868002818BF00BD62B600BD00B56B
:20F5A00005F01BFD4BF67461C1F6FF71086800280DD1FFF77BFD4BF67061C1F6FF7108607C
:20F5C000086810F0010090F0010F00D072B64BF67461C1F6FF710868401C086000BD00B54F
:20F5E00005F0FBFC4BF67461C1F6FF710868401E08604BF67061C1F6FF71086810F0010002
:20F6000090F0010F08BF00BD4BF67461C1F6FF710868002818BF00BD62B600BD00B505F0EE
:20F62000DCFC4BF67C61C1F6FF71086800280DD1FFF73CFD4BF67861C1F6FF7108600868EF
:20F6400010F0010090F0010F00D072B64BF67C61C1F6FF710868401C086000BD00B505F041
:20F66000BCFC4BF67C61C1F6FF710868401E08604BF67861C1F6FF71086810F0010090F025
:20F68000010F08BF00BD4BF67C61C1F6FF710868002818BF00BD62B600BD00B505F09DFC4D
:20F6A0004BF68461C1F6FF71086800280DD1FFF7FDFC4BF68061C1F6FF710860086810F077
:20F6C000010090F0010F00D072B64BF68461C1F6FF710868401C086000BD00B505F07DFC40
:20F6E0004BF68461C1F6FF710868401E08604BF68061C1F6FF71086810F0010090F0010F3D
:20F7000008BF00BD4BF68461C1F6FF710868002818BF00BD62B600BD00B505F05EFC4BF6D2
:20F720008C61C1F6FF71086800280DD1FFF7BEFC4BF68861C1F6FF710860086810F0010065
:20F7400090F0010F00D072B64BF68C61C1F6FF710868401C086000BD00B505F03EFC4BF6B6
:20F760008C61C1F6FF710868401E08604BF68861C1F6FF71086810F0010090F0010F08BF26
:20F7800000BD4BF68C61C1F6FF710868002818BF00BD62B600BD00B505F01FFC4BF694615B
:20F7A000C1F6FF71086800280DD1FFF77FFC4BF69061C1F6FF710860086810F0010090F089
:20F7C000010F00D072B64BF69461C1F6FF710868401C086000BD00B505F0FFFB4BF69461F9
:20F7E000C1F6FF710868401E08604BF69061C1F6FF71086810F0010090F0010F08BF00BDCE
:20F800004BF69461C1F6FF710868002818BF00BD62B600BD00B505F0E0FB4BF69C61C1F610
:20F82000FF71086800280DD1FFF740FC4BF69861C1F6FF710860086810F0010090F0010FE6
:20F8400000D072B64BF69C61C1F6FF710868401C086000BD00B505F0C0FB4BF69C61C1F600
:20F86000FF710868401E08604BF69861C1F6FF71086810F0010090F0010F08BF00BD4BF6BB
:20F880009C61C1F6FF710868002818BF00BD62B600BD00B505F0A1FB4BF6A461C1F6FF7190
:20F8A000086800280DD1FFF701FC4BF6A061C1F6FF710860086810F0010090F0010F00D03D
:20F8C00072B64BF6A461C1F6FF710868401C086000BD00B505F081FB4BF6A461C1F6FF710F
:20F8E0000868401E08604BF6A061C1F6FF71086810F0010090F0010F08BF00BD4BF6A4619E
:20F90000C1F6FF710868002818BF00BD62B600BD00B505F062FB4BF6AC61C1F6FF710868D3
:20F9200000280DD1FFF7C2FB4BF6A861C1F6FF710860086810F0010090F0010F00D072B63C
:20F940004BF6AC61C1F6FF710868401C086000BD00B505F042FB4BF6AC61C1F6FF71086875
:20F96000401E08604BF6A861C1F6FF71086810F0010090F0010F08BF00BD4BF6AC61C1F6C6
:20F98000FF710868002818BF00BD62B600BD00B505F023FB4BF6B461C1F6FF710868002819
:20F9A0000DD1FFF783FB4BF6B061C1F6FF710860086810F0010090F0010F00D072B64BF6DA
:20F9C000B461C1F6FF710868401C086000BD00B505F003FB4BF6B461C1F6FF710868401E07
:20F9E00008604BF6B061C1F6FF71086810F0010090F0010F08BF00BD4BF6B461C1F6FF7124
:20FA00000868002818BF00BD62B600BD00B505F0E4FA4BF6BC61C1F6FF71086800280DD162
:20FA2000FFF744FB4BF6B861C1F6FF710860086810F0010090F0010F00D072B64BF6BC6151
:20FA4000C1F6FF710868401C086000BD00B505F0C4FA4BF6BC61C1F6FF710868401E08606B
:20FA60004BF6B861C1F6FF71086810F0010090F0010F08BF00BD4BF6BC61C1F6FF7108688B
:20FA8000002818BF00BD62B600BD00B505F0A5FA4BF6C461C1F6FF71086800280DD1FFF793
:20FAA00005FB4BF6C061C1F6FF710860086810F0010090F0010F00D072B64BF6C461C1F63F
:20FAC000FF710868401C086000BD00B505F085FA4BF6C461C1F6FF710868401E08604BF698
:20FAE000C061C1F6FF71086810F0010090F0010F08BF00BD4BF6C461C1F6FF710868002814
:20FB000018BF00BD62B600BD00B505F066FA4BF6CC61C1F6FF71086800280DD1FFF7C6FAB1
:20FB20004BF6C861C1F6FF710860086810F0010090F0010F00D072B64BF6CC61C1F6FF713E
:20FB40000868401C086000BD00B505F046FA4BF6CC61C1F6FF710868401E08604BF6C86195
:20FB6000C1F6FF71086810F0010090F0010F08BF00BD4BF6CC61C1F6FF710868002818BFD5
:20FB800000BD62B600BD00B505F027FA4BF6D461C1F6FF71086800280DD1FFF787FA4BF63D
:20FBA000D061C1F6FF710860086810F0010090F0010F00D072B64BF6D461C1F6FF7108687F
:20FBC000401C086000BD00B505F007FA4BF6D461C1F6FF710868401E08604BF6D061C1F6FD
:20FBE000FF71086810F0010090F0010F08BF00BD4BF6D461C1F6FF710868002818BF00BD47
:20FC000062B600BD00B505F0E8F94BF6DC61C1F6FF71086800280DD1FFF748FA4BF6D861B7
:20FC2000C1F6FF710860086810F0010090F0010F00D072B64BF6DC61C1F6FF710868401CCB
:20FC4000086000BD00B505F0C8F94BF6DC61C1F6FF710868401E08604BF6D861C1F6FF7198
:20FC6000086810F0010090F0010F08BF00BD4BF6DC61C1F6FF710868002818BF00BD62B616
:20FC800000BD00B505F0A9F94BF6E461C1F6FF71086800280DD1FFF709FA4BF6E061C1F606
:20FCA000FF710860086810F0010090F0010F00D072B64BF6E461C1F6FF710868401C086092
:20FCC00000BD00B505F089F94BF6E461C1F6FF710868401E08604BF6E061C1F6FF7108683F
:20FCE00010F0010090F0010F08BF00BD4BF6E461C1F6FF710868002818BF00BD62B600BD41
:20FD000000B505F06AF94BF6EC61C1F6FF71086800280DD1FFF7CAF94BF6E861C1F6FF7141
:20FD20000860086810F0010090F0010F00D072B64BF6EC61C1F6FF710868401C086000BDBC
:20FD400000B505F04AF94BF6EC61C1F6FF710868401E08604BF6E861C1F6FF71086810F0AA
:20FD6000010090F0010F08BF00BD4BF6EC61C1F6FF710868002818BF00BD62B600BD00B503
:20FD800005F02BF94BF6F461C1F6FF71086800280DD1FFF78BF94BF6F061C1F6FF7108607C
:20FDA000086810F0010090F0010F00D072B64BF6F461C1F6FF710868401C086000BD00B5E7
:20FDC00005F00BF94BF6F461C1F6FF710868401E08604BF6F061C1F6FF71086810F001000D
:20FDE00090F0010F08BF00BD4BF6F461C1F6FF710868002818BF00BD62B600BD00B505F087
:20FE0000ECF84BF6FC61C1F6FF71086800280DD1FFF74CF94BF6F861C1F6FF7108600868EF
:20FE200010F0010090F0010F00D072B64BF6FC61C1F6FF710868401C086000BD00B505F0D9
:20FE4000CCF84BF6FC61C1F6FF710868401E08604BF6F861C1F6FF71086810F0010090F031
:20FE6000010F08BF00BD4BF6FC61C1F6FF710868002818BF00BD62B600BD00B505F0ADF8D9
:20FE80004BF60471C1F6FF71086800280DD1FFF70DF94BF60071C1F6FF710860086810F062
:20FEA000010090F0010F00D072B64BF60471C1F6FF710868401C086000BD00B505F08DF8BC
:20FEC0004BF60471C1F6FF710868401E08604BF60071C1F6FF71086810F0010090F0010F35
:20FEE00008BF00BD4BF60471C1F6FF710868002818BF00BD62B600BD00B505F06EF84BF64F
:20FF00000C71C1F6FF71086800280DD1FFF7CEF84BF60871C1F6FF710860086810F0010051
:20FF200090F0010F00D072B64BF60C71C1F6FF710868401C086000BD00B505F04EF84BF632
:20FF40000C71C1F6FF710868401E08604BF60871C1F6FF71086810F0010090F0010F08BF1E
:20FF600000BD4BF60C71C1F6FF710868002818BF00BD62B600BD00B505F02FF84BF6147147
:20FF8000C1F6FF71086800280DD1FFF78FF84BF61071C1F6FF710860086810F0010090F005
:20FFA000010F00D072B64BF61471C1F6FF710868401C086000BD00B505F00FF84BF61471E4
:20FFC000C1F6FF710868401E08604BF61071C1F6FF71086810F0010090F0010F08BF00BD56
:20FFE0004BF61471C1F6FF710868002818BF00BD62B600BD00B504F0F0FF4BF61C71C1F6F6
:020000040001F9
:20000000FF71086800280DD1FFF750F84BF61871C1F6FF710860086810F0010090F0010F62
:2000200000D072B64BF61C71C1F6FF710868401C086000BD00B504F0D0FF4BF61C71C1F6E5
:20004000FF710868401E08604BF61871C1F6FF71086810F0010090F0010F08BF00BD4BF643
:200060001C71C1F6FF710868002818BF00BD62B600BDEFF31080704700B54BF62471C1F660
:20008000FF71086800280DD1FFF7F3FF4BF62071C1F6FF710860086810F0010090F0010F30
:2000A00000D072B64BF62471C1F6FF710868401C086000BD00B54BF62471C1F6FF71086838
:2000C0004BF62072C1F6FF72401E0860106810F0010090F0010F08BF00BD4BF62471C1F645
:2000E000FF710868002818BF00BD62B600BD00B54BF62C71C1F6FF71086800280DD1FFF769
:20010000B8FF4BF62871C1F6FF710860086810F0010090F0010F00D072B64BF62C71C1F631
:20012000FF710868401C086000BD00B54BF62C71C1F6FF7108684BF62872C1F6FF72401ED3
:200140000860106810F0010090F0010F08BF00BD4BF62C71C1F6FF710868002818BF00BD79
:2001600062B600BD00B54BF63471C1F6FF71086800280DD1FFF77DFF4BF63071C1F6FF71F7
:200180000860086810F0010090F0010F00D072B64BF63471C1F6FF710868401C086000BD00
:2001A00000B54BF63471C1F6FF7108684BF63072C1F6FF72401E0860106810F0010090F043
:2001C000010F08BF00BD4BF63471C1F6FF710868002818BF00BD62B600BD00B54BF63C71DA
:2001E000C1F6FF71086800280DD1FFF742FF4BF63871C1F6FF710860086810F0010090F0C1
:20020000010F00D072B64BF63C71C1F6FF710868401C086000BD00B54BF63C71C1F6FF7106
:2002200008684BF63872C1F6FF72401E0860106810F0010090F0010F08BF00BD4BF63C71FA
:20024000C1F6FF710868002818BF00BD62B600BD00B54BF64471C1F6FF71086800280DD12E
:20026000FFF707FF4BF64071C1F6FF710860086810F0010090F0010F00D072B64BF6447112
:20028000C1F6FF710868401C086000BD00B54BF64471C1F6FF7108684BF64072C1F6FF72E9
:2002A000401E0860106810F0010090F0010F08BF00BD4BF64471C1F6FF710868002818BF5F
:2002C00000BD62B600BD00B54BF64C71C1F6FF71086800280DD1FFF7CCFE4BF64871C1F6CB
:2002E000FF710860086810F0010090F0010F00D072B64BF64C71C1F6FF710868401C0860D4
:2003000000BD00B54BF64C71C1F6FF7108684BF64872C1F6FF72401E0860106810F0010074
:2003200090F0010F08BF00BD4BF64C71C1F6FF710868002818BF00BD62B600BD00B54BF68D
:200340005471C1F6FF71086800280DD1FFF791FE4BF65071C1F6FF710860086810F00100B4
:2003600090F0010F00D072B64BF65471C1F6FF710868401C086000BD00B54BF65471C1F665
:20038000FF7108684BF65072C1F6FF72401E0860106810F0010090F0010F08BF00BD4BF6BE
:2003A0005471C1F6FF710868002818BF00BD62B600BD00B54BF65C71C1F6FF7108680028CE
:2003C0000DD1FFF756FE4BF65871C1F6FF710860086810F0010090F0010F00D072B64BF622
:2003E0005C71C1F6FF710868401C086000BD00B54BF65C71C1F6FF7108684BF65872C1F6FC
:20040000FF72401E0860106810F0010090F0010F08BF00BD4BF65C71C1F6FF71086800284B
:2004200018BF00BD62B600BD00B54BF66471C1F6FF71086800280DD1FFF71BFE4BF66071CA
:20044000C1F6FF710860086810F0010090F0010F00D072B64BF66471C1F6FF710868401C0B
:20046000086000BD00B54BF66471C1F6FF7108684BF66072C1F6FF72401E0860106810F07C
:20048000010090F0010F08BF00BD4BF66471C1F6FF710868002818BF00BD62B600BD00B554
:2004A0004BF66C71C1F6FF71086800280DD1FFF7E0FD4BF66871C1F6FF710860086810F095
:2004C000010090F0010F00D072B64BF66C71C1F6FF710868401C086000BD00B54BF66C718A
:2004E000C1F6FF7108684BF66872C1F6FF72401E0860106810F0010090F0010F08BF00BDCF
:200500004BF66C71C1F6FF710868002818BF00BD62B600BD00B54BF67471C1F6FF71086823
:2005200000280DD1FFF7A5FD4BF67071C1F6FF710860086810F0010090F0010F00D072B673
:200540004BF67471C1F6FF710868401C086000BD00B54BF67471C1F6FF7108684BF67072C8
:20056000C1F6FF72401E0860106810F0010090F0010F08BF00BD4BF67471C1F6FF71086843
:20058000002818BF00BD62B600BDEFF31080704700B54BF67C71C1F6FF71086800280DD121
:2005A000FFF7F3FF4BF67871C1F6FF710860086810F0010090F0010F00D072B64BF67C7173
:2005C000C1F6FF710868401C086000BD00B54BF67C71C1F6FF7108684BF67872C1F6FF7236
:2005E000401E0860106810F0010090F0010F08BF00BD4BF67C71C1F6FF710868002818BFE4
:2006000000BD62B600BD00B54BF68471C1F6FF71086800280DD1FFF7B8FF4BF68071C1F62A
:20062000FF710860086810F0010090F0010F00D072B64BF68471C1F6FF710868401C086058
:2006400000BD00B54BF68471C1F6FF7108684BF68072C1F6FF72401E0860106810F00100C1
:2006600090F0010F08BF00BD4BF68471C1F6FF710868002818BF00BD62B600BD00B54BF612
:200680008C71C1F6FF71086800280DD1FFF77DFF4BF68871C1F6FF710860086810F0010014
:2006A00090F0010F00D072B64BF68C71C1F6FF710868401C086000BD00B54BF68C71C1F6B2
:2006C000FF7108684BF68872C1F6FF72401E0860106810F0010090F0010F08BF00BD4BF643
:2006E0008C71C1F6FF710868002818BF00BD62B600BDEFF31080704700B54BF69471C1F6FA
:20070000FF71086800280DD1FFF7F3FF4BF69071C1F6FF710860086810F0010090F0010F39
:2007200000D072B64BF69471C1F6FF710868401C086000BD00B54BF69471C1F6FF710868D1
:200740004BF69072C1F6FF72401E0860106810F0010090F0010F08BF00BD4BF69471C1F6DE
:20076000FF710868002818BF00BD62B600BD000241F20402C4F2010281507047000241F257
:200780000802C4F2010281507047000222B941F20802C4F2010203E041F20402C4F2010266
:2007A0000244012000FA01F11068084310607047000241F21002C4F201028058C84010F01C
:2007C00001007047000241F20002C4F2010281507047000241F21001C4F20101405870479C
:2007E00041F20002C4F2010202EB0020012202FA01F3C2681A43C2600068C84010F00100D1
:200800007047C1B2C0F30720FFF7EABFC1B2C0F30720FFF7CDBFFFF7DCBF0A46C1B2C0F35F
:200820000720FFF7B2BFFFF7CDBF70B504460D461646FDF79DFF05EA06012046FFF797FF12
:2008400026EA05012046FFF799FFBDE87040FDF7ADBF000010B5032828BF042301D239B916
:2008600002230E2200217220F3F757F9012010BD4CF2FC54C1F6FF742368002BF1D00020F9
:20088000024604EBC203D3F808C00433BCF1000F06D05B68D1F800C01B689C4508BF0C205D
:2008A0000132022AEDD310BD00B581230B2200217220F3F732F9012000BD00B58123122293
:2008C00000217220F3F729F9012000BD010004D1022301227220F3F720B972214180B421DF
:2008E0000180022101710321417100218171704710B54CF2FC54C1F6FF742068002818BF3E
:2009000010BD00F012FC45F29461C0F20101086800F012FC4FF4E061002001F015F90120FA
:20092000206010BD00B58123102200217220F3F7F4F8012000BD00B5812308220021722042
:20094000F3F7EBF8012000BD00B581230F2200217220F3F7E2F8012000BD00B5812313227F
:2009600000217220F3F7D9F8012000BD00B58123062200217220F3F7D0F8012000BD00B5B2
:200980008123112200217220F3F7C7F8012000BD00B58123042200217220F3F7BEF8012053
:2009A00000BD00B58123092200217220F3F7B5F8012000BD00B581230A2200217220F3F7AC
:2009C000ACF8012000BD00B58123072200217220F3F7A3F8012000BD00B58123052200215C
:2009E0007220F3F79AF8012000BD00B58123152200217220F3F791F8012000BD826C014642
:200A00000020042A2BD245F25063C0F2010303EBC202526812682C2345F2A06CC0F2010CB4
:200A200002FB03C35A6AB2F5807F18D893F81CC0BCF1000F07D193F80CC0BCF1010F02D1B7
:200A40006AB19B6A5BB1C96B49688968142918BF7047802A1ABFC02AB2F5807F70470120DE
:200A60007047F0B50546C06B47687E6800240B2E0AD1286A002865D0686A0068202861D82D
:200A800010F0030F5FD05DE02846FFF7B7FF012801D1002E56D1022E05D0A868002851D010
:200AA000286A00284ED0B96803290ED1686B04281EBF0728E86810F03F0F43D1686A00683B
:200AC00020283FD810F00F0F3CD104290ED1686B04281EBF0728E86810F07F0F32D1686AC2
:200AE000006830282ED810F00F0F2BD103291EBF0429E86810F00F0F24D1786902281CBF97
:200B00000528022E05D12869E0B1686910281AD018E0032E18BF042E04D1686AE9680068FB
:200B200081420FD1686B01281CBF0228042803D1E968B1F5F84F05D8032804D1E868B0F501
:200B4000784F00D901242046F0BDF0B40246012000251CE0CC6B5B68646803EBC6031F787B
:200B600094F804C0BC4510D194F808C01F79BC450BD194F814C05F79BC4506D194F80CC012
:200B80009B799C4501D100200EE005F18075C2EB820345F2706CC0F2010C0CEB8303D3F849
:200BA00008C02E0E6645D5D3F0BC704750B54CF2FC52C1F6FF7213680024002B14D00E1EE8
:200BC00001D1022310E0032828BF04230CD2FFF7BCFF012808BF812306D03046FFF741FF50
:200BE000012807D14FF08203032221467220F2F794FF0124204650BD70B54CF20065C1F67F
:200C0000FF756968FF2011B1686890F83400072873D80FF20801D1E800F0C046700509155C
:200C20003C707048012000F0C7FD02E0012000F0FCFD04466868C06B007B01280ED0012C9B
:200C40005CD017E0022000F0B7FD022000F0EDFD04466868C06B007B012807D168680021FD
:200C6000002C41601CBF0124696047E0012C18BFFE2C43D0686800214160686834B101240A
:200C80002146F2F705FF0020686037E0F2F700FF34E0012000F008FE04466868C06B007B2E
:200CA00001280BD0012C29D01BE06868C06B017B0020012908D100F027FE04460020696825
:200CC00068604860D4B118E000F076FD002000F0ACFD002000F0E8FD0446012818BFFE28A6
:200CE0000CD068680026003C18BF0124214646606868F2F7CDFE6E6000E00124204670BDF3
:200D000030B54CF20065C1F6FF7505EBC0004068C06B40680079043804D907281CBF012038
:200D200030BD03E0BDE83040FFF766BF0124002000F032FF0228FAD0002000F02DFF70B9F4
:200D4000E968496A0A68E968096A00F0B0FE00242146E868F2F79CFEE968EC604C602046AE
:200D600030BD2DE9F00890F834704BF69432C1F6FF72D2F818C001464CF20064C1F6FF7468
:200D8000002001250226BCF1000F78D14B68002B75D1012F1CBF032F072F70D1616061687E
:200DA000CB6853648B680746834602F1240C1362CB688CE8880810630B6A4F6A50631064A9
:200DC00093630FB13B68D3638F6C45F2506CC0F2010C0CEBC7077F683F6845F2A063C0F298
:200DE00001034FF02C0C07FB0C37D761CF6B9061D7F80CC0C2F810C0D1F834C0C2F814C060
:200E0000D7F804C0DCF804704FB9DCF808B0BBF1030F00F0CF80BBF1040F00F0D180012F36
:200E200000F0D480022F0AD1D060042682E860000B6913634B69096B53631164B7E0032F38
:200E400008BF2F4603D0042F40F0B18007461560D760DCF81470012F00F0BD80022F05D13A
:200E60000B694969556013635163A0E0052F40F09E800B69496956601363516397E0BCF141
:200E8000010F72DD4B68002B6FD1012F1CBF032F072F6AD161606168CB6853648B68074673
:200EA000834602F1240C1362CB688CE8880810630B6A4F6A5063106493630FB13B68D36343
:200EC0008F6C45F2506CC0F2010C0CEBC7077F683F6845F2A063C0F201034FF02C0C07FBA9
:200EE0000C37D761CF6B9061D7F80CC0C2F810C0D1F834C0C2F814C0D7F804C0DCF8047001
:200F00003FB9DCF808B0BBF1030F53D0BBF1040F56D0012F5AD0022F0AD1D060042682E85D
:200F200060000B6913634B69096B536311643EE0032F08BF2F4602D0042F38D107461560B8
:200F4000D760DCF81470012F45D0022F05D10B69496955601363516329E0052F27D10B6908
:200F6000496956601363516321E0BCF1020F1CBFBCF1040FBCF1050F2FD1022F18BF042F89
:200F80002BD161606168566CCB681E4456648E6816620E6A96634E6A53620EB13368D363DE
:200FA000496B9062D062042904BF0521916161684D6013E0594682E82200D560D061F6E77A
:200FC000032182E84200D560D061F0E7D560042682E86000EBE75060E9E72846BDE8F0087E
:200FE000704790F83420072A09D14CF20062C1F6FF72D060D168002001224A60704701205D
:20100000704730B5CB6B91F8345002464CF2006CC1F6FF7C0CEBC20254685B6801201B79DE
:201020002CB9012D19BF032D072D51602046D2F804C0BCF1000F08BF30BD54680968246893
:20104000A14211D15168496871B9191F07D9072918BF30BD5068FFF7C4FF002030BD5068F5
:20106000FFF77FFE002030BD022030BD30B500250C1E05D0C96B496809790B2908BF012550
:201080002146FFF793FD002818BF30BD21462846FFF7B7FF002818BF30BDE16B097B012910
:2010A00018BF30BD2846BDE83040FFF729BE0120704710B500244CF20061C1F6FF7101EB99
:2010C000C400416831B140684068012804BF2046FFF716FE0134022CEDD310BD47F21C02CE
:2010E000C4F206021168C0B221FA00F010F001007047C0B2012101FA00F047F21C02C4F2F8
:2011000006021060704700B5FDF7ABFC47F20401C4F20601086840F040400860086820F04D
:2011200040400860FDF7BDFC00BD002047F20401C4F206010860704710B50446FDF7D0FC54
:2011400047F20400C4F20600016864F383010160BDE81040FDF7E4BC70B506460C4615464A
:20116000FDF7FDFC47F20400C4F20600016840F60D70CFF6FF70014047F20400C4F20600FF
:20118000016030072107090C41EA1060E90747F20404C4F2060440EA917021680143216075
:2011A000216841F480212160FDF7F9FCBDE87040FFF7A9BF20B48908C9B2002208E050F881
:2011C00022C047F22005C4F2060545F822C001328A42F4D320BC704730B4002421462246BF
:2011E0000B4624064FEA146CDD0010F80CC004F180740CFA05F529430133042BF2D3130E6C
:2012000047F26005C4F2060502F1807245F823100021240E102CE3D330BC704770477047C4
:201220004904090C61F3DF3047F20C02C4F206021060704710B50446FDF70FFD47F2040071
:20124000C4F20600016821F070610160200747F20404C4F20604216841EA10112160BDE803
:201260001040FDF71ABD10B50446FDF735FD47F20400C4F20600016821F44031016020466F
:2012800047F20404C4F20604216851EA00412160BDE81040FDF740BD704730B504460D46A8
:2012A000FDF7A4FA47F21400C4F20600026822F01F120260204647F21404C4F20604226883
:2012C000E906090C61F35F1002432260BDE83040FDF7ACBA012047F20001C4F20601086091
:2012E000704747F21C02C4F206021168C9074CBF01200020704747F21C02C4F20602116848
:2013000009044CBF01200020704747F21C02C4F20602116849044CBF012000207047F0B43B
:20132000002321F0030715E022461B064FEA136C03F1807310F80C604FEAC20C06FA0CF6D5
:2013400034430132042AF1D31B0E47F2B002C4F2060214600024BB42E6D38B4238BF2546A2
:2013600007D317E0D618D200865D05F18075964034432A0EA1EB030C6245F3D3100601E08A
:2013800000F18070010E0429FAD347F2B000C4F206000460F0BC704730B40022134612E0A6
:2013A00047F2B405C4F206052C6803F1807384540132250A85540132250C85540132240E4A
:2013C00084540132D2B24FEA910CBCEB136FE7D830BC704770B4002214461AE000231D46FD
:2013E00012064FEA126CEE0010F80CC002F180720CFA06F633430135042DF2D34FEA146C1A
:2014000047F27006C4F20606120E04F1807446F82C308A42E2D370BC7047002047F2700289
:20142000C4F2060202EB800100220A6001300428F4D3704730B400231C4613E047F270050F
:20144000C4F2060555F8222004F18074C2540133150AC5540133150CC5540133120EC254F9
:201460000133DBB2220EB2EB910FE7D330BC704710B50446FDF7F9F947F20400C4F20600F3
:201480000168012C0CBF41F0805121F080510160BDE81040FDF709BA10B50446FDF724FAD9
:2014A00047F20400C4F206000168012C0CBF41F0005121F000510160BDE81040FDF734BAB6
:2014C000704710B54BF69434C1F6FF742068012804BF6068042827D1E06890B90120FFF755
:2014E000FDFD216C013818BF0120086010BD1021A06BFFF79FFFA16BE26B1031A163103A47
:20150000E263E06B002808BF10BD606AA16A8842EDD010BD1021A06BFFF73EFFA16BE26B8E
:201520001031A163103AE263FFF7EFFE012818BF10BDE06B0028EDD110BD10B50DE054F82B
:20154000380F1021FFF728FF0E20FFF7D2FD94E806001031103A84E80600FFF7D6FE012891
:2015600018BF10BD4BF69434C1F6FF74E06B0028E5D110BD30B501250020FFF779FF0020E5
:20158000FFF78AFFFFF7A6FEFFF7D7FFFFF7A9FE01280CD1FFF795FF4BF69430C1F6FF700E
:2015A000C16A002908BF0D460020FFF7A2FDFFF7A2FE01281AD14BF69434C1F6FF74E16AE0
:2015C000A1B11029206A08D2FFF7A9FE216AE26A114421620021E16208E01021FFF79FFEC0
:2015E000E16A226A1039E16210322262002DCBD130BD30B50124FFF7A0FFFFF772FE0128DE
:201600000CD1FFF75EFF4BF69431C1F6FF71C86A002808BF04460020FFF76BFDFFF76BFE25
:2016200001281AD14BF69435C1F6FF75E96AA1B11029286A08D2FFF772FE286AE96A084480
:2016400028620020E86208E01021FFF768FEE86A1038E862286A10302862204630BD10B5C9
:201660004CF21064C1F6FF74207818B901202070FFF730FEFFF7BDFF01281CBF00212170E8
:2016800010BD10B54BF69434C1F6FF742068032808BF10BDE069017F012903D1006A00F01D
:2016A0004AF903E04169806AFFF784FDE069406ABDE81040FFF7B3BD10B54BF69434C1F626
:2016C000FF742068012818BF10BD6068012804D1206BBDE81040FFF77FBD042818BF10BDFA
:2016E000E06840B9606BFFF7A5FD616B206BBDE81040FFF76FBEE06BFFF79CFDBDE8104008
:20170000FFF78BBEF0B507464BF69435C1F6FF75686AAA6A0024861AB6F5F84F1AD90129AA
:2017200018BF012F02D0022902D117B9022435E089B921464FF4F840FFF772FD3846FFF7CA
:2017400092FD55F8280F4FF4F84200F5F84085E8050023E00EB3022F08BF00290BD1304623
:20176000FFF75EFD0320FFF77EFD55F8280F304485E8410012E0002F04BF002904240DD0CC
:2017800030462146FFF74CFD3846FFF76CFD55F8280F304485E8410000E005242046F0BD8E
:2017A00000B5C2B20846012A03D1FFF7E3FE002000BDFFF754FF00BD30B54BF69434C1F654
:2017C000FF74A16919BB05460920A061E26894E80300FFF7C1FC0020FFF772FE15B9606CA7
:2017E000FFF75AFD0C210320FFF757FDFFF749FF0220FFF761FF29460220FFF783FF10B97A
:201800000120A06107E00020A061FE2030BDFE20012918BF30BD02212069FFF7C1FF0028FD
:2018200018BF30BD0221A16130BD70B54BF69435C1F6FF75A9690646FE20022918BF0429CD
:2018400017D10C460920A86131460020FFF75AFF10B90320A8610FE0042818BF052806D14B
:20186000002E0CBF05210421A961002001E02146A961032918BF70BD00212869FFF790FF41
:20188000002818BF70BD66B92969012909D16A6AA96A8A4284BF511AB1F5F84F01D805211A
:2018A00000E00421A96170BD70B54BF69435C1F6FF75A96906460120052918D10C46092081
:2018C000A86131460120FFF71DFF40B9012E12BF022E686CFFF7E0FC0620A8610AE0052840
:2018E00003D10820A861002070BD2146A961062918BF70BD01212869FFF752FF002818BFF9
:2019000070BD0821A96170BD10B504460020FFF753FF0020FFF789FF4BF69432C1F6FF72F6
:2019200091690529F5D10020FFF77FFF2046BDE81040FFF7B9BF10B584B0044600F0B7FC76
:2019400000F053FC0128F9D169462046202200F06BFC50B900F0ABFC00F047FC0128F9D1E1
:2019600000F054FC003818BF012004B010BD016841F002010160704740F22001C0F2221189
:20198000016040F26852C0F20C1240F6C411C0F6804181604FF4C861C1604FF4C84101618C
:2019A000002141618261C161016070474BF6DC3CC1F6FF7CBCF804201107090941F0200366
:2019C000DCF80010C2F30022090643EA112141EAC2119CF80620D20741EAD261DCF80820F3
:2019E000920741EA1272BCF80C10CB07C1F3002142EA535242EA41219CF80E20D20741EA03
:201A0000D2510160016821F020010160704701684BF6DC33C1F6FF7341F0200101605A6937
:201A2000198AC1EA02418160016821F020010160704701684BF6DC32C1F6FF7241F020014F
:201A400001609169C1F31501C160016821F020010160704701684BF6DC32C1F6FF7241F07C
:201A600020010160D169C1F315010161016821F020010160704701684BF6DC33C1F6FF73E9
:201A800041F0200101601A6A998CC1EA02418161016821F0200101607047403050F821008E
:201AA00070474068C9B2C84010F0010070472DE9F044924646F20007C4F2060700240D1E19
:201AC00008BFBDE8F084264610E03846FFF7E5FF010E29550134010C29550134010A295567
:201AE000013406F1807628550134E4B2310EB1EB9A0FEAD3BDE8F0844BF6DC32C1F6FF72AB
:201B000022204FF400714FF4D07C42F8100B0F2002F80C0C002022F80B0C42F8080C22F8F1
:201B2000040C02F8020CA2E8021010214FF6FF7CC0F23F0CA2E802104FF43C714FF4407381
:201B4000844682E80A10704730B50D4646F20004C4F20604B1F5803F28BF30BD2046FFF7B7
:201B60000BFFFFF7C9FF4BF6DC30C1F6FF7045612046FFF71BFF2046FFF76CFF2046FFF7EB
:201B800058FF2046FFF777FF2046FFF740FF2046BDE83040FFF7EBBE10B546F20004C4F2B0
:201BA000060420460521FFF77CFF012804BF022010BD20460921FFF774FF012806D12046E4
:201BC0000121FFF76EFF012808BF002018BF5FF0010010BD70B54CF21865C1F6FF752968E0
:201BE0000646888C896A01EB401151F8180C51F81C1C00240844864210D2304600F06EF881
:201C00002968896A01EB401041684069711AB1FBF0F202FB1010002808BF0124204670BDD5
:201C200070B54CF21865C1F6FF7529680646888C896A01EB401151F8180C51F81C1C002466
:201C40000844864210D8701E00F048F82968896A01EB401041684069711AB1FBF0F202FBA2
:201C60001010002808BF0124204670BD70B54CF21866C1F6FF760024054600F02FF8316871
:201C8000898C814215D308D93168896A01EB4010C068013828420CD10AE03168896A01EBD1
:201CA000401151F8180C51F81C1C0844854200D10124204670BD4CF21861C1F6FF710B68F8
:201CC0009A8C9B6A03EB421353F8182C53F81C3C1A44904294BF01200020704710B40146DE
:201CE00000200AE09A6A02EB40135C68A14203D39B682344994208D301304CF21862C1F659
:201D0000FF7213689A8C9042ECD380B210BC704710B54CF21864C1F6FF744CF21C61C1F650
:201D2000FF710860013804D30BD00238012808D910BD20688068002808BF10BDBDE81040AE
:201D400000472068C068002808BF10BDBDE81040004710B44CF21C61C1F6FF71488B4CF2DD
:201D60001864C1F6FF7420B12168896A01EB401040684CF21C62C1F6FF725168081A10BC01
:201D800070472DE9F04C4CF21C6AC1F6FF7ADAF80400DAF808104CF21867C1F6FF774FF05D
:201DA000020B88421AD83868BAF81A40806A00EB4410017E45690E0018BF0126FFF7C9FF8E
:201DC0003246294600F084FBDAF80410DAF808202944CAF80410914203D910B94FF0000BC8
:201DE0001EE0012808D10346062200215C20F1F7BAFE4FF0010B13E03868806A00EB44132B
:201E00001B7E6BB9BAF81A4000EB441398685B681844814204D391429CBF601CAAF81A0098
:201E20005846BDE8F08C10B54CF21863C1F6FF731A684CF21C6CC1F6FF7CBCF81A30926AC8
:201E400002EB4312137EDCF8102000F058FB0446012805D10223062200215C20F1F783FECC
:201E6000204610BD10B54CF21C61C1F6FF71C8684BF61044C1F6FF74013805D308D0032885
:201E800084BF022010BD08E0BDE81040FFF779BF6068BDE8104000F005B82068BDE810401E
:201EA00000F000B82DE9F04D81B04CF21C67C1F6FF777968BA684CF21866C1F6FF764FF0DE
:201EC000020A914235D800F03AF8834631687C8B7D68896A01EB4410D0F80480584600F099
:201EE0003AF87968014479600146A5EB080000F05FF860B931687B68896A01EB44129168C8
:201F0000526811448B4202D3798B013179837968594598BF0028D9D0012808BF82460AD0A5
:201F2000022808BF4FF0040A05D0BA68914202D908B94FF0000A504601B0BDE8F08D014604
:201F40004CF21C63C1F6FF7398685A680A44904228BF501E704730B44CF21863C1F6FF73E7
:201F600019684CF21C62C1F6FF72538B896A01EB43139968D3F804C06144D2F80CC00139E4
:201F8000BCF1010F0CD1DC685368B3FBF4F505FB1435641BC51A0135A54284BFE0180138D9
:201FA000814228BF01465068081A013030BC704770B50E464CF21C65C1F6FF75E9680124A9
:201FC000013931D303D0022909D31AD02CE03146FFF729FF044628693044286124E031460B
:201FE00000236A6900F04FFA0446012805D10323062200215C20F1F7B6FD686930446861D5
:2020000012E0314600222B6900F03DFA0446022818BF012805D10423062200215C20F1F75C
:20202000A2FD286930442861204670BD4BF60841C1F6FF71086870474BF60841C1F6FF7157
:202040000020086048607047002808BF704710B54CF21C62C1F6FF7211684CF21864C1F660
:20206000FF7402291DD04BF61041C1F6FF71026920601AB982690A60006A02E042690A60A8
:20208000C069486000F0A0F9FFF7D0FF20B100202060FFF7D1FF04E04CF21C61C1F6FF7124
:2020A0000860BDE8104070472DE9D04406460F464CF21861C1F6FF710868012478B330462D
:2020C000FFF788FD002818BF002F28D0B819FFF7A7FD20B3FCF7ACFE4CF21C6AC1F6FF7A90
:2020E000DAF80000022818D0CAF80460B819441ECAF808403046FFF7F1FDAAF81A0020461D
:20210000FFF7ECFDAAF81C000024CAF80C400220CAF8000001208AF81800FCF7A4FE204656
:20212000BDE8D0842DE9E04405468A464CF21861C1F6FF7108681746012678B32846FFF7F0
:2021400095FD01282AD17819FFF790FD012825D1002F18BFBAF1000F20D0FCF79EFE4CF219
:202160001C66C1F6FF763068022808BF012613D075607819471EB7602846FFF7AFFD708339
:202180003846FFF7ABFDB083C6F810A00120F0600221316030760026FCF79AFE3046BDE8EB
:2021A000E08410B54CF21864C1F6FF742068002808BF10BD4CF21C61C1F6FF710868022852
:2021C00018BF10BD00F019F9FFF730FF032804D14CF21C61C1F6FF7108602068C068002812
:2021E00008BF10BDBDE8104000474CF21862C1F6FF721168080008BF70474CF21C61C1F6BE
:20220000FF710868022818BF012070474CF21862C1F6FF721168080008BF70474CF21C616B
:20222000C1F6FF71086870472DE9E04C05468A464CF21861C1F6FF7108681646012798B3D6
:202240002846FFF738FD01282ED16EB37019FFF732FD012828D1BAF1000F25D0FCF7BCFE70
:202260004CF21C6BC1F6FF7BDBF80000022819D0CBF804507019461ECBF808602846FFF7EF
:202280002DFDABF81A003046FFF728FDABF81C00CBF814A08BF818700220CBF80C00CBF8D1
:2022A00000000027FCF7B3FE3846BDE8E08C4CF21861C1F6FF710868002808BF70474CF292
:2022C0001C61C1F6FF710868022818BF704700B54CF21C61C1F6FF71087E012807D1FFF71E
:2022E000ABFE00204CF21C61C1F6FF7108764BF60C41C1F6FF710868002818BF00F0AAF8FF
:20230000FFF794FE002808BFFFF7ACFD5DF804EBFFF7FEBC2DE9E04C054616464CF2186212
:20232000C1F6FF7210688A460127002818BF00292FD02846FFF7BFFC01282AD14EB3701911
:20234000FFF7B9FC012824D1FCF7DCFD4CF21C6BC1F6FF7BDBF80000022818D0CBF80450F6
:202360007019461ECBF808602846FFF7B7FCABF81A003046FFF7B2FCABF81C00CBF810A025
:202380000320CBF80C000220CBF800000027FCF7D4FD3846BDE8E08C00B50A4601464CF262
:2023A0001863C1F6FF7318684CF21C6CC1F6FF7CBCF81A30806A00EB43100069104400F02E
:2023C0008DFB00F0FEFC00BD10B54BF60844C1F6FF7400202060206838B900F040FB45F6D3
:2023E000A52188421CBF0120206000204BF60C41C1F6FF71086010BD704700B54CF21862A3
:20240000C1F6FF7210684CF21C62C1F6FF72518B806A4BF60842C1F6FF7200EB411011680A
:202420000229C06909D1002818BF00BD00F0B8FC45F6A521884218BF00BD00204BF60C4101
:20244000C1F6FF7108604BF60841C1F6FF710320086000BD4CF21862C1F6FF7210684CF25E
:202460001C62C1F6FF72518B806A4BF60842C1F6FF7200EB4110C069116802290CBF002841
:20248000704700F08FBB30B54CF2186CC1F6FF7CDCF800504CF21C6CC1F6FF7CBCF81AC0C8
:2024A000AD6A05EB4C15D5F81CC0BCF1000F0DD184462869604412B100F032FB02E01A4650
:2024C00000F049FBBDE8304000F07BBC012030BD4CF2186CC1F6FF7CDCF800104CF21C6CE0
:2024E000C1F6FF7CBCF81AC0896A01EB4C11C96919B901461046FFF74FBF0120704730B57E
:202500004CF2186CC1F6FF7CDCF800504CF21C6CC1F6FF7CBCF81AC0AD6A05EB4C15D5F8E8
:202520001CC0BCF1000F06D1844628696044BDE8304000F0CEBB012030BD000040F200025D
:20254000C4F20102116801280CBF41F0040021F004001060704740F20002C4F2010211687E
:2025600001280CBF41F0020021F00200106070474CF23C60C1F6FF70016845F6A5208142CE
:2025800001D100F02EB842F6D430884242F2E47218BF10467047014311F0030F04D1042AC5
:2025A00024BF0420704704E0012011F0010F18BF7047022A34BF0120022070474CF24060C2
:2025C000C1F6FF70016845F6A520814201D100F008B842F6D430884242F2E47218BF10466A
:2025E000704740F20000C4F201004168C1F3C01101290BD1416811F04E0F02D145F6A5202D
:2026000070474E21416042F2E47070474EF242707047F0B506460C46154601272A4621466E
:202620003046FFF7B8FF411E0DD0491E06D002290ED121683268914209D109E021883288D8
:20264000914205D003E021783278914200D0002740F20402C4F201021168C1F38001012919
:2026600005D10420106045B143F2CC3007E0002FF9D0064404442D1AD0D145F6A5204CF232
:202680004461C1F6FF710860F0BD10B44F2340F20404C4F201042360BFF35F8F4EF624544F
:2026A000CEF20004236823F4803323604EF69454CEF20004236823F001032360BFF34F8FD9
:2026C000BFF36F8F002405E051F823C004F1807440F823C0230EB3EBA20FF5DBBFF35F8F21
:2026E00005204EF69451CEF20001086051F8700D40F480300860BFF34F8FBFF36F8F0020F1
:2027000010BC704710B54CF24464C1F6FF7410F01F0F03D042F6B450206010BD40F204029F
:20272000C4F20102116811F0800F03D14EF24270206010BD4F21116040F20803C4F20103EC
:2027400000221A604E2243F8042D40F21802C4F2010210601960FCF774FC202000F05AFB2B
:202760002060BDE81040FCF787BC2DE9F04D81B0044616460F46884645F6A52AB2F1000BA9
:2027800018BF002907D0B0F5002F04D20844401EB0F5002F02D342F6B45000E050464CF275
:2027A0004465C1F6FF755045286030D14EF2427028603A4631462046FFF7EDFE411E09D037
:2027C000491E04D0022904BF2168316005E02188318002E021788BF8001040F20402C4F27B
:2027E0000102116811F0040F0AD104440644B346A8F101083F1A08D0B8F1000FD9D102E0CC
:20280000042010600FB142F2E47AC5F800A001B0BDE8F08D70B504460D4601262A462046E3
:202820000021FFF7B8FE411E0ED0491E06D002290ED12168B1F1FF3F09D109E021884FF62D
:20284000FF72914204D002E02178FF2900D0002640F20402C4F201021168C1F380010129FE
:2028600005D1042010603DB142F6746006E0002EF9D004442D1AD1D145F6A5204CF2446103
:20288000C1F6FF71086070BD4F2140F20402C4F201021160002151604E211160BFF35F8F58
:2028A0004EF62452CEF20002116821F48031116052F8701F21F001011160BFF34F8FBFF34D
:2028C0006F8F44F26751C0F223110160BFF35F8F052010604EF62452CEF20002106840F468
:2028E00080301060BFF34F8FBFF36F8F45F6A520704710B50446FCF731FA2046FFF7C4FF75
:20290000044645F6A52084420FD14F2040F20404C4F20104206047F2F530CFF69550C4F81F
:20292000FC01172000F07AFA0446FCF732FA204610BD2DE9F044054601204BF60C41C1F668
:20294000FF7108604BF60841C1F6FF710220086040F20001C4F2010108684FF0000A45F685
:20296000A52640F0E04008604CF24067C1F6FF772846FFF7BEFF0446B04209D00AF1010A86
:20298000BAF1140FF0D3B04202D03860012004E02846FFF7AEFF3E6000204BF60841C1F635
:2029A000FF7108602046BDE8F08430B504464CF24065C1F6FF7501204BF60C41C1F6FF71AD
:2029C0000860FCF7CBF92046FFF75EFF044645F6A520844213D14F2040F20402C4F20102CB
:2029E0004EF24274106047F2F530CFF69550C2F8FC0110205060022145F6A52001E0204668
:202A0000012128604BF60840C1F6FF700160FCF7C0F9204630BD00B5012803D1FFF78EFDCA
:202A2000012003E00020FFF789FD0020FFF793FD00BD40F20401C4F201010868C0F3400041
:202A4000704740F20401C4F201010868C0F38000704740F23001C4F201010868704710B56F
:202A600040F20401C4F201010868C0F3C010012825D145F6A5244F2008604FF0050C4CF2EC
:202A80001C61C1F6FF71002002460346864681E80D5048614BF60843C1F6FF73186040F247
:202AA0002402C4F2010202EB80014FF0FF320A60401C0228F3D30020FFF7ADFF0CE00120D4
:202AC0004CF21C61C1F6FF7142F2E47408604BF60841C1F6FF710860204610BD10B540F2DD
:202AE0000403C4F201031A684CF24064C1F6FF7412F0800F03D14EF24270206010BDB0F53E
:202B0000002F09D2012903D1BDE81040FFF74DBFBDE81040FFF70DBF42F6B450206010BD76
:202B200010B54CF24464C1F6FF74B0F5002F02D2FFF71BFE0DE040F20021C1F20001411ABA
:202B4000B1F5007F02D2FFF7DDFD02E042F6B4502060206810BD10B51346002918BFB0F5F6
:202B6000002F04D20A18521EB2F5002F02D342F6B45201E045F6A5224CF24464C1F6FF74E2
:202B800045F6A52C624522600AD14EF24272226023B10A461946FFF73CFD01E0FFF73AFEEE
:202BA000206810BD30B54BF60C41C1F6FF7108684BF60845C1F6FF75012838D1FFF7FEFCDB
:202BC00004464EF24270844208BF30BD45F6A52084420CD001232B60062200215C20F0F742
:202BE000C2FF42F67460844218BF30BD3AE000204BF60C43C1F6FF73186028604CF21C60D1
:202C0000C1F6FF7041688268914288BF30BD4CF21863C1F6FF731C68428BA46A04EB42136F
:202C20009C685B681C44A14238BF30BD4EE0032818BF30BDFFF79CFC04464EF242708442F9
:202C400008BF30BD45F6A520844220D0012028600223062200215C20F0F785FF42F6746000
:202C6000844207D10723062200215C20BDE83040F0F766BF43F2CC30844218BF30BD0823C0
:202C8000062200215C20BDE83040F0F759BF00204BF60C41C1F6FF714CF21863C1F6FF73A4
:202CA000086028601C684CF21C60C1F6FF70428B4168A46A04EB42139C685B681C44A142EE
:202CC00038BF30BD8368994288BF30BD511C418330BD2DE9F04C074640F20005C4F2010566
:202CE000686810F0800F03D14EF24274032050E092469B4645F6A5244BF60846C1F6FF76E0
:202D0000B7F5002F41D2C819401EB0F5002F3CD2DAB317F0070F08BF082936D1FCF753F8BD
:202D20000020A8604BF60C41C1F6FF714E20686003200822086051463846FFF7A6FCF8B96D
:202D40004F206860BBF1000F47F2F530CFF69550C5F800020DD1022000F060F80446FCF735
:202D60004DF845F6A5218C4214BF0120584630600FE00227AF60FCF741F83760032008E028
:202D800042F2E4740120306003E042F6B454012030604CF23C61C1F6FF710C60BDE8F08C93
:202DA00040F20401C4F20101086810F0800FF7D0086810F0800F14BF45F6A52042F2E47004
:202DC000704710B542F67461401A10D0B0F5AB6015D042F2D961401A07D048F69D41884216
:202DE0001CBF012010BD032010BD002010BD0723062200215C20F0F7A3FE022010BD08239C
:202E0000062200215C20F0F79BFE022010BD4FF480607047DFF800F0CFBFFF1FDFF800F06A
:202E200099BFFF1F002808BF704730B54CF24865C1F6FF752968A9B9A86000F00DF9002466
:202E400008E08968C4EB840001EBC00000F018F90134A4B2A96848888442F2D3012000227F
:202E600085E80500BDE83040704710B54CF24864C1F6FF742068002808BF10BDA06800F0FF
:202E80000AF900200346024684E80D0010BD30B504464CF24865C1F6FF752868002808BF74
:202EA00030BD2146A86800F03AF9012808BF30BDA8688268C068015D8B00581A02EBC00084
:202EC0004069002808BF30BD591A02EBC1004068BDE8304000F047B930B504464CF2486585
:202EE000C1F6FF752868002808BF30BD2146A86800F015F9012808BF30BDA8688268C068C7
:202F0000015D8B00581A02EBC0004069002808BF30BD591A02EBC1004068BDE8304000F056
:202F200012B970B505464CF24866C1F6FF763068002488B12946B06800F0F1F801280BD0E5
:202F4000B168C868405DC0EB8002886800EBC200406800F018F90446204670BD70B50546CB
:202F60004CF24866C1F6FF763068002488B12946B06800F0D4F801280BD0B168C868405D17
:202F8000C0EB8002886800EBC200406800F004F90446204670BD70B505464CF24864C1F6E4
:202FA000FF7420680E46002808BF70BD2946A06800F0B5F8012808BF70BDA268D068405D96
:202FC000C0EB8001906800EBC1000169B14238BF70BD002E08BF70BD406800F0A6F802281E
:202FE00008BF70BDA268D068405DC0EB8001906800EBC10031464068BDE8704000F073B89F
:2030000030B505464CF24864C1F6FF742068002808BF30BD2946A06800F081F8012808BF38
:2030200030BDA268D068415DC1EB8100916801EBC0014868BDE8304000F05EB842681379EF
:203040000B7052794A70826840694A60C86000220A72084600F05CBA30B5054600240AE0DB
:203060006868210B4258012A03D10844C06800F032FA04F580342988B1EB144FF0D830BD19
:2030800000B584B041680968012904BF6946FFF7D5FF04B000BD30B5054600240AE0686848
:2030A000210D4258012A03D10844007900F05AFA04F180742988B1EB146FF0D800240EE0AD
:2030C000A968C4EB840001EBC00040680168012903D14179007900F04CFA0134E4B26888CD
:2030E0008442EDD330BD0268012A18BF70470A464179007900F062BA10B50446006801280B
:2031000018BF10BD6179207900F02CFB022818BF10BD61792079BDE8104000F07CBA42885B
:20312000914234BF00200120704702680021012A07D100B54179007900F014FBC1B25DF894
:2031400004EB084670470168012918BF70474CF24C62C1F6FF721168002918BF704741795C
:20316000007900F00ABB0168012918BF70474CF24C62C1F6FF721168002918BF7047417902
:20318000007900F019BB0168012903D14179007900F09EBA002070470168012903D1417918
:2031A000007900F0BBBA0020704700204DF21401C4F205010860704710B50446FBF779FF92
:2031C0004DF20000C4F20500816821F001018160016821F001010160227A416821F00301E1
:2031E0001143626841604168102A08BF41F0040105D021F004014160416862F3C60141603E
:20320000016821F002010160016821F004010160BDE81040FBF76DBF4BF61843C1F6FF7318
:203220000021026980681971197519779A60D8600120186070474BF61843C1F6FF734DF2EC
:203240000001C4F205014FF0000C0122C1F800C0C1F804C0C1F808C0CA60C1F810C0C1F860
:2032600014C0C1F818C043F808CB03F804CC6146624683E80610704730B505464BF61844BC
:20328000C1F6FF74FBF754FF4DF20001C4F20501E3680A6825820020012B22F001020A6094
:2032A0000D61886102D18A681A438A6002200A68206042F001020A60BDE83040FBF758BFDA
:2032C00010B54BF61844C1F6FF74FBF770FFFFF76CFF4DF21801C4F205010868608251F8F1
:2032E000100D20F0010008604DF20001C4F20501086820F001000860E06808B903202060A7
:20330000BDE81040FBF773BF10B5FBF78FFF4DF20001C4F20501CA68886810F00100D20757
:2033200031D500282FD04CF24C62C1F6FF7210684BF61844C1F6FF74012806D120774CF238
:203340004C62C1F6FF7200201060C86840F00100C860E068012809D1886820F0010088604A
:20336000086820F00100086004202060FBF77EFF2079012818BF10BDA068002808BF10BD27
:20338000BDE810400047BDE81040FBF76FBF10B54BF61844C1F6FF7421680020023938BF75
:2033A00010BD05D002290CD318BF10BD208A10BDFFF7FBFE4DF21804C4F20504206880B283
:2033C00010BD608A10BD10B54BF61844C1F6FF742168002002390ED304D002290AD30AD161
:2033E000208A08E0FFF7E1FE4DF21801C4F20501086800E0608A218A081A80B210BD4BF60B
:203400001841C1F6FF710868704700B5FBF74DFF01204BF61841C1F6FF7108714DF208016F
:20342000C4F20501086840F001000860FBF75DFF00BD10B54CF24C61C1F6FF7108684BF634
:203440001844C1F6FF7420B1012806BF207D002810BDFBF769FF00202071E06810B12068F9
:20346000022807D04DF20801C4F20501086820F001000860BDE81040FBF776BF4DF2000003
:20348000C4F2050040684BF61843C1F6FF7300F00302C0F3C30C81E80410D8688860187957
:2034A000087398680861704730B40C014AF20415C4F2050501EB80004BF63841C1F6FF711E
:2034C000C0EB8000645901EBC0000069001B10601C6030BC704710B50446FBF7A3FF4AF266
:2034E0000001C4F2050160780A6822F001020A600A6801280CBF42F0020222F002020A602A
:203500000A6842F001020A60BDE81040FBF7AABF10B50446FBF7C5FF62784AF20811C4F2A0
:20352000050101EB0210016821F007010160416841F00101416020784BF63841C1F6FF71AE
:2035400002EB8000C0EB800001EBC00000210171E16881606168C16001210160BDE8104008
:20356000FBF7BFBF4AF20000C4F205000021016070474AF20003C4F2050303EB011300228A
:203580004FF0010C01EB80004BF63841C1F6FF71C3F80021C3F80421C3F80821C3F80CC16A
:2035A000C0EB800041F8302001EBC0001146134694460271083080E80E10704770B50446CA
:2035C0000D461646FBF7ACFF4AF20011C4F2050101EB051398684BF63841C1F6FF7120F0A1
:2035E000050098601E6005EB8400C0EB800001EBC000C1680661012903D1996841F0020142
:203600009960996841F00101996002210160BDE87040FBF7A5BF30B504460D46FBF7BFFF23
:203620004AF20411C4F2050101EB051205EB84004BF63841C1F6FF71C0EB800001EBC0004E
:20364000116841615368C16823F00303536009B903210160BDE83040FBF7C1BF30B50446A2
:203660000D46FBF7DBFF4AF20811C4F2050101EB051250681168C1F34001012808BF0129D7
:2036800022D15068084350604BF63841C1F6FF7105EB8400C0EB800001EBC004E0680128E3
:2036A00005D1106820F00700106004202060FBF7D5FF2079012818BF30BDA068002808BF4E
:2036C00030BDBDE830400047BDE83040FBF7C6BF00B582B0002213468DE80C0001EB8002C4
:2036E0004BF63843C1F6FF73C2EB820203EBC2021368023B0FD30AD0022B03D30BD1106936
:20370000009008E010695169401A009003E001AB6A46FFF7C9FE009802B000BD10B582B01A
:203720004BF63844C1F6FF74002213468DE80C0001EB8002C2EB8202D300E258023A0ED3DD
:2037400009D0022A03D30AD10020019007E018194069019003E001AB6A46FFF7A5FE01983F
:2037600002B010BD01EB80004BF63841C1F6FF71C0EB800051F83000704730B505460C46A0
:20378000FBF78BFF04EB85004BF63841C1F6FF71C0EB800001EBC000012101714AF2081099
:2037A000C4F2050000EB0411086840F002000860BDE83040FBF791BF30B505460C46FBF779
:2037C000ABFF04EB85004BF63841C1F6FF71C0EB800001EBC00000210171C16811B100682D
:2037E000022809D04AF20810C4F2050000EB0411086820F002000860BDE83040FBF7ACBF5B
:2038000008704AF20000C4F205000068C0F34000487070471070517001EB80004BF6384108
:20382000C1F6FF71C0EB800001EBC000C1685160017980681172D060704700210846FFF77F
:203840000DBF4DF8048D44F20808C4F2050801EB80004BF69841C1F6FF7101EB40118869E2
:20386000D8F800C0A0EB0C001860D1F814C0604584BF002018604969081A10605DF8048B64
:20388000704701EB80004BF69842C1F6FF7202EB40129069536909011844906144F2180227
:2038A000C4F205028850704710B50446FBF7B2FF44F20000C4F20500A278016821F0010183
:2038C00001600168012A0CBF41F0020121F0020101604168627862F30701416000218160FC
:2038E000BDE81040FBF7B6BF0178427802EB81014BF69842C1F6FF7202EB411100220A70AC
:203900000A724368C0680B61C86001204860704744F20000C4F2050000210160416081604F
:20392000704744F20003C4F2050303EB011300224FF0010C01EB800040014BF69841C1F6EB
:20394000FF7143F8102FC3F804C09A6042540844114642600272134694460C3080E80E10C0
:20396000704700B5FBF795FF44F20001C4F20501086840F001000860FBF7ABFF00BD00B54B
:20398000FBF7C6FF44F20001C4F20501086820F001000860FBF7DCFF00BD70B506460C4647
:2039A0001546FBF7F4FF04EB86004BF69841C1F6FF71322D2CBF2A46322244F20805C4F20A
:2039C000050501EB401002214160426129680A44826144F21000C4F2050000EB0410826096
:2039E000016841F001010160BDE87040FBF7EFBF44F21003C4F2050303EB01131A6801EB5E
:203A000080004BF69841C1F6FF7101EB401022F001021A6044F20802C4F205021168C16182
:203A20000169002918BF704703214160704700B582B0002213468DE80C0001EB80024BF657
:203A40009843C1F6FF7303EB42125368023B11D30CD0022B03D30DD1506900900AE014320E
:203A600092E809106044C01A009003E001AB6A46FFF7E7FE009802B000BD00B582B000227B
:203A800013468DE80C0001EB80024BF69843C1F6FF7303EB42125368023B0FD30AD0022B76
:203AA00003D30BD10020019008E09069D169401A019003E001AB6A46FFF7C3FE019802B05C
:203AC00000BDF0B507460E46FBF7A0FF44F21001C4F2050101EB061460682168012808BF08
:203AE000012926D106EB87004BF69841C1F6FF7101EB40152869012806D1206820F0010081
:203B000020600420686003E031463846FFF7B9FE606840F001006060FBF798FF287A0128A7
:203B200018BFF0BDE868002808BFF0BDBDE8F0400047BDE8F040FBF789BF01EB80004BF63D
:203B40009841C1F6FF7101EB40104068704701EB80004BF69841C1F6FF7101EB40100121BF
:203B60000172704701EB80004BF69841C1F6FF7101EB401000210172704744F20003C4F2F8
:203B800005031A680870C2F340005A6888704A7070471070517001EB80004BF69841C1F685
:203BA000FF7101EB401001695160017AC0681172D060704710B50446FBF767FF40F2000197
:203BC000C4F20601C86920F00200C861C86920F00400C861C86920F00100C861486940F002
:203BE00020004861086920F001000861486920F02000486100200860C86005228A616278EB
:203C000088614869012A0CBF40F0400020F0400048614869626862F342004861BDE81040FB
:203C2000FBF753BF4BF61853C1F6FF730021C26840681971197783F8241099619A60D860C3
:203C400001201860704740F20001C4F20601486940F020004861002008614A694BF6185392
:203C6000C1F6FF73844622F020024A6108608860C8604861C86143F8080B05228A618861DF
:203C800003F8040C0146024683E807101861704730B505464BF61854C1F6FF74FBF734FFAC
:203CA00040F20001C4F20601086825612A18E0686261CA60012803D1CA6942F00202CA6116
:203CC0004A6942F020024A610A69022042F001020A614A69206022F020024A61BDE83040D6
:203CE000FBF732BF10B54BF61854C1F6FF74FBF74AFF40F20000C4F206000168A161C16987
:203D000021F00201C161416941F020014161016921F001010161416921F020014161E0682A
:203D200008B903202060BDE81040FBF74CBF10B5FBF768FF40F20C01C4F20601C8680A6970
:203D4000C0F340000128C2F3400208BF012A3CD14CF24C63C1F6FF7318684BF61854C1F657
:203D6000FF740022012806D184F824004CF24C63C1F6FF731A60E068012813D1086920F0A8
:203D800002000861886840F020008860486820F001004860886820F0200088600A60042091
:203DA000206004E060692369184460610860CA60FBF748FF2079012818BF10BDA0680028CC
:203DC00008BF10BDBDE810400047BDE81040FBF739BF10B44BF61854C1F6FF7421680020F0
:203DE000023915D304D002290CD311D120690FE040F20002C4F2060260691168401A216950
:203E0000081A05E004F1100191E80D001844801A10BC704710B44BF61854C1F6FF74216872
:203E2000002002390ED302D0022908D30AE040F20002C4F2060260691168401A02E060694B
:203E4000A169401A10BC70474BF61851C1F6FF710868704700B5FBF714FF01204BF61851FE
:203E6000C1F6FF71087140F21C01C4F20601086840F002000860FBF724FF00BD10B54CF2B7
:203E80004C61C1F6FF7108684BF61854C1F6FF7420B1012806BF207F002810BDFBF730FF93
:203EA00000202071E06810B12068022807D040F21C01C4F20601086820F002000860BDE824
:203EC0001040FBF73DBF40F20000C4F2060040694BF61853C1F6FF73C0F341020A60DA6896
:203EE0004A601A79C0F380100A729A680874CA60704770B506464BF64055C1F6FF75287954
:203F0000012803D1A8680078B04201D8012417E028680024042813D1304600F07FF801286B
:203F20000ED12C2016FB00F6A868406830440069EFF7ADFDA868406830440069F2F7BAFCF6
:203F4000204670BD30B54BF64055C1F6FF752979012401290DD1A9680978814209D9296851
:203F6000042905D000F05CF8012802D0042028600024204630BD10B54BF64054C1F6FF7419
:203F80002179002918BF10BD002808BF10BDA060806800F03BF8002004F10C0100220A5451
:203FA00001300828F8D31046A16800F031F8042020600120207110BD10B54BF64054C1F6E9
:203FC000FF742179012906D1A1680978814202D92168042901D0012010BD00F01BF8002013
:203FE00010BD10B54BF64054C1F6FF742179012906D1A1680978814202D92168042901D0E6
:20400000012010BD00F008F8002010BD00F03DB800F041B800F061B900F0CCB900F0F9B9E6
:2040200000F01EB930B54BF65454C1F6FF7454F8100F00794BF20001C4F2010101EB0035C6
:20404000FCF768FA4FF40070A860286840F0020028602020A860686840F0200068600425AD
:204060000022294604E9260004F8102CFCF770FA4BF64054C1F6FF74256030BD07204BF62E
:204080005851C1F6FF71086070474BF66851C1F6FF71086070472DE9F044496806462C205E
:2040A00016FB001108794BF66455C1F6FF754BF20002C4F20102296002EB003400202861ED
:2040C00088680F7DE86091F818A0498C0120206049F28060C0F29800B0FBF1F04FF47A6156
:2040E000B1FBF0F0C0B200280EBF4FF0FF30FF2101FA00F02872FCF7E6F8287B4FEACA71D2
:20410000C007C00E40F0800040EA1170390740EA1151206808432060FCF7F3F84FF46040CF
:2041200020632868418CC269B2FBF1F10A09A26211F00F0161624FF4E061A1614FF6FF71BF
:2041400021624FF44071A161018C0A07090A41EA1251216200212164E968E1B990F82410D7
:20416000012918D190F8251045F24423C0F2010353F82120226400220AE0D0F828C004F158
:204180004C071CF803C0930D02F1807247F803C0130E8B42F1D3A068A060FBF7E3FF206858
:2041A00020F001002060FBF7FBFF47F686106060E86818B9606840F0010060603046BDE8FA
:2041C000F044FFF72FBF70B54BF66056C1F6FF767068007901244BF20001C4F2010101EB27
:2041E0000035FCF735F8286B40F400702863FCF74DF80020296B01F40071B1F5007F15D14B
:20420000B0F57A7F38BF0130F4D3706800794BF20001C4F2010101EB0035FBF72DFF2868FB
:2042200020F002002860FBF745FF17E0B0F57A7FEBD24FF40070A86041F63C7068630020D3
:2042400085F83800204605F138014FF0FF320A5401300828F7D3032030600024204670BDB1
:20426000F0B506464BF66455C1F6FF752868007901244BF20001C4F2010111EB0037FBF7DF
:20428000E7FF386B40F400703863FBF7FFFF0020396B01F40071B1F5007F15D1B0F57A7F93
:2042A00038BF0130F4D3286800794BF20001C4F2010111EB0035FBF7DFFE286820F002006E
:2042C0002860FBF7F7FE06E0B0F57A7FEBD23046FFF7A8FE00242046F0BDF0B54BF6585453
:2042E000C1F6FF74E1680979054607264FF480504BF20002C4F2010211FB0027FBF7BCFE67
:20430000386820F002003860FBF7D4FEFBF7A0FF386B40F400703863FBF7B8FF0020396BAF
:2043200001F40071B1F5007F05D1B0F57A7F38BF0130F4D31FE0B0F57A7F1CD2207D87F8E8
:204340003800FCF7ACF8386B40F4805038630027284600F0B0F8012806D105204BF6405128
:20436000C1F6FF71086004E001374FF6FF708742EED3FCF7B2F8002784E8C000E168E761D3
:2043800009794FF480504BF20002C4F2010211FB0024FBF7ACFE2020A060606820F020008C
:2043A0006060FBF7C2FE05204BF64051C1F6FF710860F0BD70B54BF65854C1F6FF74E068D4
:2043C00000794BF20005C4F2010505EB0036FBF753FE306820F002003060FBF76BFEE06820
:2043E000007905EB0035FBF782FE2020A860686820F020006860FBF798FE0720002284E860
:204400000500E26105204BF64054C1F6FF74206070BD70B54BF65454C1F6FF742269117936
:204420004FF480534BF20006C4F2010611FB0361237800200525012B18BF70BD0B6BDB048C
:2044400048BF70BD8968490658BF70BD07204FF0040C0023211D81E80910236223701069BA
:20446000EFF713FB4BF64050C1F6FF700560206900794FF4805110FB0164FBF738FE2020FE
:20448000A060606820F020006060FBF74EFE012070BD4BF66051C1F6FF71086870474BF657
:2044A0005C51C1F6FF71086870474BF65851C1F6FF71086870474BF66453C1F6FF73196827
:2044C00009794BF20002C4F2010202EB0131096BC9044CBF00200120704770B589B04BF660
:2044E0005455C1F6FF7569692A69085C11794BF20003C4F2010303EB0134A168636811F0A3
:20450000200F18BF13F0200F35D0107B01281ED14BF64051C1F6FF710868052802D12068CA
:20452000800714D5206BC00413D404260721002305F1040C8CE84A002B621069EFF7A5FA11
:2045400005204BF64051C1F6FF71086001E001202870286900794BF20001C4F2010101EB4F
:204560000035FBF789FD286820F002002860FBF7A1FD2020B6E011F0040F18BF13F0040FFD
:204580002DD0EA69E168012A06D1C90702D50920A860E26009201FE0C90758BF002207D559
:2045A0000921A9600621F2F79FF90120E06010E004F1380C1CF8023007A98B5400230CF89A
:2045C00002300132082AF3D34FF40072A260F2F77CF90120A06007206860042082E011F0D2
:2045E000020F18BF13F0020F12D0E969012907D1E96803291ABF08206860FFF713FD05E058
:20460000F2F76CF9072068600120A060022069E011F0010F18BF13F0010F62D069680729A3
:204620005DD1616B45F28822C0F2010211F03F01555C05A90491002101918DF80050082104
:204640008DF80C10022102916946F2F735F9D8B99DF80C10C1B1082916D80298012812D1C4
:204660000139490745EAD1400199002918BF40F480706063A068C00544BF4FF48070A060EC
:204680000420A0602BE078B1FBF758FE206B40F400602063FBF770FE21E0049E04F13803A5
:2046A000B65C00F180709E54020E8A42F5D388020199A0F58060284340F40070002918BFC9
:2046C00040F4807060630220A0600420A060FBF784FD206B40F480602063FBF79CFD01206C
:2046E00000E0A068A06009B070BD2DE9F04F83B04BF65855C1F6FF750026B2462969EA6849
:204700008DF805604BF20003C4F20103127911F800B04FF4805112FB01348DF807608DF8AA
:2047200006608DF80460E768D4F804908DF80360B0464FF0020C19F0040F1DD017F4006FCD
:2047400006D04FF0010A032169604FF40061E16017F4806F06D04FF0010A042169604FF41C
:204760008061E16017F4007F06D04FF0010A052169604FF40071E16017F4805F18BF19F4BB
:20478000805F07D001208DF80700C5F804C04FF48051E16017F4807F18BF19F4807F07D01C
:2047A00001268DF80560072169604FF48071E16017F4005F18BF19F4005F10D00126A168C5
:2047C0008DF80660E961FBF72FFE216B41F400712163FBF747FE6E604FF40051E16017F4EA
:2047E000804F18BF19F4804F09D001260A216960A1688DF80460E9614FF48041E16017F0BB
:20480000800F18BF19F0800F06D001268DF80360082068608020E060A968032904BF584647
:20482000FFF700FC012E0AD14FF44070A060414604F1380202F8018001310829F8D3E068E2
:20484000E060A869002840D1BAF1010F05D158460121F2F749F84FF001089DF80500012848
:2048600005D158460221F2F73FF84FF001089DF80700012805D158460321F2F735F84FF087
:2048800001089DF80600012805D158460421F2F72BF84FF001089DF80400012805D1584628
:2048A0000521F2F721F84FF001089DF80300012804D158460521F2F717F802E0B8F1010F9B
:2048C00003D10320A0600720286003B0BDE8F08F00B50120FFF701FE0120FFF706FF00BDB7
:2048E00010B5020006D10C2301467C20BDE81040EFF713B94CF25464C1F6FF74206000F0D1
:2049000086F80120606010BD10B44CF25464C1F6FF74616829B90F2302227C2010BCEFF738
:20492000FCB8206810BC00F066B9F0B50D464CF25466C1F6FF76716831B90F2301227C2090
:20494000BDE8F040EFF7E9B8C0F3072400F0FF07052C38BF202F07D30A23012200217C20C9
:20496000BDE8F040EFF7D9B83A462146306800F085F9010006D10B2301227C20BDE8F04064
:20498000EFF7CBB82A4639462046BDE8F04000F0A9B9F0B54CF25466C1F6FF76C0F307248B
:2049A00000F0FF07706838B90F23042201467C20BDE8F040EFF7B1B80D46052C38BF202F0F
:2049C00007D30A23042200217C20BDE8F040EFF7A4B8082907D30D23042200217C20BDE813
:2049E000F040EFF79AB83A462146306800F060F9010006D10E2304227C20BDE8F040EFF701
:204A00008CB82A463946204600F098F9F0BD2DE9F04C002441F20007C4F20107E5E04268F2
:204A200002EBC4014B680E784D78002E00F0DC801A7842F2000CC4F2010C0CEB053C0CEB88
:204A40008201D3F818C0BCF1010C10D31CD0BCF1010F25D1D1F800C04CF0020CC1F800C0A8
:204A6000D1F800C04CF0010CC1F800C018E0D1F800C02CF0020CC1F800C0D1F800C02CF022
:204A8000010CC1F800C00BE0D1F800C04CF0020CC1F800C0D1F800C02CF0010CC1F800C02E
:204AA000D3F820A0D1F800C0BAF1010F14BF2CF0040C4CF0040CC1F800C093F810B007EB26
:204AC000052CBBF1010F6BD1D3F804A0BAF1000F44D1DA46DCF814B00AFA02FA2BEA0A0B8D
:204AE000CCF814B0DCF818B04BEA0A0B93F824A0CCF818B0D1F800C0BAF1010F0CBF4CF022
:204B0000100C2CF0100C07F1800B0BEB052A0AEB8202C1F800C093F825A0D2F800C0BAF122
:204B2000010F0CBF4CF4803C2CF4803CC2F800C093F827A0D2F800C0BAF1010F0CBF4CF0AA
:204B4000100C2CF0100CC2F800C0D2F800C093F826A06AF31C6CC2F800C01EE0D3F80CA0D8
:204B6000BAF1000F0CBF0CF1080B0CF1040BDBF800E04FF0010A0AFA02FA4EEA0A0ECBF884
:204B800000E0DCF8182022EA0A02CCF81820DCF8142042EA0A02CCF814204FF4807C19E0A5
:204BA000DCF800E04FF0010A0AFA02FA6FEA0A020EEA020ECCF800E0DCF818A00AEA020A5A
:204BC000CCF818A0DCF814A00AEA020ACCF814A04FEA0B2C0A682833013E22F4E0624CEA4F
:204BE00002020A607FF424AF013401788C42FFF416AFBDE8F08C2DE9F04C8346002641F238
:204C0000140AC4F2010A32E0DBF8040010F8317000EBC102556847B3A86818BB2C78FBF745
:204C20002DFDD5F804C0012101FA04F4E343310E0A0202EB0A01BCF1000F06D108681840E0
:204C400008600AEB0201043107E041F21800C4F20100024410681840106008682043086015
:204C6000FBF72AFD2835013FD6D106F180769BF80000310E8142C7D3BDE8F08C10B444682A
:204C800004EBC10314F83140002001465B6802E0283301F18071B4EB116F03D993F800C054
:204CA0006245F5D19968012908BF084610BC704710B4446804EBC10314F8314000200146BD
:204CC0005B6802E0283301F18071B4EB116F03D993F800C06245F5D15969012908BF08463D
:204CE00010BC7047F0B504460D461746052834BF2029F0BDFBF74CFC0120A840C64324020A
:204D000047B941F21401C4F2010165586318354004310BE041F21801C4F2010163181968C6
:204D200001EA060541F21401C4F201011D60635803436350BDE8F040FBF748BC70B5044612
:204D40000D461646FBF75FFC42F20001C4F2010101EB043000EB8501086866F30A2008607E
:204D6000BDE87040FBF76DBC10B510F10E030DD4BE280DDC4EF60854CEF20004236848F213
:204D80000004C1F6FF74A34206D203E000BEFDE700BEFDE700BEFDE74EF60854CEF20004FB
:204DA00023681AB103EB8004246C146003EB80000164BFF36F8FBFF34F8F10BD002802DA43
:204DC00000B500BEFDE7BE2802DD00B500BEFDE741094EF20012CEF2000210F01F0002EBF6
:204DE0008101012202FA00F008607047002802DA00B500BEFDE7BE2802DD00B500BEFDE78C
:204E000041094EF28012CEF2000210F01F0002EB8101012202FA00F00860BFF34F8FBFF36D
:204E20006F8F7047002802DA00B500BEFDE7BE2802DD00B500BEFDE7082902D300B500BECD
:204E4000FDE74EF20042CEF200024907090E81547047002802DA00B500BEFDE7BE2802DD17
:204E600000B500BEFDE74EF20041CEF20001405C40097047002802DA00B500BEFDE7BE28BC
:204E800002DD00B500BEFDE741094EF28022CEF2000210F01F0002EB8101012202FA00F051
:204EA00008607047002802DA00B500BEFDE7BE2802DD00B500BEFDE741094EF20022CEF2F0
:204EC000000210F01F0002EB8101012202FA00F008607047002802DA00B500BEFDE7BE28D3
:204EE00002DD00B500BEFDE741094EF20022CEF2000202EB8101096810F01F00012202FAF0
:204F000000F0084018BF01207047002802DA00B500BEFDE7BE2802DD00B500BEFDE74109E9
:204F20004EF20032CEF2000202EB8101096810F01F00012202FA00F0084018BF0120704738
:204F400050B5044640684EF60851CEF2000108602068642801D800261CE000BEFDE7A068DB
:204F600050F8360000F025F8A16801EBC60251F83600517900F019F8A16801EBC60251F899
:204F800036001179012902D100F00BF801E000F00AF8761C20688642E1D3002050BDFFF7D5
:204FA000E3BEFFF70BBFFFF721BFFFF73BBFFFF750BFFFF75FBFFFF775BF00B5FFF78AFF53
:204FC00000288CBF0120002000BD00B5FFF79DFF00288CBF0120002000BD0020704750B5CC
:204FE0000646002415E0B16801EBC40251F834005179FFF7DAFFB16801EBC40251F8340023
:205000001179012902D1FFF7CCFF01E0FFF7CBFF013430688442E6D3002050BD10B504461F
:205020000068002806D0FFF7DAFF002818BF10BD6168002908BF5FF0010010BD46F60C2130
:20504000C0F2010108680068010004D101232022FF20EEF762BDFFF7E1BF10B50024BF28FF
:2050600007D3022321222146FF20EEF756FD012406E0012902D1FFF794FF01E0FFF793FF36
:20508000204610BD10B50024BF2838BF082907D3022322222146FF20EEF73FFD012401E0F5
:2050A000FFF783FF204610BD30B50024BF2807D3022323222146FF20EEF72FFD01240BE06A
:2050C0000D1E06D101232322FF20EEF726FD012402E0FFF76CFF2870204630BD10B5002402
:2050E000BE2802DC10F10E0307D5022324222146FF20EEF712FD01240AE03AB901232422AD
:205100002146FF20EEF709FD012401E0FFF747FF204610BD30B50446C0B2202801D300BE2E
:20512000FDE70D46FBF7E8FA4BF21000C4F20700012D026803D105FA04F0024302E00120B3
:20514000A04082434BF21004C4F207042260BDE83040FBF7EFBAF0B44EF69052CEF20002DA
:20516000116800235FFA91F1BFF35F8F52F86C4C24F4803442F86C4C546824F001045460CF
:20518000BFF34F8FBFF36F8F1C4602E09460136101348C42FAD31C4618E0D0F804C01CF859
:2051A00014108D07ED0EFF26AE40890802290CD20CEB440797F801C002EB8107396B0CFADE
:2051C00005F53540B143294339630134C1788C42E3D319460EE0D0F80CC0C1EB810401312E
:2051E0000CEB84042678D4F804C0A4689660C2F80CC0146190F808C06145ECD301780129AD
:2052000008BF04234078012808BF43F00203BFF35F8F43F0010050604EF62451CEF20001C2
:20522000086840F480300860BFF34F8FBFF36F8FF0BC704700D0054000A005400040054090
:2052400000000640000000000100000003000000070000000F0000001F0000003F00000090
:205260007F000000FF000000FF010000FF030000FF070000FF0F0000FF1F0000FF3F00003E
:20528000FF7F0000FFFF000080C14203C48506470849CA8B4C0D8ECF501192D31455D6977E
:2052A000D8991A5B9CDD5E1F2061E2A36425A6E7A8E96A2BECAD2E6FF0B13273B4F57637FE
:2052C0007839BAFB3C7DFEBF001BB7000000000000D8B8050000000000366E0100050000E1
:2052E000000000000009000001000000020000002D000000805301000C530100010100003F
:20530000000000000053010000000000000000000000000000000000000000000000000039
:2053200000000000445301000100000000000000085301000100000004530100000000001F
:20534000F8520100010000000000023C02000000C852010000010000D05201000101000080
:20536000D852010001010000E052010000000000E85201000000000000000000F05201004F
:20538000080000000100000000000000000000000F000000010000000000000000000000F4
:2053A0001000000001000000000000000000000011000000010000000000000000000000CA
:2053C0001200000001000000000000000000000013000000010000000000000000000000A6
:2053E000140000000100000000000000000000001500000001000000000000000000000082
:20540000160000000100000000000000000000001B00000001000000050000000000000054
:205420001C0000000100000005000000020000001D0000000100000000000000000000002A
:20544000210000000100000000000000000000002300000001000000000000000000000006
:20546000240000000100000000000000000000002A000000010000000000000000000000DC
:205480002B0000000100000000000000000000002C000000010000000000000000000000B3
:2054A0002D000000010000000000000000000000300000000100000000000000000000008D
:2054C00034000000010000000000000000000000380000000100000000000000000000005E
:2054E000400000000100000000000000000000004300000001000000000000000000000027
:205500004600000001000000000000000000000048000000010000000000000000000000FB
:20552000490000000100000000000000000000004A000000010000000000000000000000D6
:205540004B0000000100000000000000000000004C000000010000000000000000000000B2
:20556000540000000100000000000000000000005A0000000100000000000000000000007B
:205580005D000000010000000000000000000000600000000100000000000000000000004C
:2055A000620000000100000000000000000000006500000001000000000000000000000022
:2055C0006600000001000000000000000000000067000000010000000000000000000000FC
:2055E0006A0000000100000000000000000000006B000000010000000000000000000000D4
:20560000720000000100000000000000000000007B0000000100000000000000000000009B
:205620007C0000000100000000000000000000007E0000000100000000000000000000006E
:205640007F0000000100000000000000000000000100000050570100010000005457010074
:205660000100000058570100010000005C570100000000006057010002000000000000000A
:2056800070570100010000000000000078570100020000000000000000000000000000006F
:2056A0000100000000000000010000000000000004000000100000000400000001000000CF
:2056C000000000008000000000000000010000000000000001000000010000000400000043
:2056E0001000000004000000000000000000000080000000500400000100000000000000C1
:205700000100000000000000040000001000000004000000010000002000000080000000CF
:2057200000000000010000000000000001000000010000000400000010000000040000004E
:2057400000000000000000008000000060040000000000000100000002000000030000005F
:20576000010000001410000002000000141000000B0000001B00000004000000140100009F
:205780000300000014010000000000000000000000000000000000000000000000280000C9
:2057A00000040000000100008000000008000000B45701000000000000000000000400004C
:2057C0000800000000C00700000400000000000000000000010000000004000000040000ED
:2057E0000800000000C40700000400000000000000000000020000000008000000040000C4
:205800000800000000C8070000040000000000000000000003000000000C0000000400009A
:205820000800000000CC070000040000000000000000000004000000001000000004000071
:205840000800000000D0070000040000000000000000000005000000001400000004000048
:205860000800000000D407000004000000000000000000000600000000180000000400001F
:205880000800000000D8070000040000000000000000000007000000001C000000040000F6
:2058A0000800000000DC07000004000000000000000000000001000001000100C8580100D5
:2058C000D8580100B6580100010000000000000000000000B458010000000000F058010031
:2058E000000000008096184CFFFFFFFF6D6800000100000000000000FF00FFFFFFFFFFFF63
:20590000FFFFFFFFFFFFFFFF0000000001000000000000000000000000000000030000008B
:2059200000000000005A62020E2C004B00000000000000000100000008590100F858010070
:205940000500000048590100100000007059010012010000F05B010011020000C05E010035
:20596000100300006861010011040000E863010000000000000000000000000000000000E9
:20598000010000000000000001000000000000000000000000000000010000000000000004
:2059A0000000000000000000010000000000000001000000000000000000000000000000E5
:2059C0000200000000000000000000000000000001000000000000000100000000000000C3
:2059E0000000000000000000030000000000000000000000000000000100000000000000A3
:205A000001000000000000000000000000000000060000000000000001000000000000007E
:205A200001000000010000000000000000000000000000000000000007000000000000005D
:205A4000000000000000000001000000000000000100000000000000000000000000000044
:205A600008000000000000000000000000000000010000000000000001000000000000001C
:205A80000000000000000000090000000000000000000000000000000100000000000000FC
:205AA000010000000000000000000000000000000A000000000000000000000000000000DB
:205AC0000100000000000000010000000000000000000000000000000B00000000000000B9
:205AE0000000000000000000010000000000000001000000000000000000000000000000A4
:205B00000C0000000000000000000000000000000100000000000000010000000000000077
:205B200000000000000000000D000000000000000000000000000000010000000000000057
:205B4000010000000000000000000000000000000E00000000000000000000000000000036
:205B60000100000000000000010000000000000000000000000000000F0000000000000014
:205B8000000000000000000001000000000000000100000000000000000000000000000003
:205BA0001000000000000000000000000000000001000000000000000100000000000000D3
:205BC0000000000000000000110000000000000000000000000000000100000000000000B3
:205BE0000100000000000000000000000000000000000000010000000100000000000000A2
:205C0000010000000100000000000000000000000000000000000000010000000000000081
:205C2000000000000000000001000000000000000100000000000000000000000000000062
:205C4000020000000000000000000000000000000100000000000000010000000000000040
:205C6000000000000000000003000000000000000000000000000000010000000000000020
:205C80000100000000000000000000000000000004000000000000000000000000000000FF
:205CA0000100000000000000010000000000000000000000000000000500000000000000DD
:205CC0000000000000000000010000000000000001000000000000000000000000000000C2
:205CE00006000000000000000100000000000000000000000100000000000000000000009C
:205D000000000000000000000700000000000000010000000000000000000000010000007A
:205D200000000000000000000000000000000000080000000000000000000000000000005B
:205D4000010000000000000001000000000000000000000000000000090000000000000038
:205D6000000000000000000001000000000000000100000000000000000000000000000021
:205D80000A00000000000000000000000000000001000000000000000100000000000000F7
:205DA00000000000000000000B0000000000000000000000000000000100000000000000D7
:205DC000010000000000000000000000000000000C000000000000000000000000000000B6
:205DE0000100000000000000010000000000000000000000000000000D0000000000000094
:205E0000000000000000000001000000000000000100000000000000000000000000000080
:205E20000E0000000000000000000000000000000100000000000000010000000000000052
:205E400000000000000000000F000000000000000000000000000000010000000000000032
:205E6000010000000000000000000000000000001000000000000000000000000000000011
:205E80000100000000000000010000000000000000000000000000001100000000000000EF
:205EA0000100000000000000010000000100000000000000000000000000000000000000DF
:205EC0000000000000000000000000000000000001000000000000000100000000000000C0
:205EE0000000000000000000010000000000000000000000000000000100000000000000A0
:205F000001000000000000000000000000000000020000000000000000000000000000007E
:205F200001000000000000000100000000000000000000000000000003000000000000005C
:205F400000000000000000000100000000000000010000000000000000000000000000003F
:205F600005000000000000000000000000000000010000000000000001000000000000001A
:205F80000000000000000000060000000000000001000000000000000200000001000000F7
:205FA0000000000000000000000000000000000007000000010000000100000000000000D8
:205FC0000200000001000000000000000000000000000000000000000800000001000000B5
:205FE00001000000000000000100000001000000000000000000000000000000000000009E
:20600000090000000000000000000000000000000100000000000000010000000000000075
:2060200000000000000000000A000000000000000000000000000000010000000000000055
:20604000010000000000000000000000000000000B00000001000000010000000000000032
:206060000100000001000000000000000000000000000000000000000C0000000000000012
:206080000000000000000000010000000000000001000000000000000000000000000000FE
:2060A0000D00000000000000000000000000000001000000000000000100000000000000D1
:2060C00000000000000000000E0000000000000000000000000000000100000000000000B1
:2060E000010000000000000000000000000000000F00000000000000000000000000000090
:2061000001000000000000000100000000000000000000000000000010000000000000006D
:2061200000000000000000000100000000000000010000000000000000000000000000005D
:2061400011000000000000000000000000000000010000000000000001000000000000002C
:2061600000000000000000000200000000000000010000000000000001000000010000001A
:206180000000000000000000000000000000000003000000000000000000000000000000FC
:2061A0000100000000000000010000000000000000000000000000000400000000000000D9
:2061C0000000000000000000010000000000000001000000000000000000000000000000BD
:2061E000050000000000000000000000000000000100000000000000010000000000000098
:20620000000000000000000006000000000000000000000000000000010000000000000077
:20622000010000000000000000000000000000000700000000000000000000000000000056
:20624000010000000000000001000000000000000000000000000000080000000000000034
:2062600000000000000000000100000000000000010000000000000000000000000000001C
:206280000900000000000000000000000000000001000000000000000100000000000000F3
:2062A00000000000000000000A0000000000000000000000000000000100000000000000D3
:2062C000010000000000000000000000000000000B000000000000000000000000000000B2
:2062E0000100000000000000010000000000000000000000000000000C0000000000000090
:2063000000000000000000000100000000000000010000000000000000000000000000007B
:206320000D000000000000000000000000000000010000000000000001000000000000004E
:2063400000000000000000000E00000000000000000000000000000001000000000000002E
:20636000010000000000000000000000000000000F0000000000000000000000000000000D
:206380000100000000000000010000000000000000000000000000001000000000000000EB
:2063A0000000000000000000010000000000000001000000000000000000000000000000DB
:2063C0001100000000000000000000000000000001000000000000000100000000000000AA
:2063E00000000000000000000000000000000000000000000000000001000000000000009C
:2064000001000000000000000000000000000000010000000000000000000000000000007A
:20642000010000000000000001000000000000000000000000000000020000000000000058
:2064400000000000000000000100000000000000010000000000000000000000000000003A
:20646000030000000000000000000000000000000100000000000000010000000000000017
:206480000000000000000000040000000000000000000000000000000100000000000000F7
:2064A0000100000000000000000000000000000005000000000000000000000000000000D6
:2064C0000100000000000000010000000000000000000000000000000600000000000000B4
:2064E00000000000000000000100000000000000010000000000000000000000000000009A
:20650000070000000000000000000000000000000100000000000000010000000000000072
:20652000000000000000000008000000000000000000000000000000010000000000000052
:20654000010000000000000000000000000000000900000000000000000000000000000031
:206560000100000000000000010000000000000000000000000000000A000000000000000F
:206580000000000000000000010000000000000001000000000000000000000000000000F9
:2065A0000B00000001000000010000000000000001000000010000000000000000000000CC
:2065C00000000000000000000C0000000000000000000000000000000100000000000000AE
:2065E000010000000000000000000000000000000D0000000000000000000000000000008D
:206600000100000000000000010000000000000000000000000000000E000000000000006A
:20662000000000000000000001000000000000000100000000000000000000000000000058
:206640000F0000000000000000000000000000000100000000000000010000000000000029
:20666000000000000000000010000000010000000100000000000000010000000100000006
:2066800000000000000000000000000000000000640000000080FF1F9C66010000000000F5
:2066A0000000000001000000000000000200000000000000030000000000000004000000D0
:2066C0000000000005000000000000000600000000000000070000000000000008000000A0
:2066E0000000000009000000000000000A000000000000000B000000000000000C00000070
:20670000000000000D000000000000000E000000000000000F00000000000000100000003F
:2067200000000000110000000000000012000000000000001300000000000000140000000F
:206740000000000015000000000000001600000000000000180000000000000019000000DD
:20676000000000001A000000000000001B000000000000001C000000000000001D000000AB
:20678000000000001F0000000100000021000000010000002300000001000000270000006C
:2067A0000000000029000000000000002C000000000000002D000000000000002E00000029
:2067C000000000002F000000000000003000000001000000310000000000000032000000F6
:2067E000000000003300000000000000340000000000000039000000000000003A000000BF
:20680000000000003B000000000000003C000000000000003D000000000000003E00000086
:20682000000000003F000000000000004E000000000000004F00000000000000500000002C
:206840000000000051000000000000005200000000000000530000000000000054000000EE
:206860000000000055000000000000005600000000000000570000000000000058000000BE
:206880000000000059000000000000005C000000000000005D000000000000005E00000088
:2068A000000000005F00000000000000600000000000000063000000000000006400000052
:2068C00000000000650000000000000066000000000000006700000000000000680000001E
:2068E0000000000069000000000000006A000000000000006B000000000000006C000000EE
:20690000000000006D000000000000006E000000000000006F0000000000000070000000BD
:2069200000000000710000000000000072000000000000007300000000000000740000008D
:2069400000000000750000000000000076000000000000007700000000000000780000005D
:206960000000000079000000000000007A000000000000009C000000000000009D000000EB
:20698000000000009F00000000000000A000000000000000A100000000000000A200000075
:2069A00000000000A800000000000000B400000000000000BE000000000000000044010078
:2069C00001000102BC69010005000000D06901000000000006000000E1FF07000100000060
:2069E00001000010E1070010020000000280FF1FE17F00200300000001000040E3FF0740FF
:206A000004000000010000E0E3FF0FE0106A01001C6A0100000000000000000090660100C7
:206A2000000000000000000070B5064645F6A524BFF36F8FBFF34F8F40F20005C4F20105AE
:206A4000AE6000E000BF686810F0090FFAD0686810F04E0F18BF42F2E474204670BD70B58F
:206A6000064645F6A524BFF36F8FBFF34F8F40F20005C4F2010547F2F530CFF69550C5F8CE
:206A80000002AE6000E000BF686810F0090FFAD0686810F04E0F18BF42F2E474204670BD72
:206AA000010000004500000049000000ED000000F5010000290300004D000000074B9842BF
:206AC00009D9F0231B069C4660440023044A82425B41980270478020C000FBE7FEFF0700B2
:206AE000FE070000002070470020704730B5030082053DD11F4A52680220120600D430BD48
:206B00001C4A4F215160BFF35F8F1B49486A1B4C204048621A4844680125AC434460BFF34E
:206B20004F8FBFF36F8F174C1C60BFF35F8F05234360486A80235B0203434B62BFF34F8F48
:206B4000BFF36F8F4E235360B333FF330E49D150EF3BFF3B9360110080224B681A42FCD0EC
:206B6000044B5B684E201840431E984180B2C6E70620C4E70000014000ED00E0FFFFFEFF4A
:206B800090ED00E078563412F57395FDF8B5DE4657464E464546E0B507008946FFF78EFF0F
:206BA000431E4A463A4306261A4256D14B46002B5CD000285CD0314C8025314B9A46314B82
:206BC0009B464E4645E04F236360BFF35F8F53465B6A2D4A1340524653625B465B6801224A
:206BE00093435A465360BFF34F8FBFF36F8F274B3B60BFF35F8F0523536053465A6A8023A4
:206C00005B02134352465362BFF34F8FBFF36F8F4E236360B333FF331D4AE250F13BFF3BE9
:206C2000A36063681D42FCD063684E221A40904613005A1E93419BB29946361A3F18380086
:206C4000FFF73CFF002E15D04346002B14D100280AD063681D42B6D102263000F0BCBB469F
:206C6000B246A946A046F8BD0026F6E70026F4E70026F2E74E46F0E74E46EEE7000001407A
:206C800000ED00E090ED00E0FFFFFEFF78563412F57395FDF0B5DE4657464E464546E0B5A7
:206CA000060003231340072425000D402B43044023430F000020002B55D171182D4C2E4DA3
:206CC00080264F3398460B1D9C46CB1B9946002F4AD0002848D1636828001E42F7D04346B2
:206CE0006360BFF35F8F254B586A254B1840234B5862244843689A4601239B4653465846DC
:206D0000834320484360BFF34F8FBFF36F8F4B46106818606346DB1B50681860BFF35F8F72
:206D2000052318484360154B5B6A802040021843124B5862BFF34F8FBFF36F8F4E2363603B
:206D4000B333FF331048E050FF3BFF3BA36063681E42FCD060684E230340581E834198B225
:206D6000083F0832B1E70620F0BCBB46B246A946A046F0BD000001400309000000ED00E093
:206D8000FFFFFEFF90ED00E0F57395FD0C4B4F225A609861013A5A60B332FF3209499950E0
:206DA000C03AFF3A9A6019003F324B681A42FCD0034B5B684E201840431E984180B2704747
:206DC00000000140F57395FD10B5134B5B681B061FD5114B4F225A60013A5A60B332FF32EB
:206DE0000E499950D13AFF3A9A60190050324B681A42FCD0084B5B684E2200201A4209D0C4
:206E00000748FFF7C3FF0400FFF7DEFF204380B200E0044810BDC04600000140F57395FDC5
:206E200000040010030900002000000006000000000000000000000000000000000000000C
:206E40000000000000000000000000000484FF1F98C3FF1F00000000000000000000000013
:206E60000700000000000000E8C3FF1F3004000000000000000000000000000038040000D2
:206E80000000000001000000000000000001010000000000000000000000000000000000EF
:206EA0000000000005B700003412341200E00020000000001A000000000000000000000070
:206EC000000000000500000005000000050000000500000005000000000000000200000097
:206EE00000000000000000000C00000000000000000000001A00000000000000000000006C
:206F000000000000000000000000000001000000020000000000000000000000000000006E
:206F2000000000000000000000000000000000000000000000000000000000000000000051
:206F4000000000000000000001000000B7E9744B45FAA620D31C30E96386E9CD5FB993DE9C
:206F6000CA45C9D60894F77DB9EEA9D078457694809DF70524D730E2C00F046E605323BD72
:206F80005003BF2CA9BBB45CC5115A1DCE257D42034F7E1C7A3E1A68E89A00108D1828AC0F
:206FA00026BD71AE4AC9B9230B9BC1016746A9015E70F1D9BD7F564B976164FFC1D96E93B6
:206FC000AB4066D5CBF402F5FC531151A9805C0716ABCB9825FE02F3897E57917A64CC2C97
:206FE0007A71E88333590AA95923CF4A6BE4241AF78CA9045D65B67487194249E36903DD67
:20700000A4C975FEA73C07C191675445FE5FCF4572F8BD4795BA81A754505529922F818218
:20702000719B431CEB2716CA87E2BA83A01E85EF75E463882D0B5376B6B3D66819E26C2B9D
:20704000674F0A9DDEFE934243CE87AD0001000131DDD9EC24201A6A825D840218609AAB1E
:2070600065B04EFA44A04A9912F4BAE8E691BB9C55000000FFFF0000000000000000000023
:2070800000000000FF000000000000000000000000000000000000000100000000000000F0
:2070A000000000000060064000000000000000000000000000000000050000000000000025
:2070C000000000000000000000000000E4270000E4270000E427000000000000000000008F
:0C70E000000000000000000000000000A4
:04000005000037FDC3
:00000001FF
