:2000000000FE002001040000EDC1000089480000F1C10000F5C10000F9C10000000000001C
:200020000000000000000000000000000BC20000FDC100000000000001C2000005C20000AB
:2000400007C2000007C2000007C2000007C2000007C2000007C2000007C2000007C2000058
:2000600007C2000007C2000007C2000007C2000007C2000007C2000007C2000007C2000038
:2000800007C2000007C2000007C2000007C2000007C2000007C2000007C2000007C2000018
:2000A00007C2000007C2000007C2000007C2000007C2000007C2000007C2000007C20000F8
:2000C00007C2000007C2000007C2000007C2000007C2000007C2000007C2000007C20000D8
:2000E00007C2000007C2000007C2000007C2000007C2000007C2000007C2000007C20000B8
:2001000007C2000007C2000007C2000007C2000007C2000007C2000007C2000007C2000097
:2001200007C2000007C2000007C2000007C2000007C2000007C2000007C2000007C2000077
:2001400007C2000007C2000007C2000007C2000007C2000007C2000007C2000007C2000057
:2001600007C2000007C2000007C2000007C2000007C2000007C2000007C2000007C2000037
:2001800007C2000007C2000007C2000007C2000007C2000007C2000007C2000007C2000017
:2001A00007C2000007C2000007C2000007C2000007C2000007C2000007C2000007C20000F7
:2001C00007C2000007C2000007C2000007C2000007C2000007C2000007C2000007C20000D7
:2001E00007C2000007C2000007C2000007C2000007C2000007C2000007C2000007C20000B7
:2002000007C2000007C2000007C2000007C2000007C2000007C2000007C2000007C2000096
:2002200007C2000007C2000007C2000007C2000007C2000007C2000007C2000007C2000076
:2002400007C2000007C2000007C2000007C2000007C2000007C2000007C2000007C2000056
:2002600007C2000007C2000007C2000007C2000007C2000007C2000007C2000007C2000036
:2002800007C2000007C2000007C2000007C2000007C2000007C2000007C2000007C2000016
:2002A00007C2000007C2000007C2000007C2000007C2000007C2000007C2000007C20000F6
:2002C00007C2000007C2000007C2000007C2000007C2000007C2000007C2000007C20000D6
:2002E00007C2000007C2000007C2000007C2000007C2000007C2000007C2000007C20000B6
:2003000007C2000007C2000007C2000007C2000007C2000007C2000007C2000007C2000095
:2003200007C2000007C2000007C2000007C2000007C2000007C2000007C2000007C2000075
:2003400007C2000007C2000007C2000007C2000007C2000007C2000007C2000007C2000055
:2003600007C2000007C2000007C2000007C2000007C20000B5A49C5675A1323245493B59A9
:2003800052E07ACDA3224EC2AD85E40322BFAB920B88088E16A14C5A3115E3FC57BFCDC387
:2003A000AA0C532DC302F20746819CD6B9C92076963DE6019E67DFF3713BBC8B5CA05E74A6
:2003C000722C8EA4DE2FEF8577F43052954386C4232A5AEFF6FE3F665D9C26A6FAF4D5B254
:2003E000D0C995FA9CB22B8169650A3F5F34C7C5DCD8CD1FC66E52FE1FBF8A17D9C41AC685
:2004000072B6002000210022002300240025002600271F481F4901601F4880F30888FFE718
:200420001E4801680F22120511430160BFF34F8FBFF36F8FFFE71A48002809D019491A4AA1
:20044000521A013A04DD0020002309C1083AFCDAFFE7134800280BD0144802C8013907DB69
:2004600038C82A1BFAD040CC40C3043AFBDCF5E7FFE70F4802C8013907DB18C8E21AFAD0A4
:20048000002520C3043AFCDCF5E762B607F09EFB08ED00E00000002000FE002088ED00E052
:2004A000010000000000002000FE0020F080010024810100782070472DE9004100F0A0FAB6
:2004C00000F0B3FA03F0DAF801F083FD052040F26451C2F20001086000F0B3F8BDE800815F
:2004E0002DE9704141F6E416C2F20006002403F0BDFB0546306842F23411C7F64301884254
:2005000032D100212CE0C1EB810006F10C0202EBC0000078082821D80FF20408D8E800F06E
:200520001E1E1E0511170B1E1D0005EBC1000078A0B9032419E005EBC100007870B90624D0
:2005400013E005EBC100007840B904240DE005EBC100007810B9052407E000BF481CC1B2D9
:20056000B0798142CFD300E001242046BDE8708130B5002403F07AFB054695F8500001282A
:2005800003D1FFF7ADFF044600E00124204630BD00B54EF20000C2F200004FF48052002164
:2005A00001F0C8FC0DF094FF00BD00B503F084FB012805D101F0C0FE01F041FD04F0A2FBA4
:2005C00000F014FB04F061FB01280CD140F26851C2F2000108680130086004F093FB01F0AA
:2005E0002EFD00F0B2F900BD00B5FFF7DEFF00BD10B40446214600BF084610BC704770B509
:2006000000240DF045FF05464FF60066C2F20006022D05D000200146C6E9000100240BE09B
:200620004FF60061C2F2000141F61C20C0F20100082201F090FC0446204670BD0121084645
:20064000704770B540F26454C2F2000400F023F8022001F0D8FCFFF7D2FF012808D14FF61C
:200660000060C2F200000822002101F063FC0DE0FFF7E4FF012809D1FFF77AFF054600F058
:2006800079FA064615B90EB905202060206808B906F0C1FF70BD2DE9F04584B003F0E6FAE3
:2006A000064603F0E8FA824603F0EAFA07464EF20011C0F2010141F6E410C2F200004FF406
:2006C000807201F01EFC03F0B6FB50B342F2A821C0F2010141F6E410C2F200004FF48072B1
:2006E00001F00FFC002415E0C4EB840041F6F011C2F2000101EBC0000078072808D106EBA8
:20070000C4000121017006EBC4000721C17008E0601CC4B241F6E411C2F2000188798442F2
:20072000E2D34AF20001C0F201113046642201F0E8FB02966020039000208DF80400684631
:2007400006F0C2FB01208DF80400684606F0BCFB02208DF80400684606F0B6FB0098316EAA
:20076000884203D1306EB0F1FF3F56D1306EB0F1FF3F2BD100F03EFA012827D13046642279
:20078000002101F0D7FB002415E006EBC40001210170C4EB840041F6F012C2F2000202EB05
:2007A000C000007841F2E871C2F2000101EBC401C870601CC4B241F6E411C2F20001887903
:2007C0008442E2D3012086F8500026E030466422002101F0AFFB002415E006EBC400002102
:2007E0000170C4EB840041F6F012C2F2000202EBC000007841F2E871C2F2000101EBC4014F
:20080000C870601CC4B241F6E411C2F2000188798442E2D3002086F850004CF20001C0F272
:20082000011150460C2201F06CFBCDF808A00820039000208DF80400684606F045FB0120B4
:200840008DF80400684606F03FFB02208DF80400684606F039FB0098DAF80810884204D18D
:20086000DAF80800B0F1FF3F12D150460C22002101F060FB0098CAF80800002505E02846D1
:20088000002101F0EBFC681CC5B2002DF7D013E000250FE05AF82500022805D342F210713B
:2008A000284601F0DBFC03E02846002101F0D6FC681CC5B2002DEDD04EF20001C0F20111E3
:2008C00038464FF49E7201F01CFB02974FF49C70039000208DF80400684606F0F5FA012067
:2008E0008DF80400684606F0EFFA02208DF80400684606F0E9FA0098D7F83811884204D161
:20090000D7F83801B0F1FF3F17D138464FF49E72002101F00FFB42F20C51C0F2010107F5DA
:200920009470052201F0EDFA40F20841C2F2000138464FF4927201F0E4FA38464FF480713E
:2009400005F0E7FF04B0BDE8F0852DE9304140F26454C2F2000401F01AFC054620680028C3
:2009600010D9022D0CD1206801382060206848B941F6E411C2F20001886800F005F801E019
:2009800005202060BDE8308170B5064641F6F015C2F200050024C4EB840105EBC1018968FB
:2009A0008E4208D3C4EB840105EBC102D168926811448C4200D303E000F0C9F87168884740
:2009C00070BD2DE90041002040F26451C2F20001086006F020FEBDE80081000000B50DF083
:2009E00057FD18B10DF054FD052808D19D499E4A521A521E0020002309C1083AFCDA00BDFA
:200A000000B50DF0A4FC00200DF00FFD00200DF024FD00200DF068FA00200DF0ACFF0020B6
:200A20000DF0FFFE04F01AF900BD00B542F2E430C0F2010004F044F942F28440C0F201006C
:200A400004F0ABFC002004F047F900BD30B444F20001C4F206014FF0B6420124002308E0AB
:200A600048F2A060C0F20100834201D900206CE05B1CC86910F4803FF2D0C86810F0004FD2
:200A800000D0CA60C8684FF0010C6CF31240C860C86840F00040C860C86810F0004F00D0F0
:200AA000CA60C8684FF0010C6CF30B20C860C86840F00040C860C86810F0004F00D0CA609D
:200AC000C8684FF0010C6CF30710C860C86840F00040C860C86810F0004F00D0CA60C8688B
:200AE0004FF0030C6CF30300C860C86840F00040C860886A10F0004F00D08A62886A6FF305
:200B000000008862886A6FF359608862886A40F000408862486910F0004F00D04A6188693C
:200B200010F0004F00D08A6148696FF30000486188696FF341008861486940F000404861A8
:200B4000886940F000408861204630BC704700B506F07BFD04F08FF80DF090FA0021B52027
:200B60000DF0ACFE002134200DF0A8FEFFF76EFF72B600BDF0B441F20806C0F202060025AA
:200B80003246331D1078D1789478C1EA00605178240200EB01402118B1F5001F01D3012097
:200BA00022E006F10804207891F800C0604501D0012019E01878D9789F78C1EA00605978EB
:200BC0003F0200EB01403918B1F5001F01D301200AE006F10904207891F800C0604501D058
:200BE000012001E000252846F0BC704700B506F03CFD00BD30B441F6E412C2F20002002174
:200C00009068436800210BE0C1EB810002F10C0C0CEBC0000078032800D104E0481CC1B207
:200C200090798142F0D39079814201D3002016E0C1EB810002F10C0C0CEBC00080688342D3
:200C40000AD3C1EB810002F10C0C0CEBC004E068A4682044834201D3002000E0012030BC66
:200C6000704700BF00FE00200000012070B505460E4600BFAA68101D02F042FD024614462A
:200C800034B902F031FB4FF4FA6001F05AFB08E0022C03D1312001F006FB02E0222001F024
:200CA00002FB00BF70BD2DE9F04D82B08346019100BF062702F0DAFF02460092DBF80820DF
:200CC000101D01F069F9024615462846FFF790FC02461546DBF8082002F1080001F05CF922
:200CE0000246164600243FE0C4EB840241F6F013C2F2000303EBC2029068FFF779FC02468A
:200D0000924655452ED3EA43B2422BD3C4EB840241F6F013C2F2000303EBC202D268524499
:200D200095421FD2C4EB840241F6F01CC2F2000C0CEBC202D26873195244934212D8C4EB2E
:200D4000840241F6F013C2F2000303EBC202D268964207D8002E05D9204602F0F0FC0246E1
:200D6000174608E0621CD4B241F6E413C2F200039A799442B8D33A1C05D0023A023A48D90D
:200D8000022A4AD04DE041F2E873C2F2000303EBC402D278072A23D1002409E041F2E873DD
:200DA000C2F2000303EBC40200231370621CD4B241F6E413C2F200039A799442EED342F25B
:200DC000A021C0F201010868FFF712FC0246154642F2A02CC0F2010C9CE84800F21A561C7E
:200DE0003146284602F085FE02F07EFA4EF6602001F0A7FA41F2AC02C2F20002566141F258
:200E0000AC02C2F20002156102F07EFE60B102270AE0222001F047FA06E0312001F043FA8D
:200E200002E0722001F03FFA02B0BDE8F08D30B504460D462946204601F046F80022104642
:200E400030BD2DE9F04C81B006468B4617469A4600240DF1010244F2A911C0F2C5013846BD
:200E600005F081FE84466446524631460DF1010001F071F884466546012D00D00124002466
:200E800000BF204601B0BDE8F08C30B404460D4630BC704710B4044610BC704730B4044678
:200EA0000D4630BC704710B404464FF0FF31216010BC70472DE9F00404460D461646002395
:200EC00010E0D4F800A0EF5C41F6242CC0F2010C87EA0A073F06BF0D5CF8077087EA1A2715
:200EE00027600133B342ECD3BDE8F004704710B404462168C943216000BF10BC70470000CD
:200F000000002DE9F04D83B083468A46002640F27052C2F200021568FFF7CCFA0246174604
:200F20003C2F44D9B42F42D200243EE004EB840205EB820252885A4535D104EB840205EB23
:200F4000820252680192EA68013A03D307D0022A0AD00EE0019A42F0004201920AE0019A6B
:200F600042F04042019205E0019A42F08042019200E000BFDAF808208DF80220DAF80020F1
:200F8000029204EB840205EB82021288ADF80020694604EB840205EB8202107A08F082FBDE
:200FA0000246164603E0621CD4B2002CBED03246104603B0BDE8F08D2DE97041064640F204
:200FC0007051C2F200010D6800241AE004EB840105EB81010988B14211D104EB840105EB58
:200FE0008101096951B104EB840105EB81010A6904EB840105EB81014888904703E0611CB5
:20100000CCB2002CE2D0BDE870812DE9700105460C460122D5F810C06E680CEA06030CEA2F
:201020000406B3422ED1EB68052B2AD80FF20408D8E803F003080D151A22B4F1004F00D33D
:2010400000221FE0B4F1404F00D300221AE0B4F1004F03D3B4F1404F00D2002212E0B4F1C3
:20106000004F00D200220DE0B4F1004F03D2B4F5806F00D3002205E0B4F1804F00D200229D
:2010800000E000BF00BF1046BDE87001704700002DE9F04D82468B4640F26C52C2F200023D
:2010A00015680126FFF706FA024617463C2F2ED9B42F2CD2002428E0DAF80010C4EB84025B
:2010C00005EBC200FFF7A1FF024616469AF80430C4EB840205EBC202127A9A4213D196B9DA
:2010E000C4EB840205EBC20252695AB1C4EB840205EBC20253695946C4EB840205EBC20214
:201100005088984703E0621CD4B2022CD4D3BDE8F08D000010B4044600BF10BC70470000EA
:2011200000002DE9F04D81B004460D461E46ADF80220376805F1080B0BEB041CDCF804A02D
:20114000D6F808B0BDF8028005F1080E0EEB041CACF8008005F1080E0EEB041CD6F808E0AE
:20116000CCF80CE05A463946504600F0CAFE01B0BDE8F08D00000000F0B504460D461646E1
:201180002378ABB933462A462146A078FFF7C9FF63780BB901236370A378013313F001033E
:2011A000A370A37894F803C0634501D101232370F0BD2DE9F04481B005460C4600228DF815
:2011C000022000228DF8032022681278022A0AD1226852783E2A06D122689278802A02D164
:2011E00001F09CF83EE00DF103030DF102022146284600F042FA0246164640F2AC57C2F2B8
:201200000007BA46FF2E2DD09DF8022002F0F002003A06D0103A04D0103A1DD0102A1BD078
:201220001FE02246294640F27450C2F20000FFF7A3FFDAF82420052A0DD106EB8602920068
:2012400041F6B463C0F201030B21D05A00F024FF384600F0DFF905E02146284600F006F833
:2012600000E000BF01B0BDE8F08400002DE9F04D84B082460C4600228DF8062000228DF8F0
:2012800007200DF107030DF106022146504600F0F4F9024617469DF80750FF2F00F01481FB
:2012A0009DF8062002F0F002003A08D0103A2CD0103A00F08C80102A00F0A48003E19DF82A
:2012C0000660A3686A1C9A1AB2421DD3E6B107EB870241F6B463C0F2010303EB8202A368EC
:2012E0001269934210D80095F3B2224607EB870C41F6B460C0F2010000EB8C0140F2AC50EB
:20130000C2F2000000F070FADEE0A268082A5DD3BAF1000F5AD107EB870241F6B463C0F235
:20132000010303EB8202A368126993424ED822689DF806302A44013212781B071B0D9E1836
:20134000AA1CD5B2E6B9D4F800C005EB0C0203321CF805301278C2EA036205EB0C030133CB
:201360001B7842EA034205EB0C0302331B781B0243EA02062A1DD5B2B6F5805F00D2002600
:20138000A268082A06D19DF80720C2F1080292B296421BD3A268082A07D9A2689DF80730C5
:2013A000D21A013A92B2964210D300953346224607EB870C41F6B460C0F2010000EB8C0196
:2013C00040F2AC50C2F2000000F070FA7CE040F2AC53C2F200035A6A052A12D1BAF1000FFD
:2013E0000FD12B46224607EB870C41F6B460C0F2010000EB8C0140F2AC50C2F2000000F067
:20140000BCFA61E040F2AC53C2F200035A6D062A58D1A268032A55D3BAF1000F52D19DF8FC
:20142000062012F00F0F10D12B462246C7EB870041F6DC6CC0F2010C0CEBC00140F2AC504F
:20144000C2F2000000F062FB3CE09DF8062012F00F02012A1DD1062240F2AC53C2F2000378
:201460005A6540F2AC53C2F20003DA6DFF2A29D84FF47A7000F003FD40F2AC52C2F2000251
:20148000908640F2AC53C2F20003DA6D0132DA6518E09DF8062012F00F02022A12D1C7EB0E
:2014A0008702D20041F6DC63C0F201030121D05A00F024FE40F2AC51C2F2000101F1300041
:2014C00000F0C0F800E000BF04B0BDE8F08D2DE9F0410746FF2540F2AC54C2F20004002627
:2014E00014E0C6EB860141F6DC62C0F2010202EBC1014988B94207D1616D083902D0043925
:20150000032901D8354603E0711CCEB2002EE8D0FF2D35D0616D0F2931D80FF20808D8E864
:2015200001F0C0462E2E2E2E2E2E2E2E092E2E2E19092219C5EB8501C90041F6DC62C0F22E
:201540000102885A002100F0D9FD04F1300000F079F85BE0062161654FF47A7000F08FFC69
:201560000146A18652E094F8311084F85810962000F085FC0146A1860921616546E045E04A
:20158000384600F033FC01460D46FF2D3ED0616A022908D1052161624FF47A7000F06FFC9A
:2015A0000146A18032E0616A042911D105EB8501890041F6B462C0F20102885A012100F0E2
:2015C0006BFD40F2AC50C2F2000000F023F81DE0616A112909D100F0CFFEE16A4FF44872D5
:2015E0004A60204600F016F810E005EB8501890041F6B462C0F20102885A012100F04CFDAF
:2016000040F2AC50C2F2000000F004F800BFBDE8F081000010B40446002121700021A18025
:201620000021A1600021A181002121610021A1820021A17700212184002161840021616275
:2016400010BC704710B40446002121700021A1800021A1600021A181002121610021A182B9
:201660000021A1770021218400216162002184F828100021E16210BC70472DE9F04F83B043
:201680008A4693461F4641F6B46CC0F2010CADF80A00FF260125002448E0BDF80A8004EBB2
:2016A000840E0CEB8E0EBEF802E0C6453AD104EB840E0CEB8E0EDEF804E0BEF1010F0ED1EB
:2016C0004FF0000E87F800E0DAF800E097F8008018F80EE08BF800E02646002522E004EBBA
:2016E000840E0CEB8E0EDEF804E0BEF1000F19D1DAF8008004EB840E0CEB8E0E9EF808E07F
:2017000098F80080C6450DD14FF0010E87F800E0DAF800E097F8008018F80EE08BF800E001
:201720002646002504F1010E5FFA8EF4022C01D2012DB2D0FF2E52D1012500244CE0BDF80D
:201740000A80C4EB840E41F6DC69C0F2010909EBCE0EBEF804E0F0453AD104EB840E0CEB64
:201760008E0EDEF804E0BEF1010F0ED14FF0000E87F800E0DAF800E097F8008018F80EE00A
:201780008BF800E02646002522E004EB840E0CEB8E0EDEF804E0BEF1000F19D1DAF800808B
:2017A00004EB840E0CEB8E0E9EF808E098F80080C6450DD14FF0010E87F800E0DAF800E03F
:2017C00097F8008018F80EE08BF800E02646002504F1010E5FFA8EF40CB9012DAFD000BFF8
:2017E000304603B0BDE8F08F2DE9F04F82B00E4693461F4601909DF82CC00CF1010C5FFA0E
:201800008CFA019D022F14D1DBF8004014F80A403E2C0ED1DBF80040544401342478802CB4
:2018200007D1B6F802C0BCF1010F02D100F076FD39E06C6A013C02D329D0042C32D1D5F873
:2018400024C0BCF1050F09D10B21308800F024FC40F2AC50C2F20000FFF7DCFE00240DE052
:20186000DBF800E004EB0A0818F80EE005F1160C0CF804E004F1010C5FFA8CF4BC42EFD31B
:20188000AF772F613046019900F0A2F90BE00121308800F001FC40F2AC50C2F20000FFF76D
:2018A000B9FE00E000BF02B0BDE8F08F2DE9F04D81B007460E46924600933C46656A013DDD
:2018C00002D34BD0042D54D1D4F824C0BCF1050F09D10B21308800F0DFFB40F2AC50C2F2E7
:2018E0000000FFF797FE9AF808509DF824C0A5EB0C05A57700250FE0DAF800B09DF824806E
:2019000005EB080E1BF80EB004F1160C0CF805B005F1010C5FFA8CF594F81EC06545EBD371
:20192000DDF800C0C4F810C04FF0010C84F800C0DAF808C0C4F828C0002000F0A0FA84464C
:20194000A4F804C03946304600F069F98446E3465A463946304600F0ADF90BE001213088FD
:2019600000F09AFB40F2AC50C2F20000FFF752FE00E000BF01B0BDE8F08D2DE9F04F86B0BD
:201980008A4616469B4605904FF0000C8DF801C0059CD4F810C0A78AACEB070CCDF804C073
:2019A000356815F80B5005F00F0C8DF803C04FF0010C8DF802C0D6F808C0A76ABC450CD2B1
:2019C000DDF804C00CF10105D6F808C0ADB2AC4503D24FF0000C8DF802C09DF802C0BCF11A
:2019E000010F40F0908094F800C09DF80380E0450BD00521BAF8000000F04EFB40F2AC50F4
:201A0000C2F20000FFF706FE7DE0257801352570257815F00F052570A56ADDF804C0013D22
:201A2000A5EB0B05ADB2AC4508D8DDF804C05FFA8CF74FF0010C8DF801C004E0A56A013D9E
:201A4000A5EB0B05EFB2002518E0D4F808C0B4F80CE0D6F800800BEB0809A944DCF800C026
:201A600099F801800CF80E80B4F80CC00CF1010CA4F80CC005F1010C5FFA8CF5BD42E4D345
:201A8000B4F814C0BC44A4F814C0B4F820C00CF1010CA4F820C09DF801C0BCF1010F1AD146
:201AA0004FF00B0CC4F824C0BAF800C0A4F822C0DDF81480D8F854C0BCF1000F23D1002122
:201AC000BAF8000000F0E8FA40F2AC50C2F20000FFF7A0FD17E0D4F828C0D6F808E0F44573
:201AE0000AD00121BAF8000000F0D6FA40F2AC50C2F20000FFF78EFD4FF47A7000F0BFF940
:201B00008446A4F804C006B0BDE8F08F2DE9F04C81B0834615461F46009107F1020C5FFAC5
:201B20008CF607F1010C5FFA8CFA0BF13004D5F800C01CF80AC0A4F802C0B4F802C0BCF12B
:201B4000000F03D14FF6FF7CA4F802C0D5F800C01CF806C0BCF17F0F06D9D5F800C01CF862
:201B600006C0BCF1F10F06D3D5F800C01CF806C0BCF1F90F04D94FF07F0C84F801C015E024
:201B8000D5F800C01CF806C0BCF17F0F04D94FF0010C84F801C009E0D5F800C01CF80600AD
:201BA00000F06DF900F1010C84F801C094F801C084F828C0962000F062F98446A4F804C0B8
:201BC0004FF0090CC4F824C000BF01B0BDE8F08CF0B505460E4634462146284600F038F8CD
:201BE0000246174687B90B2262622A886284726DA2B90021288800F04FFA40F2AC50C2F251
:201C00000000FFF707FD09E00121608C00F044FA40F2AC50C2F20000FFF7FCFCF0BDF0B583
:201C200007460E4634462146384600F011F80246154615B90122626207E0012D03D13046F4
:201C4000FFF7E8FC01E0032262622A461046F0BDF0B506460C460125A2683AB904F1080208
:201C60002169308800F0F1F902461546A268DAB1A268A38992689A4216D90025002210E0DE
:201C8000A36804F1160CA7891B681CF802C003F807C0A38A0133A382A3890133A381531C5E
:201CA000DAB2A37F9A42EBD32B461846F0BD0000000000002DE9F04F86B007468B4615465C
:201CC0004FF0000A5E4601AB039300230593002410E0C4EB840341F6DC6CC0F2010C0CEB9B
:201CE000C303B7F80AC05B889C4501D1A24603E0631CDCB2002CECD07B68012B13D07B687A
:201D00008BB9DDF80CC0DDF814E0CAEB8A0341F6DC69C0F2010909EBC3031B7C0CF80E3008
:201D2000059B01330593F5B9039BDDF814C04FF0300E03F80CE0059B01330593039BDDF8FF
:201D400014C04FF0000E03F80CE0059B01330593039BDDF814C04FF0000E03F80CE0059BF4
:201D60000133059316E0022D0AD1039BDDF814C04FF0310E03F80CE0059B0133059309E096
:201D8000039BDDF814C04FF0320E03F80CE0059B0133059303A800F01AF803A97889FFF7DA
:201DA000B0F84FF47A7000F06AF80346B38015B90223736208E0032D02D10423736203E0EE
:201DC000022D01D11123736206B0BDE8F08F10B4044606E02168A26800238B54A16801315B
:201DE000A160A1680829F5D310BC7047F0B40546FF23FF22002110E0C1EB810441F6DC6C6A
:201E0000C0F2010C0CEBC4046488A54201D10A4605E001F1010C5FFA8CF10029ECD0FF2A87
:201E200028D0002124E001EB810441F6B46CC0F2010C0CEB84046489A54215D101EB810C4C
:201E400041F6B466C0F20106C2EB820406EB8C0641F6DC6CC0F2010C0CEBC4047688A4889B
:201E6000A64201D10B4605E001F1010C5FFA8CF10229D8D300BF1846F0BC7047000010B483
:201E80000446611C89B2084610BC704730B404460D4625646A6AA260AA6AE260EA6A226162
:201EA0002A6B62616A6BA261AA6BE261EA6B226205F1400262626A6CA26205F14802E26267
:201EC000EA6C226330BC7047F0B506460F4640F27435C2F2000540F24C64C2F200042946A1
:201EE0002046FFF7D3FF07206063214600200AF0E9F805463A463046216A00F002F8284644
:201F0000F0BD2DE9F00406460F46944633463C4665460AE03BB134B194F800A083F800A0E7
:201F20000133013400E002E0013D002DF2D8BDE8F0047047F0B405460E4617462B463C465E
:201F400005E013B11E70013300E002E0013C002CF7D8F0BC70472DE9F04C84468A46174670
:201F60000123644655463E460FB9002310E00DE04CB145B194F800B095F800E0F34502D105
:201F80000134013501E0002302E0013E002EEFD800BF1846BDE8F08C10B4044622781106BF
:201FA000627812041144A27812021144E278114400BF084610BC704730B404460D46220E69
:201FC0002A70220C6A70220AAA702246EA7030BC704710B540F2CC64C2F20004022000F0C3
:201FE000CBF8002000F0F9F800F01DFB04F5E670A06004F13C00E06100F094F800F0B0F840
:2020000000F037FB10BD30B5054640F2CC64C2F20004284600F0B0F80021A180A1683122E3
:202020000A70A16801224A70A16803228A70A1680122CA700821216100F0B7F930BD00B5C5
:2020400000F00BFB00F016FA00BDF0B405460E46174640F2CC64C2F200040023D4F800C064
:20206000BCF1000F13D1CC2D01D0FF2D0FD1B6F5006F0AD84FF0010CC4F800C0A58026617A
:2020800004F1080CC7F800C002E0032300E0012300BF1846F0BC704770B505460E4640F236
:2020A000CC64C2F20004206801280AD12EB9A088854202D100F079F903E000F051F800F095
:2020C00031F870BDF0B506460F4640F2CC65C2F2000500246A69022A08D12A8B964205D1E9
:2020E00005F11C023A6001226A6104E000F038F800F018F8012422461046F0BD70B5054640
:202100000E4640F2CC64C2F2000446B9228B954205D194F82D2012B90022626101E000F09E
:2021200001F870BD30B540F2CC64C2F2000425460020A06200206061002084F82C00012023
:2021400084F82D0000F00AFA00F0E2F994F8CC09012802D100F0B7F901E000F0DFF830BD85
:202160002DE90041002040F2CC61C2F20001086000F00DF9BDE800812DE91001044641F2AC
:202180009801C2F200010C70BDE8100170474DF8048D41F29801C2F2000108785DF8048B4D
:2021A00070472DE9F00104460D46002300220DE041F2980CA75CC2F2000C9CF800C0BC45A3
:2021C00000D1012302F1010C5FFA8CF2AA42EFD300BF1846BDE8F00170472DE910010446AA
:2021E00041F29801C2F200010C71BDE8100170474DF8048D41F29801C2F2000108795DF847
:20220000048B704710B40446012141F2A003C2F2000353F82420002A00D9002100BF0846FB
:2022200010BC70472DE9F00104460D46002300220DE041F2980CA75CC2F2000C9CF804C053
:20224000BC4500D1012302F1010C5FFA8CF2AA42EFD300BF1846BDE8F001704730B404466B
:202260000D46A20041F2A003C2F200039D5030BC70472DE91001044641F29801C2F200015A
:202280004C80BDE8100170472DE90041012040F2CC61C2F2000181F82D0000F091F9FFF763
:2022A0005FFFBDE8008170B5064640F2CC64C2F20004E569782E02D0012184F82D107F21CE
:2022C0002970A16809786970AE700321616200F077F994F82D10012901D1FFF741FF70BD75
:2022E00070B505460E461446ADB9CC2E0BD0FF2E0DD1112C0BD0122C09D0312C07D07E2C6D
:2023000005D07F2C03D02046FFF7CDFF03E0FFF727FFFFF707FF2B46184670BD10B440F255
:20232000CC64C2F2000494F8CC09012802D041F28830E08510BC704700B5012000F00CF8BC
:2023400000BD2DE91001044640F2CC61C2F200018C63BDE8100170472DE91001044640F23C
:20236000CC61C2F200010C86BDE81001704740F2CC60C2F2000070474DF8048D002040F28B
:20238000CC61C2F2000148615DF8048B7047002007E040F69801C2F20001FF220A54411CB0
:2023A00088B2B0F5006FF4D3704710B540F2CC64C2F20004022020603220FFF7CDFF00F0CC
:2023C000B3F800F080F8012084F82C00002084F82D0010BD2DE9F04C40F2CC64C2F200041F
:2023E000002541F65876C0F20106002715E0A0683178007881420DD1A088CC2802D170783D
:20240000C00705D4A088FF2803D17078800700D5A66204E01836781CC7B20A2FE7D3A06A71
:20242000F8B1A06A0069E0B1A06A81784068FFF7B8FE8246A06A017AC068FFF7F3FE834673
:20244000BAF1000F01D17F250CE0BBF1000F01D1332507E0A06A026904F1140120469047D8
:2024600000E0112525B12A460020A188FFF738FFBDE8F08C30B581B040F2CC64C2F2000439
:202480006069F0B994F82C00012805D1002084F82C00FFF79FFF14E094F82D0088B90DF1CB
:2024A000030001F0EAFA0546012D0AD1A06A406938B1A06A04F11402214643699DF8030094
:2024C000984701B030BD4DF8048D002040F2CC61C2F20001C8855DF8048B704770B540F236
:2024E000FA64C2F20004208888B1208801382080208801280BD100202080FEF739F8054686
:20250000FEF738FB064615B90EB9FEF741F870BD4DF8048D6FF0FE0040F2CC61C2F2000110
:2025200048635DF8048B704710B440F2CC64C2F200040020606341F28830A06310BC704723
:2025400010B440F2CC64C2F20004606B002803DB2146486B0130486310BC70474DF8048D7D
:20256000002040F2CC61C2F2000108865DF8048B704730B540F2CC64C2F200040025208E2C
:20258000E8B1208E01382086208E10B9606900B90125606B00280DDB606BA16B884209D29F
:2025A000012D0CD17820FFF77EFE41F28830FFF7D3FE04E01020FFF776FEFFF7A9FF30BD4B
:2025C00010B540F2CC64C2F2000402206061AA20208304F11C01208B02F0EBFE00BF10BDA8
:2025E00070B541F2A005C2F2000501F044FB0646002415E055F8240000280FD9A1006858AE
:202600000138685055F8240040B956F82400022804D3A0000021315001F0B3FA601CC4B21A
:20262000002CE7D070BD4DF8048D002041F29801C2F2000148805DF8048B704710B541F2B8
:202640009A04C2F20004208830B1208801382080208808B9FDF79CFF10BD00B5FFF7C0FFEB
:20266000FFF73CFFFFF785FFFFF76AFFFFF7E6FF00BD4DF8048D41F2AC00C2F2000001212D
:2026800041710021017100210160002181710021C160002141F2A402C2F2000211700021CC
:2026A00001610021416100218160002101765DF8048B70472DE9F04F82B007460D46012276
:2026C0008DF8002000228DF8012000264FF0000BBA68527812F0800202D000228DF8002014
:2026E000BA68527812F07F028DF802204FF0000A1CE042F24803C0F2010303EB0A129DF8AB
:202700000230127893420DD14FEA0A1242F24803C0F2010302EB030B9DF8026001228DF826
:20272000012006E00AF101025FFA82FABAF1020FDFD30220396900F0FBFD02461446012CD6
:2027400007D11222B9889DF80100FFF7C9FD02461446012C0ED19BF80110DBF80400FFF7BB
:2027600020FD0246144620467E22B988FFF7B8FD02461446012C05D10220396900F0CBFD87
:2027800002461446012C07D19BF80810DBF80C0000F0DBFD02461446012C65D1002241F2E6
:2027A000A403C2F200031A700020FFF716FDFFF7EEFC02468DF803203046FFF7DDFC01F002
:2027C00064FA9DF80020012A3CD1AA6850231370BB68AA685B785370022E20D1AA68002385
:2027E0009370AA683223D37000F073FF002241F2AC03C2F200039A60002241F2AC03C2F25D
:2028000000031A71002241F2AC03C2F20003DA60002241F2AC03C2F200039A7107E0012E59
:2028200005D1AA6800239370AA683223D370AA6801231371AA68F423537106222A61FFF790
:2028400023FD03E0FFF78CFCFFF76CFC9DF80320022A05D1012E03D10A20FFF70AFD03E0D2
:20286000022E01D1FEF7ADF802B0BDE8F08F2DE9F04D82B0074601914FF0000A01244FF0D5
:20288000010B0026BA68527812F0800201D04FF0000BBA68527812F07F028DF8032000253F
:2028A00015E042F26803C0F2010303EB05129DF803301278934208D12A0142F26803C0F24D
:2028C0000103D6184FF0010A03E06A1CD5B2002DE7D0BAF1010F0CD171787068FFF761FC3C
:2028E0000246144620467E22B988FFF7F9FC02461446012C05D10220396900F019FD02464D
:202900001446012C06D150461222B988FFF7E8FC02461446012C03D100F03DFD0246144605
:20292000012C05D10220396900F0F5FC02461446012C05D1317AF06800F007FD02461446B1
:20294000012C18D1BBF1010F0ED1019B9A6851231370019B9A689DF803305370019B022248
:202960001A61FFF791FC03E0FFF7FAFBFFF7DAFB0A20FFF77EFC02B0BDE8F08D2DE9F04FFD
:2029800096B007460391002600228DF80320002202924FF0000B0320396900F0C9FC02465E
:2029A0001446012C09D13A69D20706D413220020B988FFF795FC024614463A69013A520869
:2029C00002923A69013A5208122A07D33A69013AD20703D41320FFF766FC0024012C4AD190
:2029E00000244FF0000A43E0BA68013202EB4A0212781202ADF80620BA68BDF8063002320F
:202A000002EB4A0212781A44ADF80620002521E0C5EB850242F27803C0F2010303EB820296
:202A2000BDF806301288934213D14FEA8B030DF1100CC5EB850242F2780EC0F2010E0EEBCC
:202A400082024CF803200BF101021FFA82FB012402E00135122DDBD3012C07D03122002055
:202A6000B988FFF73DFC0246144604E00AF1010A029A9245B8D3012C11D100250DE0012C0E
:202A800009D104AB53F825209178506800F05DFC0246144600E002E001355D45EFD3012CE8
:202AA00003D100F078FC02461446012C4CD100253AE004AB53F8252092682AB3039B9A68FD
:202AC0000DF1100C3244531C5CF82520128812121A70039B9A680DF1100C3244931C5CF8E3
:202AE000252012881A70039804AB53F82520836801A93344D81C9268904702468DF80320D2
:202B0000BDF80420324496B29DF803200AB100240CE0B21C96B2B6F5C87F04D31420FFF792
:202B2000C2FB002402E001355D45C2D3012C0BD19DF8032042B9039B9A6862231370039B63
:202B4000721C1A61FFF7A0FB16B0BDE8F08F2DE9F04F82B00746019100228DF8012000259E
:202B6000BA6892F801B0002623E0C6EBC60242F25013C0F2010303EB8202127893450AD05B
:202B8000C6EBC60242F25013C0F2010303EB8202927893450BD1C6EBC602920042F250139D
:202BA000C0F20103D51801228DF8012003E0721CD6B2002ED9D00220396900F0B9FB024629
:202BC0001446012C07D11222B9889DF80100FFF787FB02461446012C3BD1287900F0E3FBC9
:202BE00002468DF803202A7893451FD14FF0020A5046396900F08FFB02461446012C0DD1D1
:202C00009DF80300FFF7FEFA02468DF802209DF802201AB93720FFF746FB0024012C18D1ED
:202C200039462846019A00F0D8FB12E0AA7893450FD1EA7802F1020A5046396900F06BFB8E
:202C400002461446012C04D139462846019A00F001FC02B0BDE8F08F2DE9F04F81B00546B4
:202C60008A4600228DF802200026AA6892784FEA022BAA68D2785A441FFA82FB002718E064
:202C800007EBC70242F21C23C0F2010303EB8202128893450BD107EBC702920042F21C23D0
:202CA000C0F20103D61801228DF8022003E07A1CD7B2032FE4D30420296900F039FB024699
:202CC0001446012C07D13122A9889DF80200FFF707FB02461446012C0CD13179B068FFF71E
:202CE00060FA0246144620463122A988FFF7F8FA02461446012C05D1317B306900F025FB0C
:202D000002461446012C13D1AA6852788DF803209DF80320317DB06900F027FB0246144649
:202D200034B912220020A988FFF7DAFA02461446012C06D129697288101D00F0ECFA0246DA
:202D400014460124012C16D1DAF8082071231370AB68DAF808205B785370AB68DAF808201F
:202D60009B789370AB68DAF80820DB78D37051462846F269904701B0BDE8F08F2DE9F04F39
:202D800084B00646039142F2882AC0F2010A0520316900F0CDFA02461446002241F2AC0360
:202DA000C2F2000383F8242000228DF80320012C2DD1B26892F801B0B26892788DF8012089
:202DC000002518E00AEBC5021278934511D10AEBC5029DF80130527893420AD101228DF832
:202DE0000320EA0042F28823C0F2010303EB020A03E06A1CD5B2022DE4D39DF8032032B9BE
:202E000031220020B188FFF76BFA02461446012C05D10B20316900F07EFA02461446012C0A
:202E20004CD1B268D01CFFF7B7F8024617463846FDF7DEFB02461746B268D01DFFF7ACF894
:202E4000024602923846029900F011FD02468DF802209DF80220052A04D13120FFF723FA71
:202E600000242BE042F28820C0F2010000EBC5029178506800F069FA012801D000241DE0B3
:202E80009DF80220022A0CD041F2AC03C2F200039A6832B941F2AC03C2F200039A79012A16
:202EA00004D12220FFF7FFF9002407E09DF80220082A03D17020FFF7F6F90024012C16D198
:202EC000BBF1000F08D19DF80120442A04D13046039900F02DFB0AE0BBF1100F07D19DF819
:202EE0000120442A03D13046039900F056FB00BF04B0BDE8F08F2DE9F04D83B0834641F203
:202F0000AC05C2F2000502914FF0000A2E790320DBF8101000F00CFA02461446012C33D1E5
:202F2000DBF8082052788DF80320DBF81020971E00F0B7FE02460192AA79012A08D19DF830
:202F40000320012A04D07320FFF7ADF900241BE09DF80320964217D1019AAAB1019A032ACB
:202F600012D0EA68BA420FD1029B9A6876231370029B9A68DBF808305B785370029B022285
:202F80001A61FFF781F90024012C14D13946286800F041FD02469246BAF1020F04D12420DE
:202FA000FFF781F9002406E0BAF1050F03D17120FFF779F90024012C09D19DF8032032B93D
:202FC000AA79012A03D17320FFF76DF90024012C0DD1FF2E01D1002601E0721CD6B29DF800
:202FE0000320964203D07320FFF75DF90024012C21D1DBF81020971E00F076F9AA68012A8D
:2030000013D1DBF808203946901C00F096FC0246924695F8242012B92A683A442A60BAF123
:20302000000F02D10022AA712E71012C03D1EF600022AA712E7103B0BDE8F08D2DE9F04487
:2030400082460E4641F2AC05C2F20005012400F028FE022807D10120DAF8101000F05BF923
:203060000246144603E02420FFF71DF90024012C15D100F0EAFC024617466FB90022AA6075
:2030800000222A71B26877231370012232610022EA60FFF7F9F802E02420FFF704F900BF5B
:2030A000BDE8F0842DE9F04D81B005468B4600274FF0010AAA68527812F0800201D04FF076
:2030C000000AAA68527812F07F028DF8032000260DE041F65772C0F2010232449DF80330D9
:2030E0001278934201D1012703E0721CD6B2002EEFD00220296900F01BF902461446012C0A
:2031000006D138461222A988FFF7EAF802461446012C05D10220296900F0FDF8024614463D
:20312000012C15D1BAF1010F0ED1DBF808207E231370AB68DBF808205B7853700222CBF838
:203140001020FFF7A1F803E0FFF70AF8FEF7EAFF00BF01B0BDE8F08D2DE9F04D82B0834617
:203160000E4614464FF0000AB36893F802C0DB7803EB0C239FB2002518E005EBC50342F226
:203180001C2CC0F2010C0CEB83031B889F420BD105EBC50342F21C2CC0F2010C0CEB8303DB
:2031A00001934FF0010A03E06B1CDDB2032DE4D3BAF1010F4CD1DDF804C0DCF820302BB1E0
:2031C0000198036A2246314658469847BBF1000F24D140F21228B7EB080304D04FF6EE4875
:2031E000434514D019E0012341F2AC0CC2F2000C8CF81830A3684FF0100C83F804C0A3681F
:203200004FF0000C83F805C001F0E4F925E0A3684FF0100C83F804C01FE01EE040F2122842
:20322000B7EB080304D04FF6EE48434509D00EE0A3684FF0100C83F804C0A36883F805B063
:203240000BE0A3684FF0110C83F804C005E004E0A3684FF0010C83F804C0A3684FF0710CB7
:2032600083F800C0D6F808C0A3689CF801C083F801C0D6F808C0A3689CF802C083F802C0AD
:20328000D6F808C0A3689CF803C083F803C040F21228B7EB080304D04FF6EE48434503D035
:2032A00005E00623236103E00523236100E000BFFEF7EAFF02B0BDE8F08DF0B505460E4658
:2032C00014466DB9A3684FF0760C83F800C0B768A3687F785F7002232361FEF7D5FF02E023
:2032E0007220FEF7E0FFF0BD00B57820FEF7DBFF41F28830FFF730F807E001F0C6FC0128D3
:2033000001D102F02DFD02F026FDFFF730F840690028F2D100BD70B505460E460124AE4262
:2033200003D000241320FEF7BEFF2246104670BD70B505460E460124AE4203D200241320C1
:20334000FEF7B1FF2246104670BD70B505460E4631462846FEF766FF0246144614B9332018
:20336000FEF7A1FF2246104670BDF0B405460E4617460024002308E015F803C0674500D1B1
:20338000012403F1010C5FFA8CF3B342F4D300BF2046F0BC704710B5012414B92220FEF7FD
:2033A00082FF012010BD30B40446FF2200210EE0C1EBC10342F2501CC0F2010C0CEB8303F4
:2033C0001B799C4201D10A4603E04B1CD9B20029EED000BF104630BC70472DE9F04C044649
:2033E0008B46164641F2A405C2F200054FF0010AFEF7FEFE03461F462379BB4205D1E81CAF
:2034000000216278FEF796FD07E001232B7023786B70E81C636961789847BAF1010F16D1E3
:20342000B3684FF0670C83F800C0DBF808C0B3689CF801C083F801C06278B368E91C981C8F
:20344000FEF75FFD637802333361FEF71DFF00BFBDE8F08C2DE9F04D82B004468B4692460E
:2034600041F2A407C2F2000700F005FC03461D462079FFF798FF03461E467B7894F800C004
:2034800063454FD13B78012B4CD100233B70D4F818806378E178DBF808C0FA1C0CF1020052
:2034A000C04703468DF803309DF8033003BB55F8263033B1B3004FF0000C45F803C000F009
:2034C00060FB2079FEF789FEDAF808304FF0670C83F800C0DBF808C0DAF808309CF801C08B
:2034E00083F801C00223CAF81030FEF7CDFE1CE04FEA860C55F80C30013345F80C3000F0BC
:2035000040FB55F82630022B03D23520FEF7CBFE0BE042F210713046FEF7A0FE3620FEF7C4
:20352000C2FE02E02420FEF7BEFE02B0BDE8F08DF0B506460D4641F2AC04C2F2000400221F
:2035400022760122A271002222710122A260B268D01CFEF721FD024622602068FDF748F824
:2035600002462260B268D01DFEF716FD024617463946206800F034F9AA6874231370AA686B
:2035800020235370AA6808239370AA680023D37004222A61FEF778FEF0BDF0B506460D4660
:2035A00041F2AC04C2F2000404F08AF800222276012284F824200122A2710022227101224F
:2035C000A260B268D01CFEF7E7FC024622602068FDF70EF802462260B268D01DFEF7DCFC21
:2035E000024617463946206800F0FAF8AA6874231370AA6820235370AA6808239370AA68A7
:203600000023D37004222A61FEF73EFEF0BDF0B405460E4617469C4600BF00BF00BF00BF37
:2036200000242046F0BC7047F0B405460E4617469C4600BF00BF00BF00BF00242046F0BCE9
:203640007047F0B405460E4617469C4600BF00BF00BF00BF00242046F0BC70472DE9100121
:20366000044641F2D401C2F200010C60BDE81001704710B4044600BF10BC70472DE9704153
:2036800041F2E805C2F2000505F18006002085F8E806002085F88000002405E02819823031
:2036A00000210170601CC4B20A2CF7D3284680220021FEF73FFC00F00CF842F2B830C0F263
:2036C0000100416840F2E030C2F200008847BDE8708110B541F26814C2F200040020C4F8DD
:2036E000600600F077FF0020C4F864060020C4F874060020C4F870060020C4F86C0610BDF5
:2037000070B5064641F26814C2F200040025A66194F8681602290CD25DB994F86816013140
:2037200084F86816A6610321C4F864160021617002E0FFF7CEFF02252946084670BD2DE970
:20374000F044044641F26816C2F2000641F2E877C2F2000741F6E41AC2F2000A00259AF889
:2037600006108C4237D2C4EB84010AF10C0202EBC1017A6D49888A4207D3C4EB84010AF1E3
:203780000C0202EBC101498819BB07EBC40100220A70002187F85010C4EB84010AF10C0336
:2037A00003EBC101097807EBC402D17007EBC4014FF0FF324A6000F00DFF3473317B31444A
:2037C000023100220A70002171700121C6F8641602E0012500E0062529460846BDE8F084D5
:2037E0002DE9F04C82468B4641F26814C2F200040025C4F810A0C4F814B0002284F868263A
:203800002278C2B90122C4F86026227F01322277227FA4F1080302EB820203EBC2022369D1
:203820001360227FA4F1080302EB820203EBC2026369536014E0277F07EB870204EBC20369
:2038400003F12006226932606269726000F04EFC02461546227F013222770122C4F86026E5
:203860000022C4F864262A461046BDE8F08C2DE9F04C06460F4641F26815C2F20005002479
:2038800095F8682622B1002285F86826FFF721FFD5F860262AB1D5F86026032A01D0022452
:2038A00044E001222A702A78CABB4EF20002C2F20002964231D3F243BA422ED34FF20002B7
:2038C000C2F20002964228D8BA194FF20003C2F200039A4221D8B7F5805F1ED8002F1CD912
:2038E0004EF20002C2F20002964201D1FFF7F1FE95F81CA0BAF1000F18D9A5F108030AEBB7
:203900008A02D20002EB030BDBF80420DBF800301A4496420AD2022408E0052406E03946A6
:20392000304600F021FB0246144600240CB1FFF7D0FE22461046BDE8F08C2DE9F04D89B053
:2039400041F2681BC2F2000B41F2AC07C2F20007019002910025029EDDF804A00024DBF8F8
:203960001420921BCBF814209BF80020002A43D197F82420012A2AD100228BF86A2621E04F
:20398000FDF734F9802E01D9802403E0344601228BF86A2603AA2146504603F0A4FE079A67
:2039A0000399386800F0FEFD05462DB9079A0399386800F0CFFD0546361BA2443A68079B50
:2039C0001A443A60002E14D9002DD9D011E0FDF70DF932460199386800F0E4FD054645B947
:2039E00001228BF86A2632460199386800F0B2FD0546FDF7FBF80AE00198CBF81800CBF8ED
:203A000074660222CBF8642600228BF80120284609B0BDE8F08DF0B506460F4641F2681556
:203A2000C2F200050024D5F86026012A03D00224FFF74FFE06E02A69B24202D16A69BA42E0
:203A400000D2052422461046F0BD30B541F26815C2F200050024D5F86006022808D1032035
:203A6000C5F860060020C5F8640600F0DBFC02E00224FFF72EFE204630BD10B4044641F257
:203A80006812C2F200020021D2F8643643B95378072B05D05378237000235370012102E05B
:203AA00000232370002100BF084610BC704710B541F26814C2F20004D4F86406013810D321
:203AC00003D0022805D308D00BE000F0DFF9607008E000F003FC607004E000F0BDFC6070B2
:203AE00000E000BF60780A2802D00020C4F8640610BD70B405460E4641F2D474C2F2000442
:203B00002560666070BC70472DE9104184B040F2E034C2F2000400208DF8040041F2E870AA
:203B2000C2F20000029060200390684603F0CCF901208DF80400684603F0C6F902208DF815
:203B40000400684603F0C0F9009841F2E871C2F20001086641F2E870C2F2000060614AF284
:203B60000000C0F20110E06064202061204603F089F908B9002100E00121084604B0BDE8D7
:203B8000108130B584B041F2DC05C2F2000540F2E034C2F2000400208DF804002846029007
:203BA00008200390684603F08FF901208DF80400684603F089F902208DF80400684603F008
:203BC00083F90098A860284660614CF20000C0F20110E0600C202061204603F053F908B946
:203BE000002100E00121084604B030BD2DE9104184B040F2E034C2F2000400208DF8040071
:203C000041F64C00C2F2000002904FF49C700390684603F059F901208DF80400684603F0BB
:203C200053F902208DF80400684603F04DF9009841F64C01C2F20001C1F8380141F64C0060
:203C4000C2F2000060614EF20000C0F20110E0604FF49E702061204603F014F908B9002192
:203C600000E00121084604B0BDE8108141F2E870C2F20000704741F2DC00C2F2000070479A
:203C800041F64C00C2F2000070474DF8048D002041F26811C2F20001C1F860065DF8048BDC
:203CA00070474DF8048D41F26811C2F20001D1F860065DF8048B704710B441F26814C2F225
:203CC0000004D4F86406012804D160780A2801D1012000E0002010BC704710B441F26814B9
:203CE000C2F20004D4F86006032802D10020C4F8600610BC70472DE9F04FADF52D7D074629
:203D00000E4641F2681BC2F2000B41F64C05C2F20005002400208DF803004FF0000AB6F5D9
:203D2000927F4CD1D5F8240144F64A31C5F24801884242D03246394601A8FEF7E2F8FFF76D
:203D4000D3FA4AA803F0D9F9A6F1200239464AA803F01DFA07F582714AA82022FEF7FBF8A0
:203D60008246BAF1010F26D1324639462846FEF7C8F8324601A92846FEF7C3F828464FF4BE
:203D8000807102F0C6FD9DF8030090B944F64A30C5F24800C5F82401FFF728FF20B90020F1
:203DA0008BF8010000240BE001208BF80100012406E0012404E00D2402E00B2400E0012470
:203DC00020460DF52D7DBDE8F08F2DE9F04482460F4641F26816C2F2000641F64C05C2F29F
:203DE00000050024052F22D1D5F8300144F64A31C5F24801884218D03A46514605F59470F9
:203E0000FEF77FF844F64A30C5F24800C5F83001FFF76AFAFFF7EAFE18B900207070002468
:203E200006E001207070012402E00B2400E001242046BDE8F08430B541F6E415C2F2000513
:203E40000024286842F23411C7F64301884207D1D5F8FC0043F28741C4F21231884200D039
:203E6000012424B9A8790A2801D8A87900B9012414B900F0C1FB044614B900F02EFC044621
:203E800014B900F0B2FC0446204630BD2DE9F04141F26815C2F2000540F2E037C2F2000766
:203EA0000A260024D5F86C06F860D5F870063861D5F87006B0F5001F31D8D5F8700638614F
:203EC000B52009F05EFF42F2B830C0F20100C16838468847B52009F043FF3889D8B9297B6C
:203EE000A81C01224254287B41F2E871C2F2000101EBC000C07807280BD1002405E0297BC5
:203F0000A81C01224254601CC4B20A2CF7D3002602E0002600E00126FFF7DBFB21E04FF4ED
:203F200000103861B52009F02CFF42F2B830C0F20100C16838468847B52009F011FF3889FB
:203F400060B9D5F87006A0F50010C5F87006D5F86C0600F50010C5F86C0602E0FFF7B9FB2E
:203F600001263046BDE8F0812DE9F04F83B007468B4641F26816C2F2000641F6E41AC2F294
:203F8000000A0025002400228DF8022000245BE0321902321278012A54D10AF10C03C4EB94
:203FA000840203EBC2029068FCF722FB02460192327F282A46D2FA435A4543D3019A974265
:203FC00040D3C4EB84020AF10C0303EBC202019BD2681A44974235D2C4EB84020AF10C0C81
:203FE0000CEBC202DDF804C0D2680BEB07036244934227D8C4EB84020AF10C0303EBC202C8
:20400000D26893451ED8BBF1000F1BD9327F8DF80320347301228DF802209DF803208AB12C
:204020009DF80320A6F1080302EB820203EBC2020292DDF808C09CE8080108EB0302974274
:2040400000D20825621CD4B29AF8062094429FD39DF80220012A00D005252DB9327B324478
:204060000232127802B908252A46104603B0BDE8F08F2DE9F04141F2E804C2F2000440F2AD
:20408000E035C2F2000504F5DF670026D4F8FC0648B3D4F8F806E860D4F8FC06FF21C0F173
:2040A00080022044FDF746FF20466861802028610020C4F8FC0642F2B830C0F20100016972
:2040C00028468847288908B101260CE000F01AF9012803D1E86800F077F904E094F89C105A
:2040E000E86800F020F93046BDE8F08170B541F2E804C2F2000404F5DF660025D4F8FC06AE
:2041000070B3D4F8F806D4F8901020F07F0021F07F01884213D1D4F89000D4F8FC36D4F852
:20412000F816C01A421A1819FF21FDF703FFD4F89000D4F8F816401AC4F8FC061DE0FFF7B3
:2041400098FF054600F0A2F9D4F8900010F07F00C4F8FC0620468022FF21FDF7EBFE0CE068
:2041600000F094F9D4F8900010F07F00C4F8FC0620468022FF21FDF7DDFE284670BD2DE981
:20418000F04141F2E804C2F2000404F5DF6740F2E035C2F20005002696E0D4F8FC06D4F8A2
:2041A000F416084480286ED3D4F8FC06D4F89810C0F180022044FDF7A4FED4F8FC06C0F1D2
:2041C0008002D4F898001044C4F89800D4F8FC06C0F18002D4F8F406801AC4F8F406D4F86E
:2041E0009000D4F8FC16401AE860802028612046686142F2B830C0F20100016928468847E1
:20420000D4F8FC06C0F18002D4F890001044C4F89000D4F89000C4F8F8060020C4F8FC06AD
:20422000288908B101264FE0D4F89400A0B994F8EA06012810D1D4F8F40668B900F062F84E
:20424000012803D1E86800F0BFF83DE094F89C10E86800F068F837E000F054F8012804D124
:204260002969E86800F016F92EE094F89C000138C1B2E86800F057F800F008F92969E86819
:2042800000F008F920E0D4F8F426D4F89810D4F8FC062044FDF735FED4F89000D4F8FC1640
:2042A000401AC4F8F806D4F8FC06D4F8F4160844C4F8FC06D4F89000D4F8F4261044C4F8EA
:2042C00090000020C4F8F406D4F8F406002802D9002E3FF462AF3046BDE8F08130B541F299
:2042E0006815C2F200050024FFF749FF04462CB9686928B90220C5F8600601E0FFF7E9F947
:20430000204630BD10B441F26814C2F20004207F0138C2B2637F934201D1012100E0002127
:20432000084610BC70472DE9F04D81B0824641F28415C2F200058DF803106C7804EB8402EA
:2043400005EBC2031F1D7A683B681A44A2EB0A0B5946504602F060FE02F06AFE0246164664
:204360006A7801326A70314607F108002022FDF7C8FD6C7821E002F047FE04EB84022B1D03
:2043800003EBC202516804EB840253F8320002F043FE02F04DFE02461646314604EB8402C0
:2043A0002B1D03EBC20202F108002022FDF7A9FD6A7801326A70621CD4B29DF803209442AB
:2043C000D9D301B0BDE8F08D2DE9F044064641F28415C2F2000529780139CFB207EB87016D
:2043E00005EBC102141D21688E4207D36168226830461144891B02F00FFE03E061682068B1
:2044000002F00AFE02F014FE01468A46697801316970514604F108002022FDF772FD00BFA3
:20442000BDE8F084F0B541F28414C2F2000420780138C5B205EB850004EBC0010E1D02F0B1
:20444000F7FD0746607801306070394606F108002022FDF756FDF0BD70B583B041F2681685
:20446000C2F20006002406F11C000090B0690190684602F046FD05460DB9012030702C46EA
:204480000CB9FFF726F9204603B070BD00B502F0BBFD00BDF0B505460E4641F26814C2F239
:2044A0000004207F0138C7B207EB870204EBC20101F120042068854204D33146284602F067
:2044C000ABFD05E022687019811A104602F0A4FDF0BD2DE9F04C84460F4641F26812C2F239
:2044E00000020023147FA2F1080504EB840405EBC4056C683C446C60147FA2F1080604EBF1
:204500008404E400A559147FA2F1080A04EB84040AEBC4046668147B42F2982BDE46C0F29B
:20452000010BC0F2010E0BEBC40B0EEBC4046468DBF800B005EB060A5C44A24500D9052351
:2045400023B10024C2F864460524547000BF1846BDE8F08C2DE9F04406468A46154641F2E0
:204560006814C2F2000400272A4651463046FDF7C8FC29463046FFF78DFF23692B442361C5
:20458000636933B994F86A36012B02D10223C4F860360023C4F86436002363703B46184673
:2045A000BDE8F0842DE9F04407468A46164641F26815C2F2000500244CB931463846FFF7A2
:2045C00088FF04461CB9C5F818A0C5F874662046BDE8F08410B441F26814C2F2000400205F
:2045E0006077002020770020C4F87C060020C4F8780600BF10BC7047F0B441F6E413C2F2AD
:20460000000342F2A025C0F2010500210022012400215CE0002253E0C1EB810003F10C0699
:2046200006EBC00605EBC200B6680068864244D3C1EB810003F10C0C0CEBC0008068C643CB
:20464000C1EB81000CEBC000C068864235D3C1EB810003F10C0606EBC00605EBC200B668C4
:204660004068864229D8C1EB810003F10C0C0CEBC006F068B6683044461E05EBC20040682B
:2046800086421AD8C1EB810003F10C0606EBC00605EBC20090E80110F668ACEB0000013015
:2046A00086420AD8C1EB810003F10C0C0CEBC000C068002801D9002404E00124501C82B269
:2046C0000A2AA9D304B900E004E0481C81B2987981429FD32046F0BC704770B4ACB041F64C
:2046E000E416C2F20006002300210022002117E0C1EB810006F10C0C0CEBC000806804ACFD
:2047000004EB0114A060C1EB810006F10C0C0CEBC000C06804AC04EB0114E060481CC1B2AF
:20472000B0798142E4D300213FE0481CC2B237E00DF1100C0CEB01140CEB0210A468806884
:2047400084422BD90DF1100C0CEB0110806802900DF1100C0CEB0110C06803900DF1100CFC
:204760000CEB021080680CEB0114A0600DF1100C0CEB0210C0680CEB0114E0600DF1100C8B
:204780000CEB0210DDF808C0C0F808C00DF1100C0CEB0210DDF80CC0C0F80CC0501CC2B2CB
:2047A000B0798242C4D3481CC1B2B07901388142BBD3002111E00DF1100C0CEB0114E0686B
:2047C000A4680DF1200C20440CEB0114A468A04201D9012305E0481CC1B2B0790138814266
:2047E000E9D318462CB070BC704770B441F6E412C2F2000242F2B424C0F2010401230021D1
:2048000000213BE0C1EB810002F10C0C0CEBC0000078072830D1C1EB810002F10C0505EBA4
:20482000C00504EBC000AD688068854224D1C1EB810002F10C0505EBC00504EBC000ED6861
:20484000C068854218D1C1EB810002F10C0505EBC00504EBC0002D69006985420CD1C1EB9C
:20486000810002F10C0505EBC00504EBC0006D694069854200D10023481C81B290798142B2
:20488000C0D3184670BC704710B440F2FC34C2F2000420780028FCD110BC704730B5044627
:2048A000616811B10221218123E014B9052121811FE0217829B96178012902D1A17801297D
:2048C00002D00621218114E0002008F0FEFB002008F044FD08F01EFD01460D46012D04D12F
:2048E000012161600021218103E0002161600121218100BF30BD10B40446616811B9022119
:20490000218105E000216161002121610021218100BF10BC704730B404460D460022B4F13D
:20492000807F06D3B4F1817F03D2A4F180732B600AE0B4F5005F06D3B4F5002F03D204F5A1
:20494000F0332B6000E0012200BF104630BC70472DE9F04D85B00446D4F80CA02169E268D0
:204960001144A1F1010B0021019100274FF400560025616811B9022121815BE0216911B9C5
:204980000421218156E06A465946504600F02AF90146ADF80A10BDF80A10012902D1072128
:2049A000218147E001A95046FFF7B5FF01460D4615B1092121813EE0019BB3FBF6F106FBC8
:2049C0001132991A01910199226911444F1E2EE008F0A0FC014603910399012902D00A2128
:2049E000218128E03146019808F0C7FB01460D4615B10B2121811EE005E008F0DBFCA16959
:204A000009B1A169884708F085FC0128F5D115B10C2121810FE008F08FFC0146049104991B
:204A200011B10D21218106E00199314401910199B942CDD900BF05B0BDE8F08D2DE9F04D39
:204A40008DB00446D4F80CB02169E2681144491E069161690591216904910025102742F211
:204A6000A831C0F201010B6809934B680A938B680B93C9680C91002600210191616811B97F
:204A800002212181AAE0216911B904212181A5E0616911B905212181A0E0BBFBF7F107FBAB
:204AA00011B111B10821218199E06A465846069900F098F80146ADF81E10BDF81E1011B102
:204AC000072121818AE001A95846FFF724FF01460E4616B10921218181E000252FE008F086
:204AE00019FC014602910299012902D00A21218175E00598019B3A462918E81808F09BFB86
:204B000001460E4616B10B21218168E005E008F051FCA16909B1A169884708F0FBFB01283F
:204B2000F5D116B10C21218159E008F005FC01460391039911B10D21218150E03D44049A8F
:204B400079199142CBD92189002947D104998D4244D2DDF81080A8EB0508CDF820804FF036
:204B6000000A0AE0059B0AEB05029A5C09A901F80A200AF101015FFA81FA08998A45F1D3D5
:204B800008F0C8FB014602910299012902D00E21218124E0019B3A4609A9E81808F04BFB08
:204BA00001460E4616B10F21218118E005E008F001FCA16909B1A169884708F0ABFB01288B
:204BC000F5D116B11021218109E008F0B5FB01460391039911B11121218100E000BF0DB07B
:204BE000BDE8F08DF0B404460D46164601234FF0020CC6F800C0AC4201D901232AE0B4F568
:204C0000005F0ED3B4F5002F0BD2B5F5005F08D3B5F5002F05D24FF0000CC6F800C000231F
:204C200018E0B4F1807F14D34FF6FF77C1F20107BC420ED8B5F1807F0BD34FF6FF77C1F2A6
:204C40000107BD4205D84FF0010CC6F800C0002300E0012300BF1846F0BC704700B500202A
:204C600008F0AAFD002008F032FF4FF47A71002008F07DFE00BD00B5002008F0D1FE002012
:204C800008F04BFF08F0F7FD00BD10B441F6E824C2F2000400212078012802D10121002073
:204CA0002070084610BC70474DF8048D012041F6E821C2F2000108705DF8048B70477047DD
:204CC00030B5054641F6EC24C2F20004656000F09EF80120206030BD70B50646304600F0F5
:204CE0004CF801460D460124284600F0EDF801460C462146084670BD10B4044600BF00BF67
:204D000010BC704700B500F074F800BDF0B506460F460124304600F04EF802461546394609
:204D2000284600F03EF90246144622461046F0BD70B505460E46284600F03DF802461446D8
:204D40003146204600F0C5F970BD30B50546284600F031F801460C46204600F0EDF930BD22
:204D600070B505460E46284600F025F8024614463146204600F015FA70BD70B4064641F6A2
:204D8000EC25C2F2000501212868012810D100210CE06A689268342000FB012292F8242074
:204DA000B24201D1084604E04A1CD1B20029F0D0084670BC704770B4064641F6EC25C2F28C
:204DC000000501212868012810D100210CE06A689268342000FB0122126A1278B24201D1FB
:204DE000084604E04A1CD1B20029F0D0084670BC704710B5002407E0204600F0F7F9204602
:204E000000F042FC601CC4B2002CF5D010BD2DE9F04D82B041F6F027C2F2000700254EE0D3
:204E2000284600F0A4FA38688068342115FB0100009005EB8500800041F6F821C2F20001FE
:204E400000EB010B0099486970B90120CBF808003B689868342202FB05001978008890FB5D
:204E6000F1F0ABF8040005E00320CBF808000020ABF8040038688068342202FB0500008DA3
:204E800041F6F421C2F2000101EB000A00240CE038688068342202FB0501C96A2001461878
:204EA00030790AF80400601C84B238688068342202FB0500C08C8442EAD3681CC5B2002DBA
:204EC000AED002B0BDE8F08D2DE9F04D81B0064641F6F02BC2F2000B06EB8601890041F667
:204EE000F822C2F200025518DBF800108968342206FB0211096A4F78DBF8001089683422D3
:204F000006FB0211096A91F800A0A96803291ED1297C01290DD1C7EBC70142F2BC40C0F2AC
:204F2000010000EB810150464969884701460C461EE0C7EBC70142F2BC40C0F2010000EB0D
:204F4000810150460969884701460C4610E0A968012901D100240BE0C7EBC70142F2BC40A9
:204F6000C0F2010000EB8101504609698847012424B900212974012169740DE0DBF80000BB
:204F80008068342206FB0201CA69342306FB030191F82400002190472146084601B0BDE890
:204FA000F08D2DE9F04F82B006468A4641F6F424C2F2000441F6F027C2F200073868806839
:204FC000342106FB0100008D214601EB000B06EB8600211D01EB8000019001208DF8020035
:204FE00001208DF803000199487C012817D13B689B68342106FB01300121C26990F8240073
:2050000090470199012088603A689068342106FB01001178008890FBF1F00199888001996C
:205020008868012850D138688068342106FB0100C56A00242BE01BF804009AF8002090425E
:2050400022D100208DF80300A868063802D0032808D00FE052462946304600F0EFF88DF8CA
:20506000020008E052462946304600F001F98DF8020000E000BF9DF8020020B9019901208E
:20508000C860019805600AE01035601C84B23A689268342106FB0122D08C8442CBD39DF89F
:2050A0000300012805D10220CAF8080000208DF802003A689068342106FB01001178008859
:2050C00090FBF1F0019988809DF8020002B0BDE8F08F2DE9F04105460F4605EB8502920065
:2050E00041F6F823C2F200039C18E268012A21D12268D2681268EAB9A268012A1AD12668FD
:20510000B268062A04D13946284600F0C4F800E000BF41F6F022C2F20002D2F800C0DCF8DB
:205120000820342305FB03229CF80030128892FBF3F2A280BDE8F0812DE9704181B0054680
:2051400005EB8501890041F6F822C2F2000254182668E168012921D12168C9680968012995
:205160001CD1B168092919D10DF10301284600F052FA9DF80310012902D1284600F0F7F86F
:2051800041F6F021C2F200010B689968342205FB02111A78098891FBF2F1A18001B0BDE82C
:2051A00070812DE9700104460D4604EB84039B0041F6F82CC2F2000C0CEB03029AB11368EC
:2051C0008BB100BF41F6F023C2F20003D3F800C0DCF80830342604FB06339CF800601B8813
:2051E00093FBF6F39380BDE8700170472DE93041044604EB8401890041F6F822C2F2000283
:205200005518204600F08FF8A97C012914D10321A9600021A97441F6F021C2F20001086838
:205220008068342204FB02018A68342304FB030191F8240001219047BDE83081F0B50446F7
:205240000E46174604EB84039B0041F6F82CC2F2000C0CEB0305EB68012B02D1204600F0CA
:2052600086F83146384600F040F800231846F0BDF0B506460F46154601243946284600F0C2
:2052800034F82946304600F08FF9AB6803B9002423461846F0BD2DE9F04104460D4604EB4B
:2052A0008402920041F6F823C2F200039E182A7892B941F6F021C2F200010868816834237D
:2052C00004FB03121369342004FB001292F8240098470222B26006E02946204600F0E7F88C
:2052E000204600F044F8BDE8F08130B404460D466A7922732A68012A02D10022626001E0B8
:2053000001226260EA681268012A01D303D005E00122A26005E00022A26002E00222A260EF
:2053200000BF30BC70472DE93041054605EB8501890041F6F822C2F200025418A188A1B14C
:20534000A1880139A180A18879B941F6F021C2F2000108688068342205FB02010A693423F6
:2053600005FB030191F824009047BDE8308110B4044604EB8402920041F6F823C2F2000331
:20538000991800220A600022CA6000220A7400224A7400228A7410BC704730B5054641F6FA
:2053A0000C34C2F20004656000F071F80320206030BDF0B506460F460124304600F00BF873
:2053C000024615463946284600F0B0F80246144622461046F0BD30B4054641F60C34C2F23E
:2053E0000004002360680289206803280BD16068816906E0C888A84200D10B460C31501E05
:2054000082B2002AF6D8184630BC70472DE9F00506460F4641F61032C2F2000213685A6946
:20542000002541F6103CC2F2000CDCF800309C88002322E041F6F028C2F20008D8F800C01C
:20544000DCF808C04FF0340A06FB0ACC92F807A09CF824C0E2450FD192F806C0BCF17F0F21
:2054600001D1012304E092F806C0BC4500D10123012B01D1154605E00A32B4F1010C1FFAC7
:205480008CF4D7D200BF2846BDE8F005704730B541F61434C2F20004012505E0204600F0E8
:2054A0002FFC4034681EC5B2002DF7D830BD2DE9F04C83460C46627802F0F0075846217800
:2054C000FFF7A4FF0246154622787E2A0BD16278022A08D1A2783E2A05D1E278802A02D164
:2054E000FCF71CFF20E0FDB195F807A0504600F0CDFB024616463A1C04D0103A08D0102A44
:205500000CD010E02A462146304600F0F4F80BE02A462146304600F031F905E02146304682
:2055200000F080F900E000BFBDE8F08C2DE9F04104460D46607A00F0A9FB02461646B30198
:2055400041F6143CC2F2000C03EB0C020123D2F824C0BCF1010F23D15460D5F808C0C2F882
:205560001CC04FF0020CC2F824C0D5F808C0BCF1060F04D84FF0010CC2F838C003E04FF011
:20558000020CC2F838C041F6F02CC2F2000CDCF80070B4F802C03F789CFBF7F7578500234B
:2055A00000BF1846BDE8F0812DE9F04104460D4641F6F020C2F2000002689268342304FB1F
:2055C000032292F8240000F061FB02461746BA0141F61433C2F20003D6180022B285B26BB3
:2055E000013A13D303D0022A06D30AD00EE02946204600F016FA0CE02946204600F05EFA0C
:2056000007E02946204600F0B3FA02E00222AA6000BFBDE8F0812DE9F04107460D4641F62E
:20562000F020C2F2000002689268342307FB032292F8240000F02AFB02461646B20141F673
:205640001433C2F20003D418A26B042A0AD1626800215089FCF752FD204600F051FB01227F
:205660002A700FE00022628541F6F02CC2F2000C6268DCF8003092881B7892FBF3F2A28571
:2056800000222A70BDE8F0812DE97041064641F6F020C2F2000001688968342206FB021166
:2056A00091F8240000F0F2FA01460C460CBBA10141F61432C2F200028D18284600F0FFFA30
:2056C000A968B1B1696B013912D305D0023907D30AD0022908D00BE0204600F0EEF808E08E
:2056E000204600F023F904E0204600F057F900E000BFBDE870812DE9F04D82460F46934630
:205700004FEA8A1341F6143CC2F2000C03EB0C047B7803F00F050026636A022B07D13B78C9
:205720007E2B03D0204600F09DFA00E001261EBB002D21D9062D1FD8C4F808B00223636271
:20574000A561E56100232362394604F10C00082202F062FA0023236341F6103CC2F2000C71
:20576000DCF80030D3F810C00CEB8A03236001236363002384F83C30BDE8F08D2DE9F04D19
:2057800082460E4693464FEA8A1341F6143CC2F2000C03EB0C040027636A022B07D1337855
:2057A0007E2B03D0204600F05DFA00E00127737803F00F052B029BB21D46B3782B439DB201
:2057C00077BB072D2CD3C4F808B002236362A561E56100232362314604F10C00082202F07E
:2057E0001BFA1023236341F6103CC2F2000CDCF80030D3F810C00CEB8A0323600223636307
:20580000002384F83C3041F6F028C2F20008A368D8F800C05B889CF800C093FBFCF323857B
:20582000BDE8F08D2DE9704106460D46B20141F61433C2F20003D418626A022A38D1626B3E
:20584000032A03D1204600F0DFF834E0626B042A2AD194F83C20013284F83C2012F00F020A
:2058600084F83C206A7894F83C3012F00F029A4216D1294604F10C00082202F0CDF920220C
:2058800022630522626341F6F02CC2F2000CA268DCF8003052881B7892FBF3F222850AE006
:2058A000204600F0B1F806E0204600F029FA02E0204600F0D7F9BDE87081F0B583B00746C7
:2058C000B90141F61432C2F200028C18A36804F11402A1691889FCF7B8FB01460D46DDB9A0
:2058E0006169C9B16169A2698968914214D304F10E010091A16902916369029A0099186831
:2059000002F08AF9A1680E89204600F0F9F930460021FCF7C1FB07E0A16808890121FCF74E
:20592000BBFB204600F0ECF903B0F0BD70B583B00646B10141F61432C2F200028C18A368DE
:2059400004F11402A1691889FCF77FFB01460D46D5B96169C1B16169A2698968914213D341
:2059600004F10F010091052102916369029A0099186802F051F9E169029A891AE1610299B5
:2059800021620421616307E0A16808890121FCF783FB204600F0B4F903B070BD70B583B04C
:2059A0000646B10141F61432C2F200028C1804F10E010091616B032902D10021029104E01A
:2059C000E169062988BF062102916569029A0099236A2D68581902F01FF9E169029A891A24
:2059E000E161216A029A1144216204216163E16941B9A1680D89204600F082F9284600213A
:205A0000FCF74AFB03B070BD10B50446A16821B1A16808890121FCF73FFB204600F070F9DC
:205A200010BD2DE9F04583B082460D4641F6F020C2F200000268926834230AFB032292F896
:205A4000240000F023F902461646B20141F61433C2F20003D418626804F114015089FCF7FE
:205A600031FB024617460FBB6269FAB104F10C000822FF2102F0B5F804F10E020092E26949
:205A800002926369029A0098196802F0C5F86268127A22739DF8082062730422A26304F1A5
:205AA0000C010822286902F0B7F804E0204600F0CCF80222AA6003B0BDE8F0852DE9F04539
:205AC00083B082460D4641F6F020C2F200000268926834230AFB032292F8240000F0D6F82C
:205AE00002461646B20141F61433C2F20003D418626804F114015089FCF7E4FA024617460B
:205B000077BB626962B304F10C000822FF2102F068F804F10F020092052202926369029A1B
:205B20000098196802F078F86268127A2273E269120A42F010026273E269A273E269029B37
:205B4000D21AE261029A22620322A263002284F83C2004F10C010822286902F05DF804E0EA
:205B6000204600F072F80222AA6003B0BDE8F0852DE9F04183B006460F4641F6F020C2F254
:205B8000000002689268342306FB032292F8240000F07CF802461546AA0141F61433C2F292
:205BA0000003D4186268002A4CD041F6F02CC2F2000C6268DCF8003052881B7892FBF3F226
:205BC000628504F10C000822FF2102F00AF804F10E020092E269062A88BF06220292D4F8BE
:205BE00014C0029A236A0098DCF800C003EB0C0102F012F86268127A227394F83C2001327F
:205C000084F83C2094F83C2012F00F0284F83C2094F83C2042F020026273E269029BD21AF4
:205C2000E261226A029B1A442262E26912B90422A26301E00322A26304F10C0108223869FD
:205C400001F0EAFF03B0BDE8F08110B50446616821B1616848890121FCF750FA204600F0A8
:205C60004FF810BD10B50446616821B1616848890121FCF743FAA16821B1A16808890121E3
:205C8000FCF70AFA204600F03BF810BD2DE91001044641F61032C2F2000211680A6900210A
:205CA00006E0D3789C4200D104E004324B1CD9B20029F6D000BF0846BDE81001704710B5CA
:205CC0000446218D39B1218D01392185218D11B92046FFF799FE618D39B1618D0139618503
:205CE000618D11B92046FFF7B0FFA18D39B1A18D0139A185A18D11B92046FFF7A6FF10BD75
:205D000010B5044600212160002161600021A160002161610021A1610021E16100212162C1
:205D20000121616200212185002161850021A185F0212163002161630021A163002184F82D
:205D40003C10002184F83D1004F10C000822002101F047FF10BD00B50020FFF747FA00BDF4
:205D600000B50020FFF790FC00BD10B404466288013A91B206E0636853F8212002B103E0C6
:205D80004A1E91B20029F6D84A1C628010BC70472DE9F04B85B006460F460392049300241F
:205DA00035464FEA154C039D4FEA154BDC4501D901241FE0DC4501D202241BE0654617E0BF
:205DC000A5F1010E1FFA8EF5DDF8108057F8259058F825E0F14501D901240BE0DDF810803F
:205DE00057F8259058F825E0F14501D2022401E0002DE5D100BF204605B0BDE8F08B2DE947
:205E0000F04806460C461546B6F800C0BCEB144F15D3230C73807368AB4210D000230BE019
:205E20004FEA830BD6F804C055F80B704CF80B7003F1010C1FFA8CF3B3EB144FF0D3BDE880
:205E4000F0882DE9F04B8CB00890099106920793DDF850B0DDF824C0DBF80450654500F08A
:205E60009180DDF81CC0DBF80450654500F08A80002600274FF0000CADF800C04FF0000C4D
:205E8000ADF802C0DDF820C04FEA1C4CADF800C0DDF818C04FEA1C4CADF802C0BDF802C0B4
:205EA000BDF800900CEB0904013CABF8024000242546002653E0FAF799FE0A940B950024A5
:205EC0002546002735E0BE422FD3BDF80080A6EB070CC44529DADDF824E0A6EB070CDDF8E2
:205EE0001C805EF82CE04FF0000CCDF80CC0CDF808E058F827C0AEFB0C89CDF81080CDF88C
:205F00001490DDF814C014EB0C0445F10005DDF82880DDF810C018EB0C08CDF82880DDF86F
:205F20002C8048F10008CDF82C8007F1010C1FFA8CF7BDF802C06745C5D3DDF82CC014EBE7
:205F40000C0445F10005DBF804E0DDF828804FEA860C4EF80C8006F1010C1FFA8CF6BBF8D3
:205F600002C06645A7D354EA050C0BD0DBF804E04FEA860C4EF80C40BBF802C00CF1010C7D
:205F8000ABF802C00CB0BDE8F08B2DE9F04B8DB006460F460B920C93DDF854B0DDF82CC0BB
:205FA0004FEA1C4CADF800C04FEA164CADF802C00025002458E0DDF830E05EF824C04FF0FA
:205FC00000091CEB050CCDF824C049F1000CCDF828C057F824C0099A0A9BCDF81CC0DDF813
:205FE0001CC04FF00009944579EB030C15D34FEA840CDDF83080DBF804E0CDF804C057F86C
:206000000C9058F80CC0A9EB0C0CDDF80490ACEB050C4EF809C0002522E04FEA840CCDF847
:206020000CC057F80CC04FF00008CDF814804FF00109DBF804E0CDF81890DDF83080CDF822
:206040002090DDF80C90CDF81CC058F824C0DDF81C80B8EB0C0CBCEB050C4EF809C0012531
:2060600004F1010C1FFA8CF4BDF800C06445A2D31AE057F824C0AC4509D3DBF804E057F8F2
:2060800024C0ACEB050C4EF824C0002508E0DBF804E04FEA840C6FF07F484EF80C8001259F
:2060A00004F1010C1FFA8CF4BDF802C06445E0D3ABF802405846FFF758FE0DB0BDE8F08BC6
:2060C0002DE9F04BADF58B6D089009910C920D93DDF87864DDF824C07568654500F0D48030
:2060E0004FF0820CADF840C00DF5147CCDF844C04FF0820CADF838C00DF1480CCDF83CC056
:2061000030460899099AFFF77AFEB4E0D6F804E0B6F802C00025ACF1010C5EF82C40DDF83B
:2061200034E0DDF830C04FEA1C4CACF1010C5EF82CC0CDF828C04FF0000CCDF82CC0DDF87B
:2061400030C0B6F802E0AEEB1C4C1FFA8CFBDDF82880DDF82C904D450CD144450AD1BBF191
:20616000000F07D10096D6E900010C9A0D9BFFF70CFF89E0DDF828C0DDF82C90A44579EB8F
:20618000050C11D3BBF1000F0ED0ABF1010C1FFA8CFBD6F804E0B6F802C00794079DACF12A
:2061A000020C5EF82CC064460A98421C0B98294640F10003204601F0E9FD04460D46DDF8F0
:2061C00044C0CCF80040DDF844C0A846CCF80480DDF844C0DCF804C0BCF1000F04D04FF068
:2061E000020CADF842C003E04FF0010CADF842C00DF1380CCDF800C0DDE910010C9A0D9B28
:20620000FFF71FFEDDE90E1210A8FFF7F8FDBBF1000F29D0BDF842C0DC44ADF842C0BDF8FB
:2062200042C0ACF1010C1FFA8CF70BE0DDF844E0A7EB0B0C5EF82CC04EF827C0A7F1010C75
:206240001FFA8CF75F45F1D200270BE0DDF844E04FEA870C4FF000084EF80C8007F1010C46
:206260001FFA8CF75F45F1D30096DDE91023D6E90001FFF78AFED6E900010C9A0D9BFFF749
:2062800087FD02287FF442AF0DF58B6DBDE8F08B2DE9F04B82B006460F461546330C013BD8
:2062A0009CB2002311E003F1010B57F82BB04FEACB7C57F823B0D5F804E04CEA5B0B4EF81D
:2062C00023B003F1010B1FFA8BF3A342EBD3D5F804E057F824B04FEA5B0B4EF824B0D5F857
:2062E00004E05EF824B0BBF1000F01D16C8003E004F1010BA5F802B002B0BDE8F08B2DE9FC
:20630000F04940F24C77C0F20007ADEB070D06460F4602920393DDF870B74FF0010CCDF812
:2063200004C04FF0010C6CF30F044FF0010C6CF31F4401AD4FF0820CE846A8F844C70DF17B
:20634000280CCDF848C74FF0820CADF820C040F23C5CEC44CDF824C04FF0410CADF818C037
:206360000DF5876CCDF81CC04FF0820CADF810C00DF50C7CCDF814C021462A4608A8FFF7A5
:206380003EFD06A80299039AFFF739FD31463A4604A8FFF734FD40F2447CEC44CDF800C03F
:2063A0000DF5ED60D0E90023DDE90401FFF788FE40F24478E84404A8D8E90012FFF71FFDC0
:2063C00041E0FAF713FCDDF81CC0DCF800C01CF0010F19D040F2447CEC44CDF800C0DDE9E5
:2063E0000423DDE90801FFF72CFD0DF1200CCDF800C00DF5ED6040F24478E844D0E9002394
:20640000D8E90001FFF75CFE40F2447CEC44CDF800C0DDE9042310461946FFF712FD0DF11E
:20642000100CCDF800C00DF5ED6040F24478E844D0E90023D8E90001FFF742FE06AADDE908
:206440000601FFF725FF22462B46DDE90601FFF79FFC0128B5D040F2447CEC44CDF800C08F
:20646000DDE90423DDE90801FFF7EBFC0DF1200CCDF800C00DF5ED6040F24478E844D0E9B2
:206480000023D8E90001FFF71BFEDDE908125846FFF7B5FC40F24C77C0F20007BD44BDE88F
:2064A000F0892DE9F04C82B082468B461E464BF68047CFF6FF7701920025B6F5807F01D26A
:2064C0003C4609E00096514658464FF0FF32019B00F041F88446644624B9B6F5807F01D97C
:2064E00007F5286404B9012500BF284602B0BDE8F08C2DE9F04C84468A461746012364461A
:2065000055463E460FB9002310E00DE04CB145B194F800B095F800E0F34502D10134013582
:2065200001E0002302E0013E002EEFD800BF1846BDE8F08CF0B405460E4617462B463C4670
:2065400005E013B11E70013300E002E0013C002CF7D8F0BC70472DE9F04FADF52E7D4BF690
:206560008046CFF6FF760590079106920893DDF8DCA200254FF0000CCDF800C00127DDF876
:2065800014C0CDF804C06CAC4FF0000CCDF808C0BAF1100F02D3BAF5807F03D906F54075D5
:2065A000002711E06CA9089800F00CF90DEB0A0C0CF5D87CACF1010C9CF800C0BCF1BC0F40
:2065C00002D006F520750027012F4FD1ACA808220021FFF7AFFF4FF0000B0DE041F6806E43
:2065E000C2F2000E5EF82BC0BCF1000F00D006E00BF1010C5FFA8CFBBBF1400FEED341F64A
:206600008061C2F2000151F82B0000F070F9C0F1200CADF812C0BDF81280CBF13F0C08EB82
:206620004C1CACF10108CDF80880DDF808809DF8B0E14FEACA0CCCF1080CC4445EFA0CFC34
:2066400003D006F54075002710E0DDF808C01CF0070F02D10134AAF1010ADDF8048008F1E1
:20666000020CE24502D206F540750027012F65D1DDF8048004EB0A0CACEB080CACF1010825
:20668000CDF800809DE80C00AAEB030CACF10101204600F059F8DDF808804FF0FF0EC8EBDE
:2066A000CA0C2EFA0CFE9DF8B0C10CEA0E0C8DF8B0C100E00134DDF80080A8F1010C64450D
:2066C00004D294F800C0BCF1000FF3D0A4469CF800C00134BCF1010F02D006F520752DE07A
:2066E000DDF80080A8EB0408CDF80C80DDF818C0BCF1FF3F08D0DDF80CC0DDF81890CC45B6
:2067000002D006F5207519E009A800F0F6FCACA909A8082200F03BFD09A8059A079900F053
:2067200036FD214609A8039A00F031FD9DE8050009A9FFF7DEFE012800D0354600BF2846A4
:206740000DF52E7DBDE8F08F2DE9F04FE7B083460C4602920393684604220021FFF7EAFE64
:206760004FF0200A5E4628E05746544500D2274604A800F0C2FC04A8039A029900F007FD5D
:20678000694604A8042200F002FD00250CE00DF11009B6469EF800C019F8058001368CEACC
:2067A000080C8EF800C00135BD42F0D39DF803C00CF1010C8DF803C0E41B002CD4D867B0EF
:2067C000BDE8F08F2DE9F04983B005460E4641F6803BC2F2000B00241FE0624241F67C53F6
:2067E000C2F20003EF1C07EB840703EB82033F7815F8242005F1010CC7EA02670CEB840245
:20680000127805F1020C07EB02470CEB8402127807EB02221A60621CD4B2402CDDD34FF0B9
:20682000011241F67C33C2F200031A6000240FE0A300624241F67C7CC2F2000C0CEB82026A
:20684000126841F68057C2F20007FA50621CD4B2402CEDD341F67432C2F20002029241F61D
:206860006430C2F2000041F65C3CC2F2000CD0E9002341F66C30C2F20000CDE90023D0E94C
:206880000023DCE90001FFF73AFD00242AE0A3009BB21A4606F1FF039B1AA3F1030C5BF8C0
:2068A00024301B0E8CF8003006F1FF039B1AA3F1020C5BF824301B0C8CF8003006F1FF03DC
:2068C0009B1AA3F1010C5BF824301B0A8CF8003006F1FF03A3EB020C5BF824308CF80030F2
:2068E000631CDCB2402CD2D303B0BDE8F08910B404464FF00042002105E0224200D004E0FC
:2069000052084B1C99B22029F7D300BF084610BC704770B404460D46002241F68063C2F217
:20692000000317E0A3B19CB194F800C04FEA0C6201342678360432440134267836023244C5
:20694000013494F800C062441A600134043300E002E0043D002DE5D800BF70BC704730B5B6
:2069600004460D46FBF713FC0246227001222A800022104630BD2DE9F04407468A460024E2
:206980003D46FDF77DF902461646D6F8242144F64A33C5F248039A4204D02220FBF783FC37
:2069A00001240CE0002207E0931903F582731B782B700135531CDAB2202AF5D3002420234C
:2069C000AAF8003023461846BDE8F0842DE9F04C83B007468A4642F2F842C0F20102B2F896
:2069E00000C06B46A3F800C0B2F802C0A3F802C0B2F804C0A3F804C0B2F806C0A3F806C064
:206A000012891A810024002537E0002631E06B00EC46C6EB860242F2780BC0F2010B0BEB68
:206A2000820233F80C301288934220D12346621C94B26A00EC4632F80C201212FA54234611
:206A4000621C94B26A00EC4632F80C20FA54C6EB860242F27803C0F201035146E01903EB16
:206A6000820292689047BAF80020224494B2721C96B2122ECBD36A1C95B2052DC5D3AAF856
:206A800000400022104603B0BDE8F08C2DE9F04C83B007468A4642F20252C0F20102B2F8E1
:206AA00000C06B46A3F800C0B2F802C0A3F802C0B2F804C0A3F804C0B2F806C0A3F806C0A3
:206AC00012891A810024002537E0002631E06B00EC46C6EB860242F2780BC0F2010B0BEBA8
:206AE000820233F80C301288934220D12346621C94B26A00EC4632F80C201212FA54234651
:206B0000621C94B26A00EC4632F80C20FA54C6EB860242F27803C0F201035146E01903EB55
:206B2000820292689047BAF80020224494B2721C96B2122ECBD36A1C95B2052DC5D3AAF895
:206B400000400022104603B0BDE8F08C70B505460E46002431462846FDF7CDF80246144681
:206B60002246104670BD2DE9F04C85B0834601910292FDF785F803461F469BF800308DF84D
:206B80000C309BF801308DF80D309BF802308DF80E3097F828318DF80F3097F829318DF891
:206BA000103097F82A318DF8113097F82B318DF8123097F82C318DF81330DDF804C00025C1
:206BC0005DE0002655E0644664080DF10C0E1EF805E00CF0010A4EFA06FE8EEA0A0E24F4F9
:206BE000000A4FEACE7E4FEA1E2E4AEA0E042346C4F3C05A8AEA145E23F4801A4FEACE7EE5
:206C00004FEADE2E4AEA0E03C4F3C05A8AEAD43E23F4004A4FEACE7E4FEA1E4E4AEA0E03C3
:206C2000C4F3C05A8AEA143E23F4805A4FEACE7E4FEADE4E4AEA0E03C4F3C05A8AEA541EE6
:206C400023F0200A4FEACE7E4FEA9E6E4AEA0E03C4F3C05A8AEAD40E23F0080A4FEACE7E17
:206C60004FEA1E7E4AEA0E039C4606F1010A5FFA8AF6082EA7D305F1010A5FFA8AF5082D7F
:206C80009FD34FEA131A8DF801A04FEA132A0AF0F00AC3F3035E4EEA0A0A8DF802A04FEAC9
:206CA000031A5FFA8AFAC3F3034E4EEA0A0A8DF803A0DDF808A09DF801E08AF800E09DF875
:206CC00002E08AF801E09DF803E08AF802E04FF0000E704605B0BDE8F08C2DE9F0448246A8
:206CE0000C46002600BFF9F7FBFB02461546F9F741FF02461746A26810231371A26856716D
:206D0000A2689671A268D671A26816724DB1A2686B1E4FF0010C0CFA03F343F001031372EA
:206D200005E027B1A3681A7A42F002021A72092222611DB917B9FBF7A7FA03E0FCF7CDFFAC
:206D4000FBF7A2FA00BFBDE8F08430B504460D4629462046F9F7A7FF30BD30B504460D4671
:206D600029462046F9F782FF30BD70B505460E4640F22C54C2F2000420786070611C28465F
:206D80002D22FBF7BEF82D203080002070BD30B404460D460022002203E00023A354531C81
:206DA000DAB2072AF9D307232B800023184630BC704730B404460D460022002203E0002386
:206DC000A354531CDAB2072AF9D307232B800023184630BC704730B404460D460022002206
:206DE00003E00023A354531CDAB2072AF9D307232B800023184630BC704730B404460D4624
:206E00000022002203E00023A354531CDAB2072AF9D307232B800023184630BC704730B55B
:206E200004460D4641F6B871C2F2000120460422FBF767F804222A800022104630BD30B4AA
:206E400004460D460022104630BC704730B404460D460022104630BC704730B404460D465D
:206E60000022104630BC704730B404460D460022104630BC704730B404460D460022104662
:206E800030BC70472DE9104104462189B9B942F2B830C0F20100C16820468847218961B991
:206EA00042F2B830C0F20100016920468847218909B9002104E0012102E0012100E00121CB
:206EC00000BF0846BDE8108130B5044600252179013903D306D001290AD00DE02046F9F754
:206EE000E2FF0BE02046E268A168F9F7E3FF05E02046F9F7FCFF01E0012500BF2946084682
:206F000030BD2DE9F04DE8B00646002500244FF0000A4FF0000B316811B13168097811B932
:206F20000625002417E0002711E04FF0005B326807EB8701043202EBC10109688B4502D14C
:206F4000BA46012407E00B250024791CCFB2316809788F42E9D3012C24D13168097801399E
:206F600001EB8101C900043101910199049132680AEB8A01043202EBC101049A49689142C3
:206F800002D0032500240DE0012C0BD10BF10401029131465046029A00F04FF801460D46CF
:206FA00005B10024012C2AD105A800F0A6F832680AEB8A01043252F83110039169460398DB
:206FC000FAF7FAFF694605A8042200F0E0F869460198FAF7F1FF694605A8042200F0D7F813
:206FE000594605A8019A00F0D2F805A84FF4807320217268FFF755FA012800D0012529461F
:20700000084668B0BDE8F08D00B541F6EC70C2F2000000F072F800BD30B504460D462A46E3
:20702000214641F6EC70C2F2000000F0B0F830BD41F6EC70C2F2000070472DE9F04D84B098
:207040000F468DF8030003924FF0000A0024039E002549E09DF803309D4200D142E0D7F8F9
:2070600000C005EB8503DB000CF1040C53F80CB001A95846FAF7A0FFD7F800C002A905EBE7
:2070800085030CF1040C0CEBC3035868FAF794FF01A930460422FAF75EFF03461C46012CEE
:2070A00006D102A9301D0422FAF755FF03461C46012C10D1D7F800C005EB850306F10800D7
:2070C00020220CF1040C0CEBC30303F10801FAF742FF03461C46012C01D1283602E04FF04C
:2070E000040A05E06B1CDDB23B681B789D42B1D35346184604B0BDE8F08D30B404460022D1
:207100004EF26761C6F60921E1624AF68561CBF6673121634FF27231C3F66E4161634FF2EA
:207120003A51CAF24F51A16345F27F21C5F20E11E16346F68C01C9F6053121644DF6AB1131
:20714000C1F6837161644CF61951C5F6E031A164002102E062544B1C99B22029FAD30021A0
:207160000BE08B0004F18C0C4CF803208B0004F14C0C4CF803204B1C99B21029F1D3002394
:2071800063620023A3620023236230BC70472DE9F04F8DB00546039104924FF0000B6B6A91
:2071A000DDF810C023F000430CEB030A6B6A4FEADA7CDB0F0CEB03072AF000434FEAC77CA8
:2071C0004CEA030AD5F828C07B0803EB0C06B6F1005F02D34FF0010B19E1C5F824A0AE6283
:2071E00000240AE04FEA840C05F14C0959F80C3005F18C0E4EF80C300134102CF2D3002474
:207200000AE04FEA840C05F12C0959F80C300DF1140E4EF80C300134082CF2D32B6A9F08F7
:207220002B6A9B07DE0E2B6ADDF810C063449B0923F07C444FF0000A2DE0F9F7D7FC20E0BA
:207240004FEA870C05F18C0EC6F118034FF0FF0909FA03F85EF80C3023EA0803DDF80C80B0
:2072600018F80A80C6F1180908FA09F848EA03034EF80C30083673091F4416F01F060AF19C
:20728000010A102FDCD305A905F18C0000F0C4F800270026013C002CCFD856EA070312D18F
:2072A00000240EE0A30005F14C0C4FF000084CF80380A30005F18C0C4FF000084CF803807E
:2072C0000134102CEED3049BA3EB0A043DE04FEA870CC6F118034FF0FF0909FA03F805F14B
:2072E0008C0959F80C3023EA0803DDF80C8005F14C0E18F80A80C6F1180908FA09F848EAFC
:2073000003034EF80C304FEA870C05F18C0EC6F118034FF0FF0909FA03F85EF80C3023EAD3
:207320000803DDF80C8018F80A80C6F1180908FA09F848EA03034EF80C30083673091F4495
:2073400016F01F060AF1010A013C002CBFD8C6F118034FF0800C0CFA03F84FEA870C05F19C
:207360008C0E5EF80C3043EA08034EF80C3000240AE04FEA840C0DF1140959F80C3005F1B2
:207380002C0E4EF80C300134082CF2D3BB0003EBD6032B622B6A372B10D905A905F18C00E4
:2073A00000F03AF8002407E0A30005F18C0C4FF000084CF803800134102CF5D36B6ADB0078
:2073C000C5F8C830D5F828C06B6AC3F3417343EACC03C5F8C43005A905F18C0000F01CF823
:2073E000002700240FE024F003030DF1140C5CF80330C7F1180E23FA0EF32B5507F1080315
:2074000003F01F070134202CEDD34FF0000B5B4618460DB0BDE8F08F2DE9F04FC9B00546CF
:207420000C464FF4807242F21451C0F2010109A800F0F2FB102245E0A2F10F0355F823304E
:20744000DE09A2F10F0355F8233046EA4366A2F10F0355F823304FEA934CA2F10F0355F8D8
:2074600023304CEA83335E40A2F10F0355F82330DB0883EA060C931E55F823305E0C931E1C
:2074800055F8233046EAC336931E55F823304FEAD34A931E55F823304AEA43335E40931E32
:2074A00055F823309B0A83EA06079600A2F1100355F823A0D31F55F82330534463443B4472
:2074C000AB510132402AB7D32368D4F804A0D4F808B0D4F80C80CDF804802669D4F814E01A
:2074E000D4F81880CDF80080D4F81C80CDF8088000225DE04FEAC34848EA533888EAB309A0
:207500004FEA832848EA935888EA0908CDF80C800AEA03090BEA030C8CEA09090BEA0A0803
:2075200088EA090CDDF80C80E044CDF80C804FEA465848EAD62888EAB6194FEAC61848EA5D
:20754000566888EA0907DDF800800EEA060928EA060888EA090C4FEA8208CDF818800DF1CA
:207560002409CDF82090C146DDF8208058F80980DDF8189055F80990C144DDF80880C84443
:2075800007EB08090CEB0907DDF80080CDF80880CDF800E0B646DDF8048007EB0806CDF880
:2075A00004B0D3469A46DDF80C8008EB07030132402A9FD3D4F800809844C4F80080D4F881
:2075C0000480D044C4F80480D4F80880D844C4F80880D4F80C80DDF80490C844C4F80C800A
:2075E000D4F81080B044C4F81080D4F81480F044C4F81480D4F81880DDF80090C844C4F87A
:207600001880D4F81C80DDF80890C844C4F81C8049B0BDE8F08F10B542F27814C2F200043F
:20762000207888B900200AF00DF801202070022006F04DFA41F28831022006F098F962202B
:2076400004F0ACFD0AF032F810BD2DE9004142F27811C2F200010878012804D10AF026F83D
:20766000622004F09BFDBDE800812DE9004100F018F8012808D142F27811C2F2000108788B
:20768000012801D1FFF7E1FFBDE800814DF8048D012042F27911C2F2000108705DF8048B2D
:2076A000704710B442F27814C2F2000400216078012802D1012100206070084610BC7047FF
:2076C0002DE9100142F27C14C2F20004012040F25A51C2F2000108800020A0820020A07555
:2076E000BDE8100170472DE9F04407468A46154642F27C14C2F2000426460020E060802073
:20770000207127600020206104F118002860002028610020A8820020A8755246294630466E
:2077200000F006F8A88AA082A87DA075BDE8F0842DE9F04F85B0074640F25A5AC2F2000A39
:2077400003910492002600208DF802000020ADF80A0000208DF8030004984FEAC00B0025F6
:20776000CAE1F9F743FAB87D002800F04281B87D0138012303FA00F0BB8A184266D0B87D98
:207780005844092827D20025002405E00120A040284485B2601CC4B2ABF101008442F5D334
:2077A000ABF10101384600F0D3F980B205405FFA8BF00138012303FA00F0284485B203991D
:2077C000B88A00FA0BF0284488820399BB7D0BEB0300887597E1002405E00120A040284444
:2077E00085B2601CC4B2B87D01388442F5D3B88A0540B87DC0F1090005FA00F080B2054682
:20780000B87DC0F10901384600F0A2F9C0B20646E8B23044C6B2B87DC0F10900ABEB000B9B
:207820003046039900F0C1F9BAF8003042F61410C2F20000C654BAF800000130C0F30900E1
:20784000AAF8000000250020B87555E1B87D58440F281CD20025002405E00120A04028444D
:2078600085B2601CC4B25C45F7D35946384600F06FF980B205400399B88A00FA0BF0284449
:2078800088820399BB7D0BEB030088753BE1B87D0B2837D80025002405E00120A0402844E6
:2078A00085B2601CC4B2B87D01388442F5D3B88A0540B87DC0F10B0005FA00F080B20546BF
:2078C000B87DD0F10B000CD0B87DC0F10B01384600F03EF9ADF80A00B87DC0F10B00ABEBFE
:2078E000000BBDF80A104819ADF80A003846042100F02EF98DF80200ABF1040B002500206D
:20790000B87545E00025B87D0B38C4B205E00120A040284485B2601CC4B2B87D0138844253
:20792000F5D3B88A0540B87D0B3845FA00F0ADF80A000025002405E00120A040284485B2D0
:20794000601CC4B2B87D0B388442F5D3B88A0540B87D0B38C0F1040005FA00F080B205460F
:20796000B87D0B38C0F10401384600F0F1F88DF802009DF80210E8B208448DF80200B87DB2
:207980000B38C0F10400ABEB000B00250020B8759DF80210881C8DF80200BDF80A0018B97A
:2079A00001208DF80300A7E000241DE0BDF80A1042F61413C2F200036018C0F309001E5CE3
:2079C0003046039900F0F1F8BAF8003042F61410C2F20000C654BAF800000130C0F3090011
:2079E000AAF80000601CC4B29DF802008442DDD382E0384600F08AF8012831D1BBF1090FA5
:207A000013D2ABF10101384600F0A2F80399888203995FFA8BF0013801238340888A184437
:207A20008882039880F816B06DE0ABF1090B3846082100F08DF8C0B206463046039900F08A
:207A4000B4F8BAF8003042F61410C2F20000C654BAF800000130C0F30900AAF800004BE002
:207A6000BBF10F0F0AD2ABF10101384600F070F803998882039880F816B044E0ABF10F0B93
:207A800038460A2100F064F8ADF80A00BDF80A0018B901208DF803002EE03846042100F068
:207AA00057F88DF802009DF80210881C8DF8020000241DE0BDF80A1042F61413C2F2000318
:207AC0006018C0F309001E5C3046039900F06DF8BAF8003042F61410C2F20000C654BAF8D3
:207AE00000000130C0F30900AAF80000601CC4B29DF802008442DDD39DF8030018B9BBF1E3
:207B0000000F3FF62EAE05B0BDE8F08F10B404462179802909D121682269895CA1602169BD
:207B200001312161E1680131E1602179A36801EA0302217949082171217909B98021217134
:207B40000AB1012100E0002100BF084610BC7047F0B504460F4627B17A1E012303FA02F5EB
:207B600000E0002500261BE02279802A09D122682369D25CA260226901322261E2680132BC
:207B8000E2602279A3681A4200D02E436D0822795208227122790AB980222271F9F726F8C2
:207BA000002DE1D132461046F0BD30B405460C4622682369D55422690132226130BC7047C7
:207BC00000B572B600BD00B562B600BD00B5F8F705FFF8F771FC00BFF8F706FDFBF767FF74
:207BE000FAE78446830704D0013A13D301700130F8E7083A08D309060B0A19430B0C1943CA
:207C00000B1C0AC0083AFCD2083203D001700130013AFBD160467047E1B4121F39DB8507EA
:207C200013D0AD0F0B78491C0370401C022D09D80B78491C0370401C022D03D00B78491C3D
:207C40000370401C5219121F23DB8D072ED1083A13DB143A0BDBE8C9E8C0E8C9E8C0203AB8
:207C6000F9DA131C103302DBE8C9E8C0103A143203DBA8C9A8C00C3AFBDA083209DB121FD8
:207C800004DA0B68091D0360001D02E028C928C0121F121D60D00B780370022A5CDB4B7886
:207CA0004370022A58DD8B78837055E0AD0F0326B1430E68091D022D1ADC33D00C2A0CDBCB
:207CC0000C3A330A60C92F063B432D0A37063D4328C0083AF5DA0C3208DB350A0E68091D5C
:207CE00037063D430560001D121FF6DAC91ED0E70C2A0CDB0C3A330E60C92F023B432D0EEF
:207D000037023D4328C0083AF5DA0C3208DB350E0E68091D37023D430560001D121FF6DA75
:207D2000491EB6E70C2A0CDB0C3A330C60C92F043B432D0C37043D4328C0083AF5DA0C3298
:207D400008DB350C0E68091D37043D430560001D121FF6DA891E9CE7E1BC704760B50D1C69
:207D6000011C0023181C402A0CD2161C203E2B1CF340002E06DA281CD0400B1CD3407142EE
:207D80008D402B43011C181C60BD000020B5051C002902D000F00AF807E0081C002B04D14C
:207DA000291C101C00F0F2FA002120BDE0B59AB0169017911F1C161C1A4300D1B0E210937B
:207DC000149600221592002B01D0381C00E0301C00F0A8FA3B1C01D0002200E02022151889
:207DE000721EE148834132403B401343179B06D13F22521B1698191CFFF7B0FF90E2169AC2
:207E0000B242BB4102D20020011C89E2291C01D1012085E2179A202D00DAEBE0002A4ED16B
:207E2000169A149E09924022551B2022521B964001D1012038E0CD4B311C981B00F08AFA57
:207E4000CA4B4142981B00F085FA4700311C381C00F080FA4142381C00F07CFA4700311C45
:207E6000381C00F077FA4142381C00F073FA4700311C381C00F06EFA4142381C00F06AFAAE
:207E80008700033F311C381C00F064FA3218BF1A311C381C00F05EFA3218BF1A311C381C5A
:207EA00000F058FA3218B81A013D099900F052FA099B1A1A52088018E840002130E2302DC6
:207EC00000DA97E0100C00901004169A000C0190100C03901004149A000C04901604360CD7
:207EE0000A964022551B2022521B964001D1012138E09E4B311C981B00F02CFA9B4B414217
:207F0000981B00F027FA4700311C381C00F022FA4142381C00F01EFA4700311C381C00F0F2
:207F200019FA4142381C00F015FA4700311C381C00F010FA4142381C00F00CFA8700033FE0
:207F4000311C381C00F006FA3218BF1A311C381C00F000FA3218BF1A311C381C00F0FAF93B
:207F60003218B91A0C91009E0F1C013D081C311C00F0F0F9321A52088218EA400A9B1204D1
:207F8000120C0D925A430198B21A16040643311C381C00F0DFF9321A52088218EA400A9949
:207FA00017043F0C3A1C4A430C980399B21A12041143139100F0CEF913990A9B0A1A5208D8
:207FC0008218EA40161C5A430C988A1A049912041143129100F0BEF912990A1A52088218B2
:207FE000EA4012040D98120C33041A4301043943101C95E1281111900421081A0790002DE2
:2080000019D0002D13D0149E1F2D06D92B1C203B9E400021371C0E1C09E0109F331CAF4096
:20802000311C2026761BF1400F43AB401E1C14960023159310972D072D0F130C20D116982A
:20804000002D01D117990FE0031C1F2D04D9203DAB40191C002007E0AA402026761BF040C5
:208060000243111CAB40181C119E013E11960B1C0A0C010C0604360C01A846C000202AE06B
:2080800000210291002D1ED01026761BF3401804000C02901698002D01D117990FE0031CF2
:2080A0001F2D04D9203DAB40191C002007E0111CA9402022521BD0400143AB40181C169035
:2080C00017910A1C0B0C1004169A000C0190100C03901004000C04901804000C0090109897
:2080E000149A050C05950104090C0891100C0B901004000C0A9000211891199111986A1E5E
:208100002A4001D0102100E00F210E912022521A9540069001D101213EE0144B291C581B02
:2081200000F018F9114B4142581B00F013F94600291C301C00F00EF94142301C00F00AF960
:208140004600291C301C00F005F94142301C00F001F94600291C301C00F0FCF84142301C17
:2081600000F0F8F804E0C04600000000FFFFFF7F8600033E291C301C00F0ECF82A18B61A7B
:20818000291C301C00F0E6F82A18B61A291C301C00F0E0F82A18B11A06980F91050102982A
:2081A00005998842009903D101231B040E1C16E006040E980E43471E311C0F9800F0CAF87B
:2081C000331A5B08C3180598FB401F1C4743F61B089F01985F4332040243974208D90598B2
:2081E000013B3618012000048642F1D3089F5F4307980026042101400AD00A9E5E43049811
:20820000861B3004000C0490360C76423604360C0798052101400BD00B9A5A430398821A19
:20822000961B3004000C0390360C76423604360C0198C21B911B0804000C01900A0C059FBF
:2082400056423604360C5F430098C21B961B3004000C0090320C029856423604360C861BE5
:20826000320C2AD00698013B002826D007980421014007D00A9804994218B6183004000C4B
:208280000490360C07980521014007D00B9803994218B6183004000C0390360C0898019975
:2082A0004218B6183004000C019005980099360C4218B6183004000C00901E1C0027002DC7
:2082C0000DD01F2D05D92A1C203A93401F1C002605E02022501B1F1CC740AB401E1C189B17
:2082E0003343199E00983E430004000C02900198069A0004000C0090039818930004000C67
:208300000190049819960004000C039000210491103D501E0690002A00D040E7181C311C35
:208320001AB0E0BD002801D1202012E01F22010C01D0081C103A010A01D0081C083A0109D1
:2083400001D0081C121F810801D0081C921E4108501A704760B50204120C0B041B0C090CDB
:20836000151C4D43000C061C5E435A43120C33041B0C9A182B041B0C9A18120C4843801859
:20838000310C0818290C081860BD000060B400230125021C04D10B4A002A10D060BC1047EC
:2083A000914207D3891A5B194E08B242F8D252006D00F5E7012D02D052086D08F0E7181C70
:2083C00060BC704700000000F0B404460D461646002307E014F803C005F803C003F1010C93
:2083E0005FFA8CF3B342F5D3F0BC704710B4044643F23C02C4F20302002105E0C1F10F037F
:20840000E35C53544B1CD9B21029F7D310BC704710B4044643F25C02C4F20302002105E09C
:20842000C1F10F03E35C53544B1CD9B21029F7D310BC704710B4044643F25C02C4F20302BE
:2084400000210AE0042902D20023535403E0C1F10F03E35C53544B1CD9B21029F2D310BCFD
:20846000704710B4044643F21C02C4F20302002105E0C1F10F03E35C53544B1CD9B210294E
:20848000F7D310BC7047F0B484B005460E4643F20004C4F203046A4641F64C17C0F201071E
:2084A0000BCF0BC23B681360A26B104600BA02460092626B104600BA02460192226B10466D
:2084C00000BA02460292E26A104600BA02460392002204E06B469B5CAB54531CDAB2B24231
:2084E000F8D304B0F0BC70472DE9F00104460D461646002305F0010747EA04274FEA066C73
:208500004FEA1C2C4CEA070343F20C08C4F20308C8F80030BDE8F00170472DE910410024C8
:2085200043F20408C4F20308D8F8000010F0010F02D140F2031409E0012043F20808C4F238
:208540000308C8F8000000F01BF804462046BDE810812DE9F04405460E4617469A4600241D
:208560002846FFF77EFF524639463046FFF7BCFFFFF7D3FF8446644600BF2046BDE8F08462
:208580002DE9704182B000240020009000250026002001906946002005F0E4FE00254FF404
:2085A0007A61002005F002FF064606E001AA6946002005F0E6FE0198054443F20408C4F26C
:2085C0000308D8F8000010F0010F01D1B542EDD343F20408C4F20308D8F8000010F0010F45
:2085E00008D043F20408C4F20308D8F80040E405240E01E04FF48074204602B0BDE87081B0
:2086000070B504460D4616462046FFF7EFFE2846FFF710FF314680225020FFF765FFFFF7A7
:208620007CFF0346184670BD2DE9F04D8DB01F460490039101920024019AD2090292019A72
:2086400002F07F0A4FEADA025FFA82FB0AF007028DF8032041F65C15C0F20105D5F800C01C
:20866000CDF824C0D5F804C0CDF828C0D5F808C0CDF82CC0ED680C9541F66C15C0F2010567
:20868000D5F800C0CDF814C0D5F804C0CDF818C0D5F808C0CDF81CC0ED6808950498FFF7CC
:2086A000A5FE394680225020FFF71EFFFFF735FF02461446002C5BD100250CE0039B3A4620
:2086C00003EB051080235121FFF743FF0246144604B103E06D1C029A9542EFD324BBBAF1C8
:2086E000000F21D0DDF80CC05A4609A90CEB0510FFF76AFE9DF803204FF0010E0EFA02FE0F
:20870000039A0DF1240C0BEB0516965DAEF1010E0EEA06060CF80B603A4609A88023512123
:20872000FFF717FF02461446C4B90C260CE0C6F10F0E01AA12F80EE00DF1140C0CF806E071
:2087400006F1010C5FFA8CF6102EF0D33A4605A880235121FFF7FDFE8446644644B9394616
:2087600080225320FFF7C0FEFFF7D7FE8446644600BF20460DB0BDE8F08DF0B404460E46AB
:2087800017460123C4F10F05072C01D30D2C00D90023022D02D1B6F5803F04D2032D03D10D
:2087A000B6F1807F00D30023042F01D3102F00D9002300BF1846F0BC70472DE9F04986B0D6
:2087C00006460D4617460193DDF83CB0394628460D9AFFF7D2FF84468DF803C0DDF804C042
:2087E000ECB2C4F10E04BCF1000F88BF44F040049DF83480A8F1020C4FEA5C0C44EACC040A
:208800008BF80040DDF838C0ECB2C4F10E048CF80040002415E016F804E004EB0B0C0CF191
:20882000010C8CF800E0DDF8388016F804E004EB080C0CF1010C8CF800E004F1010C5FFA7C
:208840008CF4AC42E7D30F2411E004970021C4F10F0C4FEACC020498FFF780FA04909DF804
:2088600010C00BF804C0A4F1010C5FFA8CF4AC42EBD806B0BDE8F0892DE9F04D8BB0054688
:208880000E4617469A46002441F67C1CC0F2010CDCF800E0CDF81CE0DCF804E0CDF820E0A3
:2088A000DCF808E0CDF824E0DCF80CC0CDF828C041F68C1CC0F2010CDCF800E0CDF80CE0E3
:2088C000DCF804E0CDF810E0DCF808E0CDF814E0DCF80CC0CDF818C04FF0010C40F2605843
:2088E000C2F2000888F800C02846FFF77FFD0DF10C0E0DF11C0C14988DE8015052463946D5
:208900003046139BFFF759FF07A8FFF781FD03A880236021159AFFF71CFE8446644600BF01
:2089200020460BB0BDE8F08D2DE9F04F8DB00C4604900392002541F69C13C0F20103D3F85B
:2089400000C0CDF824C0D3F804C0CDF828C0D3F808C0CDF82CC0DB680C9341F6AC13C0F2A4
:208960000103D3F800C0CDF814C0D3F804C0CDF818C0D3F808C0CDF81CC0DB68089300266B
:20898000B4F57F4F07D2230A8DF8243023468DF82530022614E0FF238DF82430FE238DF881
:2089A0002530230E8DF82630C4F307438DF82730C4F307238DF8283023468DF82930062648
:2089C000C6F110039C4205D20194002300934FF0000B09E0C6F11003019333191B095B1E53
:2089E0000093331903F00F0B002709E0DDF81080BB1918F807A00DF1240C0CF803A07F1C1B
:208A0000019B9F42F2D309A880236121039AFFF7A0FD03461D46B5B9049B3B4402934FF002
:208A2000000A0DE0039A0299802301EB0A106121FFF78FFD03461D4605B104E00AF1010A0E
:208A4000009B9A45EED395B9BBF1000F0FD0DDF808C05A4605A90CEB0A10FFF7B5FC05A8A3
:208A600080236121039AFFF774FD03461D462B4618460DB0BDE8F08F2DE9F04D88B0074699
:208A800092469B4603910025DDF80C804FEA1818CDF80480DDF80C8008F00F088DF80380D9
:208AA00041F6BC10C0F20100036804934368059383680693C068079040F26051C2F20001E0
:208AC000087810B94FF4817536E0002410E05A4607EB041080236221FFF73BFD05462DB9BF
:208AE0000AEB04101021FFF7CEFC00E003E0641C01988442EBD3FDB99DF80300E0B100201D
:208B000040F26051C2F20001087004A907EB04109DF80320FFF758FC9DF803005A46C30095
:208B200004A86221FFF715FD05462DB90AEB04109DF80310FFF7A7FC284608B0BDE8F08D3B
:208B40002DE9F04C82460D4693461E460A9F002436B13A4631465846FFF7E6FE84466446D4
:208B600045B13CB93B4629465046079AFFF784FF844664466CB9394680226320FFF7B4FC87
:208B8000FFF7CBFC844664461CB909990898FFF77AFC00BF2046BDE8F08C2DE9F04D81B057
:208BA00007468C4692464FEADA0B0AF007060024002309E0FD5C1CF803E095EA0E0F01D0AC
:208BC000012403E05D1CEBB25B45F3D384B97EB117F803E01CF803808EEA08054FF0010E49
:208BE0000EFA06FEAEF1010E05EA0E0505B1012400BF204601B0BDE8F08D2DE91041044635
:208C0000012140F26152C2F2000211702046FFF7EDFB802200211046FFF766FCBDE810812B
:208C20002DE9F04D85B0064640F2605BC2F2000B0091002500980709009800F00F0A41F67E
:208C4000CC10C0F20100036801934368029383680393C06804909BF8010010B94FF4817573
:208C60002FE000240EE0FFF758FC054605B10BE006EB0410FFF7F5FB802200218120FFF758
:208C800033FC641CBC42EED3DDB9BAF1000F18D000208BF80100FFF740FC054665B9524657
:208CA00001A906EB0410FFF78FFB01A8802200F80A2001A8FFF7D5FB802200218120FFF74F
:208CC00013FC284605B0BDE8F08D2DE9F04D07460E4692469B4600242EB131463846FFF7A5
:208CE0009FFF84466446CCB940F2615CC2F2000C9CF800C0BCF1010F01D1822500E083251C
:208D0000284680220021FFF7EFFBFFF706FC844664461CB959465046FFF7B5FB00BF204601
:208D2000BDE8F08D2DE9F04C05460E4617469A46DDF81CB000242846FFF75FFF3946304667
:208D4000FFF76EFF844664463CB95B46524600210846FFF7BAFF8446644600BF2046BDE8B2
:208D6000F08C2DE9F04D85B006460F4692469B46002441F6DC15C0F20105D5F800C0CDF83F
:208D800004C0D5F804C0CDF808C0D5F808C0CDF80CC0ED680495DDF8348008F1070C4FEA0F
:208DA000DC05009501AB524639463046FFF7BAFF8446644644B901A958460D9AFFF7EDFE14
:208DC000DDF838C08CF8000000BF204605B0BDE8F08D2DE9F04C06468B4617469A46002476
:208DE00007B100BF4FEA071C5FFA8CF53046FFF7FDFA15B15846FFF70BFB5146284680225C
:208E0000FFF772FB702D0DD1FFF787FB8446644644B906F11000FFF7E9FA514680227120E1
:208E2000FFF762FB00BF2046BDE8F08C2DE9F04D82B08A461F460090019200243D016D1CD1
:208E4000EEB2072F02D13D01AD1CEEB21AF00F0F1ED14FEA1A1B002517E0009901EB051087
:208E6000FFF7FFFAFFF759FB844664465CB9019901EB05101021FFF706FB304680220A99B2
:208E8000FFF732FB00E005E06D1C5D45E5D301E04FF4817400BF204602B0BDE8F08D2DE9DF
:208EA000F04D81B006460F4692469B460A9D002405B100BF2A46394630460B9BFFF789FF21
:208EC000844664464CB92B4659460B98099A00905046FFF7ABFF8446644600BF204601B0B3
:208EE000BDE8F08D2DE9F04D81B007468A46934642F62056C2F20006002500930024002072
:208F000040F25C51C2F200010870012040F26251C2F20001087035607560BBF1600F06D1B6
:208F200051463846009AFFF76BFB044606E05A4651463846009BFFF777FB0446204601B0DD
:208F4000BDE8F08D2DE9F04D88B08246934642F62057C2F2000703910025DDF80C804FEA06
:208F60001818CDF80480DDF80C8008F00F088DF8038041F6EC10C0F201000368049343686D
:208F8000059383680693C068079040F25C51C2F200010878012802D14FF4817531E0002478
:208FA0000EE038460368103303605A460AEB041080235121FFF7CDFA054605B103E0641C55
:208FC00001988442EDD3E5B99DF80300C8B1012040F25C51C2F2000108703A469DF803106E
:208FE00010680844106004A90AEB04109DF80320FFF7EAF95A4604A880235121FFF7A9FAFC
:209000000546284608B0BDE8F08D2DE9F04F89B08246934640F26050C2F2000002900491D1
:2090200003930025DDF810804FEA1818CDF80480DDF8108008F00F088DF8038041F6FC109F
:20904000C0F20100016805914168069181680791C0680890012040F25C51C2F200010870B0
:209060000299887810B94FF4817543E0002417E042F62450C2F200000668103606600AEBA6
:20908000041080235221039AFFF763FA05462DB90BEB04101021FFF7F6F900E003E0641C22
:2090A00001988442E4D32DBB9DF8030010B302990020887042F62452C2F200029DF8031098
:2090C00010680844106005A90AEB04109DF80320FFF77AF99DF80300039AC30005A852216C
:2090E000FFF737FA05462DB90BEB04109DF80310FFF7C9F9284609B0BDE8F08F2DE9F04914
:209100008CB042F62054C2F200040290009103920193DDF858B0002541F60C26C0F201063F
:20912000D6F800C0CDF820C0D6F804C0CDF824C0D6F808C0CDF828C0F6680B96019828B10D
:209140005A4601990398FFF7FDFE0546009838B135B95B46139A00990298FFF756FF054678
:20916000B5BB2068430FC200CDE906236068440FC300CDE90434002413E0C4F107070DF160
:20918000180C1CF8077008A807550DEB0406C4F107070DF1100C1CF8077028363770601C29
:2091A000C4B2082CE9D35A4608A880235121FFF7D0F9054665B9594680225420FFF794F984
:2091C000FFF7ABF905461DB915991498FFF75BF928460CB0BDE8F0892DE9F04D84B0064615
:2091E0000F4692469B46129D00242B46524639463046FFF777FE84466446DDF838C0BCF137
:20920000000F07D034B92A460E990D98FFF79AFE84466446DDF830C0BCF1000F08D03CB96F
:209220002B4658460F9A0C99FFF7EFFE8446644674B911980290109801900F980395002377
:209240001A46194600901846FFF758FF8446644600BF204604B0BDE8F08D2DE9F04D86B01C
:2092600082468B46049205930E9E109F149D0024AC46DDF84C808DE88011334659465046B0
:20928000049AFFF7F9FA844664463FB134B92A4639460F98FFF748FB8446644646B13CB9C7
:2092A0002B463146119A0598FFF7E6FB8446644674B913980290129801901198039500232A
:2092C0001A46194600901846FFF73AFC8446644600BF204606B0BDE8F08D2DE9F00C844668
:2092E0008A4614460023002500269CF8007043F2F46BC2F2000B7F0037F80B60DCF81CB0C6
:20930000C6EB86070BEBC707BF7A012F0CD1A7789AF811B05F4505D8A778082F08D967680C
:209320007F0005D4012303E0A778082F00D90123012B05D0A76817B99AF80E7007B10125AD
:2093400000BF2846BDE8F00C70472DE9F04C81B083460E4642F63055C2F200050027002427
:209360004FEA8B00294651F800A0281D10F80B0001280BD1304601F0D1FADAF808008007E1
:2093800004D430460022114601F006FB00271AE0DAF82420B9005558A96901290DD1002439
:2093A00007E02A7F30462244D1B201F003FA621CD4B22A7C9442F4D303E03046297F01F097
:2093C000F9F9791CCFB29AF820108F42E0D3304601F00CFB8DF803009DF8030001B0BDE85B
:2093E000F08C2DE9F04C81B0834614461F4642F63056C2F200068DF80310089D4FEA8B006D
:20940000324652F800A09DF8030006F1080280001658686820602868800203D5206840F071
:2094200000402060B06900B900BFB069022806D02868002803D5206840F080402060307B8F
:2094400020719AF80000607195F84800B86005F10800386039462046F7F71AFE01B0BDE854
:20946000F08C2DE9F04406460F46924642F65C65C2F2000500240AEBC61029460C5CFF2C0A
:2094800010D007EB4410407B60B907EB44108069012807D10AEBC610400005F50A61405A98
:2094A000F7F78AFDBDE8F0842DE9F04D89B007469B4642F6305CC2F2000C8DF807100392AF
:2094C000B80063461D5800264FF0000A00240BEBC7100CF5967313F800A0BAF1FF0F57D0C1
:2094E000039901EB4A10407B002851D103994FEA4A104418A06902900298B8B947F60C13F8
:20950000C0F20103207F53F827300001C658009604AB07AA3846217BFFF763FF0022637BCD
:20952000217F9DF8070001F082F931E0029802282ED1BBF1070F06D16868806840B368689B
:209540008068804724E0BBF1060F06D16868C068F0B16868C06880471AE047F60C13C0F260
:209560000103207F53F827300001C658009604AB07AA3846217BFFF734FF6868006910B154
:2095800068680069804700219DF8070001F08BF909B0BDE8F08D2DE9F04D84B082468B469E
:2095A00042F63855C2F200058DF80B2003930D9E01249DF80B00294680000F589DF830104C
:2095C000328801EBCA10400040F6C41129444252B068039A019070689DF8301000907B7B46
:2095E000584601F014FA0446204604B0BDE8F08D2DE9F04D86B08A4693461E468DF80B0022
:20960000012400254FEA8B0742F6385CC2F2000C4CF80760D6F818C0BCF1010F36D1DDF8BF
:2096200038C0DCF80470FF0F0397DDF838C09CF802C08DF810C04FF0000C8DF811C000BF6A
:20964000377F50462F44F9B201F088F907463C467CB9DDF83880377F2F44FFB28DE88001CD
:2096600003AB5A4651469DF80B00FFF794FF07463C4605F1010C5FFA8CF596F810C0654528
:2096800004D25FFA84FCBCF1020FD9D02CB15FFA84FCBCF1020F00D00124E7B2384606B07E
:2096A000BDE8F08D2DE9F04F84B042F62854C2F200048DF8070003914FF0010A4FF0000BDF
:2096C00000260025002742F62850C2F2000050F82B209DF807005269175C42F62850C2F2F3
:2096E000000050F82B20D369BA009D5805B342F62850C2F2000050F82B309DF807209B696D
:209700005201D61831462846039AFFF7E6FD01280ED1231D53F82720012A09D133460398BA
:209720009DF807200090A9782878FFF761FF8246504604B0BDE8F08F2DE9F04C81B0834644
:209740008A4642F62856C2F20006009200250024002756F8253083B356F82530DB6813F8FD
:209760000B7056F82530D3F81CC0BB005CF803401CB3009B013B0BD302D0012B12D01BE073
:2097800056F82530524620789969FFF76AFE14E056F825C05346A1782078DCF81820FFF723
:2097A00083FE0AE056F825C05346A1782078DCF81820FFF779FE00E000BF01B0BDE8F08CD7
:2097C0002DE9F04C834642F62854C2F20004A2460027002500265AF82700B0B15AF8270055
:2097E000C06810F80B605AF82700C169B0000D585DB1A9782878FFF7A8FD30B9B000211DD5
:2098000002220A506878F7F785FCBDE8F08C000010B404460021062C01D2402100E0802144
:2098200000BF084610BC704700002DE9F04482B005460E46AA0047F61013C0F201039F58C6
:209840000024AA0043F2FC73C2F2000353F802A09AF80428012A08D17A6BC2F303620132FE
:2098600052000532964200D80124ECB901AB6A463146284600F068FA012801D1012413E03F
:209880003146284600F0A7F8012801D101240BE0019B1A686FF31B621A60019B1A684FF075
:2098A000040C6CF31B621A603146284600F0D4F82246104602B0BDE8F0842DE9F04D86B08F
:2098C00005468DF8031000240826002203924FF0000B02AB01AA28469DF8031000F034FAC6
:2098E000012801D101246CE028469DF8031000F072F8012801D1012463E0029B1A684FF0CB
:20990000090C6CF31B621A6044F24021C0F20F01002004F04BFD0246059204A9002004F087
:2099200021FD0BE003AA04A9002004F02AFD039A9344059A934501D9012434E09DF803A053
:209940000027BAF1200F07D251462846002200F03DF90246174624E0BAF1400F07D25146CD
:209960002846002200F063F90246174619E0BAF1600F0BD2062D01D0072D07D15146284661
:20998000002200F083F9024617460AE0062D01D0072D06D151462846002200F0A6F902469D
:2099A0001746002FBED01CB9029A16683601360F082E01D1012404E0092E01D1002400E004
:2099C000002428469DF8031000F046F82246104606B0BDE8F08D2DE9F04407460E46BA00E4
:2099E00047F61013C0F201039D5800243846FFF70FFF024692462A6812F07F02964201D8D0
:209A0000564500D301242A6812F0005F08D06A6BC2F30362013252000532964200D8012468
:209A200022461046BDE8F084F0B505460E46AA0047F61013C0F201039F5800243A6812F08C
:209A40007F02964204D82846FFF7E2FE864200D3012422461046F0BDF0B404460D46A2007F
:209A600047F6201CC0F2010C5CF80230002205F01F074FF0010C0CFA07F6202D01D21E63FB
:209A800018E0402D01D2DE6214E0602D07D2062C01D0072C01D15E670CE001220AE0802D81
:209AA00007D2062C01D0072C01D11E6702E0012200E0012200BF1046F0BC7047F0B40546D1
:209AC0000E461746002300242B462C4606B1336007B13C60F0BC70472DE9F04482B0824666
:209AE0004FEA8A0147F61012C0F2010254580026002100910025216811F0004F24D105F022
:209B00001DFC216841F00041216005F01AFC44F24021C0F20F01002004F048FC01460F4658
:209B200001A9002004F01EFC0AE06A4601A9002004F027FC00990D44BD4201D9012603E005
:209B4000216811F4801FF0D03146084602B0BDE8F0842DE9F04482B082464FEA8A0147F643
:209B60001012C0F2010254580026002100910025216811F4801F24D005F0F2FB21686FF377
:209B8000DF71216005F0EFFB44F24021C0F20F01002004F00BFC01460F4601A9002004F047
:209BA000E1FB0AE06A4601A9002004F0EAFB00990D44BD4201D9012603E0216811F4801F92
:209BC000F0D13146084602B0BDE8F0842DE9F00C07460E469446BB0047F62015C0F20105C2
:209BE000EC5800230025BCF1010F0ED1A56AD4F830A04FF0010B0BFA06FB05EA0A0A1BEA39
:209C00000A0F14BF0123002309E0236B4FF0010A0AFA06FA1AEA030F14BF0123002300BF5D
:209C20001846BDE8F00C70470000000000002DE9F04C07460E469446BB0047F62015C0F2C2
:209C40000105EC5800230025BCF1010F0FD1656AD4F82CA0A6F1200B012303FA0BFB05EA96
:209C60000A0A1BEA0A0F14BF012300230AE0A6F1200A012303FA0AFAE36A1AEA030F14BF92
:209C80000123002300BF1846BDE8F08C2DE9F04C07460E469446BB0047F62015C0F201058D
:209CA000EC5800230025BCF1010F0FD1E56ED4F874A0A6F1400B012303FA0BFB05EA0A0A3C
:209CC0001BEA0A0F14BF012300230AE0A6F1400A012303FA0AFA636F1AEA030F14BF01237D
:209CE000002300BF1846BDE8F08C2DE9F04C07460E469446BB0047F62015C0F20105EC580D
:209D000000230025BCF1010F0FD1A56ED4F870A0A6F1600B012303FA0BFB05EA0A0A1BEA3E
:209D20000A0F14BF012300230AE0A6F1600A012303FA0AFA236F1AEA030F14BF012300231E
:209D400000BF1846BDE8F08C2DE9F04F88B082460E469346079347F62015C0F2010555F832
:209D60002AC0CDF80CC04FF0080C8DF803C04FF4007CCDF810C0002500274FF0000CCDF81D
:209D800004C0BBF1000F03D04FF0000CCBF800C00324BAF1060F00D201240594002434E0F4
:209DA0005FFA87FCA6EB0C0C5FFA8CF62146504600F051FC84468DF802C09DF803809DF84B
:209DC00002C0E044CDF80880DDF810C0DDF80890BCFBF9F7BBF1000F01D0CBF80040BE4208
:209DE00010D2DDF8088008FB06FC0CEB050EDDF80C8008EB0E0CDDF81C800CF1800CC8F8ED
:209E000000C006E005F500750134DDF814C06445C6D94FF4006CBAF1060F01D24FF4806C96
:209E2000CDF818C0DDF818C0654503D34FF0010CCDF804C0DDF804C0604608B0BDE8F08F68
:209E40000000000010B40446A20047F62013C0F20103995800228A6200224A62062C01D05C
:209E6000072C01D10022CA66062C01D0072C01D100228A6610BC7047000000002DE9F044A4
:209E800007460E469246BB0047F6201CC0F2010C5CF803403546BAF1010F07D105F06CFA56
:209EA00063683343636005F06AFA07E0354605F063FA6368AB43636005F061FABDE8F084AC
:209EC0002DE9F04407460E469246BB0047F6201CC0F2010C5CF80350BB0047F6101CC0F24F
:209EE000010C5CF8034005F035FA636B43F00053636305F032FA05F039FABAF1010F2AD181
:209F00000A2E0CD1D4F8E03A6FF3DF73C4F8E03AD5F8E03A43F40023C5F8E03A45E00B2E46
:209F20000CD1D4F8E03A6FF3DF73C4F8E03AD5F8E03A43F48023C5F8E03A36E0D4F8E03A40
:209F40006FF3DF73C4F8E03AD5F8E03A43F48033C5F8E03A29E00A2E0CD1D4F8E03A6FF369
:209F6000DF73C4F8E03AD5F8E03A23F40023C5F8E03A1AE00B2E0CD1D4F8E03A6FF3DF7317
:209F8000C4F8E03AD5F8E03A23F48023C5F8E03A0BE0D4F8E03A6FF3DF73C4F8E03AD5F84B
:209FA000E03A23F48033C5F8E03A05F0E2F9BDE8F08400002DE9F04D81B005468A46934685
:209FC00043F60C04C2F200048DF80330AF0047F6201CC0F2010C5CF807600AF01F0C4FF0C2
:209FE000010E0EFA0CF705F0AFF9BBF1010F13D14FEA051E5EF804C04CEA070C4EF804C041
:20A000009DF803C0BCF1010F14D14FEA051C5CF804C0C6F828C00DE04FEA051E5EF804C0CB
:20A020002CEA070C4EF804C04FEA051C5CF804C0C6F828C005F08BF901B0BDE8F08D2DE973
:20A04000F04D81B005468A46934643F61004C2F200048DF80330AF0047F6201CC0F2010CFA
:20A060005CF807600AF01F0C4FF0010E0EFA0CF7BBF1010F17D105F067F94FEA051E5EF8FC
:20A0800004C04CEA070C4EF804C09DF803C0BCF1010F05D14FEA051C5CF804C0C6F824C0AA
:20A0A00005F055F911E005F04FF94FEA051E5EF804C02CEA070C4EF804C04FEA051C5CF8D8
:20A0C00004C0C6F824C005F042F901B0BDE8F08D2DE9F04D81B005468A46934643F614044E
:20A0E000C2F200048DF80330AF0047F6201CC0F2010C5CF807600AF01F0C4FF0010E0EFAD3
:20A100000CF7BBF1010F17D105F01EF94FEA051E5EF804C04CEA070C4EF804C09DF803C06B
:20A12000BCF1010F05D14FEA051C5CF804C0C6F86CC005F00CF911E005F006F94FEA051EF5
:20A140005EF804C02CEA070C4EF804C04FEA051C5CF804C0C6F86CC005F0F9F801B0BDE81A
:20A16000F08D2DE9F04D81B005468A46934643F61804C2F200048DF80330AF0047F6201CFD
:20A18000C0F2010C5CF807600AF01F0C4FF0010E0EFA0CF7BBF1010F17D105F0D5F84FEA28
:20A1A000051E5EF804C04CEA070C4EF804C09DF803C0BCF1010F05D14FEA051C5CF804C0B2
:20A1C000C6F868C005F0C3F811E005F0BDF84FEA051E5EF804C02CEA070C4EF804C04FEA6C
:20A1E000051C5CF804C0C6F868C005F0B0F801B0BDE8F08DF0B504460D4616461F46202D80
:20A2000006D23B46324629462046FFF7D3FE21E0402D06D23B46324629462046FFF70FFFB9
:20A2200018E0602D0AD2062C01D0072C06D13B46324629462046FFF74BFF0BE0602D09D34E
:20A24000062C01D0072C05D13B46324629462046FFF787FFF0BD2DE9F04104460F461546BA
:20A2600000263B460C2B31D80FF20408D8E803F0070E2E2E2E152E2E2E2E1C2228002A46F5
:20A2800020464FF40041FFF7F9FD20E02A4620464FF48041FFF7F2FD19E02A4620464FF01B
:20A2A0000041FFF7EBFD12E02A4620460A21FFF707FE0CE02A4620460B21FFF701FE06E0C8
:20A2C0002A4620460C21FFF7FBFD00E000BF33461846BDE8F0812DE9F04F87B004460E46D7
:20A2E0001F46069225684FF0080C6CF31B65256004F1080CCDF808C001AA69463079FFF78E
:20A30000DDFB002F62D096F804C04FEA9C0B002524E04FEA850A5FFA8AFAD4460CEB0708E4
:20A3200008F1030917F80C8099F80090C9EA08690CEB070898F8018049EA08490CEB070897
:20A3400098F802804FEA850A04F1080E49EA08284EF80A8005F1010A5FFA8AF55D45D8D3BF
:20A360004FEA8B0A5FFA8AFA554612E025F0030E05F00308C8F10308C6440EF03F0ADDF895
:20A38000088017F805E008F80AE005F1010E5FFA8EF596F804E07545E8D3357912E025F0DA
:20A3A000030E05F00308C8F10308C6440EF03F0ADDF8088096F807E008F80AE005F1010EB6
:20A3C0005FFA8EF59DF804E07545E8D34FF0000EC4F800E04FF0000EC4F804E0D4F800E031
:20A3E000DDF8008068F3134EC4F800E0D6F800E0BEF1010F1CD1DDF8188028F0005EC4F8B7
:20A4000004E09DF84480D4F804E06FF35F7E4EEA487EC4F804E0D4F800E04EF4001EC4F8AA
:20A4200000E0D4F800E04EF4800EC4F800E022E0D6F800E0BEF1000F1DD1D4F804E0DDF843
:20A44000188068F39C4EC4F804E09DF84480D4F804E06FF35F7E4EEA487EC4F804E0D4F8CD
:20A4600000E06FF3555EC4F800E0D4F800E06FF3965EC4F800E096F805E0BEF1010F05D1A5
:20A48000D4F800E04EF4801EC4F800E0D4F800E06FF31B6EC4F800E096F806E0BEF1010F2E
:20A4A00005D1D4F800E04EF0004EC4F800E0D4F800E096F8088068F39E7EC4F800E0D4F851
:20A4C00000E0DDF8408068F31B6EC4F800E007B0BDE8F08F2DE9F04D86B005468A461646AC
:20A4E0000593002447F6101CC0F2010C5CF825C0CDF810C04FEA850C47F6201BC0F2010BAA
:20A500005BF80C7003AB02AA51462846FFF71CFC012801D1012436E096F804C0BCF1400F7B
:20A5200001D901242FE02846029900F094F88446E34651462846FFF74EFA18BB96F804C02D
:20A54000DC451FD8DDF81080D8F800C01CF4006F0CD096F808C0BCF1010F07D1D7F800CC0D
:20A560002CF4804C4CF0004CC7F800CC31469DF840000E9B01900F98059A00900398FFF7EF
:20A58000AAFE00E0012400BF204606B0BDE8F08D2DE9F04D84B08A4614469B4603900026C6
:20A5A0004FEA8A0543F2FC7CC2F2000C5CF80570DDF80CC0DCF800502D012D0F07EB041C5C
:20A5C000DCF80CC0BCF1010F04D12DB1082D03D0092D01D0022637E021465046FFF73CFAF4
:20A5E00007EB041C4FF0020ECCF80CE09BF805E007EB041C8CF805E007EB041C4FF0000EF8
:20A60000CCF808E09DF8308007EB041C8CF804804FF0000E4FF00C0C0E988DE801505A467F
:20A62000214650460D9BFFF755FF844666465EB99DF830C0BCF1000F06D121465046012266
:20A6400097F80538FFF7D6FD00BF304604B0BDE8F08D00000000F0B405460E46AA0047F630
:20A66000101CC0F2010C5CF802300022D3F800C01CF4006F2FD0741E04D30DD0022C15D3E2
:20A680001ED027E0D3F8004C4FF0010CC4F3014403340CFA04F21FE0D3F8004C4FF0010CD1
:20A6A000C4F3C14403340CFA04F215E0D3F8004C4FF0010CC4F3815403340CFA04F20BE0A9
:20A6C000D3F8004C4FF0010CC4F3416403340CFA04F201E000E00822D4B22046F0BC70474E
:20A6E0002DE9F04482B082464FEA8A0147F61012C0F201025458002600210091002521680C
:20A7000011F0807F47D144F24021C0F20F01002003F04CFE01460F4604F022FE216841F001
:20A7200080412160216841F080512160216811F0004F03D021686FF3DF71216004F013FE5E
:20A7400001A9002003F00EFE0AE06A4601A9002003F017FE00990D44BD4201D9012603E0F7
:20A76000216811F0006FF0D0002501A9002003F0F9FD0AE06A4601A9002003F002FE009958
:20A780000D44BD4201D9012605E0216811F0807F01D1002EEED03146084602B0BDE8F084AC
:20A7A0000000000000000000000000000000000000000000F0B507460C460025BA0043F241
:20A7C000FC73C2F200039E5821463846FFF72CF908B1012526E006EB0412D268012A01D13A
:20A7E00003251FE021463846002296F80538FFF701FD06EB0412D268022A06D12146384643
:20A80000FFF75BF80246154608E006EB0412D268032A03D121463846FFF707F806EB041241
:20A820000123D3602A461046F0BD000000002DE9F04C07460D4693469A4600244FEA870CB3
:20A8400043F2FC7EC2F2000E5EF80C6029463846FFF7EAF808B1012416E006EB051CDCF846
:20A860000CC0BCF1010F01D002240DE006EB051C4FF0030ECCF80CE006EB051CCCF800B0D3
:20A8800006EB051C8CF804A04CB9BAF1000F06D129463846012296F80538FFF7ABFC00BFB1
:20A8A0002046BDE8F08CF0B506460F460125B20043F2FC73C2F200039C5894F80428012AC1
:20A8C00029D1E268012A01D0022524E000250322E2602760D4F80028022A02D10122227151
:20A8E00019E0D4F80028B2B90022227130460122052194F80538FFF77DFC30460122062194
:20A9000094F80538FFF776FC30460122072194F80538FFF76FFC2A461046F0BD2DE9F0445E
:20A9200006460125B10047F61012C0F201025758B10043F2FC72C2F2000252F801A03C6898
:20A94000E40F34B93046FFF77DFA00218AF80518002529460846BDE8F0840000F0B5054689
:20A960000E460124AA0043F2FC73C2F200039F5831462846FFF758F8012801D1012407E030
:20A9800007EB0612D268012A01D1002400E0022422461046F0BD00002DE9F04C05468A4674
:20A9A00093460024AB0047F6101CC0F2010C5CF803703B68DE0F012E04D12846FFF7C9F847
:20A9C00003461C4634B95A4651462846FFF743FC03461C46012E04D12846FFF77DF800B1CC
:20A9E000012423461846BDE8F08C000030B5054600242846FFF774FE01460C4624B928463C
:20AA0000FFF76AF801460C462146084630BD2DE9F04D86B006460F4693468DF80F300024B8
:20AA2000B50047F6101CC0F2010C5CF805A0DAF804502D07ED0F0DBB05AB04AA39463046CF
:20AA4000FFF782F9012801D1012418E039463046FEF7C1FF012801D1012410E00F9802907A
:20AA60000E9801909DF80F005B463A46314600900598FFF78DFD8446644600E0012400BF7E
:20AA8000204606B0BDE8F08D000000002DE9F04404460F4616469A460AEB06152D7945BB9D
:20AAA000FD1F25D312D0023D16D31BD0063D07D0012D1DD1F1B220460122FEF73DFE18E003
:20AAC000F1B220460022FEF737FE12E0F1B220460222FEF731FE0CE0204602220621FEF74C
:20AAE0002BFE06E0204602220721FEF725FE00E000BFBDE8F08470B504460D4616462B1C60
:20AB000003D00A3B022B04D904E02046FEF758FE01E000E000BF70BD00002DE9F04D82B04C
:20AB2000064643F6D81BC2F2000B0191002504F029FC0BEBC6021268B2F1FF3F42D00BEBED
:20AB4000C602141DF2005BF802A047F6D413C0F2010353F836304FEACA029F183B680BEB35
:20AB6000C602136020E047F6D413C0F20103226853F83630DDF804C003EBC2025268DCF8AC
:20AB80005030126D934206D922680092C4F800A0009A3A60012547F6D413C0F201032268CC
:20ABA00053F83630D2009C181DB92268B2F1FF3FD9D125B9C4F800A04FF0FF323A60019A94
:20ABC0007A60012504F0E1FB2A46104602B0BDE8F08D2DE9F04D82B0054647F6D417C0F261
:20ABE000010743F6D81AC2F2000A0191012604F0C9FB0AEBC5025268B2F1FF3F2ED00AEBA9
:20AC0000C502141D26E0226857F8353003EBC2025268019B1268934217D1D4F800B02268B3
:20AC200057F8353003EBC202126822605AF8352000920AEBC502C2F800B057F8353003EBB1
:20AC4000CB02009B1360002608E0226857F83530D2009C182268B2F1FF3FD4D104F095FBB3
:20AC60003246104602B0BDE8F08D000000002DE910010446211C04D040F20318414502D00B
:20AC800003E0002103E0022101E0012100BF00BF0846BDE81001704710B40446012C01D35F
:20ACA00002D003E0002103E0012101E0012100BF00BF084610BC70472DE9F04D84B0834617
:20ACC0008E4647F6EC16C0F20106029203930027DBF8445005EBC50406EB84046468247856
:20ACE00004F0030ABAF1000F50D0002445E005EBC50C06EB8C0CDCF81C8058F824C0DCF86E
:20AD000008C0BCF1010F0CD105EBC50C06EB8C0CDCF81C8058F824C0DCF824C0CEF800C0A5
:20AD20002AE005EBC50C06EB8C0CDCF81C8058F824C0DCF808C0BCF1050F1DD105EBC50C0F
:20AD400006EB8C0CDCF81C8058F824C0DDF80880DCF824C0C8F800C005EBC50C06EB8C0CE7
:20AD6000DCF81C8058F824C0DCF820C0DDF80C80DCF800C0C8F800C0013405EBC50C06EB1F
:20AD80008C0CDCF808C06445B1D300E0092700BF384604B0BDE8F08DF0B405460F4616468F
:20ADA0004FF0FF333360002311E005EBC50447F6EC1CC0F2010C0CEB8404D4F81CC05CF843
:20ADC0002340A468A74201D133600BE0013305EBC50447F6EC1CC0F2010C0CEB8404A4684F
:20ADE000A342E2D3F0BC70472DE9F04D84B0054647F6EC1BC0F2010B0191029203934FF087
:20AE0000000AAC6CDDF80CC024780CEA0404013C04D0013C0BD0022C12D01AE0D5F848C0CD
:20AE2000DCF80440D5F848C0DCF8087014E0D5F848C0DCF80C40D5F848C0DCF810700BE0DC
:20AE4000D5F848C0DCF81440D5F848C0DCF8187002E04FF0FF3400BF062C13D204EBC406E1
:20AE60000BEB86067668367806F0030A6A4639462046FFF791FFDDF800C0BCF1FF3F01D154
:20AE80004FF0000ABAF1000F40D004EBC4060BEB8606D6F81CC0009E5CF826607669022E33
:20AEA00001DD012633E02E6C76683668033E032E0DD804EBC4060BEB8606D6F81CC0009E8A
:20AEC0005CF826607669012E01DD01261FE004EBC4060BEB8606D6F81CC0009E5CF8266029
:20AEE000DDF804C0766ACCF8006004EBC4060BEB8606D6F81CC0009E5CF82660366ADDF8E3
:20AF000008C03668CCF80060002600E0092600BF304604B0BDE8F08D2DE9F00404460D46C0
:20AF200016469A460027BAF1010C06D0BCF1010C0CD0BCF1020F12D01AE0D4F808C0C5F89F
:20AF400000C0D4F80CC0C6F800C01BE0D4F810C0C5F800C0D4F814C0C6F800C012E0D4F82B
:20AF600018C0C5F800C0D4F81CC0C6F800C009E04FF0000CC5F800C04FF0000CC6F800C0DC
:20AF8000012700BF00BF3846BDE8F00470472DE9F04405460E4617469A46D5F848C0BCF195
:20AFA000000F08D053463A4631462846FFF71CFF8446644607E053463A4631462846FFF74C
:20AFC000ABFF8446644600BF2046BDE8F0842DE9F04D84B0074647F6EC1BC0F2010B0191AD
:20AFE000029203930026BC6CDDF80CC024780CEA0404103C02D0102C09D011E0D7F848C0A3
:20B00000DCF81C40D7F848C0DCF820A00BE0D7F848C0DCF82440D7F848C0DCF828A002E046
:20B020004FF0FF3400BF062C12D204EBC4050BEB85056D682D7805F003066A46514620466C
:20B04000FFF7AAFEDDF800C0BCF1FF3F00D100265EB304EBC4050BEB8505D5F81CC0009D4C
:20B060005CF82550ED69022D01DD01251EE004EBC4050BEB8505D5F81CC0009D5CF8255039
:20B08000DDF804C06D6ACCF8005004EBC4050BEB8505D5F81CC0009D5CF82550DDF808C048
:20B0A0002D6ACCF80050002500E0092500BF284604B0BDE8F08D2DE9F00404460E461746AA
:20B0C0009C460025BCF1100A03D0BAF1100F09D011E0D4F820A0C6F800A0D4F824A0C7F802
:20B0E00000A012E0D4F828A0C6F800A0D4F82CA0C7F800A009E04FF0000AC6F800A04FF006
:20B10000000AC7F800A0012500BF00BF2846BDE8F00470472DE9F04405460E4617469A463E
:20B12000D5F848C0BCF1000F08D053463A4631462846FFF74CFF8446644607E053463A46F3
:20B1400031462846FFF7B7FF8446644600BF2046BDE8F0842DE9F04D90B006460025002484
:20B1600041F6F461C0F201010B680C934B680D938B680E93C9680F91316C4968D1F800A00E
:20B180000395049506950795089509950A950B95D6F830B007AA06A930460123FFF7F7FE3A
:20B1A00009AA08A930460223FFF7F1FE0BAA0AA930461023FFF7AEFF05AB04AA03A9304677
:20B1C000FFF77AFD01460F46002F7DD1716B072973D80FF20808D8E801F0C046700509103C
:20B1E0001A7070460398FDF708FD68E007990698FDF716FD01460C4661E00398FDF7FDFC8C
:20B2000007990698FDF70CFD01460C4657E0BAF1010F12D10B9A1168102988BF1021116045
:20B220000B990A9A06980B680799FDF74EFD01460C460CB10B990D6014E00CAA10230799F2
:20B240000698FDF742FD01460C465CB90CA9099A0898FDF7A2FC01468DF80B109DF80B104E
:20B26000CBF800102BE0BAF1010F14D10B9A1168102988BF102111600B99096800910A9BC5
:20B28000079A06990398FDF74DFD01460C460CB10B990D6010E00DF10B010191099900916F
:20B2A000089B079A06990398FDF75BFD01460C469DF80B10CBF8001001E0042400BF20467A
:20B2C000FFF7D5FC01460F463946084610B0BDE8F08D2DE9F04D96B007460E4600250024D9
:20B2E00041F60472C0F20102D2F800C0CDF848C0D2F804C0CDF84CC0D2F808C0CDF850C0CF
:20B30000D26815923A6C526812681092079508950A950B950C950D950E950F953A6B119286
:20B320000BAA0AA938460123FFF731FE0DAA0CA938460223FFF72BFE0FAA0EA9384610238F
:20B34000FFF7E8FE09AB08AA07A93846FFF7B4FC02469246BAF1000F40F0B3807A6B072A84
:20B3600000F2A8800FF20408D8E802F0A4040E1628A4A45F099A089907983346D200FDF737
:20B38000B1FD0246144697E032460B990A98FDF7D9FD024614468FE0099A089907983346F1
:20B3A000D200FDF79FFD0246144634B932460B990A98FDF7C7FD024614467DE0109A012A52
:20B3C00018D10F9B1A68102A88BF10221A6003960F9A0E9B146800228DE81C0000210846A2
:20B3E0000B9B0A9AFDF78AFE024614460CB10F9A156019E003961022029212AA0192002241
:20B400000092002108460B9B0A9AFDF777FE024614464CB912A90D9A0C98FDF7BEFB0246D6
:20B420009346119AC2F800B046E0109A012A1FD10F9B1A68102A88BF10221A6006960F9A95
:20B44000DDF838B0D2F800C04FF0000808AA92E81B0042468DE81C19CA00014643460798AC
:20B46000FDF7BAFE024614460CB10F9A156020E006961022059212AA0492002203920B9A90
:20B4800002920A9A019200220092099A08990798D2000023FDF7A0FE024614464CB912A961
:20B4A0000D9A0C98FDF779FB02469346119AC2F800B001E0042400BF2046FFF7D8FB024664
:20B4C00092465246104616B0BDE8F08DF0B505460124296C49680E68032E14BF012700279A
:20B4E000296C49680969103902D0012906D00CE02846FFF72FFE01460C4607E0394628468F
:20B50000FFF7E7FE01460C4600E000BF21460846F0BD2DE9F04D8AB083460E4617464FF070
:20B52000000A0024CDF80CA0CDF810A0CDF818A0CDF81CA0CDF820A0CDF824A007AA06A98B
:20B5400058460123FFF723FD09AA08A958461023FFF7E0FD099DDDF81CC02D680023654552
:20B5600000D206231D46002D68D105AB04AA03A95846FFF7A1FB03461D46002D64D1DBF8EC
:20B580003430072B47D80FF20808D8E803F0C04644050E182B4444383B46324604990398A1
:20B5A000FDF717FC03461C4637E000973346089A07990698FDF73AFC03461C462DE03B466F
:20B5C000324604990398FDF704FC03461C4644B900973346089A07990698FDF727FC0346CF
:20B5E0001C461AE0079B002B08D900973346089A07990698FDF71AFC03461C460DE0089B0C
:20B600008DE8C800079B069A04990398FDF747FC03461C4601E0042400BFDBF83430012B66
:20B6200006D0002304B9079BDDF824C0CCF800302046FFF71CFB03461D4605E006230322B3
:20B6400000217220F7F7E3FF2B4618460AB0BDE8F08D2DE9F04506460125316C49680F683A
:20B66000032F14BF4FF0010A4FF0000A316C49680969072914D80FF20808D8E801F0C0468E
:20B680001105070D090B110F00240BE0012409E0022407E0032405E0042403E0072401E0FF
:20B6A0000F2400BF0F2C06D0524621463046FFF730FF01460D4629460846BDE8F0852DE966
:20B6C000F04D92B007468B4600250024D7F834A0079508950A950B950C950D950E950F95DF
:20B6E000109511950BAA0AA938460123FFF74FFC0DAA0CA938460223FFF749FC0FAA0EA9FA
:20B7000038461023FFF706FD11AA10A938462023FFF700FD0F9BDDF82CC01B68002263459F
:20B7200000D206221646002E40F0C98009AB08AA07A93846FFF7C0FA02461646002E40F0C6
:20B74000C480BAF1070F05D0BBF1800F02D14FF48174A6E05246072A00F2A1800FF204085A
:20B76000D8E802F09D040E22409D9D5B099A08990798D2000023FDF7B5FB0246144690E0E3
:20B780000D9A002A06D900220D990C98FDF7DAFB024614463CB900230E9A0B990A98FDF728
:20B7A00034FC024614467CE0099A08990798D2000023FDF797FB024614464CB90D9A002A85
:20B7C00006D900220D990C98FDF7BCFB024614463CB900230E9A0B990A98FDF716FC02467D
:20B7E00014465EE0119B1A68102A88BF10221A6000220392119A109B14680AAA92E803514B
:20B8000072468DE81C0063464246FDF777FC024614460CB1119A156043E0BBF1060F1FD1F4
:20B82000119B1A68102A88BF10221A6000220692119ADDF840C0D2F800E00AAA92E81B017F
:20B840008DE81A5103460DF11C0C9CE80700D200FDF7C2FC024614460CB1119A15601DE00E
:20B86000119B1A68102A88BF10221A6000220692119ADDF840C0D2F800E00AAA92E81B013F
:20B880008DE81A5103460DF11C0C9CE80700FDF7E4FC024614460CB1119A156001E0042472
:20B8A00000BF7A6B012A04D0002204B90B9A0F9B1A602046FFF7DBF90246164605E006235B
:20B8C000032200217220F7F7A2FE3246104612B0BDE8F08D2DE9F04D98B0064600251391A0
:20B8E000002441F61472C0F20102136814935368159393681693D2681792726B1292079589
:20B9000008950A950B950C950D950E950F9510951195D6F830B00BAA0AA930460123FFF7D0
:20B9200036FB0DAA0CA930460223FFF730FB0FAA0EA930460423FFF72AFB11AA10A930469C
:20B940001023FFF7E7FB119BDDF82CC01B680022634500D206221746002F40F0D08009AB68
:20B9600008AA07A93046FFF7A7F902461746002F40F0CB80129A072A05D0139A802A02D12E
:20B980004FF48174ADE0129A072A00F2A8800FF20808D8E802F0C046A4050F2443A4A46358
:20B9A000099A08990798D2000123FDF79BFA0246144696E00D9A42B10C9A32B101220D9921
:20B9C0000C98FDF7BFFA024614463CB90123109A0B990A98FDF719FB0246144681E0099ABD
:20B9E00008990798D2000123FDF77CFA0246144654B90D9A42B10C9A32B101220D990C9868
:20BA0000FDF7A0FA024614463CB90123109A0B990A98FDF7FAFA0246144662E00122039269
:20BA20000F9A029214AA0192109A00920D9B0C9A0B990A98FDF762FB0246144654B90F9AFF
:20BA40000E9814A9D200FDF7A8F802469246CBF800A002E00122CBF8002042E0139A062AB3
:20BA600017D1012206920F9A059214AA0492109A03920D9A02920C9A01920B9A00920A9B00
:20BA8000099A08990798D200FDF7A6FB0246144615E0012206920F9A059214AA0492109ACC
:20BAA00003920D9A02920C9A01920B9A00920A9B099A08990798FDF7D0FB0246144654B950
:20BAC0000F9A0E9814A9D200FDF767F802469246CBF800A002E00122CBF8002001E00424C1
:20BAE00000BF726B012A04D0002204B90B9A119B1A602046FFF7BBF80246174605E006233F
:20BB0000032200217220F7F782FD3A46104618B0BDE8F08DF0B506460124316C49680F6845
:20BB2000316C49680D69062D01D0802D0ED1052F06D129463046FFF7C2FD01460C4605E08E
:20BB400029463046FFF7C6FE01460C4621460846F0BD2DE9F04C82468B460125DBF8402007
:20BB60005468E268202A04D02269072A01D101252FE0E268102A0AD022680B2A07D0226860
:20BB8000132A04D02269072A01D0012521E0002616E047F6BC13C0F2010353F83A30F2005B
:20BBA0009F1822683B689A4209D122793B799A4205D1227C7B799A4201D1002509E0013665
:20BBC00047F6BC13C0F2010303EBCA0252689642DFD32DB10423032200217220F7F717FDC6
:20BBE0002A461046BDE8F08C2DE9F04D8BB0064600250024776B316C4968D1F800A000950D
:20BC0000019502950395049505950695079508950995316B0A91CAEBCA0147F63012C0F2D2
:20BC2000010211444978FAB20A4220D001AA694630460123FFF7ABF901460C460099019AA8
:20BC40004FF0000B41B90223032200217220F7F7DEFC4FF0010B08E03AB905230322002147
:20BC60007220F7F7D4FC4FF0010B44EA0B04CAEBCA0147F63012C0F2010211448978FAB236
:20BC80000A4221D003AA02A930460223FFF77FF944EA0001CCB20299039A4FF0000B41B9DD
:20BCA0000223032200217220F7F7B1FC4FF0010B08E03AB90523032200217220F7F7A7FC35
:20BCC0004FF0010B44EA0B04CAEBCA0147F63012C0F201021144C978FAB20A4221D005AAFA
:20BCE00004A930460423FFF752F944EA0001CCB20499059A4FF0000B41B902230322002121
:20BD00007220F7F784FC4FF0010B08E03AB90523032200217220F7F77AFC4FF0010B44EA20
:20BD20000B04CAEBCA0147F63012C0F2010211440979FAB20A4223D007AA06A93046102375
:20BD4000FFF7E8F944EA0001CCB2069A07994FF0000B02B141B90223032200217220F7F73D
:20BD600056FC4FF0010B09E0096839B90523032200217220F7F74BFC4FF0010B44EA0B041D
:20BD8000CAEBCA0147F63012C0F2010211444979FAB20A4223D009AA08A930462023FFF7DA
:20BDA000B9F944EA0001CCB2089A09994FF0000B02B141B90223032200217220F7F727FCDB
:20BDC0004FF0010B09E0096839B90523032200217220F7F71CFC4FF0010B44EA0B04CAEB89
:20BDE000CA0147F63012C0F2010211448979FAB20A4219D00A994FF0000B41B902230322DB
:20BE000000217220F7F703FC4FF0010B0AE00021012907D10523032200217220F7F7F7FB4A
:20BE20004FF0010B44EA0B04214608460BB0BDE8F08DF0B5054601246F6A3968286A04F0D3
:20BE400063F801460E463046FEF726FF01460C4621460846F0BD30B505460124296C4968C6
:20BE600009680139013904D902390ED9022906D911E02846FFF72AFB01460C460DE0284666
:20BE8000FFF748FE01460C4607E02846FFF7E1FB01460C4601E0012400BF2146084630BDA6
:20BEA0002DE9F04482460D4643F65806C2F2000601242A6CD268012A1CD1327BD2B9012264
:20BEC00032730122B2602A68326001226A602846FFF7C1FF024614460022327314B96A6B48
:20BEE000072A15D10022B2604FF0FF32326000226A600DE02A6CD26852B929465046FEF747
:20BF00000CFE02461746012F01D1002400E0022422461046BDE8F0842DE9F04482460D460A
:20BF200043F65806C2F2000601242A6CD268012A1DD1327BDAB932682B689A4217D101224E
:20BF4000327301226A602846FFF785FF02461446002232731CB995F83420520724D50022D4
:20BF6000B2604FF0FF32326000226A601CE02A6CD268C2B995F83420D2070BD529465046DB
:20BF8000FEF7CBFD02461746012F01D100240BE0022409E032682B689A4205D172681AB993
:20BFA0007560002400E0022422461046BDE8F0842DE9F04407460C4643F65006C2F2000679
:20BFC0000125626B072A29D138462168FEF701FE226CD268012A12D1626882B9327972B997
:20BFE00001223271226832602046FFF722FF024615464FF0FF323260002232710EE0226CFC
:20C00000D2685AB921463846FEF787FD02469246BAF1010F01D1002500E002252A461046D6
:20C02000BDE8F084F0B507460C4643F65806C2F20006012594F83420D20703D53846216894
:20C04000FEF7C7FDB26882B994F83420D2070CD5626852B93268B2F1FF3F06D1214638462C
:20C06000FFF71EFF024615460CE0B268012A09D13268B2F1FF3F05D021463846FFF74CFF89
:20C08000024615462A461046F0BDF0B506460D4601246A6B072A11D12A6CD26872B93046C8
:20C0A0002968FEF796FD29463046FEF736FD02461746012F01D1002400E0022422461046CB
:20C0C000F0BD00002DE9F04106460D46012443F64C03C2F200031A68002732B9002303228D
:20C0E00019467220F7F793FA01273C460027032E06D30423032200217220F7F788FA012762
:20C100003C43002735B90223032200217220F7F77EFA01273C43C4B96A6C0027062A06D3FE
:20C120000423032200217220F7F771FA01273C4629463046FFF70DFD44EA0002D4B22846F4
:20C14000FFF752FD44EA0002D4B214BB2A6C526812680B2A06D129463046FFF729FF0246F4
:20C16000144616E02A6C52681268132A06D129463046FFF78AFF024614460AE02A6C526851
:20C180001268142A05D029463046FFF74BFF0246144622461046BDE8F081000030B5054647
:20C1A0000024284600F005F801460C462146084630BD2DE9F04C834600254FEA5B160BF0E0
:20C1C0001F07012101FA07FA5146304601F0D8FA304601F0E2FA01460C4604EA0A0424FA55
:20C1E00007F1CDB229460846BDE8F08C00BFFEE700BFFEE700BFFEE700BFFEE700BFFEE7B6
:20C2000000BFFEE7704700BFFEE700BFFEE7000010B40446B4F5002F0ED3B4F1007F05D3B8
:20C2200047F6FF71C0F200218C4205D9B4F1807F04D3B4F1817F01D2012100E0002100BFFD
:20C24000084610BC7047F0B505460E467219571E2846FFF7DDFF024614463846FFF7D8FF9C
:20C2600002461440012C03D1002E01D9012400E0002422461046F0BD70B504460D46164667
:20C2800025B131462046FFF7DEFF08B9052300E0002300BF184670BDF0B406460F46144643
:20C2A000012347EA060515F0030F07D1042C01D3042309E0022C07D3022305E05FEAC57C7F
:20C2C00002D4022C00D3022300BF1846F0BC7047F0B406460F4614463B68751E0AD06D1EA8
:20C2E00003D0022D0AD1236009E0256863F30F05256004E09C4684F800C000E000BFF0BC2C
:20C3000070472DE9F00C07468C4692460723DCF80040DAF800507E1E0FD0761E05D0022EE9
:20C3200013D1A54200D1002310E0C5F30F06C4F30F0B5E4500D1002308E005F0FF0604F043
:20C34000FF0B5E4500D1002300E000BF00BF1846BDE8F00C7047F0B405460E460622336822
:20C360006C1E10D0641E06D0022C13D1B3F1FF3F00D100220FE0C3F30F0C4FF6FF77BC4598
:20C3800000D1002207E003F0FF0CBCF1FF0F00D1002200E000BF00BF1046F0BC70472DE9EA
:20C3A000F04C82468B46164640F20005C4F2020505F12007C5F818B02B696AF307032B612F
:20C3C0003EB1002403E0335D3B55631CDCB2102CF9D302F0E3FFAB686FF31863AB6002F071
:20C3E000E0FF64232B60BDE8F08C10B543F6F814C2F200042068006810B120680068804701
:20C4000010BD10B543F6F814C2F200042068406810B120684068804710BD2DE9304100252C
:20C4200040F21808C4F20208D8F80040EFF310800546002D00D172B6B4F5002F08D3B4F19F
:20C44000007F0BD347F6FF70C0F20020844205D803B44FF08070016803BC0AE0B4F1807FC2
:20C4600007D3B4F1817F04D203B44FF00070016803BC07B4004801E0000002404FF08001F3
:20C4800000BF00BF00BF00BF00BF00BF00BF00BF0160026800BF00BF00BF00BF00BF00BF5F
:20C4A00000BF00BF07BC002D00D162B6BDE83081F0B505460F4640F20006C4F2020647B19C
:20C4C000FFF793FF47F0010228469047FFF799FF08E0FFF7A2FF01E005B1A847326812F026
:20C4E000800FF9D002F054FF326812F0800F09D0326812F0200F03D003242022326002E020
:20C50000002400E0042402F046FF22461046F0BD2DE9300104460D4640F23008C4F202083F
:20C52000D8F80020A44662F3030CC8F800C040F23408C4F20208D8F80020AC4662F3030CC9
:20C54000C8F800C0BDE8300170472DE9F04505460F46164600242846FFF75AFE15F00F0F84
:20C560000CBF4FF0010C4FF0000C0CEA000A40F20008C4F20208D8F8003013F0800F01D1FB
:20C5800001240FE03A4629462420FFF708FF337833B9B1687068FFF78BFF03461C4601E0C3
:20C5A000FFF73BFF23461846BDE8F0852DE91001044640F20008C4F20208D8F800202242AB
:20C5C00014BF0121002100BF0846BDE8100170472DE930410546002443F6F811C2F20001DE
:20C5E0000D600120FFF7E2FF012801D10A2413E08020FFF7DBFF08B901240DE040F26401E0
:20C60000C0F2030140F20008C4F20208C8F80010E968A868FFF77CFF21460846BDE83081BD
:20C6200000B58020FFF7C2FF00BD2DE9F04105460E4600242846FFF7EBFDEB040CBF0123FD
:20C64000002303EA000740F20008C4F20208D8F8002012F0800F01D101240FE029460022D1
:20C660004220FFF79CFE327832B9B1687068FFF71FFF0246144601E0FFF7CFFE224610462A
:20C68000BDE8F0812DE9F04D81B006460F4692469B460025002416F00F0F03D117F00F0F40
:20C6A00008BF01243046FFF7B3FD04EA000C8DF803C000240AE05A4604EB0A01A019FFF7D9
:20C6C00044FF8446654605B102E01034BC42F2D300BF284601B0BDE8F08D2DE9F04D84B07C
:20C6E00043F6F01AC2F2000A019002910392039A02990198FFF7C0FD03469B46039E019C94
:20C70000029F01250123CAF8003035E0CAF804404FF4803340F20008C4F20208C8F8003041
:20C72000012340F24008C4F20208C8F80030324639462046FFF7B0FD03461D463A46214618
:20C740002846FFF7C5FD40F24008C4F20208D8F8003013F0010F0CD040F24008C4F2020850
:20C76000D8F800301B09B3EB141F02D10223CAF800302C442F44761B002E03D9DAF800305A
:20C78000022BC3D1DAF80030022B01D14FF0090B0023CAF800305B46184604B0BDE8F08D9A
:20C7A0002DE9F04D84B043F6F01BC2F2000B019002910392039A02990198FFF75DFD0346CC
:20C7C0001C46039F019DDDF808A001260123CBF8003037E0CBF804504FF4803340F200089E
:20C7E000C4F20208C8F80030012340F24008C4F20208C8F800303A4651462846FFF74CFD77
:20C8000003461E46524629463046FFF77AFD03461C4640F24008C4F20208D8F8003013F099
:20C82000010F0CD040F24008C4F20208D8F800301B09B3EB151F02D10223CBF80030354478
:20C84000B244BF1B002F05D9DBF80030022B01D0002CBFD0DBF80030022B01D104B9092453
:20C860000023CBF800302346184604B0BDE8F08D2DE9F04C83B043F6F01AC2F2000A40F24D
:20C88000000BC4F2020B019002910024029E019D012702990198FFF7D6FC02468DF8032030
:20C8A0000122CAF8002025E0CAF804504FF48032CBF800200122CBF8402032462846002133
:20C8C000FFF7EAFC0246174629463846FFF743FD02461446DBF8402012F0010F08D0DBF822
:20C8E00040201209B2EB151F02D10222CAF800203D44F61B002E05D9DAF80020022A01D086
:20C90000002CD1D0DAF80020022A01D104B909240022CAF800202246104603B0BDE8F08CDA
:20C9200030B540F20005C4F2020502F031FD286810F0800F0DD0286810F0200F05D0032447
:20C940002020286002F027FD06E002F024FD002402E002F020FD0124204630BD10B4044665
:20C96000B4F1807F04D3B4F1817F01D2022110E0B4F5002F01D201210BE0B4F1007F07D3FB
:20C9800047F6FF71C0F200218C4201D8012100E0002100BF084610BC70472DE9100104464C
:20C9A00000215CB143F6FC11C2F200010A68136A621E53F822209168013100E0002100BF67
:20C9C0000846BDE81001704770B543F6FC14C2F20004261DE068FFF7E0FF05462068026AD7
:20C9E000E06852F82000C1686069401B084470BD30B4054643F6FC14C2F20004002100214D
:20CA000008E02268136A53F821209268954200D804E001312268D2699142F2D3084630BC45
:20CA200070472DE9F044064643F6FC14C2F2000400252068016AC069013851F820008068DD
:20CA4000864215D83046FFF7D3FF07462068016A51F8270004683846FFF79FFF82463CB100
:20CA6000A6EB0A01B1FBF4F004FB101000B901252846BDE8F0842DE9F044064643F6FC1426
:20CA8000C2F2000400252068016AC069013851F820008068864216D83046FFF7A9FF0746FC
:20CAA0002068016A51F8270004683846FFF775FF824644B1701CA0EB0A01B1FBF4F004FB51
:20CAC000101000B901252846BDE8F0842DE9F044064643F6FC14C2F2000400252068016A21
:20CAE000C069013851F820008068864215D83046FFF77EFF07463846FFF74FFF8246206886
:20CB0000026A52F82700416839B1A6EB0A02B2FBF1F001FB102000B901252846BDE8F084E8
:20CB20002DE9F044064643F6FC14C2F2000400252068016AC069013851F8200080688642CB
:20CB400016D83046FFF754FF07462068016A51F8270044683846FFF720FF824644B1701CF0
:20CB6000A0EB0A01B1FBF4F004FB101000B901252846BDE8F08410B4044643F60022C2F2ED
:20CB8000000213692344591E53698B4200D2516900BF084610BC7047F0B4054643F6FC145C
:20CBA000C2F20004271D2068016AE06851F82000467C2068016AE06851F82000426820683D
:20CBC000016AE06851F8200083689D4203D26069281A411C02E06069181A411C012E04D1F4
:20CBE000914294BF0846104601460846F0BC704730B4054643F6FC14C2F20004231D20687B
:20CC0000016AE06851F820008268954203D26069281A411C02E06069101A411C084630BC8E
:20CC2000704710B5044601230B2200215C20F6F708FD022C06D107230B2200215C20F6F768
:20CC4000F3FC07E0052C05D109230B2200215C20F6F7EAFC10BD2DE9F04C81B043F6FC1495
:20CC6000C2F200040225FFF7AFFE83466069A169884201D9002533E02068016AE06851F836
:20CC80002000077C2068016AE06851F82000D0F800A03946584600F0F4FC0646042E03D196
:20CCA000012084F824001BE026B101253046FFF7B8FF15E0A7B96069504460616069A16952
:20CCC000884201D900250BE02068016AE06851F8200061698068814202D9E0680130E060F3
:20CCE000284601B0BDE8F08C10B5044602230B2200215C20F6F7A5FC022C06D107230B220C
:20CD000000215C20F6F790FC10E0032C06D108230B2200215C20F6F787FC07E0052C05D1B4
:20CD200009230B2200215C20F6F77EFC10BD2DE9F04E82B043F6FC14C2F200040220009090
:20CD400000266069A169884202D90020009043E0A06AFFF710FF834626E05846FFF71CFFD5
:20CD600005462068016AE06851F82000477CFFF72BFE82463B4629465046E26900F0B9FCA4
:20CD800006468EB9606928446061E0692844E0612068016AE06851F82000616980688142FB
:20CDA00002D9E0680130E0606069584501D8002ED3D0042E03D1012084F824000CE02EB13D
:20CDC000012000903046FFF78FFF05E06069A169884201D900200090009802B0BDE8F08E2F
:20CDE000F0B5064643F60025C2F200050124FFF7EBFD01460F462968023902D0012912D0E2
:20CE00002BE031463846EA6900F019FC01460C462CB103230B2200215C20F6F712FCE96907
:20CE20003144E9611AE031463846AA6900F018FC01460C466CB104230B2200215C20F6F799
:20CE400000FC032C05D108230B2200215C20F6F7EBFBA9693144A96100E000BF2146084624
:20CE6000F0BD10B404460221012C01D0022C01D1012102E0032C00D1042100BF084610BCD4
:20CE800070472DE9F04C43F6FC14C2F2000404F1040B4FF0020A00256069A169884202D99C
:20CEA0004FF0000A2DE0E06AFFF765FE074617E03846FFF79DFE06463046FFF791FF054693
:20CEC0006069304460615DB92068016AE06851F8200061698068814202D9E0680130E06091
:20CEE0006069B84201D8002DE2D025B12846FFF7B8FF824605E06069A169884201D94FF063
:20CF0000000A5046BDE8F08C10B543F60024C2F20004206818B9FFF79EFE044609E02068D0
:20CF2000012803D1FFF703FF044602E0FFF7A9FF0446204610BD30B5054643F6FC14C2F288
:20CF40000004A560691E04D30AD00239012907D90CE02068006848B120680068804705E0DA
:20CF60002068406810B120684068804730BD00B500F039FB00BD2DE9F04C43F6FC14C2F2F7
:20CF8000000404F1040B0225FFF71EFD82462068016AE06851F8200007683946504600F071
:20CFA00026FB0646062E2CD0002084F82400C6B1012501230B2200215C20F6F742FB022E2F
:20CFC00006D107230B2200215C20F6F72DFB18E0052E16D109230B2200215C20F6F724FB5D
:20CFE0000FE06069384460612068016AE06851F8200061698068814202D9E0680130E0608F
:20D0000000252846BDE8F08C2DE9F04C43F6FC14C2F2000404F1040B0225FFF7D5FC82464F
:20D020002068016AE06851F8200047683A465046E16900F0EEFA0646062E2FD0002084F84A
:20D040002400C6B1012502230B2200215C20F6F7F8FA032E06D108230B2200215C20F6F757
:20D06000E3FA1BE0052E19D109230B2200215C20F6F7DAFA12E0606938446061E069384447
:20D08000E0612068016AE06851F8200061698068814202D9E0680130E06000252846BDE86A
:20D0A000F08C30B543F60025C2F200050124286818B9FFF760FF044605E02868012802D162
:20D0C000FFF7A2FF0446204630BD2DE9F041064643F6FC14C2F20004271D36B10123002217
:20D0E00011465C20F6F793FA45E0A068022806D10623002211465C20F6F789FA3BE046F2D4
:20D10000A411C0F201010868206000BF20688068012806D12068C068E06220684069A06262
:20D1200005E020680069E06220688069A0622068406A00F032FA0546062D06D10623002276
:20D1400011465C20F6F770FA10E0072D06D10623002211465C20F6F774FA07E0092D05D13E
:20D160000423002211465C20F6F751FA0020A060002084F82400BDE8F0812DE9F04C81B0E2
:20D1800006468B4643F6FC14C2F2000400250BEB0600471E20684FF0000A38B905230122DE
:20D1A00000215C20F6F733FA4FF0010A55460DBB4FF0000A3046FFF734FC38B902230122ED
:20D1C00000215C20F6F723FA4FF0010A55464FF0000A3846FFF74FFC10B1BBF1000F07D167
:20D1E0000323012200215C20F6F711FA4FF0010A45EA0A05DDB9A068022807D106230122DD
:20D2000000215C20F6F703FA012510E03046FFF7EFFBE0603846FFF7EBFB20616661A76131
:20D22000002060600220A060002084F82400284601B0BDE8F08C2DE9F04D82B006468B464A
:20D2400043F6FC15C2F200050192002401998819471E28684FF0000A38B90523022200213D
:20D260005C20F6F7D4F94FF0010A544604BB4FF0000A3046FFF72AFC38B902231A46002163
:20D280005C20F6F7C4F94FF0010A54464FF0000A3846FFF745FC08B1019838B903230222F9
:20D2A00000215C20F6F7B3F94FF0010A44EA0A044FF0000ABBF1000F07D10423022200216A
:20D2C0005C20F6F7A4F94FF0010A44EA0A04ECB9A868022807D10623022200215C20F6F734
:20D2E00096F9012412E03046FFF782FBE8603846FFF77EFB28616E61AF61C5F81CB0012058
:20D3000068600220A860002085F82400204602B0BDE8F08D10B443F6FC14C2F200042068D3
:20D3200008B9002105E0A068022801D1022100E00121084610BC704710B543F6FC14C2F26A
:20D340000004206838B905231A4600215C20F6F75EF9012100E0A168084610BD30B5054691
:20D3600043F6FC14C2F20004206830B90523082200215C20F6F74BF91BE0A068022806D117
:20D380000623082200215C20F6F741F911E0012D07D30DD12068C068E06220684069A0627A
:20D3A00007E020680069E06220688069A06200E000BF30BD70B543F6FC15C2F20005002408
:20D3C0002868E8B1A86802281AD195F83000012808D1FFF7CCFD0646012E11D1002085F887
:20D3E00030000DE095F82400012802D1FFF759FE044614B9FFF788FD04462046FFF79BFD46
:20D4000070BD000010B504462046FFF7A7FA0146084610BD2DE91001044621460A2917D877
:20D420000FF20408D8E801F0060812140E140A0C1414100000210DE006210BE0022109E05E
:20D44000032107E0052105E0072103E0082101E0012100BF00BF0846BDE810017047F0B4A2
:20D46000074643F63025C2F200055FB941F60C14C0F201042868056840F24300C0F20000CE
:20D4800086080AE041F60C14C0F201042868456840F24300C0F200008608002103E08B0085
:20D4A000E258EA500131B142F9D3F0BC704770B4064643F63024C2F200043EB92068046804
:20D4C00040F24300C0F20000850806E02068446840F24300C0F200008508002103E08A003C
:20D4E0000023A3500131A942F9D370BC70472DE9F04505460E4617469A46BAF1000F11D187
:20D500003846FFF77FFF84466446B4420AD12846FFF7A5FF4FF0010C43F63428C2F200082F
:20D5200088F800C0BDE8F08530B5054643F63424C2F200042078012804D12846FFF7B7FF68
:20D540000020207030BD70B504460D461646012C06D02CB931462846FFF78AF903461C461F
:20D560002046FFF757FF0346184670BD2DE9F04404460E4617469A46012C07D034B9524677
:20D5800039463046FFF70CF9844664462046FFF741FF05462846BDE8F084F0B5074643F68E
:20D5A0003024C2F2000427602068C068FFF710F806463046FFF72EFF054641F60C10C0F2F5
:20D5C0000100FFF71FFFE06041F60C10C0F20100FFF718FFA06025B9E06808B1A06800B943
:20D5E00009252846F0BD00B5FFF71AF800BDF0B506460F460124FFF793F9024615463A4658
:20D6000031462846FFF79FFF0246144622461046F0BD2DE9F04406460F4692460124FFF7A6
:20D620007FF903461D4653463A4631462846FFF79DFF03461C4623461846BDE8F084F0B506
:20D6400005460E461746324639462846FFF745F803461C462046FFF7DDFE03461846F0BD00
:20D66000F0B505460E461746324639462846FFF797F803461C462046FFF7CCFE03461846A7
:20D68000F0BDF0B583B006460F4643F63024C2F200048DF800702068806801900020029077
:20D6A0003B4632460020E168FFF721FF207910B120680068029069463046FEF7B6FF0446FD
:20D6C00024B12046FFF7A6FE05460CE057B930464FF40051FFF7CCF804462046FFF79AFE2C
:20D6E000054600E004250020FFF71EFF284603B0F0BD2DE9F04C83B006460F4693469A46F6
:20D7000043F63025C2F2000500248DF800A028688068019000200290534632460120A9687B
:20D72000FFF7E5FE287910B128684068029039463046FFF79DF8044634B96B465A4639465D
:20D740003046FEF79FFF044624B12046FFF762FE05460EE0BAF1000F0AD13A465946304682
:20D76000FFF71EF804462046FFF754FE054600E004250120FFF7D8FE284603B0BDE8F08C22
:20D7800070B404460D46A30047F6743CC0F2010C5CF80320D56070BC704730B4044600219B
:20D7A000A30047F6743CC0F2010C5CF80320116800BF084630BC70472DE9F04D81B043F6BD
:20D7C0004025C2F2000505F1240A00900027BA0046F24823C0F2010399584AF8021000BF39
:20D7E0004FF0000B0CE05AF82720D268CBEB8B0102EB810000F00EFA0BF101015FFA81FBA5
:20D800005AF82710097A8B45EDD3002625E0002406E05AF827100969095D8E4202D00134FF
:20D82000032CF6D305F10C0202EBC40100220A7105F10C0202EBC40101220A60A1002A4649
:20D84000002353505AF827205268C6EBC60102EB8101886900F0E4F901365AF827100968D9
:20D860008E42D4D3002141F6E420C2F20000016001B0BDE8F08D2DE9F04F82B043F64026C7
:20D88000C2F2000606F1240A00208DF8020000208DF803000027002529E0002406E05AF8A9
:20D8A00027000069005D854202D00134032CF6D343F64C21C2F2000101EBC40000684FF003
:20D8C000010B042806D10B23022200216420F5F7ABFE01E04FF0000B8DF802B09DF80200B4
:20D8E000012803D101208DF8030005E001355AF8270000688542D0D39DF80300A0BB002504
:20D9000029E0002406E05AF827000069005D854202D00134032CF6D343F64C21C2F2000194
:20D9200001EBC40000210171A000314600220A5043F64C21C2F2000101EBC4000021016084
:20D940005AF827104968C5EBC50001EB8000806900F075F901355AF8270000688542D0D3E4
:20D96000B80000214AF8001002B0BDE8F08F2DE9F04E82B0834643F64C24C2F2000404F101
:20D98000180A019101250027012630468DF8030004EBCB000068042806D10B2305220021C6
:20D9A0006420F5F741FE02E000208DF803009DF8036006B1012635467DBB5AF827000069C3
:20D9C00010F80B605AF827004068C6EBC60200EB82004069012809D15AF827004068C6EB4F
:20D9E000C60200EB8200806900F083F904EBCB00042202605AF8270001994068C6EBC60227
:20DA000000EB8200806900F050F905462DB12B23052200216420F5F707FE02B0BDE8F08E6E
:20DA20002DE9F04C81B0054643F64024C2F2000404F124070026002084F828000020E06257
:20DA400057F82600006910F805A057F82620526843F66821C2F20001CAEBCA0002EB800089
:20DA6000806900F0FBF8834604F10C0101EBC5000068042828D157F826104968CAEBCA001C
:20DA800001EB8000806900F025F994F82800012810D157F826104968CAEBCA0001EB800044
:20DAA0004069012806D104F10C0101EBC5000321016009E004F10C0101EBC5000221016065
:20DAC000A800214641F800B001B0BDE8F08C2DE9F041064643F64C24C2F20004002504F16E
:20DAE000180151F825000069875D04EBC6000121017141F6E421C2F20001086858B904F1A2
:20DB0000180151F825004068C7EBC70100EB8100806900F0EEF8BDE8F0812DE9F045074683
:20DB200043F64C24C2F2000404F11806002556F82500006910F807A004EBC7000021017178
:20DB400041F6E421C2F200010868B8B956F825004068CAEBCA0100EB8100406920B104EB83
:20DB6000C7000068042809D056F825004068CAEBCA0100EB8100806900F0CBF8BDE8F085B4
:20DB80002DE9F045824643F64C24C2F2000404F11806002556F82500D0B356F82500006907
:20DBA00010F80A7056F825004068C7EBC70100EB8100406901280ED156F825004068C7EB64
:20DBC000C70100EB8100806900F084F85046032104EBC000016041F6E421C2F20001086891
:20DBE000B0B904EBCA000079012811D156F825004068C7EBC70100EB8100406840B156F897
:20DC000025004068C7EBC70100EB810040688047BDE8F08510B4044600BF00BF10BC7047B9
:20DC200010B50446216849B12168012906D02168022903D12169207901F0D9FE10BD10B5C4
:20DC40000446216841B12168012905D02168022902D1207901F0B5FF00BF10BD70B50446B7
:20DC60000E4600252268EAB12268012A1AD02268022A17D100256179207901F0A4FE024656
:20DC800072606179207901F08BFE024615466179207901F06FFE012802D10122327001E0AF
:20DCA000002232702A46104670BD70B504460E46012522685AB12268012A08D02268022AEC
:20DCC00005D132466179207901F0F5FF00252A46104670BD10B50446216849B12168012941
:20DCE00006D02168022903D16179207902F02BF810BD10B50446216849B12168012906D056
:20DD00002168022903D16179207902F058F800BF10BD10B50446216849B12168012906D01F
:20DD20002168022903D16179207902F088F810BD2DE9F00104460E4615464EF60858CEF245
:20DD40000008D8F8003025B104F1100753F827702F6004F11007BF00DE51BDE8F001704721
:20DD600010B4044661094EF20012CEF20002012302EB810104F01F0203FA02F20A6010BC48
:20DD8000704710B5044661094EF28012CEF20002012302EB810104F01F0203FA02F20A60BC
:20DDA000BFF34F8FBFF36F8F10BD30B404460D46002C07DB4EF20042CEF2000222442B01F1
:20DDC000137009E004F00F02121F4EF61853CEF200031A442B01137030BC704770B5044610
:20DDE0000E46012541F6E922C2F20002125D32B10423002211465220F5F709FC1FE036B176
:20DE00000323002211465220F5F701FC17E046F66C43C0F2010353F8242042B146F66C4303
:20DE2000C0F2010353F824201268A24206D00323002211465220F5F7EAFB00E000252A4612
:20DE4000104670BD2DE9F04405468A4643F67027C2F200070024002641F6E920C2F2000011
:20DE6000805D012807D05246002319465220F5F7CEFB012410E045B957F82500007920B1B3
:20DE800057F825000068864206D05246022300215220F5F7BCFB01242046BDE8F08470B54C
:20DEA00005460E46012431462846FFF7CBFF024614466CB943F67422C2F20002525D032AD1
:20DEC00006D03246042300215220F5F7A0FB01242246104670BD10B50446224606230021E2
:20DEE0005220F5F794FB10BD2DE9F044824643F67025C2F2000505F10807002400265146E9
:20DF00003046FFF76BFF98BBB10046F66C42C0F201025058785023E057F82620043252F800
:20DF2000241009688E4219D157F82620043252F824100979012911D157F826C0A2000CF1D7
:20DF4000040C5CF802102B46995055F824102046896800F028F9291D03220A55611CCCB243
:20DF6000002CD9D041F6E920C2F2000001218155BDE8F084F0B5064643F67024C2F2000451
:20DF80002746012530460A21FFF75CFF0546F5B9201D805D032803D0201D805D022816D1C0
:20DFA000304600F01DF905468DB957F826008068407801280BD157F8260080684068F5F749
:20DFC0004DFB57F8260080684068F6F795FE2846F0BD70B5054643F67426C2F20006012437
:20DFE00028460921FFF72EFF04469CB9705D03280FD0284600F005F904461CB930460321DB
:20E00000415507E0022C02D10920FFF764FF012400E00024204670BD30B505460124284681
:20E020000721FFF73CFF01460C466CB9284600F003F910B10720FFF74EFF43F67421C2F2C2
:20E04000000101224A5500242146084630BD30B50546012428460B21FFF721FF01460C4699
:20E060004CB9284600F0F7F843F67421C2F2000101224A5500242146084630BD70B50125F8
:20E080000026002405E0204600F0F2F80546601CC4B2002CF7D041F6E920C2F200000021CC
:20E0A0008155284670BD00002DE9F0448CB007468A4643F67C26C2F20006701CC45D9AF878
:20E0C0000D008DF81400022007900AA809900120069008208DF82000012505A92046F6F7EB
:20E0E00015FE05469DB9079828B9002002903046022101550DE00798012805D1012002900D
:20E1000030460121015504E00220029001E002200290069810B90120019001E00020019039
:20E120009DF820008DF80C009DF814008DF80000099804906946384603F06AF810B1384675
:20E1400003F09EF80CB0BDE8F08470B581B0054643F67D21C2F200014C5D6946284602F07C
:20E160006BFF01460E4600BF311F0AD003390DD0013910D0042913D120460021F6F7F0FD0C
:20E180000FE020460321F6F7EBFD0AE020460521F6F7E6FD05E020460421F6F7E1FD00E0D0
:20E1A00000BF01B070BD2DE9F04406460F4643F67C25C2F200053C78B00005F108010F5082
:20E1C000D7F80CA05146204602F03CFE681C0655204603F07EF8284600218155BDE8F0846F
:20E1E00030B4054643F68824C2F200040121605D012803D10021204600224255084630BCFD
:20E200007047F0B50746012443F68422C2F2000252F827100D78284603F032F801460E466F
:20E2200026B9284603F055F8002402E0022E00D1022421460846F0BD30B5054643F68422B3
:20E24000C2F2000252F825100C78204603F09AF8C1B2084630BD30B5054643F68422C2F2A9
:20E26000000252F825100C78204603F0A9F830BD70B5064643F68422C2F2000252F826102C
:20E280000C78204602F0A0FEC1B20D462946084670BD00002DE9F04505460F4643F67C268E
:20E2A000C2F20006701C445DD7F810A050460B284AD80FF20808D8E800F0C046473447077D
:20E2C000151C152C0C10151539462846FFF7ECFE3BE02046F6F739FD37E020467968F6F7CA
:20E2E00027FD32E02846FFF730FF284602F0C8FF2BE0B869072804D120460021F6F730FD5D
:20E3000003E020460121F6F72BFD284602F0B8FF1BE020460221F6F723FD284602F0B0FFC6
:20E3200013E006F1080151F824004078012806D106F1080151F824004068F5F79AF906F13A
:20E340000C000121015500E000BFBDE8F08510B443F69024C2F20004002060600020206097
:20E3600010BC704730B404460D460122231C03D100232B60002200E000BF00BF104630BCF3
:20E380007047F0B405460C46164601232F1C08D14FF0010CC6F800C027687F1C2760002343
:20E3A00000E000BF00BF1846F0BC704730B404460D460022231C01D12A4600E000BF00BFBC
:20E3C000104630BC704741F65431C2F20001086880B100200AE00A68D36803EBC002126851
:20E3E00043F69823C2F20003985401300A6852689042F0D3704710B441F65434C2F20004A2
:20E40000206880B100200AE021680A6902EBC001096843F69922C2F2000250540130216816
:20E4200089688842F0D310BC70472DE93041054641F65434C2F2000446F6A041C0F20101C1
:20E440000868206000BFFFF7BEFFFFF7D4FF2068406900F041F8BDE830812DE970410646CE
:20E4600043F69825C2F20005012441F65431C2F2000108680169681C805D01EBC0004068C8
:20E480006860686800F037F800242046BDE87081F0B50325FF2600240E2700F03DF80646E9
:20E4A00012E047F68831C0F2010101EBC4000068864207D147F68831C0F2010101EBC400AE
:20E4C000456803E0601CC4B2BC42EAD32846F0BD00B500F01DF800BD10B5044654B100F069
:20E4E0000BFA206801F0B6F9606801F0C9F9A06801F0A3F810BD10B5044644B1206800F097
:20E50000A4FE606801F0EBF8A06800F04CF910BD00B501F0DFFC00BDF0B50725002400265A
:20E5200001F0BCF9000601D5072516E001F0B6F94BF6E76100EA010700240CE00120A0400B
:20E54000384206D02546701CC6B2022E01D3552503E0601CC4B2202CF0D32846F0BD10B4BB
:20E56000044645F20001C4F2060101EB8402126812F0004F04D001EB84024FF0B64313602E
:20E5800001EB84031A686FF355521A6001EB84031A6842F400121A6001EB84031A6842F025
:20E5A00000421A6010BC704710B4044645F20001C4F2060101EB8402126812F0004F04D008
:20E5C00001EB84024FF0B643136001EB84031A684FF0010C6CF301021A6001EB84031A680C
:20E5E00042F400121A6001EB84031A6842F000421A6010BC704710B4044645F20001C4F2F7
:20E60000060101EB8402126812F0004F04D001EB84024FF0B643136001EB84031A686FF36E
:20E6200001021A6001EB84031A686FF355521A6001EB84031A6842F000421A6010BC70477F
:20E64000F0B404460D4645F20003C4F20603621E0D3A0AD9053A0C3A07D9033A013A04D91C
:20E66000053A02D0043A042A1CD803EB8402126812F0004F05D003EB84024FF0B64CC2F8A6
:20E6800000C003EB840CDCF8002065F30B22CCF8002003EB840CDCF8002042F00042CCF835
:20E6A000002000E000BFF0BC70472DE9F04C04468C4645F20006C4F2060647F6F847C0F29D
:20E6C000010700250022002306EB840ADAF800A01AF0004F05D006EB840A4FF0B64BCAF828
:20E6E00000B007EBC40ADAF8043019E007EBC40ADAF800A0BAF1000F0ED057F834B05BF85B
:20E7000022A0D44508D106EB840EDEF800A06CF3061ACEF800A005E002F1010A5FFA8AF2AF
:20E720009A42E3D39A4200D1012506EB840BDBF800A04AF0004ACBF800A000BF2846BDE8C8
:20E74000F08C2DE9F00404460E46174645F20003C4F2060303EB84052D6815F0004F05D00A
:20E7600003EB84054FF0B64CC5F800C0282C0FD003EB840CDCF8005066F31045CCF80050CD
:20E7800003EB840CDCF8005067F31455CCF8005003EB840CDCF8005045F00045CCF80050D0
:20E7A000BDE8F0047047F0B50546CDB32E68002434E06A6821018858FFF71DFF6B682201EF
:20E7C000D1184968D058FFF770FF6B682201D1188968D058FFF734FFD5F804C0230103EB4E
:20E7E0000C014A7B897B53F80C00FFF7AAFF6A6802EB0411097B01290AD16A68210188581C
:20E80000FFF7ADFE6A6821018858FFF7CDFE04E06A6821018858FFF7EEFE0134B442C8D362
:20E82000F0BD2DE9F04106460024002700BF36B1012310220021FF20F4F7E9FE3CE046F6E7
:20E840009472C0F201021168B1B346F69471C0F201010D6800242CE06868C4EB840200EB96
:20E86000820150F8220000228968FFF761FA6868C4EB840200EB820150F822004979FFF7B2
:20E8800094FA6A68C4EB840102EB81010979012907D16A68C4EB840152F82100FFF760FA30
:20E8A00006E06A68C4EB840152F82100FFF769FA013429688C42CFD3BDE8F08170B50446ED
:20E8C0000E460025CC2C03DC6FF00D02944207DA022311220021FF20F4F799FE012508E09B
:20E8E000012E03D12046FFF73BFA02E02046FFF748FA2A46104670BD4DF20000C4F2070015
:20E90000016811F0004F04D040F20001C9F273410160C16841F00101C160016841F000410F
:20E92000016070470000F0B505460F46002437B947F2D863C0F2010353F825203AB90C238A
:20E94000002211467C20F4F762FE012410E0AA0047F2D863C0F201039E58B268525D012A84
:20E9600006D0F023002211467C20F4F750FE012422461046F0BDF0B5074643F6A026C2F22B
:20E9800000060025002439462846FFF7CCFF0446012C0AD047F2D861C0F2010151F8250095
:20E9A00030603068C06800F077F9F0BD2DE9F04C0546296848F21C02C0F20102890052F8EC
:20E9C00001B0296848F20802C0F2010289005758296847F6F472C0F20102890052F801A067
:20E9E000DAF8146000F016FD69680BF1100202EB8101096811F4004F06D0696807F110020A
:20EA00004FF0B64389005350696807F11002890054584FF6D401C6F27F010C40A96811F0D2
:20EA200001010C43A96801F002010C436969C9000C43E96809020C43E97E49010C43697EB5
:20EA4000C9070C43A97E09060C4344F40044696807F110028900545000F0DFFCE968012948
:20EA600004D1E9696A689140CAF804106A68012191408E4329696A6891400E43CAF81460A4
:20EA8000BDE8F08C70B404460D46A30047F6F47CC0F2010C5CF803200123AB40536070BC20
:20EAA000704770B404460D46A30047F6F47CC0F2010C5CF803200123AB40936070BC704773
:20EAC0002DE9F04407460E469246BB0047F6F47CC0F2010C5CF8035000F0A2FC6C6901231E
:20EAE000B3409C430AFA06F31C436C6100F09BFCBDE8F08470B505460E46002404E006EBBE
:20EB00004410FFF753FF0134AC42F8D370BD2DE9F04C07460D469346BB0048F21C0CC0F2A4
:20EB2000010C5CF803A0BB0048F2080CC0F2010C5CF8036000F06EFC0AF1100C0CEB850362
:20EB40001B6813F4004F06D0AB0006F110044FF0B64C44F803C0AB0006F1100C5CF80340BB
:20EB60004FF6F773CFF67F731C404FEACB031C4344F40044AB0006F1100C4CF8034000F0BC
:20EB80004CFCBDE8F08C2DE9F04C07460D469246BB0048F21C0CC0F2010C5CF803B0BB00A4
:20EBA00048F2080CC0F2010C5CF8036000F032FC0BF1100C0CEB85031B6813F4004F06D02D
:20EBC000AB0006F110044FF0B64C44F803C0AB0006F1100C5CF803404FF6FC73CFF67F737F
:20EBE0001C400AF001031C430AF002031C4344F40044AB0006F1100C4CF8034000F00DFC44
:20EC0000BDE8F08C2DE9F04D84B00446B4F802B0A16809798DF80310A16889680191A168EC
:20EC2000C9680291A1680968039100272FE06268790031F802A04FEA5A150AF01F06314680
:20EC40002846019AFFF763FF31462846029AFFF79AFF0399012913D19DF80310012904D1F2
:20EC600031462846FFF70EFF03E031462846FFF718FFA1680A6828463146FFF721FF04E07D
:20EC8000314628460022FFF71BFF791C8FB25F45CDD304B0BDE8F08D10B50446272021698D
:20ECA000FFF728FF2046FFF7ADFF10BD4DF8048D002200210BE04DF20408C4F20708D8F87E
:20ECC000000010F0040F01D0012206E0013148F2A060C0F201008142EDD310465DF8048B6B
:20ECE00070474DF8048D002200210BE049F20008C4F20708D8F8000010F4007F01D001220A
:20ED000006E0013144F64030C0F24C008142EDD310465DF8048B70474DF8048D00220021A6
:20ED20000BE044F21C08C4F20608D8F8000010F4803F01D0012206E0013148F2A060C0F23F
:20ED400001008142EDD310465DF8048B70474DF8048D002200210BE044F21408C4F2060824
:20ED6000D8F8000010F4803F01D0012206E0013148F2A060C0F201008142EDD310465DF8D9
:20ED8000048B704744F20001C4F206010023002219E0886A10F4803F14D0886A10F0004F21
:20EDA00002D04FF0B6408862886A40F000708862886A6FF349208862886A40F000408862F3
:20EDC000012306E0013248F2A060C0F201008242DFD31846704744F20001C4F2060100206A
:20EDE000CA6912F0004F02D04FF0B642CA61C8694FF6FE72CFF6FB721040C86140F000405A
:20EE0000C861704710B4044644F20002C4F206020021D36913F0004F02D04FF0B643D36121
:20EE2000D1694FF6FD73CFF6FB731940E3079B0F1943D16141F00041D16110BC704744F2D8
:20EE40000000C4F20600016B11F0004F02D04FF0B6410163016B41F080710163016B41F03F
:20EE600000410163704710B544F20004C4F20604FFF7E5FFA06A10F0004F02D04FF0B6403D
:20EE8000A062A06A40F44050A062A06A40F40070A062A06A40F00100A062A06A40F0004039
:20EEA000A06210BD10B4044644F20001C4F206018A6A12F0004F02D04FF0B6428A628A6A53
:20EEC00064F341028A628A6A42F000428A6210BC70472DE9F04406460F46924644F20004D8
:20EEE000C4F206040025A36913F0004F02D04FF0B643A361A36966F38203A361A3696AF36A
:20EF00000923A361A36967F30003A361A36943F00203A361A36943F00043A361636913F0B7
:20EF2000004F02D04FF0B6436361656925F4802545F00105656145F000456561042000F0D3
:20EF4000D0F903461846BDE8F08444F20000C4F20600816A11F0004F02D04FF0B641816210
:20EF6000816A6FF300018162816A6FF359618162816A41F000418162704710B4044644F23B
:20EF80000002C4F206020021536913F0004F02D04FF0B643536151694FF6FD73CFF6FB7322
:20EFA0001940E3079B0F1943516141F00041516110BC70472DE91001044644F20001C4F251
:20EFC00006014CB3CA6A12F0004F02D04FF0B642CA62CA6A636863F31242CA62CA6A2368DD
:20EFE00063F30102CA62CA6AA36863F30F22CA62CA6A236963F30412CA62CA6AE36863F36D
:20F000004512CA62CA6A42F00042CA62626943F6A423C2F200031A60BDE81001704744F2FA
:20F020000001C4F2060100204A6912F0004F02D04FF0B6424A618A6912F0004F02D04FF0E5
:20F04000B6428A6148694FF6FE72CFF6FB72104048618A696FF341028A6140F000404861A0
:20F060008A6942F000428A6170474DF20000C4F20700016811F0004F04D040F20001C9F210
:20F080007341016041686FF300014160016841F000410160704710B4044649F20001C4F2BB
:20F0A00007018A6912F0004F04D040F20002C9F667028A6144B90A686FF38A220A600A6890
:20F0C00042F001020A6007E00A6842F480620A600A686FF300020A608A6942F000428A6124
:20F0E00010BC704749F20000C4F20700816911F0004F04D040F20001C9F6670181610168E2
:20F100006FF38A21016001686FF300010160816941F00041816170472DE93001044644F298
:20F120000C08C4F20608D8F80010C1F303214A1CB4FBF2F35D1E4DF68361C4F21B31A5FB01
:20F14000011540F20808C4F20208D8F80010C5F3C35565F30301C8F80010BDE8300170472E
:20F1600030B405460C4601226B1E0DD303D0022B04D306D008E00323236007E004232360B3
:20F1800004E00523236001E0002200BF00BF104630BC70472DE9F04D82B007468A469346EB
:20F1A00044F20005C4F2060501930026002469463846FFF7D5FF01283FD1009800F091F834
:20F1C00001283AD140F20808C4F20208D8F800C06FF3030C4CF0040CC8F800C0D5F80CC093
:20F1E0001CF0004F03D04FF0B64CC5F80CC0EC6824F4E0244FEA074C44EA0C046FF30B046C
:20F20000DDF8048008F00F0C44EA0C044FEA0B7C4FEA1C6C44EA0C044FEA0A7C4FEA1C5C15
:20F2200044EA0C04EC60D5F80CC04CF0004CC5F80CC00A98FFF770FF012600BF304602B085
:20F24000BDE8F08D00000000000030B581B0044643F6A825C2F20005FCB394F82C000128DD
:20F2600005D1226AA16AE069FFF733FE01E0FFF7D6FE206B686094F82400FFF77EFE04F19C
:20F280003400FFF797FE94F84D00012802D1FFF7EAFD01E0FFF759FE94F84C00FFF702FE01
:20F2A00094F85400012803D1206DFFF7F4FE01E0FFF718FFFFF7D9FE606800902369E26813
:20F2C000A1682068FFF766FF607D08B9FFF783FD207DFFF797FDA069286001B030BD0000D8
:20F2E00000002DE9304105460024294605291FD80FF20408D8E801F01C03080D1217FFF773
:20F30000D5FC01460C4614E0FFF7EBFC01460C460FE0FFF701FD01460C460AE0FFF717FDA9
:20F3200001460C4605E0FFF72DFD01460C4600E000BF21460846BDE83081000000B572B60F
:20F3400000BD00B562B600BD00B572B600BD00B562B600BD00B572B600BD00B562B600BD1E
:20F3600000B572B600BD00B562B600BD00B572B600BD00B562B600BD00B572B600BD00B5F6
:20F3800062B600BD00B572B600BD00B562B600BD00B572B600BD00B562B600BD00B572B673
:20F3A00000BD00B562B600BD00B572B600BD00B562B600BD00B572B600BD00B562B600BDBE
:20F3C00000B572B600BD00B562B600BD00B572B600BD00B562B600BD00B572B600BD00B596
:20F3E00062B600BD00B572B600BD00B562B600BD00B572B600BD00B562B600BD00B572B613
:20F4000000BD00B562B600BD00B572B600BD00B562B600BD00B572B600BD00B562B600BD5D
:20F4200000B572B600BD00B562B600BD00B572B600BD00B562B600BD2DE9700104460D4660
:20F440007DB948F2300CC0F2010C48F20408C4F20408D8F800205CF824309A43C8F80020E4
:20F460000EE048F2300CC0F2010C48F20408C4F20408D8F800205CF824301A43C8F800208C
:20F48000BDE8700170472DE91001044648F20408C4F20408D8F80010E24362F38E31C8F84D
:20F4A0000010BDE8100170472DE91001044648F20408C4F20408D8F8001064F34D31C8F8E1
:20F4C0000010BDE8100170472DE91001044648F20408C4F20408D8F8001064F30C31C8F802
:20F4E0000010BDE8100170472DE9700105460C4648F20002C4F204022B46082B27D80FF2CF
:20F500000808D8E803F0C046242424060B10151A1F00936A64F30D33936219E0936A64F371
:20F520008F33936214E0936A64F3114393620FE0936A64F3934393620AE0936A64F309230B
:20F54000936205E0936A64F38B23936200E000BFBDE87001704770B405460C4648F2000271
:20F56000C4F204026B1E04D308D0022B0BD30FD013E0936A64F3DB6393620FE0936A64F3F0
:20F580009A6393620AE0936A64F35963936205E0936A64F31863936200E000BF70BC70475F
:20F5A0002DE9700104460D4648F20002C4F2040213686FF3CB231360E31E06D9053B033B93
:20F5C00003D311D0012B16D01CE013686FF30513136044F21008C4F20608D8F8003064F395
:20F5E0001343C8F800300EE013684FF0010C6CF30513136007E013684FF0020C6CF3051300
:20F60000136000E000BF136865F30A231360136843F400631360BDE8700170474DF8048D3A
:20F6200048F20008C4F20408D8F800006FF3CB20C8F800005DF8048B704710B50446002C13
:20F640004CD000202178FFF7F7FE01206178FFF7F3FE0220A178FFF7EFFE0320E178FFF779
:20F66000EBFE04202179FFF7E7FE05206179FFF7E3FE0620A179FFF7DFFE207AFFF714FF7C
:20F68000607AFFF721FFE079FFF7FDFE03206169FFF72AFF0420A169FFF726FF0520E1696C
:20F6A000FFF722FF0620216AFFF71EFF0720E168FFF71AFF08202169FFF716FF0020216B87
:20F6C000FFF749FF0120E16AFFF745FF0220A16AFFF741FF0320616AFFF73DFF10BD10B531
:20F6E00004464CB1217A012904D161682068FFF757FF01E0FFF792FF10BD2DE930010446C6
:20F700000D464EF22C08C4F20708C8F800404EF23008C4F20708C8F80050BDE83001704783
:20F720002DE9100104464EF20C08C4F20708D8F8001064F3DF71C8F80010BDE8100170477B
:20F740002DE9100104464EF20C08C4F20708D8F8001064F30C21C8F80010BDE8100170477E
:20F760002DE9100104464EF20C08C4F20708D8F80010C4F340026FF3820141EA8201C8F8D3
:20F780000010BDE8100170472DE9100104464EF20C08C4F20708D8F8001064F30101C8F869
:20F7A0000010BDE81001704730B404464EF20001C4F2070100224BF2646304EA030262B173
:20F7C000CB6944F69B15CFF6FF752B401343CB61CB6943F08003CB610AE0CB6944F69B15C7
:20F7E000CFF6FF752B40CB61CB696FF3C713CB6130BC70472DE9100104464EF21C08C4F26F
:20F800000708D8F8001064F30101C8F80010BDE8100170472DE9100104464EF22008C4F2D4
:20F820000708D8F8001064F30001C8F80010BDE8100170472DE9100104464EF22408C4F2B1
:20F840000708D8F8001064F30F21C8F80010BDE81001704710B504468CB12068FFF794FF98
:20F860006068FFF77DFFA068FFF76AFF207BFFF757FF2069FFF7BEFF6069FFF795FF10BDA4
:20F8800010B504464CB12078FFF7C4FF6068FFF7D1FFE168A068FFF730FF10BD4DF8048D64
:20F8A0004EF20808C4F20708D8F800104BF6E760014041B14BF6E76008404EF21808C4F2B2
:20F8C0000708C8F8000008465DF8048B70472DE9F04C04460D4643F6B02AC2F2000AA2000E
:20F8E00048F24C03C0F2010353F802B0002600272946204600F03EF802461646012E37D1A9
:20F900000BF1240303EB85031A6842F400421A60A20048F24C0CC0F2010C5CF8023024330A
:20F9200003EB85021268C2F3403C6746012F1FD105EB8402C2EB82020AEB82021278012A05
:20F9400016D105EB8402C2EB82020AEB8202526872B105EB8402C2EB82020AEB82025368E8
:20F9600005EB8402C2EB82020AEB8202107A9847BDE8F08CF0B405460E460022AB0048F293
:20F980004C0CC0F2010C5CF8034004F1240202EB86031B68C3F3C03200BF1046F0BC704785
:20F9A000F0B404460D46A20048F2500CC0F2010C5CF802304FEA850C1F1D57F80C2000BF49
:20F9C0001046F0BC7047F0B404460D46A20048F2500CC0F2010C5CF802304FEA850C03F1F2
:20F9E000140757F80C2000BF1046F0BC70472DE9F04D83B005460C4643F6B026C2F200060D
:20FA0000A80048F24C01C0F201010F58A80048F24C01C0F2010194F800A051F800B0FFF79E
:20FA2000C3FC0020012808D10BF1240101EB8A01086840F48040086007E00BF1240101EB8D
:20FA40008A0108686FF38E300860FFF7B0FCA80048F24C01C0F2010194F800A051F800B079
:20FA6000FFF7A2FC0020012808D10BF1240101EB8A01086840F40050086007E00BF12401D4
:20FA800001EB8A0108686FF34D300860FFF78FFCA80048F24C01C0F2010194F800A051F85F
:20FAA00000B0FFF781FC0BF1240101EB8A00006810F4004F07D00BF1240101EB8A010868F2
:20FAC00040F400400860FFF772FCA80048F24C01C0F2010194F800A051F800B0FFF764FC88
:20FAE0000BF1240101EB8A0108686FF38A200860FFF75DFCFFF758FC6078012809D120787E
:20FB000007F1240101EB8001086840F04000086008E0207807F1240101EB800108686FF337
:20FB200086100860FFF743FCA06848F24C01C0F2010100908046606894F800A00190A800CC
:20FB400051F800B0FFF730FC0BF1240101EB8A01086868F3010008600BF1240101EB8A0225
:20FB60000199106861F385001060FFF720FCA80048F25002C0F20102115820784FF0FF32BE
:20FB8000800014310A50217801EB85000121C0EB800006EB80000170217801EB8500E168BA
:20FBA000C0EB800006EB80004160217801EB8500217CC0EB800006EB8000017203B0BDE8FA
:20FBC000F08D2DE9F04D81B0054648F24C07C0F20107A9007E58002468E0A90057F801A00E
:20FBE000FFF7E2FB0021012908D10AF1240202EB8402116841F48041116007E00AF1240292
:20FC000002EB840211686FF38E311160FFF7CFFBA90057F801B0FFF7C7FB0021012908D121
:20FC20000BF1240202EB8402116841F40051116007E00BF1240202EB840211686FF34D31EA
:20FC40001160FFF7B4FB57F82580CDF80080FFF7ABFB08F1240202EB8401096811F4004F63
:20FC600008D0009B03F1240202EB8402116841F400411160FFF79BFB06F1240202EB840208
:20FC800011686FF38611116006F1240202EB840211686FF30101116006F1240202EB840213
:20FCA00011686FF385011160611CCCB2042C94D301B0BDE8F08DF0B505460C461646AB00C4
:20FCC00048F24C0CC0F2010C5CF80370FFF76CFB0023012B07D1243707EB84073B6843F4D6
:20FCE00080433B6006E0243707EB84073B686FF38E333B60FFF75BFBAB0048F2500CC0F248
:20FD0000010C5CF80370A3001437FE50AB0048F24C0CC0F2010C5CF80370FFF745FB0023B7
:20FD200007D1243707EB84073B6843F480433B6006E0243707EB84073B686FF38E333B60BC
:20FD4000FFF735FBF0BD70B505460C46AA0048F24C03C0F201039E58FFF726FB0022012ACB
:20FD600008D106F1240303EB84031A6842F480421A6007E006F1240303EB84031A686FF3C5
:20FD80008E321A60FFF713FBAA0048F24C03C0F201039E58FFF708FB06F1240303EB8402BB
:20FDA000126812F4004F07D006F1240303EB84031A6842F400421A60FFF7F9FA70BDF0B5DB
:20FDC00005460C4648F24C06C0F20106AA00B358243303EB840212689704FF0F2ED1AA00F5
:20FDE000B758FFF7E1FA07F1240303EB8402126812F4004F07D007F1240303EB84031A68D4
:20FE000042F400421A60FFF7D2FAAA00B758FFF7CBFA002208D107F1240303EB84031A68A9
:20FE200042F400521A6007E007F1240303EB84031A686FF34D321A60FFF7B9FAF0BD70B5ED
:20FE400005460C46AA0048F24C03C0F201039E58FFF7AAFA0022012A08D106F1240303EB5A
:20FE600084031A6842F400521A6007E006F1240303EB84031A686FF34D321A60FFF797FA99
:20FE8000AA0048F24C03C0F201039E58FFF78CFA06F1240303EB8402126812F4004F07D0CF
:20FEA00006F1240303EB84031A6842F400421A60FFF77DFA70BD10B50024002405E0214648
:20FEC0000020FFF704FD601CC4B2042CF7D3BFF34F8F10BD2DE90041BFF34F8F4EF60C5833
:20FEE000CEF20008D8F8000040F20001C0F2FA5100F4E060084340F00400C8F80000BFF315
:20FF00004F8F00BF00BFFDE72DE9F04D84B0029003910024012600254FF0000A0022009287
:20FF200001A90020FEF71EFA002742F210710020FEF73CFA0246934618E0E20706D444F2B1
:20FF40003008C4F20308D8F800A055461AF4803F05D0029A15552D0A0134002606E06A46CD
:20FF600001A90020FEF70DFA009A17445F4502D2039A9442E1D35F4500D3012632461046BB
:20FF800004B0BDE8F08D0000F0B50746B90048F25402C0F201025458D4F800512D07ED0FA2
:20FFA000D4F800617607F60F05B97EB1FFF720FAD4F800116FF3C301C4F80011D4F80011E8
:20FFC0006FF38201C4F80011FFF715FAF0BD2DE9F04406460D461746B30048F2940CC0F238
:20FFE000010C5CF80340FFF70FFA012F0AD148F26C0AC0F2010A63685AF825C043EA0C03A8
:020000021000EC
:20000000636009E048F26C0AC0F2010A63685AF825C023EA0C036360FFF7F9F9BDE8F084E5
:2000200010B40446A10048F29403C0F201035A585369C3F30F0100BF084610BC7047F0B422
:2000400005460E461746AB0048F2940CC0F2010C5CF80340002304E016F803C0C4F800C075
:200060000133BB42F8D3F0BC704710B40446A10048F25403C0F201035A58116811F0FF01FF
:20008000084610BC7047F0B405460E461746AB0048F2540CC0F2010C5CF80340002304E04D
:2000A000D4F800C007F803C00133B342F8D3F0BC704770B5044643F6E025C2F20005A00095
:2000C00048F29401C0F201010E58FFF797F9A1002A46505840F00100505055F82400B060A6
:2000E000FFF78FF970BD70B5044643F6E025C2F20005A00048F29401C0F201010E58FFF770
:200100007DF9A1002A46505820F00100505055F82400B060FFF775F970BD70B5054643F644
:20012000E024C2F20004A90048F29402C0F201025658FFF763F9AA00A15841F00201A1500D
:2001400054F82510B160AA00A15821F00201A150FFF757F970BD70B5054643F6E024C2F291
:200160000004A90048F29402C0F201025658FFF745F9AA00A15841F00401A15054F8251020
:20018000B160AA00A15821F00401A150FFF739F970BD10B40446A10048F25403C0F2010359
:2001A0005A58D16F11F00101084610BC7047F0B582B0074600250026002101910024694684
:2001C0000020FEF7CFF84FF47A710020FEF7EEF801460E4612E03846FFF7DBFF08B9012558
:2001E0000EE03846FFF741FF3846FFF7B4FF01AA69460020FEF7C5F801990C44B442EAD967
:200200002946084602B0F0BD2DE9F04482B082464FEA8A0148F25402C0F2010257580025A1
:20022000002600210191002469460020FEF79AF84FF47A710020FEF7B9F801460E460CE0F0
:20024000F96811F0400F01D1012508E001AA69460020FEF796F801990C44B442F0D92946F8
:20026000084602B0BDE8F0842DE9F04405468A46AA0048F25403C0F201039C58AA0043F638
:20028000F823C2F200039F580026BAF10B0F2BD32846FFF78CFF012826D1FFF78BF8E268DA
:2002A000AAF10B0363F34D22E260E26842F48072E260E26842F04002E260FFF77EF8284600
:2002C000FFF7A2FF01280FD1FFF774F83A7C02230D2A02D33A7CA2F10B03E26863F34D22CF
:2002E000E260FFF76AF8012632461046BDE8F0842DE9F00405460F46FF2205F03F0305F05F
:200300003F04C4F34006C4F3C00C8CEA0606C4F3001C8CEA060686EA5416F44303F0010638
:20032000C3F3400C8CEA0606C3F3800C8CEA0606C3F3001C8CEA06034FEAC47A4FEA9A7A60
:20034000AC466AF39F1C4FEA831A4AEA0C062FB9B54201D12A4602E0FF2200E0F2B200BF10
:200360001046BDE8F00470472DE9F00407468C46154600233C2D07D07D2D05D0FE2D03D073
:20038000BF2D01D02B4600E00023002409E03E5D1E44B3B2FF2B02D9A3F1FF06B3B2661C38
:2003A000F4B26445F3D36FEA030A5FFA8AF600BF3046BDE8F00470472DE9F04C05460E4673
:2003C00043F61037C2F20007A80007F1480151F800A0A80048F25401C0F2010151F800B02C
:2003E000B068A8B9307800F03F01DBF8080161F30700CBF80801DBF800016FF30000CBF8B0
:200400000001DBF800016FF34100CBF8000114E0307800F03F01DBF8080161F30700CBF8DA
:200420000801DBF8000140F00100CBF80001DBF800016FF34100CBF80001B06800284FD14F
:20044000002408E0326904EBC500125D07F118010A54601CC4B2307B8442F3D3DAF81C004C
:2004600028B9284601220021FFF7B1FD05E0A9003A46505840F001005050FEF7A1FF706851
:2004800008B9002000E030788AF80B009AF80B20317B3069FFF768FF8AF80B00FEF793FFF3
:2004A00007F1180101EBC500CAF80000307B01308AF8090000208AF80A000920CAF81400A6
:2004C00001208AF80C002846FFF70DFE00208AF8080028460122DAF80010FFF7B0FD74E0EA
:2004E000B068012865D1DAF81C0050B9284601220721FFF76CFD284600221146FFF767FD35
:200500000BE0A9003A46505840F004005050A9003A46505820F001005050002407E004EBCF
:20052000C50007F1180100220A54601CC4B2082CF5D300208AF80900307B01308AF80A0064
:20054000FEF744FFDBF80C01716861F30000CBF80C01FEF73EFF0A20CAF8140001208AF8B1
:200560000C002846FFF710FD2846FFF7A2FD2846FFF7D3FDFEF730FFDBF80401317B61F3CB
:200580000300CBF80401FEF72AFFFEF731FFDBF800016FF30410CBF80001DBF8000140F03B
:2005A0000800CBF80001FEF726FF00208AF808000BE000208AF8090000208AF80A002846FB
:2005C00000F0FEFE00208AF80800BDE8F08C2DE9F044054643F6F827C2F20007A80007F11C
:2005E00060010C580026A80039460F58A80048F25401C0F2010151F800A0F868012808D14C
:200600002846FFF732FD6069032828D10420606125E02846FFF729FD6069022811D0606949
:20062000092802D060690A2808D1012605202061786918B1214628467A699047284600F07F
:20064000BFFE012020736069022801D106206061DAF8CC006FF30000CAF8CC0000BFBDE88B
:20066000F084F0B504460F4643F6F826C2F20006A00006F160010D58A00031460E58552F53
:2006800002D1072068610AE004202861204600F097FE706918B12946204672699047F0BD3F
:2006A000F0B505460F4643F6F826C2F20006A80006F160010C58A80031460E58384600215C
:2006C000FFF716FE6073607BFF280CD0032020610820606100202073706978B12146284648
:2006E000726990470AE004202061284600F068FE706918B12146284672699047F0BD2DE909
:20070000F044044643F6F827C2F20007A00007F160010D58A000394651F800A0A00048F208
:200720005401C0F201010E58E86928B9204600220621FFF74CFC06E0A10007F118025058EA
:2007400020F002005050DAF80C00012840F08B802869062800F08880687A002840D0E86983
:2007600028B9204601220721FFF731FC06E0A10007F11802505840F00400505009206861BD
:200780002046FFF701FC2046FFF793FC2046FFF7E2FC2046FFF7FDFC012802D12046FFF72E
:2007A000DAFC687A411ED6F8040161F30300C6F80401687A07F1300101EBC4010138C2B2CC
:2007C0002046FFF73CFCD6F8000140F01000C6F80001D6F8000140F00800C6F8000143E0CE
:2007E000A87AD0B30A206861E86950B9204600221146FFF7ECFB204601220721FFF7E7FBC2
:200800000DE0A10007F11802505820F001005050A10007F11802505840F00400505020464A
:20082000FFF7B2FB2046FFF744FC2046FFF775FCA87A411ED6F8040161F30300C6F804013E
:20084000D6F800016FF30410C6F80001D6F8000140F00800C6F8000106E0082028612046D1
:2008600000F0AEFD00E000BFBDE8F08470B5054643F62836C2F20006A80006F130010C5830
:20088000A07A80B1A07A06EBC502411E2846FFF7FAFB2846FFF7E9FBE07206EBC500606073
:2008A0000920206104E02069062801D008202061284600F085FD70BD2DE9F044044643F69F
:2008C000283AC2F2000AA0000AF130010D580AE0297A5746204601EBC406FFF7C6FBB855BD
:2008E000297A481C28722046FFF79AFBC007EFD40AF1480151F82400800402D50B2028611C
:200900000AE00AF1480151F82400C00402D50720286101E005202861204600F051FDBDE819
:20092000F08430B404460021A20043F6583CC2F2000C5CF802309A69033A023A0BD9043AA1
:2009400007D302D0012A02D007E0042106E0072104E00C2102E0032100E000BF00BF084611
:2009600030BC704710B404460021621E0AD307D0013A03D0032A05D8022105E0092103E044
:200980000A2101E0002100BF00BF084610BC704730B404460021A20043F6583CC2F2000C5D
:2009A0005CF802309A69033A023A0CD9043A08D30BD0012A0BD11A7A0AB1072100E00821D5
:2009C00006E00C2104E0032102E0042100E000BF00BF084630BC704730B404460021A300B4
:2009E00043F6583CC2F2000C5CF803209369092B01D1042106E09369052B02D09369042BBD
:200A000000D1032100BF084630BC704770B5044643F6F826C2F20006A00006F160010D5854
:200A2000A00031460E582046FFF71FFB204600F0C7FC0A202861706918B1294620467269A5
:200A4000904770BD2DE9F04404468A4643F6F826C2F20006A00031460F58A00006F16001A7
:200A60000D5806F19000005D0AEA00068EB901202861287B48B9786918B1294620467A693C
:200A80009047204600F09CFC05E0204600F098FC01E000202873BDE8F084F0B5044643F6E5
:200AA000F826C2F20006A00006F160010D58A00031460E58A00048F25401C0F201010F583A
:200AC000D7F8CC0010F0010F03D02046FFF7CDFA18E0686906280ED02046FFF7C6FA20461E
:200AE00000F06EFC05202861706958B1294620467269904706E02046FFF7B7FA01462046E5
:200B0000FFF7AFFDF0BD2DE9F04D81B005468A4643F6F826C2F20006A80006F160010C5872
:200B2000A80031460F58607A217A401AC6B20020012E03D1E17A514500D001208346216891
:200B4000097800208A4502D0012E00D001208DF803009DF80300012802D0BBF1010F14D177
:200B6000062020612846FFF7D8FA2846FFF7F3FA2846FFF7B8FA284600F022FC786910B311
:200B8000214628467A6990471DE0206801302060207A01302072607A217A401AC6B2012EBD
:200BA00005D9284601222168FFF749FA0BE0012E06D104F10B0128460122FFF740FA02E06F
:200BC000284600F0F4F801B0BDE8F08D70B50446A10043F65832C2F2000255580026697AB9
:200BE00021B12046FFF741FA01460E466969063912D001391FD002292CD1697A21B1314681
:200C00002046FFF780FF06E02046FFF72EFA01462046FFF778FF23E0697A21B131462046E0
:200C2000FFF71FFD06E02046FFF71FFA01462046FFF717FD14E0697A21B131462046FFF714
:200C40002FFD06E02046FFF710FA01462046FFF727FD05E0697A11B92046FFF706FA00BFA8
:200C600070BD2DE9704105460024A90043F65832C2F20002565831690B291DD80FF2040871
:200C8000D8E801F01A1A1A1A1A0612181A1A060C2846FFF746FE01460C460FE02846FFF717
:200CA00077FE01460C4609E02846FFF795FE01460C4603E0072401E0002400BF2146084626
:200CC000BDE8708130B5044643F67035C2F2000555F8241001F01801182903D12046FFF7BC
:200CE00076FC1BE055F82410890703D52046FFF78DFE13E055F8241011F09C0F03D020465E
:200D0000FFF7CBFE0AE055F82410C90503D52046FFF7ABF902E02046FFF758FF30BDF0B5DC
:200D2000044643F6F825C2F20005A00029460F58A00005F160010E58F868012816D105F121
:200D4000780151F8240042F69E41084203D12046FFF7D5FC24E02046FFF787F905203061B5
:200D600005207061204600F02BFB19E005F1780151F8240010F4305F03D12046FFF7BFFCAE
:200D80000EE00420306105F1780151F82400400503D505F1960001210155204600F010FB52
:200DA000786918B1314620467A699047F0BD70B5044643F6F826C2F20006A00031460D5849
:200DC000A00006F160010E5808203061204600F0F7FA686918B1314620466A69904770BD67
:200DE000F0B5044643F6F826C2F20006A00031460F58A00006F160010D58287A697A8842C9
:200E000005D007202861204600F0DAFA0EE006F1780151F8240043F29C01084203D1204602
:200E2000FFF724FD02E02046FFF746FD786918B1294620467A699047F0BD00000000000034
:200E4000000000002DE9F04D82B006460F4643F6F825C2F200054FF0000BB00048F25401D4
:200E6000C0F201010C5848F29401C0F2010151F826000090B00029460F503046FFF797F95E
:200E800010B94FF0010B9BE00098D0F814A00098D0F818A00098D0F800A0E06840F080009F
:200EA000E0602068796861F3070020607868C0F30721606861F307006060D4F8C000B96863
:200EC00061F30300C4F8C000E0686FF3C710E060E0686FF3C300E060E06840F00300E06016
:200EE000E0686FF38200E060E06840F40020E06020696FF341002061387C02210D2802D31C
:200F0000387CA0F10B01E06861F34D20E0603046FFF7E9F8304600220921FFF758F8B10031
:200F200005F11802505820F0FF005050F86801280CD1D4F8000140F00100C4F80001D4F85D
:200F40000001F96861F34100C4F80001B87C012803D105F196000021815505F1A20001216F
:200F60008155397F05F19C008155797F05F190008155B96943F65832C2F2000242F826101C
:200F800043F65831C2F2000151F826000021017343F65831C2F2000151F82600002101616D
:200FA00043F65831C2F2000151F826000221416143F65831C2F2000151F826000021C1615D
:200FC000584602B0BDE8F08DF0B5044643F61036C2F200060025A00006F148010F58387B58
:200FE000012801D1012525E02046FFF7E0F808B9012501E000207861204600220921FEF72F
:20100000E6FF2046FFF789F82046FFF7A4F82046FFF706F8C00702D52046FFF726F8A10003
:201020003246505820F0FF005050A00006F1480100220A502846F0BD2DE9F04D05468B46FB
:2010400043F62837C2F200070024A80007F130010E58D6F814A0306909281BD80FF2040896
:20106000D8E800F013091807051818180B0D0C2415E00B2413E0092411E001240FE005247E
:2010800007EBC500CBF8000009E05046FFF76AFC044604E02846FFF7E4FD044600BF204619
:2010A000BDE8F08D2DE9F04D81B006460D4643F6F827C2F20007B00007F1600151F800A0E6
:2010C00057F826000090B00048F25401C0F2010151F800B028788AF80D00A868C8BB002439
:2010E00008E02A6904EBC600125D07F130010A54601CC4B2287B8442F3D3FEF761F968688A
:2011000008B9002000E028788AF80B009AF80B20297B2869FFF728F98AF80B00FEF753F90A
:2011200007F1300101EBC600CAF80000287B01308AF8090000208AF80A00FEF747F9DBF8FF
:201140000C01297961F30000CBF80C01FEF741F927E0A86801281ED1002407E004EBC6009E
:2011600007F1300100220A54601CC4B2082CF5D300208AF80900287B01308AF80A00FEF7D8
:2011800025F9DBF80C01696861F30000CBF80C01FEF71FF905E000208AF8090000208AF81D
:2011A0000A0000208AF808000020CAF8100001208AF80C000320CAF814003046FEF7E4FE94
:2011C000FEF710F90099487C411EDBF8100161F30200CBF81001DBF808019AF80D1061F368
:2011E0000700CBF80801FEF700F9FEF701F9DBF8000140F00200CBF80001DBF8000140F071
:201200000400CBF80001FEF7F6F801B0BDE8F08D2DE9F04C05460E4643F6F82CC2F2000C42
:201220000024A8000CF160010F58A800614651F800A0317B012019B1317B082900D8002079
:2012400083467869012801D1012416E0387B012801D1022411E0DAF80C00012804D13146B6
:201260002846FFF71FFF08E0BBF1010F01D1012403E031462846FFF79FF82046BDE8F08C75
:20128000F0B5044643F61036C2F200060125A00006F148010F58F86928B9204600220921C5
:2012A000FEF795FE05E0A1003246505820F0FF0050502046FEF768FE2046FEF778FF012895
:2012C00001D1002500E00225204600F079F82846F0BD2DE9F04C054643F6F824C2F2000484
:2012E00004F118064FF0000AA80004F160010F58A800214651F800B0387B012802D14FF037
:20130000010A3CE07869012839D00020386101207861F86950B9284600220921FEF757FE72
:20132000284601220821FEF752FE09E0A900705820F0FF007050A900705840F0080070501C
:20134000DBF80C0001280DD1F86928B9284601220021FEF73CFE12E0A900705840F00100F0
:2013600070500CE0F86928B9284601220021FEF72EFE04E0A900705840F0010070505046D0
:20138000BDE8F08CF0B5064643F65837C2F200070024B00039460D58287B012802D0686991
:2013A000012801D0012409E00120287307F13C00815D3046FEF758FF00B901242046F0BDA4
:2013C0002DE9F04F82B0044643F6F825C2F2000505F11807A00005F1600151F800A0A00098
:2013E000294651F800B0A00048F25401C0F201010E58B0682046FEF713FE05EB8401886754
:20140000DAF81C0028B9204600220921FEF7DFFD04E0A100785820F0FF0078502046FEF7F3
:20142000B3FD2046FEF779FE2046FEF794FE2046FEF759FEDBF80C00002846D105F19600E1
:20144000005D012826D12046FEF7B1FE012821D1F06840F08000F0603068DBF8041061F3BF
:2014600007003060DBF80400C0F30721706861F307007060D6F8C000DBF8081061F3030050
:20148000C6F8C000F0686FF3C710F06005F1960000210155D6F800016FF30000C6F80001FA
:2014A000D6F8CC0040F00100C6F8CC00DAF81C0028B9204601220021FEF789FD21E0A10041
:2014C000785840F0010078501BE0DBF80C00012817D1DAF81C0050B9204601220621FEF7BC
:2014E00076FD204601220021FEF771FD09E0A100785840F002007850A100785840F0010076
:201500007850DAF81400CAF818000220CAF8140000208AF80C0002B0BDE8F08F70B5044658
:2015200043F65835C2F20005A00029460E5805F1180151F8240080050ED520460022082122
:20154000FEF745FD7069012806D12046FEF78DFD01462046FFF776FA70BD10B5044643F60E
:201560007032C2F2000252F82410C90702D52046FFF7A8FB10BD10B5044643F67032C2F284
:20158000000252F82410490402D52046FFF7C7FB10BD10B5044643F67032C2F2000252F8D2
:2015A0002410090402D52046FFF71AFC10BD2DE9F04C044643F67037C2F20007A00048F2C3
:2015C0005401C0F201010D58A00048F29401C0F2010151F800A0A600BB462046FEF720FD72
:2015E0004BF80600AE6816F00F06686810F4806F02D02046FFF792FF686810F0010F02D03D
:201600002046FFF7AAFF686810F4807F02D02046FFF7B1FF686810F4007F02D02046FFF793
:20162000B8FF072E01D1DAF87C00A000394600220A50BDE8F08C00B50320FFF7B8FFBFF3AB
:201640004F8F00BD2DE97041064643F6C035C2F20005012447F6D402C0F201021168296006
:201660002A68126812680021022A0AD02A681268126832B12A6812681268012A01D00121B0
:2016800004E02A681268126802B901210C4654B92968086800F016F801460C46210001D01A
:2016A00000222A600C4600BFBDE870812DE9004143F6C031C2F200010868006800F01CF8C5
:2016C000BDE80081F0B5064601240027316809B901240EE03168012901D1012500E0022577
:2016E00006F10C0252F82510486800F084F8C1B20C4621460846F0BD10B50446A168606843
:2017000000F0E6F810BD0000002142F20003C4F20503002208E049F69910C0F201008142B0
:2017200001D9022204E0491C986810F0807FF2D010467047F0B405460C4642F20003C4F266
:2017400005030022D3F808C0C4F800C095F809C0BCF1000F04D0D5F80CC02F69BC4504D262
:20176000D5F810C0BCF1000F01D801223FE026684FF68147CFF6F8773E4026602E684FEA53
:20178000867C266846EA9C5626606E7A4FEAC67C266846EA9C6626606E794FEAC67C266878
:2017A00046EA1C7626602E794FEAC67C266846EA5C762660AE794FEAC67C266846EA9C7637
:2017C00026602E7A4FEAC67C266846EADC662660EE794FEAC67C266846EA5C662660266864
:2017E00046F480262660266846F00106266000BF1046F0BC70472DE9F04581B0054643F6BA
:20180000C43AC2F2000A42F20006C4F20506002442F20001C4F205018968C1F380170FB9F8
:20182000012405E069462846FFF784FF01460C46002C48D1FDF7FAFD07B42F482F49304A1B
:201840000160026007BC2969F160FDF7F2FDFFF75BFF01460C46002C13D1697A002910D057
:20186000FDF7E4FD07B424482449254A0160026007BCE9683161FDF7DCFDFFF745FF0146D9
:201880000C46002C10D1FDF7D1FD07B41A481B491B4A0160026007BC0099B160FDF7C9FD57
:2018A000FFF732FF01460C46297A31B1696943F6C432C2F20002116005E0002143F6C43286
:2018C000C2F2000211602146084601B0BDE8F08530B504460D4604B1A047FDF7A7FD07B4F0
:2018E00005480849084A0160026007BCFDF7A1FD05B1A84730BD00BF14200540C4A1D9B028
:201900000F3B1E1AD6B1C4A07B0C0D1E30B5044640F20005C4F2020507B40B484FF08001B7
:201920000160026800BF00BF00BF00BF00BF00BF00BF00BF07BC01E004B1A047296811F012
:20194000800FF9D030BD00BF00000240000000000000000000000000000000000000000041
:20196000000000000000000000000000000000000000000000000000000000000000000067
:20198000000000000000000000000000000000000000000000000000000000000000000047
:2019A000000000000000000000000000000000000000000000000000000000000000000027
:2019C000000000000000000000000000000000000000000000000000000000000000000007
:2019E0000000000000000000000000000000000000000000000000000000000000000000E7
:201A0000000000000000000000000000000000000000000000000000000000006E67695335
:201A2000676F725000000000963007772C610EEEBA51099919C46D078FF46A7035A563E9C0
:201A4000A395649E3288DB0EA4B8DC791EE9D5E088D9D2972B4CB609BD7CB17E072DB8E701
:201A6000911DBF906410B71DF220B06A4871B9F3DE41BE847DD4DA1AEBE4DD6D51B5D4F403
:201A8000C785D38356986C13C0A86B647AF962FDECC9658A4F5C0114D96C0663633D0FFA73
:201AA000F50D088DC8206E3B5E10694CE44160D5727167A2D1E4033C47D4044BFD850DD2D6
:201AC0006BB50AA5FAA8B5356C98B242D6C9BBDB40F9BCACE36CD832755CDF45CF0DD6DC01
:201AE000593DD1ABAC30D9263A00DE518051D7C81661D0BFB5F4B42123C4B3569995BACFF5
:201B00000FA5BDB89EB802280888055FB2D90CC624E90BB1877C6F2F114C6858AB1D61C15A
:201B20003D2D66B69041DC760671DB01BC20D2982A10D5EF8985B1711FB5B606A5E4BF9FBE
:201B400033D4B8E8A2C9077834F9000F8EA8099618980EE1BB0D6A7F2D3D6D08976C6491BC
:201B6000015C63E6F4516B6B62616C1CD83065854E0062F2ED95066C7BA5011BC1F4088256
:201B800057C40FF5C6D9B06550E9B712EAB8BE8B7C88B9FCDF1DDD62492DDA15F37CD38C5E
:201BA000654CD4FB5861B24DCE51B53A7400BCA3E230BBD441A5DF4AD795D83D6DC4D1A435
:201BC000FBF4D6D36AE96943FCD96E34468867ADD0B860DA732D0444E51D03335F4C0AAAD4
:201BE000C97C0DDD3C710550AA41022710100BBE86200CC925B56857B3856F2009D466B9E0
:201C00009FE461CE0EF9DE5E98C9D9292298D0B0B4A8D7C7173DB359810DB42E3B5CBDB75D
:201C2000AD6CBAC02083B8EDB6B3BF9A0CE2B6039AD2B1743947D5EAAF77D29D1526DB04E1
:201C40008316DC73120B63E3843B64943E6A6D0DA85A6A7A0BCF0EE49DFF099327AE000A97
:201C6000B19E077D44930FF0D2A3088768F2011EFEC206695D5762F7CB67658071366C19BF
:201C8000E7066B6E761BD4FEE02BD3895A7ADA10CC4ADD676FDFB9F9F9EFBE8E43BEB71799
:201CA000D58EB060E8A3D6D67E93D1A1C4C2D83852F2DF4FF167BBD16757BCA6DD06B53F14
:201CC0004B36B248DA2B0DD84C1B0AAFF64A0336607A0441C3EF60DF55DF67A8EF8E6E3197
:201CE00079BE69468CB361CB1A8366BCA0D26F2536E2685295770CCC03470BBBB916022215
:201D00002F260555BE3BBAC5280BBDB2925AB42B046AB35CA7FFD7C231CFD0B58B9ED92CC0
:201D20001DAEDE5BB0C2649B26F263EC9CA36A750A936D02A906099C3F360EEB8567077276
:201D400013570005824ABF95147AB8E2AE2BB17B381BB60C9B8ED2920DBED5E5B7EFDC7CA2
:201D600021DFDB0BD4D2D38642E2D4F1F8B3DD686E83DA1FCD16BE815B26B9F6E177B06FF2
:201D80007747B718E65A0888706A0FFFCA3B06665C0B0111FF9E658F69AE62F8D3FF6B6174
:201DA00045CF6C1678E20AA0EED20DD75483044EC2B30339612667A7F71660D04D476949F3
:201DC000DB776E3E4A6AD1AEDC5AD6D9660BDF40F03BD83753AEBCA9C59EBBDE7FCFB2477A
:201DE000E9FFB5301CF2BDBD8AC2BACA3093B353A6A3B4240536D0BA9306D7CD2957DE5420
:201E0000BF67D9232E7A66B3B84A61C4021B685D942B6F2A37BE0BB4A18E0CC31BDF055A73
:201E20008DEF022D010203040506070800000000B30600000100000002000000CF14000034
:201E400000000000B40600000100000002000000CF14000000000000B30700000000000028
:201E600003000000FFFFFF1FB311000001000100FF0700000000000003000000FFFFFF1F58
:201E8000B311000000000000B40700000000000003000000FFFFFF1FB311000001000100DE
:201EA000FF0700000000000003000000FFFFFF1FB311000000000000010000000000000038
:201EC0000000000008000000010001000100000000000100000000000800000000000000EE
:201EE0000000000001000000000000000000000008000000000000000000000000000000D9
:201F00000000000000000000000000000000000000000000000000000000000000000000C1
:201F200000000000010200010102000101020001000100010001000100010102000102008A
:201F400000010102000100010001020201020202020201020101010010030200241F01000C
:201F600002000000261F0100B52600000000000011030200281F0100020000002A1F010094
:201F80006F28000000000000220302002C1F0100020000002E1F01007D2900000000000041
:201FA000270301004A1F010002000000301F01004F2B000000000000310301004D1F01001E
:201FC00002000000321F0100592C000059310000340301004E1F010002000000341F0100A2
:201FE0007D2D000000000000360301004F1F010002000000361F0100F72E0000BB32000024
:2020000037030100501F010002000000381F01003D300000000000003E0302003A1F0100B1
:20202000020000003C1F0100A530000000000000000000000000000000000000000000006D
:202040000000000000000000010100003E1F010002000000401F0100020100003E1F01005D
:2020600002000000401F010001020000421F010002000000441F0100F0F10200461F0100EA
:202080006B6D00007C430200461F0100776E000086F10200461F01005F6900001CD00200C7
:2020A000461F01007769000020ED0200461F0100CD690000A0ED0200461F01008D6A000043
:2020C00021F10200461F01008F6D000025F10200461F0100B36D00002AF10200461F010069
:2020E000D76D00002BF10200461F0100FB6D00008CF10200461F01001F6E0000A1F10200AA
:20210000461F01003F6E0000A5F10200461F01004D6E0000AAF10200461F01005B6E000027
:20212000ABF10200461F0100696E00000000000000000000000000000000000000000000C4
:20214000000000000000000000000000000000000103020301010000511F01000200000001
:20216000481F01002F0E0000430E00001CD0240101000000521F01004D6B000002F1050035
:2021800001000000521F0100CB3D00000000000000000000000000000000000000000000C4
:2021A00000000000000000000000000000000000000000000000000000000000000000001F
:2021C0000000000000000000000000000000000000000000000000000000000000000000FF
:2021E0000000000000000000000000000000000000000000000000000000000000000000DF
:202200000000000000000000000000000000000000000000000000000000000005020000B7
:2022200001000000531F010001000000541F010001000000551F0100DB6C000000000000F8
:2022400000FF080001000000531F010001000000541F010001000000551F01004B6D000060
:20226000000000001202000101000000531F010001000000541F010001000000551F0100EA
:202280005B6D00000000000000440100561F010010440100561F010000000020FFFF0020B2
:2022A00000E00100FFFF0700342143780000030200800300070000000000000000E00100B8
:2022C0000020000000E001000001000003000000010000000080030000800400008003006E
:2022E00000800400060000000100000000401E0000E0000000401E000001000000000000B6
:202300000000000000000000000000000000000000000000000000000000000000000000BD
:2023200000000000000000000000000000000000000000000000000000000000000000009D
:2023400000000000000000000000000000000000000000000000000000000000000000007D
:2023600000000000000000000000000000000000000000000000000000000000000000005D
:2023800000000000000000000000000000000000000000000000000000000000000000003D
:2023A0000000000087341243FFFFFFFFFFFFFFFFFFFFFFFFFFFFFFFF12AB00019D4800007A
:2023C000F7480000514900003D4A000000000000010000000000000000000000010000009B
:2023E00000010100010000000824010028240100000AE8038403AA002A00AA00000AE80371
:202400008403AA002B00AA00000000003C08000006000000CC230100000000007D080000F7
:2024200009000000D0230100A00F0000020000008B0E000002000000950E000000000000B0
:20244000020000009D0E0000D4230100000002000000000008240100DC2301000000E803BD
:20246000CC002A00CC000000E803FF007E00FF000000E803CC002B00CC000000E803FF009B
:202480007E00FF0005000000020000000100D00788130000E02301005C240100F0230100AC
:2024A00005000000020000000100D00788130000E023010070240100FC23010000000000E9
:2024C00000000000D3DF00000000000019E000004FE0000075DF000040004000801C002092
:2024E00040004000801D0020010001007C1B002040004000801B0020A1F1AAF1ABF18CF165
:20250000A5F121F12AF12BF18CF125F1FFFFFFFFFF000000982F8A4291443771CFFBC0B5FF
:20252000A5DBB5E95BC25639F111F159A4823F92D55E1CAB98AA07D8015B8312BE853124EA
:20254000C37D0C55745DBE72FEB1DE80A706DC9B74F19BC1C1699BE48647BEEFC69DC10F91
:20256000CCA10C246F2CE92DAA84744ADCA9B05CDA88F97652513E986DC631A8C82703B098
:20258000C77F59BFF30BE0C64791A7D55163CA0667292914850AB72738211B2EFC6D2C4DA3
:2025A000130D385354730A65BB0A6A762EC9C281852C7292A1E8BFA24B661AA8708B4BC241
:2025C000A3516CC719E892D1240699D685350EF470A06A1016C1A419086C371E4C77482702
:2025E000B5BCB034B30C1C394AAAD84E4FCA9C5BF36F2E68EE828F746F63A5781478C88416
:202600000802C78CFAFFBE90EB6C50A4F7A3F9BEF27871C6010000000200000004000000D2
:2026200008000000100000002000000040000000800000001B00000036000000637C777B80
:20264000F26B6FC53001672BFED7AB76CA82C97DFA5947F0ADD4A2AF9CA472C0B7FD932663
:20266000363FF7CC34A5E5F171D8311504C723C31896059A071280E2EB27B27509832C1A60
:202680001B6E5AA0523BD6B329E32F8453D100ED20FCB15B6ACBBE394A4C58CFD0EFAAFB5C
:2026A000434D338545F9027F503C9FA851A3408F929D38F5BCB6DA2110FFF3D2CD0C13EC08
:2026C0005F974417C4A77E3D645D197360814FDC222A908846EEB814DE5E0BDBE0323A0A4E
:2026E0004906245CC2D3AC629195E479E7C8376D8DD54EA96C56F4EA657AAE08BA78252E7F
:202700001CA6B4C6E8DD741F4BBD8B8A703EB5664803F60E613557B986C11D9EE1F89811C6
:2027200069D98E949B1E87E9CE5528DF8CA1890DBFE6426841992D0FB054BB16F4A75051A9
:202740004165537E17A4C31A275E963AAB6BCB3B9D45F11FFA58ABACE303934B30FA5520FB
:20276000766DF6ADCC769188024C25F5E5D7FC4F2ACBD7C53544802662A38FB5B15A49DEDE
:20278000BA1B6725EA0E9845FEC0E15D2F7502C34CF012814697A38DD3F9C66B8F5FE703ED
:2027A000929C95156D7AEBBF5259DA95BE832DD47421D358E0692949C9C8448EC2896A754C
:2027C0008E7978F4583E6B99B971DD27E14FB6BE88AD17F020AC66C9CE3AB47DDF4A186306
:2027E0001A3182E551336097537F45626477E0B16BAE84BB81A01CFE082B94F948685870FC
:2028000045FD198FDE6C87947BF8B75273D323AB4B02E2721F8F57E355AB2A66EB2807B2F4
:20282000B5C2032FC57B9A863708A5D32887F230BFA5B223036ABA0216825CEDCF1C2B8A24
:2028400079B492A707F2F0F369E2A14EDAF4CD6505BED50634621FD1A6FE8AC42E539D3494
:20286000F355A0A28AE13205F6EB75A483EC390B60EFAA40719F065E6E1051BD218AF93E64
:20288000DD063D963E05AEDDE6BD464D548DB591C45D057106D46F045015FF6098FB2419DF
:2028A000BDE997D64043CC89D99E7767E842BDB0898B8807195B38E7C8EEDB797C0A47A193
:2028C000420FE97C841EC9F800000000808683092BED48321170AC1E5A724E6C0EFFFBFDE5
:2028E0008538560FAED51E3D2D3927360FD9640A5CA621685B54D19B362E3A240A67B10C29
:2029000057E70F93EE96D2B49B919E1BC0C54F80DC20A261774B695A121A161C93BA0AE279
:20292000A02AE5C022E0433C1B171D12090D0B0E8BC7ADF2B6A8B92D1EA9C814F119855759
:2029400075074CAF99DDBBEE7F60FDA301269FF772F5BC5C663BC544FB7E345B4329768B07
:2029600023C6DCCBEDFC68B6E4F163B831DCCAD76385104297224013C61120844A247D85F1
:20298000BB3DF8D2F93211AE29A16DC79E2F4B1DB230F3DC8652EC0DC1E3D077B3166C2B8B
:2029A00070B999A99448FA11E9642247FC8CC4A8F03F1AA07D2CD8563390EF22494EC787A2
:2029C00038D1C1D9CAA2FE8CD40B3698F581CFA67ADE28A5B78E26DAADBFA43F3A9DE42C26
:2029E00078920D505FCC9B6A7E4662548D13C2F6D8B8E89039F75E2EC3AFF5825D80BE9F87
:202A0000D0937C69D52DA96F2512B3CFAC993BC8187DA7109C636EE83BBB7BDB267809CDF2
:202A20005918F46E9AB701EC4F9AA883956E65E6FFE67EAABCCF082115E8E6EFE79BD9BA7B
:202A40006F36CE4A9F09D4EAB07CD629A4B2AF313F23312AA59430C6A266C0354EBC377454
:202A600082CAA6FC90D0B0E0A7D8153304984AF1ECDAF741CD500E7F91F62F174DD68D763F
:202A8000EFB04D43AA4D54CC9604DFE4D1B5E39E6A881B4C2C1FB8C165517F465EEA049D0B
:202AA0008C355D01877473FA0B412EFB671D5AB3DBD25292105633E9D647136DD7618C9A7B
:202AC000A10C7A37F8148E59133C89EBA927EECE61C935B71CE5EDE147B13C7AD2DF599C1D
:202AE000F2733F5514CE7918C737BF73F7CDEA53FDAA5B5F3D6F14DF44DB8678AFF381CA2F
:202B000068C43EB924342C38A3405FC21DC37216E2250CBC3C498B280D9541FFA80171392E
:202B20000CB3DE08B4E49CD856C19064CB84617B32B670D56C5C7448B85742D0A75051F4A0
:202B400065537E41A4C31A175E963A276BCB3BAB45F11F9D58ABACFA03934BE3FA552030F7
:202B60006DF6AD76769188CC4C25F502D7FC4FE5CBD7C52A44802635A38FB5625A49DEB1DA
:202B80001B6725BA0E9845EAC0E15DFE7502C32FF012814C97A38D46F9C66BD35FE7038FE9
:202BA0009C9515927AEBBF6D59DA9552832DD4BE21D35874692949E0C8448EC9896A75C248
:202BC0007978F48E3E6B995871DD27B94FB6BEE1AD17F088AC66C9203AB47DCE4A1863DF02
:202BE0003182E51A336097517F45625377E0B164AE84BB6BA01CFE812B94F90868587048F8
:202C0000FD198F456C8794DEF8B7527BD323AB7302E2724B8F57E31FAB2A66552807B2EBF0
:202C2000C2032FB57B9A86C508A5D33787F23028A5B223BF6ABA0203825CED161C2B8ACF20
:202C4000B492A779F2F0F307E2A14E69F4CD65DABED50605621FD134FE8AC4A6539D342E90
:202C600055A0A2F3E132058AEB75A4F6EC390B83EFAA40609F065E711051BD6E8AF93E2160
:202C8000063D96DD05AEDD3EBD464DE68DB591545D0571C4D46F040615FF6050FB241998DB
:202CA000E997D6BD43CC89409E7767D942BDB0E88B8807895B38E719EEDB79C80A47A17C8F
:202CC0000FE97C421EC9F8840000000086830980ED48322B70AC1E11724E6C5AFFFBFD0EE1
:202CE00038560F85D51E3DAE3927362DD9640A0FA621685C54D19B5B2E3A243667B10C0A25
:202D0000E70F935796D2B4EE919E1B9BC54F80C020A261DC4B695A771A161C12BA0AE29375
:202D20002AE5C0A0E0433C22171D121B0D0B0E09C7ADF28BA8B92DB6A9C8141E198557F155
:202D4000074CAF75DDBBEE9960FDA37F269FF701F5BC5C723BC544667E345BFB29768B4303
:202D6000C6DCCB23FC68B6EDF163B8E4DCCAD7318510426322401397112084C6247D854AED
:202D80003DF8D2BB3211AEF9A16DC7292F4B1D9E30F3DCB252EC0D86E3D077C1166C2BB387
:202DA000B999A97048FA1194642247E98CC4A8FC3F1AA0F02CD8567D90EF22334EC787499E
:202DC000D1C1D938A2FE8CCA0B3698D481CFA6F5DE28A57A8E26DAB7BFA43FAD9DE42C3A22
:202DE000920D5078CC9B6A5F4662547E13C2F68DB8E890D8F75E2E39AFF582C380BE9F5D83
:202E0000937C69D02DA96FD512B3CF25993BC8AC7DA71018636EE89CBB7BDB3B7809CD26EE
:202E200018F46E59B701EC9A9AA8834F6E65E695E67EAAFFCF0821BCE8E6EF159BD9BAE777
:202E400036CE4A6F09D4EA9F7CD629B0B2AF31A423312A3F9430C6A566C035A2BC37744E50
:202E6000CAA6FC82D0B0E090D81533A7984AF104DAF741EC500E7FCDF62F1791D68D764D3B
:202E8000B04D43EF4D54CCAA04DFE496B5E39ED1881B4C6A1FB8C12C517F4665EA049D5E07
:202EA000355D018C7473FA87412EFB0B1D5AB367D25292DB5633E91047136DD6618C9AD777
:202EC0000C7A37A1148E59F83C89EB1327EECEA9C935B761E5EDE11CB13C7A47DF599CD219
:202EE000733F55F2CE79181437BF73C7CDEA53F7AA5B5FFD6F14DF3DDB867844F381CAAF2B
:202F0000C43EB968342C3824405FC2A3C372161D250CBCE2498B283C9541FF0D017139A82A
:202F2000B3DE080CE49CD8B4C190645684617BCBB670D5325C74486C5742D0B85051F4A79C
:202F4000537E4165C31A17A4963A275ECB3BAB6BF11F9D45ABACFA58934BE303552030FAF3
:202F6000F6AD766D9188CC7625F5024CFC4FE5D7D7C52ACB802635448FB562A349DEB15AD6
:202F80006725BA1B9845EA0EE15DFEC002C32F7512814CF0A38D4697C66BD3F9E7038F5FE5
:202FA0009515929CEBBF6D7ADA9552592DD4BE83D35874212949E069448EC9C86A75C28944
:202FC00078F48E796B99583EDD27B971B6BEE14F17F088AD66C920ACB47DCE3A1863DF4AFE
:202FE00082E51A31609751334562537FE0B1647784BB6BAE1CFE81A094F9082B58704868F4
:20300000198F45FD8794DE6CB7527BF823AB73D3E2724B0257E31F8F2A6655AB07B2EB28EC
:20302000032FB5C29A86C57BA5D33708F2302887B223BFA5BA02036A5CED16822B8ACF1C1C
:2030400092A779B4F0F307F2A14E69E2CD65DAF4D50605BE1FD134628AC4A6FE9D342E538C
:20306000A0A2F35532058AE175A4F6EB390B83ECAA4060EF065E719F51BD6E10F93E218A5C
:203080003D96DD06AEDD3E05464DE6BDB591548D0571C45D6F0406D4FF605015241998FBD7
:2030A00097D6BDE9CC8940437767D99EBDB0E8428807898B38E7195BDB79C8EE47A17C0A8B
:2030C000E97C420FC9F8841E000000008309808648322BEDAC1E11704E6C5A72FBFD0EFFDD
:2030E000560F85381E3DAED527362D39640A0FD921685CA6D19B5B543A24362EB10C0A6721
:203100000F9357E7D2B4EE969E1B9B914F80C0C5A261DC20695A774B161C121A0AE293BA71
:20312000E5C0A02A433C22E01D121B170B0E090DADF28BC7B92DB6A8C8141EA98557F11951
:203140004CAF7507BBEE99DDFDA37F609FF70126BC5C72F5C544663B345BFB7E768B4329FF
:20316000DCCB23C668B6EDFC63B8E4F1CAD731DC10426385401397222084C6117D854A24E9
:20318000F8D2BB3D11AEF9326DC729A14B1D9E2FF3DCB230EC0D8652D077C1E36C2BB31683
:2031A00099A970B9FA1194482247E964C4A8FC8C1AA0F03FD8567D2CEF223390C787494E9A
:2031C000C1D938D1FE8CCAA23698D40BCFA6F58128A57ADE26DAB78EA43FADBFE42C3A9D1E
:2031E0000D5078929B6A5FCC62547E46C2F68D13E890D8B85E2E39F7F582C3AFBE9F5D807F
:203200007C69D093A96FD52DB3CF25123BC8AC99A710187D6EE89C637BDB3BBB09CD2678EA
:20322000F46E591801EC9AB7A8834F9A65E6956E7EAAFFE60821BCCFE6EF15E8D9BAE79B73
:20324000CE4A6F36D4EA9F09D629B07CAF31A4B2312A3F2330C6A594C035A26637744EBC4C
:20326000A6FC82CAB0E090D01533A7D84AF10498F741ECDA0E7FCD502F1791F68D764DD637
:203280004D43EFB054CCAA4DDFE49604E39ED1B51B4C6A88B8C12C1F7F466551049D5EEA03
:2032A0005D018C3573FA87742EFB0B415AB3671D5292DBD233E91056136DD6478C9AD76173
:2032C0007A37A10C8E59F81489EB133CEECEA92735B761C9EDE11CE53C7A47B1599CD2DF15
:2032E0003F55F273791814CEBF73C737EA53F7CD5B5FFDAA14DF3D6F867844DB81CAAFF327
:203300003EB968C42C3824345FC2A34072161DC30CBCE2258B283C4941FF0D957139A80126
:20332000DE080CB39CD8B4E4906456C1617BCB8470D532B674486C5C42D0B85751F4A75098
:203340007E4165531A17A4C33A275E963BAB6BCB1F9D45F1ACFA58AB4BE303932030FA55EF
:20336000AD766DF688CC7691F5024C254FE5D7FCC52ACBD726354480B562A38FDEB15A49D2
:2033800025BA1B6745EA0E985DFEC0E1C32F7502814CF0128D4697A36BD3F9C6038F5FE7E1
:2033A00015929C95BF6D7AEB955259DAD4BE832D587421D349E069298EC9C84475C2896A40
:2033C000F48E797899583E6B27B971DDBEE14FB6F088AD17C920AC667DCE3AB463DF4A18FA
:2033E000E51A31829751336062537F45B16477E0BB6BAE84FE81A01CF9082B9470486858F0
:203400008F45FD1994DE6C87527BF8B7AB73D323724B02E2E31F8F576655AB2AB2EB2807E8
:203420002FB5C20386C57B9AD33708A5302887F223BFA5B202036ABAED16825C8ACF1C2B18
:20344000A779B492F307F2F04E69E2A165DAF4CD0605BED5D134621FC4A6FE8A342E539D88
:20346000A2F355A0058AE132A4F6EB750B83EC394060EFAA5E719F06BD6E10513E218AF958
:2034800096DD063DDD3E05AE4DE6BD4691548DB571C45D050406D46F605015FF1998FB24D3
:2034A000D6BDE997894043CC67D99E77B0E842BD07898B88E7195B3879C8EEDBA17C0A4787
:2034C0007C420FE9F8841EC90000000009808683322BED481E1170AC6C5A724EFD0EFFFBD9
:2034E0000F8538563DAED51E362D39270A0FD964685CA6219B5B54D124362E3A0C0A67B11D
:203500009357E70FB4EE96D21B9B919E80C0C54F61DC20A25A774B691C121A16E293BA0A6D
:20352000C0A02AE53C22E043121B171D0E090D0BF28BC7AD2DB6A8B9141EA9C857F119854D
:20354000AF75074CEE99DDBBA37F60FDF701269F5C72F5BC44663BC55BFB7E348B432976FB
:20356000CB23C6DCB6EDFC68B8E4F163D731DCCA426385101397224084C61120854A247DE5
:20358000D2BB3DF8AEF93211C729A16D1D9E2F4BDCB230F30D8652EC77C1E3D02BB3166C7F
:2035A000A970B999119448FA47E96422A8FC8CC4A0F03F1A567D2CD8223390EF87494EC796
:2035C000D938D1C18CCAA2FE98D40B36A6F581CFA57ADE28DAB78E263FADBFA42C3A9DE41A
:2035E0005078920D6A5FCC9B547E4662F68D13C290D8B8E82E39F75E82C3AFF59F5D80BE7B
:2036000069D0937C6FD52DA9CF2512B3C8AC993B10187DA7E89C636EDB3BBB7BCD267809E6
:203620006E5918F4EC9AB701834F9AA8E6956E65AAFFE67E21BCCF08EF15E8E6BAE79BD96F
:203640004A6F36CEEA9F09D429B07CD631A4B2AF2A3F2331C6A5943035A266C0744EBC3748
:20366000FC82CAA6E090D0B033A7D815F104984A41ECDAF77FCD500E1791F62F764DD68D33
:2036800043EFB04DCCAA4D54E49604DF9ED1B5E34C6A881BC12C1FB84665517F9D5EEA04FF
:2036A000018C355DFA877473FB0B412EB3671D5A92DBD252E91056336DD647139AD7618C6F
:2036C00037A10C7A59F8148EEB133C89CEA927EEB761C935E11CE5ED7A47B13C9CD2DF5911
:2036E00055F2733F1814CE7973C737BF53F7CDEA5FFDAA5BDF3D6F147844DB86CAAFF38123
:20370000B968C43E3824342CC2A3405F161DC372BCE2250C283C498BFF0D954139A8017122
:20372000080CB3DED8B4E49C6456C1907BCB8461D532B670486C5C74D0B857426363A5C69F
:203740007C7C84F8777799EE7B7B8DF6F2F20DFF6B6BBDD66F6FB1DEC5C5549130305060C2
:20376000010103026767A9CE2B2B7D56FEFE19E7D7D762B5ABABE64D76769AECCACA458FB0
:2037800082829D1FC9C940897D7D87FAFAFA15EF5959EBB24747C98EF0F00BFBADADEC41FA
:2037A000D4D467B3A2A2FD5FAFAFEA459C9CBF23A4A4F753727296E4C0C05B9BB7B7C275F5
:2037C000FDFD1CE19393AE3D26266A4C36365A6C3F3F417EF7F702F5CCCC4F8334345C68F5
:2037E000A5A5F451E5E534D1F1F108F9717193E2D8D873AB3131536215153F2A04040C089D
:20380000C7C7529523236546C3C35E9D181828309696A13705050F0A9A9AB52F0707090ED5
:203820001212362480809B1BE2E23DDFEBEB26CD2727694EB2B2CD7F75759FEA09091B1244
:2038400083839E1D2C2C74581A1A2E341B1B2D366E6EB2DC5A5AEEB4A0A0FB5B5252F6A4C0
:203860003B3B4D76D6D661B7B3B3CE7D29297B52E3E33EDD2F2F715E848497135353F5A67A
:20388000D1D168B900000000EDED2CC120206040FCFC1FE3B1B1C8795B5BEDB66A6ABED462
:2038A000CBCB468DBEBED96739394B724A4ADE944C4CD4985858E8B0CFCF4A85D0D06BBB2F
:2038C000EFEF2AC5AAAAE54FFBFB16ED4343C5864D4DD79A33335566858594114545CF8A0B
:2038E000F9F910E9020206047F7F81FE5050F0A03C3C44789F9FBA25A8A8E34B5151F3A21C
:20390000A3A3FE5D4040C0808F8F8A059292AD3F9D9DBC2138384870F5F504F1BCBCDF63B1
:20392000B6B6C177DADA75AF2121634210103020FFFF1AE5F3F30EFDD2D26DBFCDCD4C818F
:203940000C0C141813133526ECEC2FC35F5FE1BE9797A2354444CC881717392EC4C4579393
:20396000A7A7F2557E7E82FC3D3D477A6464ACC85D5DE7BA19192B32737395E66060A0C056
:20398000818198194F4FD19EDCDC7FA3222266442A2A7E549090AB3B8888830B4646CA8CF3
:2039A000EEEE29C7B8B8D36B14143C28DEDE79A75E5EE2BC0B0B1D16DBDB76ADE0E03BDBD3
:2039C000323256643A3A4E740A0A1E144949DB9206060A0C24246C485C5CE4B8C2C25D9F5C
:2039E000D3D36EBDACACEF436262A6C49191A8399595A431E4E437D379798BF2E7E732D526
:203A0000C8C8438B3737596E6D6DB7DA8D8D8C01D5D564B14E4ED29CA9A9E0496C6CB4D859
:203A20005656FAACF4F407F3EAEA25CF6565AFCA7A7A8EF4AEAEE94708081810BABAD56F55
:203A4000787888F025256F4A2E2E725C1C1C2438A6A6F157B4B4C773C6C65197E8E823CBD5
:203A6000DDDD7CA174749CE81F1F213E4B4BDD96BDBDDC618B8B860D8A8A850F707090E005
:203A80003E3E427CB5B5C4716666AACC4848D89003030506F6F601F70E0E121C6161A3C2AD
:203AA00035355F6A5757F9AEB9B9D06986869117C1C158991D1D273A9E9EB927E1E138D922
:203AC000F8F813EB9898B32B111133226969BBD2D9D970A98E8E89079494A7339B9BB62D82
:203AE0001E1E223C87879215E9E920C9CECE49875555FFAA28287850DFDF7AA58C8C8F035E
:203B0000A1A1F859898980090D0D171ABFBFDA65E6E631D74242C6846868B8D04141C382AE
:203B20009999B0292D2D775A0F0F111EB0B0CB7B5454FCA8BBBBD66D16163A2C63A5C66394
:203B40007C84F87C7799EE777B8DF67BF20DFFF26BBDD66B6FB1DE6FC55491C530506030BE
:203B60000103020167A9CE672B7D562BFE19E7FED762B5D7ABE64DAB769AEC76CA458FCAAC
:203B8000829D1F82C94089C97D87FA7DFA15EFFA59EBB25947C98E47F00BFBF0ADEC41ADF6
:203BA000D467B3D4A2FD5FA2AFEA45AF9CBF239CA4F753A47296E472C05B9BC0B7C275B7F1
:203BC000FD1CE1FD93AE3D93266A4C26365A6C363F417E3FF702F5F7CC4F83CC345C6834F1
:203BE000A5F451A5E534D1E5F108F9F17193E271D873ABD831536231153F2A15040C080499
:203C0000C75295C723654623C35E9DC31828301896A13796050F0A059AB52F9A07090E07D1
:203C200012362412809B1B80E23DDFE2EB26CDEB27694E27B2CD7FB2759FEA75091B120940
:203C4000839E1D832C74582C1A2E341A1B2D361B6EB2DC6E5AEEB45AA0FB5BA052F6A452BC
:203C60003B4D763BD661B7D6B3CE7DB3297B5229E33EDDE32F715E2F8497138453F5A65376
:203C8000D168B9D100000000ED2CC1ED20604020FC1FE3FCB1C879B15BEDB65B6ABED46A5E
:203CA000CB468DCBBED967BE394B72394ADE944A4CD4984C58E8B058CF4A85CFD06BBBD02B
:203CC000EF2AC5EFAAE54FAAFB16EDFB43C586434DD79A4D335566338594118545CF8A4507
:203CE000F910E9F9020604027F81FE7F50F0A0503C44783C9FBA259FA8E34BA851F3A25118
:203D0000A3FE5DA340C080408F8A058F92AD3F929DBC219D38487038F504F1F5BCDF63BCAD
:203D2000B6C177B6DA75AFDA2163422110302010FF1AE5FFF30EFDF3D26DBFD2CD4C81CD8B
:203D40000C14180C13352613EC2FC3EC5FE1BE5F97A2359744CC884417392E17C45793C48F
:203D6000A7F255A77E82FC7E3D477A3D64ACC8645DE7BA5D192B32197395E67360A0C06052
:203D8000819819814FD19E4FDC7FA3DC226644222A7E542A90AB3B9088830B8846CA8C46EF
:203DA000EE29C7EEB8D36BB8143C2814DE79A7DE5EE2BC5E0B1D160BDB76ADDBE03BDBE0CF
:203DC000325664323A4E743A0A1E140A49DB9249060A0C06246C48245CE4B85CC25D9FC258
:203DE000D36EBDD3ACEF43AC62A6C46291A8399195A43195E437D3E4798BF279E732D5E722
:203E0000C8438BC837596E376DB7DA6D8D8C018DD564B1D54ED29C4EA9E049A96CB4D86C55
:203E200056FAAC56F407F3F4EA25CFEA65AFCA657A8EF47AAEE947AE08181008BAD56FBA51
:203E40007888F078256F4A252E725C2E1C24381CA6F157A6B4C773B4C65197C6E823CBE8D1
:203E6000DD7CA1DD749CE8741F213E1F4BDD964BBDDC61BD8B860D8B8A850F8A7090E07001
:203E80003E427C3EB5C471B566AACC6648D8904803050603F601F7F60E121C0E61A3C261A9
:203EA000355F6A3557F9AE57B9D069B986911786C15899C11D273A1D9EB9279EE138D9E11E
:203EC000F813EBF898B32B981133221169BBD269D970A9D98E89078E94A733949BB62D9B7E
:203EE0001E223C1E87921587E920C9E9CE4987CE55FFAA5528785028DF7AA5DF8C8F038C5A
:203F0000A1F859A1898009890D171A0DBFDA65BFE631D7E642C6844268B8D06841C38241AA
:203F200099B029992D775A2D0F111E0FB0CB7BB054FCA854BBD66DBB163A2C16A5C6636390
:203F400084F87C7C99EE77778DF67B7B0DFFF2F2BDD66B6BB1DE6F6F5491C5C550603030BA
:203F600003020101A9CE67677D562B2B19E7FEFE62B5D7D7E64DABAB9AEC7676458FCACAA8
:203F80009D1F82824089C9C987FA7D7D15EFFAFAEBB25959C98E47470BFBF0F0EC41ADADF2
:203FA00067B3D4D4FD5FA2A2EA45AFAFBF239C9CF753A4A496E472725B9BC0C0C275B7B7ED
:203FC0001CE1FDFDAE3D93936A4C26265A6C3636417E3F3F02F5F7F74F83CCCC5C683434ED
:203FE000F451A5A534D1E5E508F9F1F193E2717173ABD8D8536231313F2A15150C08040495
:204000005295C7C7654623235E9DC3C328301818A13796960F0A0505B52F9A9A090E0707CD
:20402000362412129B1B80803DDFE2E226CDEBEB694E2727CD7FB2B29FEA75751B1209093C
:204040009E1D838374582C2C2E341A1A2D361B1BB2DC6E6EEEB45A5AFB5BA0A0F6A45252B8
:204060004D763B3B61B7D6D6CE7DB3B37B5229293EDDE3E3715E2F2F97138484F5A6535372
:2040800068B9D1D1000000002CC1EDED604020201FE3FCFCC879B1B1EDB65B5BBED46A6A5A
:2040A000468DCBCBD967BEBE4B723939DE944A4AD4984C4CE8B058584A85CFCF6BBBD0D027
:2040C0002AC5EFEFE54FAAAA16EDFBFBC5864343D79A4D4D5566333394118585CF8A454503
:2040E00010E9F9F90604020281FE7F7FF0A0505044783C3CBA259F9FE34BA8A8F3A2515114
:20410000FE5DA3A3C08040408A058F8FAD3F9292BC219D9D4870383804F1F5F5DF63BCBCA9
:20412000C177B6B675AFDADA63422121302010101AE5FFFF0EFDF3F36DBFD2D24C81CDCD87
:2041400014180C0C352613132FC3ECECE1BE5F5FA2359797CC884444392E17175793C4C48B
:20416000F255A7A782FC7E7E477A3D3DACC86464E7BA5D5D2B32191995E67373A0C060604E
:2041800098198181D19E4F4F7FA3DCDC664422227E542A2AAB3B9090830B8888CA8C4646EB
:2041A00029C7EEEED36BB8B83C28141479A7DEDEE2BC5E5E1D160B0B76ADDBDB3BDBE0E0CB
:2041C000566432324E743A3A1E140A0ADB9249490A0C06066C482424E4B85C5C5D9FC2C254
:2041E0006EBDD3D3EF43ACACA6C46262A8399191A431959537D3E4E48BF2797932D5E7E71E
:20420000438BC8C8596E3737B7DA6D6D8C018D8D64B1D5D5D29C4E4EE049A9A9B4D86C6C51
:20422000FAAC565607F3F4F425CFEAEAAFCA65658EF47A7AE947AEAE18100808D56FBABA4D
:2042400088F078786F4A2525725C2E2E24381C1CF157A6A6C773B4B45197C6C623CBE8E8CD
:204260007CA1DDDD9CE87474213E1F1FDD964B4BDC61BDBD860D8B8B850F8A8A90E07070FD
:20428000427C3E3EC471B5B5AACC6666D89048480506030301F7F6F6121C0E0EA3C26161A5
:2042A0005F6A3535F9AE5757D069B9B9911786865899C1C1273A1D1DB9279E9E38D9E1E11A
:2042C00013EBF8F8B32B989833221111BBD2696970A9D9D989078E8EA7339494B62D9B9B7A
:2042E000223C1E1E9215878720C9E9E94987CECEFFAA5555785028287AA5DFDF8F038C8C56
:20430000F859A1A180098989171A0D0DDA65BFBF31D7E6E6C6844242B8D06868C3824141A6
:20432000B0299999775A2D2D111E0F0FCB7BB0B0FCA85454D66DBBBB3A2C1616C66363A58C
:20434000F87C7C84EE777799F67B7B8DFFF2F20DD66B6BBDDE6F6FB191C5C55460303050B6
:2043600002010103CE6767A9562B2B7DE7FEFE19B5D7D7624DABABE6EC76769A8FCACA45A4
:204380001F82829D89C9C940FA7D7D87EFFAFA15B25959EB8E4747C9FBF0F00B41ADADECEE
:2043A000B3D4D4675FA2A2FD45AFAFEA239C9CBF53A4A4F7E47272969BC0C05B75B7B7C2E9
:2043C000E1FDFD1C3D9393AE4C26266A6C36365A7E3F3F41F5F7F70283CCCC4F6834345CE9
:2043E00051A5A5F4D1E5E534F9F1F108E2717193ABD8D873623131532A15153F0804040C91
:2044000095C7C752462323659DC3C35E30181828379696A10A05050F2F9A9AB50E070709C9
:20442000241212361B80809BDFE2E23DCDEBEB264E2727697FB2B2CDEA75759F1209091B38
:204440001D83839E582C2C74341A1A2E361B1B2DDC6E6EB2B45A5AEE5BA0A0FBA45252F6B4
:20446000763B3B4DB7D6D6617DB3B3CE5229297BDDE3E33E5E2F2F7113848497A65353F56E
:20448000B9D1D16800000000C1EDED2C40202060E3FCFC1F79B1B1C8B65B5BEDD46A6ABE56
:2044A0008DCBCB4667BEBED97239394B944A4ADE984C4CD4B05858E885CFCF4ABBD0D06B23
:2044C000C5EFEF2A4FAAAAE5EDFBFB16864343C59A4D4DD766333355118585948A4545CFFF
:2044E000E9F9F91004020206FE7F7F81A05050F0783C3C44259F9FBA4BA8A8E3A25151F310
:204500005DA3A3FE804040C0058F8F8A3F9292AD219D9DBC70383848F1F5F50463BCBCDFA5
:2045200077B6B6C1AFDADA754221216320101030E5FFFF1AFDF3F30EBFD2D26D81CDCD4C83
:20454000180C0C1426131335C3ECEC2FBE5F5FE1359797A2884444CC2E17173993C4C45787
:2045600055A7A7F2FC7E7E827A3D3D47C86464ACBA5D5DE73219192BE6737395C06060A04A
:20458000198181989E4F4FD1A3DCDC7F44222266542A2A7E3B9090AB0B8888838C4646CAE7
:2045A000C7EEEE296BB8B8D32814143CA7DEDE79BC5E5EE2160B0B1DADDBDB76DBE0E03BC7
:2045C00064323256743A3A4E140A0A1E924949DB0C06060A4824246CB85C5CE49FC2C25D50
:2045E000BDD3D36E43ACACEFC46262A6399191A8319595A4D3E4E437F279798BD5E7E7321A
:204600008BC8C8436E373759DA6D6DB7018D8D8CB1D5D5649C4E4ED249A9A9E0D86C6CB44D
:20462000AC5656FAF3F4F407CFEAEA25CA6565AFF47A7A8E47AEAEE9100808186FBABAD549
:20464000F07878884A25256F5C2E2E72381C1C2457A6A6F173B4B4C797C6C651CBE8E823C9
:20466000A1DDDD7CE874749C3E1F1F21964B4BDD61BDBDDC0D8B8B860F8A8A85E0707090F9
:204680007C3E3E4271B5B5C4CC6666AA904848D806030305F7F6F6011C0E0E12C26161A3A1
:2046A0006A35355FAE5757F969B9B9D01786869199C1C1583A1D1D27279E9EB9D9E1E13816
:2046C000EBF8F8132B9898B322111133D26969BBA9D9D970078E8E89339494A72D9B9BB676
:2046E0003C1E1E2215878792C9E9E92087CECE49AA5555FF50282878A5DFDF7A038C8C8F52
:2047000059A1A1F8098989801A0D0D1765BFBFDAD7E6E631844242C6D06868B8824141C3A2
:20472000299999B05A2D2D771E0F0F117BB0B0CBA85454FC6DBBBBD62C16163A52096AD51F
:204740003036A538BF40A39E81F3D7FB7CE339829B2FFF87348E4344C4DEE9CB547B9432F2
:20476000A6C2233DEE4C950B42FAC34E082EA16628D924B2765BA2496D8BD12572F8F664C8
:2047800086689816D4A45CCC5D65B6926C704850FDEDB9DA5E154657A78D9D8490D8AB006A
:2047A0008CBCD30AF7E45805B8B34506D02C1E8FCA3F0F02C1AFBD0301138A6B3A911141CD
:2047C0004F67DCEA97F2CFCEF0B4E67396AC7422E7AD3585E2F937E81C75DF6E47F11A7179
:2047E0001D29C5896FB7620EAA18BE1BFC563E4BC6D279209ADBC0FE78CD5AF41FDDA8334B
:204800008807C731B11210592780EC5F60517FA919B54A0D2DE57A9F93C99CEFA0E03B4DDB
:20482000AE2AF5B0C8EBBB3C83539961172B047EBA77D626E169146355210C7D00000000D0
:204840000000000000000000000000870000000000000000000000000000000000000000D1
:2048600000000000000000000000000009000000010000000000000000000000000000002E
:20488000000000000500000006000000040000000300000002000000000000000000000004
:2048A0000000000000000000000000000500000006000000040000000300000002000000E4
:2048C000020000008DAA0000F7AA00000000000001000000010000000C490100490000005D
:2048E0001449010060490100805201000000000001000000010000000C490100490000003C
:204900001449010084520100A45B0100FFFFFFFFFFFF00FF00000000000000000000000069
:20492000000000000000000000000000000000000000000000000000000000000000000077
:20494000000000000000000000000000000000000000000000000000000000000000000057
:20496000000000000000000000000000000000FF06080800A85B010002000000000000001C
:20498000000000000000000000000000010000FF0108000000000000010000000800000005
:2049A0000000000000000000000000000000000000000000000000000000000000000000F7
:2049C0000000000000000000000000000000000000000000000000000000000000000000D7
:2049E0000000000000000000000000000000000000000000000000000000000000000000B7
:204A0000000000000000000000000000000000000000000000000000000000000000000096
:204A2000000000000000000000000000000000000000000000000000000000000000000076
:204A4000000000000000000000000000000000000000000000000000000000000000000056
:204A6000000000000000000000000000000000000000000000000000000000000000000036
:204A8000000000000000000000000000000000000000000000000000000000000000000016
:204AA0000000000000000000000000000000000000000000000000000000000000000000F6
:204AC0000000000000000000000000000000000000000000000000000000000000000000D6
:204AE0000000000000000000000000000000000000000000000000000000000000000000B6
:204B0000000000000000000000000000000000000000000000000000000000000000000095
:204B2000000000000000000000000000000000000000000000000000000000000000000075
:204B4000000000000000000000000000000000000000000000000000000000000000000055
:204B6000000000000000000000000000000000000000000000000000000000000000000035
:204B8000000000000000000000000000000000000000000000000000000000000000000015
:204BA0000000000000000000000000000000000000000000000000000000000000000000F5
:204BC0000000000000000000000000000000000000000000000000000000000000000000D5
:204BE0000000000000000000000000000000000000000000000000000000000000000000B5
:204C0000000000000000000000000000000000000000000000000000000000000000000094
:204C2000000000000000000000000000000000000000000000000000000000000000000074
:204C4000000000000000000000000000000000000000000000000000000000000000000054
:204C6000000000000000000000000000000000000000000000000000000000000000000034
:204C8000000000000000000000000000000000000000000000000000000000000000000014
:204CA0000000000000000000000000000000000000000000000000000000000000000000F4
:204CC0000000000000000000000000000000000000000000000000000000000000000000D4
:204CE0000000000000000000000000000000000000000000000000000000000000000000B4
:204D0000000000000000000000000000000000000000000000000000000000000000000093
:204D2000000000000000000000000000000000000000000000000000000000000000000073
:204D4000000000000000000000000000000000000000000000000000000000000000000053
:204D6000000000000000000000000000000000000000000000000000000000000000000033
:204D8000000000000000000000000000000000000000000000000000000000000000000013
:204DA0000000000000000000000000000000000000000000000000000000000000000000F3
:204DC0000000000000000000000000000000000000000000000000000000000000000000D3
:204DE0000000000000000000000000000000000000000000000000000000000000000000B3
:204E0000000000000000000000000000000000000000000000000000000000000000000092
:204E2000000000000000000000000000000000000000000000000000000000000000000072
:204E4000000000000000000000000000000000000000000000000000000000000000000052
:204E6000000000000000000000000000000000000000000000000000000000000000000032
:204E8000000000000000000000000000000000000000000000000000000000000000000012
:204EA0000000000000000000000000000000000000000000000000000000000000000000F2
:204EC0000000000000000000000000000000000000000000000000000000000000000000D2
:204EE0000000000000000000000000000000000000000000000000000000000000000000B2
:204F0000000000000000000000000000000000000000000000000000000000000000000091
:204F2000000000000000000000000000000000000000000000000000000000000000000071
:204F4000000000000000000000000000000000000000000000000000000000000000000051
:204F6000000000000000000000000000000000000000000000000000000000000000000031
:204F8000000000000000000000000000000000000000000000000000000000000000000011
:204FA0000000000000000000000000000000000000000000000000000000000000000000F1
:204FC0000000000000000000000000000000000000000000000000000000000000000000D1
:204FE0000000000000000000000000000000000000000000000000000000000000000000B1
:20500000000000000000000000000000000000000000000000000000000000000000000090
:20502000000000000000000000000000000000000000000000000000000000000000000070
:20504000000000000000000000000000000000000000000000000000000000000000000050
:20506000000000000000000000000000000000000000000000000000000000000000000030
:20508000000000000000000000000000000000000000000000000000000000000000000010
:2050A0000000000000000000000000000000000000000000000000000000000000000000F0
:2050C0000000000000000000000000000000000000000000000000000000000000000000D0
:2050E0000000000000000000000000000000000000000000000000000000000000000000B0
:2051000000000000000000000000000000000000000000000000000000000000000000008F
:2051200000000000000000000000000000000000000000000000000000000000000000006F
:2051400000000000000000000000000000000000000000000000000000000000000000004F
:2051600000000000000000000000000000000000000000000000000000000000000000002F
:2051800000000000000000000000000000000000000000000000000000000000000000000F
:2051A0000000000000000000000000000000000000000000000000000000000000000000EF
:2051C0000000000000000000000000000000000000000000000000000000000000000000CF
:2051E0000000000000000000000000000000000000000000000000000000000000000000AF
:2052000000000000000000000000000000000000000000000000000000000000000000008E
:2052200000000000000000000000000000000000000000000000000000000000000000006E
:2052400000000000000000000000000000000000000000000000000000000000000000004E
:2052600000000000000000000000000000000000000000000000000000000000000000002E
:20528000E85B0100000000000000000000000000000000FF06080800185C0100020000003E
:2052A00000000000000000000000000000000000010000FF010800000000000001000000E4
:2052C0000800000000000000000000000000000000000000000000000000000000000000C6
:2052E0000000000000000000000000000000000000000000000000000000000000000000AE
:2053000000000000000000000000000000000000000000000000000000000000000000008D
:2053200000000000000000000000000000000000000000000000000000000000000000006D
:2053400000000000000000000000000000000000000000000000000000000000000000004D
:2053600000000000000000000000000000000000000000000000000000000000000000002D
:2053800000000000000000000000000000000000000000000000000000000000000000000D
:2053A0000000000000000000000000000000000000000000000000000000000000000000ED
:2053C0000000000000000000000000000000000000000000000000000000000000000000CD
:2053E0000000000000000000000000000000000000000000000000000000000000000000AD
:2054000000000000000000000000000000000000000000000000000000000000000000008C
:2054200000000000000000000000000000000000000000000000000000000000000000006C
:2054400000000000000000000000000000000000000000000000000000000000000000004C
:2054600000000000000000000000000000000000000000000000000000000000000000002C
:2054800000000000000000000000000000000000000000000000000000000000000000000C
:2054A0000000000000000000000000000000000000000000000000000000000000000000EC
:2054C0000000000000000000000000000000000000000000000000000000000000000000CC
:2054E0000000000000000000000000000000000000000000000000000000000000000000AC
:2055000000000000000000000000000000000000000000000000000000000000000000008B
:2055200000000000000000000000000000000000000000000000000000000000000000006B
:2055400000000000000000000000000000000000000000000000000000000000000000004B
:2055600000000000000000000000000000000000000000000000000000000000000000002B
:2055800000000000000000000000000000000000000000000000000000000000000000000B
:2055A0000000000000000000000000000000000000000000000000000000000000000000EB
:2055C0000000000000000000000000000000000000000000000000000000000000000000CB
:2055E0000000000000000000000000000000000000000000000000000000000000000000AB
:2056000000000000000000000000000000000000000000000000000000000000000000008A
:2056200000000000000000000000000000000000000000000000000000000000000000006A
:2056400000000000000000000000000000000000000000000000000000000000000000004A
:2056600000000000000000000000000000000000000000000000000000000000000000002A
:2056800000000000000000000000000000000000000000000000000000000000000000000A
:2056A0000000000000000000000000000000000000000000000000000000000000000000EA
:2056C0000000000000000000000000000000000000000000000000000000000000000000CA
:2056E0000000000000000000000000000000000000000000000000000000000000000000AA
:20570000000000000000000000000000000000000000000000000000000000000000000089
:20572000000000000000000000000000000000000000000000000000000000000000000069
:20574000000000000000000000000000000000000000000000000000000000000000000049
:20576000000000000000000000000000000000000000000000000000000000000000000029
:20578000000000000000000000000000000000000000000000000000000000000000000009
:2057A0000000000000000000000000000000000000000000000000000000000000000000E9
:2057C0000000000000000000000000000000000000000000000000000000000000000000C9
:2057E0000000000000000000000000000000000000000000000000000000000000000000A9
:20580000000000000000000000000000000000000000000000000000000000000000000088
:20582000000000000000000000000000000000000000000000000000000000000000000068
:20584000000000000000000000000000000000000000000000000000000000000000000048
:20586000000000000000000000000000000000000000000000000000000000000000000028
:20588000000000000000000000000000000000000000000000000000000000000000000008
:2058A0000000000000000000000000000000000000000000000000000000000000000000E8
:2058C0000000000000000000000000000000000000000000000000000000000000000000C8
:2058E0000000000000000000000000000000000000000000000000000000000000000000A8
:20590000000000000000000000000000000000000000000000000000000000000000000087
:20592000000000000000000000000000000000000000000000000000000000000000000067
:20594000000000000000000000000000000000000000000000000000000000000000000047
:20596000000000000000000000000000000000000000000000000000000000000000000027
:20598000000000000000000000000000000000000000000000000000000000000000000007
:2059A0000000000000000000000000000000000000000000000000000000000000000000E7
:2059C0000000000000000000000000000000000000000000000000000000000000000000C7
:2059E0000000000000000000000000000000000000000000000000000000000000000000A7
:205A0000000000000000000000000000000000000000000000000000000000000000000086
:205A2000000000000000000000000000000000000000000000000000000000000000000066
:205A4000000000000000000000000000000000000000000000000000000000000000000046
:205A6000000000000000000000000000000000000000000000000000000000000000000026
:205A8000000000000000000000000000000000000000000000000000000000000000000006
:205AA0000000000000000000000000000000000000000000000000000000000000000000E6
:205AC0000000000000000000000000000000000000000000000000000000000000000000C6
:205AE0000000000000000000000000000000000000000000000000000000000000000000A6
:205B0000000000000000000000000000000000000000000000000000000000000000000085
:205B2000000000000000000000000000000000000000000000000000000000000000000065
:205B4000000000000000000000000000000000000000000000000000000000000000000045
:205B6000000000000000000000000000000000000000000000000000000000000000000025
:205B8000000000000000000000000000000000000000000000000000000000000000000005
:205BA00000000000585C0100B3070000FF070000B3070000FF070000B3070000FF070000F0
:205BC000B3070000FF070000FF070000FF070000FF070000FF070000FF070000FF070000E1
:205BE000FF070000FF07000000000601885C010000000000000000000000000000000000AD
:205C0000000001009C5C010002000000B45C0100BC5C010000000000B4070000FF0700009D
:205C2000B4070000FF070000B4070000FF070000B3070000FF070000FF070000FF07000016
:205C4000FF070000FF070000FF070000FF070000FF070000FF07000000000601885C010034
:205C600000000000000000000000000000000000000001009C5C010002000000C05C01000B
:205C8000BC5C010000000000000000000000F8FF00000000000000000000000000000506E9
:205CA000040003000200000001010200010001000000000060490100804901006C480100AC
:205CC00084520100A4520100F45C01001C5D0100445D01006C5D0100945D0100BC5D0100B3
:205CE000E45D01000C5E0100345E01005C5E0100845E0100010000000100000001000000C3
:205D00000000000000000000000000002000000000000000A006002024390020010000001F
:205D200001000000050000000000000000000000000000001000000000000000A406002083
:205D4000443900200100000001000000010000000000000000000000000000001000000093
:205D600000000000A8060020543900200100000001000000050000000000000000000000A1
:205D8000000000001000000000000000AC0600206439002001000000010000000100000061
:205DA0000000000000000000000000001000000000000000B006002074390020010000002F
:205DC00001000000050000000000000000000000000000000C00000000000000B4060020D7
:205DE0008439002001000000010000000100000000000000000000000000000010000000B3
:205E000000000000B8060020903900200100000001000000050000000000000000000000B4
:205E2000000000000C00000000000000BC060020A039002001000000010000000100000078
:205E40000000000000000000000000001000000000000000C0060020AC3900200100000046
:205E600001000000010000000000000000000000000000001000000000000000C406002026
:205E8000BC3900200100000001000000050000000000000000000000000000000C000000DA
:205EA00000000000C8060020CC390020D85E0100FFFF0300FFFF0300FFFF0300FFFF030094
:205EC000CFFB0100FFFF0300FFFF0300FFFF0300FFFF0300CFFB0100000000000000000028
:205EE000E85E0100686101000100000001000000010000000100000001000000010000008B
:205F0000010000000100000001000000010000000100000001000000010000000100000079
:205F2000010000000100000001000000010000000100000001000000010000000100000059
:205F4000010000000100000001000000010000000100000001000000010000000100000039
:205F6000010000000100000001000000010000000100000001000000010000000100000019
:205F80000100000001000000010000000100000001000000010000000100000001000000F9
:205FA0000100000001000000010000000100000001000000010000000100000001000000D9
:205FC0000100000001000000010000000100000001000000010000000100000001000000B9
:205FE000010000000100000001000000010000000100000001000000010000000100000099
:20600000010000000100000001000000010000000100000001000000010000000100000078
:20602000010000000100000001000000010000000100000001000000010000000100000058
:20604000010000000100000001000000010000000100000001000000010000000100000038
:20606000010000000100000001000000010000000100000001000000010000000100000018
:206080000100000001000000010000000100000001000000010000000100000001000000F8
:2060A0000100000001000000010000000100000001000000010000000100000001000000D8
:2060C0000100000001000000010000000100000001000000010000000100000001000000B8
:2060E000010000000100000001000000010000000100000001000000010000000100000098
:20610000010000000100000001000000010000000100000001000000010000000100000077
:20612000010000000100000001000000010000000100000001000000010000000100000057
:20614000010000000100000001000000010000000100000001000000010000000100000037
:2061600001000000010000000100000001000000010000000100000001000000C17B0000DC
:20618000C77B000000000000F0FFFFFF0000000000000000C83B0020C83B0020000000008A
:2061A0007C610100A8610100000000000000000000000000000200000004000010000000E1
:2061C0000004000002000000D061010094610100D8610100EC6101000020000010000000D9
:2061E000FFFF010000000001000000000020000010000000FFDF2100002000000000000050
:20620000020000000000000000000000020000000000000000000000000000004C780100B5
:2062200002000000000100000000000000000000607801000200000000020000000000007E
:2062400000000000747801004C62010003000000606201000100000000620100B462010061
:2062600000000000A94C00000000000080844E41FFFFFFFF000000000C620100000000002B
:20628000BF4C00000000000080844E41FFFFFFFF0000000020620100000000008D760000DE
:2062A0000000000080841E41FFFFFFFF000000003462010000010200CD000000C0620100F5
:2062C000000000000000000007C20000010000000000000007C20000020000000000000029
:2062E00007C20000030000000000000007C20000040000000000000007C200000500000037
:206300000000000007C20000060000000000000007C20000070000000000000007C2000015
:20632000080000000000000007C20000090000000000000007C200000A00000000000000B0
:2063400007C200000B0000000000000007C200000C0000000000000007C200000D000000BE
:206360000000000007C200000E0000000000000007C200000F0000000000000007C20000A5
:20638000100000000000000007C20000110000000000000007C20000120000000000000038
:2063A00007C20000130000000000000007C20000140000000000000007C200001500000046
:2063C0000000000007C20000160000000000000007C20000170000000000000007C2000035
:2063E000180000000000000007C20000190000000000000007C200001A00000000000000C0
:2064000007C200001B0000000000000007C200001C0000000000000007C200001D000000CD
:206420000000000007C200001E0000000000000007C200001F0000000000000007C20000C4
:20644000200000000000000007C20000210000000000000007C20000220000000000000047
:2064600007C20000230000000000000007C20000240000000000000007C200002500000055
:206480000000000007C20000260000000000000007C20000270000000000000007C2000054
:2064A000280000000000000007C20000290000000000000007C200002A00000000000000CF
:2064C00007C200002B0000000000000007C200002C0000000000000007C200002D000000DD
:2064E0000000000007C200002E0000000000000007C200002F0000000000000007C20000E4
:20650000300000000000000007C20000310000000000000007C20000320000000000000056
:2065200007C20000330000000000000007C2000034000000010000003716010035000000DE
:206540000000000007C20000360000000000000007C20000370000000000000007C2000073
:20656000380000000000000007C20000390000000000000007C200003A00000000000000DE
:2065800007C200003B0000000000000007C200003C0000000000000007C200003D000000EC
:2065A0000000000007C200003E0000000000000007C200003F0000000000000007C2000003
:2065C000400000000000000007C20000410000000000000007C20000420000000000000066
:2065E00007C20000430000000000000007C20000440000000000000007C200004500000074
:206600000000000007C20000460000000000000007C20000470000000000000007C2000092
:20662000480000000000000007C20000490000000000000007C200004A00000000000000ED
:2066400007C200004B0000000000000007C200004C0000000000000007C200004D000000FB
:206660000000000007C200004E0000000000000007C200004F0000000000000007C2000022
:20668000500000000000000007C20000510000000000000007C20000520000000000000075
:2066A00007C20000530000000000000007C20000540000000000000007C200005500000083
:2066C0000000000007C20000560000000000000007C20000570000000000000007C20000B2
:2066E000580000000000000007C20000590000000000000007C200005A00000000000000FD
:2067000007C200005B0000000000000007C200005C0000000000000007C200005D0000000A
:206720000000000007C200005E0000000000000007C200005F0000000000000007C2000041
:20674000600000000000000007C20000610000000000000007C20000620000000000000084
:2067600007C20000630000000000000007C20000640000000000000007C200006500000092
:206780000000000007C20000660000000000000007C20000670000000000000007C20000D1
:2067A000680000000000000007C20000690000000000000007C200006A000000000000000C
:2067C00007C200006B0000000000000007C200006C0000000000000007C200006D0000001A
:2067E0000000000007C200006E0000000000000007C200006F0000000000000007C2000061
:20680000700000000000000007C20000710000000000000007C20000720000000000000093
:2068200007C20000730000000000000007C20000740000000000000007C2000075000000A1
:206840000000000007C20000760000000000000007C20000770000000000000007C20000F0
:20686000780000000000000007C20000790000000000000007C200007A000000000000001B
:2068800007C200007B0000000000000007C200007C0000000000000007C200007D00000029
:2068A0000000000007C200007E0000000000000007C200007F0000000000000007C2000080
:2068C000800000000000000007C20000810000000000000007C200008200000000000000A3
:2068E00007C20000830000000000000007C20000840000000000000007C2000085000000B1
:206900000000000007C20000860000000000000007C20000870000000000000007C200000F
:20692000880000000000000007C20000890000000000000007C200008A000000000000002A
:2069400007C200008B0000000000000007C200008C0000000000000007C200008D00000038
:206960000000000007C200008E0000000000000007C200008F0000000000000007C200009F
:20698000900000000000000007C20000910000000000000007C200009200000000000000B2
:2069A00007C20000930000000000000007C20000940000000000000007C2000095000000C0
:2069C0000000000007C20000960000000000000007C20000970000000000000007C200002F
:2069E000980000000000000007C20000990000000000000007C200009A000000000000003A
:206A000007C200009B0000000000000007C200009C0000000000000007C200009D00000047
:206A20000000000007C200009E0000000000000007C200009F0000000000000007C20000BE
:206A4000A00000000000000007C20000A10000000000000007C20000A200000000000000C1
:206A600007C20000A30000000000000007C20000A40000000000000007C20000A5000000CF
:206A80000000000007C20000A60000000000000007C20000A70000000000000007C200004E
:206AA000A80000000000000007C20000A90000000000000007C20000AA0000000000000049
:206AC00007C20000AB0000000000000007C20000AC0000000000000007C20000AD00000057
:206AE0000000000007C20000AE0000000000000007C20000AF0000000000000007C20000DE
:206B0000B00000000000000007C20000B10000000000000007C20000B200000000000000D0
:206B200007C20000B30000000000000007C20000B40000000000000007C20000B5000000DE
:206B400001000000B7FE0000B60000000000000007C20000B70000000000000007C2000080
:206B6000B80000000000000007C20000B90000000000000007C20000BA0000000000000058
:206B800007C20000BB0000000000000007C20000BC0000000000000007C20000BD00000066
:206BA0000000000007C20000BE0000000000000007C20000BF0000000000000007C20000FD
:206BC000C00000000000000007C20000C10000000000000007C20000C200000000000000E0
:206BE00007C20000C30000000000000007C20000C40000000000000007C20000C5000000EE
:206C00000000000007C20000C60000000000000007C20000C70000000000000007C200008C
:206C2000C80000000000000007C20000C90000000000000007C20000CA0000000000000067
:206C400007C20000CB0000000000000007C20000CC0000000000000007C20000030100003E
:206C6000400000000000000088780100706C010000000000786C0100000000000100000010
:206C80005C6C01008C770100E47701003C6E0100247801003C780100F0770100986F01005E
:206CA000A46C0100000000000100000001000000BC6C0100C46C0100906C0100000000006A
:206CC0000000000000000000846C01000050064001002089045006400000008F08500640BC
:206CE0000000008F0C5006400000008F105006400000008F145006400000008F18500640B8
:206D00000000008F1C5006400000008F205006400000008F245006400000008F2850064057
:206D20000000008F2C5006400000008F305006400000008F345006400000008F38500640F7
:206D40000000008F4C5006400000008F505006400000008F545006400000008F5850064057
:206D60000000008F5C5006400000008F605006400000008F645006400000008F68500640F7
:206D80000000008F6C5006400000008F705006400000008F745006400000008F7850064097
:206DA0000000008F7C5006400000008F885006400000008F8C5006400000008F905006401F
:206DC00000002089945006400000208998500640000020899C50064000002089A05006404F
:206DE00031072089A850064000002089AC50064000002089B05006400000008FB4500640C1
:206E00000000008FB85006400000008FBC5006400000008FC05006400000008FC4500640E6
:206E200000002089C850064000002089CC50064001002089D0500640000020891500000072
:206E4000446E0100130000000400000000000000010000001400000004000000000000004F
:206E600001000000160000000400000000000000010000002C0000000300000000000000C7
:206E8000010000002D0000000300000000000000010000002E00000003000000000000008F
:206EA000010000002F0000000300000000000000010000003000000003000000000000006B
:206EC000010000003400000008000000000000000100000003000000040000000B00000062
:206EE0000100000004000000040000000B0000000100000022000000030000000000000058
:206F000001000000230000000300000000000000010000001A00000004000000000000002B
:206F2000010000001C000000040000000000000001000000280000000600000004000000FD
:206F400001000000080000000400000000000000010000000200000004000000020000001B
:206F600001000000090000000300000000000000010000000A0000000300000000000000F6
:206F80000100000005000000040000000B00000001000000B86201000000000000000000C0
:206FA0000000000007000000000000000000000000000000010000000000000000000000C9
:206FC0000000000006000000000000000100000000000000010000000000000000000000A9
:206FE00000000000020000000000000001000000010000000100000000000000000000008C
:2070000000000000000000000000000000000000000000000100000000000000000000006F
:20702000000000000D0000000000000002000000010000000100000000000000000000003F
:20704000000000000C00000000000000020000000100000001000000000000000000000020
:20706000000000000B000000000000000500000001000000010000000000000000000000FE
:20708000000000000A000000000000000500000000000000010000000000000000000000E0
:2070A0000100000004000000000000000100000001000000010000000000000001000000C7
:2070C0000100000002000000000000000100000001000000010000000000000000000000AA
:2070E00001000000000000000000000001000000000000000100000000000000000000008D
:2071000001000000110000000000000001000000000000000100000000000000000000005B
:20712000010000000C00000000000000000000000000000001000000000000000000000041
:20714000010000000B00000000000000010000000100000001000000000000000000000020
:20716000010000000900000000000000010000000100000001000000000000000000000002
:207180000100000008000000000000000100000001000000010000000000000000000000E3
:2071A0000200000003000000000000000000000000000000010000000000000000000000C9
:2071C0000200000002000000000000000000000000000000010000000000000000000000AA
:2071E00002000000010000000000000000000000000000000100000000000000000000008B
:2072000002000000000000000000000000000000000000000100000000000000000000006B
:2072200002000000100000000000000000000000000000000100000000000000000000003B
:20724000020000000F0000000000000000000000000000000100000000000000000000001C
:20726000020000000800000000000000010000000000000001000000000000000000000002
:207280000200000007000000000000000200000001000000010000000000000000000000E1
:2072A0000200000006000000000000000200000000000000010000000000000000000000C3
:2072C000030000001000000000000000060000000000000001000000000000000000000094
:2072E000030000000F00000000000000010000000100000001000000000000000100000078
:20730000030000000D00000000000000050000000100000001000000000000000000000056
:20732000030000000B00000000000000050000000100000001000000000000000000000038
:20734000030000000A0000000000000005000000000000000100000000000000000000001A
:20736000030000000200000000000000010000000100000001000000000000000100000004
:207380000400000010000000000000000100000001000000010000000000000001000000D5
:2073A000040000000F000000000000000100000001000000010000000000000000000000B7
:2073C0000400000003000000000000000100000001000000010000000000000001000000A2
:2073E000040000000C0000000000000001000000010000000100000000000000000000007A
:2074000004000000080000000000000002000000010000000100000000000000000000005C
:2074200004000000070000000000000001000000010000000100000000000000000000003E
:20744000040000000100000000000000040000000100000001000000000000000000000021
:20746000040000000000000000000000040000000000000001000000000000000000000003
:2074800027002F0094740100F474010004750100A06F01000100030004000500080009007C
:2074A0000E000F0010001100210023002500260027002A002D002E002F003000440045006B
:2074C00049004A004B004C004D004E0051006000610063006400650066006700680069000B
:2074E0006C006E0071008200860089008B008D008E00000000000000000000000100000009
:20750000000000009000010001000000010101008F000000010000000101010083000100BF
:2075200001000000010101008C000000010000000101010070000000000000000000010046
:207540006F00010001000000010101006D00000001000000000001006B00010001000000DB
:20756000000001008800000001000000000001002400010001000000010101004300000014
:2075800000000000000001004200000000000000000001006A00000000000000000001003C
:2075A0004100000000000000000001004000000000000000000001005000000000000000F8
:2075C000000001004F000000000000000000010048000000000000000101010022000000ED
:2075E00001000000010101002000000000000000010101000700000000000000000001005C
:207600000600000000000000010101008700000001000000010101003100000000000000A5
:20762000010101002C000000000000000000010062000100010000000101010002000000B1
:2076400001000000010101002B0000000100000001010100290000000100000001010100CA
:20766000280000000100000001010100000000000000000000000100470000000100000095
:20768000000001004600000000000000000001000D00010001000000000001000C00000086
:2076A00001000000000001000B00000001000000000001000A0000000000000000000100B0
:2076C000810001000100000000000100800000000000000000000100DC760100270000002B
:2076E000EC760100887701008074010001000000010000000100000001000000010000002D
:20770000010000000100000001000000010000000100000001000000010000000100000061
:20772000010000000100000001000000010000000100000001000000010000000100000041
:20774000010000000100000001000000010000000100000001000000010000000100000021
:20776000010000000100000001000000010000000100000001000000010000000100000001
:207780000100000001000000010000000300000000688909000000000100000003000000E5
:2077A0000001000000000000010000000100000000000000000000000100000000000000C5
:2077C00002000000030000003C00000000000000000000000068890900010000000000006D
:2077E000000000000000000000000000000000000000000000000000000000000000000089
:20780000000000000000000000000000000000000000000001000000010000000000000066
:20782000000000000000000000000000000000000000000000000000000000000000000048
:2078400000000000000000000000000000010000000000000000000081DB000000000000CB
:2078600001010000000000000000000081DB000001000000020100000300000000000000A3
:2078800081DB000002000000030000004E00000002000000000000000D01000095E20000B2
:2078A000A03B00200B01000000366E0101000000000000000000000000000000C4780100DE
:2078C000CC78010000000000DC78010000000000F4780100D8780100AC780100000000002B
:2078E00000000001000000000000000000E2040000000000000000000000000100000000A0
:20790000000000000019000000000000DC2E0020004002400050024000800340009003407A
:20792000004002400050024000800340009003400000000000000000020000040000000295
:207940000400000004000200000600000002000006000000020000060400000200040600F7
:20796000040000000000000000000000000000000000000000000000000000000001000002
:207980000004000000000000000000000000000000000000000000000000000000000000E3
:2079A00000000000000000000000000000000000000000000001000000000000C47A010087
:2079C00001000000CC7A0100140000006C7B0100010000007C38002006000000AC38002084
:2079E00006000000DC38002006000000000000000C390020020000000000000000000000E0
:207A00000100000000000000C85C01000000000001000000103900200200000000000000D4
:207A2000000000000100000000000000D05C010000000000020000001439002002000000A7
:207A400000000000000000000100000000000000D85C01000000000003000000183900207C
:207A60000200000000000000000000000100000000000000E05C01000000000004000000C2
:207A80001C3900200100000000000000000000000100000000000000E85C0100000000002A
:207AA00005000000203900200200000000000000000000000100000000000000EC5C0100FC
:207AC000000000000B0000001B00000003000000140100000200000014110000040000003D
:207AE000140300000300000014030000040000001405000003000000140500000400000018
:207B00001404000003000000140400000400000014070000030000001407000006000000EF
:207B20001480000004000000140100000500000014800000030000001402000004000000E2
:207B40001402000001000000141000000200000014100000050000001406000001000000A4
:207B6000141100000600000014060000130000000000000000F00F4040F00F4080F00F4030
:207B8000C0F00F4000F10F4000000000040000000100000005000000020000000600000094
:207BA00005000000010000000600000007000000070000000000000009000000080000009A
:207BC0000A000000020000000B000000090000000C0000000A0000000D0000000B00000057
:207BE0000F0000000C000000550000000E000000FF00000003000000000000000000000005
:207C000001000000010000000200000002000000040000000400000005000000050000004C
:207C2000060000000600000007000000070000000800000008000000090000000900000008
:207C40000A0000000A0000000B0000000B0000000C0000000C0000000D0000000D000000C8
:207C60000E0000000E0000000F0000000F00000010000000100000000000000000000000AA
:207C80000100000001000000020000000200000004000000040000000500000005000000CC
:207CA000060000000600000007000000070000000800000008000000090000000900000088
:207CC0000A0000000A0000000B0000000B0000000C0000000C0000000D0000000D00000048
:207CE0000E0000000E0000000F0000000F0000001000000010000000A07E0100010000000A
:207D0000A47E010005000000B87E010006000000D07E010006000000D07E01000600000054
:207D2000D07E010006000000D07E010006000000E87E010006000000E87E010006000000BF
:207D4000007F010006000000007F010006000000187F010004000000187F010004000000DF
:207D6000187F010004000000187F010004000000187F010004000000187F01000400000093
:207D8000187F010004000000187F010004000000287F010006000000287F0100060000004F
:207DA000287F010006000000287F010006000000287F010006000000287F0100060000000B
:207DC000407F010006000000407F010006000000407F010006000000407F0100060000008B
:207DE000587F010006000000587F010006000000707F010006000000707F010006000000DB
:207E00000000000000000000887F010005000000887F0100050000009C7F0100010000002B
:207E2000A07F010001000000A47F010001000000A87F010001000000AC7F010005000000A2
:207E40000000000000000000C07F010001000000C47F010001000000C87F0100050000004F
:207E6000C87F010005000000C87F010005000000C87F010005000000C87F010005000000CE
:207E8000DC7F010001000000E07F010001000000E47F010001000000E87F01000100000056
:207EA0000000000000000000010000000200000003000000040000000000000001000000B7
:207EC00002000000030000000400000005000000000000000100000002000000030000008E
:207EE00004000000050000000000000001000000020000000300000004000000050000006A
:207F000000000000010000000200000003000000040000000500000000000000030000004F
:207F2000040000000500000000000000010000000200000003000000040000000500000029
:207F4000000000000100000002000000030000000400000005000000000000000100000011
:207F60000200000003000000040000000500000000000000010000000200000003000000ED
:207F80000400000005000000000000000100000002000000030000000400000007000000C7
:207FA00007000000070000000700000000000000030000000400000005000000060000009A
:207FC00008000000080000000000000001000000020000000300000004000000080000007F
:207FE000080000000800000008000000200000000400000000F00F4040F00F4080F00F40C8
:20800000C0F00F4000F10F400090044000A0044000B0044000000540001005400090044007
:2080200000A0044000B00440000005400010054000000100000000010000000200000004C6
:20804000000000080000001000000020000004400000044000A0064000B0064000C006407E
:2080600000000740001007400020074001000000820000000400000008000000000000006C
:20808000010000000001000000020000000400008F07000000A0064000B0064000C0064060
:2080A00000000740001007400020074001000000020000000400000008000000100000009C
:2080C0002000000040000000800000009E0000000001000000020000000400000008000013
:2080E00000100000002000000040000000800000040000007403002030820100308201008F
:208100007403002030820100188401005C050020188401001984010000000020000000009C
:20812000740300000100000060050020C83B00203421437800000301008003000700000081
:208140000000000000E001000020000000E0010000010000030000000000000000800300B6
:20816000008004000080030000800400060000000000000000401E0000E0000000401E00D2
:208180000001000000000000000000000000000000000000000000000000000000000000DE
:2081A0000000000000000000000000000000000000000000000000000000000000000000BF
:2081C00000000000000000000000000000000000000000000000000000000000000000009F
:2081E00000000000000000000000000000000000000000000000000000000000000000007F
:2082000000000000000000000000000000000000000000000000000000000000000000005E
:208220000000000000000000000000008734124300000000CC03002000000000010000003E
:2082400000000000000000000000000000000000000000000000000000000000000000001E
:208260000000000000000000000000000C060020400000000000000000000000000000008C
:2082800000000000000000000B0000001B00000000000000000000000000000000010100B6
:2082A0000000000000000000000000000000000000000000ED0B0000010000003412341239
:2082C00000E00020B7E9744B45FAA620D31C30E96386E9CD5FB993DECA45C9D60894F77D4C
:2082E000B9EEA9D078457694809DF70524D730E2C00F046E605323BD5003BF2CA9BBB45CEB
:20830000C5115A1DCE257D42034F7E1C7A3E1A68E89A00108D1828AC26BD71AE4AC9B9233C
:208320000B9BC1016746A9015E70F1D9BD7F564B976164FFC1D96E93AB4066D5CBF402F537
:20834000FC531151A9805C0716ABCB9825FE02F3897E57917A64CC2C7A71E88333590AA94A
:208360005923CF4A6BE4241AF78CA9045D65B67487194249E36903DDA4C975FEA73C07C1DD
:2083800091675445FE5FCF4572F8BD4795BA81A754505529922F8182719B431CEB2716CAB3
:2083A00087E2BA83A01E85EF75E463882D0B5376B6B3D66819E26C2B674F0A9DDEFE934259
:2083C00043CE87AD0001000131DDD9EC24201A6A825D840218609AAB65B04EFA44A04A9975
:2083E00012F4BAE8E691BB9C55000100010020000000000000000000000000000000000090
:20840000000000000000000000000000000000000000000000000100013A261D365D44699D
:208420009B94AC4CE80D64FC8A4F65E54FC2064C7772B9320F10F57B7A3A734F51FB9DC1B7
:208440006D9644AE417F91E86DAB3E94910905D15F51599BF5FC55EE6993F22EA52D7CC68C
:2084600075344710DE679E75B225FCD561E87F2812109966F2E209A5CCD00981DBFAC9C1E4
:20848000DCF61D3866CC72E87E45076E67665A9AB737E05DB0C9F8E8CC7622129A6B6CFACB
:2084A000C9642EEE82B7F78CFC94C7274A8B7F6D774E9546D4B90CFF910FA4A78B874EB93C
:2084C0006507E2FCDA2F14A85199A5CAB25FD6E979DE22EA09BA2C314223F7095556554636
:2084E000D766A229153CB183A8DC071D49EB4758E66EEE11F5D540C708388300A1E06AE8BA
:208500004809D43CDCE6B76627E656EAB436BB00E5876182401131090AD8AF54172E76E9C6
:20852000E079E2FED6360C99F63EFBF79E48182B9FB0E3079377E53F718AE5CC5E475F8F5C
:20854000C63D3237AC3399643E6C5C0CAD2A481F3B71DC66960D45B164D78D311F330F237F
:2085600023DD2EAE05E6460F27F9E3F389E33124E252B468F0DD39A70C450D4B01FB6CEC2E
:208580001EE23C2D8A55FCE1D86CF773DB7BBD84BCDCD3D549EFAA68905ECEE2ADA6603462
:2085A000E0D3C67AE38AA1237A4DFF534BFBD385F096A2754B497E3D19AA38BECA3CD24122
:2085C0009138335EB78D1E1E3425655C806A5A71A70987109CF59F6ECFB0B4A601C6A95D67
:2085E000579AEBA1AE645C172F7B905623D03C8E08BBEB6DE4FBF343D9F8A864FA4ACFCE3E
:208600005D7F560B7119425992D7E809DB3660253C363755CC616403600A7DBE5CD32BDC9B
:20862000C972DC64A8B4B72B86C1D53C51A3AE7D6A02D190FB31D9F88B6F9C7DD066A5D181
:20864000C4F8E573FB3BA5D433C2BFB92D1F0EE0BBA523E61B73396883AE6B69FD0D25F3F1
:20866000759BD90110B8F39DC0610E4616B2689457A9931FD12D6E9C6F4F54498CCF938CF0
:2086800005E220D6923289CE56272AACB465A4E265968B02C7695FDC78DABEE624B5D7E275
:2086A0009B5522BA27B24FAF1C9B7CB2B03FAA120DF27258A52EF470C6D811096EC5DA3D85
:2086C000607D4775773F2D873B456A22B248626C7947B0E91285159F80D1B478110982E71F
:2086E0007CE1F8CE2BE10BA0DAAD5DC36189B538CE1CAD7DB774AAB2CF4B11FCB689B82742
:20870000160A9B8FEBA0D140225CBE5C660989BD37FAD0DC3C069BF1DAD08F5C054C6544EC
:20872000567E9A7E5E8567B03BD9F3B668D1C844DA6883CD4840D0A4CAE79662A55A6F8725
:2087400065C75B642D97B5384CAC669910E75815DFEE2E1A832C3213C6198ED43FBBC038E6
:208760006B6D480800DFA31F7D5E7DCC065523786F14378997D1A786F7ECDF7B7A783E9F32
:208780008FF6C7347D631AAFF876A219F1230FB5B26307E32937184484EAF21FFF97D30309
:2087A000FAEC42AE4F2D002EE27C3C467A570613CF6206EFE4676E96969B2D88752366AE68
:2087C000D4D6203F1C453FE566F8B31C48FBEFDBEE9A9C776D688FC45586F97D8521DEE653
:2087E000443DC9AF8DB1BD1CA9736E630416B156399132416F426516E833BFC7D79B25F4C6
:2088000072A8A5C6497B641BD675D7E355B136C9D6D12E1790FED7D3782AE52E12982220C1
:20882000879F1C4CF9AB1A2913845563E4D3657FEDE2FABF78A3CC452CF4D57ADF21BDB148
:20884000ABAA96084447C98F882A50AD588426BFA74AFC01D0392EB22D18F573E53DDEF15D
:2088600005527BC3D35958965FEE30875ACC61D02B939EA740C9E463A21EAFE1CDF46D26F7
:20888000BE1E33454DE8AF83BD585EBA92B4FEFBA24447776F59D6A0B48F6A8B3E4E529920
:2088A000FD9726565BFDB6A1CCF1400EA743E68834E65E3B06F4ECB18BF18D3AE1547592CD
:2088C000EB43BCBEA59F5537B4403F4A4282FFBF08004DB9AC9F0EDD4ECF82B65E0DBF5806
:2088E000B0AC5E44D2D6748C9DCEC4380A7732E7471A7BBA0A64246D26AEB0C75C821635C8
:20890000735A72B28AAAFBE9AE21359EA82C684A18BD5005C84A16A93A187F3583B9646F16
:208920005CD462CE7724D2960FC3FB45C3A9872EA46F34648D59CCD9B39457C77CBC8F4FF0
:2089400095A294613F4BE1DBE93C7FF504F478DC13BB8F9D019A2E45B8ABA046EF93801D50
:20896000434C72328A281100641228751217249C8C26C979CD14253572E3C27B834420213C
:20898000915A620B01C1484CA7CF5D8F971A72B6373A4AC099D097F008C7252BE1D956A3B1
:2089A000A555CEB24B206F08DBFA8809380349713D7E7B3A0CD46EBFA3DC3221B15909EAB4
:2089C000A7C51DF0114D6F7D271C10AC9FDC9316C67AC2AECF2A90EA6BAC4F249ACD233F3B
:2089E000C030B78DFB4E2EF0B4BC5D4074AD37EDF9B788E68ADAE7B987BEE5FB443C8BEA4E
:208A000017200451B02D96ACA962D78D5E7C1D3EFFBC36A8E4EA5973209A5D6F58AE2933EC
:208A2000D61C6C04D9F28EF82F97E65A06532D51001132BD8564D0625DC91D487E2CE56110
:208A400022AD576D1DA3FD1B6EE1F27114394F6D233FE6ED164F33CC67D28F4E5DBCA7BEC3
:208A600026592D55254ACD5E8DCB63982F376BDC90CDB8FF3FB46AFA653D1A489E695790FE
:208A800007AB568499EEE509B5DAA198FF5369E4704312BDA79A5C3480932500E838DD20C6
:208AA000F0283AC220982D640D9814392D9731CEEB2A5BEDF709F3C2E05A1A3CE43321B614
:208AC000075A41D7624F8DB6BE8C2442610BABE22809FB58D60A16EBAC1D60C53A610C9AEC
:208AE00074C8D48A081BED49EF3E3A7D42B6C06750685AC6EDA3ADF80D615F6391CA841351
:208B000060FA59A4BA043563C937BCB079A056A78ACFE0FFE4DEA1312AB07FDD9177726A40
:208B2000F3793AEE1F134D4D74FE14A4AED156E8FFC7F5CA62C3D8DE2C9128FDE36FBFE8B3
:208B400054CCDD2DE04F1D4F171BA8218852A973D6D701F00F593B473A8DC2892FBA51D2B9
:208B6000AC7BAC2CA4C18EB0DA17E2EFAF2A359038886C3A94A8B2B47D2BB54A1C61127342
:208B8000220F0DB2146F86BAE67929D5CC61E4864D619E6D99B8266C1CF36908536BE91259
:208BA000DF0F6A86D863EEB363C9E49C87009D9F3CEAFF54C5927DB8406D478B7CE0BDF6F9
:208BC0000A032A7197A5AFE479907D0C870D47212EABF8B6C13DA1E01122B59A3EC9786821
:208BE000CC73B53BF93BAF954E545BED7593CC554A2DEF5A34C1782CB6991CFF412D01B0D9
:208C00004DE873ACA82FD80E0DA0E607F8971383B9F74D09C727ECE3585AE5802E14401612
:208C2000B4EACC8B49891196DCF98622B92304F3A2917B8B2276E44F1EEE76E6AD861DE2D8
:208C40002AFF28A2874F4176E3E9A3055F3E87EC2E84DFA8ECB647B631DC39F8658C805B2E
:208C6000D6B1EFB7078B52F74CF7A57993F184B88557E328CEEFFF61B8AC9480FF2D51CA08
:208C8000E187899374442B5F3CACF446FD43E39DCE92EED26F2AF398DCE7F144227278776D
:208CA00072095EFE7483B4F6DD8EF834443C8CE432BE676F786F0BA3C514B70E7761DDAA5D
:208CC000B2C0D6C0AF4FD50657271A0A11E468D4D862B8C790C42FC99ABB4EA4A60569ABD5
:208CE000C8335AA0CFB076D5D2FFC0920B445DB7E80648A26033475384641ECE566302C1DA
:208D0000DDEB506779AE7FAC759C5492DB6354D38C327FC88FC33B89AA988F562F85913669
:208D2000196E22DD5752D8D368883CD328493672EA6FC501C67CF3B335DE0903DB72FF507F
:208D4000A34636CA11A36A92D44BE21D9BFFE9DA2A448214AD6758194CBFF49CFF32325820
:208D6000A4FAF6F64FA91B31E16BAC38DC8C5753753A1ECAEB8B500318C2B8EA46CE14954A
:208D80004313C929B86DD4F7B67204EB92F86627F3D801EB29F1C4B8C06FBDB5554D8C5100
:208DA000A918162AF4F67E2E7CE851FF654C009CCBA6943F0E9F9D816D4E6BC4D7B781D241
:208DC000FD9147C2AC4DFF1C5A53FA3DFF8F0CFC262C3D8D439FC1A647E82BE17214DD6209
:208DE0006807C3B988784109793D696A05C9728D2BF3659F6FF91A6F75C463D2CE6D87475E
:208E00001201F2D72F812A3F002D055122021A980382753B3BB38F23206A7D6094C967C93B
:208E200022073CE34A6FA40518AC36B9FC43EC64D561D32A4FD7070C6F63DF536C316532A2
:208E4000C1A109A7804B96A2E94164693B93D03BCA19E933526C6C708B36F373FDAC69C893
:208E60001658C1E97A1CE75F9A74F72A88FBAE630A311E20ED7BA5989B6B1F88F0425BD50E
:208E80004AB3CC72DFEA818454CD57C48B826E25BC31D9B8C70B9ACCC88BCD59ECFB239F15
:208EA000843B920A58BE4B593ED5EDFFEB30F8C908A184C2892433543A1D64AF9AE0A96FA3
:208EC000ED767C788D9F2D2581131FA3500D3497170A8607DACE587718A94C52A2F8D68CBF
:208EE000ADEEF08625950F32440F567764220AD711F4474F6312F17E8AB7EC0AAB4C904062
:208F0000EB2B57FAC9A8D9C6B052FB44CC7663D01EE52F61CBF7E6B1BAD0AE9F5DE2C0D191
:208F2000CFB31A9D20E1732AED6374D2331125CB6467A607BB861F58CD7BF9D862C44F884A
:208F400082109F37D347C6A622CA2BE93FFC3A100E011407DBC684BBEE41367E5FFA23AD88
:208F60002CCA509089E2B88177108651983E88E7423CE12AD2BFFE2243A9CB59FF8A268853
:208F8000F467946FEBBB320515BCEFD1E7DFF998289E7538497973D4F43B2131E77E3E60AE
:208FA0000371D29EA0D91D782456CD33D4E8746AEAB138F9E7FDCD1A2A7FA0CEC2DD557F8A
:208FC000817074E351455F23CB67883D0660E0A7ADFD93355552F23C0DFEB0F836B0522BF0
:208FE00095EAE107A605E24E337688B8264F27959C09ECB33A80CC82C43FBA76EBFE1DADE3
:20900000676981D246238C41840B346BDBBE307CDC5DAC3C3F90413378CA24118BCF9E4D64
:209020002074BC0BDAA64743E5AEF620CEB3E3A698813C980C893B9950285891BB2CBD526B
:20904000E894FA7C0997FA9D7EE8359DA739285AF6FE028F4873A1FA75E0BCBE251B6206FB
:20906000E64FA3EB7CFD8D9878405AAB0D55E7DF1E5A68E89B565B9F0E7ABA5F71A775AF1A
:2090800043301F21DBE0E77AFB3FCB12A811087E3920D56DAF3B50D0447FB93E47D5DE96BC
:2090A00026BCD6E6CD49F28B2E6BF19A2174737F6FD5B1E429296AD53F7621214DAF8503EF
:2090C000B87D3101FA3E95153A4F340B2086112AE7036316B42990F526E759D12E3C523DA9
:2090E00021FA963C0BCAB85E4770FD2C4C50C8C6CA3155CBF642AA79215ACB1690842E8EEC
:2091000088BB6E5DA8F243AF7C58B2C64ED9819D3FE8EECB977CA1A95A58DEB71C90FF3CB9
:209120001549222D78C01F50018EBDA1CD2A25F56FAF96DD40DF5BCDF668FA7E7967AF9010
:20914000F22B1874243B3289FF9A848572499A17820EB5CB9974C12D201387314F1124D2F2
:2091600044E9BAFA536B65A29E05713AE540CA4B9F8DB35B4942BB11FEE0ED994897484A5B
:20918000360C6F86AE59A1E20555EA87CD179BD9EEB5F956F95132C0B857957E0A00014050
:2091A000ED1B9EE2DD0CCC935D155936D3D4F708980DED8350AA0C837700E5A83D5439FBD1
:2091C000949EB1D4878CCFFBCDCA250D9E81C521C51EF8ACF75433A2636446DE8A9CD7C4DA
:2091E000511D0F2554E293627EFEB6D5D725ED6C9C6E839795578D65A30A21EA99DFC3E36E
:209200004C21209DEE15FF129738745525C956314687F40DD3BC0413607ADC921125E5A08C
:20922000AF314C03FA2DFA524101C7573174EAB8EBF1B4D6598A7FF6C13DE19F9A76254232
:209240009FD6FB2123336E69A4E017A1A22E9048B1322CBACEC9E554EFDA96D8DEDB6B1365
:20926000469795BD0E2E42A0E75DCCFD21FF302BC3D4C381DA82207611D96507825B9F5921
:20928000CCFC82A066265E3F33004E3156F0B3A7475FE0F226BC17A450C3B5F231FFA95D64
:2092A000598D2A92D124AA8EAF520505E808FF056659EDD75A7FB226D41FED6291CE716733
:2092C00013D3F65AF72E0ED484DA5A438050FD8D474C51F61ED3D943C475771F4AD0DFBF8E
:2092E00025554CC2824F725BD920B3B1C5CE958613BF741718C17444484EBAF1050DDCAC74
:20930000B59B9590178CBE69D7AD7919608CB03AF13BBE04F3506B718A301EA06A8E4E77E0
:20932000EC2E3A8D60EFDA47A5081541F89234EF0A4797845589A612AFA60BF3205A1F69D5
:20934000F195A181057FAE3D6DB9EDF136E60BEE856B675EE7720E6FE235E9B4D07935C858
:20936000ED583434AE44229254496BF3C2921B7F8B2F965B501689D0496720A921F47ADC63
:2093800007005A6D02471F90843FF60E439E4EE9441C8C43387A007C0CC3189BBCD2D4EFF8
:2093A00068147AF6A98F8B7D2523F50961108A76D7B9B1DE49A85CBC54D13A51481B2D471B
:2093C000371CFE954C2450A25E7ED2ADC5F2B96C6D8E6EF329A783D8491AEC956ED76C2DC5
:2093E0009DA14D13930F544758D7F4C2174BC2142D24294C807F5F181225972DD60F79E9F7
:20940000C22ACF37255781B43BB6C310FE248DB640024BAFF739D7C3D87AA4E227CB3CC3B1
:20942000CD3FECCBAB04BD302EA3A75E2384029ACDB13DE535DBD223C2A2797C09119D03FC
:20944000E6680C95CC1FF204592708752E730907FDB766B6E3703A7EF92480C326EB84F0CE
:20946000372E975F31AF0779E5C94E1EC6FA8A47F89E2DE9A9FDF61DA488207F2360D9D327
:20948000E518F5EF81BCE4D5FA12E11F931F6DA0E5EDFC482E8CEE48EC57C077AB7884F40F
:2094A0001BAF8E0D654F7160BF892A403FEC9A5BEC2D3A991B240A47F918CA74643C6D9B7D
:2094C000FF79CB83856E96645DB68F4B6F69F9BF37E54EA517CE3261F253A53EF6B37C1078
:2094E000B900121888243B27FC217906CD9D7316EB9DA234CB914EDFFF91B99D0AE69A9AFB
:2095000072CCCC93177648F2C253513B0190EEA633DE9D0EDF7546094A586E5948DBAD8306
:20952000526362BDD96EA50DDAD37DB0B34A53B9352EA7FAFA820227F8332C39579C9E11A0
:20954000804F3A5E77133AC06A29672E8AD48B95191828C1C4C16A8134A75B06E031568DC0
:209560002518BE3E986DEF539BDE757C2E357D820821882BE739675F243E63888AA0BC3F6B
:2095800068445524E585AD0D94791164487510CA2AD3300008F2DF08F07FAC87FEF3B76EA3
:2095A000725D66D905625A387E82A2AC809D2EB4A6B58608D2F5BCC5C1F29ECBE332316361
:2095C0006AEB5B26A10CE01A8081901D7DB3BE87A44FF30BEA49E4DEBF20A21BE2631167AC
:2095E00079749BD1618C25FBC3FF427FE8C2A78C4E2AE0D0FBF6419B11901E41A3903FC07E
:20960000C7828EA2ECE913256E84229A68CFD30BCACDB320AB05B943E0CA7C03CDC0A2B6DD
:209620007B9C9C63EB2B91DFAA969735A6E4294B40C0D6C3A27D36205357222A08FC2493C5
:20964000BE4B2DDA055B86709FBF091A49089196D98CAF8189669F7893BE7A7EFE4BAC9D35
:20966000B715A9D0E380DC217486E00FFA44F332BCB8A82208C9DC94C787EAC654B5231E32
:209680008F85780E2DA27A3A527385DD619F376813CC276DC6ADD4BC183BDCCCB5426F5CB4
:2096A0006D2002598AC94803600F5E4C252146800351962B6C1A7138AE61B756C7FB79A0C4
:2096C0007A70B07CA2FE2EC3C7E1D423EFD206C2B6CE5C24A1189A4FB081E32D32E7293161
:2096E000DDFCE83D1E4814C4AE72502C66BB607654CBE1200EB0374A4624C8199F0E685983
:20970000BF4C1366A6B0E24C3E48382D33E33CE304D08DE75BE931719AD1CEE1B6791C5E30
:2097200048E99ABDE13D80A49EEDF5EFFD528352EF66C8402FCC6E0CD1105D4F1E2F2E8969
:209740009F5AE30B78F7D614F8E9F03A6D111B0B3D14FAF5325FD7631669DD298038872229
:20976000ED27581712E6CDE371C290D52B27EE5615638BCC0DAC54BE8F65B638839D0D7176
:2097800059D960AB58134B5B33023C8ADE9CE37B9FDAE38E68BBCE64648B5044D065AABD4A
:2097A0000CF7628DF28539C266305E1F2E79E1C105016A03EA922B9EBE6313150E984550AD
:2097C0002E09C8868744806131D55D5DC5C5D2726C6089F23C3B55B4C5766872E63FC67093
:2097E000E697F95EBF590680BD78A10C48889DD4FE80A62406BE32EEA04BB5240061146609
:209800005C2A5DDD44CBB56732A192F462CA2A30E3E82B62EF21AC93786B63F40306197A01
:20982000B9495CCBBBA2745DB7D998DCB99461CD43207E729F6EAAED745CDBA79836BCF38C
:20984000257D5EEFCFE72AAB74A61B8EF5ED2AF545B1091CBFAD1342BDA8840866FAE51B9D
:20986000C74DCB1226A1C19A929383D0BFDE6DEE1122322AF7E4D1DB7AD6C5DE16597C3839
:20988000C8410BFC68D820703925386BBF6E1201D0FB6362EE1DCB00D46F08F04F5C6A935E
:2098A0004FE186753E942F7590E6A2279CA50176AAC5038E4D5FE9F9F3FAB407BA0A95740D
:2098C00085B6A54550DED6F3C05D29CBFE8B2295C6067A74BBB3130DFEFF31EBFE6BE62249
:2098E0009247CE3345BDFD30F01236218F295DA54D492FDDE11F31851D07E664C48745E70F
:209900009D1C6A09C53A8C75498E2FEFF4869BF066138C9066AE2BA97A993D3AB4679B095B
:20992000CEBEE28D7A5C6B0AF3587EFED8AAC2BC3AEEF857F465E9C13A3D9D347512CED132
:209940004EB49C88092B833715F88916E19EBC52F161DBF8304E5415887B6E1CB090C88792
:20996000458602C11DAFBA44D8F7BAFEB7696FFAB2F59E3CC47052ED8ADC19B80CEA6F737C
:20998000DBBD7B025CF1F97863DC78800313C5FCA530A7EB58D3CC9068E704D13227ADDDF1
:2099A00036E06E116EF8291DDF2F2A626DA5A59FF39D5FCD9380AB474B25982EC94F690CF2
:2099C000817745B7FCCC307973793A6D9C26F62CC4C12EA91E7ED55A5B1C3D997A6B8B497E
:2099E000E20B67BCAE76F8D448400F69399EA2EB3F267D49A0D53411BF565CD8ED81FADC91
:209A000081233CE82BFD6778850F111EEB1690248D53B273C28EAFB3A05B5BB4C99CA00D2C
:209A200087472C031C6967AC536BA8545B94A81FD5D037F02CB02D8A25B1A4F5B7C1642453
:209A40001CFF9FD428C3DFB7DADE3CD23123D22340267288854398DC77E29D635EFA2E6805
:209A600067D4FD24F812B6E241EF356114C8F67AF6DCCD027650D7F2BD76B0C5674EE62241
:209A8000914DAEBB335ED675B127FBC9AC8DFC6A1E7AAE28A6DDD21420F344E579C6759A07
:209AA000C1F31A6182AF26B8510CF6D2A279CC3CE1887FC0BEF5718AC8E3C0893D68C11858
:209AC000204CAADE8D0E8EF24A288F439E944F38668FA793659D9C9BDCCD8E7A5A3EB3E432
:209AE000D6E2C4F9FB82F66DC3032CE647E76BA5D6178E6944DF3B90843A15807950334595
:209B00000A3DD27B7514466FE5233781467909CD58A69C0A02C236B1EAB1BD6242A42A8580
:209B2000E5E33A2DA2CB6641D71216DD425312F615C6393D484E754633BAEEEA5C447EEAFA
:209B40008E5E66D42BAF3F2BC25833C2E47B6C6934FECDCBBE8CE0978ADD10DE703819BDFA
:209B60002D36BC3BB7C8B774CE7BF4F8D4FB016EDED6C07D0B8360EC15A38B072586E14588
:209B8000ECF1A629EF1FB7662205C346B9DBB74C3BD77A19D83CDB8CFC93C82D2438C0CC9B
:209BA000F1198A657ABB2847E77E07753C21784D72886467CCBD3AC068362D1815569D983A
:209BC0006435D2B802A4F060446C274D04D72BB7AC72E431901066D08112238F9EE65FF268
:209BE0006ECEE5EA2CE3F9F962598D96BA04B8D3101B633DCB3D46046EB1135C6AF2F02219
:209C0000376B2BC3A27F295A69CCA01805B106E9C70D4A54264AC1A3589B63451F81377056
:209C2000E6940C0B0C806ACA804EC89B8EE5FF41F8D0FF3E4941C1F766567D13669C1C241A
:209C4000A3D2F08911EFA393CF666DE6FCA88A22CCEAECC3DB292D46C16CC78EE64A87856E
:209C600098AB3F065AD3BCFB7F9CF7C2F8028FD66BE577AB850BECD99065AB7D489360DC4A
:209C8000EAA9614A8F349C4BB878CFF72AFCF7A3FC490ABDEEEEE8F8FCC78FA9337F8F71B1
:209CA000C454BF1D571A2DCAA1835B4D399DA8D2A79C0CC2BEDA08EB2D1CDDDB5017FD8C9F
:209CC0004C33BF475A8E56C26344048CCEEE8BAA9668E5839FD834F94AEBFCD94762907515
:209CE000AACECA8F4197FF792543327B90F58875EE34FCC537EE546B7BBD546BBF68317323
:209D000007AD49BEB43E103810094EE328BC8879DA89BB532E275189EA194D5B6032C9D0A9
:209D20008B59A29C5A8A72474C1DBE8C3D4B710080EE89F42D88119BBC874F70D3C73ED2C0
:209D40005D593FF1DC830BEE0007EC3E78A82D5008EBCE6FDC1B7DE91C8FC271C0307AC260
:209D6000A6358685E131C47555503EC181DDA2B19B08F38DE2E77DBB30BA0E27CE7363E88E
:209D80008D76E120129D8623727F1EDCFFF2BA6D61CE5E16E8F4FA58208F9B5AA69AE38B41
:209DA0003BA3B78917CE37427F1CF3599AED5BCB81C478D2954BDA091597D2D1F0ACE1F481
:209DC000D7446F8997CCC018A6B025FEFBD86F122373A98892F307163758195653B2446C4C
:209DE0008AE173E83BA00AEE0DC21C94CABADD8B71615A0286F467C7AD5CD9AF77B3F6399F
:209E00007C032A6EAA51FC0BDCDA3FE2AE9C8D7E9018F1061A57E463A02B7BA505B7DEA37E
:209E2000D431FCE28CE77DB93C80F8B250856732AB20D85DF6236534374B6500A5C7E4F4E5
:209E4000BBF4510E8B6B773E553DAFCA587D53F1E8FF75CFC160D1809B460188FEE9F072D5
:209E600058D391B84DE4D1E34E98CAF36D8D39016F3F322323161290F3A4B605B927EA6751
:209E8000D45624A97A5A73F04F1AB2F537BB01AB69677623C64E0FAC68EBEB3E7D89BA1959
:209EA000560573A9BBD545AD8249CF9860119337FE00A8954F10B01C22A50AFCF31649D1E6
:209EC0000769E480B85E2E610DB089A48D97D7ED559132426962DD2748597A07C3D67DD600
:209EE0000E09E0F518FC195618D449E06854B61597A27BF2BA4E7E160290A32794D13F72A3
:209F0000946DD0D183B8EBD2CC3F7515995016F6EBBCEB6CEADB7B317AD1ED240E1078EBD1
:209F2000C11E1ADCA3998D1E5078770BC893E1D97A66EA7AA211BCC0D5A4C0C5DA9A0E8A89
:209F4000BCA328DE1DA7E782CD07B58A9C26FD066C28E0E28AF92A0B3E9184D3A077EB97CA
:209F6000AE84609F9CEAE1456B75995ABD1054C5E88A356D499AAB5ADB21A11707B0F55A95
:209F8000BE4A2CE6C66B64B151488942D459CC5E161551E388FD28F4D4DB7F56B84C161AEE
:209FA000157CF37D4331560CA80BEF0C890A4F181F509D0CEE288A225248865B5B533521C9
:209FC000DAA21C2ABC44A19F9743327E8329C43D2BC37FB02425B72C7DEE1FED97CE39B535
:209FE000364511B6D9AD2BB2477ABA616BC1121361F76096D1FC995A7C57B0D314C40C1F28
:20A0000051EC39E94173DE8DE037EF7CE8D723E3EA73A9879EB317F3780BA3D67B3D95A7A3
:20A02000521FFC8A9D9EA07789033999A375DEF4EEBFC04B3254184198905EBE7441BC94AF
:20A040006266C26394375BBA6A65007E43A22B9094640FAA37E6868A05704B53A6D969303D
:20A06000A84AF33ACF44F69CACE5ACF47167F2FD04E9FC6C52724817E633D05CBA0C84C15C
:20A080004D52F7D8F5D05966770BA5C3D5CB1B8467D6F1582DFF4630645F57A357E3F59001
:20A0A00078073705AFE06C5FF26053B316D68F6DE5B455377095681DA77E47EE2664A4E52F
:20A0C00052EF1988A57E17D1466B1F8CDD903400A50A90D1C33C9625D6170806CF997A08E7
:20A0E0000394062B7EB142029AB46F15D102F385D0600AEECCFDB89119B302B3F98A5D402D
:20A10000B27E67B4E382D53B17C4AC179B33B5438D3F2A5636DFB6A99AD99DBC4C3E36D6F9
:20A120008733A2EC7BF7B8C4E5223F5BE22B6083052D5AD0A7EB78B57E1141EB72BDEE1253
:20A14000AB3D219BEF1BD3E52B568EA64FF3DD8D5FB40226C728E6FDF0E45606100F6B3C35
:20A1600046244A89E6F30EE612E903C38A9215A9C45C881E409EE9C916D844D6D13D979C9B
:20A180007F6E877D0989520EC16205783A10EF1F5CAC5581B7556760187773235A4D597A94
:20A1A0007FA53F4100E485A76049FB8F077652364E2CD116D756490B1F494BB5564A981D14
:20A1C0006E50D99B720C91F719274FCE9BCB2837C36464A745A8781253D535536B393ECE1C
:20A1E00073F8BF54070A5C47128368FE9B17586AE2DD77FAAC53DBBDDBA397C7412432D5AF
:20A20000B624583468E5D0DE73E5AEE7B262CA17D41E70D9B2605953DF3BDAD781125C7ACE
:20A22000605C0C023DA5D40665D5895086B56686C0AFB90AFFD6DC1E8926674CD30CA40573
:20A24000992943882D534F0510DC6102BF1714FFCF19B8553CBD4B64FFEBA5EDDE19F2BDA6
:20A260008811658CE1F52B249B819EC60691BCC929E3D784111D8D6E6912FB844B412EEB64
:20A28000569EDAD701964FAB2E4DA862032A462DF5957D5D25FF8C84F023D3D7C18C40D7AA
:20A2A0002A580B31343BA3E2F3C7E89E5DEA9A735CB811AA216A2FEEBCA794B0E90310C975
:20A2C0002DC65E6122EE0F100F77C444BCD9A0E385D3FD31AC675EF3F426A5D56BAD8709D1
:20A2E00087703C3174B67B7FADE5A51ACA0041C4986EA8BB6FFD01DCC026700EEE938BDEB6
:20A300005FDE0E67D29CCF75F39AF4EA2C666360BF117A0F123401F149315C251ABB059221
:20A32000DD993ACCE3A6F33B091D177A8D13EFFD2045DBF73C14447AB7CED1E0992FDE6B1B
:20A340002B282A2850DECF1918F678929310CEE4E391333995A6B3BF3286370910F7FCB29B
:20A360006E134443C04C4C5648AE7DFCE664E65D317EEA9EC6F13608E1DFF7662A1949AEA8
:20A38000D1E3F2E4DCF7503CC0CC907F2F1721AF329368EE77FDB69CEC6377C08D9FACA93B
:20A3A000791F9BD54CE7C411A9D818E2163266240D5816F14FD319C47C9A20DEE1900CE95B
:20A3C000914FA6DCB724911E2A5A7DEE42BC9C02EB555A6EF77A49C8B90B5A8ACFF553B706
:20A3E0003FFB7DC2C6B79DAB6CDB266B5CBDAD92F3139D2F17FA2CF0CA3E8E8AFED5685B3A
:20A40000ABAC874E20A7D20097E37D210B3E801C4E1948FA565CAC83D7BB22A71838331DF5
:20A42000FFE92C4A6DFC1764D2F8E9D7F845FDE823EFC1985CA7B0CB0A0B80A9C2279C453D
:20A44000603BD47C57BE532145A4D257CBDD0C3D9B1E72D1D2E31F0E89B50E58A6A88B1A10
:20A46000F829E7AE84F6707D196EA0672B0B9565DE2DC16C6019E3957C41367C6CC6E8E56A
:20A48000EF3BCDA69CAC55C176DEBCD0C0D980A613A41833AD50E3A80C375FDCBC869BEE4F
:20A4A0006DF9EF2D48E6EA34837D8C59334EB549620CDEEC6290078F6020F0413CF28C7DC2
:20A4C00099ECB30A30AE172069D279CC2C721D95F4EB7B6026E13791A28453739711A4DABA
:20A4E0009B9B8207FB0BC4CB4F66ECF0524E9ED4F1CC5757A24C5BF7F7E9EF3A73EBC94D3D
:20A500009C8EC5EA5106D97E5EBF4B8C4EE9214C8134DA997ED85B0A89D92C5E7989E41D4A
:20A52000C44EE27CDCA53E81BE67FF69C74C8F47CAAD6CED618E1F0F80DB72A650F2DE93E2
:20A540003A62438541F2DC1C96E6714F667DCE0BF7BE751CF3749051047829DBA02E9DF704
:20A5600027524ECD2BF599970EC20805D386C8E02EF05DEFDD9594173B36B9C513460B91AE
:20A58000B2A76D1B40B55E3950852B55B56E631097C98C2BC7F614A850A08B2C4F410FA8E5
:20A5A00004E80738283A144C81B64405B53E89E25CD36A9B58A1F94D693B05D8FC279085A4
:20A5C000449D83ED8C8CA116CCDEBADE7AFD219DA2966006399D294EAF919091C3017871EB
:20A5E0009B4F4B0014B4EFE05784F5A8ADB3138A9499D43312F28EF34929951E4CD6AEB2BA
:20A600003185C63967B9E4F14A305D2BF56947F157642FEB8AA90F845F8B7A483EAE1A901B
:20A620002DC75C622EA36A93CE6B5A2EFB26A41A167FDAF649C893481B40A9D74191A45503
:20A64000B79D7541107A680C0BBB547B66F2144CF7733B1CF85A0488A3CF8893FF88344777
:20A66000F99079A0B647C5A528ABB3D8DFD57FD022C6BC253F64498C1FC081431D9AB2B073
:20A680001827D045C7126BA64DC0DF0E0ED8CBEFC003C4D8C5F04A9CB89CFAB146D006D6F7
:20A6A0003FEBE3F8ECE14157A48440E59A02E1EEF9AFBAFE3305EF0095E95DA32030180209
:20A6C00094621883CDBE2FFF527E3E242C5CA918F454085F30AC20FFE03211E253C5D07BA3
:20A6E0003F16D8AD11B01DE8823642956BEC0BB4DA7915C365ECC5E2BEFC7E368894178BC6
:20A70000698F8C3D61C0F3585A35B2FE00BCF009D2A749F279CDC6F259D10C6667A7D37871
:20A720003A539AFC64F499980202F82892D43E6005650CB315570B74D938233C9705EE8BAC
:20A74000D9EC6CB2C356F8F0A3257ADBCA3ADF019B3BC6D0E1937CB366BA2B7EC1B64E0C6B
:20A760006FE2682625EEF6A76527A2DE50F8B934BBB1DF0F848802F626DE8CF58CC3DD43B7
:20A7800023BBF82233C27C076F8FD7FBCB16B6418D50BF39A73E8384442CAE69A13381778D
:20A7A0001E01836C95DD7356EAE580F8E39ABD6F3A9FCF16F1BEE8A6E62CFAA2A70E24F2EC
:20A7C000873B71CDF244C1DDFDB2079E418EB508EA27756D0B0F1AA43567D667475CADFAD7
:20A7E00087F2290DF20150E4D17CD3B58DF98852C46E1A079C3900C65864AB81292604D84D
:20A8000046AD15F43E1A06B38DCE4C056EE41D96F1FE27AD4D45815477ABE2B9F47411D446
:20A82000EBF49C4A7E9ACD915A2DDA558D565C1B995F0225C63A8795BCC5E1D5504CBC35CE
:20A840009F4F26D659868CC86023E56F92572D2BE2171537AE20F9D24D39129DE7B8ED45DF
:20A8600089471B6178E82B9EC637D51924EF780CF7B0C7ADAE00BE53528FDCDB5EBF8C4A7C
:20A88000D263E4B383C7915CB5F2121CEB272507FEB27F4E6DE1C060F450A6556069818DA1
:20A8A000A12CE794212CA84954DA044091061C6420A3A7E194CBE6415A03DAD493BFB45651
:20A8C0001F298DCCFA1E57AFCC79144CBB95466B840DA62FCAC6183DAE30DF209FC80DED8A
:20A8E00073E23E22B7A586D44457A80A13DB89645377E400B8DB3E9D155F1D012D8D75994F
:20A90000C7DF636000C91D01E5FA2A4041E0CE96B46AC91B051141AAB919FC3FE514D2A39B
:20A9200040A9624C7C93057ED7EC00B7EDACFE4AD06DBD4A5A7107A9C2E5E4A16E670E5372
:20A9400008C7A5AFD40A249341B59437BE48FFC8CE0828535F0179E5584C3DF1718E0FF1D1
:20A9600047C19250B03763884BDB4C885CBBBB58D7C372FFBBCB7FA5A1D56FF5958FBFC5C0
:20A98000242093F9B620AAA41FE89271700D18421327031617D70230C808E2768374041735
:20A9A000C86A0F7091CFE231E264CDBBA24600CDA9BB43601A2BE8CFF36DFE3BE245C82E37
:20A9C0005B2A6E7EE74CF175BFD5642E996F5A42C2079BA56DD11BCA4B8D2C0E5B08F253BD
:20A9E00004E517EB619DC1B9DCC5C192FE900EE9859471ACB7D18169F7EFD2B596C76ACED1
:20AA0000EB25747FA6CC394461BB4BAF78AF030A1BE92E3EA13104F41F1B5AF93A8918E771
:20AA20003971EC025FE1406077406A4DB0D623EDAB8F3B23D3FB8BB2ED9A2AA2EF57E4E694
:20AA40001652E73B33E2C05346DB86334D0C55DA5E0CFE23F437FDEC87F3AC785F38B61246
:20AA6000A94FCDF3CBD9A066F514072AF85A81185CEAE105ACEB44EA15AE4643303476B484
:20AA80001BF007F2CECDC8E1AC7356FA59C68FF0CCB04B93A52147F4C05462CA0A530C1449
:20AAA00093BDFB00E5C71F0C9581D96B175B68AAD6E7A49384E0EE52AF6C67D6969E607A98
:20AAC0003A3F12E5B8CE8F2ED5C5F944DB1EF28EA41653CEF431214B0C7EBD2F7B1C5A2E72
:20AAE00038FDB468EEEA009197C71E4F4C1916E35BC5C20C9B1AC828FC12CC9D62D5E377D8
:20AB0000B47F4A532F23587B0110B1521353BDF3267D581521A6CB32A9B1FBE8F3D2E19FC0
:20AB2000D64E3A6C258280353B271816D7D4CD042BC47DB02FDA12AE3BE2B4D7D51A3EEC3D
:20AB4000C8F1EE7C760E60076E94BD6341A5305F922599A76DC086E7DA2E5F33B1B5E0A738
:20AB6000AFF0CC4ACAD0E038C2E00601F9CDCC4C842514C0825F0D24AC1C62C42EACB117C8
:20AB8000B6D43EA0CACEE9125E925DB7A6548B12294E57C417BF90ACDC342652F5069786DB
:20ABA0000224AB441D1261DB6B32294EF04353FBA827C87AD3E9F8C890FE13A5ADCB7C3A7F
:20ABC000BE687BFF6CA432DC1049D28F81A10E4D2938D0AC5FE42BC0F1039284FF04477CA5
:20ABE000102915995F8A425D765EC03FFE76A351D60AD82062B813DC26CA09B993B8E09459
:20AC000020EDE3DA9DCE7BA6C4F95A2912CAFA4FD524469F856E976457DBE10A10EF2FCA98
:20AC2000173F4C8ACF78C3FE23A20A1463A6FB8F4E0E83F1700D9E9FAEBF83401FB11B665F
:20AC40001DA4B8709C8E04AFBBE238C799118E586A51F8DECA9D12D650FD552367078EAFB2
:20AC600059A68F55AD1A25FFB3404A0B5D149BF450740C2E3B27DA51681DC17A91F870EE8C
:20AC8000F4CC3A01A9230E373445A9A857B60AA92AFF26A86DB1DE581CA82E0F448DA76CEE
:20ACA000169E1F3C39B2A79E6577BD662EFFC3C01D7BB01605460633942504A829CD1C6EDF
:20ACC000E5A5A7CE05CED87E6F61EE0D8AF7AE80536F113EAEEB3A29F91CAA0EE7C0B73F5B
:20ACE0008C683A7EB47F891D7988A56415A7B433F463B1E80EAA628373158A09276E61265E
:20AD000031704115EFCDA2C5AC7648347416BB1F27DFF8DECD8A668A29990B6091E0006AEC
:20AD2000FD43225C5DC10BBC30B24145524CAC8E156C4EE794942E83442F95DDCC1D7D5402
:20AD4000176B4718A762AC4A2CC4F65F555270C6E6911BCA0BCEA2B9EB609046812DC12CA5
:20AD6000A770161474B96DB9C835D14A252FED10C1D7C750D942AB7347B364645719B33ACF
:20AD8000D7D8F9176DCC374F2E8B38CD6BEB0DB3CEC5BA41A6F82FF880B07AFFF7E83AC587
:20ADA000CD2D57E83AA5F056835195B2CF8FB7F937E35C651CF61791BDDF38DF08A24017C3
:20ADC000B1F69850824C8214F20C4FBFF822D32821B91683E1464C8626C907CB3350AC768D
:20ADE000ACBC2317EDC7D3D2A046CEBD8FAC4889B6D04E659DF0B51FE5F5508C20F8662BE2
:20AE0000E60662052520CDD7B8867A733B3600641EAF6DD1F9FA39A41FEB79EA76A5557DC1
:20AE2000865CBCE1CF5F576D6055BBABA5C6E20181DEDC909C6EC25CFF34ECADDE5C63B626
:20AE4000B4469975968A58DAC03AF92B7567D6A706E6026A30533790AA570F9DFF27771D18
:20AE60009A4D61871FABBA6702BD9CBC521EC49FD54E46265AB27F884BDC4C82820D79F996
:20AE80005DF87DE015C9645C4B660C26E4F59432179E128EC492848C084C0A230E1752939A
:20AEA00028D053481EED3E01C6BEB131D4F32EA5F45FCD6816FB2DE4092EB0494C4BE83329
:20AEC000215C4C87E21E309D984CF4A5CA207B439318DE7DF7F662D7770AA8BCE3B3242045
:20AEE0007024D0640B64227AEC983B496D8561531D51AF9510890BAE7A6959447C57EEA4E8
:20AF00003EB048A83EC7FCDEE82BEFE66629C91CB992A77809BF11B239D12BA9BF3D2F0515
:20AF2000B3891A1B2550A612B48C79445C159CE790642EED899D5A28DDCD86B2536FCD8CCE
:20AF4000F636B0856806085E79433F2BF84FC0FCCA4EACBD382DCF5B8DE2D229E1F5B28110
:20AF6000303F71AEAFF20B095FD9AB63E2E11FA38ED989B0C0765892729A77D410D5C42CD7
:20AF8000882DC45EA11A955D8DD524B3C1D2A024048B2E8EC680DE14B47CDD7B8919EDD42F
:20AFA0002786135CE6888FA02CBF11E53E2B2AC655EF011FF554472A7A106DE8F4C914C30D
:20AFC00034D5C5712744E21B6320DCBF00F3A7D3A98A6B2BF2F97D1CECDF8DE2F8EB213F75
:20AFE000D89F42650C5474165B7FEC0AB032FE9127E6D579687766323470A6303D89FB916A
:20B000003B6EF1003CC22FD93B64A98DF5F11749F88AA5D2FDD7ECB4774B219B6CAA8C01E7
:20B0200084C93C096096FAAB2C577B127837DA4243FE45FE5920F6E9E0F964EB2D57BBD6EF
:20B04000DC398A4A1FD6BCD656E1CA5FE00C2FC631CB1BC5255A6B1A9401D9E82797705A81
:20B060006A454489228C5FA0E089FE3ED678FE1BEA7891EF098D358FBEEBE759037293D39B
:20B080005775D08F10BFCA52F3D87F7402842F8A958D0D43ACC23B908440F50868F00D8A42
:20B0A000CA5197249278E533B655B6CC0B37AA5B5B92F98AB70165650E876DBBFF1AC4C771
:20B0C000EC62010F50BE988D5288090D9A9A57D66310BC8CD1509B558548B63B70F7A1D22A
:20B0E000E42F771AF199CBA6EEF9E1FE56B31E43D68FBE11A3B9C5A9110C3850628F8CF26F
:20B10000DB405F0B1E1166C8B331A769E88CE8E9DB9567E1D543CBAAD9595BC17DEB6E703B
:20B12000F91E22AB7E2F5139C9B7C114F72D9B119BAC1FC30EF6959D06BA87586A122D9494
:20B14000655029C2BAFA7541571399C72C9C21033D5B4E81F6DB0CCDBFB424DBD10CB3A676
:20B16000485EDB18797BB82A85CE954C2FE36007EA2B5CE136F916812DD19A1359E2E6EEE1
:20B18000C9D19F7464B8033A7D6F1F6AA70A4265CAA2B1AC76599C00789851C8AB9BB0B4D5
:20B1A0001130DFA022BB3FBB647E9EE83C17AE64044AB5A95D018793C791B2C26F3FF83F56
:20B1C000470302625C8C52F365837A8F97148B4DC1ABD1A294FBBD82424523C84CD7A6D860
:20B1E00094D37083BA31262BA5071A276008C368284B6B5DC34F2815133B0DA4EA6AA1C7F4
:20B20000202690CBE3B4A1AA4F92E8783EFC3DFD62B4EDA49103AF945FFBD91CF200D35410
:20B220001287CC01801CADBA89AA4B49DAF7E154966EBD3DA6213946510EEDF90CA123C7B8
:20B24000937B8BEF387231A17BD9AB63DC0197B5EDFF45F0ABB0B0740EFBB302DF567967EC
:20B26000CA8C365BB4BD14A84FA6718FEB2247678FF1EB8748B9FB66C14A91011426BD7DA5
:20B28000E041330E9C0540172A990393AF63D9B3A3CC19C8244302649084F1BC521AD751EB
:20B2A000FC22EBD097539C36363BCA37D2CB35E15116367DE856ADB6A3303AFD4239B02BB9
:20B2C00047B8C6684DAE104C9B132E45F9634439C359AA6C3BFAE4A323D6D48A8C8B2E5313
:20B2E000E98A2DA0671E84A381AA9883CE32EC021E1CDC5EC6388F7438FF272BD7183A10F7
:20B300000921863E8DABE0810F866EBBF94016868DE8361A3117967209329BAACBE9BDAC61
:20B32000CF033A0B665E0C2F6D3119B32295AB0B36441F6A23A0E1E2BFF798CE11059D6D5B
:20B3400064BAB2CF9B3EF1F5C4330234F03A91DA41B8FF1444DA580F81D6865E5174C49CDC
:20B36000F0CE5552D353751A3C1290050B36B23BD7CC3FE13DCDE4407858CD23323F1880E8
:20B380009AC58A5BB7A681E8FC582AF01C91F47520094599B6816BBCCC04D5E55D6D836380
:20B3A0008B29BBB4EF3EFEA52D8C3ABBCB5341D243F67A0456FFD6CCA462066B7A06EC8B9F
:20B3C000EB814F232224D29AF637272FBF858098681C46E9C64E0EB828FBC97F30133A4148
:20B3E000E156AE71F85EE70F80E05914A12F9910B9011212AE76FAC8825684E7279A57CD79
:20B40000952F40661BF6234CF20F3832185773825B2F4445B4808144D7FCA16C08A62A7738
:20B4200030946CC930F37098754D2C50CD07F836792E464B83738D73527386D67B3C9B8780
:20B44000DA0D9D64E25EB53D31209D3867460F7339847EECC157059E18459DED2766924451
:20B46000BA2338FDD63EDA814D13F3B08F1DA083C3BB56EF1734D00D54F94C79B52BF7F8AD
:20B48000F95DA65DB79BC6ADF2AB9681ED9294AC405B341E2C13D8082C18FD41CC94B2E992
:20B4A000BE444F4C2B7E63084772EE7328B0D137D8EA823FA9FB04D7C829170E15A7AC5F02
:20B4C000325E9B91DAEE98DC75EF644DE97C406CB2F2A71B35F53CC151B402A8386ECBA4FD
:20B4E0007D36F3F66EF34D6FA3AA5ED9D700C992F7FA0B7A7908680FEF4225D7DCF1F8FF7E
:20B50000C651BD418C956A0BFA2C45DD9B4355F2CE8B16241C3C710AC95AEA63A9371CB78A
:20B520003539623BDEDDD8F6A2FC8222DC4DCAD5602C30E0C7993DF70884B81349481D1523
:20B54000F4754BAC0CD27D78C2A27B7043271281D565C1772228B521D348F8B0612CE56144
:20B56000288DDF5CBE7C42DB82A79A8E78D8133F54BE31B2D4F0C1CF532F10029CEB5AE3F0
:20B58000FC0985129BE40F650B9246462268B75605C0E85786F94A48B0C069D19F8E66E228
:20B5A0009672A7984B11CD6085EBE65EE9E0E41011F24F2EDF4C36D511846BE5151DF0A8E5
:20B5C0001E50ACB4770B6212183BE49F774784B3A0DCCC0188F06FBE9E017E06A49EDF7B2F
:20B5E000BD29FC2FC7DBB8C4EA08A7D171A57E88D907C89628EDDB4B81C10BFBF41B1DA405
:20B600009A87FFD0E288B6BD26DD97BC8202BAD7E5FAACB6684C64C4DF4C788DAE9B916A61
:20B62000DFF11D61711A4347F23F1C27506720E8EC3DDE29F014F170E3282F847A27231746
:20B64000B1F0BEA81B9A49A876B89EDC83DB98021559C8B7674D6998B2DF96A8FFC6BBF2BA
:20B660003A0B4A6F890FAF29DCCF85A1C4670A6E88D5D0287600B68477F917C0E6804142B3
:20B68000A2CA297C62815D12490D393FBB125E756E396043C434BF7C58FC1996D65D9D5039
:20B6A00011B5C3974FF93AABE7F8227E0FE47C5DEF0EDFD1FAF16CC87D7204F07866B86449
:20B6C000AE55808AF87D303BDE1AA92568E54C6E32DBB59ABF3FA5AF0FE23F9774A278C5E8
:20B6E000A131C91C0418260C56FB34FE701EB7F260284966BC27527A36D53453711AC6BD05
:20B7000013D104141CCF056476212DCFCC96A32FA07E05FD98B05B7219D24AEB17D48B92B5
:20B720002CBE9B3BE7ACB38C6616FA612755FA6E1B635027FCE3A8DCE161E92910DAAD8DEC
:20B74000137FF4590EB619CC4F62057C2764A2F7F86292AB90C62203B50A79D3013416F6AD
:20B76000F19C793638F51F6B598BB4E774CA851260003452FB64AF2EBE5662B295E8AC15FA
:20B78000ED9E90990E72AEB3AB1B716CB78F89077BC79CE4E6C238A424CC0D8E72005931CE
:20B7A000300CA34B3734ACEA6E9AA3D198BC981D703E3329F8EAA6AE0EF5E02F408303942D
:20B7C000E16E19155C430359C98EB1DFBE58999E68ED61E8DAE3DF94A457445CA87A94841A
:20B7E000294D5ABD25A89948E581055ED26B73D08A5D8FEB33B5CD9E107CA2DF51ECF34A8A
:20B80000302FCE0B396A58FFE9FA06167BFE10FCFF1523F8AC69571477EC607EE5E1082E86
:20B820001D9FDDC9419126C5FE821CCF62175769EE9D87D8ED05643D042DE8020962BB7710
:20B840001822EFBDE426EDE44CA0AF502FC13061807E21539D94DE62DCC9A0326775F46F22
:20B860004B426CB0CB3094A2FADC27628901832ADD3F5B30641BACCB2A48F2D8A7259B5CBC
:20B88000DC86BC6B9EB7034831BEEDCD18E1380D2C689C39ECA4B6C0143045BA71779887DF
:20B8A000F37647B304C4221D18CF67598568385296824B34DA36E489C20B00A26B75D33892
:20B8C000B99B7553A55DD96BD896FECD789E69414214D2EAD9DA1E6D5D608D56402635B7CB
:20B8E000557CAF112A8D1078989B1AF3988CB42258A698238F974CB50DB8539E9692A44B91
:20B90000F0A25BB73B59AF8E816724918E39013C02C005A6A47556AAF99ABA4416C2093DDC
:20B92000B293E30B7FCB9EF3BB81827001AE39D866EB813DC17C24914A8E2A0E67BD4DD5B4
:20B94000C2D9ADD69FEAC5EF6D719E589AF1423EACAE74AE8EB59EB5271C0BC6318B565B1A
:20B9600049FC23DF42BE0CCCBFC0DF11010C06B6FD9246C2B227AD5DB9CDC5321E350E1701
:20B980006E82ABF011505CD0DAF5AC62DD066C88811E5F41D6DA37D02828C01BD4C25C5177
:20B9A0005AF5AFCFB4A79B45E6986F14D7E85BFB5FDA28F3A1D725579BB66548FB3A275077
:20B9C00034DC9645D2CBB3710A328FEF96B9BD58C04E07A0BC25603A3AFD1A833CA6595D01
:20B9E00025C0C81A13C58A9D6F4A74BBC38179E7CB03650FCECCCFC12E8748923F0DD9C015
:20BA00005528AD16219C0A103D688640054977F0A980AB0980D559349FDC583EAB778FC1AD
:20BA2000EB9CAD01A1581A149B142D4605189FBB814D3F567A47E8DAB482B04F28EC63A8D7
:20BA400010A430A23E02A1EFB1D7D1946AF6D9907CF38BBE632A63FC9603BA8D60753DBC88
:20BA6000EBC99EC29EA189EAA838DAF3DDEB0DB6C2F9F509E387B1E26DE7DDC0F8190546C5
:20BA8000A5925F29693DB94DA8C0B02B060023767AE7E7FEA465BCD460B480AF9BE1A38E8A
:20BAA0006588DB9F48DF1960D8F5BB048C3C0318CC46C8664BCC6B1A97F40D23EFD3FFDCDC
:20BAC00054317AECE28D916B6161634618A895E4E19C000983C4A6FB3B2EEBE49CFA0278B6
:20BAE0009A18A5D7E15109B56B8C11B8514AC221E174F7AFF25655C074EB82BA4B5B92A916
:20BB00005EC2C22AEA3369871DFD2B23E02C7019F4531420408961B269B23A6DA40098B901
:20BB2000C8B93BABA83A99299F3C1B4F6C56881240C3C1231666B016430B7BC44EF0FDEE7A
:20BB400001847623C06E81E31AD147049ECEF355F04B66821CF32B37297EAD88F233A7917E
:20BB600031ABDD59DDD70AFDB645190A1E9E972A2A746903F93ABA5C4494388137D280E907
:20BB80007FB6D617A57E1ABE9A1EF72893CE5ED816C4336F554346CCBCD48477C6D46F4020
:20BBA000142ECB23C06A9A6FEFE74B28A5642FA9DEC52C8DDA14B5D0B8C7F93246415BDCC1
:20BBC000189B2346D7A37358DC257CD0FD6AF1E3A7FFBC272EB7F1B060F3007960212E06EC
:20BBE000B283464892328BC18A62F2E943E78ECF9CF94C03F934E0B4DDE2FF16BC7DCF069D
:20BC00000A709CF1981ECCF22025153A1FE4EDB5E23B42EBE4916C24571C60CF015C2624D8
:20BC200049E98D09926F1D32C7F74D8D3768F6DDA44D08A496D87C47F527896DD7C71BA8A1
:20BC400097778157272E65CBA75F02A8367B918E08B804F9B811F766E08DE4B8E8C596D9F1
:20BC60001BA0E0A400628E03E7E59C54C225A6123603A0B1F242C7C940D6D777D95E7F01CE
:20BC8000FEEF12B8C4137F23B0118359836F1DAF57B64393EB75D3B83C88CC74559ABE6634
:20BCA00067E97F5B1C492072296C1F7F2360DEAE935954694CB1037BFC2D2A7502823B5026
:20BCC0007F188F55B00D593A7B7DD98E4701D25711753DF9BCFF3F59A94C5943881DDF099C
:20BCE0006E03AB6D276612C1CDCC174D9958DFF1FA91650CE4666F9C6B6EC1A6907490D8A0
:20BD00005B32396D2A5D335148E24285C170EEC6753634696CEE7B8A691ACA65C28D37042C
:20BD20006E2EA31B60F9A4301346C3FE674EE81CABEB12DAFB9F4B6CCCD8DC4AC572BDD642
:20BD4000D17E4F3F72424DA65880008032FCB33CC43867253982C889BB305F1B422B0896E6
:20BD6000A9AAA7A3074017FD3C1963D3CA81396EE7A59B13D09ED82B5FABBBA1E0BE028C11
:20BD8000213B110EC8FCE87BE99853BED8E560F93CBB166C65FB6498E0D058A4483592FFCA
:20BDA0005EB8F7475C7DAA6A8785380B04301227EC0141F8A3A2551965289EEC21979F3906
:20BDC0008BA9C0176DCB43103D697980F56B363E1F00827E2F9A91F6163AF64014ED1380D1
:20BDE000CE96D446A0EF9DB634CB80E6549EB487FC3E42C8B4EB02771C8EC669C93ED51D23
:20BE00004F089B9C9FF09EA39433B404C8CF744AAC45EA9CD89E8FE49FAC7730E792CD5800
:20BE200037877DE112D6302184297DA4FA085DCF579DE0C343BA1F84C61D725B17F2E37866
:20BE4000AE99E2DCA0AA3A762C36438C9150595D23CC8E059E479CA0BA681EB20064FFC75C
:20BE6000DBC83256F273A3EBB5E16E8536B0503D3B5C5A29914EED80A315E2FF4BF3098BD7
:20BE8000E79BD517B03955C847B36657912E28B8C5D5AEF9C3D5FA6CA8AC28089FA4E90DDC
:20BEA000FA9A33E781043755093394CA49D5CA14EABDF13BDDE7ABACF1B65796A581879569
:20BEC0003A4EB48E0DDD31DA24E95EA607AA1E99D19E8BB88689E887A7BBD6710491CB6A87
:20BEE000D23EC1D3FDCB2B9EC05D2DB272B70C91A3FFE43867C59947F2410F6165DC9ED629
:20BF0000E8F3C07FF9D70DEA03186AB733037D428769648328A2A632F9D2692E706BE61F54
:20BF2000A5F31B5AA808BF0618A17B7DF19657F5A66373607029F791E5F54C9FCC458D8E0D
:20BF400030C8382CB3662A3A2580CACC557984F327757998E76074ABDD33207E2272796B4F
:20BF6000B2F981BDC1F934CE533EBD6C07B3EA813327DEF3365106CA0A124E9119FB94FE1A
:20BF8000520F5CD57BCAC609C962BE24AE4C73EAF2020A3905049334941C3CA15AE7C48E70
:20BFA0003991333B89E0C934B07434BEF24D06748B8D6532FB7F0432A2D953758C3EF36550
:20BFC0008E076DB8924323972FFC87007DBD8A69275058A6C1CC420C5CD0FBD7580908C9B9
:20BFE0007AFA72143EFCBE7A6F831EB3F4A4E90FEDD4495CFFF3340AEB899D8D664FEB03AB
:20C0000025F1AA17371280259790639F020A0AAF06A0A11D5CFAC174778C9F605D18845B28
:20C02000B6747D88228D53DFD0ACBD8B4DF8D590993DC9B180EBD39127626B18E66CBB1832
:20C04000550B5331AA761EF2425E94407D7532FCCF3127E014CD51AA2492677DA8547884C3
:20C060002C3F94D875D4C9A4142E51873B8A0939D0062572C0A9220796A4FD564CD7A3E5DB
:20C080006097A8462BAF3B3E6FA45A262F3E4290C3432A2E2B8630F0A420946D79FE248483
:20C0A0001C9CF743750F5E077A4918E50099C549D0719DDDFE6C62AD768F9388D8D0E3A9B6
:20C0C00086D4EA97FBFD19495EA4F38E56A37AAC2117E847E064A085357964701055C89C6E
:20C0E000C6C9E7096480544A423E54E7DB654A01DBBD72347A74D2C209646EEDCA95BCA4B2
:20C100000503576258A1F7544F9DA1BA35E61B8F29ECA36C74A7E0AA19DA19C7AE99A50A7C
:20C120006B09A36A8167EBADAC4B44CD0C2ED79F312AE3B67502B3868E62CDC563686D17D1
:20C140001F6231E984DA169D83D0A3E8094664791B029ADC258F319D8F85F2B0920AFA10B8
:20C160004A996BA70C02616EF9B228D5D335AC6510F930A42D55433945C9F050E288364023
:20C180001333B86BBFE8B466387B395B130395AB38990DD7355CD2A0D8B9306DFCE907EE18
:20C1A000A3BA7FFF4593F8CF68B2404171B90992BA699A3DE4ADC41B6FDA18CF8735576197
:20C1C00021B62A29470B13EFB0E0A450945EEF63BEF13D9DE34F03F232B6113D2C740DE2A4
:20C1E000B6AD20B26D59EF0F398CCD5025FA2E676EBA5FC0D94A756D4AD4848193AF11B935
:20C200008A29C9625E8473762B3E2309CB96B0E3F04B696F6FA704D4DFBCD76163EE4B2E4E
:20C22000C4B18D00C394866EAD7F0E422F385C226C2CC1704D6D976E18F774A64537A389F7
:20C240008DCED4564392123DE7D5F6C5F9EB1A6B0BE6D18B1AA415841E0CC118E094011128
:20C260000C06062A8785FE2C02CB4358D0B4D205F400008A7F54685E1983287EDD0C4D0FE5
:20C280006AE48B453675328326E65DC45C9D6C395102B5332386774430E50FA1E3A76FCB2D
:20C2A000CEEDCB6FF96A958A7AB0ACD046ADD14F47755A50AF422A7E8BB8E04A9B6E4F8DFD
:20C2C00061AB2F6F786D118927B0994636ECE78F00E056A7CA8E69535387023FAC68D59D55
:20C2E0004AA51D0F5A858DC7546E8AECD3639740A4CB11011D741C0DB0D7DD49C09EEA4239
:20C30000B263FE1548BBF28D2A73E88CC619CAAC5ABEF3254FFB2BF2C932D92F7C1674C6A7
:20C32000C16E3B4AE9162623D1461CECB61666194B4264DD092B7E4BC71F5EBB8ADA5C6F9E
:20C340009E4D3A76E69E12D1706F8CD54C6354D09FDECCEFF30DFE5FD127D4B392F28B861F
:20C3600072886561E65B9EDF3077A20E30077D197D1B9324B4A8917810D0A3E03B64E8522B
:20C3800064A823D29256B39438E5C561090AC83B0D802144F50520DCACA5330A2E3A5A1DBF
:20C3A0009D34DB9392963739B1415C9480751C807995DE175D2A94D4CC2BEDF8137CCB2DDE
:20C3C00045B4F76A8D231416C214D1703C4F632EE6E233649521D3A898EC3774913022CC88
:20C3E00083B0DE202B06307394E48BBDE6A0848E7EF086F544F2C7A0396F7A4450604740BD
:20C400007FB1F87D154675984E3CF243257167E86946409013A35604D73C1F31F91321D17B
:20C42000623EAD48F3EBC9CC19A16EC9A2C9F484CF6CCAFEAA3E6A1B99DC8C0334529AC9C3
:20C4400054E0654B6CFE16591D9D671904B013A9D7EB8A07B0CAEA2EA8D62B82A824996E92
:20C460007C1E884C2985438581B745F9F42EACA1A94AEA72CE50BE852CB26376FE91070AEC
:20C4800003807E14D28B38996E7870321A4CA7B26E115109ABD7CE684CF99BA6DDA1CAE3D0
:20C4A000108EAF6B0E15DDDC0B66518C1D11EC254EC92792F067021F30323DDBEE5DCB4142
:20C4C000CCD18418852D1A98810B4ECEA686634270F9D3D6440842F101E5B0DDD9CCF26E3D
:20C4E0005FD063E5E0DAD713F7EFD0C25CB1F550FD29BF9D50C37628E79A5C7445F628B1BF
:20C50000F013B598C725FC979698402EE89C88991CE152AFBB9F860A09DAA968DAE45351CD
:20C52000A723E3FAE114716A859004DBF14F0563F6AAF4D32EA55AE0902CFF80419D5C9768
:20C54000AD8753D3D7B21ED4ED5F869120D055F7B30B0DD351DCDAF1A319C68522292CCB88
:20C560002AC76FEB5004EB1FF68B2C171D295E9D7A8D0575CB4CEF876B2866402491AA3532
:20C58000456C9E09F514C191C79E60378F620A9C73B6458245FD7FE810E14776F0DCBD1C69
:20C5A00027FD47F76EE98674892089B71E81403EC71133C166F8735DB9CCD1F22E124FCA27
:20C5C000F802D47B628B240E63970E607390E8C99E2338FCD744B42E8E726D7B853C478570
:20C5E000DF04AC5E7A0381A87E8D59FA3696E9861F76BDF93FE929A3B85A81D89D618C9645
:20C60000048A37675D5887890289D14D0F9C2DBD7391288147F0B9045F0C77D21F890845A1
:20C62000901CDD60B3921CFB1614DE20A4A99BB6C1FCE25C97604E98AA11B531B3BCA2D98C
:20C64000AB42060F26BA2A44E2B5E83DA0C51BB832405452D641CFA8C2F0A5BD0003429CFB
:20C660007C851A3E5CD698AD8FF4576AA9F8950CEEE4E52BAC9B237CCF31AD3DAF65D0D4FA
:20C680002C6C81B3FDF14E7E45599470674BF1FB1C70FCAEC377345CF85D377B67EB35CA7C
:20C6A000E280A337B21034FF2B6D051784C517CBE56C03A5C0DCE99065FBAA3DD19C57C68B
:20C6C000C747E991233D32786AB71326A56FF0C4706161D64ED32A5F3F936E4C95801F0F25
:20C6E000034BB98BF77F303029BF2667744F6230E6D77E091363DF13AEADEB705A9F75EF49
:20C70000BD147CEBD6DF1670910EA7A0997056556E54C208B794F0F2D9D28970C80242ACF7
:20C720001E289B7A6A63CC80CA2BFC9ABCD7B57D3162959AE36E4645E989B01688B06C8F2C
:20C740004D117C0058153AA8FB9E8F1D848E65EE56885F863FFAC753055BC82842B1DDE0F0
:20C76000725789454BFD49304DF0C7F1999C50F0064F8895723F5C6656CF396F9D0E7BE738
:20C78000B7802910E922DF5FE7A80BDDA4095CCD693D788F2545EEC4046D6BB342CE30EC0F
:20C7A0004216C32ADA8CE57EF14EC5AA4DDD73CBA6DC973CFF1563B636BDC6BCD9F9E33673
:20C7C0003BA1C15CC74344D5956B5C203B217C34E6B44E63A9B6A5841448B35109987C0E57
:20C7E000CBA78A6C5850E2ACF986380717DD5F4E504B03CECA309A76C795983C7AB1E2BCCD
:20C800001AB2862234BAA94B4527C127881704620D2B1F430B8C2CD4772CDE43D54FFF88C9
:20C820004F491D48048980F9A2D65F4837D953B744DC0B8B14D142E54B96EE2FC277BAB950
:20C8400092F5B7A46FC54E00381C7A31CB2A34971EE42E6E8C07C3F26C5A2EC7E833FB9965
:20C860000D3CBC001E77FDA62E807AABED138F48C3CDEFB31B379943020008D5F08AAA6E00
:20C88000E5A99422B8A77434AC8BC77E459A4C135A1FB8246A68AB203411E31F8185B08123
:20C8A00045C1A7D2E65B9BF1DCC3C9727ACA53400B60F08721A2E1D12A14276F442AF31AD5
:20C8C000530E5EDA509D5A27E4B2E84E35A88C17001AFEA5E8ED239D0D913B8BE1835C810E
:20C8E00037171F019D74991CECE08DDC1D3EDFE05ED44C46655259CE0510893BFF98D3FDD3
:20C900001A64530E76E9401A1DD41EE2DB9335E25017413143D86BAA391A7849466F41D71F
:20C92000247E63CA820237679E16052916AF7466FC6A45302888417AD236707B60128C58F6
:20C940007CECB5FD6AC9664B982EA879779B86B48A55C009BD68C485F7EDD99BF2899EC55A
:20C960004B36B36ED546B61033A5719AA65E511423601A85A983DA15D1C61C6FA7DA5D6942
:20C98000B8E5C4E76C800DFC9601C7534A00BFCEEF14BC6C94DE6C7088499FC0240FB38BB8
:20C9A000EC804F2ED77F5559EACD116D0B8AB72915F80C86288363DF43FECB5514308772B6
:20C9C0000E8FBE0DBD4B746D568EB9B19303206EBD95739B0A79A5AA2A6E08F81D43C06743
:20C9E000479A7849C6ED548103CE26E48773E4E611715A72E5C81C196620BF6FE75248B257
:20CA0000BF2AE5AD9B6CDBDC1914C0D192E2EAD6361627D45F79AE741F9C56831B64069BF6
:20CA20009DC66D00E4D0F3C8BFE9EF3F5A591A89570C4489209245027C6B37FC6182E26A19
:20CA40000AF778094821838B1DD41BF587DF5C469AD91759D11EC80CA614C8A260B3C466CD
:20CA60002D446E917068726E5C5DACBCC27D985427070A0C1A221FDAC51F733DC1FF94D809
:20CA80002F35B76004ADAAB9A40C0A5CB33AB6FC271E8369A2A832B400159F942B6E3A08CE
:20CAA0003752BB3EABF612B41C6A9D9D011E9E86C2A4EC3912B7E9E27F7DB37047099F3E1F
:20CAC0006E24E3F30D4D92A7EDFECE475431393A1F23AC4411582CAB6BDF1999BDD7A9C2F6
:20CAE000FB329546D3B912D93E500321567C6D5F67222B524892E359ECC338D734E041DB5D
:20CB000007043A01A5437A9338E9A5F4AD06233FC12AD12B5F6DF63229B278F2552D50D346
:20CB2000BA233BEA2AF1B21D03501D8801D7442056C20696FDF14D7F4B3441B1C7C5BCF0BE
:20CB40003B16FECA0BCDA3BFC60DD2A5FBF8B64B4E72325DCA27D08779CFFBDD32B16F7BC0
:20CB6000B365ED68F0DF33C1AAA92B1342706308D0C2BD4670166894DC0D0E3E40F74FBB4A
:20CB800049996F8E7F2E4B6AD6AB92997F47319F043B0F1A94C6FBEC9C75E39C97A146FA61
:20CBA0002639EB0263C2D403729B6E015A860A57136490A0E14072D8E08FE0BFDFB63B7E02
:20CBC00071CDCB8D42A3B4D4A80226117A34D57925C5A9A2FC8BB6A0D0E46E6FC13F15912C
:20CBE00053DE76F7C5DAD5259E67249288597A4D61E7C0E690AFAE8C95FBF673E443BE79DD
:20CC0000F4F35408936D1D3E7C52CF4B2BFEE01BF0513F3643B541E4575CDE94F2CA1D7E1B
:20CC20007B94CD88556776666B4B8F060C29F12BFA8B8C58BDA459EF3D908F9A90DD1AEAE3
:20CC40001149493EB2CDC7E793DBCC89D3E594C4A61E1114A784DDF6701E724D68829D0335
:20CC6000DD9B30F353A9F8071B89EE9D2737B1301C913434A95EB441188EEE7422C38E1311
:20CC80000811EA6FDF02F00F2BDE5D0AB02931B5856C5F7E6A39C8185B696AD966A8D56078
:20CCA000B934DF7AFFE19947ED61829817C2FA9C0938F9BC931D00C364365042DA385B3362
:20CCC000198A78DC5B4DDAF6879AC30F040AF52DCF7C6AB4CB124489597D0778297B06D3DD
:20CCE000509D1B5C9A4E9B65211189361E0A0AAF00C0192FBB217CB463C7F743F979BF8AE3
:20CD000085F531C464ECC4DDE44F3DD60EC9226CC38D70F40B51908AA99A886AF33B6F9E6E
:20CD2000E01823DA63303EA4F7DB45B77B4F23AA4169D6CD62AB6954548122B7BEC8FC5885
:20CD40008A9057673C21EF02833D0BA10EA5F7B2A1DFB3806835ED598B012DF0022850002C
:20CD6000ABE537329AC8C041B0FEF55C6FD284CC0C7470D6C6F905E377A411DE696451DE54
:20CD80006A9D2A05232B99A8A5A56DAF45DEB43FAAB2739724FF9A383FF136499983E9390A
:20CDA000F04297A67F54637E8BBADA6439D26D55A220258B294D92A10D7005F93A8DFF5B49
:20CDC000655BE8DE574B040C89C5A441F2B599541D46EE797EEDD76606AAE4B5F58B7A8A15
:20CDE000F07184755316669AC84F320F198F1F8542AD372BCBE74FCF54263C467284440F66
:20CE0000B90BD3331ABF6F6F70DFEE955569E7303ADC6667B741E4241F6C76755880443243
:20CE2000E9B13DE0554E09D5A8FE3F9D4F4AD99D2C5BE5F6EA057DAC8E05F8084F87623AAA
:20CE4000A8EC2A43ABC91B1298338DEDAE3ADD1341B31AA00D3B01B0CA782CC701A286719D
:20CE60001D420225C53A8D6F6906414F1B41DBDCA16B6F2CC8E95A78FB4D797C13D8981D18
:20CE8000713D2D4E4AA8473443FFC1883E68BB3E730B4A64C2196F4C470D46ED3032808720
:20CEA000CB651386E31C30A94DA77663BEB66582E01C150EA4D22874D93FFDE3FEB626F7AF
:20CEC00054411D95389D3216B085C8A74434C1EF0F2537F3151D6D37D76B0526256E73B4C7
:20CEE0003459B142F03334C29322201B77E8B8CF28AE18DBBE0126DF6A1AC67E4E624D0869
:20CF000092353956B4E61FF61F04E48900DC3068553F208E46863BB2B9D2A8B321999E3996
:20CF2000965E1B9A2BBFD9FA7CB57EB786181204BC61B7D357B494F9ED1E138C451B4C904C
:20CF40006A5BC1D3FEC54B16D1BD546DB2A247E9859B457396941AFB2D836FD363F0405590
:20CF600033B491CCD4015D9246A2D0752C84B65FD9763237AD2DB302A28B244E222163D05B
:20CF80001CF2F54C5679F8B505EE58969BC646B0E079E6E44487485473BD9AC62BB49C49B0
:20CFA0004A9C541A2C3702C833285697A76EE122C12CCA4502ABC23AC9A1390225B4D20794
:20CFC000E83A15FFFD436513FBD93141F9866EFFA517442190A007FCCCC06ACCB926EF53FA
:20CFE0001C54A2C371A307DE8388515C3915D48DB3C3BD3F956E01E2A3A193EA8F14DA75F1
:20D000000E73622E3161D271F3BD1EB00F24FD1514B79E68BA1E963477CD1E254E857BB56A
:20D02000E81EBD07E585AC137401000421BAD0DEEF7B4D64A7B7B0396FCA71459E82BA5A76
:20D04000CFDE1B1835157F0E2EDA5F211ADF35326D9834FB0341363AB422F61229127FAE03
:20D06000ED3AE427C71B32A848D3A3D0A09B1457B695B9F577C5107F6D5C1354943DB2F720
:20D080006ABA80FD469EAD2AEA7134D75BF75596F1FA4619AA492650C30132D28A0B3B7EC8
:20D0A0006EE6586258A7D8DC3E3E7AFEF5FAE1374650423045D860F5DE98BA55B185028BF2
:20D0C0002047D21EA53D9B0569C1DE0F13AD9E82DE1D1502EF77A6B5E5A913A5B1B2F066AE
:20D0E000A86457F8D668DEEE9682C6D0601675BFE1EC26575130E0DA01BDA48A339BEB56F3
:20D100002FC550B9933089E0EB0A9B0B813F4E357742DFF7120AF6AA595BD7CCDF46DCA4C1
:20D12000DDF32329839E842190E0C6862130122DC6A9A7AADB0ED06E160B13325CBDAC9916
:20D14000D9753A104FB9B7F9AE8CAD0AE6F0A7EFF9A8E6375442566D5F55C1855308417BFA
:20D160004CD3FB369F8A0AB26D97BA5E7886F7C336C8056724B071F15DC2478D6B2D859264
:20D180005D96D06319176693F488544C80FDE9F1A58F6A02F460074037D90E124D365F2858
:20D1A0003545205E686AB1E36CE7E29AA65A64C070877ED06B5801A316227EDCA02AB683DD
:20D1C000FB6852F0328BD5EBFC3DCE1191A7527ABC38A99832A248622226FFB20D1274ECE6
:20D1E000D888D0E12080B8F3CD107F79EAEC9A65B4295424F046C3C5826CFA5E3CF580AB74
:20D20000F42C01F9D953444207EB5D9A582F24C97DE2E53A4E4A59145F7DD5A6D4DBC20892
:20D2200076DC4DFF060C5F22D153D03B847AD8F042EBC6A3F4B8F496E0DFFA537ECD224B38
:20D2400086201CBD4EB1F3D953D2402615D49E2129CD5D2789977B942E1CCF2DE1D188BB6D
:20D260004E81D6F95A4CE7B0B6EF1521B4465EA35A0F148DB6F0D55670BCBEFBA6F2DCA128
:20D28000F386E37CD1E423EF2233B7F509D600BFFE39529F22CAEC24CF452E87743506456F
:20D2A000A0B8AC0E5C828FDEBE248F6ABB8E6CBD3DD37E23752DA74673418797F4A4EEEF3D
:20D2C0007B9D9776A32D13C5B34C034773768AE53E6602E25922EE03833730F4CD467DE797
:20D2E000ACBF0D7E4DED97EB28337C56D895437E2A7945A474AFA9A528B09366A82399747B
:20D300005CA677EC03CA0399465F635D93F37DD22895AF306EDFC072893317B42D442BE0E7
:20D32000B3D83B896CCD3F17355A1E254B9821276141A850F0B71CB3CF4824A803B01C71DF
:20D34000D8DFC31D31FD33AD1CAC1776A98D18C6FD0598CAA241A3AF21772208D36F527060
:20D36000F4437570F963C8A323DBB41755D948F72369E7672B843EB0A849799D448AB7256C
:20D380002E8ABB496D05E44074715FD2F6849B02FBF6FDEF3488D6FC8B45922FFF0832D702
:20D3A000AF3EFC7234ED70CD34F67F6D3497F82EAE33432A645651DCF3F4D386ABF1AACF23
:20D3C0009EE69FB1F72355928EF07BB1B91946C464A91FE064F5999808DCA569F14E0956CC
:20D3E000240B0ECF5EAD79D7A8E9BD662A126F0C44DEFAD8DB6D9478F18771A1792636B202
:20D400006934B0941095C6E4AA68AC54328A5A4E775C3DDB72C72CC4D77D9DF7EA81192BBB
:20D4200094E9EDC7B6E32300BDF6B042778AEFD225AB4EB1D10A48C3E1449330ED679A0B02
:20D44000CEB32D32F79D7775091A31FAA11916DF745197229F3ECFBE3866B91729E1A198D6
:20D460003E18D89B7CCDAC89B55C97425940B7BF8FD87EF6846BABFD036B797347F6161C31
:20D480000DA256CBED7AA985E9444BE34706BAB89CC86DF42A9AC3C86BD93A0BEEAFE1DD15
:20D4A00062D9108AF1AD56B1CF5BB3A512730713C4A7CBE536D3FF67983A63A8C712EA2483
:20D4C00066446C9F306D9B548C28384F628F87182EFF0091531C4721B1155E12792A1A3880
:20D4E000406BD3D453C260B74B3342ABE163200E035774C0277F8340DFF39211ADFC576302
:20D5000019D6AEEF02B48D2332053A7F35F6BB3F6A388F3A5A039B0A495B676D0B928AEB0D
:20D52000190E63B9E44C0ADE69258694065041F18C29B9C695B077C818D545ED3AF39C19A7
:20D54000679A5CFAA291BF30191B90B2FD7A986D90B25A2E808F00C173E9945BE3277335C9
:20D560002C02FF7AE38C95636A70BFA0C17BAAFB9F5BDA38C2A71C3F8320BC7DAD37F98773
:20D580008FCFB600504372BE83AB7A28FB5B5DE2E1ADA1AD0301B4886F01251B412A1456AE
:20D5A000B988E85691C040888D542B1053239B6C7D2F1754EDA3B1E5601538FF4608AEEC69
:20D5C000D2B5FC424D0BE50AAFF4392170DA4BDF9C6AA4F72697F99E7EE25BF065D9AE8FB3
:20D5E00001DE5C8D2C2A4B8C12120C23FB88558465E4B15C56E576FBF0F2F7B546A6FC8887
:20D600006E8C6FFFD8275855DD360CDE9B35A0A30127A44C26930E44DFCD75179076801FE6
:20D6200042469D5FF609F6AF39E8A11AF9EA168497BBE78F3DABABC072F93BDEEC52229BCF
:20D64000A5954E7731D90CE04EB1339EBDAF9E6E5026E0ED453434B8D200B3D20141CA463C
:20D66000BE00EA0D2E9E813143182A338E8A20AB54F2F92EE3379174266A44BA784B606639
:20D68000B60FD9EA98603FEA41A6EEA114858581CAA69919C1BBAA3C97BD5560F878CC44BF
:20D6A000B44A84D615282D536FE1E7B0F8A7B339DACB277887C867584D83508A2AD1F628CE
:20D6C000E13A51984DFD33B4F6537D27E2F8931AAEE80D11DD66B00F6F439C01B55DC6596B
:20D6E0006566A9FAEAE73954FD8419D079810D6E6B85B2AC699E6DAB2686A18D432525218A
:20D700006756F5C291EE277CADFB217166490A7B3C2B7E13D677867299D3C7F5792FF9C639
:20D720000F939BB9EC1BE5742E40FFD35158708B4760D90DCAFAE3ADF1B2760301852C916F
:20D7400086A405A7A3755C84A7DB19BEE0B729E4B4AF2B61ED2E6CA355AB167D832FA4CA32
:20D76000F41199545E0472F44055D9FABE6D1BCEAC9DDCD8E91B0A9EEE470F2CA6334BB97D
:20D780008163C187C4D1100B2334A64E9182309357B4543A63C9A3E4E30DC9D8139B07A654
:20D7A0005321E40A7DE31F127503E78302FF4E7ADC7BFC4F064120BE5D86AD49726FC2D8B0
:20D7C00095D369A33243855161470661B8EB5FCA637A3ADE778A6A74843821466AB563989E
:20D7E0006D02BA1B8BF72C100C8A6AB05C4E4ACC163A77B161AC674E7FAD8E99A377D22E10
:20D8000003353E392F09FA97A1537B389531F7C81B421C8E6AB00194776D5D08C6BCF7E20A
:20D8200080F45DC7C780D92D462BA1C10C9B4E059A1A8F3E3A9D1F8D93FEF45C7B8DBAFB94
:20D840000CC77F8BFA65B01C23994412689437CDBC4B3A897A7BA982FCEABD5C69F103C3A5
:20D86000CE370C4F71BF66AA6225CCF452249A66A85C8436D25286BBD9B91ED239F0BA8043
:20D88000EFCB6CD9D396E5202857A12F72545F1987D5D40FE92BA08053F181849292C77B6C
:20D8A000960C08F1C9F314C6A0B82B8B6F2B6E2E813F94DA680DDE19921C4D3C1DE012FC17
:20D8C000EC804661FBDDDBE3EFCFD3D0F2B1AFEDBD212B60F60128CDBDC1EAC082E1834B51
:20D8E00019B18FF0105C22C04024FFC5A2EF0B9E640301693C0E66E6FD69C0D8689D03AF13
:20D9000044274C65B178D1A6B940183328EC68889D6D7EBDE23C80AA799B374E771D78725F
:20D920009668E389853AD1DB82AA87E22BB1B0F491E80A238F935F625ADFB7E95868CCDA35
:20D9400036FEBE2435A908A7C4EAB39A5444C92A68FB0D64EB1CE955C7BDA870B386E5309B
:20D960004C7143FE68CD5F54A78903234BAF9D72492FEF489FDE07CDE9BE72AC2F80ADBB86
:20D980000247DCDEC7AFBE29520EE144B7FA12145C0B189753E1A210E7697D65755D0AC5FC
:20D9A0007E0AF08DF9560E6DEE01B4C7402B1257CB17F019AE2EA067EA4731622D25E694FC
:20D9C000E841E6D4A7CA3569A2EBE3728F4C8485BBDBE09659CCEB1A1ADEF76DFEE1287185
:20D9E0006975287979141D659753D80E4C644FE456E04ED5FCC369719EB9354C9098B8A498
:20DA0000292D1D44163BACA8F4C1FA621F7C5DBDC4ADA39F3E1C04B49F5D54C88C527E7536
:20DA20004FF12DFF2747CC7CE2BDB138AE9B95572DCA48BCC7DEA22A4454BDA99A17612C5F
:20DA40000349C0705341642789D06556A4C9DFFCB8C0A3F440112D1CB625D7B761F04C1010
:20DA60006FBE3E6143305CF210817E85A70E23F28D161E0F51BE8CD21C5809BA8AE4246A4B
:20DA8000B8D710989F1C9C25A059648D5F734982D55420D4A1ECA7949F75BD79BCFCD28211
:20DAA000091D9CDD0E0E0B0860DF803676FF3AF4B803100CD9A366AA67055ABDA03F3EA05D
:20DAC00088174BFA380C93E3799B384891BBDC905DAA587FA0EBB15B9B90484EDEB5500C37
:20DAE0005D4D85B5C6211BFD1215F58A5BAD189EEDD15FF59FCD70F1649CEEF41D66F10D9D
:20DB0000B147B3D860528C9F54D620C579DFD7658F008D367E508BB2E9B3B677055B07ED88
:20DB2000AC8E3B29ADA9CC1167651FC19659FF2E6CC04A09E47DEAE7535C079E3F9B7BF200
:20DB400075A98771562DC49B724A5C4658217941AB98FE38795A76D7C9204932732E366503
:20DB60003520FD7702E65C859D0E3D1C67412EE676111189E6F215CC7485E5FC481D1F8E8D
:20DB8000137C07055ADD7D1612382C0A6CC10565F2B1ECC5D34AB00C7B1541C1676F1DB4A3
:20DBA00038430CE106190D97F65090DA0FA7E5054903F5B4E76C30E00758C64C782C1A2043
:20DBC000CB0074D4ADA2F55074DED152F7FDB80FA38C951DCB5F7B9040D5DC64225CFD1B6D
:20DBE000F538A6A6F7811E89B16B573BCDCB65CB27D634C9272B7B644D14ECD00D08AEEB21
:20DC0000DE750C1F8EBD6F8AD87E895C3817D481FE683B81A2D916A4579D5C59E23814D85D
:20DC2000AD3E0D07175ECF9A0FA0D17FE1EBED794FCA100BE46F369785F996C749F2192C27
:20DC40008B1C11253D6D28037E58966A6F4E98FA43851D2F96F8C28600AF00E2E940A42D78
:20DC60009F968042A5F1610B4F2E41E68B49BD4E0220C9B76079A2B9EF4704716B299E2550
:20DC80001234C326FAF262FBA7AA38BBDDE244BBB3237B69E9FCBE787B49093E76B6ED5AB7
:20DCA0000B7E4099E279131BB155E4B10C23158A7F169D0FDA88FE0BCC3E770FB3ED7A15A5
:20DCC000B3FD6063058C5CB292B6AD90C11418038D82966FDA264AB909AEB5ADCAD82D9D21
:20DCE00031388B4B0D36250A7556FC1FA3BC366D06EFCE5292DD8ACC5B1F2DE0627FEE3C1F
:20DD0000AEB72A1B9F7C566980BB37275B23551211E3AD7FA9B5A68AE91B466F23E8A638B1
:20DD20005203A3996668D718DB6FC87090515E38D7E89BC0C8B6863CDC296824B71D3BDAC8
:20DD400044A3608E0701905FAFFA15C2EB4F3A287F8500DB97E912295BD2FBC5C326976A6A
:20DD6000AD1FC7C12D4F698524E288E51424CF2A32434499BD55339B8F9C671BF209A03097
:20DD8000B40042FC7E5B4BD461B187A0B2D8078518A8CFC2E302CFD89F1115EEE9D040734E
:20DDA00082CD3805A22C1C928FEE7CBD6D74C983583E091EB0F9CF29B4B96B0653835E7D8B
:20DDC0003E0E11A542CAC608D522CE02EFFEFC6A1B8D5B74CD411CD6F61BD22AD628E29455
:20DDE000114C34A4063E2F7E5CD4E538DD818A83881C2B8EE1E29C278CBFB3241AC9B301A9
:20DE0000230D0BCA958F413B4B8C2927E2025A16C873E23295E539649F2D74BAC86DBB0C86
:20DE20009BDCFDDF98C5E289CBD30296A48B546B021AE9299151DAD456EE7FB5881DE1FCEB
:20DE4000A23E72AAB6E9FCAE042FD84ECB2360C95F9AA63B7C2E67C0DA893ADC01E00D1BE0
:20DE60005FBDD2F4980276F31D2B131800D3667A0779832FFF85C77052860FF9DCBE27AF5A
:20DE8000FBE08685E51838A03F4C1BBAEBA24EC42142E7CFC15DE42CE76E65D2C0BF18015D
:20DEA0009D2FF42546342AFD911C58FC339800F0D57A3AE16BBEA53CC1C7A33156ECC659EF
:20DEC0006E33859C635C34523C2233A880BD65454DABE32EA4B0F2E7071C33DC464C1AFF08
:20DEE0009673A1B1E39B3EE667E612847C1A630DAE5C4C7E153CB377E2F27C9B37E7FC3AAE
:20DF00003C78B12E6FF630023BF15E5ACDB6E38E2316DC996569D03279D3E638D2C65553D7
:20DF200088C81BD9AE77F2EEE0CA80F01B99CE12D160FB463D403261F546D979BEF00B9290
:20DF4000A3ED497A49256CF27DF9DE0E0FCC0ADFE3C2114F45C7BF4B7DD4BD28A36D083FD4
:20DF6000B56FA1DBE70887563A07E27E5056813D7FC4867A2408603A3A03FA0B2B4632A2A0
:20DF8000E5D48DC331292961407BF307873F1976CEEFC390830BFE74535EF8EBFC827303F2
:20DFA0005CA674F9CE8F3B5CB7DD78705C90BCD1F7CA2E5809D67F42F16A208FBE29B2A9D6
:20DFC000426CBE466742A68FC7B6DB827650519522DE309C5F73CDEC3CB1D8C11A44D7DD3C
:20DFE000BEAFD272A44B5042968C83057E87C00B79B132222CEACEBA5BBA8947B7DAC9E733
:20E00000F8F61A452CB123BD4FEAD8C11B3DF17B21CD9AB319416CF4770D9CEA3FF3720FAE
:20E0200019C9FD87A87C06471855427DF67BCB2C45BAD117CE828DE1B73377725797B99DB9
:20E0400049B0E3FFBFB5E02A19572903B74838680BFE4016F2B51BCA44B384A7A9CF86D849
:20E06000AF3434761A639BAC7C77F51905AD20759B234E782DE0FDF745152A51DDA2C10964
:20E0800074DC59B4618E1E16663E0E8888B1699C1EB16204290D1BB0E3E2D0379B19537807
:20E0A000BF31B8813B3E51B00132DD17E95CFC25BC2EE6838B435D3D46A1E0228A3B226D38
:20E0C000B9BABAA5507C1CC175DDC890D0B6C1589C2441BEFE8BABE595DAC1DA52101730F1
:20E0E0008AFFC7E7494F6793EAC738B9E4C8A07DE71ADB7A28ECEDF2F915DB279CA01A0835
:20E1000059884810CEC01A6C8776965CCE9982DBC4991C82B16E0BAA99DB96D110F4143FFE
:20E120004EDEA3E886D61D957474483F36314DBB5C286C9D4219ED569EB35A9F5513EB1B59
:20E14000938842371A995856DA49B82BC299EB65D74F339283F67C3D2F268F5A140589E537
:20E160004D0E8BC53111B4F6E17B4CE71DD842215C96D92A1B0C9EA975BB9DCAF4D3D4E4A8
:20E18000A7F9E85A744717BFB0946E3DEDF63C371386C62DB3633CE097FAECB79E84B6629B
:20E1A000C7CFC0BD8B426BF7701C85F3DBFCC0EE25A66263F2043F2BBE6BE4E9B92016A51A
:20E1C000D51B7BB71D0A96E74899F9D28EF1B590BA7E169381F68DD21297EE27EEB0DBF625
:20E1E000FA628010D2A882D7619531A2AFDD0563F99748870741101DBA05703BE53AEF9DBA
:20E200005D2E39905423150EE297972BE5C997B00B7862052DEEAE54DF3DD4EB45C939E2D5
:20E2200028060DFE488339D6F4289234D9BC53BE18A9CAD69B0451BEA8C88000B662A10D7E
:20E240008073642459D1D575BFCF8A8732BE21D747B3EAC2F88BE0A43E2DDE42E20F0F65AB
:20E260008FFCA7C82D14D0346A14E7EA99D7E941C01D2890EC8C434EC8F454786ED76B336D
:20E280007D293CB36C54145B1E7F1226B6109345AC6FEE0A210D62046FA64C6C05C39DBFAF
:20E2A00072828CADBF998832029971033070072B3332A3F63C19250E5BCA2DE44DD98E517D
:20E2C0009590FF7ECEEC14013FE96D48B0FF2E3B7CEDAE1DE8B574B3B3E85FA9EE232431D7
:20E2E0000EDAFEED4054A00FFCF76FBFDDC6EEBDB0287947CBEB373DA0884A8391A948A7B9
:20E3000006E8EFC3BDDA14A5624CDD2E60CC30F8F66C6B3B8DC256F249335639DE72E3FA29
:20E32000A5433BC8EF85580B996F205EE01ADD35773FECC3D743B91BD770EB957C86DB731F
:20E3400012724BC47B5D5589C8E8A11706B6DBBC5A2C64A5517448FF71C8715D14ED1A5AA2
:20E3600076FD867F0C6AF1671740C7207AAA14D5C8B83BAAA25FECE840C2505A4DAF86F7AD
:20E38000F86D53C048B515ECAFFEF943E3FE6EC8E96DDA9A720C8B1C6BE6F054D0D5099144
:20E3A000C1491C51D745AA61B8AAA146E9B8D3DCE4D2A73D6B810EE41BBCB91344678A7165
:20E3C000F81948F86222960E59CD26F235E22A5AE26F0B5B33C85E8878CD145E526BF0E00F
:20E3E000C6663F7E9155C33BBBEEF00F6F835B8A0ACD6FBB72E96150A9A067FEA2EB252440
:20E4000053B668AB0BE51730069567653FA44DB485733926D1EA0184D7BD1BBCDBEE1085FE
:20E42000C6942D4679DA7C34614AF3BB4B4CEA207AE9D364F7D5256B29AD995EA57D994D47
:20E440004785F519823DD991F496FCDB3E83191612B8A33D8EB1B54EC8F748ACAA9FA8C216
:20E46000001329EACF15158DE800EA8BBE51C2DD756713793B879875DB238F708F5C252E73
:20E4800016C52F82076A1A716511259473BFCDBECA7E89DFA85EB8288BBAD870FFBCF8D75B
:20E4A000B42370A9D344CF85924F15BE07D4230139866F387D3EFCAF00438A75A0C80A06C8
:20E4C00000B65426DBAC1C10984422D01F99AAEEEC062C4C61304C5161460C471A874102C5
:20E4E000220544C3C6A9E95C9F78B59466144BCC088628E3FD3A9058D64BC8AE1602861547
:20E500004399A6463D441EAFCE7234D0814FEFE5B88ECBC5F967B00A89DB25723C3FC28550
:20E520008BF8E378E784A4524DBA094D1B527C7F22A77DB9FCBC95B09F7D8B5A3348DB9BE9
:20E5400021AC64216D71618D45D89AD3DA23DCE36E58A689AE43259143BA6230A425BB9F09
:20E560002E3D900976133EA7DE54512A66CCF559C52AAEFBB90349F79B1913BA36DC48D9B4
:20E58000D931CEF7AB7323EA3FB795196855B1284FA4FDD8C204EA28CF2204C192776C90EC
:20E5A0004B1288B5B398F99C9189CD6988C4F69A334EFBE7744FEE6D085D9E0C5FFD0D0EAE
:20E5C000AB672509388AA606FB5063E26D23AEF59AB011F274EB3F0E6E53496546771599F7
:20E5E00022B90DBCDF521470A696BE4CC079C082AB53A5BF6DE0C353288B6E92EFEC6B7AC9
:20E60000D88FA79652F72921B9E2466F28CF14898FBE2118053764845F8D735C0164F7F925
:20E62000F4715D5E3981CF635DBD63134E2C92526D79EBC3E4F708E83AE2C28B25E8A15D0D
:20E640009FE796DE3BF9ED7CBAAE7DFFD99822246E0D6D88B32899C8E211C1E7027E51F080
:20E66000007ABBDC01666BB5F73DFCFC721CAC49BA010D311AD2FE6C7EA2DA374131EFF87A
:20E6800040B1322133D030563DF248D2C1BE180778DD3584C0FE1F1C371E7445890663BE01
:20E6A00086156475783F26A7B356C9496D884EA7D02A4C4B4EB4E420350CF6D78307958A0F
:20E6C000FB2DB99F78BC34F082F0E8281F823670EB6EBA4C6BFA35BF9FF4CAB6D63B6EA4AB
:20E6E000C6819A69DC4E4278D1480B397EB3B9ACF134E650C0DAFA439D5E57AA2BAAD453CF
:20E7000011996D994CFE3988C9E79C423323BDA10A013A1EF55B1BF259D3057B2A5DB0E079
:20E7200001FE9BF86FD3FF689254010CE5DA2B995C5F1D80B1858015F8DA3CF07A5BEB93B4
:20E74000C0378D4EEED57D605317A45F3DE1ECDA12D5F73C9C6112F3A5FC64D2C4AC6BB474
:20E7600076CCAA63700C9BB834B9EB03E33FE6AC52EC311B5FF6B7D686C0E5E9AF591A8BBF
:20E780004A4559FE9E8142B75EC140BF7EFC0359442A31E5A24D5804C3AE28FDE469DF6096
:20E7A000652B04E9203B58A6F9B70A5CB6212A28121A60620C6CDEC6854E93D60AE4A17AF5
:20E7C000EF0612EA9D42C6CD2C24B0A335B44360E1412659465D2F64F4298F3BCAD34A22E0
:20E7E0000F5CEBCABE9F7574208F9C59A0C0354ADC29EC94F828352637C685F6CC3DC1A04E
:20E80000EDB7F7502A594CE3FD803549A24AEA2E285918D9C9D3D65477ADDBCDB72AEE3C4D
:20E82000B29E9D4689783261EA7FE33AE15C4954F05914F16168FC35DB67FB8934A2B93ED6
:20E84000869A4872850511380F150EF305FD3A035AB246A469EE8E128C7B4BF2EAAE0AEDE7
:20E8600090325D9EC406D0AE95C91E3DB736A5848EEB18B9896E7433B17135CF8255C99284
:20E88000F9EE4590EE86570CA4247BE09F0E7220B58CF1FA68EF96E073D21FEAA3A0DE75A6
:20E8A000E8566811AC8A8E9A63AD8EA4648D8A1CF71D382DAF79DC61FA257309F69531DE57
:20E8C00086F32EE8A61C5D9FFBECBD51AEBBD3C37B27571B05142EFD6DF298F5223FAB1592
:20E8E000FB4C00DF8343AC65946971AE27A1365C6A32B58C13C974FEF4C2F676D0A3326152
:20E900006EE944BCEB08633254AD138475469B2EEBC4BA48819F96AAB91BF553A8CBAF0CA1
:20E920000753644888716A4F663F099B40B2EB822767CE16F69F7C4AE188FD5651BE0B5C78
:20E94000F011C64BFF89A904F0A7BDBB31EE0CA046A259BF1AD00E25978E764574842C9ADB
:20E960004EABD48DFB5508981B6E95ACEF01E8D06FFDC30C963A358501B7C8E9B826FC0DC6
:20E980004CAAF4D522DF70550E1BFB3523F3665ACA0174C212E5D7B0478A5B0AC6AB62FF3C
:20E9A0000F9590EC1C2EC781F236562075CD6D858035D5AC35DADDEF928F9870451B45B63E
:20E9C000C2F40F9B924AF765EE470E338C96E79BB9224C91A820308A0A4FE5E2DE7E8F7BC5
:20E9E0008B50D9A82C3CE6492BD78B371156BBE29C4E423813BFB6C9D651AB2939DD2796D9
:20EA0000922F56DB910B7E74D06D34F3AB15D1A35243206A1CC059F41F1D530DFD3FF54F7A
:20EA2000001CEEFE6ABFA5300692733103DC112502894CEF6E2A00520C3C4356D3ADE1EE9F
:20EA4000FD9C09D75E6145C3F5CDAFB7C1B263B2D5A6308FAF05932CC635E5CC622ED3BA50
:20EA6000B0390F3016F74576C4A6514E8CA0AF90F32432128859F9CA7490A03753CAB3FC8C
:20EA8000427A68CF398C8D919CA5BFBE0CADDD08838BBC3FA02F1C743FD6DB5E4D8969FD52
:20EAA000DBE77C7C7025055CA45362CFEAE1D562AE6135DFA08EE3724F8E000AF974DD02A3
:20EAC000A109B30163CC951F0537A249CE447FE69B3005BA2F7F360BCB407603FE92F8567C
:20EAE000BF677625B9882521E6DAE8F35FDFC3DC737F9398F609FD89DB75A51106ECA040DC
:20EB00005B8A2BAF1B629DAB70C29A9646B98A8B5DD749419C342032A9B3F5FCB688BE07CB
:20EB20009EF83C683060E505CA7922FA2BDABA3C82BF8E7CCA08884F5A85CE8BB8703BF444
:20EB4000AF3B0F18A18DE5771E87E6E7B44B3D3709BFCA13288E1B2719709888B4ACFD4F43
:20EB6000B6DB0E8715EE8649917250258C13F9C41B5F66CC5DCDC2040CFEBBB95142EE60CE
:20EB8000DD5E9F7C358DAEC24DC4C67B593AD82BE028C87012CD662C5BB69FE6383CF56EE7
:20EBA0004A4E2CC0A971462B7A04B2B3C4C9C1B37FA159C7EE97EDE82F20ACD911A1F9C386
:20EBC00025321C1C18A237CC3FBB7B9374C79BA5215381989A324180B0C54B59837AE4A5AD
:20EBE0009793D7552A2967EDC57089E4123C5049EDC4A9ADBDA6483C052CE22D36CE9D5D63
:20EC0000C8F8C536880DC0D634AB446D4531C7E70C7E37CC00FCEC6457DEDB1ED3A50C329D
:20EC2000DFE94E86DA5629CFB3F514F8B6ACE8C7A50995BE0B3B133FCD619CF40208196E63
:20EC400004EEDA0CC70C891F6AD4614B0CB89B31E1EB294A856BA716903F8F776AFDAC57BC
:20EC60006190D191F838CA0F82D29330F05AC86CE8AE5D3A17958F31C7FF1A6EB48FAD3795
:20EC80001B569BDD15E2D3E72377126C0A9C57C1E1D9985568C0B3D89B2AA7A387C30454F9
:20ECA0005DC9A0B8C5108CEF744A46CA01853078F4F5416221F4FB5334479DDC8CA399F7E8
:20ECC0004D6F48EAB0CCDD6E9ED398117E1D3CD94B89C22AE9394FE9B9DE64E26B36546762
:20ECE00013D3FC3A7F1DAEAEC89A6E08286D612B0B1D8275699897E45278647DCB841EEE66
:20ED0000D87A2272DA0CE7F51B283179A87C88B85F3AE90A4818BB8A299C04745496DDD2F3
:20ED2000C4EE2458689F708CBF044A2AA5539AC66D675FB32FC2A32463D2AF91AF737B5C07
:20ED4000FEB668B5D2E031BBDBB61FE3C8F87D9E5D2C4C36C69C38F92BA2CA9A8423DED4AE
:20ED6000AF5A5850BFD713C998C71A6EB9751B885811185CB4B16053A795BE587AAFF082D6
:20ED8000FE625AF3D88BFC001DBEA2921FD25ACB869F2BEDA2060478FF32F3933A1E97AD8E
:20EDA0001457D864C504D5A693231E16A21524B10E5DEEB137A50DB15C01D1136C78BD9FCD
:20EDC00018C1396C2D4A8704217FF8C3EB48608018D3C7701C956146E68BC19FB7C6499E96
:20EDE0003326E5D3B966F962F0589761A272F681CE8A1FF1F8DEEA7FC4572901C30F23F3E9
:20EE00008D104461105F1208273963B86F9CCDFC56095FFD74898EA41FEE72FF395B33E6C3
:20EE20004D06BEDEDA3DBC3DEFA7C48FF8CDCF39D8D8ED5C389C37FC1ED60562C1B261BE30
:20EE40009C91BB11C108DE4A702C22AFE80DE37F7D8033D6EB22CCD0EA9948F1021D95C520
:20EE6000A138A3C36BC95F77D14FE5E1E564F1186C88973235203568AABEA576A5A3B7419F
:20EE80008583DEBC8088290C3B9975EB97DBE24ACE78833AC0A05A0C87CE83B7514DAF7BA1
:20EEA0006FFAD4C4A94B2351D5903B95A8799C5ECBD95EB431A92304A9504A7EAF2265BB30
:20EEC0008826EDA38E1C358EC8BE9DA9BD47089C8A3290693344789737CC6191672AC14948
:20EEE000F78E9220D602470A3BAB04ED814B0E4B340B81216C78410F59CB32B8206DAC6CEE
:20EF0000E5BA29052906410E57DDD92B998F97B4F0EC99A4844D66B239D424BD82F40C6D1C
:20EF20007A331C18312E0BE243DE8229B01B8920E75E40B924CBCFC9FC6F9F6737C6CB94D2
:20EF4000DD80D12293848ECE283669B06CF5CED541E8DE2AF4FB649BCD240B7DE4EBCF2914
:20EF60003729B2EAFA10B01A2E6BF48775274C1C2513DBBD9BE40E72D27CD1C8346C0274DD
:20EF8000AFB7253A0CD95A0D7C078D7874B9ED3CBB669F3BC28EB39433FE5710CC504ABD35
:20EFA0006EB194D871E775F03B929B4911B1977F2C69926B10023C4A1933061C579F914B16
:20EFC0009C9F668DD242E70B929286C3F319342BA0A41C172E4792DCACA146B67B61BE6781
:20EFE00060090321D7F39AA6AA91B5AEC3F8AB893EA0A605C3659B9213D280A4E09FB95975
:20F00000E278D35C27017409AB1692D22857E4E12FE496FE786541B4774E1AAF2F616A69EF
:20F020004B743E066B745F7CBCAA84F6CB3DC77B9BF856CAF54E6B89FF9B7E9F10ADB9DFF3
:20F04000C383ACE64A54424605D4F3E453B23C9EA9654C31E128015AD443123C2A8D8E0288
:20F06000712F85C56DAA04B0AF1C476269BF2B9381B2E2FBE4FCEA6F1DCE404E2608D11BA5
:20F080007EFF316B7B7D8F02E20AE939B56A7CA34C677FEFA7D1101003C26F9CAB266A724C
:20F0A000117B18A01DD6CA84C5273F31DEBD1713320D8AD7D2AF5A85AEA906EF62F0414F7C
:20F0C000532CA22CFBBC9D7D81FAB2118DC0E42E5A2B6D790D9EB015450A6F0FF36D3EFA35
:20F0E0006C9938D6BC37F0373D0BABA3697ACC3BED498F9DFEA7FA0AF06E11C405A64ABA76
:20F10000834B4067094FABF822E390AD1BF3B58112EF580D50D120AAD95C54D640A14BD944
:20F12000C0C824A8890DB7095809CAF84A338949F2A63090A9250B3E255CA00C4E682B9D99
:20F140004C9A4A5EE578FAB20605C24C9F432EDBB4F57FEDB2A9A10DFFF65D2FD403D04F7F
:20F160004F481C54C4995D3A5560DF70C22A8E7F8265ADED1267CB618DB3F3077D782436E8
:20F18000F05B0051CF76C8EB6CA1882E5AF08F7D817D225871677280F71ACB5CEED10D9CE0
:20F1A000585A601CAE19240B7450274C0F9E1B1CDBC547F679B07CB366B44BF6D21675C75C
:20F1C000AFCDA37E088A57E394F623938B3A19A6B8C5828ED049D3420207DC9DCF4D430066
:20F1E0001C3D313F85CF4BBBF51AE4CB73CF70613F063CEA1E3D5D75F29DE7188D805F8FFA
:20F20000C7317227CEF2E6DBBE44D2BC72620A96990FDED00C9104945FFED230B5B6B0BC17
:20F22000D931CEFD8BFB128A18FC552D2EFDCE8CED68CE09414FAEE670B006ADEFF820CFC3
:20F240007AC5AD8B63F0B6112BCBD5E84FA7A48D649A765D667F45B44E3DEC57E24D960FF2
:20F26000D1767797FFDBBAB81E38BAB37E6974DF262C3D932327B046202DEBF537BDFBC6AC
:20F2800007CB94EA07C305C719CC6C57634A26CB5AA68A751F51D7E40F066A519650353AF3
:20F2A000434D6C4C22B18186460D539CA552A3992991C7C90304A2D64352D331A50F2DB3C1
:20F2C000AE826785F8AC153DCB85D749EC89D191BA735B587649F963E3988D5E0F01CB7B1E
:20F2E00070F4EE5C32BCA933D0BC6128E2F899FB36D7AEEA2127C4D5176100A07A2EF8D9FC
:20F30000B02B679A78E926B17E3957FF2DA6E31EC4422847ACA6EB72093494BE8F9F9A1469
:20F3200096AE3C07713C72FFFC842397759B98438D3E3136BECE5683DE99B182F55B9A7563
:20F340004C05D36BC6BC766573252BB863E09EB2B8523180FFA8EE4FC118BFB2546AE144E7
:20F36000F7B8968E1F721A2B0BA4D9299E7CDFB36E0790ED193B9920D83A261756D556C9EF
:20F38000C24FEB3822644798EB8A94B4CF77428ED7E3B645B18F403C4B864E79A1A3E04B89
:20F3A000D3533C307A9CE3F53C5FC31F9EDAAE8A1A700B5072ADCCEC4385A0A0DDDC6914A6
:20F3C000524CF03FCD22D78A25A9D033B2AC0DF06036F8D6019C2378E8BD8253B389D86A50
:20F3E00068C06F2DC4FC0C9FCFF222B8B4F54608D0BCE39E09642F2861B85D5CCAB1159683
:20F400003D3921C20634697C62C121764BBD411A938A3571300ED644D7FE9A81CC5C07DF3E
:20F42000F83E6EC53CD2D569059F3535200DE66ED02857171EA1021371159F8B5E92988F87
:20F44000C158BE000DDC3AADE013C6BCDBEC1D4CB01FAF587C259ADE5887D6412A5CAFED59
:20F46000C20D7939225C7F911CA53CD42363CEFB5BF5A7FCF2A386EDB3DCA56DD8C13440B4
:20F4800020E8073922598C5DE1DDFF45A079E1C4F835A6CA2721AE88AB9A76D510CA10D19A
:20F4A000066ED0C8B6DC4959564477D7FB363EEFAF64138BC4AAFAF7684BB042797E29E809
:20F4C0009A293DAD86EC9ECCA4610D51DCA2CDC4AA0C5807704352811176BB7DBBE568CC03
:20F4E00004A0B4B239917300F2BC277DEAC6778A0EB4DC06D4F69E70CEA4FF4B7F07B5C788
:20F500006D5B9E9D77D3B03B69DE2F21CEA9228B06E5075098CAC60AC95CE4776DEDF91F92
:20F52000FDE36437EABB3DC6314E8B063053B70DB72641AC63C8B2982726D2C72C9E1A1D2B
:20F54000DBBF6C48385002E97194A5F4B6CD1F594CFFF2E4DDF64A61138A3105652202094D
:20F5600030772098099BE7EB5239E3B30B1E40B7EBF882BEAF5E77AFB31169F7BF82972BF8
:20F580002394E7EE06A2D516FBC4AF0AD54E046EBD9A5A0381081FC82F42E266E3C5C3CA2D
:20F5A000DD9D2814D66FB2B094BD70C2BD6652C8E96CE07BFAFA2BF5B0A6041978F36D30EF
:20F5C000851A4DD0220A680247AD8DA36A6D110B97F77DEDC33E847E5EC338DA27157DA338
:20F5E0004493BDEB9279DD543A1B7075856B2B80F1C1992284DC10AB6024E46F9831DA6C0D
:20F600004291E02DCDC6FBEE958F8000B569876F1C549DE3E4DAB9C4DF4E72A172526ED366
:20F62000A69B1E5D7CF9A8178191250CA36D0D204338EFF68B42661002CB48385D7D201F51
:20F64000993ADF454618CE1826AAC760F682A5DA8CF3F923221CFFD8F221D0FC03BCD89AC1
:20F6600042F58BABD42D5439AB61CEC557AD37E71F0F2234516E6B64D6DB70B509167E8ABF
:20F68000CA548A58CD3F22C2383FA3036EF8AB8D2514D1EFBF4294FCD77E922A1A94FB3843
:20F6A00058DF4414DA5720FBF7CBACE2E26AE915C688701E159F61E81D949D24DC3C35EC51
:20F6C000151F22A6A37C362C0E8D522A5C0BDAC729F56687FA8EBA6FCFA5F96BF71815EEE8
:20F6E000289B8AD8CFB64C9CA50DFDA283E464EA77E21BF3171587DB15370DC71430838511
:20F70000BADBE570070D4A94E5D4161300FC70C8D7D8F729143FB07218D44300DB8A68FABD
:20F72000F3689C37F28A185CF56903457A5CE7A7725E62F398111E7D000302DDF330AA95F4
:20F74000FAC915F539349E3CFE542E009A0AAFD070FCC4174B95B743F54DB327052A339EB5
:20F76000F886BA728314C57C281EFD0C0810B28BF83A855ED6D2640E1E38BCA6B87EE95D00
:20F780001428F275793073639A4EDA306B76D61F32A10D90E1D00E24A34E8622B536B61AD8
:20F7A000773624C8C392913A7D6C2C356B4205D647B8C47513989BCEAD177963A35A811C38
:20F7C0004838BA3108420849F8005BE4B17E26F65F0713D41531F554641AFD302BF032AC21
:20F7E000B0B71B79F046BED83493CF03E53121C8A11760778EA302FEEFDF7B53F502B01295
:20F80000D73AAF6825A89D2F59ACEF5AAF64DE94366F142427F7AC1476EE5992A897E59690
:20F82000E449DEC54C708C968ED425B3B51E44A2469898A48834D9DD23D001B6ECB8B88015
:20F84000006C105A10A47254FB92D9D4A2673D39F81853BF586273A21C0CD9876B6C111727
:20F86000522CADED164E39B2C96E71861C47B1A27479AC3C408A61AB892A4BCCCABBD8A4C7
:20F8800003101D470975C8F820F05691CBC78626E3420DE5E7B28B4093B2BE4FB4ADF56FEC
:20F8A0003AA1C8308F22076E27A1F0BD59EEA50B6DFCDD80F6E5D9A9622D9AD6CF4B51C096
:20F8C0002065176F505CDE5B0708A7D26BC5F699392E83D61428332D1D23462AC39CD2DFD5
:20F8E000DDE670CEF62B3509E7AEE497AC52611A706069AFEA858116EC1A2C1339A8611397
:20F9000098AC3C132697F4BEF0190DD5C19FCFD4391BF6D31F03ABAAF89CB358D978E7A6E6
:20F92000793DE4078AA903C34AD38C5455B42610BDE592095CAA9932693043C34A134ADEBF
:20F94000A923CE72CA684A601C64C7DC0E9750162349A51A498334F5675F441A358174041F
:20F9600050E6641C8EDDB2DC8E5228359452332E94CC97CF8D95623D19AF1E2641CB4B5F0B
:20F98000950C0DCC7D0E2181CA27152690EDB9A038F8D1EED1E90C50A7AA3AAF17F8B9397E
:20F9A000A11F304C3F058095F56AF879AA6EC9B33654B93FBC851B773AD8FE7D5E10A5D881
:20F9C0009CA737627DCAB8613AA438F489DF4AB1B768B88CF77375FAFAC0D357BF1CF68508
:20F9E000AD2A89D7DF63AF2DBF5C3D60D64726E0E2BD379B29BB04210EEA2206E22396881A
:20FA0000FC328E720CDA4F41AC1A6F8438AF4489E0DA9C35FB63AE349EDE51536E2D6C29BA
:20FA2000B246AEFDAD377FE42A67362A581E8CF3D847502215755D7AD425CA030C4360B0DF
:20FA4000F7EF513E6980265F61C9FA18DD9CE668F38DBC2A1EF8F83CD646F3E1636B5A6494
:20FA6000F2B3DFFFE9BF2EFA78CA231770323A2E59334715BFF567C2CCC936B41CAF428FCD
:20FA8000CC1DC006D4FB7EFD97F219EFB9E6708E31C158AA9F739254DF37FA43DE17007794
:20FAA000ACB25C1BD33DFEB0E8C844685FC270D0A3C059B2677A613A3616A65752AA7D64E6
:20FAC000BBFC1C088E8C965B90D40D4A0BCE223CD9B7B1F6BE13BCBBFBF1A4B81F709FA0B9
:20FAE00021826694ACF02E45BA9EDA5C64116F1AF82EC83B4D448B21534D5B2EEE714F721F
:20FB000005CCA386D671AEB78CAF146713933DB12BAD064CBB17B6B268B4338167B676210D
:20FB20008F633CA7B318FEF92E8E2433BF5C764A98BDD3F0B19425B762AD94783146FAF685
:20FB4000E9CE97BFECEC0753C9C370881175002D67E597EED7C2C07769C1E6DDF529C53985
:20FB600038951E9628F5AF0D85D7622EB1E5C5A2C1AEBA0FD4A9703CA37691765A68BD3210
:20FB8000A74138F3103CDF6E895161EC46B4ABF1CE9FA41B51511B4C3B57FD0C090ACC2825
:20FBA0005B594C9F4BC880BFFEB9D48C78EA9C61B540BDDAF5C3AAF057E99366A917D965C9
:20FBC0007F65C46382A278490B9825D4F1907F3B9F196E136906067020B6B94EE398CB2FEE
:20FBE00039ED07055DD0B151D974BB8D56AE3BC8B3B31D9054221514BD45D88A5F948CCFA4
:20FC0000B17A7D4D835C112290D8FE7F524ABA4D1A9534175F20C124561E59E3C413038DE0
:20FC200011938E059D4D8203574956718B6EE315FB4719713207F1E715CAA221BB1D18B0A7
:20FC40007EC1A2F352ACEB3B56512B2CA9219E677F52366674DF8DA620D01D0CEBBBB382F8
:20FC6000228B21E14B803313B677E579556CD38ACD3DF1BDCDB07CA99FB8316BFDF4BC49D8
:20FC80002579739530D144D39F43EC1E37556AC70F90B440E783A838BB0B450898D11B4E3B
:20FCA000AF1300D7A8A805C3383EA9E3F6E74C666AD4E6B5675FF89B9B4FC3A96558B9D92B
:20FCC000E6E231715B0C5E2AAAEF82923A275FAF0890EEE5F84D5419690F12170B937C31A6
:20FCE000F56D6C29F20537521CDFE0F1AD1F8CE9114C36984054A4FC4AD09A1A338A4DA0A9
:20FD0000023C1AC9159B7881B7942CCAF5D6BC5EAD902595E77CD08A681CC3798544156C35
:20FD200036D8A4176BD70A00A398CCE3BA54D55402E523A696CDC10CEB7AF5FEA8C9BADE4C
:20FD4000B8C870DC9DC0D31707732A04A5A2C0143BD29891F5505DC9FB73986F4521263EED
:20FD6000B194E8DF525EBC0D0BABACF75DC766E67EE0EC1FAB0C8D0BBE8E149503553FD41D
:20FD800048C573EA33BAAD2CD9CABC838BCBAE11F395881861093A185F53D1388B6BEFE7D1
:20FDA000A6E278C3E8DB8FBA9658C16FD7B77FDFC47CD244BE504A3A044A3820846E1CC10D
:20FDC000F273613318CA48006DDB2384E892C396161A336B6BE8A7B6D6FCAF149763B0A8D9
:20FDE000550195026B8DC24684DD498A6764617F14F914540FD937D7FCF09FDE6C5492E52C
:20FE0000F7137CF88B2EE3D403E59D49FB3541E2E3A0DBC8532CE4E49EAE7144AA48AAC009
:20FE2000FF317EDD1DB495F1137C86884D0E4B07AE97F28FDFE89424E6BF8B0FFA48E08070
:20FE400095E30378CC28BFE6DC286C1105F667359B67BF715A1531E0FAAA5707035B1C6F61
:20FE6000E3B273923D9149FC8574B7AACAF67DB6D297AC366CBCA26102F73BF36E8946D3DB
:20FE80000E2536F31BF71A7836E5D01C441575D07CAF1FA5BEE4CFEC272FA19CE2DA46F5E7
:20FEA00041C5B4630C631CA519051D2E1C5B37CCC1378287F895A0CC90D9F0CB0857041D74
:20FEC000A21856AAB8DB36CA535B07AAFAD0ABF2C8B83CA4C2D7FD47677D9046880769938D
:20FEE00059A8828FC96A502E0F6FF756857DBA89BABAB5C4C2B3CEA7D1A3E9D509F35B9E31
:20FF00008FFDA1DCE415531A73CA53FC66694ADBBEC355AFA330FB32F8D463423321C3875E
:20FF20006C9D1C57B3E625D6A7F38462459C442EFD5D842C0B576C3104976654AF9B8A9715
:20FF4000171259C9DEE4AFAAD472F351C81F91CB9F0FAA05A32F0AEB1D755AD22569961355
:20FF6000B9E4C2F90D17D9DE22D007909AF917FACB612F0012C0BBAA69F5A7853C91D14621
:20FF80007999BEB1E7888CB9B89427E96132C002A9DC7BE6001268B4139FB5359D1D227778
:20FFA00080BBB4B7143EAE84BF46BD22C6D3732D6207F67E172EFA5341FBECA9F01470ED59
:20FFC000F5D20ED43D4128885E6F300470E318C11E6B0992FC1B57CC1C92B5ABDC7FA5F1C0
:20FFE000016433D00A9AE30ABE96E857086A9607048E1AE85AE1696ACBEB76010965A8CBB6
:020000022000DC
:20000000CCFB8B732250C65506434DE33571D7473DFA934AD7891674768E987420CE61C331
:200020007D1E7E852E6BB8B05FFEC76FA0FEC2C9F037DA7E1B194831470484CCC9C3B82139
:200040003D5674CDD5F4A362F150BEC5F01C3FD446CB594CCF9CE6EA64D4A1D1AB4A952CCA
:200060003329D514C0F26EB4E3C09AABCED036B16740767E9B17D8E8F586564B6F6EE02DE7
:2000800088210922966D01EE5ED7C3EAE2248FA97A1E9BDA2694067023A30D01BC34816C8C
:2000A00063C678BF006E4458891BA14AD31F3202A8EB2F2A191A58CD15B22DBC3BA66031BB
:2000C000ED9F8BB3A6FB1F398D169C924AC9080418319A341BB2B645F53B1E4494CB66C473
:2000E0004D34A8C52F1F7ADB91501D8CEE2BF7F9F37743C1D5630822E8C647616EAB796CB8
:20010000AC0D39BF44DF3D84BE508AFE684CE82760469498EF3536AA18DC12DB714F827385
:2001200032B3A4678C45507D3C9E4DB15F35C4D78825F48310302826AD04E67946BE6A1FDB
:2001400006AD5386B0589B0E32C2CC6D7CEC7152929CCB48E05DC6DDCFC72B04950017B9BF
:200160005183ACE35720067EC84471F9677BD9DDA73382B009C3F919A4AC4A45051E73882C
:200180003ABE19482AA67A1728ADA31FC7E9E2C3EF737F83306AA720573BA9013F1F65D61F
:2001A000EAE5007BD0F1DD1F7785C9A5443F764A91E32B89005BB93C0EFCB103EB0BD4E9A2
:2001C0008980CB45F20919DFE0524D5487847CBCB60CEE891E9D18B2F178CA12B0EBAA0BAA
:2001E0003E17E16E38F7149F899E96F438C0DC5F8574314D3538AACD2A365DF536C6CE813D
:200200003133AABE49C2B8A79AF00C4DFFFC7E7C27A55A9BEB3559D4DEBED07526A4289659
:200220008B5B8EFDCE72EB3E3CD11726823F4A5AC327D33CE89B0C0E38998D5A288DA09101
:200240007418F5F26E1097AD96C81F496C912843828002F8D572ABC45D4EFA6CE38A1EB934
:2002600013F14766D2A3A33DD25D8C7C63FA007D8C3A51965AC31D3F7865817200A28A58ED
:20028000916EEC21A233F7331518C6880F83BA5108DC27E01E954CC4AF67893626DECCB434
:2002A00015174DEB85C97BDA8A8235351A333E071EEFEB9CCAF01F9E2ADB797EFE44CC1505
:2002C000C875D08C236B17795622424A291374E7F8FA079305DC7E131249BB1330DF73C55E
:2002E000D20FDECB2524B357A4805391E7294439BB85E28D7862516D8F39B6BD63B4A70B41
:200300005A6DE07133F937BD9A25D2D0F97F97449219E452CB8980F2C834D2433FCD512EAE
:2003200088183C46F4F48BF3609825D00A1D5351A33D75A9A55AF4EBE6C1776F6E315A77A4
:2003400085975C12111C97411F61B659C00962A81679FD5BAEDB939F10690D0795E8A82E2A
:200360007972A69D317944EFFF09EB33C34DAA911455E4318F1646586FB3FCD45FFB259B34
:200380008C3284AFFD14784427172E25BCF11554C55A92F0F013F65C2B27AD9E7171B705C7
:2003A000E45E5D0F1DF41C89C013E6F853FB8A38500F706378D989F56B4D862D765248B6E6
:2003C000AC7E988638211907F1867A742F75F086DDFCE451D070E96857AEF04814A6BFF494
:2003E0000A1B9FDCF6A45503E3F75461F966318796AA5781A0E0FC0019D154B9F3760408C5
:2004000026BCD9D90184BAC8BDEEDB8758D73480A1A032BC8F31AC04D63E1846BCC9FF3A82
:2004200029E9AE44FEC92F9DA8F377AEF5CFE1BC2666DBCA456CDFBBB97EA6B817A898D1CB
:200440003B2A86E7987C9BC9CC8F909D775620824E85BC736B997F6EE71864D6AB1AB7179C
:200460008308C98875A4E89550498E1D8774D91940843B7FA9BE73668B94BC6A21274452F8
:200480002A0ADFF03D49FD495DAADAF6CD32F4CA25EBC2B5A6E5A3E8CB7B153A20D727CBDE
:2004A00057B931E79973C22D1A39DAF0F09759DD2543B8DE0B15F73FCF54D610513348CA4C
:2004C000339B2535312B1F88B07EF7D299ACF19A671385C27F5757B2C0A769B25C428F9645
:2004E000E63A24A1AC78FCA4460199666F78A24814E39029ABB2AB88C6FD35E8E80DE579C9
:20050000971E97F4B26341C7054B29721B035531533C43DB362EDB0A08DCA27C9D9A30B9D7
:200520006FCDE4F6EDF3D63A15E30DBF4455F39B4DA4059FC9D3CF80AFCF183425F35A9F6F
:2005400095D1756F0230A3459D51AF15937762CF2AA53F3F0CAA7032E25BFFDA252049738E
:2005600031B2B0279C22912FC51E763CB0708C1511C75781A6BAA467CA0ABF344827E77D38
:200580006DF6FFE661D28642B7D1C9FB424857B42A91B62E400B54688F63C00B33121A0471
:2005A0006F27C973F9476BC498F2121BF107ADF69E8BC40E81A6697E58EE6B2691E9CC5230
:2005C0005FCC75970D8929FE9309B86567B67521953DE9E81292C9EF4D34264F08B2E4AD7B
:2005E000666E6D1A45A1A638CD9F239E495D977E36308E859AD75E0398BC5A4C40774A5E50
:20060000AC9418C44896CCBA713BBA914202FA55AAEB19AEC27E0E045E0E70E6E33FE6ADAB
:2006200058C6DE5CBF7082CBA566E705F8AF88EE19F6F429328EC338CAB3CEE59613A0E191
:20064000928D27AC5138AFB491A712C1136B2890AADA85BE910F64E90132DE1103FA604404
:20066000846F5B7AA7F53DBE5F86A18E3C3FC285851E3637880AD95D2E130732D2FC0E1CFB
:2006800053F6E28F68AF132E348BFD341B313F13D34A6E5BBE850ADC77DFB00FAB2192B286
:2006A0002AAA25B33D6E194F3B3F8E7B574C8583BCE794F1DC8BDFB0041D43713472D44E92
:2006C0002F128AADCE3B37689929BC2B98957D1D677C12C289214020FE55272018F6BC382D
:2006E0008AB67A47C21D55C079D2F00B88160F28FD914F966E5115738D10C4E4FDB533B74F
:20070000641E5E47C21D5BA001C090E4CDD624EEA5AEB334322246F2D8D482858CB81F14FE
:20072000E5D39C7675423150597D067E0FDDA2B5885CA6667E9DBBE5082CC9CA6C066A9834
:20074000345C9E9C8494C018AA91B8A1F73473C6CD2290F2FAC85C94449D017C45A7FA88F8
:200760007A41CA81961BEE401C8210152CE27D699D89D9A14DAD1246B5B19263C1A4B92F43
:20078000DE0B8AEC54E0A40FD6DA74A157EFAAE52018E93B2054C34483EFE44786048DD41A
:2007A000894145A765EACBCE01204E0F2064E0847D5729881AC358D7D5DF5FF03CCF60BE78
:2007C000A26B6278734149C6C4DD05252E48098CDDCEFF50E404BA45D30A6C268C0E193660
:2007E00052114B2823EE083C489801AC2AA30C466706D45A251FCFD6A7F771B01EC8A084D5
:20080000C1BC677F1FF8EE7BB4D9AA6BBB7DD1FA4486116F861A81D4762ED8579905DDF0D3
:2008200016F31E440F67E5CA3129682C8ADF40F09BD61C57AFFFB7856B3807E3A5CDB8C25A
:200840007A3FD8419A44D470E70EA3B53FD0416F957F5FDA47D65933AB9C681CEB29194169
:200860001427FD3C6996A2B6FD12C3CF8159BCC05A0840BFF7A54E2461E261C91320E8B609
:200880000D33F5FE246539E49CBD3042F881992C11F929D0667680A0B3935CB4C5BB0D692B
:2008A0008CEB294F72B98042EB9652D64D50C0F9E3DB81D33C50D6F1C936C0A3A80170A2DB
:2008C000BAD8FFF6FB9B5F171325925328CE196FF734B091233C385ECC53F55F64FAF9A916
:2008E000BE81E0BD6812BEAD3BF2568030048DD8768F1ED2C1408E2EE47363B0A2AE91C5D9
:20090000C16E356A6127854A8C8607260EF9027A8771335EBE67C0AA381D725D0A261E4026
:20092000EB2864C68DE19C372E680E0D6AB5619F536457FCC3B6B71AF1D98A3043698960FC
:200940006336D7999548ECBC4820D1FDEA41938D01EFF276783759C6362F13EFF67FBB6E5D
:200960005220F4AB20645B200237BABE39A47F8CBA9B6C9284F18FF530A87563CA719BB14B
:20098000DF6F25C3D73ED2AD85343017FDE60CE6A6EE2D1990EC42F007CB185468461073C1
:2009A00033AAD1AB62DD3AA9F99F9AD2DF1024E1EC729DD243315800E220648A770604FAC0
:2009C00075595F296849795D860162B58629AEC7B5AF248746C7BB6BE930C2CCA0B95E9048
:2009E000CE053906918B791152E0EF899B3991DE282C2BFE40B65179468298E38B68067B5E
:200A00006635C60987AA200D88C7A915C549B76F6E711800DA0704741E9F4F98DF1BE303F9
:200A200064716EFCEFAE58984E3BF823AD5F07C1AE065555BCC1BAA29C0D50B144D8DF7224
:200A4000F14199A574A008FBCCC64479FA86691E117448C58DEC5D4DE55602F664A9E10ED5
:200A6000342EAFCEBC87187F2CEFF5E055C3C5CCBF425B18F591D4BB2401CC31E495D2210D
:200A800056BF183D6F6B6F69933E732066200314DFF8F5159EB607347F9718286FA498F1D7
:200AA0007E7D3DBB3654F7042B3C2701D4A40C3E991E7D862D66DE021E9F4DA4ABDF1CC725
:200AC000D5EE840FB94B97971C70774B4857C692173D5D314DA6416C2AA1D26D404D46EA00
:200AE000839C56039F5737698E63CCC569421A587EDCFCDEA48018B9CB26114BD7F7FFA462
:200B0000AF0F1C5D9081BFC3A89B8F39E06CF0D7F984C257DAFB4B3228B5710618E32D3B4E
:200B200081CD3CE636D018ED92A2266D54DE3158ADBC1763981FC21F6AD65A65AA1BB9F8C8
:200B400022602066364C282F7500FB296E9EC323C50C63C986F566C8B811343236A78C23C8
:200B6000BA502EA53BFDD8D1793B7437D6B6908067FC0E524B841D743BEF6833638D8D0453
:200B80007023D06AEBEC111AC5DDFB5E332D7FB7BC1580C68FD5D06C1BF75C31DAD7A3E269
:200BA0006D636D7EEE20B954826EF7652D0C770FEBDE22EDFCEE68F97FB279F3428DB80706
:200BC000D9976CAAEDA1B9C5D774D0156D5A62D11CE05A8E38D9CB618FA6274344B5B3B934
:200BE000DB4837B49078FAB5ED79ED369B1F274679A19173EB9EE3EC755DCFE788597B41E5
:200C00009BFD35647EAC636EEB04B8905F64AEB327AB3062BE4396E4565FD7A8B580FAE724
:200C2000423ECE846045DB37FA9E98EA5F30DF6351869D2458D2CE8F5D32A94E733317F2EC
:200C4000F8946ADADD4C4C5742CDF50D468BA29D1DB8428163527237AF60ABA16C79BAAC3B
:200C6000E48571309EC89D17EA1C38C2BA7DDFA8B3CB864084CC6A2277714769455ACB5B15
:200C80002F9B4B4C4AC1B6BF1B10C7CF630F7ECD3C47D02B65479E98DBEBE46DA9DE33487C
:200CA000005E61F68A3F7F97FC330BFCEB486754E0B28A08AECBF6E30358E9763E0ED8BB6D
:200CC000805519F8064BE0E6B60C6C13F7318285C6961BA007615A4A183FC04CACF1A3FBE6
:200CE000D708DC1965ECC1F6702353DA32D0B8A7177AEBBB160FB2144229D0B79C8F7C52EA
:200D00002CFF1320502B0A0D5301261B412FEF04FAE7622186DFE68AA89D817FB6F14C0674
:200D2000A7C324D66E0EA374872D4E9CCF5610E29864E899FDD9DEF473233B6BA11EF9608E
:200D400072DB790368A07473332F3426824B048A1979E5EC2304829ACA436644061E6DA82E
:200D6000B2CF786FE5E665517F903F800218B144A4AEC1E2A268BBC3D6866AD28CFA8E265E
:200D800092288BE18EEA5F5894D7D674F8C50158618CE4431F0D6FB8BF73B0DDDCB9462210
:200DA000386D19220BB348CE9A8C63C80C58DB0D799AB6D745FC87C2AC939E2D9D637CE34F
:200DC000CC268AFB03490AFCB8384D45E5DB26AC1460A066B93CEC27C56C9D89780118B21A
:200DE00077DB45311EB58B2A1762FCB32C55CC7D596708B726D5842F348816BB159A01D770
:200E00006015B48F05FEB5A0DF92D8DA88CFB4C87136579332D039241E6F6F891B36219A4B
:200E2000B15B3EDC602C6EA537504981A250C6D58456F6C28534F24CAEA712BC33DD5F42B2
:200E40008F364BDFD648A0824725B77221E0EAEBB94D4B0CC80997F109BA651C0498A319A6
:200E6000242D43611058328038988A73AE87085438A5C039A3570F595A30D270376ED56522
:200E800098C88F2AB6670CE532322A4DF14E08562AE5BC10BD2744CCC78FBF827368DE6F25
:200EA000138F95026F7A16F95C79FFC8913CD23AB796A75ABF801D9478619618618DA47FB6
:200EC000BC0BBEB1E39B3806DFF772AB375A4F48063FE8DF506B82F8962DBEFBA8E510DDCE
:200EE000BBC372FEBBD15A52E334E9C08AAF65C74068E96719EF5B3F497C9FF3F1780AD073
:200F0000393F1AB39F2564268FB7CDCD3343FD018C9A11BAC21490B2B8D5A1C7E44F7BA19D
:200F20005E081C96369D3ECA0B08879BD91E003C135BC89FF2E20A990CC02C412871499956
:200F400051A5E2702944D08680AF7DF2254954C1FC3676E05162AF3C6CC5A82766E65EFE97
:200F60003B9ED2081F1F03A216341999BFCBE3D870B08343889B68E2016D7D4245B7A01866
:200F8000437C5628C138BD65F420C25A4EAC93C8975358913F951ED4F33F135A6EEBF931B9
:200FA00092C6D596B796E71943FBDFFB7AF44EDB98A65B911D59B75B69C4D337888A508F98
:200FC0004F04B71BA8416A042A4BDA45EDACFB579C31F50DCBEE1DBD8B8223A03C9D8C7B04
:200FE000A3BF637F3D422C6ED29A1A004CDC8285CA7D8ECBF15C364282036C5E322A973DFB
:20100000B67D438A1DA017A1626F07F4428ACBAD4B118F9536ACEC3476CF173A113C581D71
:20102000AFC9BE04F06312E4035309E875C0BD1746755E3142E525D98E6C8AF982D8B7637D
:20104000B6283CB46094047EDDCD88A68D85420AE4326567BE0FCB7BF3642F662C089C560F
:20106000F52425631339D7B81765ECF433E241D04DCF0B015233C560CD3F6D48B8D3EF3F26
:201080009144E2D9B15D72DADAA39D9B0FDDA3AFA8D4B7C5A558FBD04383AB66CD429866CF
:2010A000B510D9DEE305BD2C4D100463C8814EF01DCAD37D608655157DBA5389145B8013FC
:2010C0008711733A513BA0F59933871306D32BDAD638C6EF2AC5BB76A46BCC7934288D8EB8
:2010E0002FCE18B4A206037FE5948F7573DD22B7F8A6F8E4AC1E153AE01F7EFED6B1A81EFC
:20110000D6D031167E6FCE105ABC854FB5A61CCDAE9CD1238E984BAA585DD1E0A2FDBA0DC4
:20112000A49D24268F7CE9F12032CF6A7436FF661EA3B976773C450E35AD2DE63F14A9A11D
:20114000C0BF5BAD7A373C6A5E7ED78E5996B5C8704218A30F11ECAE9E97FADA56FE5F23FE
:2011600053BE3C72EAA8B0C23C2903820BCD243BCD025673FF1F26D1BCA4A0828EC3C2DA6F
:201180008420313F85D62B43E3BABD1033E336095D6ADBAEEF6EDCC0B75B87A6906CBC1063
:2011A0007C6FA1DAF3C996337BB96CFE79E1D17847020F1C8607F7C4B64517100401340BE1
:2011C0006232F40CDD89DADB2BAF771584CEDFD2B4525B846DF15D23E1E8B98790881115ED
:2011E0005FF2919DEB1FDD831C23481DFDB2475DCBE325B04C34F82561CED3D2DF0B3D7480
:201200009B36E255C4928973769D46DE8B95F162B53CD666CAD9AE145E7FCFBA97919F709B
:201220003D864EFC11EAC5F260A5D920D780C52899E5D76F8FE66936FF82130761231F5344
:201240006E6A3D59792F784902C469AA897AABF9A0678F93446610D56D5E0981E4C8A56376
:20126000556B1735A56A8CC185815E45488C8B1BF1496599915E8B37D09E17EFC98819EA32
:201280001B1045583CA3E8A0116521B9BCBD4DD7B613C34B1DD8C2A44FC7A71BB76B632E75
:2012A000E7E22D8AE7E0742ECDF718CE8E15D975144E106F91DB9D66126320CB577A6C7845
:2012C000E26838934E2B18B5E2BFAC4B669C173D3581B3CE947004C442F9EAC851BC1A0F9F
:2012E000332ACE3A188BBC7B784545FAEB5BF07741341630CF9EDF0507126DDA4C3A563D81
:2013000004B05848EE0948C9B5124CA1C6594A6A5FEFA05DE96D1672883510C8F0FA0948F1
:201320007A833C8677ABA4E7C4AD27099F9E0F5FB83BB91C8BE59153EEEA3E5CE6061979E9
:20134000BF2AE4B95C7BB91DCB9E40FA1C33259E749FC9365D0F38F060BA5C5CD666701869
:20136000FB2DB6AC44816DB3F36EFE3CE81F766FBAA4387406F2F490072BD3916720F46D73
:2013800055151C26D8C4A9F063A4C896A96AE81AB2D06F9C2F96AB7C0BC70BC3423E8FBF0B
:2013A000F6687DEEC04C561E44C808D1081D65E686AED4767F0446FD93166CBA0FC7285826
:2013C00006B141CDA3215A83BD6225B5AC3FD41D5BC3D0CC9F43AE59C79F5F3D75C4A67ED0
:2013E000AC75CF8B294C9F67F7FB870A3ED81C055C99CC64365BC9D8D0EA4A161C3CF37A07
:20140000103E91F0FBD40B14191A969865F127E6AEB72E07ED5581C4D67F960BAD37F694C6
:201420005B93EEC3C1C188D14C48BA27CA90DC0A7CA55F7D6C38BD6300E7ACE5D0BE97130C
:20144000B5FD4ECE221BFDE5B80C5B7E14C023B8ECECC88E5A0C65FF77A9F26B2CD7BE41DC
:20146000450319D7C7EB519984EEE166EC86E4372613D00260DA60DE634DD2676A8D536438
:20148000342DB8A758396E35D976B4A7FAEC07D053A2DEA025A99848EB5BB39F31E53EC51F
:2014A000A90391067C0B3B01DE2D3C09E5F975CB9B215C315281F487375CFDDD2AE967AC8E
:2014C000CD0E0DBCDB6BA044BC9AE15456B514702519B17D8E6A5CE270D817E7FDA0B76088
:2014E000C8D594901E6085489A460C4FF429CD061A12454C826DB8A0BE556B855112142B0C
:20150000C1E08F4BEDF2D253A1B723C3685C89D7A1928066D591F00A485D6081CE4867531B
:20152000E0B864B5EF2A6FAEF877907859562E29E323CA9330DFED6837775EA21D499921B2
:201540004FE47D96CD0F45A1C90EB9367020A545084C8B9A3B5D9502B22CCDAFE61D90DDD1
:2015600033EC40B62FAA3A73390208C555C1D77337962B449D15D11FE2021671D0CD36CF7D
:20158000B75917DDBB01376E72DDE3ECAF41ABFB98871259FF0F8A08EF839FB08460723FB2
:2015A00000B269D21C1F25D89C26B47426A9082454A9A8A10852A6060037D133AADE2B7473
:2015C000397F9E5EF809EAFADE66E2266300D837938456E361E60F5F3DA514C4E9504BB7BA
:2015E00088491E49F8C9701C6124D5C80E4E027C7C9E82E9B1D3AB5BCF55D129E9BDB9508E
:201600001596505BC3659D864DE8F522CF9C6E3B38819679A1216444DECF6E2B532D5D87ED
:2016200009F19E5B02E85B7FC93BAAFE4CF104BCEEB5F85CD9D92060919C5592CFA81FA3D4
:201640008CDF6F135C579150FDA35C223055AC46C7C0125A0003C9F91143EC260437E7EE46
:20166000C5EA2C497ABC274212AA735721D04E23EB2C4A3ABEA54655864C9DAF9BE19DAE41
:20168000DD993BC6031E049B30D85765C76BD29981810AC6BDC97FBC1740CFF43BAF292CC6
:2016A000FC740552A08612A37EB47014CC2D20F1B245B9C4A2765C78ECA5E9BE8DA773B0D9
:2016C0004804F2B4F9FB38A425C6272CD51F2073A502BEFD18B5C5D02E0655D539D464826E
:2016E000ECD06BB6B5855EE44D96E2748D47BB66833F8339C58DA20B05E87A01E63BE2E992
:201700000E61D61E7C2C6CAC1CAD0AB599AFD71473856F3F5106DB7298D5C00A3CE6D62F43
:20172000D73D9CB5F8F94B44BD9208B7A45F5DC39E5BEAD96528584D10548FB7E5DC299A77
:201740006EEE2643CFF3E1F456CD4242545D36BC2B495CCDA9FC02E494EE4FD18625C1733A
:20176000FBFCDB90A923170410E7221E51B3484743D72DE4C489BF7E4D296820CACA880186
:20178000A8ED22632F8FD6BB12670F1244697DAB0E8EC6E65FD778646390436C56D2658E5A
:2017A0009B4B65860841046385D571E8D585BC32B3F58D9B21EF16DFFDA8467DD5453F60B7
:2017C000FC9D0BBFDD418A4290BAAF66AB11EC225B95EBCBB3D87F3543FBDA1BED2B00C0A3
:2017E000F46C7CD7569551A05C9C33556F14F7C42DF4493DBC9A9DAE5E10680D468D8FF619
:20180000AB3F1F961A4740C71006647CC897C460529C0DBAE53E5694766F561C8972D44A16
:20182000489E5EC3D25F3EFED57DAAA55FA13B3EF115A10AD6CB942DB2A10D105EE3B7049B
:20184000F311A02825E3358CD38B6D96DB3A44A533E56BF536493EC33B2DF6B16CE7206BAF
:20186000D6214E8BBCDD0CBA31B71518E66AC7DF4096D543ADC13C9C399B78C65C86F7C847
:201880001655CEB53E54ABD018890AF3253AAC323FB045BBE53A7600D374FA19D5C8246370
:2018A000DE36896E5451FA16AF8AB5EF42B1DBE758B9252683BCD339313EE67080B68F8421
:2018C000544BE77DA6DBE0D31F417CD4E5D83D45B53BDC4C324F3E8E7C84A3940557217356
:2018E000A01C51ACDBFA48518F37C869B5B5B8967BBDD2F598FC9C46DCCB994D0BB4C0771A
:20190000EB312DC19CB617D628F202775B533520D5C86FE95DCAD6AA789D30623AD355DA69
:201920005D13E485901836AB11FC90C67EB79D2DE9E31BEF2AC2D4027981D09D3CBEC9E23F
:201940001D49DFC060278D1873DDDC1EC7EBD603DF963ED1A7EA7E960600E1C4B67D02D8A0
:20196000545B853AB3EC0464761B4C47DEF6CAEAE06940557B4CBCAD48A1CBA05316EA048D
:2019800029D23DBA326D84D941404A086AE05F2C14E589444EF0779067ECF6F9B89368AD04
:2019A000C534710A85B4F3BDFDD43D2B14B17F10A2918165CADC95888A69CB9790FB631C02
:2019C0004F0C88F053C93B59D15D8D76837211DDB2F59182951A00DBD9A1B0418157C59A8A
:2019E000F0DFEA3544B242F5E665A1B25F2BFDDC6E9A1F6157B29ED17D1B0EC133AE756DA1
:201A0000D037FEA10179F2D96473E3A752E22B55FC0795CBB9AA59B49E5F4EDD50085BDD3B
:201A2000169B2EFB3226314C7210BA1C02A1838F84C45988620C18CA63F6D65E7D6E5F3466
:201A4000EB94E20D7FBFE99738C28EDA176FECD42F5AD560FCE0C35DF567100B64E669B816
:201A600076A9809D8E4E0103DF14C8AA3A55516A24506F1B2C2C41B37C3A62AEAD7B61B34F
:201A8000E06271740ADA61D68F8BCE521359979A8C2E91809CFA7C141FF8360D00322F6B16
:201AA00050471D5A996CF1586FB1099A4986A7AC8F7DA259F4515BCA0628F3F20315BB2965
:201AC000EFE1EC16E30B99D3A80DE14C85E169E854C40A6CDB3AC61C5A520123612BED343F
:201AE000E4B7477291BF418D6127BF2E6E74C596048B3082FABBA55143FEC868C07CAED6A5
:201B0000585194344B90D1CFC388090AAD46A4FDC65B7E62F9DFE0B2E8B5B08BC911E45591
:201B200073383C25B88731E1F6B729A6E95FEC66C3BA5BD67FAB608772FE215223F179FA09
:201B40005CF3A80D81AB490B213C85CACBC8871923332FA434290B18086283877624530D0B
:201B60003C0A3FB44E0501956DA08740FA885B5E0D4B6395C260CAACD3683EF06CB35CD692
:201B80003A0668E1C69B42C6016A95CF1FA7527DA98C5D71CE58868CFB98BA56ABA57A9CAB
:201BA0007F6E8D5E9177F2E80622193EE22E53BD207D8600031A2501A77A5F80DB0297A949
:201BC00033CA15F158A1FB41A3517A56EA2445689AA6460906AD9151FF979638A5D39A4371
:201BE0007CA36863C31F431A017E20DFE09112C43E9006568219B0C42C76C544B11F6BB325
:201C0000857FEE7B79FBB4BA473173A16B7DA11A35C22CAD1D676CA4569F566DA6EEF24163
:201C200074E90F03233D356B9EF2DB6334F1DAB1A7C422D77F9EAB37A49BAF7B2C4817342C
:201C4000726633C168EBAD732E4AC0EFE3F4A5D3BB1F4E9C51C657C73FF13A36ED36C2D67B
:201C6000A680C27FF10F061B1EC08A0B1F8FEAC6995A1AC33BE8579A4F295D668EBFDB6D57
:201C800039BE240365B027AB97DDA18090C991D36AFDED16E40A93F8FBCC82D2BAEC4A42BD
:201CA00052A8C1156DD7F86BC0276D15DFAA824256912E5BF537F32B6B61104317C4F79DAF
:201CC0001AC7017FB18B61A2C2285794B43AA65B849D475B15745F7AC8706F814D4FCAC528
:201CE000B9A24D08D8D44A9AC468C5C3B682E3661DA99FDEEDCBBF2C3A8106540595AC042A
:201D000056C20B778BBA9B99EF6E206C8E8922AA483D9EAC2543FB8AE81D3F84E79F83A0B7
:201D200019ADA59571463CE86AC2D155E4574C702EE2AC8C64E4FBDCFBCB81D89A7439E2D0
:201D40002BED812A337F15CF5EEC3E475FF54700F61F314752B7A86A9A143519C71CB41273
:201D6000B40A09FE786E0F95F374D109A76AFDA2C97D95A598C3E87BEE7FC10F15A0DE789D
:201D8000DB8AA3D8E919108450E3F16565BE549ECF83406EDE11A4581F948E822D079D5C54
:201DA000C9F7B9812D8A01E29EC1052141FA363B2FB99B6ACBA7C54A54DB043AB659DB0594
:201DC000A6D8B2C2EDC9CBF804947706E2258AC212A70C61088F3197B5DD8BFE599E7FBC5E
:201DE00099B6F661D1DC540EABE6AEDCF147387B9FD6FC1A3DD1D2876B218C98BEDF71C9AF
:201E0000CA18ED2680CD866CBB3E126B156927AEFFCDD45E11738E649E2F6DCE8C2499748C
:201E20006286FFDBA3A448595B250B7AF79141A35914FAF52C7F4F74759098696B73DF05F5
:201E400089889446E167811FB32201D33ECA6DA2D634D8A737FCFC0119CB733105D62BC3E5
:201E600066A71431E3201B04ECBD5C3C931993F29EB4D43CDAF37D51B26868EDFF5465F761
:201E8000226AE76251D6FD512E7E847E9E889CDCD81C587BBC6BBAAC67F0DE6704F575E965
:201EA000E45A75A1D2920F4DA0EEE261061E6EA8ADF5CB2D866C9A5C60EA3D65BAC243E1F5
:201EC000D5FD26B80E5B39426B94DCAC74E3F29E44C5951ADFFF08A8C6DEECB0C9C2B72711
:201EE0001DDE636DAE396376B6F8DB298FE01005C6171E0A702AE9D7C1545510DAFEBA02B4
:201F0000E382928A5A347532AAA3489E001CB1275A70CDC5E1F7263278D5DF4C957C32BCE1
:201F20004F731DD5B95557BE6F1C89D46E9FBB4A295A0C12D96EA70114E8F22EA146099B99
:201F40008B386A1774A3F2622CEB0893827218B75A5C43BB0096548CBC16F67CA76425E8D7
:201F6000BC59E31732262C660A992BA2E49CAEB616FFD886FF77151A99E653FF4EDC70EAA7
:201F80000D5EEE9F9CE7EE1130AD5CCB3B25678E85C9343C7E19D3F4D3E0727F3FB8D0EBFC
:201FA000A4D0F5755AED21ADC6AF02D42F162989CE44BFA524857463918CB9C421002F31DB
:201FC000A9375F621341AB80F62884866A76DEED1AF8E1889AC2E2ADFB7391959DBA740544
:201FE0004519942E6FE976D3E69F4CA9914D6D03906C03AE88D8031A3A1C63BB5BF087AF39
:202000009F00FCA118EF68EDBE9CC1054FA4BE1359288BE094D0C1F4760F95FF02A95077B4
:20202000E173FF83B35A6B18A7A74B614982B9659CB4E3E469B10381D6D591273AEEB6A5BC
:2020400030FB059BEB33669AC94952872AEF464082997182AD83B00B83F5BDFBADC6A4804D
:20206000B71F76B2658140BC4B093E3D98F34DEE335E9F84094EB2D8A5F783450139FF5168
:202080009B67BA90CC4CE3C65570784C3B97B6B5D68BD4B0241BF03063644ACBDE4FB06010
:2020A000075B39FDC69D36001105667CBDE269DE93A877D0A7F1525DE5C37956ED119FF53F
:2020C00021845BC1FB7B21B1A5507194C3DD4EB0933EF2AA39D9C0A6549C7AAED586B458FB
:2020E000116989A315EE8C2339D9015EF88E4E75FED4AC0783DA2252D878B49B3FB6D8D03C
:202100000092296DB9FE5F9CF6297FA001FF4F73FCF30DAE2CFC60AA98DD8FE5D3AAF1A70B
:202120001688A5E591B4826503C7512389383AF4B3227D69DD4763F6BD5673533869E82361
:202140007AD263D44517DEC6893BE1AF363FF83E4EE964FE3EC4117E6E68C8AF17FBA68D41
:2021600055F8CD017D2F5906B00E960CB01E7099F3D02A36F67A5389D49DF6BF1769122DAE
:20218000CE834936E005DC6F9FC7D701A0DD894FCB6037D9AE721260167C654CE1BA134AA4
:2021A0000EFA413916A050477FEE0E57AE822DA7FD20F4AF0DB2344C5E8D7E1D1CF6932D23
:2021C0003CE51CD3C8099BD7770BA2D6811743E8B199C77FBC44A293D159A7FC7126791F2E
:2021E00081CD42CC9E46A767B0A7FB46C2A3B25B11511913622F457D996749AF8851AD66C2
:2022000005381BEC3F615A3F5249816F182F644842D25331A87C0454DE3FCDFF087F164ADF
:20222000EFB10FFB54619EA6847A9C192CC240F76FA4DBA23632C65EC76A99B49AB89E1584
:2022400067BD86C0844F5AE66EC1B40BA6642EAFBE4D1B2EB35975E57D6F1796E5052C0DB6
:2022600097E6E8047832764539A6310E2D1D16B95757799CC8FAF82F28D6AE6C926DA97C71
:20228000A5B39D8FD712D90C0DB17BEA69F6E05D634A5FB61C1C3784EE28C50048F9FBA8B9
:2022A000B9AC0D294AF86D82116BFA6703F675E30AAC344258C71A2EFAECC618B0B00BDA88
:2022C000FC5AA09A79EA19F16E5B164CA326BB93730760092303897472AA187D719AC159E3
:2022E0009544BFA90BF3C59F4B0A3863F08C9BB5C7E24BD326D96C9D7FEB23F734BF056FC5
:20230000ADF3D020A91859D5D1FEC6729332FD902DC65D680850ABF248354F4EA128C06233
:202320006CED3DC5FA63BEDB28C12A423320CA6DCE3AFE8F72712EBBF61304495FDCD87B28
:20234000F9BC6C61A7DBDAF977DBCA9B795DE894D2C696120C43DD40B00AAAB117E33702A9
:202360007DE7C7BB57889677E6D210450DF1414D60F28DB77DCEA1C89FA4A94E7046C33FB6
:202380001FF7B49DB373DB9C9F30630796E4BCE0A0474B476E1A609CEA6869E8130C66794C
:2023A00008739DCD62A38FB2C77C2AAABD3E4094BB4C388986300405BBDE5347A73D07FA6D
:2023C0005FE3E9140D209BFF893FCFF72908B7B3D98ABC476E177349378FCD32D5E28E0815
:2023E0004DD0003A5CF3E8CC0B00B9B3824A088321874047CDD797B0880240734501E2EC4A
:20240000FAC14A07F6235D60754750A9720A1B4DBCCD2A524C795684D6BF15D09EA5EDEE05
:202420008D3E2F4384B8E105F09DFCA09F52D858D2E4E43093039A0B484FB21289D396554C
:202440002FCF17B5ADBB5E01A488255FB12927EE8A52D4A949804A8F07398101AD95C56B1D
:2024600007FD6A261A33BB9DB89233AF5198F0550CA1648516F54E563A05E864B3F262767C
:202480003E4F905E7328E02154438E5827A51BD68158FB8BA46C8EA80A3C510442F356BF61
:2024A000FB4EF1255FA3B5D5A2229E22DA5B90B91100008498ECF1CF9F6523AA039E878ECF
:2024C0006780F54386AA2100C7B7CCD513BF3746E320DD399D7E61122008C61C9DFDDE2BCA
:2024E000AA6F057F91480FECEE8A7E3879DBF8C52040F96F5929C6B8B6AEA223B91843DD4A
:20250000EBA387A2288264DF3D241D14B5B6BC7DEFE9BCF174F5060A88DE1F86FFF59FED58
:2025200052A3E574F2620922DC0C12316E5869B779A18E8697EA0A50BF20A50F169ED8A3F2
:2025400008F785BD98EFE6FDF4CAC4574DCAE9BBE5F3D7F56A11BAD282FC9C84A71BD84712
:202560003527D145C131E3B7ADE79A4EF91322D15C64FF079471FED7FAFB6CAE59728521C2
:2025800000BB2FD41631E99A2EEAFEDD1B3BFE41067E6E84BE12BFA94EA47D55D5ADC979F5
:2025A000923C09313FF6DEECA05B57CE5B4B64520AC88D348FFDE38EA77F3741C3D48B96B2
:2025C0001332C625E388ACF62AC30CE7604A3B4D91CAC2DEB03954CF2D150339C9EDB3C1FD
:2025E000AA23CE78AAF03900F5A887F1D3406D7AC20D764CC8CEF8B307ED470692022842D5
:202600007F9989F23E356F5229952FB35B35E121C618124480C5B9845E906C70C41AD4612E
:20262000BB1B5F5A445F3433ED0F6CF7A1327F8AC473FC8F80257E885984DB3F083E9E6618
:202640008632B87A677772ED69A0A6834D3E2FFDE5A79EF56FF62E092153FB3B05756E9885
:202660000764FC184D8410C6C6CF45200662D9C1513B5F3DF541B34DDD84332C64C72C4083
:20268000673C93FD9E8EF6072C24B19674A5651F2FB7A631BB0DF49DB6A0EDD9CC3CC0A60A
:2026A000CD3FE5F1039E0CF7C22853AD400FBB5FA7A4DD976962D940D42E900BE6DD131219
:2026C00062F75ABC23BA3AE0B162912D12A8C4C9E3896B38A7484A805EB6848A5AB10BCCB0
:2026E0004EEB5B25A8ED6808205BD4DD917966A408EEB8DC1BC82FA37DC1301ECFC0911BD6
:20270000B8A34EF5373C7EB83899858666898A3A415B2C4A70E970F258D6FE8FED138E4984
:20272000C8A89DF47BB1643821A60AF039E019D1B4592F4C4CB4F6B5187D55A45DB1E89CB9
:20274000A881AEEA195302D0020ACDE3B187F9B2896F29A8582FA734E43E9D26C7A2895D7C
:202760007DB6EB9FBC2A40C8034B342776851425E92682273B646CB6E5A23FDED2EF57D3C9
:2027800072D0BBDB0A3F07674EF3A98331E25071FC05A2919D5B2E854230A191279F3C489C
:2027A000AC568565AB993DF7088A93C18AA797E0E994F1AE281BD3E724712C0A6EBA1F02FA
:2027C00056D0B3064840CCBE5C965AA728DBD0B8D95BD84682AC4425B3EB48104E49E74AE3
:2027E00096C6AC86893D9A0570A165FEB486E342F3E3BD2053166A8616285E6A6F537E6859
:2028000094C1D8AD159791136C321E8DD5B0B7C660B3090544612C5476B0D4E17AE0CBA459
:202820007A499F429556983279D2EC1E3462368C475325BDFC9671D5FA09143D17F9B646DE
:202840006DE4690FB08396A8BF07377778A447DBD14C771024BD2353CBBD8446EDA42795F2
:20286000971C9EDA0F2575BE655C68614A7CD2FD252569C664DC291410548EC3A5EB06DA8C
:202880002078A66C59441CBC9356E5A452F4C0386D6662A663FD6B61F254997EE6D63B5EB0
:2028A0003080E98D37E873EA737F17083713F7D5CE98CA79CA27D18199470C3D596CAF6660
:2028C000EDBDD004511A628F2A5E6655A2E1601B72420807406343BE2CB451C9A6B5483D9C
:2028E00082B6C19B4EE1D1F5E37B3B523A67E35481EC86186EB8A95ED424CFEA74B9EF2A5D
:2029000015F32518D746A862C45FFCC8A8AC69C6221EAB74FC2EEBAAB81EEE676B818D74AB
:20292000CFFD65449350CF1FF591138093B8D8BB7E61DFE291CDF1EA012A160A3414086482
:20294000D75BE7E72B072E749F99E63FA4941A79BD3C8A2CD59EA366D6D0AF99777A4A42E5
:20296000569515C94673AEA8EA00DFD0834715480638141872A8EA65609921DDDBBC3956CF
:20298000733456B18D9D3505FD4D64FAD7D9B37281DBE66F0DF3AC31C60CD59E09E1BFE745
:2029A00057BF1169A78CACD10108DF844853DA3E58B066F85188D31031B231A4A9F1C33E43
:2029C00029BEB0B73E48FC551DBAB73780BC74F3B03CFD7DE36E454BC9119EB662F52CA4CE
:2029E00012BA9A64F7DA0BD97AEA54DB241C68DAB40913C46EADEC29B5B3859EDCF3E45FE2
:202A00003A3A37387C49C3A53F201E38DF7C9E3B899E1197984EAEF41E204C22C0F6D2B77B
:202A2000C8C6EFFA759D0B0095E47D1556E3FE5E5A835DBC095875F22BDE5D0BB603DEF6A6
:202A4000E4E62A7489DFCA34A4BFD93B3459708A4D4161FB6AD3286D05771E206524F06259
:202A6000B823506C6116EA8793389A731FE6DC088A5F841E63C8AFABD373F92B7660F04591
:202A80006904C9ABA54A52428BD82883BF932A213A652DEB9B3EF2F5BE5855F290C0C6E558
:202AA0002212FDF9FC83EAACB325EB33BE67421A85DBC62CBB3DD892EEB0993F5C4A5B8BAA
:202AC00009D3551D0ECA9A0F34A94C4DC16B0C3E924AB6A76ACD4BCC8A022FD88208957E84
:202AE00046D137E184264AB135ECB19773A571D48A3A652551F733E9BBD77E85A9025D08E5
:202B000002940C0B06A0E2DCDF7583DB791F572394313B6D18C27632A8B6EE10793F9C6FD2
:202B200065A23D643B3F4AD65ACC2BDF7EE1A874D9B9A0496637FDEF7A27E73F9CC738FC46
:202B4000968530B4CC0B6BE7CD790F6C28F14A0F8159FC7FE35CB06858B2D1DCB7A21BF74C
:202B6000BEC54FC3600C2B59600499491F59273CB39AB7D8383B77E46BE014AD75D92BA8D8
:202B800004E80158A04B73723DF630400C2125439702391C0DDC3BADDA38187B7B725256EF
:202BA0009178AD3D34CF2C7C89D73B17974F2E6B561BEA130945E209CE43460D7478764B8E
:202BC0008CFDBD38C3A03CBD6F2D249767ED29FE186D3384D58056416F87042D06F081CDB6
:202BE0001EFD9812F5C78D7E158252882502FD42047E7A3919957D9CE48EBBA1D9E45A256C
:202C00006F02A693744B0506A35D2DB27897948043D928F87C8A416456E0D432965BE99BA6
:202C2000A6934F82E5348E9F42471DDC09B3D5FFFC03A68AA66989DFEC03B5A8E55E167671
:202C4000EC39FBA8F38B0F8F1AC78AD0805EA80958855BB7403A3C57CF81C8CB6DF4C900BD
:202C6000687A12CE44576F1F5265DC5484A0F5E47FE8AE46F203441226E27463D725EA7F9B
:202C800043E1FCBA80A0989712A97B31BD82A4D998B4090163CE88591AAC2037CAF9613C03
:202CA000A4F32135506E713F841CD02FD40B9E30CC6FD3AE3CA2F073D3693610EF79167FF1
:202CC000B43AEA065CCAE25ECD4541157144C93142A37316248864AA78A01DB6EEACF2906A
:202CE0009A3DBDF74BBBD33E18AC37AD3B330E2423D75301C486CC4432DA3DF16E9BDBB66E
:202D00007F8403CEC54A2C258BDA1BBDDBE256509694DA37C4A7108A289EFE89174CBA3AFB
:202D20008B982554747ED55C4E56530EF85987FEC461707FCBF019C48374C84593C9786411
:202D4000E5008951FD5FB72B8AA849683B9F8A76D4C67DA2816BCD3A6AE403EE871AFB7CB6
:202D6000B644998D0BF5B8D9675963924CBB4800EF4B69698F1F15330677174C9E452DCAE2
:202D800025EDBCCF4449C1B00CF00B56D2B8A8E43D799D999D14DAF97EB46C277E54F59693
:202DA0005B8259E05062BBF6A2F5A87A769B9169E5D77FFD525302D2FB246A47CF4E3A27D7
:202DC000808BDA89D8488CF450F1A1C7DF6EEDD810EE785C57E37607A54D7A743A3CE6C69F
:202DE000BB90A69084041EF23F6B6005B539A379E544F17D53CC1FDFA3B902756625E0BBF4
:202E0000341A25BDFB9D573896EB4CFCA2029B948D635029EF17E4A41EF06C13FD11104ECF
:202E200014B0BFDAE61B210D7EF9CD734CD3BD712FD3FE28D3CBAC9C3D781E16A4095EC739
:202E400083DBDCADEC8763BB1F1E4B345BB3F158F41A6442A6F0611129DB82460513B26D28
:202E6000A822E400B6E80588A0E12E0578AB1F9004C2E93F118FEA4909A1FE6AC83AF489A1
:202E8000AC0D3F99EB46EEBD2ACBDFAF4BC12F628653F4E6BBAE2F8D0650FC4C95830C63A8
:202EA000B624554034A908A1E463C4FA7BFF0916A253EF004D5818244872E3B212F8E2433C
:202EC000EFF08FBF391A3A7EF73146ADB16D95F4824C41556E928D58F68E1B65EAA05F7151
:202EE0007FF853DDA1A06C9A8ABDCD929412BC434BC552ADC766766F392D0C2DC3836934F6
:202F00008DC40A611544863FC690C26FCDF6644D28478AD0FFDBBBB238D61ED146AAE9D620
:202F200041DD1D143C0D71B3D3318B0D032176583F595186BFF944691C11B91B1A1CC89DD7
:202F4000C4CAF2BEBF03133ED8289234DF9CDBADB8830F96AFC9F9DC0C6645D1E7E1ECD21C
:202F60003E13F327452E552AFDFE3EAB086E7994BC4D2CC97652C352315E2ABC57023FBCE9
:202F8000D641871677971FBD6C3AF63C279F3A54734010E7BD9D8815B280D0A41086A8A53D
:202FA000B5DB1554FD455A414A6424ADE438053704E323B82BB0326BB8559F51BA750ED31D
:202FC000036907AA7E40ECFCC2042FC7E63FC18397BECE036995A79D6B64008AFED85B8F88
:202FE000E774C4DDA291BF37F9A37F52D6BF5881565A77921E54D1F2F235591884B676217A
:203000008983B4B8123FBA391AC87C165BBDB179673E882BF3F396B4765013C4F31747D1F7
:20302000121E3F027652C44C4BFC8EDB1E43B4B3F2F26797907CE0291E3E9754F303B6E7FE
:20304000AACDCD8275D3C7B6B4C61D68C758497620FF7E9E9CF6969B13864C902E83ABAA8F
:203060007819C601B8C9AAC07FAE9186FD05580C18EC3307C06AA0507CB09942499E0E63AC
:20308000A5899247E73C55B2D13C52FD6851C9BB0341F09CA3DFE6918244E830EF5DC75B51
:2030A00058A6991CA934AFD4D5F9C895B14484CC09871C23EE5D4FA54DCBA023C6C6BED783
:2030C000BAF64448A6BAA26DB06C5B1580E6728751451E6548EDC5D604CD28E376E4DC223D
:2030E000F303F99287D516C78D1E74477C4079330403602A5A95306AD0D0EA38A8BC07837E
:203100002A5521C4F48EF128929579F14E598219494A4939CB5F76AAD85E4DEA045828414C
:20312000887225A494EC1CD9E75BD4DC9E39768249A0415C445380DE45FEB9C031BF28A5A2
:2031400034E46BFB10F77F22B5F8EBD013E93BB42C90B0596D78364E3E399684D8F9EDF782
:2031600056335D900FB7024A24F228955570BBF8199FFEF9EDD68041EC954DFCA00F617FF0
:2031800018E5622D3A358E9B5BD3F2F20DD6DC95385794046D754701769C44F132086B84E4
:2031A000A084E1983978095B8322B0B0E32488D5B23FD842945E71D405D6E42A35ECF25066
:2031C0001698449AB3885DD3C368CC977E61A6FEAFDF337B0B98E803C1CA957152C3E0296E
:2031E000A3A7F2FB516E704B442CAD6F87951E5956C00E76792B92D5D100C08C31961C5802
:203200006F3B5383BA312C0B2DF6BB00A5C8D82ED069CFFC872059945E00CB44796C8E241F
:20322000A1DBCFFA96D9775AA74F5E128103BBC54562E0D5DD7E24868F532061D24E1ED7C6
:203240006110CE278F6F3B82DABDFE6CC24DB165DC34A7C9224DDAF58D8025ABE643B4B8F7
:20326000D960B8D34BF95FC9EDCA03D711AFA257BD668EA0FE9565277F0F44EA5A53380EB5
:203280002E56F5C67282CB7809FED51B163074E41180FB211B5FAC658E88E4E5D9869222F9
:2032A0008B77EDC8AD0F67D655E0DC0078D81052000B58151EB297F6E2746C6509E5AA3CCB
:2032C000164D09A1A4AA1B2DFAF8814EE0AF5EE9B18E0C44B2970E24A25B4632927768A321
:2032E000F75FAF18FE5ACFC31FCE2ACCF5BE46F34D917F767D15F935F7C3D9141D45B5A106
:20330000573548F763286BE2EDEB4143600CB1B6FB9C19732734407208368DD35255777C73
:203320005E583D047D1AD7D08CD62C7BC8A1857BE438420259FCCC23FE3BCA36D8B1987D6B
:20334000334FF408F13BFBD52317553CD686AC8A2FEC62EDBB768390005BF8065861FEECEC
:20336000FFA2D7CA6A90BF3BDA37224E32C20C2B0541E1FAF4A94E00371C7F0B796B9311FA
:20338000E9DA4D148E230C48DABDFD78835D8FA68EBE27F2AD9E16BDCA09C80DE4D93D338B
:2033A0001A7EBDAC05FBC8464B314D8371601C42F1EB9C9C8D5BC10DE2A739D440B3E69CAE
:2033C000B916915B7820DD7B551C7938A6D29A495750A9C23DEA3839A7803B2736FF759256
:2033E000EF2A30E98F9B31301E04EB5CC7BBF301E776B42A64536488401B37D06EC7D25E8C
:20340000E443021EF173AEACD1740ABA7F240EB3CAE4279DAB9C2C44D60093958F12E54845
:20342000BFE86FC247B03B3994F13E197314D3A6272268E3BACF77B390B8B93F42E996978E
:20344000A9A2DF9C385BBF1D8F05EF404E932A2427B9E1C438F32F1F97CA0F962E53CD955E
:20346000C9F8BA756D7A24A1EC3785F8B6A9FB73F230F808CD113BCE12BEFF61FC587288BC
:20348000487268158D18510DD00F6809535F2EDCAF0F1776223083092A1DEF6A53006DB9A4
:2034A0004D985144413A2EA96516013BCFBCABA787DFA5D8DF58EF17076D4977DC54A67012
:2034C00001F3DECA31EAA3BCD3D3B656CFC85A1CA1260AF4AC916742D03974513E5B05F50B
:2034E0008B0A756E042F989042CFF021FE8C2483266FAD922FE4D3D0AE06D8C0221D738F8F
:20350000146580F96312F56BD9901865010FEF233D3FF87C13581B0AC85EDD8B30A3D6879E
:20352000C48D6534F599A296C0A094EA835AA5450F205279FEF6273847C8EB7C0FF4182533
:20354000C2098EE463CE87592087CE782A732C31C399235099C5DFA252CD6A5968181FB156
:20356000376161D454B98DFB21CB2CD79E646E2F8233D4CA8BCD2C8F12F3C2EBE218D57301
:203580004A1E48CB71619AC6EAF618CE883551877474CBAF7C16F449AEC55BFA26FB20B336
:2035A00024C7AA9062CE9700A490F92790ECBF80C0E671C716A921164FC89E4EDBC9EAB8F3
:2035C000ECE4EEECCE086DF2761F37A85D939F638F112ED9FE8D993F1D86F1AEAA8B1ACB40
:2035E000CBFE7EA75D1802E4892D3A1A9831D878087C6BAFDFCA460B3F86BDE33B48983413
:20360000E99CC189B805401E04416944E8CF540754AF8E0F5F690EC4DE506BB635084C3B6F
:203620006D461F5A87D70EE710E42EF0F674FA589A3201C22671DBB0216D61EC41D31E2857
:20364000808400E171965389D59CF0E46A28B2B3038E2A90DDEA94193164095006B2F642C9
:2036600049DFCCE71F4BF94A7AF418E9EBF3645FB74A73402CDC214535BDCAA92DACBCD2C4
:20368000F1DEEB3439FEE77328710CC721DEF8A5DDEE439CBA506A7D56010BBE5DCA582049
:2036A0009F0AC69066B5054B069D3546B5F057CD9D02016A304D5608BCB736583F13B2745B
:2036C0007CE9C3C34E7A3B1C3DFFFB2E4F32671F200F177335DCCF308E67B23F7A8FB216F4
:2036E000B0054B949A54712CF41FC74696AA11E28E9DEC7F7204BD3BF599E73BB746414D19
:2037000062E6C7CCF24C8FC55486FF5733623E600F32E8568FCD067218D63D149E414563C0
:20372000BA129D33FD687D2D85BB0D29CD62D4DFC95873BF333F931D20A51C91D687A79EFD
:20374000E113379164B223ACAE4657840DB0BDA8E796F58306634C84348FEC7C08205047BF
:20376000FF71FBAECE326A8CF7B047309B56DF038F74D66AB24019EE7D1B159BDB1527A509
:203780003BB25352E4EF3813898043F41E5C2437EA7B7E3CDCDEE3A522D1FFB7F86D1302E0
:2037A000BE60A6444EF1778B8C3EB59A3FC8728E1F3256C12E4690EF4C3912970630FEA43F
:2037C000B0025B4DB3400D3A277304E8A5A4B34E5622C4C1507F0A1523DCB705AE66CFD428
:2037E0003821DC35BCE5E46983A698A7F8F8CEC0B9D13103EA91375ECE4154C798186EDA9B
:203800007E4490C410E7E25FC85FD99EE2CAAB2C6DC90650A385011476F053A66B4EC2FE98
:20382000ABF3DFC1584EF1661D262F97092432DA9D92A97023624F7D42721A6AD00EB5881F
:20384000E7B731F63B22F8C4AA840258150D4B116FB2842B133008E35B4E13DB6E622EBF32
:203860005916EE29626CDEC29800BAABAF8EDE1B0BB3FD491BF8168CE80CA4C0EE5116EDCE
:203880002A9A7E2374348DA80F23BF567FADD33E9A1D7E91E2C160C1123537E3F7E35358F2
:2038A00081CB4AAC1A80ECBE367379212C7412C344766ECC1193CEC90150330A3221CE48A4
:2038C0008730B88CFC5AE34B367A51D65FEB83F2304835C24F7648EEDCE500FE46126F07DC
:2038E0006451318AC1C95A9937C0AD3BBF190F12871A3B3B4573B676CC7C0687DCBF1FDC9D
:203900003FB61E6F11D639EE60CCF61AF5069C6D7075E7FF9B9100AAF89EAC6C9C2EC40EEC
:2039200040E8E50396876893D9269539A8BA134914E0A3D5F8D90FD289D25C772D6947E6C5
:20394000916EF00EF5E6D0D0CB56F060813E5DEF9BE3D7870451C936A6A17E6E387891AC23
:2039600057D0A558D9FB57EC5EE47159279960A72C06E9DB6803171D7892781A646189A812
:20398000BD976EA8E8CDE631B9597FEB44D306B8EFD2429ACCF7E2D1262DB3435A2E162185
:2039A000E84AB2C8CA6466E5053D81DD7DF5366C0DCE4A8CD7341098D9FA97B1C2E7226183
:2039C0000371D87E28C8BD516916E1F87C05D809AE83697832C28ABBB9828D2B439294AE10
:2039E00034944A93AA02D5BD0E6E0604E90ED3D8F977082785A93981ED4CFB7B8539545123
:203A0000A33C6FCFF71894711BCC58C96B15112117348D6277F104349EE04A6731E34992C3
:203A20007AF0AFF9B815E4B4B9B93F0EAB24792C304262EFB0A3D21AF3C7E3B8EF995DB8E8
:203A4000DE3972DB94FEACD010BC239D5142F3406B27ED96D9C78D7D15882C356662770D99
:203A6000F99E203B34DDD40B475D6C3C047867A6F06D98219A631CA32BAB8FA83F467FD7D5
:203A8000F3A721E23FB943AE872482B46CCDBDA7E89BCA569A8167D55EB973D7214D5E5F9C
:203AA000F4DCDE985E9BE300F79ACECC3249DD897B3AEAFF8228565AD639408CB580FAEDE9
:203AC00023C6BD24398A9B4BC046B64EFEF4B094D0D162E2F961D17CBAB35D8DA3E63CC8C3
:203AE000A8EC2750778E53D509B0A30077D71C1210E899C8A833C08132AF34A292870C3A2B
:203B0000ACD685E2C1AFF3E8FB61FEAC46F90A496208F77836A60BB268B62C952A6C538916
:203B2000570D3DA3BEF664CABEE02D1813626382EFB7E4BC4CC29A57814FAD2D149CF7FE8E
:203B4000D018B95B176A8CC379B59A0D851B0D05DE80C85A929055B8A8031F31F81FE2E18E
:203B6000407F5FD27314541D5469AB52442BF21A58E80B1BAF17251C0359EB6A7DFEFA7A1B
:203B8000CECB99CF7BFAA41E7883CAB1F99AF909857915C74C5FF0CDBAD977A04C40291031
:203BA000A383CE1CD72665100D8B5EF04C7109198CBA4F261071A011F60B2C9A0DED56EDCD
:203BC000E62F657F2EA07D393A0ACFD8E4B70C9496331FFFA4541B31DF787222670E6957F7
:203BE000C058C8C1286ED6E2288784316A74E9C0CA6DEE1CAF104B749CA7B2FE02AA4997AD
:203C000059855EAA6E9A5752FF8AE7C385B088E651EF2543DAAE1624562052F787C9E0F5E9
:203C2000D83E8F01A82CE7D3E69B5F55DE74D14D52412A3DCD356687346CBCD59E7315B8B3
:203C4000650BC3907E2A70AB054354B11CC7AC3FF6EC67D22FAD22E75F125660EEB1D02A03
:203C60002A75621D969ED92385092E9DE8B20102657742C9A91F328AFE9A8A60208AF991DF
:203C80004C03D4719B8F0A838E7656E2EA3CB8DFC66A25ECE2927EB93A8DBF9CDB07793641
:203CA000F63E82543306EA1347113248C96DB91E414E7701830EEDBB3B725CDDC82F366131
:203CC0004EACD28D060A631BD9622B962E4DEC0700AAA0D1339B69DA28D1CBEB8F0A195AAC
:203CE0007CD72DE6BDA35CE26CF1AA96C0E539E2280608249B42DA5C2933738ED7A00A68B0
:203D0000A947FC2500D9BEB12647150E283C89F6E4EA17C2620A268A681EBC8E48FAF2D43C
:203D2000FD82A51376B56FD032EBD5C70D5AC28C5ADF357231FC36AC0A1D0EB28B1FB7E756
:203D40009F129278C83E5887B66553891848CEECB26CCAFDB01EF20A3AB5D1C3481743E6F8
:203D6000B87F291C9E7D611EDB3EF61BF10D935E151A3E2C867A42EB1E706D8A26EB7C1C20
:203D80006F4FD4C69E7873DCC8FD25473FB1FB2AAB70F9C55C180F99DED54BCCCEA24CD0D5
:203DA000ED0CFA407339740AA62A4AD3AA3DED979BF66390D9FE3F5AA36CD154E8449A4917
:203DC000593D0250C3C84EF09C4DCC88DCB850EE0E34E457A636BC7795BE68E91BDA4DD0E1
:203DE000DC6B56BF372BE7D6D3EF132E7A2A0E782BB3E5E06AC86C38DB5278520F6A4FAD36
:203E00009E1D5D54766C29047297878D2F9C0E7A1BFACCF4CEBA39E49EB06A586DFF872812
:203E2000C6DB7FD92993FAC1A2CE906CA014383F0591035B7A160AC50561A4C3DD9EDD897A
:203E40007D2E2414F7A644578B1B9695789D740E1201F0DD15E4C62139EC905B0651391768
:203E6000EA9CB4CF89AFEE0C540601CE5D3CAA2E69D1FD42472A574161D995E7911F831BE7
:203E800036AF97D086B5E029261739E0F8FBC2E834899151BAF2A46DA6B11A312511A3DDEB
:203EA00088EF36E097C102F528D7A693F0E1A48498B213D3134395EC30FB89FF6B2D82A57C
:203EC00009E3F7C664DA3CBA83CDB0AEEDF6394ABFD3ED91FD261208263F491A0B7D06BB93
:203EE000E013434C940876BE5E82C0FB99436781D17486501EA10307B006C24AAC09186638
:203F000037078338CF53984BE27C3C4099CF1773F51D46DB1EBF5032F8D65C56F6D7A1F067
:203F200033481D53BFC48AA736458E4698A33266545795F9A685E2D1233A7F0893F2879F1A
:203F4000FE5D7B650A62341A84651CD53CC59EA316A9DB715EFD9F2C5CB79326285FB4BC5C
:203F6000C0CE033658367EEEF16250B52D3F4572629C800CED2E708AC9D7007960270E8E2A
:203F8000A0241F8D52465169A7C691AD14190D1A60B7EC92FC203D3592212EC9E0537F5F82
:203FA000C7E636339F9C93D5CE1846869959E0E53A8288CB32DCEF73E01D86DE53EBEE755E
:203FC0005D9CAFF1E8402E788DE1D9086309A5191585BA7E38696C8DDB546E7F5FF5421AC9
:203FE00089CEF48DD538089B0DA8B1FB1B3044FF1C49EB75B5CF9ECBAA4D4F76AC7B6593BD
:2040000073056CCF0D8E0B8576F5362768D7A4DF7455847652176C7476909289E3843E2B3B
:2040200044C87F81394A1E80EF51D054F305AF014831EB4AB748BDD266A69D81AC19B5293E
:2040400024A09569007228D2A042E74964C24CACBE668AB98B6A7B2BA316DA25AE41B2D4D3
:204060003A1416510B1013C4B252E3CF6216632AFE7BC88A76868DC85468AF3F92041D76EF
:20408000AFAC6AFF022BC69E4D092CAE950ADDC131F80C8722A2DBF1A2258695FF6ADE5594
:2040A000AAF0FA3B8BCC29A898EE2AAEA6A5A0BA7F66C07634C94DEDB5D4C6F19E7CDEB9C3
:2040C00054692CCF51FA242ABC8946963DF0955D0F4B4B205700CB06B4FDD719174103EC7A
:2040E000D59E6981FABD9F6BE162E63001F1A4F10A32154D31513D82C72921D511C13635C0
:2041000054171A1B2F1D82B42D0274429BB2B6C097A086C46AC38BAA18DE0CEF350560DB8C
:20412000F95DA5639723B54DCBF05695B23BB110DF1F064FAB5E9DC6CCA7002D2A146727E6
:20414000EEF77422DBD6207EE1B4F6F1EF927F2A0A36FDB49C2B5B1E0E09655998F73561C4
:20416000586DED1FA23FAC8F98D7BA1EFAC106563F6ED3BCE431AEF9048EA33929B4B0D130
:2041800062487A2495643FC717E00CE37AD030DBA64DF02F2B797CA1D6BD22968355C2BE27
:2041A000310F82F75C4FC26F8757530918C5E303685DBCD51B09AF5CAD1E4A374EE15272A9
:2041C000F04A6D619E081ECF0FC4F6597BAA0914AD26A0765AEB2D73B13A84E633614733AF
:2041E000C582A22A0395392FD8B05F984B8689579C2F02D99027E02E09983669D9DC8B4A47
:20420000D83D8B1A3500FDD709A3F59132624B145E004BC766C3AED4DEC1CA89EA5A05FF61
:2042200052068FF9D951510ECB23200BD64537931A21E40883C981AF573BA60E0BE49D9909
:204240005B62168E9A8E1C1E46BA48CDDF37351BF91B3364914040059D9034C0E6803B623B
:204260001ADB88A21DC1484DA1EFD5A0F6412DF52374A2A33531D31FD747DA672339C7A0F8
:20428000B8F84EFD0DF1BCE4054A2F4CC369076ABFB7988C19A321452EE902CA6A14299C3C
:2042A0005D41CE671027602A9954BF99EDB9ABC0F6697DE8E59E14BECAFD13B2611B4A9E0B
:2042C0002F3F71A8CE6A1C698694EB4F1D39013FEF14B87F412B93D4D20B75E7B35510ED65
:2042E00059799F87F1C2D8E7F3931C35FAF0F231D33FB319D35087CD6E9C8F3106CA64D34A
:204300000178C1CE1E377CEE09D7BB142DE664DCC973D57E4617D6F2C837CB5803832F96B3
:2043200050C23D43FFD2F0C4EFEA2EB45D23408AFA3786754088698B056490235187577FAF
:204340006DE17DAF3C9A1CB1CE54DFDD33B06F818D132EC869AA28E050AB475B98DEC6D62F
:20436000805DE7D97D98E9FFCE9B34575694D809AB8F353D6B85FB38CF9556C8829162E33B
:20438000B3BCE58B69D23DF4164997E970D7626C7C34049DEB21CBDDAAA92632B5A715EDD0
:2043A0002C88DE8BA85202DACFE56F5D2682F7F0278901AF94877E150A6F1F61D928C53EF0
:2043C00013483AA2E3201EF720F82479229B7EDFD517953D0BBEFE291770A91D971D5C1C98
:2043E00091856098C2427B9432091E060C2DDE7FAD64280DFBCE3161F8332D2D978DC1D0CC
:20440000CEC6BA35ECC2FFF82DA0C4CB8B3D0119D8FA23E90AC00104D641115A8080DCA289
:20442000F193AF410AA7946D3846809248D5CEF47D61EC97E09B555CD820BF6CFAFE95D9D1
:204440002274A783C3FA21397B81B921EBFC2D5AC51FEDDF266714AF275A9D2BAF10D4BFA6
:204460008BF20AC4C0C28DA51FDCD8411BBB0691D8BE8D8B842C2846EA77155E44BD819A00
:20448000519441CCA807C2F94CDC43BA801941E2DDC63361A1F378694AFD8ECF640E84B3E6
:2044A0009FE3B26324D2A77D290B6354C31EC795FCBD492B26C3EC5F6F767044B509C55254
:2044C0009B66C651DC2A2479DFF0A0D78CD27EF25F2D36AFBAA56C7280692286DFB82DBF4B
:2044E0006DA5E55D771721349513630A823E4F412B9D62B606A0E0E8A55F0E5D8B23A241D2
:204500003E2878519EA186F774FD12B64E6922C98B963507B2BC300A08DF9B9061510D21DE
:204520003678E5F3F8D13B0AA43517A3985BE0D3A59F176C65014520CE7131E9084A57A872
:204540007C1C960C2EAE29B54C43D899071D6FA7A14070ABC7780572229D382E2916661B96
:20456000399CF163E740364095B0BF6043B6B98DA801A88D812859472AEC18286BBE24C543
:20458000948160C2CC904BF2A60332BFF52EA5CDE26B27DA3B1A29E90EE53A9F774978ED76
:2045A000B6514AEF84A55114A8C49B80C58E1AAE7605555A9C545E9EF711045BF4BF49DA38
:2045C000C69717B3B8882EEEC27C61695ADD02798C579BD44DE0DEAF0DF6DF238B2881D584
:2045E000EDD82ED6103FCCC81DB2EC435D2344774EEA5F12F6C69364771E34C0E48D072653
:20460000539EF92033D411EAE0EEA4D57568C8EDE2450ADA3E0C64045E1169FBA6F5C315B2
:204620001F70DF59CA4EE79B34B8F1E94BB5762670F105F5CDBC38D9E955E89A79699DEA99
:204640007AD748487CB6352541993B45861136692174B72B4CDDF9294174176507F07DEC0A
:204660008B5A9CB6F213E3CE2E18EAB2CF85F0FD1C58874363788E3D8DF66026F5924B6407
:204680007B81446BD46DD8DF24BE66F8CE188C2B8A24DF07B994DF5DF6612AA3EE57EF9A8B
:2046A00071D4A62FC9CDFE9F4A1117DF2AD2F23B9361263DF739D4D0A43FDCA5984851D69D
:2046C00096DC2BCA793A3C58C99B662F8CBB0A755E96C3AEC46F55E0BE17E0F49B6C5A6036
:2046E00011203B038DBC7A50C8E4B9AF9BDCBD20144B2022C93F4AD36C729D58A0CCF07F5C
:204700000B283FA3AD5BA0D170727928003CF186DC09A461AEB09BF2D8D77B994F6EFC7D07
:20472000AC7D9D7380209721E8CF0F6362E38FEDDF56B7321ACB308527CEE27E4F5C67A03F
:204740001BA6BF38AF1245885983E1256ADA809E45BDC15EB597F1D484DF3AD1499E173100
:20476000812B0BBDE1399350EB145939C028AAE135C32AAE281CC7261593EB58E43AF6774D
:204780000595EBC9BF9E69BFC50CDE660BD5F7FED7F25BE71B6298C502715DDCC93AEBBC21
:2047A000D06BC623F148B01F10F3D773F3EA4E3C54D1BAD435724EF77402F9249FA5DD4680
:2047C000093504941E3F4EB6F34FAE29226E96E4D4E8B03C1F53CF0593CC25FA0F84B65F6B
:2047E000D97C0CE4EE8C2DCD97AACA503D69B93E7EC0A6E6810D053786594A24C1DE5D4DDE
:2048000068C648DB0B3633AB248B93B0EFE49E927BE0029B01A9D6D47631D16B5CBBBA58DB
:20482000DD9E1F401A454A9AC17B7110DDE52D28F3D02D234A2E2C268ADA20978924B5CA63
:204840006189F9DDC6C259E09601CC39B2774E470D19904602A4EE73EBDEA170EF1F36E973
:204860001B113E78B4B448C6CCA50CF4149FE939F14292CCD2130404C0C5BBBD37B725FF0D
:2048800034BD57DA8F23FF948BEF9907AC67E644C8D39A7C618455213215D54808F16A5235
:2048A000D315AACBFD186592FA68DC3A21D62DB1BA55121F58FECB11695859D70BD7ED2AE6
:2048C00021A2A013A699640842973B571BF4A7C8EE4F617D5E8A4D1E8C15AE33E77097D11F
:2048E00046EBA27934B1E33D8A041F2444CA3AD08D49EF5E1C2FC48EC3D53C2445C44E8EE1
:20490000697916C64C65CB7AFB38F16B415FCF13BECB248A39F516AA381F6B72CDDCFBA82D
:20492000B2D265C298BF0207BDBA17F2BDBC4FD7AA5E68C85EE42CBA107BA3E426BF876807
:204940004A80F835C0C6712CF712FB825EE7A065788923E23305EE0676714C43F975D81669
:20496000590B36E76C820031D2C903E2CCEAAC0551D5BD9E5F5F44D5908ACE57ED07D8FA53
:2049800006F986A043FC985D756699DCB0CD59FE5DC99EC58BFA1771864D91E8AB7C6D5BC9
:2049A0007AD45227ED3B1FF908712436B296919AC3ED2E1F5EDF4D208143FEBEDADC8183C9
:2049C000DD23014513477F4DB5730CB9794F3B1FACC9D6738115D02BA9F27BA02330FBB851
:2049E000566FFBC25D299EA1A2F3B82DAEFF3FD63FE6FC8B9BA486DA25E471582E7FC34364
:204A00000D3FA76672E8663DF779925AF8AF8507A5CB0A2D559559741EA149ACA2D1C16CFF
:204A20002B1B6FF8FB8CBD68DD8D01070066F4FA0500662257EF3043BBAF6965282EDD7A2C
:204A4000D88BBA429F1E8D6C7CB86DFE6E2C76F6880E7A3148BAF28D25983B4B679FFFB7DB
:204A60003B18F10A07A5BD8FFB813E05E909F245567CAC24D1FF899B83E42525082B0F6916
:204A80007D497A19DA29351A8271DDE51906512D96D266C299C5DCB5FE1991BDB2DBF5D9DA
:204AA000C5A7BE37C1B3DD553B0EB066A72A79F771990FD24914D322BEC1E6D90EB6994F28
:204AC0003CB9252B64499D874CE3204F3B7E53EA0E580E1D88F4562CEA638C42C3C4E31206
:204AE0000A0718BF6AF65DF9DD75966A7C08C7509697CD6BFF6E4D19AA88EBC07A0DBC6C67
:204B00005619FDB97CBF05F4174E787D13D2BE6F30DEB3835589A03228B76B1ADB9A0AA356
:204B200048783DE241AE7DBE21F52F51A7E41E9105B6282F334E38BF8978741A8D72B700CD
:204B40000AAB410262CAAD9F24F224AEE144D1FC3CA6943541C3FB08F8536E86399DA9CBD0
:204B6000C13A70E1861B7DE148CEBE5B69FCBDF8FE37605E26F2D2549BD1C1278624CA4C5C
:204B800098AE314656AAD6CBB4106422E614CCCF73EFF2728BE3A5ED9A79D5C51D0E00CB6F
:204BA000B58DEEFB797E9EA4914080C90192E5C7C259B339179D5D191ED41228A563358F0F
:204BC00040620EC6989FBFB506E679196180EF2A14FA0B7B7328E0214F68E117C72B50E13A
:204BE00062B2F9705B161F463C8BB7DAAEE5D43E905C63FF468C184D54C0A85B2B6F3909ED
:204C0000420716C169EAA89E5BB6A2D492CA7B4C5F06218E39D1ECE45661D0BC7837D84F2A
:204C20000AE8CF806B2340078AF0A2CEB336CC9BA880AFF0F40043307CD5C202578915FAF2
:204C4000DFDE8B7708CAD1C7F1C01F92B931AF75945373ED1E210777EFA3E5F56F6FD85441
:204C6000EB70B36CE9E64227B9AE81E64DC40C204B06D74C5F3A1F02D653A05D69F009A31E
:204C80005626AD28B67F7B6F0A42309317F5CBE5F42141D7615573195A6D5D01EC14903085
:204CA0004888E273169E64E70B059461BECED40CB72C1B54C979EB03A37A83AAA1E4554376
:204CC000E81FBA14B149E5D7E57E1517EB570FDDBDB0CC8C42AF6F0AD8027A202F674024EF
:204CE0005E729ED5308BE686BF361C7F459765A02E35BC4772FEE774218BA92B40A63A1AEE
:204D0000D309F47C3B694F3DC2B30F5F7596BC9C3241534D016E3B8AA79F7A9379A7296E80
:204D20006F6D25D279ED0844167F5880225CFE1AEF5EF9659807539492C5541F8474F76998
:204D400059259A9F931EF9E3E2225DAAF5F2116290131659DFD217DA0A869F9909158A5036
:204D6000BAB9BAAB30040B624E2288A4955FDFBC3BE812EF7DD670A33668C4C7AF90CC6E63
:204D8000B9B2ECBDF9A8240884094038ACAB4E70196655F01B1B44393EF529711FEFA30A19
:204DA0007F979A9F96112D1EA95EEC2CDFDF48C55114472360AA7DE24BB53761013AF96B59
:204DC00033F02B17AE470FECE8AAF649D801B4040B7B5152F58A01E7852F565EFC77B5DA22
:204DE000FE4607EEE953B0BA6774C5573F1C79767121D94381C3BA9013EBEF2FB8B0BF9F75
:204E0000081F96ECF13CFAD04E44C11EBB358160A89049BFAD5E8E241D71689DDEECFF0255
:204E200078063FD86B0AD475C6A25265F556B30DDB50078E216267EDCD4A2B7016345D4BBA
:204E400076806D7B02C625F3F717E0F69586F7C430E77D7884D72C3149FD9E70078FC1C1AA
:204E60002C17859E5C77D790082AD39742CE35CCCFDF11457EC6C539B9122B645A0513AD26
:204E8000C052F0072125D19521649311A434556EE1C02DBCB936194D46113916B69E3B572E
:204EA0005AB9167FFAD8FB4A6C4C882C64C340F28E1038A7DA2F12B418832F4CC4632107BD
:204EC00023D55FCD8F993DF60E6A1BAF2A80DCA0FD599ACC8CB997B856F077CF2C5BAD05D6
:204EE000422D34BB876F7FE23246B2649D7512BF5722BAF375DD919F28DE7867958EC8987C
:204F0000E04AFB0F8A63A957FE69B71166A9CB99C3F402E63DA2E6B2B7D79ADBA705580AA7
:204F200025B21E92427CA39B9A5A907F2D24ED746A56D96C8D117F392B6245F50BC746A15E
:204F400038EF030C54C255F62FA1A77699EF619974D0A74C0D30447CAC08E17B69DC7BA6A1
:204F6000428914456B3DA8B2E5C762BE5211105008EAD54F64091DC2604FD636684DDE606C
:204F80006A06B7042DF68216E3532B1E0192E1E14E2DC93D3AA4F35572C28DEEB1215619C0
:204FA000D9F0561342F4CD6952CD695F4E7BBB936F20ECDE3907AC7B08E66C6BEC60CD17A0
:204FC000B6CE5838533F6FF459BD8349E0D388AF934CA6F9073C327D4B45DC74C0132AA40B
:204FE0002A29253C08E052FF21ACE3A460A22F7DE13760584C4B6BA3626646D3D5415506FB
:205000005D8825E608DE5CD1D222F03875F09845826B80C1B13A413475D1104ED4F235857D
:205020007673C000FC4177B493A512CDC8C6AB4F9E7070FDDD139B7AAE0FA4AE652EB46B7F
:205040009E725E508B128AEE8CBFB12A002B50E25CCC96D47ADE60BB33A768BA2FFEB9FE15
:20506000FC0E67A05E587CC8E6F73518C6286F48E4095C0D2DA17A402C21C63CDB692D8830
:20508000B9CE43B61C1B378AC9D5075FC2C4F0C75FAE2972A066D051C20625FA1078F64FD4
:2050A000FC3B5A5A6E63A27C5CE28DC79B07BBA8F54464C97B344A351CDCECBE7732FD9C07
:2050C000EEDB1456FC39A5E6C8A53018FAF9B833CD5277DB6514D036642E854EB89F2AB6BE
:2050E000B639DA716DA4280F34A7581986A3D0AF1060C970070C4A9ABF8157727AC766E703
:205100007EDA12726AAD1340C96E6E93E80CE966E5F7C2500927A0AA575FCAF465B39775CE
:205120006B4826229A5B4EC1AF84D84EC73CEC9E759ECA42126ABBAE544F469B226AA6A927
:20514000A70A7C49A6B6C2DA0D710012CC3CC2A0E7DD490FCADF81EEDEDA332E59F47CCB06
:205160005AA87EAF35C655D30BBB4CA79F1351B4643CA77FDB8DDBB11B86F976B15AFF2376
:20518000ABAA921BF094F0F3D3EC26D4E7C9832114444C5AEA7CB14136DE003BD3A319F86D
:2051A000C39922567E277C838A8BF5624C673F311E7CA168A2B5ECE45567B14467D7B194EA
:2051C000CAFD95298987DFCB5B21211A78F46C2AAB6C0C71A83F72E3A1AB725B14FFAF3DEF
:2051E000E75C5359B6BD03136C3512C11078F455E29DF63CA7222D864131AC468221FA3C88
:205200004240C4B1AFD0CEA3E54F2F22BFFCBEFAEC96C892456704145D81C8CE5A487CD9A4
:20522000043050F81CC82AC2EFF8E2042B86B261F0DFE83B2A15DED71F242CBB44791C5B4D
:2052400055B55FF5A4AEFEBAB2B6932EFC21B8D11701C0FFFF34A515ADA142D5E7BEC20C7B
:205260005C565971F08932D15514A869DBD2B8948983B6A66CCD40172F8071E4EC1E563235
:20528000429BA634A861AD5000978A7D70A39AF06DED34F718E69725CE4A20AFFAA2C1167D
:2052A0002E0CAE06733E597FDDC9A132629B462EEBC8A1BBAC8A9286B186B9FFBA50E9004E
:2052C0004932D9AFF9291DA51131555059C2A5952D9B65BACFBE198402BCA39CD432B737A9
:2052E000BB9490F6E329E10BC7570F9EFF219D6F58EEE8BC2A8C1465E674464EEF5013058C
:20530000ABBA39A5D9478DFA25C435E5F9BF1702974A918965FB6B7287370ADDB3B0E6B0F9
:20532000412D3E82828A0AB853FF31EDF2A5FC981035CAE8271306F30D8C5710CA5C1681EF
:20534000A774055687FA3E8D7A90697E90D93277EB39FBA318DDCD30A0FC95B0D95C8DC071
:205360000217F8E88F9F12C3C20047607B65A3E751DE8A80E160A970660E2C858BB631B57F
:205380007D9F7D0243826EA152D6315A5C5035326AABE0482AA580FD8A4A84578574ECA813
:2053A0003D93FE6A4BAA3B6E539A9136DBA3D29F5D2865C29AB23C1D323805EE729EA5E031
:2053C0006D7BE2E94E1F5F73ECD5CEBA9F65617553DD81B8DA91C31987611812F83A44A6DA
:2053E00033E09147F5EAC4F8460E50AF519ECAFD73539DF0924AFF39B04C238ABF52B0420B
:20540000B748734CE712504488CD7FDC9857F57FE6111F3469E3D6C4D581901F70EDD3FCCD
:20542000223EF0C0CC9FEDA1DB9AC30B1D97CA42D39F714A076632042089C599B314941B13
:205440009C47706A4E9A825567FE8402886631906386F9FA15DAFA3FB7EB2CC02FCEDBE9E3
:205460004CED5B13130AF7A953802A8A80CC12AFBD4D210E3B4816BEC22F2B5B8D2390AC41
:205480005BB71983C3F734E5C8A91D6BADD255E80B7C504C20B76DC96ADE2C34741B9CAD26
:2054A000F12D128207692051EDFFC56DB87FE283729CED7E6D2FE9A7D67F96118DBFE53499
:2054C00034D8AED88769A535EB0C8B5849DCA1C81C34626AC9B971A2309AD1BB801654898E
:2054E0004F3F564CEAFEAAD8E958D5F307EF7AFF31CC16D9DD5BEE009DB745FAF428D1F315
:2055000068EB70A8D831188310690C079BC2566FD8EC7192511F460A475F5A9592FE45BB22
:20552000A86266B2FB09D57E88C9995CAC5D1B613A1DDB5FCC0D620856197856019F962AB6
:20554000362E9E33F88ECA117800E2BAE3C6B31D7FE6BC06F62C2A42F26E0703E913AE86D9
:205560003BD682F27AC8DF84089451E9E80704EBCED07C50788486FF41E56F65F463731787
:20558000DEE378B927C0FD1E620F4DB06228F8134F628305FA1D5F896E061844C896CF27B8
:2055A00048DCEA4EA77D0A28ABF93DD9FA2F76DC2C243AED23009B269F596A680DB4A9FC79
:2055C000A0493F7AA307EFEA0ED88B2A572665908A9E07CF9C34241FFD67CE986CC6E8DFC5
:2055E0000FB3DF05C36795ACB1369E6C2214AF75945953750CC1E0BCAFB7AA9E8CD3761896
:20560000BDA132B7AEA4E3B6BC9ADE6602023BD36FDC87A51CB0B944DDD1674017E33AEFF4
:20562000D19BA0580DC6C04F588DB3E2A0F7F1F446AF092874089601B13E6E47B2FF1CACD8
:20564000732991AF87D616C1AD9685A6A3FBB91F3F5B43C6BBD15E395185267A072D04964C
:20566000CDD46D85C5DACC52E23DBC7CB4167B9B82679B469A13FB35E52EF6A3BE77DAF64B
:2056800004239CA26EDDCA4B1F0AC02A7B511FB1385B7B72B8D7543D96C248887FE58614D0
:2056A000439F86CE2BE4F8F48E86FA789FB38DA989C04A10BE2451988BC883F3F17EF138DC
:2056C000B0CE93D1A4F93E945438D030C945AECB9C1C70E95303DA90EEC80EAABC4A01AA76
:2056E000733A2C72802384749CA8AB18A00E685E9AFA55C5207BD76BE44A537589519FB19E
:20570000B56BB77A686BB2DD8C5FF4FACD16A4ACAADF616CCC94307297D7B91E009CB49746
:205720009EE89EB203D7B0154CE4119CF7654BFBF555FCA50056CEED2FF6A86BC83226A27F
:20574000553947DFFA72666405BF6CC6C7044394A3E38E3964CA9724D33088268A1BDF1B41
:2057600003E61CCCF441BC14DF796B42E4FA76BFDB127FF19FF7745EAC0CC215ED60C54A8B
:20578000CF7783409A4E9B6C019978D7F84FCAC4C56837935AE64DE5E212BC019A08C2765F
:2057A000E275E60294A0E9B394A7FA4CA80B29EA8A6F1EE73C9D0BFF9CCADFB1381BBDE8C4
:2057C0006368ACDB893F9032BF2C596A9E377A7A52AF9CB7EE2694F502BD93EF70A29DE9AC
:2057E0007BD63D9321347631ABAFFCF982DBA5BC44AF1AC91789D20F3E724181EAA34CBF1E
:20580000524901F2058685F77FB84DC1FBFD91F889F7FEE660CCAC9475714F304D29B1B21F
:205820000F4860C0DD3DA3CE64CFB389B2A72876480FB2D671F909CED24327C44139B40CA6
:20584000DB5CC2C45062BAFC827D961B4FE0517DAA809C61F117D3037A6F2F0570DD3D13B7
:20586000DD0B8FC707FBB1CA00495E3D79B1F457D7D0264F892FF17C987DD1BB7F1C341152
:205880003EE02F91AA13708007BC74B8D820FA4AF68AB767E0484B8152F674AD19FF814C72
:2058A00025600AEAE0AFDF66BE5C3E531538499F3033B6729F6AC959D0617FA4E48C0D0D27
:2058C000BB15889A51D9E6C44EB425D8D8FECA9EAC558D396D9D534E3B465C6888CDBE9B60
:2058E00027861268A6986DE1DE49920DC87C658E9377A381F3EAD1A6BB2D72C1AECA7D4026
:20590000923B0E1D87F55C0697A5EBBC8EB903B90C226015D8582BAA779F2977FE8A334270
:2059200024BDE6819BF69B7BA14F99ABD2BD8A6540DD2CBCC5F049A29823E9511F15C6EA48
:205940000493005C8BA6128823CF05A33B91E4DB56306F3D62B913D645421A18BA732080A8
:205960005B45C676FE0AAA7545AE966B713CF76377A3916156BB728DA783249476AD274C95
:20598000505C9E979D2C49893173B3CD1DC6AD44CBBFFAF04AFE4C11E66E708DFCC9C5950A
:2059A0000C5FF2861013D80D0CA6C68FE738ECC8790B13B2E58B8BA8298B64CBF3D2E1A508
:2059C000B7D6290CFEC7404901CF367A76999E35AA10426ED069159B9863691504CD62C294
:2059E0007849ABF11051678535776B5673F1AAD48554F0EEB2A0D4325D7DE835D7C43235A6
:205A00007741E0FDEDB83709D325CDEB8548F8ED336186F83439AEB49D6147F113BE384644
:205A2000DD4630F73D04971C0162C40055A770C8DBBF6A55FE3B8D6B8398F01260C45C3C6A
:205A4000D2DE03A9AA3D6E08E7B5B85F8A15FAACA6F406CDB7AE589D34A9496068DD86611C
:205A60007D93C1D9DA6CA613AFA611CECD9B7EE3BC8AC127079AF793DB1CBCA2D0119EFB58
:205A800007ECD250759926867EBD3716C640E4B34409022D980851959E7AAFA243688C531D
:205AA00097719ED624CAD6A97F8392FF1C0C146566F733A50FFF50EAA54A8C2667EB38B170
:205AC00056AB8E338F099EC3D77F8A507807F6404CDEBB581788DBDC1914BAF7E4A18B5C49
:205AE0006C21082E5D5D661EB13A88D3813A738E1B45020E56AADAB12261A1DD63936B9EA8
:205B0000005B759036CF1600333AF24EE0AC7195FEB5708E746D36B2E7B7A99F8CC7C1BD9A
:205B20003AE23E21C46596B28509328A3C65D99F1BB56DA21AD9D52791A13A070647760210
:205B4000433DC9A9AC29CE7CD02FAE4F3E6E94F29ACD6110F0F7A05847A4BCDB7A1B70B513
:205B600043F480F09923A7A53C32D0648ECE89D6A485B4A19DCE7F8C324A97E48F49991E9F
:205B80006190CABD315A0777F09CFF93D38D9F956166CE1DCA665B0D7A1A33EAEEDBD885B1
:205BA000C6980EDA1CD6D83815F4A2A2B5B4C076F8F7174C1EC81A21469CF9B53ED8143153
:205BC0009A94B60D039F0031D2C3235ADE4AD3C091C0F8F642FBA611BE594F0C2849376B7C
:205BE000040D291F8EBE69AA5090E983F357BFBC564AD7E2DD07E5250CD89EB85435287B2F
:205C00002C8ACFD8643AF9EAB6E35CE59FE46EB26D1C1DD998F5C1A455A14F8269A4CFA96C
:205C20003B9310FF2E1B9A3B2D44E44788F7C7E9FEBF33A31BCC21D8C43DC82F109F143D33
:205C400059B0545E936933E3DD3CE973569BB2AB32B97F080D94EC077E33738AF02CDF7E87
:205C6000AD6A03BB3C2DAB2BED52D32FB2D5173E30946BD016560C7AAE0BB75AB25618B563
:205C8000604885DFD06FEC5B860F0A4444AFDEEB21D75EC2DF1968797A4EFB66FD22A72AC9
:205CA00099D34292F835DDBBCFFAF67AB330F0FA2D0BC0A710E5E84B0A83A9777A9A7425B8
:205CC0008191A39B5C896693F19B0098A76033B37BB7F84751C2743A87322855D0C568EE32
:205CE000400C0EC4A3726F2A137A8E68CA48905E3463706A48B9F48C19E4E0C8A8AB69CC36
:205D0000FDCCECD376F9E0C95E200AB0C1EFEF427F988FD8A0D1508AE71F3998AA556009C2
:205D2000E157A6917C24A1B8FA14DA39375E39A885DCBD58FF13707C1A6E9B8C7DCA36EBD9
:205D40001337A2C65EFD9B3F0EDE68CBD29B54D86EBA62B40E853DAAD9566E6ECA12D1BB79
:205D6000BBF44A3AC38CB4A6C2071A2E3AB02A1A61B7E6B274319D5B4D611A0438361BC0A6
:205D8000031405B454D8D5343F165A2918A4A2B6865DB21BD91F79D99E160717703DFB445A
:205DA00011213AFEB9E9E732AD938F851480A3F306332CB6E756BA6AF3FD9D6E192F588D9C
:205DC0000DA353DE99C7D0E83406200AD54B171B09C1BD4D44DE4657749F45D3DC151CE465
:205DE0002020B71D9C7B7A9EFAF87780040DE574B690CDA698BF07E84B83650C61F62E91B9
:205E00007222CE836B0CCB9C2AF1FBAF48CFF5473627C58B8C01E4649D3267E24FDA76DC92
:205E20002A3000D7AE82AD29EA77145F4A982FDBB10E0BC2C7ADC4159532B11D4FC9DC0DFC
:205E400070D3B5E30CE5078F62142A57B2707B7A4ECE0913F2CB9141580DAD8508CC486BED
:205E60006E91556D2E3EC014BC4FA560275FC16A35EE2648B5613231114AC1E123EAA23F6B
:205E800049F5483EBC94C2011DB0EE42516EE9F48FF6C927B7798F2DE67257FB472CD2D171
:205EA0002C84F61E5DF0F49EAFC06BC5D9A4DB60846F5C7AA11A907CFF0CD6991D98C06900
:205EC0003DC8C8D4B9593E329A0685B0670A7FF63BE046071A4D1D6885A0A6844C39554F18
:205EE000A448242A79D78807060BA4CDA2A6BDFEDDD1EF97CB191E37A0B72F847D1477CABB
:205F00008A8C73E64572BA631A5531E233827EBF91CABFF15C867B3277D8D86158330F24EA
:205F2000171D1ED1C433BD8FFE6E92B8C1A6A88280541EDF749C1CA1338B0BE2849D06A3A1
:205F400072828BB39F2177D3DBDE3117F518258FD1F67427BB64E9CCFB5830D0AA5A4290E4
:205F6000C44324547E45D176D92B75C777E2DB2EAD392992DBE5CBFAF8C8ADF37173AD33AC
:205F800034E9507B07A5B3C21FDFC58FEE0CB4A73CA4A5E87927A8755262EB1382EF2ED303
:205FA000EBFB76F2E54B06FDD6818B38039C9741A5BF50F140336A8330AE52F884D6ACB9E3
:205FC0001001007FBE3FB070259A2E8B5D9C6B4511129374D510F76DBA354B692030112E4E
:205FE000CC8355EB3B879B6335B1164DA5131AFBA726D43BE3C6397B1A7E3C30FE0644783F
:20600000470ADDFD032DAD1D2D4EAB49820A8BAB90827C0C105E16F475128E13C55F2DDFC0
:20602000A81D007FBF39D0E836FA54469D88A69DF3AEF4B004DF7822F677AADB1E44B4ADC3
:206040001845263716B1EB0A783B7C0B9D955319F933A3EF6851464BC237F650B0BCC12856
:20606000BE09B7EFB19FE6CC1A9C88612B397A66CA98F090E4BD68B804DADC3924CF3C9A6F
:20608000C3F11B6D370AA97645A2E110EF7D03CD8D65455D1F2AC5B1E2E6C35F21850D4917
:2060A0004E85BA7A51FB1B5020D7EFE09068D6966B23091CC2A0477D84E5138B50E71C7E47
:2060C000884EFDDDA77926A2D4C21A99B703DC098B59A3967427D566135E338358FC518001
:2060E00098D34A60E08CB1B388EBCB020B55FB6D168F7D93DEC857B2B7DA8D0FE3CD959944
:20610000A79C0AC9A43CA5CC65DB68E435661C0C334DFEDBA88AB6AA97E088F99660CE0F13
:20612000DD32A6E19D92E83593195B07DC3E282C0B1C8E357976D896DCF88C081BBFE62B67
:20614000611C847071956336392D0A33A9E60516C583956AF992A6BEADAA01031AF2C3354D
:206160005CE20E3EC84EFE177FA0DF3043659D128A0B7B43D1E80869337F50B33AFF4F75B6
:20618000F50DAB124BC3A21F8EF940C554C3D667823AA985A980E7E196FEDFE024F07032AD
:2061A0005524C2B5A1FE35978EC097BC81089A5FD49B85FB2860296CFDB0175180CD10B62D
:2061C000A3AFBDF07307A0C7A77E4BDB743DD040A9B3786CF792B853901B60D0F59C164736
:2061E0000837038969E4CCF7FFB9C4EBD56A6053280CEB9FBE1E7ADE79C923232B676A2EC7
:20620000AC43FC482A9FA06FC1FC6AB34B9531E07A2D445D240A5954DD42C613CB35F4B3E6
:20622000B65B10F75F40037613CCA5FD7FC82D2FC69EED6ED1603CFFE70CB3687D0F9C1D8C
:206240004F07A75CAFCDDF561DB3DD8F190A3B8735E84C9A6E280A25BCB150EAE8FC4AB6C0
:206260009ED02941C3501B5508387A32C0644332EF92CBA9A368AD0F87B90761B504E6C477
:20628000CC3DFE6C42D09FBCFCE4E4AE1CDC2E761B24D062172A0C056EAA3F948B2F5890C0
:2062A00000D78EA5D55653D3203D83CBD67DE29CE126C58E73750F4E990E5F4C1386886293
:2062C000632442B624E91FE19DCDC051964C48EB6A2111F55E529E34316CD151F5105E82EB
:2062E0001DAE8066D691EB309B1C0107035348ADDE9D1C5F81C7A1FD5E4DFC6BD8D5C337CC
:2063000055FDB17C94569F0641B0AFB6C699CB2865204E9483DF00F24738486264DE9DCA3A
:2063200033973EC1054123ACB71333268726B7A625340F5B0E9FA35B15B51DFD4232D68333
:20634000E0068DFDD2595F6A26CDF31FED03F66D4960C77EC7117380EF4CE3051AD954AAB4
:2063600084D208F7A2A73B87B6645969A0376EC5F72DDEC3583C56A8FE86024393DC0187C0
:20638000468116791E31A04D8E62CCCB49CA09F85721BCF36928351D6AEAE27C5642C36257
:2063A0004F9D1E49EE017402D74FB30F90C5AD4D93C6C9D6A1DEF9255A01EC7B0B13848273
:2063C000C7AE8A30B91FA1EFB8B178FB1C2F440BD0A46E33A9658809F651860759582B301C
:2063E000D53AC1F627910D5C5A1282589610B57B394111D328C5CC11686419E7E818A0B452
:20640000A1CB2B63E161A290E4F939EDA570E8E5F3271C7FC707AC84D5C20EE4615BCB5610
:2064200054E8303F8F9746D57FEF0584F258C59129DEF5FD2E320FAC68F1CBC66C29945E54
:20644000161A3851D939E371537B4EE324CF34C601EC0615044EDFCF467BBA55B08BE31328
:206460000EE7AB62655160AD87257CD3E4DE1DCDA3DBB591F26403369AE84258D688A0BE85
:2064800065DAF13ADEE6A5D14475F71CDA8C68EE38336C389F7A63298ABECA998529B3A769
:2064A000427872A1EA019A25B1F42886ADE1FD71E87A92D1B49BE7EF3E87BCDE66750416D8
:2064C000CE4B975F31A927F1F72975D906E5C49EDA3A8E25D8CC77D2DFCA7FF021747B53D1
:2064E00031DAC63B5CE6347C3D9C47DC8CA1A6BD37FACAFCB417FB1895107B975D2E01A555
:2065000092AD68FF13C0A90FACD60758E81C89152643AD1DEF835B0A87E0189AC2AC7C5664
:20652000194DE671FD406EF26C5E1B16C15E57EFD09C9F5232187FF0DEC2BEC3F9F5D6ACFA
:20654000F041A65AC36D6B6DA4BCEDDBC070F6935D8D086125DF4F12C13ED5D8AA11F5F01D
:206560003C1112810D5089C87C79E3728D595049F49E51136FDFB4B759DDC5A27D09C369C6
:20658000284691B082EFAE4A1D1C67A2CF214B59BD58E030B9219429CE26F6E918E42661FB
:2065A000D9678AADCA54C33CAF2DE0322ED1D10AE1421E80AAABD9AE47A2D17526AA081EBD
:2065C0007AFC67418E87B1E65935B6EB5470C9A688E573CAEB87698FECD7BC0D4D6350E906
:2065E000318D8F34768E5E9044BB5095E6061A73D9C748D823BD2E14E64F207B3518E60ADC
:2066000026A36A4E2973B482984718F88F9CAEBAFD720370FB530E845D92668587D1B2C936
:2066200083C56057503E9A037C6175DBF5386CC21C6E0E5B1B53F3297826F4F4EB949B6E1D
:206640006D7CD91692F5F75D1892CF07C0E53CD55C41CF612AC4C4496095348F086B8C4092
:206660000E4F3D5498A2B5D695618F4599A80639E875B049D1AF692D3D678C20875D6A888B
:206680008EC6F4D9094CBBB71B571B5B288BB237E69217DDB71BC91D3622666D0F721E8F11
:2066A0001569666D8EFCF148D1FADC11149529177F1E6EE38510CE607350294049B3909A22
:2066C000CAC1FCD8CFB93FD0E0D53A3105CE5121DAA31C24E2975F401D783D5FDD27A8F4B9
:2066E000D5551CE1738B8D99706D9E81A53F139D20A8896877B664035C230A9272D74FE4DB
:206700005FAD2F52237AC3E9A84C6ECB99EF58D278B61D77EB77C6F257D8F8A3B0C96BB189
:2067200090529EF1868FC909B0F914D58CE606090B544018E7E26B55371F6F584107E5A4C0
:206740008FCBD08745D18741B1FCF668242D068A000A5A1513FE3C742380D77BCA99A60581
:2067600085A02CDB0749E6D8D3DE7E4B09CB419D8060D33416D32196448498D2F685951CCE
:20678000995A1CB775FDCC183D261248E4C89E8AB3DF133E99690305C2B21A266AD59930A3
:2067A000F48006E136F72247185C1C255D2D0498C00E82FA43C9C807C493C53ED1919C8A06
:2067C000BD9A5422F33FD1AE8B0803AB1B015D10D0758932BDFA5AE572AD02E4D1BF8573EE
:2067E0001D316D4254DBC095BFB32FA2C74C903A0A9D8EACAE049FE7F58B37DE12693C3162
:206800003CCCB90900D5D643DBE408D20817855E970DFB31BFF0815475B2CEF53D96A80C60
:2068200041F3A03FA035FD020824F602876924C49E4D368998C5E77619AC2DF1FA4FB34EE4
:20684000542E8AABDB011C186EFA61FCEC4A55B448E6A97CE08BB8930AFFBE9AF09B443DF7
:206860009F06DF165A431ACE34EEB186DEC20075BD5FBAD23F4ADEF47036E7B8C882442392
:2068800047020748C502E16C83884E6905DA0D502440D3525F0B40E172D612122A0C9946B9
:2068A00077AB6B09C347583A8251A06D0A99648DA5125BC6E5D5C6A13869A671BC422CEF68
:2068C00055877121FC1967805AD010599508ED746A5CBAF47CB1587EEB770B9D292BE5659E
:2068E000092082571980F685328D04F74D2D914C98A657A4CAA6DEBEB386A85E17CFACF269
:20690000BCFE0774C284ED923311E50DDB12365F5A799CA077BC40AAB720E77C2F376ADCB3
:2069200096A766419E2E34EF84E31C64E6BFC5F3D65BF0AF2CFB668A20CC2FBE186A056C8D
:20694000BEA509835685B4E44F8C0FC4173A275134D7BB98916C39A61513E9ED7A7067EAEB
:206960005D805605919153B9B99228F4168D42C19D7266244D169F45BF7B7BD1FF52769ED9
:206980009ABEB78EF85BFAB5EC7FCEBE8AC0008A39B6571B090281B1468E4E324D171CCF4C
:2069A0009EE993E533EA922110DA68E81CD948F62F2AF7456C36C830D1D4CAD80CC740C74B
:2069C000908851D3E94701454C2C603B73E2014BA856AE691FBC5A0B88D4578BE56BCACCD8
:2069E00099245B20C2783169C9FC1D7F38E215D2CBC3E551C99C218A94165E127F0AA127EA
:206A0000E1441894688708D5AFD2077C12E26BD3C1F802C313DC04F41D22453684ACAF2085
:206A20008F70F0F6807B70D0253686F9AAE9EB96B17D6F88A486EA934A8176BF9959DBFEB1
:206A4000CC314B10B55D50A453B102C0A7FF7D62C4DB926826A1BDAD44BA5775681A0D0B5F
:206A6000BF0D91A8AC348F9762CAE397B22C09812199D52A3E36648B3355521F99F62D8D9F
:206A8000918E2A87100817F27A0A914773797739F23F9F98964CC7753EDACE87D4F624CD5F
:206AA000693C7F7587E2CFFDC2F8759891EDAFD35C565778D6EBCEB28DD23373C021D813AE
:206AC000709EF63AB9C99FFF631CF551B5919A9689656793A61B618C49C5E8AC057F32A788
:206AE000CD3CF89D50C56F4285FE7A3C866B1ECCA1F436B1ACE568499A3957FA4C181AD0EE
:206B0000A99EEE67F1DE270C4E276D1FAD8624BBCB8B2C9A9350CB32A7B8E7243DF579D7DC
:206B20002C4D3E60461DB0A6E91E34C3D1E795AD30B3B1150165728F99C900F47F1D350452
:206B40007DD05250F789F0587C6B39F09B9857E8F8F32DEB9F2B45A897F50A30BB98389F52
:206B6000C5AF90FFAC2AD0693097E26DB2A054B54AD408E414AA2DC4CAC26DA1986F68F0E0
:206B80002B7362350C0938232C299904C007725B4EDDAAC808EA102D5ABA920FBFA9AF3FF3
:206BA000D8A32FB9BF2D11CC99A9C57B6AD59B242E967C5F25F4D8296E65DF42D74EF4D390
:206BC000F4C75E546E9F41AD9E9FCD9B5A13B6560F87E47110CF6B012E4ABD0189671FF5BF
:206BE000A66759CEC165B20E64941B2C38C9AB3A1C394BC57483B3FDC3F195157DFA17ED71
:206C0000160C87EF5F894A37121016F6ABFD62187A331A24F719966455E2CD475A12C603AE
:206C20006D3D507EF112F36FD19926C05CB9C23854FDB7564198FE800BA6CF5DC8B4137F78
:206C4000D3831C451E0994FFC9B9B354F304B5E1D0208C23FB08D2970EC4011F71EAE6A8C7
:206C60006F65530A8F75152F21F7257817E7235C1623FF53CD71FAF286C4CD57FABB27C7A3
:206C80006A6B5D96EB5E5D4702DBE5F57068F2F24F8E7AAD5EDC5DD99A2F9ACB0E30BE240A
:206CA000EB1DA3B1DBCD568F93EE5993A7920BE8A3EA64FA5750E593728BCF44534F9407FB
:206CC0001B048B2207C8E74FFDB7EA19646A568939BD25025FD6796A3763D68A71228FB876
:206CE00022A77EB3165AF8CE67BF00514EFABB1C3A92258D1F7501A4113C166511B1987E77
:206D0000278EE52AB1887255FA8C04010E4923E8CDEECB633F35668A27A0F79DDB0298A302
:206D2000524226507F5C3B2CDDA85CF24C5F74361B5B814B661E8E64A216E1F97620756D1D
:206D4000CC4AABED29DD3C9B399B72ECAF45984E4C60AF0F3C39627AA9273C438B101925B9
:206D6000BD2EDAC956135DEA36EBADB7DF0275788786BB756B8DCA1365597041C1DB6A12E9
:206D80004D771DABAF078760FB22741A859EF5FCF4530E469822AF79FE37E5BCC18A527E9D
:206DA000A2ACDB5DDBC0A046B1C731DE4922FF21BC5110496D01F7F29B46047B3225B8AFDF
:206DC000E7557BA5834691E47F634BCBD2957A310708294892318CC764103348BDB283EEAA
:206DE00042FB674C4FA243828E7D2AA9C9FF5072FCFFC209AFBA5440821CDBE90A3B9D83FB
:206E0000DB25061AE6DB9D68069D3640D568682DC4BE41566BA539A41DF26527C0C7EDB6D6
:206E2000DB5BC0D6F1F986DE0E4CD7589FD9AAA986CD10F56EF9223D5C1B37CA875F5BCF3E
:206E40006A25FD4A1705E82BCE1075B8CE59FE306BB595AE61BEF651681EBB9A090ACF1532
:206E6000AF0C253C0106AA986F7478290BF14C089BFD3A4BECFD9F296983585FEBD031D1AB
:206E8000D397A0755704B46D19FD4873FEA87C7A3D2D6692B6BD040D86D375E0D8B9694CB0
:206EA000FD4FD7BDC008EEF2F3354D5E4E8676CE7ACD804D68060D44E7957CE676CE60CB3F
:206EC00056BA30DBE418406E26A3EFB2A493224C7966F242A9E0A218B551D4396D16FC995D
:206EE000066214996C3F922BD9CF9736A7D8693C637F233A2254ABCF188FE5A1669926FDFE
:206F000034CFECBD0082CC6F3542ABB3005C31E55FA17BFC7B6910B237D817E60960C73E2A
:206F200009871E1047EBD683628395F156276490965362525B28B9093BB3D2CFFD72C5A5E2
:206F4000AC14145AEA8198AF871ABBB85242E8852F1D40026A978F1C4BA97E25EBD80A7A24
:206F600045FE3463904CFA3ACD9087D09CB4A70C53877DD551C17832904183B07A987C05F1
:206F8000FECBE8F2E255E56E5B6C5F00DB85876D2A1A8193B8AB5D953203493853BC058D46
:206FA000FD0597D188A33F915A36AD11B7BE72EFDB5DB504465F278B587739851D4B8C5C23
:206FC0006A33A8C6293EF2ECF177D8CCDA664FDB8FD97FEFA4E4BC5D2A26B95E814EF8B88E
:206FE0006EDE859A6D2FE4C749B548F6E98506796D14481E7A420653D197328D27CC33EA83
:20700000318D9515FE7DFF6A897B655A8F247E119E9879576F81ECB475520DD8B6CD2439FD
:20702000DAC840FE8130291CDA4E97BF7249A1EB49ED78632BAA55CA3DE0B008D75AB3EF08
:207040009118EE1FA1514C2664B846EC3AFF564F9799AF0A57C52BDB52C885E53179C85396
:207060008003073E04E74FD04E40DAAA904B8584B02684139BD85530DC92F2366D354BACB4
:20708000CC13F32452FA1A62C16FBBC11C3716D3BB1C61489EEDBB1102C761C53293244358
:2070A000A0D01B9934939524E4CB51F985CAF284E001AD6F090B45C5ECEE3958299D3C6086
:2070C00022C1E56451B8A85EE0DE051A730CFFDF495FD051833BDB96C38FE2B8F95A794A41
:2070E0007A6EBA4F53743B57DC303DEB9006262B1BBD32B6B58465CAAF32C4AD4BD2C44B85
:20710000D15F0320DFCC36580147623581BF50B281A43B6646EECBAAD76047FEC70E06A953
:207120004F1D26A0A0CA81A976ADDDC0F13F63BAA19B5328DF81F57E64A0D375141525ADAB
:207140001B2F8D973B75049264EA1454868F498CA32AE2C52846CB8E7D7BD0D8DBEF0B9F8C
:207160005E1D9ECD5BD5A85BF38471B9E8B6E870B0D95006C84436214B78A6F0C3A59EC7F7
:207180003F70C309A6F3534B4A055BB6C0BC2AADF03105B068831C81F61FBD85753EC86CEE
:2071A000E7AF6315C4D6EEAB92F53A15B6AAF58D8AB9698EAF0C67F4A5F87D5F98C26FD86C
:2071C0007D62E5B75E8662C3F2DA759C71873356A6F9E46746E6FDC3808C4F45D53A7D517A
:2071E0002A11B3B81C0C95DB933E76149A5BCB516E7ADF02D419C836B0629900D4ADD9200C
:20720000164534DFA56F713B9DA8A444D82FA5C608C3C02802AEAE945D02C4593C236B8D29
:207220006885D0F6A2B7DD2B37A167F6D40AA9FD9C5DF1A178AC9927AEF53915B6A41BDFCD
:20724000495AEFC3BAEDC0F289B027F036F4BF3D53CED835DD1B7035CCC25FFFE939D16000
:20726000E04BF910961804D9BC5D4CFBA5F5CFD054A0DFACDA041B07DFF19DDE7EE97556BA
:2072800056E056A3DD409028F8303EDFC916C1FCC85A6DCD166E81E50E0B5D791CBDEF0A02
:2072A000D2A16F44386D4C2764B266644B5E7D0AD785E9613A618C16819706996CBB27C4D4
:2072C0007D17AABD4FA8201D296A2A52D3D6EB42A8A8BD30EDE523E4611D000615ED06CC2C
:2072E0007EC970D5C9F8F4546EE0F3700884F4EB644B5002D8032E95D625B288C05B726913
:20730000FE3F2A534F66B0125C9D2A8793727E4E32F70A9FA2C29672073886E7150C54E47E
:2073200025023E0088F93CA01B28355F1BA872B43B3253CFF42B41C31DDDE3EABB08958575
:207340001A9916A41DB98046D2097EC0492CB963A7879359764418D03F9D315B5B571B94F5
:20736000068C1807B5AE654BAAC96B72C50839A49D7B3206CF1703E096FFD9009C02D05901
:207380001064AEF0F9E1D1F9CAEF663C3644DCBE4598989EA8ACEB3D4A8B41A1270F9B1C95
:2073A00061A83F289059AD965A03D6E845E689FBC8652EE9A809B62D82C9D208A3896324B7
:2073C00020E03278241EE26B848E233C99F828A14E6A5AAE78384EF96642F4FCB97512BA60
:2073E0007695F1A65A3957C06E17B401DB81A0F9FE3085B7BF4199E91F7D104411DD8F2693
:207400008B4DE37ADCB1F3DD4026F3FEB28ADB4B013E18CA262A8144D5028CA952C8C2B053
:20742000869370BE528EA009234347FDC71AC0DF7F1C79B055FDED54AF5AD2F3253F93A096
:2074400090EC003863D9458D3FF718C4C13937FC9F531231F3C2C45FD60C48EA3149EA3D69
:20746000D0E2FBB1B899C9B1BBC9CF1D49EF28EB896A4A14A87FF0AE72A058551FEEAFD0C7
:207480006FFCCAF2F9D616BDBF42D2CE07457BF566E988231E3E5889AA9F69FE9636CAA1A8
:2074A00094C3D3C0CD9813F975E88A9FA24218605E593624FA06E437A690E2AB3F2A23F81C
:2074C00068BD7FE6DCE8A8AD03465F5AC3EFE8749841BBE0E7E07C028FFB2D25C2D1A31D11
:2074E0001374362ACFCDBD2091E1BAC51152D17B3D297F1F8BD208308D68B134C634305798
:20750000BC7061564E503A9B484301AA3576BCBB7499EAA88EE7700AC760D69FF359B3F0A4
:207520008B376630007807664FF39ECFD660927D661A644599249CD8666A0430F24A152E3D
:20754000A953AF818E4D0DC9CF79F7FC9D1A39093A3355BC549375E2910FA3AD6B0F3C5A5E
:207560003E4CA2109FD7320CF05E76FB31AB9BA7196D25D6663BE16F71D61BDF05AE12BB0B
:2075800071A8A9A7DC1F5F76D92981933C1B9F9F2B4F3C5B7824C9C92E47D58E69317E9B3D
:2075A0006BF12B0CED2C7D50B362828B63722C389761021331571636EFEA37823F9F6740FF
:2075C00054AE9008790672E2A591E0AC50B92CBC862BE0C63ADBAEFFDC48AA822E01B7F349
:2075E00053683F6328B62874D83F03BEABF886711F363C3B3AB87B6C1EE89758DE5E55FC1B
:2076000090A6A2E5A443854E74F353891B3522A08B097F3BDAF764C4DD5264CAF8BE29A378
:2076200034F0205692B573B8A03638D4497AE890F12C128EC29F5051400F7BA1242A1B305E
:2076400067CE217D9D15D9F9848F1A69DDCEC08B7A285BFC99B8295970A642A409A813EAD1
:2076600050C90D236B6A9E5A4986610E7E3A92D74E84C44D074BD625959F239D5043F91BCA
:2076800018684D10A4BCAC2317A3758CD4C446BD94C8B448B65E3FFDD6838452A000B50953
:2076A000E634470CF113EA9C156FBEAA8877C485757D93B64BFC4C285BD9CF8DA2E92FFC63
:2076C000E3B464DFFA78400C6C71A5324258F477182AC85F712AE5F04D296B14FE05503EFA
:2076E00037700C5066F296BD433190EAA971BEDBA657BD0BCEF2F29BD4FCC0AF5B5CFE161F
:2077000009F0A829DD8AD4F5C338E89C66C90BF8468CD9820A5B5B7217D8362861F722CBCD
:2077200081BD9E300947E3FD140D160E2168C1172152848BCE6D08BD3F483546B9DDA5A602
:20774000C95E582E8F31A91D5D3980098157CA805E3026F0C231E1C473D125D00B166DEFC3
:20776000065B3CEA1A500F9CC74290542E9D0C7B26AF27778DAECFCEDCFD6E8FFEAB64EE12
:20778000633DB42E50ADFDC479B2ADB9D1427150A155F0E9D7EDB825A153784B3BA371EAE4
:2077A000068A27C0D94F5CDB9B103EFE124FE046F6ADE70D4AF4860FEC5BACCB6A067B2D45
:2077C00017CDFD695E3E122A57E5ADEC98CB40A64E3C75AD8CCD1FD5E29E70D932DD6CFD2F
:2077E000BF8B9DF1878309F9D3B8614B0CBE7BB8D08C028F45806DBFADA32D3B3B2F2BA3A3
:20780000254E7120FB2527903711C2E3153078C4A524F77C1E13561475F24CBA2E04A067A2
:20782000739DE0BE632C5636AC78387B5C2A1F12F48CBA3CBE90C41E6114331EB364B3902B
:20784000CE01529266A17D345A762BDD88B358EAE64DB597CFFE9E239A904C2F71584C6839
:2078600060012F65AD8B84D2689203CF42D40B93A3EE4F55F666CC6C48EEFEB511E75335D3
:207880005125E0FFDFF25258FE55281A3294205652F7EF3DDDCF354191B7B0773A1AB040FD
:2078A000C9F5CB28A5DED10E46460386FFFB7F7B1BF0FF192C41C3E9A072CC3E95F84BD1AB
:2078C000EFFA59A8A758E83C65EDFADA5211114A2762E6AF8BC55DAE9BA7B9D2CA890C2FE3
:2078E000EBBBF2468C677F2986D276E0D2DFBC0A9ED50CC7A061EBD6ABDFDFFB80D5DCA4A9
:20790000E6C0FFCBFD147F1ECF7EE05E286C6905A8CFD92B161F56AAF7A0A6815FE5A176F3
:207920000892E600A166CE6368789E1DFBC001816BDAB5A293078472A875762B11C045EEC9
:2079400078B811AA216555407A481AE5F4E46AC7127D08F3BF205E76E5E3B7C23B6EAE542E
:207960005FBAE6942419FCFD2D77BA7DBBDF8E1FC3413AE74472CCFDD774D10F88F8C6F017
:20798000E421CF85538BACE1A88CE8AFF7B953D0A6ACB346C705B751A5AF2CD79D65730991
:2079A0003074334456C24B35140F0B41507BA324E548DBD8F3E205B8781C30E525BD9FE98E
:2079C0006A3B7A9AD4C6C24198888AFC702C6561A59D1B646D10A07B78444600C60831D619
:2079E000BBFF0B4F75A0FA4D5D80CFA8FCD481D01131D9B4E0976EE2CCAED4EF284F11192E
:207A00004B46502BE257DAA18B7F410D9F7BDEB94E8F7E8EF28059349DE2447BF49A27FAC8
:207A2000419BB0F6C3F34985490B48F2FF2A6664873C73BB4BD248BB1269FC6CD2EF5BC0EF
:207A4000C5839377BF7D3140BFAE4C21C4E90018E2C11F03949522BD54CA668A695895B5A2
:207A6000018861777FFC791B16EFB56097BE941F87A7E92D75D1D1838A8DE89C62DCBD1FE1
:207A80001A3183BEAB78095E7656EC7820B30BBF9F763B03958F3C55DD3BEC6C6483BB47A2
:207AA0003B065F14EAF9C951066C573106CF4B4152B47C4B9DD74B7A755BD9C018567775F1
:207AC0008A905E41E488A13BEFB85F52F11A3DEDC7EB13CE34AFE63C79751761265CD9F1CE
:207AE0002F56E80C422C796658C36CA58B9DC90A27A26A540321F5E112120E17359ECA0230
:207B000053E1663EACEE39186A13E7F0795FD8E29962E8A5B23460B267B926A9ED2230F11D
:207B20001EB73E9FC9D4C99A4D3236FC666850BB46B2F588E8F00FF7A1F2C7E1F8F2F50795
:207B4000B762DAF742E9113428A8C391F8C11BDE561AF9C64D5EEBF8E7455985FB16FF8995
:207B6000476AA00EBE32F92D23FBF576D7711F93F0225C278A85DAFC623B445EA19438C225
:207B8000F555FAACE6B96ACF68B53375AC8046213C538773476EC54D395BF0348F7686F939
:207BA000EAAD4F9862854A601C5DE7541FF776D26334E0722B1F9531952DC5CF70C4D375D9
:207BC0004DF9079BD99E83296A7C78DCD7DD99EC8D4ED0ECDFA230F19E3A2CF6EA84067F01
:207BE00047C28A7DF40DFB7278994ED57D3A96B8E127C0A80BFF80D57B098B73A5C0075FB2
:207C0000008F3F065AD99C836E3CD107B817557E8849166F563C6C2455234B0C4A7FBE5DEF
:207C20009FE890FDB30A4CA375EE693A317BBE86AA3C3C096863DB28530ED58A81CA13C1B6
:207C40004D55E42CA9A9F51BB5357E35906EB9176D86983EEA7BB7279E5490B4F1A8EED20A
:207C6000315FA459E2BC7E34559C78C17CF82E7AFCB194D6848DE76A5D7CE354432137D9E4
:207C8000748D364D064ECF337DA8BFA69D2205F87D459698DDA05339B90F38301F3DD61E4B
:207CA0003D6803D0BE64D06357E3BBAC9CF326D719C8084D9EBCE3DCDA94F6122B05B3E939
:207CC000B57773AAB208690B08D4D49A2174795FF7C451BD6EE97F9AE79384C01280B682B5
:207CE0000342EFA289418272BB03733AD3ABE7DA40C0D9B0F6300FBC09954C027AB6C830B8
:207D00005151DD81EB1803E196F9FE525BA2568E1B4508EEDE987B8A6721B5A20CB0CF3D44
:207D2000C42DA60F8293D4A0C13DDFAB6061AFC4B1DA463ECD2AAB4C2ABF27666F75B4EF5E
:207D4000865DB314F3BDDDF765577C0D8BEEDBC42907FB6A6BED874A79F70A184B0D608F01
:207D6000BF696B58E99B072EAAD03F408453C1D6AC548F3861E9F8CC7D52C77E4A81BA6426
:207D800096DA35A20A37388CB72F8F0BF2984842624A6A715726E4195D57C46112D8A9B8DE
:207DA00034367BBCFE98595AB5FCD3377EC35A4F7270F4DDF4AD357A428F6A884B1A17D121
:207DC000C108A46C6EC653E1CBC0758CCFDEDE47054E9643E185D137548021BD9E50EBF8E7
:207DE00064D5187B02CA0C662201DCD28EF0BB70426DB66CC6B6A298BAB452C6B2810D753D
:207E000045273EB161AB6E34E14A70D16202DB135254BE2149498EE49DB3636C31B5649019
:207E20008D8580D53471609231209951F41B25775C8B142815457F652403BE77C0F4DA9182
:207E4000647845B12224C9C73A0DBF19EB4381E6899B2249D0B25C61782EC9AF094756BF75
:207E6000F187F60BD4CD931C23984AF2F082D7A6010B4E4E23980D21C0BCEEDCB4B5C164EE
:207E80005D3AF9ACF174A5D9154AA2A4ABE10F00EB6302FDB50079ED253394C5694701C6F3
:207EA000CF19B75C221FE74637A92FF7C367123C6F2CA5202FF18A0DCF1D2233CF04FF2D84
:207EC00070AD98E20FD841AAB23F5AB3E11DC6A2B7ED9F7D387427C8E50102EE8EF4A3E39C
:207EE000687D05085FA69B4FAD94899FAC09147AE82E57DD7990386790689BBE4F1FD62F3F
:207F0000DE116494BB92DD7B512E2584CD35E40B2D783707994DA632F7D9556BBA8E7E586D
:207F2000FAF21E4FCAA2EF77C697972AEBA91F9EAC51A6C541B3577143DC98BC764884A727
:207F4000E6A79C0135E0B98B33574659AF6CAB7B8D440CDD19CB346C9BF9CC7A2C55D16466
:207F6000C7B84572A35424FEC0F499D9C08572EAF9D6D218C89C256B28B9596D83BE4CD733
:207F8000C8AE8069BD05161A97F8FA71C8FF5B3318915E3EF72E13B511A3A85D248ADC4785
:207FA0000E10B7B02BFB7825DDEBD0EB6CDF4D9D11FC19174D8AE4937F401F12B6C16BFE66
:207FC000C466510D943E3368BD53820D562F32710D9F6B6A73B7824D9A162753E26CE042D1
:207FE0001039B649A0D72D2B5DBA7AA02EF7F1F83303BD0110BDD32B89AF29EA5091225CC2
:00000001FF
