:2000000000FE002001040000EDC5000001620000F1C50000F5C50000F9C50000000000007A
:200020000000000000000000000000000BC60000FDC500000000000001C6000005C600009B
:2000400007C6000007C6000007C6000007C6000007C6000007C6000007C6000007C6000038
:2000600007C6000007C6000007C6000007C6000007C6000007C6000007C6000007C6000018
:2000800007C6000007C6000007C6000007C6000007C6000007C6000007C6000007C60000F8
:2000A00007C6000007C6000007C6000007C6000007C6000007C6000007C6000007C60000D8
:2000C00007C6000007C6000007C6000007C6000007C6000007C6000007C6000007C60000B8
:2000E00007C6000007C6000007C6000007C6000007C6000007C6000007C6000007C6000098
:2001000007C6000007C6000007C6000007C6000007C6000007C6000007C6000007C6000077
:2001200007C6000007C6000007C6000007C6000007C6000007C6000007C6000007C6000057
:2001400007C6000007C6000007C6000007C6000007C6000007C6000007C6000007C6000037
:2001600007C6000007C6000007C6000007C6000007C6000007C6000007C6000007C6000017
:2001800007C6000007C6000007C6000007C6000007C6000007C6000007C6000007C60000F7
:2001A00007C6000007C6000007C6000007C6000007C6000007C6000007C6000007C60000D7
:2001C00007C6000007C6000007C6000007C6000007C6000007C6000007C6000007C60000B7
:2001E00007C6000007C6000007C6000007C6000007C6000007C6000007C6000007C6000097
:2002000007C6000007C6000007C6000007C6000007C6000007C6000007C6000007C6000076
:2002200007C6000007C6000007C6000007C6000007C6000007C6000007C6000007C6000056
:2002400007C6000007C6000007C6000007C6000007C6000007C6000007C6000007C6000036
:2002600007C6000007C6000007C6000007C6000007C6000007C6000007C6000007C6000016
:2002800007C6000007C6000007C6000007C6000007C6000007C6000007C6000007C60000F6
:2002A00007C6000007C6000007C6000007C6000007C6000007C6000007C6000007C60000D6
:2002C00007C6000007C6000007C6000007C6000007C6000007C6000007C6000007C60000B6
:2002E00007C6000007C6000007C6000007C6000007C6000007C6000007C6000007C6000096
:2003000007C6000007C6000007C6000007C6000007C6000007C6000007C6000007C6000075
:2003200007C6000007C6000007C6000007C6000007C6000007C6000007C6000007C6000055
:2003400007C6000007C6000007C6000007C6000007C6000007C6000007C6000007C6000035
:2003600007C6000007C6000007C6000007C6000007C60000FFFFFFFFFFFFFFFFFFFFFFFF88
:20038000FFFFFFFFFFFFFFFFFFFFFFFFFFFFFFFFFFFFFFFFFFFFFFFFFFFFFFFFFFFFFFFF7D
:2003A000FFFFFFFFFFFFFFFFFFFFFFFFFFFFFFFFFFFFFFFFFFFFFFFFFFFFFFFFFFFFFFFF5D
:2003C000FFFFFFFFFFFFFFFFFFFFFFFFFFFFFFFFFFFFFFFFFFFFFFFFFFFFFFFFFFFFFFFF3D
:2003E000FFFFFFFFFFFFFFFFFFFFFFFFFFFFFFFFFFFFFFFFFFFFFFFFFFFFFFFFFFFFFFFF1D
:2004000072B6002000210022002300240025002600271F481F4901601F4880F30888FFE718
:200420001E4801680F22120511430160BFF34F8FBFF36F8FFFE71A48002809D019491A4AA1
:20044000521A013A04DD0020002309C1083AFCDAFFE7134800280BD0144802C8013907DB69
:2004600038C82A1BFAD040CC40C3043AFBDCF5E7FFE70F4802C8013907DB18C8E21AFAD0A4
:20048000002520C3043AFCDCF5E762B607F0B1FB08ED00E00000002000FE002088ED00E03F
:2004A000010000000000002000FE0020BC840100F08401007820704770B405460C462A46C7
:2004C000002C0BD955B105E0134601324FF0000C83F800C0002CA4F10104F5D170BC7047A0
:2004E0002DE9F00404460D461646002E0CD95CB155B12F46A446002304E017F803A00CF8B7
:2005000003A00133B342F8D3BDE8F00470472DE9F04D83B005460E4694464FF0000ABCF1FF
:20052000800304D0403B05D0402B06D008E00A232B6006E00C232B6003E00E232B6000E014
:2005400000BF05F108036B6000241FE04FEA840B06EB0B0E0EF1010E9EF800E016F80B700E
:2005600047EA0E2706EB0B0E0EF1020E9EF800E047EA0E4706EB0B0E0EF1030E9EF800E070
:2005800047EA0E6743F80B70671CBCB2B4EB6C1FDCDB2F680A3F05D0023F49D0022F00F0FD
:2005A000998014E1002440E041F65068C0F20108D3F800B058F8247087EA0B07D3F80CB0D6
:2005C00041F67868C0F20108CBF3072B18F80BB08BEA0707D3F80CB0CBF3074B18F80BB0A9
:2005E00087EA0B27D3F80CB04FEA1B6B18F80BB087EA0B4B1F7B18F807708BEA07671F61FC
:200600001F69D3F804B087EA0B075F615F69D3F808B087EA0B079F619F69D3F80CB087EAC2
:200620000B07DF61671CBCB210330A2CBCD3CEE000244CE041F65068C0F20108D3F800B04C
:2006400058F8247087EA0B07D3F814B041F67868C0F20108CBF3072B18F80BB08BEA070794
:20066000D3F814B0CBF3074B18F80BB087EA0B27D3F814B04FEA1B6B18F80BB087EA0B4B8D
:200680001F7D18F807708BEA07679F619F69D3F804B087EA0B07DF61DF69D3F808B087EACE
:2006A0000B071F621F6AD3F80CB087EA0B075F625F6AD3F810B087EA0B079F629F6AD3F8A7
:2006C00014B087EA0B07DF62671CBCB21833082CB0D37CE0002477E041F65068C0F201081E
:2006E000D3F800B058F8247087EA0B07D3F81CB041F67868C0F20108CBF3072B18F80BB0F4
:200700008BEA0707D3F81CB0CBF3074B18F80BB087EA0B27D3F81CB04FEA1B6B18F80BB020
:2007200087EA0B4B1F7F18F807708BEA07671F621F6AD3F804B087EA0B075F625F6AD3F889
:2007400008B087EA0B079F629F6AD3F80CB087EA0B07DF6293F82C7041F67868C0F2010810
:20076000D3F810B018F8077087EA0B07D3F82CB0CBF3072B18F80BB087EA0B27D3F82CB038
:20078000CBF3074B18F80BB087EA0B47D3F82CB04FEA1B6B18F80BB087EA0B671F631F6B9B
:2007A000D3F814B087EA0B075F635F6BD3F818B087EA0B079F639F6BD3F81CB087EA0B075F
:2007C000DF63671CBCB22033072C85D300BF5746384603B0BDE8F08D2DE9F04D8BB007467E
:2007E0000C4615464FF0000A7B68009394F802C02388C3EA0C4394F803C043EA0C63019319
:20080000009E331D0093019B36687340019394F806C0A388C3EA0C4394F807C043EA0C636E
:200820000293009E331D0093029B36687340029394F80AC02389C3EA0C4394F80BC043EA9D
:200840000C630393009E331D0093039B36687340039394F80EC0A389C3EA0C4394F80FC0B0
:2008600043EA0C630493009E331D0093049B3668734004933B685B105E1EBAE1DDF800C083
:200880000CF104030093019BDCF800C043F67838C0F201081B069B0D58F8033083EA0C0325
:2008A000DDF808C043F2787BC0F2010BCCF3072C5BF82CC08CEA030C039B43F2783BC0F2C7
:2008C000010BC3F307435BF8233083EA0C03DDF810C042F6787BC0F2010B4FEA1C6C5BF848
:2008E0002CC08CEA030CCDF814C0DDF800C00DF108080CF10403009398E808481B069B0D1B
:2009000043F67838C0F20108DCF800C058F8033083EA0C03CBF3072C43F2787BC0F2010BC9
:200920005BF82CC043F2783BC0F2010B8CEA030CCEF307435BF8233083EA0C03DDF804C087
:2009400042F6787BC0F2010B4FEA1C6C5BF82CC08CEA030CCDF818C0DDF800C00CF10403F3
:200960000093039BDCF800C043F67838C0F201081B069B0D58F8033083EA0C03DDF810C0A1
:2009800043F2787BC0F2010BCCF3072C5BF82CC08CEA030C019B43F2783BC0F2010BC3F3C3
:2009A00007435BF8233083EA0C03DDF808C042F6787BC0F2010B4FEA1C6C5BF82CC08CEACF
:2009C000030CCDF81CC0DDF800C00CF104030093049BDCF800C043F67838C0F201081B0643
:2009E0009B0D58F8033083EA0C03DDF804C043F2787BC0F2010BCCF3072C5BF82CC08CEA2A
:200A0000030C029B43F2783BC0F2010BC3F307435BF8233083EA0C03DDF80CC042F6787B96
:200A2000C0F2010B4FEA1C6C5BF82CC08CEA030CCDF820C000BFDDF800C00CF104030093E3
:200A4000059BDCF800C043F67838C0F201081B069B0D58F8033083EA0C03DDF818C043F214
:200A6000787BC0F2010BCCF3072C5BF82CC08CEA030C079B43F2783BC0F2010BC3F30743C7
:200A80005BF8233083EA0C03DDF820C042F6787BC0F2010B4FEA1C6C5BF82CC08CEA030C11
:200AA000CDF804C0DDF800C00DF118080CF10403009398E808481B069B0D43F67838C0F22F
:200AC0000108DCF800C058F8033083EA0C03CBF3072C43F2787BC0F2010B5BF82CC043F22F
:200AE000783BC0F2010B8CEA030CCEF307435BF8233083EA0C03DDF814C042F6787BC0F24D
:200B0000010B4FEA1C6C5BF82CC08CEA030CCDF808C0DDF800C00CF104030093079BDCF815
:200B200000C043F67838C0F201081B069B0D58F8033083EA0C03DDF820C043F2787BC0F2FA
:200B4000010BCCF3072C5BF82CC08CEA030C059B43F2783BC0F2010BC3F307435BF82330E7
:200B600083EA0C03DDF818C042F6787BC0F2010B4FEA1C6C5BF82CC08CEA030CCDF80CC04D
:200B8000DDF800C00CF104030093089BDCF800C043F67838C0F201081B069B0D58F8033002
:200BA00083EA0C03DDF814C043F2787BC0F2010BCCF3072C5BF82CC08CEA030C069B43F29E
:200BC000783BC0F2010BC3F307435BF8233083EA0C03DDF81CC042F6787BC0F2010B4FEAAF
:200BE0001C6C5BF82CC08CEA030CCDF810C000BF013E002E3FF742AEDDF800C00CF1040329
:200C00000093019BDCF800C043F67838C0F201081B069B0D58F8033083EA0C03DDF808C008
:200C200043F2787BC0F2010BCCF3072C5BF82CC08CEA030C039B43F2783BC0F2010BC3F31E
:200C400007435BF8233083EA0C03DDF810C042F6787BC0F2010B4FEA1C6C5BF82CC08CEA24
:200C6000030CCDF814C0DDF800C00DF108080CF10403009398E808481B069B0D43F6783810
:200C8000C0F20108DCF800C058F8033083EA0C03CBF3072C43F2787BC0F2010B5BF82CC0F0
:200CA00043F2783BC0F2010B8CEA030CCEF307435BF8233083EA0C03DDF804C042F6787B18
:200CC000C0F2010B4FEA1C6C5BF82CC08CEA030CCDF818C0DDF800C00CF104030093039B6A
:200CE000DCF800C043F67838C0F201081B069B0D58F8033083EA0C03DDF810C043F2787B27
:200D0000C0F2010BCCF3072C5BF82CC08CEA030C019B43F2783BC0F2010BC3F307435BF8CA
:200D2000233083EA0C03DDF808C042F6787BC0F2010B4FEA1C6C5BF82CC08CEA030CCDF814
:200D40001CC0DDF800C00CF104030093049BDCF800C043F67838C0F201081B069B0D58F89B
:200D6000033083EA0C03DDF804C043F2787BC0F2010BCCF3072C5BF82CC08CEA030C029BF2
:200D800043F2783BC0F2010BC3F307435BF8233083EA0C03DDF80CC042F6787BC0F2010B01
:200DA0004FEA1C6C5BF82CC08CEA030CCDF820C000BFDDF800C00CF1040300939DF8143045
:200DC00041F67868C0F20108DCF800C018F8033083EA0C03DDF818C0CCF3072C18F80CC073
:200DE00083EA0C23DDF81CC0CCF3074C18F80CC083EA0C43DDF820C04FEA1C6C18F80CC0AA
:200E000083EA0C630193DDF800C00CF1040300939DF8183041F67868C0F20108DCF800C0F3
:200E200018F8033083EA0C03DDF81CC0CCF3072C18F80CC083EA0C23DDF820C0CCF3074C11
:200E400018F80CC083EA0C43DDF814C04FEA1C6C18F80CC083EA0C630293DDF800C00CF1B1
:200E6000040300939DF81C3041F67868C0F20108DCF800C018F8033083EA0C03DDF820C01D
:200E8000CCF3072C18F80CC083EA0C23DDF814C0CCF3074C18F80CC083EA0C43DDF818C0E8
:200EA0004FEA1C6C18F80CC083EA0C630393DDF800C00CF1040300939DF8203041F67868FB
:200EC000C0F20108DCF800C018F8033083EA0C03DDF814C0CCF3072C18F80CC083EA0C23F1
:200EE000DDF818C0CCF3074C18F80CC083EA0C43DDF81CC04FEA1C6C18F80CC083EA0C6371
:200F00000493019B2B70019BC3F307236B70019BC3F30743AB70019B1B0EEB70029B2B719C
:200F2000029BC3F307236B71029BC3F30743AB71029B1B0EEB71039B2B72039BC3F30723C4
:200F40006B72039BC3F30743AB72039B1B0EEB72049B2B73049BC3F307236B73049BC3F3E6
:200F60000743AB73049B1B0EEB7301A80421FFF7A3FA02A80421FFF79FFA03A80421FFF75E
:200F80009BFA04A80421FFF797FA05A80421FFF793FA06A80421FFF78FFA07A80421FFF7F3
:200FA0008BFA08A80421FFF787FA68460421FFF783FA534618460BB0BDE8F08D2DE9F04DF3
:200FC0008BB007460C4615464FF0000A7B68009394F802C02388C3EA0C4394F803C043EAAC
:200FE0000C630193009E331D0093019B36687340019394F806C0A388C3EA0C4394F807C020
:2010000043EA0C630293009E331D0093029B36687340029394F80AC02389C3EA0C4394F811
:201020000BC043EA0C630393009E331D0093039B36687340039394F80EC0A389C3EA0C432B
:2010400094F80FC043EA0C630493009E331D0093049B3668734004933B685B105E1EBAE1D5
:20106000DDF800C00CF104030093019BDCF800C042F67838C0F201081B069B0D58F8033025
:2010800083EA0C03DDF810C042F2787BC0F2010BCCF3072C5BF82CC08CEA030C039B42F2C2
:2010A000783BC0F2010BC3F307435BF8233083EA0C03DDF808C041F6787BC0F2010B4FEADF
:2010C0001C6C5BF82CC08CEA030CCDF814C0DDF800C00CF104030093029BDCF800C042F696
:2010E0007838C0F201081B069B0D58F8033083EA0C03DDF804C042F2787BC0F2010BCCF380
:20110000072C5BF82CC08CEA030C049B42F2783BC0F2010BC3F307435BF8233083EA0C0372
:20112000DDF80CC041F6787BC0F2010B4FEA1C6C5BF82CC08CEA030CCDF818C0DDF800C06F
:201140000CF104030093039BDCF800C042F67838C0F201081B069B0D58F8033083EA0C035B
:20116000DDF808C042F2787BC0F2010BCCF3072C5BF82CC08CEA030C019B42F2783BC0F202
:20118000010BC3F307435BF8233083EA0C03DDF810C041F6787BC0F2010B4FEA1C6C5BF880
:2011A0002CC08CEA030CCDF81CC0DDF800C00CF104030093049BDCF800C042F67838C0F224
:2011C00001081B069B0D58F8033083EA0C03DDF80CC042F2787BC0F2010BCCF3072C5BF873
:2011E0002CC08CEA030C029B42F2783BC0F2010BC3F307435BF8233083EA0C03DDF804C081
:2012000041F6787BC0F2010B4FEA1C6C5BF82CC08CEA030CCDF820C000BFDDF800C00CF16B
:2012200004030093059BDCF800C042F67838C0F201081B069B0D58F8033083EA0C03DDF8A0
:2012400020C042F2787BC0F2010BCCF3072C5BF82CC08CEA030C079B42F2783BC0F2010BCC
:20126000C3F307435BF8233083EA0C03DDF818C041F6787BC0F2010B4FEA1C6C5BF82CC0B7
:201280008CEA030CCDF804C0DDF800C00CF104030093069BDCF800C042F67838C0F201083C
:2012A0001B069B0D58F8033083EA0C03DDF814C042F2787BC0F2010BCCF3072C5BF82CC0A7
:2012C0008CEA030C089B42F2783BC0F2010BC3F307435BF8233083EA0C03DDF81CC041F637
:2012E000787BC0F2010B4FEA1C6C5BF82CC08CEA030CCDF808C0DDF800C00CF104030093FF
:20130000079BDCF800C042F67838C0F201081B069B0D58F8033083EA0C03DDF818C042F24B
:20132000787BC0F2010BCCF3072C5BF82CC08CEA030C059B42F2783BC0F2010BC3F3074301
:201340005BF8233083EA0C03DDF820C041F6787BC0F2010B4FEA1C6C5BF82CC08CEA030C49
:20136000CDF80CC0DDF800C00CF104030093089BDCF800C042F67838C0F201081B069B0D0D
:2013800058F8033083EA0C03DDF81CC042F2787BC0F2010BCCF3072C5BF82CC08CEA030C02
:2013A000069B42F2783BC0F2010BC3F307435BF8233083EA0C03DDF814C041F6787BC0F240
:2013C000010B4FEA1C6C5BF82CC08CEA030CCDF810C000BF013E002E3FF742AEDDF800C000
:2013E0000CF104030093019BDCF800C042F67838C0F201081B069B0D58F8033083EA0C03BB
:20140000DDF810C042F2787BC0F2010BCCF3072C5BF82CC08CEA030C039B42F2783BC0F255
:20142000010BC3F307435BF8233083EA0C03DDF808C041F6787BC0F2010B4FEA1C6C5BF8E5
:201440002CC08CEA030CCDF814C0DDF800C00CF104030093029BDCF800C042F67838C0F28B
:2014600001081B069B0D58F8033083EA0C03DDF804C042F2787BC0F2010BCCF3072C5BF8D8
:201480002CC08CEA030C049B42F2783BC0F2010BC3F307435BF8233083EA0C03DDF80CC0D4
:2014A00041F6787BC0F2010B4FEA1C6C5BF82CC08CEA030CCDF818C0DDF800C00CF1040389
:2014C0000093039BDCF800C042F67838C0F201081B069B0D58F8033083EA0C03DDF808C03F
:2014E00042F2787BC0F2010BCCF3072C5BF82CC08CEA030C019B42F2783BC0F2010BC3F35A
:2015000007435BF8233083EA0C03DDF810C041F6787BC0F2010B4FEA1C6C5BF82CC08CEA5C
:20152000030CCDF81CC0DDF800C00CF104030093049BDCF800C042F67838C0F201081B06D8
:201540009B0D58F8033083EA0C03DDF80CC042F2787BC0F2010BCCF3072C5BF82CC08CEAB7
:20156000030C029B42F2783BC0F2010BC3F307435BF8233083EA0C03DDF804C041F6787B35
:20158000C0F2010B4FEA1C6C5BF82CC08CEA030CCDF820C000BFDDF800C00CF10403009378
:2015A0009DF8143043F67878C0F20108DCF800C018F8033083EA0C03DDF820C0CCF3072C74
:2015C00018F80CC083EA0C23DDF81CC0CCF3074C18F80CC083EA0C43DDF818C04FEA1C6CCA
:2015E00018F80CC083EA0C630193DDF800C00CF1040300939DF8183043F67878C0F20108B2
:20160000DCF800C018F8033083EA0C03DDF814C0CCF3072C18F80CC083EA0C23DDF820C0AF
:20162000CCF3074C18F80CC083EA0C43DDF81CC04FEA1C6C18F80CC083EA0C630293DDF86C
:2016400000C00CF1040300939DF81C3043F67878C0F20108DCF800C018F8033083EA0C031B
:20166000DDF818C0CCF3072C18F80CC083EA0C23DDF814C0CCF3074C18F80CC083EA0C4300
:20168000DDF820C04FEA1C6C18F80CC083EA0C630393DDF800C00CF1040300939DF8203075
:2016A00043F67878C0F20108DCF800C018F8033083EA0C03DDF81CC0CCF3072C18F80CC074
:2016C00083EA0C23DDF818C0CCF3074C18F80CC083EA0C43DDF814C04FEA1C6C18F80CC0D1
:2016E00083EA0C630493019B2B70019BC3F307236B70019BC3F30743AB70019B1B0EEB7012
:20170000029B2B71029BC3F307236B71029BC3F30743AB71029B1B0EEB71039B2B72039B83
:20172000C3F307236B72039BC3F30743AB72039B1B0EEB72049B2B73049BC3F307236B7373
:20174000049BC3F30743AB73049B1B0EEB7301A80421FEF7B1FE02A80421FEF7ADFE03A81A
:201760000421FEF7A9FE04A80421FEF7A5FE05A80421FEF7A1FE06A80421FEF79DFE07A8C7
:201780000421FEF799FE08A80421FEF795FE68460421FEF791FE534618460BB0BDE8F08D10
:2017A0002DE9F04D86B016469B4601908DF803100E9F0F9D4FF0010A9DF803C0BCF1000F83
:2017C0002CD128E0394602A81022FEF789FE2A4639460198FFF7F2FB8446E246002408E0C4
:2017E0001BF804C017F804E08CEA0E0C05F804C00134102CF4DB02A958461022FEF770FEB0
:20180000103710354FF0000C102E03D3A6F1100C5FFA8CFC6646002ED4D826E023E0002496
:2018200008E01BF804C017F804E08CEA0E0C05F804C00134102CF4DB2A4629460198FEF7F8
:20184000CBFF8446E246294658461022FEF748FE103710354FF0000C102E03D3A6F1100CB4
:201860005FFA8CFC6646002ED9D8D446604606B0BDE8F08D00B500F092FA00F0A7FA03F0AF
:201880008DFC01F085FF00F0D7F800BD70B541F6B015C2F20005002403F090FF0646286872
:2018A00042F23411C7F6430188422FD1002129E0C1EB810005F10C0202EBC0000078032839
:2018C00005D106EBC1000078D0B903241FE0C1EB810005F10C0202EBC0000078062805D1FF
:2018E00006EBC100007858B9062410E0C1EB810005F10C0202EBC0000078082800D100BF7D
:20190000481CC1B2A8798142D2D300E00124204670BD30B5002403F051FF054695F850005B
:20192000012803D1FFF7B2FF044600E00124204630BD00B54EF20000C2F200004FF48052A3
:20194000002103F0D9FB0CF0C3FF00BD2DE9004103F05AFF012809D102F0C1F801F042FFA1
:2019600004F08CFE01F02EFF0028FBD100F016FB40F2AC61C2F200010868012802D102F084
:20198000C9F808E040F2AC61C2F200010868042801D102F0E1F804F034FE01280CD140F213
:2019A0004851C2F2000108680130086004F066FE01F018FF00F0AEF9BDE8008100B5FFF708
:2019C000C5FF00BD10B40446214600BF084610BC70472DE9F0484FF60066C2F200060024AA
:2019E00000250CF055FF0746B346022F05D000200146CBE90001002418E0314644F27800C9
:201A0000C0F20100082203F088FB04460CB101250CE0314644F28000C0F20100082203F05D
:201A20007CFB04460CB1022500E000252846BDE8F0880121084670472DE9F04140F2445538
:201A4000C2F20005002400F039F8FFF7C2FF0446E4B1022001F0C0FE4FF60060C2F20000C8
:201A60000822002103F048FB00202860012C06D1012040F2AC61C2F20001086018E00420A0
:201A800040F2AC61C2F20001086011E0FFF7D1FF01280DD1FFF73DFF064600F03EFA074639
:201AA00026B91FB94FF47A70286001E000202860286808B906F0F9FCBDE8F0812DE9F04594
:201AC00084B003F07BFE064603F07DFE824603F07FFE074644F69001C0F2010141F6B010B1
:201AE000C2F200004FF4807203F0EDFA4AF20001C0F201113046642203F0E5FA029660203C
:201B0000039000208DF80400684606F00AFA01208DF80400684606F004FA02208DF80400EA
:201B2000684606F0FEF90098316E884203D1306EB0F1FF3F56D1306EB0F1FF3F2BD100F028
:201B400031FA012827D130466422002103F0D4FA002415E006EBC40001210170C4EB8400C7
:201B600041F6BC12C2F2000202EBC000007841F2DC71C2F2000101EBC401C870601CC4B275
:201B800041F6B011C2F2000188798442E2D3012086F8500026E030466422002103F0ACFA71
:201BA000002415E006EBC40000210170C4EB840041F6BC12C2F2000202EBC000007841F27F
:201BC000DC71C2F2000101EBC401C870601CC4B241F6B011C2F2000188798442E2D30020DF
:201BE00086F850004CF20001C0F2011150460C2203F069FACDF808A00820039000208DF82D
:201C00000400684606F08DF901208DF80400684606F087F902208DF80400684606F081F9FF
:201C20000098DAF80810884204D1DAF80800B0F1FF3F12D150460C22002103F05DFA009820
:201C4000CAF80800002505E02846002101F0D9FE681CC5B2002DF7D013E000250FE05AF811
:201C60002500022805D342F21071284601F0C9FE03E02846002101F0C4FE681CC5B2002D15
:201C8000EDD04EF20001C0F2011138464FF4A27203F019FA02974FF4A070039000208DF883
:201CA0000400684606F03DF901208DF80400684606F037F902208DF80400684606F031F94F
:201CC0000098D7F84011884204D1D7F84001B0F1FF3F17D138464FF4A272002103F00CFAE7
:201CE00044F6F621C0F2010107F59470102203F0EAF940F20A41C2F2000138464FF49272E0
:201D000003F0E1F938464FF4807105F087FF04B0BDE8F0852DE9304140F24454C2F20004F2
:201D200001F008FE0546206800280BD9206801382060206830B944F69001C0F201018868AC
:201D400000F002F8BDE8308110B5044600F0D2F8204600F001F810BD10B50446204600F0F9
:201D600018F910BD2DE90041002040F24451C2F20001086006F099FBBDE8008100B50CF0C9
:201D800087FD18B10CF084FD052807D1A1494FF4FC720020002309C1083AFCDA00BD00B542
:201DA0000CF0D5FC00200CF040FD00200CF055FD00200CF099FA00200CF0DDFF00200CF0CC
:201DC00030FF04F007FC01F0A3FC00BD00B544F6CC10C0F2010004F02FFC44F66C20C0F27B
:201DE000010004F096FF002004F032FC05F095FF00BD30B444F20001C4F206014FF0B642C2
:201E00000124002308E048F2A060C0F20100834201D900206CE05B1CC86910F4803FF2D06D
:201E2000C86810F0004F00D0CA60C8684FF0010C6CF31240C860C86840F00040C860C868DC
:201E400010F0004F00D0CA60C8684FF0010C6CF30B20C860C86840F00040C860C86810F013
:201E6000004F00D0CA60C8684FF0010C6CF30710C860C86840F00040C860C86810F0004FB8
:201E800000D0CA60C8684FF0030C6CF30300C860C86840F00040C860886A10F0004F00D067
:201EA0008A62886A6FF300008862886A6FF359608862886A40F000408862486910F0004FB5
:201EC00000D04A61886910F0004F00D08A6148696FF30000486188696FF3410088614869A2
:201EE00040F000404861886940F000408861204630BC704700B506F0F2FA04F078FB0CF07C
:201F0000BDFA0021B5200CF0D9FE002134200CF0D5FEFFF76EFF72B600BDF0B44FF6F07666
:201F2000C0F2040600253246331D1078D1789478C1EA00605178240200EB01402118B1F516
:201F4000002F01D3012022E006F10804207891F800C0604501D0012019E01878D9789F78EF
:201F6000C1EA006059783F0200EB01403918B1F5002F01D301200AE006F10904207891F8EE
:201F800000C0604501D0012001E000252846F0BC704710B504466168884710BD00B506F0F4
:201FA000AEFA00BD30B441F6B012C2F2000200219068436800210BE0C1EB810002F10C0C21
:201FC0000CEBC0000078032800D104E0481CC1B290798142F0D39079814201D3002016E0D6
:201FE000C1EB810002F10C0C0CEBC000806883420AD3C1EB810002F10C0C0CEBC004E0682D
:20200000A4682044834201D3002000E0012030BC704700BF00FE002070B505460E4600BF93
:2020200000BF002403F0FCF80246144670BD70B505460E4600BFAA68101D03F004F902460D
:20204000144634B902F049FE4FF4FA6001F04CFD08E0022C03D1312001F0F8FC02E02220E5
:2020600001F0F4FC00BF70BD2DE9F04D82B08346019100BF062703F0A1FB02460092DBF88B
:202080000820101D03F06AF8024615462846FFF799FC02461546DBF8082002F1080003F06E
:2020A0005DF80246164600243FE0C4EB840241F6BC13C2F2000303EBC2029068FFF782FCD4
:2020C0000246924655452ED3EA43B2422BD3C4EB840241F6BC13C2F2000303EBC202D26848
:2020E000524495421FD2C4EB840241F6BC1CC2F2000C0CEBC202D26873195244934212D8A8
:20210000C4EB840241F6BC13C2F2000303EBC202D268964207D8002E05D9204603F0B9F814
:202120000246174608E0621CD4B241F6B013C2F200039A799442B8D33A1C05D0023A023A46
:202140004CD9022A4ED051E041F2DC73C2F2000303EBC402D278072A23D1002409E041F243
:20216000DC73C2F2000303EBC40200231370621CD4B241F6B013C2F200039A799442EED3A0
:2021800044F68801C0F201010868FFF71BFC0246154644F6880CC0F2010C9CE84800F21A43
:2021A000561C3146284603F04CFA02F096FD4EF6602001F099FC41F29C02C2F20002566182
:2021C00041F29C02C2F20002156101F0FBFA0028FBD103F041FA60B102270AE0222001F0A3
:2021E00035FC06E0312001F031FC02E0722001F02DFC02B0BDE8F08D30B504460D46294606
:20220000204601F0A8FA0022104630BD2DE9F04C84B006460F4692469B46002444F2880599
:20222000C0F20105D5F800E0EC46CCF800E0D5F804E0CCF804E0D5F808E0CCF808E0ED6854
:20224000CCF80C5003F0C4FA844665466B465A46514605F5947001F074F93A46314668464F
:2022600002F05BFF012800D0012400BF204604B0BDE8F08C30B404460D4630BC704710B412
:20228000044610BC704730B404460D4630BC704710B404464FF0FF31216010BC70472DE9B6
:2022A000F00404460D461646002310E0D4F800A0EF5C44F2980CC0F2010C87EA0A073F0607
:2022C000BF0D5CF8077087EA1A2727600133B342ECD3BDE8F004704710B404462168C94353
:2022E000216000BF10BC704700002DE9F04D83B083468A46002640F25052C2F200021568CF
:20230000FEF7D8F8024617463C2F44D9B42F42D200243EE004EB840205EB820252885A4530
:2023200035D104EB840205EB820252680192EA68013A03D307D0022A0AD00EE0019A42F066
:20234000004201920AE0019A42F04042019205E0019A42F08042019200E000BFDAF808203C
:202360008DF80220DAF80020029204EB840205EB82021288ADF80020694604EB840205EBD4
:202380008202107A07F028FB0246164603E0621CD4B2002CBED03246104603B0BDE8F08D2D
:2023A0002DE97041064640F25051C2F200010D6800241AE004EB840105EB81010988B14285
:2023C00011D104EB840105EB8101096951B104EB840105EB81010A6904EB840105EB810182
:2023E0004888904703E0611CCCB2002CE2D0BDE870812DE9700105460C460122D5F810C000
:202400006E680CEA06030CEA0406B3422ED1EB68052B2AD80FF20408D8E803F003080D1581
:202420001A22B4F1004F00D300221FE0B4F1404F00D300221AE0B4F1004F03D3B4F1404F57
:2024400000D2002212E0B4F1004F00D200220DE0B4F1004F03D2B4F5806F00D3002205E086
:20246000B4F1804F00D2002200E000BF00BF1046BDE87001704700002DE9F04D82468B4687
:2024800040F24C52C2F2000215680126FEF712F8024617463C2F2ED9B42F2CD2002428E0EF
:2024A000DAF80010C4EB840205EBC200FFF7A1FF024616469AF80430C4EB840205EBC2026A
:2024C000127A9A4213D196B9C4EB840205EBC20252695AB1C4EB840205EBC202536959466E
:2024E000C4EB840205EBC2025088984703E0621CD4B2022CD4D3BDE8F08D000010B4044650
:2025000000BF10BC7047000000002DE9F04D81B004460D461E46ADF80220376805F1080B85
:202520000BEB041CDCF804A0D6F808B0BDF8028005F1080E0EEB041CACF8008005F1080EFB
:202540000EEB041CD6F808E0CCF80CE05A463946504602F0B8FD01B0BDE8F08D00000000CD
:20256000F0B504460D4616462378ABB933462A462146A078FFF7C9FF63780BB90123637002
:20258000A378013313F00103A370A37894F803C0634501D101232370F0BD2DE9F04481B00F
:2025A00005460C4600228DF8022000228DF8032022681278022A0AD1226852783E2A06D13D
:2025C00022689278802A02D101F07BFA3EE00DF103030DF102022146284600F042FA024617
:2025E000164640F28C57C2F20007BA46FF2E2DD09DF8022002F0F002003A06D0103A04D0BC
:20260000103A1DD0102A1BD01FE02246294640F25450C2F20000FFF7A3FFDAF82420052A21
:202620000DD106EB8602920044F22853C0F201030B21D05A01F003F9384600F0DFF905E0DC
:202640002146284600F006F800E000BF01B0BDE8F08400002DE9F04D84B082460C4600228B
:202660008DF8062000228DF807200DF107030DF106022146504600F0F4F9024617469DF8BF
:202680000750FF2F00F014819DF8062002F0F002003A08D0103A2CD0103A00F08C80102AB9
:2026A00000F0A48003E19DF80660A3686A1C9A1AB2421DD3E6B107EB870244F22853C0F289
:2026C000010303EB8202A3681269934210D80095F3B2224607EB870C44F22850C0F20100B9
:2026E00000EB8C0140F28C50C2F2000000F070FADEE0A268082A5DD3BAF1000F5AD107EB45
:20270000870244F22853C0F2010303EB8202A368126993424ED822689DF806302A440132E0
:2027200012781B071B0D9E18AA1CD5B2E6B9D4F800C005EB0C0203321CF805301278C2EAE5
:20274000036205EB0C0301331B7842EA034205EB0C0302331B781B0243EA02062A1DD5B2F6
:20276000B6F5805F00D20026A268082A06D19DF80720C2F1080292B296421BD3A268082A05
:2027800007D9A2689DF80730D21A013A92B2964210D300953346224607EB870C44F22850B4
:2027A000C0F2010000EB8C0140F28C50C2F2000000F070FA7CE040F28C53C2F200035A6AEA
:2027C000052A12D1BAF1000F0FD12B46224607EB870C44F22850C0F2010000EB8C0140F2E4
:2027E0008C50C2F2000000F0BCFA61E040F28C53C2F200035A6D062A58D1A268032A55D31B
:20280000BAF1000F52D19DF8062012F00F0F10D12B462246C7EB870044F2505CC0F2010C6C
:202820000CEBC00140F28C50C2F2000000F062FB3CE09DF8062012F00F02012A1DD10622A6
:2028400040F28C53C2F200035A6540F28C53C2F20003DA6DFF2A29D84FF47A7000F003FD9B
:2028600040F28C52C2F20002908640F28C53C2F20003DA6D0132DA6518E09DF8062012F046
:202880000F02022A12D1C7EB8702D20044F25053C0F201030121D05A01F003F840F28C5135
:2028A000C2F2000101F1300000F0C0F800E000BF04B0BDE8F08D2DE9F0410746FF2540F23A
:2028C0008C54C2F20004002614E0C6EB860144F25052C0F2010202EBC1014988B94207D12E
:2028E000616D083902D00439032901D8354603E0711CCEB2002EE8D0FF2D35D0616D0F292D
:2029000031D80FF20808D8E801F0C0462E2E2E2E2E2E2E2E092E2E2E19092219C5EB850150
:20292000C90044F25052C0F20102885A002100F0B8FF04F1300000F079F85BE006216165E9
:202940004FF47A7000F08FFC0146A18652E094F8311084F85810962000F085FC0146A186E9
:202960000921616546E045E0384600F033FC01460D46FF2D3ED0616A022908D105216162F3
:202980004FF47A7000F06FFC0146A18032E0616A042911D105EB8501890044F22852C0F2FA
:2029A0000102885A012100F04AFF40F28C50C2F2000000F023F81DE0616A112909D101F03D
:2029C000DCF8E16A4FF448724A60204600F016F810E005EB8501890044F22852C0F2010279
:2029E000885A012100F02BFF40F28C50C2F2000000F004F800BFBDE8F081000010B4044628
:202A0000002121700021A1800021A1600021A181002121610021A1820021A1770021218477
:202A2000002161840021616210BC704710B40446002121700021A1800021A1600021A181C2
:202A4000002121610021A1820021A1770021218400216162002184F828100021E16210BCA7
:202A600070472DE9F04F83B08A4693461F4644F2285CC0F2010CADF80A00FF260125002472
:202A800048E0BDF80A8004EB840E0CEB8E0EBEF802E0C6453AD104EB840E0CEB8E0EDEF823
:202AA00004E0BEF1010F0ED14FF0000E87F800E0DAF800E097F8008018F80EE08BF800E0C6
:202AC0002646002522E004EB840E0CEB8E0EDEF804E0BEF1000F19D1DAF8008004EB840E1A
:202AE0000CEB8E0E9EF808E098F80080C6450DD14FF0010E87F800E0DAF800E097F800805E
:202B000018F80EE08BF800E02646002504F1010E5FFA8EF4022C01D2012DB2D0FF2E52D1E3
:202B2000012500244CE0BDF80A80C4EB840E44F25059C0F2010909EBCE0EBEF804E0F04565
:202B40003AD104EB840E0CEB8E0EDEF804E0BEF1010F0ED14FF0000E87F800E0DAF800E0A0
:202B600097F8008018F80EE08BF800E02646002522E004EB840E0CEB8E0EDEF804E0BEF1D5
:202B8000000F19D1DAF8008004EB840E0CEB8E0E9EF808E098F80080C6450DD14FF0010E11
:202BA00087F800E0DAF800E097F8008018F80EE08BF800E02646002504F1010E5FFA8EF424
:202BC0000CB9012DAFD000BF304603B0BDE8F08F2DE9F04F82B00E4693461F4601909DF838
:202BE0002CC00CF1010C5FFA8CFA019D022F14D1DBF8004014F80A403E2C0ED1DBF8004087
:202C0000544401342478802C07D1B6F802C0BCF1010F02D100F055FF39E06C6A013C02D382
:202C200029D0042C32D1D5F824C0BCF1050F09D10B21308800F003FE40F28C50C2F2000085
:202C4000FFF7DCFE00240DE0DBF800E004EB0A0818F80EE005F1160C0CF804E004F1010CDF
:202C60005FFA8CF4BC42EFD3AF772F613046019900F0A2F90BE00121308800F0E0FD40F2A6
:202C80008C50C2F20000FFF7B9FE00E000BF02B0BDE8F08F2DE9F04D81B007460E46924685
:202CA00000933C46656A013D02D34BD0042D54D1D4F824C0BCF1050F09D10B21308800F08D
:202CC000BEFD40F28C50C2F20000FFF797FE9AF808509DF824C0A5EB0C05A57700250FE0B8
:202CE000DAF800B09DF8248005EB080E1BF80EB004F1160C0CF805B005F1010C5FFA8CF595
:202D000094F81EC06545EBD3DDF800C0C4F810C04FF0010C84F800C0DAF808C0C4F828C0FA
:202D2000002000F0A0FA8446A4F804C03946304600F069F98446E3465A463946304600F000
:202D4000ADF90BE00121308800F079FD40F28C50C2F20000FFF752FE00E000BF01B0BDE8A5
:202D6000F08D2DE9F04F86B08A4616469B4605904FF0000C8DF801C0059CD4F810C0A78AAA
:202D8000ACEB070CCDF804C0356815F80B5005F00F0C8DF803C04FF0010C8DF802C0D6F842
:202DA00008C0A76ABC450CD2DDF804C00CF10105D6F808C0ADB2AC4503D24FF0000C8DF834
:202DC00002C09DF802C0BCF1010F40F0908094F800C09DF80380E0450BD00521BAF80000A1
:202DE00000F02DFD40F28C50C2F20000FFF706FE7DE0257801352570257815F00F052570ED
:202E0000A56ADDF804C0013DA5EB0B05ADB2AC4508D8DDF804C05FFA8CF74FF0010C8DF8B6
:202E200001C004E0A56A013DA5EB0B05EFB2002518E0D4F808C0B4F80CE0D6F800800BEBD2
:202E40000809A944DCF800C099F801800CF80E80B4F80CC00CF1010CA4F80CC005F1010C4F
:202E60005FFA8CF5BD42E4D3B4F814C0BC44A4F814C0B4F820C00CF1010CA4F820C09DF82B
:202E800001C0BCF1010F1AD14FF00B0CC4F824C0BAF800C0A4F822C0DDF81480D8F854C096
:202EA000BCF1000F23D10021BAF8000000F0C7FC40F28C50C2F20000FFF7A0FD17E0D4F8C4
:202EC00028C0D6F808E0F4450AD00121BAF8000000F0B5FC40F28C50C2F20000FFF78EFD89
:202EE0004FF47A7000F0BFF98446A4F804C006B0BDE8F08F2DE9F04C81B0834615461F46ED
:202F0000009107F1020C5FFA8CF607F1010C5FFA8CFA0BF13004D5F800C01CF80AC0A4F824
:202F200002C0B4F802C0BCF1000F03D14FF6FF7CA4F802C0D5F800C01CF806C0BCF17F0F11
:202F400006D9D5F800C01CF806C0BCF1F10F06D3D5F800C01CF806C0BCF1F90F04D94FF06D
:202F60007F0C84F801C015E0D5F800C01CF806C0BCF17F0F04D94FF0010C84F801C009E0A3
:202F8000D5F800C01CF8060000F06DF900F1010C84F801C094F801C084F828C0962000F0A2
:202FA00062F98446A4F804C04FF0090CC4F824C000BF01B0BDE8F08CF0B505460E46344649
:202FC0002146284600F038F80246174687B90B2262622A886284726DA2B90021288800F093
:202FE0002EFC40F28C50C2F20000FFF707FD09E00121608C00F023FC40F28C50C2F2000023
:20300000FFF7FCFCF0BDF0B507460E4634462146384600F011F80246154615B9012262621F
:2030200007E0012D03D13046FFF7E8FC01E0032262622A461046F0BDF0B506460C460125B1
:20304000A2683AB904F108022169308800F0D0FB02461546A268DAB1A268A38992689A4233
:2030600016D90025002210E0A36804F1160CA7891B681CF802C003F807C0A38A0133A38237
:20308000A3890133A381531CDAB2A37F9A42EBD32B461846F0BD0000000000002DE9F04F24
:2030A00086B007468B4615464FF0000A5E4601AB039300230593002410E0C4EB840344F2F7
:2030C000505CC0F2010C0CEBC303B7F80AC05B889C4501D1A24603E0631CDCB2002CECD0F9
:2030E0007B68012B13D07B688BB9DDF80CC0DDF814E0CAEB8A0344F25059C0F2010909EB7C
:20310000C3031B7C0CF80E30059B01330593F5B9039BDDF814C04FF0300E03F80CE0059BAB
:2031200001330593039BDDF814C04FF0000E03F80CE0059B01330593039BDDF814C04FF056
:20314000000E03F80CE0059B0133059316E0022D0AD1039BDDF814C04FF0310E03F80CE062
:20316000059B0133059309E0039BDDF814C04FF0320E03F80CE0059B0133059303A800F046
:203180001AF803A97889FFF7B0F84FF47A7000F06AF80346B38015B90223736208E0032DF7
:2031A00002D10423736203E0022D01D11123736206B0BDE8F08F10B4044606E02168A268F2
:2031C00000238B54A1680131A160A1680829F5D310BC7047F0B40546FF23FF22002110E0E9
:2031E000C1EB810444F2505CC0F2010C0CEBC4046488A54201D10A4605E001F1010C5FFA0C
:203200008CF10029ECD0FF2A28D0002124E001EB810444F2285CC0F2010C0CEB84046489B0
:20322000A54215D101EB810C44F22856C0F20106C2EB820406EB8C0644F2505CC0F2010C84
:203240000CEBC4047688A488A64201D10B4605E001F1010C5FFA8CF10229D8D300BF1846CD
:20326000F0BC7047000010B40446611C89B2084610BC7047F0B404460D46164600230DE0A7
:203280005F1901373F78802FEF5C2CBF4FF0010C4FF0000C0CEB4707F7540133A4F1010CE5
:2032A0006345EDDBA4F1010C0CEB0607AC449CF800C04FEA4C0C87F800C0F0BC70472DE96B
:2032C000F00C05460E4617469C46002408E017F804A016F804B08AEA0B0A0CF804A001342D
:2032E000AC42F4DBBDE8F00C70472DE9F044D8B007460C461646012544F26853C0F201031F
:20330000D3F800C0CDF830C1D3F804C0CDF834C1D3F808C0CDF838C1DB684F9350A8102283
:20332000002101F0E9FE48A81022002101F0E4FE02A84FF48C72002101F0DEFE394602A87C
:203340008022FDF7E4F803461D4654AD50AB8DE8280048AB02A810220121FEF721FA03466C
:203360001D469DF85031802B05D2224654A91020FFF780FF0AE0224654A91020FFF77AFF5A
:2033800023464CAA21461020FFF799FF2378802B05D2324621461020FFF76CFF0AE03246BA
:2033A00021461020FFF766FF33464CAA31461020FFF785FF2B46184658B0BDE8F084F0B4F7
:2033C00006460C461546002315E0AB4204D216F803C004F803C00AE0AB4204D14FF0800C12
:2033E00004F803C003E04FF0000C04F803C003F1010C5FFA8CF3102BE7D3F0BC70472DE9DA
:20340000F04DDDB007468A469B4602924DA81022002101F071FE07F10F0C4FEA1C1515B95D
:203420000125002605E017F00F0F01D1012600E0002646B1659A51AB681E0AEB0011102089
:20344000FFF73DFF0DE007F00F024DA96B1E0AEB0310FFF7B4FF51AB4DA91020669AFFF7FD
:203460002EFF002409E00DF5B27C4FF0000E0CF804E004F1010C5FFA8CF4102CF3D30024AC
:2034800026E055AB0AEB041259A91020FFF717FF49A81022002101F02FFE03A84FF48C728F
:2034A000002101F029FE594603A88022FDF72FF80DF5B27E0DF5AA7C8DE8005049AB03A80E
:2034C00010220121FEF76CF904F1010C5FFA8CF4A5F1010C6445D4D355AB51AA59A9102043
:2034E000FFF7EDFE49A81022002101F005FE03A84FF48C72002101F0FFFD594603A88022CD
:20350000FDF705F80DF5B27E0DF5AA7C8DE8005049AB03A810220121FEF742F900240BE069
:203520000DF5B27CDDF808801CF804C008F804C004F1010C5FFA8CF4102CF1D35DB0BDE8D5
:20354000F08D2DE9F04C8AB005460E4617469A46002444F2785CC0F2010CDCF800E0CDF820
:2035600018E0DCF804E0CDF81CE0DCF808E0CDF820E0DCF80CC0CDF824C044F2885CC0F244
:20358000010CDCF800E0CDF808E0DCF804E0CDF80CE0DCF808E0CDF810E0DCF80CC0CDF87E
:2035A00014C002AA06A92846FFF79FFE0DF1080E0DF1180C8DE800502B46524631463846E2
:2035C000FFF71DFF00BF20460AB0BDE8F08C70B4044642F20001C4F20301012294B30B699E
:2035E000D4F80CC06CF300030B610B69D4F808C06CF382030B610B6913F0010F06D1CB687C
:20360000D4F804C06CF30F03CB6001E06368CB60636923B90B6943F0C0030B6105E00B69D0
:203620004FF0020C6CF387130B610B69D4F810C06CF305130B610B6943F002030B61236842
:203640008B60002200BF104670BC704700B544F2A050C0F20100FFF7BAFF002000BD2DE935
:20366000F04D83B084460E46964642F20005C4F2030502930024BEF1010F07D12F6947F0CA
:2036800002072F61DDF80880C5F808802F696FF341072F611DE004EB0C0701373F781CF81B
:2036A00004A04AEA072704EB0C0A0AF1020A9AF800A047EA0A4704EB0C0A0AF1030A9AF8A5
:2036C00000A04FEA0A6A4AEA070BC5F808B00434043E042EDFD205E01CF804A085F808A0C3
:2036E000013E0134002EF7D82F69BF06BF0F0FB1012F04D1D5F808801FFA88FA03E0D5F8C9
:2037000008804FEA184A00BF504603B0BDE8F08D00B5002008F0B2FE00BD30B404460D46A1
:2037200025646A6AA260AA6AE260EA6A22612A6B62616A6BA261AA6BE261EA6B226205F1A6
:20374000400262626A6CA26205F14802E262EA6C226330BC7047F0B506460F4640F2743566
:20376000C2F2000540F22C64C2F2000429462046FFF7D3FF072060632146002008F0A2FE70
:2037800005463A463046216A01F09DFC2846F0BD10B540F2B064C2F20004022000F0BFF82C
:2037A000002000F0EDF800F03DFB04F5E670A06004F13C00E06100F088F800F0A4F800F03F
:2037C00057FB10BD4DF8048D40F2B061C2F2000148695DF8048B704710B50446204600F04B
:2037E0009EF810BD00B500F037FB00F044FA00BDF0B405460E46174640F2B064C2F2000406
:203800000023D4F800C0BCF1000F13D1CC2D01D0FF2D0FD1B6F5006F0AD84FF0010CC4F87F
:2038200000C0A580266104F1080CC7F800C002E0032300E0012300BF1846F0BC704770B5E3
:2038400005460E4640F2B064C2F20004206801280AD12EB9A088854202D100F0A7F903E023
:2038600000F051F800F031F870BDF0B506460F4640F2B065C2F2000500246A69022A08D187
:203880002A8B964205D105F11C023A6001226A6104E000F038F800F018F801242246104642
:2038A000F0BD70B505460E4640F2B064C2F2000446B9228B954205D194F82D2012B900227A
:2038C000626101E000F001F870BD30B540F2B064C2F2000425460020A062002060610020BD
:2038E00084F82C00012084F82D0000F036FA00F00EFA94F8CC09012802D100F0E5F901E032
:2039000000F0DFF830BD2DE90041002040F2B061C2F20001086000F03BF9BDE800812DE9BC
:203920001001044641F27C01C2F200010C70BDE8100170474DF8048D41F27C01C2F20001A3
:2039400008785DF8048B70472DE9F00104460D46002300220DE041F27C0CA75CC2F2000CF8
:203960009CF800C0BC4500D1012302F1010C5FFA8CF2AA42EFD300BF1846BDE8F00170470E
:203980002DE91001044641F27C01C2F200010C71BDE8100170474DF8048D41F27C01C2F22D
:2039A000000108795DF8048B704710B40446012141F28403C2F2000353F82420002A00D9B7
:2039C000002100BF084610BC70472DE9F00104460D46002300220DE041F27C0CA75CC2F2EE
:2039E000000C9CF804C0BC4500D1012302F1010C5FFA8CF2AA42EFD300BF1846BDE8F00135
:203A0000704730B404460D46A20041F28403C2F200039D5030BC70472DE91001044641F227
:203A20007C01C2F200014C80BDE8100170472DE90041012040F2B061C2F2000181F82D0005
:203A400000F0BDF9FFF75FFFBDE8008170B5064640F2B064C2F20004E569782E02D00121EF
:203A600084F82D107F212970A16809786970AE700321616200F0A3F994F82D10012901D19B
:203A8000FFF741FF70BD70B505460E461446ADB9CC2E0BD0FF2E0DD1112C0BD0122C09D030
:203AA000312C07D07E2C05D07F2C03D02046FFF7CDFF03E0FFF727FFFFF707FF2B461846E3
:203AC00070BD10B440F2B064C2F2000494F8CC09012802D041F28830E08510BC704700B513
:203AE000012000F00CF800BD2DE91001044640F2B061C2F200018C63BDE8100170472DE919
:203B00001001044640F2B061C2F200010C86BDE81001704730B540F2AC65C2F2000505F17C
:203B2000200420685021017020680221417020680021817020683221C170206801210171D9
:203B40002068F42141710620A06000202860FFF76EFFFFF7B6FF30BD2DE90041002040F2A4
:203B6000AC61C2F200010860FFF7ABFFBDE8008140F2B060C2F2000070474DF8048D0020B2
:203B800040F2B061C2F2000148615DF8048B7047002007E040F67C01C2F20001FF220A54FB
:203BA000411C88B2B0F5006FF4D3704710B540F2B064C2F20004022020603220FFF79FFF91
:203BC00000F0B1F800F080F8012084F82C00002084F82D0010BD2DE9F04C40F2B064C2F239
:203BE0000004002544F22066C0F20106002715E0A0683178007881420DD1A088CC2802D152
:203C00007078C00705D4A088FF2803D17078800700D5A66204E01836781CC7B20A2FE7D37B
:203C2000A06AF8B1A06A0069E0B1A06A81784068FFF78AFE8246A06A017AC068FFF7C5FE76
:203C40008346BAF1000F01D17F250CE0BBF1000F01D1332507E0A06A026904F114012046CE
:203C6000904700E0112525B12A460020A188FFF70AFFBDE8F08C30B581B040F2B064C2F298
:203C800000046069F0B994F82C00012805D1002084F82C00FFF79FFF14E094F82D0088B9AD
:203CA0000DF1030001F091FC0546012D0AD1A06A406938B1A06A04F11402214643699DF8D8
:203CC0000300984701B030BD4DF8048D002040F2B061C2F20001C8855DF8048B704730B5A9
:203CE00040F2B064C2F20004E08D78B12146C88D0138C885E08D48B9FDF70BFE0446FEF744
:203D00000CF9054614B90DB9FDF713FE30BD4DF8048D6FF0FE0040F2B061C2F200014863F8
:203D20005DF8048B704710B440F2B064C2F200040020606341F28830A06310BC704710B40E
:203D400040F2B064C2F20004606B002803DB2146486B0130486310BC70474DF8048D002025
:203D600040F2B061C2F2000108865DF8048B704730B540F2B064C2F200040025208EE8B1D3
:203D8000208E01382086208E10B9606900B90125606B00280DDB606BA16B884209D2012DF2
:203DA0000CD17820FFF752FE41F28830FFF7A7FE04E01020FFF74AFEFFF7A9FF30BD10B520
:203DC00040F2B064C2F2000402206061AA20208304F11C01208B02F0A8FF00BF10BD70B58E
:203DE00041F28405C2F2000501F0EDFC0646002415E055F8240000280FD9A10068580138F4
:203E0000685055F8240040B956F82400022804D3A0000021315001F05CFC601CC4B2002C64
:203E2000E7D070BD4DF8048D002041F27C01C2F2000148805DF8048B704710B541F27E0466
:203E4000C2F20004208830B1208801382080208808B9FDF76EFD10BD00B5FFF7C0FFFFF7AB
:203E60003EFFFFF785FFFFF76AFFFFF7E6FF00BD4DF8048D41F29C00C2F200000121417167
:203E80000021017100210160002181710021C160002141F28802C2F2000211700021016120
:203EA0000021416100218160002101765DF8048B70472DE9F04F82B007460D4601228DF83B
:203EC000002000228DF8012000264FF0000BBA68527812F0800202D000228DF80020BA685F
:203EE000527812F07F028DF802204FF0000A1CE044F21073C0F2010303EB0A129DF8023049
:203F0000127893420DD14FEA0A1244F21073C0F2010302EB030B9DF8026001228DF80120E5
:203F200006E00AF101025FFA82FABAF1020FDFD30220396900F0F5FE02461446012C07D10C
:203F40001222B9889DF80100FFF79DFD02461446012C0ED19BF80110DBF80400FFF7F4FCB7
:203F60000246144620467E22B988FFF78CFD02461446012C05D10220396900F0C5FE024675
:203F80001446012C07D19BF80810DBF80C0000F0D5FE02461446012C65D1002241F2880390
:203FA000C2F200031A700020FFF7EAFCFFF7C2FC02468DF803203046FFF7B1FC01F00DFC0D
:203FC0009DF80020012A3CD1AA6850231370BB68AA685B785370022E20D1AA6800239370C8
:203FE000AA683223D37001F004F9002241F29C03C2F200039A60002241F29C03C2F20003D9
:204000001A71002241F29C03C2F20003DA60002241F29C03C2F200039A7107E0012E05D18E
:20402000AA6800239370AA683223D370AA6801231371AA68F423537106222A61FFF7F7FC5B
:2040400003E0FFF760FCFFF740FC9DF80320022A05D1012E03D13220FFF7DEFC03E0022E07
:2040600001D1FDF77FFE02B0BDE8F08F2DE9F04D82B0074601914FF0000A01244FF0010B0A
:204080000026BA68527812F0800201D04FF0000BBA68527812F07F028DF80320002515E03E
:2040A00044F23073C0F2010303EB05129DF803301278934208D12A0144F23073C0F20103B2
:2040C000D6184FF0010A03E06A1CD5B2002DE7D0BAF1010F0CD171787068FFF735FC02460C
:2040E000144620467E22B988FFF7CDFC02461446012C05D10220396900F013FE0246144654
:20410000012C06D150461222B988FFF7BCFC02461446012C03D100F037FE02461446012C4B
:2041200005D10220396900F0EFFD02461446012C05D1317AF06800F001FE02461446012CA3
:2041400018D1BBF1010F0ED1019B9A6851231370019B9A689DF803305370019B02221A61E2
:20416000FFF765FC03E0FFF7CEFBFFF7AEFB2320FFF752FC02B0BDE8F08D2DE9F04F8FB0B8
:2041800007460391002600228DF80320002202924FF0000B0320396900F0C3FD0246144637
:2041A000012C09D13A69D20706D413220020B988FFF769FC024614463A69013A5208029243
:2041C0003A69013A52080B2A07D33A69013AD20703D41320FFF73AFC0024012C4AD100241B
:2041E0004FF0000A43E0BA68013202EB4A0212781202ADF80620BA68BDF80630023202EB2E
:204200004A0212781A44ADF80620002521E0C5EB850244F24073C0F2010303EB8202BDF87C
:2042200006301288934213D14FEA8B030DF1100CC5EB850244F2407EC0F2010E0EEB8202AB
:204240004CF803200BF101021FFA82FB012402E001350B2DDBD3012C07D031220020B98887
:20426000FFF711FC0246144604E00AF1010A029A9245B8D3012C11D100250DE0012C09D189
:2042800004AB53F825209178506800F057FD0246144600E002E001355D45EFD3012C03D1DB
:2042A00000F072FD02461446012C4CD100253AE004AB53F8252092682AB3039B9A680DF1C0
:2042C000100C3244531C5CF82520128812121A70039B9A680DF1100C3244931C5CF8252084
:2042E00012881A70039804AB53F82520836801A93344D81C9268904702468DF80320BDF84A
:204300000420324496B29DF803200AB100240CE0B21C96B2B6F5C87F04D31420FFF796FB9E
:20432000002402E001355D45C2D3012C0BD19DF8032042B9039B9A6862231370039B721C7A
:204340001A61FFF774FB0FB0BDE8F08F2DE9F04E82B00746019100BF00228DF80320002587
:20436000BA6852784FEA022ABA68927852441FFA82FA002614E044F2E073C0F2010303EB4E
:2043800006121288924509D1320144F2E073C0F20103D51801228DF8032003E0721CD6B297
:2043A000022EE8D30420396900F0BBFC02461446012C07D13122B9889DF80300FFF763FB7E
:2043C00002461446012C06D139696A88D01C00F09BFC02461446012C05D12979A86800F0E9
:2043E000ADFC02461446012C03D100F0CDFC02461446012C18D1EA683AB1EB686988BA685D
:20440000D01C98470246934601E04FF0010BBBF10B0F03D12220FFF719FB05E0BBF1000FFE
:2044200002D07220FFF712FB02B0BDE8F08E2DE9F04F82B00746019100228DF801200025ED
:20444000BA6892F801B0002623E0C6EBC60244F2C473C0F2010303EB8202127893450AD08C
:20446000C6EBC60244F2C473C0F2010303EB8202927893450BD1C6EBC602920044F2C473F8
:20448000C0F20103D51801228DF8012003E0721CD6B2002ED9D00220396900F042FC0246A6
:2044A0001446012C07D11222B9889DF80100FFF7EAFA02461446012C3BD1287900F06CFCE4
:2044C00002468DF803202A7893451FD14FF0020A5046396900F018FC02461446012C0DD14E
:2044E0009DF80300FFF761FA02468DF802209DF802201AB93720FFF7A9FA0024012C18D130
:2045000039462846019A00F061FC12E0AA7893450FD1EA7802F1020A5046396900F0F4FB82
:2045200002461446012C04D139462846019A00F0B0FC02B0BDE8F08F2DE9F04F81B005460C
:204540000E4600228DF802200027AA6892784FEA022BAA68D2785A441FFA82FB4FF0000ABC
:204560001AE00AEBCA0244F60003C0F2010303EB8202128893450BD10AEBCA02920044F640
:204580000003C0F20103D71801228DF8022006E00AF101025FFA82FABAF1030FE1D304205B
:2045A000296900F0BEFB02461446012C07D13122A9889DF80200FFF766FA02461446012CD9
:2045C0000CD13979B868FFF7BFF90246144620463122A988FFF757FA02461446012C06D105
:2045E000397B386900F0AAFB024614460124012C13D1AA6852788DF803209DF80320397D07
:20460000B86900F0ABFB0246144634B912220020A988FFF738FA02461446012C06D129696F
:204620007A88101D00F070FB02461446AA689278FF2A02D1AA68D2783AB1AA689278022AA7
:2046400004D1AA68D278062A00D10124012C36D1B26871231370AB68B2685B785370AB68C8
:20466000B2689B789370AB68B268DB78D370AA689278FF2A0DD1AA68D27852B9AB68B26890
:204680005B785370B268FF239370B2680023D37011E0AA689278022A0DD1AA68D278062A22
:2046A00009D1AB68B2685B785370B26802239370B2680623D37031462846FA69904701B0C5
:2046C000BDE8F08F2DE9F04F84B00646039144F66C0AC0F2010A0520316900F022FB0246CC
:2046E0001446002241F29C03C2F2000383F8242000228DF80320012C2DD1B26892F801B0AC
:20470000B26892788DF80120002518E00AEBC5021278934511D10AEBC5029DF80130527866
:2047200093420AD101228DF80320EA0044F66C03C0F2010303EB020A03E06A1CD5B2022D9C
:20474000E4D39DF8032032B931220020B188FFF79AF902461446012C05D10B20316900F070
:20476000D3FA02461446012C4CD1B268D01C00F0F5FC024617463846FDF724F902461746C0
:20478000B268D01D00F0EAFC024602923846029900F017FE02468DF802209DF80220052A6D
:2047A00004D13120FFF752F900242BE044F66C00C0F2010000EBC5029178506800F0BEFAEF
:2047C000012801D000241DE09DF80220022A0CD041F29C03C2F200039A6832B941F29C03B7
:2047E000C2F200039A79012A04D12220FFF72EF9002407E09DF80220082A03D17020FFF742
:2048000025F90024012C1FD1BBF1000F11D19DF80120442A0DD1B7F55C3F05D1002241F624
:20482000B823C2F200031A603046039900F0A9FB0AE0BBF1100F07D19DF80120442A03D141
:204840003046039900F0D2FB00BF04B0BDE8F08F2DE9F04D83B0834641F29C05C2F2000516
:2048600002914FF0000A2E790320DBF8101000F058FA02461446012C33D1DBF808205278C5
:204880008DF80320DBF81020971E00F0B2FF02460192AA79012A08D19DF80320012A04D05E
:2048A0007320FFF7D3F800241BE09DF80320964217D1019AAAB1019A032A12D0EA68BA421F
:2048C0000FD1029B9A6876231370029B9A68DBF808305B785370029B02221A61FFF7A7F82C
:2048E0000024012C14D13946286800F03CFE02469246BAF1020F04D12420FFF7A7F800249B
:2049000006E0BAF1050F03D17120FFF79FF80024012C09D19DF8032032B9AA79012A03D110
:204920007320FFF793F80024012C0DD1FF2E01D1002601E0721CD6B29DF80320964203D0B5
:204940007320FFF783F80024012C21D1DBF81020971E00F0C2F9AA68012A13D1DBF8082091
:204960003946901C00F091FD0246924695F8242012B92A683A442A60BAF1000F02D1002289
:20498000AA712E71012C03D1EF600022AA712E7103B0BDE8F08D2DE9F04106460F4601244F
:2049A00000F027FF022806D10120316900F0ACF90246144603E02420FFF748F80024012C40
:2049C0001ED100F0EAFD02461546B5B9002241F29C03C2F200039A60002241F29C03C2F2B3
:2049E00000031A7100210846FDF716FB00F075F94FF4FA60FFF778F802E02420FFF726F81A
:204A000000BFBDE8F0812DE9F04D81B005468B4600274FF0010AAA68527812F0800201D07F
:204A20004FF0000AAA68527812F07F028DF8032000260DE044F21B62C0F2010232449DF8A0
:204A400003301278934201D1012703E0721CD6B2002EEFD00220296900F063F90246144642
:204A6000012C06D138461222A988FFF70CF802461446012C05D10220296900F045F9024686
:204A80001446012C15D1BAF1010F0ED1DBF808207E231370AB68DBF808205B785370022228
:204AA000CBF81020FEF7C3FF03E0FEF72CFFFEF70CFF00BF01B0BDE8F08DF0B506460D4673
:204AC00014468EB9A3684FF06E0C83F800C0AF68A3687F785F70AF68A368BF789F700323C0
:204AE0002361FEF7A4FF02E07220FEF7AFFFF0BD2DE9F04D82B083460E4614464FF0000A91
:204B0000B36893F802C0DB7803EB0C239FB2002518E005EBC50344F6000CC0F2010C0CEB9B
:204B200083031B889F420BD105EBC50344F6000CC0F2010C0CEB830301934FF0010A03E094
:204B40006B1CDDB2032DE4D3BAF1010F4CD1DDF804C0DCF820302BB10198036A2246314602
:204B600058469847BBF1000F24D140F21228B7EB080304D04FF6EE48434514D019E0012317
:204B800041F29C0CC2F2000C8CF81830A3684FF0100C83F804C0A3684FF0000C83F805C073
:204BA00001F01CFB25E0A3684FF0100C83F804C01FE01EE040F21228B7EB080304D04FF614
:204BC000EE48434509D00EE0A3684FF0100C83F804C0A36883F805B00BE0A3684FF0110C1E
:204BE00083F804C005E004E0A3684FF0010C83F804C0A3684FF0710C83F800C0D6F808C07F
:204C0000A3689CF801C083F801C0D6F808C0A3689CF802C083F802C0D6F808C0A3689CF88F
:204C200003C083F803C040F21228B7EB080304D04FF6EE48434503D005E00623236103E03B
:204C40000523236100E000BFFEF7F1FE02B0BDE8F08DF0B505460E4614466DB9A3684FF043
:204C6000760C83F800C0B768A3687F785F7002232361FEF7DCFE02E07220FEF7E7FEF0BD14
:204C80002DE9F04181B005460E46144644F67C0CC0F2010CBCF80030ADF80230BDB90DF1F3
:204CA000020000F0DDF9A3684FF0770C83F800C0A3689DF802C083F801C0A3689DF803C023
:204CC00083F802C003232361FEF7B1FE02E07220FEF7BCFE01B0BDE8F08100B57820FEF71D
:204CE000B5FE41F28830FEF70AFF07E001F089FC012801D102F08DFF02F086FFFEF738FF9F
:204D000040690028F2D100BD70B505460E460124AE4203D000241320FEF798FE22461046F6
:204D200070BD70B505460E460124AE4203D200241320FEF78BFE2246104670BD70B5054668
:204D40000E4631462846FEF740FE0246144614B93320FEF77BFE2246104670BDF0B40546DD
:204D60000E4617460024002308E015F803C0674500D1012403F1010C5FFA8CF3B342F4D34C
:204D800000BF2046F0BC704710B5012414B92220FEF75CFE012010BD30B40446FF220021E5
:204DA0000EE0C1EBC10344F2C47CC0F2010C0CEB83031B799C4201D10A4603E04B1CD9B27A
:204DC0000029EED000BF104630BC70472DE9F04D81B00446174641F28805C2F200050091FF
:204DE0004FF0010AFEF7D7FD03469B462079FFF7D3FF03461E4623795B4505D1E81C002131
:204E0000627800F079F924E0AB1903F1020C9B7801338CF80030AB1902331B78022B10D9EF
:204E2000AB1902334FF0000C83F800C042F210713046FEF7E6FD3720FEF708FE4FF0000A55
:204E400007E001232B7023786B70E81C636961789847BAF1010F18D1BB684FF0670C83F8BA
:204E600000C0DDF80080D8F808C0BB689CF801C083F801C06278BB68E91C981C00F023F90F
:204E8000637802333B61FEF7D2FD00BF01B0BDE8F08D2DE9F04D82B005468B46924641F264
:204EA0008807C2F2000700F08EFC03461E462879FFF772FF03461C463B1902334FF0000CFA
:204EC00083F800C07B7895F800C0634553D13B78012B50D100233B70FEF774FC0028FBD164
:204EE000D5F818806B78E978DBF808C0FA1C0CF10200C04703468DF803309DF8033003BBCB
:204F000056F8243033B1A3004FF0000C46F803C000F0DFFB2879FEF733FDDAF808304FF043
:204F2000670C83F800C0DBF808C0DAF808309CF801C083F801C00223CAF81030FEF777FDFD
:204F40001CE04FEA840C56F80C30013346F80C3000F0BFFB56F82430022B03D23520FEF7BC
:204F600075FD0BE042F210712046FEF74AFD3620FEF76CFD02E02420FEF768FD02B0BDE8F2
:204F8000F08DF0B506460D4641F29C04C2F20004002222760122A271002222710122A260FB
:204FA000B268D01C00F0DAF8024622602068FCF709FD02462260B268D01D00F0CFF802460E
:204FC00017463946206800F0B5F9AA6874231370AA6820235370AA6808239370AA68002316
:204FE000D37004222A61FEF722FDF0BDF0B506460D4641F29C04C2F2000402F074FB0022AA
:205000002276012284F824200122A271002222710122A260B268D01C00F0A0F802462260AD
:205020002068FCF7CFFC02462260B268D01D00F095F8024617463946206800F07BF9AA68BA
:2050400074231370AA6820235370AA6808239370AA680023D37004222A61FEF7E8FCF0BD2F
:2050600010B5044601F006F8C0F30721217001F001F80146617010BDF0B405460E46174657
:205080009C4600BF00BF00BF00BF00242046F0BC7047F0B405460E4617469C4600BF00BF45
:2050A00000BF00BF00242046F0BC7047F0B405460E4617469C4600BF00BF00BF00BF0024E3
:2050C0002046F0BC70472DE9F00406460F46944633463C4665460AE03BB134B194F800A0F5
:2050E00083F800A00133013400E002E0013D002DF2D8BDE8F0047047F0B405460E46174645
:205100002B463C4605E013B11E70013300E002E0013C002CF7D8F0BC70472DE9F04C8446B8
:205120008A4617460123644655463E460FB9002310E00DE04CB145B194F800B095F800E0F1
:20514000F34502D10134013501E0002302E0013E002EEFD800BF1846BDE8F08C10B4044673
:2051600022781106627812041144A27812021144E278114400BF084610BC70472DE9100150
:20518000044641F2C401C2F200010C60BDE81001704710B4044600BF10BC70472DE9704128
:2051A00041F2D805C2F2000505F18006002085F8E806012085F88000002405E02819823005
:2051C00000210170601CC4B20A2CF7D3284680220021FFF791FF00F00CF844F6A010C0F204
:2051E0000100416840F2E030C2F200008847BDE8708110B541F25814C2F200040020C4F8B2
:20520000600600F0EBFF0020C4F864060020C4F874060020C4F870060020C4F86C0610BD45
:2052200030B541F25815C2F2000500242878012802D100F07BFC04460320C5F86406002055
:205240006870204630BD70B5064641F25814C2F2000400252178012903D100F067FC014605
:205260000D46A66194F8681602290CD25DB994F86816013184F86816A6610321C4F8641614
:205280000021617002E0FFF7B4FF02252946084670BD2DE9F044044641F25816C2F2000691
:2052A00041F2DC77C2F2000741F6B01AC2F2000A00259AF806108C4237D2C4EB84010AF11B
:2052C0000C0202EBC1017A6D49888A4207D3C4EB84010AF10C0202EBC101498819BB07EB30
:2052E000C40100220A70002187F85010C4EB84010AF10C0303EBC101097807EBC402D170E5
:2053000007EBC4014FF0FF324A6000F067FF3473317B3144023100220A70002171700121AB
:20532000C6F8641602E0012500E0062529460846BDE8F0842DE9F04C82468B4641F25814C2
:20534000C2F200040025C4F810A0C4F814B0002284F868262278C2B90122C4F86026227F3D
:2053600001322277227FA4F1080302EB820203EBC20223691360227FA4F1080302EB82024C
:2053800003EBC2026369536014E0277F07EB870204EBC20303F120062269326000227260E8
:2053A00000F0F3FB02461546227F013222770122C4F860260022C4F864262A461046BDE8C7
:2053C000F08C2DE9F04C05460F4641F25816C2F20006002496F8682622B1002286F86826C3
:2053E000FFF707FFD6F860262AB1D6F86026032A01D0022442E03278CABB4EF20002C2F2C3
:205400000002954231D3EA43BA422ED34FF20002C2F20002954228D87A194FF20003C2F22A
:2054200000039A4221D8B7F5805F1ED8002F1CD94EF20002C2F20002954201D1FFF7D9FE81
:2054400096F81CA0BAF1000F18D9A6F108030AEB8A02D20002EB030BDBF80420DBF800306D
:205460001A4495420AD2022408E0052406E03946284600F0D6FA0246144600240CB1FFF7D8
:20548000B8FE22461046BDE8F08C2DE9F04D89B041F2581BC2F2000B41F29C07C2F20007F5
:2054A000019002910025029EDDF804A00024DBF81420921BCBF814209BF80020002A43D1CA
:2054C00097F82420012A2AD100228BF86A2621E0FCF764FD802E01D9802403E0344601229D
:2054E0008BF86A2603AA2146504602F00FF9079A0399386800F05AFE05462DB9079A039962
:20550000386800F02BFE0546361BA2443A68079B1A443A60002E14D9002DD9D011E0FCF73F
:205520003DFD32460199386800F040FE054645B901228BF86A2632460199386800F00EFE24
:205540000546FCF72BFD0AE00198CBF81800CBF874660222CBF8642600228BF80120284645
:2055600009B0BDE8F08DF0B506460F4641F25815C2F200050024D5F86026012A03D0022416
:20558000FFF737FE06E02A69B24202D16A69BA4200D2052422461046F0BD30B541F25815E6
:2055A000C2F200050024D5F86006022808D10320C5F860060020C5F8640600F0CBFC02E0B2
:2055C0000224FFF716FE204630BD10B4044641F25812C2F200020021D2F8643643B953789B
:2055E000072B05D05378237000235370012102E000232370002100BF084610BC704710B530
:2056000041F25814C2F20004D4F86406013810D303D0022805D308D00BE000F09DF96070F3
:2056200008E000F0AAFB607004E000F0ADFC607000E000BF60780A2802D00020C4F864060F
:2056400010BD70B405460E4641F2C474C2F200042560666070BC70472DE9104184B040F29C
:20566000E034C2F2000400208DF8040041F2DC70C2F20000029060200390684602F051FCF0
:2056800001208DF80400684602F04BFC02208DF80400684602F045FC009841F2DC71C2F221
:2056A0000001086641F2DC70C2F2000060614AF20000C0F20110E06064202061204602F0EB
:2056C0000EFC08B9002100E00121084604B0BDE8108130B584B041F2CC05C2F2000540F29C
:2056E000E034C2F2000400208DF804002846029008200390684602F014FC01208DF8040020
:20570000684602F00EFC02208DF80400684602F008FC0098A860284660614CF20000C0F2D1
:205720000110E0600C202061204602F0D8FB08B9002100E00121084604B030BD2DE9104106
:2057400084B040F2E034C2F2000400208DF8040041F64000C2F2000002904FF4A0700390CB
:20576000684602F0DEFB01208DF80400684602F0D8FB02208DF80400684602F0D2FB0098E3
:2057800041F64001C2F20001C1F8400141F64000C2F2000060614EF20000C0F20110E060B3
:2057A0004FF4A2702061204602F099FB08B9002100E00121084604B0BDE8108141F2DC708C
:2057C000C2F20000704741F2CC00C2F20000704741F64000C2F2000070474DF8048D00201C
:2057E00041F25811C2F20001C1F860065DF8048B70474DF8048D41F25811C2F20001D1F8AE
:2058000060065DF8048B704710B441F25814C2F20004D4F86406012804D160780A2801D15C
:20582000012000E0002010BC704710B441F25814C2F20004D4F86006032802D10020C4F89D
:20584000600610BC70472DE9F04C81B08A4641F25817C2F2000741F68415C2F2000540F2F4
:20586000E036C2F2000600900024BAF1120F29D14EF2000BC0F2001B594628462C22FFF775
:2058800022FC5246281D0099FFF71DFC4FF05A312960FFF722FA75614EF20001C0F2001126
:2058A000F16030213161304602F019FB30B9284602F050FA00217970002404E00121797088
:2058C000012400E00124204601B0BDE8F08C2DE9F04482460F4641F25816C2F2000641F66D
:2058E0004005C2F200050024102F22D1D5F8380144F64A31C5F24801884218D03A465146D0
:2059000005F59470FFF7DFFB44F64A30C5F24800C5F83801FFF7E1F9FFF710FF18B900204A
:205920007070002406E001207070012402E00B2400E001242046BDE8F0842DE91001044651
:20594000002141F2DC72C2F2000282F8504000BF0846BDE8100170472DE9F04541F2581580
:20596000C2F2000540F2E037C2F2000740F26C6AAA440A260024D5F86C06F860D5F8700646
:205980003861D5F87006B0F5001F2BD8D5F87006386144F6A010C0F20100C1683846884775
:2059A0003889D8B9297BA81C01224254287B41F2DC71C2F2000101EBC000C07807280BD1AD
:2059C000002405E0297BA81C01224254601CC4B20A2CF7D3002602E0002600E00126FFF780
:2059E00008FC1BE04FF40010386144F6A010C0F20100C16838468847388960B9D5F870068C
:205A0000A0F50010C5F87006D5F86C0600F50010C5F86C0602E0FFF7ECFB01263046BDE83A
:205A2000F0852DE9F04F83B007468B4641F25816C2F2000641F6B01AC2F2000A00250024E8
:205A400000228DF8022000245BE0321902321278012A54D10AF10C03C4EB840203EBC202D4
:205A60009068FBF7AFFF02460192327F282A46D2FA435A4543D3019A974240D3C4EB8402EA
:205A80000AF10C0303EBC202019BD2681A44974235D2C4EB84020AF10C0C0CEBC202DDF85E
:205AA00004C0D2680BEB07036244934227D8C4EB84020AF10C0303EBC202D26893451ED875
:205AC000BBF1000F1BD9327F8DF80320347301228DF802209DF803208AB19DF80320A6F10B
:205AE000080302EB820203EBC2020292DDF808C09CE8080108EB0302974200D20825621C6C
:205B0000D4B29AF8062094429FD39DF80220012A00D005252DB9327B32440232127802B9A1
:205B200008252A46104603B0BDE8F08F2DE9F04141F2D804C2F2000440F2E035C2F200058D
:205B400004F5DF670026D4F8FC06D8B1D4F8F806E860D4F8FC06FF21C0F180022044FFF7FC
:205B6000CBFA20466861802028610020C4F8FC0644F6A010C0F20100016928468847288935
:205B800000B101263046BDE8F08170B541F2D804C2F2000404F5DF660025D4F8FC0670B361
:205BA000D4F8F806D4F8901020F07F0021F07F01884213D1D4F89000D4F8FC36D4F8F816AD
:205BC000C01A421A1819FF21FFF796FAD4F89000D4F8F816401AC4F8FC061DE0FFF7A6FFD2
:205BE000054600F051FAD4F8900010F07F00C4F8FC0620468022FF21FFF77EFA0CE000F014
:205C000043FAD4F8900010F07F00C4F8FC0620468022FF21FFF770FA284670BD2DE9F04144
:205C200041F2D804C2F2000404F5DF6740F2E035C2F20005002696E0D4F8FC06D4F8F4161E
:205C4000084480286ED3D4F8FC06D4F89810C0F180022044FFF737FAD4F8FC06C0F180020E
:205C6000D4F898001044C4F89800D4F8FC06C0F18002D4F8F406801AC4F8F406D4F89000A5
:205C8000D4F8FC16401AE860802028612046686144F6A010C0F20100016928468847D4F81C
:205CA000FC06C0F18002D4F890001044C4F89000D4F89000C4F8F8060020C4F8FC0628890E
:205CC00008B101264FE0D4F89400A0B994F8EA06012810D1D4F8F40668B900F0ABF80128D3
:205CE00003D1E86800F008F93DE094F89C10E86800F0B1F837E000F09DF8012804D1296925
:205D0000E86800F0C5F92EE094F89C000138C1B2E86800F0A0F800F0B7F92969E86800F059
:205D2000B7F920E0D4F8F426D4F89810D4F8FC062044FFF7C8F9D4F89000D4F8FC16401ADC
:205D4000C4F8F806D4F8FC06D4F8F4160844C4F8FC06D4F89000D4F8F4261044C4F89000F9
:205D60000020C4F8F406D4F8F406002802D9002E3FF462AF3046BDE8F0812DE9F04D86B0FD
:205D800041F25817C2F20007BB460025D7F818A0D7F87466002441F29C01C2F2000191F81E
:205DA0002400012834D1002087F86A062BE0FCF7F5F8802E01D9802403E03446012087F86E
:205DC0006A066A462146504601F0A0FC41F29C03C2F20003049A0099186800F0E7F90546BE
:205DE0007DB90098B8610498C7F87406FFF716FF054641F29C01C2F20001049A08681044AA
:205E00000860A244361B002E05D9002DCFD002E0FFF704FF0546FCF7C1F82DB9786928B991
:205E20000220C7F8600601E0FFF7E3F9284606B0BDE8F08D10B441F25814C2F20004207F68
:205E40000138C2B2637F934201D1012100E00021084610BC70472DE9F04D81B0824641F299
:205E60007415C2F200058DF803106C7804EB840205EBC2031F1D7A683B681A44A2EB0A0B79
:205E80005946504602F072F802F07CF8024616466A7801326A70314607F108002022FFF7C9
:205EA00012F96C7821E002F059F804EB84022B1D03EBC202516804EB840253F8320002F0A3
:205EC00055F802F05FF802461646314604EB84022B1D03EBC20202F108002022FFF7F3F884
:205EE0006A7801326A70621CD4B29DF803209442D9D301B0BDE8F08D2DE9F044064641F2D9
:205F00007415C2F2000529780139CFB207EB870105EBC102141D21688E4207D361682268FF
:205F200030461144891B02F021F803E06168206802F01CF802F026F801468A466978013173
:205F40006970514604F108002022FFF7BCF800BFBDE8F084F0B541F27414C2F20004207860
:205F60000138C5B205EB850004EBC0010E1D02F009F80746607801306070394606F108008A
:205F80002022FFF7A0F8F0BD70B541F25816C2F20006002400F014F800250DB90120307038
:205FA00045B9307B41F2DC71C2F2000101EBC000012101702C460CB9FFF71BF9204670BDF0
:205FC0002DE9F04CADF5006D41F25814C2F2000468464FF40062002102F0BCFA0025207B2D
:205FE00041F6BC11C2F20001C0EB800001EBC00086682069A0EB060B4FEADB20C7B2CBF393
:206000000A0AFDF723FB002410E006EBC42168464FF40062FFF757F8684600231A464FF464
:206020000061FDF71CFB0546601CC4B2BC42ECD3BAF1000F0CD9524606EBC7216846FFF746
:2060400042F85146684600231A46FDF708FB0546284600F004F80DF5006DBDE8F08C2DE9FC
:206060001001044641F2D871C2F200010C80BDE8100170474DF8048D41F2D871C2F2000194
:2060800008885DF8048B704700B501F067FF00BDF0B505460E4641F25814C2F20004207FD2
:2060A0000138C7B207EB870204EBC20101F120042068854204D33146284601F057FF05E0B4
:2060C00022687019811A104601F050FFF0BD2DE9F04C84460F4641F25812C2F200020023E8
:2060E000147FA2F1080504EB840405EBC4056C683C446C60147FA2F1080604EB8404E4008E
:20610000A559147FA2F1080A04EB84040AEBC4046668147B41F6BC1BC2F2000BC4EB8404B4
:206120000BEBC40B147BDBF808B041F6BC1EC2F2000EC4EB84040EEBC404E46805EB060A69
:206140005C44A24500D9052323B10024C2F864460524547000BF1846BDE8F08C2DE9F044E6
:2061600006468A46154641F25814C2F2000400272A4651463046FEF7A6FF29463046FFF738
:2061800087FF23692B442361636933B994F86A36012B02D10223C4F860360023C4F8643627
:2061A000002363703B461846BDE8F0842DE9F04407468A46164641F25815C2F200050024B1
:2061C0004CB931463846FFF782FF04461CB9C5F818A0C5F874662046BDE8F08410B441F2AD
:2061E0005814C2F2000400206077002020770020C4F87C060020C4F8780600BF10BC7047D3
:2062000010B440F2FC34C2F2000420780028FCD110BC704730B50446616811B10221218111
:2062200023E014B9052121811FE0217829B96178012902D1A178012902D00621218114E0A4
:20624000002007F042F9002007F088FA07F062FA01460D46012D04D10121616000212181BD
:2062600003E0002161600121218100BF30BD10B40446616811B90221218105E000216161BB
:20628000002121610021218100BF10BC704730B404460D460022B4F1807F06D3B4F1817F91
:2062A00003D2A4F180732B600AE0B4F5005F06D3B4F5002F03D204F5F0332B6000E00122D4
:2062C00000BF104630BC70472DE9F04D85B00446D4F80CA02169E2681144A1F1010B0021D4
:2062E000019100274FF400560025616811B9022121815BE0216911B90421218156E06A4693
:206300005946504600F02AF90146ADF80A10BDF80A10012902D10721218147E001A9504632
:20632000FFF7B5FF01460D4615B1092121813EE0019BB3FBF6F106FB1132991A0191019915
:20634000226911444F1E2EE007F0E4F9014603910399012902D00A21218128E031460198B6
:2063600007F00BF901460D4615B10B2121811EE005E007F01FFAA16909B1A169884707F06D
:20638000C9F90128F5D115B10C2121810FE007F0D3F901460491049911B10D21218106E014
:2063A0000199314401910199B942CDD900BF05B0BDE8F08D2DE9F04D8DB00446D4F80CB009
:2063C0002169E2681144491E069161690591216904910025102744F69011C0F201010B68B9
:2063E00009934B680A938B680B93C9680C91002600210191616811B902212181AAE021690D
:2064000011B904212181A5E0616911B905212181A0E0BBFBF7F107FB11B111B1082121819B
:2064200099E06A465846069900F098F80146ADF81E10BDF81E1011B1072121818AE001A9D9
:206440005846FFF724FF01460E4616B10921218181E000252FE007F05DF901460291029900
:20646000012902D00A21218175E00598019B3A462918E81807F0DFF801460E4616B10B21A8
:20648000218168E005E007F095F9A16909B1A169884707F03FF90128F5D116B10C21218157
:2064A00059E007F049F901460391039911B10D21218150E03D44049A79199142CBD921895F
:2064C000002947D104998D4244D2DDF81080A8EB0508CDF820804FF0000A0AE0059B0AEBC7
:2064E00005029A5C09A901F80A200AF101015FFA81FA08998A45F1D307F00CF901460291EF
:206500000299012902D00E21218124E0019B3A4609A9E81807F08FF801460E4616B10F2131
:20652000218118E005E007F045F9A16909B1A169884707F0EFF80128F5D116B110212181A3
:2065400009E007F0F9F801460391039911B11121218100E000BF0DB0BDE8F08DF0B40446F1
:206560000D46164601234FF0020CC6F800C0AC4201D901232AE0B4F5005F0ED3B4F5002FC6
:206580000BD2B5F5005F08D3B5F5002F05D24FF0000CC6F800C0002318E0B4F1807F14D31B
:2065A0004FF6FF77C1F20107BC420ED8B5F1807F0BD34FF6FF77C1F20107BD4205D84FF06D
:2065C000010CC6F800C0002300E0012300BF1846F0BC704700B5002007F0EEFA002007F0BE
:2065E00076FC4FF47A61002007F0C1FB00BD00B5002007F015FC002007F08FFC07F03BFBCF
:2066000000BD10B441F6B424C2F2000400212078012802D1012100202070084610BC7047DA
:206620004DF8048D012041F6B421C2F2000108705DF8048B7047704730B5054641F6C0248D
:20664000C2F20004656000F09EF80120206030BD70B50646304600F04CF801460D460124CF
:20666000284600F0EDF801460C462146084670BD10B4044600BF00BF10BC704700B500F0A8
:2066800074F800BDF0B506460F460124304600F04EF8024615463946284600F03EF90246BB
:2066A000144622461046F0BD70B505460E46284600F03DF8024614463146204600F0C5F991
:2066C00070BD30B50546284600F031F801460C46204600F0EDF930BD70B505460E462846E2
:2066E00000F025F8024614463146204600F015FA70BD70B4064641F6C025C2F2000501217B
:206700002868012810D100210CE06A689268342000FB012292F82420B24201D1084604E0CE
:206720004A1CD1B20029F0D0084670BC704770B4064641F6C025C2F2000501212868012836
:2067400010D100210CE06A689268342000FB0122126A1278B24201D1084604E04A1CD1B226
:206760000029F0D0084670BC704710B5002407E0204600F0F7F9204600F048FC601CC4B25D
:20678000002CF5D010BD2DE9F04D82B041F6C427C2F2000700254EE0284600F0A4FA3868EA
:2067A0008068342115FB0100009005EB8500800041F6CC21C2F2000100EB010B00994869EC
:2067C00070B90120CBF808003B689868342202FB05001978008890FBF1F0ABF8040005E098
:2067E0000320CBF808000020ABF8040038688068342202FB0500008D41F6C821C2F20001A2
:2068000001EB000A00240CE038688068342202FB0501C96A2001461830790AF80400601CB4
:2068200084B238688068342202FB0500C08C8442EAD3681CC5B2002DAED002B0BDE8F08DF9
:206840002DE9F04D81B0064641F6C42BC2F2000B06EB8601890041F6CC22C2F2000255183A
:20686000DBF800108968342206FB0211096A4F78DBF800108968342206FB0211096A91F866
:2068800000A0A96803291ED1297C01290DD1C7EBC70144F6A420C0F2010000EB8101504651
:2068A0004969884701460C461EE0C7EBC70144F6A420C0F2010000EB810150460969884751
:2068C00001460C4610E0A968012901D100240BE0C7EBC70144F6A420C0F2010000EB81017B
:2068E000504609698847012424B900212974012169740DE0DBF800008068342206FB020100
:20690000CA69342306FB030191F82400002190472146084601B0BDE8F08D2DE9F04F82B034
:2069200006468A4641F6C824C2F2000441F6C427C2F2000738688068342106FB0100008D17
:20694000214601EB000B06EB8600211D01EB8000019001208DF8020001208DF8030001993C
:20696000487C012817D13B689B68342106FB01300121C26990F824009047019901208860A2
:206980003A689068342106FB01001178008890FBF1F00199888001998868012850D1386873
:2069A0008068342106FB0100C56A00242BE01BF804009AF80020904222D100208DF8030004
:2069C000A868063802D0032808D00FE052462946304600F0EFF88DF8020008E052462946DB
:2069E000304600F001F98DF8020000E000BF9DF8020020B901990120C860019805600AE0D6
:206A00001035601C84B23A689268342106FB0122D08C8442CBD39DF80300012805D10220F1
:206A2000CAF8080000208DF802003A689068342106FB01001178008890FBF1F001998880D5
:206A40009DF8020002B0BDE8F08F2DE9F04105460F4605EB8502920041F6CC23C2F20003FC
:206A60009C18E268012A21D12268D2681268EAB9A268012A1AD12668B268062A04D13946CE
:206A8000284600F0C4F800E000BF41F6C422C2F20002D2F800C0DCF80820342305FB032268
:206AA0009CF80030128892FBF3F2A280BDE8F0812DE9704181B0054605EB8501890041F655
:206AC000CC22C2F2000254182668E168012921D12168C968096801291CD1B168092919D13C
:206AE0000DF10301284600F058FA9DF80310012902D1284600F0F7F841F6C421C2F2000121
:206B00000B689968342205FB02111A78098891FBF2F1A18001B0BDE870812DE970010446CD
:206B20000D4604EB84039B0041F6CC2CC2F2000C0CEB03029AB113688BB100BF41F6C42327
:206B4000C2F20003D3F800C0DCF80830342604FB06339CF800601B8893FBF6F39380BDE88F
:206B6000700170472DE93041044604EB8401890041F6CC22C2F200025518204600F08FF8FA
:206B8000A97C012914D10321A9600021A97441F6C421C2F2000108688068342204FB0201D5
:206BA0008A68342304FB030191F8240001219047BDE83081F0B504460E46174604EB840377
:206BC0009B0041F6CC2CC2F2000C0CEB0305EB68012B02D1204600F086F83146384600F021
:206BE00040F800231846F0BDF0B506460F46154601243946284600F034F82946304600F08B
:206C000095F9AB6803B9002423461846F0BD2DE9F04104460D4604EB8402920041F6CC236E
:206C2000C2F200039E182A7892B941F6C421C2F2000108688168342304FB03121369342095
:206C400004FB001292F8240098470222B26006E02946204600F0E7F8204600F044F8BDE89F
:206C6000F08130B404460D466A7922732A68012A02D10022626001E001226260EA681268A4
:206C8000012A01D303D005E00122A26005E00022A26002E00222A26000BF30BC70472DE98F
:206CA0003041054605EB8501890041F6CC22C2F200025418A188A1B1A1880139A180A188AA
:206CC00079B941F6C421C2F2000108688068342205FB02010A69342305FB030191F8240085
:206CE0009047BDE8308110B4044604EB8402920041F6CC23C2F20003991800220A60002216
:206D0000CA6000220A7400224A7400228A7410BC704730B5054641F6E024C2F2000465603E
:206D200000F071F80320206030BDF0B506460F460124304600F00BF8024615463946284606
:206D400000F0B6F80246144622461046F0BD30B4054641F6E024C2F20004002360680289F0
:206D6000206803280BD16068816906E0C888A84200D10B460C31501E82B2002AF6D818465B
:206D800030BC70472DE9F00506460F4641F6E422C2F2000213685A69002541F6E42CC2F253
:206DA000000CDCF800309C88002322E041F6C428C2F20008D8F800C0DCF808C04FF0340AF2
:206DC00006FB0ACC92F807A09CF824C0E2450FD192F806C0BCF17F0F01D1012304E092F83D
:206DE00006C0BC4500D10123012B01D1154605E00A32B4F1010C1FFA8CF4D7D200BF28463C
:206E0000BDE8F005704730B541F6E824C2F20004012505E0204600F03BFC4034681EC5B238
:206E2000002DF7D830BD2DE9F04C83460C46627802F0F00758462178FFF7A4FF02461546C6
:206E400022787E2A05D022782A2A02D022782B2A0BD16278022A08D1A2783E2A05D1E278FF
:206E6000802A02D1FCF72DFE20E0FDB195F807A0504600F0D3FB024616463A1C04D0103A29
:206E800008D0102A0CD010E02A462146304600F0F4F80BE02A462146304600F031F905E0B4
:206EA0002146304600F080F900E000BFBDE8F08C2DE9F04104460D46607A00F0AFFB02462C
:206EC0001646B30141F6E82CC2F2000C03EB0C020123D2F824C0BCF1010F23D15460D5F897
:206EE00008C0C2F81CC04FF0020CC2F824C0D5F808C0BCF1060F04D84FF0010CC2F838C018
:206F000003E04FF0020CC2F838C041F6C42CC2F2000CDCF80070B4F802C03F789CFBF7F7BA
:206F20005785002300BF1846BDE8F0812DE9F04104460D4641F6C420C2F200000268926808
:206F4000342304FB032292F8240000F067FB02461746BA0141F6E823C2F20003D61800224D
:206F6000B285B26B013A13D303D0022A06D30AD00EE02946204600F016FA0CE02946204666
:206F800000F064FA07E02946204600F0B9FA02E00222AA6000BFBDE8F0812DE9F0410746CB
:206FA0000D4641F6C420C2F2000002689268342307FB032292F8240000F030FB0246164660
:206FC000B20141F6E823C2F20003D418A26B042A0AD1626800215089FCF763FC204600F097
:206FE00057FB01222A700FE00022628541F6C42CC2F2000C6268DCF8003092881B7892FB9B
:20700000F3F2A28500222A70BDE8F0812DE97041064641F6C420C2F2000001688968342200
:2070200006FB021191F8240000F0F8FA01460C460CBBA10141F6E822C2F200028D182846A1
:2070400000F005FBA968B1B1696B013912D305D0023907D30AD0022908D00BE0204600F0D2
:20706000EEF808E0204600F023F904E0204600F057F900E000BFBDE870812DE9F04D8246F6
:207080000F4693464FEA8A1341F6E82CC2F2000C03EB0C047B7803F00F050026636A022BC9
:2070A00007D13B787E2B03D0204600F0A3FA00E001261EBB002D21D9062D1FD8C4F808B031
:2070C00002236362A561E56100232362394604F10C00082201F059FA0023236341F6E42CF4
:2070E000C2F2000CDCF80030D3F810C00CEB8A03236001236363002384F83C30BDE8F08D13
:207100002DE9F04D82460E4693464FEA8A1341F6E82CC2F2000C03EB0C040027636A022B27
:2071200007D133787E2B03D0204600F063FA00E00127737803F00F052B029BB21D46B3789B
:207140002B439DB277BB072D2CD3C4F808B002236362A561E56100232362314604F10C0043
:20716000082201F012FA1023236341F6E42CC2F2000CDCF80030D3F810C00CEB8A03236082
:2071800002236363002384F83C3041F6C428C2F20008A368D8F800C05B889CF800C093FBBA
:2071A000FCF32385BDE8F08D2DE9704106460D46B20141F6E823C2F20003D418626A022A20
:2071C00038D1626B032A03D1204600F0DFF834E0626B042A2AD194F83C20013284F83C20AE
:2071E00012F00F0284F83C206A7894F83C3012F00F029A4216D1294604F10C00082201F069
:20720000C4F9202222630522626341F6C42CC2F2000CA268DCF8003052881B7892FBF3F22A
:2072200022850AE0204600F0B1F806E0204600F02FFA02E0204600F0DDF9BDE87081F0B510
:2072400083B00746B90141F6E822C2F200028C18A36804F11402A1691889FCF7C9FA01469B
:207260000D46DDB96169C9B16169A2698968914214D304F10E010091A16902916369029AC7
:207280000099186801F081F9A1680E89204600F0FFF930460021FCF7D2FA07E0A1680889A5
:2072A0000121FCF7CCFA204600F0F2F903B0F0BD70B583B00646B10141F6E822C2F2000205
:2072C0008C18A36804F11402A1691889FCF790FA01460D46D5B96169C1B16169A2698968A2
:2072E000914213D304F10F010091052102916369029A0099186801F048F9E169029A891A4A
:20730000E161029921620421616307E0A16808890121FCF794FA204600F0BAF903B070BD17
:2073200070B583B00646B10141F6E822C2F200028C1804F10E010091616B032902D10021DB
:20734000029104E0E169062988BF062102916569029A0099236A2D68581901F016F9E1695C
:20736000029A891AE161216A029A1144216204216163E16941B9A1680D89204600F088F9EA
:2073800028460021FCF75BFA03B070BD10B50446A16821B1A16808890121FCF750FA2046ED
:2073A00000F076F910BD2DE9F04583B082460D4641F6C420C2F200000268926834230AFB79
:2073C000032292F8240000F029F902461646B20141F6E823C2F20003D418626804F11401B8
:2073E0005089FCF742FA024617463FBB62692AB304F10C000822FF2101F0ACF804F10E0259
:207400000092E26902926369029A0098196801F0BCF8626912689278742A00D100BF62688E
:20742000127A22739DF8082062730422A26304F10C010822286901F0A8F804E0204600F0E6
:20744000CCF80222AA6003B0BDE8F0852DE9F04583B082460D4641F6C420C2F2000002689B
:20746000926834230AFB032292F8240000F0D6F802461646B20141F6E823C2F20003D418E9
:20748000626804F114015089FCF7EFF90246174677BB626962B304F10C000822FF2101F071
:2074A00059F804F10F020092052202926369029A0098196801F069F86268127A2273E2691F
:2074C000120A42F010026273E269A273E269029BD21AE261029A22620322A263002284F818
:2074E0003C2004F10C010822286901F04EF804E0204600F072F80222AA6003B0BDE8F0859D
:207500002DE9F04183B006460F4641F6C420C2F2000002689268342306FB032292F82400F2
:2075200000F07CF802461546AA0141F6E823C2F20003D4186268002A4CD041F6C42CC2F2C9
:20754000000C6268DCF8003052881B7892FBF3F2628504F10C000822FF2100F0FBFF04F161
:207560000E020092E269062A88BF06220292D4F814C0029A236A0098DCF800C003EB0C01FB
:2075800001F003F86268127A227394F83C20013284F83C2094F83C2012F00F0284F83C204E
:2075A00094F83C2042F020026273E269029BD21AE261226A029B1A442262E26912B904225C
:2075C000A26301E00322A26304F10C010822386900F0DBFF03B0BDE8F08110B50446616863
:2075E00021B1616848890121FCF75BF9204600F04FF810BD10B50446616821B16168488908
:207600000121FCF74EF9A16821B1A16808890121FCF715F9204600F03BF810BD2DE91001F9
:20762000044641F6E422C2F2000211680A69002106E0D3789C4200D104E004324B1CD9B214
:207640000029F6D000BF0846BDE81001704710B50446218D39B1218D01392185218D11B914
:207660002046FFF793FE618D39B1618D01396185618D11B92046FFF7B0FFA18D39B1A18D2E
:207680000139A185A18D11B92046FFF7A6FF10BD10B5044600212160002161600021A1600F
:2076A000002161610021A1610021E161002121620121616200212185002161850021A185C3
:2076C000F0212163002161630021A163002184F83C10002184F83D1004F10C0008220021EC
:2076E00000F038FF10BD2DE9100141F62834C2F20004012040F20841C2F20001088000202B
:20770000A0820020A075BDE8100170472DE9F04407468A46154641F62834C2F2000426462C
:207720000020E0608020207127600020206104F118002860002028610020A8820020A875CB
:2077400052462946304600F006F8A88AA082A87DA075BDE8F0842DE9F04F85B0074640F20E
:20776000084AC2F2000A03910492002600208DF802000020ADF80A0000208DF803000498EF
:207780004FEAC00B0025CAE1FAF708FCB87D002800F04281B87D0138012303FA00F0BB8A4C
:2077A000184266D0B87D5844092827D20025002405E00120A040284485B2601CC4B2ABF1DE
:2077C00001008442F5D3ABF10101384600F0D3F980B205405FFA8BF00138012303FA00F0AD
:2077E000284485B20399B88A00FA0BF0284488820399BB7D0BEB0300887597E1002405E052
:207800000120A040284485B2601CC4B2B87D01388442F5D3B88A0540B87DC0F1090005FA61
:2078200000F080B20546B87DC0F10901384600F0A2F9C0B20646E8B23044C6B2B87DC0F1B8
:207840000900ABEB000B3046039900F0C1F9BAF8003042F2C020C2F20000C654BAF800004C
:207860000130C0F30900AAF8000000250020B87555E1B87D58440F281CD20025002405E0AD
:207880000120A040284485B2601CC4B25C45F7D35946384600F06FF980B205400399B88A1D
:2078A00000FA0BF0284488820399BB7D0BEB030088753BE1B87D0B2837D80025002405E0D2
:2078C0000120A040284485B2601CC4B2B87D01388442F5D3B88A0540B87DC0F10B0005FA9F
:2078E00000F080B20546B87DD0F10B000CD0B87DC0F10B01384600F03EF9ADF80A00B87DC3
:20790000C0F10B00ABEB000BBDF80A104819ADF80A003846042100F02EF98DF80200ABF14E
:20792000040B00250020B87545E00025B87D0B38C4B205E00120A040284485B2601CC4B213
:20794000B87D01388442F5D3B88A0540B87D0B3845FA00F0ADF80A000025002405E00120FF
:20796000A040284485B2601CC4B2B87D0B388442F5D3B88A0540B87D0B38C0F1040005FAD9
:2079800000F080B20546B87D0B38C0F10401384600F0F1F88DF802009DF80210E8B20844E1
:2079A0008DF80200B87D0B38C0F10400ABEB000B00250020B8759DF80210881C8DF802002E
:2079C000BDF80A0018B901208DF80300A7E000241DE0BDF80A1042F2C023C2F200036018B1
:2079E000C0F309001E5C3046039900F0F1F8BAF8003042F2C020C2F20000C654BAF80000F0
:207A00000130C0F30900AAF80000601CC4B29DF802008442DDD382E0384600F08AF801285D
:207A200031D1BBF1090F13D2ABF10101384600F0A2F80399888203995FFA8BF00138012382
:207A40008340888A18448882039880F816B06DE0ABF1090B3846082100F08DF8C0B206463B
:207A60003046039900F0B4F8BAF8003042F2C020C2F20000C654BAF800000130C0F30900F5
:207A8000AAF800004BE0BBF10F0F0AD2ABF10101384600F070F803998882039880F816B080
:207AA00044E0ABF10F0B38460A2100F064F8ADF80A00BDF80A0018B901208DF803002EE001
:207AC0003846042100F057F88DF802009DF80210881C8DF8020000241DE0BDF80A1042F247
:207AE000C023C2F200036018C0F309001E5C3046039900F06DF8BAF8003042F2C020C2F22D
:207B00000000C654BAF800000130C0F30900AAF80000601CC4B29DF802008442DDD39DF876
:207B2000030018B9BBF1000F3FF62EAE05B0BDE8F08F10B404462179802909D1216822698D
:207B4000895CA160216901312161E1680131E1602179A36801EA0302217949082171217999
:207B600009B9802121710AB1012100E0002100BF084610BC7047F0B504460F4627B17A1EEE
:207B8000012303FA02F500E0002500261BE02279802A09D122682369D25CA2602269013284
:207BA0002261E2680132E2602279A3681A4200D02E436D0822795208227122790AB9802243
:207BC0002271FAF7EBF9002DE1D132461046F0BD30B405460C4622682369D5542269013265
:207BE000226130BC704700B572B600BD00B562B600BD00B5FAF7C2F8F9F73CFE00BFF9F702
:207C0000DDFEFDF7FCFCFAE700B50020FEF7AAFF00BD00B50020FFF7F9F900BD70B40446A4
:207C20000D46002242F2C863C2F2000317E0A3B19CB194F800C04FEA0C6201342678360421
:207C400032440134267836023244013494F800C062441A600134043300E002E0043D002DF0
:207C6000E5D800BF70BC704730B504460D46FBF761FE0246227001222A800022104630BDC6
:207C80002DE9F04482460C46002600BFF9F7FEFD02461546FAF741F902461746A268102300
:207CA0001371A2685671A2689671A268D671A26816724DB1A2686B1E4FF0010C0CFA03F3A2
:207CC00043F00103137205E027B1A3681A7A42F002021A720922226145B93FB90120FDF711
:207CE0002CFEFDF7B9FCFBF7A2FE03E0FDF79DFDFBF79DFE00BFBDE8F08430B504460D46C7
:207D000029462046FAF7B0F930BD30B504460D4629462046FAF78BF930BD30B54EF2000425
:207D2000C0F200144FF448752068B0F15A3F08D1214642F6EC20C2F200002C22FDF7C3F985
:207D400007E042F6EC20C2F200002C22FF21FDF7D3F930BD10B50446214642F6EC20C2F2BB
:207D600000002C22FDF7AFF910BD30B404460D460022002203E00023A354531CDAB2072A5E
:207D8000F9D307232B800023184630BC704730B404460D460022002203E00023A354531CED
:207DA000DAB2072AF9D307232B800023184630BC704730B404460D460022002203E0002376
:207DC000A354531CDAB2072AF9D307232B800023184630BC704730B404460D4600220022F6
:207DE00003E00023A354531CDAB2072AF9D307232B800023184630BC704730B404460D4614
:207E00000022002207E044F6E023C0F201039B5CA354531CDAB2062AF5D306232B8000236C
:207E2000184630BC704730B504460D4642F60231C2F2000120460422FDF745F904222A8011
:207E40000022104630BD30B404460D460022002207E044F6E623C0F201039B5CA354531CBB
:207E6000DAB2082AF5D308232B800023184630BC704730B404460D460022002207E044F69C
:207E8000EE23C0F201039B5CA354531CDAB2082AF5D308232B800023184630BC704730B559
:207EA00004460D4642F60631C2F2000120460822FDF709F908222A800022104630BD30B55D
:207EC00004460D4642F60E31C2F2000120460822FDF7F9F808222A800022104630BD2DE915
:207EE000104104462189B9B944F6A010C0F20100C16820468847218961B944F6A010C0F270
:207F00000100016920468847218909B9002104E0012102E0012100E0012100BF0846BDE876
:207F2000108130B5044600252179013903D306D001290AD00DE02046FAF7AAF90BE02046A0
:207F4000E268A168FAF7ABF905E02046FAF7C4F901E0012500BF2946084630BD00B542F6E3
:207F60002830C2F2000000F012F800BD30B504460D462A46214642F62830C2F2000000F0B1
:207F800050F830BD42F62830C2F20000704730B4044600224EF26761C6F60921E1624AF6F0
:207FA0008561CBF6673121634FF27231C3F66E4161634FF23A51CAF24F51A16345F27F21EB
:207FC000C5F20E11E16346F68C01C9F6053121644DF6AB11C1F6837161644CF61951C5F66E
:207FE000E031A164002102E062544B1C99B22029FAD300210BE08B0004F18C0C4CF803205F
:208000008B0004F14C0C4CF803204B1C99B21029F1D3002363620023A3620023236230BCCE
:2080200070472DE9F04F8DB00546039104924FF0000B6B6ADDF810C023F000430CEB030A64
:208040006B6A4FEADA7CDB0F0CEB03072AF000434FEAC77C4CEA030AD5F828C07B0803EB8F
:208060000C06B6F1005F02D34FF0010B19E1C5F824A0AE6200240AE04FEA840C05F14C091B
:2080800059F80C3005F18C0E4EF80C300134102CF2D300240AE04FEA840C05F12C0959F8B8
:2080A0000C300DF1140E4EF80C300134082CF2D32B6A9F082B6A9B07DE0E2B6ADDF810C01B
:2080C00063449B0923F07C444FF0000A2DE0F9F765FF20E04FEA870C05F18C0EC6F11803AA
:2080E0004FF0FF0909FA03F85EF80C3023EA0803DDF80C8018F80A80C6F1180908FA09F8BB
:2081000048EA03034EF80C30083673091F4416F01F060AF1010A102FDCD305A905F18C0039
:2081200000F0C4F800270026013C002CCFD856EA070312D100240EE0A30005F14C0C4FF0C7
:2081400000084CF80380A30005F18C0C4FF000084CF803800134102CEED3049BA3EB0A04A4
:208160003DE04FEA870CC6F118034FF0FF0909FA03F805F18C0959F80C3023EA0803DDF8FA
:208180000C8005F14C0E18F80A80C6F1180908FA09F848EA03034EF80C304FEA870C05F112
:2081A0008C0EC6F118034FF0FF0909FA03F85EF80C3023EA0803DDF80C8018F80A80C6F1B2
:2081C000180908FA09F848EA03034EF80C30083673091F4416F01F060AF1010A013C002C0A
:2081E000BFD8C6F118034FF0800C0CFA03F84FEA870C05F18C0E5EF80C3043EA08034EF8DE
:208200000C3000240AE04FEA840C0DF1140959F80C3005F12C0E4EF80C300134082CF2D3C3
:20822000BB0003EBD6032B622B6A372B10D905A905F18C0000F03AF8002407E0A30005F159
:208240008C0C4FF000084CF803800134102CF5D36B6ADB00C5F8C830D5F828C06B6AC3F39A
:20826000417343EACC03C5F8C43005A905F18C0000F01CF8002700240FE024F003030DF117
:20828000140C5CF80330C7F1180E23FA0EF32B5507F1080303F01F070134202CEDD34FF01F
:2082A000000B5B4618460DB0BDE8F08F2DE9F04FC9B005460C464FF4807244F60831C0F20E
:2082C000010109A800F061F9102245E0A2F10F0355F82330DE09A2F10F0355F8233046EAA9
:2082E0004366A2F10F0355F823304FEA934CA2F10F0355F823304CEA83335E40A2F10F0304
:2083000055F82330DB0883EA060C931E55F823305E0C931E55F8233046EAC336931E55F828
:2083200023304FEAD34A931E55F823304AEA43335E40931E55F823309B0A83EA06079600F5
:20834000A2F1100355F823A0D31F55F82330534463443B44AB510132402AB7D32368D4F89E
:2083600004A0D4F808B0D4F80C80CDF804802669D4F814E0D4F81880CDF80080D4F81C80D4
:20838000CDF8088000225DE04FEAC34848EA533888EAB3094FEA832848EA935888EA09087E
:2083A000CDF80C800AEA03090BEA030C8CEA09090BEA0A0888EA090CDDF80C80E044CDF808
:2083C0000C804FEA465848EAD62888EAB6194FEAC61848EA566888EA0907DDF800800EEAF3
:2083E000060928EA060888EA090C4FEA8208CDF818800DF12409CDF82090C146DDF820808B
:2084000058F80980DDF8189055F80990C144DDF80880C84407EB08090CEB0907DDF8008053
:20842000CDF80880CDF800E0B646DDF8048007EB0806CDF804B0D3469A46DDF80C8008EB2F
:2084400007030132402A9FD3D4F800809844C4F80080D4F80480D044C4F80480D4F80880A7
:20846000D844C4F80880D4F80C80DDF80490C844C4F80C80D4F81080B044C4F81080D4F81F
:208480001480F044C4F81480D4F81880DDF80090C844C4F81880D4F81C80DDF80890C844BA
:2084A000C4F81C8049B0BDE8F08F10B542F6B444C2F20004207888B9002009F0DDFA0120B0
:2084C0002070022005F003FD41F28831022005F04EFC622004F062F809F002FB10BD2DE9FF
:2084E000004142F6B441C2F200010878012804D109F0F6FA622004F051F8BDE800812DE9F7
:20850000004100F018F8012808D142F6B441C2F200010878012801D1FFF7E1FFBDE80081BF
:208520004DF8048D012042F6B541C2F2000108705DF8048B704710B442F6B444C2F20004A2
:2085400000216078012802D1012100206070084610BC70478446830704D0013A13D3017089
:208560000130F8E7083A08D309060B0A19430B0C19430B1C0AC0083AFCD2083203D001705C
:208580000130013AFBD160467047E1B4121F39DB850713D0AD0F0B78491C0370401C022D5B
:2085A00009D80B78491C0370401C022D03D00B78491C0370401C5219121F23DB8D072ED13D
:2085C000083A13DB143A0BDBE8C9E8C0E8C9E8C0203AF9DA131C103302DBE8C9E8C0103A66
:2085E000143203DBA8C9A8C00C3AFBDA083209DB121F04DA0B68091D0360001D02E028C94A
:2086000028C0121F121D60D00B780370022A5CDB4B784370022A58DD8B78837055E0AD0FCB
:208620000326B1430E68091D022D1ADC33D00C2A0CDB0C3A330A60C92F063B432D0A370669
:208640003D4328C0083AF5DA0C3208DB350A0E68091D37063D430560001D121FF6DAC91E7E
:20866000D0E70C2A0CDB0C3A330E60C92F023B432D0E37023D4328C0083AF5DA0C3208DBB9
:20868000350E0E68091D37023D430560001D121FF6DA491EB6E70C2A0CDB0C3A330C60C9F0
:2086A0002F043B432D0C37043D4328C0083AF5DA0C3208DB350C0E68091D37043D430560FE
:2086C000001D121FF6DA891E9CE7E1BC704760B50D1C011C0023181C402A0CD2161C203E74
:2086E0002B1CF340002E06DA281CD0400B1CD34071428D402B43011C181C60BDF0B404461A
:208700000D461646002307E014F803C005F803C003F1010C5FFA8CF3B342F5D3F0BC704718
:2087200010B4044643F23C02C4F20302002105E0C1F10F03E35C53544B1CD9B21029F7D358
:2087400010BC704710B4044643F25C02C4F20302002105E0C1F10F03E35C53544B1CD9B298
:208760001029F7D310BC704710B4044643F25C02C4F2030200210AE0042902D20023535441
:2087800003E0C1F10F03E35C53544B1CD9B21029F2D310BC704710B4044643F21C02C4F2C2
:2087A0000302002105E0C1F10F03E35C53544B1CD9B21029F7D310BC7047F0B484B0054669
:2087C0000E4643F20004C4F203046A4641F68057C0F201070BCF0BC23B681360A26B1046B7
:2087E00000BA02460092626B104600BA02460192226B104600BA02460292E26A104600BA58
:2088000002460392002204E06B469B5CAB54531CDAB2B242F8D304B0F0BC70472DE9F001F6
:2088200004460D461646002305F0010747EA04274FEA066C4FEA1C2C4CEA070343F20C080E
:20884000C4F20308C8F80030BDE8F00170472DE91041002443F20408C4F20308D8F80000BD
:2088600010F0010F02D140F2031409E0012043F20808C4F20308C8F8000000F01BF80446AF
:208880002046BDE810812DE9F04405460E4617469A4600242846FFF77EFF52463946304684
:2088A000FFF7BCFFFFF7D3FF8446644600BF2046BDE8F0842DE9704182B0002400200090C0
:2088C00000250026002001906946002005F04AFF00254FF47A61002005F068FF064606E09E
:2088E00001AA6946002005F04CFF0198054443F20408C4F20308D8F8000010F0010F01D128
:20890000B542EDD343F20408C4F20308D8F8000010F0010F08D043F20408C4F20308D8F814
:208920000040E405240E01E04FF48074204602B0BDE8708170B504460D4616462046FFF79C
:20894000EFFE2846FFF710FF314680225020FFF765FFFFF77CFF0346184670BD2DE9F04D3C
:208960008DB01F460490039101920024019AD2090292019A02F07F0A4FEADA025FFA82FB6B
:208980000AF007028DF8032041F69055C0F20105D5F800C0CDF824C0D5F804C0CDF828C0E4
:2089A000D5F808C0CDF82CC0ED680C9541F6A055C0F20105D5F800C0CDF814C0D5F804C0E0
:2089C000CDF818C0D5F808C0CDF81CC0ED6808950498FFF7A5FE394680225020FFF71EFFF9
:2089E000FFF735FF02461446002C5BD100250CE0039B3A4603EB051080235121FFF743FFD4
:208A00000246144604B103E06D1C029A9542EFD324BBBAF1000F21D0DDF80CC05A4609A9E1
:208A20000CEB0510FFF76AFE9DF803204FF0010E0EFA02FE039A0DF1240C0BEB0516965DEF
:208A4000AEF1010E0EEA06060CF80B603A4609A880235121FFF717FF02461446C4B90C2652
:208A60000CE0C6F10F0E01AA12F80EE00DF1140C0CF806E006F1010C5FFA8CF6102EF0D3AB
:208A80003A4605A880235121FFF7FDFE8446644644B9394680225320FFF7C0FEFFF7D7FE1F
:208AA0008446644600BF20460DB0BDE8F08DF0B404460E4617460123C4F10F05072C01D3AB
:208AC0000D2C00D90023022D02D1B6F5803F04D2032D03D1B6F1807F00D30023042F01D378
:208AE000102F00D9002300BF1846F0BC70472DE9F04986B006460D4617460193DDF83CB0E5
:208B0000394628460D9AFFF7D2FF84468DF803C0DDF804C0ECB2C4F10E04BCF1000F88BFE7
:208B200044F040049DF83480A8F1020C4FEA5C0C44EACC048BF80040DDF838C0ECB2C4F14B
:208B40000E048CF80040002415E016F804E004EB0B0C0CF1010C8CF800E0DDF8388016F825
:208B600004E004EB080C0CF1010C8CF800E004F1010C5FFA8CF4AC42E7D30F2411E004975E
:208B80000021C4F10F0C4FEACC020498FFF79FFD04909DF810C00BF804C0A4F1010C5FFAF4
:208BA0008CF4AC42EBD806B0BDE8F0892DE9F04D8BB005460E4617469A46002441F6B05CDF
:208BC000C0F2010CDCF800E0CDF81CE0DCF804E0CDF820E0DCF808E0CDF824E0DCF80CC0BF
:208BE000CDF828C041F6C05CC0F2010CDCF800E0CDF80CE0DCF804E0CDF810E0DCF808E028
:208C0000CDF814E0DCF80CC0CDF818C04FF0010C40F24058C2F2000888F800C02846FFF7E8
:208C20007FFD0DF10C0E0DF11C0C14988DE80150524639463046139BFFF759FF07A8FFF7DA
:208C400081FD03A880236021159AFFF71CFE8446644600BF20460BB0BDE8F08D2DE9F04F3D
:208C60008DB00C4604900392002541F6D053C0F20103D3F800C0CDF824C0D3F804C0CDF87F
:208C800028C0D3F808C0CDF82CC0DB680C9341F6E053C0F20103D3F800C0CDF814C0D3F8B7
:208CA00004C0CDF818C0D3F808C0CDF81CC0DB6808930026B4F57F4F07D2230A8DF82430C5
:208CC00023468DF82530022614E0FF238DF82430FE238DF82530230E8DF82630C4F3074332
:208CE0008DF82730C4F307238DF8283023468DF829300626C6F110039C4205D20194002330
:208D000000934FF0000B09E0C6F11003019333191B095B1E0093331903F00F0B002709E04A
:208D2000DDF81080BB1918F807A00DF1240C0CF803A07F1C019B9F42F2D309A880236121BB
:208D4000039AFFF7A0FD03461D46B5B9049B3B4402934FF0000A0DE0039A0299802301EB19
:208D60000A106121FFF78FFD03461D4605B104E00AF1010A009B9A45EED395B9BBF1000F45
:208D80000FD0DDF808C05A4605A90CEB0A10FFF7B5FC05A880236121039AFFF774FD034632
:208DA0001D462B4618460DB0BDE8F08F2DE9F04D88B0074692469B4603910025DDF80C80F5
:208DC0004FEA1818CDF80480DDF80C8008F00F088DF8038041F6F050C0F20100036804933D
:208DE0004368059383680693C068079040F24051C2F20001087810B94FF4817536E00024B9
:208E000010E05A4607EB041080236221FFF73BFD05462DB90AEB04101021FFF7CEFC00E05D
:208E200003E0641C01988442EBD3FDB99DF80300E0B1002040F24051C2F20001087004A916
:208E400007EB04109DF80320FFF758FC9DF803005A46C30004A86221FFF715FD05462DB9A7
:208E60000AEB04109DF80310FFF7A7FC284608B0BDE8F08D2DE9F04C82460D4693461E46B6
:208E80000A9F002436B13A4631465846FFF7E6FE8446644645B13CB93B4629465046079A29
:208EA000FFF784FF844664466CB9394680226320FFF7B4FCFFF7CBFC844664461CB90999AE
:208EC0000898FFF77AFC00BF2046BDE8F08C2DE9F04D81B007468C4692464FEADA0B0AF0AD
:208EE00007060024002309E0FD5C1CF803E095EA0E0F01D0012403E05D1CEBB25B45F3D3F4
:208F000084B97EB117F803E01CF803808EEA08054FF0010E0EFA06FEAEF1010E05EA0E05CD
:208F200005B1012400BF204601B0BDE8F08D2DE910410446012140F24152C2F2000211708F
:208F40002046FFF7EDFB802200211046FFF766FCBDE810812DE9F04D85B0064640F2405B85
:208F6000C2F2000B0091002500980709009800F00F0A41F60060C0F201000368019343683F
:208F8000029383680393C06804909BF8010010B94FF481752FE000240EE0FFF758FC0546B3
:208FA00005B10BE006EB0410FFF7F5FB802200218120FFF733FC641CBC42EED3DDB9BAF11C
:208FC000000F18D000208BF80100FFF740FC054665B9524601A906EB0410FFF78FFB01A8EB
:208FE000802200F80A2001A8FFF7D5FB802200218120FFF713FC284605B0BDE8F08D2DE97A
:20900000F04D07460E4692469B4600242EB131463846FFF79FFF84466446CCB940F2415C65
:20902000C2F2000C9CF800C0BCF1010F01D1822500E08325284680220021FFF7EFFBFFF757
:2090400006FC844664461CB959465046FFF7B5FB00BF2046BDE8F08D2DE9F04C05460E46B2
:2090600017469A46DDF81CB000242846FFF75FFF39463046FFF76EFF844664463CB95B46CA
:20908000524600210846FFF7BAFF8446644600BF2046BDE8F08C2DE9F04D85B006460F4637
:2090A00092469B46002441F61065C0F20105D5F800C0CDF804C0D5F804C0CDF808C0D5F86E
:2090C00008C0CDF80CC0ED680495DDF8348008F1070C4FEADC05009501AB524639463046CC
:2090E000FFF7BAFF8446644644B901A958460D9AFFF7EDFEDDF838C08CF8000000BF20460A
:2091000005B0BDE8F08D2DE9F04C06468B4617469A46002407B100BF4FEA071C5FFA8CF5FB
:209120003046FFF7FDFA15B15846FFF70BFB514628468022FFF772FB702D0DD1FFF787FB6F
:209140008446644644B906F11000FFF7E9FA514680227120FFF762FB00BF2046BDE8F08C5B
:209160002DE9F04D82B08A461F460090019200243D016D1CEEB2072F02D13D01AD1CEEB2D7
:209180001AF00F0F1ED14FEA1A1B002517E0009901EB0510FFF7FFFAFFF759FB84466446E7
:2091A0005CB9019901EB05101021FFF706FB304680220A99FFF732FB00E005E06D1C5D4509
:2091C000E5D301E04FF4817400BF204602B0BDE8F08D2DE9F04D81B006460F4692469B46E7
:2091E0000A9D002405B100BF2A46394630460B9BFFF789FF844664464CB92B4659460B987A
:20920000099A00905046FFF7ABFF8446644600BF204601B0BDE8F08D2DE9F04D81B00746A8
:209220008A46934642F6C046C2F20006002500930024002040F23051C2F200010870012090
:2092400040F24251C2F20001087035607560BBF1600F06D151463846009AFFF76BFB04466B
:2092600006E05A4651463846009BFFF777FB0446204601B0BDE8F08D2DE9F04D88B082467A
:20928000934642F6C047C2F2000703910025DDF80C804FEA1818CDF80480DDF80C8008F0D6
:2092A0000F088DF8038041F62060C0F20100036804934368059383680693C068079040F26B
:2092C0003051C2F200010878012802D14FF4817531E000240EE038460368103303605A4651
:2092E0000AEB041080235121FFF7CDFA054605B103E0641C01988442EDD3E5B99DF80300DA
:20930000C8B1012040F23051C2F2000108703A469DF8031010680844106004A90AEB0410C1
:209320009DF80320FFF7EAF95A4604A880235121FFF7A9FA0546284608B0BDE8F08D2DE9F9
:20934000F04F89B08246934640F24050C2F200000290049103930025DDF810804FEA1818CE
:20936000CDF80480DDF8108008F00F088DF8038041F63060C0F2010001680591416806916F
:2093800081680791C0680890012040F23051C2F2000108700299887810B94FF4817543E0CB
:2093A000002417E042F6C440C2F200000668103606600AEB041080235221039AFFF763FA79
:2093C00005462DB90BEB04101021FFF7F6F900E003E0641C01988442E4D32DBB9DF8030063
:2093E00010B302990020887042F6C442C2F200029DF8031010680844106005A90AEB041070
:209400009DF80320FFF77AF99DF80300039AC30005A85221FFF737FA05462DB90BEB0410B1
:209420009DF80310FFF7C9F9284609B0BDE8F08F2DE9F0498CB042F6C044C2F20004029070
:20944000009103920193DDF858B0002541F64066C0F20106D6F800C0CDF820C0D6F804C0F5
:20946000CDF824C0D6F808C0CDF828C0F6680B96019828B15A4601990398FFF7FDFE05467E
:20948000009838B135B95B46139A00990298FFF756FF0546B5BB2068430FC200CDE906235B
:2094A0006068440FC300CDE90434002413E0C4F107070DF1180C1CF8077008A807550DEB55
:2094C0000406C4F107070DF1100C1CF8077028363770601CC4B2082CE9D35A4608A8802340
:2094E0005121FFF7D0F9054665B9594680225420FFF794F9FFF7ABF905461DB91599149885
:20950000FFF75BF928460CB0BDE8F0892DE9F04D84B006460F4692469B46129D00242B4694
:20952000524639463046FFF777FE84466446DDF838C0BCF1000F07D034B92A460E990D98B6
:20954000FFF79AFE84466446DDF830C0BCF1000F08D03CB92B4658460F9A0C99FFF7EFFE7B
:209560008446644674B911980290109801900F98039500231A46194600901846FFF758FF7A
:209580008446644600BF204604B0BDE8F08D2DE9F04D86B082468B46049205930E9E109FB1
:2095A000149D0024AC46DDF84C808DE88011334659465046049AFFF7F9FA844664463FB1A4
:2095C00034B92A4639460F98FFF748FB8446644646B13CB92B463146119A0598FFF7E6FB68
:2095E0008446644674B913980290129801901198039500231A46194600901846FFF73AFC15
:209600008446644600BF204606B0BDE8F08D2DE9F00C84468A4614460023002500269CF8D1
:20962000007043F2946BC2F2000B7F0037F80B60DCF81CB0C6EB86070BEBC707BF7A012FA3
:209640000CD1A7789AF811B05F4505D8A778082F08D967687F0005D4012303E0A778082F7F
:2096600000D90123012B05D0A76817B99AF80E7007B1012500BF2846BDE8F00C70472DE984
:20968000F04C81B083460E4642F6D045C2F20005002700244FEA8B00294651F800A0281D8E
:2096A00010F80B0001280BD1304601F0D1FADAF80800800704D430460022114601F006FB46
:2096C00000271AE0DAF82420B9005558A96901290DD1002407E02A7F30462244D1B201F0CF
:2096E00003FA621CD4B22A7C9442F4D303E03046297F01F0F9F9791CCFB29AF820108F4299
:20970000E0D3304601F00CFB8DF803009DF8030001B0BDE8F08C2DE9F04C81B08346144690
:209720001F4642F6D046C2F200068DF80310089D4FEA8B00324652F800A09DF8030006F1CA
:20974000080280001658686820602868800203D5206840F000402060B06900B900BFB069B5
:20976000022806D02868002803D5206840F080402060307B20719AF80000607195F84800ED
:20978000B86005F10800386039462046F8F774FE01B0BDE8F08C2DE9F04406460F46924640
:2097A00042F6FC55C2F2000500240AEBC61029460C5CFF2C10D007EB4410407B60B907EB8A
:2097C00044108069012807D10AEBC610400005F50A61405AF8F7E4FDBDE8F0842DE9F04D05
:2097E00089B007469B4642F6D04CC2F2000C8DF807100392B80063461D5800264FF0000A78
:2098000000240BEBC7100CF5967313F800A0BAF1FF0F57D0039901EB4A10407B002851D1DB
:2098200003994FEA4A104418A06902900298B8B947F6D843C0F20103207F53F827300001A7
:20984000C658009604AB07AA3846217BFFF763FF0022637B217F9DF8070001F082F931E0C9
:20986000029802282ED1BBF1070F06D16868806840B368688068804724E0BBF1060F06D1C6
:209880006868C068F0B16868C06880471AE047F6D843C0F20103207F53F827300001C65808
:2098A000009604AB07AA3846217BFFF734FF6868006910B168680069804700219DF80700B8
:2098C00001F08BF909B0BDE8F08D2DE9F04D84B082468B4642F6D845C2F200058DF80B205A
:2098E00003930D9E01249DF80B00294680000F589DF83010328801EBCA10400040F6C4116C
:2099000029444252B068039A019070689DF8301000907B7B584601F014FA0446204604B0CC
:20992000BDE8F08D2DE9F04D86B08A4693461E468DF80B00012400254FEA8B0742F6D84C6E
:20994000C2F2000C4CF80760D6F818C0BCF1010F36D1DDF838C0DCF80470FF0F0397DDF8A0
:2099600038C09CF802C08DF810C04FF0000C8DF811C000BF377F50462F44F9B201F088F908
:2099800007463C467CB9DDF83880377F2F44FFB28DE8800103AB5A4651469DF80B00FFF7EB
:2099A00094FF07463C4605F1010C5FFA8CF596F810C0654504D25FFA84FCBCF1020FD9D04A
:2099C0002CB15FFA84FCBCF1020F00D00124E7B2384606B0BDE8F08D2DE9F04F84B042F66E
:2099E000C844C2F200048DF8070003914FF0010A4FF0000B00260025002742F6C840C2F289
:209A0000000050F82B209DF807005269175C42F6C840C2F2000050F82B20D369BA009D5877
:209A200005B342F6C840C2F2000050F82B309DF807209B695201D61831462846039AFFF75E
:209A4000E6FD01280ED1231D53F82720012A09D1334603989DF807200090A9782878FFF72D
:209A600061FF8246504604B0BDE8F08F2DE9F04C81B083468A4642F6C846C2F200060092A2
:209A800000250024002756F8253083B356F82530DB6813F80B7056F82530D3F81CC0BB000C
:209AA0005CF803401CB3009B013B0BD302D0012B12D01BE056F82530524620789969FFF7E5
:209AC0006AFE14E056F825C05346A1782078DCF81820FFF783FE0AE056F825C05346A1785B
:209AE0002078DCF81820FFF779FE00E000BF01B0BDE8F08C2DE9F04C834642F6C844C2F2D1
:209B00000004A2460027002500265AF82700B0B15AF82700C06810F80B605AF82700C16956
:209B2000B0000D585DB1A9782878FFF7A8FD30B9B000211D02220A506878F8F7DFFCBDE802
:209B4000F08C000010B404460021062C01D2402100E0802100BF084610BC704700002DE9CD
:209B6000F04482B005460E46AA0047F6DC43C0F201039F580024AA0043F29C73C2F2000364
:209B800053F802A09AF80428012A08D17A6BC2F30362013252000532964200D80124ECB9E1
:209BA00001AB6A463146284600F068FA012801D1012413E03146284600F0A7F8012801D190
:209BC00001240BE0019B1A686FF31B621A60019B1A684FF0040C6CF31B621A603146284656
:209BE00000F0D4F82246104602B0BDE8F0842DE9F04D86B005468DF8031000240826002240
:209C000003924FF0000B02AB01AA28469DF8031000F034FA012801D101246CE028469DF86A
:209C2000031000F072F8012801D1012463E0029B1A684FF0090C6CF31B621A6044F24021F4
:209C4000C0F20F01002004F0B1FD0246059204A9002004F087FD0BE003AA04A9002004F003
:209C600090FD039A9344059A934501D9012434E09DF803A00027BAF1200F07D25146284642
:209C8000002200F03DF90246174624E0BAF1400F07D251462846002200F063F902461746E8
:209CA00019E0BAF1600F0BD2062D01D0072D07D151462846002200F083F9024617460AE082
:209CC000062D01D0072D06D151462846002200F0A6F902461746002FBED01CB9029A16686E
:209CE0003601360F082E01D1012404E0092E01D1002400E0002428469DF8031000F046F862
:209D00002246104606B0BDE8F08D2DE9F04407460E46BA0047F6DC43C0F201039D580024DD
:209D20003846FFF70FFF024692462A6812F07F02964201D8564500D301242A6812F0005F35
:209D400008D06A6BC2F30362013252000532964200D8012422461046BDE8F084F0B50546E4
:209D60000E46AA0047F6DC43C0F201039F5800243A6812F07F02964204D82846FFF7E2FE9B
:209D8000864200D3012422461046F0BDF0B404460D46A20047F6EC4CC0F2010C5CF80230FB
:209DA000002205F01F074FF0010C0CFA07F6202D01D21E6318E0402D01D2DE6214E0602D7D
:209DC00007D2062C01D0072C01D15E670CE001220AE0802D07D2062C01D0072C01D11E67D1
:209DE00002E0012200E0012200BF1046F0BC7047F0B405460E461746002300242B462C4619
:209E000006B1336007B13C60F0BC70472DE9F04482B082464FEA8A0147F6DC42C0F2010229
:209E200054580026002100910025216811F0004F24D105F083FC216841F00041216005F0C6
:209E400080FC44F24021C0F20F01002004F0AEFC01460F4601A9002004F084FC0AE06A46FB
:209E600001A9002004F08DFC00990D44BD4201D9012603E0216811F4801FF0D0314608461C
:209E800002B0BDE8F0842DE9F04482B082464FEA8A0147F6DC42C0F20102545800260021EC
:209EA00000910025216811F4801F24D005F058FC21686FF3DF71216005F055FC44F24021E9
:209EC000C0F20F01002004F071FC01460F4601A9002004F047FC0AE06A4601A9002004F04A
:209EE00050FC00990D44BD4201D9012603E0216811F4801FF0D13146084602B0BDE8F084CB
:209F00002DE9F00C07460E469446BB0047F6EC45C0F20105EC5800230025BCF1010F0ED1AB
:209F2000A56AD4F830A04FF0010B0BFA06FB05EA0A0A1BEA0A0F14BF0123002309E0236B73
:209F40004FF0010A0AFA06FA1AEA030F14BF0123002300BF1846BDE8F00C7047000000000E
:209F600000002DE9F04C07460E469446BB0047F6EC45C0F20105EC5800230025BCF1010FEA
:209F80000FD1656AD4F82CA0A6F1200B012303FA0BFB05EA0A0A1BEA0A0F14BF0123002356
:209FA0000AE0A6F1200A012303FA0AFAE36A1AEA030F14BF0123002300BF1846BDE8F08C16
:209FC0002DE9F04C07460E469446BB0047F6EC45C0F20105EC5800230025BCF1010F0FD1AA
:209FE000E56ED4F874A0A6F1400B012303FA0BFB05EA0A0A1BEA0A0F14BF012300230AE000
:20A00000A6F1400A012303FA0AFA636F1AEA030F14BF0123002300BF1846BDE8F08C2DE9E4
:20A02000F04C07460E469446BB0047F6EC45C0F20105EC5800230025BCF1010F0FD1A56E4C
:20A04000D4F870A0A6F1600B012303FA0BFB05EA0A0A1BEA0A0F14BF012300230AE0A6F13F
:20A06000600A012303FA0AFA236F1AEA030F14BF0123002300BF1846BDE8F08C2DE9F04FFC
:20A0800088B082460E469346079347F6EC45C0F2010555F82AC0CDF80CC04FF0080C8DF833
:20A0A00003C04FF4007CCDF810C0002500274FF0000CCDF804C0BBF1000F03D04FF0000C90
:20A0C000CBF800C00324BAF1060F00D201240594002434E05FFA87FCA6EB0C0C5FFA8CF6EE
:20A0E0002146504600F051FC84468DF802C09DF803809DF802C0E044CDF80880DDF810C090
:20A10000DDF80890BCFBF9F7BBF1000F01D0CBF80040BE4210D2DDF8088008FB06FC0CEB61
:20A12000050EDDF80C8008EB0E0CDDF81C800CF1800CC8F800C006E005F500750134DDF8C5
:20A1400014C06445C6D94FF4006CBAF1060F01D24FF4806CCDF818C0DDF818C0654503D3A8
:20A160004FF0010CCDF804C0DDF804C0604608B0BDE8F08F0000000010B40446A20047F602
:20A18000EC43C0F20103995800228A6200224A62062C01D0072C01D10022CA66062C01D0B0
:20A1A000072C01D100228A6610BC7047000000002DE9F04407460E469246BB0047F6EC4C12
:20A1C000C0F2010C5CF803403546BAF1010F07D105F0D2FA63683343636005F0D0FA07E0B0
:20A1E000354605F0C9FA6368AB43636005F0C7FABDE8F0842DE9F04407460E469246BB0063
:20A2000047F6EC4CC0F2010C5CF80350BB0047F6DC4CC0F2010C5CF8034005F09BFA636B95
:20A2200043F00053636305F098FA05F09FFABAF1010F2AD10A2E0CD1D4F8E03A6FF3DF7358
:20A24000C4F8E03AD5F8E03A43F40023C5F8E03A45E00B2E0CD1D4F8E03A6FF3DF73C4F87F
:20A26000E03AD5F8E03A43F48023C5F8E03A36E0D4F8E03A6FF3DF73C4F8E03AD5F8E03ABF
:20A2800043F48033C5F8E03A29E00A2E0CD1D4F8E03A6FF3DF73C4F8E03AD5F8E03A23F471
:20A2A0000023C5F8E03A1AE00B2E0CD1D4F8E03A6FF3DF73C4F8E03AD5F8E03A23F4802383
:20A2C000C5F8E03A0BE0D4F8E03A6FF3DF73C4F8E03AD5F8E03A23F48033C5F8E03A05F0CF
:20A2E00048FABDE8F08400002DE9F04D81B005468A46934643F2AC74C2F200048DF80330C6
:20A30000AF0047F6EC4CC0F2010C5CF807600AF01F0C4FF0010E0EFA0CF705F015FABBF171
:20A32000010F13D14FEA051E5EF804C04CEA070C4EF804C09DF803C0BCF1010F14D14FEA2D
:20A34000051C5CF804C0C6F828C00DE04FEA051E5EF804C02CEA070C4EF804C04FEA051C2E
:20A360005CF804C0C6F828C005F0F1F901B0BDE8F08D2DE9F04D81B005468A46934643F2C0
:20A38000B074C2F200048DF80330AF0047F6EC4CC0F2010C5CF807600AF01F0C4FF0010E18
:20A3A0000EFA0CF7BBF1010F17D105F0CDF94FEA051E5EF804C04CEA070C4EF804C09DF8D5
:20A3C00003C0BCF1010F05D14FEA051C5CF804C0C6F824C005F0BBF911E005F0B5F94FEA9D
:20A3E000051E5EF804C02CEA070C4EF804C04FEA051C5CF804C0C6F824C005F0A8F901B092
:20A40000BDE8F08D2DE9F04D81B005468A46934643F2B474C2F200048DF80330AF0047F6E9
:20A42000EC4CC0F2010C5CF807600AF01F0C4FF0010E0EFA0CF7BBF1010F17D105F084F9D6
:20A440004FEA051E5EF804C04CEA070C4EF804C09DF803C0BCF1010F05D14FEA051C5CF89A
:20A4600004C0C6F86CC005F072F911E005F06CF94FEA051E5EF804C02CEA070C4EF804C0DA
:20A480004FEA051C5CF804C0C6F86CC005F05FF901B0BDE8F08D2DE9F04D81B005468A46A1
:20A4A000934643F2B874C2F200048DF80330AF0047F6EC4CC0F2010C5CF807600AF01F0C2F
:20A4C0004FF0010E0EFA0CF7BBF1010F17D105F03BF94FEA051E5EF804C04CEA070C4EF851
:20A4E00004C09DF803C0BCF1010F05D14FEA051C5CF804C0C6F868C005F029F911E005F058
:20A5000023F94FEA051E5EF804C02CEA070C4EF804C04FEA051C5CF804C0C6F868C005F029
:20A5200016F901B0BDE8F08DF0B504460D4616461F46202D06D23B46324629462046FFF74D
:20A54000D3FE21E0402D06D23B46324629462046FFF70FFF18E0602D0AD2062C01D0072C7B
:20A5600006D13B46324629462046FFF74BFF0BE0602D09D3062C01D0072C05D13B4632469D
:20A5800029462046FFF787FFF0BD2DE9F04104460F46154600263B460C2B31D80FF2040888
:20A5A000D8E803F0070E2E2E2E152E2E2E2E1C2228002A4620464FF40041FFF7F9FD20E0D0
:20A5C0002A4620464FF48041FFF7F2FD19E02A4620464FF00041FFF7EBFD12E02A462046C7
:20A5E0000A21FFF707FE0CE02A4620460B21FFF701FE06E02A4620460C21FFF7FBFD00E09B
:20A6000000BF33461846BDE8F0812DE9F04F87B004460E461F46069225684FF0080C6CF328
:20A620001B65256004F1080CCDF808C001AA69463079FFF7DDFB002F62D096F804C04FEAC2
:20A640009C0B002524E04FEA850A5FFA8AFAD4460CEB070808F1030917F80C8099F80090A4
:20A66000C9EA08690CEB070898F8018049EA08490CEB070898F802804FEA850A04F1080E30
:20A6800049EA08284EF80A8005F1010A5FFA8AF55D45D8D34FEA8B0A5FFA8AFA554612E029
:20A6A00025F0030E05F00308C8F10308C6440EF03F0ADDF8088017F805E008F80AE005F12E
:20A6C000010E5FFA8EF596F804E07545E8D3357912E025F0030E05F00308C8F10308C64414
:20A6E0000EF03F0ADDF8088096F807E008F80AE005F1010E5FFA8EF59DF804E07545E8D388
:20A700004FF0000EC4F800E04FF0000EC4F804E0D4F800E0DDF8008068F3134EC4F800E00A
:20A72000D6F800E0BEF1010F1CD1DDF8188028F0005EC4F804E09DF84480D4F804E06FF3D1
:20A740005F7E4EEA487EC4F804E0D4F800E04EF4001EC4F800E0D4F800E04EF4800EC4F89E
:20A7600000E022E0D6F800E0BEF1000F1DD1D4F804E0DDF8188068F39C4EC4F804E09DF806
:20A780004480D4F804E06FF35F7E4EEA487EC4F804E0D4F800E06FF3555EC4F800E0D4F83F
:20A7A00000E06FF3965EC4F800E096F805E0BEF1010F05D1D4F800E04EF4801EC4F800E097
:20A7C000D4F800E06FF31B6EC4F800E096F806E0BEF1010F05D1D4F800E04EF0004EC4F849
:20A7E00000E0D4F800E096F8088068F39E7EC4F800E0D4F800E0DDF8408068F31B6EC4F8C3
:20A8000000E007B0BDE8F08F2DE9F04D86B005468A4616460593002447F6DC4CC0F2010C9D
:20A820005CF825C0CDF810C04FEA850C47F6EC4BC0F2010B5BF80C7003AB02AA5146284620
:20A84000FFF71CFC012801D1012436E096F804C0BCF1400F01D901242FE02846029900F05F
:20A8600094F88446E34651462846FFF74EFA18BB96F804C0DC451FD8DDF81080D8F800C0E4
:20A880001CF4006F0CD096F808C0BCF1010F07D1D7F800CC2CF4804C4CF0004CC7F800CCD8
:20A8A00031469DF840000E9B01900F98059A00900398FFF7AAFE00E0012400BF204606B023
:20A8C000BDE8F08D2DE9F04D84B08A4614469B46039000264FEA8A0543F29C7CC2F2000C36
:20A8E0005CF80570DDF80CC0DCF800502D012D0F07EB041CDCF80CC0BCF1010F04D12DB13E
:20A90000082D03D0092D01D0022637E021465046FFF73CFA07EB041C4FF0020ECCF80CE0AF
:20A920009BF805E007EB041C8CF805E007EB041C4FF0000ECCF808E09DF8308007EB041CC2
:20A940008CF804804FF0000E4FF00C0C0E988DE801505A46214650460D9BFFF755FF844686
:20A9600066465EB99DF830C0BCF1000F06D121465046012297F80538FFF7D6FD00BF304612
:20A9800004B0BDE8F08D00000000F0B405460E46AA0047F6DC4CC0F2010C5CF80230002228
:20A9A000D3F800C01CF4006F2FD0741E04D30DD0022C15D31ED027E0D3F8004C4FF0010CDA
:20A9C000C4F3014403340CFA04F21FE0D3F8004C4FF0010CC4F3C14403340CFA04F215E002
:20A9E000D3F8004C4FF0010CC4F3815403340CFA04F20BE0D3F8004C4FF0010CC4F341648B
:20AA000003340CFA04F201E000E00822D4B22046F0BC70472DE9F04482B082464FEA8A01C1
:20AA200047F6DC42C0F2010254580026002100910025216811F0807F47D144F24021C0F273
:20AA40000F01002003F0B2FE01460F4604F088FE216841F080412160216841F08051216005
:20AA6000216811F0004F03D021686FF3DF71216004F079FE01A9002003F074FE0AE06A463A
:20AA800001A9002003F07DFE00990D44BD4201D9012603E0216811F0006FF0D0002501A929
:20AAA000002003F05FFE0AE06A4601A9002003F068FE00990D44BD4201D9012605E0216811
:20AAC00011F0807F01D1002EEED03146084602B0BDE8F08400000000000000000000000028
:20AAE0000000000000000000F0B507460C460025BA0043F29C73C2F200039E58214638465D
:20AB0000FFF72CF908B1012526E006EB0412D268012A01D103251FE021463846002296F83B
:20AB20000538FFF701FD06EB0412D268022A06D121463846FFF75BF80246154608E006EBF6
:20AB40000412D268032A03D121463846FFF707F806EB04120123D3602A461046F0BD0000F9
:20AB600000002DE9F04C07460D4693469A4600244FEA870C43F29C7EC2F2000E5EF80C6067
:20AB800029463846FFF7EAF808B1012416E006EB051CDCF80CC0BCF1010F01D002240DE0C9
:20ABA00006EB051C4FF0030ECCF80CE006EB051CCCF800B006EB051C8CF804A04CB9BAF113
:20ABC000000F06D129463846012296F80538FFF7ABFC00BF2046BDE8F08CF0B506460F468B
:20ABE0000125B20043F29C73C2F200039C5894F80428012A29D1E268012A01D0022524E040
:20AC000000250322E2602760D4F80028022A02D10122227119E0D4F80028B2B9002222716B
:20AC200030460122052194F80538FFF77DFC30460122062194F80538FFF776FC3046012293
:20AC4000072194F80538FFF76FFC2A461046F0BD2DE9F04406460125B10047F6DC42C0F2B5
:20AC600001025758B10043F29C72C2F2000252F801A03C68E40F34B93046FFF77DFA002105
:20AC80008AF80518002529460846BDE8F0840000F0B505460E460124AA0043F29C73C2F20F
:20ACA00000039F5831462846FFF758F8012801D1012407E007EB0612D268012A01D1002403
:20ACC00000E0022422461046F0BD00002DE9F04C05468A4693460024AB0047F6DC4CC0F2D7
:20ACE000010C5CF803703B68DE0F012E04D12846FFF7C9F803461C4634B95A46514628468A
:20AD0000FFF743FC03461C46012E04D12846FFF77DF800B1012423461846BDE8F08C0000B8
:20AD200030B5054600242846FFF774FE01460C4624B92846FFF76AF801460C46214608465F
:20AD400030BD2DE9F04D86B006460F4693468DF80F300024B50047F6DC4CC0F2010C5CF8EE
:20AD600005A0DAF804502D07ED0F0DBB05AB04AA39463046FFF782F9012801D1012418E034
:20AD800039463046FEF7C1FF012801D1012410E00F9802900E9801909DF80F005B463A46C4
:20ADA000314600900598FFF78DFD8446644600E0012400BF204606B0BDE8F08D00000000F9
:20ADC0002DE9F04404460F4616469A460AEB06152D7945BBFD1F25D312D0023D16D31BD08F
:20ADE000063D07D0012D1DD1F1B220460122FEF73DFE18E0F1B220460022FEF737FE12E082
:20AE0000F1B220460222FEF731FE0CE0204602220621FEF72BFE06E0204602220721FEF799
:20AE200025FE00E000BFBDE8F08470B504460D4616462B1C03D00A3B022B04D904E0204666
:20AE4000FEF758FE01E000E000BF70BD2DE9F04D82B0064643F6781BC2F2000B01910025E7
:20AE600004F090FC0BEBC6021268B2F1FF3F42D00BEBC602141DF2005BF802A047F6A05321
:20AE8000C0F2010353F836304FEACA029F183B680BEBC602136020E047F6A053C0F20103D5
:20AEA000226853F83630DDF804C003EBC2025268DCF85030126D934206D922680092C4F8F3
:20AEC00000A0009A3A60012547F6A053C0F20103226853F83630D2009C181DB92268B2F1CE
:20AEE000FF3FD9D125B9C4F800A04FF0FF323A60019A7A60012504F048FC2A46104602B0DB
:20AF0000BDE8F08D2DE9F04D82B0054647F6A057C0F2010743F6781AC2F2000A019101260F
:20AF200004F030FC0AEBC5025268B2F1FF3F2ED00AEBC502141D26E0226857F8353003EB7D
:20AF4000C2025268019B1268934217D1D4F800B0226857F8353003EBC202126822605AF8E6
:20AF6000352000920AEBC502C2F800B057F8353003EBCB02009B1360002608E0226857F860
:20AF80003530D2009C182268B2F1FF3FD4D104F0FCFB3246104602B0BDE8F08D0000000029
:20AFA00070B547F6A056C0F2010604F0EBFB002435E043F67811C2F2000101EBC4004FF007
:20AFC000FF31416006EBC400406848B943F67811C2F2000101EBC4004FF0FF3101601DE04E
:20AFE00043F67811C2F2000101EBC40000210160002506E056F8341001EBC500691C016074
:20B00000013506EBC400406801388542F2D356F8341001EBC5004FF0FF3101600134032C61
:20B02000C7D304F0B2FB70BD2DE910010446211C04D040F20318414502D003E0002103E09A
:20B04000022101E0012100BF00BF0846BDE81001704710B40446012C01D302D003E00021AC
:20B0600003E0012101E0012100BF00BF084610BC70472DE9F04D84B083468E4647F6B8560A
:20B08000C0F20106029203930027DBF8445005EBC50406EB84046468247804F0030ABAF1F9
:20B0A000000F50D0002445E005EBC50C06EB8C0CDCF81C8058F824C0DCF808C0BCF1010FD1
:20B0C0000CD105EBC50C06EB8C0CDCF81C8058F824C0DCF824C0CEF800C02AE005EBC50C9C
:20B0E00006EB8C0CDCF81C8058F824C0DCF808C0BCF1050F1DD105EBC50C06EB8C0CDCF8BA
:20B100001C8058F824C0DDF80880DCF824C0C8F800C005EBC50C06EB8C0CDCF81C8058F8C0
:20B1200024C0DCF820C0DDF80C80DCF800C0C8F800C0013405EBC50C06EB8C0CDCF808C0E7
:20B140006445B1D300E0092700BF384604B0BDE8F08DF0B405460F4616464FF0FF333360FB
:20B16000002311E005EBC50447F6B85CC0F2010C0CEB8404D4F81CC05CF82340A468A7421F
:20B1800001D133600BE0013305EBC50447F6B85CC0F2010C0CEB8404A468A342E2D3F0BC91
:20B1A00070472DE9F04D84B0054647F6B85BC0F2010B0191029203934FF0000AAC6CDDF806
:20B1C0000CC024780CEA0404013C04D0013C0BD0022C12D01AE0D5F848C0DCF80440D5F81C
:20B1E00048C0DCF8087014E0D5F848C0DCF80C40D5F848C0DCF810700BE0D5F848C0DCF855
:20B200001440D5F848C0DCF8187002E04FF0FF3400BF062C13D204EBC4060BEB8606766866
:20B22000367806F0030A6A4639462046FFF791FFDDF800C0BCF1FF3F01D14FF0000ABAF1FC
:20B24000000F40D004EBC4060BEB8606D6F81CC0009E5CF826607669022E01DD012633E04B
:20B260002E6C76683668033E032E0DD804EBC4060BEB8606D6F81CC0009E5CF82660766925
:20B28000012E01DD01261FE004EBC4060BEB8606D6F81CC0009E5CF82660DDF804C0766AA5
:20B2A000CCF8006004EBC4060BEB8606D6F81CC0009E5CF82660366ADDF808C03668CCF86E
:20B2C0000060002600E0092600BF304604B0BDE8F08D2DE9F00404460D4616469A460027C4
:20B2E000BAF1010C06D0BCF1010C0CD0BCF1020F12D01AE0D4F808C0C5F800C0D4F80CC0E7
:20B30000C6F800C01BE0D4F810C0C5F800C0D4F814C0C6F800C012E0D4F818C0C5F800C06A
:20B32000D4F81CC0C6F800C009E04FF0000CC5F800C04FF0000CC6F800C0012700BF00BFC7
:20B340003846BDE8F00470472DE9F04405460E4617469A46D5F848C0BCF1000F08D05346F7
:20B360003A4631462846FFF71CFF8446644607E053463A4631462846FFF7ABFF84466446EA
:20B3800000BF2046BDE8F0842DE9F04D84B0074647F6B85BC0F2010B0191029203930026AB
:20B3A000BC6CDDF80CC024780CEA0404103C02D0102C09D011E0D7F848C0DCF81C40D7F830
:20B3C00048C0DCF820A00BE0D7F848C0DCF82440D7F848C0DCF828A002E04FF0FF3400BF51
:20B3E000062C12D204EBC4050BEB85056D682D7805F003066A4651462046FFF7AAFEDDF867
:20B4000000C0BCF1FF3F00D100265EB304EBC4050BEB8505D5F81CC0009D5CF82550ED69DC
:20B42000022D01DD01251EE004EBC4050BEB8505D5F81CC0009D5CF82550DDF804C06D6A24
:20B44000CCF8005004EBC4050BEB8505D5F81CC0009D5CF82550DDF808C02D6ACCF8005049
:20B46000002500E0092500BF284604B0BDE8F08D2DE9F00404460E4617469C460025BCF1DD
:20B48000100A03D0BAF1100F09D011E0D4F820A0C6F800A0D4F824A0C7F800A012E0D4F894
:20B4A00028A0C6F800A0D4F82CA0C7F800A009E04FF0000AC6F800A04FF0000AC7F800A037
:20B4C000012500BF00BF2846BDE8F00470472DE9F04405460E4617469A46D5F848C0BCF162
:20B4E000000F08D053463A4631462846FFF74CFF8446644607E053463A4631462846FFF7D7
:20B50000B7FF8446644600BF2046BDE8F0842DE9F04D90B006460025002444F2B851C0F2AA
:20B5200001010B680C934B680D938B680E93C9680F91316C4968D1F800A0039504950695BC
:20B540000795089509950A950B95D6F830B007AA06A930460123FFF7F7FE09AA08A9304668
:20B560000223FFF7F1FE0BAA0AA930461023FFF7AEFF05AB04AA03A93046FFF77AFD0146D9
:20B580000F46002F7CD1716B072972D80FF20408D8E801F06F04080F196F6F450398FDF771
:20B5A000C6FC68E007990698FDF7D4FC01460C4661E00398FDF7BBFC07990698FDF7CAFC67
:20B5C00001460C4657E0BAF1010F12D10B9A1168102988BF102111600B990A9A06980B6864
:20B5E0000799FDF70CFD01460C460CB10B990D6014E00CAA102307990698FDF700FD0146F4
:20B600000C465CB90CA9099A0898FDF760FC01468DF80B109DF80B10CBF800102BE0BAF15B
:20B62000010F14D10B9A1168102988BF102111600B99096800910A9B079A06990398FDF7BB
:20B640000BFD01460C460CB10B990D6010E00DF10B01019109990091089B079A069903983E
:20B66000FDF719FD01460C469DF80B10CBF8001001E0042400BF2046FFF7D6FC01460F4612
:20B680003946084610B0BDE8F08D2DE9F04D96B007460E460025002444F2C852C0F2010273
:20B6A000D2F800C0CDF848C0D2F804C0CDF84CC0D2F808C0CDF850C0D26815923A6C52682C
:20B6C00012681092079508950A950B950C950D950E950F953A6B11920BAA0AA938460123FA
:20B6E000FFF732FE0DAA0CA938460223FFF72CFE0FAA0EA938461023FFF7E9FE09AB08AA91
:20B7000007A93846FFF7B5FC02469246BAF1000F40F0B3807A6B072A00F2A8800FF20408DA
:20B72000D8E802F0A4040E1628A4A45F099A089907983346D200FDF76FFD0246144697E015
:20B7400032460B990A98FDF797FD024614468FE0099A089907983346D200FDF75DFD0246CE
:20B76000144634B932460B990A98FDF785FD024614467DE0109A012A18D10F9B1A68102A2B
:20B7800088BF10221A6003960F9A0E9B146800228DE81C00002108460B9B0A9AFDF748FEA9
:20B7A000024614460CB10F9A156019E003961022029212AA019200220092002108460B9B9C
:20B7C0000A9AFDF735FE024614464CB912A90D9A0C98FDF77CFB02469346119AC2F800B050
:20B7E00046E0109A012A1FD10F9B1A68102A88BF10221A6006960F9ADDF838B0D2F800C079
:20B800004FF0000808AA92E81B0042468DE81C19CA00014643460798FDF778FE0246144623
:20B820000CB10F9A156020E006961022059212AA0492002203920B9A02920A9A019200222D
:20B840000092099A08990798D2000023FDF75EFE024614464CB912A90D9A0C98FDF737FB5B
:20B8600002469346119AC2F800B001E0042400BF2046FFF7D9FB024692465246104616B0C6
:20B88000BDE8F08DF0B505460124296C49680E68032E14BF01270027296C49680969103961
:20B8A00002D0012906D00CE02846FFF730FE01460C4607E039462846FFF7E7FE01460C4657
:20B8C00000E000BF21460846F0BD2DE9F04D8AB083460E4617464FF0000A0024CDF80CA082
:20B8E000CDF810A0CDF818A0CDF81CA0CDF820A0CDF824A007AA06A958460123FFF724FD8E
:20B9000009AA08A958461023FFF7E1FD099DDDF81CC02D680023654500D206231D46002DDA
:20B9200068D105AB04AA03A95846FFF7A2FB03461D46002D64D1DBF83430072B47D80FF2FC
:20B940000808D8E803F0C04644050E182B4444383B46324604990398FDF7D5FB03461C4624
:20B9600037E000973346089A07990698FDF7F8FB03461C462DE03B46324604990398FDF7FC
:20B98000C2FB03461C4644B900973346089A07990698FDF7E5FB03461C461AE0079B002B0C
:20B9A00008D900973346089A07990698FDF7D8FB03461C460DE0089B8DE8C800079B069A35
:20B9C00004990398FDF705FC03461C4601E0042400BFDBF83430012B06D0002304B9079B0C
:20B9E000DDF824C0CCF800302046FFF71DFB03461D4605E00623032200217220F9F73CFB6D
:20BA00002B4618460AB0BDE8F08D2DE9F04506460125316C49680F68032F14BF4FF0010AAA
:20BA20004FF0000A316C49680969072914D80FF20808D8E801F0C0461105070D090B110FBB
:20BA400000240BE0012409E0022407E0032405E0042403E0072401E00F2400BF0F2C06D096
:20BA6000524621463046FFF730FF01460D4629460846BDE8F0852DE9F04D92B007468B4608
:20BA800000250024D7F834A0079508950A950B950C950D950E950F95109511950BAA0AA905
:20BAA00038460123FFF750FC0DAA0CA938460223FFF74AFC0FAA0EA938461023FFF707FD3C
:20BAC00011AA10A938462023FFF701FD0F9BDDF82CC01B680022634500D206221646002E01
:20BAE00040F0C98009AB08AA07A93846FFF7C1FA02461646002E40F0C480BAF1070F05D0AC
:20BB0000BBF1800F02D14FF48174A6E05246072A00F2A1800FF20408D8E802F09D040E22ED
:20BB2000409D9D5B099A08990798D2000023FDF773FB0246144690E00D9A002A06D9002212
:20BB40000D990C98FDF798FB024614463CB900230E9A0B990A98FDF7F2FB024614467CE08D
:20BB6000099A08990798D2000023FDF755FB024614464CB90D9A002A06D900220D990C98E6
:20BB8000FDF77AFB024614463CB900230E9A0B990A98FDF7D4FB024614465EE0119B1A68C3
:20BBA000102A88BF10221A6000220392119A109B14680AAA92E8035172468DE81C0063465B
:20BBC0004246FDF735FC024614460CB1119A156043E0BBF1060F1FD1119B1A68102A88BFB6
:20BBE00010221A6000220692119ADDF840C0D2F800E00AAA92E81B018DE81A5103460DF144
:20BC00001C0C9CE80700D200FDF780FC024614460CB1119A15601DE0119B1A68102A88BF04
:20BC200010221A6000220692119ADDF840C0D2F800E00AAA92E81B018DE81A5103460DF103
:20BC40001C0C9CE80700FDF7A2FC024614460CB1119A156001E0042400BF7A6B012A04D074
:20BC6000002204B90B9A0F9B1A602046FFF7DCF90246164605E00623032200217220F9F771
:20BC8000FBF93246104612B0BDE8F08D2DE9F04D98B0064600251391002444F2D852C0F218
:20BCA0000102136814935368159393681693D2681792726B1292079508950A950B950C95DB
:20BCC0000D950E950F9510951195D6F830B00BAA0AA930460123FFF737FB0DAA0CA9304676
:20BCE0000223FFF731FB0FAA0EA930460423FFF72BFB11AA10A930461023FFF7E8FB119B32
:20BD0000DDF82CC01B680022634500D206221746002F40F0D08009AB08AA07A93046FFF78D
:20BD2000A8F902461746002F40F0CB80129A072A05D0139A802A02D14FF48174ADE0129AC6
:20BD4000072A00F2A8800FF20808D8E802F0C046A4050F2443A4A463099A08990798D20050
:20BD60000123FDF759FA0246144696E00D9A42B10C9A32B101220D990C98FDF77DFA0246FD
:20BD800014463CB90123109A0B990A98FDF7D7FA0246144681E0099A08990798D20001239F
:20BDA000FDF73AFA0246144654B90D9A42B10C9A32B101220D990C98FDF75EFA024614462E
:20BDC0003CB90123109A0B990A98FDF7B8FA0246144662E0012203920F9A029214AA01928A
:20BDE000109A00920D9B0C9A0B990A98FDF720FB0246144654B90F9A0E9814A9D200FDF7E3
:20BE000066F802469246CBF800A002E00122CBF8002042E0139A062A17D1012206920F9A0E
:20BE2000059214AA0492109A03920D9A02920C9A01920B9A00920A9B099A08990798D200D3
:20BE4000FDF764FB0246144615E0012206920F9A059214AA0492109A03920D9A02920C9A89
:20BE600001920B9A00920A9B099A08990798FDF78EFB0246144654B90F9A0E9814A9D20066
:20BE8000FDF725F802469246CBF800A002E00122CBF8002001E0042400BF726B012A04D082
:20BEA000002204B90B9A119B1A602046FFF7BCF80246174605E00623032200217220F9F74D
:20BEC000DBF83A46104618B0BDE8F08DF0B506460124316C49680F68316C49680D69062DFD
:20BEE00001D0802D0ED1052F06D129463046FFF7C2FD01460C4605E029463046FFF7C6FE23
:20BF000001460C4621460846F0BD2DE9F04C82468B460125DBF840205468E268202A04D0BE
:20BF20002269072A01D101252FE0E268102A0AD022680B2A07D02268132A04D02269072AF3
:20BF400001D0012521E0002616E047F68853C0F2010353F83A30F2009F1822683B689A4298
:20BF600009D122793B799A4205D1227C7B799A4201D1002509E0013647F68853C0F2010393
:20BF800003EBCA0252689642DFD32DB10423032200217220F9F770F82A461046BDE8F08C87
:20BFA0002DE9F04D8BB0064600250024776B316C4968D1F800A000950195029503950495D2
:20BFC00005950695079508950995316B0A91CAEBCA0147F6FC42C0F2010211444978FAB2AC
:20BFE0000A4220D001AA694630460123FFF7ACF901460C460099019A4FF0000B41B9022340
:20C00000032200217220F9F737F84FF0010B08E03AB90523032200217220F9F72DF84FF0AF
:20C02000010B44EA0B04CAEBCA0147F6FC42C0F2010211448978FAB20A4221D003AA02A970
:20C0400030460223FFF780F944EA0001CCB20299039A4FF0000B41B90223032200217220B0
:20C06000F9F70AF84FF0010B08E03AB90523032200217220F9F700F84FF0010B44EA0B0438
:20C08000CAEBCA0147F6FC42C0F201021144C978FAB20A4221D005AA04A930460423FFF782
:20C0A00053F944EA0001CCB20499059A4FF0000B41B90223032200217220F8F7DDFF4FF000
:20C0C000010B08E03AB90523032200217220F8F7D3FF4FF0010B44EA0B04CAEBCA0147F673
:20C0E000FC42C0F2010211440979FAB20A4223D007AA06A930461023FFF7E9F944EA00017B
:20C10000CCB2069A07994FF0000B02B141B90223032200217220F8F7AFFF4FF0010B09E09C
:20C12000096839B90523032200217220F8F7A4FF4FF0010B44EA0B04CAEBCA0147F6FC4287
:20C14000C0F2010211444979FAB20A4223D009AA08A930462023FFF7BAF944EA0001CCB2B5
:20C16000089A09994FF0000B02B141B90223032200217220F8F780FF4FF0010B09E0096874
:20C1800039B90523032200217220F8F775FF4FF0010B44EA0B04CAEBCA0147F6FC42C0F215
:20C1A000010211448979FAB20A4219D00A994FF0000B41B90223032200217220F8F75CFF16
:20C1C0004FF0010B0AE00021012907D10523032200217220F8F750FF4FF0010B44EA0B0441
:20C1E000214608460BB0BDE8F08DF0B5054601246F6A3968286A04F0A2F801460E463046ED
:20C20000FEF727FF01460C4621460846F0BD30B505460124296C496809680139013904D9AB
:20C2200002390ED9022906D911E02846FFF72AFB01460C460DE02846FFF748FE01460C468F
:20C2400007E02846FFF7E1FB01460C4601E0012400BF2146084630BD2DE9F04482460D4652
:20C2600043F2F876C2F2000601242A6CD268012A1CD1327BD2B9012232730122B2602A688D
:20C28000326001226A602846FFF7C1FF024614460022327314B96A6B072A15D10022B260A5
:20C2A0004FF0FF32326000226A600DE02A6CD26852B929465046FEF7C9FD02461746012F33
:20C2C00001D1002400E0022422461046BDE8F0842DE9F04482460D4643F2F876C2F20006C9
:20C2E00001242A6CD268012A1DD1327BDAB932682B689A4217D10122327301226A602846DC
:20C30000FFF785FF02461446002232731CB995F83420520724D50022B2604FF0FF323260FC
:20C3200000226A601CE02A6CD268C2B995F83420D2070BD529465046FEF788FD024617460C
:20C34000012F01D100240BE0022409E032682B689A4205D172681AB97560002400E0022432
:20C3600022461046BDE8F0842DE9F04407460C4643F2F076C2F200060125626B072A29D18A
:20C3800038462168FEF7BEFD226CD268012A12D1626882B9327972B9012232712268326053
:20C3A0002046FFF722FF024615464FF0FF323260002232710EE0226CD2685AB921463846E8
:20C3C000FEF744FD02469246BAF1010F01D1002500E002252A461046BDE8F084F0B507467D
:20C3E0000C4643F2F876C2F20006012594F83420D20703D538462168FEF784FDB26882B905
:20C4000094F83420D2070CD5626852B93268B2F1FF3F06D121463846FFF71EFF02461546C0
:20C420000CE0B268012A09D13268B2F1FF3F05D021463846FFF74CFF024615462A46104612
:20C44000F0BDF0B506460D4601246A6B072A11D12A6CD26872B930462968FEF753FD294628
:20C460003046FEF7F3FC02461746012F01D1002400E0022422461046F0BD00002DE930419F
:20C48000054643F2EC74C2F200042068012806D10123002211467220F8F7EEFD0FE003F091
:20C4A00033FFFEF77DFD012020604FF0FF30E0604FF0FF3043F60801C2F20001886000BF80
:20C4C000BDE830812DE9F04106460D46012443F2EC73C2F200031A68002732B900230322D4
:20C4E00019467220F8F7C8FD01273C460027032E06D30423032200217220F8F7BDFD0127EC
:20C500003C43002735B90223032200217220F8F7B3FD01273C43C4B96A6C0027062A06D3C1
:20C520000423032200217220F8F7A6FD01273C4629463046FFF7E9FC44EA0002D4B22846DC
:20C54000FFF72EFD44EA0002D4B214BB2A6C526812680B2A06D129463046FFF705FF024638
:20C56000144616E02A6C52681268132A06D129463046FFF766FF024614460AE02A6C526871
:20C580001268142A05D029463046FFF727FF0246144622461046BDE8F081000030B5054667
:20C5A0000024284600F005F801460C462146084630BD2DE9F04C834600254FEA5B160BF0DC
:20C5C0001F07012101FA07FA5146304601F0D8FA304601F0E2FA01460C4604EA0A0424FA51
:20C5E00007F1CDB229460846BDE8F08C00BFFEE700BFFEE700BFFEE700BFFEE700BFFEE7B2
:20C6000000BFFEE7704700BFFEE700BFFEE7000010B40446B4F5002F0ED3B4F1007F05D3B4
:20C6200047F6FF71C0F200218C4205D9B4F1807F04D3B4F1817F01D2012100E0002100BFF9
:20C64000084610BC7047F0B505460E467219571E2846FFF7DDFF024614463846FFF7D8FF98
:20C6600002461440012C03D1002E01D9012400E0002422461046F0BD70B504460D46164663
:20C6800025B131462046FFF7DEFF08B9052300E0002300BF184670BDF0B406460F4614463F
:20C6A000012347EA060515F0030F07D1042C01D3042309E0022C07D3022305E05FEAC57C7B
:20C6C00002D4022C00D3022300BF1846F0BC7047F0B406460F4614463B68751E0AD06D1EA4
:20C6E00003D0022D0AD1236009E0256863F30F05256004E09C4684F800C000E000BFF0BC28
:20C7000070472DE9F00C07468C4692460723DCF80040DAF800507E1E0FD0761E05D0022EE5
:20C7200013D1A54200D1002310E0C5F30F06C4F30F0B5E4500D1002308E005F0FF0604F03F
:20C74000FF0B5E4500D1002300E000BF00BF1846BDE8F00C7047F0B405460E46062233681E
:20C760006C1E10D0641E06D0022C13D1B3F1FF3F00D100220FE0C3F30F0C4FF6FF77BC4594
:20C7800000D1002207E003F0FF0CBCF1FF0F00D1002200E000BF00BF1046F0BC70472DE9E6
:20C7A000F04C82468B46164640F20005C4F2020505F12007C5F818B02B696AF307032B612B
:20C7C0003EB1002403E0335D3B55631CDCB2102CF9D302F0E3FFAB686FF31863AB6002F06D
:20C7E000E0FF64232B60BDE8F08C10B543F69814C2F200042068006810B12068006880475D
:20C8000010BD10B543F69814C2F200042068406810B120684068804710BD2DE93041002588
:20C8200040F21808C4F20208D8F80040EFF310800546002D00D172B6B4F5002F08D3B4F19B
:20C84000007F0BD347F6FF70C0F20020844205D803B44FF08070016803BC0AE0B4F1807FBE
:20C8600007D3B4F1817F04D203B44FF00070016803BC07B4004801E0000002404FF08001EF
:20C8800000BF00BF00BF00BF00BF00BF00BF00BF0160026800BF00BF00BF00BF00BF00BF5B
:20C8A00000BF00BF07BC002D00D162B6BDE83081F0B505460F4640F20006C4F2020647B198
:20C8C000FFF793FF47F0010228469047FFF799FF08E0FFF7A2FF01E005B1A847326812F022
:20C8E000800FF9D002F054FF326812F0800F09D0326812F0200F03D003242022326002E01C
:20C90000002400E0042402F046FF22461046F0BD2DE9300104460D4640F23008C4F202083B
:20C92000D8F80020A44662F3030CC8F800C040F23408C4F20208D8F80020AC4662F3030CC5
:20C94000C8F800C0BDE8300170472DE9F04505460F46164600242846FFF75AFE15F00F0F80
:20C960000CBF4FF0010C4FF0000C0CEA000A40F20008C4F20208D8F8003013F0800F01D1F7
:20C9800001240FE03A4629462420FFF708FF337833B9B1687068FFF78BFF03461C4601E0BF
:20C9A000FFF73BFF23461846BDE8F0852DE91001044640F20008C4F20208D8F800202242A7
:20C9C00014BF0121002100BF0846BDE8100170472DE930410546002443F69811C2F200013A
:20C9E0000D600120FFF7E2FF012801D10A2413E08020FFF7DBFF08B901240DE040F26401DC
:20CA0000C0F2030140F20008C4F20208C8F80010E968A868FFF77CFF21460846BDE83081B9
:20CA200000B58020FFF7C2FF00BD2DE9F04105460E4600242846FFF7EBFDEB040CBF0123F9
:20CA4000002303EA000740F20008C4F20208D8F8002012F0800F01D101240FE029460022CD
:20CA60004220FFF79CFE327832B9B1687068FFF71FFF0246144601E0FFF7CFFE2246104626
:20CA8000BDE8F0812DE9F04D81B006460F4692469B460025002416F00F0F03D117F00F0F3C
:20CAA00008BF01243046FFF7B3FD04EA000C8DF803C000240AE05A4604EB0A01A019FFF7D5
:20CAC00044FF8446654605B102E01034BC42F2D300BF284601B0BDE8F08D2DE9F04D84B078
:20CAE00043F6901AC2F2000A019002910392039A02990198FFF7C0FD03469B46039E019CF0
:20CB0000029F01250123CAF8003035E0CAF804404FF4803340F20008C4F20208C8F800303D
:20CB2000012340F24008C4F20208C8F80030324639462046FFF7B0FD03461D463A46214614
:20CB40002846FFF7C5FD40F24008C4F20208D8F8003013F0010F0CD040F24008C4F202084C
:20CB6000D8F800301B09B3EB141F02D10223CAF800302C442F44761B002E03D9DAF8003056
:20CB8000022BC3D1DAF80030022B01D14FF0090B0023CAF800305B46184604B0BDE8F08D96
:20CBA0002DE9F04D84B043F6901BC2F2000B019002910392039A02990198FFF75DFD034628
:20CBC0001C46039F019DDDF808A001260123CBF8003037E0CBF804504FF4803340F200089A
:20CBE000C4F20208C8F80030012340F24008C4F20208C8F800303A4651462846FFF74CFD73
:20CC000003461E46524629463046FFF77AFD03461C4640F24008C4F20208D8F8003013F095
:20CC2000010F0CD040F24008C4F20208D8F800301B09B3EB151F02D10223CBF80030354474
:20CC4000B244BF1B002F05D9DBF80030022B01D0002CBFD0DBF80030022B01D104B909244F
:20CC60000023CBF800302346184604B0BDE8F08D2DE9F04C83B043F6901AC2F2000A40F2A9
:20CC8000000BC4F2020B019002910024029E019D012702990198FFF7D6FC02468DF803202C
:20CCA0000122CAF8002025E0CAF804504FF48032CBF800200122CBF840203246284600212F
:20CCC000FFF7EAFC0246174629463846FFF743FD02461446DBF8402012F0010F08D0DBF81E
:20CCE00040201209B2EB151F02D10222CAF800203D44F61B002E05D9DAF80020022A01D082
:20CD0000002CD1D0DAF80020022A01D104B909240022CAF800202246104603B0BDE8F08CD6
:20CD200030B540F20005C4F2020502F031FD286810F0800F0DD0286810F0200F05D0032443
:20CD40002020286002F027FD06E002F024FD002402E002F020FD0124204630BD10B4044661
:20CD6000B4F1807F04D3B4F1817F01D2022110E0B4F5002F01D201210BE0B4F1007F07D3F7
:20CD800047F6FF71C0F200218C4201D8012100E0002100BF084610BC70472DE91001044648
:20CDA00000215CB143F69C11C2F200010A68136A621E53F822209168013100E0002100BFC3
:20CDC0000846BDE81001704770B543F69C14C2F20004261DE068FFF7E0FF05462068026A33
:20CDE000E06852F82000C1686069401B084470BD30B4054643F69C14C2F2000400210021A9
:20CE000008E02268136A53F821209268954200D804E001312268D2699142F2D3084630BC41
:20CE200070472DE9F044064643F69C14C2F2000400252068016AC069013851F82000806839
:20CE4000864215D83046FFF7D3FF07462068016A51F8270004683846FFF79FFF82463CB1FC
:20CE6000A6EB0A01B1FBF4F004FB101000B901252846BDE8F0842DE9F044064643F69C1482
:20CE8000C2F2000400252068016AC069013851F820008068864216D83046FFF7A9FF0746F8
:20CEA0002068016A51F8270004683846FFF775FF824644B1701CA0EB0A01B1FBF4F004FB4D
:20CEC000101000B901252846BDE8F0842DE9F044064643F69C14C2F2000400252068016A7D
:20CEE000C069013851F820008068864215D83046FFF77EFF07463846FFF74FFF8246206882
:20CF0000026A52F82700416839B1A6EB0A02B2FBF1F001FB102000B901252846BDE8F084E4
:20CF20002DE9F044064643F69C14C2F2000400252068016AC069013851F820008068864227
:20CF400016D83046FFF754FF07462068016A51F8270044683846FFF720FF824644B1701CEC
:20CF6000A0EB0A01B1FBF4F004FB101000B901252846BDE8F08410B4044643F6A012C2F259
:20CF8000000213692344591E53698B4200D2516900BF084610BC7047F0B4054643F69C14B8
:20CFA000C2F20004271D2068016AE06851F82000467C2068016AE06851F820004268206839
:20CFC000016AE06851F8200083689D4203D26069281A411C02E06069181A411C012E04D1F0
:20CFE000914294BF0846104601460846F0BC704730B4054643F69C14C2F20004231D2068D7
:20D00000016AE06851F820008268954203D26069281A411C02E06069101A411C084630BC8A
:20D02000704710B5044601230B2200215C20F8F73DF8022C06D107230B2200215C20F8F730
:20D0400028F807E0052C05D109230B2200215C20F8F71FF810BD2DE9F04C81B043F69C148D
:20D06000C2F200040225FFF7AFFE83466069A169884201D9002533E02068016AE06851F832
:20D080002000077C2068016AE06851F82000D0F800A03946584600F0F4FC0646042E03D192
:20D0A000012084F824001BE026B101253046FFF7B8FF15E0A7B96069504460616069A1694E
:20D0C000884201D900250BE02068016AE06851F8200061698068814202D9E0680130E060EF
:20D0E000284601B0BDE8F08C10B5044602230B2200215C20F7F7DAFF022C06D107230B22CF
:20D1000000215C20F7F7C5FF10E0032C06D108230B2200215C20F7F7BCFF07E0052C05D13E
:20D1200009230B2200215C20F7F7B3FF10BD2DE9F04E82B043F69C14C2F2000402200090B3
:20D1400000266069A169884202D90020009043E0A06AFFF710FF834626E05846FFF71CFFD1
:20D1600005462068016AE06851F82000477CFFF72BFE82463B4629465046E26900F0B9FCA0
:20D1800006468EB9606928446061E0692844E0612068016AE06851F82000616980688142F7
:20D1A00002D9E0680130E0606069584501D8002ED3D0042E03D1012084F824000CE02EB139
:20D1C000012000903046FFF78FFF05E06069A169884201D900200090009802B0BDE8F08E2B
:20D1E000F0B5064643F6A015C2F200050124FFF7EBFD01460F462968023902D0012912D04E
:20D200002BE031463846EA6900F019FC01460C462CB103230B2200215C20F7F747FFE969CA
:20D220003144E9611AE031463846AA6900F018FC01460C466CB104230B2200215C20F7F794
:20D2400035FF032C05D108230B2200215C20F7F720FFA9693144A96100E000BF21460846AE
:20D26000F0BD10B404460221012C01D0022C01D1012102E0032C00D1042100BF084610BCD0
:20D2800070472DE9F04C43F69C14C2F2000404F1040B4FF0020A00256069A169884202D9F8
:20D2A0004FF0000A2DE0E06AFFF765FE074617E03846FFF79DFE06463046FFF791FF05468F
:20D2C0006069304460615DB92068016AE06851F8200061698068814202D9E0680130E0608D
:20D2E0006069B84201D8002DE2D025B12846FFF7B8FF824605E06069A169884201D94FF05F
:20D30000000A5046BDE8F08C10B543F6A014C2F20004206818B9FFF79EFE044609E020683C
:20D32000012803D1FFF703FF044602E0FFF7A9FF0446204610BD30B5054643F69C14C2F2E4
:20D340000004A560691E04D30AD00239012907D90CE02068006848B120680068804705E0D6
:20D360002068406810B120684068804730BD00B500F039FB00BD2DE9F04C43F69C14C2F253
:20D38000000404F1040B0225FFF71EFD82462068016AE06851F8200007683946504600F06D
:20D3A00026FB0646062E2CD0002084F82400C6B1012501230B2200215C20F7F777FE022EF2
:20D3C00006D107230B2200215C20F7F762FE18E0052E16D109230B2200215C20F7F759FEE7
:20D3E0000FE06069384460612068016AE06851F8200061698068814202D9E0680130E0608B
:20D4000000252846BDE8F08C2DE9F04C43F69C14C2F2000404F1040B0225FFF7D5FC8246AB
:20D420002068016AE06851F8200047683A465046E16900F0EEFA0646062E2FD0002084F846
:20D440002400C6B1012502230B2200215C20F7F72DFE032E06D108230B2200215C20F7F718
:20D4600018FE1BE0052E19D109230B2200215C20F7F70FFE12E0606938446061E0693844D0
:20D48000E0612068016AE06851F8200061698068814202D9E0680130E06000252846BDE866
:20D4A000F08C30B543F6A015C2F200050124286818B9FFF760FF044605E02868012802D1CE
:20D4C000FFF7A2FF0446204630BD2DE9F041064643F69C14C2F20004271D36B10123002273
:20D4E00011465C20F7F7C8FD45E0A068022806D10623002211465C20F7F7BEFD3BE046F25E
:20D500004051C0F201010868206000BF20688068012806D12068C068E06220684069A06282
:20D5200005E020680069E06220688069A0622068406A00F032FA0546062D06D10623002272
:20D5400011465C20F7F7A5FD10E0072D06D10623002211465C20F7F7A9FD07E0092D05D1C8
:20D560000423002211465C20F7F786FD0020A060002084F82400BDE8F0812DE9F04C81B0A5
:20D5800006468B4643F69C14C2F2000400250BEB0600471E20684FF0000A38B9052301223A
:20D5A00000215C20F7F768FD4FF0010A55460DBB4FF0000A3046FFF734FC38B902230122B0
:20D5C00000215C20F7F758FD4FF0010A55464FF0000A3846FFF74FFC10B1BBF1000F07D12A
:20D5E0000323012200215C20F7F746FD4FF0010A45EA0A05DDB9A068022807D106230122A0
:20D6000000215C20F7F738FD012510E03046FFF7EFFBE0603846FFF7EBFB20616661A761F4
:20D62000002060600220A060002084F82400284601B0BDE8F08C2DE9F04D82B006468B4646
:20D6400043F69C15C2F200050192002401998819471E28684FF0000A38B905230222002199
:20D660005C20F7F709FD4FF0010A544604BB4FF0000A3046FFF72AFC38B902231A46002125
:20D680005C20F7F7F9FC4FF0010A54464FF0000A3846FFF745FC08B1019838B903230222BC
:20D6A00000215C20F7F7E8FC4FF0010A44EA0A044FF0000ABBF1000F07D10423022200212D
:20D6C0005C20F7F7D9FC4FF0010A44EA0A04ECB9A868022807D10623022200215C20F7F7F6
:20D6E000CBFC012412E03046FFF782FBE8603846FFF77EFB28616E61AF61C5F81CB001201C
:20D7000068600220A860002085F82400204602B0BDE8F08D10B443F69C14C2F2000420682F
:20D7200008B9002105E0A068022801D1022100E00121084610BC704710B543F69C14C2F2C6
:20D740000004206838B905231A4600215C20F7F793FC012100E0A168084610BD30B5054654
:20D7600043F69C14C2F20004206830B90523082200215C20F7F780FC1BE0A068022806D13A
:20D780000623082200215C20F7F776FC11E0012D07D30DD12068C068E06220684069A0623D
:20D7A00007E020680069E06220688069A06200E000BF30BD70B543F69C15C2F20005002464
:20D7C0002868E8B1A86802281AD195F83000012808D1FFF7CCFD0646012E11D1002085F883
:20D7E00030000DE095F82400012802D1FFF759FE044614B9FFF788FD04462046FFF79BFD42
:20D8000070BD000010B504462046FFF7A7FA0146084610BD2DE91001044621460A2917D873
:20D820000FF20408D8E801F0060812140E140A0C1414100000210DE006210BE0022109E05A
:20D84000032107E0052105E0072103E0082101E0012100BF00BF0846BDE810017047F0B49E
:20D86000074643F6D015C2F200055FB941F64054C0F201042868056840F24300C0F20000C6
:20D8800086080AE041F64054C0F201042868456840F24300C0F200008608002103E08B000D
:20D8A000E258EA500131B142F9D3F0BC704770B4064643F6D014C2F200043EB92068046870
:20D8C00040F24300C0F20000850806E02068446840F24300C0F200008508002103E08A0038
:20D8E0000023A3500131A942F9D370BC70472DE9F04505460E4617469A46BAF1000F11D183
:20D900003846FFF77FFF84466446B4420AD12846FFF7A5FF4FF0010C43F6D418C2F200089B
:20D9200088F800C0BDE8F08530B5054643F6D414C2F200042078012804D12846FFF7B7FFD4
:20D940000020207030BD70B504460D461646012C06D02CB931462846FFF78AF903461C461B
:20D960002046FFF757FF0346184670BD2DE9F04404460E4617469A46012C07D034B9524673
:20D9800039463046FFF70CF9844664462046FFF741FF05462846BDE8F084F0B5074643F68A
:20D9A000D014C2F2000427602068C068FFF710F806463046FFF72EFF054641F64050C0F2ED
:20D9C0000100FFF71FFFE06041F64050C0F20100FFF718FFA06025B9E06808B1A06800B9CB
:20D9E00009252846F0BD00B5FFF71AF800BDF0B506460F460124FFF793F9024615463A4654
:20DA000031462846FFF79FFF0246144622461046F0BD2DE9F04406460F4692460124FFF7A2
:20DA20007FF903461D4653463A4631462846FFF79DFF03461C4623461846BDE8F084F0B502
:20DA400005460E461746324639462846FFF745F803461C462046FFF7DDFE03461846F0BDFC
:20DA6000F0B505460E461746324639462846FFF797F803461C462046FFF7CCFE03461846A3
:20DA8000F0BDF0B583B006460F4643F6D014C2F200048DF8007020688068019000200290E3
:20DAA0003B4632460020E168FFF721FF207910B120680068029069463046FEF7B6FF0446F9
:20DAC00024B12046FFF7A6FE05460CE057B930464FF40051FFF7CCF804462046FFF79AFE28
:20DAE000054600E004250020FFF71EFF284603B0F0BD2DE9F04C83B006460F4693469A46F2
:20DB000043F6D015C2F2000500248DF800A028688068019000200290534632460120A968E7
:20DB2000FFF7E5FE287910B128684068029039463046FFF79DF8044634B96B465A46394659
:20DB40003046FEF79FFF044624B12046FFF762FE05460EE0BAF1000F0AD13A46594630467E
:20DB6000FFF71EF804462046FFF754FE054600E004250120FFF7D8FE284603B0BDE8F08C1E
:20DB800070B404460D46A30047F6407CC0F2010C5CF80320D56070BC704730B4044600218B
:20DBA000A30047F6407CC0F2010C5CF80320116800BF084630BC70472DE9F04D81B043F6AD
:20DBC000E015C2F2000505F1240A00900027BA0046F2E453C0F2010399584AF8021000BFD9
:20DBE0004FF0000B0CE05AF82720D268CBEB8B0102EB810000F00EFA0BF101015FFA81FBA1
:20DC00005AF82710097A8B45EDD3002625E0002406E05AF827100969095D8E4202D00134FB
:20DC2000032CF6D305F10C0202EBC40100220A7105F10C0202EBC40101220A60A1002A4645
:20DC4000002353505AF827205268C6EBC60102EB8101886900F0E4F901365AF827100968D5
:20DC60008E42D4D3002141F6B020C2F20000016001B0BDE8F08D2DE9F04F82B043F6E01667
:20DC8000C2F2000606F1240A00208DF8020000208DF803000027002529E0002406E05AF8A5
:20DCA00027000069005D854202D00134032CF6D343F6EC11C2F2000101EBC40000684FF06F
:20DCC000010B042806D10B23022200216420F7F7E0F901E04FF0000B8DF802B09DF802007E
:20DCE000012803D101208DF8030005E001355AF8270000688542D0D39DF80300A0BB002500
:20DD000029E0002406E05AF827000069005D854202D00134032CF6D343F6EC11C2F2000100
:20DD200001EBC40000210171A000314600220A5043F6EC11C2F2000101EBC40000210160F0
:20DD40005AF827104968C5EBC50001EB8000806900F075F901355AF8270000688542D0D3E0
:20DD6000B80000214AF8001002B0BDE8F08F2DE9F04E82B0834643F6EC14C2F2000404F16D
:20DD8000180A019101250027012630468DF8030004EBCB000068042806D10B2305220021C2
:20DDA0006420F7F776F902E000208DF803009DF8036006B1012635467DBB5AF8270000698D
:20DDC00010F80B605AF827004068C6EBC60200EB82004069012809D15AF827004068C6EB4B
:20DDE000C60200EB8200806900F083F904EBCB00042202605AF8270001994068C6EBC60223
:20DE000000EB8200806900F050F905462DB12B23052200216420F7F73CF902B0BDE8F08E38
:20DE20002DE9F04C81B0054643F6E014C2F2000404F124070026002084F828000020E062C3
:20DE400057F82600006910F805A057F82620526843F60821C2F20001CAEBCA0002EB8000E5
:20DE6000806900F0FBF8834604F10C0101EBC5000068042828D157F826104968CAEBCA0018
:20DE800001EB8000806900F025F994F82800012810D157F826104968CAEBCA0001EB800040
:20DEA0004069012806D104F10C0101EBC5000321016009E004F10C0101EBC5000221016061
:20DEC000A800214641F800B001B0BDE8F08C2DE9F041064643F6EC14C2F20004002504F1DA
:20DEE000180151F825000069875D04EBC6000121017141F6B021C2F20001086858B904F1D2
:20DF0000180151F825004068C7EBC70100EB8100806900F0EEF8BDE8F0812DE9F04507467F
:20DF200043F6EC14C2F2000404F11806002556F82500006910F807A004EBC70000210171E4
:20DF400041F6B021C2F200010868B8B956F825004068CAEBCA0100EB8100406920B104EBB3
:20DF6000C7000068042809D056F825004068CAEBCA0100EB8100806900F0CBF8BDE8F085B0
:20DF80002DE9F045824643F6EC14C2F2000404F11806002556F82500D0B356F82500006973
:20DFA00010F80A7056F825004068C7EBC70100EB8100406901280ED156F825004068C7EB60
:20DFC000C70100EB8100806900F084F85046032104EBC000016041F6B021C2F200010868C1
:20DFE000B0B904EBCA000079012811D156F825004068C7EBC70100EB8100406840B156F893
:20E0000025004068C7EBC70100EB810040688047BDE8F08510B4044600BF00BF10BC7047B5
:20E0200010B50446216849B12168012906D02168022903D12169207901F0D9FE10BD10B5C0
:20E040000446216841B12168012905D02168022902D1207901F0B5FF00BF10BD70B50446B3
:20E060000E4600252268EAB12268012A1AD02268022A17D100256179207901F0A4FE024652
:20E0800072606179207901F08BFE024615466179207901F06FFE012802D10122327001E0AB
:20E0A000002232702A46104670BD70B504460E46012522685AB12268012A08D02268022AE8
:20E0C00005D132466179207901F0F5FF00252A46104670BD10B50446216849B1216801293D
:20E0E00006D02168022903D16179207902F02BF810BD10B50446216849B12168012906D052
:20E100002168022903D16179207902F058F800BF10BD10B50446216849B12168012906D01B
:20E120002168022903D16179207902F088F810BD2DE9F00104460E4615464EF60858CEF241
:20E140000008D8F8003025B104F1100753F827702F6004F11007BF00DE51BDE8F00170471D
:20E1600010B4044661094EF20012CEF20002012302EB810104F01F0203FA02F20A6010BC44
:20E18000704710B5044661094EF28012CEF20002012302EB810104F01F0203FA02F20A60B8
:20E1A000BFF34F8FBFF36F8F10BD30B404460D46002C07DB4EF20042CEF2000222442B01ED
:20E1C000137009E004F00F02121F4EF61853CEF200031A442B01137030BC704770B504460C
:20E1E0000E46012541F6BC22C2F20002125D32B10423002211465220F6F73EFF1FE036B166
:20E200000323002211465220F6F736FF17E047F20803C0F2010353F8242042B147F2080314
:20E22000C0F2010353F824201268A24206D00323002211465220F6F71FFF00E000252A46D4
:20E24000104670BD2DE9F04405468A4643F61027C2F200070024002641F6BC20C2F200009A
:20E26000805D012807D05246002319465220F6F703FF012410E045B957F82500007920B175
:20E2800057F825000068864206D05246022300215220F6F7F1FE01242046BDE8F08470B50F
:20E2A00005460E46012431462846FFF7CBFF024614466CB943F61422C2F20002525D032A2D
:20E2C00006D03246042300215220F6F7D5FE01242246104670BD10B50446224606230021A5
:20E2E0005220F6F7C9FE10BD2DE9F044824643F61025C2F2000505F108070024002651460C
:20E300003046FFF76BFF98BBB10047F20802C0F201025058785023E057F82620043252F8A3
:20E32000241009688E4219D157F82620043252F824100979012911D157F826C0A2000CF1D3
:20E34000040C5CF802102B46995055F824102046896800F028F9291D03220A55611CCCB23F
:20E36000002CD9D041F6BC20C2F2000001218155BDE8F084F0B5064643F61024C2F20004DA
:20E380002746012530460A21FFF75CFF0546F5B9201D805D032803D0201D805D022816D1BC
:20E3A000304600F01DF905468DB957F826008068407801280BD157F8260080684068F6F744
:20E3C000DDFE57F8260080684068F8F751F92846F0BD70B5054643F61426C2F20006012447
:20E3E00028460921FFF72EFF04469CB9705D03280FD0284600F005F904461CB930460321D7
:20E40000415507E0022C02D10920FFF764FF012400E00024204670BD30B50546012428467D
:20E420000721FFF73CFF01460C466CB9284600F003F910B10720FFF74EFF43F61421C2F21E
:20E44000000101224A5500242146084630BD30B50546012428460B21FFF721FF01460C4695
:20E460004CB9284600F0F7F843F61421C2F2000101224A5500242146084630BD70B5012554
:20E480000026002405E0204600F0F2F80546601CC4B2002CF7D041F6BC20C2F200000021F5
:20E4A0008155284670BD00002DE9F0448CB007468A4643F61C26C2F20006701CC45D9AF8D4
:20E4C0000D008DF81400022007900AA809900120069008208DF82000012505A92046F8F7E5
:20E4E000D1F805469DB9079828B9002002903046022101550DE00798012805D10120029053
:20E5000030460121015504E00220029001E002200290069810B90120019001E00020019035
:20E520009DF820008DF80C009DF814008DF80000099804906946384603F084F810B1384657
:20E5400003F0B8F80CB0BDE8F08470B581B0054643F61D21C2F200014C5D6946284602F0BE
:20E5600085FF01460E4600BF311F0AD003390DD0013910D0042913D120460021F8F7ACF835
:20E580000FE020460321F8F7A7F80AE020460521F8F7A2F805E020460421F8F79DF800E0A1
:20E5A00000BF01B070BD2DE9F04406460F4643F61C25C2F200053C78B00005F108010F50DE
:20E5C000D7F80CA05146204602F056FE681C0655204603F098F8284600218155BDE8F08437
:20E5E00030B4054643F62824C2F200040121605D012803D10021204600224255084630BC59
:20E600007047F0B50746012443F62422C2F2000252F827100D78284603F04CF801460E46B1
:20E6200026B9284603F06FF8002402E0022E00D1022421460846F0BD30B5054643F62422F5
:20E64000C2F2000252F825100C78204603F0B4F8C1B2084630BD30B5054643F62422C2F2EB
:20E66000000252F825100C78204603F0C3F830BD70B5064643F62422C2F2000252F826106E
:20E680000C78204602F0BAFEC1B20D462946084670BD00002DE9F04505460F4643F61C26D0
:20E6A000C2F20006701C445DD7F810A050460B284AD80FF20808D8E800F0C0464734470779
:20E6C000151C152C0C10151539462846FFF7ECFE3BE02046F7F7F5FF37E020467968F7F706
:20E6E000E3FF32E02846FFF730FF284602F0E2FF2BE0B869072804D120460021F7F7ECFFC2
:20E7000003E020460121F7F7E7FF284602F0D2FF1BE020460221F7F7DFFF284602F0CAFF10
:20E7200013E006F1080151F824004078012806D106F1080151F824004068F6F72AFD06F1A1
:20E740000C000121015500E000BFBDE8F08510B443F63024C2F200040020606000202060F3
:20E7600010BC704730B404460D460122231C03D100232B60002200E000BF00BF104630BCEF
:20E780007047F0B405460C46164601232F1C08D14FF0010CC6F800C027687F1C276000233F
:20E7A00000E000BF00BF1846F0BC704730B404460D460022231C01D12A4600E000BF00BFB8
:20E7C000104630BC704742F2C061C2F20001086880B100200AE00A68D36803EBC0021268B4
:20E7E00043F63823C2F20003985401300A6852689042F0D3704710B442F2C064C2F2000465
:20E80000206880B100200AE021680A6902EBC001096843F63922C2F2000250540130216872
:20E8200089688842F0D310BC70472DE93041054642F2C064C2F2000447F23C01C0F20101CB
:20E840000868206000BFFFF7BEFFFFF7D4FF2068406900F041F8BDE830812DE970410646CA
:20E8600043F63825C2F20005012442F2C061C2F2000108680169681C805D01EBC00040688B
:20E880006860686800F037F800242046BDE87081F0B50325FF2600240E2700F03DF80646E5
:20E8A00012E047F65471C0F2010101EBC4000068864207D147F65471C0F2010101EBC40092
:20E8C000456803E0601CC4B2BC42EAD32846F0BD00B500F01DF800BD10B5044654B100F065
:20E8E0000BFA206801F0B6F9606801F0C9F9A06801F0A3F810BD10B5044644B1206800F093
:20E90000A4FE606801F0EBF8A06800F04CF910BD00B501F0DFFC00BDF0B507250024002656
:20E9200001F0BCF9000601D5072516E001F0B6F94BF6E76100EA010700240CE00120A04007
:20E94000384206D02546701CC6B2022E01D3552503E0601CC4B2202CF0D32846F0BD10B4B7
:20E96000044645F20001C4F2060101EB8402126812F0004F04D001EB84024FF0B64313602A
:20E9800001EB84031A686FF355521A6001EB84031A6842F400121A6001EB84031A6842F021
:20E9A00000421A6010BC704710B4044645F20001C4F2060101EB8402126812F0004F04D004
:20E9C00001EB84024FF0B643136001EB84031A684FF0010C6CF301021A6001EB84031A6808
:20E9E00042F400121A6001EB84031A6842F000421A6010BC704710B4044645F20001C4F2F3
:20EA0000060101EB8402126812F0004F04D001EB84024FF0B643136001EB84031A686FF36A
:20EA200001021A6001EB84031A686FF355521A6001EB84031A6842F000421A6010BC70477B
:20EA4000F0B404460D4645F20003C4F20603621E0D3A0AD9053A0C3A07D9033A013A04D918
:20EA6000053A02D0043A042A1CD803EB8402126812F0004F05D003EB84024FF0B64CC2F8A2
:20EA800000C003EB840CDCF8002065F30B22CCF8002003EB840CDCF8002042F00042CCF831
:20EAA000002000E000BFF0BC70472DE9F04C04468C4645F20006C4F2060648F2C407C0F210
:20EAC000010700250022002306EB840ADAF800A01AF0004F05D006EB840A4FF0B64BCAF824
:20EAE00000B007EBC40ADAF8043019E007EBC40ADAF800A0BAF1000F0ED057F834B05BF857
:20EB000022A0D44508D106EB840EDEF800A06CF3061ACEF800A005E002F1010A5FFA8AF2AB
:20EB20009A42E3D39A4200D1012506EB840BDBF800A04AF0004ACBF800A000BF2846BDE8C4
:20EB4000F08C2DE9F00404460E46174645F20003C4F2060303EB84052D6815F0004F05D006
:20EB600003EB84054FF0B64CC5F800C0282C0FD003EB840CDCF8005066F31045CCF80050C9
:20EB800003EB840CDCF8005067F31455CCF8005003EB840CDCF8005045F00045CCF80050CC
:20EBA000BDE8F0047047F0B50546CDB32E68002434E06A6821018858FFF71DFF6B682201EB
:20EBC000D1184968D058FFF770FF6B682201D1188968D058FFF734FFD5F804C0230103EB4A
:20EBE0000C014A7B897B53F80C00FFF7AAFF6A6802EB0411097B01290AD16A682101885818
:20EC0000FFF7ADFE6A6821018858FFF7CDFE04E06A6821018858FFF7EEFE0134B442C8D35E
:20EC2000F0BD2DE9F04106460024002700BF36B1012310220021FF20F6F71EFA3CE047F2B3
:20EC40006032C0F201021168B1B347F26031C0F201010D6800242CE06868C4EB840200EB7D
:20EC6000820150F8220000228968FFF761FA6868C4EB840200EB820150F822004979FFF7AE
:20EC800094FA6A68C4EB840102EB81010979012907D16A68C4EB840152F82100FFF760FA2C
:20ECA00006E06A68C4EB840152F82100FFF769FA013429688C42CFD3BDE8F08170B50446E9
:20ECC0000E460025CC2C03DC6FF00D02944207DA022311220021FF20F6F7CEF9012508E065
:20ECE000012E03D12046FFF73BFA02E02046FFF748FA2A46104670BD4DF20000C4F2070011
:20ED0000016811F0004F04D040F20001C9F273410160C16841F00101C160016841F000410B
:20ED2000016070470000F0B505460F46002437B947F6A423C0F2010353F825203AB90C23F6
:20ED4000002211467C20F6F797F9012410E0AA0047F6A423C0F201039E58B268525D012ABE
:20ED600006D0F023002211467C20F6F785F9012422461046F0BDF0B5074643F64026C2F255
:20ED800000060025002439462846FFF7CCFF0446012C0AD047F6A421C0F2010151F8250001
:20EDA00030603068C06800F077F9F0BD2DE9F04C0546296848F2E832C0F20102890052F8EC
:20EDC00001B0296848F2D432C0F2010289005758296848F2C032C0F20102890052F801A0DE
:20EDE000DAF8146000F016FD69680BF1100202EB8101096811F4004F06D0696807F1100206
:20EE00004FF0B64389005350696807F11002890054584FF6D401C6F27F010C40A96811F0CE
:20EE200001010C43A96801F002010C436969C9000C43E96809020C43E97E49010C43697EB1
:20EE4000C9070C43A97E09060C4344F40044696807F110028900545000F0DFFCE968012944
:20EE600004D1E9696A689140CAF804106A68012191408E4329696A6891400E43CAF81460A0
:20EE8000BDE8F08C70B404460D46A30048F2C03CC0F2010C5CF803200123AB40536070BC93
:20EEA000704770B404460D46A30048F2C03CC0F2010C5CF803200123AB40936070BC7047E6
:20EEC0002DE9F04407460E469246BB0048F2C03CC0F2010C5CF8035000F0A2FC6C69012391
:20EEE000B3409C430AFA06F31C436C6100F09BFCBDE8F08470B505460E46002404E006EBBA
:20EF00004410FFF753FF0134AC42F8D370BD2DE9F04C07460D469346BB0048F2E83CC0F2A4
:20EF2000010C5CF803A0BB0048F2D43CC0F2010C5CF8036000F06EFC0AF1100C0CEB850362
:20EF40001B6813F4004F06D0AB0006F110044FF0B64C44F803C0AB0006F1100C5CF80340B7
:20EF60004FF6F773CFF67F731C404FEACB031C4344F40044AB0006F1100C4CF8034000F0B8
:20EF80004CFCBDE8F08C2DE9F04C07460D469246BB0048F2E83CC0F2010C5CF803B0BB00A4
:20EFA00048F2D43CC0F2010C5CF8036000F032FC0BF1100C0CEB85031B6813F4004F06D02D
:20EFC000AB0006F110044FF0B64C44F803C0AB0006F1100C5CF803404FF6FC73CFF67F737B
:20EFE0001C400AF001031C430AF002031C4344F40044AB0006F1100C4CF8034000F00DFC40
:20F00000BDE8F08C2DE9F04D84B00446B4F802B0A16809798DF80310A16889680191A168E8
:20F02000C9680291A1680968039100272FE06268790031F802A04FEA5A150AF01F0631467C
:20F040002846019AFFF763FF31462846029AFFF79AFF0399012913D19DF80310012904D1EE
:20F0600031462846FFF70EFF03E031462846FFF718FFA1680A6828463146FFF721FF04E079
:20F08000314628460022FFF71BFF791C8FB25F45CDD304B0BDE8F08D10B504462720216989
:20F0A000FFF728FF2046FFF7ADFF10BD4DF8048D002200210BE04DF20408C4F20708D8F87A
:20F0C000000010F0040F01D0012206E0013148F2A060C0F201008142EDD310465DF8048B67
:20F0E00070474DF8048D002200210BE049F20008C4F20708D8F8000010F4007F01D0012206
:20F1000006E0013144F64030C0F24C008142EDD310465DF8048B70474DF8048D00220021A2
:20F120000BE044F21C08C4F20608D8F8000010F4803F01D0012206E0013148F2A060C0F23B
:20F1400001008142EDD310465DF8048B70474DF8048D002200210BE044F21408C4F2060820
:20F16000D8F8000010F4803F01D0012206E0013148F2A060C0F201008142EDD310465DF8D5
:20F18000048B704744F20001C4F206010023002219E0886A10F4803F14D0886A10F0004F1D
:20F1A00002D04FF0B6408862886A40F000708862886A6FF349208862886A40F000408862EF
:20F1C000012306E0013248F2A060C0F201008242DFD31846704744F20001C4F20601002066
:20F1E000CA6912F0004F02D04FF0B642CA61C8694FF6FE72CFF6FB721040C86140F0004056
:20F20000C861704710B4044644F20002C4F206020021D36913F0004F02D04FF0B643D3611D
:20F22000D1694FF6FD73CFF6FB731940E3079B0F1943D16141F00041D16110BC704744F2D4
:20F240000000C4F20600016B11F0004F02D04FF0B6410163016B41F080710163016B41F03B
:20F2600000410163704710B544F20004C4F20604FFF7E5FFA06A10F0004F02D04FF0B64039
:20F28000A062A06A40F44050A062A06A40F40070A062A06A40F00100A062A06A40F0004035
:20F2A000A06210BD10B4044644F20001C4F206018A6A12F0004F02D04FF0B6428A628A6A4F
:20F2C00064F341028A628A6A42F000428A6210BC70472DE9F04406460F46924644F20004D4
:20F2E000C4F206040025A36913F0004F02D04FF0B643A361A36966F38203A361A3696AF366
:20F300000923A361A36967F30003A361A36943F00203A361A36943F00043A361636913F0B3
:20F32000004F02D04FF0B6436361656925F4802545F00105656145F000456561042000F0CF
:20F34000D0F903461846BDE8F08444F20000C4F20600816A11F0004F02D04FF0B64181620C
:20F36000816A6FF300018162816A6FF359618162816A41F000418162704710B4044644F237
:20F380000002C4F206020021536913F0004F02D04FF0B643536151694FF6FD73CFF6FB731E
:20F3A0001940E3079B0F1943516141F00041516110BC70472DE91001044644F20001C4F24D
:20F3C00006014CB3CA6A12F0004F02D04FF0B642CA62CA6A636863F31242CA62CA6A2368D9
:20F3E00063F30102CA62CA6AA36863F30F22CA62CA6A236963F30412CA62CA6AE36863F369
:20F400004512CA62CA6A42F00042CA62626943F64423C2F200031A60BDE81001704744F256
:20F420000001C4F2060100204A6912F0004F02D04FF0B6424A618A6912F0004F02D04FF0E1
:20F44000B6428A6148694FF6FE72CFF6FB72104048618A696FF341028A6140F0004048619C
:20F460008A6942F000428A6170474DF20000C4F20700016811F0004F04D040F20001C9F20C
:20F480007341016041686FF300014160016841F000410160704710B4044649F20001C4F2B7
:20F4A00007018A6912F0004F04D040F20002C9F667028A6144B90A686FF38A220A600A688C
:20F4C00042F001020A6007E00A6842F480620A600A686FF300020A608A6942F000428A6120
:20F4E00010BC704749F20000C4F20700816911F0004F04D040F20001C9F6670181610168DE
:20F500006FF38A21016001686FF300010160816941F00041816170472DE93001044644F294
:20F520000C08C4F20608D8F80010C1F303214A1CB4FBF2F35D1E4DF68361C4F21B31A5FBFD
:20F54000011540F20808C4F20208D8F80010C5F3C35565F30301C8F80010BDE8300170472A
:20F5600030B405460C4601226B1E0DD303D0022B04D306D008E00323236007E004232360AF
:20F5800004E00523236001E0002200BF00BF104630BC70472DE9F04D82B007468A469346E7
:20F5A00044F20005C4F2060501930026002469463846FFF7D5FF01283FD1009800F091F830
:20F5C00001283AD140F20808C4F20208D8F800C06FF3030C4CF0040CC8F800C0D5F80CC08F
:20F5E0001CF0004F03D04FF0B64CC5F80CC0EC6824F4E0244FEA074C44EA0C046FF30B0468
:20F60000DDF8048008F00F0C44EA0C044FEA0B7C4FEA1C6C44EA0C044FEA0A7C4FEA1C5C11
:20F6200044EA0C04EC60D5F80CC04CF0004CC5F80CC00A98FFF770FF012600BF304602B081
:20F64000BDE8F08D00000000000030B581B0044643F64825C2F20005FCB394F82C00012839
:20F6600005D1226AA16AE069FFF733FE01E0FFF7D6FE206B686094F82400FFF77EFE04F198
:20F680003400FFF797FE94F84D00012802D1FFF7EAFD01E0FFF759FE94F84C00FFF702FEFD
:20F6A00094F85400012803D1206DFFF7F4FE01E0FFF718FFFFF7D9FE606800902369E2680F
:20F6C000A1682068FFF766FF607D08B9FFF783FD207DFFF797FDA069286001B030BD0000D4
:20F6E00000002DE9304105460024294605291FD80FF20408D8E801F01C03080D1217FFF76F
:20F70000D5FC01460C4614E0FFF7EBFC01460C460FE0FFF701FD01460C460AE0FFF717FDA5
:20F7200001460C4605E0FFF72DFD01460C4600E000BF21460846BDE83081000000B572B60B
:20F7400000BD00B562B600BD00B572B600BD00B562B600BD00B572B600BD00B562B600BD1A
:20F7600000B572B600BD00B562B600BD00B572B600BD00B562B600BD00B572B600BD00B5F2
:20F7800062B600BD00B572B600BD00B562B600BD00B572B600BD00B562B600BD00B572B66F
:20F7A00000BD00B562B600BD00B572B600BD00B562B600BD00B572B600BD00B562B600BDBA
:20F7C00000B572B600BD00B562B600BD00B572B600BD00B562B600BD00B572B600BD00B592
:20F7E00062B600BD00B572B600BD00B562B600BD00B572B600BD00B562B600BD00B572B60F
:20F8000000BD00B562B600BD00B572B600BD00B562B600BD00B572B600BD00B562B600BD59
:20F8200000B572B600BD00B562B600BD00B572B600BD00B562B600BD2DE9700104460D465C
:20F840007DB948F2FC3CC0F2010C48F20408C4F20408D8F800205CF824309A43C8F80020E4
:20F860000EE048F2FC3CC0F2010C48F20408C4F20408D8F800205CF824301A43C8F800208C
:20F88000BDE8700170472DE91001044648F20408C4F20408D8F80010E24362F38E31C8F849
:20F8A0000010BDE8100170472DE91001044648F20408C4F20408D8F8001064F34D31C8F8DD
:20F8C0000010BDE8100170472DE91001044648F20408C4F20408D8F8001064F30C31C8F8FE
:20F8E0000010BDE8100170472DE9700105460C4648F20002C4F204022B46082B27D80FF2CB
:20F900000808D8E803F0C046242424060B10151A1F00936A64F30D33936219E0936A64F36D
:20F920008F33936214E0936A64F3114393620FE0936A64F3934393620AE0936A64F3092307
:20F94000936205E0936A64F38B23936200E000BFBDE87001704770B405460C4648F200026D
:20F96000C4F204026B1E04D308D0022B0BD30FD013E0936A64F3DB6393620FE0936A64F3EC
:20F980009A6393620AE0936A64F35963936205E0936A64F31863936200E000BF70BC70475B
:20F9A0002DE9700104460D4648F20002C4F2040213686FF3CB231360E31E06D9053B033B8F
:20F9C00003D311D0012B16D01CE013686FF30513136044F21008C4F20608D8F8003064F391
:20F9E0001343C8F800300EE013684FF0010C6CF30513136007E013684FF0020C6CF30513FC
:20FA0000136000E000BF136865F30A231360136843F400631360BDE8700170474DF8048D36
:20FA200048F20008C4F20408D8F800006FF3CB20C8F800005DF8048B704710B50446002C0F
:20FA40004CD000202178FFF7F7FE01206178FFF7F3FE0220A178FFF7EFFE0320E178FFF775
:20FA6000EBFE04202179FFF7E7FE05206179FFF7E3FE0620A179FFF7DFFE207AFFF714FF78
:20FA8000607AFFF721FFE079FFF7FDFE03206169FFF72AFF0420A169FFF726FF0520E16968
:20FAA000FFF722FF0620216AFFF71EFF0720E168FFF71AFF08202169FFF716FF0020216B83
:20FAC000FFF749FF0120E16AFFF745FF0220A16AFFF741FF0320616AFFF73DFF10BD10B52D
:20FAE00004464CB1217A012904D161682068FFF757FF01E0FFF792FF10BD2DE930010446C2
:20FB00000D464EF22C08C4F20708C8F800404EF23008C4F20708C8F80050BDE8300170477F
:20FB20002DE9100104464EF20C08C4F20708D8F8001064F3DF71C8F80010BDE81001704777
:20FB40002DE9100104464EF20C08C4F20708D8F8001064F30C21C8F80010BDE8100170477A
:20FB60002DE9100104464EF20C08C4F20708D8F80010C4F340026FF3820141EA8201C8F8CF
:20FB80000010BDE8100170472DE9100104464EF20C08C4F20708D8F8001064F30101C8F865
:20FBA0000010BDE81001704730B404464EF20001C4F2070100224BF2646304EA030262B16F
:20FBC000CB6944F69B15CFF6FF752B401343CB61CB6943F08003CB610AE0CB6944F69B15C3
:20FBE000CFF6FF752B40CB61CB696FF3C713CB6130BC70472DE9100104464EF21C08C4F26B
:20FC00000708D8F8001064F30101C8F80010BDE8100170472DE9100104464EF22008C4F2D0
:20FC20000708D8F8001064F30001C8F80010BDE8100170472DE9100104464EF22408C4F2AD
:20FC40000708D8F8001064F30F21C8F80010BDE81001704710B504468CB12068FFF794FF94
:20FC60006068FFF77DFFA068FFF76AFF207BFFF757FF2069FFF7BEFF6069FFF795FF10BDA0
:20FC800010B504464CB12078FFF7C4FF6068FFF7D1FFE168A068FFF730FF10BD4DF8048D60
:20FCA0004EF20808C4F20708D8F800104BF6E760014041B14BF6E76008404EF21808C4F2AE
:20FCC0000708C8F8000008465DF8048B70472DE9F04C04460D4643F6502AC2F2000AA2006A
:20FCE00048F21843C0F2010353F802B0002600272946204600F03EF802461646012E37D199
:20FD00000BF1240303EB85031A6842F400421A60A20048F2184CC0F2010C5CF802302433FA
:20FD200003EB85021268C2F3403C6746012F1FD105EB8402C2EB82020AEB82021278012A01
:20FD400016D105EB8402C2EB82020AEB8202526872B105EB8402C2EB82020AEB82025368E4
:20FD600005EB8402C2EB82020AEB8202107A9847BDE8F08CF0B405460E460022AB0048F28F
:20FD8000184CC0F2010C5CF8034004F1240202EB86031B68C3F3C03200BF1046F0BC704775
:20FDA000F0B404460D46A20048F21C4CC0F2010C5CF802304FEA850C1F1D57F80C2000BF39
:20FDC0001046F0BC7047F0B404460D46A20048F21C4CC0F2010C5CF802304FEA850C03F1E2
:20FDE000140757F80C2000BF1046F0BC70472DE9F04D83B005460C4643F65026C2F2000669
:20FE0000A80048F21841C0F201010F58A80048F21841C0F2010194F800A051F800B0FFF782
:20FE2000C3FC0020012808D10BF1240101EB8A01086840F48040086007E00BF1240101EB89
:20FE40008A0108686FF38E300860FFF7B0FCA80048F21841C0F2010194F800A051F800B069
:20FE6000FFF7A2FC0020012808D10BF1240101EB8A01086840F40050086007E00BF12401D0
:20FE800001EB8A0108686FF34D300860FFF78FFCA80048F21841C0F2010194F800A051F84F
:20FEA00000B0FFF781FC0BF1240101EB8A00006810F4004F07D00BF1240101EB8A010868EE
:20FEC00040F400400860FFF772FCA80048F21841C0F2010194F800A051F800B0FFF764FC78
:20FEE0000BF1240101EB8A0108686FF38A200860FFF75DFCFFF758FC6078012809D120787A
:20FF000007F1240101EB8001086840F04000086008E0207807F1240101EB800108686FF333
:20FF200086100860FFF743FCA06848F21841C0F2010100908046606894F800A00190A800BC
:20FF400051F800B0FFF730FC0BF1240101EB8A01086868F3010008600BF1240101EB8A0221
:20FF60000199106861F385001060FFF720FCA80048F21C42C0F20102115820784FF0FF32AE
:20FF8000800014310A50217801EB85000121C0EB800006EB80000170217801EB8500E168B6
:20FFA000C0EB800006EB80004160217801EB8500217CC0EB800006EB8000017203B0BDE8F6
:20FFC000F08D2DE9F04D81B0054648F21847C0F20107A9007E58002468E0A90057F801A0FE
:20FFE000FFF7E2FB0021012908D10AF1240202EB8402116841F48041116007E00AF124028E
:020000021000EC
:2000000002EB840211686FF38E311160FFF7CFFBA90057F801B0FFF7C7FB0021012908D11D
:200020000BF1240202EB8402116841F40051116007E00BF1240202EB840211686FF34D31E6
:200040001160FFF7B4FB57F82580CDF80080FFF7ABFB08F1240202EB8401096811F4004F5F
:2000600008D0009B03F1240202EB8402116841F400411160FFF79BFB06F1240202EB840204
:2000800011686FF38611116006F1240202EB840211686FF30101116006F1240202EB84020F
:2000A00011686FF385011160611CCCB2042C94D301B0BDE8F08DF0B505460C461646AB00C0
:2000C00048F2184CC0F2010C5CF80370FFF76CFB0023012B07D1243707EB84073B6843F4C6
:2000E00080433B6006E0243707EB84073B686FF38E333B60FFF75BFBAB0048F21C4CC0F238
:20010000010C5CF80370A3001437FE50AB0048F2184CC0F2010C5CF80370FFF745FB0023A7
:2001200007D1243707EB84073B6843F480433B6006E0243707EB84073B686FF38E333B60B8
:20014000FFF735FBF0BD70B505460C46AA0048F21843C0F201039E58FFF726FB0022012ABB
:2001600008D106F1240303EB84031A6842F480421A6007E006F1240303EB84031A686FF3C1
:200180008E321A60FFF713FBAA0048F21843C0F201039E58FFF708FB06F1240303EB8402AB
:2001A000126812F4004F07D006F1240303EB84031A6842F400421A60FFF7F9FA70BDF0B5D7
:2001C00005460C4648F21846C0F20106AA00B358243303EB840212689704FF0F2ED1AA00E5
:2001E000B758FFF7E1FA07F1240303EB8402126812F4004F07D007F1240303EB84031A68D0
:2002000042F400421A60FFF7D2FAAA00B758FFF7CBFA002208D107F1240303EB84031A68A5
:2002200042F400521A6007E007F1240303EB84031A686FF34D321A60FFF7B9FAF0BD70B5E9
:2002400005460C46AA0048F21843C0F201039E58FFF7AAFA0022012A08D106F1240303EB4A
:2002600084031A6842F400521A6007E006F1240303EB84031A686FF34D321A60FFF797FA95
:20028000AA0048F21843C0F201039E58FFF78CFA06F1240303EB8402126812F4004F07D0BF
:2002A00006F1240303EB84031A6842F400421A60FFF77DFA70BD10B50024002405E0214644
:2002C0000020FFF704FD601CC4B2042CF7D3BFF34F8F10BD2DE90041BFF34F8F4EF60C582F
:2002E000CEF20008D8F8000040F20001C0F2FA5100F4E060084340F00400C8F80000BFF311
:200300004F8F00BF00BFFDE744F20000C4F203004FF6FF7181614FF4707141634FF480612B
:2003200081634FF0FF31C1634FF6FF71C161FF21416140F24311C0F20501C16070472DE981
:20034000F04D84B0029003910024012600254FF0000A0022009201A90020FEF703FA0027B6
:2003600042F210710020FEF721FA0246934618E0E20706D444F23008C4F20308D8F800A01D
:2003800055461AF4803F05D0029A15552D0A0134002606E06A4601A90020FEF7F2F9009AAE
:2003A00017445F4502D2039A9442E1D35F4500D301263246104604B0BDE8F08DF0B507460F
:2003C000B90048F22042C0F201025458D4F800512D07ED0FD4F800617607F60F05B97EB17E
:2003E000FFF706FAD4F800116FF3C301C4F80011D4F800116FF38201C4F80011FFF7FBF9BE
:20040000F0BD2DE9F04406460D461746B30048F2604CC0F2010C5CF80340FFF7F5F9012FE6
:200420000AD148F2384AC0F2010A63685AF825C043EA0C03636009E048F2384AC0F2010A05
:2004400063685AF825C023EA0C036360FFF7DFF9BDE8F08410B40446A10048F26043C0F296
:2004600001035A585369C3F30F0100BF084610BC7047F0B405460E461746AB0048F2604C83
:20048000C0F2010C5CF80340002304E016F803C0C4F800C00133BB42F8D3F0BC704710B48F
:2004A0000446A10048F22043C0F201035A58116811F0FF01084610BC7047F0B405460E46BE
:2004C0001746AB0048F2204CC0F2010C5CF80340002304E0D4F800C007F803C00133B3429A
:2004E000F8D3F0BC704770B5044643F68025C2F20005A00048F26041C0F201010E58FFF73D
:200500007DF9A1002A46505840F00100505055F82400B060FFF775F970BD70B5044643F621
:200520008025C2F20005A00048F26041C0F201010E58FFF763F9A1002A46505820F00100AC
:20054000505055F82400B060FFF75BF970BD70B5054643F68024C2F20004A90048F2604279
:20056000C0F201025658FFF749F9AA00A15841F00201A15054F82510B160AA00A15821F0D2
:200580000201A150FFF73DF970BD70B5054643F68024C2F20004A90048F26042C0F20102CF
:2005A0005658FFF72BF9AA00A15841F00401A15054F82510B160AA00A15821F00401A1506D
:2005C000FFF71FF970BD10B40446A10048F22043C0F201035A58D16F11F00101084610BCCF
:2005E0007047F0B582B007460025002600210191002469460020FEF7B5F84FF47A7100203F
:20060000FEF7D4F801460E4612E03846FFF7DBFF08B901250EE03846FFF741FF3846FFF741
:20062000B4FF01AA69460020FEF7ABF801990C44B442EAD92946084602B0F0BD2DE9F044EC
:2006400082B082464FEA8A0148F22042C0F2010257580025002600210191002469460020EB
:20066000FEF780F84FF47A710020FEF79FF801460E460CE0F96811F0400F01D1012508E01B
:2006800001AA69460020FEF77CF801990C44B442F0D92946084602B0BDE8F0842DE9F044FC
:2006A00005468A46AA0048F22043C0F201039C58AA0043F69823C2F200039F580026BAF111
:2006C0000B0F2BD32846FFF78CFF012826D1FFF771F8E268AAF10B0363F34D22E260E26850
:2006E00042F48072E260E26842F04002E260FFF764F82846FFF7A2FF01280FD1FFF75AF8E8
:200700003A7C02230D2A02D33A7CA2F10B03E26863F34D22E260FFF750F801263246104617
:20072000BDE8F0842DE9F00405460F46FF2205F03F0305F03F04C4F34006C4F3C00C8CEA70
:200740000606C4F3001C8CEA060686EA5416F44303F00106C3F3400C8CEA0606C3F3800C67
:200760008CEA0606C3F3001C8CEA06034FEAC47A4FEA9A7AAC466AF39F1C4FEA831A4AEACE
:200780000C062FB9B54201D12A4602E0FF2200E0F2B200BF1046BDE8F00470472DE9F00430
:2007A00007468C46154600233C2D07D07D2D05D0FE2D03D0BF2D01D02B4600E0002300248A
:2007C00009E03E5D1E44B3B2FF2B02D9A3F1FF06B3B2661CF4B26445F3D36FEA030A5FFA75
:2007E0008AF600BF3046BDE8F00470472DE9F04C05460E4643F6B027C2F20007A80007F198
:20080000480151F800A0A80048F22041C0F2010151F800B0B068A8B9307800F03F01DBF892
:20082000080161F30700CBF80801DBF800016FF30000CBF80001DBF800016FF34100CBF854
:20084000000114E0307800F03F01DBF8080161F30700CBF80801DBF8000140F00100CBF800
:200860000001DBF800016FF34100CBF80001B06800284FD1002408E0326904EBC500125D12
:2008800007F118010A54601CC4B2307B8442F3D3DAF81C0028B9284601220021FFF7B1FD9B
:2008A00005E0A9003A46505840F001005050FEF787FF706808B9002000E030788AF80B0068
:2008C0009AF80B20317B3069FFF768FF8AF80B00FEF779FF07F1180101EBC500CAF800003B
:2008E000307B01308AF8090000208AF80A000920CAF8140001208AF80C002846FFF70DFEC8
:2009000000208AF8080028460122DAF80010FFF7B0FD74E0B068012865D1DAF81C0050B955
:20092000284601220721FFF76CFD284600221146FFF767FD0BE0A9003A46505840F004006E
:200940005050A9003A46505820F001005050002407E004EBC50007F1180100220A54601CA9
:20096000C4B2082CF5D300208AF80900307B01308AF80A00FEF72AFFDBF80C01716861F3C7
:200980000000CBF80C01FEF724FF0A20CAF8140001208AF80C002846FFF710FD2846FFF7EB
:2009A000A2FD2846FFF7D3FDFEF716FFDBF80401317B61F30300CBF80401FEF710FFFEF7BE
:2009C00017FFDBF800016FF30410CBF80001DBF8000140F00800CBF80001FEF70CFF002003
:2009E0008AF808000BE000208AF8090000208AF80A00284600F0FEFE00208AF80800BDE882
:200A0000F08C2DE9F044054643F69827C2F20007A80007F160010C580026A80039460F58F9
:200A2000A80048F22041C0F2010151F800A0F868012808D12846FFF732FD6069032828D1F4
:200A40000420606125E02846FFF729FD6069022811D06069092802D060690A2808D1012687
:200A600005202061786918B1214628467A699047284600F0BFFE012020736069022801D103
:200A800006206061DAF8CC006FF30000CAF8CC0000BFBDE8F084F0B504460F4643F69826CE
:200AA000C2F20006A00006F160010D58A00031460E58552F02D1072068610AE004202861C4
:200AC000204600F097FE706918B12946204672699047F0BDF0B505460F4643F69826C2F265
:200AE0000006A80006F160010C58A80031460E5838460021FFF716FE6073607BFF280CD0AD
:200B0000032020610820606100202073706978B121462846726990470AE00420206128460F
:200B200000F068FE706918B12146284672699047F0BD2DE9F044044643F69827C2F2000742
:200B4000A00007F160010D58A000394651F800A0A00048F22041C0F201010E58E86928B9A8
:200B6000204600220621FFF74CFC06E0A10007F11802505820F002005050DAF80C0001288E
:200B800040F08B802869062800F08880687A002840D0E86928B9204601220721FFF731FC43
:200BA00006E0A10007F11802505840F004005050092068612046FFF701FC2046FFF793FCEA
:200BC0002046FFF7E2FC2046FFF7FDFC012802D12046FFF7DAFC687A411ED6F8040161F3F0
:200BE0000300C6F80401687A07F1300101EBC4010138C2B22046FFF73CFCD6F8000140F033
:200C00001000C6F80001D6F8000140F00800C6F8000143E0A87AD0B30A206861E86950B92A
:200C2000204600221146FFF7ECFB204601220721FFF7E7FB0DE0A10007F11802505820F017
:200C400001005050A10007F11802505840F0040050502046FFF7B2FB2046FFF744FC2046B9
:200C6000FFF775FCA87A411ED6F8040161F30300C6F80401D6F800016FF30410C6F800019B
:200C8000D6F8000140F00800C6F8000106E008202861204600F0AEFD00E000BFBDE8F0843E
:200CA00070B5054643F6C826C2F20006A80006F130010C58A07A80B1A07A06EBC502411E33
:200CC0002846FFF7FAFB2846FFF7E9FBE07206EBC50060600920206104E02069062801D095
:200CE00008202061284600F085FD70BD2DE9F044044643F6C82AC2F2000AA0000AF13001F5
:200D00000D580AE0297A5746204601EBC406FFF7C6FBB855297A481C28722046FFF79AFBD2
:200D2000C007EFD40AF1480151F82400800402D50B2028610AE00AF1480151F82400C0040A
:200D400002D50720286101E005202861204600F051FDBDE8F08430B404460021A20043F696
:200D6000F82CC2F2000C5CF802309A69033A023A0BD9043A07D302D0012A02D007E00421B6
:200D800006E0072104E00C2102E0032100E000BF00BF084630BC704710B404460021621E30
:200DA0000AD307D0013A03D0032A05D8022105E0092103E00A2101E0002100BF00BF084659
:200DC00010BC704730B404460021A20043F6F82CC2F2000C5CF802309A69033A023A0CD99B
:200DE000043A08D30BD0012A0BD11A7A0AB1072100E0082106E00C2104E0032102E0042156
:200E000000E000BF00BF084630BC704730B404460021A30043F6F82CC2F2000C5CF80320FD
:200E20009369092B01D1042106E09369052B02D09369042B00D1032100BF084630BC7047D7
:200E400070B5044643F69826C2F20006A00006F160010D58A00031460E582046FFF71FFB22
:200E6000204600F0C7FC0A202861706918B1294620467269904770BD2DE9F04404468A46EC
:200E800043F69826C2F20006A00031460F58A00006F160010D5806F19000005D0AEA0006E8
:200EA0008EB901202861287B48B9786918B1294620467A699047204600F09CFC05E020462B
:200EC00000F098FC01E000202873BDE8F084F0B5044643F69826C2F20006A00006F1600141
:200EE0000D58A00031460E58A00048F22041C0F201010F58D7F8CC0010F0010F03D02046D6
:200F0000FFF7CDFA18E0686906280ED02046FFF7C6FA204600F06EFC05202861706958B1D3
:200F2000294620467269904706E02046FFF7B7FA01462046FFF7AFFDF0BD2DE9F04D81B0B7
:200F400005468A4643F69826C2F20006A80006F160010C58A80031460F58607A217A401A0C
:200F6000C6B20020012E03D1E17A514500D0012083462168097800208A4502D0012E00D061
:200F800001208DF803009DF80300012802D0BBF1010F14D1062020612846FFF7D8FA284629
:200FA000FFF7F3FA2846FFF7B8FA284600F022FC786910B3214628467A6990471DE0206804
:200FC00001302060207A01302072607A217A401AC6B2012E05D9284601222168FFF749FA5C
:200FE0000BE0012E06D104F10B0128460122FFF740FA02E0284600F0F4F801B0BDE8F08D3F
:2010000070B50446A10043F6F822C2F2000255580026697A21B12046FFF741FA01460E46FD
:201020006969063912D001391FD002292CD1697A21B131462046FFF780FF06E02046FFF723
:201040002EFA01462046FFF778FF23E0697A21B131462046FFF71FFD06E02046FFF71FFA4C
:2010600001462046FFF717FD14E0697A21B131462046FFF72FFD06E02046FFF710FA01467E
:201080002046FFF727FD05E0697A11B92046FFF706FA00BF70BD2DE9704105460024A90017
:2010A00043F6F822C2F20002565831690B291DD80FF20408D8E801F01A1A1A1A1A06121846
:2010C0001A1A060C2846FFF746FE01460C460FE02846FFF777FE01460C4609E02846FFF7DB
:2010E00095FE01460C4603E0072401E0002400BF21460846BDE8708130B5044643F61035FA
:20110000C2F2000555F8241001F01801182903D12046FFF776FC1BE055F82410890703D5C4
:201120002046FFF78DFE13E055F8241011F09C0F03D02046FFF7CBFE0AE055F82410C90577
:2011400003D52046FFF7ABF902E02046FFF758FF30BDF0B5044643F69825C2F20005A000F7
:2011600029460F58A00005F160010E58F868012816D105F1780151F8240042F69E4108428F
:2011800003D12046FFF7D5FC24E02046FFF787F90520306105207061204600F02BFB19E04D
:2011A00005F1780151F8240010F4305F03D12046FFF7BFFC0EE00420306105F1780151F87A
:2011C0002400400503D505F1960001210155204600F010FB786918B1314620467A69904728
:2011E000F0BD70B5044643F69826C2F20006A00031460D58A00006F160010E58082030618F
:20120000204600F0F7FA686918B1314620466A69904770BDF0B5044643F69826C2F2000699
:20122000A00031460F58A00006F160010D58287A697A884205D007202861204600F0DAFAD5
:201240000EE006F1780151F8240043F29C01084203D12046FFF724FD02E02046FFF746FDD5
:20126000786918B1294620467A699047F0BD000000000000000000002DE9F04D82B00646B7
:201280000F4643F69825C2F200054FF0000BB00048F22041C0F201010C5848F26041C0F210
:2012A000010151F826000090B00029460F503046FFF797F910B94FF0010B9BE00098D0F8C4
:2012C00014A00098D0F818A00098D0F800A0E06840F08000E0602068796861F307002060C6
:2012E0007868C0F30721606861F307006060D4F8C000B96861F30300C4F8C000E0686FF326
:20130000C710E060E0686FF3C300E060E06840F00300E060E0686FF38200E060E06840F466
:201320000020E06020696FF341002061387C02210D2802D3387CA0F10B01E06861F34D2065
:20134000E0603046FFF7E9F8304600220921FFF758F8B10005F11802505820F0FF005050E0
:20136000F86801280CD1D4F8000140F00100C4F80001D4F80001F96861F34100C4F80001CC
:20138000B87C012803D105F196000021815505F1A20001218155397F05F19C008155797FF1
:2013A00005F190008155B96943F6F822C2F2000242F8261043F6F821C2F2000151F82600C0
:2013C0000021017343F6F821C2F2000151F826000021016143F6F821C2F2000151F8260009
:2013E0000221416143F6F821C2F2000151F826000021C161584602B0BDE8F08DF0B504460E
:2014000043F6B026C2F200060025A00006F148010F58387B012801D1012525E02046FFF762
:20142000E0F808B9012501E000207861204600220921FEF7E6FF2046FFF789F82046FFF74E
:20144000A4F82046FFF706F8C00702D52046FFF726F8A1003246505820F0FF005050A0006E
:2014600006F1480100220A502846F0BD2DE9F04D05468B4643F6C827C2F200070024A80077
:2014800007F130010E58D6F814A0306909281BD80FF20408D8E800F0130918070518181839
:2014A0000B0D0C2415E00B2413E0092411E001240FE0052407EBC500CBF8000009E0504679
:2014C000FFF76AFC044604E02846FFF7E4FD044600BF2046BDE8F08D2DE9F04D81B00646DC
:2014E0000D4643F69827C2F20007B00007F1600151F800A057F826000090B00048F22041A4
:20150000C0F2010151F800B028788AF80D00A868C8BB002408E02A6904EBC600125D07F1A1
:2015200030010A54601CC4B2287B8442F3D3FEF747F9686808B9002000E028788AF80B0008
:201540009AF80B20297B2869FFF728F98AF80B00FEF739F907F1300101EBC600CAF8000031
:20156000287B01308AF8090000208AF80A00FEF72DF9DBF80C01297961F30000CBF80C019F
:20158000FEF727F927E0A86801281ED1002407E004EBC60007F1300100220A54601CC4B2AC
:2015A000082CF5D300208AF80900287B01308AF80A00FEF70BF9DBF80C01696861F3000026
:2015C000CBF80C01FEF705F905E000208AF8090000208AF80A0000208AF808000020CAF880
:2015E000100001208AF80C000320CAF814003046FEF7E4FEFEF7F6F80099487C411EDBF874
:20160000100161F30200CBF81001DBF808019AF80D1061F30700CBF80801FEF7E6F8FEF715
:20162000E7F8DBF8000140F00200CBF80001DBF8000140F00400CBF80001FEF7DCF801B0BB
:20164000BDE8F08D2DE9F04C05460E4643F6982CC2F2000C0024A8000CF160010F58A80081
:20166000614651F800A0317B012019B1317B082900D8002083467869012801D1012416E0AE
:20168000387B012801D1022411E0DAF80C00012804D131462846FFF71FFF08E0BBF1010F0C
:2016A00001D1012403E031462846FFF79FF82046BDE8F08CF0B5044643F6B026C2F200069F
:2016C0000125A00006F148010F58F86928B9204600220921FEF795FE05E0A100324650587B
:2016E00020F0FF0050502046FEF768FE2046FEF778FF012801D1002500E00225204600F02B
:2017000079F82846F0BD2DE9F04C054643F69824C2F2000404F118064FF0000AA80004F1FA
:2017200060010F58A800214651F800B0387B012802D14FF0010A3CE07869012839D0002091
:20174000386101207861F86950B9284600220921FEF757FE284601220821FEF752FE09E0A0
:20176000A900705820F0FF007050A900705840F008007050DBF80C0001280DD1F86928B998
:20178000284601220021FEF73CFE12E0A900705840F0010070500CE0F86928B92846012255
:2017A0000021FEF72EFE04E0A900705840F0010070505046BDE8F08CF0B5064643F6F827A1
:2017C000C2F200070024B00039460D58287B012802D06869012801D0012409E00120287363
:2017E00007F13C00815D3046FEF758FF00B901242046F0BD2DE9F04F82B0044643F698255D
:20180000C2F2000505F11807A00005F1600151F800A0A000294651F800B0A00048F22041D7
:20182000C0F201010E58B0682046FEF713FE05EB84018867DAF81C0028B920460022092125
:20184000FEF7DFFD04E0A100785820F0FF0078502046FEF7B3FD2046FEF779FE2046FEF753
:2018600094FE2046FEF759FEDBF80C00002846D105F19600005D012826D12046FEF7B1FEF3
:20188000012821D1F06840F08000F0603068DBF8041061F307003060DBF80400C0F30721B9
:2018A000706861F307007060D6F8C000DBF8081061F30300C6F8C000F0686FF3C710F060F6
:2018C00005F1960000210155D6F800016FF30000C6F80001D6F8CC0040F00100C6F8CC00C0
:2018E000DAF81C0028B9204601220021FEF789FD21E0A100785840F0010078501BE0DBF8BB
:201900000C00012817D1DAF81C0050B9204601220621FEF776FD204601220021FEF771FD8E
:2019200009E0A100785840F002007850A100785840F001007850DAF81400CAF81800022007
:20194000CAF8140000208AF80C0002B0BDE8F08F70B5044643F6F825C2F20005A0002946A0
:201960000E5805F1180151F8240080050ED5204600220821FEF745FD7069012806D12046F6
:20198000FEF78DFD01462046FFF776FA70BD10B5044643F61032C2F2000252F82410C907FA
:2019A00002D52046FFF7A8FB10BD10B5044643F61032C2F2000252F82410490402D520463C
:2019C000FFF7C7FB10BD10B5044643F61032C2F2000252F82410090402D52046FFF71AFC6E
:2019E00010BD2DE9F04C044643F61037C2F20007A00048F22041C0F201010D58A00048F215
:201A00006041C0F2010151F800A0A600BB462046FEF720FD4BF80600AE6816F00F0668681F
:201A200010F4806F02D02046FFF792FF686810F0010F02D02046FFF7AAFF686810F4807F6A
:201A400002D02046FFF7B1FF686810F4007F02D02046FFF7B8FF072E01D1DAF87C00A0007B
:201A6000394600220A50BDE8F08C00B50320FFF7B8FFBFF34F8F00BD2DE97041064643F62C
:201A80006035C2F20005012447F6A042C0F20102116829602A68126812680021022A0AD050
:201AA0002A681268126832B12A6812681268012A01D0012104E02A681268126802B90121D2
:201AC0000C4654B92968086800F016F801460C46210001D000222A600C4600BFBDE87081CA
:201AE0002DE9004143F66031C2F200010868006800F01CF8BDE80081F0B5064601240027D1
:201B0000316809B901240EE03168012901D1012500E0022506F10C0252F82510486800F071
:201B200084F8C1B20C4621460846F0BD10B50446A168606800F0E6F810BD0000002142F232
:201B40000003C4F20503002208E049F69910C0F20100814201D9022204E0491C986810F015
:201B6000807FF2D010467047F0B405460C4642F20003C4F205030022D3F808C0C4F800C030
:201B800095F809C0BCF1000F04D0D5F80CC02F69BC4504D2D5F810C0BCF1000F01D8012202
:201BA0003FE026684FF68147CFF6F8773E4026602E684FEA867C266846EA9C5626606E7A44
:201BC0004FEAC67C266846EA9C6626606E794FEAC67C266846EA1C7626602E794FEAC67CEA
:201BE000266846EA5C762660AE794FEAC67C266846EA9C7626602E7A4FEAC67C266846EAF6
:201C0000DC662660EE794FEAC67C266846EA5C662660266846F480262660266846F0010655
:201C2000266000BF1046F0BC70472DE9F04581B0054643F6643AC2F2000A42F20006C4F25A
:201C40000506002442F20001C4F205018968C1F380170FB9012405E069462846FFF784FFC0
:201C600001460C46002C48D1FDF7E0FD07B42F482F49304A0160026007BC2969F160FDF734
:201C8000D8FDFFF75BFF01460C46002C13D1697A002910D0FDF7CAFD07B424482449254ACC
:201CA0000160026007BCE9683161FDF7C2FDFFF745FF01460C46002C10D1FDF7B7FD07B4C5
:201CC0001A481B491B4A0160026007BC0099B160FDF7AFFDFFF732FF01460C46297A31B1C4
:201CE000696943F66432C2F20002116005E0002143F66432C2F2000211602146084601B0BA
:201D0000BDE8F08530B504460D4604B1A047FDF78DFD07B405480849084A0160026007BCDC
:201D2000FDF787FD05B1A84730BD00BF14200540C4A1D9B00F3B1E1AD6B1C4A07B0C0D1E54
:201D400030B5044640F20005C4F2020507B40B484FF080010160026800BF00BF00BF00BFCB
:201D600000BF00BF00BF00BF07BC01E004B1A047296811F0800FF9D030BD00BF000002404F
:201D8000000000000000000000000000000000000000000000000000000000000000000043
:201DA000000000000000000000000000000000000000000000000000000000000000000023
:201DC000000000000000000000000000000000000000000000000000000000000000000003
:201DE0000000000000000000000000000000000000000000000000000000000000000000E3
:201E00000000000000000000000000000000000000000000000000000000000000000000C2
:201E20000000000000000000000000000000000000000000000000000000000000000000A2
:201E4000000000000000000000000000000000000100000002000000040000000800000073
:201E6000100000002000000040000000800000001B00000036000000637C777BF26B6FC5BF
:201E80003001672BFED7AB76CA82C97DFA5947F0ADD4A2AF9CA472C0B7FD9326363FF7CC84
:201EA00034A5E5F171D8311504C723C31896059A071280E2EB27B27509832C1A1B6E5AA0DD
:201EC000523BD6B329E32F8453D100ED20FCB15B6ACBBE394A4C58CFD0EFAAFB434D33855F
:201EE00045F9027F503C9FA851A3408F929D38F5BCB6DA2110FFF3D2CD0C13EC5F974417C7
:201F0000C4A77E3D645D197360814FDC222A908846EEB814DE5E0BDBE0323A0A4906245C97
:201F2000C2D3AC629195E479E7C8376D8DD54EA96C56F4EA657AAE08BA78252E1CA6B4C6D9
:201F4000E8DD741F4BBD8B8A703EB5664803F60E613557B986C11D9EE1F8981169D98E9466
:201F60009B1E87E9CE5528DF8CA1890DBFE6426841992D0FB054BB16F4A750514165537E5E
:201F800017A4C31A275E963AAB6BCB3B9D45F11FFA58ABACE303934B30FA5520766DF6ADB4
:201FA000CC769188024C25F5E5D7FC4F2ACBD7C53544802662A38FB5B15A49DEBA1B6725CB
:201FC000EA0E9845FEC0E15D2F7502C34CF012814697A38DD3F9C66B8F5FE703929C95153E
:201FE0006D7AEBBF5259DA95BE832DD47421D358E0692949C9C8448EC2896A758E7978F479
:20200000583E6B99B971DD27E14FB6BE88AD17F020AC66C9CE3AB47DDF4A18631A3182E58E
:2020200051336097537F45626477E0B16BAE84BB81A01CFE082B94F94868587045FD198F8B
:20204000DE6C87947BF8B75273D323AB4B02E2721F8F57E355AB2A66EB2807B2B5C2032FFD
:20206000C57B9A863708A5D32887F230BFA5B223036ABA0216825CEDCF1C2B8A79B492A72F
:2020800007F2F0F369E2A14EDAF4CD6505BED50634621FD1A6FE8AC42E539D34F355A0A238
:2020A0008AE13205F6EB75A483EC390B60EFAA40719F065E6E1051BD218AF93EDD063D9600
:2020C0003E05AEDDE6BD464D548DB591C45D057106D46F045015FF6098FB2419BDE997D64A
:2020E0004043CC89D99E7767E842BDB0898B8807195B38E7C8EEDB797C0A47A1420FE97CB8
:20210000841EC9F800000000808683092BED48321170AC1E5A724E6C0EFFFBFD8538560F40
:20212000AED51E3D2D3927360FD9640A5CA621685B54D19B362E3A240A67B10C57E70F9332
:20214000EE96D2B49B919E1BC0C54F80DC20A261774B695A121A161C93BA0AE2A02AE5C0B2
:2021600022E0433C1B171D12090D0B0E8BC7ADF2B6A8B92D1EA9C814F119855775074CAF19
:2021800099DDBBEE7F60FDA301269FF772F5BC5C663BC544FB7E345B4329768B23C6DCCBB6
:2021A000EDFC68B6E4F163B831DCCAD76385104297224013C61120844A247D85BB3DF8D287
:2021C000F93211AE29A16DC79E2F4B1DB230F3DC8652EC0DC1E3D077B3166C2B70B999A9AA
:2021E0009448FA11E9642247FC8CC4A8F03F1AA07D2CD8563390EF22494EC78738D1C1D932
:20220000CAA2FE8CD40B3698F581CFA67ADE28A5B78E26DAADBFA43F3A9DE42C78920D5029
:202220005FCC9B6A7E4662548D13C2F6D8B8E89039F75E2EC3AFF5825D80BE9FD0937C696D
:20224000D52DA96F2512B3CFAC993BC8187DA7109C636EE83BBB7BDB267809CD5918F46E2F
:202260009AB701EC4F9AA883956E65E6FFE67EAABCCF082115E8E6EFE79BD9BA6F36CE4A59
:202280009F09D4EAB07CD629A4B2AF313F23312AA59430C6A266C0354EBC377482CAA6FCEB
:2022A00090D0B0E0A7D8153304984AF1ECDAF741CD500E7F91F62F174DD68D76EFB04D43C6
:2022C000AA4D54CC9604DFE4D1B5E39E6A881B4C2C1FB8C165517F465EEA049D8C355D01E3
:2022E000877473FA0B412EFB671D5AB3DBD25292105633E9D647136DD7618C9AA10C7A3704
:20230000F8148E59133C89EBA927EECE61C935B71CE5EDE147B13C7AD2DF599CF2733F5549
:2023200014CE7918C737BF73F7CDEA53FDAA5B5F3D6F14DF44DB8678AFF381CA68C43EB9CC
:2023400024342C38A3405FC21DC37216E2250CBC3C498B280D9541FFA80171390CB3DE0874
:20236000B4E49CD856C19064CB84617B32B670D56C5C7448B85742D0A75051F465537E4196
:20238000A4C31A175E963A276BCB3BAB45F11F9D58ABACFA03934BE3FA5520306DF6AD76B0
:2023A000769188CC4C25F502D7FC4FE5CBD7C52A44802635A38FB5625A49DEB11B6725BAC7
:2023C0000E9845EAC0E15DFE7502C32FF012814C97A38D46F9C66BD35FE7038F9C9515923A
:2023E0007AEBBF6D59DA9552832DD4BE21D35874692949E0C8448EC9896A75C27978F48E75
:202400003E6B995871DD27B94FB6BEE1AD17F088AC66C9203AB47DCE4A1863DF3182E51A8A
:20242000336097517F45625377E0B164AE84BB6BA01CFE812B94F90868587048FD198F4587
:202440006C8794DEF8B7527BD323AB7302E2724B8F57E31FAB2A66552807B2EBC2032FB5F9
:202460007B9A86C508A5D33787F23028A5B223BF6ABA0203825CED161C2B8ACFB492A7792B
:20248000F2F0F307E2A14E69F4CD65DABED50605621FD134FE8AC4A6539D342E55A0A2F334
:2024A000E132058AEB75A4F6EC390B83EFAA40609F065E711051BD6E8AF93E21063D96DDFC
:2024C00005AEDD3EBD464DE68DB591545D0571C4D46F040615FF6050FB241998E997D6BD46
:2024E00043CC89409E7767D942BDB0E88B8807895B38E719EEDB79C80A47A17C0FE97C42B4
:202500001EC9F8840000000086830980ED48322B70AC1E11724E6C5AFFFBFD0E38560F853C
:20252000D51E3DAE3927362DD9640A0FA621685C54D19B5B2E3A243667B10C0AE70F93572E
:2025400096D2B4EE919E1B9BC54F80C020A261DC4B695A771A161C12BA0AE2932AE5C0A0AE
:20256000E0433C22171D121B0D0B0E09C7ADF28BA8B92DB6A9C8141E198557F1074CAF7515
:20258000DDBBEE9960FDA37F269FF701F5BC5C723BC544667E345BFB29768B43C6DCCB23B2
:2025A000FC68B6EDF163B8E4DCCAD7318510426322401397112084C6247D854A3DF8D2BB83
:2025C0003211AEF9A16DC7292F4B1D9E30F3DCB252EC0D86E3D077C1166C2BB3B999A970A6
:2025E00048FA1194642247E98CC4A8FC3F1AA0F02CD8567D90EF22334EC78749D1C1D9382E
:20260000A2FE8CCA0B3698D481CFA6F5DE28A57A8E26DAB7BFA43FAD9DE42C3A920D507825
:20262000CC9B6A5F4662547E13C2F68DB8E890D8F75E2E39AFF582C380BE9F5D937C69D069
:202640002DA96FD512B3CF25993BC8AC7DA71018636EE89CBB7BDB3B7809CD2618F46E592B
:20266000B701EC9A9AA8834F6E65E695E67EAAFFCF0821BCE8E6EF159BD9BAE736CE4A6F55
:2026800009D4EA9F7CD629B0B2AF31A423312A3F9430C6A566C035A2BC37744ECAA6FC82E7
:2026A000D0B0E090D81533A7984AF104DAF741EC500E7FCDF62F1791D68D764DB04D43EFC2
:2026C0004D54CCAA04DFE496B5E39ED1881B4C6A1FB8C12C517F4665EA049D5E355D018CDF
:2026E0007473FA87412EFB0B1D5AB367D25292DB5633E91047136DD6618C9AD70C7A37A100
:20270000148E59F83C89EB1327EECEA9C935B761E5EDE11CB13C7A47DF599CD2733F55F245
:20272000CE79181437BF73C7CDEA53F7AA5B5FFD6F14DF3DDB867844F381CAAFC43EB968C8
:20274000342C3824405FC2A3C372161D250CBCE2498B283C9541FF0D017139A8B3DE080C70
:20276000E49CD8B4C190645684617BCBB670D5325C74486C5742D0B85051F4A7537E416592
:20278000C31A17A4963A275ECB3BAB6BF11F9D45ABACFA58934BE303552030FAF6AD766DAC
:2027A0009188CC7625F5024CFC4FE5D7D7C52ACB802635448FB562A349DEB15A6725BA1BC3
:2027C0009845EA0EE15DFEC002C32F7512814CF0A38D4697C66BD3F9E7038F5F9515929C36
:2027E000EBBF6D7ADA9552592DD4BE83D35874212949E069448EC9C86A75C28978F48E7971
:202800006B99583EDD27B971B6BEE14F17F088AD66C920ACB47DCE3A1863DF4A82E51A3186
:20282000609751334562537FE0B1647784BB6BAE1CFE81A094F9082B58704868198F45FD83
:202840008794DE6CB7527BF823AB73D3E2724B0257E31F8F2A6655AB07B2EB28032FB5C2F5
:202860009A86C57BA5D33708F2302887B223BFA5BA02036A5CED16822B8ACF1C92A779B427
:20288000F0F307F2A14E69E2CD65DAF4D50605BE1FD134628AC4A6FE9D342E53A0A2F35530
:2028A00032058AE175A4F6EB390B83ECAA4060EF065E719F51BD6E10F93E218A3D96DD06F8
:2028C000AEDD3E05464DE6BDB591548D0571C45D6F0406D4FF605015241998FB97D6BDE942
:2028E000CC8940437767D99EBDB0E8428807898B38E7195BDB79C8EE47A17C0AE97C420FB0
:20290000C9F8841E000000008309808648322BEDAC1E11704E6C5A72FBFD0EFF560F853838
:202920001E3DAED527362D39640A0FD921685CA6D19B5B543A24362EB10C0A670F9357E72A
:20294000D2B4EE969E1B9B914F80C0C5A261DC20695A774B161C121A0AE293BAE5C0A02AAA
:20296000433C22E01D121B170B0E090DADF28BC7B92DB6A8C8141EA98557F1194CAF750711
:20298000BBEE99DDFDA37F609FF70126BC5C72F5C544663B345BFB7E768B4329DCCB23C6AE
:2029A00068B6EDFC63B8E4F1CAD731DC10426385401397222084C6117D854A24F8D2BB3D7F
:2029C00011AEF9326DC729A14B1D9E2FF3DCB230EC0D8652D077C1E36C2BB31699A970B9A2
:2029E000FA1194482247E964C4A8FC8C1AA0F03FD8567D2CEF223390C787494EC1D938D12A
:202A0000FE8CCAA23698D40BCFA6F58128A57ADE26DAB78EA43FADBFE42C3A9D0D50789221
:202A20009B6A5FCC62547E46C2F68D13E890D8B85E2E39F7F582C3AFBE9F5D807C69D09365
:202A4000A96FD52DB3CF25123BC8AC99A710187D6EE89C637BDB3BBB09CD2678F46E591827
:202A600001EC9AB7A8834F9A65E6956E7EAAFFE60821BCCFE6EF15E8D9BAE79BCE4A6F3651
:202A8000D4EA9F09D629B07CAF31A4B2312A3F2330C6A594C035A26637744EBCA6FC82CAE3
:202AA000B0E090D01533A7D84AF10498F741ECDA0E7FCD502F1791F68D764DD64D43EFB0BE
:202AC00054CCAA4DDFE49604E39ED1B51B4C6A88B8C12C1F7F466551049D5EEA5D018C35DB
:202AE00073FA87742EFB0B415AB3671D5292DBD233E91056136DD6478C9AD7617A37A10CFC
:202B00008E59F81489EB133CEECEA92735B761C9EDE11CE53C7A47B1599CD2DF3F55F27341
:202B2000791814CEBF73C737EA53F7CD5B5FFDAA14DF3D6F867844DB81CAAFF33EB968C4C4
:202B40002C3824345FC2A34072161DC30CBCE2258B283C4941FF0D957139A801DE080CB36C
:202B60009CD8B4E4906456C1617BCB8470D532B674486C5C42D0B85751F4A7507E4165538E
:202B80001A17A4C33A275E963BAB6BCB1F9D45F1ACFA58AB4BE303932030FA55AD766DF6A8
:202BA00088CC7691F5024C254FE5D7FCC52ACBD726354480B562A38FDEB15A4925BA1B67BF
:202BC00045EA0E985DFEC0E1C32F7502814CF0128D4697A36BD3F9C6038F5FE715929C9532
:202BE000BF6D7AEB955259DAD4BE832D587421D349E069298EC9C84475C2896AF48E79786D
:202C000099583E6B27B971DDBEE14FB6F088AD17C920AC667DCE3AB463DF4A18E51A318282
:202C20009751336062537F45B16477E0BB6BAE84FE81A01CF9082B94704868588F45FD197F
:202C400094DE6C87527BF8B7AB73D323724B02E2E31F8F576655AB2AB2EB28072FB5C203F1
:202C600086C57B9AD33708A5302887F223BFA5B202036ABAED16825C8ACF1C2BA779B49223
:202C8000F307F2F04E69E2A165DAF4CD0605BED5D134621FC4A6FE8A342E539DA2F355A02C
:202CA000058AE132A4F6EB750B83EC394060EFAA5E719F06BD6E10513E218AF996DD063DF4
:202CC000DD3E05AE4DE6BD4691548DB571C45D050406D46F605015FF1998FB24D6BDE9973E
:202CE000894043CC67D99E77B0E842BD07898B88E7195B3879C8EEDBA17C0A477C420FE9AC
:202D0000F8841EC90000000009808683322BED481E1170AC6C5A724EFD0EFFFB0F85385634
:202D20003DAED51E362D39270A0FD964685CA6219B5B54D124362E3A0C0A67B19357E70F26
:202D4000B4EE96D21B9B919E80C0C54F61DC20A25A774B691C121A16E293BA0AC0A02AE5A6
:202D60003C22E043121B171D0E090D0BF28BC7AD2DB6A8B9141EA9C857F11985AF75074C0D
:202D8000EE99DDBBA37F60FDF701269F5C72F5BC44663BC55BFB7E348B432976CB23C6DCAA
:202DA000B6EDFC68B8E4F163D731DCCA426385101397224084C61120854A247DD2BB3DF87B
:202DC000AEF93211C729A16D1D9E2F4BDCB230F30D8652EC77C1E3D02BB3166CA970B9999E
:202DE000119448FA47E96422A8FC8CC4A0F03F1A567D2CD8223390EF87494EC7D938D1C126
:202E00008CCAA2FE98D40B36A6F581CFA57ADE28DAB78E263FADBFA42C3A9DE45078920D1D
:202E20006A5FCC9B547E4662F68D13C290D8B8E82E39F75E82C3AFF59F5D80BE69D0937C61
:202E40006FD52DA9CF2512B3C8AC993B10187DA7E89C636EDB3BBB7BCD2678096E5918F423
:202E6000EC9AB701834F9AA8E6956E65AAFFE67E21BCCF08EF15E8E6BAE79BD94A6F36CE4D
:202E8000EA9F09D429B07CD631A4B2AF2A3F2331C6A5943035A266C0744EBC37FC82CAA6DF
:202EA000E090D0B033A7D815F104984A41ECDAF77FCD500E1791F62F764DD68D43EFB04DBA
:202EC000CCAA4D54E49604DF9ED1B5E34C6A881BC12C1FB84665517F9D5EEA04018C355DD7
:202EE000FA877473FB0B412EB3671D5A92DBD252E91056336DD647139AD7618C37A10C7AF8
:202F000059F8148EEB133C89CEA927EEB761C935E11CE5ED7A47B13C9CD2DF5955F2733F3D
:202F20001814CE7973C737BF53F7CDEA5FFDAA5BDF3D6F147844DB86CAAFF381B968C43EC0
:202F40003824342CC2A3405F161DC372BCE2250C283C498BFF0D954139A80171080CB3DE68
:202F6000D8B4E49C6456C1907BCB8461D532B670486C5C74D0B857426363A5C67C7C84F898
:202F8000777799EE7B7B8DF6F2F20DFF6B6BBDD66F6FB1DEC5C554913030506001010302F7
:202FA0006767A9CE2B2B7D56FEFE19E7D7D762B5ABABE64D76769AECCACA458F82829D1FBF
:202FC000C9C940897D7D87FAFAFA15EF5959EBB24747C98EF0F00BFBADADEC41D4D467B3C0
:202FE000A2A2FD5FAFAFEA459C9CBF23A4A4F753727296E4C0C05B9BB7B7C275FDFD1CE188
:203000009393AE3D26266A4C36365A6C3F3F417EF7F702F5CCCC4F8334345C68A5A5F45124
:20302000E5E534D1F1F108F9717193E2D8D873AB3131536215153F2A04040C08C7C752957E
:2030400023236546C3C35E9D181828309696A13705050F0A9A9AB52F0707090E1212362494
:2030600080809B1BE2E23DDFEBEB26CD2727694EB2B2CD7F75759FEA09091B1283839E1DC9
:203080002C2C74581A1A2E341B1B2D366E6EB2DC5A5AEEB4A0A0FB5B5252F6A43B3B4D7610
:2030A000D6D661B7B3B3CE7D29297B52E3E33EDD2F2F715E848497135353F5A6D1D168B9B8
:2030C00000000000EDED2CC120206040FCFC1FE3B1B1C8795B5BEDB66A6ABED4CBCB468D84
:2030E000BEBED96739394B724A4ADE944C4CD4985858E8B0CFCF4A85D0D06BBBEFEF2AC593
:20310000AAAAE54FFBFB16ED4343C5864D4DD79A33335566858594114545CF8AF9F910E9B4
:20312000020206047F7F81FE5050F0A03C3C44789F9FBA25A8A8E34B5151F3A2A3A3FE5D2D
:203140004040C0808F8F8A059292AD3F9D9DBC2138384870F5F504F1BCBCDF63B6B6C17776
:20316000DADA75AF2121634210103020FFFF1AE5F3F30EFDD2D26DBFCDCD4C810C0C1418B7
:2031800013133526ECEC2FC35F5FE1BE9797A2354444CC881717392EC4C45793A7A7F2550A
:2031A0007E7E82FC3D3D477A6464ACC85D5DE7BA19192B32737395E66060A0C08181981900
:2031C0004F4FD19EDCDC7FA3222266442A2A7E549090AB3B8888830B4646CA8CEEEE29C7A2
:2031E000B8B8D36B14143C28DEDE79A75E5EE2BC0B0B1D16DBDB76ADE0E03BDB3232566449
:203200003A3A4E740A0A1E144949DB9206060A0C24246C485C5CE4B8C2C25D9FD3D36EBD70
:20322000ACACEF436262A6C49191A8399595A431E4E437D379798BF2E7E732D5C8C8438B60
:203240003737596E6D6DB7DA8D8D8C01D5D564B14E4ED29CA9A9E0496C6CB4D85656FAAC2D
:20326000F4F407F3EAEA25CF6565AFCA7A7A8EF4AEAEE94708081810BABAD56F787888F007
:2032800025256F4A2E2E725C1C1C2438A6A6F157B4B4C773C6C65197E8E823CBDDDD7CA12E
:2032A00074749CE81F1F213E4B4BDD96BDBDDC618B8B860D8A8A850F707090E03E3E427C6A
:2032C000B5B5C4716666AACC4848D89003030506F6F601F70E0E121C6161A3C235355F6A7C
:2032E0005757F9AEB9B9D06986869117C1C158991D1D273A9E9EB927E1E138D9F8F813EB2F
:203300009898B32B111133226969BBD2D9D970A98E8E89079494A7339B9BB62D1E1E223C9D
:2033200087879215E9E920C9CECE49875555FFAA28287850DFDF7AA58C8C8F03A1A1F8592C
:20334000898980090D0D171ABFBFDA65E6E631D74242C6846868B8D04141C3829999B029FE
:203360002D2D775A0F0F111EB0B0CB7B5454FCA8BBBBD66D16163A2C63A5C6637C84F87CF3
:203380007799EE777B8DF67BF20DFFF26BBDD66B6FB1DE6FC55491C53050603001030201F3
:2033A00067A9CE672B7D562BFE19E7FED762B5D7ABE64DAB769AEC76CA458FCA829D1F82BB
:2033C000C94089C97D87FA7DFA15EFFA59EBB25947C98E47F00BFBF0ADEC41ADD467B3D4BC
:2033E000A2FD5FA2AFEA45AF9CBF239CA4F753A47296E472C05B9BC0B7C275B7FD1CE1FD84
:2034000093AE3D93266A4C26365A6C363F417E3FF702F5F7CC4F83CC345C6834A5F451A520
:20342000E534D1E5F108F9F17193E271D873ABD831536231153F2A15040C0804C75295C77A
:2034400023654623C35E9DC31828301896A13796050F0A059AB52F9A07090E071236241290
:20346000809B1B80E23DDFE2EB26CDEB27694E27B2CD7FB2759FEA75091B1209839E1D83C5
:203480002C74582C1A2E341A1B2D361B6EB2DC6E5AEEB45AA0FB5BA052F6A4523B4D763B0C
:2034A000D661B7D6B3CE7DB3297B5229E33EDDE32F715E2F8497138453F5A653D168B9D1B4
:2034C00000000000ED2CC1ED20604020FC1FE3FCB1C879B15BEDB65B6ABED46ACB468DCB80
:2034E000BED967BE394B72394ADE944A4CD4984C58E8B058CF4A85CFD06BBBD0EF2AC5EF8F
:20350000AAE54FAAFB16EDFB43C586434DD79A4D335566338594118545CF8A45F910E9F9B0
:20352000020604027F81FE7F50F0A0503C44783C9FBA259FA8E34BA851F3A251A3FE5DA329
:2035400040C080408F8A058F92AD3F929DBC219D38487038F504F1F5BCDF63BCB6C177B672
:20356000DA75AFDA2163422110302010FF1AE5FFF30EFDF3D26DBFD2CD4C81CD0C14180CB3
:2035800013352613EC2FC3EC5FE1BE5F97A2359744CC884417392E17C45793C4A7F255A706
:2035A0007E82FC7E3D477A3D64ACC8645DE7BA5D192B32197395E67360A0C06081981981FC
:2035C0004FD19E4FDC7FA3DC226644222A7E542A90AB3B9088830B8846CA8C46EE29C7EE9E
:2035E000B8D36BB8143C2814DE79A7DE5EE2BC5E0B1D160BDB76ADDBE03BDBE03256643245
:203600003A4E743A0A1E140A49DB9249060A0C06246C48245CE4B85CC25D9FC2D36EBDD36C
:20362000ACEF43AC62A6C46291A8399195A43195E437D3E4798BF279E732D5E7C8438BC85C
:2036400037596E376DB7DA6D8D8C018DD564B1D54ED29C4EA9E049A96CB4D86C56FAAC5629
:20366000F407F3F4EA25CFEA65AFCA657A8EF47AAEE947AE08181008BAD56FBA7888F07803
:20368000256F4A252E725C2E1C24381CA6F157A6B4C773B4C65197C6E823CBE8DD7CA1DD2A
:2036A000749CE8741F213E1F4BDD964BBDDC61BD8B860D8B8A850F8A7090E0703E427C3E66
:2036C000B5C471B566AACC6648D8904803050603F601F7F60E121C0E61A3C261355F6A3578
:2036E00057F9AE57B9D069B986911786C15899C11D273A1D9EB9279EE138D9E1F813EBF82B
:2037000098B32B981133221169BBD269D970A9D98E89078E94A733949BB62D9B1E223C1E99
:2037200087921587E920C9E9CE4987CE55FFAA5528785028DF7AA5DF8C8F038CA1F859A128
:20374000898009890D171A0DBFDA65BFE631D7E642C6844268B8D06841C3824199B02999FA
:203760002D775A2D0F111E0FB0CB7BB054FCA854BBD66DBB163A2C16A5C6636384F87C7CEF
:2037800099EE77778DF67B7B0DFFF2F2BDD66B6BB1DE6F6F5491C5C55060303003020101EF
:2037A000A9CE67677D562B2B19E7FEFE62B5D7D7E64DABAB9AEC7676458FCACA9D1F8282B7
:2037C0004089C9C987FA7D7D15EFFAFAEBB25959C98E47470BFBF0F0EC41ADAD67B3D4D4B8
:2037E000FD5FA2A2EA45AFAFBF239C9CF753A4A496E472725B9BC0C0C275B7B71CE1FDFD80
:20380000AE3D93936A4C26265A6C3636417E3F3F02F5F7F74F83CCCC5C683434F451A5A51C
:2038200034D1E5E508F9F1F193E2717173ABD8D8536231313F2A15150C0804045295C7C776
:20384000654623235E9DC3C328301818A13796960F0A0505B52F9A9A090E0707362412128C
:203860009B1B80803DDFE2E226CDEBEB694E2727CD7FB2B29FEA75751B1209099E1D8383C1
:2038800074582C2C2E341A1A2D361B1BB2DC6E6EEEB45A5AFB5BA0A0F6A452524D763B3B08
:2038A00061B7D6D6CE7DB3B37B5229293EDDE3E3715E2F2F97138484F5A6535368B9D1D1B0
:2038C000000000002CC1EDED604020201FE3FCFCC879B1B1EDB65B5BBED46A6A468DCBCB7C
:2038E000D967BEBE4B723939DE944A4AD4984C4CE8B058584A85CFCF6BBBD0D02AC5EFEF8B
:20390000E54FAAAA16EDFBFBC5864343D79A4D4D5566333394118585CF8A454510E9F9F9AC
:203920000604020281FE7F7FF0A0505044783C3CBA259F9FE34BA8A8F3A25151FE5DA3A325
:20394000C08040408A058F8FAD3F9292BC219D9D4870383804F1F5F5DF63BCBCC177B6B66E
:2039600075AFDADA63422121302010101AE5FFFF0EFDF3F36DBFD2D24C81CDCD14180C0CAF
:20398000352613132FC3ECECE1BE5F5FA2359797CC884444392E17175793C4C4F255A7A702
:2039A00082FC7E7E477A3D3DACC86464E7BA5D5D2B32191995E67373A0C0606098198181F8
:2039C000D19E4F4F7FA3DCDC664422227E542A2AAB3B9090830B8888CA8C464629C7EEEE9A
:2039E000D36BB8B83C28141479A7DEDEE2BC5E5E1D160B0B76ADDBDB3BDBE0E05664323241
:203A00004E743A3A1E140A0ADB9249490A0C06066C482424E4B85C5C5D9FC2C26EBDD3D368
:203A2000EF43ACACA6C46262A8399191A431959537D3E4E48BF2797932D5E7E7438BC8C858
:203A4000596E3737B7DA6D6D8C018D8D64B1D5D5D29C4E4EE049A9A9B4D86C6CFAAC565625
:203A600007F3F4F425CFEAEAAFCA65658EF47A7AE947AEAE18100808D56FBABA88F07878FF
:203A80006F4A2525725C2E2E24381C1CF157A6A6C773B4B45197C6C623CBE8E87CA1DDDD26
:203AA0009CE87474213E1F1FDD964B4BDC61BDBD860D8B8B850F8A8A90E07070427C3E3E62
:203AC000C471B5B5AACC6666D89048480506030301F7F6F6121C0E0EA3C261615F6A353574
:203AE000F9AE5757D069B9B9911786865899C1C1273A1D1DB9279E9E38D9E1E113EBF8F827
:203B0000B32B989833221111BBD2696970A9D9D989078E8EA7339494B62D9B9B223C1E1E95
:203B20009215878720C9E9E94987CECEFFAA5555785028287AA5DFDF8F038C8CF859A1A124
:203B400080098989171A0D0DDA65BFBF31D7E6E6C6844242B8D06868C3824141B0299999F6
:203B6000775A2D2D111E0F0FCB7BB0B0FCA85454D66DBBBB3A2C1616C66363A5F87C7C84EB
:203B8000EE777799F67B7B8DFFF2F20DD66B6BBDDE6F6FB191C5C5546030305002010103EB
:203BA000CE6767A9562B2B7DE7FEFE19B5D7D7624DABABE6EC76769A8FCACA451F82829DB3
:203BC00089C9C940FA7D7D87EFFAFA15B25959EB8E4747C9FBF0F00B41ADADECB3D4D467B4
:203BE0005FA2A2FD45AFAFEA239C9CBF53A4A4F7E47272969BC0C05B75B7B7C2E1FDFD1C7C
:203C00003D9393AE4C26266A6C36365A7E3F3F41F5F7F70283CCCC4F6834345C51A5A5F418
:203C2000D1E5E534F9F1F108E2717193ABD8D873623131532A15153F0804040C95C7C75272
:203C4000462323659DC3C35E30181828379696A10A05050F2F9A9AB50E0707092412123688
:203C60001B80809BDFE2E23DCDEBEB264E2727697FB2B2CDEA75759F1209091B1D83839EBD
:203C8000582C2C74341A1A2E361B1B2DDC6E6EB2B45A5AEE5BA0A0FBA45252F6763B3B4D04
:203CA000B7D6D6617DB3B3CE5229297BDDE3E33E5E2F2F7113848497A65353F5B9D1D168AC
:203CC00000000000C1EDED2C40202060E3FCFC1F79B1B1C8B65B5BEDD46A6ABE8DCBCB4678
:203CE00067BEBED97239394B944A4ADE984C4CD4B05858E885CFCF4ABBD0D06BC5EFEF2A87
:203D00004FAAAAE5EDFBFB16864343C59A4D4DD766333355118585948A4545CFE9F9F910A8
:203D200004020206FE7F7F81A05050F0783C3C44259F9FBA4BA8A8E3A25151F35DA3A3FE21
:203D4000804040C0058F8F8A3F9292AD219D9DBC70383848F1F5F50463BCBCDF77B6B6C16A
:203D6000AFDADA754221216320101030E5FFFF1AFDF3F30EBFD2D26D81CDCD4C180C0C14AB
:203D800026131335C3ECEC2FBE5F5FE1359797A2884444CC2E17173993C4C45755A7A7F2FE
:203DA000FC7E7E827A3D3D47C86464ACBA5D5DE73219192BE6737395C06060A019818198F4
:203DC0009E4F4FD1A3DCDC7F44222266542A2A7E3B9090AB0B8888838C4646CAC7EEEE2996
:203DE0006BB8B8D32814143CA7DEDE79BC5E5EE2160B0B1DADDBDB76DBE0E03B643232563D
:203E0000743A3A4E140A0A1E924949DB0C06060A4824246CB85C5CE49FC2C25DBDD3D36E64
:203E200043ACACEFC46262A6399191A8319595A4D3E4E437F279798BD5E7E7328BC8C84354
:203E40006E373759DA6D6DB7018D8D8CB1D5D5649C4E4ED249A9A9E0D86C6CB4AC5656FA21
:203E6000F3F4F407CFEAEA25CA6565AFF47A7A8E47AEAEE9100808186FBABAD5F0787888FB
:203E80004A25256F5C2E2E72381C1C2457A6A6F173B4B4C797C6C651CBE8E823A1DDDD7C22
:203EA000E874749C3E1F1F21964B4BDD61BDBDDC0D8B8B860F8A8A85E07070907C3E3E425E
:203EC00071B5B5C4CC6666AA904848D806030305F7F6F6011C0E0E12C26161A36A35355F70
:203EE000AE5757F969B9B9D01786869199C1C1583A1D1D27279E9EB9D9E1E138EBF8F81323
:203F00002B9898B322111133D26969BBA9D9D970078E8E89339494A72D9B9BB63C1E1E2291
:203F200015878792C9E9E92087CECE49AA5555FF50282878A5DFDF7A038C8C8F59A1A1F820
:203F4000098989801A0D0D1765BFBFDAD7E6E631844242C6D06868B8824141C3299999B0F2
:203F60005A2D2D771E0F0F117BB0B0CBA85454FC6DBBBBD62C16163A52096AD53036A538AF
:203F8000BF40A39E81F3D7FB7CE339829B2FFF87348E4344C4DEE9CB547B9432A6C2233D35
:203FA000EE4C950B42FAC34E082EA16628D924B2765BA2496D8BD12572F8F66486689816BC
:203FC000D4A45CCC5D65B6926C704850FDEDB9DA5E154657A78D9D8490D8AB008CBCD30AA9
:203FE000F7E45805B8B34506D02C1E8FCA3F0F02C1AFBD0301138A6B3A9111414F67DCEA3E
:2040000097F2CFCEF0B4E67396AC7422E7AD3585E2F937E81C75DF6E47F11A711D29C58928
:204020006FB7620EAA18BE1BFC563E4BC6D279209ADBC0FE78CD5AF41FDDA8338807C7311F
:20404000B11210592780EC5F60517FA919B54A0D2DE57A9F93C99CEFA0E03B4DAE2AF5B0AD
:20406000C8EBBB3C83539961172B047EBA77D626E169146355210C7D6E676953676F7250EC
:204080006E676953676F7249000000000000000000000000000000000000000096300777BA
:2040A0002C610EEEBA51099919C46D078FF46A7035A563E9A395649E3288DB0EA4B8DC7968
:2040C0001EE9D5E088D9D2972B4CB609BD7CB17E072DB8E7911DBF906410B71DF220B06A78
:2040E0004871B9F3DE41BE847DD4DA1AEBE4DD6D51B5D4F4C785D38356986C13C0A86B6488
:204100007AF962FDECC9658A4F5C0114D96C0663633D0FFAF50D088DC8206E3B5E10694CC7
:20412000E44160D5727167A2D1E4033C47D4044BFD850DD26BB50AA5FAA8B5356C98B24227
:20414000D6C9BBDB40F9BCACE36CD832755CDF45CF0DD6DC593DD1ABAC30D9263A00DE5157
:204160008051D7C81661D0BFB5F4B42123C4B3569995BACF0FA5BDB89EB802280888055F07
:20418000B2D90CC624E90BB1877C6F2F114C6858AB1D61C13D2D66B69041DC760671DB0155
:2041A000BC20D2982A10D5EF8985B1711FB5B606A5E4BF9F33D4B8E8A2C9077834F9000F47
:2041C0008EA8099618980EE1BB0D6A7F2D3D6D08976C6491015C63E6F4516B6B62616C1CD7
:2041E000D83065854E0062F2ED95066C7BA5011BC1F4088257C40FF5C6D9B06550E9B712E7
:20420000EAB8BE8B7C88B9FCDF1DDD62492DDA15F37CD38C654CD4FB5861B24DCE51B53A46
:204220007400BCA3E230BBD441A5DF4AD795D83D6DC4D1A4FBF4D6D36AE96943FCD96E34C6
:20424000468867ADD0B860DA732D0444E51D03335F4C0AAAC97C0DDD3C710550AA410227F6
:2042600010100BBE86200CC925B56857B3856F2009D466B99FE461CE0EF9DE5E98C9D92926
:204280002298D0B0B4A8D7C7173DB359810DB42E3B5CBDB7AD6CBAC02083B8EDB6B3BF9A72
:2042A0000CE2B6039AD2B1743947D5EAAF77D29D1526DB048316DC73120B63E3843B6494D6
:2042C0003E6A6D0DA85A6A7A0BCF0EE49DFF099327AE000AB19E077D44930FF0D2A3088746
:2042E00068F2011EFEC206695D5762F7CB67658071366C19E7066B6E761BD4FEE02BD38936
:204300005A7ADA10CC4ADD676FDFB9F9F9EFBE8E43BEB717D58EB060E8A3D6D67E93D1A155
:20432000C4C2D83852F2DF4FF167BBD16757BCA6DD06B53F4B36B248DA2B0DD84C1B0AAF15
:20434000F64A0336607A0441C3EF60DF55DF67A8EF8E6E3179BE69468CB361CB1A8366BC65
:20436000A0D26F2536E2685295770CCC03470BBBB91602222F260555BE3BBAC5280BBDB2B5
:20438000925AB42B046AB35CA7FFD7C231CFD0B58B9ED92C1DAEDE5BB0C2649B26F263EC07
:2043A0009CA36A750A936D02A906099C3F360EEB8567077213570005824ABF95147AB8E2F5
:2043C000AE2BB17B381BB60C9B8ED2920DBED5E5B7EFDC7C21DFDB0BD4D2D38642E2D4F1E5
:2043E000F8B3DD686E83DA1FCD16BE815B26B9F6E177B06F7747B718E65A0888706A0FFFD5
:20440000CA3B06665C0B0111FF9E658F69AE62F8D3FF6B6145CF6C1678E20AA0EED20DD7D4
:204420005483044EC2B30339612667A7F71660D04D476949DB776E3E4A6AD1AEDC5AD6D974
:20444000660BDF40F03BD83753AEBCA9C59EBBDE7FCFB247E9FFB5301CF2BDBD8AC2BACAC4
:204460003093B353A6A3B4240536D0BA9306D7CD2957DE54BF67D9232E7A66B3B84A61C494
:20448000021B685D942B6F2A37BE0BB4A18E0CC31BDF055A8DEF022D010203040506070808
:2044A00000000000B30600000100000002000000B728000000000000B406000001000000A6
:2044C00002000000B728000000000000B30700000000000003000000FFFFFF1F9B25000062
:2044E00001000100FF0700000000000003000000FFFFFF1F9B25000000000000B40700001A
:204500000000000003000000FFFFFF1F9B25000001000100FF0700000000000003000000B1
:20452000FFFFFF1F9B25000000000000010000000000000000000000080000000100010094
:20454000010000000000010000000000080000000000000000000000010000000000000050
:204560000000000008000000000000000000000000000000000000870000000000000000AC
:20458000000000000000000000000000000000000000000000000000002003400020034055
:2045A000FFFF000021100000000000000000000000000000000000000000000000000000CC
:2045C0000000000000000000000000000000000000000000000000000000000000000000DB
:2045E0000000000000000000010200010102000101020001000100010001000100010102A7
:20460000000102030001010200010001000102020102020202020102010101000102030072
:2046200010030200E845010002000000EA450100B33E00000000000011030200EC450100CC
:2046400002000000EE4501006D4000000000000022030200F045010002000000F2450100E0
:204660007B41000000000000270301000E46010002000000F44501002F440000000000004F
:204680002E0301000F46010001000000104601004D430000BB4A0000310301001146010018
:2046A00002000000F645010039450000F14A0000340301001246010002000000F845010032
:2046C000C546000000000000360301001346010002000000FA45010051480000534C0000C1
:2046E000370301001446010002000000FC45010097490000814C00003E030200FE450100AC
:204700000200000000460100074A000000000000010300001C46010002000000044601004B
:20472000020200001C46010002000000044601000102000006460100020000000846010024
:2047400021F102000A4601006B7D000025F102000A4601008F7D00002AF102000A46010029
:20476000B37D00002BF102000A460100D77D000086F102000A460100697C00008AF102001A
:204780000A460100FB7D00008CF102000A460100277E0000A1F102000A460100477E000031
:2047A000A5F102000A460100737E0000AAF102000A4601009F7E0000ABF102000A46010025
:2047C000BF7E0000011002100101000015460100020000000C460100F92100000D2200007D
:2047E00009F110000100000016460100CF5800007C4312000100000016460100475800005C
:2048000005020000010000001746010001000000184601000100000019460100817C000074
:204820000000000000FF080001000000174601000100000018460100010000001946010051
:20484000FB7C0000000000001202000101000000174601000100000018460100010000000C
:20486000194601000B7D000000000000004401001A460100104401001A46010000000000F4
:2048800000000020FFFF002000E00100FFFF07003421437800000302008003000300000059
:2048A00001000000008003000000040000800300000004000600000001000000008007005B
:2048C000FF7F000000800700FF7F0000000000000000000000000000000000000000000055
:2048E0000000000000000000000000000000000000000000000000000000000000000000B8
:20490000000000000000000000000000000000000000000000000000000000000000000097
:20492000000000000000000000000000000000000000000000000000000000000000000077
:20494000000000000000000000000000000000000000000000000000000000000000000057
:20496000000000000000000000000000000000000000000000000000000000000000000037
:2049800000000000000000000000000087341243FFFFFFFFFFFFFFFFFFFFFFFFFFFFFFFF17
:2049A00012AB0001156200006F620000C9620000B5630000000000000100000000000000AD
:2049C00000000000010000000001010001000000F0490100104A0100000AE8038403AA0018
:2049E0002A00AA00000AE8038403AA002B00AA00000000003C08000006000000B4490100A0
:204A0000000000007D08000009000000B8490100A00F0000020000007522000002000000BC
:204A20007F220000000000000200000087220000BC4901000000020000000000F0490100E8
:204A4000C44901000000E803CC002A00CC000000E803FF007E00FF000000E803CC002B0052
:204A6000CC000000E803FF007E00FF0005000000020000000100881332000000C84901001C
:204A8000444A0100D849010005000000020000000100881332000000C8490100584A0100DB
:204AA000E44901000000000000000000D3E300000000000019E400004FE4000075E300008A
:204AC00040004000EC28002040004000EC29002001000100E827002040004000EC27002089
:204AE00035313930373566083425622020416608342562202041FFFFFFFFFFFFFFFFFFFF31
:204B0000FFFFFFFFFFFF0000982F8A4291443771CFFBC0B5A5DBB5E95BC25639F111F15936
:204B2000A4823F92D55E1CAB98AA07D8015B8312BE853124C37D0C55745DBE72FEB1DE802B
:204B4000A706DC9B74F19BC1C1699BE48647BEEFC69DC10FCCA10C246F2CE92DAA84744AE0
:204B6000DCA9B05CDA88F97652513E986DC631A8C82703B0C77F59BFF30BE0C64791A7D556
:204B80005163CA0667292914850AB72738211B2EFC6D2C4D130D385354730A65BB0A6A764D
:204BA0002EC9C281852C7292A1E8BFA24B661AA8708B4BC2A3516CC719E892D1240699D67D
:204BC00085350EF470A06A1016C1A419086C371E4C774827B5BCB034B30C1C394AAAD84E7D
:204BE0004FCA9C5BF36F2E68EE828F746F63A5781478C8840802C78CFAFFBE90EB6C50A484
:204C0000F7A3F9BEF27871C609000000010000000000000000000000000000000000000098
:204C2000050000000600000004000000030000000200000000000000000000000000000060
:204C400000000000000000000500000006000000040000000300000002000000020000003E
:204C6000C1AD00002BAE0000000000000100000001000000A84C010049000000B04C0100B0
:204C8000FC4C01001C560100000000000100000001000000A84C010049000000B04C01001B
:204CA00020560100405F0100FFFFFFFFFFFF00FF00000000000000000000000000000000E4
:204CC0000000000000000000000000000000000000000000000000000000000000000000D4
:204CE0000000000000000000000000000000000000000000000000000000000000000000B4
:204D00000000000000000000000000FF06080800445F0100020000000000000000000000D8
:204D20000000000000000000010000FF010800000000000001000000080000000000000061
:204D4000000000000000000000000000000000000000000000000000000000000000000053
:204D6000000000000000000000000000000000000000000000000000000000000000000033
:204D8000000000000000000000000000000000000000000000000000000000000000000013
:204DA0000000000000000000000000000000000000000000000000000000000000000000F3
:204DC0000000000000000000000000000000000000000000000000000000000000000000D3
:204DE0000000000000000000000000000000000000000000000000000000000000000000B3
:204E0000000000000000000000000000000000000000000000000000000000000000000092
:204E2000000000000000000000000000000000000000000000000000000000000000000072
:204E4000000000000000000000000000000000000000000000000000000000000000000052
:204E6000000000000000000000000000000000000000000000000000000000000000000032
:204E8000000000000000000000000000000000000000000000000000000000000000000012
:204EA0000000000000000000000000000000000000000000000000000000000000000000F2
:204EC0000000000000000000000000000000000000000000000000000000000000000000D2
:204EE0000000000000000000000000000000000000000000000000000000000000000000B2
:204F0000000000000000000000000000000000000000000000000000000000000000000091
:204F2000000000000000000000000000000000000000000000000000000000000000000071
:204F4000000000000000000000000000000000000000000000000000000000000000000051
:204F6000000000000000000000000000000000000000000000000000000000000000000031
:204F8000000000000000000000000000000000000000000000000000000000000000000011
:204FA0000000000000000000000000000000000000000000000000000000000000000000F1
:204FC0000000000000000000000000000000000000000000000000000000000000000000D1
:204FE0000000000000000000000000000000000000000000000000000000000000000000B1
:20500000000000000000000000000000000000000000000000000000000000000000000090
:20502000000000000000000000000000000000000000000000000000000000000000000070
:20504000000000000000000000000000000000000000000000000000000000000000000050
:20506000000000000000000000000000000000000000000000000000000000000000000030
:20508000000000000000000000000000000000000000000000000000000000000000000010
:2050A0000000000000000000000000000000000000000000000000000000000000000000F0
:2050C0000000000000000000000000000000000000000000000000000000000000000000D0
:2050E0000000000000000000000000000000000000000000000000000000000000000000B0
:2051000000000000000000000000000000000000000000000000000000000000000000008F
:2051200000000000000000000000000000000000000000000000000000000000000000006F
:2051400000000000000000000000000000000000000000000000000000000000000000004F
:2051600000000000000000000000000000000000000000000000000000000000000000002F
:2051800000000000000000000000000000000000000000000000000000000000000000000F
:2051A0000000000000000000000000000000000000000000000000000000000000000000EF
:2051C0000000000000000000000000000000000000000000000000000000000000000000CF
:2051E0000000000000000000000000000000000000000000000000000000000000000000AF
:2052000000000000000000000000000000000000000000000000000000000000000000008E
:2052200000000000000000000000000000000000000000000000000000000000000000006E
:2052400000000000000000000000000000000000000000000000000000000000000000004E
:2052600000000000000000000000000000000000000000000000000000000000000000002E
:2052800000000000000000000000000000000000000000000000000000000000000000000E
:2052A0000000000000000000000000000000000000000000000000000000000000000000EE
:2052C0000000000000000000000000000000000000000000000000000000000000000000CE
:2052E0000000000000000000000000000000000000000000000000000000000000000000AE
:2053000000000000000000000000000000000000000000000000000000000000000000008D
:2053200000000000000000000000000000000000000000000000000000000000000000006D
:2053400000000000000000000000000000000000000000000000000000000000000000004D
:2053600000000000000000000000000000000000000000000000000000000000000000002D
:2053800000000000000000000000000000000000000000000000000000000000000000000D
:2053A0000000000000000000000000000000000000000000000000000000000000000000ED
:2053C0000000000000000000000000000000000000000000000000000000000000000000CD
:2053E0000000000000000000000000000000000000000000000000000000000000000000AD
:2054000000000000000000000000000000000000000000000000000000000000000000008C
:2054200000000000000000000000000000000000000000000000000000000000000000006C
:2054400000000000000000000000000000000000000000000000000000000000000000004C
:2054600000000000000000000000000000000000000000000000000000000000000000002C
:2054800000000000000000000000000000000000000000000000000000000000000000000C
:2054A0000000000000000000000000000000000000000000000000000000000000000000EC
:2054C0000000000000000000000000000000000000000000000000000000000000000000CC
:2054E0000000000000000000000000000000000000000000000000000000000000000000AC
:2055000000000000000000000000000000000000000000000000000000000000000000008B
:2055200000000000000000000000000000000000000000000000000000000000000000006B
:2055400000000000000000000000000000000000000000000000000000000000000000004B
:2055600000000000000000000000000000000000000000000000000000000000000000002B
:2055800000000000000000000000000000000000000000000000000000000000000000000B
:2055A0000000000000000000000000000000000000000000000000000000000000000000EB
:2055C0000000000000000000000000000000000000000000000000000000000000000000CB
:2055E0000000000000000000000000000000000000000000000000000000000000000000AB
:2056000000000000000000000000000000000000000000000000000000000000845F0100A6
:20562000000000000000000000000000000000FF06080800B45F010002000000000000003F
:20564000000000000000000000000000010000FF0108000000000000010000000800000038
:2056600000000000000000000000000000000000000000000000000000000000000000002A
:2056800000000000000000000000000000000000000000000000000000000000000000000A
:2056A0000000000000000000000000000000000000000000000000000000000000000000EA
:2056C0000000000000000000000000000000000000000000000000000000000000000000CA
:2056E0000000000000000000000000000000000000000000000000000000000000000000AA
:20570000000000000000000000000000000000000000000000000000000000000000000089
:20572000000000000000000000000000000000000000000000000000000000000000000069
:20574000000000000000000000000000000000000000000000000000000000000000000049
:20576000000000000000000000000000000000000000000000000000000000000000000029
:20578000000000000000000000000000000000000000000000000000000000000000000009
:2057A0000000000000000000000000000000000000000000000000000000000000000000E9
:2057C0000000000000000000000000000000000000000000000000000000000000000000C9
:2057E0000000000000000000000000000000000000000000000000000000000000000000A9
:20580000000000000000000000000000000000000000000000000000000000000000000088
:20582000000000000000000000000000000000000000000000000000000000000000000068
:20584000000000000000000000000000000000000000000000000000000000000000000048
:20586000000000000000000000000000000000000000000000000000000000000000000028
:20588000000000000000000000000000000000000000000000000000000000000000000008
:2058A0000000000000000000000000000000000000000000000000000000000000000000E8
:2058C0000000000000000000000000000000000000000000000000000000000000000000C8
:2058E0000000000000000000000000000000000000000000000000000000000000000000A8
:20590000000000000000000000000000000000000000000000000000000000000000000087
:20592000000000000000000000000000000000000000000000000000000000000000000067
:20594000000000000000000000000000000000000000000000000000000000000000000047
:20596000000000000000000000000000000000000000000000000000000000000000000027
:20598000000000000000000000000000000000000000000000000000000000000000000007
:2059A0000000000000000000000000000000000000000000000000000000000000000000E7
:2059C0000000000000000000000000000000000000000000000000000000000000000000C7
:2059E0000000000000000000000000000000000000000000000000000000000000000000A7
:205A0000000000000000000000000000000000000000000000000000000000000000000086
:205A2000000000000000000000000000000000000000000000000000000000000000000066
:205A4000000000000000000000000000000000000000000000000000000000000000000046
:205A6000000000000000000000000000000000000000000000000000000000000000000026
:205A8000000000000000000000000000000000000000000000000000000000000000000006
:205AA0000000000000000000000000000000000000000000000000000000000000000000E6
:205AC0000000000000000000000000000000000000000000000000000000000000000000C6
:205AE0000000000000000000000000000000000000000000000000000000000000000000A6
:205B0000000000000000000000000000000000000000000000000000000000000000000085
:205B2000000000000000000000000000000000000000000000000000000000000000000065
:205B4000000000000000000000000000000000000000000000000000000000000000000045
:205B6000000000000000000000000000000000000000000000000000000000000000000025
:205B8000000000000000000000000000000000000000000000000000000000000000000005
:205BA0000000000000000000000000000000000000000000000000000000000000000000E5
:205BC0000000000000000000000000000000000000000000000000000000000000000000C5
:205BE0000000000000000000000000000000000000000000000000000000000000000000A5
:205C0000000000000000000000000000000000000000000000000000000000000000000084
:205C2000000000000000000000000000000000000000000000000000000000000000000064
:205C4000000000000000000000000000000000000000000000000000000000000000000044
:205C6000000000000000000000000000000000000000000000000000000000000000000024
:205C8000000000000000000000000000000000000000000000000000000000000000000004
:205CA0000000000000000000000000000000000000000000000000000000000000000000E4
:205CC0000000000000000000000000000000000000000000000000000000000000000000C4
:205CE0000000000000000000000000000000000000000000000000000000000000000000A4
:205D0000000000000000000000000000000000000000000000000000000000000000000083
:205D2000000000000000000000000000000000000000000000000000000000000000000063
:205D4000000000000000000000000000000000000000000000000000000000000000000043
:205D6000000000000000000000000000000000000000000000000000000000000000000023
:205D8000000000000000000000000000000000000000000000000000000000000000000003
:205DA0000000000000000000000000000000000000000000000000000000000000000000E3
:205DC0000000000000000000000000000000000000000000000000000000000000000000C3
:205DE0000000000000000000000000000000000000000000000000000000000000000000A3
:205E0000000000000000000000000000000000000000000000000000000000000000000082
:205E2000000000000000000000000000000000000000000000000000000000000000000062
:205E4000000000000000000000000000000000000000000000000000000000000000000042
:205E6000000000000000000000000000000000000000000000000000000000000000000022
:205E8000000000000000000000000000000000000000000000000000000000000000000002
:205EA0000000000000000000000000000000000000000000000000000000000000000000E2
:205EC0000000000000000000000000000000000000000000000000000000000000000000C2
:205EE0000000000000000000000000000000000000000000000000000000000000000000A2
:205F0000000000000000000000000000000000000000000000000000000000000000000081
:205F2000000000000000000000000000000000000000000000000000000000000000000061
:205F4000F45F0100B3070000FF070000B3070000FF070000B3070000FF070000B3070000F3
:205F6000FF070000FF070000FF070000FF070000FF070000FF070000FF070000FF070000F1
:205F8000FF070000000006012460010000000000000000000000000000000000000001006E
:205FA0003860010002000000506001005860010000000000B4070000FF070000B407000060
:205FC000FF070000B4070000FF070000B3070000FF070000FF070000FF070000FF07000028
:205FE000FF070000FF070000FF070000FF070000FF070000000006012460010000000000F7
:206000000000000000000000000000000000010038600100020000005C600100586001006E
:2060200000000000000000000000F8FF000000000000000000000000000005060400030057
:2060400002000000010102000100010000000000FC4C01001C4D0100084C010020560100B9
:206060004056010090600100B8600100E060010008610100306101005861010080610100A6
:20608000A8610100D0610100F86101002062010001000000010000000100000000000000E4
:2060A0000000000000000000200000000000000080060020C43800200100000001000000FC
:2060C00005000000000000000000000000000000100000000000000084060020E4380020C5
:2060E00001000000010000000100000000000000000000000000000010000000000000008D
:2061000088060020F43800200100000001000000050000000000000000000000000000007E
:2061200010000000000000008C06002004390020010000000100000001000000000000003D
:2061400000000000000000001000000000000000900600201439002001000000010000000A
:20616000050000000000000000000000000000000C000000000000009406002024390020D7
:206180000100000001000000010000000000000000000000000000001000000000000000EC
:2061A000980600203039002001000000010000000500000000000000000000000000000091
:2061C0000C000000000000009C060020403900200100000001000000010000000000000055
:2061E00000000000000000001000000000000000A00600204C390020010000000100000022
:20620000010000000000000000000000000000001000000000000000A40600205C390020EE
:206220000100000001000000050000000000000000000000000000000C000000000000004B
:20624000A80600206C39002074620100FFFF0300FFFF0300FFFF0300FFFF0300CFFB010005
:20626000FFFF0300FFFF0300FFFF0300FFFF0300CFFB010000000000000000008462010068
:2062800004650100010000000100000001000000010000000100000001000000010000008D
:2062A0000100000001000000010000000100000001000000010000000100000001000000D6
:2062C0000100000001000000010000000100000001000000010000000100000001000000B6
:2062E000010000000100000001000000010000000100000001000000010000000100000096
:20630000010000000100000001000000010000000100000001000000010000000100000075
:20632000010000000100000001000000010000000100000001000000010000000100000055
:20634000010000000100000001000000010000000100000001000000010000000100000035
:20636000010000000100000001000000010000000100000001000000010000000100000015
:206380000100000001000000010000000100000001000000010000000100000001000000F5
:2063A0000100000001000000010000000100000001000000010000000100000001000000D5
:2063C0000100000001000000010000000100000001000000010000000100000001000000B5
:2063E000010000000100000001000000010000000100000001000000010000000100000095
:20640000010000000100000001000000010000000100000001000000010000000100000074
:20642000010000000100000001000000010000000100000001000000010000000100000054
:20644000010000000100000001000000010000000100000001000000010000000100000034
:20646000010000000100000001000000010000000100000001000000010000000100000014
:206480000100000001000000010000000100000001000000010000000100000001000000F4
:2064A0000100000001000000010000000100000001000000010000000100000001000000D4
:2064C0000100000001000000010000000100000001000000010000000100000001000000B4
:2064E000010000000100000001000000010000000100000001000000010000000100000094
:20650000010000000100000001000000010000000100000001000000E77B0000ED7B0000AB
:2065200000000000F0FFFFFF0000000000000000683B0020683B002000000000186501006A
:20654000446501000000000000000000000000000002000000040000100000000004000077
:20656000020000006C6501003065010074650100886501000020000010000000FFFF0100BA
:2065800000000001000000000020000010000000FFDF2100002000000000000002000000A9
:2065A000000000000000000002000000000000000000000000000000187C01000200000042
:2065C0000001000000000000000000002C7C0100020000000002000000000000000000000D
:2065E000407C0100E865010003000000FC650100010000009C650100506601000000000071
:206600002166000000000000D0129341FFFFFFFF00000000A8650100000000003766000096
:2066200000000000D0129341FFFFFFFF00000000BC650100000000002185000000000000E0
:2066400080842E41FFFFFFFF00000000D065010000010200CD0000005C6601000000000002
:206660000000000007C60000010000000000000007C60000020000000000000007C60000B0
:20668000030000000000000007C60000040000000000000007C60000050000000000000054
:2066A00007C60000060000000000000007C60000070000000000000007C60000080000005E
:2066C0000000000007C60000090000000000000007C600000A0000000000000007C6000040
:2066E0000B0000000000000007C600000C0000000000000007C600000D00000000000000DC
:2067000007C600000E0000000000000007C600000F0000000000000007C6000010000000E5
:206720000000000007C60000110000000000000007C60000120000000000000007C60000CF
:20674000130000000000000007C60000140000000000000007C60000150000000000000063
:2067600007C60000160000000000000007C60000170000000000000007C60000180000006D
:206780000000000007C60000190000000000000007C600001A0000000000000007C600005F
:2067A0001B0000000000000007C600001C0000000000000007C600001D00000000000000EB
:2067C00007C600001E0000000000000007C600001F0000000000000007C6000020000000F5
:2067E0000000000007C60000210000000000000007C60000220000000000000007C60000EF
:20680000230000000000000007C60000240000000000000007C60000250000000000000072
:2068200007C60000260000000000000007C60000270000000000000007C60000280000007C
:206840000000000007C60000290000000000000007C600002A0000000000000007C600007E
:206860002B0000000000000007C600002C0000000000000007C600002D00000000000000FA
:2068800007C600002E0000000000000007C600002F0000000000000007C600003000000004
:2068A0000000000007C60000310000000000000007C60000320000000000000007C600000E
:2068C000330000000000000007C6000034000000010000006B1A01003500000000000000C8
:2068E00007C60000360000000000000007C60000370000000000000007C60000380000008C
:206900000000000007C60000390000000000000007C600003A0000000000000007C600009D
:206920003B0000000000000007C600003C0000000000000007C600003D0000000000000009
:2069400007C600003E0000000000000007C600003F0000000000000007C600004000000013
:206960000000000007C60000410000000000000007C60000420000000000000007C600002D
:20698000430000000000000007C60000440000000000000007C60000450000000000000091
:2069A00007C60000460000000000000007C60000470000000000000007C60000480000009B
:2069C0000000000007C60000490000000000000007C600004A0000000000000007C60000BD
:2069E0004B0000000000000007C600004C0000000000000007C600004D0000000000000019
:206A000007C600004E0000000000000007C600004F0000000000000007C600005000000022
:206A20000000000007C60000510000000000000007C60000520000000000000007C600004C
:206A4000530000000000000007C60000540000000000000007C600005500000000000000A0
:206A600007C60000560000000000000007C60000570000000000000007C6000058000000AA
:206A80000000000007C60000590000000000000007C600005A0000000000000007C60000DC
:206AA0005B0000000000000007C600005C0000000000000007C600005D0000000000000028
:206AC00007C600005E0000000000000007C600005F0000000000000007C600006000000032
:206AE0000000000007C60000610000000000000007C60000620000000000000007C600006C
:206B0000630000000000000007C60000640000000000000007C600006500000000000000AF
:206B200007C60000660000000000000007C60000670000000000000007C6000068000000B9
:206B40000000000007C60000690000000000000007C600006A0000000000000007C60000FB
:206B60006B0000000000000007C600006C0000000000000007C600006D0000000000000037
:206B800007C600006E0000000000000007C600006F0000000000000007C600007000000041
:206BA0000000000007C60000710000000000000007C60000720000000000000007C600008B
:206BC000730000000000000007C60000740000000000000007C600007500000000000000BF
:206BE00007C60000760000000000000007C60000770000000000000007C6000078000000C9
:206C00000000000007C60000790000000000000007C600007A0000000000000007C600001A
:206C20007B0000000000000007C600007C0000000000000007C600007D0000000000000046
:206C400007C600007E0000000000000007C600007F0000000000000007C600008000000050
:206C60000000000007C60000810000000000000007C60000820000000000000007C60000AA
:206C8000830000000000000007C60000840000000000000007C600008500000000000000CE
:206CA00007C60000860000000000000007C60000870000000000000007C6000088000000D8
:206CC0000000000007C60000890000000000000007C600008A0000000000000007C600003A
:206CE0008B0000000000000007C600008C0000000000000007C600008D0000000000000056
:206D000007C600008E0000000000000007C600008F0000000000000007C60000900000005F
:206D20000000000007C60000910000000000000007C60000920000000000000007C60000C9
:206D4000930000000000000007C60000940000000000000007C600009500000000000000DD
:206D600007C60000960000000000000007C60000970000000000000007C6000098000000E7
:206D80000000000007C60000990000000000000007C600009A0000000000000007C6000059
:206DA0009B0000000000000007C600009C0000000000000007C600009D0000000000000065
:206DC00007C600009E0000000000000007C600009F0000000000000007C60000A00000006F
:206DE0000000000007C60000A10000000000000007C60000A20000000000000007C60000E9
:206E0000A30000000000000007C60000A40000000000000007C60000A500000000000000EC
:206E200007C60000A60000000000000007C60000A70000000000000007C60000A8000000F6
:206E40000000000007C60000A90000000000000007C60000AA0000000000000007C6000078
:206E6000AB0000000000000007C60000AC0000000000000007C60000AD0000000000000074
:206E800007C60000AE0000000000000007C60000AF0000000000000007C60000B00000007E
:206EA0000000000007C60000B10000000000000007C60000B20000000000000007C6000008
:206EC000B30000000000000007C60000B40000000000000007C60000B500000001000000FB
:206EE000B7020100B60000000000000007C60000B70000000000000007C60000B800000019
:206F00000000000007C60000B90000000000000007C60000BA0000000000000007C6000097
:206F2000BB0000000000000007C60000BC0000000000000007C60000BD0000000000000083
:206F400007C60000BE0000000000000007C60000BF0000000000000007C60000C00000008D
:206F60000000000007C60000C10000000000000007C60000C20000000000000007C6000027
:206F8000C30000000000000007C60000C40000000000000007C60000C5000000000000000B
:206FA00007C60000C60000000000000007C60000C70000000000000007C60000C800000015
:206FC0000000000007C60000C90000000000000007C60000CA0000000000000007C60000B7
:206FE000CB0000000000000007C60000CC0000000000000007C6000003010000400000001C
:2070000000000000547C01000C70010000000000147001000000000001000000F86F010034
:20702000587B0100B07B0100D8710100F07B0100087C0100BC7B0100647301004070010054
:2070400000000000010000000100000058700100607001002C7001000000000000000000F7
:2070600000000000207001000050064001002089045006400000008F085006400000008FE9
:207080000C5006400000008F105006400000008F145006400000008F185006400000008F14
:2070A0001C5006400000008F205006400000008F245006400000008F285006400000008FB4
:2070C0002C5006400000008F305006400000008F345006400000008F385006400000008F54
:2070E0004C5006400000008F505006400000008F545006400000008F585006400000008FB4
:207100005C5006400000008F605006400000008F645006400000008F685006400000008F53
:207120006C5006400000008F705006400000008F745006400000008F785006400000008FF3
:207140007C5006400000008F885006400000008F8C5006400000008F905006400000208961
:20716000945006400000208998500640000020899C50064000002089A05006403107208973
:20718000A850064000002089AC50064000002089B05006400000008FB45006400000008F6F
:2071A000B85006400000008FBC5006400000008FC05006400000008FC45006400000208929
:2071C000C850064000002089CC50064001002089D05006400000208918000000E071010023
:2071E00013000000040000000000000001000000140000000400000000000000010000005E
:20720000160000000400000000000000010000002C00000003000000000000000100000023
:207220002D0000000300000000000000010000002E000000030000000000000001000000EB
:207240002F00000003000000000000000100000030000000030000000000000001000000C7
:207260003400000008000000000000000100000003000000040000000B00000001000000BE
:2072800004000000040000000B0000000100000022000000030000000000000001000000B4
:2072A000230000000300000000000000010000001A00000004000000000000000100000088
:2072C0001C000000040000000000000001000000280000000600000004000000010000005A
:2072E000080000000400000000000000010000000200000004000000020000000100000078
:20730000090000000300000000000000010000000A00000003000000000000000100000052
:2073200005000000040000000B00000001000000250000000700000000000000010000000B
:207340002700000007000000000000000100000026000000070000000000000001000000D0
:2073600054660100000000000000000000000000070000000000000000000000000000004B
:207380000100000000000000000000000000000006000000000000000100000000000000E5
:2073A0000100000000000000000000000000000002000000000000000100000001000000C8
:2073C0000100000000000000000000000000000000000000000000000000000000000000AC
:2073E000010000000000000000000000000000000D0000000000000002000000010000007C
:20740000010000000000000000000000000000000C0000000000000002000000010000005C
:20742000010000000000000000000000000000000B0000000000000005000000010000003A
:20744000010000000000000000000000000000000A0000000000000005000000000000001C
:20746000010000000000000000000000010000000400000000000000010000000100000004
:207480000100000000000000010000000100000002000000000000000100000001000000E5
:2074A0000100000000000000000000000100000000000000000000000100000000000000C9
:2074C000010000000000000000000000010000001100000000000000010000000000000098
:2074E000010000000000000000000000010000000C0000000000000000000000000000007E
:20750000010000000000000000000000010000000B0000000000000001000000010000005C
:2075200001000000000000000000000001000000090000000000000001000000010000003E
:2075400001000000000000000000000001000000080000000000000001000000010000001F
:20756000010000000000000000000000020000000300000000000000000000000000000005
:207580000100000000000000000000000200000002000000000000000000000000000000E6
:2075A0000100000000000000000000000200000001000000000000000000000000000000C7
:2075C0000100000000000000000000000200000000000000000000000000000000000000A8
:2075E000010000000000000000000000020000001000000000000000000000000000000078
:20760000010000000000000000000000020000000F00000000000000000000000000000058
:2076200001000000000000000000000002000000080000000000000001000000000000003E
:2076400001000000000000000000000002000000070000000000000002000000010000001D
:207660000100000000000000000000000200000006000000000000000200000000000000FF
:207680000100000000000000000000000300000010000000000000000600000000000000D0
:2076A000010000000000000000000000030000000F000000000000000100000001000000B5
:2076C000010000000000000001000000030000000D00000000000000050000000100000092
:2076E000010000000000000000000000030000000B00000000000000050000000100000075
:20770000010000000000000000000000030000000A00000000000000050000000000000056
:20772000010000000000000000000000030000000200000000000000010000000100000041
:20774000010000000000000001000000040000001000000000000000010000000100000011
:20776000010000000000000001000000040000000F000000000000000100000001000000F2
:207780000100000000000000000000000400000003000000000000000100000001000000DF
:2077A000010000000000000001000000040000000C000000000000000100000001000000B5
:2077C000010000000000000000000000040000000800000000000000020000000100000099
:2077E00001000000000000000000000004000000070000000000000001000000010000007B
:2078000001000000000000000000000004000000010000000000000004000000010000005D
:2078200001000000000000000000000004000000000000000000000004000000000000003F
:2078400001000000000000000000000027002F0060780100C0780100D07801006C73010096
:207860000100030004000500080009000E000F0010001100210023002500260027002A00CC
:207880002D002E002F0030004400450049004A004B004C004D004E0051006000610063006B
:2078A0006400650066006700680069006C006E0071008200860089008B008D008E000000DF
:2078C000000000000000000001000000000000009000010001000000010101008F00000083
:2078E00001000000010101008300010001000000010101008C00000001000000010101006C
:207900007000000000000000000001006F00010001000000010101006D0000000100000014
:20792000000001006B00010001000000000001008800000001000000000001002400010029
:2079400001000000010101004300000000000000000001004200000000000000000001009C
:207960006A000000000000000000010041000000000000000000010040000000000000001A
:20798000000001005000000000000000000001004F000000000000000000010048000000FD
:2079A00000000000010101002200000001000000010101002000000000000000010101007B
:2079C00007000000000000000000010006000000000000000101010087000000010000000E
:2079E000010101003100000000000000010101002C000000000000000000010062000100C0
:207A000001000000010101000200000001000000010101002B00000001000000010101002D
:207A20002900000001000000010101002800000001000000010101000000000000000000ED
:207A4000000001004700000001000000000001004600000000000000000001000D00010087
:207A600001000000000001000C00000001000000000001000B0000000100000000000100E9
:207A80000A00000000000000000001008100010001000000000001008000000000000000D7
:207AA00000000100A87A010027000000B87A0100547B01004C7801000100000001000000B1
:207AC00001000000010000000100000001000000010000000100000001000000010000009E
:207AE00001000000010000000100000001000000010000000100000001000000010000007E
:207B000001000000010000000100000001000000010000000100000001000000010000005D
:207B200001000000010000000100000001000000010000000100000001000000010000003D
:207B4000010000000100000001000000010000000100000001000000030000000068890922
:207B60000000000001000000030000000001000000000000010000000100000000000000FE
:207B800000000000010000000000000002000000030000003C0000000000000000000000A3
:207BA0000068890900010000000000000000000000000000000000000000000000000000CA
:207BC0000000000000000000000000000000000000000000000000000000000000000000A5
:207BE000010000000100000000000000000000000000000000000000000000000000000083
:207C0000000000000000000000000000000000000000000000000000000100000000000063
:207C20000000000081DF00000000000001010000000000000000000081DF00000100000081
:207C400002010000030000000000000081DF000002000000030000004E0000000200000069
:207C6000000000000D01000095E60000403B00200B01000000366E0101000000000000002E
:207C80000000000000000000907C0100987C010000000000A87C010000000000C07C010060
:207CA000A47C0100787C01000000000000000001000000000000000000E2040000000000C7
:207CC0000000000000000001000000000000000000190000000000007C2E0020004002403E
:207CE0000050024000800340009003400040024000500240008003400090034000000000B2
:207D0000000000000200000400000002040000000400020000060000000200000600000043
:207D2000020000060400000200040600040000000000000000000000000000000000000027
:207D400000000000000000000001000000040000000000000000000000000000000000001E
:207D6000000000000000000000000000000000000000000000000000000000000000000003
:207D80000001000000000000907E010001000000987E010014000000387F010001000000EE
:207DA0001C380020060000004C380020060000007C3800200600000000000000AC380020C1
:207DC0000200000000000000000000000100000000000000646001000000000001000000DA
:207DE000B038002002000000000000000000000001000000000000006C60010000000000AB
:207E000002000000B43800200200000000000000000000000100000000000000746001007C
:207E20000000000003000000B838002002000000000000000000000001000000000000002C
:207E40007C6001000000000004000000BC380020010000000000000000000000010000002B
:207E600000000000846001000000000005000000C0380020020000000000000000000000FE
:207E8000010000000000000088600100000000000B0000001B0000000300000014010000BA
:207EA000020000001411000004000000140300000300000014030000040000001405000049
:207EC000030000001405000004000000140400000300000014040000040000001407000030
:207EE000030000001407000006000000148000000400000014010000050000001480000018
:207F00000300000014020000040000001402000001000000141000000200000014100000E3
:207F20000500000014060000010000001411000006000000140600001300000000000000C9
:207F400000F00F4040F00F4080F00F40C0F00F4000F10F4000000000040000000100000060
:207F60000500000002000000060000000500000001000000060000000700000007000000DA
:207F80000000000009000000080000000A000000020000000B000000090000000C000000A4
:207FA0000A0000000D0000000B0000000F0000000C000000550000000E000000FF00000022
:207FC000030000000000000000000000010000000100000002000000020000000400000094
:207FE000040000000500000005000000060000000600000007000000070000000800000051
:208000000800000009000000090000000A0000000A0000000B0000000B0000000C00000010
:208020000C0000000D0000000D0000000E0000000E0000000F0000000F00000010000000D0
:20804000100000000000000000000000010000000100000002000000020000000400000006
:208060000400000005000000050000000600000006000000070000000700000008000000D0
:208080000800000009000000090000000A0000000A0000000B0000000B0000000C00000090
:2080A0000C0000000D0000000D0000000E0000000E0000000F0000000F0000001000000050
:2080C000100000006C82010001000000708201000500000084820100060000009C8201007C
:2080E000060000009C820100060000009C820100060000009C82010006000000B4820100D4
:2081000006000000B482010006000000CC82010006000000CC82010006000000E48201000B
:2081200004000000E482010004000000E482010004000000E482010004000000E482010093
:2081400004000000E482010004000000E482010004000000E482010004000000F482010063
:2081600006000000F482010006000000F482010006000000F482010006000000F48201000B
:2081800006000000F4820100060000000C830100060000000C830100060000000C830100A0
:2081A000060000000C83010006000000248301000600000024830100060000003C83010007
:2081C000060000003C8301000600000000000000000000005483010005000000548301001E
:2081E0000500000068830100010000006C83010001000000708301000100000074830100AF
:2082000001000000788301000500000000000000000000008C830100010000009083010037
:208220000100000094830100050000009483010005000000948301000500000094830100CE
:20824000050000009483010005000000A883010001000000AC83010001000000B08301006A
:2082600001000000B4830100010000000000000000000000010000000200000003000000BE
:208280000400000000000000010000000200000003000000040000000500000000000000CB
:2082A0000100000002000000030000000400000005000000000000000100000002000000AC
:2082C000030000000400000005000000000000000100000002000000030000000400000088
:2082E00005000000000000000300000004000000050000000000000001000000020000006A
:20830000030000000400000005000000000000000100000002000000030000000400000047
:20832000050000000000000001000000020000000300000004000000050000000000000029
:2083400001000000020000000300000004000000050000000000000001000000020000000B
:208360000300000004000000070000000700000007000000070000000000000003000000D7
:208380000400000005000000060000000800000008000000000000000100000002000000BB
:2083A000030000000400000008000000080000000800000008000000200000000400000072
:2083C00000F00F4040F00F4080F00F40C0F00F4000F10F400090044000A0044000B0044035
:2083E00000000540001005400090044000A0044000B004400000054000100540000001009C
:20840000000000010000000200000004000000080000001000000020000004400000044095
:2084200000A0064000B0064000C006400000074000100740002007400100000082000000D2
:20844000040000000800000000000000010000000001000000020000000400008F07000072
:2084600000A0064000B0064000C00640000007400010074000200740010000000200000012
:208480000400000008000000100000002000000040000000800000009E0000000001000041
:2084A0000002000000040000000800000010000000200000004000000080000004000000BA
:2084C00074030020FC850100FC85010074030020FC850100B787010030050020B887010014
:2084E000B98701000000002000000000740300000100000040050020683B0020342143786B
:208500000000030100800300070000000000000000E001000020000000E0010000010000EA
:20852000030000000000000000800300000004000080030000000400060000000000000024
:2085400000800700FF7F000000800700FF7F00000000000000000000000000000000000011
:208560000000000000000000000000000000000000000000000000000000000000000000FB
:208580000000000000000000000000000000000000000000000000000000000000000000DB
:2085A0000000000000000000000000000000000000000000000000000000000000000000BB
:2085C00000000000000000000000000000000000000000000000000000000000000000009B
:2085E00000000000000000000000000000000000000000000000000087341243000000006B
:20860000CC030020000000000100000000000000000000000000000000000000000000006A
:20862000000000000000000000000000000000000000000000000000EC05002040000000E9
:2086400000000000000000000000000000000000000000000B0000001B00000000000000F4
:208660000000000000000000000101000000000000000000000000000000000000000000F8
:208680009D1F0000010000003412341200E000200100B7E9744B45FAA620D31C30E963863B
:2086A000E9CD5FB993DECA45C9D60894F77DB9EEA9D078457694809DF70524D730E2C00FE1
:2086C000046E605323BD5003BF2CA9BBB45CC5115A1DCE257D42034F7E1C7A3E1A68E89A3C
:2086E00000108D1828AC26BD71AE4AC9B9230B9BC1016746A9015E70F1D9BD7F564B9761D4
:2087000064FFC1D96E93AB4066D5CBF402F5FC531151A9805C0716ABCB9825FE02F3897EFF
:2087200057917A64CC2C7A71E88333590AA95923CF4A6BE4241AF78CA9045D65B674871908
:208740004249E36903DDA4C975FEA73C07C191675445FE5FCF4572F8BD4795BA81A754504C
:208760005529922F8182719B431CEB2716CA87E2BA83A01E85EF75E463882D0B5376B6B3D4
:20878000D66819E26C2B674F0A9DDEFE934243CE87AD0001000131DDD9EC24201A6A825D3A
:2087A000840218609AAB65B04EFA44A04A9912F4BAE8E691BB9C55FF01FFFFFFFFFFFFFF8E
:2087C000FFFFFFFFFFFFFFFFFFFFFFFFFFFFFFFFFFFFFFFFFFFFFFFFFFFFFFFFFFFFFFFFB9
:2087E000FFFFFFFFFFFFFFFFFFFFFFFFFFFFFFFFFFFFFFFFFFFFFFFFFFFFFFFFFFFFFFFF99
:20880000FFFFFFFFFFFFFFFFFFFFFFFFFFFFFFFFFFFFFFFFFFFFFFFFFFFFFFFFFFFFFFFF78
:20882000FFFFFFFFFFFFFFFFFFFFFFFFFFFFFFFFFFFFFFFFFFFFFFFFFFFFFFFFFFFFFFFF58
:20884000FFFFFFFFFFFFFFFFFFFFFFFFFFFFFFFFFFFFFFFFFFFFFFFFFFFFFFFFFFFFFFFF38
:20886000FFFFFFFFFFFFFFFFFFFFFFFFFFFFFFFFFFFFFFFFFFFFFFFFFFFFFFFFFFFFFFFF18
:20888000FFFFFFFFFFFFFFFFFFFFFFFFFFFFFFFFFFFFFFFFFFFFFFFFFFFFFFFFFFFFFFFFF8
:2088A000FFFFFFFFFFFFFFFFFFFFFFFFFFFFFFFFFFFFFFFFFFFFFFFFFFFFFFFFFFFFFFFFD8
:2088C000FFFFFFFFFFFFFFFFFFFFFFFFFFFFFFFFFFFFFFFFFFFFFFFFFFFFFFFFFFFFFFFFB8
:2088E000FFFFFFFFFFFFFFFFFFFFFFFFFFFFFFFFFFFFFFFFFFFFFFFFFFFFFFFFFFFFFFFF98
:20890000FFFFFFFFFFFFFFFFFFFFFFFFFFFFFFFFFFFFFFFFFFFFFFFFFFFFFFFFFFFFFFFF77
:20892000FFFFFFFFFFFFFFFFFFFFFFFFFFFFFFFFFFFFFFFFFFFFFFFFFFFFFFFFFFFFFFFF57
:20894000FFFFFFFFFFFFFFFFFFFFFFFFFFFFFFFFFFFFFFFFFFFFFFFFFFFFFFFFFFFFFFFF37
:20896000FFFFFFFFFFFFFFFFFFFFFFFFFFFFFFFFFFFFFFFFFFFFFFFFFFFFFFFFFFFFFFFF17
:20898000FFFFFFFFFFFFFFFFFFFFFFFFFFFFFFFFFFFFFFFFFFFFFFFFFFFFFFFFFFFFFFFFF7
:2089A000FFFFFFFFFFFFFFFFFFFFFFFFFFFFFFFFFFFFFFFFFFFFFFFFFFFFFFFFFFFFFFFFD7
:2089C000FFFFFFFFFFFFFFFFFFFFFFFFFFFFFFFFFFFFFFFFFFFFFFFFFFFFFFFFFFFFFFFFB7
:2089E000FFFFFFFFFFFFFFFFFFFFFFFFFFFFFFFFFFFFFFFFFFFFFFFFFFFFFFFFFFFFFFFF97
:208A0000FFFFFFFFFFFFFFFFFFFFFFFFFFFFFFFFFFFFFFFFFFFFFFFFFFFFFFFFFFFFFFFF76
:208A2000FFFFFFFFFFFFFFFFFFFFFFFFFFFFFFFFFFFFFFFFFFFFFFFFFFFFFFFFFFFFFFFF56
:208A4000FFFFFFFFFFFFFFFFFFFFFFFFFFFFFFFFFFFFFFFFFFFFFFFFFFFFFFFFFFFFFFFF36
:208A6000FFFFFFFFFFFFFFFFFFFFFFFFFFFFFFFFFFFFFFFFFFFFFFFFFFFFFFFFFFFFFFFF16
:208A8000FFFFFFFFFFFFFFFFFFFFFFFFFFFFFFFFFFFFFFFFFFFFFFFFFFFFFFFFFFFFFFFFF6
:208AA000FFFFFFFFFFFFFFFFFFFFFFFFFFFFFFFFFFFFFFFFFFFFFFFFFFFFFFFFFFFFFFFFD6
:208AC000FFFFFFFFFFFFFFFFFFFFFFFFFFFFFFFFFFFFFFFFFFFFFFFFFFFFFFFFFFFFFFFFB6
:208AE000FFFFFFFFFFFFFFFFFFFFFFFFFFFFFFFFFFFFFFFFFFFFFFFFFFFFFFFFFFFFFFFF96
:208B0000FFFFFFFFFFFFFFFFFFFFFFFFFFFFFFFFFFFFFFFFFFFFFFFFFFFFFFFFFFFFFFFF75
:208B2000FFFFFFFFFFFFFFFFFFFFFFFFFFFFFFFFFFFFFFFFFFFFFFFFFFFFFFFFFFFFFFFF55
:208B4000FFFFFFFFFFFFFFFFFFFFFFFFFFFFFFFFFFFFFFFFFFFFFFFFFFFFFFFFFFFFFFFF35
:208B6000FFFFFFFFFFFFFFFFFFFFFFFFFFFFFFFFFFFFFFFFFFFFFFFFFFFFFFFFFFFFFFFF15
:208B8000FFFFFFFFFFFFFFFFFFFFFFFFFFFFFFFFFFFFFFFFFFFFFFFFFFFFFFFFFFFFFFFFF5
:208BA000FFFFFFFFFFFFFFFFFFFFFFFFFFFFFFFFFFFFFFFFFFFFFFFFFFFFFFFFFFFFFFFFD5
:208BC000FFFFFFFFFFFFFFFFFFFFFFFFFFFFFFFFFFFFFFFFFFFFFFFFFFFFFFFFFFFFFFFFB5
:208BE000FFFFFFFFFFFFFFFFFFFFFFFFFFFFFFFFFFFFFFFFFFFFFFFFFFFFFFFFFFFFFFFF95
:208C0000FFFFFFFFFFFFFFFFFFFFFFFFFFFFFFFFFFFFFFFFFFFFFFFFFFFFFFFFFFFFFFFF74
:208C2000FFFFFFFFFFFFFFFFFFFFFFFFFFFFFFFFFFFFFFFFFFFFFFFFFFFFFFFFFFFFFFFF54
:208C4000FFFFFFFFFFFFFFFFFFFFFFFFFFFFFFFFFFFFFFFFFFFFFFFFFFFFFFFFFFFFFFFF34
:208C6000FFFFFFFFFFFFFFFFFFFFFFFFFFFFFFFFFFFFFFFFFFFFFFFFFFFFFFFFFFFFFFFF14
:208C8000FFFFFFFFFFFFFFFFFFFFFFFFFFFFFFFFFFFFFFFFFFFFFFFFFFFFFFFFFFFFFFFFF4
:208CA000FFFFFFFFFFFFFFFFFFFFFFFFFFFFFFFFFFFFFFFFFFFFFFFFFFFFFFFFFFFFFFFFD4
:208CC000FFFFFFFFFFFFFFFFFFFFFFFFFFFFFFFFFFFFFFFFFFFFFFFFFFFFFFFFFFFFFFFFB4
:208CE000FFFFFFFFFFFFFFFFFFFFFFFFFFFFFFFFFFFFFFFFFFFFFFFFFFFFFFFFFFFFFFFF94
:208D0000FFFFFFFFFFFFFFFFFFFFFFFFFFFFFFFFFFFFFFFFFFFFFFFFFFFFFFFFFFFFFFFF73
:208D2000FFFFFFFFFFFFFFFFFFFFFFFFFFFFFFFFFFFFFFFFFFFFFFFFFFFFFFFFFFFFFFFF53
:208D4000FFFFFFFFFFFFFFFFFFFFFFFFFFFFFFFFFFFFFFFFFFFFFFFFFFFFFFFFFFFFFFFF33
:208D6000FFFFFFFFFFFFFFFFFFFFFFFFFFFFFFFFFFFFFFFFFFFFFFFFFFFFFFFFFFFFFFFF13
:208D8000FFFFFFFFFFFFFFFFFFFFFFFFFFFFFFFFFFFFFFFFFFFFFFFFFFFFFFFFFFFFFFFFF3
:208DA000FFFFFFFFFFFFFFFFFFFFFFFFFFFFFFFFFFFFFFFFFFFFFFFFFFFFFFFFFFFFFFFFD3
:208DC000FFFFFFFFFFFFFFFFFFFFFFFFFFFFFFFFFFFFFFFFFFFFFFFFFFFFFFFFFFFFFFFFB3
:208DE000FFFFFFFFFFFFFFFFFFFFFFFFFFFFFFFFFFFFFFFFFFFFFFFFFFFFFFFFFFFFFFFF93
:208E0000FFFFFFFFFFFFFFFFFFFFFFFFFFFFFFFFFFFFFFFFFFFFFFFFFFFFFFFFFFFFFFFF72
:208E2000FFFFFFFFFFFFFFFFFFFFFFFFFFFFFFFFFFFFFFFFFFFFFFFFFFFFFFFFFFFFFFFF52
:208E4000FFFFFFFFFFFFFFFFFFFFFFFFFFFFFFFFFFFFFFFFFFFFFFFFFFFFFFFFFFFFFFFF32
:208E6000FFFFFFFFFFFFFFFFFFFFFFFFFFFFFFFFFFFFFFFFFFFFFFFFFFFFFFFFFFFFFFFF12
:208E8000FFFFFFFFFFFFFFFFFFFFFFFFFFFFFFFFFFFFFFFFFFFFFFFFFFFFFFFFFFFFFFFFF2
:208EA000FFFFFFFFFFFFFFFFFFFFFFFFFFFFFFFFFFFFFFFFFFFFFFFFFFFFFFFFFFFFFFFFD2
:208EC000FFFFFFFFFFFFFFFFFFFFFFFFFFFFFFFFFFFFFFFFFFFFFFFFFFFFFFFFFFFFFFFFB2
:208EE000FFFFFFFFFFFFFFFFFFFFFFFFFFFFFFFFFFFFFFFFFFFFFFFFFFFFFFFFFFFFFFFF92
:208F0000FFFFFFFFFFFFFFFFFFFFFFFFFFFFFFFFFFFFFFFFFFFFFFFFFFFFFFFFFFFFFFFF71
:208F2000FFFFFFFFFFFFFFFFFFFFFFFFFFFFFFFFFFFFFFFFFFFFFFFFFFFFFFFFFFFFFFFF51
:208F4000FFFFFFFFFFFFFFFFFFFFFFFFFFFFFFFFFFFFFFFFFFFFFFFFFFFFFFFFFFFFFFFF31
:208F6000FFFFFFFFFFFFFFFFFFFFFFFFFFFFFFFFFFFFFFFFFFFFFFFFFFFFFFFFFFFFFFFF11
:208F8000FFFFFFFFFFFFFFFFFFFFFFFFFFFFFFFFFFFFFFFFFFFFFFFFFFFFFFFFFFFFFFFFF1
:208FA000FFFFFFFFFFFFFFFFFFFFFFFFFFFFFFFFFFFFFFFFFFFFFFFFFFFFFFFFFFFFFFFFD1
:208FC000FFFFFFFFFFFFFFFFFFFFFFFFFFFFFFFFFFFFFFFFFFFFFFFFFFFFFFFFFFFFFFFFB1
:208FE000FFFFFFFFFFFFFFFFFFFFFFFFFFFFFFFFFFFFFFFFFFFFFFFFFFFFFFFFFFFFFFFF91
:20900000FFFFFFFFFFFFFFFFFFFFFFFFFFFFFFFFFFFFFFFFFFFFFFFFFFFFFFFFFFFFFFFF70
:20902000FFFFFFFFFFFFFFFFFFFFFFFFFFFFFFFFFFFFFFFFFFFFFFFFFFFFFFFFFFFFFFFF50
:20904000FFFFFFFFFFFFFFFFFFFFFFFFFFFFFFFFFFFFFFFFFFFFFFFFFFFFFFFFFFFFFFFF30
:20906000FFFFFFFFFFFFFFFFFFFFFFFFFFFFFFFFFFFFFFFFFFFFFFFFFFFFFFFFFFFFFFFF10
:20908000FFFFFFFFFFFFFFFFFFFFFFFFFFFFFFFFFFFFFFFFFFFFFFFFFFFFFFFFFFFFFFFFF0
:2090A000FFFFFFFFFFFFFFFFFFFFFFFFFFFFFFFFFFFFFFFFFFFFFFFFFFFFFFFFFFFFFFFFD0
:2090C000FFFFFFFFFFFFFFFFFFFFFFFFFFFFFFFFFFFFFFFFFFFFFFFFFFFFFFFFFFFFFFFFB0
:2090E000FFFFFFFFFFFFFFFFFFFFFFFFFFFFFFFFFFFFFFFFFFFFFFFFFFFFFFFFFFFFFFFF90
:20910000FFFFFFFFFFFFFFFFFFFFFFFFFFFFFFFFFFFFFFFFFFFFFFFFFFFFFFFFFFFFFFFF6F
:20912000FFFFFFFFFFFFFFFFFFFFFFFFFFFFFFFFFFFFFFFFFFFFFFFFFFFFFFFFFFFFFFFF4F
:20914000FFFFFFFFFFFFFFFFFFFFFFFFFFFFFFFFFFFFFFFFFFFFFFFFFFFFFFFFFFFFFFFF2F
:20916000FFFFFFFFFFFFFFFFFFFFFFFFFFFFFFFFFFFFFFFFFFFFFFFFFFFFFFFFFFFFFFFF0F
:20918000FFFFFFFFFFFFFFFFFFFFFFFFFFFFFFFFFFFFFFFFFFFFFFFFFFFFFFFFFFFFFFFFEF
:2091A000FFFFFFFFFFFFFFFFFFFFFFFFFFFFFFFFFFFFFFFFFFFFFFFFFFFFFFFFFFFFFFFFCF
:2091C000FFFFFFFFFFFFFFFFFFFFFFFFFFFFFFFFFFFFFFFFFFFFFFFFFFFFFFFFFFFFFFFFAF
:2091E000FFFFFFFFFFFFFFFFFFFFFFFFFFFFFFFFFFFFFFFFFFFFFFFFFFFFFFFFFFFFFFFF8F
:20920000FFFFFFFFFFFFFFFFFFFFFFFFFFFFFFFFFFFFFFFFFFFFFFFFFFFFFFFFFFFFFFFF6E
:20922000FFFFFFFFFFFFFFFFFFFFFFFFFFFFFFFFFFFFFFFFFFFFFFFFFFFFFFFFFFFFFFFF4E
:20924000FFFFFFFFFFFFFFFFFFFFFFFFFFFFFFFFFFFFFFFFFFFFFFFFFFFFFFFFFFFFFFFF2E
:20926000FFFFFFFFFFFFFFFFFFFFFFFFFFFFFFFFFFFFFFFFFFFFFFFFFFFFFFFFFFFFFFFF0E
:20928000FFFFFFFFFFFFFFFFFFFFFFFFFFFFFFFFFFFFFFFFFFFFFFFFFFFFFFFFFFFFFFFFEE
:2092A000FFFFFFFFFFFFFFFFFFFFFFFFFFFFFFFFFFFFFFFFFFFFFFFFFFFFFFFFFFFFFFFFCE
:2092C000FFFFFFFFFFFFFFFFFFFFFFFFFFFFFFFFFFFFFFFFFFFFFFFFFFFFFFFFFFFFFFFFAE
:2092E000FFFFFFFFFFFFFFFFFFFFFFFFFFFFFFFFFFFFFFFFFFFFFFFFFFFFFFFFFFFFFFFF8E
:20930000FFFFFFFFFFFFFFFFFFFFFFFFFFFFFFFFFFFFFFFFFFFFFFFFFFFFFFFFFFFFFFFF6D
:20932000FFFFFFFFFFFFFFFFFFFFFFFFFFFFFFFFFFFFFFFFFFFFFFFFFFFFFFFFFFFFFFFF4D
:20934000FFFFFFFFFFFFFFFFFFFFFFFFFFFFFFFFFFFFFFFFFFFFFFFFFFFFFFFFFFFFFFFF2D
:20936000FFFFFFFFFFFFFFFFFFFFFFFFFFFFFFFFFFFFFFFFFFFFFFFFFFFFFFFFFFFFFFFF0D
:20938000FFFFFFFFFFFFFFFFFFFFFFFFFFFFFFFFFFFFFFFFFFFFFFFFFFFFFFFFFFFFFFFFED
:2093A000FFFFFFFFFFFFFFFFFFFFFFFFFFFFFFFFFFFFFFFFFFFFFFFFFFFFFFFFFFFFFFFFCD
:2093C000FFFFFFFFFFFFFFFFFFFFFFFFFFFFFFFFFFFFFFFFFFFFFFFFFFFFFFFFFFFFFFFFAD
:2093E000FFFFFFFFFFFFFFFFFFFFFFFFFFFFFFFFFFFFFFFFFFFFFFFFFFFFFFFFFFFFFFFF8D
:20940000FFFFFFFFFFFFFFFFFFFFFFFFFFFFFFFFFFFFFFFFFFFFFFFFFFFFFFFFFFFFFFFF6C
:20942000FFFFFFFFFFFFFFFFFFFFFFFFFFFFFFFFFFFFFFFFFFFFFFFFFFFFFFFFFFFFFFFF4C
:20944000FFFFFFFFFFFFFFFFFFFFFFFFFFFFFFFFFFFFFFFFFFFFFFFFFFFFFFFFFFFFFFFF2C
:20946000FFFFFFFFFFFFFFFFFFFFFFFFFFFFFFFFFFFFFFFFFFFFFFFFFFFFFFFFFFFFFFFF0C
:20948000FFFFFFFFFFFFFFFFFFFFFFFFFFFFFFFFFFFFFFFFFFFFFFFFFFFFFFFFFFFFFFFFEC
:2094A000FFFFFFFFFFFFFFFFFFFFFFFFFFFFFFFFFFFFFFFFFFFFFFFFFFFFFFFFFFFFFFFFCC
:2094C000FFFFFFFFFFFFFFFFFFFFFFFFFFFFFFFFFFFFFFFFFFFFFFFFFFFFFFFFFFFFFFFFAC
:2094E000FFFFFFFFFFFFFFFFFFFFFFFFFFFFFFFFFFFFFFFFFFFFFFFFFFFFFFFFFFFFFFFF8C
:20950000FFFFFFFFFFFFFFFFFFFFFFFFFFFFFFFFFFFFFFFFFFFFFFFFFFFFFFFFFFFFFFFF6B
:20952000FFFFFFFFFFFFFFFFFFFFFFFFFFFFFFFFFFFFFFFFFFFFFFFFFFFFFFFFFFFFFFFF4B
:20954000FFFFFFFFFFFFFFFFFFFFFFFFFFFFFFFFFFFFFFFFFFFFFFFFFFFFFFFFFFFFFFFF2B
:20956000FFFFFFFFFFFFFFFFFFFFFFFFFFFFFFFFFFFFFFFFFFFFFFFFFFFFFFFFFFFFFFFF0B
:20958000FFFFFFFFFFFFFFFFFFFFFFFFFFFFFFFFFFFFFFFFFFFFFFFFFFFFFFFFFFFFFFFFEB
:2095A000FFFFFFFFFFFFFFFFFFFFFFFFFFFFFFFFFFFFFFFFFFFFFFFFFFFFFFFFFFFFFFFFCB
:2095C000FFFFFFFFFFFFFFFFFFFFFFFFFFFFFFFFFFFFFFFFFFFFFFFFFFFFFFFFFFFFFFFFAB
:2095E000FFFFFFFFFFFFFFFFFFFFFFFFFFFFFFFFFFFFFFFFFFFFFFFFFFFFFFFFFFFFFFFF8B
:20960000FFFFFFFFFFFFFFFFFFFFFFFFFFFFFFFFFFFFFFFFFFFFFFFFFFFFFFFFFFFFFFFF6A
:20962000FFFFFFFFFFFFFFFFFFFFFFFFFFFFFFFFFFFFFFFFFFFFFFFFFFFFFFFFFFFFFFFF4A
:20964000FFFFFFFFFFFFFFFFFFFFFFFFFFFFFFFFFFFFFFFFFFFFFFFFFFFFFFFFFFFFFFFF2A
:20966000FFFFFFFFFFFFFFFFFFFFFFFFFFFFFFFFFFFFFFFFFFFFFFFFFFFFFFFFFFFFFFFF0A
:20968000FFFFFFFFFFFFFFFFFFFFFFFFFFFFFFFFFFFFFFFFFFFFFFFFFFFFFFFFFFFFFFFFEA
:2096A000FFFFFFFFFFFFFFFFFFFFFFFFFFFFFFFFFFFFFFFFFFFFFFFFFFFFFFFFFFFFFFFFCA
:2096C000FFFFFFFFFFFFFFFFFFFFFFFFFFFFFFFFFFFFFFFFFFFFFFFFFFFFFFFFFFFFFFFFAA
:2096E000FFFFFFFFFFFFFFFFFFFFFFFFFFFFFFFFFFFFFFFFFFFFFFFFFFFFFFFFFFFFFFFF8A
:20970000FFFFFFFFFFFFFFFFFFFFFFFFFFFFFFFFFFFFFFFFFFFFFFFFFFFFFFFFFFFFFFFF69
:20972000FFFFFFFFFFFFFFFFFFFFFFFFFFFFFFFFFFFFFFFFFFFFFFFFFFFFFFFFFFFFFFFF49
:20974000FFFFFFFFFFFFFFFFFFFFFFFFFFFFFFFFFFFFFFFFFFFFFFFFFFFFFFFFFFFFFFFF29
:20976000FFFFFFFFFFFFFFFFFFFFFFFFFFFFFFFFFFFFFFFFFFFFFFFFFFFFFFFFFFFFFFFF09
:20978000FFFFFFFFFFFFFFFFFFFFFFFFFFFFFFFFFFFFFFFFFFFFFFFFFFFFFFFFFFFFFFFFE9
:2097A000FFFFFFFFFFFFFFFFFFFFFFFFFFFFFFFFFFFFFFFFFFFFFFFFFFFFFFFFFFFFFFFFC9
:2097C000FFFFFFFFFFFFFFFFFFFFFFFFFFFFFFFFFFFFFFFFFFFFFFFFFFFFFFFFFFFFFFFFA9
:2097E000FFFFFFFFFFFFFFFFFFFFFFFFFFFFFFFFFFFFFFFFFFFFFFFFFFFFFFFFFFFFFFFF89
:20980000FFFFFFFFFFFFFFFFFFFFFFFFFFFFFFFFFFFFFFFFFFFFFFFFFFFFFFFFFFFFFFFF68
:20982000FFFFFFFFFFFFFFFFFFFFFFFFFFFFFFFFFFFFFFFFFFFFFFFFFFFFFFFFFFFFFFFF48
:20984000FFFFFFFFFFFFFFFFFFFFFFFFFFFFFFFFFFFFFFFFFFFFFFFFFFFFFFFFFFFFFFFF28
:20986000FFFFFFFFFFFFFFFFFFFFFFFFFFFFFFFFFFFFFFFFFFFFFFFFFFFFFFFFFFFFFFFF08
:20988000FFFFFFFFFFFFFFFFFFFFFFFFFFFFFFFFFFFFFFFFFFFFFFFFFFFFFFFFFFFFFFFFE8
:2098A000FFFFFFFFFFFFFFFFFFFFFFFFFFFFFFFFFFFFFFFFFFFFFFFFFFFFFFFFFFFFFFFFC8
:2098C000FFFFFFFFFFFFFFFFFFFFFFFFFFFFFFFFFFFFFFFFFFFFFFFFFFFFFFFFFFFFFFFFA8
:2098E000FFFFFFFFFFFFFFFFFFFFFFFFFFFFFFFFFFFFFFFFFFFFFFFFFFFFFFFFFFFFFFFF88
:20990000FFFFFFFFFFFFFFFFFFFFFFFFFFFFFFFFFFFFFFFFFFFFFFFFFFFFFFFFFFFFFFFF67
:20992000FFFFFFFFFFFFFFFFFFFFFFFFFFFFFFFFFFFFFFFFFFFFFFFFFFFFFFFFFFFFFFFF47
:20994000FFFFFFFFFFFFFFFFFFFFFFFFFFFFFFFFFFFFFFFFFFFFFFFFFFFFFFFFFFFFFFFF27
:20996000FFFFFFFFFFFFFFFFFFFFFFFFFFFFFFFFFFFFFFFFFFFFFFFFFFFFFFFFFFFFFFFF07
:20998000FFFFFFFFFFFFFFFFFFFFFFFFFFFFFFFFFFFFFFFFFFFFFFFFFFFFFFFFFFFFFFFFE7
:2099A000FFFFFFFFFFFFFFFFFFFFFFFFFFFFFFFFFFFFFFFFFFFFFFFFFFFFFFFFFFFFFFFFC7
:2099C000FFFFFFFFFFFFFFFFFFFFFFFFFFFFFFFFFFFFFFFFFFFFFFFFFFFFFFFFFFFFFFFFA7
:2099E000FFFFFFFFFFFFFFFFFFFFFFFFFFFFFFFFFFFFFFFFFFFFFFFFFFFFFFFFFFFFFFFF87
:209A0000FFFFFFFFFFFFFFFFFFFFFFFFFFFFFFFFFFFFFFFFFFFFFFFFFFFFFFFFFFFFFFFF66
:209A2000FFFFFFFFFFFFFFFFFFFFFFFFFFFFFFFFFFFFFFFFFFFFFFFFFFFFFFFFFFFFFFFF46
:209A4000FFFFFFFFFFFFFFFFFFFFFFFFFFFFFFFFFFFFFFFFFFFFFFFFFFFFFFFFFFFFFFFF26
:209A6000FFFFFFFFFFFFFFFFFFFFFFFFFFFFFFFFFFFFFFFFFFFFFFFFFFFFFFFFFFFFFFFF06
:209A8000FFFFFFFFFFFFFFFFFFFFFFFFFFFFFFFFFFFFFFFFFFFFFFFFFFFFFFFFFFFFFFFFE6
:209AA000FFFFFFFFFFFFFFFFFFFFFFFFFFFFFFFFFFFFFFFFFFFFFFFFFFFFFFFFFFFFFFFFC6
:209AC000FFFFFFFFFFFFFFFFFFFFFFFFFFFFFFFFFFFFFFFFFFFFFFFFFFFFFFFFFFFFFFFFA6
:209AE000FFFFFFFFFFFFFFFFFFFFFFFFFFFFFFFFFFFFFFFFFFFFFFFFFFFFFFFFFFFFFFFF86
:209B0000FFFFFFFFFFFFFFFFFFFFFFFFFFFFFFFFFFFFFFFFFFFFFFFFFFFFFFFFFFFFFFFF65
:209B2000FFFFFFFFFFFFFFFFFFFFFFFFFFFFFFFFFFFFFFFFFFFFFFFFFFFFFFFFFFFFFFFF45
:209B4000FFFFFFFFFFFFFFFFFFFFFFFFFFFFFFFFFFFFFFFFFFFFFFFFFFFFFFFFFFFFFFFF25
:209B6000FFFFFFFFFFFFFFFFFFFFFFFFFFFFFFFFFFFFFFFFFFFFFFFFFFFFFFFFFFFFFFFF05
:209B8000FFFFFFFFFFFFFFFFFFFFFFFFFFFFFFFFFFFFFFFFFFFFFFFFFFFFFFFFFFFFFFFFE5
:209BA000FFFFFFFFFFFFFFFFFFFFFFFFFFFFFFFFFFFFFFFFFFFFFFFFFFFFFFFFFFFFFFFFC5
:209BC000FFFFFFFFFFFFFFFFFFFFFFFFFFFFFFFFFFFFFFFFFFFFFFFFFFFFFFFFFFFFFFFFA5
:209BE000FFFFFFFFFFFFFFFFFFFFFFFFFFFFFFFFFFFFFFFFFFFFFFFFFFFFFFFFFFFFFFFF85
:209C0000FFFFFFFFFFFFFFFFFFFFFFFFFFFFFFFFFFFFFFFFFFFFFFFFFFFFFFFFFFFFFFFF64
:209C2000FFFFFFFFFFFFFFFFFFFFFFFFFFFFFFFFFFFFFFFFFFFFFFFFFFFFFFFFFFFFFFFF44
:209C4000FFFFFFFFFFFFFFFFFFFFFFFFFFFFFFFFFFFFFFFFFFFFFFFFFFFFFFFFFFFFFFFF24
:209C6000FFFFFFFFFFFFFFFFFFFFFFFFFFFFFFFFFFFFFFFFFFFFFFFFFFFFFFFFFFFFFFFF04
:209C8000FFFFFFFFFFFFFFFFFFFFFFFFFFFFFFFFFFFFFFFFFFFFFFFFFFFFFFFFFFFFFFFFE4
:209CA000FFFFFFFFFFFFFFFFFFFFFFFFFFFFFFFFFFFFFFFFFFFFFFFFFFFFFFFFFFFFFFFFC4
:209CC000FFFFFFFFFFFFFFFFFFFFFFFFFFFFFFFFFFFFFFFFFFFFFFFFFFFFFFFFFFFFFFFFA4
:209CE000FFFFFFFFFFFFFFFFFFFFFFFFFFFFFFFFFFFFFFFFFFFFFFFFFFFFFFFFFFFFFFFF84
:209D0000FFFFFFFFFFFFFFFFFFFFFFFFFFFFFFFFFFFFFFFFFFFFFFFFFFFFFFFFFFFFFFFF63
:209D2000FFFFFFFFFFFFFFFFFFFFFFFFFFFFFFFFFFFFFFFFFFFFFFFFFFFFFFFFFFFFFFFF43
:209D4000FFFFFFFFFFFFFFFFFFFFFFFFFFFFFFFFFFFFFFFFFFFFFFFFFFFFFFFFFFFFFFFF23
:209D6000FFFFFFFFFFFFFFFFFFFFFFFFFFFFFFFFFFFFFFFFFFFFFFFFFFFFFFFFFFFFFFFF03
:209D8000FFFFFFFFFFFFFFFFFFFFFFFFFFFFFFFFFFFFFFFFFFFFFFFFFFFFFFFFFFFFFFFFE3
:209DA000FFFFFFFFFFFFFFFFFFFFFFFFFFFFFFFFFFFFFFFFFFFFFFFFFFFFFFFFFFFFFFFFC3
:209DC000FFFFFFFFFFFFFFFFFFFFFFFFFFFFFFFFFFFFFFFFFFFFFFFFFFFFFFFFFFFFFFFFA3
:209DE000FFFFFFFFFFFFFFFFFFFFFFFFFFFFFFFFFFFFFFFFFFFFFFFFFFFFFFFFFFFFFFFF83
:209E0000FFFFFFFFFFFFFFFFFFFFFFFFFFFFFFFFFFFFFFFFFFFFFFFFFFFFFFFFFFFFFFFF62
:209E2000FFFFFFFFFFFFFFFFFFFFFFFFFFFFFFFFFFFFFFFFFFFFFFFFFFFFFFFFFFFFFFFF42
:209E4000FFFFFFFFFFFFFFFFFFFFFFFFFFFFFFFFFFFFFFFFFFFFFFFFFFFFFFFFFFFFFFFF22
:209E6000FFFFFFFFFFFFFFFFFFFFFFFFFFFFFFFFFFFFFFFFFFFFFFFFFFFFFFFFFFFFFFFF02
:209E8000FFFFFFFFFFFFFFFFFFFFFFFFFFFFFFFFFFFFFFFFFFFFFFFFFFFFFFFFFFFFFFFFE2
:209EA000FFFFFFFFFFFFFFFFFFFFFFFFFFFFFFFFFFFFFFFFFFFFFFFFFFFFFFFFFFFFFFFFC2
:209EC000FFFFFFFFFFFFFFFFFFFFFFFFFFFFFFFFFFFFFFFFFFFFFFFFFFFFFFFFFFFFFFFFA2
:209EE000FFFFFFFFFFFFFFFFFFFFFFFFFFFFFFFFFFFFFFFFFFFFFFFFFFFFFFFFFFFFFFFF82
:209F0000FFFFFFFFFFFFFFFFFFFFFFFFFFFFFFFFFFFFFFFFFFFFFFFFFFFFFFFFFFFFFFFF61
:209F2000FFFFFFFFFFFFFFFFFFFFFFFFFFFFFFFFFFFFFFFFFFFFFFFFFFFFFFFFFFFFFFFF41
:209F4000FFFFFFFFFFFFFFFFFFFFFFFFFFFFFFFFFFFFFFFFFFFFFFFFFFFFFFFFFFFFFFFF21
:209F6000FFFFFFFFFFFFFFFFFFFFFFFFFFFFFFFFFFFFFFFFFFFFFFFFFFFFFFFFFFFFFFFF01
:209F8000FFFFFFFFFFFFFFFFFFFFFFFFFFFFFFFFFFFFFFFFFFFFFFFFFFFFFFFFFFFFFFFFE1
:209FA000FFFFFFFFFFFFFFFFFFFFFFFFFFFFFFFFFFFFFFFFFFFFFFFFFFFFFFFFFFFFFFFFC1
:209FC000FFFFFFFFFFFFFFFFFFFFFFFFFFFFFFFFFFFFFFFFFFFFFFFFFFFFFFFFFFFFFFFFA1
:209FE000FFFFFFFFFFFFFFFFFFFFFFFFFFFFFFFFFFFFFFFFFFFFFFFFFFFFFFFFFFFFFFFF81
:20A00000FFFFFFFFFFFFFFFFFFFFFFFFFFFFFFFFFFFFFFFFFFFFFFFFFFFFFFFFFFFFFFFF60
:20A02000FFFFFFFFFFFFFFFFFFFFFFFFFFFFFFFFFFFFFFFFFFFFFFFFFFFFFFFFFFFFFFFF40
:20A04000FFFFFFFFFFFFFFFFFFFFFFFFFFFFFFFFFFFFFFFFFFFFFFFFFFFFFFFFFFFFFFFF20
:20A06000FFFFFFFFFFFFFFFFFFFFFFFFFFFFFFFFFFFFFFFFFFFFFFFFFFFFFFFFFFFFFFFF00
:20A08000FFFFFFFFFFFFFFFFFFFFFFFFFFFFFFFFFFFFFFFFFFFFFFFFFFFFFFFFFFFFFFFFE0
:20A0A000FFFFFFFFFFFFFFFFFFFFFFFFFFFFFFFFFFFFFFFFFFFFFFFFFFFFFFFFFFFFFFFFC0
:20A0C000FFFFFFFFFFFFFFFFFFFFFFFFFFFFFFFFFFFFFFFFFFFFFFFFFFFFFFFFFFFFFFFFA0
:20A0E000FFFFFFFFFFFFFFFFFFFFFFFFFFFFFFFFFFFFFFFFFFFFFFFFFFFFFFFFFFFFFFFF80
:20A10000FFFFFFFFFFFFFFFFFFFFFFFFFFFFFFFFFFFFFFFFFFFFFFFFFFFFFFFFFFFFFFFF5F
:20A12000FFFFFFFFFFFFFFFFFFFFFFFFFFFFFFFFFFFFFFFFFFFFFFFFFFFFFFFFFFFFFFFF3F
:20A14000FFFFFFFFFFFFFFFFFFFFFFFFFFFFFFFFFFFFFFFFFFFFFFFFFFFFFFFFFFFFFFFF1F
:20A16000FFFFFFFFFFFFFFFFFFFFFFFFFFFFFFFFFFFFFFFFFFFFFFFFFFFFFFFFFFFFFFFFFF
:20A18000FFFFFFFFFFFFFFFFFFFFFFFFFFFFFFFFFFFFFFFFFFFFFFFFFFFFFFFFFFFFFFFFDF
:20A1A000FFFFFFFFFFFFFFFFFFFFFFFFFFFFFFFFFFFFFFFFFFFFFFFFFFFFFFFFFFFFFFFFBF
:20A1C000FFFFFFFFFFFFFFFFFFFFFFFFFFFFFFFFFFFFFFFFFFFFFFFFFFFFFFFFFFFFFFFF9F
:20A1E000FFFFFFFFFFFFFFFFFFFFFFFFFFFFFFFFFFFFFFFFFFFFFFFFFFFFFFFFFFFFFFFF7F
:20A20000FFFFFFFFFFFFFFFFFFFFFFFFFFFFFFFFFFFFFFFFFFFFFFFFFFFFFFFFFFFFFFFF5E
:20A22000FFFFFFFFFFFFFFFFFFFFFFFFFFFFFFFFFFFFFFFFFFFFFFFFFFFFFFFFFFFFFFFF3E
:20A24000FFFFFFFFFFFFFFFFFFFFFFFFFFFFFFFFFFFFFFFFFFFFFFFFFFFFFFFFFFFFFFFF1E
:20A26000FFFFFFFFFFFFFFFFFFFFFFFFFFFFFFFFFFFFFFFFFFFFFFFFFFFFFFFFFFFFFFFFFE
:20A28000FFFFFFFFFFFFFFFFFFFFFFFFFFFFFFFFFFFFFFFFFFFFFFFFFFFFFFFFFFFFFFFFDE
:20A2A000FFFFFFFFFFFFFFFFFFFFFFFFFFFFFFFFFFFFFFFFFFFFFFFFFFFFFFFFFFFFFFFFBE
:20A2C000FFFFFFFFFFFFFFFFFFFFFFFFFFFFFFFFFFFFFFFFFFFFFFFFFFFFFFFFFFFFFFFF9E
:20A2E000FFFFFFFFFFFFFFFFFFFFFFFFFFFFFFFFFFFFFFFFFFFFFFFFFFFFFFFFFFFFFFFF7E
:20A30000FFFFFFFFFFFFFFFFFFFFFFFFFFFFFFFFFFFFFFFFFFFFFFFFFFFFFFFFFFFFFFFF5D
:20A32000FFFFFFFFFFFFFFFFFFFFFFFFFFFFFFFFFFFFFFFFFFFFFFFFFFFFFFFFFFFFFFFF3D
:20A34000FFFFFFFFFFFFFFFFFFFFFFFFFFFFFFFFFFFFFFFFFFFFFFFFFFFFFFFFFFFFFFFF1D
:20A36000FFFFFFFFFFFFFFFFFFFFFFFFFFFFFFFFFFFFFFFFFFFFFFFFFFFFFFFFFFFFFFFFFD
:20A38000FFFFFFFFFFFFFFFFFFFFFFFFFFFFFFFFFFFFFFFFFFFFFFFFFFFFFFFFFFFFFFFFDD
:20A3A000FFFFFFFFFFFFFFFFFFFFFFFFFFFFFFFFFFFFFFFFFFFFFFFFFFFFFFFFFFFFFFFFBD
:20A3C000FFFFFFFFFFFFFFFFFFFFFFFFFFFFFFFFFFFFFFFFFFFFFFFFFFFFFFFFFFFFFFFF9D
:20A3E000FFFFFFFFFFFFFFFFFFFFFFFFFFFFFFFFFFFFFFFFFFFFFFFFFFFFFFFFFFFFFFFF7D
:20A40000FFFFFFFFFFFFFFFFFFFFFFFFFFFFFFFFFFFFFFFFFFFFFFFFFFFFFFFFFFFFFFFF5C
:20A42000FFFFFFFFFFFFFFFFFFFFFFFFFFFFFFFFFFFFFFFFFFFFFFFFFFFFFFFFFFFFFFFF3C
:20A44000FFFFFFFFFFFFFFFFFFFFFFFFFFFFFFFFFFFFFFFFFFFFFFFFFFFFFFFFFFFFFFFF1C
:20A46000FFFFFFFFFFFFFFFFFFFFFFFFFFFFFFFFFFFFFFFFFFFFFFFFFFFFFFFFFFFFFFFFFC
:20A48000FFFFFFFFFFFFFFFFFFFFFFFFFFFFFFFFFFFFFFFFFFFFFFFFFFFFFFFFFFFFFFFFDC
:20A4A000FFFFFFFFFFFFFFFFFFFFFFFFFFFFFFFFFFFFFFFFFFFFFFFFFFFFFFFFFFFFFFFFBC
:20A4C000FFFFFFFFFFFFFFFFFFFFFFFFFFFFFFFFFFFFFFFFFFFFFFFFFFFFFFFFFFFFFFFF9C
:20A4E000FFFFFFFFFFFFFFFFFFFFFFFFFFFFFFFFFFFFFFFFFFFFFFFFFFFFFFFFFFFFFFFF7C
:20A50000FFFFFFFFFFFFFFFFFFFFFFFFFFFFFFFFFFFFFFFFFFFFFFFFFFFFFFFFFFFFFFFF5B
:20A52000FFFFFFFFFFFFFFFFFFFFFFFFFFFFFFFFFFFFFFFFFFFFFFFFFFFFFFFFFFFFFFFF3B
:20A54000FFFFFFFFFFFFFFFFFFFFFFFFFFFFFFFFFFFFFFFFFFFFFFFFFFFFFFFFFFFFFFFF1B
:20A56000FFFFFFFFFFFFFFFFFFFFFFFFFFFFFFFFFFFFFFFFFFFFFFFFFFFFFFFFFFFFFFFFFB
:20A58000FFFFFFFFFFFFFFFFFFFFFFFFFFFFFFFFFFFFFFFFFFFFFFFFFFFFFFFFFFFFFFFFDB
:20A5A000FFFFFFFFFFFFFFFFFFFFFFFFFFFFFFFFFFFFFFFFFFFFFFFFFFFFFFFFFFFFFFFFBB
:20A5C000FFFFFFFFFFFFFFFFFFFFFFFFFFFFFFFFFFFFFFFFFFFFFFFFFFFFFFFFFFFFFFFF9B
:20A5E000FFFFFFFFFFFFFFFFFFFFFFFFFFFFFFFFFFFFFFFFFFFFFFFFFFFFFFFFFFFFFFFF7B
:20A60000FFFFFFFFFFFFFFFFFFFFFFFFFFFFFFFFFFFFFFFFFFFFFFFFFFFFFFFFFFFFFFFF5A
:20A62000FFFFFFFFFFFFFFFFFFFFFFFFFFFFFFFFFFFFFFFFFFFFFFFFFFFFFFFFFFFFFFFF3A
:20A64000FFFFFFFFFFFFFFFFFFFFFFFFFFFFFFFFFFFFFFFFFFFFFFFFFFFFFFFFFFFFFFFF1A
:20A66000FFFFFFFFFFFFFFFFFFFFFFFFFFFFFFFFFFFFFFFFFFFFFFFFFFFFFFFFFFFFFFFFFA
:20A68000FFFFFFFFFFFFFFFFFFFFFFFFFFFFFFFFFFFFFFFFFFFFFFFFFFFFFFFFFFFFFFFFDA
:20A6A000FFFFFFFFFFFFFFFFFFFFFFFFFFFFFFFFFFFFFFFFFFFFFFFFFFFFFFFFFFFFFFFFBA
:20A6C000FFFFFFFFFFFFFFFFFFFFFFFFFFFFFFFFFFFFFFFFFFFFFFFFFFFFFFFFFFFFFFFF9A
:20A6E000FFFFFFFFFFFFFFFFFFFFFFFFFFFFFFFFFFFFFFFFFFFFFFFFFFFFFFFFFFFFFFFF7A
:20A70000FFFFFFFFFFFFFFFFFFFFFFFFFFFFFFFFFFFFFFFFFFFFFFFFFFFFFFFFFFFFFFFF59
:20A72000FFFFFFFFFFFFFFFFFFFFFFFFFFFFFFFFFFFFFFFFFFFFFFFFFFFFFFFFFFFFFFFF39
:20A74000FFFFFFFFFFFFFFFFFFFFFFFFFFFFFFFFFFFFFFFFFFFFFFFFFFFFFFFFFFFFFFFF19
:20A76000FFFFFFFFFFFFFFFFFFFFFFFFFFFFFFFFFFFFFFFFFFFFFFFFFFFFFFFFFFFFFFFFF9
:20A78000FFFFFFFFFFFFFFFFFFFFFFFFFFFFFFFFFFFFFFFFFFFFFFFFFFFFFFFFFFFFFFFFD9
:20A7A000FFFFFFFFFFFFFFFFFFFFFFFFFFFFFFFFFFFFFFFFFFFFFFFFFFFFFFFFFFFFFFFFB9
:20A7C000FFFFFFFFFFFFFFFFFFFFFFFFFFFFFFFFFFFFFFFFFFFFFFFFFFFFFFFFFFFFFFFF99
:20A7E000FFFFFFFFFFFFFFFFFFFFFFFFFFFFFFFFFFFFFFFFFFFFFFFFFFFFFFFFFFFFFFFF79
:20A80000FFFFFFFFFFFFFFFFFFFFFFFFFFFFFFFFFFFFFFFFFFFFFFFFFFFFFFFFFFFFFFFF58
:20A82000FFFFFFFFFFFFFFFFFFFFFFFFFFFFFFFFFFFFFFFFFFFFFFFFFFFFFFFFFFFFFFFF38
:20A84000FFFFFFFFFFFFFFFFFFFFFFFFFFFFFFFFFFFFFFFFFFFFFFFFFFFFFFFFFFFFFFFF18
:20A86000FFFFFFFFFFFFFFFFFFFFFFFFFFFFFFFFFFFFFFFFFFFFFFFFFFFFFFFFFFFFFFFFF8
:20A88000FFFFFFFFFFFFFFFFFFFFFFFFFFFFFFFFFFFFFFFFFFFFFFFFFFFFFFFFFFFFFFFFD8
:20A8A000FFFFFFFFFFFFFFFFFFFFFFFFFFFFFFFFFFFFFFFFFFFFFFFFFFFFFFFFFFFFFFFFB8
:20A8C000FFFFFFFFFFFFFFFFFFFFFFFFFFFFFFFFFFFFFFFFFFFFFFFFFFFFFFFFFFFFFFFF98
:20A8E000FFFFFFFFFFFFFFFFFFFFFFFFFFFFFFFFFFFFFFFFFFFFFFFFFFFFFFFFFFFFFFFF78
:20A90000FFFFFFFFFFFFFFFFFFFFFFFFFFFFFFFFFFFFFFFFFFFFFFFFFFFFFFFFFFFFFFFF57
:20A92000FFFFFFFFFFFFFFFFFFFFFFFFFFFFFFFFFFFFFFFFFFFFFFFFFFFFFFFFFFFFFFFF37
:20A94000FFFFFFFFFFFFFFFFFFFFFFFFFFFFFFFFFFFFFFFFFFFFFFFFFFFFFFFFFFFFFFFF17
:20A96000FFFFFFFFFFFFFFFFFFFFFFFFFFFFFFFFFFFFFFFFFFFFFFFFFFFFFFFFFFFFFFFFF7
:20A98000FFFFFFFFFFFFFFFFFFFFFFFFFFFFFFFFFFFFFFFFFFFFFFFFFFFFFFFFFFFFFFFFD7
:20A9A000FFFFFFFFFFFFFFFFFFFFFFFFFFFFFFFFFFFFFFFFFFFFFFFFFFFFFFFFFFFFFFFFB7
:20A9C000FFFFFFFFFFFFFFFFFFFFFFFFFFFFFFFFFFFFFFFFFFFFFFFFFFFFFFFFFFFFFFFF97
:20A9E000FFFFFFFFFFFFFFFFFFFFFFFFFFFFFFFFFFFFFFFFFFFFFFFFFFFFFFFFFFFFFFFF77
:20AA0000FFFFFFFFFFFFFFFFFFFFFFFFFFFFFFFFFFFFFFFFFFFFFFFFFFFFFFFFFFFFFFFF56
:20AA2000FFFFFFFFFFFFFFFFFFFFFFFFFFFFFFFFFFFFFFFFFFFFFFFFFFFFFFFFFFFFFFFF36
:20AA4000FFFFFFFFFFFFFFFFFFFFFFFFFFFFFFFFFFFFFFFFFFFFFFFFFFFFFFFFFFFFFFFF16
:20AA6000FFFFFFFFFFFFFFFFFFFFFFFFFFFFFFFFFFFFFFFFFFFFFFFFFFFFFFFFFFFFFFFFF6
:20AA8000FFFFFFFFFFFFFFFFFFFFFFFFFFFFFFFFFFFFFFFFFFFFFFFFFFFFFFFFFFFFFFFFD6
:20AAA000FFFFFFFFFFFFFFFFFFFFFFFFFFFFFFFFFFFFFFFFFFFFFFFFFFFFFFFFFFFFFFFFB6
:20AAC000FFFFFFFFFFFFFFFFFFFFFFFFFFFFFFFFFFFFFFFFFFFFFFFFFFFFFFFFFFFFFFFF96
:20AAE000FFFFFFFFFFFFFFFFFFFFFFFFFFFFFFFFFFFFFFFFFFFFFFFFFFFFFFFFFFFFFFFF76
:20AB0000FFFFFFFFFFFFFFFFFFFFFFFFFFFFFFFFFFFFFFFFFFFFFFFFFFFFFFFFFFFFFFFF55
:20AB2000FFFFFFFFFFFFFFFFFFFFFFFFFFFFFFFFFFFFFFFFFFFFFFFFFFFFFFFFFFFFFFFF35
:20AB4000FFFFFFFFFFFFFFFFFFFFFFFFFFFFFFFFFFFFFFFFFFFFFFFFFFFFFFFFFFFFFFFF15
:20AB6000FFFFFFFFFFFFFFFFFFFFFFFFFFFFFFFFFFFFFFFFFFFFFFFFFFFFFFFFFFFFFFFFF5
:20AB8000FFFFFFFFFFFFFFFFFFFFFFFFFFFFFFFFFFFFFFFFFFFFFFFFFFFFFFFFFFFFFFFFD5
:20ABA000FFFFFFFFFFFFFFFFFFFFFFFFFFFFFFFFFFFFFFFFFFFFFFFFFFFFFFFFFFFFFFFFB5
:20ABC000FFFFFFFFFFFFFFFFFFFFFFFFFFFFFFFFFFFFFFFFFFFFFFFFFFFFFFFFFFFFFFFF95
:20ABE000FFFFFFFFFFFFFFFFFFFFFFFFFFFFFFFFFFFFFFFFFFFFFFFFFFFFFFFFFFFFFFFF75
:20AC0000FFFFFFFFFFFFFFFFFFFFFFFFFFFFFFFFFFFFFFFFFFFFFFFFFFFFFFFFFFFFFFFF54
:20AC2000FFFFFFFFFFFFFFFFFFFFFFFFFFFFFFFFFFFFFFFFFFFFFFFFFFFFFFFFFFFFFFFF34
:20AC4000FFFFFFFFFFFFFFFFFFFFFFFFFFFFFFFFFFFFFFFFFFFFFFFFFFFFFFFFFFFFFFFF14
:20AC6000FFFFFFFFFFFFFFFFFFFFFFFFFFFFFFFFFFFFFFFFFFFFFFFFFFFFFFFFFFFFFFFFF4
:20AC8000FFFFFFFFFFFFFFFFFFFFFFFFFFFFFFFFFFFFFFFFFFFFFFFFFFFFFFFFFFFFFFFFD4
:20ACA000FFFFFFFFFFFFFFFFFFFFFFFFFFFFFFFFFFFFFFFFFFFFFFFFFFFFFFFFFFFFFFFFB4
:20ACC000FFFFFFFFFFFFFFFFFFFFFFFFFFFFFFFFFFFFFFFFFFFFFFFFFFFFFFFFFFFFFFFF94
:20ACE000FFFFFFFFFFFFFFFFFFFFFFFFFFFFFFFFFFFFFFFFFFFFFFFFFFFFFFFFFFFFFFFF74
:20AD0000FFFFFFFFFFFFFFFFFFFFFFFFFFFFFFFFFFFFFFFFFFFFFFFFFFFFFFFFFFFFFFFF53
:20AD2000FFFFFFFFFFFFFFFFFFFFFFFFFFFFFFFFFFFFFFFFFFFFFFFFFFFFFFFFFFFFFFFF33
:20AD4000FFFFFFFFFFFFFFFFFFFFFFFFFFFFFFFFFFFFFFFFFFFFFFFFFFFFFFFFFFFFFFFF13
:20AD6000FFFFFFFFFFFFFFFFFFFFFFFFFFFFFFFFFFFFFFFFFFFFFFFFFFFFFFFFFFFFFFFFF3
:20AD8000FFFFFFFFFFFFFFFFFFFFFFFFFFFFFFFFFFFFFFFFFFFFFFFFFFFFFFFFFFFFFFFFD3
:20ADA000FFFFFFFFFFFFFFFFFFFFFFFFFFFFFFFFFFFFFFFFFFFFFFFFFFFFFFFFFFFFFFFFB3
:20ADC000FFFFFFFFFFFFFFFFFFFFFFFFFFFFFFFFFFFFFFFFFFFFFFFFFFFFFFFFFFFFFFFF93
:20ADE000FFFFFFFFFFFFFFFFFFFFFFFFFFFFFFFFFFFFFFFFFFFFFFFFFFFFFFFFFFFFFFFF73
:20AE0000FFFFFFFFFFFFFFFFFFFFFFFFFFFFFFFFFFFFFFFFFFFFFFFFFFFFFFFFFFFFFFFF52
:20AE2000FFFFFFFFFFFFFFFFFFFFFFFFFFFFFFFFFFFFFFFFFFFFFFFFFFFFFFFFFFFFFFFF32
:20AE4000FFFFFFFFFFFFFFFFFFFFFFFFFFFFFFFFFFFFFFFFFFFFFFFFFFFFFFFFFFFFFFFF12
:20AE6000FFFFFFFFFFFFFFFFFFFFFFFFFFFFFFFFFFFFFFFFFFFFFFFFFFFFFFFFFFFFFFFFF2
:20AE8000FFFFFFFFFFFFFFFFFFFFFFFFFFFFFFFFFFFFFFFFFFFFFFFFFFFFFFFFFFFFFFFFD2
:20AEA000FFFFFFFFFFFFFFFFFFFFFFFFFFFFFFFFFFFFFFFFFFFFFFFFFFFFFFFFFFFFFFFFB2
:20AEC000FFFFFFFFFFFFFFFFFFFFFFFFFFFFFFFFFFFFFFFFFFFFFFFFFFFFFFFFFFFFFFFF92
:20AEE000FFFFFFFFFFFFFFFFFFFFFFFFFFFFFFFFFFFFFFFFFFFFFFFFFFFFFFFFFFFFFFFF72
:20AF0000FFFFFFFFFFFFFFFFFFFFFFFFFFFFFFFFFFFFFFFFFFFFFFFFFFFFFFFFFFFFFFFF51
:20AF2000FFFFFFFFFFFFFFFFFFFFFFFFFFFFFFFFFFFFFFFFFFFFFFFFFFFFFFFFFFFFFFFF31
:20AF4000FFFFFFFFFFFFFFFFFFFFFFFFFFFFFFFFFFFFFFFFFFFFFFFFFFFFFFFFFFFFFFFF11
:20AF6000FFFFFFFFFFFFFFFFFFFFFFFFFFFFFFFFFFFFFFFFFFFFFFFFFFFFFFFFFFFFFFFFF1
:20AF8000FFFFFFFFFFFFFFFFFFFFFFFFFFFFFFFFFFFFFFFFFFFFFFFFFFFFFFFFFFFFFFFFD1
:20AFA000FFFFFFFFFFFFFFFFFFFFFFFFFFFFFFFFFFFFFFFFFFFFFFFFFFFFFFFFFFFFFFFFB1
:20AFC000FFFFFFFFFFFFFFFFFFFFFFFFFFFFFFFFFFFFFFFFFFFFFFFFFFFFFFFFFFFFFFFF91
:20AFE000FFFFFFFFFFFFFFFFFFFFFFFFFFFFFFFFFFFFFFFFFFFFFFFFFFFFFFFFFFFFFFFF71
:20B00000FFFFFFFFFFFFFFFFFFFFFFFFFFFFFFFFFFFFFFFFFFFFFFFFFFFFFFFFFFFFFFFF50
:20B02000FFFFFFFFFFFFFFFFFFFFFFFFFFFFFFFFFFFFFFFFFFFFFFFFFFFFFFFFFFFFFFFF30
:20B04000FFFFFFFFFFFFFFFFFFFFFFFFFFFFFFFFFFFFFFFFFFFFFFFFFFFFFFFFFFFFFFFF10
:20B06000FFFFFFFFFFFFFFFFFFFFFFFFFFFFFFFFFFFFFFFFFFFFFFFFFFFFFFFFFFFFFFFFF0
:20B08000FFFFFFFFFFFFFFFFFFFFFFFFFFFFFFFFFFFFFFFFFFFFFFFFFFFFFFFFFFFFFFFFD0
:20B0A000FFFFFFFFFFFFFFFFFFFFFFFFFFFFFFFFFFFFFFFFFFFFFFFFFFFFFFFFFFFFFFFFB0
:20B0C000FFFFFFFFFFFFFFFFFFFFFFFFFFFFFFFFFFFFFFFFFFFFFFFFFFFFFFFFFFFFFFFF90
:20B0E000FFFFFFFFFFFFFFFFFFFFFFFFFFFFFFFFFFFFFFFFFFFFFFFFFFFFFFFFFFFFFFFF70
:20B10000FFFFFFFFFFFFFFFFFFFFFFFFFFFFFFFFFFFFFFFFFFFFFFFFFFFFFFFFFFFFFFFF4F
:20B12000FFFFFFFFFFFFFFFFFFFFFFFFFFFFFFFFFFFFFFFFFFFFFFFFFFFFFFFFFFFFFFFF2F
:20B14000FFFFFFFFFFFFFFFFFFFFFFFFFFFFFFFFFFFFFFFFFFFFFFFFFFFFFFFFFFFFFFFF0F
:20B16000FFFFFFFFFFFFFFFFFFFFFFFFFFFFFFFFFFFFFFFFFFFFFFFFFFFFFFFFFFFFFFFFEF
:20B18000FFFFFFFFFFFFFFFFFFFFFFFFFFFFFFFFFFFFFFFFFFFFFFFFFFFFFFFFFFFFFFFFCF
:20B1A000FFFFFFFFFFFFFFFFFFFFFFFFFFFFFFFFFFFFFFFFFFFFFFFFFFFFFFFFFFFFFFFFAF
:20B1C000FFFFFFFFFFFFFFFFFFFFFFFFFFFFFFFFFFFFFFFFFFFFFFFFFFFFFFFFFFFFFFFF8F
:20B1E000FFFFFFFFFFFFFFFFFFFFFFFFFFFFFFFFFFFFFFFFFFFFFFFFFFFFFFFFFFFFFFFF6F
:20B20000FFFFFFFFFFFFFFFFFFFFFFFFFFFFFFFFFFFFFFFFFFFFFFFFFFFFFFFFFFFFFFFF4E
:20B22000FFFFFFFFFFFFFFFFFFFFFFFFFFFFFFFFFFFFFFFFFFFFFFFFFFFFFFFFFFFFFFFF2E
:20B24000FFFFFFFFFFFFFFFFFFFFFFFFFFFFFFFFFFFFFFFFFFFFFFFFFFFFFFFFFFFFFFFF0E
:20B26000FFFFFFFFFFFFFFFFFFFFFFFFFFFFFFFFFFFFFFFFFFFFFFFFFFFFFFFFFFFFFFFFEE
:20B28000FFFFFFFFFFFFFFFFFFFFFFFFFFFFFFFFFFFFFFFFFFFFFFFFFFFFFFFFFFFFFFFFCE
:20B2A000FFFFFFFFFFFFFFFFFFFFFFFFFFFFFFFFFFFFFFFFFFFFFFFFFFFFFFFFFFFFFFFFAE
:20B2C000FFFFFFFFFFFFFFFFFFFFFFFFFFFFFFFFFFFFFFFFFFFFFFFFFFFFFFFFFFFFFFFF8E
:20B2E000FFFFFFFFFFFFFFFFFFFFFFFFFFFFFFFFFFFFFFFFFFFFFFFFFFFFFFFFFFFFFFFF6E
:20B30000FFFFFFFFFFFFFFFFFFFFFFFFFFFFFFFFFFFFFFFFFFFFFFFFFFFFFFFFFFFFFFFF4D
:20B32000FFFFFFFFFFFFFFFFFFFFFFFFFFFFFFFFFFFFFFFFFFFFFFFFFFFFFFFFFFFFFFFF2D
:20B34000FFFFFFFFFFFFFFFFFFFFFFFFFFFFFFFFFFFFFFFFFFFFFFFFFFFFFFFFFFFFFFFF0D
:20B36000FFFFFFFFFFFFFFFFFFFFFFFFFFFFFFFFFFFFFFFFFFFFFFFFFFFFFFFFFFFFFFFFED
:20B38000FFFFFFFFFFFFFFFFFFFFFFFFFFFFFFFFFFFFFFFFFFFFFFFFFFFFFFFFFFFFFFFFCD
:20B3A000FFFFFFFFFFFFFFFFFFFFFFFFFFFFFFFFFFFFFFFFFFFFFFFFFFFFFFFFFFFFFFFFAD
:20B3C000FFFFFFFFFFFFFFFFFFFFFFFFFFFFFFFFFFFFFFFFFFFFFFFFFFFFFFFFFFFFFFFF8D
:20B3E000FFFFFFFFFFFFFFFFFFFFFFFFFFFFFFFFFFFFFFFFFFFFFFFFFFFFFFFFFFFFFFFF6D
:20B40000FFFFFFFFFFFFFFFFFFFFFFFFFFFFFFFFFFFFFFFFFFFFFFFFFFFFFFFFFFFFFFFF4C
:20B42000FFFFFFFFFFFFFFFFFFFFFFFFFFFFFFFFFFFFFFFFFFFFFFFFFFFFFFFFFFFFFFFF2C
:20B44000FFFFFFFFFFFFFFFFFFFFFFFFFFFFFFFFFFFFFFFFFFFFFFFFFFFFFFFFFFFFFFFF0C
:20B46000FFFFFFFFFFFFFFFFFFFFFFFFFFFFFFFFFFFFFFFFFFFFFFFFFFFFFFFFFFFFFFFFEC
:20B48000FFFFFFFFFFFFFFFFFFFFFFFFFFFFFFFFFFFFFFFFFFFFFFFFFFFFFFFFFFFFFFFFCC
:20B4A000FFFFFFFFFFFFFFFFFFFFFFFFFFFFFFFFFFFFFFFFFFFFFFFFFFFFFFFFFFFFFFFFAC
:20B4C000FFFFFFFFFFFFFFFFFFFFFFFFFFFFFFFFFFFFFFFFFFFFFFFFFFFFFFFFFFFFFFFF8C
:20B4E000FFFFFFFFFFFFFFFFFFFFFFFFFFFFFFFFFFFFFFFFFFFFFFFFFFFFFFFFFFFFFFFF6C
:20B50000FFFFFFFFFFFFFFFFFFFFFFFFFFFFFFFFFFFFFFFFFFFFFFFFFFFFFFFFFFFFFFFF4B
:20B52000FFFFFFFFFFFFFFFFFFFFFFFFFFFFFFFFFFFFFFFFFFFFFFFFFFFFFFFFFFFFFFFF2B
:20B54000FFFFFFFFFFFFFFFFFFFFFFFFFFFFFFFFFFFFFFFFFFFFFFFFFFFFFFFFFFFFFFFF0B
:20B56000FFFFFFFFFFFFFFFFFFFFFFFFFFFFFFFFFFFFFFFFFFFFFFFFFFFFFFFFFFFFFFFFEB
:20B58000FFFFFFFFFFFFFFFFFFFFFFFFFFFFFFFFFFFFFFFFFFFFFFFFFFFFFFFFFFFFFFFFCB
:20B5A000FFFFFFFFFFFFFFFFFFFFFFFFFFFFFFFFFFFFFFFFFFFFFFFFFFFFFFFFFFFFFFFFAB
:20B5C000FFFFFFFFFFFFFFFFFFFFFFFFFFFFFFFFFFFFFFFFFFFFFFFFFFFFFFFFFFFFFFFF8B
:20B5E000FFFFFFFFFFFFFFFFFFFFFFFFFFFFFFFFFFFFFFFFFFFFFFFFFFFFFFFFFFFFFFFF6B
:20B60000FFFFFFFFFFFFFFFFFFFFFFFFFFFFFFFFFFFFFFFFFFFFFFFFFFFFFFFFFFFFFFFF4A
:20B62000FFFFFFFFFFFFFFFFFFFFFFFFFFFFFFFFFFFFFFFFFFFFFFFFFFFFFFFFFFFFFFFF2A
:20B64000FFFFFFFFFFFFFFFFFFFFFFFFFFFFFFFFFFFFFFFFFFFFFFFFFFFFFFFFFFFFFFFF0A
:20B66000FFFFFFFFFFFFFFFFFFFFFFFFFFFFFFFFFFFFFFFFFFFFFFFFFFFFFFFFFFFFFFFFEA
:20B68000FFFFFFFFFFFFFFFFFFFFFFFFFFFFFFFFFFFFFFFFFFFFFFFFFFFFFFFFFFFFFFFFCA
:20B6A000FFFFFFFFFFFFFFFFFFFFFFFFFFFFFFFFFFFFFFFFFFFFFFFFFFFFFFFFFFFFFFFFAA
:20B6C000FFFFFFFFFFFFFFFFFFFFFFFFFFFFFFFFFFFFFFFFFFFFFFFFFFFFFFFFFFFFFFFF8A
:20B6E000FFFFFFFFFFFFFFFFFFFFFFFFFFFFFFFFFFFFFFFFFFFFFFFFFFFFFFFFFFFFFFFF6A
:20B70000FFFFFFFFFFFFFFFFFFFFFFFFFFFFFFFFFFFFFFFFFFFFFFFFFFFFFFFFFFFFFFFF49
:20B72000FFFFFFFFFFFFFFFFFFFFFFFFFFFFFFFFFFFFFFFFFFFFFFFFFFFFFFFFFFFFFFFF29
:20B74000FFFFFFFFFFFFFFFFFFFFFFFFFFFFFFFFFFFFFFFFFFFFFFFFFFFFFFFFFFFFFFFF09
:20B76000FFFFFFFFFFFFFFFFFFFFFFFFFFFFFFFFFFFFFFFFFFFFFFFFFFFFFFFFFFFFFFFFE9
:20B78000FFFFFFFFFFFFFFFFFFFFFFFFFFFFFFFFFFFFFFFFFFFFFFFFFFFFFFFFFFFFFFFFC9
:20B7A000FFFFFFFFFFFFFFFFFFFFFFFFFFFFFFFFFFFFFFFFFFFFFFFFFFFFFFFFFFFFFFFFA9
:20B7C000FFFFFFFFFFFFFFFFFFFFFFFFFFFFFFFFFFFFFFFFFFFFFFFFFFFFFFFFFFFFFFFF89
:20B7E000FFFFFFFFFFFFFFFFFFFFFFFFFFFFFFFFFFFFFFFFFFFFFFFFFFFFFFFFFFFFFFFF69
:20B80000FFFFFFFFFFFFFFFFFFFFFFFFFFFFFFFFFFFFFFFFFFFFFFFFFFFFFFFFFFFFFFFF48
:20B82000FFFFFFFFFFFFFFFFFFFFFFFFFFFFFFFFFFFFFFFFFFFFFFFFFFFFFFFFFFFFFFFF28
:20B84000FFFFFFFFFFFFFFFFFFFFFFFFFFFFFFFFFFFFFFFFFFFFFFFFFFFFFFFFFFFFFFFF08
:20B86000FFFFFFFFFFFFFFFFFFFFFFFFFFFFFFFFFFFFFFFFFFFFFFFFFFFFFFFFFFFFFFFFE8
:20B88000FFFFFFFFFFFFFFFFFFFFFFFFFFFFFFFFFFFFFFFFFFFFFFFFFFFFFFFFFFFFFFFFC8
:20B8A000FFFFFFFFFFFFFFFFFFFFFFFFFFFFFFFFFFFFFFFFFFFFFFFFFFFFFFFFFFFFFFFFA8
:20B8C000FFFFFFFFFFFFFFFFFFFFFFFFFFFFFFFFFFFFFFFFFFFFFFFFFFFFFFFFFFFFFFFF88
:20B8E000FFFFFFFFFFFFFFFFFFFFFFFFFFFFFFFFFFFFFFFFFFFFFFFFFFFFFFFFFFFFFFFF68
:20B90000FFFFFFFFFFFFFFFFFFFFFFFFFFFFFFFFFFFFFFFFFFFFFFFFFFFFFFFFFFFFFFFF47
:20B92000FFFFFFFFFFFFFFFFFFFFFFFFFFFFFFFFFFFFFFFFFFFFFFFFFFFFFFFFFFFFFFFF27
:20B94000FFFFFFFFFFFFFFFFFFFFFFFFFFFFFFFFFFFFFFFFFFFFFFFFFFFFFFFFFFFFFFFF07
:20B96000FFFFFFFFFFFFFFFFFFFFFFFFFFFFFFFFFFFFFFFFFFFFFFFFFFFFFFFFFFFFFFFFE7
:20B98000FFFFFFFFFFFFFFFFFFFFFFFFFFFFFFFFFFFFFFFFFFFFFFFFFFFFFFFFFFFFFFFFC7
:20B9A000FFFFFFFFFFFFFFFFFFFFFFFFFFFFFFFFFFFFFFFFFFFFFFFFFFFFFFFFFFFFFFFFA7
:20B9C000FFFFFFFFFFFFFFFFFFFFFFFFFFFFFFFFFFFFFFFFFFFFFFFFFFFFFFFFFFFFFFFF87
:20B9E000FFFFFFFFFFFFFFFFFFFFFFFFFFFFFFFFFFFFFFFFFFFFFFFFFFFFFFFFFFFFFFFF67
:20BA0000FFFFFFFFFFFFFFFFFFFFFFFFFFFFFFFFFFFFFFFFFFFFFFFFFFFFFFFFFFFFFFFF46
:20BA2000FFFFFFFFFFFFFFFFFFFFFFFFFFFFFFFFFFFFFFFFFFFFFFFFFFFFFFFFFFFFFFFF26
:20BA4000FFFFFFFFFFFFFFFFFFFFFFFFFFFFFFFFFFFFFFFFFFFFFFFFFFFFFFFFFFFFFFFF06
:20BA6000FFFFFFFFFFFFFFFFFFFFFFFFFFFFFFFFFFFFFFFFFFFFFFFFFFFFFFFFFFFFFFFFE6
:20BA8000FFFFFFFFFFFFFFFFFFFFFFFFFFFFFFFFFFFFFFFFFFFFFFFFFFFFFFFFFFFFFFFFC6
:20BAA000FFFFFFFFFFFFFFFFFFFFFFFFFFFFFFFFFFFFFFFFFFFFFFFFFFFFFFFFFFFFFFFFA6
:20BAC000FFFFFFFFFFFFFFFFFFFFFFFFFFFFFFFFFFFFFFFFFFFFFFFFFFFFFFFFFFFFFFFF86
:20BAE000FFFFFFFFFFFFFFFFFFFFFFFFFFFFFFFFFFFFFFFFFFFFFFFFFFFFFFFFFFFFFFFF66
:20BB0000FFFFFFFFFFFFFFFFFFFFFFFFFFFFFFFFFFFFFFFFFFFFFFFFFFFFFFFFFFFFFFFF45
:20BB2000FFFFFFFFFFFFFFFFFFFFFFFFFFFFFFFFFFFFFFFFFFFFFFFFFFFFFFFFFFFFFFFF25
:20BB4000FFFFFFFFFFFFFFFFFFFFFFFFFFFFFFFFFFFFFFFFFFFFFFFFFFFFFFFFFFFFFFFF05
:20BB6000FFFFFFFFFFFFFFFFFFFFFFFFFFFFFFFFFFFFFFFFFFFFFFFFFFFFFFFFFFFFFFFFE5
:20BB8000FFFFFFFFFFFFFFFFFFFFFFFFFFFFFFFFFFFFFFFFFFFFFFFFFFFFFFFFFFFFFFFFC5
:20BBA000FFFFFFFFFFFFFFFFFFFFFFFFFFFFFFFFFFFFFFFFFFFFFFFFFFFFFFFFFFFFFFFFA5
:20BBC000FFFFFFFFFFFFFFFFFFFFFFFFFFFFFFFFFFFFFFFFFFFFFFFFFFFFFFFFFFFFFFFF85
:20BBE000FFFFFFFFFFFFFFFFFFFFFFFFFFFFFFFFFFFFFFFFFFFFFFFFFFFFFFFFFFFFFFFF65
:20BC0000FFFFFFFFFFFFFFFFFFFFFFFFFFFFFFFFFFFFFFFFFFFFFFFFFFFFFFFFFFFFFFFF44
:20BC2000FFFFFFFFFFFFFFFFFFFFFFFFFFFFFFFFFFFFFFFFFFFFFFFFFFFFFFFFFFFFFFFF24
:20BC4000FFFFFFFFFFFFFFFFFFFFFFFFFFFFFFFFFFFFFFFFFFFFFFFFFFFFFFFFFFFFFFFF04
:20BC6000FFFFFFFFFFFFFFFFFFFFFFFFFFFFFFFFFFFFFFFFFFFFFFFFFFFFFFFFFFFFFFFFE4
:20BC8000FFFFFFFFFFFFFFFFFFFFFFFFFFFFFFFFFFFFFFFFFFFFFFFFFFFFFFFFFFFFFFFFC4
:20BCA000FFFFFFFFFFFFFFFFFFFFFFFFFFFFFFFFFFFFFFFFFFFFFFFFFFFFFFFFFFFFFFFFA4
:20BCC000FFFFFFFFFFFFFFFFFFFFFFFFFFFFFFFFFFFFFFFFFFFFFFFFFFFFFFFFFFFFFFFF84
:20BCE000FFFFFFFFFFFFFFFFFFFFFFFFFFFFFFFFFFFFFFFFFFFFFFFFFFFFFFFFFFFFFFFF64
:20BD0000FFFFFFFFFFFFFFFFFFFFFFFFFFFFFFFFFFFFFFFFFFFFFFFFFFFFFFFFFFFFFFFF43
:20BD2000FFFFFFFFFFFFFFFFFFFFFFFFFFFFFFFFFFFFFFFFFFFFFFFFFFFFFFFFFFFFFFFF23
:20BD4000FFFFFFFFFFFFFFFFFFFFFFFFFFFFFFFFFFFFFFFFFFFFFFFFFFFFFFFFFFFFFFFF03
:20BD6000FFFFFFFFFFFFFFFFFFFFFFFFFFFFFFFFFFFFFFFFFFFFFFFFFFFFFFFFFFFFFFFFE3
:20BD8000FFFFFFFFFFFFFFFFFFFFFFFFFFFFFFFFFFFFFFFFFFFFFFFFFFFFFFFFFFFFFFFFC3
:20BDA000FFFFFFFFFFFFFFFFFFFFFFFFFFFFFFFFFFFFFFFFFFFFFFFFFFFFFFFFFFFFFFFFA3
:20BDC000FFFFFFFFFFFFFFFFFFFFFFFFFFFFFFFFFFFFFFFFFFFFFFFFFFFFFFFFFFFFFFFF83
:20BDE000FFFFFFFFFFFFFFFFFFFFFFFFFFFFFFFFFFFFFFFFFFFFFFFFFFFFFFFFFFFFFFFF63
:20BE0000FFFFFFFFFFFFFFFFFFFFFFFFFFFFFFFFFFFFFFFFFFFFFFFFFFFFFFFFFFFFFFFF42
:20BE2000FFFFFFFFFFFFFFFFFFFFFFFFFFFFFFFFFFFFFFFFFFFFFFFFFFFFFFFFFFFFFFFF22
:20BE4000FFFFFFFFFFFFFFFFFFFFFFFFFFFFFFFFFFFFFFFFFFFFFFFFFFFFFFFFFFFFFFFF02
:20BE6000FFFFFFFFFFFFFFFFFFFFFFFFFFFFFFFFFFFFFFFFFFFFFFFFFFFFFFFFFFFFFFFFE2
:20BE8000FFFFFFFFFFFFFFFFFFFFFFFFFFFFFFFFFFFFFFFFFFFFFFFFFFFFFFFFFFFFFFFFC2
:20BEA000FFFFFFFFFFFFFFFFFFFFFFFFFFFFFFFFFFFFFFFFFFFFFFFFFFFFFFFFFFFFFFFFA2
:20BEC000FFFFFFFFFFFFFFFFFFFFFFFFFFFFFFFFFFFFFFFFFFFFFFFFFFFFFFFFFFFFFFFF82
:20BEE000FFFFFFFFFFFFFFFFFFFFFFFFFFFFFFFFFFFFFFFFFFFFFFFFFFFFFFFFFFFFFFFF62
:20BF0000FFFFFFFFFFFFFFFFFFFFFFFFFFFFFFFFFFFFFFFFFFFFFFFFFFFFFFFFFFFFFFFF41
:20BF2000FFFFFFFFFFFFFFFFFFFFFFFFFFFFFFFFFFFFFFFFFFFFFFFFFFFFFFFFFFFFFFFF21
:20BF4000FFFFFFFFFFFFFFFFFFFFFFFFFFFFFFFFFFFFFFFFFFFFFFFFFFFFFFFFFFFFFFFF01
:20BF6000FFFFFFFFFFFFFFFFFFFFFFFFFFFFFFFFFFFFFFFFFFFFFFFFFFFFFFFFFFFFFFFFE1
:20BF8000FFFFFFFFFFFFFFFFFFFFFFFFFFFFFFFFFFFFFFFFFFFFFFFFFFFFFFFFFFFFFFFFC1
:20BFA000FFFFFFFFFFFFFFFFFFFFFFFFFFFFFFFFFFFFFFFFFFFFFFFFFFFFFFFFFFFFFFFFA1
:20BFC000FFFFFFFFFFFFFFFFFFFFFFFFFFFFFFFFFFFFFFFFFFFFFFFFFFFFFFFFFFFFFFFF81
:20BFE000FFFFFFFFFFFFFFFFFFFFFFFFFFFFFFFFFFFFFFFFFFFFFFFFFFFFFFFFFFFFFFFF61
:20C00000FFFFFFFFFFFFFFFFFFFFFFFFFFFFFFFFFFFFFFFFFFFFFFFFFFFFFFFFFFFFFFFF40
:20C02000FFFFFFFFFFFFFFFFFFFFFFFFFFFFFFFFFFFFFFFFFFFFFFFFFFFFFFFFFFFFFFFF20
:20C04000FFFFFFFFFFFFFFFFFFFFFFFFFFFFFFFFFFFFFFFFFFFFFFFFFFFFFFFFFFFFFFFF00
:20C06000FFFFFFFFFFFFFFFFFFFFFFFFFFFFFFFFFFFFFFFFFFFFFFFFFFFFFFFFFFFFFFFFE0
:20C08000FFFFFFFFFFFFFFFFFFFFFFFFFFFFFFFFFFFFFFFFFFFFFFFFFFFFFFFFFFFFFFFFC0
:20C0A000FFFFFFFFFFFFFFFFFFFFFFFFFFFFFFFFFFFFFFFFFFFFFFFFFFFFFFFFFFFFFFFFA0
:20C0C000FFFFFFFFFFFFFFFFFFFFFFFFFFFFFFFFFFFFFFFFFFFFFFFFFFFFFFFFFFFFFFFF80
:20C0E000FFFFFFFFFFFFFFFFFFFFFFFFFFFFFFFFFFFFFFFFFFFFFFFFFFFFFFFFFFFFFFFF60
:20C10000FFFFFFFFFFFFFFFFFFFFFFFFFFFFFFFFFFFFFFFFFFFFFFFFFFFFFFFFFFFFFFFF3F
:20C12000FFFFFFFFFFFFFFFFFFFFFFFFFFFFFFFFFFFFFFFFFFFFFFFFFFFFFFFFFFFFFFFF1F
:20C14000FFFFFFFFFFFFFFFFFFFFFFFFFFFFFFFFFFFFFFFFFFFFFFFFFFFFFFFFFFFFFFFFFF
:20C16000FFFFFFFFFFFFFFFFFFFFFFFFFFFFFFFFFFFFFFFFFFFFFFFFFFFFFFFFFFFFFFFFDF
:20C18000FFFFFFFFFFFFFFFFFFFFFFFFFFFFFFFFFFFFFFFFFFFFFFFFFFFFFFFFFFFFFFFFBF
:20C1A000FFFFFFFFFFFFFFFFFFFFFFFFFFFFFFFFFFFFFFFFFFFFFFFFFFFFFFFFFFFFFFFF9F
:20C1C000FFFFFFFFFFFFFFFFFFFFFFFFFFFFFFFFFFFFFFFFFFFFFFFFFFFFFFFFFFFFFFFF7F
:20C1E000FFFFFFFFFFFFFFFFFFFFFFFFFFFFFFFFFFFFFFFFFFFFFFFFFFFFFFFFFFFFFFFF5F
:20C20000FFFFFFFFFFFFFFFFFFFFFFFFFFFFFFFFFFFFFFFFFFFFFFFFFFFFFFFFFFFFFFFF3E
:20C22000FFFFFFFFFFFFFFFFFFFFFFFFFFFFFFFFFFFFFFFFFFFFFFFFFFFFFFFFFFFFFFFF1E
:20C24000FFFFFFFFFFFFFFFFFFFFFFFFFFFFFFFFFFFFFFFFFFFFFFFFFFFFFFFFFFFFFFFFFE
:20C26000FFFFFFFFFFFFFFFFFFFFFFFFFFFFFFFFFFFFFFFFFFFFFFFFFFFFFFFFFFFFFFFFDE
:20C28000FFFFFFFFFFFFFFFFFFFFFFFFFFFFFFFFFFFFFFFFFFFFFFFFFFFFFFFFFFFFFFFFBE
:20C2A000FFFFFFFFFFFFFFFFFFFFFFFFFFFFFFFFFFFFFFFFFFFFFFFFFFFFFFFFFFFFFFFF9E
:20C2C000FFFFFFFFFFFFFFFFFFFFFFFFFFFFFFFFFFFFFFFFFFFFFFFFFFFFFFFFFFFFFFFF7E
:20C2E000FFFFFFFFFFFFFFFFFFFFFFFFFFFFFFFFFFFFFFFFFFFFFFFFFFFFFFFFFFFFFFFF5E
:20C30000FFFFFFFFFFFFFFFFFFFFFFFFFFFFFFFFFFFFFFFFFFFFFFFFFFFFFFFFFFFFFFFF3D
:20C32000FFFFFFFFFFFFFFFFFFFFFFFFFFFFFFFFFFFFFFFFFFFFFFFFFFFFFFFFFFFFFFFF1D
:20C34000FFFFFFFFFFFFFFFFFFFFFFFFFFFFFFFFFFFFFFFFFFFFFFFFFFFFFFFFFFFFFFFFFD
:20C36000FFFFFFFFFFFFFFFFFFFFFFFFFFFFFFFFFFFFFFFFFFFFFFFFFFFFFFFFFFFFFFFFDD
:20C38000FFFFFFFFFFFFFFFFFFFFFFFFFFFFFFFFFFFFFFFFFFFFFFFFFFFFFFFFFFFFFFFFBD
:20C3A000FFFFFFFFFFFFFFFFFFFFFFFFFFFFFFFFFFFFFFFFFFFFFFFFFFFFFFFFFFFFFFFF9D
:20C3C000FFFFFFFFFFFFFFFFFFFFFFFFFFFFFFFFFFFFFFFFFFFFFFFFFFFFFFFFFFFFFFFF7D
:20C3E000FFFFFFFFFFFFFFFFFFFFFFFFFFFFFFFFFFFFFFFFFFFFFFFFFFFFFFFFFFFFFFFF5D
:20C40000FFFFFFFFFFFFFFFFFFFFFFFFFFFFFFFFFFFFFFFFFFFFFFFFFFFFFFFFFFFFFFFF3C
:20C42000FFFFFFFFFFFFFFFFFFFFFFFFFFFFFFFFFFFFFFFFFFFFFFFFFFFFFFFFFFFFFFFF1C
:20C44000FFFFFFFFFFFFFFFFFFFFFFFFFFFFFFFFFFFFFFFFFFFFFFFFFFFFFFFFFFFFFFFFFC
:20C46000FFFFFFFFFFFFFFFFFFFFFFFFFFFFFFFFFFFFFFFFFFFFFFFFFFFFFFFFFFFFFFFFDC
:20C48000FFFFFFFFFFFFFFFFFFFFFFFFFFFFFFFFFFFFFFFFFFFFFFFFFFFFFFFFFFFFFFFFBC
:20C4A000FFFFFFFFFFFFFFFFFFFFFFFFFFFFFFFFFFFFFFFFFFFFFFFFFFFFFFFFFFFFFFFF9C
:20C4C000FFFFFFFFFFFFFFFFFFFFFFFFFFFFFFFFFFFFFFFFFFFFFFFFFFFFFFFFFFFFFFFF7C
:20C4E000FFFFFFFFFFFFFFFFFFFFFFFFFFFFFFFFFFFFFFFFFFFFFFFFFFFFFFFFFFFFFFFF5C
:20C50000FFFFFFFFFFFFFFFFFFFFFFFFFFFFFFFFFFFFFFFFFFFFFFFFFFFFFFFFFFFFFFFF3B
:20C52000FFFFFFFFFFFFFFFFFFFFFFFFFFFFFFFFFFFFFFFFFFFFFFFFFFFFFFFFFFFFFFFF1B
:20C54000FFFFFFFFFFFFFFFFFFFFFFFFFFFFFFFFFFFFFFFFFFFFFFFFFFFFFFFFFFFFFFFFFB
:20C56000FFFFFFFFFFFFFFFFFFFFFFFFFFFFFFFFFFFFFFFFFFFFFFFFFFFFFFFFFFFFFFFFDB
:20C58000FFFFFFFFFFFFFFFFFFFFFFFFFFFFFFFFFFFFFFFFFFFFFFFFFFFFFFFFFFFFFFFFBB
:20C5A000FFFFFFFFFFFFFFFFFFFFFFFFFFFFFFFFFFFFFFFFFFFFFFFFFFFFFFFFFFFFFFFF9B
:20C5C000FFFFFFFFFFFFFFFFFFFFFFFFFFFFFFFFFFFFFFFFFFFFFFFFFFFFFFFFFFFFFFFF7B
:20C5E000FFFFFFFFFFFFFFFFFFFFFFFFFFFFFFFFFFFFFFFFFFFFFFFFFFFFFFFFFFFFFFFF5B
:20C60000FFFFFFFFFFFFFFFFFFFFFFFFFFFFFFFFFFFFFFFFFFFFFFFFFFFFFFFFFFFFFFFF3A
:20C62000FFFFFFFFFFFFFFFFFFFFFFFFFFFFFFFFFFFFFFFFFFFFFFFFFFFFFFFFFFFFFFFF1A
:20C64000FFFFFFFFFFFFFFFFFFFFFFFFFFFFFFFFFFFFFFFFFFFFFFFFFFFFFFFFFFFFFFFFFA
:20C66000FFFFFFFFFFFFFFFFFFFFFFFFFFFFFFFFFFFFFFFFFFFFFFFFFFFFFFFFFFFFFFFFDA
:20C68000FFFFFFFFFFFFFFFFFFFFFFFFFFFFFFFFFFFFFFFFFFFFFFFFFFFFFFFFFFFFFFFFBA
:20C6A000FFFFFFFFFFFFFFFFFFFFFFFFFFFFFFFFFFFFFFFFFFFFFFFFFFFFFFFFFFFFFFFF9A
:20C6C000FFFFFFFFFFFFFFFFFFFFFFFFFFFFFFFFFFFFFFFFFFFFFFFFFFFFFFFFFFFFFFFF7A
:20C6E000FFFFFFFFFFFFFFFFFFFFFFFFFFFFFFFFFFFFFFFFFFFFFFFFFFFFFFFFFFFFFFFF5A
:20C70000FFFFFFFFFFFFFFFFFFFFFFFFFFFFFFFFFFFFFFFFFFFFFFFFFFFFFFFFFFFFFFFF39
:20C72000FFFFFFFFFFFFFFFFFFFFFFFFFFFFFFFFFFFFFFFFFFFFFFFFFFFFFFFFFFFFFFFF19
:20C74000FFFFFFFFFFFFFFFFFFFFFFFFFFFFFFFFFFFFFFFFFFFFFFFFFFFFFFFFFFFFFFFFF9
:20C76000FFFFFFFFFFFFFFFFFFFFFFFFFFFFFFFFFFFFFFFFFFFFFFFFFFFFFFFFFFFFFFFFD9
:20C78000FFFFFFFFFFFFFFFFFFFFFFFFFFFFFFFFFFFFFFFFFFFFFFFFFFFFFFFFFFFFFFFFB9
:20C7A000FFFFFFFFFFFFFFFFFFFFFFFFFFFFFFFFFFFFFFFFFFFFFFFFFFFFFFFFFFFFFFFF99
:20C7C000FFFFFFFFFFFFFFFFFFFFFFFFFFFFFFFFFFFFFFFFFFFFFFFFFFFFFFFFFFFFFFFF79
:20C7E000FFFFFFFFFFFFFFFFFFFFFFFFFFFFFFFFFFFFFFFFFFFFFFFFFFFFFFFFFFFFFFFF59
:20C80000FFFFFFFFFFFFFFFFFFFFFFFFFFFFFFFFFFFFFFFFFFFFFFFFFFFFFFFFFFFFFFFF38
:20C82000FFFFFFFFFFFFFFFFFFFFFFFFFFFFFFFFFFFFFFFFFFFFFFFFFFFFFFFFFFFFFFFF18
:20C84000FFFFFFFFFFFFFFFFFFFFFFFFFFFFFFFFFFFFFFFFFFFFFFFFFFFFFFFFFFFFFFFFF8
:20C86000FFFFFFFFFFFFFFFFFFFFFFFFFFFFFFFFFFFFFFFFFFFFFFFFFFFFFFFFFFFFFFFFD8
:20C88000FFFFFFFFFFFFFFFFFFFFFFFFFFFFFFFFFFFFFFFFFFFFFFFFFFFFFFFFFFFFFFFFB8
:20C8A000FFFFFFFFFFFFFFFFFFFFFFFFFFFFFFFFFFFFFFFFFFFFFFFFFFFFFFFFFFFFFFFF98
:20C8C000FFFFFFFFFFFFFFFFFFFFFFFFFFFFFFFFFFFFFFFFFFFFFFFFFFFFFFFFFFFFFFFF78
:20C8E000FFFFFFFFFFFFFFFFFFFFFFFFFFFFFFFFFFFFFFFFFFFFFFFFFFFFFFFFFFFFFFFF58
:20C90000FFFFFFFFFFFFFFFFFFFFFFFFFFFFFFFFFFFFFFFFFFFFFFFFFFFFFFFFFFFFFFFF37
:20C92000FFFFFFFFFFFFFFFFFFFFFFFFFFFFFFFFFFFFFFFFFFFFFFFFFFFFFFFFFFFFFFFF17
:20C94000FFFFFFFFFFFFFFFFFFFFFFFFFFFFFFFFFFFFFFFFFFFFFFFFFFFFFFFFFFFFFFFFF7
:20C96000FFFFFFFFFFFFFFFFFFFFFFFFFFFFFFFFFFFFFFFFFFFFFFFFFFFFFFFFFFFFFFFFD7
:20C98000FFFFFFFFFFFFFFFFFFFFFFFFFFFFFFFFFFFFFFFFFFFFFFFFFFFFFFFFFFFFFFFFB7
:20C9A000FFFFFFFFFFFFFFFFFFFFFFFFFFFFFFFFFFFFFFFFFFFFFFFFFFFFFFFFFFFFFFFF97
:20C9C000FFFFFFFFFFFFFFFFFFFFFFFFFFFFFFFFFFFFFFFFFFFFFFFFFFFFFFFFFFFFFFFF77
:20C9E000FFFFFFFFFFFFFFFFFFFFFFFFFFFFFFFFFFFFFFFFFFFFFFFFFFFFFFFFFFFFFFFF57
:20CA0000FFFFFFFFFFFFFFFFFFFFFFFFFFFFFFFFFFFFFFFFFFFFFFFFFFFFFFFFFFFFFFFF36
:20CA2000FFFFFFFFFFFFFFFFFFFFFFFFFFFFFFFFFFFFFFFFFFFFFFFFFFFFFFFFFFFFFFFF16
:20CA4000FFFFFFFFFFFFFFFFFFFFFFFFFFFFFFFFFFFFFFFFFFFFFFFFFFFFFFFFFFFFFFFFF6
:20CA6000FFFFFFFFFFFFFFFFFFFFFFFFFFFFFFFFFFFFFFFFFFFFFFFFFFFFFFFFFFFFFFFFD6
:20CA8000FFFFFFFFFFFFFFFFFFFFFFFFFFFFFFFFFFFFFFFFFFFFFFFFFFFFFFFFFFFFFFFFB6
:20CAA000FFFFFFFFFFFFFFFFFFFFFFFFFFFFFFFFFFFFFFFFFFFFFFFFFFFFFFFFFFFFFFFF96
:20CAC000FFFFFFFFFFFFFFFFFFFFFFFFFFFFFFFFFFFFFFFFFFFFFFFFFFFFFFFFFFFFFFFF76
:20CAE000FFFFFFFFFFFFFFFFFFFFFFFFFFFFFFFFFFFFFFFFFFFFFFFFFFFFFFFFFFFFFFFF56
:20CB0000FFFFFFFFFFFFFFFFFFFFFFFFFFFFFFFFFFFFFFFFFFFFFFFFFFFFFFFFFFFFFFFF35
:20CB2000FFFFFFFFFFFFFFFFFFFFFFFFFFFFFFFFFFFFFFFFFFFFFFFFFFFFFFFFFFFFFFFF15
:20CB4000FFFFFFFFFFFFFFFFFFFFFFFFFFFFFFFFFFFFFFFFFFFFFFFFFFFFFFFFFFFFFFFFF5
:20CB6000FFFFFFFFFFFFFFFFFFFFFFFFFFFFFFFFFFFFFFFFFFFFFFFFFFFFFFFFFFFFFFFFD5
:20CB8000FFFFFFFFFFFFFFFFFFFFFFFFFFFFFFFFFFFFFFFFFFFFFFFFFFFFFFFFFFFFFFFFB5
:20CBA000FFFFFFFFFFFFFFFFFFFFFFFFFFFFFFFFFFFFFFFFFFFFFFFFFFFFFFFFFFFFFFFF95
:20CBC000FFFFFFFFFFFFFFFFFFFFFFFFFFFFFFFFFFFFFFFFFFFFFFFFFFFFFFFFFFFFFFFF75
:20CBE000FFFFFFFFFFFFFFFFFFFFFFFFFFFFFFFFFFFFFFFFFFFFFFFFFFFFFFFFFFFFFFFF55
:20CC0000FFFFFFFFFFFFFFFFFFFFFFFFFFFFFFFFFFFFFFFFFFFFFFFFFFFFFFFFFFFFFFFF34
:20CC2000FFFFFFFFFFFFFFFFFFFFFFFFFFFFFFFFFFFFFFFFFFFFFFFFFFFFFFFFFFFFFFFF14
:20CC4000FFFFFFFFFFFFFFFFFFFFFFFFFFFFFFFFFFFFFFFFFFFFFFFFFFFFFFFFFFFFFFFFF4
:20CC6000FFFFFFFFFFFFFFFFFFFFFFFFFFFFFFFFFFFFFFFFFFFFFFFFFFFFFFFFFFFFFFFFD4
:20CC8000FFFFFFFFFFFFFFFFFFFFFFFFFFFFFFFFFFFFFFFFFFFFFFFFFFFFFFFFFFFFFFFFB4
:20CCA000FFFFFFFFFFFFFFFFFFFFFFFFFFFFFFFFFFFFFFFFFFFFFFFFFFFFFFFFFFFFFFFF94
:20CCC000FFFFFFFFFFFFFFFFFFFFFFFFFFFFFFFFFFFFFFFFFFFFFFFFFFFFFFFFFFFFFFFF74
:20CCE000FFFFFFFFFFFFFFFFFFFFFFFFFFFFFFFFFFFFFFFFFFFFFFFFFFFFFFFFFFFFFFFF54
:20CD0000FFFFFFFFFFFFFFFFFFFFFFFFFFFFFFFFFFFFFFFFFFFFFFFFFFFFFFFFFFFFFFFF33
:20CD2000FFFFFFFFFFFFFFFFFFFFFFFFFFFFFFFFFFFFFFFFFFFFFFFFFFFFFFFFFFFFFFFF13
:20CD4000FFFFFFFFFFFFFFFFFFFFFFFFFFFFFFFFFFFFFFFFFFFFFFFFFFFFFFFFFFFFFFFFF3
:20CD6000FFFFFFFFFFFFFFFFFFFFFFFFFFFFFFFFFFFFFFFFFFFFFFFFFFFFFFFFFFFFFFFFD3
:20CD8000FFFFFFFFFFFFFFFFFFFFFFFFFFFFFFFFFFFFFFFFFFFFFFFFFFFFFFFFFFFFFFFFB3
:20CDA000FFFFFFFFFFFFFFFFFFFFFFFFFFFFFFFFFFFFFFFFFFFFFFFFFFFFFFFFFFFFFFFF93
:20CDC000FFFFFFFFFFFFFFFFFFFFFFFFFFFFFFFFFFFFFFFFFFFFFFFFFFFFFFFFFFFFFFFF73
:20CDE000FFFFFFFFFFFFFFFFFFFFFFFFFFFFFFFFFFFFFFFFFFFFFFFFFFFFFFFFFFFFFFFF53
:20CE0000FFFFFFFFFFFFFFFFFFFFFFFFFFFFFFFFFFFFFFFFFFFFFFFFFFFFFFFFFFFFFFFF32
:20CE2000FFFFFFFFFFFFFFFFFFFFFFFFFFFFFFFFFFFFFFFFFFFFFFFFFFFFFFFFFFFFFFFF12
:20CE4000FFFFFFFFFFFFFFFFFFFFFFFFFFFFFFFFFFFFFFFFFFFFFFFFFFFFFFFFFFFFFFFFF2
:20CE6000FFFFFFFFFFFFFFFFFFFFFFFFFFFFFFFFFFFFFFFFFFFFFFFFFFFFFFFFFFFFFFFFD2
:20CE8000FFFFFFFFFFFFFFFFFFFFFFFFFFFFFFFFFFFFFFFFFFFFFFFFFFFFFFFFFFFFFFFFB2
:20CEA000FFFFFFFFFFFFFFFFFFFFFFFFFFFFFFFFFFFFFFFFFFFFFFFFFFFFFFFFFFFFFFFF92
:20CEC000FFFFFFFFFFFFFFFFFFFFFFFFFFFFFFFFFFFFFFFFFFFFFFFFFFFFFFFFFFFFFFFF72
:20CEE000FFFFFFFFFFFFFFFFFFFFFFFFFFFFFFFFFFFFFFFFFFFFFFFFFFFFFFFFFFFFFFFF52
:20CF0000FFFFFFFFFFFFFFFFFFFFFFFFFFFFFFFFFFFFFFFFFFFFFFFFFFFFFFFFFFFFFFFF31
:20CF2000FFFFFFFFFFFFFFFFFFFFFFFFFFFFFFFFFFFFFFFFFFFFFFFFFFFFFFFFFFFFFFFF11
:20CF4000FFFFFFFFFFFFFFFFFFFFFFFFFFFFFFFFFFFFFFFFFFFFFFFFFFFFFFFFFFFFFFFFF1
:20CF6000FFFFFFFFFFFFFFFFFFFFFFFFFFFFFFFFFFFFFFFFFFFFFFFFFFFFFFFFFFFFFFFFD1
:20CF8000FFFFFFFFFFFFFFFFFFFFFFFFFFFFFFFFFFFFFFFFFFFFFFFFFFFFFFFFFFFFFFFFB1
:20CFA000FFFFFFFFFFFFFFFFFFFFFFFFFFFFFFFFFFFFFFFFFFFFFFFFFFFFFFFFFFFFFFFF91
:20CFC000FFFFFFFFFFFFFFFFFFFFFFFFFFFFFFFFFFFFFFFFFFFFFFFFFFFFFFFFFFFFFFFF71
:20CFE000FFFFFFFFFFFFFFFFFFFFFFFFFFFFFFFFFFFFFFFFFFFFFFFFFFFFFFFFFFFFFFFF51
:20D00000FFFFFFFFFFFFFFFFFFFFFFFFFFFFFFFFFFFFFFFFFFFFFFFFFFFFFFFFFFFFFFFF30
:20D02000FFFFFFFFFFFFFFFFFFFFFFFFFFFFFFFFFFFFFFFFFFFFFFFFFFFFFFFFFFFFFFFF10
:20D04000FFFFFFFFFFFFFFFFFFFFFFFFFFFFFFFFFFFFFFFFFFFFFFFFFFFFFFFFFFFFFFFFF0
:20D06000FFFFFFFFFFFFFFFFFFFFFFFFFFFFFFFFFFFFFFFFFFFFFFFFFFFFFFFFFFFFFFFFD0
:20D08000FFFFFFFFFFFFFFFFFFFFFFFFFFFFFFFFFFFFFFFFFFFFFFFFFFFFFFFFFFFFFFFFB0
:20D0A000FFFFFFFFFFFFFFFFFFFFFFFFFFFFFFFFFFFFFFFFFFFFFFFFFFFFFFFFFFFFFFFF90
:20D0C000FFFFFFFFFFFFFFFFFFFFFFFFFFFFFFFFFFFFFFFFFFFFFFFFFFFFFFFFFFFFFFFF70
:20D0E000FFFFFFFFFFFFFFFFFFFFFFFFFFFFFFFFFFFFFFFFFFFFFFFFFFFFFFFFFFFFFFFF50
:20D10000FFFFFFFFFFFFFFFFFFFFFFFFFFFFFFFFFFFFFFFFFFFFFFFFFFFFFFFFFFFFFFFF2F
:20D12000FFFFFFFFFFFFFFFFFFFFFFFFFFFFFFFFFFFFFFFFFFFFFFFFFFFFFFFFFFFFFFFF0F
:20D14000FFFFFFFFFFFFFFFFFFFFFFFFFFFFFFFFFFFFFFFFFFFFFFFFFFFFFFFFFFFFFFFFEF
:20D16000FFFFFFFFFFFFFFFFFFFFFFFFFFFFFFFFFFFFFFFFFFFFFFFFFFFFFFFFFFFFFFFFCF
:20D18000FFFFFFFFFFFFFFFFFFFFFFFFFFFFFFFFFFFFFFFFFFFFFFFFFFFFFFFFFFFFFFFFAF
:20D1A000FFFFFFFFFFFFFFFFFFFFFFFFFFFFFFFFFFFFFFFFFFFFFFFFFFFFFFFFFFFFFFFF8F
:20D1C000FFFFFFFFFFFFFFFFFFFFFFFFFFFFFFFFFFFFFFFFFFFFFFFFFFFFFFFFFFFFFFFF6F
:20D1E000FFFFFFFFFFFFFFFFFFFFFFFFFFFFFFFFFFFFFFFFFFFFFFFFFFFFFFFFFFFFFFFF4F
:20D20000FFFFFFFFFFFFFFFFFFFFFFFFFFFFFFFFFFFFFFFFFFFFFFFFFFFFFFFFFFFFFFFF2E
:20D22000FFFFFFFFFFFFFFFFFFFFFFFFFFFFFFFFFFFFFFFFFFFFFFFFFFFFFFFFFFFFFFFF0E
:20D24000FFFFFFFFFFFFFFFFFFFFFFFFFFFFFFFFFFFFFFFFFFFFFFFFFFFFFFFFFFFFFFFFEE
:20D26000FFFFFFFFFFFFFFFFFFFFFFFFFFFFFFFFFFFFFFFFFFFFFFFFFFFFFFFFFFFFFFFFCE
:20D28000FFFFFFFFFFFFFFFFFFFFFFFFFFFFFFFFFFFFFFFFFFFFFFFFFFFFFFFFFFFFFFFFAE
:20D2A000FFFFFFFFFFFFFFFFFFFFFFFFFFFFFFFFFFFFFFFFFFFFFFFFFFFFFFFFFFFFFFFF8E
:20D2C000FFFFFFFFFFFFFFFFFFFFFFFFFFFFFFFFFFFFFFFFFFFFFFFFFFFFFFFFFFFFFFFF6E
:20D2E000FFFFFFFFFFFFFFFFFFFFFFFFFFFFFFFFFFFFFFFFFFFFFFFFFFFFFFFFFFFFFFFF4E
:20D30000FFFFFFFFFFFFFFFFFFFFFFFFFFFFFFFFFFFFFFFFFFFFFFFFFFFFFFFFFFFFFFFF2D
:20D32000FFFFFFFFFFFFFFFFFFFFFFFFFFFFFFFFFFFFFFFFFFFFFFFFFFFFFFFFFFFFFFFF0D
:20D34000FFFFFFFFFFFFFFFFFFFFFFFFFFFFFFFFFFFFFFFFFFFFFFFFFFFFFFFFFFFFFFFFED
:20D36000FFFFFFFFFFFFFFFFFFFFFFFFFFFFFFFFFFFFFFFFFFFFFFFFFFFFFFFFFFFFFFFFCD
:20D38000FFFFFFFFFFFFFFFFFFFFFFFFFFFFFFFFFFFFFFFFFFFFFFFFFFFFFFFFFFFFFFFFAD
:20D3A000FFFFFFFFFFFFFFFFFFFFFFFFFFFFFFFFFFFFFFFFFFFFFFFFFFFFFFFFFFFFFFFF8D
:20D3C000FFFFFFFFFFFFFFFFFFFFFFFFFFFFFFFFFFFFFFFFFFFFFFFFFFFFFFFFFFFFFFFF6D
:20D3E000FFFFFFFFFFFFFFFFFFFFFFFFFFFFFFFFFFFFFFFFFFFFFFFFFFFFFFFFFFFFFFFF4D
:20D40000FFFFFFFFFFFFFFFFFFFFFFFFFFFFFFFFFFFFFFFFFFFFFFFFFFFFFFFFFFFFFFFF2C
:20D42000FFFFFFFFFFFFFFFFFFFFFFFFFFFFFFFFFFFFFFFFFFFFFFFFFFFFFFFFFFFFFFFF0C
:20D44000FFFFFFFFFFFFFFFFFFFFFFFFFFFFFFFFFFFFFFFFFFFFFFFFFFFFFFFFFFFFFFFFEC
:20D46000FFFFFFFFFFFFFFFFFFFFFFFFFFFFFFFFFFFFFFFFFFFFFFFFFFFFFFFFFFFFFFFFCC
:20D48000FFFFFFFFFFFFFFFFFFFFFFFFFFFFFFFFFFFFFFFFFFFFFFFFFFFFFFFFFFFFFFFFAC
:20D4A000FFFFFFFFFFFFFFFFFFFFFFFFFFFFFFFFFFFFFFFFFFFFFFFFFFFFFFFFFFFFFFFF8C
:20D4C000FFFFFFFFFFFFFFFFFFFFFFFFFFFFFFFFFFFFFFFFFFFFFFFFFFFFFFFFFFFFFFFF6C
:20D4E000FFFFFFFFFFFFFFFFFFFFFFFFFFFFFFFFFFFFFFFFFFFFFFFFFFFFFFFFFFFFFFFF4C
:20D50000FFFFFFFFFFFFFFFFFFFFFFFFFFFFFFFFFFFFFFFFFFFFFFFFFFFFFFFFFFFFFFFF2B
:20D52000FFFFFFFFFFFFFFFFFFFFFFFFFFFFFFFFFFFFFFFFFFFFFFFFFFFFFFFFFFFFFFFF0B
:20D54000FFFFFFFFFFFFFFFFFFFFFFFFFFFFFFFFFFFFFFFFFFFFFFFFFFFFFFFFFFFFFFFFEB
:20D56000FFFFFFFFFFFFFFFFFFFFFFFFFFFFFFFFFFFFFFFFFFFFFFFFFFFFFFFFFFFFFFFFCB
:20D58000FFFFFFFFFFFFFFFFFFFFFFFFFFFFFFFFFFFFFFFFFFFFFFFFFFFFFFFFFFFFFFFFAB
:20D5A000FFFFFFFFFFFFFFFFFFFFFFFFFFFFFFFFFFFFFFFFFFFFFFFFFFFFFFFFFFFFFFFF8B
:20D5C000FFFFFFFFFFFFFFFFFFFFFFFFFFFFFFFFFFFFFFFFFFFFFFFFFFFFFFFFFFFFFFFF6B
:20D5E000FFFFFFFFFFFFFFFFFFFFFFFFFFFFFFFFFFFFFFFFFFFFFFFFFFFFFFFFFFFFFFFF4B
:20D60000FFFFFFFFFFFFFFFFFFFFFFFFFFFFFFFFFFFFFFFFFFFFFFFFFFFFFFFFFFFFFFFF2A
:20D62000FFFFFFFFFFFFFFFFFFFFFFFFFFFFFFFFFFFFFFFFFFFFFFFFFFFFFFFFFFFFFFFF0A
:20D64000FFFFFFFFFFFFFFFFFFFFFFFFFFFFFFFFFFFFFFFFFFFFFFFFFFFFFFFFFFFFFFFFEA
:20D66000FFFFFFFFFFFFFFFFFFFFFFFFFFFFFFFFFFFFFFFFFFFFFFFFFFFFFFFFFFFFFFFFCA
:20D68000FFFFFFFFFFFFFFFFFFFFFFFFFFFFFFFFFFFFFFFFFFFFFFFFFFFFFFFFFFFFFFFFAA
:20D6A000FFFFFFFFFFFFFFFFFFFFFFFFFFFFFFFFFFFFFFFFFFFFFFFFFFFFFFFFFFFFFFFF8A
:20D6C000FFFFFFFFFFFFFFFFFFFFFFFFFFFFFFFFFFFFFFFFFFFFFFFFFFFFFFFFFFFFFFFF6A
:20D6E000FFFFFFFFFFFFFFFFFFFFFFFFFFFFFFFFFFFFFFFFFFFFFFFFFFFFFFFFFFFFFFFF4A
:20D70000FFFFFFFFFFFFFFFFFFFFFFFFFFFFFFFFFFFFFFFFFFFFFFFFFFFFFFFFFFFFFFFF29
:20D72000FFFFFFFFFFFFFFFFFFFFFFFFFFFFFFFFFFFFFFFFFFFFFFFFFFFFFFFFFFFFFFFF09
:20D74000FFFFFFFFFFFFFFFFFFFFFFFFFFFFFFFFFFFFFFFFFFFFFFFFFFFFFFFFFFFFFFFFE9
:20D76000FFFFFFFFFFFFFFFFFFFFFFFFFFFFFFFFFFFFFFFFFFFFFFFFFFFFFFFFFFFFFFFFC9
:20D78000FFFFFFFFFFFFFFFFFFFFFFFFFFFFFFFFFFFFFFFFFFFFFFFFFFFFFFFFFFFFFFFFA9
:20D7A000FFFFFFFFFFFFFFFFFFFFFFFFFFFFFFFFFFFFFFFFFFFFFFFFFFFFFFFFFFFFFFFF89
:20D7C000FFFFFFFFFFFFFFFFFFFFFFFFFFFFFFFFFFFFFFFFFFFFFFFFFFFFFFFFFFFFFFFF69
:20D7E000FFFFFFFFFFFFFFFFFFFFFFFFFFFFFFFFFFFFFFFFFFFFFFFFFFFFFFFFFFFFFFFF49
:20D80000FFFFFFFFFFFFFFFFFFFFFFFFFFFFFFFFFFFFFFFFFFFFFFFFFFFFFFFFFFFFFFFF28
:20D82000FFFFFFFFFFFFFFFFFFFFFFFFFFFFFFFFFFFFFFFFFFFFFFFFFFFFFFFFFFFFFFFF08
:20D84000FFFFFFFFFFFFFFFFFFFFFFFFFFFFFFFFFFFFFFFFFFFFFFFFFFFFFFFFFFFFFFFFE8
:20D86000FFFFFFFFFFFFFFFFFFFFFFFFFFFFFFFFFFFFFFFFFFFFFFFFFFFFFFFFFFFFFFFFC8
:20D88000FFFFFFFFFFFFFFFFFFFFFFFFFFFFFFFFFFFFFFFFFFFFFFFFFFFFFFFFFFFFFFFFA8
:20D8A000FFFFFFFFFFFFFFFFFFFFFFFFFFFFFFFFFFFFFFFFFFFFFFFFFFFFFFFFFFFFFFFF88
:20D8C000FFFFFFFFFFFFFFFFFFFFFFFFFFFFFFFFFFFFFFFFFFFFFFFFFFFFFFFFFFFFFFFF68
:20D8E000FFFFFFFFFFFFFFFFFFFFFFFFFFFFFFFFFFFFFFFFFFFFFFFFFFFFFFFFFFFFFFFF48
:20D90000FFFFFFFFFFFFFFFFFFFFFFFFFFFFFFFFFFFFFFFFFFFFFFFFFFFFFFFFFFFFFFFF27
:20D92000FFFFFFFFFFFFFFFFFFFFFFFFFFFFFFFFFFFFFFFFFFFFFFFFFFFFFFFFFFFFFFFF07
:20D94000FFFFFFFFFFFFFFFFFFFFFFFFFFFFFFFFFFFFFFFFFFFFFFFFFFFFFFFFFFFFFFFFE7
:20D96000FFFFFFFFFFFFFFFFFFFFFFFFFFFFFFFFFFFFFFFFFFFFFFFFFFFFFFFFFFFFFFFFC7
:20D98000FFFFFFFFFFFFFFFFFFFFFFFFFFFFFFFFFFFFFFFFFFFFFFFFFFFFFFFFFFFFFFFFA7
:20D9A000FFFFFFFFFFFFFFFFFFFFFFFFFFFFFFFFFFFFFFFFFFFFFFFFFFFFFFFFFFFFFFFF87
:20D9C000FFFFFFFFFFFFFFFFFFFFFFFFFFFFFFFFFFFFFFFFFFFFFFFFFFFFFFFFFFFFFFFF67
:20D9E000FFFFFFFFFFFFFFFFFFFFFFFFFFFFFFFFFFFFFFFFFFFFFFFFFFFFFFFFFFFFFFFF47
:20DA0000FFFFFFFFFFFFFFFFFFFFFFFFFFFFFFFFFFFFFFFFFFFFFFFFFFFFFFFFFFFFFFFF26
:20DA2000FFFFFFFFFFFFFFFFFFFFFFFFFFFFFFFFFFFFFFFFFFFFFFFFFFFFFFFFFFFFFFFF06
:20DA4000FFFFFFFFFFFFFFFFFFFFFFFFFFFFFFFFFFFFFFFFFFFFFFFFFFFFFFFFFFFFFFFFE6
:20DA6000FFFFFFFFFFFFFFFFFFFFFFFFFFFFFFFFFFFFFFFFFFFFFFFFFFFFFFFFFFFFFFFFC6
:20DA8000FFFFFFFFFFFFFFFFFFFFFFFFFFFFFFFFFFFFFFFFFFFFFFFFFFFFFFFFFFFFFFFFA6
:20DAA000FFFFFFFFFFFFFFFFFFFFFFFFFFFFFFFFFFFFFFFFFFFFFFFFFFFFFFFFFFFFFFFF86
:20DAC000FFFFFFFFFFFFFFFFFFFFFFFFFFFFFFFFFFFFFFFFFFFFFFFFFFFFFFFFFFFFFFFF66
:20DAE000FFFFFFFFFFFFFFFFFFFFFFFFFFFFFFFFFFFFFFFFFFFFFFFFFFFFFFFFFFFFFFFF46
:20DB0000FFFFFFFFFFFFFFFFFFFFFFFFFFFFFFFFFFFFFFFFFFFFFFFFFFFFFFFFFFFFFFFF25
:20DB2000FFFFFFFFFFFFFFFFFFFFFFFFFFFFFFFFFFFFFFFFFFFFFFFFFFFFFFFFFFFFFFFF05
:20DB4000FFFFFFFFFFFFFFFFFFFFFFFFFFFFFFFFFFFFFFFFFFFFFFFFFFFFFFFFFFFFFFFFE5
:20DB6000FFFFFFFFFFFFFFFFFFFFFFFFFFFFFFFFFFFFFFFFFFFFFFFFFFFFFFFFFFFFFFFFC5
:20DB8000FFFFFFFFFFFFFFFFFFFFFFFFFFFFFFFFFFFFFFFFFFFFFFFFFFFFFFFFFFFFFFFFA5
:20DBA000FFFFFFFFFFFFFFFFFFFFFFFFFFFFFFFFFFFFFFFFFFFFFFFFFFFFFFFFFFFFFFFF85
:20DBC000FFFFFFFFFFFFFFFFFFFFFFFFFFFFFFFFFFFFFFFFFFFFFFFFFFFFFFFFFFFFFFFF65
:20DBE000FFFFFFFFFFFFFFFFFFFFFFFFFFFFFFFFFFFFFFFFFFFFFFFFFFFFFFFFFFFFFFFF45
:20DC0000FFFFFFFFFFFFFFFFFFFFFFFFFFFFFFFFFFFFFFFFFFFFFFFFFFFFFFFFFFFFFFFF24
:20DC2000FFFFFFFFFFFFFFFFFFFFFFFFFFFFFFFFFFFFFFFFFFFFFFFFFFFFFFFFFFFFFFFF04
:20DC4000FFFFFFFFFFFFFFFFFFFFFFFFFFFFFFFFFFFFFFFFFFFFFFFFFFFFFFFFFFFFFFFFE4
:20DC6000FFFFFFFFFFFFFFFFFFFFFFFFFFFFFFFFFFFFFFFFFFFFFFFFFFFFFFFFFFFFFFFFC4
:20DC8000FFFFFFFFFFFFFFFFFFFFFFFFFFFFFFFFFFFFFFFFFFFFFFFFFFFFFFFFFFFFFFFFA4
:20DCA000FFFFFFFFFFFFFFFFFFFFFFFFFFFFFFFFFFFFFFFFFFFFFFFFFFFFFFFFFFFFFFFF84
:20DCC000FFFFFFFFFFFFFFFFFFFFFFFFFFFFFFFFFFFFFFFFFFFFFFFFFFFFFFFFFFFFFFFF64
:20DCE000FFFFFFFFFFFFFFFFFFFFFFFFFFFFFFFFFFFFFFFFFFFFFFFFFFFFFFFFFFFFFFFF44
:20DD0000FFFFFFFFFFFFFFFFFFFFFFFFFFFFFFFFFFFFFFFFFFFFFFFFFFFFFFFFFFFFFFFF23
:20DD2000FFFFFFFFFFFFFFFFFFFFFFFFFFFFFFFFFFFFFFFFFFFFFFFFFFFFFFFFFFFFFFFF03
:20DD4000FFFFFFFFFFFFFFFFFFFFFFFFFFFFFFFFFFFFFFFFFFFFFFFFFFFFFFFFFFFFFFFFE3
:20DD6000FFFFFFFFFFFFFFFFFFFFFFFFFFFFFFFFFFFFFFFFFFFFFFFFFFFFFFFFFFFFFFFFC3
:20DD8000FFFFFFFFFFFFFFFFFFFFFFFFFFFFFFFFFFFFFFFFFFFFFFFFFFFFFFFFFFFFFFFFA3
:20DDA000FFFFFFFFFFFFFFFFFFFFFFFFFFFFFFFFFFFFFFFFFFFFFFFFFFFFFFFFFFFFFFFF83
:20DDC000FFFFFFFFFFFFFFFFFFFFFFFFFFFFFFFFFFFFFFFFFFFFFFFFFFFFFFFFFFFFFFFF63
:20DDE000FFFFFFFFFFFFFFFFFFFFFFFFFFFFFFFFFFFFFFFFFFFFFFFFFFFFFFFFFFFFFFFF43
:20DE0000FFFFFFFFFFFFFFFFFFFFFFFFFFFFFFFFFFFFFFFFFFFFFFFFFFFFFFFFFFFFFFFF22
:20DE2000FFFFFFFFFFFFFFFFFFFFFFFFFFFFFFFFFFFFFFFFFFFFFFFFFFFFFFFFFFFFFFFF02
:20DE4000FFFFFFFFFFFFFFFFFFFFFFFFFFFFFFFFFFFFFFFFFFFFFFFFFFFFFFFFFFFFFFFFE2
:20DE6000FFFFFFFFFFFFFFFFFFFFFFFFFFFFFFFFFFFFFFFFFFFFFFFFFFFFFFFFFFFFFFFFC2
:20DE8000FFFFFFFFFFFFFFFFFFFFFFFFFFFFFFFFFFFFFFFFFFFFFFFFFFFFFFFFFFFFFFFFA2
:20DEA000FFFFFFFFFFFFFFFFFFFFFFFFFFFFFFFFFFFFFFFFFFFFFFFFFFFFFFFFFFFFFFFF82
:20DEC000FFFFFFFFFFFFFFFFFFFFFFFFFFFFFFFFFFFFFFFFFFFFFFFFFFFFFFFFFFFFFFFF62
:20DEE000FFFFFFFFFFFFFFFFFFFFFFFFFFFFFFFFFFFFFFFFFFFFFFFFFFFFFFFFFFFFFFFF42
:20DF0000FFFFFFFFFFFFFFFFFFFFFFFFFFFFFFFFFFFFFFFFFFFFFFFFFFFFFFFFFFFFFFFF21
:20DF2000FFFFFFFFFFFFFFFFFFFFFFFFFFFFFFFFFFFFFFFFFFFFFFFFFFFFFFFFFFFFFFFF01
:20DF4000FFFFFFFFFFFFFFFFFFFFFFFFFFFFFFFFFFFFFFFFFFFFFFFFFFFFFFFFFFFFFFFFE1
:20DF6000FFFFFFFFFFFFFFFFFFFFFFFFFFFFFFFFFFFFFFFFFFFFFFFFFFFFFFFFFFFFFFFFC1
:20DF8000FFFFFFFFFFFFFFFFFFFFFFFFFFFFFFFFFFFFFFFFFFFFFFFFFFFFFFFFFFFFFFFFA1
:20DFA000FFFFFFFFFFFFFFFFFFFFFFFFFFFFFFFFFFFFFFFFFFFFFFFFFFFFFFFFFFFFFFFF81
:20DFC000FFFFFFFFFFFFFFFFFFFFFFFFFFFFFFFFFFFFFFFFFFFFFFFFFFFFFFFFFFFFFFFF61
:20DFE000FFFFFFFFFFFFFFFFFFFFFFFFFFFFFFFFFFFFFFFFFFFFFFFFFFFFFFFFFFFFFFFF41
:20E00000FFFFFFFFFFFFFFFFFFFFFFFFFFFFFFFFFFFFFFFFFFFFFFFFFFFFFFFFFFFFFFFF20
:20E02000FFFFFFFFFFFFFFFFFFFFFFFFFFFFFFFFFFFFFFFFFFFFFFFFFFFFFFFFFFFFFFFF00
:20E04000FFFFFFFFFFFFFFFFFFFFFFFFFFFFFFFFFFFFFFFFFFFFFFFFFFFFFFFFFFFFFFFFE0
:20E06000FFFFFFFFFFFFFFFFFFFFFFFFFFFFFFFFFFFFFFFFFFFFFFFFFFFFFFFFFFFFFFFFC0
:20E08000FFFFFFFFFFFFFFFFFFFFFFFFFFFFFFFFFFFFFFFFFFFFFFFFFFFFFFFFFFFFFFFFA0
:20E0A000FFFFFFFFFFFFFFFFFFFFFFFFFFFFFFFFFFFFFFFFFFFFFFFFFFFFFFFFFFFFFFFF80
:20E0C000FFFFFFFFFFFFFFFFFFFFFFFFFFFFFFFFFFFFFFFFFFFFFFFFFFFFFFFFFFFFFFFF60
:20E0E000FFFFFFFFFFFFFFFFFFFFFFFFFFFFFFFFFFFFFFFFFFFFFFFFFFFFFFFFFFFFFFFF40
:20E10000FFFFFFFFFFFFFFFFFFFFFFFFFFFFFFFFFFFFFFFFFFFFFFFFFFFFFFFFFFFFFFFF1F
:20E12000FFFFFFFFFFFFFFFFFFFFFFFFFFFFFFFFFFFFFFFFFFFFFFFFFFFFFFFFFFFFFFFFFF
:20E14000FFFFFFFFFFFFFFFFFFFFFFFFFFFFFFFFFFFFFFFFFFFFFFFFFFFFFFFFFFFFFFFFDF
:20E16000FFFFFFFFFFFFFFFFFFFFFFFFFFFFFFFFFFFFFFFFFFFFFFFFFFFFFFFFFFFFFFFFBF
:20E18000FFFFFFFFFFFFFFFFFFFFFFFFFFFFFFFFFFFFFFFFFFFFFFFFFFFFFFFFFFFFFFFF9F
:20E1A000FFFFFFFFFFFFFFFFFFFFFFFFFFFFFFFFFFFFFFFFFFFFFFFFFFFFFFFFFFFFFFFF7F
:20E1C000FFFFFFFFFFFFFFFFFFFFFFFFFFFFFFFFFFFFFFFFFFFFFFFFFFFFFFFFFFFFFFFF5F
:20E1E000FFFFFFFFFFFFFFFFFFFFFFFFFFFFFFFFFFFFFFFFFFFFFFFFFFFFFFFFFFFFFFFF3F
:20E20000FFFFFFFFFFFFFFFFFFFFFFFFFFFFFFFFFFFFFFFFFFFFFFFFFFFFFFFFFFFFFFFF1E
:20E22000FFFFFFFFFFFFFFFFFFFFFFFFFFFFFFFFFFFFFFFFFFFFFFFFFFFFFFFFFFFFFFFFFE
:20E24000FFFFFFFFFFFFFFFFFFFFFFFFFFFFFFFFFFFFFFFFFFFFFFFFFFFFFFFFFFFFFFFFDE
:20E26000FFFFFFFFFFFFFFFFFFFFFFFFFFFFFFFFFFFFFFFFFFFFFFFFFFFFFFFFFFFFFFFFBE
:20E28000FFFFFFFFFFFFFFFFFFFFFFFFFFFFFFFFFFFFFFFFFFFFFFFFFFFFFFFFFFFFFFFF9E
:20E2A000FFFFFFFFFFFFFFFFFFFFFFFFFFFFFFFFFFFFFFFFFFFFFFFFFFFFFFFFFFFFFFFF7E
:20E2C000FFFFFFFFFFFFFFFFFFFFFFFFFFFFFFFFFFFFFFFFFFFFFFFFFFFFFFFFFFFFFFFF5E
:20E2E000FFFFFFFFFFFFFFFFFFFFFFFFFFFFFFFFFFFFFFFFFFFFFFFFFFFFFFFFFFFFFFFF3E
:20E30000FFFFFFFFFFFFFFFFFFFFFFFFFFFFFFFFFFFFFFFFFFFFFFFFFFFFFFFFFFFFFFFF1D
:20E32000FFFFFFFFFFFFFFFFFFFFFFFFFFFFFFFFFFFFFFFFFFFFFFFFFFFFFFFFFFFFFFFFFD
:20E34000FFFFFFFFFFFFFFFFFFFFFFFFFFFFFFFFFFFFFFFFFFFFFFFFFFFFFFFFFFFFFFFFDD
:20E36000FFFFFFFFFFFFFFFFFFFFFFFFFFFFFFFFFFFFFFFFFFFFFFFFFFFFFFFFFFFFFFFFBD
:20E38000FFFFFFFFFFFFFFFFFFFFFFFFFFFFFFFFFFFFFFFFFFFFFFFFFFFFFFFFFFFFFFFF9D
:20E3A000FFFFFFFFFFFFFFFFFFFFFFFFFFFFFFFFFFFFFFFFFFFFFFFFFFFFFFFFFFFFFFFF7D
:20E3C000FFFFFFFFFFFFFFFFFFFFFFFFFFFFFFFFFFFFFFFFFFFFFFFFFFFFFFFFFFFFFFFF5D
:20E3E000FFFFFFFFFFFFFFFFFFFFFFFFFFFFFFFFFFFFFFFFFFFFFFFFFFFFFFFFFFFFFFFF3D
:20E40000FFFFFFFFFFFFFFFFFFFFFFFFFFFFFFFFFFFFFFFFFFFFFFFFFFFFFFFFFFFFFFFF1C
:20E42000FFFFFFFFFFFFFFFFFFFFFFFFFFFFFFFFFFFFFFFFFFFFFFFFFFFFFFFFFFFFFFFFFC
:20E44000FFFFFFFFFFFFFFFFFFFFFFFFFFFFFFFFFFFFFFFFFFFFFFFFFFFFFFFFFFFFFFFFDC
:20E46000FFFFFFFFFFFFFFFFFFFFFFFFFFFFFFFFFFFFFFFFFFFFFFFFFFFFFFFFFFFFFFFFBC
:20E48000FFFFFFFFFFFFFFFFFFFFFFFFFFFFFFFFFFFFFFFFFFFFFFFFFFFFFFFFFFFFFFFF9C
:20E4A000FFFFFFFFFFFFFFFFFFFFFFFFFFFFFFFFFFFFFFFFFFFFFFFFFFFFFFFFFFFFFFFF7C
:20E4C000FFFFFFFFFFFFFFFFFFFFFFFFFFFFFFFFFFFFFFFFFFFFFFFFFFFFFFFFFFFFFFFF5C
:20E4E000FFFFFFFFFFFFFFFFFFFFFFFFFFFFFFFFFFFFFFFFFFFFFFFFFFFFFFFFFFFFFFFF3C
:20E50000FFFFFFFFFFFFFFFFFFFFFFFFFFFFFFFFFFFFFFFFFFFFFFFFFFFFFFFFFFFFFFFF1B
:20E52000FFFFFFFFFFFFFFFFFFFFFFFFFFFFFFFFFFFFFFFFFFFFFFFFFFFFFFFFFFFFFFFFFB
:20E54000FFFFFFFFFFFFFFFFFFFFFFFFFFFFFFFFFFFFFFFFFFFFFFFFFFFFFFFFFFFFFFFFDB
:20E56000FFFFFFFFFFFFFFFFFFFFFFFFFFFFFFFFFFFFFFFFFFFFFFFFFFFFFFFFFFFFFFFFBB
:20E58000FFFFFFFFFFFFFFFFFFFFFFFFFFFFFFFFFFFFFFFFFFFFFFFFFFFFFFFFFFFFFFFF9B
:20E5A000FFFFFFFFFFFFFFFFFFFFFFFFFFFFFFFFFFFFFFFFFFFFFFFFFFFFFFFFFFFFFFFF7B
:20E5C000FFFFFFFFFFFFFFFFFFFFFFFFFFFFFFFFFFFFFFFFFFFFFFFFFFFFFFFFFFFFFFFF5B
:20E5E000FFFFFFFFFFFFFFFFFFFFFFFFFFFFFFFFFFFFFFFFFFFFFFFFFFFFFFFFFFFFFFFF3B
:20E60000FFFFFFFFFFFFFFFFFFFFFFFFFFFFFFFFFFFFFFFFFFFFFFFFFFFFFFFFFFFFFFFF1A
:20E62000FFFFFFFFFFFFFFFFFFFFFFFFFFFFFFFFFFFFFFFFFFFFFFFFFFFFFFFFFFFFFFFFFA
:20E64000FFFFFFFFFFFFFFFFFFFFFFFFFFFFFFFFFFFFFFFFFFFFFFFFFFFFFFFFFFFFFFFFDA
:20E66000FFFFFFFFFFFFFFFFFFFFFFFFFFFFFFFFFFFFFFFFFFFFFFFFFFFFFFFFFFFFFFFFBA
:20E68000FFFFFFFFFFFFFFFFFFFFFFFFFFFFFFFFFFFFFFFFFFFFFFFFFFFFFFFFFFFFFFFF9A
:20E6A000FFFFFFFFFFFFFFFFFFFFFFFFFFFFFFFFFFFFFFFFFFFFFFFFFFFFFFFFFFFFFFFF7A
:20E6C000FFFFFFFFFFFFFFFFFFFFFFFFFFFFFFFFFFFFFFFFFFFFFFFFFFFFFFFFFFFFFFFF5A
:20E6E000FFFFFFFFFFFFFFFFFFFFFFFFFFFFFFFFFFFFFFFFFFFFFFFFFFFFFFFFFFFFFFFF3A
:20E70000FFFFFFFFFFFFFFFFFFFFFFFFFFFFFFFFFFFFFFFFFFFFFFFFFFFFFFFFFFFFFFFF19
:20E72000FFFFFFFFFFFFFFFFFFFFFFFFFFFFFFFFFFFFFFFFFFFFFFFFFFFFFFFFFFFFFFFFF9
:20E74000FFFFFFFFFFFFFFFFFFFFFFFFFFFFFFFFFFFFFFFFFFFFFFFFFFFFFFFFFFFFFFFFD9
:20E76000FFFFFFFFFFFFFFFFFFFFFFFFFFFFFFFFFFFFFFFFFFFFFFFFFFFFFFFFFFFFFFFFB9
:20E78000FFFFFFFFFFFFFFFFFFFFFFFFFFFFFFFFFFFFFFFFFFFFFFFFFFFFFFFFFFFFFFFF99
:20E7A000FFFFFFFFFFFFFFFFFFFFFFFFFFFFFFFFFFFFFFFFFFFFFFFFFFFFFFFFFFFFFFFF79
:20E7C000FFFFFFFFFFFFFFFFFFFFFFFFFFFFFFFFFFFFFFFFFFFFFFFFFFFFFFFFFFFFFFFF59
:20E7E000FFFFFFFFFFFFFFFFFFFFFFFFFFFFFFFFFFFFFFFFFFFFFFFFFFFFFFFFFFFFFFFF39
:20E80000FFFFFFFFFFFFFFFFFFFFFFFFFFFFFFFFFFFFFFFFFFFFFFFFFFFFFFFFFFFFFFFF18
:20E82000FFFFFFFFFFFFFFFFFFFFFFFFFFFFFFFFFFFFFFFFFFFFFFFFFFFFFFFFFFFFFFFFF8
:20E84000FFFFFFFFFFFFFFFFFFFFFFFFFFFFFFFFFFFFFFFFFFFFFFFFFFFFFFFFFFFFFFFFD8
:20E86000FFFFFFFFFFFFFFFFFFFFFFFFFFFFFFFFFFFFFFFFFFFFFFFFFFFFFFFFFFFFFFFFB8
:20E88000FFFFFFFFFFFFFFFFFFFFFFFFFFFFFFFFFFFFFFFFFFFFFFFFFFFFFFFFFFFFFFFF98
:20E8A000FFFFFFFFFFFFFFFFFFFFFFFFFFFFFFFFFFFFFFFFFFFFFFFFFFFFFFFFFFFFFFFF78
:20E8C000FFFFFFFFFFFFFFFFFFFFFFFFFFFFFFFFFFFFFFFFFFFFFFFFFFFFFFFFFFFFFFFF58
:20E8E000FFFFFFFFFFFFFFFFFFFFFFFFFFFFFFFFFFFFFFFFFFFFFFFFFFFFFFFFFFFFFFFF38
:20E90000FFFFFFFFFFFFFFFFFFFFFFFFFFFFFFFFFFFFFFFFFFFFFFFFFFFFFFFFFFFFFFFF17
:20E92000FFFFFFFFFFFFFFFFFFFFFFFFFFFFFFFFFFFFFFFFFFFFFFFFFFFFFFFFFFFFFFFFF7
:20E94000FFFFFFFFFFFFFFFFFFFFFFFFFFFFFFFFFFFFFFFFFFFFFFFFFFFFFFFFFFFFFFFFD7
:20E96000FFFFFFFFFFFFFFFFFFFFFFFFFFFFFFFFFFFFFFFFFFFFFFFFFFFFFFFFFFFFFFFFB7
:20E98000FFFFFFFFFFFFFFFFFFFFFFFFFFFFFFFFFFFFFFFFFFFFFFFFFFFFFFFFFFFFFFFF97
:20E9A000FFFFFFFFFFFFFFFFFFFFFFFFFFFFFFFFFFFFFFFFFFFFFFFFFFFFFFFFFFFFFFFF77
:20E9C000FFFFFFFFFFFFFFFFFFFFFFFFFFFFFFFFFFFFFFFFFFFFFFFFFFFFFFFFFFFFFFFF57
:20E9E000FFFFFFFFFFFFFFFFFFFFFFFFFFFFFFFFFFFFFFFFFFFFFFFFFFFFFFFFFFFFFFFF37
:20EA0000FFFFFFFFFFFFFFFFFFFFFFFFFFFFFFFFFFFFFFFFFFFFFFFFFFFFFFFFFFFFFFFF16
:20EA2000FFFFFFFFFFFFFFFFFFFFFFFFFFFFFFFFFFFFFFFFFFFFFFFFFFFFFFFFFFFFFFFFF6
:20EA4000FFFFFFFFFFFFFFFFFFFFFFFFFFFFFFFFFFFFFFFFFFFFFFFFFFFFFFFFFFFFFFFFD6
:20EA6000FFFFFFFFFFFFFFFFFFFFFFFFFFFFFFFFFFFFFFFFFFFFFFFFFFFFFFFFFFFFFFFFB6
:20EA8000FFFFFFFFFFFFFFFFFFFFFFFFFFFFFFFFFFFFFFFFFFFFFFFFFFFFFFFFFFFFFFFF96
:20EAA000FFFFFFFFFFFFFFFFFFFFFFFFFFFFFFFFFFFFFFFFFFFFFFFFFFFFFFFFFFFFFFFF76
:20EAC000FFFFFFFFFFFFFFFFFFFFFFFFFFFFFFFFFFFFFFFFFFFFFFFFFFFFFFFFFFFFFFFF56
:20EAE000FFFFFFFFFFFFFFFFFFFFFFFFFFFFFFFFFFFFFFFFFFFFFFFFFFFFFFFFFFFFFFFF36
:20EB0000FFFFFFFFFFFFFFFFFFFFFFFFFFFFFFFFFFFFFFFFFFFFFFFFFFFFFFFFFFFFFFFF15
:20EB2000FFFFFFFFFFFFFFFFFFFFFFFFFFFFFFFFFFFFFFFFFFFFFFFFFFFFFFFFFFFFFFFFF5
:20EB4000FFFFFFFFFFFFFFFFFFFFFFFFFFFFFFFFFFFFFFFFFFFFFFFFFFFFFFFFFFFFFFFFD5
:20EB6000FFFFFFFFFFFFFFFFFFFFFFFFFFFFFFFFFFFFFFFFFFFFFFFFFFFFFFFFFFFFFFFFB5
:20EB8000FFFFFFFFFFFFFFFFFFFFFFFFFFFFFFFFFFFFFFFFFFFFFFFFFFFFFFFFFFFFFFFF95
:20EBA000FFFFFFFFFFFFFFFFFFFFFFFFFFFFFFFFFFFFFFFFFFFFFFFFFFFFFFFFFFFFFFFF75
:20EBC000FFFFFFFFFFFFFFFFFFFFFFFFFFFFFFFFFFFFFFFFFFFFFFFFFFFFFFFFFFFFFFFF55
:20EBE000FFFFFFFFFFFFFFFFFFFFFFFFFFFFFFFFFFFFFFFFFFFFFFFFFFFFFFFFFFFFFFFF35
:20EC0000FFFFFFFFFFFFFFFFFFFFFFFFFFFFFFFFFFFFFFFFFFFFFFFFFFFFFFFFFFFFFFFF14
:20EC2000FFFFFFFFFFFFFFFFFFFFFFFFFFFFFFFFFFFFFFFFFFFFFFFFFFFFFFFFFFFFFFFFF4
:20EC4000FFFFFFFFFFFFFFFFFFFFFFFFFFFFFFFFFFFFFFFFFFFFFFFFFFFFFFFFFFFFFFFFD4
:20EC6000FFFFFFFFFFFFFFFFFFFFFFFFFFFFFFFFFFFFFFFFFFFFFFFFFFFFFFFFFFFFFFFFB4
:20EC8000FFFFFFFFFFFFFFFFFFFFFFFFFFFFFFFFFFFFFFFFFFFFFFFFFFFFFFFFFFFFFFFF94
:20ECA000FFFFFFFFFFFFFFFFFFFFFFFFFFFFFFFFFFFFFFFFFFFFFFFFFFFFFFFFFFFFFFFF74
:20ECC000FFFFFFFFFFFFFFFFFFFFFFFFFFFFFFFFFFFFFFFFFFFFFFFFFFFFFFFFFFFFFFFF54
:20ECE000FFFFFFFFFFFFFFFFFFFFFFFFFFFFFFFFFFFFFFFFFFFFFFFFFFFFFFFFFFFFFFFF34
:20ED0000FFFFFFFFFFFFFFFFFFFFFFFFFFFFFFFFFFFFFFFFFFFFFFFFFFFFFFFFFFFFFFFF13
:20ED2000FFFFFFFFFFFFFFFFFFFFFFFFFFFFFFFFFFFFFFFFFFFFFFFFFFFFFFFFFFFFFFFFF3
:20ED4000FFFFFFFFFFFFFFFFFFFFFFFFFFFFFFFFFFFFFFFFFFFFFFFFFFFFFFFFFFFFFFFFD3
:20ED6000FFFFFFFFFFFFFFFFFFFFFFFFFFFFFFFFFFFFFFFFFFFFFFFFFFFFFFFFFFFFFFFFB3
:20ED8000FFFFFFFFFFFFFFFFFFFFFFFFFFFFFFFFFFFFFFFFFFFFFFFFFFFFFFFFFFFFFFFF93
:20EDA000FFFFFFFFFFFFFFFFFFFFFFFFFFFFFFFFFFFFFFFFFFFFFFFFFFFFFFFFFFFFFFFF73
:20EDC000FFFFFFFFFFFFFFFFFFFFFFFFFFFFFFFFFFFFFFFFFFFFFFFFFFFFFFFFFFFFFFFF53
:20EDE000FFFFFFFFFFFFFFFFFFFFFFFFFFFFFFFFFFFFFFFFFFFFFFFFFFFFFFFFFFFFFFFF33
:20EE0000FFFFFFFFFFFFFFFFFFFFFFFFFFFFFFFFFFFFFFFFFFFFFFFFFFFFFFFFFFFFFFFF12
:20EE2000FFFFFFFFFFFFFFFFFFFFFFFFFFFFFFFFFFFFFFFFFFFFFFFFFFFFFFFFFFFFFFFFF2
:20EE4000FFFFFFFFFFFFFFFFFFFFFFFFFFFFFFFFFFFFFFFFFFFFFFFFFFFFFFFFFFFFFFFFD2
:20EE6000FFFFFFFFFFFFFFFFFFFFFFFFFFFFFFFFFFFFFFFFFFFFFFFFFFFFFFFFFFFFFFFFB2
:20EE8000FFFFFFFFFFFFFFFFFFFFFFFFFFFFFFFFFFFFFFFFFFFFFFFFFFFFFFFFFFFFFFFF92
:20EEA000FFFFFFFFFFFFFFFFFFFFFFFFFFFFFFFFFFFFFFFFFFFFFFFFFFFFFFFFFFFFFFFF72
:20EEC000FFFFFFFFFFFFFFFFFFFFFFFFFFFFFFFFFFFFFFFFFFFFFFFFFFFFFFFFFFFFFFFF52
:20EEE000FFFFFFFFFFFFFFFFFFFFFFFFFFFFFFFFFFFFFFFFFFFFFFFFFFFFFFFFFFFFFFFF32
:20EF0000FFFFFFFFFFFFFFFFFFFFFFFFFFFFFFFFFFFFFFFFFFFFFFFFFFFFFFFFFFFFFFFF11
:20EF2000FFFFFFFFFFFFFFFFFFFFFFFFFFFFFFFFFFFFFFFFFFFFFFFFFFFFFFFFFFFFFFFFF1
:20EF4000FFFFFFFFFFFFFFFFFFFFFFFFFFFFFFFFFFFFFFFFFFFFFFFFFFFFFFFFFFFFFFFFD1
:20EF6000FFFFFFFFFFFFFFFFFFFFFFFFFFFFFFFFFFFFFFFFFFFFFFFFFFFFFFFFFFFFFFFFB1
:20EF8000FFFFFFFFFFFFFFFFFFFFFFFFFFFFFFFFFFFFFFFFFFFFFFFFFFFFFFFFFFFFFFFF91
:20EFA000FFFFFFFFFFFFFFFFFFFFFFFFFFFFFFFFFFFFFFFFFFFFFFFFFFFFFFFFFFFFFFFF71
:20EFC000FFFFFFFFFFFFFFFFFFFFFFFFFFFFFFFFFFFFFFFFFFFFFFFFFFFFFFFFFFFFFFFF51
:20EFE000FFFFFFFFFFFFFFFFFFFFFFFFFFFFFFFFFFFFFFFFFFFFFFFFFFFFFFFFFFFFFFFF31
:20F00000FFFFFFFFFFFFFFFFFFFFFFFFFFFFFFFFFFFFFFFFFFFFFFFFFFFFFFFFFFFFFFFF10
:20F02000FFFFFFFFFFFFFFFFFFFFFFFFFFFFFFFFFFFFFFFFFFFFFFFFFFFFFFFFFFFFFFFFF0
:20F04000FFFFFFFFFFFFFFFFFFFFFFFFFFFFFFFFFFFFFFFFFFFFFFFFFFFFFFFFFFFFFFFFD0
:20F06000FFFFFFFFFFFFFFFFFFFFFFFFFFFFFFFFFFFFFFFFFFFFFFFFFFFFFFFFFFFFFFFFB0
:20F08000FFFFFFFFFFFFFFFFFFFFFFFFFFFFFFFFFFFFFFFFFFFFFFFFFFFFFFFFFFFFFFFF90
:20F0A000FFFFFFFFFFFFFFFFFFFFFFFFFFFFFFFFFFFFFFFFFFFFFFFFFFFFFFFFFFFFFFFF70
:20F0C000FFFFFFFFFFFFFFFFFFFFFFFFFFFFFFFFFFFFFFFFFFFFFFFFFFFFFFFFFFFFFFFF50
:20F0E000FFFFFFFFFFFFFFFFFFFFFFFFFFFFFFFFFFFFFFFFFFFFFFFFFFFFFFFFFFFFFFFF30
:20F10000FFFFFFFFFFFFFFFFFFFFFFFFFFFFFFFFFFFFFFFFFFFFFFFFFFFFFFFFFFFFFFFF0F
:20F12000FFFFFFFFFFFFFFFFFFFFFFFFFFFFFFFFFFFFFFFFFFFFFFFFFFFFFFFFFFFFFFFFEF
:20F14000FFFFFFFFFFFFFFFFFFFFFFFFFFFFFFFFFFFFFFFFFFFFFFFFFFFFFFFFFFFFFFFFCF
:20F16000FFFFFFFFFFFFFFFFFFFFFFFFFFFFFFFFFFFFFFFFFFFFFFFFFFFFFFFFFFFFFFFFAF
:20F18000FFFFFFFFFFFFFFFFFFFFFFFFFFFFFFFFFFFFFFFFFFFFFFFFFFFFFFFFFFFFFFFF8F
:20F1A000FFFFFFFFFFFFFFFFFFFFFFFFFFFFFFFFFFFFFFFFFFFFFFFFFFFFFFFFFFFFFFFF6F
:20F1C000FFFFFFFFFFFFFFFFFFFFFFFFFFFFFFFFFFFFFFFFFFFFFFFFFFFFFFFFFFFFFFFF4F
:20F1E000FFFFFFFFFFFFFFFFFFFFFFFFFFFFFFFFFFFFFFFFFFFFFFFFFFFFFFFFFFFFFFFF2F
:20F20000FFFFFFFFFFFFFFFFFFFFFFFFFFFFFFFFFFFFFFFFFFFFFFFFFFFFFFFFFFFFFFFF0E
:20F22000FFFFFFFFFFFFFFFFFFFFFFFFFFFFFFFFFFFFFFFFFFFFFFFFFFFFFFFFFFFFFFFFEE
:20F24000FFFFFFFFFFFFFFFFFFFFFFFFFFFFFFFFFFFFFFFFFFFFFFFFFFFFFFFFFFFFFFFFCE
:20F26000FFFFFFFFFFFFFFFFFFFFFFFFFFFFFFFFFFFFFFFFFFFFFFFFFFFFFFFFFFFFFFFFAE
:20F28000FFFFFFFFFFFFFFFFFFFFFFFFFFFFFFFFFFFFFFFFFFFFFFFFFFFFFFFFFFFFFFFF8E
:20F2A000FFFFFFFFFFFFFFFFFFFFFFFFFFFFFFFFFFFFFFFFFFFFFFFFFFFFFFFFFFFFFFFF6E
:20F2C000FFFFFFFFFFFFFFFFFFFFFFFFFFFFFFFFFFFFFFFFFFFFFFFFFFFFFFFFFFFFFFFF4E
:20F2E000FFFFFFFFFFFFFFFFFFFFFFFFFFFFFFFFFFFFFFFFFFFFFFFFFFFFFFFFFFFFFFFF2E
:20F30000FFFFFFFFFFFFFFFFFFFFFFFFFFFFFFFFFFFFFFFFFFFFFFFFFFFFFFFFFFFFFFFF0D
:20F32000FFFFFFFFFFFFFFFFFFFFFFFFFFFFFFFFFFFFFFFFFFFFFFFFFFFFFFFFFFFFFFFFED
:20F34000FFFFFFFFFFFFFFFFFFFFFFFFFFFFFFFFFFFFFFFFFFFFFFFFFFFFFFFFFFFFFFFFCD
:20F36000FFFFFFFFFFFFFFFFFFFFFFFFFFFFFFFFFFFFFFFFFFFFFFFFFFFFFFFFFFFFFFFFAD
:20F38000FFFFFFFFFFFFFFFFFFFFFFFFFFFFFFFFFFFFFFFFFFFFFFFFFFFFFFFFFFFFFFFF8D
:20F3A000FFFFFFFFFFFFFFFFFFFFFFFFFFFFFFFFFFFFFFFFFFFFFFFFFFFFFFFFFFFFFFFF6D
:20F3C000FFFFFFFFFFFFFFFFFFFFFFFFFFFFFFFFFFFFFFFFFFFFFFFFFFFFFFFFFFFFFFFF4D
:20F3E000FFFFFFFFFFFFFFFFFFFFFFFFFFFFFFFFFFFFFFFFFFFFFFFFFFFFFFFFFFFFFFFF2D
:20F40000FFFFFFFFFFFFFFFFFFFFFFFFFFFFFFFFFFFFFFFFFFFFFFFFFFFFFFFFFFFFFFFF0C
:20F42000FFFFFFFFFFFFFFFFFFFFFFFFFFFFFFFFFFFFFFFFFFFFFFFFFFFFFFFFFFFFFFFFEC
:20F44000FFFFFFFFFFFFFFFFFFFFFFFFFFFFFFFFFFFFFFFFFFFFFFFFFFFFFFFFFFFFFFFFCC
:20F46000FFFFFFFFFFFFFFFFFFFFFFFFFFFFFFFFFFFFFFFFFFFFFFFFFFFFFFFFFFFFFFFFAC
:20F48000FFFFFFFFFFFFFFFFFFFFFFFFFFFFFFFFFFFFFFFFFFFFFFFFFFFFFFFFFFFFFFFF8C
:20F4A000FFFFFFFFFFFFFFFFFFFFFFFFFFFFFFFFFFFFFFFFFFFFFFFFFFFFFFFFFFFFFFFF6C
:20F4C000FFFFFFFFFFFFFFFFFFFFFFFFFFFFFFFFFFFFFFFFFFFFFFFFFFFFFFFFFFFFFFFF4C
:20F4E000FFFFFFFFFFFFFFFFFFFFFFFFFFFFFFFFFFFFFFFFFFFFFFFFFFFFFFFFFFFFFFFF2C
:20F50000FFFFFFFFFFFFFFFFFFFFFFFFFFFFFFFFFFFFFFFFFFFFFFFFFFFFFFFFFFFFFFFF0B
:20F52000FFFFFFFFFFFFFFFFFFFFFFFFFFFFFFFFFFFFFFFFFFFFFFFFFFFFFFFFFFFFFFFFEB
:20F54000FFFFFFFFFFFFFFFFFFFFFFFFFFFFFFFFFFFFFFFFFFFFFFFFFFFFFFFFFFFFFFFFCB
:20F56000FFFFFFFFFFFFFFFFFFFFFFFFFFFFFFFFFFFFFFFFFFFFFFFFFFFFFFFFFFFFFFFFAB
:20F58000FFFFFFFFFFFFFFFFFFFFFFFFFFFFFFFFFFFFFFFFFFFFFFFFFFFFFFFFFFFFFFFF8B
:20F5A000FFFFFFFFFFFFFFFFFFFFFFFFFFFFFFFFFFFFFFFFFFFFFFFFFFFFFFFFFFFFFFFF6B
:20F5C000FFFFFFFFFFFFFFFFFFFFFFFFFFFFFFFFFFFFFFFFFFFFFFFFFFFFFFFFFFFFFFFF4B
:20F5E000FFFFFFFFFFFFFFFFFFFFFFFFFFFFFFFFFFFFFFFFFFFFFFFFFFFFFFFFFFFFFFFF2B
:20F60000FFFFFFFFFFFFFFFFFFFFFFFFFFFFFFFFFFFFFFFFFFFFFFFFFFFFFFFFFFFFFFFF0A
:20F62000FFFFFFFFFFFFFFFFFFFFFFFFFFFFFFFFFFFFFFFFFFFFFFFFFFFFFFFFFFFFFFFFEA
:20F64000FFFFFFFFFFFFFFFFFFFFFFFFFFFFFFFFFFFFFFFFFFFFFFFFFFFFFFFFFFFFFFFFCA
:20F66000FFFFFFFFFFFFFFFFFFFFFFFFFFFFFFFFFFFFFFFFFFFFFFFFFFFFFFFFFFFFFFFFAA
:20F68000FFFFFFFFFFFFFFFFFFFFFFFFFFFFFFFFFFFFFFFFFFFFFFFFFFFFFFFFFFFFFFFF8A
:20F6A000FFFFFFFFFFFFFFFFFFFFFFFFFFFFFFFFFFFFFFFFFFFFFFFFFFFFFFFFFFFFFFFF6A
:20F6C000FFFFFFFFFFFFFFFFFFFFFFFFFFFFFFFFFFFFFFFFFFFFFFFFFFFFFFFFFFFFFFFF4A
:20F6E000FFFFFFFFFFFFFFFFFFFFFFFFFFFFFFFFFFFFFFFFFFFFFFFFFFFFFFFFFFFFFFFF2A
:20F70000FFFFFFFFFFFFFFFFFFFFFFFFFFFFFFFFFFFFFFFFFFFFFFFFFFFFFFFFFFFFFFFF09
:20F72000FFFFFFFFFFFFFFFFFFFFFFFFFFFFFFFFFFFFFFFFFFFFFFFFFFFFFFFFFFFFFFFFE9
:20F74000FFFFFFFFFFFFFFFFFFFFFFFFFFFFFFFFFFFFFFFFFFFFFFFFFFFFFFFFFFFFFFFFC9
:20F76000FFFFFFFFFFFFFFFFFFFFFFFFFFFFFFFFFFFFFFFFFFFFFFFFFFFFFFFFFFFFFFFFA9
:20F78000FFFFFFFFFFFFFFFFFFFFFFFFFFFFFFFFFFFFFFFFFFFFFFFFFFFFFFFFFFFFFFFF89
:20F7A000FFFFFFFFFFFFFFFFFFFFFFFFFFFFFFFFFFFFFFFFFFFFFFFFFFFFFFFFFFFFFFFF69
:20F7C000FFFFFFFFFFFFFFFFFFFFFFFFFFFFFFFFFFFFFFFFFFFFFFFFFFFFFFFFFFFFFFFF49
:20F7E000FFFFFFFFFFFFFFFFFFFFFFFFFFFFFFFFFFFFFFFFFFFFFFFFFFFFFFFFFFFFFFFF29
:20F80000FFFFFFFFFFFFFFFFFFFFFFFFFFFFFFFFFFFFFFFFFFFFFFFFFFFFFFFFFFFFFFFF08
:20F82000FFFFFFFFFFFFFFFFFFFFFFFFFFFFFFFFFFFFFFFFFFFFFFFFFFFFFFFFFFFFFFFFE8
:20F84000FFFFFFFFFFFFFFFFFFFFFFFFFFFFFFFFFFFFFFFFFFFFFFFFFFFFFFFFFFFFFFFFC8
:20F86000FFFFFFFFFFFFFFFFFFFFFFFFFFFFFFFFFFFFFFFFFFFFFFFFFFFFFFFFFFFFFFFFA8
:20F88000FFFFFFFFFFFFFFFFFFFFFFFFFFFFFFFFFFFFFFFFFFFFFFFFFFFFFFFFFFFFFFFF88
:20F8A000FFFFFFFFFFFFFFFFFFFFFFFFFFFFFFFFFFFFFFFFFFFFFFFFFFFFFFFFFFFFFFFF68
:20F8C000FFFFFFFFFFFFFFFFFFFFFFFFFFFFFFFFFFFFFFFFFFFFFFFFFFFFFFFFFFFFFFFF48
:20F8E000FFFFFFFFFFFFFFFFFFFFFFFFFFFFFFFFFFFFFFFFFFFFFFFFFFFFFFFFFFFFFFFF28
:20F90000FFFFFFFFFFFFFFFFFFFFFFFFFFFFFFFFFFFFFFFFFFFFFFFFFFFFFFFFFFFFFFFF07
:20F92000FFFFFFFFFFFFFFFFFFFFFFFFFFFFFFFFFFFFFFFFFFFFFFFFFFFFFFFFFFFFFFFFE7
:20F94000FFFFFFFFFFFFFFFFFFFFFFFFFFFFFFFFFFFFFFFFFFFFFFFFFFFFFFFFFFFFFFFFC7
:20F96000FFFFFFFFFFFFFFFFFFFFFFFFFFFFFFFFFFFFFFFFFFFFFFFFFFFFFFFFFFFFFFFFA7
:20F98000FFFFFFFFFFFFFFFFFFFFFFFFFFFFFFFFFFFFFFFFFFFFFFFFFFFFFFFFFFFFFFFF87
:20F9A000FFFFFFFFFFFFFFFFFFFFFFFFFFFFFFFFFFFFFFFFFFFFFFFFFFFFFFFFFFFFFFFF67
:20F9C000FFFFFFFFFFFFFFFFFFFFFFFFFFFFFFFFFFFFFFFFFFFFFFFFFFFFFFFFFFFFFFFF47
:20F9E000FFFFFFFFFFFFFFFFFFFFFFFFFFFFFFFFFFFFFFFFFFFFFFFFFFFFFFFFFFFFFFFF27
:20FA0000FFFFFFFFFFFFFFFFFFFFFFFFFFFFFFFFFFFFFFFFFFFFFFFFFFFFFFFFFFFFFFFF06
:20FA2000FFFFFFFFFFFFFFFFFFFFFFFFFFFFFFFFFFFFFFFFFFFFFFFFFFFFFFFFFFFFFFFFE6
:20FA4000FFFFFFFFFFFFFFFFFFFFFFFFFFFFFFFFFFFFFFFFFFFFFFFFFFFFFFFFFFFFFFFFC6
:20FA6000FFFFFFFFFFFFFFFFFFFFFFFFFFFFFFFFFFFFFFFFFFFFFFFFFFFFFFFFFFFFFFFFA6
:20FA8000FFFFFFFFFFFFFFFFFFFFFFFFFFFFFFFFFFFFFFFFFFFFFFFFFFFFFFFFFFFFFFFF86
:20FAA000FFFFFFFFFFFFFFFFFFFFFFFFFFFFFFFFFFFFFFFFFFFFFFFFFFFFFFFFFFFFFFFF66
:20FAC000FFFFFFFFFFFFFFFFFFFFFFFFFFFFFFFFFFFFFFFFFFFFFFFFFFFFFFFFFFFFFFFF46
:20FAE000FFFFFFFFFFFFFFFFFFFFFFFFFFFFFFFFFFFFFFFFFFFFFFFFFFFFFFFFFFFFFFFF26
:20FB0000FFFFFFFFFFFFFFFFFFFFFFFFFFFFFFFFFFFFFFFFFFFFFFFFFFFFFFFFFFFFFFFF05
:20FB2000FFFFFFFFFFFFFFFFFFFFFFFFFFFFFFFFFFFFFFFFFFFFFFFFFFFFFFFFFFFFFFFFE5
:20FB4000FFFFFFFFFFFFFFFFFFFFFFFFFFFFFFFFFFFFFFFFFFFFFFFFFFFFFFFFFFFFFFFFC5
:20FB6000FFFFFFFFFFFFFFFFFFFFFFFFFFFFFFFFFFFFFFFFFFFFFFFFFFFFFFFFFFFFFFFFA5
:20FB8000FFFFFFFFFFFFFFFFFFFFFFFFFFFFFFFFFFFFFFFFFFFFFFFFFFFFFFFFFFFFFFFF85
:20FBA000FFFFFFFFFFFFFFFFFFFFFFFFFFFFFFFFFFFFFFFFFFFFFFFFFFFFFFFFFFFFFFFF65
:20FBC000FFFFFFFFFFFFFFFFFFFFFFFFFFFFFFFFFFFFFFFFFFFFFFFFFFFFFFFFFFFFFFFF45
:20FBE000FFFFFFFFFFFFFFFFFFFFFFFFFFFFFFFFFFFFFFFFFFFFFFFFFFFFFFFFFFFFFFFF25
:20FC0000FFFFFFFFFFFFFFFFFFFFFFFFFFFFFFFFFFFFFFFFFFFFFFFFFFFFFFFFFFFFFFFF04
:20FC2000FFFFFFFFFFFFFFFFFFFFFFFFFFFFFFFFFFFFFFFFFFFFFFFFFFFFFFFFFFFFFFFFE4
:20FC4000FFFFFFFFFFFFFFFFFFFFFFFFFFFFFFFFFFFFFFFFFFFFFFFFFFFFFFFFFFFFFFFFC4
:20FC6000FFFFFFFFFFFFFFFFFFFFFFFFFFFFFFFFFFFFFFFFFFFFFFFFFFFFFFFFFFFFFFFFA4
:20FC8000FFFFFFFFFFFFFFFFFFFFFFFFFFFFFFFFFFFFFFFFFFFFFFFFFFFFFFFFFFFFFFFF84
:20FCA000FFFFFFFFFFFFFFFFFFFFFFFFFFFFFFFFFFFFFFFFFFFFFFFFFFFFFFFFFFFFFFFF64
:20FCC000FFFFFFFFFFFFFFFFFFFFFFFFFFFFFFFFFFFFFFFFFFFFFFFFFFFFFFFFFFFFFFFF44
:20FCE000FFFFFFFFFFFFFFFFFFFFFFFFFFFFFFFFFFFFFFFFFFFFFFFFFFFFFFFFFFFFFFFF24
:20FD0000FFFFFFFFFFFFFFFFFFFFFFFFFFFFFFFFFFFFFFFFFFFFFFFFFFFFFFFFFFFFFFFF03
:20FD2000FFFFFFFFFFFFFFFFFFFFFFFFFFFFFFFFFFFFFFFFFFFFFFFFFFFFFFFFFFFFFFFFE3
:20FD4000FFFFFFFFFFFFFFFFFFFFFFFFFFFFFFFFFFFFFFFFFFFFFFFFFFFFFFFFFFFFFFFFC3
:20FD6000FFFFFFFFFFFFFFFFFFFFFFFFFFFFFFFFFFFFFFFFFFFFFFFFFFFFFFFFFFFFFFFFA3
:20FD8000FFFFFFFFFFFFFFFFFFFFFFFFFFFFFFFFFFFFFFFFFFFFFFFFFFFFFFFFFFFFFFFF83
:20FDA000FFFFFFFFFFFFFFFFFFFFFFFFFFFFFFFFFFFFFFFFFFFFFFFFFFFFFFFFFFFFFFFF63
:20FDC000FFFFFFFFFFFFFFFFFFFFFFFFFFFFFFFFFFFFFFFFFFFFFFFFFFFFFFFFFFFFFFFF43
:20FDE000FFFFFFFFFFFFFFFFFFFFFFFFFFFFFFFFFFFFFFFFFFFFFFFFFFFFFFFFFFFFFFFF23
:20FE0000FFFFFFFFFFFFFFFFFFFFFFFFFFFFFFFFFFFFFFFFFFFFFFFFFFFFFFFFFFFFFFFF02
:20FE2000FFFFFFFFFFFFFFFFFFFFFFFFFFFFFFFFFFFFFFFFFFFFFFFFFFFFFFFFFFFFFFFFE2
:20FE4000FFFFFFFFFFFFFFFFFFFFFFFFFFFFFFFFFFFFFFFFFFFFFFFFFFFFFFFFFFFFFFFFC2
:20FE6000FFFFFFFFFFFFFFFFFFFFFFFFFFFFFFFFFFFFFFFFFFFFFFFFFFFFFFFFFFFFFFFFA2
:20FE8000FFFFFFFFFFFFFFFFFFFFFFFFFFFFFFFFFFFFFFFFFFFFFFFFFFFFFFFFFFFFFFFF82
:20FEA000FFFFFFFFFFFFFFFFFFFFFFFFFFFFFFFFFFFFFFFFFFFFFFFFFFFFFFFFFFFFFFFF62
:20FEC000FFFFFFFFFFFFFFFFFFFFFFFFFFFFFFFFFFFFFFFFFFFFFFFFFFFFFFFFFFFFFFFF42
:20FEE000FFFFFFFFFFFFFFFFFFFFFFFFFFFFFFFFFFFFFFFFFFFFFFFFFFFFFFFFFFFFFFFF22
:20FF0000FFFFFFFFFFFFFFFFFFFFFFFFFFFFFFFFFFFFFFFFFFFFFFFFFFFFFFFFFFFFFFFF01
:20FF2000FFFFFFFFFFFFFFFFFFFFFFFFFFFFFFFFFFFFFFFFFFFFFFFFFFFFFFFFFFFFFFFFE1
:20FF4000FFFFFFFFFFFFFFFFFFFFFFFFFFFFFFFFFFFFFFFFFFFFFFFFFFFFFFFFFFFFFFFFC1
:20FF6000FFFFFFFFFFFFFFFFFFFFFFFFFFFFFFFFFFFFFFFFFFFFFFFFFFFFFFFFFFFFFFFFA1
:20FF8000FFFFFFFFFFFFFFFFFFFFFFFFFFFFFFFFFFFFFFFFFFFFFFFFFFFFFFFFFFFFFFFF81
:20FFA000FFFFFFFFFFFFFFFFFFFFFFFFFFFFFFFFFFFFFFFFFFFFFFFFFFFFFFFFFFFFFFFF61
:20FFC000FFFFFFFFFFFFFFFFFFFFFFFFFFFFFFFFFFFFFFFFFFFFFFFFFFFFFFFFFFFFFFFF41
:20FFE000FFFFFFFFFFFFFFFFFFFFFFFFFFFFFFFFFFFFFFFFFFFFFFFFFFFFFFFFFFFFFFFF21
:020000022000DC
:20000000FFFFFFFFFFFFFFFFFFFFFFFFFFFFFFFFFFFFFFFFFFFFFFFFFFFFFFFFFFFFFFFF00
:20002000FFFFFFFFFFFFFFFFFFFFFFFFFFFFFFFFFFFFFFFFFFFFFFFFFFFFFFFFFFFFFFFFE0
:20004000FFFFFFFFFFFFFFFFFFFFFFFFFFFFFFFFFFFFFFFFFFFFFFFFFFFFFFFFFFFFFFFFC0
:20006000FFFFFFFFFFFFFFFFFFFFFFFFFFFFFFFFFFFFFFFFFFFFFFFFFFFFFFFFFFFFFFFFA0
:20008000FFFFFFFFFFFFFFFFFFFFFFFFFFFFFFFFFFFFFFFFFFFFFFFFFFFFFFFFFFFFFFFF80
:2000A000FFFFFFFFFFFFFFFFFFFFFFFFFFFFFFFFFFFFFFFFFFFFFFFFFFFFFFFFFFFFFFFF60
:2000C000FFFFFFFFFFFFFFFFFFFFFFFFFFFFFFFFFFFFFFFFFFFFFFFFFFFFFFFFFFFFFFFF40
:2000E000FFFFFFFFFFFFFFFFFFFFFFFFFFFFFFFFFFFFFFFFFFFFFFFFFFFFFFFFFFFFFFFF20
:20010000FFFFFFFFFFFFFFFFFFFFFFFFFFFFFFFFFFFFFFFFFFFFFFFFFFFFFFFFFFFFFFFFFF
:20012000FFFFFFFFFFFFFFFFFFFFFFFFFFFFFFFFFFFFFFFFFFFFFFFFFFFFFFFFFFFFFFFFDF
:20014000FFFFFFFFFFFFFFFFFFFFFFFFFFFFFFFFFFFFFFFFFFFFFFFFFFFFFFFFFFFFFFFFBF
:20016000FFFFFFFFFFFFFFFFFFFFFFFFFFFFFFFFFFFFFFFFFFFFFFFFFFFFFFFFFFFFFFFF9F
:20018000FFFFFFFFFFFFFFFFFFFFFFFFFFFFFFFFFFFFFFFFFFFFFFFFFFFFFFFFFFFFFFFF7F
:2001A000FFFFFFFFFFFFFFFFFFFFFFFFFFFFFFFFFFFFFFFFFFFFFFFFFFFFFFFFFFFFFFFF5F
:2001C000FFFFFFFFFFFFFFFFFFFFFFFFFFFFFFFFFFFFFFFFFFFFFFFFFFFFFFFFFFFFFFFF3F
:2001E000FFFFFFFFFFFFFFFFFFFFFFFFFFFFFFFFFFFFFFFFFFFFFFFFFFFFFFFFFFFFFFFF1F
:20020000FFFFFFFFFFFFFFFFFFFFFFFFFFFFFFFFFFFFFFFFFFFFFFFFFFFFFFFFFFFFFFFFFE
:20022000FFFFFFFFFFFFFFFFFFFFFFFFFFFFFFFFFFFFFFFFFFFFFFFFFFFFFFFFFFFFFFFFDE
:20024000FFFFFFFFFFFFFFFFFFFFFFFFFFFFFFFFFFFFFFFFFFFFFFFFFFFFFFFFFFFFFFFFBE
:20026000FFFFFFFFFFFFFFFFFFFFFFFFFFFFFFFFFFFFFFFFFFFFFFFFFFFFFFFFFFFFFFFF9E
:20028000FFFFFFFFFFFFFFFFFFFFFFFFFFFFFFFFFFFFFFFFFFFFFFFFFFFFFFFFFFFFFFFF7E
:2002A000FFFFFFFFFFFFFFFFFFFFFFFFFFFFFFFFFFFFFFFFFFFFFFFFFFFFFFFFFFFFFFFF5E
:2002C000FFFFFFFFFFFFFFFFFFFFFFFFFFFFFFFFFFFFFFFFFFFFFFFFFFFFFFFFFFFFFFFF3E
:2002E000FFFFFFFFFFFFFFFFFFFFFFFFFFFFFFFFFFFFFFFFFFFFFFFFFFFFFFFFFFFFFFFF1E
:20030000FFFFFFFFFFFFFFFFFFFFFFFFFFFFFFFFFFFFFFFFFFFFFFFFFFFFFFFFFFFFFFFFFD
:20032000FFFFFFFFFFFFFFFFFFFFFFFFFFFFFFFFFFFFFFFFFFFFFFFFFFFFFFFFFFFFFFFFDD
:20034000FFFFFFFFFFFFFFFFFFFFFFFFFFFFFFFFFFFFFFFFFFFFFFFFFFFFFFFFFFFFFFFFBD
:20036000FFFFFFFFFFFFFFFFFFFFFFFFFFFFFFFFFFFFFFFFFFFFFFFFFFFFFFFFFFFFFFFF9D
:20038000FFFFFFFFFFFFFFFFFFFFFFFFFFFFFFFFFFFFFFFFFFFFFFFFFFFFFFFFFFFFFFFF7D
:2003A000FFFFFFFFFFFFFFFFFFFFFFFFFFFFFFFFFFFFFFFFFFFFFFFFFFFFFFFFFFFFFFFF5D
:2003C000FFFFFFFFFFFFFFFFFFFFFFFFFFFFFFFFFFFFFFFFFFFFFFFFFFFFFFFFFFFFFFFF3D
:2003E000FFFFFFFFFFFFFFFFFFFFFFFFFFFFFFFFFFFFFFFFFFFFFFFFFFFFFFFFFFFFFFFF1D
:20040000FFFFFFFFFFFFFFFFFFFFFFFFFFFFFFFFFFFFFFFFFFFFFFFFFFFFFFFFFFFFFFFFFC
:20042000FFFFFFFFFFFFFFFFFFFFFFFFFFFFFFFFFFFFFFFFFFFFFFFFFFFFFFFFFFFFFFFFDC
:20044000FFFFFFFFFFFFFFFFFFFFFFFFFFFFFFFFFFFFFFFFFFFFFFFFFFFFFFFFFFFFFFFFBC
:20046000FFFFFFFFFFFFFFFFFFFFFFFFFFFFFFFFFFFFFFFFFFFFFFFFFFFFFFFFFFFFFFFF9C
:20048000FFFFFFFFFFFFFFFFFFFFFFFFFFFFFFFFFFFFFFFFFFFFFFFFFFFFFFFFFFFFFFFF7C
:2004A000FFFFFFFFFFFFFFFFFFFFFFFFFFFFFFFFFFFFFFFFFFFFFFFFFFFFFFFFFFFFFFFF5C
:2004C000FFFFFFFFFFFFFFFFFFFFFFFFFFFFFFFFFFFFFFFFFFFFFFFFFFFFFFFFFFFFFFFF3C
:2004E000FFFFFFFFFFFFFFFFFFFFFFFFFFFFFFFFFFFFFFFFFFFFFFFFFFFFFFFFFFFFFFFF1C
:20050000FFFFFFFFFFFFFFFFFFFFFFFFFFFFFFFFFFFFFFFFFFFFFFFFFFFFFFFFFFFFFFFFFB
:20052000FFFFFFFFFFFFFFFFFFFFFFFFFFFFFFFFFFFFFFFFFFFFFFFFFFFFFFFFFFFFFFFFDB
:20054000FFFFFFFFFFFFFFFFFFFFFFFFFFFFFFFFFFFFFFFFFFFFFFFFFFFFFFFFFFFFFFFFBB
:20056000FFFFFFFFFFFFFFFFFFFFFFFFFFFFFFFFFFFFFFFFFFFFFFFFFFFFFFFFFFFFFFFF9B
:20058000FFFFFFFFFFFFFFFFFFFFFFFFFFFFFFFFFFFFFFFFFFFFFFFFFFFFFFFFFFFFFFFF7B
:2005A000FFFFFFFFFFFFFFFFFFFFFFFFFFFFFFFFFFFFFFFFFFFFFFFFFFFFFFFFFFFFFFFF5B
:2005C000FFFFFFFFFFFFFFFFFFFFFFFFFFFFFFFFFFFFFFFFFFFFFFFFFFFFFFFFFFFFFFFF3B
:2005E000FFFFFFFFFFFFFFFFFFFFFFFFFFFFFFFFFFFFFFFFFFFFFFFFFFFFFFFFFFFFFFFF1B
:20060000FFFFFFFFFFFFFFFFFFFFFFFFFFFFFFFFFFFFFFFFFFFFFFFFFFFFFFFFFFFFFFFFFA
:20062000FFFFFFFFFFFFFFFFFFFFFFFFFFFFFFFFFFFFFFFFFFFFFFFFFFFFFFFFFFFFFFFFDA
:20064000FFFFFFFFFFFFFFFFFFFFFFFFFFFFFFFFFFFFFFFFFFFFFFFFFFFFFFFFFFFFFFFFBA
:20066000FFFFFFFFFFFFFFFFFFFFFFFFFFFFFFFFFFFFFFFFFFFFFFFFFFFFFFFFFFFFFFFF9A
:20068000FFFFFFFFFFFFFFFFFFFFFFFFFFFFFFFFFFFFFFFFFFFFFFFFFFFFFFFFFFFFFFFF7A
:2006A000FFFFFFFFFFFFFFFFFFFFFFFFFFFFFFFFFFFFFFFFFFFFFFFFFFFFFFFFFFFFFFFF5A
:2006C000FFFFFFFFFFFFFFFFFFFFFFFFFFFFFFFFFFFFFFFFFFFFFFFFFFFFFFFFFFFFFFFF3A
:2006E000FFFFFFFFFFFFFFFFFFFFFFFFFFFFFFFFFFFFFFFFFFFFFFFFFFFFFFFFFFFFFFFF1A
:20070000FFFFFFFFFFFFFFFFFFFFFFFFFFFFFFFFFFFFFFFFFFFFFFFFFFFFFFFFFFFFFFFFF9
:20072000FFFFFFFFFFFFFFFFFFFFFFFFFFFFFFFFFFFFFFFFFFFFFFFFFFFFFFFFFFFFFFFFD9
:20074000FFFFFFFFFFFFFFFFFFFFFFFFFFFFFFFFFFFFFFFFFFFFFFFFFFFFFFFFFFFFFFFFB9
:20076000FFFFFFFFFFFFFFFFFFFFFFFFFFFFFFFFFFFFFFFFFFFFFFFFFFFFFFFFFFFFFFFF99
:20078000FFFFFFFFFFFFFFFFFFFFFFFFFFFFFFFFFFFFFFFFFFFFFFFFFFFFFFFFFFFFFFFF79
:2007A000FFFFFFFFFFFFFFFFFFFFFFFFFFFFFFFFFFFFFFFFFFFFFFFFFFFFFFFFFFFFFFFF59
:2007C000FFFFFFFFFFFFFFFFFFFFFFFFFFFFFFFFFFFFFFFFFFFFFFFFFFFFFFFFFFFFFFFF39
:2007E000FFFFFFFFFFFFFFFFFFFFFFFFFFFFFFFFFFFFFFFFFFFFFFFFFFFFFFFFFFFFFFFF19
:20080000FFFFFFFFFFFFFFFFFFFFFFFFFFFFFFFFFFFFFFFFFFFFFFFFFFFFFFFFFFFFFFFFF8
:20082000FFFFFFFFFFFFFFFFFFFFFFFFFFFFFFFFFFFFFFFFFFFFFFFFFFFFFFFFFFFFFFFFD8
:20084000FFFFFFFFFFFFFFFFFFFFFFFFFFFFFFFFFFFFFFFFFFFFFFFFFFFFFFFFFFFFFFFFB8
:20086000FFFFFFFFFFFFFFFFFFFFFFFFFFFFFFFFFFFFFFFFFFFFFFFFFFFFFFFFFFFFFFFF98
:20088000FFFFFFFFFFFFFFFFFFFFFFFFFFFFFFFFFFFFFFFFFFFFFFFFFFFFFFFFFFFFFFFF78
:2008A000FFFFFFFFFFFFFFFFFFFFFFFFFFFFFFFFFFFFFFFFFFFFFFFFFFFFFFFFFFFFFFFF58
:2008C000FFFFFFFFFFFFFFFFFFFFFFFFFFFFFFFFFFFFFFFFFFFFFFFFFFFFFFFFFFFFFFFF38
:2008E000FFFFFFFFFFFFFFFFFFFFFFFFFFFFFFFFFFFFFFFFFFFFFFFFFFFFFFFFFFFFFFFF18
:20090000FFFFFFFFFFFFFFFFFFFFFFFFFFFFFFFFFFFFFFFFFFFFFFFFFFFFFFFFFFFFFFFFF7
:20092000FFFFFFFFFFFFFFFFFFFFFFFFFFFFFFFFFFFFFFFFFFFFFFFFFFFFFFFFFFFFFFFFD7
:20094000FFFFFFFFFFFFFFFFFFFFFFFFFFFFFFFFFFFFFFFFFFFFFFFFFFFFFFFFFFFFFFFFB7
:20096000FFFFFFFFFFFFFFFFFFFFFFFFFFFFFFFFFFFFFFFFFFFFFFFFFFFFFFFFFFFFFFFF97
:20098000FFFFFFFFFFFFFFFFFFFFFFFFFFFFFFFFFFFFFFFFFFFFFFFFFFFFFFFFFFFFFFFF77
:2009A000FFFFFFFFFFFFFFFFFFFFFFFFFFFFFFFFFFFFFFFFFFFFFFFFFFFFFFFFFFFFFFFF57
:2009C000FFFFFFFFFFFFFFFFFFFFFFFFFFFFFFFFFFFFFFFFFFFFFFFFFFFFFFFFFFFFFFFF37
:2009E000FFFFFFFFFFFFFFFFFFFFFFFFFFFFFFFFFFFFFFFFFFFFFFFFFFFFFFFFFFFFFFFF17
:200A0000FFFFFFFFFFFFFFFFFFFFFFFFFFFFFFFFFFFFFFFFFFFFFFFFFFFFFFFFFFFFFFFFF6
:200A2000FFFFFFFFFFFFFFFFFFFFFFFFFFFFFFFFFFFFFFFFFFFFFFFFFFFFFFFFFFFFFFFFD6
:200A4000FFFFFFFFFFFFFFFFFFFFFFFFFFFFFFFFFFFFFFFFFFFFFFFFFFFFFFFFFFFFFFFFB6
:200A6000FFFFFFFFFFFFFFFFFFFFFFFFFFFFFFFFFFFFFFFFFFFFFFFFFFFFFFFFFFFFFFFF96
:200A8000FFFFFFFFFFFFFFFFFFFFFFFFFFFFFFFFFFFFFFFFFFFFFFFFFFFFFFFFFFFFFFFF76
:200AA000FFFFFFFFFFFFFFFFFFFFFFFFFFFFFFFFFFFFFFFFFFFFFFFFFFFFFFFFFFFFFFFF56
:200AC000FFFFFFFFFFFFFFFFFFFFFFFFFFFFFFFFFFFFFFFFFFFFFFFFFFFFFFFFFFFFFFFF36
:200AE000FFFFFFFFFFFFFFFFFFFFFFFFFFFFFFFFFFFFFFFFFFFFFFFFFFFFFFFFFFFFFFFF16
:200B0000FFFFFFFFFFFFFFFFFFFFFFFFFFFFFFFFFFFFFFFFFFFFFFFFFFFFFFFFFFFFFFFFF5
:200B2000FFFFFFFFFFFFFFFFFFFFFFFFFFFFFFFFFFFFFFFFFFFFFFFFFFFFFFFFFFFFFFFFD5
:200B4000FFFFFFFFFFFFFFFFFFFFFFFFFFFFFFFFFFFFFFFFFFFFFFFFFFFFFFFFFFFFFFFFB5
:200B6000FFFFFFFFFFFFFFFFFFFFFFFFFFFFFFFFFFFFFFFFFFFFFFFFFFFFFFFFFFFFFFFF95
:200B8000FFFFFFFFFFFFFFFFFFFFFFFFFFFFFFFFFFFFFFFFFFFFFFFFFFFFFFFFFFFFFFFF75
:200BA000FFFFFFFFFFFFFFFFFFFFFFFFFFFFFFFFFFFFFFFFFFFFFFFFFFFFFFFFFFFFFFFF55
:200BC000FFFFFFFFFFFFFFFFFFFFFFFFFFFFFFFFFFFFFFFFFFFFFFFFFFFFFFFFFFFFFFFF35
:200BE000FFFFFFFFFFFFFFFFFFFFFFFFFFFFFFFFFFFFFFFFFFFFFFFFFFFFFFFFFFFFFFFF15
:200C0000FFFFFFFFFFFFFFFFFFFFFFFFFFFFFFFFFFFFFFFFFFFFFFFFFFFFFFFFFFFFFFFFF4
:200C2000FFFFFFFFFFFFFFFFFFFFFFFFFFFFFFFFFFFFFFFFFFFFFFFFFFFFFFFFFFFFFFFFD4
:200C4000FFFFFFFFFFFFFFFFFFFFFFFFFFFFFFFFFFFFFFFFFFFFFFFFFFFFFFFFFFFFFFFFB4
:200C6000FFFFFFFFFFFFFFFFFFFFFFFFFFFFFFFFFFFFFFFFFFFFFFFFFFFFFFFFFFFFFFFF94
:200C8000FFFFFFFFFFFFFFFFFFFFFFFFFFFFFFFFFFFFFFFFFFFFFFFFFFFFFFFFFFFFFFFF74
:200CA000FFFFFFFFFFFFFFFFFFFFFFFFFFFFFFFFFFFFFFFFFFFFFFFFFFFFFFFFFFFFFFFF54
:200CC000FFFFFFFFFFFFFFFFFFFFFFFFFFFFFFFFFFFFFFFFFFFFFFFFFFFFFFFFFFFFFFFF34
:200CE000FFFFFFFFFFFFFFFFFFFFFFFFFFFFFFFFFFFFFFFFFFFFFFFFFFFFFFFFFFFFFFFF14
:200D0000FFFFFFFFFFFFFFFFFFFFFFFFFFFFFFFFFFFFFFFFFFFFFFFFFFFFFFFFFFFFFFFFF3
:200D2000FFFFFFFFFFFFFFFFFFFFFFFFFFFFFFFFFFFFFFFFFFFFFFFFFFFFFFFFFFFFFFFFD3
:200D4000FFFFFFFFFFFFFFFFFFFFFFFFFFFFFFFFFFFFFFFFFFFFFFFFFFFFFFFFFFFFFFFFB3
:200D6000FFFFFFFFFFFFFFFFFFFFFFFFFFFFFFFFFFFFFFFFFFFFFFFFFFFFFFFFFFFFFFFF93
:200D8000FFFFFFFFFFFFFFFFFFFFFFFFFFFFFFFFFFFFFFFFFFFFFFFFFFFFFFFFFFFFFFFF73
:200DA000FFFFFFFFFFFFFFFFFFFFFFFFFFFFFFFFFFFFFFFFFFFFFFFFFFFFFFFFFFFFFFFF53
:200DC000FFFFFFFFFFFFFFFFFFFFFFFFFFFFFFFFFFFFFFFFFFFFFFFFFFFFFFFFFFFFFFFF33
:200DE000FFFFFFFFFFFFFFFFFFFFFFFFFFFFFFFFFFFFFFFFFFFFFFFFFFFFFFFFFFFFFFFF13
:200E0000FFFFFFFFFFFFFFFFFFFFFFFFFFFFFFFFFFFFFFFFFFFFFFFFFFFFFFFFFFFFFFFFF2
:200E2000FFFFFFFFFFFFFFFFFFFFFFFFFFFFFFFFFFFFFFFFFFFFFFFFFFFFFFFFFFFFFFFFD2
:200E4000FFFFFFFFFFFFFFFFFFFFFFFFFFFFFFFFFFFFFFFFFFFFFFFFFFFFFFFFFFFFFFFFB2
:200E6000FFFFFFFFFFFFFFFFFFFFFFFFFFFFFFFFFFFFFFFFFFFFFFFFFFFFFFFFFFFFFFFF92
:200E8000FFFFFFFFFFFFFFFFFFFFFFFFFFFFFFFFFFFFFFFFFFFFFFFFFFFFFFFFFFFFFFFF72
:200EA000FFFFFFFFFFFFFFFFFFFFFFFFFFFFFFFFFFFFFFFFFFFFFFFFFFFFFFFFFFFFFFFF52
:200EC000FFFFFFFFFFFFFFFFFFFFFFFFFFFFFFFFFFFFFFFFFFFFFFFFFFFFFFFFFFFFFFFF32
:200EE000FFFFFFFFFFFFFFFFFFFFFFFFFFFFFFFFFFFFFFFFFFFFFFFFFFFFFFFFFFFFFFFF12
:200F0000FFFFFFFFFFFFFFFFFFFFFFFFFFFFFFFFFFFFFFFFFFFFFFFFFFFFFFFFFFFFFFFFF1
:200F2000FFFFFFFFFFFFFFFFFFFFFFFFFFFFFFFFFFFFFFFFFFFFFFFFFFFFFFFFFFFFFFFFD1
:200F4000FFFFFFFFFFFFFFFFFFFFFFFFFFFFFFFFFFFFFFFFFFFFFFFFFFFFFFFFFFFFFFFFB1
:200F6000FFFFFFFFFFFFFFFFFFFFFFFFFFFFFFFFFFFFFFFFFFFFFFFFFFFFFFFFFFFFFFFF91
:200F8000FFFFFFFFFFFFFFFFFFFFFFFFFFFFFFFFFFFFFFFFFFFFFFFFFFFFFFFFFFFFFFFF71
:200FA000FFFFFFFFFFFFFFFFFFFFFFFFFFFFFFFFFFFFFFFFFFFFFFFFFFFFFFFFFFFFFFFF51
:200FC000FFFFFFFFFFFFFFFFFFFFFFFFFFFFFFFFFFFFFFFFFFFFFFFFFFFFFFFFFFFFFFFF31
:200FE000FFFFFFFFFFFFFFFFFFFFFFFFFFFFFFFFFFFFFFFFFFFFFFFFFFFFFFFFFFFFFFFF11
:20100000FFFFFFFFFFFFFFFFFFFFFFFFFFFFFFFFFFFFFFFFFFFFFFFFFFFFFFFFFFFFFFFFF0
:20102000FFFFFFFFFFFFFFFFFFFFFFFFFFFFFFFFFFFFFFFFFFFFFFFFFFFFFFFFFFFFFFFFD0
:20104000FFFFFFFFFFFFFFFFFFFFFFFFFFFFFFFFFFFFFFFFFFFFFFFFFFFFFFFFFFFFFFFFB0
:20106000FFFFFFFFFFFFFFFFFFFFFFFFFFFFFFFFFFFFFFFFFFFFFFFFFFFFFFFFFFFFFFFF90
:20108000FFFFFFFFFFFFFFFFFFFFFFFFFFFFFFFFFFFFFFFFFFFFFFFFFFFFFFFFFFFFFFFF70
:2010A000FFFFFFFFFFFFFFFFFFFFFFFFFFFFFFFFFFFFFFFFFFFFFFFFFFFFFFFFFFFFFFFF50
:2010C000FFFFFFFFFFFFFFFFFFFFFFFFFFFFFFFFFFFFFFFFFFFFFFFFFFFFFFFFFFFFFFFF30
:2010E000FFFFFFFFFFFFFFFFFFFFFFFFFFFFFFFFFFFFFFFFFFFFFFFFFFFFFFFFFFFFFFFF10
:20110000FFFFFFFFFFFFFFFFFFFFFFFFFFFFFFFFFFFFFFFFFFFFFFFFFFFFFFFFFFFFFFFFEF
:20112000FFFFFFFFFFFFFFFFFFFFFFFFFFFFFFFFFFFFFFFFFFFFFFFFFFFFFFFFFFFFFFFFCF
:20114000FFFFFFFFFFFFFFFFFFFFFFFFFFFFFFFFFFFFFFFFFFFFFFFFFFFFFFFFFFFFFFFFAF
:20116000FFFFFFFFFFFFFFFFFFFFFFFFFFFFFFFFFFFFFFFFFFFFFFFFFFFFFFFFFFFFFFFF8F
:20118000FFFFFFFFFFFFFFFFFFFFFFFFFFFFFFFFFFFFFFFFFFFFFFFFFFFFFFFFFFFFFFFF6F
:2011A000FFFFFFFFFFFFFFFFFFFFFFFFFFFFFFFFFFFFFFFFFFFFFFFFFFFFFFFFFFFFFFFF4F
:2011C000FFFFFFFFFFFFFFFFFFFFFFFFFFFFFFFFFFFFFFFFFFFFFFFFFFFFFFFFFFFFFFFF2F
:2011E000FFFFFFFFFFFFFFFFFFFFFFFFFFFFFFFFFFFFFFFFFFFFFFFFFFFFFFFFFFFFFFFF0F
:20120000FFFFFFFFFFFFFFFFFFFFFFFFFFFFFFFFFFFFFFFFFFFFFFFFFFFFFFFFFFFFFFFFEE
:20122000FFFFFFFFFFFFFFFFFFFFFFFFFFFFFFFFFFFFFFFFFFFFFFFFFFFFFFFFFFFFFFFFCE
:20124000FFFFFFFFFFFFFFFFFFFFFFFFFFFFFFFFFFFFFFFFFFFFFFFFFFFFFFFFFFFFFFFFAE
:20126000FFFFFFFFFFFFFFFFFFFFFFFFFFFFFFFFFFFFFFFFFFFFFFFFFFFFFFFFFFFFFFFF8E
:20128000FFFFFFFFFFFFFFFFFFFFFFFFFFFFFFFFFFFFFFFFFFFFFFFFFFFFFFFFFFFFFFFF6E
:2012A000FFFFFFFFFFFFFFFFFFFFFFFFFFFFFFFFFFFFFFFFFFFFFFFFFFFFFFFFFFFFFFFF4E
:2012C000FFFFFFFFFFFFFFFFFFFFFFFFFFFFFFFFFFFFFFFFFFFFFFFFFFFFFFFFFFFFFFFF2E
:2012E000FFFFFFFFFFFFFFFFFFFFFFFFFFFFFFFFFFFFFFFFFFFFFFFFFFFFFFFFFFFFFFFF0E
:20130000FFFFFFFFFFFFFFFFFFFFFFFFFFFFFFFFFFFFFFFFFFFFFFFFFFFFFFFFFFFFFFFFED
:20132000FFFFFFFFFFFFFFFFFFFFFFFFFFFFFFFFFFFFFFFFFFFFFFFFFFFFFFFFFFFFFFFFCD
:20134000FFFFFFFFFFFFFFFFFFFFFFFFFFFFFFFFFFFFFFFFFFFFFFFFFFFFFFFFFFFFFFFFAD
:20136000FFFFFFFFFFFFFFFFFFFFFFFFFFFFFFFFFFFFFFFFFFFFFFFFFFFFFFFFFFFFFFFF8D
:20138000FFFFFFFFFFFFFFFFFFFFFFFFFFFFFFFFFFFFFFFFFFFFFFFFFFFFFFFFFFFFFFFF6D
:2013A000FFFFFFFFFFFFFFFFFFFFFFFFFFFFFFFFFFFFFFFFFFFFFFFFFFFFFFFFFFFFFFFF4D
:2013C000FFFFFFFFFFFFFFFFFFFFFFFFFFFFFFFFFFFFFFFFFFFFFFFFFFFFFFFFFFFFFFFF2D
:2013E000FFFFFFFFFFFFFFFFFFFFFFFFFFFFFFFFFFFFFFFFFFFFFFFFFFFFFFFFFFFFFFFF0D
:20140000FFFFFFFFFFFFFFFFFFFFFFFFFFFFFFFFFFFFFFFFFFFFFFFFFFFFFFFFFFFFFFFFEC
:20142000FFFFFFFFFFFFFFFFFFFFFFFFFFFFFFFFFFFFFFFFFFFFFFFFFFFFFFFFFFFFFFFFCC
:20144000FFFFFFFFFFFFFFFFFFFFFFFFFFFFFFFFFFFFFFFFFFFFFFFFFFFFFFFFFFFFFFFFAC
:20146000FFFFFFFFFFFFFFFFFFFFFFFFFFFFFFFFFFFFFFFFFFFFFFFFFFFFFFFFFFFFFFFF8C
:20148000FFFFFFFFFFFFFFFFFFFFFFFFFFFFFFFFFFFFFFFFFFFFFFFFFFFFFFFFFFFFFFFF6C
:2014A000FFFFFFFFFFFFFFFFFFFFFFFFFFFFFFFFFFFFFFFFFFFFFFFFFFFFFFFFFFFFFFFF4C
:2014C000FFFFFFFFFFFFFFFFFFFFFFFFFFFFFFFFFFFFFFFFFFFFFFFFFFFFFFFFFFFFFFFF2C
:2014E000FFFFFFFFFFFFFFFFFFFFFFFFFFFFFFFFFFFFFFFFFFFFFFFFFFFFFFFFFFFFFFFF0C
:20150000FFFFFFFFFFFFFFFFFFFFFFFFFFFFFFFFFFFFFFFFFFFFFFFFFFFFFFFFFFFFFFFFEB
:20152000FFFFFFFFFFFFFFFFFFFFFFFFFFFFFFFFFFFFFFFFFFFFFFFFFFFFFFFFFFFFFFFFCB
:20154000FFFFFFFFFFFFFFFFFFFFFFFFFFFFFFFFFFFFFFFFFFFFFFFFFFFFFFFFFFFFFFFFAB
:20156000FFFFFFFFFFFFFFFFFFFFFFFFFFFFFFFFFFFFFFFFFFFFFFFFFFFFFFFFFFFFFFFF8B
:20158000FFFFFFFFFFFFFFFFFFFFFFFFFFFFFFFFFFFFFFFFFFFFFFFFFFFFFFFFFFFFFFFF6B
:2015A000FFFFFFFFFFFFFFFFFFFFFFFFFFFFFFFFFFFFFFFFFFFFFFFFFFFFFFFFFFFFFFFF4B
:2015C000FFFFFFFFFFFFFFFFFFFFFFFFFFFFFFFFFFFFFFFFFFFFFFFFFFFFFFFFFFFFFFFF2B
:2015E000FFFFFFFFFFFFFFFFFFFFFFFFFFFFFFFFFFFFFFFFFFFFFFFFFFFFFFFFFFFFFFFF0B
:20160000FFFFFFFFFFFFFFFFFFFFFFFFFFFFFFFFFFFFFFFFFFFFFFFFFFFFFFFFFFFFFFFFEA
:20162000FFFFFFFFFFFFFFFFFFFFFFFFFFFFFFFFFFFFFFFFFFFFFFFFFFFFFFFFFFFFFFFFCA
:20164000FFFFFFFFFFFFFFFFFFFFFFFFFFFFFFFFFFFFFFFFFFFFFFFFFFFFFFFFFFFFFFFFAA
:20166000FFFFFFFFFFFFFFFFFFFFFFFFFFFFFFFFFFFFFFFFFFFFFFFFFFFFFFFFFFFFFFFF8A
:20168000FFFFFFFFFFFFFFFFFFFFFFFFFFFFFFFFFFFFFFFFFFFFFFFFFFFFFFFFFFFFFFFF6A
:2016A000FFFFFFFFFFFFFFFFFFFFFFFFFFFFFFFFFFFFFFFFFFFFFFFFFFFFFFFFFFFFFFFF4A
:2016C000FFFFFFFFFFFFFFFFFFFFFFFFFFFFFFFFFFFFFFFFFFFFFFFFFFFFFFFFFFFFFFFF2A
:2016E000FFFFFFFFFFFFFFFFFFFFFFFFFFFFFFFFFFFFFFFFFFFFFFFFFFFFFFFFFFFFFFFF0A
:20170000FFFFFFFFFFFFFFFFFFFFFFFFFFFFFFFFFFFFFFFFFFFFFFFFFFFFFFFFFFFFFFFFE9
:20172000FFFFFFFFFFFFFFFFFFFFFFFFFFFFFFFFFFFFFFFFFFFFFFFFFFFFFFFFFFFFFFFFC9
:20174000FFFFFFFFFFFFFFFFFFFFFFFFFFFFFFFFFFFFFFFFFFFFFFFFFFFFFFFFFFFFFFFFA9
:20176000FFFFFFFFFFFFFFFFFFFFFFFFFFFFFFFFFFFFFFFFFFFFFFFFFFFFFFFFFFFFFFFF89
:20178000FFFFFFFFFFFFFFFFFFFFFFFFFFFFFFFFFFFFFFFFFFFFFFFFFFFFFFFFFFFFFFFF69
:2017A000FFFFFFFFFFFFFFFFFFFFFFFFFFFFFFFFFFFFFFFFFFFFFFFFFFFFFFFFFFFFFFFF49
:2017C000FFFFFFFFFFFFFFFFFFFFFFFFFFFFFFFFFFFFFFFFFFFFFFFFFFFFFFFFFFFFFFFF29
:2017E000FFFFFFFFFFFFFFFFFFFFFFFFFFFFFFFFFFFFFFFFFFFFFFFFFFFFFFFFFFFFFFFF09
:20180000FFFFFFFFFFFFFFFFFFFFFFFFFFFFFFFFFFFFFFFFFFFFFFFFFFFFFFFFFFFFFFFFE8
:20182000FFFFFFFFFFFFFFFFFFFFFFFFFFFFFFFFFFFFFFFFFFFFFFFFFFFFFFFFFFFFFFFFC8
:20184000FFFFFFFFFFFFFFFFFFFFFFFFFFFFFFFFFFFFFFFFFFFFFFFFFFFFFFFFFFFFFFFFA8
:20186000FFFFFFFFFFFFFFFFFFFFFFFFFFFFFFFFFFFFFFFFFFFFFFFFFFFFFFFFFFFFFFFF88
:20188000FFFFFFFFFFFFFFFFFFFFFFFFFFFFFFFFFFFFFFFFFFFFFFFFFFFFFFFFFFFFFFFF68
:2018A000FFFFFFFFFFFFFFFFFFFFFFFFFFFFFFFFFFFFFFFFFFFFFFFFFFFFFFFFFFFFFFFF48
:2018C000FFFFFFFFFFFFFFFFFFFFFFFFFFFFFFFFFFFFFFFFFFFFFFFFFFFFFFFFFFFFFFFF28
:2018E000FFFFFFFFFFFFFFFFFFFFFFFFFFFFFFFFFFFFFFFFFFFFFFFFFFFFFFFFFFFFFFFF08
:20190000FFFFFFFFFFFFFFFFFFFFFFFFFFFFFFFFFFFFFFFFFFFFFFFFFFFFFFFFFFFFFFFFE7
:20192000FFFFFFFFFFFFFFFFFFFFFFFFFFFFFFFFFFFFFFFFFFFFFFFFFFFFFFFFFFFFFFFFC7
:20194000FFFFFFFFFFFFFFFFFFFFFFFFFFFFFFFFFFFFFFFFFFFFFFFFFFFFFFFFFFFFFFFFA7
:20196000FFFFFFFFFFFFFFFFFFFFFFFFFFFFFFFFFFFFFFFFFFFFFFFFFFFFFFFFFFFFFFFF87
:20198000FFFFFFFFFFFFFFFFFFFFFFFFFFFFFFFFFFFFFFFFFFFFFFFFFFFFFFFFFFFFFFFF67
:2019A000FFFFFFFFFFFFFFFFFFFFFFFFFFFFFFFFFFFFFFFFFFFFFFFFFFFFFFFFFFFFFFFF47
:2019C000FFFFFFFFFFFFFFFFFFFFFFFFFFFFFFFFFFFFFFFFFFFFFFFFFFFFFFFFFFFFFFFF27
:2019E000FFFFFFFFFFFFFFFFFFFFFFFFFFFFFFFFFFFFFFFFFFFFFFFFFFFFFFFFFFFFFFFF07
:201A0000FFFFFFFFFFFFFFFFFFFFFFFFFFFFFFFFFFFFFFFFFFFFFFFFFFFFFFFFFFFFFFFFE6
:201A2000FFFFFFFFFFFFFFFFFFFFFFFFFFFFFFFFFFFFFFFFFFFFFFFFFFFFFFFFFFFFFFFFC6
:201A4000FFFFFFFFFFFFFFFFFFFFFFFFFFFFFFFFFFFFFFFFFFFFFFFFFFFFFFFFFFFFFFFFA6
:201A6000FFFFFFFFFFFFFFFFFFFFFFFFFFFFFFFFFFFFFFFFFFFFFFFFFFFFFFFFFFFFFFFF86
:201A8000FFFFFFFFFFFFFFFFFFFFFFFFFFFFFFFFFFFFFFFFFFFFFFFFFFFFFFFFFFFFFFFF66
:201AA000FFFFFFFFFFFFFFFFFFFFFFFFFFFFFFFFFFFFFFFFFFFFFFFFFFFFFFFFFFFFFFFF46
:201AC000FFFFFFFFFFFFFFFFFFFFFFFFFFFFFFFFFFFFFFFFFFFFFFFFFFFFFFFFFFFFFFFF26
:201AE000FFFFFFFFFFFFFFFFFFFFFFFFFFFFFFFFFFFFFFFFFFFFFFFFFFFFFFFFFFFFFFFF06
:201B0000FFFFFFFFFFFFFFFFFFFFFFFFFFFFFFFFFFFFFFFFFFFFFFFFFFFFFFFFFFFFFFFFE5
:201B2000FFFFFFFFFFFFFFFFFFFFFFFFFFFFFFFFFFFFFFFFFFFFFFFFFFFFFFFFFFFFFFFFC5
:201B4000FFFFFFFFFFFFFFFFFFFFFFFFFFFFFFFFFFFFFFFFFFFFFFFFFFFFFFFFFFFFFFFFA5
:201B6000FFFFFFFFFFFFFFFFFFFFFFFFFFFFFFFFFFFFFFFFFFFFFFFFFFFFFFFFFFFFFFFF85
:201B8000FFFFFFFFFFFFFFFFFFFFFFFFFFFFFFFFFFFFFFFFFFFFFFFFFFFFFFFFFFFFFFFF65
:201BA000FFFFFFFFFFFFFFFFFFFFFFFFFFFFFFFFFFFFFFFFFFFFFFFFFFFFFFFFFFFFFFFF45
:201BC000FFFFFFFFFFFFFFFFFFFFFFFFFFFFFFFFFFFFFFFFFFFFFFFFFFFFFFFFFFFFFFFF25
:201BE000FFFFFFFFFFFFFFFFFFFFFFFFFFFFFFFFFFFFFFFFFFFFFFFFFFFFFFFFFFFFFFFF05
:201C0000FFFFFFFFFFFFFFFFFFFFFFFFFFFFFFFFFFFFFFFFFFFFFFFFFFFFFFFFFFFFFFFFE4
:201C2000FFFFFFFFFFFFFFFFFFFFFFFFFFFFFFFFFFFFFFFFFFFFFFFFFFFFFFFFFFFFFFFFC4
:201C4000FFFFFFFFFFFFFFFFFFFFFFFFFFFFFFFFFFFFFFFFFFFFFFFFFFFFFFFFFFFFFFFFA4
:201C6000FFFFFFFFFFFFFFFFFFFFFFFFFFFFFFFFFFFFFFFFFFFFFFFFFFFFFFFFFFFFFFFF84
:201C8000FFFFFFFFFFFFFFFFFFFFFFFFFFFFFFFFFFFFFFFFFFFFFFFFFFFFFFFFFFFFFFFF64
:201CA000FFFFFFFFFFFFFFFFFFFFFFFFFFFFFFFFFFFFFFFFFFFFFFFFFFFFFFFFFFFFFFFF44
:201CC000FFFFFFFFFFFFFFFFFFFFFFFFFFFFFFFFFFFFFFFFFFFFFFFFFFFFFFFFFFFFFFFF24
:201CE000FFFFFFFFFFFFFFFFFFFFFFFFFFFFFFFFFFFFFFFFFFFFFFFFFFFFFFFFFFFFFFFF04
:201D0000FFFFFFFFFFFFFFFFFFFFFFFFFFFFFFFFFFFFFFFFFFFFFFFFFFFFFFFFFFFFFFFFE3
:201D2000FFFFFFFFFFFFFFFFFFFFFFFFFFFFFFFFFFFFFFFFFFFFFFFFFFFFFFFFFFFFFFFFC3
:201D4000FFFFFFFFFFFFFFFFFFFFFFFFFFFFFFFFFFFFFFFFFFFFFFFFFFFFFFFFFFFFFFFFA3
:201D6000FFFFFFFFFFFFFFFFFFFFFFFFFFFFFFFFFFFFFFFFFFFFFFFFFFFFFFFFFFFFFFFF83
:201D8000FFFFFFFFFFFFFFFFFFFFFFFFFFFFFFFFFFFFFFFFFFFFFFFFFFFFFFFFFFFFFFFF63
:201DA000FFFFFFFFFFFFFFFFFFFFFFFFFFFFFFFFFFFFFFFFFFFFFFFFFFFFFFFFFFFFFFFF43
:201DC000FFFFFFFFFFFFFFFFFFFFFFFFFFFFFFFFFFFFFFFFFFFFFFFFFFFFFFFFFFFFFFFF23
:201DE000FFFFFFFFFFFFFFFFFFFFFFFFFFFFFFFFFFFFFFFFFFFFFFFFFFFFFFFFFFFFFFFF03
:201E0000FFFFFFFFFFFFFFFFFFFFFFFFFFFFFFFFFFFFFFFFFFFFFFFFFFFFFFFFFFFFFFFFE2
:201E2000FFFFFFFFFFFFFFFFFFFFFFFFFFFFFFFFFFFFFFFFFFFFFFFFFFFFFFFFFFFFFFFFC2
:201E4000FFFFFFFFFFFFFFFFFFFFFFFFFFFFFFFFFFFFFFFFFFFFFFFFFFFFFFFFFFFFFFFFA2
:201E6000FFFFFFFFFFFFFFFFFFFFFFFFFFFFFFFFFFFFFFFFFFFFFFFFFFFFFFFFFFFFFFFF82
:201E8000FFFFFFFFFFFFFFFFFFFFFFFFFFFFFFFFFFFFFFFFFFFFFFFFFFFFFFFFFFFFFFFF62
:201EA000FFFFFFFFFFFFFFFFFFFFFFFFFFFFFFFFFFFFFFFFFFFFFFFFFFFFFFFFFFFFFFFF42
:201EC000FFFFFFFFFFFFFFFFFFFFFFFFFFFFFFFFFFFFFFFFFFFFFFFFFFFFFFFFFFFFFFFF22
:201EE000FFFFFFFFFFFFFFFFFFFFFFFFFFFFFFFFFFFFFFFFFFFFFFFFFFFFFFFFFFFFFFFF02
:201F0000FFFFFFFFFFFFFFFFFFFFFFFFFFFFFFFFFFFFFFFFFFFFFFFFFFFFFFFFFFFFFFFFE1
:201F2000FFFFFFFFFFFFFFFFFFFFFFFFFFFFFFFFFFFFFFFFFFFFFFFFFFFFFFFFFFFFFFFFC1
:201F4000FFFFFFFFFFFFFFFFFFFFFFFFFFFFFFFFFFFFFFFFFFFFFFFFFFFFFFFFFFFFFFFFA1
:201F6000FFFFFFFFFFFFFFFFFFFFFFFFFFFFFFFFFFFFFFFFFFFFFFFFFFFFFFFFFFFFFFFF81
:201F8000FFFFFFFFFFFFFFFFFFFFFFFFFFFFFFFFFFFFFFFFFFFFFFFFFFFFFFFFFFFFFFFF61
:201FA000FFFFFFFFFFFFFFFFFFFFFFFFFFFFFFFFFFFFFFFFFFFFFFFFFFFFFFFFFFFFFFFF41
:201FC000FFFFFFFFFFFFFFFFFFFFFFFFFFFFFFFFFFFFFFFFFFFFFFFFFFFFFFFFFFFFFFFF21
:201FE000FFFFFFFFFFFFFFFFFFFFFFFFFFFFFFFFFFFFFFFFFFFFFFFFFFFFFFFFFFFFFFFF01
:20200000FFFFFFFFFFFFFFFFFFFFFFFFFFFFFFFFFFFFFFFFFFFFFFFFFFFFFFFFFFFFFFFFE0
:20202000FFFFFFFFFFFFFFFFFFFFFFFFFFFFFFFFFFFFFFFFFFFFFFFFFFFFFFFFFFFFFFFFC0
:20204000FFFFFFFFFFFFFFFFFFFFFFFFFFFFFFFFFFFFFFFFFFFFFFFFFFFFFFFFFFFFFFFFA0
:20206000FFFFFFFFFFFFFFFFFFFFFFFFFFFFFFFFFFFFFFFFFFFFFFFFFFFFFFFFFFFFFFFF80
:20208000FFFFFFFFFFFFFFFFFFFFFFFFFFFFFFFFFFFFFFFFFFFFFFFFFFFFFFFFFFFFFFFF60
:2020A000FFFFFFFFFFFFFFFFFFFFFFFFFFFFFFFFFFFFFFFFFFFFFFFFFFFFFFFFFFFFFFFF40
:2020C000FFFFFFFFFFFFFFFFFFFFFFFFFFFFFFFFFFFFFFFFFFFFFFFFFFFFFFFFFFFFFFFF20
:2020E000FFFFFFFFFFFFFFFFFFFFFFFFFFFFFFFFFFFFFFFFFFFFFFFFFFFFFFFFFFFFFFFF00
:20210000FFFFFFFFFFFFFFFFFFFFFFFFFFFFFFFFFFFFFFFFFFFFFFFFFFFFFFFFFFFFFFFFDF
:20212000FFFFFFFFFFFFFFFFFFFFFFFFFFFFFFFFFFFFFFFFFFFFFFFFFFFFFFFFFFFFFFFFBF
:20214000FFFFFFFFFFFFFFFFFFFFFFFFFFFFFFFFFFFFFFFFFFFFFFFFFFFFFFFFFFFFFFFF9F
:20216000FFFFFFFFFFFFFFFFFFFFFFFFFFFFFFFFFFFFFFFFFFFFFFFFFFFFFFFFFFFFFFFF7F
:20218000FFFFFFFFFFFFFFFFFFFFFFFFFFFFFFFFFFFFFFFFFFFFFFFFFFFFFFFFFFFFFFFF5F
:2021A000FFFFFFFFFFFFFFFFFFFFFFFFFFFFFFFFFFFFFFFFFFFFFFFFFFFFFFFFFFFFFFFF3F
:2021C000FFFFFFFFFFFFFFFFFFFFFFFFFFFFFFFFFFFFFFFFFFFFFFFFFFFFFFFFFFFFFFFF1F
:2021E000FFFFFFFFFFFFFFFFFFFFFFFFFFFFFFFFFFFFFFFFFFFFFFFFFFFFFFFFFFFFFFFFFF
:20220000FFFFFFFFFFFFFFFFFFFFFFFFFFFFFFFFFFFFFFFFFFFFFFFFFFFFFFFFFFFFFFFFDE
:20222000FFFFFFFFFFFFFFFFFFFFFFFFFFFFFFFFFFFFFFFFFFFFFFFFFFFFFFFFFFFFFFFFBE
:20224000FFFFFFFFFFFFFFFFFFFFFFFFFFFFFFFFFFFFFFFFFFFFFFFFFFFFFFFFFFFFFFFF9E
:20226000FFFFFFFFFFFFFFFFFFFFFFFFFFFFFFFFFFFFFFFFFFFFFFFFFFFFFFFFFFFFFFFF7E
:20228000FFFFFFFFFFFFFFFFFFFFFFFFFFFFFFFFFFFFFFFFFFFFFFFFFFFFFFFFFFFFFFFF5E
:2022A000FFFFFFFFFFFFFFFFFFFFFFFFFFFFFFFFFFFFFFFFFFFFFFFFFFFFFFFFFFFFFFFF3E
:2022C000FFFFFFFFFFFFFFFFFFFFFFFFFFFFFFFFFFFFFFFFFFFFFFFFFFFFFFFFFFFFFFFF1E
:2022E000FFFFFFFFFFFFFFFFFFFFFFFFFFFFFFFFFFFFFFFFFFFFFFFFFFFFFFFFFFFFFFFFFE
:20230000FFFFFFFFFFFFFFFFFFFFFFFFFFFFFFFFFFFFFFFFFFFFFFFFFFFFFFFFFFFFFFFFDD
:20232000FFFFFFFFFFFFFFFFFFFFFFFFFFFFFFFFFFFFFFFFFFFFFFFFFFFFFFFFFFFFFFFFBD
:20234000FFFFFFFFFFFFFFFFFFFFFFFFFFFFFFFFFFFFFFFFFFFFFFFFFFFFFFFFFFFFFFFF9D
:20236000FFFFFFFFFFFFFFFFFFFFFFFFFFFFFFFFFFFFFFFFFFFFFFFFFFFFFFFFFFFFFFFF7D
:20238000FFFFFFFFFFFFFFFFFFFFFFFFFFFFFFFFFFFFFFFFFFFFFFFFFFFFFFFFFFFFFFFF5D
:2023A000FFFFFFFFFFFFFFFFFFFFFFFFFFFFFFFFFFFFFFFFFFFFFFFFFFFFFFFFFFFFFFFF3D
:2023C000FFFFFFFFFFFFFFFFFFFFFFFFFFFFFFFFFFFFFFFFFFFFFFFFFFFFFFFFFFFFFFFF1D
:2023E000FFFFFFFFFFFFFFFFFFFFFFFFFFFFFFFFFFFFFFFFFFFFFFFFFFFFFFFFFFFFFFFFFD
:20240000FFFFFFFFFFFFFFFFFFFFFFFFFFFFFFFFFFFFFFFFFFFFFFFFFFFFFFFFFFFFFFFFDC
:20242000FFFFFFFFFFFFFFFFFFFFFFFFFFFFFFFFFFFFFFFFFFFFFFFFFFFFFFFFFFFFFFFFBC
:20244000FFFFFFFFFFFFFFFFFFFFFFFFFFFFFFFFFFFFFFFFFFFFFFFFFFFFFFFFFFFFFFFF9C
:20246000FFFFFFFFFFFFFFFFFFFFFFFFFFFFFFFFFFFFFFFFFFFFFFFFFFFFFFFFFFFFFFFF7C
:20248000FFFFFFFFFFFFFFFFFFFFFFFFFFFFFFFFFFFFFFFFFFFFFFFFFFFFFFFFFFFFFFFF5C
:2024A000FFFFFFFFFFFFFFFFFFFFFFFFFFFFFFFFFFFFFFFFFFFFFFFFFFFFFFFFFFFFFFFF3C
:2024C000FFFFFFFFFFFFFFFFFFFFFFFFFFFFFFFFFFFFFFFFFFFFFFFFFFFFFFFFFFFFFFFF1C
:2024E000FFFFFFFFFFFFFFFFFFFFFFFFFFFFFFFFFFFFFFFFFFFFFFFFFFFFFFFFFFFFFFFFFC
:20250000FFFFFFFFFFFFFFFFFFFFFFFFFFFFFFFFFFFFFFFFFFFFFFFFFFFFFFFFFFFFFFFFDB
:20252000FFFFFFFFFFFFFFFFFFFFFFFFFFFFFFFFFFFFFFFFFFFFFFFFFFFFFFFFFFFFFFFFBB
:20254000FFFFFFFFFFFFFFFFFFFFFFFFFFFFFFFFFFFFFFFFFFFFFFFFFFFFFFFFFFFFFFFF9B
:20256000FFFFFFFFFFFFFFFFFFFFFFFFFFFFFFFFFFFFFFFFFFFFFFFFFFFFFFFFFFFFFFFF7B
:20258000FFFFFFFFFFFFFFFFFFFFFFFFFFFFFFFFFFFFFFFFFFFFFFFFFFFFFFFFFFFFFFFF5B
:2025A000FFFFFFFFFFFFFFFFFFFFFFFFFFFFFFFFFFFFFFFFFFFFFFFFFFFFFFFFFFFFFFFF3B
:2025C000FFFFFFFFFFFFFFFFFFFFFFFFFFFFFFFFFFFFFFFFFFFFFFFFFFFFFFFFFFFFFFFF1B
:2025E000FFFFFFFFFFFFFFFFFFFFFFFFFFFFFFFFFFFFFFFFFFFFFFFFFFFFFFFFFFFFFFFFFB
:20260000FFFFFFFFFFFFFFFFFFFFFFFFFFFFFFFFFFFFFFFFFFFFFFFFFFFFFFFFFFFFFFFFDA
:20262000FFFFFFFFFFFFFFFFFFFFFFFFFFFFFFFFFFFFFFFFFFFFFFFFFFFFFFFFFFFFFFFFBA
:20264000FFFFFFFFFFFFFFFFFFFFFFFFFFFFFFFFFFFFFFFFFFFFFFFFFFFFFFFFFFFFFFFF9A
:20266000FFFFFFFFFFFFFFFFFFFFFFFFFFFFFFFFFFFFFFFFFFFFFFFFFFFFFFFFFFFFFFFF7A
:20268000FFFFFFFFFFFFFFFFFFFFFFFFFFFFFFFFFFFFFFFFFFFFFFFFFFFFFFFFFFFFFFFF5A
:2026A000FFFFFFFFFFFFFFFFFFFFFFFFFFFFFFFFFFFFFFFFFFFFFFFFFFFFFFFFFFFFFFFF3A
:2026C000FFFFFFFFFFFFFFFFFFFFFFFFFFFFFFFFFFFFFFFFFFFFFFFFFFFFFFFFFFFFFFFF1A
:2026E000FFFFFFFFFFFFFFFFFFFFFFFFFFFFFFFFFFFFFFFFFFFFFFFFFFFFFFFFFFFFFFFFFA
:20270000FFFFFFFFFFFFFFFFFFFFFFFFFFFFFFFFFFFFFFFFFFFFFFFFFFFFFFFFFFFFFFFFD9
:20272000FFFFFFFFFFFFFFFFFFFFFFFFFFFFFFFFFFFFFFFFFFFFFFFFFFFFFFFFFFFFFFFFB9
:20274000FFFFFFFFFFFFFFFFFFFFFFFFFFFFFFFFFFFFFFFFFFFFFFFFFFFFFFFFFFFFFFFF99
:20276000FFFFFFFFFFFFFFFFFFFFFFFFFFFFFFFFFFFFFFFFFFFFFFFFFFFFFFFFFFFFFFFF79
:20278000FFFFFFFFFFFFFFFFFFFFFFFFFFFFFFFFFFFFFFFFFFFFFFFFFFFFFFFFFFFFFFFF59
:2027A000FFFFFFFFFFFFFFFFFFFFFFFFFFFFFFFFFFFFFFFFFFFFFFFFFFFFFFFFFFFFFFFF39
:2027C000FFFFFFFFFFFFFFFFFFFFFFFFFFFFFFFFFFFFFFFFFFFFFFFFFFFFFFFFFFFFFFFF19
:2027E000FFFFFFFFFFFFFFFFFFFFFFFFFFFFFFFFFFFFFFFFFFFFFFFFFFFFFFFFFFFFFFFFF9
:20280000FFFFFFFFFFFFFFFFFFFFFFFFFFFFFFFFFFFFFFFFFFFFFFFFFFFFFFFFFFFFFFFFD8
:20282000FFFFFFFFFFFFFFFFFFFFFFFFFFFFFFFFFFFFFFFFFFFFFFFFFFFFFFFFFFFFFFFFB8
:20284000FFFFFFFFFFFFFFFFFFFFFFFFFFFFFFFFFFFFFFFFFFFFFFFFFFFFFFFFFFFFFFFF98
:20286000FFFFFFFFFFFFFFFFFFFFFFFFFFFFFFFFFFFFFFFFFFFFFFFFFFFFFFFFFFFFFFFF78
:20288000FFFFFFFFFFFFFFFFFFFFFFFFFFFFFFFFFFFFFFFFFFFFFFFFFFFFFFFFFFFFFFFF58
:2028A000FFFFFFFFFFFFFFFFFFFFFFFFFFFFFFFFFFFFFFFFFFFFFFFFFFFFFFFFFFFFFFFF38
:2028C000FFFFFFFFFFFFFFFFFFFFFFFFFFFFFFFFFFFFFFFFFFFFFFFFFFFFFFFFFFFFFFFF18
:2028E000FFFFFFFFFFFFFFFFFFFFFFFFFFFFFFFFFFFFFFFFFFFFFFFFFFFFFFFFFFFFFFFFF8
:20290000FFFFFFFFFFFFFFFFFFFFFFFFFFFFFFFFFFFFFFFFFFFFFFFFFFFFFFFFFFFFFFFFD7
:20292000FFFFFFFFFFFFFFFFFFFFFFFFFFFFFFFFFFFFFFFFFFFFFFFFFFFFFFFFFFFFFFFFB7
:20294000FFFFFFFFFFFFFFFFFFFFFFFFFFFFFFFFFFFFFFFFFFFFFFFFFFFFFFFFFFFFFFFF97
:20296000FFFFFFFFFFFFFFFFFFFFFFFFFFFFFFFFFFFFFFFFFFFFFFFFFFFFFFFFFFFFFFFF77
:20298000FFFFFFFFFFFFFFFFFFFFFFFFFFFFFFFFFFFFFFFFFFFFFFFFFFFFFFFFFFFFFFFF57
:2029A000FFFFFFFFFFFFFFFFFFFFFFFFFFFFFFFFFFFFFFFFFFFFFFFFFFFFFFFFFFFFFFFF37
:2029C000FFFFFFFFFFFFFFFFFFFFFFFFFFFFFFFFFFFFFFFFFFFFFFFFFFFFFFFFFFFFFFFF17
:2029E000FFFFFFFFFFFFFFFFFFFFFFFFFFFFFFFFFFFFFFFFFFFFFFFFFFFFFFFFFFFFFFFFF7
:202A0000FFFFFFFFFFFFFFFFFFFFFFFFFFFFFFFFFFFFFFFFFFFFFFFFFFFFFFFFFFFFFFFFD6
:202A2000FFFFFFFFFFFFFFFFFFFFFFFFFFFFFFFFFFFFFFFFFFFFFFFFFFFFFFFFFFFFFFFFB6
:202A4000FFFFFFFFFFFFFFFFFFFFFFFFFFFFFFFFFFFFFFFFFFFFFFFFFFFFFFFFFFFFFFFF96
:202A6000FFFFFFFFFFFFFFFFFFFFFFFFFFFFFFFFFFFFFFFFFFFFFFFFFFFFFFFFFFFFFFFF76
:202A8000FFFFFFFFFFFFFFFFFFFFFFFFFFFFFFFFFFFFFFFFFFFFFFFFFFFFFFFFFFFFFFFF56
:202AA000FFFFFFFFFFFFFFFFFFFFFFFFFFFFFFFFFFFFFFFFFFFFFFFFFFFFFFFFFFFFFFFF36
:202AC000FFFFFFFFFFFFFFFFFFFFFFFFFFFFFFFFFFFFFFFFFFFFFFFFFFFFFFFFFFFFFFFF16
:202AE000FFFFFFFFFFFFFFFFFFFFFFFFFFFFFFFFFFFFFFFFFFFFFFFFFFFFFFFFFFFFFFFFF6
:202B0000FFFFFFFFFFFFFFFFFFFFFFFFFFFFFFFFFFFFFFFFFFFFFFFFFFFFFFFFFFFFFFFFD5
:202B2000FFFFFFFFFFFFFFFFFFFFFFFFFFFFFFFFFFFFFFFFFFFFFFFFFFFFFFFFFFFFFFFFB5
:202B4000FFFFFFFFFFFFFFFFFFFFFFFFFFFFFFFFFFFFFFFFFFFFFFFFFFFFFFFFFFFFFFFF95
:202B6000FFFFFFFFFFFFFFFFFFFFFFFFFFFFFFFFFFFFFFFFFFFFFFFFFFFFFFFFFFFFFFFF75
:202B8000FFFFFFFFFFFFFFFFFFFFFFFFFFFFFFFFFFFFFFFFFFFFFFFFFFFFFFFFFFFFFFFF55
:202BA000FFFFFFFFFFFFFFFFFFFFFFFFFFFFFFFFFFFFFFFFFFFFFFFFFFFFFFFFFFFFFFFF35
:202BC000FFFFFFFFFFFFFFFFFFFFFFFFFFFFFFFFFFFFFFFFFFFFFFFFFFFFFFFFFFFFFFFF15
:202BE000FFFFFFFFFFFFFFFFFFFFFFFFFFFFFFFFFFFFFFFFFFFFFFFFFFFFFFFFFFFFFFFFF5
:202C0000FFFFFFFFFFFFFFFFFFFFFFFFFFFFFFFFFFFFFFFFFFFFFFFFFFFFFFFFFFFFFFFFD4
:202C2000FFFFFFFFFFFFFFFFFFFFFFFFFFFFFFFFFFFFFFFFFFFFFFFFFFFFFFFFFFFFFFFFB4
:202C4000FFFFFFFFFFFFFFFFFFFFFFFFFFFFFFFFFFFFFFFFFFFFFFFFFFFFFFFFFFFFFFFF94
:202C6000FFFFFFFFFFFFFFFFFFFFFFFFFFFFFFFFFFFFFFFFFFFFFFFFFFFFFFFFFFFFFFFF74
:202C8000FFFFFFFFFFFFFFFFFFFFFFFFFFFFFFFFFFFFFFFFFFFFFFFFFFFFFFFFFFFFFFFF54
:202CA000FFFFFFFFFFFFFFFFFFFFFFFFFFFFFFFFFFFFFFFFFFFFFFFFFFFFFFFFFFFFFFFF34
:202CC000FFFFFFFFFFFFFFFFFFFFFFFFFFFFFFFFFFFFFFFFFFFFFFFFFFFFFFFFFFFFFFFF14
:202CE000FFFFFFFFFFFFFFFFFFFFFFFFFFFFFFFFFFFFFFFFFFFFFFFFFFFFFFFFFFFFFFFFF4
:202D0000FFFFFFFFFFFFFFFFFFFFFFFFFFFFFFFFFFFFFFFFFFFFFFFFFFFFFFFFFFFFFFFFD3
:202D2000FFFFFFFFFFFFFFFFFFFFFFFFFFFFFFFFFFFFFFFFFFFFFFFFFFFFFFFFFFFFFFFFB3
:202D4000FFFFFFFFFFFFFFFFFFFFFFFFFFFFFFFFFFFFFFFFFFFFFFFFFFFFFFFFFFFFFFFF93
:202D6000FFFFFFFFFFFFFFFFFFFFFFFFFFFFFFFFFFFFFFFFFFFFFFFFFFFFFFFFFFFFFFFF73
:202D8000FFFFFFFFFFFFFFFFFFFFFFFFFFFFFFFFFFFFFFFFFFFFFFFFFFFFFFFFFFFFFFFF53
:202DA000FFFFFFFFFFFFFFFFFFFFFFFFFFFFFFFFFFFFFFFFFFFFFFFFFFFFFFFFFFFFFFFF33
:202DC000FFFFFFFFFFFFFFFFFFFFFFFFFFFFFFFFFFFFFFFFFFFFFFFFFFFFFFFFFFFFFFFF13
:202DE000FFFFFFFFFFFFFFFFFFFFFFFFFFFFFFFFFFFFFFFFFFFFFFFFFFFFFFFFFFFFFFFFF3
:202E0000FFFFFFFFFFFFFFFFFFFFFFFFFFFFFFFFFFFFFFFFFFFFFFFFFFFFFFFFFFFFFFFFD2
:202E2000FFFFFFFFFFFFFFFFFFFFFFFFFFFFFFFFFFFFFFFFFFFFFFFFFFFFFFFFFFFFFFFFB2
:202E4000FFFFFFFFFFFFFFFFFFFFFFFFFFFFFFFFFFFFFFFFFFFFFFFFFFFFFFFFFFFFFFFF92
:202E6000FFFFFFFFFFFFFFFFFFFFFFFFFFFFFFFFFFFFFFFFFFFFFFFFFFFFFFFFFFFFFFFF72
:202E8000FFFFFFFFFFFFFFFFFFFFFFFFFFFFFFFFFFFFFFFFFFFFFFFFFFFFFFFFFFFFFFFF52
:202EA000FFFFFFFFFFFFFFFFFFFFFFFFFFFFFFFFFFFFFFFFFFFFFFFFFFFFFFFFFFFFFFFF32
:202EC000FFFFFFFFFFFFFFFFFFFFFFFFFFFFFFFFFFFFFFFFFFFFFFFFFFFFFFFFFFFFFFFF12
:202EE000FFFFFFFFFFFFFFFFFFFFFFFFFFFFFFFFFFFFFFFFFFFFFFFFFFFFFFFFFFFFFFFFF2
:202F0000FFFFFFFFFFFFFFFFFFFFFFFFFFFFFFFFFFFFFFFFFFFFFFFFFFFFFFFFFFFFFFFFD1
:202F2000FFFFFFFFFFFFFFFFFFFFFFFFFFFFFFFFFFFFFFFFFFFFFFFFFFFFFFFFFFFFFFFFB1
:202F4000FFFFFFFFFFFFFFFFFFFFFFFFFFFFFFFFFFFFFFFFFFFFFFFFFFFFFFFFFFFFFFFF91
:202F6000FFFFFFFFFFFFFFFFFFFFFFFFFFFFFFFFFFFFFFFFFFFFFFFFFFFFFFFFFFFFFFFF71
:202F8000FFFFFFFFFFFFFFFFFFFFFFFFFFFFFFFFFFFFFFFFFFFFFFFFFFFFFFFFFFFFFFFF51
:202FA000FFFFFFFFFFFFFFFFFFFFFFFFFFFFFFFFFFFFFFFFFFFFFFFFFFFFFFFFFFFFFFFF31
:202FC000FFFFFFFFFFFFFFFFFFFFFFFFFFFFFFFFFFFFFFFFFFFFFFFFFFFFFFFFFFFFFFFF11
:202FE000FFFFFFFFFFFFFFFFFFFFFFFFFFFFFFFFFFFFFFFFFFFFFFFFFFFFFFFFFFFFFFFFF1
:20300000FFFFFFFFFFFFFFFFFFFFFFFFFFFFFFFFFFFFFFFFFFFFFFFFFFFFFFFFFFFFFFFFD0
:20302000FFFFFFFFFFFFFFFFFFFFFFFFFFFFFFFFFFFFFFFFFFFFFFFFFFFFFFFFFFFFFFFFB0
:20304000FFFFFFFFFFFFFFFFFFFFFFFFFFFFFFFFFFFFFFFFFFFFFFFFFFFFFFFFFFFFFFFF90
:20306000FFFFFFFFFFFFFFFFFFFFFFFFFFFFFFFFFFFFFFFFFFFFFFFFFFFFFFFFFFFFFFFF70
:20308000FFFFFFFFFFFFFFFFFFFFFFFFFFFFFFFFFFFFFFFFFFFFFFFFFFFFFFFFFFFFFFFF50
:2030A000FFFFFFFFFFFFFFFFFFFFFFFFFFFFFFFFFFFFFFFFFFFFFFFFFFFFFFFFFFFFFFFF30
:2030C000FFFFFFFFFFFFFFFFFFFFFFFFFFFFFFFFFFFFFFFFFFFFFFFFFFFFFFFFFFFFFFFF10
:2030E000FFFFFFFFFFFFFFFFFFFFFFFFFFFFFFFFFFFFFFFFFFFFFFFFFFFFFFFFFFFFFFFFF0
:20310000FFFFFFFFFFFFFFFFFFFFFFFFFFFFFFFFFFFFFFFFFFFFFFFFFFFFFFFFFFFFFFFFCF
:20312000FFFFFFFFFFFFFFFFFFFFFFFFFFFFFFFFFFFFFFFFFFFFFFFFFFFFFFFFFFFFFFFFAF
:20314000FFFFFFFFFFFFFFFFFFFFFFFFFFFFFFFFFFFFFFFFFFFFFFFFFFFFFFFFFFFFFFFF8F
:20316000FFFFFFFFFFFFFFFFFFFFFFFFFFFFFFFFFFFFFFFFFFFFFFFFFFFFFFFFFFFFFFFF6F
:20318000FFFFFFFFFFFFFFFFFFFFFFFFFFFFFFFFFFFFFFFFFFFFFFFFFFFFFFFFFFFFFFFF4F
:2031A000FFFFFFFFFFFFFFFFFFFFFFFFFFFFFFFFFFFFFFFFFFFFFFFFFFFFFFFFFFFFFFFF2F
:2031C000FFFFFFFFFFFFFFFFFFFFFFFFFFFFFFFFFFFFFFFFFFFFFFFFFFFFFFFFFFFFFFFF0F
:2031E000FFFFFFFFFFFFFFFFFFFFFFFFFFFFFFFFFFFFFFFFFFFFFFFFFFFFFFFFFFFFFFFFEF
:20320000FFFFFFFFFFFFFFFFFFFFFFFFFFFFFFFFFFFFFFFFFFFFFFFFFFFFFFFFFFFFFFFFCE
:20322000FFFFFFFFFFFFFFFFFFFFFFFFFFFFFFFFFFFFFFFFFFFFFFFFFFFFFFFFFFFFFFFFAE
:20324000FFFFFFFFFFFFFFFFFFFFFFFFFFFFFFFFFFFFFFFFFFFFFFFFFFFFFFFFFFFFFFFF8E
:20326000FFFFFFFFFFFFFFFFFFFFFFFFFFFFFFFFFFFFFFFFFFFFFFFFFFFFFFFFFFFFFFFF6E
:20328000FFFFFFFFFFFFFFFFFFFFFFFFFFFFFFFFFFFFFFFFFFFFFFFFFFFFFFFFFFFFFFFF4E
:2032A000FFFFFFFFFFFFFFFFFFFFFFFFFFFFFFFFFFFFFFFFFFFFFFFFFFFFFFFFFFFFFFFF2E
:2032C000FFFFFFFFFFFFFFFFFFFFFFFFFFFFFFFFFFFFFFFFFFFFFFFFFFFFFFFFFFFFFFFF0E
:2032E000FFFFFFFFFFFFFFFFFFFFFFFFFFFFFFFFFFFFFFFFFFFFFFFFFFFFFFFFFFFFFFFFEE
:20330000FFFFFFFFFFFFFFFFFFFFFFFFFFFFFFFFFFFFFFFFFFFFFFFFFFFFFFFFFFFFFFFFCD
:20332000FFFFFFFFFFFFFFFFFFFFFFFFFFFFFFFFFFFFFFFFFFFFFFFFFFFFFFFFFFFFFFFFAD
:20334000FFFFFFFFFFFFFFFFFFFFFFFFFFFFFFFFFFFFFFFFFFFFFFFFFFFFFFFFFFFFFFFF8D
:20336000FFFFFFFFFFFFFFFFFFFFFFFFFFFFFFFFFFFFFFFFFFFFFFFFFFFFFFFFFFFFFFFF6D
:20338000FFFFFFFFFFFFFFFFFFFFFFFFFFFFFFFFFFFFFFFFFFFFFFFFFFFFFFFFFFFFFFFF4D
:2033A000FFFFFFFFFFFFFFFFFFFFFFFFFFFFFFFFFFFFFFFFFFFFFFFFFFFFFFFFFFFFFFFF2D
:2033C000FFFFFFFFFFFFFFFFFFFFFFFFFFFFFFFFFFFFFFFFFFFFFFFFFFFFFFFFFFFFFFFF0D
:2033E000FFFFFFFFFFFFFFFFFFFFFFFFFFFFFFFFFFFFFFFFFFFFFFFFFFFFFFFFFFFFFFFFED
:20340000FFFFFFFFFFFFFFFFFFFFFFFFFFFFFFFFFFFFFFFFFFFFFFFFFFFFFFFFFFFFFFFFCC
:20342000FFFFFFFFFFFFFFFFFFFFFFFFFFFFFFFFFFFFFFFFFFFFFFFFFFFFFFFFFFFFFFFFAC
:20344000FFFFFFFFFFFFFFFFFFFFFFFFFFFFFFFFFFFFFFFFFFFFFFFFFFFFFFFFFFFFFFFF8C
:20346000FFFFFFFFFFFFFFFFFFFFFFFFFFFFFFFFFFFFFFFFFFFFFFFFFFFFFFFFFFFFFFFF6C
:20348000FFFFFFFFFFFFFFFFFFFFFFFFFFFFFFFFFFFFFFFFFFFFFFFFFFFFFFFFFFFFFFFF4C
:2034A000FFFFFFFFFFFFFFFFFFFFFFFFFFFFFFFFFFFFFFFFFFFFFFFFFFFFFFFFFFFFFFFF2C
:2034C000FFFFFFFFFFFFFFFFFFFFFFFFFFFFFFFFFFFFFFFFFFFFFFFFFFFFFFFFFFFFFFFF0C
:2034E000FFFFFFFFFFFFFFFFFFFFFFFFFFFFFFFFFFFFFFFFFFFFFFFFFFFFFFFFFFFFFFFFEC
:20350000FFFFFFFFFFFFFFFFFFFFFFFFFFFFFFFFFFFFFFFFFFFFFFFFFFFFFFFFFFFFFFFFCB
:20352000FFFFFFFFFFFFFFFFFFFFFFFFFFFFFFFFFFFFFFFFFFFFFFFFFFFFFFFFFFFFFFFFAB
:20354000FFFFFFFFFFFFFFFFFFFFFFFFFFFFFFFFFFFFFFFFFFFFFFFFFFFFFFFFFFFFFFFF8B
:20356000FFFFFFFFFFFFFFFFFFFFFFFFFFFFFFFFFFFFFFFFFFFFFFFFFFFFFFFFFFFFFFFF6B
:20358000FFFFFFFFFFFFFFFFFFFFFFFFFFFFFFFFFFFFFFFFFFFFFFFFFFFFFFFFFFFFFFFF4B
:2035A000FFFFFFFFFFFFFFFFFFFFFFFFFFFFFFFFFFFFFFFFFFFFFFFFFFFFFFFFFFFFFFFF2B
:2035C000FFFFFFFFFFFFFFFFFFFFFFFFFFFFFFFFFFFFFFFFFFFFFFFFFFFFFFFFFFFFFFFF0B
:2035E000FFFFFFFFFFFFFFFFFFFFFFFFFFFFFFFFFFFFFFFFFFFFFFFFFFFFFFFFFFFFFFFFEB
:20360000FFFFFFFFFFFFFFFFFFFFFFFFFFFFFFFFFFFFFFFFFFFFFFFFFFFFFFFFFFFFFFFFCA
:20362000FFFFFFFFFFFFFFFFFFFFFFFFFFFFFFFFFFFFFFFFFFFFFFFFFFFFFFFFFFFFFFFFAA
:20364000FFFFFFFFFFFFFFFFFFFFFFFFFFFFFFFFFFFFFFFFFFFFFFFFFFFFFFFFFFFFFFFF8A
:20366000FFFFFFFFFFFFFFFFFFFFFFFFFFFFFFFFFFFFFFFFFFFFFFFFFFFFFFFFFFFFFFFF6A
:20368000FFFFFFFFFFFFFFFFFFFFFFFFFFFFFFFFFFFFFFFFFFFFFFFFFFFFFFFFFFFFFFFF4A
:2036A000FFFFFFFFFFFFFFFFFFFFFFFFFFFFFFFFFFFFFFFFFFFFFFFFFFFFFFFFFFFFFFFF2A
:2036C000FFFFFFFFFFFFFFFFFFFFFFFFFFFFFFFFFFFFFFFFFFFFFFFFFFFFFFFFFFFFFFFF0A
:2036E000FFFFFFFFFFFFFFFFFFFFFFFFFFFFFFFFFFFFFFFFFFFFFFFFFFFFFFFFFFFFFFFFEA
:20370000FFFFFFFFFFFFFFFFFFFFFFFFFFFFFFFFFFFFFFFFFFFFFFFFFFFFFFFFFFFFFFFFC9
:20372000FFFFFFFFFFFFFFFFFFFFFFFFFFFFFFFFFFFFFFFFFFFFFFFFFFFFFFFFFFFFFFFFA9
:20374000FFFFFFFFFFFFFFFFFFFFFFFFFFFFFFFFFFFFFFFFFFFFFFFFFFFFFFFFFFFFFFFF89
:20376000FFFFFFFFFFFFFFFFFFFFFFFFFFFFFFFFFFFFFFFFFFFFFFFFFFFFFFFFFFFFFFFF69
:20378000FFFFFFFFFFFFFFFFFFFFFFFFFFFFFFFFFFFFFFFFFFFFFFFFFFFFFFFFFFFFFFFF49
:2037A000FFFFFFFFFFFFFFFFFFFFFFFFFFFFFFFFFFFFFFFFFFFFFFFFFFFFFFFFFFFFFFFF29
:2037C000FFFFFFFFFFFFFFFFFFFFFFFFFFFFFFFFFFFFFFFFFFFFFFFFFFFFFFFFFFFFFFFF09
:2037E000FFFFFFFFFFFFFFFFFFFFFFFFFFFFFFFFFFFFFFFFFFFFFFFFFFFFFFFFFFFFFFFFE9
:20380000FFFFFFFFFFFFFFFFFFFFFFFFFFFFFFFFFFFFFFFFFFFFFFFFFFFFFFFFFFFFFFFFC8
:20382000FFFFFFFFFFFFFFFFFFFFFFFFFFFFFFFFFFFFFFFFFFFFFFFFFFFFFFFFFFFFFFFFA8
:20384000FFFFFFFFFFFFFFFFFFFFFFFFFFFFFFFFFFFFFFFFFFFFFFFFFFFFFFFFFFFFFFFF88
:20386000FFFFFFFFFFFFFFFFFFFFFFFFFFFFFFFFFFFFFFFFFFFFFFFFFFFFFFFFFFFFFFFF68
:20388000FFFFFFFFFFFFFFFFFFFFFFFFFFFFFFFFFFFFFFFFFFFFFFFFFFFFFFFFFFFFFFFF48
:2038A000FFFFFFFFFFFFFFFFFFFFFFFFFFFFFFFFFFFFFFFFFFFFFFFFFFFFFFFFFFFFFFFF28
:2038C000FFFFFFFFFFFFFFFFFFFFFFFFFFFFFFFFFFFFFFFFFFFFFFFFFFFFFFFFFFFFFFFF08
:2038E000FFFFFFFFFFFFFFFFFFFFFFFFFFFFFFFFFFFFFFFFFFFFFFFFFFFFFFFFFFFFFFFFE8
:20390000FFFFFFFFFFFFFFFFFFFFFFFFFFFFFFFFFFFFFFFFFFFFFFFFFFFFFFFFFFFFFFFFC7
:20392000FFFFFFFFFFFFFFFFFFFFFFFFFFFFFFFFFFFFFFFFFFFFFFFFFFFFFFFFFFFFFFFFA7
:20394000FFFFFFFFFFFFFFFFFFFFFFFFFFFFFFFFFFFFFFFFFFFFFFFFFFFFFFFFFFFFFFFF87
:20396000FFFFFFFFFFFFFFFFFFFFFFFFFFFFFFFFFFFFFFFFFFFFFFFFFFFFFFFFFFFFFFFF67
:20398000FFFFFFFFFFFFFFFFFFFFFFFFFFFFFFFFFFFFFFFFFFFFFFFFFFFFFFFFFFFFFFFF47
:2039A000FFFFFFFFFFFFFFFFFFFFFFFFFFFFFFFFFFFFFFFFFFFFFFFFFFFFFFFFFFFFFFFF27
:2039C000FFFFFFFFFFFFFFFFFFFFFFFFFFFFFFFFFFFFFFFFFFFFFFFFFFFFFFFFFFFFFFFF07
:2039E000FFFFFFFFFFFFFFFFFFFFFFFFFFFFFFFFFFFFFFFFFFFFFFFFFFFFFFFFFFFFFFFFE7
:203A0000FFFFFFFFFFFFFFFFFFFFFFFFFFFFFFFFFFFFFFFFFFFFFFFFFFFFFFFFFFFFFFFFC6
:203A2000FFFFFFFFFFFFFFFFFFFFFFFFFFFFFFFFFFFFFFFFFFFFFFFFFFFFFFFFFFFFFFFFA6
:203A4000FFFFFFFFFFFFFFFFFFFFFFFFFFFFFFFFFFFFFFFFFFFFFFFFFFFFFFFFFFFFFFFF86
:203A6000FFFFFFFFFFFFFFFFFFFFFFFFFFFFFFFFFFFFFFFFFFFFFFFFFFFFFFFFFFFFFFFF66
:203A8000FFFFFFFFFFFFFFFFFFFFFFFFFFFFFFFFFFFFFFFFFFFFFFFFFFFFFFFFFFFFFFFF46
:203AA000FFFFFFFFFFFFFFFFFFFFFFFFFFFFFFFFFFFFFFFFFFFFFFFFFFFFFFFFFFFFFFFF26
:203AC000FFFFFFFFFFFFFFFFFFFFFFFFFFFFFFFFFFFFFFFFFFFFFFFFFFFFFFFFFFFFFFFF06
:203AE000FFFFFFFFFFFFFFFFFFFFFFFFFFFFFFFFFFFFFFFFFFFFFFFFFFFFFFFFFFFFFFFFE6
:203B0000FFFFFFFFFFFFFFFFFFFFFFFFFFFFFFFFFFFFFFFFFFFFFFFFFFFFFFFFFFFFFFFFC5
:203B2000FFFFFFFFFFFFFFFFFFFFFFFFFFFFFFFFFFFFFFFFFFFFFFFFFFFFFFFFFFFFFFFFA5
:203B4000FFFFFFFFFFFFFFFFFFFFFFFFFFFFFFFFFFFFFFFFFFFFFFFFFFFFFFFFFFFFFFFF85
:203B6000FFFFFFFFFFFFFFFFFFFFFFFFFFFFFFFFFFFFFFFFFFFFFFFFFFFFFFFFFFFFFFFF65
:203B8000FFFFFFFFFFFFFFFFFFFFFFFFFFFFFFFFFFFFFFFFFFFFFFFFFFFFFFFFFFFFFFFF45
:203BA000FFFFFFFFFFFFFFFFFFFFFFFFFFFFFFFFFFFFFFFFFFFFFFFFFFFFFFFFFFFFFFFF25
:203BC000FFFFFFFFFFFFFFFFFFFFFFFFFFFFFFFFFFFFFFFFFFFFFFFFFFFFFFFFFFFFFFFF05
:203BE000FFFFFFFFFFFFFFFFFFFFFFFFFFFFFFFFFFFFFFFFFFFFFFFFFFFFFFFFFFFFFFFFE5
:203C0000FFFFFFFFFFFFFFFFFFFFFFFFFFFFFFFFFFFFFFFFFFFFFFFFFFFFFFFFFFFFFFFFC4
:203C2000FFFFFFFFFFFFFFFFFFFFFFFFFFFFFFFFFFFFFFFFFFFFFFFFFFFFFFFFFFFFFFFFA4
:203C4000FFFFFFFFFFFFFFFFFFFFFFFFFFFFFFFFFFFFFFFFFFFFFFFFFFFFFFFFFFFFFFFF84
:203C6000FFFFFFFFFFFFFFFFFFFFFFFFFFFFFFFFFFFFFFFFFFFFFFFFFFFFFFFFFFFFFFFF64
:203C8000FFFFFFFFFFFFFFFFFFFFFFFFFFFFFFFFFFFFFFFFFFFFFFFFFFFFFFFFFFFFFFFF44
:203CA000FFFFFFFFFFFFFFFFFFFFFFFFFFFFFFFFFFFFFFFFFFFFFFFFFFFFFFFFFFFFFFFF24
:203CC000FFFFFFFFFFFFFFFFFFFFFFFFFFFFFFFFFFFFFFFFFFFFFFFFFFFFFFFFFFFFFFFF04
:203CE000FFFFFFFFFFFFFFFFFFFFFFFFFFFFFFFFFFFFFFFFFFFFFFFFFFFFFFFFFFFFFFFFE4
:203D0000FFFFFFFFFFFFFFFFFFFFFFFFFFFFFFFFFFFFFFFFFFFFFFFFFFFFFFFFFFFFFFFFC3
:203D2000FFFFFFFFFFFFFFFFFFFFFFFFFFFFFFFFFFFFFFFFFFFFFFFFFFFFFFFFFFFFFFFFA3
:203D4000FFFFFFFFFFFFFFFFFFFFFFFFFFFFFFFFFFFFFFFFFFFFFFFFFFFFFFFFFFFFFFFF83
:203D6000FFFFFFFFFFFFFFFFFFFFFFFFFFFFFFFFFFFFFFFFFFFFFFFFFFFFFFFFFFFFFFFF63
:203D8000FFFFFFFFFFFFFFFFFFFFFFFFFFFFFFFFFFFFFFFFFFFFFFFFFFFFFFFFFFFFFFFF43
:203DA000FFFFFFFFFFFFFFFFFFFFFFFFFFFFFFFFFFFFFFFFFFFFFFFFFFFFFFFFFFFFFFFF23
:203DC000FFFFFFFFFFFFFFFFFFFFFFFFFFFFFFFFFFFFFFFFFFFFFFFFFFFFFFFFFFFFFFFF03
:203DE000FFFFFFFFFFFFFFFFFFFFFFFFFFFFFFFFFFFFFFFFFFFFFFFFFFFFFFFFFFFFFFFFE3
:203E0000FFFFFFFFFFFFFFFFFFFFFFFFFFFFFFFFFFFFFFFFFFFFFFFFFFFFFFFFFFFFFFFFC2
:203E2000FFFFFFFFFFFFFFFFFFFFFFFFFFFFFFFFFFFFFFFFFFFFFFFFFFFFFFFFFFFFFFFFA2
:203E4000FFFFFFFFFFFFFFFFFFFFFFFFFFFFFFFFFFFFFFFFFFFFFFFFFFFFFFFFFFFFFFFF82
:203E6000FFFFFFFFFFFFFFFFFFFFFFFFFFFFFFFFFFFFFFFFFFFFFFFFFFFFFFFFFFFFFFFF62
:203E8000FFFFFFFFFFFFFFFFFFFFFFFFFFFFFFFFFFFFFFFFFFFFFFFFFFFFFFFFFFFFFFFF42
:203EA000FFFFFFFFFFFFFFFFFFFFFFFFFFFFFFFFFFFFFFFFFFFFFFFFFFFFFFFFFFFFFFFF22
:203EC000FFFFFFFFFFFFFFFFFFFFFFFFFFFFFFFFFFFFFFFFFFFFFFFFFFFFFFFFFFFFFFFF02
:203EE000FFFFFFFFFFFFFFFFFFFFFFFFFFFFFFFFFFFFFFFFFFFFFFFFFFFFFFFFFFFFFFFFE2
:203F0000FFFFFFFFFFFFFFFFFFFFFFFFFFFFFFFFFFFFFFFFFFFFFFFFFFFFFFFFFFFFFFFFC1
:203F2000FFFFFFFFFFFFFFFFFFFFFFFFFFFFFFFFFFFFFFFFFFFFFFFFFFFFFFFFFFFFFFFFA1
:203F4000FFFFFFFFFFFFFFFFFFFFFFFFFFFFFFFFFFFFFFFFFFFFFFFFFFFFFFFFFFFFFFFF81
:203F6000FFFFFFFFFFFFFFFFFFFFFFFFFFFFFFFFFFFFFFFFFFFFFFFFFFFFFFFFFFFFFFFF61
:203F8000FFFFFFFFFFFFFFFFFFFFFFFFFFFFFFFFFFFFFFFFFFFFFFFFFFFFFFFFFFFFFFFF41
:203FA000FFFFFFFFFFFFFFFFFFFFFFFFFFFFFFFFFFFFFFFFFFFFFFFFFFFFFFFFFFFFFFFF21
:203FC000FFFFFFFFFFFFFFFFFFFFFFFFFFFFFFFFFFFFFFFFFFFFFFFFFFFFFFFFFFFFFFFF01
:203FE000FFFFFFFFFFFFFFFFFFFFFFFFFFFFFFFFFFFFFFFFFFFFFFFFFFFFFFFFFFFFFFFFE1
:20400000FFFFFFFFFFFFFFFFFFFFFFFFFFFFFFFFFFFFFFFFFFFFFFFFFFFFFFFFFFFFFFFFC0
:20402000FFFFFFFFFFFFFFFFFFFFFFFFFFFFFFFFFFFFFFFFFFFFFFFFFFFFFFFFFFFFFFFFA0
:20404000FFFFFFFFFFFFFFFFFFFFFFFFFFFFFFFFFFFFFFFFFFFFFFFFFFFFFFFFFFFFFFFF80
:20406000FFFFFFFFFFFFFFFFFFFFFFFFFFFFFFFFFFFFFFFFFFFFFFFFFFFFFFFFFFFFFFFF60
:20408000FFFFFFFFFFFFFFFFFFFFFFFFFFFFFFFFFFFFFFFFFFFFFFFFFFFFFFFFFFFFFFFF40
:2040A000FFFFFFFFFFFFFFFFFFFFFFFFFFFFFFFFFFFFFFFFFFFFFFFFFFFFFFFFFFFFFFFF20
:2040C000FFFFFFFFFFFFFFFFFFFFFFFFFFFFFFFFFFFFFFFFFFFFFFFFFFFFFFFFFFFFFFFF00
:2040E000FFFFFFFFFFFFFFFFFFFFFFFFFFFFFFFFFFFFFFFFFFFFFFFFFFFFFFFFFFFFFFFFE0
:20410000FFFFFFFFFFFFFFFFFFFFFFFFFFFFFFFFFFFFFFFFFFFFFFFFFFFFFFFFFFFFFFFFBF
:20412000FFFFFFFFFFFFFFFFFFFFFFFFFFFFFFFFFFFFFFFFFFFFFFFFFFFFFFFFFFFFFFFF9F
:20414000FFFFFFFFFFFFFFFFFFFFFFFFFFFFFFFFFFFFFFFFFFFFFFFFFFFFFFFFFFFFFFFF7F
:20416000FFFFFFFFFFFFFFFFFFFFFFFFFFFFFFFFFFFFFFFFFFFFFFFFFFFFFFFFFFFFFFFF5F
:20418000FFFFFFFFFFFFFFFFFFFFFFFFFFFFFFFFFFFFFFFFFFFFFFFFFFFFFFFFFFFFFFFF3F
:2041A000FFFFFFFFFFFFFFFFFFFFFFFFFFFFFFFFFFFFFFFFFFFFFFFFFFFFFFFFFFFFFFFF1F
:2041C000FFFFFFFFFFFFFFFFFFFFFFFFFFFFFFFFFFFFFFFFFFFFFFFFFFFFFFFFFFFFFFFFFF
:2041E000FFFFFFFFFFFFFFFFFFFFFFFFFFFFFFFFFFFFFFFFFFFFFFFFFFFFFFFFFFFFFFFFDF
:20420000FFFFFFFFFFFFFFFFFFFFFFFFFFFFFFFFFFFFFFFFFFFFFFFFFFFFFFFFFFFFFFFFBE
:20422000FFFFFFFFFFFFFFFFFFFFFFFFFFFFFFFFFFFFFFFFFFFFFFFFFFFFFFFFFFFFFFFF9E
:20424000FFFFFFFFFFFFFFFFFFFFFFFFFFFFFFFFFFFFFFFFFFFFFFFFFFFFFFFFFFFFFFFF7E
:20426000FFFFFFFFFFFFFFFFFFFFFFFFFFFFFFFFFFFFFFFFFFFFFFFFFFFFFFFFFFFFFFFF5E
:20428000FFFFFFFFFFFFFFFFFFFFFFFFFFFFFFFFFFFFFFFFFFFFFFFFFFFFFFFFFFFFFFFF3E
:2042A000FFFFFFFFFFFFFFFFFFFFFFFFFFFFFFFFFFFFFFFFFFFFFFFFFFFFFFFFFFFFFFFF1E
:2042C000FFFFFFFFFFFFFFFFFFFFFFFFFFFFFFFFFFFFFFFFFFFFFFFFFFFFFFFFFFFFFFFFFE
:2042E000FFFFFFFFFFFFFFFFFFFFFFFFFFFFFFFFFFFFFFFFFFFFFFFFFFFFFFFFFFFFFFFFDE
:20430000FFFFFFFFFFFFFFFFFFFFFFFFFFFFFFFFFFFFFFFFFFFFFFFFFFFFFFFFFFFFFFFFBD
:20432000FFFFFFFFFFFFFFFFFFFFFFFFFFFFFFFFFFFFFFFFFFFFFFFFFFFFFFFFFFFFFFFF9D
:20434000FFFFFFFFFFFFFFFFFFFFFFFFFFFFFFFFFFFFFFFFFFFFFFFFFFFFFFFFFFFFFFFF7D
:20436000FFFFFFFFFFFFFFFFFFFFFFFFFFFFFFFFFFFFFFFFFFFFFFFFFFFFFFFFFFFFFFFF5D
:20438000FFFFFFFFFFFFFFFFFFFFFFFFFFFFFFFFFFFFFFFFFFFFFFFFFFFFFFFFFFFFFFFF3D
:2043A000FFFFFFFFFFFFFFFFFFFFFFFFFFFFFFFFFFFFFFFFFFFFFFFFFFFFFFFFFFFFFFFF1D
:2043C000FFFFFFFFFFFFFFFFFFFFFFFFFFFFFFFFFFFFFFFFFFFFFFFFFFFFFFFFFFFFFFFFFD
:2043E000FFFFFFFFFFFFFFFFFFFFFFFFFFFFFFFFFFFFFFFFFFFFFFFFFFFFFFFFFFFFFFFFDD
:20440000FFFFFFFFFFFFFFFFFFFFFFFFFFFFFFFFFFFFFFFFFFFFFFFFFFFFFFFFFFFFFFFFBC
:20442000FFFFFFFFFFFFFFFFFFFFFFFFFFFFFFFFFFFFFFFFFFFFFFFFFFFFFFFFFFFFFFFF9C
:20444000FFFFFFFFFFFFFFFFFFFFFFFFFFFFFFFFFFFFFFFFFFFFFFFFFFFFFFFFFFFFFFFF7C
:20446000FFFFFFFFFFFFFFFFFFFFFFFFFFFFFFFFFFFFFFFFFFFFFFFFFFFFFFFFFFFFFFFF5C
:20448000FFFFFFFFFFFFFFFFFFFFFFFFFFFFFFFFFFFFFFFFFFFFFFFFFFFFFFFFFFFFFFFF3C
:2044A000FFFFFFFFFFFFFFFFFFFFFFFFFFFFFFFFFFFFFFFFFFFFFFFFFFFFFFFFFFFFFFFF1C
:2044C000FFFFFFFFFFFFFFFFFFFFFFFFFFFFFFFFFFFFFFFFFFFFFFFFFFFFFFFFFFFFFFFFFC
:2044E000FFFFFFFFFFFFFFFFFFFFFFFFFFFFFFFFFFFFFFFFFFFFFFFFFFFFFFFFFFFFFFFFDC
:20450000FFFFFFFFFFFFFFFFFFFFFFFFFFFFFFFFFFFFFFFFFFFFFFFFFFFFFFFFFFFFFFFFBB
:20452000FFFFFFFFFFFFFFFFFFFFFFFFFFFFFFFFFFFFFFFFFFFFFFFFFFFFFFFFFFFFFFFF9B
:20454000FFFFFFFFFFFFFFFFFFFFFFFFFFFFFFFFFFFFFFFFFFFFFFFFFFFFFFFFFFFFFFFF7B
:20456000FFFFFFFFFFFFFFFFFFFFFFFFFFFFFFFFFFFFFFFFFFFFFFFFFFFFFFFFFFFFFFFF5B
:20458000FFFFFFFFFFFFFFFFFFFFFFFFFFFFFFFFFFFFFFFFFFFFFFFFFFFFFFFFFFFFFFFF3B
:2045A000FFFFFFFFFFFFFFFFFFFFFFFFFFFFFFFFFFFFFFFFFFFFFFFFFFFFFFFFFFFFFFFF1B
:2045C000FFFFFFFFFFFFFFFFFFFFFFFFFFFFFFFFFFFFFFFFFFFFFFFFFFFFFFFFFFFFFFFFFB
:2045E000FFFFFFFFFFFFFFFFFFFFFFFFFFFFFFFFFFFFFFFFFFFFFFFFFFFFFFFFFFFFFFFFDB
:20460000FFFFFFFFFFFFFFFFFFFFFFFFFFFFFFFFFFFFFFFFFFFFFFFFFFFFFFFFFFFFFFFFBA
:20462000FFFFFFFFFFFFFFFFFFFFFFFFFFFFFFFFFFFFFFFFFFFFFFFFFFFFFFFFFFFFFFFF9A
:20464000FFFFFFFFFFFFFFFFFFFFFFFFFFFFFFFFFFFFFFFFFFFFFFFFFFFFFFFFFFFFFFFF7A
:20466000FFFFFFFFFFFFFFFFFFFFFFFFFFFFFFFFFFFFFFFFFFFFFFFFFFFFFFFFFFFFFFFF5A
:20468000FFFFFFFFFFFFFFFFFFFFFFFFFFFFFFFFFFFFFFFFFFFFFFFFFFFFFFFFFFFFFFFF3A
:2046A000FFFFFFFFFFFFFFFFFFFFFFFFFFFFFFFFFFFFFFFFFFFFFFFFFFFFFFFFFFFFFFFF1A
:2046C000FFFFFFFFFFFFFFFFFFFFFFFFFFFFFFFFFFFFFFFFFFFFFFFFFFFFFFFFFFFFFFFFFA
:2046E000FFFFFFFFFFFFFFFFFFFFFFFFFFFFFFFFFFFFFFFFFFFFFFFFFFFFFFFFFFFFFFFFDA
:20470000FFFFFFFFFFFFFFFFFFFFFFFFFFFFFFFFFFFFFFFFFFFFFFFFFFFFFFFFFFFFFFFFB9
:20472000FFFFFFFFFFFFFFFFFFFFFFFFFFFFFFFFFFFFFFFFFFFFFFFFFFFFFFFFFFFFFFFF99
:20474000FFFFFFFFFFFFFFFFFFFFFFFFFFFFFFFFFFFFFFFFFFFFFFFFFFFFFFFFFFFFFFFF79
:20476000FFFFFFFFFFFFFFFFFFFFFFFFFFFFFFFFFFFFFFFFFFFFFFFFFFFFFFFFFFFFFFFF59
:20478000FFFFFFFFFFFFFFFFFFFFFFFFFFFFFFFFFFFFFFFFFFFFFFFFFFFFFFFFFFFFFFFF39
:2047A000FFFFFFFFFFFFFFFFFFFFFFFFFFFFFFFFFFFFFFFFFFFFFFFFFFFFFFFFFFFFFFFF19
:2047C000FFFFFFFFFFFFFFFFFFFFFFFFFFFFFFFFFFFFFFFFFFFFFFFFFFFFFFFFFFFFFFFFF9
:2047E000FFFFFFFFFFFFFFFFFFFFFFFFFFFFFFFFFFFFFFFFFFFFFFFFFFFFFFFFFFFFFFFFD9
:20480000FFFFFFFFFFFFFFFFFFFFFFFFFFFFFFFFFFFFFFFFFFFFFFFFFFFFFFFFFFFFFFFFB8
:20482000FFFFFFFFFFFFFFFFFFFFFFFFFFFFFFFFFFFFFFFFFFFFFFFFFFFFFFFFFFFFFFFF98
:20484000FFFFFFFFFFFFFFFFFFFFFFFFFFFFFFFFFFFFFFFFFFFFFFFFFFFFFFFFFFFFFFFF78
:20486000FFFFFFFFFFFFFFFFFFFFFFFFFFFFFFFFFFFFFFFFFFFFFFFFFFFFFFFFFFFFFFFF58
:20488000FFFFFFFFFFFFFFFFFFFFFFFFFFFFFFFFFFFFFFFFFFFFFFFFFFFFFFFFFFFFFFFF38
:2048A000FFFFFFFFFFFFFFFFFFFFFFFFFFFFFFFFFFFFFFFFFFFFFFFFFFFFFFFFFFFFFFFF18
:2048C000FFFFFFFFFFFFFFFFFFFFFFFFFFFFFFFFFFFFFFFFFFFFFFFFFFFFFFFFFFFFFFFFF8
:2048E000FFFFFFFFFFFFFFFFFFFFFFFFFFFFFFFFFFFFFFFFFFFFFFFFFFFFFFFFFFFFFFFFD8
:20490000FFFFFFFFFFFFFFFFFFFFFFFFFFFFFFFFFFFFFFFFFFFFFFFFFFFFFFFFFFFFFFFFB7
:20492000FFFFFFFFFFFFFFFFFFFFFFFFFFFFFFFFFFFFFFFFFFFFFFFFFFFFFFFFFFFFFFFF97
:20494000FFFFFFFFFFFFFFFFFFFFFFFFFFFFFFFFFFFFFFFFFFFFFFFFFFFFFFFFFFFFFFFF77
:20496000FFFFFFFFFFFFFFFFFFFFFFFFFFFFFFFFFFFFFFFFFFFFFFFFFFFFFFFFFFFFFFFF57
:20498000FFFFFFFFFFFFFFFFFFFFFFFFFFFFFFFFFFFFFFFFFFFFFFFFFFFFFFFFFFFFFFFF37
:2049A000FFFFFFFFFFFFFFFFFFFFFFFFFFFFFFFFFFFFFFFFFFFFFFFFFFFFFFFFFFFFFFFF17
:2049C000FFFFFFFFFFFFFFFFFFFFFFFFFFFFFFFFFFFFFFFFFFFFFFFFFFFFFFFFFFFFFFFFF7
:2049E000FFFFFFFFFFFFFFFFFFFFFFFFFFFFFFFFFFFFFFFFFFFFFFFFFFFFFFFFFFFFFFFFD7
:204A0000FFFFFFFFFFFFFFFFFFFFFFFFFFFFFFFFFFFFFFFFFFFFFFFFFFFFFFFFFFFFFFFFB6
:204A2000FFFFFFFFFFFFFFFFFFFFFFFFFFFFFFFFFFFFFFFFFFFFFFFFFFFFFFFFFFFFFFFF96
:204A4000FFFFFFFFFFFFFFFFFFFFFFFFFFFFFFFFFFFFFFFFFFFFFFFFFFFFFFFFFFFFFFFF76
:204A6000FFFFFFFFFFFFFFFFFFFFFFFFFFFFFFFFFFFFFFFFFFFFFFFFFFFFFFFFFFFFFFFF56
:204A8000FFFFFFFFFFFFFFFFFFFFFFFFFFFFFFFFFFFFFFFFFFFFFFFFFFFFFFFFFFFFFFFF36
:204AA000FFFFFFFFFFFFFFFFFFFFFFFFFFFFFFFFFFFFFFFFFFFFFFFFFFFFFFFFFFFFFFFF16
:204AC000FFFFFFFFFFFFFFFFFFFFFFFFFFFFFFFFFFFFFFFFFFFFFFFFFFFFFFFFFFFFFFFFF6
:204AE000FFFFFFFFFFFFFFFFFFFFFFFFFFFFFFFFFFFFFFFFFFFFFFFFFFFFFFFFFFFFFFFFD6
:204B0000FFFFFFFFFFFFFFFFFFFFFFFFFFFFFFFFFFFFFFFFFFFFFFFFFFFFFFFFFFFFFFFFB5
:204B2000FFFFFFFFFFFFFFFFFFFFFFFFFFFFFFFFFFFFFFFFFFFFFFFFFFFFFFFFFFFFFFFF95
:204B4000FFFFFFFFFFFFFFFFFFFFFFFFFFFFFFFFFFFFFFFFFFFFFFFFFFFFFFFFFFFFFFFF75
:204B6000FFFFFFFFFFFFFFFFFFFFFFFFFFFFFFFFFFFFFFFFFFFFFFFFFFFFFFFFFFFFFFFF55
:204B8000FFFFFFFFFFFFFFFFFFFFFFFFFFFFFFFFFFFFFFFFFFFFFFFFFFFFFFFFFFFFFFFF35
:204BA000FFFFFFFFFFFFFFFFFFFFFFFFFFFFFFFFFFFFFFFFFFFFFFFFFFFFFFFFFFFFFFFF15
:204BC000FFFFFFFFFFFFFFFFFFFFFFFFFFFFFFFFFFFFFFFFFFFFFFFFFFFFFFFFFFFFFFFFF5
:204BE000FFFFFFFFFFFFFFFFFFFFFFFFFFFFFFFFFFFFFFFFFFFFFFFFFFFFFFFFFFFFFFFFD5
:204C0000FFFFFFFFFFFFFFFFFFFFFFFFFFFFFFFFFFFFFFFFFFFFFFFFFFFFFFFFFFFFFFFFB4
:204C2000FFFFFFFFFFFFFFFFFFFFFFFFFFFFFFFFFFFFFFFFFFFFFFFFFFFFFFFFFFFFFFFF94
:204C4000FFFFFFFFFFFFFFFFFFFFFFFFFFFFFFFFFFFFFFFFFFFFFFFFFFFFFFFFFFFFFFFF74
:204C6000FFFFFFFFFFFFFFFFFFFFFFFFFFFFFFFFFFFFFFFFFFFFFFFFFFFFFFFFFFFFFFFF54
:204C8000FFFFFFFFFFFFFFFFFFFFFFFFFFFFFFFFFFFFFFFFFFFFFFFFFFFFFFFFFFFFFFFF34
:204CA000FFFFFFFFFFFFFFFFFFFFFFFFFFFFFFFFFFFFFFFFFFFFFFFFFFFFFFFFFFFFFFFF14
:204CC000FFFFFFFFFFFFFFFFFFFFFFFFFFFFFFFFFFFFFFFFFFFFFFFFFFFFFFFFFFFFFFFFF4
:204CE000FFFFFFFFFFFFFFFFFFFFFFFFFFFFFFFFFFFFFFFFFFFFFFFFFFFFFFFFFFFFFFFFD4
:204D0000FFFFFFFFFFFFFFFFFFFFFFFFFFFFFFFFFFFFFFFFFFFFFFFFFFFFFFFFFFFFFFFFB3
:204D2000FFFFFFFFFFFFFFFFFFFFFFFFFFFFFFFFFFFFFFFFFFFFFFFFFFFFFFFFFFFFFFFF93
:204D4000FFFFFFFFFFFFFFFFFFFFFFFFFFFFFFFFFFFFFFFFFFFFFFFFFFFFFFFFFFFFFFFF73
:204D6000FFFFFFFFFFFFFFFFFFFFFFFFFFFFFFFFFFFFFFFFFFFFFFFFFFFFFFFFFFFFFFFF53
:204D8000FFFFFFFFFFFFFFFFFFFFFFFFFFFFFFFFFFFFFFFFFFFFFFFFFFFFFFFFFFFFFFFF33
:204DA000FFFFFFFFFFFFFFFFFFFFFFFFFFFFFFFFFFFFFFFFFFFFFFFFFFFFFFFFFFFFFFFF13
:204DC000FFFFFFFFFFFFFFFFFFFFFFFFFFFFFFFFFFFFFFFFFFFFFFFFFFFFFFFFFFFFFFFFF3
:204DE000FFFFFFFFFFFFFFFFFFFFFFFFFFFFFFFFFFFFFFFFFFFFFFFFFFFFFFFFFFFFFFFFD3
:204E0000FFFFFFFFFFFFFFFFFFFFFFFFFFFFFFFFFFFFFFFFFFFFFFFFFFFFFFFFFFFFFFFFB2
:204E2000FFFFFFFFFFFFFFFFFFFFFFFFFFFFFFFFFFFFFFFFFFFFFFFFFFFFFFFFFFFFFFFF92
:204E4000FFFFFFFFFFFFFFFFFFFFFFFFFFFFFFFFFFFFFFFFFFFFFFFFFFFFFFFFFFFFFFFF72
:204E6000FFFFFFFFFFFFFFFFFFFFFFFFFFFFFFFFFFFFFFFFFFFFFFFFFFFFFFFFFFFFFFFF52
:204E8000FFFFFFFFFFFFFFFFFFFFFFFFFFFFFFFFFFFFFFFFFFFFFFFFFFFFFFFFFFFFFFFF32
:204EA000FFFFFFFFFFFFFFFFFFFFFFFFFFFFFFFFFFFFFFFFFFFFFFFFFFFFFFFFFFFFFFFF12
:204EC000FFFFFFFFFFFFFFFFFFFFFFFFFFFFFFFFFFFFFFFFFFFFFFFFFFFFFFFFFFFFFFFFF2
:204EE000FFFFFFFFFFFFFFFFFFFFFFFFFFFFFFFFFFFFFFFFFFFFFFFFFFFFFFFFFFFFFFFFD2
:204F0000FFFFFFFFFFFFFFFFFFFFFFFFFFFFFFFFFFFFFFFFFFFFFFFFFFFFFFFFFFFFFFFFB1
:204F2000FFFFFFFFFFFFFFFFFFFFFFFFFFFFFFFFFFFFFFFFFFFFFFFFFFFFFFFFFFFFFFFF91
:204F4000FFFFFFFFFFFFFFFFFFFFFFFFFFFFFFFFFFFFFFFFFFFFFFFFFFFFFFFFFFFFFFFF71
:204F6000FFFFFFFFFFFFFFFFFFFFFFFFFFFFFFFFFFFFFFFFFFFFFFFFFFFFFFFFFFFFFFFF51
:204F8000FFFFFFFFFFFFFFFFFFFFFFFFFFFFFFFFFFFFFFFFFFFFFFFFFFFFFFFFFFFFFFFF31
:204FA000FFFFFFFFFFFFFFFFFFFFFFFFFFFFFFFFFFFFFFFFFFFFFFFFFFFFFFFFFFFFFFFF11
:204FC000FFFFFFFFFFFFFFFFFFFFFFFFFFFFFFFFFFFFFFFFFFFFFFFFFFFFFFFFFFFFFFFFF1
:204FE000FFFFFFFFFFFFFFFFFFFFFFFFFFFFFFFFFFFFFFFFFFFFFFFFFFFFFFFFFFFFFFFFD1
:20500000FFFFFFFFFFFFFFFFFFFFFFFFFFFFFFFFFFFFFFFFFFFFFFFFFFFFFFFFFFFFFFFFB0
:20502000FFFFFFFFFFFFFFFFFFFFFFFFFFFFFFFFFFFFFFFFFFFFFFFFFFFFFFFFFFFFFFFF90
:20504000FFFFFFFFFFFFFFFFFFFFFFFFFFFFFFFFFFFFFFFFFFFFFFFFFFFFFFFFFFFFFFFF70
:20506000FFFFFFFFFFFFFFFFFFFFFFFFFFFFFFFFFFFFFFFFFFFFFFFFFFFFFFFFFFFFFFFF50
:20508000FFFFFFFFFFFFFFFFFFFFFFFFFFFFFFFFFFFFFFFFFFFFFFFFFFFFFFFFFFFFFFFF30
:2050A000FFFFFFFFFFFFFFFFFFFFFFFFFFFFFFFFFFFFFFFFFFFFFFFFFFFFFFFFFFFFFFFF10
:2050C000FFFFFFFFFFFFFFFFFFFFFFFFFFFFFFFFFFFFFFFFFFFFFFFFFFFFFFFFFFFFFFFFF0
:2050E000FFFFFFFFFFFFFFFFFFFFFFFFFFFFFFFFFFFFFFFFFFFFFFFFFFFFFFFFFFFFFFFFD0
:20510000FFFFFFFFFFFFFFFFFFFFFFFFFFFFFFFFFFFFFFFFFFFFFFFFFFFFFFFFFFFFFFFFAF
:20512000FFFFFFFFFFFFFFFFFFFFFFFFFFFFFFFFFFFFFFFFFFFFFFFFFFFFFFFFFFFFFFFF8F
:20514000FFFFFFFFFFFFFFFFFFFFFFFFFFFFFFFFFFFFFFFFFFFFFFFFFFFFFFFFFFFFFFFF6F
:20516000FFFFFFFFFFFFFFFFFFFFFFFFFFFFFFFFFFFFFFFFFFFFFFFFFFFFFFFFFFFFFFFF4F
:20518000FFFFFFFFFFFFFFFFFFFFFFFFFFFFFFFFFFFFFFFFFFFFFFFFFFFFFFFFFFFFFFFF2F
:2051A000FFFFFFFFFFFFFFFFFFFFFFFFFFFFFFFFFFFFFFFFFFFFFFFFFFFFFFFFFFFFFFFF0F
:2051C000FFFFFFFFFFFFFFFFFFFFFFFFFFFFFFFFFFFFFFFFFFFFFFFFFFFFFFFFFFFFFFFFEF
:2051E000FFFFFFFFFFFFFFFFFFFFFFFFFFFFFFFFFFFFFFFFFFFFFFFFFFFFFFFFFFFFFFFFCF
:20520000FFFFFFFFFFFFFFFFFFFFFFFFFFFFFFFFFFFFFFFFFFFFFFFFFFFFFFFFFFFFFFFFAE
:20522000FFFFFFFFFFFFFFFFFFFFFFFFFFFFFFFFFFFFFFFFFFFFFFFFFFFFFFFFFFFFFFFF8E
:20524000FFFFFFFFFFFFFFFFFFFFFFFFFFFFFFFFFFFFFFFFFFFFFFFFFFFFFFFFFFFFFFFF6E
:20526000FFFFFFFFFFFFFFFFFFFFFFFFFFFFFFFFFFFFFFFFFFFFFFFFFFFFFFFFFFFFFFFF4E
:20528000FFFFFFFFFFFFFFFFFFFFFFFFFFFFFFFFFFFFFFFFFFFFFFFFFFFFFFFFFFFFFFFF2E
:2052A000FFFFFFFFFFFFFFFFFFFFFFFFFFFFFFFFFFFFFFFFFFFFFFFFFFFFFFFFFFFFFFFF0E
:2052C000FFFFFFFFFFFFFFFFFFFFFFFFFFFFFFFFFFFFFFFFFFFFFFFFFFFFFFFFFFFFFFFFEE
:2052E000FFFFFFFFFFFFFFFFFFFFFFFFFFFFFFFFFFFFFFFFFFFFFFFFFFFFFFFFFFFFFFFFCE
:20530000FFFFFFFFFFFFFFFFFFFFFFFFFFFFFFFFFFFFFFFFFFFFFFFFFFFFFFFFFFFFFFFFAD
:20532000FFFFFFFFFFFFFFFFFFFFFFFFFFFFFFFFFFFFFFFFFFFFFFFFFFFFFFFFFFFFFFFF8D
:20534000FFFFFFFFFFFFFFFFFFFFFFFFFFFFFFFFFFFFFFFFFFFFFFFFFFFFFFFFFFFFFFFF6D
:20536000FFFFFFFFFFFFFFFFFFFFFFFFFFFFFFFFFFFFFFFFFFFFFFFFFFFFFFFFFFFFFFFF4D
:20538000FFFFFFFFFFFFFFFFFFFFFFFFFFFFFFFFFFFFFFFFFFFFFFFFFFFFFFFFFFFFFFFF2D
:2053A000FFFFFFFFFFFFFFFFFFFFFFFFFFFFFFFFFFFFFFFFFFFFFFFFFFFFFFFFFFFFFFFF0D
:2053C000FFFFFFFFFFFFFFFFFFFFFFFFFFFFFFFFFFFFFFFFFFFFFFFFFFFFFFFFFFFFFFFFED
:2053E000FFFFFFFFFFFFFFFFFFFFFFFFFFFFFFFFFFFFFFFFFFFFFFFFFFFFFFFFFFFFFFFFCD
:20540000FFFFFFFFFFFFFFFFFFFFFFFFFFFFFFFFFFFFFFFFFFFFFFFFFFFFFFFFFFFFFFFFAC
:20542000FFFFFFFFFFFFFFFFFFFFFFFFFFFFFFFFFFFFFFFFFFFFFFFFFFFFFFFFFFFFFFFF8C
:20544000FFFFFFFFFFFFFFFFFFFFFFFFFFFFFFFFFFFFFFFFFFFFFFFFFFFFFFFFFFFFFFFF6C
:20546000FFFFFFFFFFFFFFFFFFFFFFFFFFFFFFFFFFFFFFFFFFFFFFFFFFFFFFFFFFFFFFFF4C
:20548000FFFFFFFFFFFFFFFFFFFFFFFFFFFFFFFFFFFFFFFFFFFFFFFFFFFFFFFFFFFFFFFF2C
:2054A000FFFFFFFFFFFFFFFFFFFFFFFFFFFFFFFFFFFFFFFFFFFFFFFFFFFFFFFFFFFFFFFF0C
:2054C000FFFFFFFFFFFFFFFFFFFFFFFFFFFFFFFFFFFFFFFFFFFFFFFFFFFFFFFFFFFFFFFFEC
:2054E000FFFFFFFFFFFFFFFFFFFFFFFFFFFFFFFFFFFFFFFFFFFFFFFFFFFFFFFFFFFFFFFFCC
:20550000FFFFFFFFFFFFFFFFFFFFFFFFFFFFFFFFFFFFFFFFFFFFFFFFFFFFFFFFFFFFFFFFAB
:20552000FFFFFFFFFFFFFFFFFFFFFFFFFFFFFFFFFFFFFFFFFFFFFFFFFFFFFFFFFFFFFFFF8B
:20554000FFFFFFFFFFFFFFFFFFFFFFFFFFFFFFFFFFFFFFFFFFFFFFFFFFFFFFFFFFFFFFFF6B
:20556000FFFFFFFFFFFFFFFFFFFFFFFFFFFFFFFFFFFFFFFFFFFFFFFFFFFFFFFFFFFFFFFF4B
:20558000FFFFFFFFFFFFFFFFFFFFFFFFFFFFFFFFFFFFFFFFFFFFFFFFFFFFFFFFFFFFFFFF2B
:2055A000FFFFFFFFFFFFFFFFFFFFFFFFFFFFFFFFFFFFFFFFFFFFFFFFFFFFFFFFFFFFFFFF0B
:2055C000FFFFFFFFFFFFFFFFFFFFFFFFFFFFFFFFFFFFFFFFFFFFFFFFFFFFFFFFFFFFFFFFEB
:2055E000FFFFFFFFFFFFFFFFFFFFFFFFFFFFFFFFFFFFFFFFFFFFFFFFFFFFFFFFFFFFFFFFCB
:20560000FFFFFFFFFFFFFFFFFFFFFFFFFFFFFFFFFFFFFFFFFFFFFFFFFFFFFFFFFFFFFFFFAA
:20562000FFFFFFFFFFFFFFFFFFFFFFFFFFFFFFFFFFFFFFFFFFFFFFFFFFFFFFFFFFFFFFFF8A
:20564000FFFFFFFFFFFFFFFFFFFFFFFFFFFFFFFFFFFFFFFFFFFFFFFFFFFFFFFFFFFFFFFF6A
:20566000FFFFFFFFFFFFFFFFFFFFFFFFFFFFFFFFFFFFFFFFFFFFFFFFFFFFFFFFFFFFFFFF4A
:20568000FFFFFFFFFFFFFFFFFFFFFFFFFFFFFFFFFFFFFFFFFFFFFFFFFFFFFFFFFFFFFFFF2A
:2056A000FFFFFFFFFFFFFFFFFFFFFFFFFFFFFFFFFFFFFFFFFFFFFFFFFFFFFFFFFFFFFFFF0A
:2056C000FFFFFFFFFFFFFFFFFFFFFFFFFFFFFFFFFFFFFFFFFFFFFFFFFFFFFFFFFFFFFFFFEA
:2056E000FFFFFFFFFFFFFFFFFFFFFFFFFFFFFFFFFFFFFFFFFFFFFFFFFFFFFFFFFFFFFFFFCA
:20570000FFFFFFFFFFFFFFFFFFFFFFFFFFFFFFFFFFFFFFFFFFFFFFFFFFFFFFFFFFFFFFFFA9
:20572000FFFFFFFFFFFFFFFFFFFFFFFFFFFFFFFFFFFFFFFFFFFFFFFFFFFFFFFFFFFFFFFF89
:20574000FFFFFFFFFFFFFFFFFFFFFFFFFFFFFFFFFFFFFFFFFFFFFFFFFFFFFFFFFFFFFFFF69
:20576000FFFFFFFFFFFFFFFFFFFFFFFFFFFFFFFFFFFFFFFFFFFFFFFFFFFFFFFFFFFFFFFF49
:20578000FFFFFFFFFFFFFFFFFFFFFFFFFFFFFFFFFFFFFFFFFFFFFFFFFFFFFFFFFFFFFFFF29
:2057A000FFFFFFFFFFFFFFFFFFFFFFFFFFFFFFFFFFFFFFFFFFFFFFFFFFFFFFFFFFFFFFFF09
:2057C000FFFFFFFFFFFFFFFFFFFFFFFFFFFFFFFFFFFFFFFFFFFFFFFFFFFFFFFFFFFFFFFFE9
:2057E000FFFFFFFFFFFFFFFFFFFFFFFFFFFFFFFFFFFFFFFFFFFFFFFFFFFFFFFFFFFFFFFFC9
:20580000FFFFFFFFFFFFFFFFFFFFFFFFFFFFFFFFFFFFFFFFFFFFFFFFFFFFFFFFFFFFFFFFA8
:20582000FFFFFFFFFFFFFFFFFFFFFFFFFFFFFFFFFFFFFFFFFFFFFFFFFFFFFFFFFFFFFFFF88
:20584000FFFFFFFFFFFFFFFFFFFFFFFFFFFFFFFFFFFFFFFFFFFFFFFFFFFFFFFFFFFFFFFF68
:20586000FFFFFFFFFFFFFFFFFFFFFFFFFFFFFFFFFFFFFFFFFFFFFFFFFFFFFFFFFFFFFFFF48
:20588000FFFFFFFFFFFFFFFFFFFFFFFFFFFFFFFFFFFFFFFFFFFFFFFFFFFFFFFFFFFFFFFF28
:2058A000FFFFFFFFFFFFFFFFFFFFFFFFFFFFFFFFFFFFFFFFFFFFFFFFFFFFFFFFFFFFFFFF08
:2058C000FFFFFFFFFFFFFFFFFFFFFFFFFFFFFFFFFFFFFFFFFFFFFFFFFFFFFFFFFFFFFFFFE8
:2058E000FFFFFFFFFFFFFFFFFFFFFFFFFFFFFFFFFFFFFFFFFFFFFFFFFFFFFFFFFFFFFFFFC8
:20590000FFFFFFFFFFFFFFFFFFFFFFFFFFFFFFFFFFFFFFFFFFFFFFFFFFFFFFFFFFFFFFFFA7
:20592000FFFFFFFFFFFFFFFFFFFFFFFFFFFFFFFFFFFFFFFFFFFFFFFFFFFFFFFFFFFFFFFF87
:20594000FFFFFFFFFFFFFFFFFFFFFFFFFFFFFFFFFFFFFFFFFFFFFFFFFFFFFFFFFFFFFFFF67
:20596000FFFFFFFFFFFFFFFFFFFFFFFFFFFFFFFFFFFFFFFFFFFFFFFFFFFFFFFFFFFFFFFF47
:20598000FFFFFFFFFFFFFFFFFFFFFFFFFFFFFFFFFFFFFFFFFFFFFFFFFFFFFFFFFFFFFFFF27
:2059A000FFFFFFFFFFFFFFFFFFFFFFFFFFFFFFFFFFFFFFFFFFFFFFFFFFFFFFFFFFFFFFFF07
:2059C000FFFFFFFFFFFFFFFFFFFFFFFFFFFFFFFFFFFFFFFFFFFFFFFFFFFFFFFFFFFFFFFFE7
:2059E000FFFFFFFFFFFFFFFFFFFFFFFFFFFFFFFFFFFFFFFFFFFFFFFFFFFFFFFFFFFFFFFFC7
:205A0000FFFFFFFFFFFFFFFFFFFFFFFFFFFFFFFFFFFFFFFFFFFFFFFFFFFFFFFFFFFFFFFFA6
:205A2000FFFFFFFFFFFFFFFFFFFFFFFFFFFFFFFFFFFFFFFFFFFFFFFFFFFFFFFFFFFFFFFF86
:205A4000FFFFFFFFFFFFFFFFFFFFFFFFFFFFFFFFFFFFFFFFFFFFFFFFFFFFFFFFFFFFFFFF66
:205A6000FFFFFFFFFFFFFFFFFFFFFFFFFFFFFFFFFFFFFFFFFFFFFFFFFFFFFFFFFFFFFFFF46
:205A8000FFFFFFFFFFFFFFFFFFFFFFFFFFFFFFFFFFFFFFFFFFFFFFFFFFFFFFFFFFFFFFFF26
:205AA000FFFFFFFFFFFFFFFFFFFFFFFFFFFFFFFFFFFFFFFFFFFFFFFFFFFFFFFFFFFFFFFF06
:205AC000FFFFFFFFFFFFFFFFFFFFFFFFFFFFFFFFFFFFFFFFFFFFFFFFFFFFFFFFFFFFFFFFE6
:205AE000FFFFFFFFFFFFFFFFFFFFFFFFFFFFFFFFFFFFFFFFFFFFFFFFFFFFFFFFFFFFFFFFC6
:205B0000FFFFFFFFFFFFFFFFFFFFFFFFFFFFFFFFFFFFFFFFFFFFFFFFFFFFFFFFFFFFFFFFA5
:205B2000FFFFFFFFFFFFFFFFFFFFFFFFFFFFFFFFFFFFFFFFFFFFFFFFFFFFFFFFFFFFFFFF85
:205B4000FFFFFFFFFFFFFFFFFFFFFFFFFFFFFFFFFFFFFFFFFFFFFFFFFFFFFFFFFFFFFFFF65
:205B6000FFFFFFFFFFFFFFFFFFFFFFFFFFFFFFFFFFFFFFFFFFFFFFFFFFFFFFFFFFFFFFFF45
:205B8000FFFFFFFFFFFFFFFFFFFFFFFFFFFFFFFFFFFFFFFFFFFFFFFFFFFFFFFFFFFFFFFF25
:205BA000FFFFFFFFFFFFFFFFFFFFFFFFFFFFFFFFFFFFFFFFFFFFFFFFFFFFFFFFFFFFFFFF05
:205BC000FFFFFFFFFFFFFFFFFFFFFFFFFFFFFFFFFFFFFFFFFFFFFFFFFFFFFFFFFFFFFFFFE5
:205BE000FFFFFFFFFFFFFFFFFFFFFFFFFFFFFFFFFFFFFFFFFFFFFFFFFFFFFFFFFFFFFFFFC5
:205C0000FFFFFFFFFFFFFFFFFFFFFFFFFFFFFFFFFFFFFFFFFFFFFFFFFFFFFFFFFFFFFFFFA4
:205C2000FFFFFFFFFFFFFFFFFFFFFFFFFFFFFFFFFFFFFFFFFFFFFFFFFFFFFFFFFFFFFFFF84
:205C4000FFFFFFFFFFFFFFFFFFFFFFFFFFFFFFFFFFFFFFFFFFFFFFFFFFFFFFFFFFFFFFFF64
:205C6000FFFFFFFFFFFFFFFFFFFFFFFFFFFFFFFFFFFFFFFFFFFFFFFFFFFFFFFFFFFFFFFF44
:205C8000FFFFFFFFFFFFFFFFFFFFFFFFFFFFFFFFFFFFFFFFFFFFFFFFFFFFFFFFFFFFFFFF24
:205CA000FFFFFFFFFFFFFFFFFFFFFFFFFFFFFFFFFFFFFFFFFFFFFFFFFFFFFFFFFFFFFFFF04
:205CC000FFFFFFFFFFFFFFFFFFFFFFFFFFFFFFFFFFFFFFFFFFFFFFFFFFFFFFFFFFFFFFFFE4
:205CE000FFFFFFFFFFFFFFFFFFFFFFFFFFFFFFFFFFFFFFFFFFFFFFFFFFFFFFFFFFFFFFFFC4
:205D0000FFFFFFFFFFFFFFFFFFFFFFFFFFFFFFFFFFFFFFFFFFFFFFFFFFFFFFFFFFFFFFFFA3
:205D2000FFFFFFFFFFFFFFFFFFFFFFFFFFFFFFFFFFFFFFFFFFFFFFFFFFFFFFFFFFFFFFFF83
:205D4000FFFFFFFFFFFFFFFFFFFFFFFFFFFFFFFFFFFFFFFFFFFFFFFFFFFFFFFFFFFFFFFF63
:205D6000FFFFFFFFFFFFFFFFFFFFFFFFFFFFFFFFFFFFFFFFFFFFFFFFFFFFFFFFFFFFFFFF43
:205D8000FFFFFFFFFFFFFFFFFFFFFFFFFFFFFFFFFFFFFFFFFFFFFFFFFFFFFFFFFFFFFFFF23
:205DA000FFFFFFFFFFFFFFFFFFFFFFFFFFFFFFFFFFFFFFFFFFFFFFFFFFFFFFFFFFFFFFFF03
:205DC000FFFFFFFFFFFFFFFFFFFFFFFFFFFFFFFFFFFFFFFFFFFFFFFFFFFFFFFFFFFFFFFFE3
:205DE000FFFFFFFFFFFFFFFFFFFFFFFFFFFFFFFFFFFFFFFFFFFFFFFFFFFFFFFFFFFFFFFFC3
:205E0000FFFFFFFFFFFFFFFFFFFFFFFFFFFFFFFFFFFFFFFFFFFFFFFFFFFFFFFFFFFFFFFFA2
:205E2000FFFFFFFFFFFFFFFFFFFFFFFFFFFFFFFFFFFFFFFFFFFFFFFFFFFFFFFFFFFFFFFF82
:205E4000FFFFFFFFFFFFFFFFFFFFFFFFFFFFFFFFFFFFFFFFFFFFFFFFFFFFFFFFFFFFFFFF62
:205E6000FFFFFFFFFFFFFFFFFFFFFFFFFFFFFFFFFFFFFFFFFFFFFFFFFFFFFFFFFFFFFFFF42
:205E8000FFFFFFFFFFFFFFFFFFFFFFFFFFFFFFFFFFFFFFFFFFFFFFFFFFFFFFFFFFFFFFFF22
:205EA000FFFFFFFFFFFFFFFFFFFFFFFFFFFFFFFFFFFFFFFFFFFFFFFFFFFFFFFFFFFFFFFF02
:205EC000FFFFFFFFFFFFFFFFFFFFFFFFFFFFFFFFFFFFFFFFFFFFFFFFFFFFFFFFFFFFFFFFE2
:205EE000FFFFFFFFFFFFFFFFFFFFFFFFFFFFFFFFFFFFFFFFFFFFFFFFFFFFFFFFFFFFFFFFC2
:205F0000FFFFFFFFFFFFFFFFFFFFFFFFFFFFFFFFFFFFFFFFFFFFFFFFFFFFFFFFFFFFFFFFA1
:205F2000FFFFFFFFFFFFFFFFFFFFFFFFFFFFFFFFFFFFFFFFFFFFFFFFFFFFFFFFFFFFFFFF81
:205F4000FFFFFFFFFFFFFFFFFFFFFFFFFFFFFFFFFFFFFFFFFFFFFFFFFFFFFFFFFFFFFFFF61
:205F6000FFFFFFFFFFFFFFFFFFFFFFFFFFFFFFFFFFFFFFFFFFFFFFFFFFFFFFFFFFFFFFFF41
:205F8000FFFFFFFFFFFFFFFFFFFFFFFFFFFFFFFFFFFFFFFFFFFFFFFFFFFFFFFFFFFFFFFF21
:205FA000FFFFFFFFFFFFFFFFFFFFFFFFFFFFFFFFFFFFFFFFFFFFFFFFFFFFFFFFFFFFFFFF01
:205FC000FFFFFFFFFFFFFFFFFFFFFFFFFFFFFFFFFFFFFFFFFFFFFFFFFFFFFFFFFFFFFFFFE1
:205FE000FFFFFFFFFFFFFFFFFFFFFFFFFFFFFFFFFFFFFFFFFFFFFFFFFFFFFFFFFFFFFFFFC1
:20600000FFFFFFFFFFFFFFFFFFFFFFFFFFFFFFFFFFFFFFFFFFFFFFFFFFFFFFFFFFFFFFFFA0
:20602000FFFFFFFFFFFFFFFFFFFFFFFFFFFFFFFFFFFFFFFFFFFFFFFFFFFFFFFFFFFFFFFF80
:20604000FFFFFFFFFFFFFFFFFFFFFFFFFFFFFFFFFFFFFFFFFFFFFFFFFFFFFFFFFFFFFFFF60
:20606000FFFFFFFFFFFFFFFFFFFFFFFFFFFFFFFFFFFFFFFFFFFFFFFFFFFFFFFFFFFFFFFF40
:20608000FFFFFFFFFFFFFFFFFFFFFFFFFFFFFFFFFFFFFFFFFFFFFFFFFFFFFFFFFFFFFFFF20
:2060A000FFFFFFFFFFFFFFFFFFFFFFFFFFFFFFFFFFFFFFFFFFFFFFFFFFFFFFFFFFFFFFFF00
:2060C000FFFFFFFFFFFFFFFFFFFFFFFFFFFFFFFFFFFFFFFFFFFFFFFFFFFFFFFFFFFFFFFFE0
:2060E000FFFFFFFFFFFFFFFFFFFFFFFFFFFFFFFFFFFFFFFFFFFFFFFFFFFFFFFFFFFFFFFFC0
:20610000FFFFFFFFFFFFFFFFFFFFFFFFFFFFFFFFFFFFFFFFFFFFFFFFFFFFFFFFFFFFFFFF9F
:20612000FFFFFFFFFFFFFFFFFFFFFFFFFFFFFFFFFFFFFFFFFFFFFFFFFFFFFFFFFFFFFFFF7F
:20614000FFFFFFFFFFFFFFFFFFFFFFFFFFFFFFFFFFFFFFFFFFFFFFFFFFFFFFFFFFFFFFFF5F
:20616000FFFFFFFFFFFFFFFFFFFFFFFFFFFFFFFFFFFFFFFFFFFFFFFFFFFFFFFFFFFFFFFF3F
:20618000FFFFFFFFFFFFFFFFFFFFFFFFFFFFFFFFFFFFFFFFFFFFFFFFFFFFFFFFFFFFFFFF1F
:2061A000FFFFFFFFFFFFFFFFFFFFFFFFFFFFFFFFFFFFFFFFFFFFFFFFFFFFFFFFFFFFFFFFFF
:2061C000FFFFFFFFFFFFFFFFFFFFFFFFFFFFFFFFFFFFFFFFFFFFFFFFFFFFFFFFFFFFFFFFDF
:2061E000FFFFFFFFFFFFFFFFFFFFFFFFFFFFFFFFFFFFFFFFFFFFFFFFFFFFFFFFFFFFFFFFBF
:20620000FFFFFFFFFFFFFFFFFFFFFFFFFFFFFFFFFFFFFFFFFFFFFFFFFFFFFFFFFFFFFFFF9E
:20622000FFFFFFFFFFFFFFFFFFFFFFFFFFFFFFFFFFFFFFFFFFFFFFFFFFFFFFFFFFFFFFFF7E
:20624000FFFFFFFFFFFFFFFFFFFFFFFFFFFFFFFFFFFFFFFFFFFFFFFFFFFFFFFFFFFFFFFF5E
:20626000FFFFFFFFFFFFFFFFFFFFFFFFFFFFFFFFFFFFFFFFFFFFFFFFFFFFFFFFFFFFFFFF3E
:20628000FFFFFFFFFFFFFFFFFFFFFFFFFFFFFFFFFFFFFFFFFFFFFFFFFFFFFFFFFFFFFFFF1E
:2062A000FFFFFFFFFFFFFFFFFFFFFFFFFFFFFFFFFFFFFFFFFFFFFFFFFFFFFFFFFFFFFFFFFE
:2062C000FFFFFFFFFFFFFFFFFFFFFFFFFFFFFFFFFFFFFFFFFFFFFFFFFFFFFFFFFFFFFFFFDE
:2062E000FFFFFFFFFFFFFFFFFFFFFFFFFFFFFFFFFFFFFFFFFFFFFFFFFFFFFFFFFFFFFFFFBE
:20630000FFFFFFFFFFFFFFFFFFFFFFFFFFFFFFFFFFFFFFFFFFFFFFFFFFFFFFFFFFFFFFFF9D
:20632000FFFFFFFFFFFFFFFFFFFFFFFFFFFFFFFFFFFFFFFFFFFFFFFFFFFFFFFFFFFFFFFF7D
:20634000FFFFFFFFFFFFFFFFFFFFFFFFFFFFFFFFFFFFFFFFFFFFFFFFFFFFFFFFFFFFFFFF5D
:20636000FFFFFFFFFFFFFFFFFFFFFFFFFFFFFFFFFFFFFFFFFFFFFFFFFFFFFFFFFFFFFFFF3D
:20638000FFFFFFFFFFFFFFFFFFFFFFFFFFFFFFFFFFFFFFFFFFFFFFFFFFFFFFFFFFFFFFFF1D
:2063A000FFFFFFFFFFFFFFFFFFFFFFFFFFFFFFFFFFFFFFFFFFFFFFFFFFFFFFFFFFFFFFFFFD
:2063C000FFFFFFFFFFFFFFFFFFFFFFFFFFFFFFFFFFFFFFFFFFFFFFFFFFFFFFFFFFFFFFFFDD
:2063E000FFFFFFFFFFFFFFFFFFFFFFFFFFFFFFFFFFFFFFFFFFFFFFFFFFFFFFFFFFFFFFFFBD
:20640000FFFFFFFFFFFFFFFFFFFFFFFFFFFFFFFFFFFFFFFFFFFFFFFFFFFFFFFFFFFFFFFF9C
:20642000FFFFFFFFFFFFFFFFFFFFFFFFFFFFFFFFFFFFFFFFFFFFFFFFFFFFFFFFFFFFFFFF7C
:20644000FFFFFFFFFFFFFFFFFFFFFFFFFFFFFFFFFFFFFFFFFFFFFFFFFFFFFFFFFFFFFFFF5C
:20646000FFFFFFFFFFFFFFFFFFFFFFFFFFFFFFFFFFFFFFFFFFFFFFFFFFFFFFFFFFFFFFFF3C
:20648000FFFFFFFFFFFFFFFFFFFFFFFFFFFFFFFFFFFFFFFFFFFFFFFFFFFFFFFFFFFFFFFF1C
:2064A000FFFFFFFFFFFFFFFFFFFFFFFFFFFFFFFFFFFFFFFFFFFFFFFFFFFFFFFFFFFFFFFFFC
:2064C000FFFFFFFFFFFFFFFFFFFFFFFFFFFFFFFFFFFFFFFFFFFFFFFFFFFFFFFFFFFFFFFFDC
:2064E000FFFFFFFFFFFFFFFFFFFFFFFFFFFFFFFFFFFFFFFFFFFFFFFFFFFFFFFFFFFFFFFFBC
:20650000FFFFFFFFFFFFFFFFFFFFFFFFFFFFFFFFFFFFFFFFFFFFFFFFFFFFFFFFFFFFFFFF9B
:20652000FFFFFFFFFFFFFFFFFFFFFFFFFFFFFFFFFFFFFFFFFFFFFFFFFFFFFFFFFFFFFFFF7B
:20654000FFFFFFFFFFFFFFFFFFFFFFFFFFFFFFFFFFFFFFFFFFFFFFFFFFFFFFFFFFFFFFFF5B
:20656000FFFFFFFFFFFFFFFFFFFFFFFFFFFFFFFFFFFFFFFFFFFFFFFFFFFFFFFFFFFFFFFF3B
:20658000FFFFFFFFFFFFFFFFFFFFFFFFFFFFFFFFFFFFFFFFFFFFFFFFFFFFFFFFFFFFFFFF1B
:2065A000FFFFFFFFFFFFFFFFFFFFFFFFFFFFFFFFFFFFFFFFFFFFFFFFFFFFFFFFFFFFFFFFFB
:2065C000FFFFFFFFFFFFFFFFFFFFFFFFFFFFFFFFFFFFFFFFFFFFFFFFFFFFFFFFFFFFFFFFDB
:2065E000FFFFFFFFFFFFFFFFFFFFFFFFFFFFFFFFFFFFFFFFFFFFFFFFFFFFFFFFFFFFFFFFBB
:20660000FFFFFFFFFFFFFFFFFFFFFFFFFFFFFFFFFFFFFFFFFFFFFFFFFFFFFFFFFFFFFFFF9A
:20662000FFFFFFFFFFFFFFFFFFFFFFFFFFFFFFFFFFFFFFFFFFFFFFFFFFFFFFFFFFFFFFFF7A
:20664000FFFFFFFFFFFFFFFFFFFFFFFFFFFFFFFFFFFFFFFFFFFFFFFFFFFFFFFFFFFFFFFF5A
:20666000FFFFFFFFFFFFFFFFFFFFFFFFFFFFFFFFFFFFFFFFFFFFFFFFFFFFFFFFFFFFFFFF3A
:20668000FFFFFFFFFFFFFFFFFFFFFFFFFFFFFFFFFFFFFFFFFFFFFFFFFFFFFFFFFFFFFFFF1A
:2066A000FFFFFFFFFFFFFFFFFFFFFFFFFFFFFFFFFFFFFFFFFFFFFFFFFFFFFFFFFFFFFFFFFA
:2066C000FFFFFFFFFFFFFFFFFFFFFFFFFFFFFFFFFFFFFFFFFFFFFFFFFFFFFFFFFFFFFFFFDA
:2066E000FFFFFFFFFFFFFFFFFFFFFFFFFFFFFFFFFFFFFFFFFFFFFFFFFFFFFFFFFFFFFFFFBA
:20670000FFFFFFFFFFFFFFFFFFFFFFFFFFFFFFFFFFFFFFFFFFFFFFFFFFFFFFFFFFFFFFFF99
:20672000FFFFFFFFFFFFFFFFFFFFFFFFFFFFFFFFFFFFFFFFFFFFFFFFFFFFFFFFFFFFFFFF79
:20674000FFFFFFFFFFFFFFFFFFFFFFFFFFFFFFFFFFFFFFFFFFFFFFFFFFFFFFFFFFFFFFFF59
:20676000FFFFFFFFFFFFFFFFFFFFFFFFFFFFFFFFFFFFFFFFFFFFFFFFFFFFFFFFFFFFFFFF39
:20678000FFFFFFFFFFFFFFFFFFFFFFFFFFFFFFFFFFFFFFFFFFFFFFFFFFFFFFFFFFFFFFFF19
:2067A000FFFFFFFFFFFFFFFFFFFFFFFFFFFFFFFFFFFFFFFFFFFFFFFFFFFFFFFFFFFFFFFFF9
:2067C000FFFFFFFFFFFFFFFFFFFFFFFFFFFFFFFFFFFFFFFFFFFFFFFFFFFFFFFFFFFFFFFFD9
:2067E000FFFFFFFFFFFFFFFFFFFFFFFFFFFFFFFFFFFFFFFFFFFFFFFFFFFFFFFFFFFFFFFFB9
:20680000FFFFFFFFFFFFFFFFFFFFFFFFFFFFFFFFFFFFFFFFFFFFFFFFFFFFFFFFFFFFFFFF98
:20682000FFFFFFFFFFFFFFFFFFFFFFFFFFFFFFFFFFFFFFFFFFFFFFFFFFFFFFFFFFFFFFFF78
:20684000FFFFFFFFFFFFFFFFFFFFFFFFFFFFFFFFFFFFFFFFFFFFFFFFFFFFFFFFFFFFFFFF58
:20686000FFFFFFFFFFFFFFFFFFFFFFFFFFFFFFFFFFFFFFFFFFFFFFFFFFFFFFFFFFFFFFFF38
:20688000FFFFFFFFFFFFFFFFFFFFFFFFFFFFFFFFFFFFFFFFFFFFFFFFFFFFFFFFFFFFFFFF18
:2068A000FFFFFFFFFFFFFFFFFFFFFFFFFFFFFFFFFFFFFFFFFFFFFFFFFFFFFFFFFFFFFFFFF8
:2068C000FFFFFFFFFFFFFFFFFFFFFFFFFFFFFFFFFFFFFFFFFFFFFFFFFFFFFFFFFFFFFFFFD8
:2068E000FFFFFFFFFFFFFFFFFFFFFFFFFFFFFFFFFFFFFFFFFFFFFFFFFFFFFFFFFFFFFFFFB8
:20690000FFFFFFFFFFFFFFFFFFFFFFFFFFFFFFFFFFFFFFFFFFFFFFFFFFFFFFFFFFFFFFFF97
:20692000FFFFFFFFFFFFFFFFFFFFFFFFFFFFFFFFFFFFFFFFFFFFFFFFFFFFFFFFFFFFFFFF77
:20694000FFFFFFFFFFFFFFFFFFFFFFFFFFFFFFFFFFFFFFFFFFFFFFFFFFFFFFFFFFFFFFFF57
:20696000FFFFFFFFFFFFFFFFFFFFFFFFFFFFFFFFFFFFFFFFFFFFFFFFFFFFFFFFFFFFFFFF37
:20698000FFFFFFFFFFFFFFFFFFFFFFFFFFFFFFFFFFFFFFFFFFFFFFFFFFFFFFFFFFFFFFFF17
:2069A000FFFFFFFFFFFFFFFFFFFFFFFFFFFFFFFFFFFFFFFFFFFFFFFFFFFFFFFFFFFFFFFFF7
:2069C000FFFFFFFFFFFFFFFFFFFFFFFFFFFFFFFFFFFFFFFFFFFFFFFFFFFFFFFFFFFFFFFFD7
:2069E000FFFFFFFFFFFFFFFFFFFFFFFFFFFFFFFFFFFFFFFFFFFFFFFFFFFFFFFFFFFFFFFFB7
:206A0000FFFFFFFFFFFFFFFFFFFFFFFFFFFFFFFFFFFFFFFFFFFFFFFFFFFFFFFFFFFFFFFF96
:206A2000FFFFFFFFFFFFFFFFFFFFFFFFFFFFFFFFFFFFFFFFFFFFFFFFFFFFFFFFFFFFFFFF76
:206A4000FFFFFFFFFFFFFFFFFFFFFFFFFFFFFFFFFFFFFFFFFFFFFFFFFFFFFFFFFFFFFFFF56
:206A6000FFFFFFFFFFFFFFFFFFFFFFFFFFFFFFFFFFFFFFFFFFFFFFFFFFFFFFFFFFFFFFFF36
:206A8000FFFFFFFFFFFFFFFFFFFFFFFFFFFFFFFFFFFFFFFFFFFFFFFFFFFFFFFFFFFFFFFF16
:206AA000FFFFFFFFFFFFFFFFFFFFFFFFFFFFFFFFFFFFFFFFFFFFFFFFFFFFFFFFFFFFFFFFF6
:206AC000FFFFFFFFFFFFFFFFFFFFFFFFFFFFFFFFFFFFFFFFFFFFFFFFFFFFFFFFFFFFFFFFD6
:206AE000FFFFFFFFFFFFFFFFFFFFFFFFFFFFFFFFFFFFFFFFFFFFFFFFFFFFFFFFFFFFFFFFB6
:206B0000FFFFFFFFFFFFFFFFFFFFFFFFFFFFFFFFFFFFFFFFFFFFFFFFFFFFFFFFFFFFFFFF95
:206B2000FFFFFFFFFFFFFFFFFFFFFFFFFFFFFFFFFFFFFFFFFFFFFFFFFFFFFFFFFFFFFFFF75
:206B4000FFFFFFFFFFFFFFFFFFFFFFFFFFFFFFFFFFFFFFFFFFFFFFFFFFFFFFFFFFFFFFFF55
:206B6000FFFFFFFFFFFFFFFFFFFFFFFFFFFFFFFFFFFFFFFFFFFFFFFFFFFFFFFFFFFFFFFF35
:206B8000FFFFFFFFFFFFFFFFFFFFFFFFFFFFFFFFFFFFFFFFFFFFFFFFFFFFFFFFFFFFFFFF15
:206BA000FFFFFFFFFFFFFFFFFFFFFFFFFFFFFFFFFFFFFFFFFFFFFFFFFFFFFFFFFFFFFFFFF5
:206BC000FFFFFFFFFFFFFFFFFFFFFFFFFFFFFFFFFFFFFFFFFFFFFFFFFFFFFFFFFFFFFFFFD5
:206BE000FFFFFFFFFFFFFFFFFFFFFFFFFFFFFFFFFFFFFFFFFFFFFFFFFFFFFFFFFFFFFFFFB5
:206C0000FFFFFFFFFFFFFFFFFFFFFFFFFFFFFFFFFFFFFFFFFFFFFFFFFFFFFFFFFFFFFFFF94
:206C2000FFFFFFFFFFFFFFFFFFFFFFFFFFFFFFFFFFFFFFFFFFFFFFFFFFFFFFFFFFFFFFFF74
:206C4000FFFFFFFFFFFFFFFFFFFFFFFFFFFFFFFFFFFFFFFFFFFFFFFFFFFFFFFFFFFFFFFF54
:206C6000FFFFFFFFFFFFFFFFFFFFFFFFFFFFFFFFFFFFFFFFFFFFFFFFFFFFFFFFFFFFFFFF34
:206C8000FFFFFFFFFFFFFFFFFFFFFFFFFFFFFFFFFFFFFFFFFFFFFFFFFFFFFFFFFFFFFFFF14
:206CA000FFFFFFFFFFFFFFFFFFFFFFFFFFFFFFFFFFFFFFFFFFFFFFFFFFFFFFFFFFFFFFFFF4
:206CC000FFFFFFFFFFFFFFFFFFFFFFFFFFFFFFFFFFFFFFFFFFFFFFFFFFFFFFFFFFFFFFFFD4
:206CE000FFFFFFFFFFFFFFFFFFFFFFFFFFFFFFFFFFFFFFFFFFFFFFFFFFFFFFFFFFFFFFFFB4
:206D0000FFFFFFFFFFFFFFFFFFFFFFFFFFFFFFFFFFFFFFFFFFFFFFFFFFFFFFFFFFFFFFFF93
:206D2000FFFFFFFFFFFFFFFFFFFFFFFFFFFFFFFFFFFFFFFFFFFFFFFFFFFFFFFFFFFFFFFF73
:206D4000FFFFFFFFFFFFFFFFFFFFFFFFFFFFFFFFFFFFFFFFFFFFFFFFFFFFFFFFFFFFFFFF53
:206D6000FFFFFFFFFFFFFFFFFFFFFFFFFFFFFFFFFFFFFFFFFFFFFFFFFFFFFFFFFFFFFFFF33
:206D8000FFFFFFFFFFFFFFFFFFFFFFFFFFFFFFFFFFFFFFFFFFFFFFFFFFFFFFFFFFFFFFFF13
:206DA000FFFFFFFFFFFFFFFFFFFFFFFFFFFFFFFFFFFFFFFFFFFFFFFFFFFFFFFFFFFFFFFFF3
:206DC000FFFFFFFFFFFFFFFFFFFFFFFFFFFFFFFFFFFFFFFFFFFFFFFFFFFFFFFFFFFFFFFFD3
:206DE000FFFFFFFFFFFFFFFFFFFFFFFFFFFFFFFFFFFFFFFFFFFFFFFFFFFFFFFFFFFFFFFFB3
:206E0000FFFFFFFFFFFFFFFFFFFFFFFFFFFFFFFFFFFFFFFFFFFFFFFFFFFFFFFFFFFFFFFF92
:206E2000FFFFFFFFFFFFFFFFFFFFFFFFFFFFFFFFFFFFFFFFFFFFFFFFFFFFFFFFFFFFFFFF72
:206E4000FFFFFFFFFFFFFFFFFFFFFFFFFFFFFFFFFFFFFFFFFFFFFFFFFFFFFFFFFFFFFFFF52
:206E6000FFFFFFFFFFFFFFFFFFFFFFFFFFFFFFFFFFFFFFFFFFFFFFFFFFFFFFFFFFFFFFFF32
:206E8000FFFFFFFFFFFFFFFFFFFFFFFFFFFFFFFFFFFFFFFFFFFFFFFFFFFFFFFFFFFFFFFF12
:206EA000FFFFFFFFFFFFFFFFFFFFFFFFFFFFFFFFFFFFFFFFFFFFFFFFFFFFFFFFFFFFFFFFF2
:206EC000FFFFFFFFFFFFFFFFFFFFFFFFFFFFFFFFFFFFFFFFFFFFFFFFFFFFFFFFFFFFFFFFD2
:206EE000FFFFFFFFFFFFFFFFFFFFFFFFFFFFFFFFFFFFFFFFFFFFFFFFFFFFFFFFFFFFFFFFB2
:206F0000FFFFFFFFFFFFFFFFFFFFFFFFFFFFFFFFFFFFFFFFFFFFFFFFFFFFFFFFFFFFFFFF91
:206F2000FFFFFFFFFFFFFFFFFFFFFFFFFFFFFFFFFFFFFFFFFFFFFFFFFFFFFFFFFFFFFFFF71
:206F4000FFFFFFFFFFFFFFFFFFFFFFFFFFFFFFFFFFFFFFFFFFFFFFFFFFFFFFFFFFFFFFFF51
:206F6000FFFFFFFFFFFFFFFFFFFFFFFFFFFFFFFFFFFFFFFFFFFFFFFFFFFFFFFFFFFFFFFF31
:206F8000FFFFFFFFFFFFFFFFFFFFFFFFFFFFFFFFFFFFFFFFFFFFFFFFFFFFFFFFFFFFFFFF11
:206FA000FFFFFFFFFFFFFFFFFFFFFFFFFFFFFFFFFFFFFFFFFFFFFFFFFFFFFFFFFFFFFFFFF1
:206FC000FFFFFFFFFFFFFFFFFFFFFFFFFFFFFFFFFFFFFFFFFFFFFFFFFFFFFFFFFFFFFFFFD1
:206FE000FFFFFFFFFFFFFFFFFFFFFFFFFFFFFFFFFFFFFFFFFFFFFFFFFFFFFFFFFFFFFFFFB1
:20700000FFFFFFFFFFFFFFFFFFFFFFFFFFFFFFFFFFFFFFFFFFFFFFFFFFFFFFFFFFFFFFFF90
:20702000FFFFFFFFFFFFFFFFFFFFFFFFFFFFFFFFFFFFFFFFFFFFFFFFFFFFFFFFFFFFFFFF70
:20704000FFFFFFFFFFFFFFFFFFFFFFFFFFFFFFFFFFFFFFFFFFFFFFFFFFFFFFFFFFFFFFFF50
:20706000FFFFFFFFFFFFFFFFFFFFFFFFFFFFFFFFFFFFFFFFFFFFFFFFFFFFFFFFFFFFFFFF30
:20708000FFFFFFFFFFFFFFFFFFFFFFFFFFFFFFFFFFFFFFFFFFFFFFFFFFFFFFFFFFFFFFFF10
:2070A000FFFFFFFFFFFFFFFFFFFFFFFFFFFFFFFFFFFFFFFFFFFFFFFFFFFFFFFFFFFFFFFFF0
:2070C000FFFFFFFFFFFFFFFFFFFFFFFFFFFFFFFFFFFFFFFFFFFFFFFFFFFFFFFFFFFFFFFFD0
:2070E000FFFFFFFFFFFFFFFFFFFFFFFFFFFFFFFFFFFFFFFFFFFFFFFFFFFFFFFFFFFFFFFFB0
:20710000FFFFFFFFFFFFFFFFFFFFFFFFFFFFFFFFFFFFFFFFFFFFFFFFFFFFFFFFFFFFFFFF8F
:20712000FFFFFFFFFFFFFFFFFFFFFFFFFFFFFFFFFFFFFFFFFFFFFFFFFFFFFFFFFFFFFFFF6F
:20714000FFFFFFFFFFFFFFFFFFFFFFFFFFFFFFFFFFFFFFFFFFFFFFFFFFFFFFFFFFFFFFFF4F
:20716000FFFFFFFFFFFFFFFFFFFFFFFFFFFFFFFFFFFFFFFFFFFFFFFFFFFFFFFFFFFFFFFF2F
:20718000FFFFFFFFFFFFFFFFFFFFFFFFFFFFFFFFFFFFFFFFFFFFFFFFFFFFFFFFFFFFFFFF0F
:2071A000FFFFFFFFFFFFFFFFFFFFFFFFFFFFFFFFFFFFFFFFFFFFFFFFFFFFFFFFFFFFFFFFEF
:2071C000FFFFFFFFFFFFFFFFFFFFFFFFFFFFFFFFFFFFFFFFFFFFFFFFFFFFFFFFFFFFFFFFCF
:2071E000FFFFFFFFFFFFFFFFFFFFFFFFFFFFFFFFFFFFFFFFFFFFFFFFFFFFFFFFFFFFFFFFAF
:20720000FFFFFFFFFFFFFFFFFFFFFFFFFFFFFFFFFFFFFFFFFFFFFFFFFFFFFFFFFFFFFFFF8E
:20722000FFFFFFFFFFFFFFFFFFFFFFFFFFFFFFFFFFFFFFFFFFFFFFFFFFFFFFFFFFFFFFFF6E
:20724000FFFFFFFFFFFFFFFFFFFFFFFFFFFFFFFFFFFFFFFFFFFFFFFFFFFFFFFFFFFFFFFF4E
:20726000FFFFFFFFFFFFFFFFFFFFFFFFFFFFFFFFFFFFFFFFFFFFFFFFFFFFFFFFFFFFFFFF2E
:20728000FFFFFFFFFFFFFFFFFFFFFFFFFFFFFFFFFFFFFFFFFFFFFFFFFFFFFFFFFFFFFFFF0E
:2072A000FFFFFFFFFFFFFFFFFFFFFFFFFFFFFFFFFFFFFFFFFFFFFFFFFFFFFFFFFFFFFFFFEE
:2072C000FFFFFFFFFFFFFFFFFFFFFFFFFFFFFFFFFFFFFFFFFFFFFFFFFFFFFFFFFFFFFFFFCE
:2072E000FFFFFFFFFFFFFFFFFFFFFFFFFFFFFFFFFFFFFFFFFFFFFFFFFFFFFFFFFFFFFFFFAE
:20730000FFFFFFFFFFFFFFFFFFFFFFFFFFFFFFFFFFFFFFFFFFFFFFFFFFFFFFFFFFFFFFFF8D
:20732000FFFFFFFFFFFFFFFFFFFFFFFFFFFFFFFFFFFFFFFFFFFFFFFFFFFFFFFFFFFFFFFF6D
:20734000FFFFFFFFFFFFFFFFFFFFFFFFFFFFFFFFFFFFFFFFFFFFFFFFFFFFFFFFFFFFFFFF4D
:20736000FFFFFFFFFFFFFFFFFFFFFFFFFFFFFFFFFFFFFFFFFFFFFFFFFFFFFFFFFFFFFFFF2D
:20738000FFFFFFFFFFFFFFFFFFFFFFFFFFFFFFFFFFFFFFFFFFFFFFFFFFFFFFFFFFFFFFFF0D
:2073A000FFFFFFFFFFFFFFFFFFFFFFFFFFFFFFFFFFFFFFFFFFFFFFFFFFFFFFFFFFFFFFFFED
:2073C000FFFFFFFFFFFFFFFFFFFFFFFFFFFFFFFFFFFFFFFFFFFFFFFFFFFFFFFFFFFFFFFFCD
:2073E000FFFFFFFFFFFFFFFFFFFFFFFFFFFFFFFFFFFFFFFFFFFFFFFFFFFFFFFFFFFFFFFFAD
:20740000FFFFFFFFFFFFFFFFFFFFFFFFFFFFFFFFFFFFFFFFFFFFFFFFFFFFFFFFFFFFFFFF8C
:20742000FFFFFFFFFFFFFFFFFFFFFFFFFFFFFFFFFFFFFFFFFFFFFFFFFFFFFFFFFFFFFFFF6C
:20744000FFFFFFFFFFFFFFFFFFFFFFFFFFFFFFFFFFFFFFFFFFFFFFFFFFFFFFFFFFFFFFFF4C
:20746000FFFFFFFFFFFFFFFFFFFFFFFFFFFFFFFFFFFFFFFFFFFFFFFFFFFFFFFFFFFFFFFF2C
:20748000FFFFFFFFFFFFFFFFFFFFFFFFFFFFFFFFFFFFFFFFFFFFFFFFFFFFFFFFFFFFFFFF0C
:2074A000FFFFFFFFFFFFFFFFFFFFFFFFFFFFFFFFFFFFFFFFFFFFFFFFFFFFFFFFFFFFFFFFEC
:2074C000FFFFFFFFFFFFFFFFFFFFFFFFFFFFFFFFFFFFFFFFFFFFFFFFFFFFFFFFFFFFFFFFCC
:2074E000FFFFFFFFFFFFFFFFFFFFFFFFFFFFFFFFFFFFFFFFFFFFFFFFFFFFFFFFFFFFFFFFAC
:20750000FFFFFFFFFFFFFFFFFFFFFFFFFFFFFFFFFFFFFFFFFFFFFFFFFFFFFFFFFFFFFFFF8B
:20752000FFFFFFFFFFFFFFFFFFFFFFFFFFFFFFFFFFFFFFFFFFFFFFFFFFFFFFFFFFFFFFFF6B
:20754000FFFFFFFFFFFFFFFFFFFFFFFFFFFFFFFFFFFFFFFFFFFFFFFFFFFFFFFFFFFFFFFF4B
:20756000FFFFFFFFFFFFFFFFFFFFFFFFFFFFFFFFFFFFFFFFFFFFFFFFFFFFFFFFFFFFFFFF2B
:20758000FFFFFFFFFFFFFFFFFFFFFFFFFFFFFFFFFFFFFFFFFFFFFFFFFFFFFFFFFFFFFFFF0B
:2075A000FFFFFFFFFFFFFFFFFFFFFFFFFFFFFFFFFFFFFFFFFFFFFFFFFFFFFFFFFFFFFFFFEB
:2075C000FFFFFFFFFFFFFFFFFFFFFFFFFFFFFFFFFFFFFFFFFFFFFFFFFFFFFFFFFFFFFFFFCB
:2075E000FFFFFFFFFFFFFFFFFFFFFFFFFFFFFFFFFFFFFFFFFFFFFFFFFFFFFFFFFFFFFFFFAB
:20760000FFFFFFFFFFFFFFFFFFFFFFFFFFFFFFFFFFFFFFFFFFFFFFFFFFFFFFFFFFFFFFFF8A
:20762000FFFFFFFFFFFFFFFFFFFFFFFFFFFFFFFFFFFFFFFFFFFFFFFFFFFFFFFFFFFFFFFF6A
:20764000FFFFFFFFFFFFFFFFFFFFFFFFFFFFFFFFFFFFFFFFFFFFFFFFFFFFFFFFFFFFFFFF4A
:20766000FFFFFFFFFFFFFFFFFFFFFFFFFFFFFFFFFFFFFFFFFFFFFFFFFFFFFFFFFFFFFFFF2A
:20768000FFFFFFFFFFFFFFFFFFFFFFFFFFFFFFFFFFFFFFFFFFFFFFFFFFFFFFFFFFFFFFFF0A
:2076A000FFFFFFFFFFFFFFFFFFFFFFFFFFFFFFFFFFFFFFFFFFFFFFFFFFFFFFFFFFFFFFFFEA
:2076C000FFFFFFFFFFFFFFFFFFFFFFFFFFFFFFFFFFFFFFFFFFFFFFFFFFFFFFFFFFFFFFFFCA
:2076E000FFFFFFFFFFFFFFFFFFFFFFFFFFFFFFFFFFFFFFFFFFFFFFFFFFFFFFFFFFFFFFFFAA
:20770000FFFFFFFFFFFFFFFFFFFFFFFFFFFFFFFFFFFFFFFFFFFFFFFFFFFFFFFFFFFFFFFF89
:20772000FFFFFFFFFFFFFFFFFFFFFFFFFFFFFFFFFFFFFFFFFFFFFFFFFFFFFFFFFFFFFFFF69
:20774000FFFFFFFFFFFFFFFFFFFFFFFFFFFFFFFFFFFFFFFFFFFFFFFFFFFFFFFFFFFFFFFF49
:20776000FFFFFFFFFFFFFFFFFFFFFFFFFFFFFFFFFFFFFFFFFFFFFFFFFFFFFFFFFFFFFFFF29
:20778000FFFFFFFFFFFFFFFFFFFFFFFFFFFFFFFFFFFFFFFFFFFFFFFFFFFFFFFFFFFFFFFF09
:2077A000FFFFFFFFFFFFFFFFFFFFFFFFFFFFFFFFFFFFFFFFFFFFFFFFFFFFFFFFFFFFFFFFE9
:2077C000FFFFFFFFFFFFFFFFFFFFFFFFFFFFFFFFFFFFFFFFFFFFFFFFFFFFFFFFFFFFFFFFC9
:2077E000FFFFFFFFFFFFFFFFFFFFFFFFFFFFFFFFFFFFFFFFFFFFFFFFFFFFFFFFFFFFFFFFA9
:20780000FFFFFFFFFFFFFFFFFFFFFFFFFFFFFFFFFFFFFFFFFFFFFFFFFFFFFFFFFFFFFFFF88
:20782000FFFFFFFFFFFFFFFFFFFFFFFFFFFFFFFFFFFFFFFFFFFFFFFFFFFFFFFFFFFFFFFF68
:20784000FFFFFFFFFFFFFFFFFFFFFFFFFFFFFFFFFFFFFFFFFFFFFFFFFFFFFFFFFFFFFFFF48
:20786000FFFFFFFFFFFFFFFFFFFFFFFFFFFFFFFFFFFFFFFFFFFFFFFFFFFFFFFFFFFFFFFF28
:20788000FFFFFFFFFFFFFFFFFFFFFFFFFFFFFFFFFFFFFFFFFFFFFFFFFFFFFFFFFFFFFFFF08
:2078A000FFFFFFFFFFFFFFFFFFFFFFFFFFFFFFFFFFFFFFFFFFFFFFFFFFFFFFFFFFFFFFFFE8
:2078C000FFFFFFFFFFFFFFFFFFFFFFFFFFFFFFFFFFFFFFFFFFFFFFFFFFFFFFFFFFFFFFFFC8
:2078E000FFFFFFFFFFFFFFFFFFFFFFFFFFFFFFFFFFFFFFFFFFFFFFFFFFFFFFFFFFFFFFFFA8
:20790000FFFFFFFFFFFFFFFFFFFFFFFFFFFFFFFFFFFFFFFFFFFFFFFFFFFFFFFFFFFFFFFF87
:20792000FFFFFFFFFFFFFFFFFFFFFFFFFFFFFFFFFFFFFFFFFFFFFFFFFFFFFFFFFFFFFFFF67
:20794000FFFFFFFFFFFFFFFFFFFFFFFFFFFFFFFFFFFFFFFFFFFFFFFFFFFFFFFFFFFFFFFF47
:20796000FFFFFFFFFFFFFFFFFFFFFFFFFFFFFFFFFFFFFFFFFFFFFFFFFFFFFFFFFFFFFFFF27
:20798000FFFFFFFFFFFFFFFFFFFFFFFFFFFFFFFFFFFFFFFFFFFFFFFFFFFFFFFFFFFFFFFF07
:2079A000FFFFFFFFFFFFFFFFFFFFFFFFFFFFFFFFFFFFFFFFFFFFFFFFFFFFFFFFFFFFFFFFE7
:2079C000FFFFFFFFFFFFFFFFFFFFFFFFFFFFFFFFFFFFFFFFFFFFFFFFFFFFFFFFFFFFFFFFC7
:2079E000FFFFFFFFFFFFFFFFFFFFFFFFFFFFFFFFFFFFFFFFFFFFFFFFFFFFFFFFFFFFFFFFA7
:207A0000FFFFFFFFFFFFFFFFFFFFFFFFFFFFFFFFFFFFFFFFFFFFFFFFFFFFFFFFFFFFFFFF86
:207A2000FFFFFFFFFFFFFFFFFFFFFFFFFFFFFFFFFFFFFFFFFFFFFFFFFFFFFFFFFFFFFFFF66
:207A4000FFFFFFFFFFFFFFFFFFFFFFFFFFFFFFFFFFFFFFFFFFFFFFFFFFFFFFFFFFFFFFFF46
:207A6000FFFFFFFFFFFFFFFFFFFFFFFFFFFFFFFFFFFFFFFFFFFFFFFFFFFFFFFFFFFFFFFF26
:207A8000FFFFFFFFFFFFFFFFFFFFFFFFFFFFFFFFFFFFFFFFFFFFFFFFFFFFFFFFFFFFFFFF06
:207AA000FFFFFFFFFFFFFFFFFFFFFFFFFFFFFFFFFFFFFFFFFFFFFFFFFFFFFFFFFFFFFFFFE6
:207AC000FFFFFFFFFFFFFFFFFFFFFFFFFFFFFFFFFFFFFFFFFFFFFFFFFFFFFFFFFFFFFFFFC6
:207AE000FFFFFFFFFFFFFFFFFFFFFFFFFFFFFFFFFFFFFFFFFFFFFFFFFFFFFFFFFFFFFFFFA6
:207B0000FFFFFFFFFFFFFFFFFFFFFFFFFFFFFFFFFFFFFFFFFFFFFFFFFFFFFFFFFFFFFFFF85
:207B2000FFFFFFFFFFFFFFFFFFFFFFFFFFFFFFFFFFFFFFFFFFFFFFFFFFFFFFFFFFFFFFFF65
:207B4000FFFFFFFFFFFFFFFFFFFFFFFFFFFFFFFFFFFFFFFFFFFFFFFFFFFFFFFFFFFFFFFF45
:207B6000FFFFFFFFFFFFFFFFFFFFFFFFFFFFFFFFFFFFFFFFFFFFFFFFFFFFFFFFFFFFFFFF25
:207B8000FFFFFFFFFFFFFFFFFFFFFFFFFFFFFFFFFFFFFFFFFFFFFFFFFFFFFFFFFFFFFFFF05
:207BA000FFFFFFFFFFFFFFFFFFFFFFFFFFFFFFFFFFFFFFFFFFFFFFFFFFFFFFFFFFFFFFFFE5
:207BC000FFFFFFFFFFFFFFFFFFFFFFFFFFFFFFFFFFFFFFFFFFFFFFFFFFFFFFFFFFFFFFFFC5
:207BE000FFFFFFFFFFFFFFFFFFFFFFFFFFFFFFFFFFFFFFFFFFFFFFFFFFFFFFFFFFFFFFFFA5
:207C0000FFFFFFFFFFFFFFFFFFFFFFFFFFFFFFFFFFFFFFFFFFFFFFFFFFFFFFFFFFFFFFFF84
:207C2000FFFFFFFFFFFFFFFFFFFFFFFFFFFFFFFFFFFFFFFFFFFFFFFFFFFFFFFFFFFFFFFF64
:207C4000FFFFFFFFFFFFFFFFFFFFFFFFFFFFFFFFFFFFFFFFFFFFFFFFFFFFFFFFFFFFFFFF44
:207C6000FFFFFFFFFFFFFFFFFFFFFFFFFFFFFFFFFFFFFFFFFFFFFFFFFFFFFFFFFFFFFFFF24
:207C8000FFFFFFFFFFFFFFFFFFFFFFFFFFFFFFFFFFFFFFFFFFFFFFFFFFFFFFFFFFFFFFFF04
:207CA000FFFFFFFFFFFFFFFFFFFFFFFFFFFFFFFFFFFFFFFFFFFFFFFFFFFFFFFFFFFFFFFFE4
:207CC000FFFFFFFFFFFFFFFFFFFFFFFFFFFFFFFFFFFFFFFFFFFFFFFFFFFFFFFFFFFFFFFFC4
:207CE000FFFFFFFFFFFFFFFFFFFFFFFFFFFFFFFFFFFFFFFFFFFFFFFFFFFFFFFFFFFFFFFFA4
:207D0000FFFFFFFFFFFFFFFFFFFFFFFFFFFFFFFFFFFFFFFFFFFFFFFFFFFFFFFFFFFFFFFF83
:207D2000FFFFFFFFFFFFFFFFFFFFFFFFFFFFFFFFFFFFFFFFFFFFFFFFFFFFFFFFFFFFFFFF63
:207D4000FFFFFFFFFFFFFFFFFFFFFFFFFFFFFFFFFFFFFFFFFFFFFFFFFFFFFFFFFFFFFFFF43
:207D6000FFFFFFFFFFFFFFFFFFFFFFFFFFFFFFFFFFFFFFFFFFFFFFFFFFFFFFFFFFFFFFFF23
:207D8000FFFFFFFFFFFFFFFFFFFFFFFFFFFFFFFFFFFFFFFFFFFFFFFFFFFFFFFFFFFFFFFF03
:207DA000FFFFFFFFFFFFFFFFFFFFFFFFFFFFFFFFFFFFFFFFFFFFFFFFFFFFFFFFFFFFFFFFE3
:207DC000FFFFFFFFFFFFFFFFFFFFFFFFFFFFFFFFFFFFFFFFFFFFFFFFFFFFFFFFFFFFFFFFC3
:207DE000FFFFFFFFFFFFFFFFFFFFFFFFFFFFFFFFFFFFFFFFFFFFFFFFFFFFFFFFFFFFFFFFA3
:207E0000FFFFFFFFFFFFFFFFFFFFFFFFFFFFFFFFFFFFFFFFFFFFFFFFFFFFFFFFFFFFFFFF82
:207E2000FFFFFFFFFFFFFFFFFFFFFFFFFFFFFFFFFFFFFFFFFFFFFFFFFFFFFFFFFFFFFFFF62
:207E4000FFFFFFFFFFFFFFFFFFFFFFFFFFFFFFFFFFFFFFFFFFFFFFFFFFFFFFFFFFFFFFFF42
:207E6000FFFFFFFFFFFFFFFFFFFFFFFFFFFFFFFFFFFFFFFFFFFFFFFFFFFFFFFFFFFFFFFF22
:207E8000FFFFFFFFFFFFFFFFFFFFFFFFFFFFFFFFFFFFFFFFFFFFFFFFFFFFFFFFFFFFFFFF02
:207EA000FFFFFFFFFFFFFFFFFFFFFFFFFFFFFFFFFFFFFFFFFFFFFFFFFFFFFFFFFFFFFFFFE2
:207EC000FFFFFFFFFFFFFFFFFFFFFFFFFFFFFFFFFFFFFFFFFFFFFFFFFFFFFFFFFFFFFFFFC2
:207EE000FFFFFFFFFFFFFFFFFFFFFFFFFFFFFFFFFFFFFFFFFFFFFFFFFFFFFFFFFFFFFFFFA2
:207F0000FFFFFFFFFFFFFFFFFFFFFFFFFFFFFFFFFFFFFFFFFFFFFFFFFFFFFFFFFFFFFFFF81
:207F2000FFFFFFFFFFFFFFFFFFFFFFFFFFFFFFFFFFFFFFFFFFFFFFFFFFFFFFFFFFFFFFFF61
:207F4000FFFFFFFFFFFFFFFFFFFFFFFFFFFFFFFFFFFFFFFFFFFFFFFFFFFFFFFFFFFFFFFF41
:207F6000FFFFFFFFFFFFFFFFFFFFFFFFFFFFFFFFFFFFFFFFFFFFFFFFFFFFFFFFFFFFFFFF21
:207F8000FFFFFFFFFFFFFFFFFFFFFFFFFFFFFFFFFFFFFFFFFFFFFFFFFFFFFFFFFFFFFFFF01
:207FA000FFFFFFFFFFFFFFFFFFFFFFFFFFFFFFFFFFFFFFFFFFFFFFFFFFFFFFFFFFFFFFFFE1
:207FC000FFFFFFFFFFFFFFFFFFFFFFFFFFFFFFFFFFFFFFFFFFFFFFFFFFFFFFFFFFFFFFFFC1
:207FE000FFFFFFFFFFFFFFFFFFFFFFFFFFFFFFFFFFFFFFFFFFFFFFFFFFFFFFFFFFFFFFFFA1
:00000001FF
