:10000000008000209D0400008B0B0000970B000077
:10001000A30B0000AF0B0000BB0B0000850B000022
:10002000850B0000850B0000850B0000C70B00004E
:10003000D30B0000850B0000DF0B0000EB0B000072
:10004000F70B0000030C00000F0C00001B0C00005D
:10005000270C0000330C00003F0C00004B0C00008C
:10006000570C0000630C00006F0C00007B0C0000BC
:10007000870C0000930C00009F0C0000AB0C0000EC
:10008000B70C0000C30C0000CF0C0000DB0C00001C
:10009000E70C0000F30C0000FF0C0000850B0000D3
:1000A0000B0D0000170D000021A200002FA2000080
:1000B0003DA20000230D0000850B00002F0D000065
:1000C000850B0000B5670000850B00003B0D0000AC
:1000D000850B0000850B0000850B0000AD4C000077
:1000E000850B0000470D0000850B0000850B00000C
:1000F000530D00005F0D00006B0D0000770D000038
:1001000011DF0000830D00008F0D00009B0D00002B
:10011000A70D0000850B0000850B0000850B00007B
:10012000850B0000B30D0000BF0D0000CB0D0000DB
:10013000D70D0000E30D0000EF0D0000FB0D0000E7
:10014000850B0000850B0000850B0000850B00006F
:10015000850B0000850B0000850B0000850B00005F
:10016000850B0000850B0000850B0000850B00004F
:10017000850B0000850B0000070E0000130E000029
:100180001F0E00002B0E0000370E0000430E000073
:100190004F0E00005B0E0000670E0000730E0000A3
:1001A0007F0E00008B0E0000850B0000850B000009
:1001B000970E0000A30E0000AF0E0000BB0E000063
:1001C000C70E0000850B0000850B0000D30E000059
:1001D000DF0E0000EB0E0000F7270100F70E000015
:1001E000E9270100030F00000F0F00001B0F0000A4
:1001F000270F0000330F00003F0F00004B0F0000DF
:10020000570F0000630F00006F0F00007B0F00000E
:10021000870F0000930F00009F0F0000AB0F00003E
:10022000B70F0000C30F0000CF0F0000850B0000C8
:10023000850B0000850B0000850B0000850B00007E
:10024000850B0000850B0000850B0000850B00006E
:10025000850B0000850B0000850B0000850B00005E
:10026000850B0000850B0000850B0000850B00004E
:10027000850B0000850B0000850B0000850B00003E
:10028000850B0000850B0000850B0000850B00002E
:10029000850B0000850B0000850B0000850B00001E
:1002A000850B0000850B0000850B0000850B00000E
:1002B000DB0F0000E70F0000850B0000F30F0000CC
:1002C000FF0F00000B10000017100000850B00004E
:1002D000850B0000850B0000850B0000850B0000DE
:1002E0004BA20000850B0000850B0000850B000071
:1002F000850B0000850B0000850B0000850B0000BE
:10030000850B0000850B0000850B0000850B0000AD
:1003100023100000850B0000850B0000850B0000FA
:10032000850B0000850B0000850B0000850B00008D
:0C033000850B0000850B0000D52D01009E
:10040000589CFF1FFC5B0100FC5B01000100000029
:10041000589CFF1F005C0100C85C01000100000047
:100420000084FF1F589CFF1F0100000014490C6846
:100430004FF001031C401349134A521A013A06DDDA
:100440004FF05A304FF05A3309C1083AFCDA0F49DD
:100450000F4A521A013A06DD4FF05A304FF05A3324
:1004600009C1083AFCDA0B490B4A521A013A06DD77
:100470004FF05A304FF05A3309C1083AFCDA70474E
:1004800000F007400080FF1F0084FF1F007C002059
:10049000008000200084FF1F007C002072B64FF017
:1004A00000014FF000024FF000034FF000044FF046
:1004B00000054FF000064FF00007B846B946BA46AF
:1004C000BB46BC46FFF7B2FF064885460648804754
:1004D00006488047064880470648804762B600F0D5
:1004E00013F9FEE700800020F50800001D0B000056
:1004F000311000000D0B000080B400AF00BFBD46FE
:100500005DF8047B7047000080B500AF0B4B1B68A3
:1005100001330A4A1360094B1968094BA3FB0123F5
:10052000DA0813469B0013445B00CA1A002A03D161
:1005300040F2091005F082FC00BF80BD0084FF1F5F
:10054000CDCCCCCC80B584B000AF002003F032FF1E
:100550000346032B2ED1194B1B680133174A136036
:100560003B461946002004F0B9F80346002B1CD185
:100570003B881A4641F2883302FB03F3002B01DA71
:1005800003F6FF731B139AB20D4B1A807B881A4631
:1005900041F2883302FB03F3002B01DA03F6FF7309
:1005A0001B139AB2074B1A8004E0074B1B680133F8
:1005B000054A136000BF1037BD4680BD3C85FF1F54
:1005C0002E85FF1F3085FF1F4485FF1F80B582B039
:1005D00000AF0B4B1B680133094A13603B461946B9
:1005E000012004F07BF80346002B04D0054B1B6868
:1005F0000133044A136000BF0837BD4680BD00BF09
:100600004085FF1F4485FF1F80B485B000AF0346BF
:100610003960FB71FB79002B02D13B68002B01D1C3
:10062000012335E03B681B7803F03F03BB733B6855
:1006300000225A703B680822DA70BB7B102B04D171
:100640003B6801229A70002322E0BB7B112B1BD157
:100650000023FB730BE0FA7B3B685968FB7B0B4480
:100660000E498A5CD2B21A70FB7B0133FB73FB7BB1
:10067000072BF0D93B6800229A70094B1B680133A5
:10068000074A1360002303E03B6802229A700123AB
:1006900018461437BD465DF8047B7047589CFF1F11
:1006A0005485FF1F80B485B000AF03463960FB71ED
:1006B000FB79002B1BD10023FB7310E0FB7B3A6816
:1006C0001A44FB7B11780D4AD154FB7B3A681A44DB
:1006D000FB7B11780A4AD154FB7B0133FB73FB7B14
:1006E000072BEBD9074B1B680133064A136000BF89
:1006F0001437BD465DF8047B704700BF4885FF1F77
:10070000589CFF1F5085FF1F80B582B000AF0023AB
:10071000BB710023FB71504801F07AF8002001F012
:10072000A1F800BF01F04CF80346002BFAD101F00C
:100730002BF800F09FF84949002004F03DF84849A3
:10074000012004F039F8002003F0DAFD012003F065
:10075000D7FD49F6404100200CF0BEFC00200CF013
:1007600011FC4FF4C04101200EF0A8F84FF4804175
:1007700000200EF0A3F84FF4405102200EF09EF836
:10078000002013F0FBFA0023FB7106E0FB793549EA
:10079000FA79CA54FB790133FB7197F90730002BC2
:1007A000F4DA0023FB7106E0FB792F49FA79CA5489
:1007B000FB790133FB71FB79132BF5D928232B4AE5
:1007C0002849002009F064F8002005F063FD0620A8
:1007D00005F076FB0346BB71BB79012B03D10121E8
:1007E000022005F0CCFB002009F014F8002140F2B3
:1007F000034005F0C4FB002008F092FB01E008F084
:100800005DFF002008F09AFD0346002BF7D101217F
:1008100040F2034005F0B3FB002004F03DF8012056
:1008200004F03AF8002013F0DDF80346002BCED197
:100830000F49002013F08EF80D4B5B6842F64472AE
:100840009342C4D80A4B5B6842F67B629342BED99E
:10085000002013F0CFFAFEE7404301001885FF1F88
:100860002885FF1F0484FF1F0485FF1F8484FF1F4A
:100870003485FF1F80B500AF0C4806F003FD002053
:1008800007F06AFC0A4808F0D9FD0A4803F048FE60
:1008900009480CF0DDFA09480DF086FF084805F01C
:1008A00073FC084812F090FE00BF80BDD0480100E4
:1008B000884B010018440100D44B0100244C010076
:1008C00050440100E84C010080B483B000AF002325
:1008D000FB71074B1B6803F00103012B01D10123BE
:1008E000FB71FB7918460C37BD465DF8047B7047F9
:1008F00000F0074080B58AB000AFFFF7E5FF034680
:10090000FB7700233B600023BB6100237B62002355
:100910003B6202233B6000237B6272E0794A7B6A80
:100920001B0113440C331B78022B02D1FB7F012BDC
:1009300063D1744A7B6A1B0113440C331B78002B70
:100940005BD0704A7B6A1B01134404331B68FB6055
:100950006C4A7B6A1B0113441B687B61694A7B6A92
:100960001B01134408331B681946664A7B6A1B0146
:10097000134404331B68CB1ABB61BB69DBB203F0C1
:100980000303DBB2FB71FB79DBB21A46BB699B1A2E
:100990009B08BB6100233B620CE03B6A9B00FA684A
:1009A0001A443B6A9B0079690B4412681A603B6ADF
:1009B00001333B623A6ABB699A42EED33B6A9B00C1
:1009C000FA681344BB603B6A9B007A6913443B613D
:1009D00000233B620AE0BA683B6A1A4439693B6A01
:1009E0000B4412781A703B6A01333B62FB79DBB22D
:1009F0001A463B6A9342EED300E000BF7B6A0133A4
:100A00007B623B687A6A9A4288D301233B60002369
:100A10007B626DE03C497A6A13465B0013449B009D
:100A20000B4408331B78022B02D1FB7F012B5BD1D7
:100A300035497A6A13465B0013449B000B44083324
:100A40001B78002B50D030497A6A13465B00134460
:100A50009B000B441B687B612B497A6A13465B0041
:100A600013449B000B4404331B68184626497A6ADA
:100A700013465B0013449B000B441B68C31ABB6105
:100A8000BB69DBB203F00303DBB2FB71FB79DBB2C2
:100A90001A46BB699B1A9B08BB6100233B6208E0B6
:100AA0003B6A9B007A69134400221A603B6A013357
:100AB0003B623A6ABB699A42F2D33B6A9B007A690D
:100AC00013443B6100233B6207E03A693B6A1344ED
:100AD00000221A703B6A01333B62FB79DBB21A4693
:100AE0003B6A9342F1D300E000BF7B6A01337B6233
:100AF0003B687A6A9A428DD300BF00BF2837BD4653
:100B000080BD00BF000400002004000080B400AFDE
:100B100000BFBD465DF8047B7047000080B586B01D
:100B200000AF07F041FA0346FB74124BFB60124B17
:100B3000BB60124A104BD31A9B087B6000237B6179
:100B40000CE07B699B00BA681A447B699B00F968DA
:100B50000B4412681A607B6901337B617A697B6898
:100B60009A42EED3064B034A1A6000BF1837BD46BF
:100B700080BD00BF0080FF1F000000003C0300009C
:100B800008ED00E080B400AFFEE780B500AFFFF7EE
:100B9000F9FF00BF80BD80B500AFFFF7F3FF00BFD6
:100BA00080BD80B500AFFFF7EDFF00BF80BD80B511
:100BB00000AFFFF7E7FF00BF80BD80B500AFFFF7D4
:100BC000E1FF00BF80BD80B500AFFFF7DBFF00BFD6
:100BD00080BD80B500AFFFF7D5FF00BF80BD80B5F9
:100BE00000AFFFF7CFFF00BF80BD80B500AFFFF7BC
:100BF000C9FF00BF80BD80B500AFFFF7C3FF00BFD6
:100C000080BD80B500AFFFF7BDFF00BF80BD80B5E0
:100C100000AFFFF7B7FF00BF80BD80B500AFFFF7A3
:100C2000B1FF00BF80BD80B500AFFFF7ABFF00BFD5
:100C300080BD80B500AFFFF7A5FF00BF80BD80B5C8
:100C400000AFFFF79FFF00BF80BD80B500AFFFF78B
:100C500099FF00BF80BD80B500AFFFF793FF00BFD5
:100C600080BD80B500AFFFF78DFF00BF80BD80B5B0
:100C700000AFFFF787FF00BF80BD80B500AFFFF773
:100C800081FF00BF80BD80B500AFFFF77BFF00BFD5
:100C900080BD80B500AFFFF775FF00BF80BD80B598
:100CA00000AFFFF76FFF00BF80BD80B500AFFFF75B
:100CB00069FF00BF80BD80B500AFFFF763FF00BFD5
:100CC00080BD80B500AFFFF75DFF00BF80BD80B580
:100CD00000AFFFF757FF00BF80BD80B500AFFFF743
:100CE00051FF00BF80BD80B500AFFFF74BFF00BFD5
:100CF00080BD80B500AFFFF745FF00BF80BD80B568
:100D000000AFFFF73FFF00BF80BD80B500AFFFF72A
:100D100039FF00BF80BD80B500AFFFF733FF00BFD4
:100D200080BD80B500AFFFF72DFF00BF80BD80B54F
:100D300000AFFFF727FF00BF80BD80B500AFFFF712
:100D400021FF00BF80BD80B500AFFFF71BFF00BFD4
:100D500080BD80B500AFFFF715FF00BF80BD80B537
:100D600000AFFFF70FFF00BF80BD80B500AFFFF7FA
:100D700009FF00BF80BD80B500AFFFF703FF00BFD4
:100D800080BD80B500AFFFF7FDFE00BF80BD80B520
:100D900000AFFFF7F7FE00BF80BD80B500AFFFF7E3
:100DA000F1FE00BF80BD80B500AFFFF7EBFE00BFD6
:100DB00080BD80B500AFFFF7E5FE00BF80BD80B508
:100DC00000AFFFF7DFFE00BF80BD80B500AFFFF7CB
:100DD000D9FE00BF80BD80B500AFFFF7D3FE00BFD6
:100DE00080BD80B500AFFFF7CDFE00BF80BD80B5F0
:100DF00000AFFFF7C7FE00BF80BD80B500AFFFF7B3
:100E0000C1FE00BF80BD80B500AFFFF7BBFE00BFD5
:100E100080BD80B500AFFFF7B5FE00BF80BD80B5D7
:100E200000AFFFF7AFFE00BF80BD80B500AFFFF79A
:100E3000A9FE00BF80BD80B500AFFFF7A3FE00BFD5
:100E400080BD80B500AFFFF79DFE00BF80BD80B5BF
:100E500000AFFFF797FE00BF80BD80B500AFFFF782
:100E600091FE00BF80BD80B500AFFFF78BFE00BFD5
:100E700080BD80B500AFFFF785FE00BF80BD80B5A7
:100E800000AFFFF77FFE00BF80BD80B500AFFFF76A
:100E900079FE00BF80BD80B500AFFFF773FE00BFD5
:100EA00080BD80B500AFFFF76DFE00BF80BD80B58F
:100EB00000AFFFF767FE00BF80BD80B500AFFFF752
:100EC00061FE00BF80BD80B500AFFFF75BFE00BFD5
:100ED00080BD80B500AFFFF755FE00BF80BD80B577
:100EE00000AFFFF74FFE00BF80BD80B500AFFFF73A
:100EF00049FE00BF80BD80B500AFFFF743FE00BFD5
:100F000080BD80B500AFFFF73DFE00BF80BD80B55E
:100F100000AFFFF737FE00BF80BD80B500AFFFF721
:100F200031FE00BF80BD80B500AFFFF72BFE00BFD4
:100F300080BD80B500AFFFF725FE00BF80BD80B546
:100F400000AFFFF71FFE00BF80BD80B500AFFFF709
:100F500019FE00BF80BD80B500AFFFF713FE00BFD4
:100F600080BD80B500AFFFF70DFE00BF80BD80B52E
:100F700000AFFFF707FE00BF80BD80B500AFFFF7F1
:100F800001FE00BF80BD80B500AFFFF7FBFD00BFD5
:100F900080BD80B500AFFFF7F5FD00BF80BD80B517
:100FA00000AFFFF7EFFD00BF80BD80B500AFFFF7DA
:100FB000E9FD00BF80BD80B500AFFFF7E3FD00BFD6
:100FC00080BD80B500AFFFF7DDFD00BF80BD80B5FF
:100FD00000AFFFF7D7FD00BF80BD80B500AFFFF7C2
:100FE000D1FD00BF80BD80B500AFFFF7CBFD00BFD6
:100FF00080BD80B500AFFFF7C5FD00BF80BD80B5E7
:1010000000AFFFF7BFFD00BF80BD80B500AFFFF7A9
:10101000B9FD00BF80BD80B500AFFFF7B3FD00BFD5
:1010200080BD80B500AFFFF7ADFD00BF80BD000003
:1010300080B500AF104BD3F888300F4A43F47003EB
:10104000C2F888300D4B1B680C4A43F080231360B4
:101050000B4B4BF231621A60094B4CF278221A604A
:10106000074B5B68064A23F001035360054807F00D
:1010700093F900BF80BD00BF00ED00E0000001401B
:1010800000A00640B44A010080B483B000AF78608D
:1010900000BF0C37BD465DF8047B704780B582B059
:1010A00000AF78607868FFF7EFFF00BF0837BD46F4
:1010B00080BD80B483B000AF786000BF0C37BD4600
:1010C0005DF8047B7047000090B482B000AF044626
:1010D000084611461A462346FB8003467B710B46A1
:1010E0003B711346FB700C4AFB8813800B4A3B791B
:1010F00013700B4A7B7913700A4AFB7813700A4B02
:101100001B8801339AB2084B1A800023184608370F
:10111000BD4690BC704700BF5885FF1F5A85FF1F12
:101120005B85FF1F5C85FF1F5E85FF1F90B482B04B
:1011300000AF0446084611461A462346FB80034684
:101140007B710B463B711346FB700C4AFB88138086
:101150000B4A3B7913700B4A7B7913700A4AFB7870
:1011600013700A4B1B8801339AB2084B1A80002374
:1011700018460837BD4690BC704700BF5885FF1F12
:101180005A85FF1F5B85FF1F5C85FF1F5E85FF1F64
:1011900080B483B000AF786000BF0C37BD465DF807
:1011A000047B704780B483B000AF0346FB7100BF7F
:1011B0000C37BD465DF8047B704780B483B000AF48
:1011C00003460A46FB711346BB7100BF0C37BD4690
:1011D0005DF8047B7047000080B483B000AF034625
:1011E000FB80B7F90630002B0BDBFB8803F01F02F6
:1011F0000749B7F906305B09012000FA02F241F80D
:10120000232000BF0C37BD465DF8047B704700BF4C
:1012100000E100E080B483B000AF0346FB80B7F983
:101220000630002B12DBFB8803F01F020A49B7F9D6
:1012300006305B09012000FA02F2203341F8232036
:10124000BFF34F8F00BFBFF36F8F00BF00BF0C37DE
:10125000BD465DF8047B704700E100E080B483B0D8
:1012600000AF0346FB80B7F90630002B0CDBFB8890
:1012700003F01F020749B7F906305B09012000FAA5
:1012800002F2603341F8232000BF0C37BD465DF801
:10129000047B704700E100E080B483B000AF0346F8
:1012A0003960FB80B7F90630002B0ADB3B68DAB205
:1012B0000C49B7F906305201D2B20B4483F800232F
:1012C0000AE03B68DAB20849FB8803F00F03043BED
:1012D0005201D2B20B441A7600BF0C37BD465DF8FE
:1012E000047B704700E100E000ED00E080B483B0D3
:1012F00000AF0346FB80B7F90630002B09DB0D4A2F
:10130000B7F90630134493F80033DBB25B09DBB264
:1013100009E0094AFB8803F00F03043B13441B7EDA
:10132000DBB25B09DBB218460C37BD465DF8047BC7
:10133000704700BF00E100E000ED00E080B483B042
:1013400000AF0346FB71FB79002B01D100BEFDE726
:1013500000BF0C37BD465DF8047B704780B483B096
:1013600000AF0346FB71FB79002B01D100BEFDE706
:1013700000BF0C37BD465DF8047B704780B483B076
:1013800000AF7860BFF35F8F00BF0B4A7B6843F00C
:1013900001035360094B5B6A084A43F4803353628C
:1013A000BFF34F8F00BFBFF36F8F00BF00BF0C377D
:1013B000BD465DF8047B704790ED00E000ED00E075
:1013C00080B400AFBFF35F8F00BF0B4B5B6A0A4A6C
:1013D00023F480335362094B5B68084A23F001030E
:1013E0005360BFF34F8F00BFBFF36F8F00BF00BFCD
:1013F000BD465DF8047B704700ED00E090ED00E035
:1014000080B487B000AF78600B46FB701346BB70AA
:10141000FB789B08FB75FB7803F00303DB003B6163
:10142000FF223B6902FA03F3FB60FB7D012B16D818
:10143000FA7D7B680C3253F82220FB68DB4302EA1A
:101440000301BA783B6902FA03F31A46FB681340BA
:10145000FA7D19437B680C3243F8221000E000BF8C
:101460001C37BD465DF8047B7047000080B582B034
:1014700000AF03460A46FB711346BB71BA79FB798C
:1014800019460348FFF7BCFF00BF0837BD4680BDC3
:1014900090ED00E080B483B000AF786039607B6885
:1014A0003A689A607B6800221A6100BF0C37BD461B
:1014B0005DF8047B7047000080B582B000AF7860B3
:1014C00079680348FFF7E6FF00BF0837BD4680BDD7
:1014D00090ED00E080B485B000AFF860B9607A604C
:1014E0003B60FB68BA689A60FB687A68DA60FB6800
:1014F0003A681A6100BF1437BD465DF8047B704737
:1015000080B584B000AFF860B9607A607B68BA6873
:10151000F9680348FFF7DEFF00BF1037BD4680BD06
:1015200090ED00E080B582B000AF7860786810F090
:10153000DBFD00BF0837BD4680BD000080B584B02C
:1015400000AF78600EF0D8F91B497A6813469B000B
:101550001344DB000B441B78FB730EF0F1F9FB7BAB
:10156000002B0ED10EF0C8F913497A6813469B0080
:101570001344DB000B44103300221A600EF0E0F934
:1015800014E00D497A6813469B001344DB000B44BA
:1015900010331B68032B09D907497A6813469B004F
:1015A0001344DB000B44103300221A60FB7B184607
:1015B0001037BD4680BD00BFBC90FF1F80B582B014
:1015C00000AF03460A46FB711346BB80FB79022B32
:1015D00016D0022B1FDC002B02D0012B05D01AE005
:1015E000BB88184610F0BEFD16E0BA880C491346B9
:1015F0009B001344DB000B44243301221A700BE0E0
:10160000BA8808491346DB009B1A9B000B44113330
:1016100001221A7000E000BF00BF0837BD4680BD40
:10162000BC90FF1F1C88FF1F80B483B000AF03462F
:101630000A46FB711346BB80FB79022B18D0022BA4
:1016400021DC002B02D0012B07D01CE0BB88114A03
:10165000DB00134400221A7116E0BA880E491346C3
:101660009B001344DB000B44243300221A700BE070
:10167000BA880A491346DB009B1A9B000B441133BE
:1016800000221A7000E000BF00BF0C37BD465DF8B5
:10169000047B70475C8DFF1FBC90FF1F1C88FF1FE1
:1016A00080B586B000AF786000237B617B689BB219
:1016B000184611F0BFFB03467B820E4B1B681A686D
:1016C0007B8A5B011344FB60FB681B79002B0AD10A
:1016D0007A8A094913469B001344DB000B441033FC
:1016E0001B687B6100E000BF7B6918461837BD4668
:1016F00080BD00BF1C9DFF1FBC90FF1F80B584B044
:1017000000AFF860B9601346FB71FB79012B19D16A
:101710000121B86811F000FF0346012B2BD1184BB3
:101720001B78FA799A4226D0F86811F0CBFD15495A
:10173000BA6813469B001344DB000B4402330122BA
:101740001A7018E00821B86811F0E6FE0346082B6D
:1017500011D10B4B1B78FA799A420CD0F86811F032
:10176000BFFD0849BA6813469B001344DB000B44D5
:10177000023300221A7000BF1037BD4680BD00BF83
:10178000149DFF1FBC90FF1F80B582B000AF0023E7
:10179000FB7100F005FD0346002B02D00123FB7115
:1017A00006E0064B1B68184600F012FE0346FB716C
:1017B000FB7918460837BD4680BD00BF709CFF1FEF
:1017C00080B582B000AF0223FB71064B1B78002B63
:1017D00003D000F0E5FC0346FB71FB79184608379F
:1017E000BD4680BD789CFF1F80B582B000AF0A2344
:1017F000FB71064B1B78002B03D000F0DFFE034685
:10180000FB71FB7918460837BD4680BD789CFF1FE9
:1018100080B582B000AF7860104B00221A70104A79
:101820007B6813600E4B1B681B68002B03D10C4BAD
:1018300000221A600EE00A4B1B68DB68184600F0B5
:10184000EBFC074B1B68DB69184600F0B4FF034B49
:1018500001221A7000BF0837BD4680BD789CFF1F6B
:10186000749CFF1F80B584B000AF0346FB7100235A
:10187000FB73154B1B78002B02D10123FB731DE07A
:10188000124B1B681B79FA799A4202D30123FB732E
:1018900014E00F4AFB7913700C4B1B681968FA7936
:1018A0001346DB009B1ADB000B440A4A1360094B0A
:1018B0001B68184600F012FE0346FB73FB7B1846BC
:1018C0001037BD4680BD00BF789CFF1F749CFF1F72
:1018D000799CFF1F709CFF1F80B584B000AF03464A
:1018E000FB710023BB600123FB73124B1B78002BA1
:1018F00002D10123FB7317E00F4B1B681B7EFA79A3
:101900009A4202D30123FB730EE00B4B1B689968CC
:10191000FA7913465B0013449B000B44BB60B86824
:1019200000F0A2FC0023FB73FB7B18461037BD467A
:1019300080BD00BF789CFF1F749CFF1F80B582B0E4
:1019400000AF78600E4B1B78002B14D00D4B1B683A
:101950001B7C1A467B6893420DD200F080FF094B36
:101960001B685B691A687B6813441B78184600F093
:101970009FFC00F097FF00BF0837BD4680BD00BF49
:10198000789CFF1F749CFF1F80B582B000AF4FF0A2
:10199000FF337B6000F0FCFD78607B6818460837F9
:1019A000BD4680BD80B582B000AF00237B600E4B8A
:1019B0001B78FF2B12D00D4B1B681A680A4B1B7843
:1019C00019460B46DB005B1ADB001344084A136020
:1019D000074B1B68184600F0AAFE78607B68184623
:1019E0000837BD4680BD00BF799CFF1F749CFF1F58
:1019F000709CFF1F80B400AF054B1B68044A23F0A6
:101A00000F03136000BFBD465DF8047B704700BF45
:101A100040C0074080B485B000AF78600123FB6010
:101A20007B681B79012B03D1FB6843F00203FB6049
:101A3000064B1B6823F003020449FB6813430B6049
:101A400000BF1437BD465DF8047B704710C00740E7
:101A500080B400AF054B1B68044A23F001031360F8
:101A600000BFBD465DF8047B704700BF10C0074053
:101A700080B400AF054B1B68044A23F001031360D8
:101A800000BFBD465DF8047B704700BF18C007402B
:101A900080B483B000AF786039600C4B1B6823F4CE
:101AA0007F0323F470637A68120402F47F013A68BA
:101AB000120202F470620A43044913430B6000BF30
:101AC0000C37BD465DF8047B704700BF0000014045
:101AD00080B400AF054B1B68044A23F00703136072
:101AE00000BFBD465DF8047B704700BF2CC00740B7
:101AF00080B483B000AF0346FB71084B1B6823F032
:101B00000302FB7903F00303044913430B6000BF96
:101B10000C37BD465DF8047B704700BF00C007402E
:101B200080B400AF044B1B6803F003031846BD46A6
:101B30005DF8047B704700BF08C0074080B400AF69
:101B4000034B00221A6000BFBD465DF8047B70475E
:101B500020C0074080B483B000AF064B1B6803F081
:101B600003037B607B68DBB218460C37BD465DF82B
:101B7000047B704708C0074080B400AF054B1B686A
:101B80001B0C03F03F0301331846BD465DF8047B90
:101B9000704700BF20C0074080B485B000AFF86038
:101BA000B9607A600D4B1B6823F00F1323F4706348
:101BB000FA68120402F47021BA68120202F4706228
:101BC00011437A6802F00F020A43044913430B6081
:101BD00000BF1437BD465DF8047B704704C0074062
:101BE00080B400AF034B1B681846BD465DF8047B0C
:101BF000704700BF0CC0074080B483B000AF074BF4
:101C00001B681B0903F001037B607B68DBB218468D
:101C10000C37BD465DF8047B704700BF20C007400D
:101C200080B400AF054B1B681B0A03F00F030133A0
:101C30001846BD465DF8047B704700BF20C00740D2
:101C400080B400AF054B1B681B0C03F00F0301337E
:101C50001846BD465DF8047B704700BF04C00740CE
:101C600080B485B000AF78607B68002B34D07B688F
:101C70001B79012B04D10123FB600023BB6003E02F
:101C80000023FB600123BB60164B1B6823F4FE435B
:101C900023F01003BA68120102F01001FA689203EF
:101CA00002F4804211437A685279120202F470629F
:101CB0001143FA68520302F400521143BA68120346
:101CC00002F480520A43074913430B60054B1B681B
:101CD000044A43F00103136000BF1437BD465DF8AA
:101CE000047B704718C0074080B483B000AF034640
:101CF000FB71084B1B6823F47062FB791B0203F431
:101D00007063044913430B6000BF0C37BD465DF898
:101D1000047B704718C0074080B483B000AF786080
:101D20007B68002B1FD0134B1B6823F47C1323F418
:101D300071637A681278120102F010017A68927861
:101D4000120402F47C1211437A685278120202F4EF
:101D500070620A43074913430B60064B1B68054A30
:101D600043F00103136000BF0C37BD465DF8047BF0
:101D7000704700BF20C0074080B483B000AF7860D8
:101D80007B68002B11D00C4B1B6823F47F4323F09E
:101D900007037A685278120291B27A68127802F0D8
:101DA00007020A43044913430B6000BF0C37BD46CA
:101DB0005DF8047B704700BF2CC0074080B487B03B
:101DC00000AF78600B46FB7000237B610023FB6053
:101DD0007B68002B65D0FB78042B62D87B687B6125
:101DE0000023FB7456E007F10C0319687B691B782C
:101DF0001A467B691B7C9A4007F10C030A431A6060
:101E000007F10C0319687B699B781A467B691B7C78
:101E100008339A4007F10C030A431A607B695B7828
:101E2000012B0BD107F10C0319687B691B7C103364
:101E300001229A4007F10C030A431A607B691B7C5C
:101E40001A461B4B1344DB001B681B0C1B047A69EE
:101E5000D28811467A69127C1046154A0244D20093
:101E60000B4313607B691B7CDA00124B13441B6825
:101E70001B0C1B047A69928810467A69127CD10087
:101E80000C4A0A44034313607B6914337B61FB7C77
:101E90000133FB74FA7CFB789A42A4D3064AFB68B0
:101EA000136000BF1C37BD465DF8047B704700BF60
:101EB00009F800084CC0074040C0074080B483B018
:101EC00000AF7860044B1A687B68134018460C37E3
:101ED000BD465DF8047B704708C0074080B485B0FC
:101EE00000AF78600023FB727B689B79012B1FD1C8
:101EF0000023FB607B689B681B79012B03D1FB6887
:101F000043F00203FB607B689B689B79012B03D144
:101F1000FB6843F00803FB607B689B685B79012BDF
:101F200003D1FB6843F00403FB60054AFB681360C0
:101F3000FB7A18461437BD465DF8047B704700BF36
:101F400014C0074080B586B000AF78600023FB75F1
:101F50007B681B7B012B2AD17B685B7B012B24D107
:101F600000233B610023FB607B681B691846FFF779
:101F700051FD0420FFF7A2FFF86006E00420FFF700
:101F80009DFFF8603B6901333B61FB68042B04D083
:101F90003B694CF24F329342F0D93B694CF24F32DD
:101FA000934204D90123FB7501E0FFF751FDFB7D4E
:101FB00018461837BD4680BD80B584B000AF786044
:101FC0000023FB737B681B7F012B0AD1FFF7B6FD53
:101FD0007B685B7F012B04D17B681B6A1846FFF787
:101FE0009BFEFB7B18461037BD4680BD80B586B092
:101FF00000AF78600023FB757B681B7D012B4AD105
:102000007B685B7D012B44D100233B610023FB6097
:102010000123FB720F237B720123BB727B689B69D8
:102020001846FFF71DFE0820FFF748FFF8601AE08A
:102030000820FFF743FFF860FB7A1846FFF754FECD
:10204000BA7AFB7A1344FB72FB7A012B02D101238B
:10205000BB7205E0FA7A7B7A9A4201D1FF23BB7208
:102060003B6901333B61FB68082B04D03B694CF2B0
:102070004F329342DCD93B694CF24F32934201D943
:102080000123FB757B689B695B791846FFF72CFE83
:1020900001E0FFF7EDFCFB7D18461837BD4680BD1B
:1020A00080B586B000AF78600023FB7500233B61EC
:1020B0000023FB607B685B7818467B689B78194639
:1020C0007B68DB781A46FFF767FDFFF789FDF8604C
:1020D00005E0FFF785FDF8603B6901333B617B68F4
:1020E0005B781B0403F470227B689B781B0203F46B
:1020F00070631A437B68DB7803F00F031343FA68BD
:102100009A4204D03B694CF24F329342E1D93B6989
:102110004CF24F32934201D90123FB75FB7D1846E7
:102120001837BD4680BD80B586B000AF0346FB7151
:102130000023FB7500233B61FB79BB60FB791846EC
:10214000FFF7D6FCFFF7ECFCF86005E0FFF7E8FCD2
:10215000F8603B6901333B61FA68BB689A4204D07E
:102160003B694CF24F329342F0D93B694CF24F320B
:10217000934201D90123FB75FB7D18461837BD46F4
:1021800080BD80B400AF054B1B68044A43F00403D4
:10219000136000BFBD465DF8047B704740C0074038
:1021A00080B483B000AF00233B600A4B1B685B091F
:1021B00003F001033B603B68002B02D00023FB715E
:1021C00001E00123FB71FB7918460C37BD465DF831
:1021D000047B704708C0074080B483B000AF0D4B4C
:1021E000DB687B607B689BB27B607B6843F0BF638E
:1021F00043F400337B607B6843F004037B60054A53
:102200007B68D360BFF34F8F00BF0C37BD465DF8CE
:10221000047B704700ED00E080B483B000AF7860CD
:102220007B68002B17D00F4B1B6823F0011323F49E
:102230007F437A68527802F001017A6812781204BA
:1022400002F4803211437A689278120292B20A4301
:10225000044913430B6000BF0C37BD465DF8047B97
:10226000704700BF04F0074080B485B000AF7860CD
:102270000023BB607B68002B14D07B681B68BB60AD
:102280000023FB6009E07B68197ABA68FB68134495
:102290000A461A60FB680133FB607B685B68FA687A
:1022A0009A42F0D300BF1437BD465DF8047B7047F7
:1022B00080B584B000AF0346FB71414B1B68404AB8
:1022C00023F000431360FB79002B06D13D4B1B69C3
:1022D0003C4A23F0020313616DE0FFF78BFBFB79AF
:1022E000013B032B50D801A252F823F063230000D6
:1022F000FD2200000B23000031230000314B1B693D
:10230000304A23F0040313613FE02E4B1B692D4A32
:1023100043F0040313612A4B1B68294A43F000432E
:102320001360294B1B68284A23F0030313602CE039
:10233000234B1B68224A43F000431360214B1B6967
:10234000204A43F0040313611F4B1B681E4A23F00D
:10235000020313601C4B1B681B4A43F0010313600C
:1023600013E0174B1B68164A43F000431360154BEC
:102370001B69144A43F004031361134B1B68124A90
:1023800043F00303136000E000BF104B1B68FB60C9
:102390000E4B00221A600B4B1B690A4A23F0020302
:1023A000136130BF094AFB681360064B1B69054A7D
:1023B00023F00403136100BF1037BD4680BD00BF8A
:1023C0000000014000ED00E00CE0074010E000E0FC
:1023D00080B584B000AF78600023FB737B681B7806
:1023E0001846FFF7A0FE0346FB73FB7B002B14D1BE
:1023F0007B68DA6A7B6893F8303019461046FFF73D
:10240000DDFCFFF765FB7B6893F82430012B04D1DA
:102410007B689B6A1846FFF7AFFCFB7B18461037BA
:10242000BD4680BD80B485B000AF78607B68002B6E
:102430004BD07B685B68FB60FB68002B45D00023BA
:10244000FB723DE0FB681B7803F1805303F5FA3320
:102450009B001A68FB681B7803F1805303F5FA337D
:102460009B00194622F001030B60FB681B7803F107
:10247000805303F5FA339B001B68174A1A40FB6828
:102480009B781B0203F4E061FB68DB781B0403F418
:1024900070231943FB685B7803F001031943FB6861
:1024A0001B7803F1805303F5FA339B00184642EA88
:1024B00001030360FB680433FB60FB7A0133FB72AA
:1024C0007B681B78FA7A9A42BCD300BF1437BD46AA
:1024D0005DF8047B704700BFFEF8F0FF80B584B064
:1024E00000AF78600123FB737B68002B4BD0FFF7B4
:1024F00081FA0320FFF717FE0346FB73FB7B002BDB
:1025000035D17B685B6B1846FFF78CFF7868FFF767
:10251000E5FC03461A46FB7B1343FB737868FFF721
:1025200011FD03461A46FB7B1343FB737868FFF7E4
:102530005DFD03461A46FB7B1343FB737868FFF788
:102540003BFD03461A46FB7B1343FB737B681B79F9
:102550001A467B685B7919461046FFF799FA786846
:10256000FFF79EFD03461A46FB7B1343FB73FB7B81
:10257000002B08D17B681B78012B04D07868FFF70B
:1025800027FF0346FB73FB7B18461037BD4680BD13
:1025900080B483B000AF074B1A68074B13407B60D1
:1025A000044B054A1A607B6818460C37BD465DF837
:1025B000047B704700F0074003031F0080B582B022
:1025C00000AFFFF7E5FF38603B68002B03D1344BC9
:1025D0001B683B6002E0324A3B6813603B68B3F51E
:1025E000801F3AD03B68B3F5801F51D83B68B3F5E4
:1025F000002F35D03B68B3F5002F49D83B68B3F5C1
:10260000802F30D03B68B3F5802F41D83B68B3F5BD
:10261000003F2BD03B68B3F5003F39D83B68B3F59A
:10262000803F26D03B68B3F5803F31D83B68B3F597
:10263000007F21D03B68B3F5007F29D83B68B3F514
:10264000807F1CD03B68B3F5807F21D83B68012B8D
:102650001BD03B68022B15D01AE00023FB711AE057
:102660000123FB7117E00223FB7114E00323FB71CC
:1026700011E00423FB710EE00523FB710BE0062340
:10268000FB7108E00723FB7105E00823FB7102E002
:102690000923FB7100BFFB7918460837BD4680BD92
:1026A0007C9CFF1F80B588B000AF78600023FB6181
:1026B0000023FB750023BB6100233B610023FB600B
:1026C0000223BB60FFF76CFD0346002B2AD17B6819
:1026D000002B27D0FFF790FA0346FB75FB7D002BFC
:1026E00002D0012B05D009E07B689B691B68BB61A8
:1026F00007E07B681B691B68BB6102E00023BB61CC
:1027000000BFFFF739FA3861FFF78AFAF860BB6952
:102710003A6903FB02F2BB68F96801FB03F3B2FB01
:10272000F3F3FB61FB6918462037BD4680BD80B5D9
:1027300086B000AF78600023FB7300237B61002329
:10274000BB6000233B61FFF705FA0346FB73FB7B8D
:10275000032B1FD801A252F823F000BF6D27000001
:1027600077270000812700008B2700007B681B690A
:102770001B687B610FE07868FFF794FF78610AE0DF
:102780007B689B691B687B6105E07B689B681B68B5
:102790007B6100E000BF7B69002B07D0FFF750FA98
:1027A000B8607A69BB68B2FBF3F33B613B691846DA
:1027B0001837BD4680BD80B485B000AF78607B68B7
:1027C000002B35D00023FB607B681B685B78DB0443
:1027D00003F40023FB607B681B681B7ADB0203F4B5
:1027E0000063FA681343FB607B681B681B7CDB009B
:1027F00003F00803FA681343FB60104AFB68136098
:102800007B681B681B78DB039BB2FB607B681B79D2
:102810001B0203F48073FA681343FB607B685B79E7
:10282000DB01DBB2FA681343FB60054AFB68136007
:1028300000BF1437BD465DF8047B704708E00740D1
:102840000CE0074080B483B000AFEFF310837B60EF
:102850007B6818460C37BD465DF8047B704780B531
:1028600000AF0E4B1B68002B11D1FFF7EBFF0346A7
:102870000B4A13600A4B1B6803F00103002B01D1C4
:10288000012300E00023002B01D072B600BF034BF0
:102890001B680133014A136000BF80BD8498FF1F8D
:1028A0008098FF1F80B400AF0D4B1B68013B0C4AA2
:1028B00013600C4B1B6803F00103002B01D10123B3
:1028C00000E00023002B05D0054B1B68002B01D135
:1028D00062B600BF00BFBD465DF8047B704700BF15
:1028E0008498FF1F8098FF1F80B483B000AFEFF380
:1028F00010837B607B6818460C37BD465DF8047B0F
:10290000704780B500AF0E4B1B68002B11D1FFF74D
:10291000EBFF03460B4A13600A4B1B6803F00103ED
:10292000002B01D1012300E00023002B01D072B65F
:1029300000BF034B1B680133014A136000BF80BD19
:102940008C98FF1F8898FF1F80B400AF0D4B1B6849
:10295000013B0C4A13600C4B1B6803F00103002B76
:1029600001D1012300E00023002B05D0054B1B689B
:10297000002B01D162B600BF00BFBD465DF8047BED
:10298000704700BF8C98FF1F8898FF1F80B500AF6D
:102990000E4B1B68002B11D1FFF7A6FF03460C4A14
:1029A00013600B4B1B6803F00103002B01D10123C3
:1029B00000E00023002B01D072B600BF034B1B6860
:1029C0000133024A136000BF80BD00BF9498FF1F0F
:1029D0009098FF1F80B400AF0D4B1B68013B0C4A61
:1029E00013600C4B1B6803F00103002B01D1012382
:1029F00000E00023002B05D0054B1B68002B01D104
:102A000062B600BF00BFBD465DF8047B704700BFE3
:102A10009498FF1F9098FF1F80B500AF0E4B1B6866
:102A2000002B11D1FFF760FF03460C4A13600B4BDC
:102A30001B6803F00103002B01D1012300E00023F8
:102A4000002B01D072B600BF034B1B680133024A52
:102A5000136000BF80BD00BF9C98FF1F9898FF1FA8
:102A600080B400AF0D4B1B68013B0C4A13600C4B4C
:102A70001B6803F00103002B01D1012300E00023B8
:102A8000002B05D0054B1B68002B01D162B600BF9F
:102A900000BFBD465DF8047B704700BF9C98FF1FD8
:102AA0009898FF1F80B500AF0E4B1B68002B11D10B
:102AB000FFF71AFF03460C4A13600B4B1B6803F029
:102AC0000103002B01D1012300E00023002B01D0E2
:102AD00072B600BF034B1B680133024A136000BF8C
:102AE00080BD00BFA498FF1FA098FF1F80B400AF57
:102AF0000D4B1B68013B0C4A13600C4B1B6803F029
:102B00000103002B01D1012300E00023002B05D09D
:102B1000054B1B68002B01D162B600BF00BFBD464C
:102B20005DF8047B704700BFA498FF1FA098FF1FAB
:102B300080B500AF0E4B1B68002B11D1FFF7D4FE00
:102B400003460C4A13600B4B1B6803F00103002B78
:102B500001D1012300E00023002B01D072B600BF99
:102B6000034B1B680133024A136000BF80BD00BFE6
:102B7000AC98FF1FA898FF1F80B400AF0D4B1B68D7
:102B8000013B0C4A13600C4B1B6803F00103002B44
:102B900001D1012300E00023002B05D0054B1B6869
:102BA000002B01D162B600BF00BFBD465DF8047BBB
:102BB000704700BFAC98FF1FA898FF1F80B500AFFB
:102BC0000E4B1B68002B11D1FFF78EFE03460C4AFB
:102BD00013600B4B1B6803F00103002B01D1012391
:102BE00000E00023002B01D072B600BF034B1B682E
:102BF0000133024A136000BF80BD00BFB498FF1FBD
:102C0000B098FF1F80B400AF0D4B1B68013B0C4A0E
:102C100013600C4B1B6803F00103002B01D101234F
:102C200000E00023002B05D0054B1B68002B01D1D1
:102C300062B600BF00BFBD465DF8047B704700BFB1
:102C4000B498FF1FB098FF1F80B500AF0E4B1B68F4
:102C5000002B11D1FFF748FE03460C4A13600B4BC3
:102C60001B6803F00103002B01D1012300E00023C6
:102C7000002B01D072B600BF034B1B680133024A20
:102C8000136000BF80BD00BFBC98FF1FB898FF1F36
:102C900080B400AF0D4B1B68013B0C4A13600C4B1A
:102CA0001B6803F00103002B01D1012300E0002386
:102CB000002B05D0054B1B68002B01D162B600BF6D
:102CC00000BFBD465DF8047B704700BFBC98FF1F86
:102CD000B898FF1F80B483B000AFEFF310837B6020
:102CE0007B6818460C37BD465DF8047B704780B59D
:102CF00000AF0E4B1B68002B11D1FFF7EBFF034613
:102D00000B4A13600A4B1B6803F00103002B01D12F
:102D1000012300E00023002B01D072B600BF034B5B
:102D20001B680133014A136000BF80BDC498FF1FB8
:102D3000C098FF1F80B400AF0D4B1B68013B0C4ACD
:102D400013600C4B1B6803F00103002B01D101231E
:102D500000E00023002B05D0054B1B68002B01D1A0
:102D600062B600BF00BFBD465DF8047B704700BF80
:102D7000C498FF1FC098FF1F80B483B000AFEFF36B
:102D800010837B607B6818460C37BD465DF8047B7A
:102D9000704780B500AF0E4B1B68002B11D1FFF7B9
:102DA000EBFF03460B4A13600A4B1B6803F0010359
:102DB000002B01D1012300E00023002B01D072B6CB
:102DC00000BF034B1B680133014A136000BF80BD85
:102DD000CC98FF1FC898FF1F80B400AF0D4B1B6835
:102DE000013B0C4A13600C4B1B6803F00103002BE2
:102DF00001D1012300E00023002B05D0054B1B6807
:102E0000002B01D162B600BF00BFBD465DF8047B58
:102E1000704700BFCC98FF1FC898FF1F80B500AF58
:102E20000E4B1B68002B11D1FFF7A6FF03460C4A7F
:102E300013600B4B1B6803F00103002B01D101232E
:102E400000E00023002B01D072B600BF034B1B68CB
:102E50000133024A136000BF80BD00BFD498FF1F3A
:102E6000D098FF1F80B400AF0D4B1B68013B0C4A8C
:102E700013600C4B1B6803F00103002B01D10123ED
:102E800000E00023002B05D0054B1B68002B01D16F
:102E900062B600BF00BFBD465DF8047B704700BF4F
:102EA000D498FF1FD098FF1F80B500AF0E4B1B6852
:102EB000002B11D1FFF760FF03460C4A13600B4B48
:102EC0001B6803F00103002B01D1012300E0002364
:102ED000002B01D072B600BF034B1B680133024ABE
:102EE000136000BF80BD00BFDC98FF1FD898FF1F94
:102EF00080B400AF0D4B1B68013B0C4A13600C4BB8
:102F00001B6803F00103002B01D1012300E0002323
:102F1000002B05D0054B1B68002B01D162B600BF0A
:102F200000BFBD465DF8047B704700BFDC98FF1F03
:102F3000D898FF1F80B500AF0E4B1B68002B11D136
:102F4000FFF71AFF03460C4A13600B4B1B6803F094
:102F50000103002B01D1012300E00023002B01D04D
:102F600072B600BF034B1B680133024A136000BFF7
:102F700080BD00BFE498FF1FE098FF1F80B400AF42
:102F80000D4B1B68013B0C4A13600C4B1B6803F094
:102F90000103002B01D1012300E00023002B05D009
:102FA000054B1B68002B01D162B600BF00BFBD46B8
:102FB0005DF8047B704700BFE498FF1FE098FF1F97
:102FC00080B500AF0E4B1B68002B11D1FFF7D4FE6C
:102FD00003460C4A13600B4B1B6803F00103002BE4
:102FE00001D1012300E00023002B01D072B600BF05
:102FF000034B1B680133024A136000BF80BD00BF52
:10300000EC98FF1FE898FF1F80B400AF0D4B1B68C2
:10301000013B0C4A13600C4B1B6803F00103002BAF
:1030200001D1012300E00023002B05D0054B1B68D4
:10303000002B01D162B600BF00BFBD465DF8047B26
:10304000704700BFEC98FF1FE898FF1F80B500AFE6
:103050000E4B1B68002B11D1FFF78EFE03460C4A66
:1030600013600B4B1B6803F00103002B01D10123FC
:1030700000E00023002B01D072B600BF034B1B6899
:103080000133024A136000BF80BD00BFF498FF1FE8
:10309000F098FF1F80B400AF0D4B1B68013B0C4A3A
:1030A00013600C4B1B6803F00103002B01D10123BB
:1030B00000E00023002B05D0054B1B68002B01D13D
:1030C00062B600BF00BFBD465DF8047B704700BF1D
:1030D000F498FF1FF098FF1F80B500AF0E4B1B68E0
:1030E000002B11D1FFF748FE03460C4A13600B4B2F
:1030F0001B6803F00103002B01D1012300E0002332
:10310000002B01D072B600BF034B1B680133024A8B
:10311000136000BF80BD00BFFC98FF1FF898FF1F21
:1031200080B400AF0D4B1B68013B0C4A13600C4B85
:103130001B6803F00103002B01D1012300E00023F1
:10314000002B05D0054B1B68002B01D162B600BFD8
:1031500000BFBD465DF8047B704700BFFC98FF1FB1
:10316000F898FF1F80B500AF0E4B1B68002B11D1E4
:10317000FFF702FE03460C4A13600B4B1B6803F07B
:103180000103002B01D1012300E00023002B01D01B
:1031900072B600BF034B1B680133024A136000BFC5
:1031A00080BD00BF0499FF1F0099FF1F80B400AFCE
:1031B0000D4B1B68013B0C4A13600C4B1B6803F062
:1031C0000103002B01D1012300E00023002B05D0D7
:1031D000054B1B68002B01D162B600BF00BFBD4686
:1031E0005DF8047B704700BF0499FF1F0099FF1F23
:1031F00080B500AF0E4B1B68002B11D1FFF7BCFD53
:1032000003460C4A13600B4B1B6803F00103002BB1
:1032100001D1012300E00023002B01D072B600BFD2
:10322000034B1B680133024A136000BF80BD00BF1F
:103230000C99FF1F0899FF1F80B400AF0D4B1B684E
:10324000013B0C4A13600C4B1B6803F00103002B7D
:1032500001D1012300E00023002B05D0054B1B68A2
:10326000002B01D162B600BF00BFBD465DF8047BF4
:10327000704700BF0C99FF1F0899FF1F80B500AF72
:103280000E4B1B68002B11D1FFF776FD03460C4A4D
:1032900013600B4B1B6803F00103002B01D10123CA
:1032A00000E00023002B01D072B600BF034B1B6867
:1032B0000133024A136000BF80BD00BF1499FF1F95
:1032C0001099FF1F80B400AF0D4B1B68013B0C4AE7
:1032D00013600C4B1B6803F00103002B01D1012389
:1032E00000E00023002B05D0054B1B68002B01D10B
:1032F00062B600BF00BFBD465DF8047B704700BFEB
:103300001499FF1F1099FF1F80B500AF0E4B1B686B
:10331000002B11D1FFF730FD03460C4A13600B4B15
:103320001B6803F00103002B01D1012300E00023FF
:10333000002B01D072B600BF034B1B680133024A59
:10334000136000BF80BD00BF1C99FF1F1899FF1FAD
:1033500080B400AF0D4B1B68013B0C4A13600C4B53
:103360001B6803F00103002B01D1012300E00023BF
:10337000002B05D0054B1B68002B01D162B600BFA6
:1033800000BFBD465DF8047B704700BF1C99FF1F5E
:103390001899FF1F80B483B000AFEFF310837B60F8
:1033A0007B6818460C37BD465DF8047B704780B5D6
:1033B00000AF0E4B1B68002B11D1FFF7EBFF03464C
:1033C0000B4A13600A4B1B6803F00103002B01D169
:1033D000012300E00023002B01D072B600BF034B95
:1033E0001B680133014A136000BF80BD2499FF1F91
:1033F0002099FF1F80B400AF0D4B1B68013B0C4AA6
:1034000013600C4B1B6803F00103002B01D1012357
:1034100000E00023002B05D0054B1B68002B01D1D9
:1034200062B600BF00BFBD465DF8047B704700BFB9
:103430002499FF1F2099FF1F80B500AF0E4B1B681A
:10344000002B11D1FFF7A6FF03460C4A13600B4B6C
:103450001B6803F00103002B01D1012300E00023CE
:10346000002B01D072B600BF034B1B680133024A28
:10347000136000BF80BD00BF2C99FF1F2899FF1F5C
:1034800080B400AF0D4B1B68013B0C4A13600C4B22
:103490001B6803F00103002B01D1012300E000238E
:1034A000002B05D0054B1B68002B01D162B600BF75
:1034B00000BFBD465DF8047B704700BF2C99FF1F1D
:1034C0002899FF1F80B500AF0E4B1B68002B11D150
:1034D000FFF760FF03460C4A13600B4B1B6803F0B9
:1034E0000103002B01D1012300E00023002B01D0B8
:1034F00072B600BF034B1B680133024A136000BF62
:1035000080BD00BF3499FF1F3099FF1F80B400AF0A
:103510000D4B1B68013B0C4A13600C4B1B6803F0FE
:103520000103002B01D1012300E00023002B05D073
:10353000054B1B68002B01D162B600BF00BFBD4622
:103540005DF8047B704700BF3499FF1F3099FF1F5F
:1035500080B483B000AFEFF310837B607B681846C4
:103560000C37BD465DF8047B704780B500AF0E4B4D
:103570001B68002B11D1FFF7EBFF03460B4A1360CA
:103580000A4B1B6803F00103002B01D1012300E06B
:103590000023002B01D072B600BF034B1B68013320
:1035A000014A136000BF80BD3C99FF1F3899FF1F7F
:1035B00080B400AF0D4B1B68013B0C4A13600C4BF1
:1035C0001B6803F00103002B01D1012300E000235D
:1035D000002B05D0054B1B68002B01D162B600BF44
:1035E00000BFBD465DF8047B704700BF3C99FF1FDC
:1035F0003899FF1F80B483B000AF0346FB71FB799D
:10360000084A32F833309BB2022B04D9FB79054AC1
:10361000022122F8331000BF0C37BD465DF8047B51
:10362000704700BFC885FF1F80B584B000AF034658
:10363000FB710B46BB711346BB800023FB73104B21
:103640001B78002B08D1BA79F9790A237B20FDF782
:103650003BFD0123FB730EE0BB88184600F012F817
:103660000346012B07D1BA79F97915237B20FDF7A1
:103670002BFD0123FB73FB7B18461037BD4680BD35
:10368000809CFF1F80B485B000AF0346FB80002301
:10369000FB730023BB730023BB730FE0134B1B684A
:1036A0009968BA7B13465B0013449B000B441B884C
:1036B000FA889A4209D0BB7B0133BB730B4B1B6862
:1036C0005B78BA7B9A42E9D300E000BF074B1B68E6
:1036D0005B78BA7B9A4201D30123FB73FB7B1846CC
:1036E0001437BD465DF8047B704700BF849CFF1F04
:1036F00080B485B000AF0346FB80FF23FB73234BF0
:103700001B689968FA8813465B0013449B000B44BE
:103710001B88BB811D4B1B689968FA8813465B00A8
:1037200013449B000B449B68DB685B79FB720023AE
:10373000FB730EE0FA7AFB7B1549920013445B00A1
:103740000B445B889BB2BA899A420CD0FB7B013355
:10375000FB73FB7B9AB2FB7A0D4931F833309BB295
:103760009A42E7D300E000BFFB7B9AB2FB7A08499C
:1037700031F833309BB29A4201D3FF23FB73FB7BBA
:1037800018461437BD465DF8047B7047849CFF1FC4
:10379000C885FF1F90B585B000AF0346FB71FB796C
:1037A000184601F073FEFB79184601F0F3FEFB7931
:1037B0001846FFF71FFFFB793C4A32F833309BB2C3
:1037C000012B58D90023BB73FFF7B2F9FB79374AB5
:1037D00032F833309AB2FB79013A91B2334A22F887
:1037E00033100023FB7315E0F879FB7B0133F97983
:1037F000FA7B2E4C800003445B0023445B889CB220
:103800002A488B0013445B00034422465A80FB7B0A
:103810000133FB73FB7B9AB2FB79244931F83330D7
:103820009BB29A42E0D3FB79FA79204931F83220F1
:1038300092B211461D4A9B000B445B0013444FF6A5
:10384000FF725A80FFF798F9FB79184ADB0013449E
:103850005B889BB2184601F0CDFF0346BB73BB7B70
:103860009AB2FB791146184601F0FEFEFB79184624
:1038700001F030FE16E0FB790C4A32F833309BB28F
:10388000012B0FD1FFF754F9FB79084A002122F8E8
:103890003310FB79054ADB0013444FF6FF725A8060
:1038A000FFF76AF900BF1437BD4690BDC885FF1FFA
:1038B000B0B586B002AF0346FB800023FB73002344
:1038C000BB7300237B733A4B1B689968FA881346D5
:1038D0005B0013449B000B449B68DB685B79BB7304
:1038E000FB8834491A010A440A3212780132D1B2F3
:1038F000304A1B0113440A330A461A702C4B1B68CA
:103900009968FA8813465B0013449B000B449B683C
:10391000DB681B79FB73FB88264A1B0113440A33BF
:103920001B78013B7B7300233B73FB88214A1B01FF
:10393000134404331A68FB7B797B01FB03F35B00C0
:10394000D418FB7B9DB21A4B1B689968FA88134602
:103950005B0013449B000B445B6893F82630F988A6
:10396000B87B00932B46224601F024FE03463B73AE
:103970003B7B002B0FD1FB880E4A1B0113440A33FB
:103980001A78FB88013AD1B20A4A1B0113440A3360
:103990000A461A7003E0FB88184601F061FFBB7B02
:1039A000184601F0F7FD00BF1037BD46B0BD00BF9F
:1039B000849CFF1F6885FF1F80B584B000AF03465D
:1039C000FB710123FB73FB79184601F003FD0346ED
:1039D000BB81BB894FF6FF7293424FD0294B1B68C6
:1039E0009968BA8913465B0013449B000B449B689B
:1039F0001B7C002B42D1FB79184601F0B7FD034632
:103A0000012B3BD1BB891846FFF752FFBA89FB79DE
:103A10001146184601F094FF0346FB73FB7B002B15
:103A20002CD1FB79184A32F833309BB2002B1DD0D1
:103A3000FB79154ADB0013445B889BB2184601F002
:103A4000D9FE0346DBB2BB81BB89104A1B0113447C
:103A50001B78032B12D0BA89FB791146184601F066
:103A600003FEFB79184601F035FD07E0FB791846A7
:103A700001F00CFDFB79184601F08CFD00BF1037FA
:103A8000BD4680BD849CFF1FC885FF1F6885FF1F42
:103A900080B483B000AF0346FB80FB883A4A1B0129
:103AA00013441B78022B02D0032B1CD065E0FB884B
:103AB000354A1B01134401221A70FB88324A1B014C
:103AC00013440A3300221A70FB882F4A1B01134447
:103AD0000B3300221A70FB882B4A1B0113440C3352
:103AE00000221A7049E0294B1B689968FA8813462E
:103AF0005B0013449B000B449B685B78012B20D137
:103B0000224B1B689968FA8813465B0013449B009C
:103B10000B449B681B78002B0CD01C4B1B689968CE
:103B2000FA8813465B0013449B000B449B681B7A86
:103B3000012B06D1FB88144A1B01134401221A7081
:103B400005E0FB88104A1B01134400221A70FB8811
:103B50000D4A1B0113440A3300221A70FB880A4ADB
:103B60001B0113440B3300221A70FB88064A1B0109
:103B700013440C3300221A7000BF00BF0C37BD463F
:103B80005DF8047B704700BF6885FF1F849CFF1FA2
:103B900080B584B000AF03463960FB803E4B1B68A4
:103BA0009968FA8813465B0013449B000B449B689A
:103BB000DB681B79BB810023FB73FB88374A1B0141
:103BC00013441B78032B0DD1334B1B689968FA887B
:103BD00013465B0013449B000B449B685B7A013BDC
:103BE000FB730EE0FB882D4A1B0113441B78022B4C
:103BF00007D1FB88294A1B0113440A331B78013B78
:103C0000FB73FB881846FFF743FF0023BB7339E0C3
:103C1000214B1B689968FA8813465B0013449B008C
:103C20000B449B681B7C022B15D1FB881B4A1B0194
:103C3000134404331A68FB7BB989013103FB01F19A
:103C4000BB7B0B445B001A44BB7B5B0039680B44B5
:103C500012881A8013E0FB88104A1B0113440433B6
:103C60001A68FB7BB98903FB01F1BB7B0B445B004A
:103C70001A44BB7B5B0039680B4412881A80BB7BFB
:103C80000133BB73BB7B9BB2BA899A42C0D800BFD9
:103C900000BF1037BD4680BD849CFF1F6885FF1F95
:103CA00080B584B000AF03463960FB800023FB730E
:103CB0003C4B1B689968FA8813465B0013449B00D1
:103CC0000B449B68DB681B797B730023BB73FB8809
:103CD000354A1B0113441B78032B19D1314B1B6848
:103CE0009968FA8813465B0013449B000B449B6859
:103CF0005B7A013BBB732B4B1B689968FA881346B0
:103D00005B0013449B000B449B685B7AFB7315E0DC
:103D1000FB88254A1B0113441B78022B0ED1FB881C
:103D2000214A1B0113440A331B78013BBB73FB88F8
:103D30001D4A1B0113440A331B78FB73FB8818468A
:103D4000FFF7A6FE174B1B689968FA8813465B00BD
:103D500013449B000B449B681B7C022B0FD1FB88F8
:103D6000114A1B01134404331A68BB7B797B013170
:103D700001FB03F35B001A443B681A600DE0FB880B
:103D8000094A1B01134404331A68BB7B797B01FB8E
:103D900003F35B001A443B681A60FB7B184610373C
:103DA000BD4680BD849CFF1F6885FF1F80B584B021
:103DB00000AF0346FB800B467B7113467B807B790B
:103DC000184601F007FB0346FB817B79384A32F83D
:103DD00033309BB2002B11D17B79354ADB00134481
:103DE000FA885A807B79324A012122F833107A8886
:103DF0007B791146184601F037FC55E07B792C4A57
:103E000032F833309BB2012B2ED17B79284ADB006C
:103E100013445B889BB2FA889A4245D0FB89254AB5
:103E20001B0113441B78032B0CD17B79204ADB0048
:103E30001344FA885A807A887B791146184601F033
:103E400013FC31E07B791A4ADB001344FA889A802C
:103E50007B79174A32F833309AB27B79013291B2CA
:103E6000134A22F833101FE07B881846FFF740FC06
:103E70000346FF2B18D17B797A790D4931F832202E
:103E800092B211460A4A9B000B445B001344FA8825
:103E90005A807B79064A32F833309AB27B79013204
:103EA00091B2034A22F8331000BF1037BD4680BDDF
:103EB000C885FF1F6885FF1F90B585B000AF03461A
:103EC0000A46FB711346BB800023BB73BB881846B0
:103ED000FFF70EFC03467B73FB791846FFF78AFB5E
:103EE000FB793E4A32F833309BB2002B72D07B7B99
:103EF0009AB2FB79394931F833309BB29A4269D290
:103F0000FB79364A32F833309AB2FB79013A91B2F2
:103F1000324A22F833100023FB7315E0F879FB7B5B
:103F20000133F979FA7B2D4C800003445B00234474
:103F30005B889CB229488B0013445B0003442246F3
:103F40005A80FB7B0133FB73FB7B9AB2FB792349DD
:103F500031F833309BB29A42E0D3FB79FA791F49AA
:103F600031F8322092B211461C4A9B000B445B0090
:103F700013444FF6FF725A80FB79184A32F83330F7
:103F80009BB2002B26D0FB79144ADB0013445B88DC
:103F90009BB2184601F02EFC0346BB73104B1B6806
:103FA0009968BA7B13465B0013449B000B449B68E3
:103FB0001B7C002B0ED1FB79184601F067FAFB79C8
:103FC000184601F0E7FABB7B9AB2FB791146184616
:103FD00001F04AFB00BF1437BD4690BDC885FF1FE6
:103FE000849CFF1F80B584B000AF0346FB710B4675
:103FF000BB8013467B80FB79374A32F833309BB263
:10400000002B44D0FB79184601F040FA7B88334AF4
:104010001B0113441B78012B0AD1FEF715FE7A8889
:10402000F979BB881846FFF7C1FEFEF731FE10E0B4
:104030007B882A4A1B0113441B78002B09D1FEF709
:1040400003FE7A88FB7911461846FFF735FFFEF725
:104050001FFEFB79204A32F833309BB2002B36D05A
:10406000FB791D4ADB0013445B889BB2184601F0C4
:10407000C1FB0346FB81FB89184A1B0113441B78D3
:10408000032B24D0FB79184601F024FA1FE07B882B
:10409000124A1B0113441B78012B18D1FEF7D4FDE3
:1040A000FB790D4A012122F83310FB790A4ADB0023
:1040B0001344BA885A80FEF7EBFD7A88FB791146E3
:1040C000184601F0D1FAFB79184601F003FA00BF57
:1040D0001037BD4680BD00BFC885FF1F6885FF1F24
:1040E00080B582B000AF554B1B78002B06D10A2358
:1040F000012200217B20FCF7E7FF9AE00023BB713F
:104100000023FB7113E0FB794D4A1B0113441B781C
:10411000002B09D0FB794A4A1B0113441B78032B5F
:1041200002D00123BB7108E0FB790133FB71454BE1
:104130001B685B78FA799A42E5D3BB79012B06D1EB
:104140000B23012200217B20FCF7F0FF71E000230C
:10415000FB7137E03B4B1B685968FA7913469B00AB
:1041600013440B441B78184601F0E2F9354B1B68E9
:104170005968FA7913469B0013440B441B781A467E
:10418000314B002123F8321000237B7114E02D4BBA
:104190001B685968FA7913469B0013440B441B783B
:1041A0001A467B792849920013445B000B44FF2296
:1041B0005A807B7901337B717B79012BE7D9FB79BD
:1041C0000133FB711F4B1B681B78FA799A42C1D3EC
:1041D0000023FB7124E0FB79194A1B0113440022E0
:1041E0001A70FB79164A1B0113440A3300221A7015
:1041F000FB79134A1B011344043300221A60FB7934
:104200000F4A1B0113440D3300221A70FB790C4A2C
:104210001B011344083300221A70FB790133FB7130
:10422000FB79052BD7D9054B00221A70054B0022CC
:104230001A6000BF0837BD4680BD00BF809CFF1FCD
:104240006885FF1F849CFF1FC885FF1F80B584B051
:1042500000AF0346FB800023FB730023BB81254B8B
:104260001B78002B08D10A23082200217B20FCF7B1
:104270002BFF0123FB730EE0FB881846FFF702FAC1
:104280000346012B07D11523082200217B20FCF7D0
:104290001BFF0123FB73FB88184601F0ABFA0346B2
:1042A000BB81FB7B002B16D1134B1B689968BA8925
:1042B00013465B0013449B000B449B68BB60BB68C8
:1042C0005B68002B07D11823082200217B20FCF714
:1042D000FBFE0123FB73FB7B002B06D1BB89074A46
:1042E0001B0113440D3300221A7000BF1037BD4666
:1042F00080BD00BF809CFF1F849CFF1F6885FF1F3F
:1043000080B584B000AF0346FB800023FB7300231D
:10431000BB81254B1B78002B08D10A2307220021E3
:104320007B20FCF7D1FE0123FB730EE0FB881846CF
:10433000FFF7A8F90346012B07D115230722002117
:104340007B20FCF7C1FE0123FB73FB88184601F0BC
:1043500051FA0346BB81FB7B002B16D1134B1B6824
:104360009968BA8913465B0013449B000B449B6811
:10437000BB60BB685B68002B07D1182307220021B4
:104380007B20FCF7A1FE0123FB73FB7B002B06D1F6
:10439000BB89074A1B0113440D3301221A7000BF69
:1043A0001037BD4680BD00BF809CFF1F849CFF1F4F
:1043B0006885FF1F80B584B000AF0346FB800023F3
:1043C000BB730023FB73FB881A4609210020FFF70B
:1043D0002BF90346BB73BB7B002B20D10023BB8191
:1043E0000023FB72FB88184601F004FA0346BB81E8
:1043F0000D4B1B689968BA8913465B0013449B00F8
:104400000B449B68DB685B79FB72FB7A1846FFF70D
:10441000D3FABB89054A1B0113441B78FB73FB7B52
:1044200018461037BD4680BD849CFF1F6885FF1F5E
:1044300080B584B000AF03463960FB800023FB7376
:104440000023BB730023BB81FB881A460B2100208D
:10445000FFF7EAF80346FB73FB7B002B18D1FB88C0
:10446000184601F0C7F90346BB81BB892A4A1B01E4
:1044700013441B78002B0ED10C230B2200217B2030
:10448000FCF722FE3B6800221A600123FB7302E066
:104490003B6800221A60FB7B002B38D11F4B1B6846
:1044A0009968BA8913465B0013449B000B449B68D0
:1044B000DB685B79FB723B6800221A60FB7A184666
:1044C000FFF77AFABB89144A1B0113441B78022BAD
:1044D00006D0BB89104A1B0113441B78032B11D152
:1044E000FEF754FABB8939681846FFF7D9FB034633
:1044F000BB73FEF76FFABA89F988FB7A1846FFF7A3
:1045000071FD04E03B6800221A600023BB73BB7B93
:1045100018461037BD4680BD6885FF1F849CFF1F6D
:1045200080B584B000AF78600023FB73674B1B78C5
:10453000012B06D10D23002200217B20FCF7C4FDB6
:10454000BFE07B68002B08D10E23002200217B20D6
:10455000FCF7BAFD0123FB7302E05D4A7B68136040
:10456000FB7B002B40F0AD800023BB7372E0584B07
:104570001B685968BA7B13469B0013440B441846CA
:1045800000F06CFF524B1B685968BA7B13469B00C6
:1045900013440B441B78184600F078FF4C4B1B6803
:1045A0005968BA7B13469B0013440B441B7818468A
:1045B00000F0AAFF464B1B685968BA7B13469B0064
:1045C00013440B441B781A46424B002123F8321047
:1045D00000237B7315E03E4B1B685968BA7B13467A
:1045E0009B0013440B441B781A467B7B394992008D
:1045F00013445B000B444FF6FF725A807B7B013300
:104600007B737B7B012BE6D9314B1B685968BA7BE6
:1046100013469B0013440B441B78002B0BD12C4BEF
:104620001B685968BA7B13469B0013440B441B79E3
:10463000184600F0F1FE264B1B685968BA7B1346FA
:104640009B0013440B441B78184600F0F7FEBB7B1D
:104650000133BB731E4B1B681B78BA7B9A4286D30F
:104660001A4B01221A700023BB7324E0BB7B1A4A49
:104670001B01134400221A70BB7B174A1B01134411
:10468000083300221A70BB7B134A1B011344093301
:1046900000221A70BB7B104A1B0113440A3300220C
:1046A0001A70BB7B0C4A1B0113440D3300221A7095
:1046B000BB7B0133BB73064B1B685B78BA7B9A42AA
:1046C000D4D300BF1037BD4680BD00BF809CFF1F04
:1046D000849CFF1FC885FF1F6885FF1F80B584B0BD
:1046E00000AF03463960FB800023FB730023BB81CE
:1046F000FB881A4604210020FEF796FF0346FB7351
:10470000FB88184601F076F80346BB81FB7B002B43
:104710000ED1BB89264A1B0113441B78002B07D1FD
:104720000C23042200217B20FCF700FD0123FB73F6
:10473000FB7B002B37D11F4B1B689968BA89134646
:104740005B0013449B000B449B68DB685B79FB7246
:10475000FB7A1846FFF730F9BB89154A1B01134451
:104760001B78022B06D0BB89114A1B0113441B780E
:10477000032B0FD1FEF750F9BB8939681846FFF7B4
:1047800007FAFEF76DF9BA89F988FB7A1846FFF740
:1047900029FC08E0BB89064A1B0113441B78012B46
:1047A00001D10123FB73FB7B18461037BD4680BD4A
:1047B0006885FF1F849CFF1F80B584B000AF03464F
:1047C0003960FB800023FB73314B1B78002B08D131
:1047D0000A230C2200217B20FCF776FC0123FB73CB
:1047E0001AE03B68002B08D114230C2200217B2007
:1047F000FCF76AFC0123FB730EE0FB881846FEF70A
:1048000041FF0346012B07D115230C2200217B20F9
:10481000FCF75AFC0123FB73FB7B002B33D10023F5
:10482000BB81FB88184600F0E5FF0346BB81BB89CE
:10483000184A1B0113441B78002B08D00B230C22B1
:1048400000217B20FCF772FC0123FB731BE0BB897A
:10485000104A1B01134404333A681A60BB890D4A9D
:104860001B011344083301221A70BB89094A1B013A
:1048700013440A3300221A70BB89064A1B011344F1
:10488000093300221A70FB7B18461037BD4680BDE5
:10489000809CFF1F6885FF1F80B584B000AF034672
:1048A000FB800023FB730023BB810023FB72FB888A
:1048B0001A4602210020FEF7B7FE0346FB73FB7B7E
:1048C000002B2BD1FB88184600F094FF0346BB81D8
:1048D000614B1B689968BA8913465B0013449B00BF
:1048E0000B449B68DB78012B08D11723022200219F
:1048F0007B20FCF7E9FB0123FB730FE0BB89574AE0
:104900001B01134408331B78002B07D11923022203
:1049100000217B20FCF7D8FB0123FB73FB7B002BE2
:1049200029D14D4B1B689968BA8913465B00134423
:104930009B000B449B68DB685B79FB72BB89474A31
:104940001B0113441B78002B06D0BB89434A1B0173
:1049500013441B78032B06D1FB7A414A32F83330DB
:104960009BB2012B07D90B23022200217B20FCF7ED
:10497000DDFB0123FB73FB7B002B68D1BB89374A2E
:104980001B0113440A3300221A70BB89334A1B01EE
:1049900013440B3300221A70BB89304A1B011344A5
:1049A0000C3300221A70FEF77DF8FF23BB72FB7AEE
:1049B0002B4A32F833309BB2002B2BD0FB7A284A9B
:1049C000DB0013445B889BB2FA889A4222D0FB7AC0
:1049D000234A32F833309BB2BB72FA7ABB7A204951
:1049E000920013445B000B44FA885A80FB7A1C4AFD
:1049F00032F833309AB2FB7A013291B2184A22F877
:104A00003310BB89154A1B01134401221A70FEF7AB
:104A10006DF81CE0FB7A124ADB001344FA885A80D6
:104A2000FB7A0F4A012122F83310BB890B4A1B0184
:104A3000134401221A70FEF759F8BA89FB7A11461D
:104A4000184600F011FEFB7A184600F043FD00BF47
:104A50001037BD4680BD00BF849CFF1F6885FF1FC7
:104A6000C885FF1F90B585B000AF0346FB800023CB
:104A7000FB730023BB810023BB72FB881A46032112
:104A80000020FEF7D1FD0346FB73FB7B002B2AD1F0
:104A9000FB88184600F0AEFE0346BB81804B1B68C6
:104AA0009968BA8913465B0013449B000B449B68CA
:104AB000DB78012B08D11723032200217B20FCF790
:104AC00003FB0123FB730EE0BB89764A1B011344F1
:104AD0001B78002B07D10C23032200217B20FCF73D
:104AE000F3FA0123FB73FB7B002B40F0D5806C4B6A
:104AF0001B689968BA8913465B0013449B000B44FA
:104B00009B68DB685B79BB72BB7A674ADB00134446
:104B10005B889BB2FA889A4203D1BB7A184600F0B0
:104B2000B5FC00237B72BB7A5F4A32F833309BB20C
:104B3000012B40F28680BB891846FEF7D9FD03465B
:104B40007B727B7A002B04D1BB7A1846FEF722FEDB
:104B50007CE07A7ABB7A544931F833309BB2013B1E
:104B60009A421ED1FDF7E4FFBA7ABB7A4E4931F87A
:104B700033309BB2013B4C49920013445B000B4421
:104B80004FF6FF725A80BB7A474A32F833309AB2F6
:104B9000BB7A013A91B2444A22F83310FDF7ECFF98
:104BA00054E07B7AFF2B51D0BB7A184600F06EFCA4
:104BB000FDF7BEFFBB7A1846FEF71CFDBB7A3A4AEA
:104BC00032F833309AB2BB7A013A91B2364A22F8BF
:104BD00033107B7AFB7215E0B87AFB7A0133B97A2D
:104BE000FA7A314C800003445B0023445B889CB21A
:104BF0002D488B0013445B00034422465A80FB7A05
:104C00000133FB72FB7A9AB2BB7A274931F8333011
:104C10009BB29A42E0D3BB7ABA7A234931F8322068
:104C200092B21146204A9B000B445B0013444FF69E
:104C3000FF725A80FDF7A0FFBB7A184600F04AFCCD
:104C400004E0BB7A184A002122F83310BB7A164AD6
:104C500032F833309BB2002B03D1BB7A184600F0F8
:104C600015FCBB890F4A1B01134400221A70BB8933
:104C70000C4A1B011344093300221A70BB89094AEC
:104C80001B0113440A33FF221A70BB89054A1B011A
:104C900013440D3300221A7000BF1437BD4690BD77
:104CA000849CFF1F6885FF1FC885FF1F80B500AF6C
:104CB000002000F0BDFE00BF80BD000080B485B0C4
:104CC00000AF78600B46FB707B681B69FB60FB687C
:104CD00023F47063FB60FB781B0203F47063FA68D3
:104CE0001343FB607B68FA681A6100BF1437BD4646
:104CF0005DF8047B704780B485B000AF78600B46E8
:104D0000FB707B681B69FB60FB6823F0FF03FB60A3
:104D1000FB78FA681343FB607B68FA681A6100BF8E
:104D20001437BD465DF8047B704780B485B000AF92
:104D300078600B46FB707B685B69FB60FB6823F067
:104D4000FF03FB60FB78FA681343FB607B68FA683B
:104D50005A6100BF1437BD465DF8047B704780B4CC
:104D600083B000AF78600B46FB7013463B80FB7846
:104D7000072B07D8FB783A88D1B27A6813440A46E1
:104D800083F82C2000BF0C37BD465DF8047B7047CC
:104D900080B483B000AF78607B689B6843F0080202
:104DA0007B689A6000BF0C37BD465DF8047B704796
:104DB00080B483B000AF78607B689B68DB08DBB2AF
:104DC00003F00103DBB218460C37BD465DF8047BE7
:104DD000704780B483B000AF78607B689B6843F015
:104DE00004027B689A6000BF0C37BD465DF8047B07
:104DF000704780B483B000AF78607B689B689B0885
:104E0000DBB203F00103DBB218460C37BD465DF898
:104E1000047B704780B483B000AF78607B68002269
:104E20005A6000BF0C37BD465DF8047B704780B404
:104E300085B000AF78600B46FB707B68DB68FB6079
:104E4000FB6823F40063FB60FB78DB0203F4006380
:104E5000FA681343FB607B68FA68DA6000BF1437B6
:104E6000BD465DF8047B704780B483B000AF7860C6
:104E70007B689B6843F002027B689A6000BF0C3736
:104E8000BD465DF8047B704780B483B000AF7860A6
:104E90007B689B685B08DBB203F00103DBB218465A
:104EA0000C37BD465DF8047B704780B485B000AF19
:104EB00078600B46FB707B689B68FB60FB78012B7E
:104EC00004D1FB6843F01003FB6003E0FB6823F0B0
:104ED0001003FB607B68FA689A6000BF1437BD4618
:104EE0005DF8047B704780B483B000AF78607B6866
:104EF0009B6843F001027B689A6000BF0C37BD4697
:104F00005DF8047B704780B483B000AF78607B6845
:104F10009B68DBB203F00103DBB218460C37BD46D9
:104F20005DF8047B704780B485B000AF78607B6823
:104F30001B68BB600023FB73BB68DB0803F0010345
:104F4000BB60BB68002B01D00123FB73FB7B1846C1
:104F50001437BD465DF8047B704780B485B000AF60
:104F600078607B681B68BB600023FB73BB689B0990
:104F700003F00103BB60BB68002B01D00123FB736E
:104F8000FB7B18461437BD465DF8047B704780B440
:104F900083B000AF78607B6808221A6000BF0C37CE
:104FA000BD465DF8047B704780B483B000AF786085
:104FB0007B68DB6C9BB218460C37BD465DF8047B02
:104FC000704780B483B000AF786039607B683A681E
:104FD000DA6000BF0C37BD465DF8047B704780B4D3
:104FE00083B000AF78607B684FF0FF321A6000BF7B
:104FF0000C37BD465DF8047B704780B483B000AFCA
:10500000786039607B683A685A6000BF0C37BD46EB
:105010005DF8047B704780B485B000AF78607B6832
:1050200000229A607B684FF0FF321A607B68002292
:105030005A607B68124ADA607B684FF428721A6102
:105040007B6802225A617B6800229A617B680D4A64
:10505000DA610023FB7308E0FB7B7A6813440022CB
:1050600083F82C20FB7B0133FB73FB7B072BF3D9ED
:1050700000BF00BF1437BD465DF8047B704700BF1A
:10508000100000070000FF0F2DE9B00F8FB000AF38
:1050900003460A46FB851346BB85002387F8373055
:1050A0007F4B1B689968FA8D13465B0013449B0085
:1050B0000B445B6893F82030062B00F2DA8001A2E3
:1050C00052F823F0E1500000195100008151000016
:1050D00073520000B7510000ED510000455200002E
:1050E000BB8D00223B627A626D4B1B689968FA8D1A
:1050F00013465B0013449B000B445B68D3E9062313
:10510000D7E9084521468A4229468B41C0F0B5803F
:10511000012387F83730B0E0BB8D0022BB61FA6114
:105120005F4B1B689968FA8D13465B0013449B0024
:105130000B445B68D3E90623D7E9064521468A423A
:1051400029468B4180F09B80BB8D00223B617A61B8
:10515000534B1B689968FA8D13465B0013449B0000
:105160000B445B68D3E90223D7E9044521468A4210
:1051700029468B41C0F08380012387F837307EE0D9
:10518000BB8D0022BB60FA60454B1B689968FA8DA5
:1051900013465B0013449B000B445B68D3E9022376
:1051A000D7E9024521468A4229468B4169D201232B
:1051B00087F8373065E0BB8D00223B607A60384B62
:1051C0001B689968FA8D13465B0013449B000B44DF
:1051D0005B68D3E90623D7E9004521468A42294680
:1051E0008B4150D2012387F837304CE0BB8D002231
:1051F0009A4693462A4B1B689968FA8D13465B00C2
:1052000013449B000B445B68D3E90623524573EBC0
:105210000B0313D2BB8D002298469146204B1B688E
:105220009968FA8D13465B0013449B000B445B683E
:10523000D3E90223424573EB090326D2012387F801
:10524000373022E0BB8D00221C461546144B1B68EC
:105250009968FA8D13465B0013449B000B445B680E
:10526000D3E90223A242AB4111D3012387F837309F
:105270000DE0012387F837300AE000BF08E000BFE7
:1052800006E000BF04E000BF02E000BF00E000BF96
:1052900097F8373018463C37BD46BDE8B00F704729
:1052A000849CFF1F80B584B000AF03463960FB715A
:1052B0003B68FB600A4B1846FFF7D6FD02E0FB682F
:1052C000013BFB60064B1846FFF7DEFD0346012B52
:1052D00002D1FB68002BF2D100BF1037BD4680BD64
:1052E0000000044080B584B000AF03463960FB7114
:1052F0003B68FB600A4B1846FFF7F5FD02E0FB68D0
:10530000013BFB60064B1846FFF7FDFD0346002BF3
:1053100002D1FB68002BF2D100BF1037BD4680BD23
:105320000000044080B582B000AF0346FB71044B1F
:105330001846FFF754FE00BF0837BD4680BD00BFCA
:105340000000044080B584B000AF0346FB714FF607
:10535000FF73FB810023BB81FB790C4ADB00134404
:105360005B88FB81FB89184600F044FA0346BB8149
:10537000BA89FB791146184600F076F9FB79184690
:1053800000F0A8F800BF1037BD4680BDC885FF1FDC
:1053900080B584B000AF0346FB710C4BFB6006E0A8
:1053A0000B4B1846FFF700FEFB68013BFB60084B08
:1053B0001846FFF7D2FD0346012B02D0FB68002BF5
:1053C000EED100BF1037BD4680BD00BFA0860100F2
:1053D0000000044080B584B000AF0346FB714FF677
:1053E000FF73FB81FB790B4A32F833309BB2002B01
:1053F0000AD0FB79074ADB0013445B889BB218464E
:1054000000F0F8F90346FB81FB8918461037BD46CA
:1054100080BD00BFC885FF1F80B582B000AF0346C6
:10542000FB71054AFB7919461046FFF73EFD00BFA8
:105430000837BD4680BD00BF0000044080B582B083
:1054400000AF0346FB71FB7903491846FFF74AFF9B
:1054500000BF0837BD4680BDA086010080B584B07E
:1054600000AF7860084BFB607B689B781946F86852
:10547000FFF724FC7B68DB781946F868FFF73BFCF4
:1054800000BF1037BD4680BD0000044080B584B029
:1054900000AF0346FB710023FB600C4BFB600C4B21
:1054A0001846FFF775FC02E0FB68013BFB60084B08
:1054B0001846FFF77DFC0346012B02D1FB68002B49
:1054C000F2D100BF1037BD4680BD00BFA0860100ED
:1054D0000000044080B582B000AF0346FB71094B69
:1054E0001846FFF786FC0346002B07D1FB791846C8
:1054F000FFF74EFF034B1846FFF76BFC00BF083762
:10550000BD4680BD0000044080B582B000AF0346B8
:10551000FB71064B1846FFF77DFC044B0021184633
:10552000FFF785FC00BF0837BD4680BD0000044082
:1055300080B582B000AF0346FB71FB791846FFF7D8
:10554000A5FFFB791846FFF723FFFB7905491846AD
:10555000FFF7A8FE044B1846FFF75DFD00BF0837B4
:10556000BD4680BDA08601000000044080B584B027
:1055700000AF0346FB710023FB73054B1846FFF792
:10558000D2FC0346FB73FB7B18461037BD4680BD3B
:105590000000044080B582B000AF0346FB71044BAD
:1055A0001846FFF7F4FC00BF0837BD4680BD00BFBA
:1055B0000000044080B586B000AFBA601A460346CA
:1055C000FB730B46BB811346FB800023BB82012388
:1055D000FB75234B1846FFF7E7FC0023BB7535E04E
:1055E0001F4B1846FFF7E0FC0346BB821D4B1B68B0
:1055F0009968BA8913465B0013449B000B445B68AF
:105600001B7C012B19D1174B1B689968BA8913466B
:105610005B0013449B000B445B6893F82030032B22
:105620000BD0BA8ABB8911461846FFF72DFD0346F9
:10563000002B02D10023FB7505E0BB7D5B00BA683F
:105640001344BA8A1A80BB7D0133BB75BB7D9BB204
:10565000FA889A42C4D8FB7D18461837BD4680BDEB
:1056600000000440849CFF1F80B586B000AF034655
:105670000A46FB711346BB805B4BFB600023FB7249
:1056800000237B61FB791846FFF700FF574B1B682F
:105690009968BA8813465B0013449B000B445B680F
:1056A00093F827301946F868FFF73FFB4F4B1B680C
:1056B0009968BA8813465B0013449B000B449B68AF
:1056C000DB681B790133FB72484B1B689968BA8809
:1056D00013465B0013449B000B449B68DA68BB884D
:1056E0001179434A1B0113440C330A461A703F4B8D
:1056F0001B689968BA8813465B0013449B000B44EF
:105700005B6893F826301B0203F44072FB7A013B7E
:105710001B0603F0E06313437B61344B1B689968FD
:10572000BA8813465B0013449B000B449B68DB78EC
:10573000DB0203F400637A6913437B617969F868DB
:10574000FFF73FFC294B1B689968BA8813465B003A
:1057500013449B000B449B68DB681B681B789BB25F
:105760001A460021F868FFF7FAFA0123FB7418E0E3
:105770001E4B1B689968BA8813465B0013449B0054
:105780000B449B68DB681A68FB7C013B13441B7865
:105790009AB2FB7C1946F868FFF7E1FAFB7C01330B
:1057A000FB74FA7CFB7A9A42E2D3F868FFF717FCA5
:1057B00000237B610D4B1B689968BA8813465B0018
:1057C00013449B000B449B681B7C012B03D17B691A
:1057D00043F008037B617969F868FFF70EFC00BFAE
:1057E0001837BD4680BD00BF00000440849CFF1FE9
:1057F0006885FF1F80B485B000AF0346FB8000239F
:10580000FB8100237B7312E0144B1B6899687A7B41
:1058100013465B0013449B000B441B88FA889A4292
:1058200002D17B7BFB8108E07B7B01337B730B4BDD
:105830001B685B787A7B9A42E6D3084B1B685B78DF
:105840007A7B9A4203D3054B1B685B78FB81FB890B
:1058500018461437BD465DF8047B7047849CFF1FD3
:1058600080B483B000AF0346FB80FB88324A1B0143
:1058700013441B78032B44D0032B55DC002B05D09D
:10588000002B51DB013B012B4ED807E0FB882A4A55
:105890001B0113440A3300221A7046E0FB88264A93
:1058A0001B0113440A331978244B1B689868FA8843
:1058B00013465B0013449B0003449B685B7A994248
:1058C00018D3FB881C4A1B01134403221A701B4B7C
:1058D0001B689968FA8813465B0013449B000B44CD
:1058E0009A68FB88517A144A1B0113440A330A460A
:1058F0001A701AE0FB88104A1B01134402221A7026
:1059000013E00E4B1B689968FA8813465B0013443A
:105910009B000B449A68FB88517A074A1B01134489
:105920000A330A461A7000E000BF00BF0C37BD46BC
:105930005DF8047B704700BF6885FF1F849CFF1FD4
:1059400090B585B000AF03460A46FB711346BB8095
:105950000123FB73BB88334A1B0113441B78032BC1
:105960005BD1FDF72BF9304B1B689968BA88134659
:105970005B0013449B000B449B68DB78002B4AD1EF
:10598000FB792A4A32F833309BB2012B3CD9FB79A0
:10599000264A32F833309AB2FB79013A91B2234A5F
:1059A00022F833100023BB7315E0F879BB7B013379
:1059B000F979BA7B1D4C800003445B0023445B886B
:1059C0009CB21A488B0013445B00034422465A8061
:1059D000BB7B0133BB73BB7B9AB2FB79134931F8B4
:1059E00033309BB29A42E0D3FB79FA790F4931F810
:1059F000322092B211460D4A9B000B445B001344C7
:105A00004FF6FF725A8004E0FB79084A002122F821
:105A100033100023FB73FDF7F5F8FB7B18461437B2
:105A2000BD4690BD6885FF1F849CFF1FC885FF1F72
:105A3000B0B586B002AF0346FB710023FB81FB7952
:105A40001846FFF7C7FC0346FB81FB791846FFF7B2
:105A50008DFD0346012B40F0FB80FB894FF6FF7262
:105A6000934200F0F580FB791846FFF793FD7D4BDC
:105A70001B689968FA8913465B0013449B000B442A
:105A80009B68DB681B797B73FB89774A1B01134496
:105A90000A331B787A7B12FB03F3DAB2FB89724973
:105AA0001B010B440B331B7813443B730123FB7224
:105AB000FB896D4A1B01134404331A683B7B5B006E
:105AC000D418FB89684A1B0113440C331B789DB220
:105AD000644B1B689968FA8913465B0013449B006A
:105AE0000B445B6893F82630F989F87900932B46CC
:105AF0002246FFF75FFD0346FB72FB7A002B23D1A2
:105B0000FB89594A1B0113440B331B781946FB8947
:105B1000554A1B0113440C331B781944514B1B6825
:105B20009868FA8913465B0013449B0003449B6802
:105B3000DB681B7999424ADBFB894B4A1B01134402
:105B40000C3300221A7042E0FB89474A1B011344C0
:105B50000B331978FB89444A1B0113440C331A7820
:105B6000FB890A44D1B2404A1B0113440B330A4655
:105B70001A70FB893C4A1B0113440B331978394BCB
:105B80001B689868FA8913465B0013449B00034422
:105B90009B68DB681B79994219D3FB89324A1B0148
:105BA00013440A331A78FB890132D1B22E4A1B0101
:105BB00013440A330A461A70FB892B4A1B0113440B
:105BC0000B3300221A70FB891846FFF749FEFB8948
:105BD000254A1B0113440C3300221A70FA89FB7901
:105BE00011461846FFF7ACFEFB891F4A1B01134400
:105BF0000D331B78012B1AD1FB891B4A1B0113445F
:105C00001B78012B13D0FB89174A1B0113440B335C
:105C10001B78002B0BD1134B1B689968FA8913462C
:105C20005B0013449B000B449B685B689847FB79BF
:105C30000E4A32F833309BB2002B04D0FB79184661
:105C4000FFF780FB09E0FB791846FFF71FFC04E033
:105C5000FB791846FFF766FB00BF00BF1037BD4653
:105C6000B0BD00BF849CFF1F6885FF1FC885FF1F54
:105C700080B483B000AF03463960FB71FB7903F554
:105C8000800303F588731B0204331A463B681360D4
:105C900000BF0C37BD465DF8047B704780B483B00D
:105CA00000AF03463960FB71FB7903F5800303F510
:105CB00088731B0208331A463B68136000BF0C3719
:105CC000BD465DF8047B704780B483B000AF0346E7
:105CD000FB710B46BB7113467B717B79002B16D190
:105CE000FB7903F5800303F588731B0208331968F9
:105CF000BB7901229A40FB7903F5800303F5887391
:105D00001B020833184641EA0203036015E0FB79E1
:105D100003F5800303F588731B0204331968BB790C
:105D200001229A40FB7903F5800303F588731B0277
:105D30000433184641EA0203036000BF0C37BD4636
:105D40005DF8047B704780B483B000AF03460A4619
:105D5000FB711346BB71FB7903F5800303F5887370
:105D60001B0210331A68BB7922FA03F3DBB203F08B
:105D70000103DBB218460C37BD465DF8047B704763
:105D800080B483B000AF03463960FB71FB7903F543
:105D9000800303F588731B021A463B68136000BF3B
:105DA0000C37BD465DF8047B704780B483B000AF0C
:105DB0000346FB71FB7903F5800303F588731B022F
:105DC00010331B6818460C37BD465DF8047B7047DE
:105DD00080B485B000AF03460A46FB711346BB7121
:105DE0000023FB73FB7903F5800303F588731B0223
:105DF0000C331968BB7901229A40FB7903F58003C3
:105E000003F588731B020C33184641EA0203036052
:105E1000FB7903F5800303F588731B021A68BB79CD
:105E200022FA03F3DBB203F00103FB73FB7B18469A
:105E30001437BD465DF8047B7047000080B584B020
:105E400000AF0346FB800023FB73FB881B0A9BB259
:105E5000BB73FB887B73BB7B042B06D914231122F5
:105E600000217820FBF730F923E07B7B1F2B06D93C
:105E70000A23112200217820FBF726F919E0BB7BC9
:105E80000E4A52F823207B7B22FA03F303F001032E
:105E9000002B06D10A23112200217820FBF714F9E8
:105EA00007E07A7BBB7B11461846FFF791FF03465C
:105EB000FB73FB7B18461037BD4680BDF8400100E0
:105EC00080B584B000AF0346FB800023FB73FB88E2
:105ED0001B0A9BB2BB73FB887B73BB7B042B06D96D
:105EE0001423002200217820FBF7EEF823E07B7BCF
:105EF0001F2B06D90A23002200217820FBF7E4F8A3
:105F000019E0BB7B0E4A52F823207B7B22FA03F375
:105F100003F00103002B06D10A2300220021782080
:105F2000FBF7D2F807E07A7BBB7B11461846FFF7F8
:105F30000AFF0346FB73FB7B18461037BD4680BD46
:105F4000F840010080B584B000AF0346FB71002328
:105F5000FB60FB79042B08D914230222002178204E
:105F6000FBF7B2F80023FB6004E0FB791846FFF76B
:105F70001CFFF860FB6818461037BD4680BD80B531
:105F800084B000AF03460A46FB8013467B71FB8852
:105F90001B0A9BB2FB73FB88BB73FB7B042B06D9EC
:105FA0001423012200217820FBF78EF821E0BB7B2F
:105FB0001F2B06D90A23012200217820FBF784F841
:105FC00017E0FB7B0D4A52F82320BB7B22FA03F338
:105FD00003F00103002B06D10A23012200217820BF
:105FE000FBF772F805E07A79B97BFB7B1846FFF77F
:105FF0006BFE00BF1037BD4680BD00BFF8400100FA
:1060000080B582B000AF03463960FB71FB79042B89
:1060100006D91423032200217820FBF755F804E069
:10602000FB7939681846FFF7ABFE00BF0837BD465D
:1060300080BD80B586B000AF0346B9607A60FB735F
:1060400000237B61FB7B042B06D914230322002150
:106050007820FBF739F816E0FCF749FE7A68BB6850
:1060600013407B61FB7B79691846FFF701FEBB6833
:10607000DB437A6813407B61FB7B79691846FFF745
:106080000DFEFCF757FE00BF1837BD4680BD00BFB0
:1060900080B584B000AF0346FB710123FB731E4B38
:1060A0001B78012B02D00123FB7330E01B4B1B68D4
:1060B0001B78FA799A4202D30123FB7327E000236D
:1060C000FB73FB79164AD35C042B20D1FB7918466D
:1060D00000F044F90346012B19D1104B1B68596895
:1060E000FA791346DB009B1A9B000B445B68184649
:1060F000FAF7DFFF094B1B685968FA791346DB0092
:106100009B1A9B000B445B681846FBF741F8FB7B2E
:1061100018461037BD4680BDD885FF1FDC85FF1FA0
:10612000D985FF1F80B584B000AF0346FB71012302
:10613000FB73124B1B78012B1AD1114B1B681B7878
:10614000FA799A4214D2FB790E4AD35C042B02D11D
:106150000023FB730CE0FB79184600F00FF90346AF
:10616000012B05D0FB79074A0421D1540023FB738E
:10617000FB7B18461037BD4680BD00BFD885FF1F8A
:10618000DC85FF1FD985FF1F80B584B000AF786024
:106190000023FB73234B1B78002B01D00123FB73DF
:1061A000FB7B002B08D17B68002B02D10123FB7302
:1061B00002E01D4A7B681360FB7B002B2DD11A4B3C
:1061C0001B689B68184600F095F80023BB731EE01F
:1061D00000237B730AE0BA7B7B7B1449D2000A441C
:1061E000134400221A707B7B01337B737B7B072B6C
:1061F000F1D90D4B1A68BB7B1146184600F085F8A3
:10620000BB7B0B4A0421D154BB7B0133BB73BB7BEB
:10621000002BDDD0034B01221A7000BF1037BD46A2
:1062200080BD00BFD885FF1FDC85FF1FD085FF1F05
:10623000D985FF1F80B584B000AF0346FB710123F1
:10624000FB73114B1B78012B02D00123FB7316E06B
:106250000E4B1B681B78FA799A4202D30123FB7319
:106260000DE0FB790A4AD35C042B02D00123FB73B7
:1062700005E0FB79184600F057F80023FB73FB7B21
:1062800018461037BD4680BDD885FF1FDC85FF1F2F
:10629000D985FF1F80B584B000AF0346FB71012391
:1062A000FB73114B1B78012B02D00123FB7316E00B
:1062B0000E4B1B681B78FA799A4202D30123FB73B9
:1062C0000DE0FB790A4AD35C042B02D00123FB7357
:1062D00005E0FB79184600F034F80023FB73FB7BE4
:1062E00018461037BD4680BDD885FF1FDC85FF1FCF
:1062F000D985FF1F80B582B000AF7860786800F064
:106300003FFB00BF0837BD4680BD80B582B000AFFF
:1063100003463960FB71FB793968184600F040FB91
:1063200000BF0837BD4680BD80B582B000AF0346D0
:10633000FB71FB79184600F0B9FC00BF0837BD4679
:1063400080BD80B582B000AF0346FB71FB79184673
:1063500000F014FD00BF0837BD4680BD80B584B095
:1063600000AF0346FB71FB79184600F031FD034690
:10637000FB73FB7B18461037BD4680BD80B584B0EB
:1063800000AF0346FB71FB79184600F063FC03463F
:10639000FB73FB7B18461037BD4680BD80B584B0CB
:1063A00000AF78600123FB73FCF70AFE7B681B6B70
:1063B00043F400727B681A63FCF726FE786800F0ED
:1063C0000AF80346002B01D10023FB73FB7B184620
:1063D0001037BD4680BD80B485B000AF7860012322
:1063E000FB730023BB6002E0BB680133BB607B68CA
:1063F0001B6B03F40073B3F5007F03D1BB68B3F5E7
:106400007A7FF1D3BB68B3F57A7F01D20023FB73A7
:10641000FB7B18461437BD465DF8047B704780B59A
:1064200086B000AF0346FB712F4B1A68FB7913440B
:106430001B78FB75FB7D2D4A52F823305B781A469A
:106440002B4B53F822303B613B699B68FB603B69F7
:106450005B68BB60FB6803F02003002B0AD0BB68BD
:1064600003F02003002B05D0FB7D3969184600F0AE
:1064700061FD34E0FB6803F00403002B0AD0BB6825
:1064800003F00403002B05D0FB7D3969184600F0AA
:10649000ABFD24E0FB6803F00203002B0AD0BB68CD
:1064A00003F00203002B05D0FB7D3969184600F08C
:1064B00007FE14E0FB6803F00103002B0AD0BB6861
:1064C00003F00103002B05D0FB7D3969184600F06D
:1064D00029FE04E03B699A683B699A6000BF00BFEF
:1064E0001837BD4680BD00BFE485FF1FE085FF1F54
:1064F0009041010080B588B000AF0346FB710023D6
:10650000FB770023BB7700237B7700233B770023B7
:10651000FB760023BB7600237B7600233B769D4BE6
:106520001A68FB7913441B78BB75BB7D9A4A52F8F5
:1065300023305B781A46994B53F822303B613B6914
:10654000DB68FB603B695B68BB60BB6803F004030E
:10655000002B2CD0FB6803F40063002B09D001232F
:10656000BB77BB7D8E4A0321D1543B694FF4006257
:10657000DA60FB6803F48063002B09D00123BB774A
:10658000BB7D874A0421D1543B694FF48062DA60B5
:10659000FB6803F40073002B09D00123BB77BB7D9C
:1065A0007F4A0521D1543B694FF40072DA60FB68E1
:1065B00003F48053002B0ED0BB6803F48053002BF0
:1065C00009D001233B77BB7D754A0221D1543B6939
:1065D0004FF48052DA60FB6803F48073002B10D014
:1065E000BB6803F48073002B0BD001237B77BB7D4A
:1065F0006B4A0721D1543B694FF48072DA60012362
:10660000FB77FB6803F40053002B20D0BB6803F436
:106610000053002B1BD00123FB76BB7D3A699268A7
:10662000604941F82320FCF7E3FD3B691B6B43F411
:1066300000723B691A63FCF7FFFDBB7D584A0121DC
:10664000D1543B694FF40052DA600123FB77FB68B9
:1066500003F48043002B16D0BB6803F48043002B67
:1066600011D00123BB76BB7D4D4A0A21D154BB7D9D
:106670003A6992684B4941F823203B694FF48042C4
:10668000DA600123FB77FB6803F08003002B0FD057
:10669000BB6803F08003002B0AD001237B76BB7D0F
:1066A0003F4A0821D1543B698022DA600123FB77FD
:1066B000BB7D3D4AD35C032B03D1BB7D184600F064
:1066C00095F8FB7F012B12D13B694FF440729A6021
:1066D0000023FB7508E0FB7D3A691344002283F830
:1066E0003820FB7D0133FB75FB7D072BF3D93B691C
:1066F000DA683B69DA60BB7D2C4AD35C002B45D15C
:10670000BB7F012B06D1BB7D01211846FAF755FD51
:1067100001233B767B7F012B06D1BB7D02211846EE
:10672000FAF74BFD01233B763B7F012B06D1BB7D66
:1067300003211846FAF741FD01233B76FB7E012B2E
:1067400006D1BB7D04211846FAF737FD01233B76BD
:10675000BB7E012B06D1BB7D05211846FAF72DFD26
:1067600001233B767B7E012B06D1BB7D052118469C
:10677000FAF723FD01233B763B7E012B06D13B69D3
:1067800003229A60BB7D0A4A0721D15400BF2037FB
:10679000BD4680BDE485FF1FE085FF1F90410100DD
:1067A000EE85FF1FE885FF1FED85FF1FF085FF1FAA
:1067B000EF85FF1F80B500AF0120FFF730FE0120FD
:1067C000FFF798FE00BF80BD80B582B000AF786053
:1067D000FCF782FC7B681B6B43F400627B681A63E6
:1067E000FCF79EFC00BF0837BD4680BD80B584B075
:1067F00000AF0346FB71FB791B4A52F823305B78EC
:106800001A461A4B53F82230FB60FCF77DFDFB68FB
:106810004FF400729A60FB681B6843F00202FB6849
:106820001A60FB6820229A60FB685B6843F02002D4
:10683000FB685A60FB790E4A0421D154FB790D4A5A
:106840000021D154FB790C4A0421D154FB790B4A25
:106850000021D154FCF77CFDFB79094A0421D15475
:1068600000BF1037BD4680BDE085FF1F904101008D
:10687000ED85FF1FEE85FF1FEF85FF1FEC85FF1FD6
:10688000D985FF1F80B487B000AF78600F4A7B685E
:10689000B2FBF3F33B614FF47A623B69B2FBF3F373
:1068A0003B613B69FB73FB7B002B05D0FB7BFF222D
:1068B00002FA03F3FB7501E0FF23FB75FB7D18462D
:1068C0001C37BD465DF8047B704700BF809698007A
:1068D00080B584B000AF0346FB71FB790B4A52F8D8
:1068E00023305B781A460A4B53F82230FB60FCF7E2
:1068F00050FAFB681B6823F00202FB681A60FCF781
:106900006BFA00BF1037BD4680BD00BFE085FF1F9A
:106910009041010080B584B000AF0346FB71FB7964
:106920000C4A52F823305B781A460B4B53F822304E
:10693000FB60FCF773FAFB6820229A60FB685B68D7
:1069400023F02002FB685A60FCF78CFA00BF103776
:10695000BD4680BDE085FF1F9041010080B483B03B
:1069600000AF0346FB71FB79044A0721D15400BFF5
:106970000C37BD465DF8047B704700BFEF85FF1FF5
:1069800080B483B000AF7860044A7B68136000BFB6
:106990000C37BD465DF8047B704700BFE485FF1FE0
:1069A00090B589B000AF03463960FB713B68596808
:1069B000FA791346DB009B1A9B001A46FB790A44BE
:1069C0007A4941F82320FB79784A52F823305B78E2
:1069D0001A46774B53F82230BB613B685968FA7905
:1069E0001346DB009B1A9B001A46FB790A446F4949
:1069F00041F82320FB796F4A002142F82310FB79EC
:106A00006A4A52F823301B7AFB75FB79674A52F8C1
:106A10002320FB799178684AD154FB79634A52F874
:106A200023305B7ABB75BB6901221A60FB795F4A30
:106A300052F823305B8AFC791846FFF723FF0346A0
:106A40001A465E4B1A55FCF701FBBB691A68FB79C5
:106A50005949CB5C1B0103F01001BB7DDB0003F047
:106A600008031943FB7D1B0203F470630B431343BC
:106A700043F08002BB691A60FCF70CFBBB694FF462
:106A800060421A63FB79494A52F823305B8A3B61C2
:106A9000FB79464A52F82330DA683B69B2FBF3F3DC
:106AA0003B613B691B09FB603B6903F00F03BB6063
:106AB000BB69FA689A62BB69BA685A62BB694FF4EB
:106AC000E0629A61BB694FF6FF721A62BB694FF4CC
:106AD00040729A61FB79354A52F823301B7C1B02C5
:106AE00003F47063FA79314951F82220527C1A4339
:106AF000BB691A62BB6900221A64FB792E4AD35C17
:106B0000002B2ED1FB79294A52F823301B7D012B13
:106B100027D1FB79254A52F823305B7D1A46284B52
:106B200053F82220BB691A640023FB7711E0FB793C
:106B30001E4A52F823309A69FB7F13441A78FB7F70
:106B40001146BA6912339B0013445960FB7F01332D
:106B5000FB77FB79154A52F823305B7DFA7F9A4226
:106B6000E5D3BB699A68BB699A60FCF79DF9BB697C
:106B70001B6823F00102BB691A60FCF7B9F9BB6915
:106B800047F686125A60FB790B4AD35C002B05D17D
:106B9000BB695B6843F00102BB695A60FB79184628
:106BA000FFF724FE00BF2437BD4690BDE085FF1FE0
:106BB00090410100E885FF1FF085FF1FF185FF1F51
:106BC0004C41010080B584B000AF0346FB71012346
:106BD000FB73FB791C4A52F823305B781A461B4B37
:106BE00053F82230BB60B868FFF7D8FB0346002B90
:106BF00021D1BB684FF400729A60BB6841F63C72C9
:106C00005A63BB68002283F838200123BB7308E075
:106C1000BB7BBA681344FF2283F83820BB7B013367
:106C2000BB73BB7B072BF3D9FB79094A0321D154F2
:106C30000023FB7303E0FB791846FFF749FEFB7B5B
:106C400018461037BD4680BDE085FF1F904101000A
:106C5000ED85FF1F80B584B000AF0346FB710123B3
:106C6000FB73FB790F4A52F823305B781A460E4BC0
:106C700053F82230BB60B868FFF790FB0346002B47
:106C800006D1FB791846FFF7B1FD0023FB7303E043
:106C9000FB791846FFF71CFEFB7B18461037BD46F4
:106CA00080BD00BFE085FF1F9041010080B584B02A
:106CB00000AF0346FB71FB79294A52F823305B7819
:106CC0001A46284B53F82230BB60FB791846FFF771
:106CD000FFFDB868FFF762FB0346002B26D1FB7966
:106CE000214AD25CBB6883F83820FCF7C7FABB683E
:106CF0001B6B43F48052BB681A630023FB600EE0F9
:106D0000FB680133FB60FB79184600F0EFF803469F
:106D1000012B04D1FB79154A0521D15404E0FB680D
:106D20004FF6FE729342EBD9FCF7CCFAFB79104A8E
:106D30000721D154FB790F4A0021D154FB790E4A27
:106D4000002142F82310FB791846FFF7E3FDFB7999
:106D5000064A0521D15400BF1037BD4680BD00BF93
:106D6000E085FF1F90410100F185FF1FD985FF1FBE
:106D7000EF85FF1FEE85FF1FE885FF1F80B582B0FE
:106D800000AF0346FB71FB791846FFF7A1FDFB79C5
:106D90001846FFF7BFFDFB79094A0721D154FB795B
:106DA000084A0021D154FB79074A002142F82310F8
:106DB000FB79064A0521D15400BF0837BD4680BD86
:106DC000EF85FF1FEE85FF1FE885FF1FD985FF1F99
:106DD00080B584B000AF0346FB710023FB73FB79E1
:106DE000224A52F823305B781A46214B53F822305E
:106DF000BB60FB791F4AD35C012B32D1BB681B6B94
:106E000003F48053002B2CD1BB689B6803F0400334
:106E1000002B26D0FB79184A0721D154FB79174A59
:106E20000421D154FB79164A0021D154FB79154A2B
:106E3000002142F82310FB790E4A0021D154FB793E
:106E40000A4A52F823305B681846FAF727F9FB79AB
:106E50000D4A0521D154FB791846FFF75BFD01234C
:106E6000FB73FB7B18461037BD4680BDE085FF1FD6
:106E700090410100EC85FF1FEF85FF1FED85FF1F8F
:106E8000EE85FF1FE885FF1FD985FF1F80B483B003
:106E900000AF0346FB71FB79034AD35C18460C37FD
:106EA000BD465DF8047B7047ED85FF1F80B483B05D
:106EB00000AF0346FB71FB79034AD35C18460C37DD
:106EC000BD465DF8047B7047EE85FF1F80B483B03C
:106ED00000AF0346FB71FB79034AD35C18460C37BD
:106EE000BD465DF8047B7047EF85FF1F80B485B019
:106EF00000AF0346FB710123FB73FB790B4A52F889
:106F000023305B781A460A4B53F82230BB60BB68CB
:106F10001B6B03F48053002B01D00023FB73FB7B1E
:106F200018461437BD465DF8047B7047E085FF1FA7
:106F30009041010080B582B000AF03463960FB711B
:106F4000FB79224A52F82330DB78012B2ED1FB79D2
:106F50001F4AD35C052B05D13B681B6803F0020375
:106F6000022B23D13B681B6B03F48053002B21D1F0
:106F7000FB79184A0421D154FB79174A0721D154CF
:106F8000FB79164A0021D154FB79154A002142F8B9
:106F90002310FB790D4A52F823305B681846FAF744
:106FA0007DF8FB790A4A0521D15403E0FB790D4AAB
:106FB0000121D154FB791846FFF78AFC3B68202257
:106FC0009A6000BF0837BD4680BD00BFE085FF1F47
:106FD000D985FF1FED85FF1FEF85FF1FEE85FF1F82
:106FE000E885FF1FEC85FF1F80B588B000AF034622
:106FF0003960FB71FB792F4AD35C012B11D13B68BF
:10700000DB6803F00103002B06D0FB792A4A092133
:10701000D1543B680122DA60FB79284A0921D15416
:1070200040E03B68DB6803F00103002B0CD0FB79E8
:10703000214A0921D154FB7906211846FAF7BDF8F7
:107040003B680122DA6026E007F114033B6100236C
:10705000FB7713E0FA7FFB7F39680A4492F8382007
:10706000D2B220333B4403F80C2CFB7F3A68134424
:10707000002283F83820FB7F0133FB77FB7F072B4F
:10708000E8D93B684FF400729A603A69FB7911467F
:107090001846F9F707FB3B6801229A60FB79074A1B
:1070A0000721D1543B6804229A6000BF2037BD46B7
:1070B00080BD00BFF085FF1FEE85FF1FEF85FF1F1E
:1070C00080B582B000AF03463960FB71FB79124A8C
:1070D000D35C012B0ED1FB79104AD35C032B04D176
:1070E000FB791846FFF782FB0FE0FB790C4A082179
:1070F000D1540AE0FB791846FAF754F8FB79084AAC
:107100000721D1543B6801229A603B6802229A60B1
:1071100000BF0837BD4680BDF085FF1FED85FF1F0E
:10712000EF85FF1F80B58AB000AF03463960FB7161
:10713000FB79524AD35C072B40F098803B685B6B2D
:1071400003F03F03FB61FB69DBB21A464C4B9B5CCF
:10715000FB76FB7E3B7207F11003FB6000237B7222
:107160000823FB720223BB7207F10802FB79114668
:107170001846F9F749FA0346002B74D1FB7A002B25
:1071800002D0FB7A082B03D93868FFF71DFB6DE0AE
:10719000BB7A012B21D1FB7E7B62FB7A013B9B02F8
:1071A00003F4E0537A6A13437B627B7A002B03D0AB
:1071B0007B6A43F480737B623B687A6A5A633B68FC
:1071C0009B6803F48073002B03D03B684FF48072FC
:1071D0009A603B6804229A6048E0BB7A002B3ED15B
:1071E000002387F8233010E0FA6897F823301A4418
:1071F00097F8233011783A6813440A4683F8382008
:1072000097F82330013387F82330FB7A97F823204F
:107210009A42E9D3FB7E43F400737B62FB7A013B25
:107220009B027A6A13437B627B7A002B03D07B6AD2
:1072300043F480737B623B687A6A5A633B6802223C
:107240009A603B6804229A60FBF774FE3B681B6BF4
:1072500043F480623B681A63FBF790FE06E03868EF
:10726000FFF7B2FA02E03868FFF7AEFA3B68012296
:107270009A6000BF2837BD4680BD00BFEF85FF1F65
:107280000C41010080B584B000AF78600023FB732F
:107290007B68002B07D10C23002200217C20F9F70A
:1072A00013FF0123FB73FB7B002B0AD1074A7B688A
:1072B0001360064B1B68184600F0ABFA044B012222
:1072C0001A7000BF1037BD4680BD00BF889CFF1FED
:1072D0008C9CFF1F80B500AF084B1B78002B06D19C
:1072E0000F23022200217C20F9F7EEFE04E0044B7C
:1072F0001B68184600F0E6FA00BF80BD8C9CFF1F9B
:10730000889CFF1F80B584B000AF03460A46FB800F
:1073100013467B71FB881B0A9BB2FB73FB88BB7314
:10732000194B1B78002B06D10F23012200217C2052
:10733000F9F7CAFE24E0FB7B042B02D8BB7B1F2B92
:1073400007D90A23012200217C20F9F7BDFE00BFE6
:1073500016E00E4B1B68BA7BF97B184600F04EFB1B
:107360000346002B06D10B23012200217C20F9F7D4
:10737000ABFE05E07A79B97BFB7B184600F0ACFBED
:1073800000BF1037BD4680BD8C9CFF1F889CFF1F2F
:1073900080B584B000AF03460A46FB8013467B717C
:1073A000FB881B0A9BB2FB73FB88BB731E4B1B78CD
:1073B000002B06D10F23042200217C20F9F784FE44
:1073C0002EE0FB7B042B02D8BB7B1F2B07D90A23A3
:1073D000042200217C20F9F777FE00BF20E07B79B2
:1073E000072B06D90D23042200217C20F9F76CFE1F
:1073F00016E00E4B1B68BA7BF97B184600F035FB94
:107400000346002B06D10E23042200217C20F9F72D
:107410005BFE05E07A79B97BFB7B184600F0D3FB75
:1074200000BF1037BD4680BD8C9CFF1F889CFF1F8E
:1074300080B483B000AF03463960FB71FB79022B47
:1074400020D0022B2BDC002B02D0012B0DD026E00C
:107450003B681A683B6822F002021A603B681A68AF
:107460003B6822F001021A601AE03B681A683B6828
:1074700042F002021A603B681A683B6822F001027F
:107480001A600DE03B681A683B6842F002021A601D
:107490003B681A683B6842F001021A6000E000BFD6
:1074A00000BF0C37BD465DF8047B704780B483B0E5
:1074B00000AF03463960FB71FB79012B06D13B68B5
:1074C0001A683B6842F004021A6005E03B681A68DB
:1074D0003B6822F004021A6000BF0C37BD465DF81D
:1074E000047B704780B485B000AF78600B46FB70BA
:1074F0001346BB707B685B78002B40F09780BB78AD
:1075000003F5800303F588731B0214331968FB78B5
:10751000012202FA03F3DA43BB7803F5800303F593
:1075200088731B021433184601EA02030360BB7818
:1075300003F5800303F588731B0218331968FB7881
:1075400001229A40BB7803F5800303F588731B0280
:107550001833184641EA020303607B685B7A012B0B
:1075600015D1BB7803F5802312339A02FB781344BC
:107570009B001A68BB7803F5802312339902FB78CD
:107580000B449B00194642F010030B6014E0BB78DB
:1075900003F5802312339A02FB7813449B001A6888
:1075A000BB7803F5802312339902FB780B449B00D0
:1075B000194622F010030B60BB7803F5800303F536
:1075C00088739A01FB78134420339B00FB607B682F
:1075D0009B7A012B06D1FB681A68FB6842F4803263
:1075E0001A6005E0FB681A68FB6822F480321A60B2
:1075F0007B681B7B012B06D1FB681A68FB6842F095
:1076000010021A6005E0FB681A68FB6822F010029D
:107610001A60FB681B6823F0F8517B68DB7A1B0655
:1076200003F0F852FB680A431A605EE07B68DB787F
:10763000002B16D1BB7803F5800303F588731B027A
:1076400008331968FB7801229A40BB7803F5800360
:1076500003F588731B020833184641EA02030360EE
:1076600015E0BB7803F5800303F588731B02043330
:107670001968FB7801229A40BB7803F5800303F573
:1076800088731B020433184641EA02030360BB7887
:1076900003F5800303F588731B0218331968FB7820
:1076A000012202FA03F3DA43BB7803F5800303F502
:1076B00088731B021833184601EA02030360BB7883
:1076C00003F5800303F588731B0214331968FB78F4
:1076D00001229A40BB7803F5800303F588731B02EF
:1076E0001433184641EA0203036000BF1437BD4655
:1076F0005DF8047B704780B582B000AF78600B46C0
:10770000FB701346BB707B681B79012B1DD1BA78C7
:10771000FB7819467868FFF7E5FEBB7803F5802310
:1077200012339A02FB7813449B001B6823F4E06237
:10773000BB7803F5802312339902FB780B449B003E
:10774000194642F480730B605FE0BB7803F5800359
:1077500003F588731B021968FB78012202FA03F310
:10776000DA43BB7803F5800303F588731B021846E0
:1077700001EA02030360BB7803F5800303F5887315
:107780001B0218331968FB78012202FA03F3DA436B
:10779000BB7803F5800303F588731B021833184682
:1077A00001EA02030360BB7803F5800303F58873E5
:1077B0001B0214331968FB78012202FA03F3DA433F
:1077C000BB7803F5800303F588731B021433184656
:1077D00001EA02030360BB7803F5802312339A02A7
:1077E000FB7813449B001B6823F4E0617B681B79E2
:1077F0001A02BB7803F5802312339802FB78034406
:107800009B00184641EA0203036000BF0837BD46EB
:1078100080BD80B586B000AF78600023FB7447E080
:107820007B685A68FB7CDB0013445B787B747B6865
:107830005A68FB7CDB0013445B687B617B685A6899
:10784000FB7CDB0013441B783B740023BB7428E0F3
:107850007B691B78FB737B6998797B7C03F58023BC
:1078600012339A02FB7B13449B001946FFF7E0FD9D
:107870007B69187A7B7C03F5802312339A02FB7BA9
:1078800013449B001946FFF711FE7A7CFB7B1946D7
:107890007869FFF730FF7B690D337B61BB7C013377
:1078A000BB74BA7C3B7C9A42D2D3FB7C0133FB7421
:1078B0007B681B78FA7C9A42B2D300BF00BF1837AE
:1078C000BD4680BD80B584B000AF78600023FB72F8
:1078D00089E07B685A68FB7ADB0013445B68FB60D5
:1078E0007B685A68FB7ADB0013441B787B720023A9
:1078F000BB7271E0FB689B78002B67D1FB681B783B
:107900003B72FBF7DFFDFB685B78002B2ED1FB7A27
:1079100003F5800303F588731B02143319683B7A5F
:10792000012202FA03F3DA43FB7A03F5800303F53D
:1079300088731B021433184601EA02030360FB7AC2
:1079400003F5800303F588731B02183319683B7A2B
:1079500001229A40FB7A03F5800303F588731B022A
:107960001833184641EA020303602DE0FB7A03F561
:10797000800303F588731B02183319683B7A0122D0
:1079800002FA03F3DA43FB7A03F5800303F5887305
:107990001B021833184601EA02030360FB7A03F561
:1079A000800303F588731B02143319683B7A0122A4
:1079B0009A40FB7A03F5800303F588731B021433A6
:1079C000184641EA02030360FBF7A0FDFB680D3394
:1079D000FB60BB7A0133BB72BA7A7B7A9A4289D355
:1079E000FB7A0133FB727B681B78FA7A9A42FFF4C8
:1079F00070AF00BF00BF1037BD4680BD80B485B0FA
:107A000000AF78600B46FB701346BB700023FB721F
:107A10007B685A68FB78DB0013445B68FB607B681B
:107A20005A68FB78DB0013441B787B720023BB721F
:107A300005E0FB680D33FB60BB7A0133BB72BA7A99
:107A40007B7A9A4204D2FB681B78BA789A42F0D1CA
:107A5000FB689B78012B01D10123FB72FB7A18464E
:107A60001437BD465DF8047B704780B485B000AF25
:107A700078600B46FB701346BB700023FB727B687B
:107A80005A68FB78DB0013445B68FB607B685A68CC
:107A9000FB78DB0013441B787B720023BB7205E08C
:107AA000FB680D33FB60BB7A0133BB72BA7A7B7A19
:107AB0009A4204D2FB681B78BA789A42F0D1FB68EC
:107AC0005B79012B01D10123FB72FB7A1846143735
:107AD000BD465DF8047B704780B582B000AF0346B9
:107AE000FB710B46BB7113467B71FB79042B66D887
:107AF000BB791F2B63D8FBF75AFC7B79002B2ED167
:107B0000FB7903F5800303F588731B0214331968AE
:107B1000BB79012202FA03F3DA43FB7903F5800310
:107B200003F588731B021433184601EA020303604D
:107B3000FB7903F5800303F588731B02183319687A
:107B4000BB7901229A40FB7903F5800303F5887322
:107B50001B021833184641EA020303602DE0FB794B
:107B600003F5800303F588731B0218331968BB798A
:107B7000012202FA03F3DA43FB7903F5800303F5EC
:107B800088731B021833184601EA02030360FB796D
:107B900003F5800303F588731B0214331968BB795E
:107BA00001229A40FB7903F5800303F588731B02D9
:107BB0001433184641EA02030360FBF71BFC00BFC5
:107BC0000837BD4680BD80B582B000AF0346FB716B
:107BD0000B46BB7113467B71FBF72EFCFB7903F55B
:107BE000802312339A02BB7913449B001B6823F451
:107BF000E0617B791B0203F4E062FB7903F58023EB
:107C000012339802BB7903449B00184641EA0203F1
:107C10000360FBF735FC00BF0837BD4680BD0000A0
:107C200080B588B000AF0346B9607A60FB81B7F9D0
:107C30000E30FB610E23BB61FA69BB691344DB4361
:107C4000DB0FDBB21846F9F779FBFB69BE2BD4BF1B
:107C500001230023DBB21846F9F770FB154B9B6834
:107C6000154A93422CBF01230023DBB21846F9F7D3
:107C700065FB104B9B687B617B68002B08D0B7F9D4
:107C80000E3010339B007A6913441A687B681A60BF
:107C9000B7F90E3010339B007A691344BA681A6042
:107CA000BFF36F8F00BFBFF34F8F00BF00BF203700
:107CB000BD4680BD00ED00E00080FF1F80B582B0B2
:107CC00000AF0346FB80FB88DB439BB2DB0BDBB2E0
:107CD0001846F9F733FBB7F90630BE2BD4BF0123A2
:107CE0000023DBB21846F9F729FBB7F9063018462E
:107CF000F9F772FA00BF0837BD4680BD80B582B083
:107D000000AF0346FB80FB88DB439BB2DB0BDBB29F
:107D10001846F9F713FBB7F90630BE2BD4BF012381
:107D20000023DBB21846F9F709FBB7F9063018460D
:107D3000F9F770FA00BF0837BD4680BD80B582B044
:107D400000AF03460A46FB8013467B71FB88DB438A
:107D50009BB2DB0BDBB21846F9F7F0FAB7F9063045
:107D6000BE2BD4BF01230023DBB21846F9F7E6FA95
:107D70007B79072B94BF01230023DBB21846F9F768
:107D8000DDFA7A79B7F9063011461846F9F784FA20
:107D900000BF0837BD4680BD80B584B000AF034644
:107DA000FB80FB88DB439BB2DB0BDBB21846F9F7A9
:107DB000C5FAB7F90630BE2BD4BF01230023DBB2CE
:107DC0001846F9F7BBFA0023FB73B7F906301846DB
:107DD000F9F78CFA0346FB73FB7B18461037BD4658
:107DE00080BD80B582B000AF0346FB80FB88DB43DB
:107DF0009BB2DB0BDBB21846F9F7A0FAB7F90630F5
:107E0000BE2BD4BF01230023DBB21846F9F796FA44
:107E1000B7F906301846F9F721FA00BF0837BD4612
:107E200080BD80B584B000AF78602F4A7B685B6806
:107E300093607B68002B14BF01230023DBB218463C
:107E4000F9F77CFA7B681B68642B94BF012300233D
:107E5000DBB21846F9F772FA0023FB6039E07B6861
:107E60009A68FB689B001344B3F90030184600F091
:107E70008DF87B689A68FB689B001344B3F9000097
:107E80007B689A68FB689B001344DB78194600F016
:107E90005BF87B689A68FB689B0013449B78012B16
:107EA0000AD17B689A68FB689B001344B3F90030E1
:107EB000184600F02DF809E07B689A68FB689B0083
:107EC0001344B3F90030184600F030F8FB68013372
:107ED000FB607B681B68FA689A42C0D3002318468F
:107EE0001037BD4680BD00BF00ED00E080B584B016
:107EF00000AF0346B9607A60FB81B7F90E307A684B
:107F0000B9681846FFF78CFE00BF1037BD4680BD2C
:107F100080B582B000AF0346FB80B7F90630184643
:107F2000FFF7CCFE00BF0837BD4680BD80B582B0EC
:107F300000AF0346FB80B7F906301846FFF7DEFEB8
:107F400000BF0837BD4680BD80B582B000AF034694
:107F50000A46FB8013467B717A79B7F906301146E1
:107F60001846FFF7EBFE00BF0837BD4680BD80B561
:107F700082B000AF0346FB80B7F906301846FFF722
:107F80000BFF034618460837BD4680BD80B582B05A
:107F900000AF0346FB80B7F906301846FFF721FF14
:107FA00000BF0837BD4680BD80B400AF002318462F
:107FB000BD465DF8047B704780B584B000AF786043
:107FC0000023FB602FE07B689A68FB689B001344EA
:107FD000B3F900007B689A68FB689B001344DB7868
:107FE0001946FFF7B1FF7B689A68FB689B00134452
:107FF0009B78012B0AD17B689A68FB689B0013442D
:10800000B3F900301846FFF783FF09E07B689A68F0
:10801000FB689B001344B3F900301846FFF786FF56
:10802000FB680133FB607B681B68FA689A42CAD31D
:10803000002318461037BD4680BD80B584B000AF20
:1080400078600023FB737B681B68002B2ED07B6855
:108050001B681846FFF7B0FF0346FB73FB7B002B42
:1080600026D17B685B68002B1DD00023BB7313E017
:108070007B685B681A68BB7B5B00134418787B687D
:108080005B681A68BB7B5B0013445B78194600F0A1
:1080900071F9BB7B0133BB737B685B681B79BA7B6F
:1080A0009A42E5D304E00123FB7301E00123FB7353
:1080B000FB7B18461037BD4680BD000080B582B0FE
:1080C00000AF03460A46FB8013467B717B79012B88
:1080D00005D1B7F906301846FFF71AFF04E0B7F9E3
:1080E00006301846FFF722FF00BF0837BD4680BDA7
:1080F00080B582B000AF03460A46FB8013467B7111
:108100007A79B7F9063011461846FFF71DFF00BF10
:108110000837BD4680BD80B582B000AF0346FB8006
:10812000B7F906301846FFF722FF0346184608370E
:10813000BD4680BD80B584B000AF0346B9607A60AB
:10814000FB81B7F90E307A68B9681846FFF7CEFEA2
:1081500000BF1037BD4680BD80B584B000AF7860E9
:108160000023FB73FB7B0C4A52F823301B68002B67
:1081700006D1012320220021FF20F8F7A5FF07E008
:10818000FB7B054A52F823301B681846FFF755FF62
:1081900000BF1037BD4680BDCC4A010080B584B019
:1081A00000AF03460A46FB8013467B710023FB7336
:1081B000B7F90630BE2B03DCB7F90630002B08DA1E
:1081C000022321220021FF20F8F77EFF0123FB7309
:1081D00006E07A79B7F9063011461846FFF76EFFC8
:1081E000FB7B18461037BD4680BD80B584B000AF1C
:1081F00003460A46FB8013467B710023FB73B7F9E5
:108200000630BE2B06DCB7F90630002B02DB7B798B
:10821000072B08D9022322220021FF20F8F754FF60
:108220000123FB7306E07A79B7F906301146184648
:10823000FFF75EFFFB7B18461037BD4680BD80B55B
:1082400084B000AF03463960FB800023FB73B7F9AD
:108250000630BE2B03DCB7F90630002B08DA022308
:1082600023220021FF20F8F72FFF0123FB7314E0E6
:108270003B68002B08D1012323220021FF20F8F7BF
:1082800023FF0123FB7308E0B7F906301846FFF718
:1082900042FF03461A463B681A70FB7B18461037AC
:1082A000BD4680BD80B586B000AF0346B9607A6038
:1082B000FB810023FB75B7F90E30BE2B04DCB7F948
:1082C0000E3013F10E0F08DA022324220021FF20C2
:1082D000F8F7FAFE0123FB7512E07B68002B08D14A
:1082E000012324220021FF20F8F7EEFE0123FB7575
:1082F00006E0B7F90E307A68B9681846FFF71AFF3A
:10830000FB7D18461837BD4680BD00BF80B584B0E0
:1083100000AF03460A46FB711346BB71FB791F2B66
:1083200094BF01230023DBB21846F9F717F8FBF7D7
:108330001CF90F4B1B69FB60BB79012B07D1FB7943
:10834000012202FA03F3FA681343FB6007E0FB79AA
:10835000012202FA03F3DB43FA681340FB60044A8C
:10836000FB681361FBF724F900BF1037BD4680BDE1
:1083700000B0074080B582B000AF03460A46FB71EB
:108380001346BB71BA79FB7911461846FFF7BEFF59
:1083900000BF0837BD4680BD90B587B000AF78609C
:1083A000394B1B681B0AFB7300233B61F9F708F884
:1083B0000023FB7506E0FB7D1846F9F77DF8FB7D91
:1083C0000133FB75FA7DFB7B9A42F4D30023FB75E6
:1083D00011E07B685A68FB7D5B00134418787B686A
:1083E0005A68FB7D5B0013445B781946F9F73EF849
:1083F000FB7D0133FB757B68DB78FA7D9A42E8D31D
:108400000023FB7523E07B68D968FA7D13465B0087
:1084100013449B000B441B781C467B68D968FA7D8B
:1084200013465B0013449B000B4458687B68D96873
:10843000FA7D13465B0013449B000B449B681A466D
:1084400001462046F9F75CF8FB7D0133FB757B683C
:108450001B7AFA7D9A42D6D37B681B78012B03D115
:108460003B6943F004033B617B685B78012B03D1DC
:108470003B6943F002033B613869F8F77FFF00BFB7
:108480001C37BD4690BD00BF90ED00E080B483B0C6
:1084900000AFEFF310837B607B6818460C37BD4656
:1084A0005DF8047B704780B500AF0E4B1B68002B56
:1084B00011D1FFF7EBFF03460B4A13600A4B1B6811
:1084C00003F00103002B01D1012300E00023002B66
:1084D00001D072B600BF034B1B680133014A136021
:1084E00000BF80BD4499FF1F4099FF1F80B400AFBB
:1084F0000D4B1B68013B0C4A13600C4B1B6803F0CF
:108500000103002B01D1012300E00023002B05D043
:10851000054B1B68002B01D162B600BF00BFBD46F2
:108520005DF8047B704700BF4499FF1F4099FF1F0F
:1085300080B500AF0E4B1B68002B11D1FFF7A6FFD3
:1085400003460C4A13600B4B1B6803F00103002B1E
:1085500001D1012300E00023002B01D072B600BF3F
:10856000034B1B680133024A136000BF80BD00BF8C
:108570004C99FF1F4899FF1F80B400AF0D4B1B683B
:10858000013B0C4A13600C4B1B6803F00103002BEA
:1085900001D1012300E00023002B05D0054B1B680F
:1085A000002B01D162B600BF00BFBD465DF8047B61
:1085B000704700BF4C99FF1F4899FF1F80B500AF5F
:1085C0000E4B1B68002B11D1FFF760FF03460C4ACE
:1085D00013600B4B1B6803F00103002B01D1012337
:1085E00000E00023002B01D072B600BF034B1B68D4
:1085F0000133024A136000BF80BD00BF5499FF1FC2
:108600005099FF1F80B400AF0D4B1B68013B0C4A13
:1086100013600C4B1B6803F00103002B01D10123F5
:1086200000E00023002B05D0054B1B68002B01D177
:1086300062B600BF00BFBD465DF8047B704700BF57
:108640005499FF1F5099FF1F80B500AF0E4B1B6858
:10865000002B11D1FFF71AFF03460C4A13600B4B96
:108660001B6803F00103002B01D1012300E000236C
:10867000002B01D072B600BF034B1B680133024AC6
:10868000136000BF80BD00BF5C99FF1F5899FF1F9A
:1086900080B400AF0D4B1B68013B0C4A13600C4BC0
:1086A0001B6803F00103002B01D1012300E000232C
:1086B000002B05D0054B1B68002B01D162B600BF13
:1086C00000BFBD465DF8047B704700BF5C99FF1F8B
:1086D0005899FF1F80B500AF0E4B1B68002B11D1BE
:1086E000FFF7D4FE03460C4A13600B4B1B6803F0E4
:1086F0000103002B01D1012300E00023002B01D056
:1087000072B600BF034B1B680133024A136000BFFF
:1087100080BD00BF6499FF1F6099FF1F80B400AF48
:108720000D4B1B68013B0C4A13600C4B1B6803F09C
:108730000103002B01D1012300E00023002B05D011
:10874000054B1B68002B01D162B600BF00BFBD46C0
:108750005DF8047B704700BF6499FF1F6099FF1F9D
:1087600080B500AF0E4B1B68002B11D1FFF78EFEBA
:1087700003460C4A13600B4B1B6803F00103002BEC
:1087800001D1012300E00023002B01D072B600BF0D
:10879000034B1B680133024A136000BF80BD00BF5A
:1087A0006C99FF1F6899FF1F80B400AF0D4B1B68C9
:1087B000013B0C4A13600C4B1B6803F00103002BB8
:1087C00001D1012300E00023002B05D0054B1B68DD
:1087D000002B01D162B600BF00BFBD465DF8047B2F
:1087E000704700BF6C99FF1F6899FF1F80B500AFED
:1087F0000E4B1B68002B11D1FFF748FE03460C4AB5
:1088000013600B4B1B6803F00103002B01D1012304
:1088100000E00023002B01D072B600BF034B1B68A1
:108820000133024A136000BF80BD00BF7499FF1F6F
:108830007099FF1F80B400AF0D4B1B68013B0C4AC1
:1088400013600C4B1B6803F00103002B01D10123C3
:1088500000E00023002B05D0054B1B68002B01D145
:1088600062B600BF00BFBD465DF8047B704700BF25
:108870007499FF1F7099FF1F80B500AF0E4B1B68E6
:10888000002B11D1FFF702FE03460C4A13600B4B7D
:108890001B6803F00103002B01D1012300E000233A
:1088A000002B01D072B600BF034B1B680133024A94
:1088B000136000BF80BD00BF7C99FF1F7899FF1F28
:1088C00080B400AF0D4B1B68013B0C4A13600C4B8E
:1088D0001B6803F00103002B01D1012300E00023FA
:1088E000002B05D0054B1B68002B01D162B600BFE1
:1088F00000BFBD465DF8047B704700BF7C99FF1F39
:108900007899FF1F80B500AF0E4B1B68002B11D16B
:10891000FFF7BCFD03460C4A13600B4B1B6803F0CA
:108920000103002B01D1012300E00023002B01D023
:1089300072B600BF034B1B680133024A136000BFCD
:1089400080BD00BF8499FF1F8099FF1F80B400AFD6
:108950000D4B1B68013B0C4A13600C4B1B6803F06A
:108960000103002B01D1012300E00023002B05D0DF
:10897000054B1B68002B01D162B600BF00BFBD468E
:108980005DF8047B704700BF8499FF1F8099FF1F2B
:1089900080B500AF0E4B1B68002B11D1FFF776FDA1
:1089A00003460C4A13600B4B1B6803F00103002BBA
:1089B00001D1012300E00023002B01D072B600BFDB
:1089C000034B1B680133024A136000BF80BD00BF28
:1089D0008C99FF1F8899FF1F80B400AF0D4B1B6857
:1089E000013B0C4A13600C4B1B6803F00103002B86
:1089F00001D1012300E00023002B05D0054B1B68AB
:108A0000002B01D162B600BF00BFBD465DF8047BFC
:108A1000704700BF8C99FF1F8899FF1F80B500AF7A
:108A20000E4B1B68002B11D1FFF730FD03460C4A9B
:108A300013600B4B1B6803F00103002B01D10123D2
:108A400000E00023002B01D072B600BF034B1B686F
:108A50000133024A136000BF80BD00BF9499FF1F1D
:108A60009099FF1F80B400AF0D4B1B68013B0C4A6F
:108A700013600C4B1B6803F00103002B01D1012391
:108A800000E00023002B05D0054B1B68002B01D113
:108A900062B600BF00BFBD465DF8047B704700BFF3
:108AA0009499FF1F9099FF1F80B500AF0E4B1B6874
:108AB000002B11D1FFF7EAFC03460C4A13600B4B65
:108AC0001B6803F00103002B01D1012300E0002308
:108AD000002B01D072B600BF034B1B680133024A62
:108AE000136000BF80BD00BF9C99FF1F9899FF1FB6
:108AF00080B400AF0D4B1B68013B0C4A13600C4B5C
:108B00001B6803F00103002B01D1012300E00023C7
:108B1000002B05D0054B1B68002B01D162B600BFAE
:108B200000BFBD465DF8047B704700BF9C99FF1FE6
:108B30009899FF1F80B500AF0E4B1B68002B11D119
:108B4000FFF7A4FC03460C4A13600B4B1B6803F0B1
:108B50000103002B01D1012300E00023002B01D0F1
:108B600072B600BF034B1B680133024A136000BF9B
:108B700080BD00BFA499FF1FA099FF1F80B400AF64
:108B80000D4B1B68013B0C4A13600C4B1B6803F038
:108B90000103002B01D1012300E00023002B05D0AD
:108BA000054B1B68002B01D162B600BF00BFBD465C
:108BB0005DF8047B704700BFA499FF1FA099FF1FB9
:108BC00080B500AF0E4B1B68002B11D1FFF75EFC88
:108BD00003460C4A13600B4B1B6803F00103002B88
:108BE00001D1012300E00023002B01D072B600BFA9
:108BF000034B1B680133024A136000BF80BD00BFF6
:108C0000AC99FF1FA899FF1F80B400AF0D4B1B68E4
:108C1000013B0C4A13600C4B1B6803F00103002B53
:108C200001D1012300E00023002B05D0054B1B6878
:108C3000002B01D162B600BF00BFBD465DF8047BCA
:108C4000704700BFAC99FF1FA899FF1F80B500AF08
:108C50000E4B1B68002B11D1FFF718FC03460C4A82
:108C600013600B4B1B6803F00103002B01D10123A0
:108C700000E00023002B01D072B600BF034B1B683D
:108C80000133024A136000BF80BD00BFB499FF1FCB
:108C9000B099FF1F80B400AF0D4B1B68013B0C4A1D
:108CA00013600C4B1B6803F00103002B01D101235F
:108CB00000E00023002B05D0054B1B68002B01D1E1
:108CC00062B600BF00BFBD465DF8047B704700BFC1
:108CD000B499FF1FB099FF1F80B586B000AF03465F
:108CE0003960FB710023FB753B689B88BB823B6846
:108CF0009B683B61FFF7D7FBBB8A012B17D13B6910
:108D00001B881A4613465B0013449B002B4A1344EE
:108D1000BB60BB685B68002B06D1FB791B01284A4E
:108D20001A44BB685A6042E00123FB753FE0FB79BF
:108D30001B01234A1344FB6036E03B691B881A463B
:108D400013465B0013449B001C4A1344BB60BB6882
:108D50005B68002B03D1BB68FA685A601EE03B6871
:108D60009B88BA8A9A4216D2BB8A0133BB823B697E
:108D7000023B3B613B691B881946104A0B465B006E
:108D80000B449B001344043300221A603B689B8809
:108D9000BA8A9A42E8D30123FB7508E0BB8A013BFB
:108DA000BB823B6902333B61BB8A002BC5D1FFF715
:108DB0009DFBFB7D18461837BD4680BD1486FF1FFE
:108DC000F485FF1F80B582B000AF0123FB711A4B01
:108DD0001B68002B08D11A23062200215320F8F724
:108DE00073F90023FB7122E00023BB7119E0BA790B
:108DF00012491346DB0013445B000B4411331B780C
:108E0000022B0BD10C4B1B689A69BB795B00134496
:108E10005B78002B02D10223FB7108E0BB790133A0
:108E2000BB71054B1B681B7DBA799A42DFD3FB7976
:108E300018460837BD4680BD909CFF1F3086FF1F37
:108E400080B586B000AF7860FFF772FB7B681B7C53
:108E5000BB7597F91630002B05DA7B6801225A742E
:108E6000FFF78AFB53E097F916305B007A681344EA
:108E70003B613B691B88FB81FA89274913465B00EC
:108E800013449B000B4408331A883B691A803B69E2
:108E90001B884FF6FF72934222D197F916207B6808
:108EA00004324FF6FF7123F81210BB7D013BDBB299
:108EB000FB750CE097F917207B6833F812304FF6FA
:108EC000FF72934208D1FB7D013BDBB2FB7597F942
:108ED0001730002BEEDA00E000BF7B68FA7D1A74D1
:108EE000FFF74AFBFA890C4913465B0013449B00C9
:108EF0000B4401221A70094B1B685968FA89134602
:108F00005B001344DB000B44184602F0D1F900BFAC
:108F10001837BD4680BD00BF1486FF1F909CFF1F01
:108F200080B58AB000AF0346FB7100233B6200238B
:108F3000FB610023BB61002387F825307B4B1B6856
:108F4000002B09D11A23032200215320F8F7BCF883
:108F5000012387F82530E2E0744B1B689A68FB799F
:108F60001B0113443B62714B1B68DB7CFA799A420C
:108F700009D30C23032200215320F8F7A5F801237D
:108F800087F82530CBE03B6A9B88002B09D14A2328
:108F9000032200215320F8F797F8012387F82530A2
:108FA000BDE00023FB8453E03B6A9A68FB8C5B00C6
:108FB00013441B88FB815D4B1B685968FA89134673
:108FC0005B001344DB000B441B7A002B09D14B23BD
:108FD000032200215320F8F777F8012387F8253082
:108FE00033E0002387F8243021E0504B1B681A68D7
:108FF00097F824301B0113441B78012B12D14B4BE3
:109000001B681A6897F824301B0113445B88002BF7
:1090100008D14C23032200215320F8F755F80123EF
:1090200087F8253097F82430013387F824303F4BF8
:109030001B685968FA8913465B001344DB000B4434
:109040001B7A97F824209A42CFD3FB8C0133FB8400
:109050003B6A9B88FA8C9A42A6D397F82530002B5E
:109060005DD1FB79396A1846FFF736FE034687F86B
:10907000253097F82530002B4BD1FB791B012C4A6A
:109080001344BB61BB6901221A703B6A9B88013B98
:109090009AB2BB699A813B6A9B687B61BB697A69BA
:1090A0009A600023FB8413E03B6A9A68FB8C5B00A8
:1090B00013443B613B691B8819461E4A0B465B0003
:1090C0000B449B00134403221A70FB8C0133FB8476
:1090D0003B6A9B88FA8C9A42E6D3144B1B685A6809
:1090E0007B691B8819460B465B000B44DB0013446D
:1090F000FB61FB691B781A461346DB0013445B00D7
:109100000D4A98187B691B88FA69194601F0B8FF67
:1091100005E02A23032200215320F8F707F897F8E7
:10912000253018462837BD4680BD00BF909CFF1FE4
:10913000F485FF1F1486FF1F3086FF1F80B584B0A3
:1091400000AF0346FB710023FB60194B1B68002B2B
:1091500006D11A230C2200215320F7F7B5FF23E094
:10916000134B1B68DB7CFA799A4206D30C230C2242
:1091700000215320F7F7A8FF16E00D4B1B689A68F3
:10918000FB791B011344FB60FB68002B06D10C2309
:109190000C2200215320F7F797FF05E0FB79054AE1
:1091A0001B01134403221A7000BF1037BD4680BD57
:1091B000909CFF1FF485FF1F80B582B000AF002395
:1091C000FB71284B1B68002B08D11A2301220021B8
:1091D0005320F7F779FF0123FB713EE000F0DCF844
:1091E0000346022B02D10123FB712DE00023BB714A
:1091F00022E01C4B1B689A69BB795B0013441B7807
:109200007B717B79184601F064F90346FB71FB79A9
:10921000012B18D0BA7914491346DB0013445B00C4
:109220000B44113300221A70BB79104A002142F816
:109230002310BB790133BB710A4B1B681B7DBA79C4
:109240009A42D6D300E000BFFB79002B05D1054B35
:1092500000221A60064B01221A70FB791846083763
:10926000BD4680BD909CFF1F3086FF1F4486FF1FB8
:10927000949CFF1F80B584B000AF0346FB710023B0
:10928000FB73134B1B68002B06D11A230B22002102
:109290005320F7F719FF16E00D4B1B681B7DFA7979
:1092A0009A4206D30E230B2200215320F7F70CFF1E
:1092B00009E0FA7907491346DB0013445B000B44CD
:1092C00011331B78FB73FB7B18461037BD4680BDFE
:1092D000909CFF1F3086FF1F80B584B000AF03460F
:1092E000FB800223FB73134B1B68002B06D11A2350
:1092F000072200215320F7F7E7FE15E00D4B1B680E
:109300001B8AFA889A4206D30B2307220021532096
:10931000F7F7DAFE08E0FA88074913465B001344C2
:109320009B000B441B78FB73FB7B18461037BD4634
:1093300080BD00BF909CFF1F1486FF1F80B584B0C6
:1093400000AF0346FB710223FB73114B1B68002B1C
:1093500006D11A23082200215320F7F7B5FE12E0A8
:109360000B4B1B68DB7CFA799A4206D30C2308224C
:1093700000215320F7F7A8FE05E0FB79054A1B0101
:1093800013441B78FB73FB7B18461037BD4680BD2A
:10939000909CFF1FF485FF1F80B582B000AF0123B2
:1093A000FB710023BB71224B1B68002B08D11A23D1
:1093B000062200215320F7F787FE0023FB7131E0DE
:1093C0000023BB710BE0BB791A4A52F82330012B02
:1093D00002D10223FB7108E0BB790133BB71144B4E
:1093E0001B681B7DBA799A42EDD3FB79022B19D009
:1093F0000023BB7110E0BA790F491346DB00134418
:109400005B000B4411331B78022B02D10223FB714A
:1094100008E0BB790133BB71054B1B681B7DBA7932
:109420009A42E8D3FB7918460837BD4680BD00BF95
:10943000909CFF1F4486FF1F3086FF1F80B584B0BD
:1094400000AF786000233B73944B1B78002B07D14F
:109450004A23002200215320F7F736FE01233B73F5
:109460003B7B002B40F015817B68002B07D110233C
:10947000002200215320F7F727FE01233B73884A7F
:109480007B6813603B7B002B28D1854B1B689B7C42
:10949000012B08D90A23002200215320F7F714FEDC
:1094A00001233B731AE07E4B1B681B8A022B08D9F1
:1094B0000B23002200215320F7F706FE01233B7304
:1094C0000CE0774B1B68DB7C022B07D90C230022B6
:1094D00000215320F7F7F8FD01233B733B7B002B62
:1094E00040F0D4800023FB7236E06D4B1B681A6895
:1094F000FB7A1B0113441B78012B18D1684B1B68A6
:109500001A68FB7A1B011344DB6800221A60644B63
:109510001B681A68FB7A1B011344DB6800225A603F
:10952000FB7A604A9B00134400225A800CE05C4B9B
:109530001B681A68FB7A1B011A44FB7A5188594A46
:109540009B0013440A465A80FB7A564A012102F8CE
:109550002310FB7A0133FB72514B1B689B7CFA7A18
:109560009A42C2D30023FB811CE0FA894E4913467C
:109570005B0013449B000B4400221A70FA894A498D
:1095800013465B0013449B000B44043300221A6013
:10959000434B1B68FA891146184601F0F5FDFB891B
:1095A0000133FB813E4B1B681B8AFA899A42DCD34C
:1095B0000023BB721AE0BB7A3C4A1B011344002211
:1095C0001A70374B1B689968BB7A1A01BB7A0A4438
:1095D00036491B010B4404331A60BB7A344A4FF0FE
:1095E000FF3142F82310BB7A0133BB722C4B1B684E
:1095F000DB7CBA7A9A42DED300237B733FE07B7B2D
:10960000184601F0A1FD00237B7219E07A7B797A7C
:1096100028481346DB0013440B444FF6FF7220F832
:1096200013207A7B797A23481346DB0013440B44DA
:1096300004334FF6FF7220F813207B7A01337B72DC
:109640007B7A032BE2D97A7B1A491346DB00134459
:109650005B000B441033FF221A707A7B15491346C6
:10966000DB0013445B000B44113301221A707B7B37
:10967000114A002142F823107B7B01337B73084B96
:109680001B681B7D7A7B9A42B9D302E0044B00220F
:109690001A6000BF1037BD4680BD00BF949CFF1FFD
:1096A000909CFF1F2C86FF1F1486FF1FF485FF1F51
:1096B0004886FF1F3086FF1F4486FF1F80B582B09B
:1096C00000AF1D4B1B68002B2CD00023FB7122E048
:1096D000194B1B689A69FB795B0013445B78002B7C
:1096E00016D1154B1B689A69FB795B0013441B78F4
:1096F000BB71FA7911491346DB0013445B000B443C
:1097000011331B78022B03D1BB79184601F034FFCB
:10971000FB790133FB71084B1B681B7DFA799A4278
:10972000D6D305E01A23102200215320F7F7CCFCF2
:1097300000BF0837BD4680BD909CFF1F3086FF1FCD
:1097400080B586B000AF03463960FB7100237B61B2
:1097500000233B610023BB600023FB732C4B1B6881
:10976000002B08D11A23042200215320F7F7ACFC68
:109770000123FB7322E0264B1B689B7CFA799A42FB
:1097800008D2234B1B681A68FB791B0113441B7812
:10979000012B08D10A23042200215320F7F794FC5F
:1097A0000123FB730AE03B68002B07D1102304223E
:1097B00000215320F7F788FC0123FB73FB7B002B70
:1097C00021D1134B1B681A68FB791B011344BB6042
:1097D000BB68DB685B687B613B683B610023BB81E6
:1097E0000CE07B691A783B691A703B6901333B6175
:1097F0007B6901337B61BB890133BB81BB685B88BB
:10980000BA899A42EDD3FB7B18461837BD4680BD16
:10981000909CFF1F80B584B000AF0346FB7100230E
:10982000FB731A4B1B68002B08D11A230D22002151
:109830005320F7F749FC0123FB7322E0FFF7C2FA3C
:109840000346022B02D10123FB731AE00023BB73F2
:1098500011E00E4B1B689A69BB7B5B0013445B787D
:10986000002B05D1FA79BB7B1146184601F0F0FCBC
:10987000BB7B0133BB73054B1B681B7DBA7B9A42D4
:10988000E7D3FB7B18461037BD4680BD909CFF1F79
:1098900080B588B000AFB9607A601A460346FB73A2
:1098A0001346BB810023FB77614B1B68002B08D15B
:1098B0001A23052200215320F7F706FC0123FB772A
:1098C0006EE05B4B1B689B7CFA7B9A4208D2584B3C
:1098D0001B681A68FB7B1B0113441B78002B08D103
:1098E0000A23052200215320F7F7EEFB0123FB7723
:1098F00056E04F4B1B681A68FB7B1B0113445B88C7
:10990000BA899A4202D8BB89002B08D10D230522BF
:1099100000215320F7F7D8FB0123FB7740E0444BAD
:109920001B681A68FB7B1B0113445B78082B17D953
:109930003F4B1B681A68FB7B1B0113445B78102BA1
:109940000ED8BB8903F001039BB2002B28D00D2356
:10995000052200215320F7F7B7FB0123FB771FE017
:10996000334B1B681A68FB7B1B0113445B78102B7D
:1099700016D92F4B1B681A68FB7B1B0113445B78BD
:10998000202B0DD8BB8903F003039BB2002B07D01B
:109990000D23052200215320F7F796FB0123FB77C7
:1099A000FB7F002B3ED1FEF709FE214B1B681A6896
:1099B000FB7B1B011344BB61BB69DB68BA681A609F
:1099C000BB69DB687A685A60FB7B9B00194A1344C9
:1099D0007B617B69BA895A80BB68002B07D17B69A0
:1099E0001B7843F00103DAB27B691A7006E07B69E9
:1099F0001B7823F00103DAB27B691A707B68002BB5
:109A000007D17B691B7843F00203DAB27B691A70D5
:109A100006E07B691B7823F00203DAB27B691A70D7
:109A2000FEF7F0FDFB7F18462037BD4680BD00BF26
:109A3000909CFF1F2C86FF1F80B586B000AF0346A9
:109A4000FB710023FB8200237B7500233B75002301
:109A50003B820023FB73A74B1B68002B08D11A2302
:109A60000A2200215320F7F72FFB01233B753BE12E
:109A7000A04B1B68DB7CFA799A4208D30C230A229C
:109A800000215320F7F720FB01233B752CE1002335
:109A9000FB826AE0974B1B689A68FB791B011344B1
:109AA0009A68FB8A5B0013441B883B82914B1B68BE
:109AB00059683A8A13465B001344DB000B441B7859
:109AC0007B758C4B1B689A697B7D5B0013445B78CC
:109AD000002B07D10E230A2200215320F7F7F4FAB6
:109AE00001233B753B7D002B39D10023FB7429E01A
:109AF000804B1B6859683A8A13465B001344DB00AD
:109B00000B445A68FB7C13441B78FB73794B1B682E
:109B10001A68FB7B1B0113441B78012B0FD1FB7BC5
:109B2000754A9B0013445B88002B08D10E230A2240
:109B300000215320F7F7C8FA01233B750FE0FB7CA7
:109B40000133FB746B4B1B6859683A8A13465B0000
:109B50001344DB000B441B7AFA7C9A42C8D33B7D4A
:109B6000012B0DD0FB8A0133FB82624B1B689A6884
:109B7000FB791B0113449B88FA8A9A428AD300E03E
:109B800000BF3B7D002B40F0AF80FEF75DFD002362
:109B90007B7511E07B7D594A52F823207B7D9A40EA
:109BA000FB79574951F823301340002B01D0012392
:109BB0003B757B7D01337B754E4B1B681B7D7A7D2E
:109BC0009A42E7D33B7D002B40F08C80FB794D4AD5
:109BD0001B01134401221A700023FB821EE0454B37
:109BE0001B689A68FB791B0113449A68FB8A5B0027
:109BF00013441B883B823F4B1B6859683A8A1346C3
:109C00005B001344DB000B441B787B757B7D3B4A78
:109C1000012142F82310FB8A0133FB82354B1B687C
:109C20009A68FB791B0113449B88FA8A9A42D6D31F
:109C3000FEF72EFDFB79184601F092FB03463B75BB
:109C40003B7D002B06D1FB792E4A1B0113440022D9
:109C50001A7005E0FB792B4A1B01134402221A708B
:109C6000FEF738FD0023FB821EE0224B1B689A683A
:109C7000FB791B0113449A68FB8A5B0013441B8821
:109C80003B821C4B1B6859683A8A13465B0013449D
:109C9000DB000B441B787B757B7D184A002142F862
:109CA0002310FB8A0133FB82124B1B689A68FB79F5
:109CB0001B0113449B88FA8A9A42D6D3FEF72EFDE5
:109CC0000C4B1B689A68FB791B0113441B68002B23
:109CD0000AD0084B1B689A68FB791B0113441B6868
:109CE000984701E0FEF7D4FC3B7D18461837BD4687
:109CF00080BD00BF909CFF1F2C86FF1F4486FF1F66
:109D00004886FF1FF485FF1F80B586B000AF03466D
:109D10003960FB7100237B6100233B610023FB73EF
:109D2000354B1B68002B08D11A2302220021532037
:109D3000F7F7CAF90123FB7316E02F4B1B689B7CD6
:109D4000FA799A4208D22C4B1B681A68FB791B01DE
:109D500013441B78012B07D10A2302220021532030
:109D6000F7F7B2F90123FB73FB7B002B3FD1FEF722
:109D7000F7FCFB799B00214A1344BB603B68002B36
:109D800007D1BB681B7843F00103DAB2BB681A70D5
:109D90002BE03B687B61184B1B681A68FB791B0141
:109DA0001344DB681B683B610023BB810CE07B69CB
:109DB0001A783B691A707B6901337B613B69013317
:109DC0003B61BB890133BB810B4B1B681A68FB7974
:109DD0001B0113445B88BA899A42E8D3BB681B789D
:109DE00023F00103DAB2BB681A70FEF7DDFCFB7BDF
:109DF00018461837BD4680BD909CFF1F2C86FF1F5C
:109E000080B584B000AF0346FB71FB79094A52F874
:109E10002330FB60FB79184600F0C8FDF86800F0BD
:109E2000DEFAF86800F0DBFA002318461037BD466A
:109E300080BD00BFF89CFF1F80B588B000AF03460F
:109E4000FB71FB793C4AD35CDBB21A463B4B53F8BF
:109E500022307B61FB793A4A52F823303B61386902
:109E600000F009FA03467B775DE03B695B6AFB60C3
:109E70007B691B881A467B69DB8AD31A042B06DCB4
:109E80007B691A887B69DB8AD31AFB8301E0042390
:109E9000FB837B69DB68002B16D000237B830FE0FC
:109EA0007B8BDB00FA68DA407B69DB68D2B21A7020
:109EB0007B69DB685A1C7B69DA607B8B01337B83AF
:109EC0007A8BFB8B9A42EBD37B691B88012B02D0E8
:109ED000022B04D00EE07B690022DA8215E07B6958
:109EE000DA8AFB8B13449BB203F001039AB27B69BD
:109EF000DA820AE07B69DA8AFB8B13449BB203F0B7
:109F000003039AB27B69DA8200BF7B695A8AFB8BB2
:109F1000D31A9AB27B695A827B695B8A002B06D07E
:109F20007B7F013B7B777B7F002B9ED100E000BFD6
:109F300000BF2037BD4680BDF49CFF1F989CFF1FCB
:109F4000F89CFF1F90B587B000AF0346FB71FB790B
:109F50004A4AD35CDBB21A46494B53F82230FB60C5
:109F6000FB79484A52F82330BB6000237B61FB68D1
:109F70001C7EB86800F070F90346DBB2E31A7B740C
:109F800072E0FB6893F83D30012B0FD1FB681B8A10
:109F9000012B0BD1B86800F048FAB86800F035FA28
:109FA000FB6800221A8200237B745DE0FB681B883B
:109FB0001A46FB689B8AD31A042B06DCFB681A88B6
:109FC000FB689B8AD31A7B8201E004237B82FB68B7
:109FD0001B88012B02D0022B0DD020E0FB689B6870
:109FE0001B787B61FB689B685A1CFB689A60FB6866
:109FF00000229A8227E0FB689B681B887B61FB68D4
:10A000009B689A1CFB689A60FB689A8A7B8A134457
:10A010009BB203F001039AB2FB689A8213E0FB68DB
:10A020009B681B687B61FB689B681A1DFB689A60D4
:10A03000FB689A8A7B8A13449BB203F003039AB2AB
:10A04000FB689A8200BFBB687A695A62FB681A8A09
:10A050007B8AD31A9AB2FB681A82FB681B8A002B90
:10A0600006D07B7C013B7B747B7C002B89D100E09C
:10A0700000BF00BF1C37BD4690BD00BFF49CFF1F52
:10A08000989CFF1FF89CFF1F80B58CB000AF7860D4
:10A090007B681B7887F82F3097F82F201346DB005A
:10A0A00013445B005A4A1344BB627B685B697B6262
:10A0B000584B1B689A6997F82F305B0013441B7844
:10A0C00087F823307B6A1B78002B00F09C807B6A2A
:10A0D0005B68FB61FB695B68BB617B6A1B78022B79
:10A0E00003D1FB6902221A7002E07B6A00221A7017
:10A0F000FEF7DAFC97F82330474AFF21D154FEF7E8
:10A10000F7FC7B6A00225A607B68DB68002B02D078
:10A110007B68DB689847FB691B78032B03D0FB69DE
:10A120001B78022B10D1FB699B89B969184600F096
:10A13000FBF9BB691B68002B02D0BB691B68984701
:10A14000B86AFEF77DFE5EE0FB699B89002B0DD1AE
:10A15000FB6900221A70BB691B68002B02D0BB6927
:10A160001B689847B86AFEF76BFE4CE0FB699B687A
:10A170009A1CFB699A60FB699B687B617B691B8801
:10A180007B82FB699B89013B9AB2FB699A81214BD7
:10A190001B6859687A8A13465B001344DB000B4442
:10A1A000FB60FB681B7897F82F209A4211D0FB6860
:10A1B0001B781A461346DB0013445B00144A134411
:10A1C000798AFA68184600F05BFFB86AFEF738FE35
:10A1D00019E0BB691B7B012B09D17B8AFA68194600
:10A1E000B86A00F04DFFB86AFEF72AFE0BE07A8AE3
:10A1F0000A4913465B0013449B000B4401221A706A
:10A20000F86801F055F800BF3037BD4680BD00BF8B
:10A210003086FF1F909CFF1FF49CFF1F1486FF1FBA
:10A2200080B500AF002000F049FE00BF80BD80B5C2
:10A2300000AF012000F042FE00BF80BD80B500AF3E
:10A24000022000F03BFE00BF80BD80B500AF0320C0
:10A2500000F034FE00BF80BD80B483B000AF7860F2
:10A260007B68DB691B0A03F01F0318460C37BD46E9
:10A270005DF8047B704780B483B000AF78607B6882
:10A280001B6A1B0A03F01F0318460C37BD465DF816
:10A29000047B704780B483B000AF78600B46FB70DE
:10A2A0007B68DA68FB7822FA03F3DBB203F0010380
:10A2B000DBB218460C37BD465DF8047B704780B4AE
:10A2C00083B000AF78600B46FB701346BB70BB7861
:10A2D000012B09D17B681A69FB78012101FA03F38C
:10A2E0001A437B681A6109E07B681A69FB780121CF
:10A2F00001FA03F3DB431A407B681A6100BF0C3795
:10A30000BD465DF8047B704780B485B000AF7860CF
:10A310000023FB737B681B69BB60BB68DBB2002B4F
:10A3200001D00123FB73FB7B18461437BD465DF853
:10A33000047B704780B483B000AF78600B46FB703D
:10A34000FB78FC2B06D17B68DB6843F0FC027B6862
:10A35000DA6008E07B68DA68FB78012101FA03F330
:10A360001A437B68DA6000BF0C37BD465DF8047B9A
:10A37000704780B485B000AF786039607B681B6A35
:10A38000FB60FB6823F00F03FB603B6803F00F03E7
:10A39000FA681343FB607B68FA681A6200BF1437DF
:10A3A000BD465DF8047B704780B485B000AF78602F
:10A3B00039607B68DB69FB60FB6823F00F03FB609F
:10A3C0003B6803F00F03FA681343FB607B68FA688D
:10A3D000DA6100BF1437BD465DF8047B704780B476
:10A3E00083B000AF78607B68DB6943F400427B6830
:10A3F000DA617B681B6A43F400427B681A6200BF23
:10A400000C37BD465DF8047B704780B483B000AF65
:10A4100078607B685B6823F400127B685A6000BF39
:10A420000C37BD465DF8047B704780B483B000AF45
:10A4300078607B685B6823F480127B685A6000BF99
:10A440000C37BD465DF8047B704780B483B000AF25
:10A4500078607B685B6843F480127B685A6000BF59
:10A460000C37BD465DF8047B704780B483B000AF05
:10A4700078600B46FB707B685B6823F40022FB78F6
:10A48000DB041A437B685A6000BF0C37BD465DF899
:10A49000047B704780B485B000AF786039600023DA
:10A4A000BB600023FB737B685B69BB607B685B6898
:10A4B000BB60BA683B689A4202D10123FB7301E09A
:10A4C0000023FB73FB7B18461437BD465DF8047B05
:10A4D000704780B485B000AF0346FB710023FB7367
:10A4E0000F4AFB7952F823200D49FB7942F0020212
:10A4F00041F823200A4AFB7952F823200849FB79C6
:10A5000022F0020241F82320FB79064A002142F89A
:10A510002310FB7B18461437BD465DF8047B70475B
:10A52000A8D00740989CFF1F80B584B000AF0346B9
:10A530003960FB803B689B88BB81FEF757F9BA897D
:10A54000FB88D31AFB8112E03B689A68FB895B00A9
:10A5500013441B8819460B4A0B465B000B449B00B7
:10A560001344043300221A60FB890133FB81FA890A
:10A57000BB899A42E8D3FEF75DF900BF1037BD46AC
:10A5800080BD00BF1486FF1F80B485B000AF786027
:10A5900039600023FB607A683B689A4204D97A6884
:10A5A0003B68D31AFB6003E03A687B68D31AFB6010
:10A5B000FB6818461437BD465DF8047B704790B5BC
:10A5C00091B000AFF860B9607A603B604FF0FF3344
:10A5D000FB630023BB6300237B630023FB61002339
:10A5E000BB610023FB7500233B630023FB62002358
:10A5F000BB6200237B62002387F823307DE00023C9
:10A600003B634FF48073FB623A6BFB6A13445B0855
:10A61000FB7597F82330424A52F82330FA7D023214
:10A6200002FB03F3BA68B2FBF3F3FB61F96BF86862
:10A63000FFF7AAFF0446F969F868FFF7A5FF03468C
:10A640009C4201D9FB69FB63FA69FB689A4202D21A
:10A65000FB7DFB6201E0FB7D3B63FA6A3B6BD31A37
:10A66000012BD1D897F823302D4A52F823303A6B7A
:10A67000023202FB03F3BA68B2FBF3F3FB6197F813
:10A680002330274A52F82330FA6A023202FB03F3DE
:10A69000BA68B2FBF3F3BB61F969F868FFF774FFBE
:10A6A0000446B969F868FFF76FFF03469C4204D976
:10A6B000BB69BB62FB6A7B6203E0FB69BB623B6B0D
:10A6C0007B62F96BF868FFF75FFF0446B96AF868C8
:10A6D000FFF75AFF03469C4206D3BB6AFB637B6AC3
:10A6E000BB6397F823307B63FA6BFB689A420AD00E
:10A6F00097F82330013387F8233097F82330072B5E
:10A700007FF67DAF00E000BF3B687A6B1A607B6824
:10A71000BA6B1A60FB6B18464437BD4690BD00BF4C
:10A720009C41010080B58CB000AF03460A46FB7126
:10A730001346BB71894B1B68D968FA791346DB0055
:10A740009B1A9B000B441B7887F82F3097F82F300B
:10A75000834A52F82330BB62BB79824A52F82330D5
:10A760007B627E4B1B68D968FA791346DB009B1A23
:10A770009B000B443B620023FB770023BB6100235B
:10A780003B610023FB6000237B61FEF775F83B6AA9
:10A790005A79BB6A83F829203B6A9A78BB6A83F8A6
:10A7A00026203B6A9A68BB6ADA623B6A1A7CBB6AFB
:10A7B00083F834203B6ADA7BBB6A83F833203B6A38
:10A7C0005A69BB6A9A633B6A1A7BBB6A83F830207A
:10A7D0003B6A5A7BBB6A83F831203B6A9A7BBB6A2F
:10A7E00083F832203B6A5A78BB6A83F825203B6A9B
:10A7F0001A7EBB6A83F83C203B6A5A7EBB6A83F8A8
:10A800003D203B6A1A79BB6A83F828203B6ADA78D4
:10A81000BB6A83F827203B6A1B7E012B03D1BB6AEE
:10A8200000229A770AE0BB6A1B7F012B03D1BB6A27
:10A8300001229A7702E0BB6A00229A770022052162
:10A84000786AFFF73CFD00220621786AFFF737FDA2
:10A8500000220121786AFFF732FD00220021786A88
:10A86000FFF72DFD7B6A1B689B0A03F00F037B61DA
:10A870007B699B0203F47052BB6A93F82630DB03BA
:10A880009BB21A43BB6A93F828301B0203F440734F
:10A890001A43BB6A93F827301B0603F080731343F7
:10A8A000BB61BB6943F00503BB617B6ABA691A608F
:10A8B000BB6AD86ABB6A996B07F1100307F10C02F7
:10A8C000FFF77DFE3A69BB6A1A64FA68BB6A5A648C
:10A8D000BB6A93F831301B0403F47F02BB6A93F820
:10A8E00030301B061A43FB68DBB21A43BB6A93F88D
:10A8F00032301B029BB21343BB617B6ABA699A6018
:10A900007B6A0022DA607B6ADB691B0E03F01F039F
:10A91000012202FA03F3DAB2BB6A1A767B6ADB69B8
:10A9200043F400427B6ADA617B6A1B6A43F40042AB
:10A930007B6A1A627B6ADB6943F400427B6ADA61F4
:10A940007B6A1B6A43F400427B6A1A62FDF7B8FF18
:10A95000FB7F18463037BD4680BD00BF909CFF1F6F
:10A96000989CFF1FF89CFF1F80B584B000AF034682
:10A97000FB71FB790C4A52F82330FB600022052161
:10A98000F868FFF79CFC00220621F868FFF797FCA7
:10A990000521F868FFF7CEFC0621F868FFF7CAFC2E
:10A9A00000BF1037BD4680BDF89CFF1F80B584B046
:10A9B00000AF0346FB71FB79154AD35CDBB21A4644
:10A9C000144B53F82230FB60FB79134A52F82330C2
:10A9D000BB60FB6800221A7100220021B868FFF7F3
:10A9E0006EFC00220121B868FFF769FCFB7918466C
:10A9F000FFF7BAFF00220421B868FFF760FC0421CA
:10AA0000B868FFF797FC00BF1037BD4680BD00BF98
:10AA1000F49CFF1F989CFF1FF89CFF1F80B58AB015
:10AA200000AF03460A46FB711346BB71FB798C4AA3
:10AA300052F82330BB61FB798A4AD35CDBB21A46F9
:10AA4000894B53F822307B61884B1B681A68BB79AD
:10AA50001B0113443B61002387F827300023FB6070
:10AA60004FF4FA733B626423FB773B699A687B6916
:10AA70001A623B691B79012B01D1012200E00022FF
:10AA80007B6983F82420BB79794A12F8233003F0DC
:10AA90000103002B08D03B6903F108027B699A602F
:10AAA0007B6904221A820BE03B69DB681A687B69C8
:10AAB0009A60BB796E4A9B0013445A887B691A825C
:10AAC0003B69DB685A687B69DA607B691A8A7B6953
:10AAD0005A823B695B789AB27B695A807B6993F8AA
:10AAE0003D30012B05D17B691B8A01339AB27B690A
:10AAF0001A827B695B880733DB089AB27B691A800C
:10AB00007B691B88032B02D17B6904221A803B6A74
:10AB1000013B3B623B6A002B03D1012387F82730BE
:10AB200006E0BB69DB6803F48023B3F5802FEED029
:10AB30007B6993F83330DA077B6993F834309B07ED
:10AB400003F080431A437B6993F825301B0603F01A
:10AB500040731A437B691B6CDB0603F060531A4396
:10AB60007B6993F82430DB0503F400031A437B6907
:10AB70005B88013BC3F30B031A437B6993F83D30B9
:10AB80005B0503F400131343FB60BB69FA685A606A
:10AB9000FB7F013BFB77FB7F002B03D1012387F871
:10ABA000273006E0F968B869FFF774FC0346002B0C
:10ABB000EED07B6993F83D30012B02D1B869FFF7E5
:10ABC00044FCFC21B869FFF7B5FB0021B869FFF729
:10ABD000D0FB0221B869FFF7E7FB7B6993F83C30B3
:10ABE000002B2CD17B699B7F012B33D1FEF72EF8F4
:10ABF00001220521B869FFF762FB7B69DB68002B46
:10AC000004D001220621B869FFF759FB7B69DB6894
:10AC1000002B05D001220021B869FFF750FB06E0A8
:10AC20007B6900225A820121B869FFF71EFC0122CC
:10AC30000121B869FFF743FBFEF72CF80AE07B69B6
:10AC4000DB68002B06D17B6900225A820121B8699A
:10AC5000FFF70BFC97F8273018462837BD4680BD14
:10AC6000F89CFF1FF49CFF1F989CFF1F909CFF1FE8
:10AC70002C86FF1F80B586B000AF0346FB71FB79C1
:10AC8000534AD35CDBB21A46524B53F82230FB6076
:10AC9000FB79514A52F82330BB600023FB7542F226
:10ACA00010733B6162E00521B868FFF7F3FA0346D1
:10ACB000002B13D0FB689B68002B0FD0FB79184644
:10ACC000FFF79EF8BB68DB6843F02002BB68DA60E0
:10ACD000FB680122DA760123FB7538E00621B868AB
:10ACE000FFF7D8FA0346002B13D0FB68DB68002B74
:10ACF0000FD0FB791846FFF783F8BB68DB6843F099
:10AD00004002BB68DA60FB680222DA760123FB7539
:10AD10001DE00021B868FFF7BDFA0346012B07D1FB
:10AD2000FB685B8A002B03D0FB791846FFF784F899
:10AD30000121B868FFF7AEFA0346012B07D1FB6883
:10AD40001B8A002B03D0FB791846FFF7FBF83B6901
:10AD5000013B3B613B69002B08D1FB791846FFF7AB
:10AD60004FF8FB680322DA760123FB75FB681B8A28
:10AD7000002B02D0FB7D002B95D0FB7D002B22D138
:10AD800042F210733B611AE00021B868FFF782FAC3
:10AD90000346012B07D1FB685B8A002B03D0FB79AC
:10ADA0001846FFF749F83B69013B3B613B69002BC3
:10ADB00005D1FB680322DA760123FB7503E0FB680B
:10ADC0005B8A002BE0D1FB7D18461837BD4680BD5D
:10ADD000F49CFF1F989CFF1FF89CFF1F80B586B056
:10ADE00000AF0346FB8000237B75324B1B6859681C
:10ADF000FA8813465B001344DB000B441B783B7559
:10AE000000233B610023FB752A4B1B689A693B7D3D
:10AE10005B0013441B78FB73FDF7BAFDFB7B2649EF
:10AE20003A7DCA54234B1B685968FA8813465B0065
:10AE30001344DB000B445B78FA7B11461846FFF79E
:10AE400071FCFDF7C9FD1B4B1B685968FA88134656
:10AE50005B001344DB000B443B610023BB751EE029
:10AE60003B695A68BB7D13441B787B757A7DFB7BFD
:10AE700011461846FFF7D2FD0346FB75FB7D002BFC
:10AE80000AD1FB7B1846FFF7F5FE0346FB75FB7DF9
:10AE9000002B01D00123FB75BB7D0133BB753B69E2
:10AEA0001B7ABA7D9A42DBD3FB7D18461837BD4624
:10AEB00080BD00BF909CFF1FF49CFF1F80B584B035
:10AEC00000AF0346FB71FB796A4AD35CDBB21A46DA
:10AED000694B53F82230FB60FB79684A52F8233003
:10AEE000BB60FB79634AD35CDBB2FF2B00F0BE8012
:10AEF000FB689B7F012B06D1B868FFF705FA034674
:10AF0000002B00F0B3800521B868FFF7C3F90346B2
:10AF1000012B1BD1FB689B68002B17D0FB791846CF
:10AF2000FEF76EFFBB68DB6843F02002BB68DA60A7
:10AF3000FB680122DA76FB689B6C5B6902221A705F
:10AF4000FB689B6C1846FFF79FF88FE00621B868F6
:10AF5000FFF7A0F90346012B1BD1FB68DB68002B30
:10AF600017D0FB791846FEF74BFFBB68DB6843F050
:10AF70004002BB68DA60FB680222DA76FB689B6CF1
:10AF80005B6902221A70FB689B6C1846FFF77CF81D
:10AF90006CE00021B868FFF77DF90346012B07D16B
:10AFA000FB685B8A002B03D0FB791846FEF744FF51
:10AFB0000121B868FFF76EF90346012B07D1FB6842
:10AFC0001B8A002B03D0FB791846FEF7BBFFFB68FA
:10AFD0001B8A002B4AD100220121B868FFF76FF9C4
:10AFE000FB689B7F012B04D101220421B868FFF785
:10AFF00066F9FB685B8A002B38D10421B868FFF73B
:10B0000049F90346012B31D1FB791846FFF7CEFCF5
:10B01000FB6893F85430002B22D0FB681B6D5A1C40
:10B02000FB681A65FB68DB6C5A1CFB68DA64FB681A
:10B0300093F85530013BDAB2FB6883F85520FB6882
:10B0400093F85430013BDAB2FB6883F85420FB6874
:10B05000DB6C1A78FB7911461846FFF7DFFC05E038
:10B06000FB689B6C1846FFF70FF8FFE700BF10372F
:10B07000BD4680BDF49CFF1F989CFF1FF89CFF1FDE
:10B0800080B586B000AFF8600B467A607B81002304
:10B090007B61FDF7C3FCFB685B7C012B11D1FB6876
:10B0A00002225A74FDF7DEFC7A89264913465B00BA
:10B0B00013449B000B4401221A70786800F0F8F8E2
:10B0C0003CE07B689B78FB7497F9133004335B009A
:10B0D000FA6813447B617B691B884FF6FF729342C9
:10B0E00006D197F91320FB68798923F812100BE039
:10B0F0007B691B881946134A0B465B000B449B0077
:10B10000134408337A891A807B697A891A807A898C
:10B110000C4913465B0013449B000B4408334FF665
:10B12000FF721A80FB6893F9103097F913209A4246
:10B1300002DDFB68FA7C1A74FDF794FC00BF183737
:10B14000BD4680BD1486FF1F80B485B000AF0346A6
:10B15000FB71FB79582202FB03F3094A1344FB609D
:10B16000FB6800221A77FB790649FA6841F8232028
:10B17000002318461437BD465DF8047B704700BFB6
:10B180009C9CFF1F989CFF1F80B487B000AF786025
:10B190000B467B807B6899697B6858687A88134680
:10B1A0005B001344DB0003441B785B000B441B78FB
:10B1B000FB757B68D9687B6858687A8813465B00A2
:10B1C0001344DB0003445B781A461346DB009B1AEA
:10B1D0009B000B445B78BB757B68D9687B685868BB
:10B1E0007A8813465B001344DB0003445B781A46FD
:10B1F0001346DB009B1A9B000B445B797B75FB7D40
:10B20000124A52F823303B613B691B689B0A03F0EA
:10B210000F03FB60BB7D012202FA03F3DB43FA68F4
:10B220001340FB607A7DBB7D02FA03F3FA68134397
:10B23000FB60FB689B0203F470523B691A6000BF1D
:10B240001C37BD465DF8047B704700BFF89CFF1FAC
:10B2500080B485B000AF03460A46FB711346BB714C
:10B260000023FB60FB79582202FB03F30F4A1344CF
:10B27000FB60FB68BA79DA77BB79002B02D0012B2F
:10B2800007D00DE0FB6800229A77FB6800221A774E
:10B2900006E0FB6801229A77FB6801221A7700BF5B
:10B2A00000BF1437BD465DF8047B70479C9CFF1FB0
:10B2B00080B584B000AF78607B681B781A4658234D
:10B2C00002FB03F3234A1344FB607B681B69002BDA
:10B2D00002D07B681B6998471F4B1B689A697B6883
:10B2E0001B785B0013441B78FB727B685B78FA7AEF
:10B2F00011461846FFF716FAFDF71CFCFB7A7A6830
:10B300001178164AD154FDF739FCFB687A689A64C3
:10B310007B685A68FB681A657B685A68FB68DA6460
:10B320007B681B7A013BDAB2FB6883F855207B68A7
:10B330001B7A013BDAB2FB6883F85420FB68DB6CB4
:10B340001A78FB7A11461846FFF768FB00BF1037E2
:10B35000BD4680BD9C9CFF1F909CFF1FF49CFF1F5F
:10B3600080B586B000AF0346FB710023FB6000236D
:10B370007B810023FB757C4B1B689A68FB791B0162
:10B3800013449B68FB600023BB82DCE0764B1B68A8
:10B390009A68FB791B0113449A68BB8A5B001344CB
:10B3A0001B887B817A89714913465B0013449B009B
:10B3B0000B4401221A706C4B1B6859687A8913463A
:10B3C0005B001344DB000B441B69002B0AD0664B67
:10B3D0001B6859687A8913465B001344DB000B44F1
:10B3E0001B699847604B1B685A68FB681B881946A5
:10B3F0000B465B000B44DB0013441B7819465C4A88
:10B400000B46DB000B445B001344113302221A701D
:10B410007B891846FFF7E2FC0346FB75524B1B681D
:10B420005A68FB681B8819460B465B000B44DB001F
:10B4300013441B7819464E4A0B46DB000B445B0055
:10B440001344113301221A70FDF7BAFB464B1B68F7
:10B450009A69454B1B685968FB681B881846034668
:10B460005B000344DB000B441B785B0013441B7838
:10B470007B727B7A3F4AFF21D154FDF7C5FBFB7DF0
:10B48000002B20D17A89394913465B0013449B0075
:10B490000B4400221A70344B1B6859687A89134692
:10B4A0005B001344DB000B44DB68002B48D02E4BC1
:10B4B0001B6859687A8913465B001344DB000B4410
:10B4C000DB6898473CE0BB8A7B822EE0264B1B68FA
:10B4D0009A68FB791B0113449A687B8A5B001344CA
:10B4E0001B887B817A89214913465B0013449B00AA
:10B4F0000B4402221A701C4B1B6859687A89134648
:10B500005B001344DB000B44DB68002B0AD0164BB6
:10B510001B6859687A8913465B001344DB000B44AF
:10B52000DB6898477B8A01337B820F4B1B689A68E4
:10B53000FB791B0113449B887A8A9A42C6D30DE09B
:10B54000BB8A0133BB82084B1B689A68FB791B01DD
:10B5500013449B88BA8A9A42FFF418AFFB7D1846C1
:10B560001837BD4680BD00BF909CFF1F1486FF1F8B
:10B570003086FF1FF49CFF1F80B584B000AF0346E8
:10B58000FB71FB79094AD35CDBB21A46084B53F8CE
:10B590002230FB60FB689B7F002B03D1FB791846B0
:10B5A000FFF78CFC00BF1037BD4680BDF49CFF1F29
:10B5B000989CFF1F80B582B000AFFCF7F5FC0346F6
:10B5C0007B60144A7B6852F82330002B15D101F0C0
:10B5D00031FC024610497B6841F823200E4A7B6803
:10B5E00052F8233003F00103002B01D1012300E0C6
:10B5F0000023002B01D072B600BF064A7B6852F8C8
:10B6000023305A1C03497B6841F8232000BF0837C8
:10B61000BD4680BDBC99FF1FB899FF1F80B582B0A1
:10B6200000AFFCF7C1FC03467B60114A7B6852F80F
:10B6300023305A1E0E497B6841F823200D4A7B684F
:10B6400052F8233003F00103002B01D1012300E065
:10B650000023002B07D0064A7B6852F82330002BCA
:10B6600001D162B600BF00BF0837BD4680BD00BF34
:10B67000BC99FF1FB899FF1F80B582B000AFFCF7DF
:10B6800093FC03467B60144A7B6852F82330002BFE
:10B6900015D101F0CFFB024610497B6841F8232009
:10B6A0000E4A7B6852F8233003F00103002B01D1CE
:10B6B000012300E00023002B01D072B600BF064A30
:10B6C0007B6852F823305A1C03497B6841F82320D9
:10B6D00000BF0837BD4680BDC499FF1FC099FF1F3A
:10B6E00080B582B000AFFCF75FFC03467B60114A77
:10B6F0007B6852F823305A1E0E497B6841F823209C
:10B700000D4A7B6852F8233003F00103002B01D16E
:10B71000012300E00023002B07D0064A7B6852F883
:10B720002330002B01D162B600BF00BF0837BD46F1
:10B7300080BD00BFC499FF1FC099FF1F80B582B0B4
:10B7400000AFFCF731FC03467B60144A7B6852F87B
:10B750002330002B15D101F06DFB024610497B68A8
:10B7600041F823200E4A7B6852F8233003F001038E
:10B77000002B01D1012300E00023002B01D072B681
:10B7800000BF064A7B6852F823305A1C03497B6885
:10B7900041F8232000BF0837BD4680BDCC99FF1F6C
:10B7A000C899FF1F80B582B000AFFCF7FDFB0346D0
:10B7B0007B60114A7B6852F823305A1E0E497B6821
:10B7C00041F823200D4A7B6852F8233003F001032F
:10B7D000002B01D1012300E00023002B07D0064AF3
:10B7E0007B6852F82330002B01D162B600BF00BF46
:10B7F0000837BD4680BD00BFCC99FF1FC899FF1F09
:10B8000080B582B000AFFCF7CFFB03467B60144AE3
:10B810007B6852F82330002B15D101F00BFB024658
:10B8200010497B6841F823200E4A7B6852F8233088
:10B8300003F00103002B01D1012300E00023002BC2
:10B8400001D072B600BF064A7B6852F823305A1CFA
:10B8500003497B6841F8232000BF0837BD4680BDFF
:10B86000D499FF1FD099FF1F80B582B000AFFCF7BD
:10B870009BFB03467B60114A7B6852F823305A1EBB
:10B880000E497B6841F823200D4A7B6852F823302B
:10B8900003F00103002B01D1012300E00023002B62
:10B8A00007D0064A7B6852F82330002B01D162B6DC
:10B8B00000BF00BF0837BD4680BD00BFD499FF1F41
:10B8C000D099FF1F80B582B000AFFCF76DFB034637
:10B8D0007B60144A7B6852F82330002B15D101F0AD
:10B8E000A9FA024610497B6841F823200E4A7B687A
:10B8F00052F8233003F00103002B01D1012300E0B3
:10B900000023002B01D072B600BF064A7B6852F8B4
:10B9100023305A1C03497B6841F8232000BF0837B5
:10B92000BD4680BDDC99FF1FD899FF1F80B582B04E
:10B9300000AFFCF739FB03467B60114A7B6852F885
:10B9400023305A1E0E497B6841F823200D4A7B683C
:10B9500052F8233003F00103002B01D1012300E052
:10B960000023002B07D0064A7B6852F82330002BB7
:10B9700001D162B600BF00BF0837BD4680BD00BF21
:10B98000DC99FF1FD899FF1F80B582B000AFFCF78C
:10B990000BFB03467B60144A7B6852F82330002B74
:10B9A00015D101F047FA024610497B6841F823207F
:10B9B0000E4A7B6852F8233003F00103002B01D1BB
:10B9C000012300E00023002B01D072B600BF064A1D
:10B9D0007B6852F823305A1C03497B6841F82320C6
:10B9E00000BF0837BD4680BDE499FF1FE099FF1FE7
:10B9F00080B582B000AFFCF7D7FA03467B60114AEE
:10BA00007B6852F823305A1E0E497B6841F8232088
:10BA10000D4A7B6852F8233003F00103002B01D15B
:10BA2000012300E00023002B07D0064A7B6852F870
:10BA30002330002B01D162B600BF00BF0837BD46DE
:10BA400080BD00BFE499FF1FE099FF1F80B582B061
:10BA500000AFFCF7A9FA03467B60144A7B6852F8F2
:10BA60002330002B15D101F0E5F9024610497B681F
:10BA700041F823200E4A7B6852F8233003F001037B
:10BA8000002B01D1012300E00023002B01D072B66E
:10BA900000BF064A7B6852F823305A1C03497B6872
:10BAA00041F8232000BF0837BD4680BDEC99FF1F39
:10BAB000E899FF1F80B582B000AFFCF775FA034626
:10BAC0007B60114A7B6852F823305A1E0E497B680E
:10BAD00041F823200D4A7B6852F8233003F001031C
:10BAE000002B01D1012300E00023002B07D0064AE0
:10BAF0007B6852F82330002B01D162B600BF00BF33
:10BB00000837BD4680BD00BFEC99FF1FE899FF1FB5
:10BB100080B582B000AFFCF747FA03467B60144A59
:10BB20007B6852F82330002B15D101F083F90246CF
:10BB300010497B6841F823200E4A7B6852F8233075
:10BB400003F00103002B01D1012300E00023002BAF
:10BB500001D072B600BF064A7B6852F823305A1CE7
:10BB600003497B6841F8232000BF0837BD4680BDEC
:10BB7000F499FF1FF099FF1F80B582B000AFFCF76A
:10BB800013FA03467B60114A7B6852F823305A1E31
:10BB90000E497B6841F823200D4A7B6852F8233018
:10BBA00003F00103002B01D1012300E00023002B4F
:10BBB00007D0064A7B6852F82330002B01D162B6C9
:10BBC00000BF00BF0837BD4680BD00BFF499FF1F0E
:10BBD000F099FF1F80B582B000AFFCF7E5F903468E
:10BBE0007B60144A7B6852F82330002B15D101F09A
:10BBF00021F9024610497B6841F823200E4A7B68F0
:10BC000052F8233003F00103002B01D1012300E09F
:10BC10000023002B01D072B600BF064A7B6852F8A1
:10BC200023305A1C03497B6841F8232000BF0837A2
:10BC3000BD4680BDFC99FF1FF899FF1F80B582B0FB
:10BC400000AFFCF7B1F903467B60114A7B6852F8FC
:10BC500023305A1E0E497B6841F823200D4A7B6829
:10BC600052F8233003F00103002B01D1012300E03F
:10BC70000023002B07D0064A7B6852F82330002BA4
:10BC800001D162B600BF00BF0837BD4680BD00BF0E
:10BC9000FC99FF1FF899FF1F80B582B000AFFCF739
:10BCA00083F903467B60144A7B6852F82330002BEB
:10BCB00015D101F0BFF8024610497B6841F82320F6
:10BCC0000E4A7B6852F8233003F00103002B01D1A8
:10BCD000012300E00023002B01D072B600BF064A0A
:10BCE0007B6852F823305A1C03497B6841F82320B3
:10BCF00000BF0837BD4680BD049AFF1F009AFF1F92
:10BD000080B582B000AFFCF74FF903467B60114A63
:10BD10007B6852F823305A1E0E497B6841F8232075
:10BD20000D4A7B6852F8233003F00103002B01D148
:10BD3000012300E00023002B07D0064A7B6852F85D
:10BD40002330002B01D162B600BF00BF0837BD46CB
:10BD500080BD00BF049AFF1F009AFF1F80B582B00C
:10BD600000AFFCF721F903467B60144A7B6852F868
:10BD70002330002B15D101F05DF8024610497B6895
:10BD800041F823200E4A7B6852F8233003F0010368
:10BD9000002B01D1012300E00023002B01D072B65B
:10BDA00000BF064A7B6852F823305A1C03497B685F
:10BDB00041F8232000BF0837BD4680BD0C9AFF1F05
:10BDC000089AFF1F80B582B000AFFCF7EDF803467C
:10BDD0007B60114A7B6852F823305A1E0E497B68FB
:10BDE00041F823200D4A7B6852F8233003F0010309
:10BDF000002B01D1012300E00023002B07D0064ACD
:10BE00007B6852F82330002B01D162B600BF00BF1F
:10BE10000837BD4680BD00BF0C9AFF1F089AFF1F60
:10BE200080B582B000AFFCF7BFF803467B60144AD0
:10BE30007B6852F82330002B15D100F0FBFF02463F
:10BE400010497B6841F823200E4A7B6852F8233062
:10BE500003F00103002B01D1012300E00023002B9C
:10BE600001D072B600BF064A7B6852F823305A1CD4
:10BE700003497B6841F8232000BF0837BD4680BDD9
:10BE8000149AFF1F109AFF1F80B582B000AFFCF715
:10BE90008BF803467B60114A7B6852F823305A1EA8
:10BEA0000E497B6841F823200D4A7B6852F8233005
:10BEB00003F00103002B01D1012300E00023002B3C
:10BEC00007D0064A7B6852F82330002B01D162B6B6
:10BED00000BF00BF0837BD4680BD00BF149AFF1FDA
:10BEE000109AFF1F80B582B000AFFCF75DF80346E3
:10BEF0007B60144A7B6852F82330002B15D100F088
:10BF000099FF024610497B6841F823200E4A7B685E
:10BF100052F8233003F00103002B01D1012300E08C
:10BF20000023002B01D072B600BF064A7B6852F88E
:10BF300023305A1C03497B6841F8232000BF08378F
:10BF4000BD4680BD1C9AFF1F189AFF1F80B582B0A6
:10BF500000AFFCF729F803467B60114A7B6852F872
:10BF600023305A1E0E497B6841F823200D4A7B6816
:10BF700052F8233003F00103002B01D1012300E02C
:10BF80000023002B07D0064A7B6852F82330002B91
:10BF900001D162B600BF00BF0837BD4680BD00BFFB
:10BFA0001C9AFF1F189AFF1F80B582B000AFFBF7E5
:10BFB000FBFF03467B60144A7B6852F82330002B5A
:10BFC00015D100F037FF024610497B6841F8232065
:10BFD0000E4A7B6852F8233003F00103002B01D195
:10BFE000012300E00023002B01D072B600BF064AF7
:10BFF0007B6852F823305A1C03497B6841F82320A0
:10C0000000BF0837BD4680BD249AFF1F209AFF1F3E
:10C0100080B582B000AFFBF7C7FF03467B60114AD3
:10C020007B6852F823305A1E0E497B6841F8232062
:10C030000D4A7B6852F8233003F00103002B01D135
:10C04000012300E00023002B07D0064A7B6852F84A
:10C050002330002B01D162B600BF00BF0837BD46B8
:10C0600080BD00BF249AFF1F209AFF1F80B582B0B9
:10C0700000AFFBF799FF03467B60144A7B6852F8D8
:10C080002330002B15D100F0D5FE024610497B6805
:10C0900041F823200E4A7B6852F8233003F0010355
:10C0A000002B01D1012300E00023002B01D072B648
:10C0B00000BF064A7B6852F823305A1C03497B684C
:10C0C00041F8232000BF0837BD4680BD2C9AFF1FD2
:10C0D000289AFF1F80B582B000AFFBF765FF0346CB
:10C0E0007B60114A7B6852F823305A1E0E497B68E8
:10C0F00041F823200D4A7B6852F8233003F00103F6
:10C10000002B01D1012300E00023002B07D0064AB9
:10C110007B6852F82330002B01D162B600BF00BF0C
:10C120000837BD4680BD00BF2C9AFF1F289AFF1F0D
:10C1300080B582B000AFFBF737FF03467B60144A3F
:10C140007B6852F82330002B15D100F073FE0246B5
:10C1500010497B6841F823200E4A7B6852F823304F
:10C1600003F00103002B01D1012300E00023002B89
:10C1700001D072B600BF064A7B6852F823305A1CC1
:10C1800003497B6841F8232000BF0837BD4680BDC6
:10C19000349AFF1F309AFF1F80B582B000AFFBF7C3
:10C1A00003FF03467B60114A7B6852F823305A1E16
:10C1B0000E497B6841F823200D4A7B6852F82330F2
:10C1C00003F00103002B01D1012300E00023002B29
:10C1D00007D0064A7B6852F82330002B01D162B6A3
:10C1E00000BF00BF0837BD4680BD00BF349AFF1FA7
:10C1F000309AFF1F80B582B000AFFBF7D5FE034633
:10C200007B60144A7B6852F82330002B15D100F074
:10C2100011FE024610497B6841F823200E4A7B68D4
:10C2200052F8233003F00103002B01D1012300E079
:10C230000023002B01D072B600BF064A7B6852F87B
:10C2400023305A1C03497B6841F8232000BF08377C
:10C25000BD4680BD3C9AFF1F389AFF1F80B582B053
:10C2600000AFFBF7A1FE03467B60114A7B6852F8E2
:10C2700023305A1E0E497B6841F823200D4A7B6803
:10C2800052F8233003F00103002B01D1012300E019
:10C290000023002B07D0064A7B6852F82330002B7E
:10C2A00001D162B600BF00BF0837BD4680BD00BFE8
:10C2B0003C9AFF1F389AFF1F80B582B000AFFBF792
:10C2C00073FE03467B60144A7B6852F82330002BD0
:10C2D00015D100F0AFFD024610497B6841F82320DC
:10C2E0000E4A7B6852F8233003F00103002B01D182
:10C2F000012300E00023002B01D072B600BF064AE4
:10C300007B6852F823305A1C03497B6841F823208C
:10C3100000BF0837BD4680BD449AFF1F409AFF1FEB
:10C3200080B582B000AFFBF73FFE03467B60114A49
:10C330007B6852F823305A1E0E497B6841F823204F
:10C340000D4A7B6852F8233003F00103002B01D122
:10C35000012300E00023002B07D0064A7B6852F837
:10C360002330002B01D162B600BF00BF0837BD46A5
:10C3700080BD00BF449AFF1F409AFF1F80B582B066
:10C3800000AFFBF711FE03467B60144A7B6852F84E
:10C390002330002B15D100F04DFD024610497B687B
:10C3A00041F823200E4A7B6852F8233003F0010342
:10C3B000002B01D1012300E00023002B01D072B635
:10C3C00000BF064A7B6852F823305A1C03497B6839
:10C3D00041F8232000BF0837BD4680BD4C9AFF1F9F
:10C3E000489AFF1F80B582B000AFFBF7DDFD034622
:10C3F0007B60114A7B6852F823305A1E0E497B68D5
:10C4000041F823200D4A7B6852F8233003F00103E2
:10C41000002B01D1012300E00023002B07D0064AA6
:10C420007B6852F82330002B01D162B600BF00BFF9
:10C430000837BD4680BD00BF4C9AFF1F489AFF1FBA
:10C4400080B582B000AFFBF7AFFD03467B60144AB6
:10C450007B6852F82330002B15D100F0EBFC02462C
:10C4600010497B6841F823200E4A7B6852F823303C
:10C4700003F00103002B01D1012300E00023002B76
:10C4800001D072B600BF064A7B6852F823305A1CAE
:10C4900003497B6841F8232000BF0837BD4680BDB3
:10C4A000549AFF1F509AFF1F80B582B000AFFBF770
:10C4B0007BFD03467B60114A7B6852F823305A1E8D
:10C4C0000E497B6841F823200D4A7B6852F82330DF
:10C4D00003F00103002B01D1012300E00023002B16
:10C4E00007D0064A7B6852F82330002B01D162B690
:10C4F00000BF00BF0837BD4680BD00BF549AFF1F74
:10C50000509AFF1F80B582B000AFFBF74DFD034688
:10C510007B60144A7B6852F82330002B15D100F061
:10C5200089FC024610497B6841F823200E4A7B684B
:10C5300052F8233003F00103002B01D1012300E066
:10C540000023002B01D072B600BF064A7B6852F868
:10C5500023305A1C03497B6841F8232000BF083769
:10C56000BD4680BD5C9AFF1F589AFF1F80B582B000
:10C5700000AFFBF719FD03467B60114A7B6852F858
:10C5800023305A1E0E497B6841F823200D4A7B68F0
:10C5900052F8233003F00103002B01D1012300E006
:10C5A0000023002B07D0064A7B6852F82330002B6B
:10C5B00001D162B600BF00BF0837BD4680BD00BFD5
:10C5C0005C9AFF1F589AFF1F80B582B000AFFBF73F
:10C5D000EBFC03467B60144A7B6852F82330002B47
:10C5E00015D100F027FC024610497B6841F8232052
:10C5F0000E4A7B6852F8233003F00103002B01D16F
:10C60000012300E00023002B01D072B600BF064AD0
:10C610007B6852F823305A1C03497B6841F8232079
:10C6200000BF0837BD4680BD649AFF1F609AFF1F98
:10C6300080B582B000AFFBF7B7FC03467B60114AC0
:10C640007B6852F823305A1E0E497B6841F823203C
:10C650000D4A7B6852F8233003F00103002B01D10F
:10C66000012300E00023002B07D0064A7B6852F824
:10C670002330002B01D162B600BF00BF0837BD4692
:10C6800080BD00BF649AFF1F609AFF1F80B582B013
:10C6900000AFFBF789FC03467B60144A7B6852F8C5
:10C6A0002330002B15D100F0C5FB024610497B68F2
:10C6B00041F823200E4A7B6852F8233003F001032F
:10C6C000002B01D1012300E00023002B01D072B622
:10C6D00000BF064A7B6852F823305A1C03497B6826
:10C6E00041F8232000BF0837BD4680BD6C9AFF1F6C
:10C6F000689AFF1F80B582B000AFFBF755FC034678
:10C700007B60114A7B6852F823305A1E0E497B68C1
:10C7100041F823200D4A7B6852F8233003F00103CF
:10C72000002B01D1012300E00023002B07D0064A93
:10C730007B6852F82330002B01D162B600BF00BFE6
:10C740000837BD4680BD00BF6C9AFF1F689AFF1F67
:10C7500080B582B000AFFBF727FC03467B60144A2C
:10C760007B6852F82330002B15D100F063FB0246A2
:10C7700010497B6841F823200E4A7B6852F8233029
:10C7800003F00103002B01D1012300E00023002B63
:10C7900001D072B600BF064A7B6852F823305A1C9B
:10C7A00003497B6841F8232000BF0837BD4680BDA0
:10C7B000749AFF1F709AFF1F80B582B000AFFBF71D
:10C7C000F3FB03467B60114A7B6852F823305A1E04
:10C7D0000E497B6841F823200D4A7B6852F82330CC
:10C7E00003F00103002B01D1012300E00023002B03
:10C7F00007D0064A7B6852F82330002B01D162B67D
:10C8000000BF00BF0837BD4680BD00BF749AFF1F40
:10C81000709AFF1F80B582B000AFFBF7C5FB0346DF
:10C820007B60144A7B6852F82330002B15D100F04E
:10C8300001FB024610497B6841F823200E4A7B68C1
:10C8400052F8233003F00103002B01D1012300E053
:10C850000023002B01D072B600BF064A7B6852F855
:10C8600023305A1C03497B6841F8232000BF083756
:10C87000BD4680BD7C9AFF1F789AFF1F80B582B0AD
:10C8800000AFFBF791FB03467B60114A7B6852F8CF
:10C8900023305A1E0E497B6841F823200D4A7B68DD
:10C8A00052F8233003F00103002B01D1012300E0F3
:10C8B0000023002B07D0064A7B6852F82330002B58
:10C8C00001D162B600BF00BF0837BD4680BD00BFC2
:10C8D0007C9AFF1F789AFF1F80B582B000AFFBF7EC
:10C8E00063FB03467B60144A7B6852F82330002BBD
:10C8F00015D100F09FFA024610497B6841F82320C9
:10C900000E4A7B6852F8233003F00103002B01D15B
:10C91000012300E00023002B01D072B600BF064ABD
:10C920007B6852F823305A1C03497B6841F8232066
:10C9300000BF0837BD4680BD849AFF1F809AFF1F45
:10C9400080B582B000AFFBF72FFB03467B60114A36
:10C950007B6852F823305A1E0E497B6841F8232029
:10C960000D4A7B6852F8233003F00103002B01D1FC
:10C97000012300E00023002B07D0064A7B6852F811
:10C980002330002B01D162B600BF00BF0837BD467F
:10C9900080BD00BF849AFF1F809AFF1F80B582B0C0
:10C9A00000AFFBF701FB03467B60144A7B6852F83B
:10C9B0002330002B15D100F03DFA024610497B6868
:10C9C00041F823200E4A7B6852F8233003F001031C
:10C9D000002B01D1012300E00023002B01D072B60F
:10C9E00000BF064A7B6852F823305A1C03497B6813
:10C9F00041F8232000BF0837BD4680BD8C9AFF1F39
:10CA0000889AFF1F80B582B000AFFBF7CDFA0346CE
:10CA10007B60114A7B6852F823305A1E0E497B68AE
:10CA200041F823200D4A7B6852F8233003F00103BC
:10CA3000002B01D1012300E00023002B07D0064A80
:10CA40007B6852F82330002B01D162B600BF00BFD3
:10CA50000837BD4680BD00BF8C9AFF1F889AFF1F14
:10CA600080B582B000AFFBF79FFA03467B60144AA3
:10CA70007B6852F82330002B15D100F0DBF9024619
:10CA800010497B6841F823200E4A7B6852F8233016
:10CA900003F00103002B01D1012300E00023002B50
:10CAA00001D072B600BF064A7B6852F823305A1C88
:10CAB00003497B6841F8232000BF0837BD4680BD8D
:10CAC000949AFF1F909AFF1F80B582B000AFFBF7CA
:10CAD0006BFA03467B60114A7B6852F823305A1E7A
:10CAE0000E497B6841F823200D4A7B6852F82330B9
:10CAF00003F00103002B01D1012300E00023002BF0
:10CB000007D0064A7B6852F82330002B01D162B669
:10CB100000BF00BF0837BD4680BD00BF949AFF1F0D
:10CB2000909AFF1F80B582B000AFFBF73DFA034635
:10CB30007B60144A7B6852F82330002B15D100F03B
:10CB400079F9024610497B6841F823200E4A7B6838
:10CB500052F8233003F00103002B01D1012300E040
:10CB60000023002B01D072B600BF064A7B6852F842
:10CB700023305A1C03497B6841F8232000BF083743
:10CB8000BD4680BD9C9AFF1F989AFF1F80B582B05A
:10CB900000AFFBF709FA03467B60114A7B6852F845
:10CBA00023305A1E0E497B6841F823200D4A7B68CA
:10CBB00052F8233003F00103002B01D1012300E0E0
:10CBC0000023002B07D0064A7B6852F82330002B45
:10CBD00001D162B600BF00BF0837BD4680BD00BFAF
:10CBE0009C9AFF1F989AFF1F80B582B000AFFBF799
:10CBF000DBF903467B60144A7B6852F82330002B34
:10CC000015D100F017F9024610497B6841F823203E
:10CC10000E4A7B6852F8233003F00103002B01D148
:10CC2000012300E00023002B01D072B600BF064AAA
:10CC30007B6852F823305A1C03497B6841F8232053
:10CC400000BF0837BD4680BDA49AFF1FA09AFF1FF2
:10CC500080B582B000AFFBF7A7F903467B60114AAD
:10CC60007B6852F823305A1E0E497B6841F8232016
:10CC70000D4A7B6852F8233003F00103002B01D1E9
:10CC8000012300E00023002B07D0064A7B6852F8FE
:10CC90002330002B01D162B600BF00BF0837BD466C
:10CCA00080BD00BFA49AFF1FA09AFF1F80B582B06D
:10CCB00000AFFBF779F903467B60144A7B6852F8B2
:10CCC0002330002B15D100F0B5F8024610497B68DF
:10CCD00041F823200E4A7B6852F8233003F0010309
:10CCE000002B01D1012300E00023002B01D072B6FC
:10CCF00000BF064A7B6852F823305A1C03497B6800
:10CD000041F8232000BF0837BD4680BDAC9AFF1F05
:10CD1000A89AFF1F80B582B000AFFBF745F9034624
:10CD20007B60114A7B6852F823305A1E0E497B689B
:10CD300041F823200D4A7B6852F8233003F00103A9
:10CD4000002B01D1012300E00023002B07D0064A6D
:10CD50007B6852F82330002B01D162B600BF00BFC0
:10CD60000837BD4680BD00BFAC9AFF1FA89AFF1FC1
:10CD700080B582B000AFFBF717F903467B60144A19
:10CD80007B6852F82330002B15D100F053F802468F
:10CD900010497B6841F823200E4A7B6852F8233003
:10CDA00003F00103002B01D1012300E00023002B3D
:10CDB00001D072B600BF064A7B6852F823305A1C75
:10CDC00003497B6841F8232000BF0837BD4680BD7A
:10CDD000B49AFF1FB09AFF1F80B582B000AFFBF777
:10CDE000E3F803467B60114A7B6852F823305A1EF1
:10CDF0000E497B6841F823200D4A7B6852F82330A6
:10CE000003F00103002B01D1012300E00023002BDC
:10CE100007D0064A7B6852F82330002B01D162B656
:10CE200000BF00BF0837BD4680BD00BFB49AFF1FDA
:10CE3000B09AFF1F80B483B000AFEFF310837B6024
:10CE40007B6818460C37BD465DF8047B704700BF11
:10CE500080B584B000AF78607B68002B29D0174B79
:10CE60001B78002B25D1164A7B681360144B1B6876
:10CE7000184600F0BFF90023FB810EE0104B1B6841
:10CE80009968FA8913465B001344DB000B4418468B
:10CE900000F0DEF9FB890133FB81094B1B685B88DD
:10CEA000FA899A42EAD3054B01221A70054B0022F7
:10CEB0001A7000BF1037BD4680BD00BF099DFF1F1F
:10CEC0000C9DFF1F089DFF1F80B500AF094B1B780D
:10CED000002B0DD0084B1B68184600F0CEF9064B0E
:10CEE00000221A60034B00221A70044B00221A70B1
:10CEF00000BF80BD099DFF1F0C9DFF1F089DFF1FE8
:10CF000080B584B000AF0346FB801C4B1B78002B20
:10CF10002FD01B4B1B68FA881146184600F069FA9F
:10CF20000346012B25D0164B1B689A68144B1B68CF
:10CF3000D968FB88CB5C19460B465B000B44DB00D1
:10CF4000134414331B68002B13D00D4B1B68DA6895
:10CF5000FB88D35CFB810A4B1B689968FA891346EE
:10CF60005B001344DB000B4404331B68184600F0DD
:10CF700075FA00BF1037BD4680BD00BF099DFF1F79
:10CF80000C9DFF1F80B584B000AF0346FB801C4B97
:10CF90001B78002B2FD01B4B1B68FA8811461846B4
:10CFA00000F027FA0346012B25D0164B1B689A6820
:10CFB000144B1B68D968FB88CB5C19460B465B0099
:10CFC0000B44DB00134414331B68002B13D00D4BB0
:10CFD0001B68DA68FB88D35CFB810A4B1B68996885
:10CFE000FA8913465B001344DB000B4404331B68CF
:10CFF000184600F014FA00BF1037BD4680BD00BFD0
:10D00000099DFF1F0C9DFF1F80B584B000AF034634
:10D01000FB800023FB60144B1B78002B1ED0134BAE
:10D020001B68FA881146184600F0E3F90346012B05
:10D0300014D00E4B1B68DA68FB88D35C7B810B4BEA
:10D040001B6899687A8913465B001344DB000B4424
:10D0500004331B68184600F01FFAF860FB68184696
:10D060001037BD4680BD00BF099DFF1F0C9DFF1FEF
:10D0700080B584B000AF0346FB800023FB60144BF7
:10D080001B78002B1ED0134B1B68FA8811461846DC
:10D0900000F0AFF90346012B14D00E4B1B68DA6881
:10D0A000FB88D35C7B810B4B1B6899687A8913469C
:10D0B0005B001344DB000B4404331B68184600F08C
:10D0C00005FAF860FB6818461037BD4680BD00BF02
:10D0D000099DFF1F0C9DFF1F80B584B000AF034664
:10D0E0003960FB80294B1B78002B4AD0284B1B68EA
:10D0F000FA881146184600F07CF90346012B40D00F
:10D10000234B1B689A68224B1B68D968FB88CB5C51
:10D1100019460B465B000B44DB00134410331B68BD
:10D120003A689A422DD83B68002B2AD0184B1B68CE
:10D130009A68174B1B68D968FB88CB5C19460B466D
:10D140005B000B44DB00134404331B68184600F0FB
:10D1500031F90346022B14D00D4B1B68DA68FB88AB
:10D16000D35CFB810A4B1B689968FA8913465B0004
:10D170001344DB000B4404331B683968184600F085
:10D18000DFF800BF1037BD4680BD00BF099DFF1FFF
:10D190000C9DFF1F80B584B000AF0346FB80134B8E
:10D1A0001B78002B1DD0124B1B68FA8811461846BD
:10D1B00000F01FF90346012B13D00D4B1B68DA68F2
:10D1C000FB88D35CFB810A4B1B689968FA8913467C
:10D1D0005B001344DB000B4404331B68184600F06B
:10D1E000C6F800BF1037BD4680BD00BF099DFF1FB8
:10D1F0000C9DFF1F80B584B000AF78600023FB81D9
:10D200001CE07B685968FA8913465B0013449B0055
:10D210000B441B78012B0DD17B685968FA891346A2
:10D220005B0013449B000B4408331B68184600F056
:10D2300089F900E000BFFB890133FB817B681B8813
:10D24000FA899A42DDD300BF00BF1037BD4680BDCA
:10D2500080B584B000AF78607B685B681B78012B79
:10D2600006D107F108031946786800F049F900E093
:10D2700000BF00BF1037BD4680BD80B584B000AF91
:10D2800078600023FB731CE07B685968FA7B1346C7
:10D290005B0013449B000B441B78012B0DD17B6872
:10D2A0005968FA7B13465B0013449B000B4401331F
:10D2B0001B78184600F0FAF900E000BFFB7B013351
:10D2C000FB73FB7B9AB27B681B889A42DCD30023FA
:10D2D000BB732AE07B689968BA7B13465B001344F2
:10D2E000DB000B4404331B681B78012B19D17B68CE
:10D2F0009968BA7B13465B001344DB000B4404338C
:10D300001B6858787B689968BA7B13465B001344A6
:10D31000DB000B4404331B689B78194600F0D8F9F6
:10D3200000E000BFBB7B0133BB73BB7B9AB27B6861
:10D330005B889A42CED300BF00BF1037BD4680BD88
:10D3400080B582B000AF786039607B681B78012BB4
:10D3500008D17B6858787B689B783A68194600F05A
:10D360004FFA00E000BF00BF0837BD4680BD80B562
:10D3700082B000AF78607B681B78012B13D17B688B
:10D380005A787B689B781946104600F075FC034676
:10D39000022B0AD17B685A787B689B781946104625
:10D3A00000F0AEFA01E000BF00E000BF00BF0837A8
:10D3B000BD4680BD80B584B000AF78600023FB73AC
:10D3C0000023BB737B681B78012B0CD17B685A78D8
:10D3D0007B689B781946104600F04EFC0346BB73F1
:10D3E000BB7BFB7300E000BFFB7B18461037BD46DC
:10D3F00080BD80B485B000AF78600B467B80012390
:10D40000FB737B685B887A889A4201D20023FB73A6
:10D41000FB7B18461437BD465DF8047B704780B52A
:10D4200082B000AF78607B681B78012B0CD10A4B6F
:10D430001B78002B0AD17B685A787B689B78194649
:10D44000104600F039FC01E000BF00E000BF00BF63
:10D450000837BD4680BD00BF089DFF1F80B582B064
:10D4600000AF78607B681B78012B0CD1094B1B78CF
:10D47000002B0AD17B685A787B689B781946104646
:10D4800000F050FC01E000BF00E000BF00BF083723
:10D49000BD4680BD089DFF1F80B584B000AF786099
:10D4A0000023FB607B681B78012B09D17B685A78CD
:10D4B0007B689B781946104600F02AFBF86000E074
:10D4C00000BFFB6818461037BD4680BD80B584B0EC
:10D4D00000AF78600023FB607B681B78012B09D1CB
:10D4E0007B685A787B689B781946104600F07AFB77
:10D4F000F86000E000BFFB6818461037BD4680BDED
:10D5000080B582B000AF786039607B685B685A781C
:10D510003B681A707B685B689A783B685A707B68D6
:10D520001A7A3B689A703B680022DA707B685A6905
:10D530003B685A60386800F031F800BF0837BD46D4
:10D5400080BD00BF80B582B000AF7860FEF7E0FA22
:10D55000114B1B68104A23F0010313607B685B7852
:10D56000012B06D10C4B1B680B4A43F002031360DE
:10D5700005E0094B1B68084A23F002031360064BC1
:10D580001B68054A43F001031360FEF7F5FA00BF7C
:10D590000837BD4680BD00BF00A00540B0B582B0D1
:10D5A00000AF7860FEF716FB3E4A7B685B781B0194
:10D5B000134403F584731B683A497A685278120160
:10D5C0000A4402F5847223F007031360354A7B682E
:10D5D0005B781B01134403F586731B6831497A6835
:10D5E000527812010A4402F5867243F00103136077
:10D5F0007B681B7818467B685B782B491A4692003B
:10D600001A4493001A4603469B0003441B0113442B
:10D610000B44013300221A707B681B781C467B6820
:10D620005B781D467B6859681F482A4692002A4449
:10D6300093001A4623469B0023441B0113440344D2
:10D64000043319607B681B7818467B685B781C463E
:10D650007B689D78144922469200224493001A4622
:10D6600003469B0003441B0113440B4408332A4622
:10D670001A707B681B7818467B685B780A491A46E3
:10D6800092001A4493001A4603469B0003441B0170
:10D6900013440B4401221A70FEF7D0FA00BF08377A
:10D6A000BD46B0BD00A005405086FF1F80B485B0C8
:10D6B00000AF0346FB71054BFB60FB6800221A605C
:10D6C00000BF1437BD465DF8047B704700A00540DD
:10D6D00080B485B000AF03460A46FB711346BB71A8
:10D6E000454BFB60BB79FA6810331B0113440022E1
:10D6F0001A60BB79FA6810331B011344043300220B
:10D700001A60BB79FA681B01134403F58473002285
:10D710001A60BB79FA681B01134403F58673012272
:10D720001A60F979BB7935481A4692001A44930079
:10D730001A460B469B000B441B0113440344002272
:10D740001A70F979BB792D481A4692001A44930051
:10D750001A460B469B000B441B0113440344013340
:10D7600000221A70F979BB7924481A4692001A44AB
:10D7700093001A460B469B000B441B0113440344C1
:10D78000043300221A60F979BB791C481A469200CA
:10D790001A4493001A460B469B000B441B0113448A
:10D7A0000344083300221A70F979BB7913481A46EA
:10D7B00092001A4493001A460B469B000B441B012F
:10D7C000134403440C3300221A60F979BB790B48E7
:10D7D0001A4692001A4493001A460B469B000B44CB
:10D7E0001B0113440344103300221A6000BF143796
:10D7F000BD465DF8047B704700A005405086FF1FC2
:10D8000080B582B000AF03463A60FB710B46BB7136
:10D81000FEF742FA384ABB791B01134403F58473BF
:10D820001B683549BA7912010A4402F5847223F063
:10D8300005031360304ABB7910331B0113441A46A9
:10D840003B681360F979BB792C481A4692001A4458
:10D8500093001A460B469B000B441B0113440344E0
:10D860000C333A681A60F979BB7924481A46920059
:10D870001A4493001A460B469B000B441B011344A9
:10D88000034408331B78012B0FD11B4ABB791B01C2
:10D89000134403F584731B681749BA7912010A44CB
:10D8A00002F5847243F002031360134ABB791B0133
:10D8B000134403F584731B680F49BA7912010A44B3
:10D8C00002F5847243F001031360F979BB790B48C8
:10D8D0001A4692001A4493001A460B469B000B44CA
:10D8E0001B011344034402221A70FEF709FA00BF19
:10D8F0000837BD4680BD00BF00A005405086FF1F11
:10D9000090B583B000AF03460A46FB711346BB7166
:10D91000FEF724FA274ABB791B01134403F58273EF
:10D920001A46F979BB791068234C1A4692001A44BA
:10D9300093001A460B469B000B441B0113442344DF
:10D94000103318601B4ABB791B01134403F5847321
:10D950001B681849BA7912010A4402F5847223F04F
:10D9600003031360F979BB7913481A4692001A44ED
:10D9700093001A460B469B000B441B0113440344BF
:10D9800008331B78002B0FD1F979BB790A481A4666
:10D9900092001A4493001A460B469B000B441B014D
:10D9A0001344034403221A70FEF70CFA00BF0C372D
:10D9B000BD4690BD00A005405086FF1F80B584B0D5
:10D9C00000AF03460A46FB711346BB71FEF728FA07
:10D9D0004D4ABB791B01134403F586731B68FB603A
:10D9E000494ABB791B01134403F584731B685B0828
:10D9F00003F00103BB60FB68012B7CD1BB68012BEA
:10DA000079D1414ABB791B01134403F586731B6826
:10DA10003D49BA7912010A4402F5867243F00103C6
:10DA20001360F979BB7939481A4692001A44930079
:10DA30001A460B469B000B441B0113440344083356
:10DA40001B78012B1FD1304ABB791B01134403F50E
:10DA500084731B682C49BA7912010A4402F5847256
:10DA600023F007031360F979BB7928481A4692001E
:10DA70001A4493001A460B469B000B441B011344A7
:10DA8000034404221A70FEF7FFF9F979BB791F48A5
:10DA90001A4692001A4493001A460B469B000B4408
:10DAA0001B011344034401331B78012B26D1F97960
:10DAB000BB7916481A4692001A4493001A460B4640
:10DAC0009B000B441B011344034404331B68002BCD
:10DAD00014D0F979BB790D481A4692001A44930084
:10DAE0001A460B469B000B441B01134403440433AA
:10DAF0001B68984702E0FEF7C7F900E000BF00BFCF
:10DB00001037BD4680BD00BF00A005405086FF1FF6
:10DB100090B585B000AF03460A46FB711346BB7152
:10DB20000023FB600023BB60F979BB792C481A46BF
:10DB300092001A4493001A460B469B000B441B01AB
:10DB4000134403441B78042B28D0042B41DC022B04
:10DB500036D0032B3DD1F979BB7921481A46920082
:10DB60001A4493001A460B469B000B441B011344B6
:10DB700003440C331868F979BB79194C1A469200A2
:10DB80001A4493001A460B469B000B441B01134496
:10DB9000234410331B68C31AFB601BE0F979BB797F
:10DBA0000F481A4692001A4493001A460B469B00EF
:10DBB0000B441B01134403440C331B68FB6009E056
:10DBC00007F1080307F10C02B979F87900F06EF952
:10DBD00000E000BFFB6818461437BD4690BD00BF8B
:10DBE0005086FF1F80B584B000AF03460A46FB7124
:10DBF0001346BB710023FB600023BB60F979BB793E
:10DC00001C481A4692001A4493001A460B469B0081
:10DC10000B441B01134403441B78042B17D0042B23
:10DC200021DC022B16D0032B1DD1F979BB791148C9
:10DC30001A4692001A4493001A460B469B000B4466
:10DC40001B011344034410331B68BB600CE000232A
:10DC5000BB6009E007F1080307F10C02B979F87914
:10DC600000F024F900E000BFBB6818461037BD463D
:10DC700080BD00BF5086FF1F80B483B000AF034655
:10DC80000A46FB711346BB71F979BB7909481A46FC
:10DC900092001A4493001A460B469B000B441B014A
:10DCA000134403441B7818460C37BD465DF8047BCB
:10DCB000704700BF5086FF1F80B582B000AF03469B
:10DCC0000A46FB711346BB71FEF70CF9F979BB7973
:10DCD00012481A4692001A4493001A460B469B00BB
:10DCE0000B441B0113440344013301221A700C4AF4
:10DCF000BB791B01134403F584731B680849BA7987
:10DD000012010A4402F5847243F002031360FEF725
:10DD10001DF900BF0837BD4680BD00BF5086FF1FFC
:10DD200000A0054080B582B000AF03460A46FB71F3
:10DD30001346BB71FEF738F9F979BB7923481A46C7
:10DD400092001A4493001A460B469B000B441B0199
:10DD500013440344013300221A70F979BB791B483C
:10DD60001A4692001A4493001A460B469B000B4435
:10DD70001B011344034408331B78002B10D0F9799E
:10DD8000BB7912481A4692001A4493001A460B4671
:10DD90009B000B441B01134403441B78022B0FD040
:10DDA0000B4ABB791B01134403F584731B680849B4
:10DDB000BA7912010A4402F5847223F00203136057
:10DDC000FEF726F900BF0837BD4680BD5086FF1F0D
:10DDD00000A0054080B485B000AF03463960FB71F8
:10DDE0003B68FA791A700023BB60094BFB60FB6843
:10DDF0001B68BB60BB685B08DBB203F00103DAB2EF
:10DE00003B685A7000BF1437BD465DF8047B70470D
:10DE100000A0054080B483B000AF03463A60FB71B8
:10DE20000B46BB713B68FA791A703B68BA795A7035
:10DE3000F979BB791C481A4692001A4493001A4695
:10DE40000B469B000B441B011344034408331A7810
:10DE50003B689A70F979BB7913481A4692001A44C4
:10DE600093001A460B469B000B441B0113440344CA
:10DE700001331A783B68DA70F979BB790A481A4697
:10DE800092001A4493001A460B469B000B441B0158
:10DE90001344034404331A683B685A6000BF0C37CC
:10DEA000BD465DF8047B70475086FF1F80B487B085
:10DEB00000AFBA607B600346FB730B46BB73124A2C
:10DEC000BB7B1B01134403F582731B687B61F97BE9
:10DED000BB7B0E481A4692001A4493001A460B4622
:10DEE0009B000B441B01134403440C331A687B69E9
:10DEF000D21ABB681A607B687A691A6000BF1C3747
:10DF0000BD465DF8047B704700A005405086FF1FAA
:10DF100080B500AF00210020FFF750FD00BF80BD9D
:10DF200080B582B000AFFAF73FF803467B60144A31
:10DF30007B6852F82330002B15D100F027FC0246F5
:10DF400010497B6841F823200E4A7B6852F8233041
:10DF500003F00103002B01D1012300E00023002B7B
:10DF600001D072B600BF064A7B6852F823305A1CB3
:10DF700003497B6841F8232000BF0837BD4680BDB8
:10DF8000BC9AFF1FB89AFF1F80B582B000AFFAF7A6
:10DF90000BF803467B60114A7B6852F823305A1E07
:10DFA0000E497B6841F823200D4A7B6852F82330E4
:10DFB00003F00103002B01D1012300E00023002B1B
:10DFC00007D0064A7B6852F82330002B01D162B695
:10DFD00000BF00BF0837BD4680BD00BFBC9AFF1F11
:10DFE000B89AFF1F80B582B000AFF9F7DDFF034696
:10DFF0007B60144A7B6852F82330002B15D100F067
:10E00000C5FB024610497B6841F823200E4A7B6815
:10E0100052F8233003F00103002B01D1012300E06B
:10E020000023002B01D072B600BF064A7B6852F86D
:10E0300023305A1C03497B6841F8232000BF08376E
:10E04000BD4680BDC49AFF1FC09AFF1F80B582B035
:10E0500000AFF9F7A9FF03467B60114A7B6852F8CD
:10E0600023305A1E0E497B6841F823200D4A7B68F5
:10E0700052F8233003F00103002B01D1012300E00B
:10E080000023002B07D0064A7B6852F82330002B70
:10E0900001D162B600BF00BF0837BD4680BD00BFDA
:10E0A000C49AFF1FC09AFF1F80B582B000AFF9F776
:10E0B0007BFF03467B60144A7B6852F82330002BB9
:10E0C00015D100F063FB024610497B6841F823201C
:10E0D0000E4A7B6852F8233003F00103002B01D174
:10E0E000012300E00023002B01D072B600BF064AD6
:10E0F0007B6852F823305A1C03497B6841F823207F
:10E1000000BF0837BD4680BDCC9AFF1FC89AFF1FCD
:10E1100080B582B000AFF9F747FF03467B60114A34
:10E120007B6852F823305A1E0E497B6841F8232041
:10E130000D4A7B6852F8233003F00103002B01D114
:10E14000012300E00023002B07D0064A7B6852F829
:10E150002330002B01D162B600BF00BF0837BD4697
:10E1600080BD00BFCC9AFF1FC89AFF1F80B582B048
:10E1700000AFF9F719FF03467B60144A7B6852F839
:10E180002330002B15D100F001FB024610497B68BB
:10E1900041F823200E4A7B6852F8233003F0010334
:10E1A000002B01D1012300E00023002B01D072B627
:10E1B00000BF064A7B6852F823305A1C03497B682B
:10E1C00041F8232000BF0837BD4680BDD49AFF1F09
:10E1D000D09AFF1F80B582B000AFF9F7E5FE034685
:10E1E0007B60114A7B6852F823305A1E0E497B68C7
:10E1F00041F823200D4A7B6852F8233003F00103D5
:10E20000002B01D1012300E00023002B07D0064A98
:10E210007B6852F82330002B01D162B600BF00BFEB
:10E220000837BD4680BD00BFD49AFF1FD09AFF1F9C
:10E2300080B582B000AFF9F7B7FE03467B60144AA1
:10E240007B6852F82330002B15D100F09FFA02466C
:10E2500010497B6841F823200E4A7B6852F823302E
:10E2600003F00103002B01D1012300E00023002B68
:10E2700001D072B600BF064A7B6852F823305A1CA0
:10E2800003497B6841F8232000BF0837BD4680BDA5
:10E29000DC9AFF1FD89AFF1F80B582B000AFF9F754
:10E2A00083FE03467B60114A7B6852F823305A1E76
:10E2B0000E497B6841F823200D4A7B6852F82330D1
:10E2C00003F00103002B01D1012300E00023002B08
:10E2D00007D0064A7B6852F82330002B01D162B682
:10E2E00000BF00BF0837BD4680BD00BFDC9AFF1FDE
:10E2F000D89AFF1F80B582B000AFF9F755FE0346EC
:10E300007B60144A7B6852F82330002B15D100F053
:10E310003DFA024610497B6841F823200E4A7B688B
:10E3200052F8233003F00103002B01D1012300E058
:10E330000023002B01D072B600BF064A7B6852F85A
:10E3400023305A1C03497B6841F8232000BF08375B
:10E35000BD4680BDE49AFF1FE09AFF1F80B582B0E2
:10E3600000AFF9F721FE03467B60114A7B6852F843
:10E3700023305A1E0E497B6841F823200D4A7B68E2
:10E3800052F8233003F00103002B01D1012300E0F8
:10E390000023002B07D0064A7B6852F82330002B5D
:10E3A00001D162B600BF00BF0837BD4680BD00BFC7
:10E3B000E49AFF1FE09AFF1F80B582B000AFF9F723
:10E3C000F3FD03467B60144A7B6852F82330002B30
:10E3D00015D100F0DBF9024610497B6841F8232093
:10E3E0000E4A7B6852F8233003F00103002B01D161
:10E3F000012300E00023002B01D072B600BF064AC3
:10E400007B6852F823305A1C03497B6841F823206B
:10E4100000BF0837BD4680BDEC9AFF1FE89AFF1F7A
:10E4200080B582B000AFF9F7BFFD03467B60114AAB
:10E430007B6852F823305A1E0E497B6841F823202E
:10E440000D4A7B6852F8233003F00103002B01D101
:10E45000012300E00023002B07D0064A7B6852F816
:10E460002330002B01D162B600BF00BF0837BD4684
:10E4700080BD00BFEC9AFF1FE89AFF1F80B582B0F5
:10E4800000AFF9F791FD03467B60144A7B6852F8B0
:10E490002330002B15D100F079F9024610497B6832
:10E4A00041F823200E4A7B6852F8233003F0010321
:10E4B000002B01D1012300E00023002B01D072B614
:10E4C00000BF064A7B6852F823305A1C03497B6818
:10E4D00041F8232000BF0837BD4680BDF49AFF1FD6
:10E4E000F09AFF1F80B582B000AFF9F75DFD0346DB
:10E4F0007B60114A7B6852F823305A1E0E497B68B4
:10E5000041F823200D4A7B6852F8233003F00103C1
:10E51000002B01D1012300E00023002B07D0064A85
:10E520007B6852F82330002B01D162B600BF00BFD8
:10E530000837BD4680BD00BFF49AFF1FF09AFF1F49
:10E5400080B582B000AFF9F72FFD03467B60144A17
:10E550007B6852F82330002B15D100F017F90246E2
:10E5600010497B6841F823200E4A7B6852F823301B
:10E5700003F00103002B01D1012300E00023002B55
:10E5800001D072B600BF064A7B6852F823305A1C8D
:10E5900003497B6841F8232000BF0837BD4680BD92
:10E5A000FC9AFF1FF89AFF1F80B582B000AFF9F701
:10E5B000FBFC03467B60114A7B6852F823305A1EED
:10E5C0000E497B6841F823200D4A7B6852F82330BE
:10E5D00003F00103002B01D1012300E00023002BF5
:10E5E00007D0064A7B6852F82330002B01D162B66F
:10E5F00000BF00BF0837BD4680BD00BFFC9AFF1FAB
:10E60000F89AFF1F80B582B000AFF9F7CDFC034642
:10E610007B60144A7B6852F82330002B15D100F040
:10E62000B5F8024610497B6841F823200E4A7B6802
:10E6300052F8233003F00103002B01D1012300E045
:10E640000023002B01D072B600BF064A7B6852F847
:10E6500023305A1C03497B6841F8232000BF083748
:10E66000BD4680BD049BFF1F009BFF1F80B582B08D
:10E6700000AFF9F799FC03467B60114A7B6852F8BA
:10E6800023305A1E0E497B6841F823200D4A7B68CF
:10E6900052F8233003F00103002B01D1012300E0E5
:10E6A0000023002B07D0064A7B6852F82330002B4A
:10E6B00001D162B600BF00BF0837BD4680BD00BFB4
:10E6C000049BFF1F009BFF1F80B582B000AFF9F7CE
:10E6D0006BFC03467B60144A7B6852F82330002BA6
:10E6E00015D100F053F8024610497B6841F8232009
:10E6F0000E4A7B6852F8233003F00103002B01D14E
:10E70000012300E00023002B01D072B600BF064AAF
:10E710007B6852F823305A1C03497B6841F8232058
:10E7200000BF0837BD4680BD0C9BFF1F089BFF1F25
:10E7300080B582B000AFF9F737FC03467B60114A21
:10E740007B6852F823305A1E0E497B6841F823201B
:10E750000D4A7B6852F8233003F00103002B01D1EE
:10E76000012300E00023002B07D0064A7B6852F803
:10E770002330002B01D162B600BF00BF0837BD4671
:10E7800080BD00BF0C9BFF1F089BFF1F80B483B0A0
:10E7900000AFEFF310837B607B6818460C37BD46F3
:10E7A0005DF8047B704700BF80B584B000AF78602F
:10E7B0001E4A7B6853600023FB730BE01B4B5B68B6
:10E7C000DA68FB7BDB001344184600F0ABF8FB7BF8
:10E7D0000133FB73154B5B681B7AFA7B9A42EDD3CE
:10E7E0000023FB7317E0114B5B685968FA7BFB7BD6
:10E7F00012010A440D49023341F823200B4B5B6898
:10E800005A68FB7B1B0113440433184600F0A6F83A
:10E81000FB7B0133FB73054B5B681B78FA7B9A42E9
:10E82000E1D300BF00BF1037BD4680BDA086FF1FEB
:10E8300080B582B000AF0023FB710BE01E4B9A68DD
:10E84000FB791B0113440433184600F0BCF8FB7934
:10E850000133FB71184B5B681B78FA799A42EDD350
:10E860000023FB710BE0144B5B68DA68FB79DB007B
:10E870001344184600F08EF8FB790133FB710E4B00
:10E880005B681B7AFA799A42EDD30B4B00225A60EF
:10E890000023FB7108E0FB79074A0233002142F8AC
:10E8A0002310FB790133FB71FB79022BF3D900BFF5
:10E8B00000BF0837BD4680BDA086FF1F80B582B06F
:10E8C00000AF03460A46FB711346BB80074B9A68AC
:10E8D000FB791B0113441A1DBB881146184600F032
:10E8E0008EF800BF0837BD4680BD00BFA086FF1F61
:10E8F00080B582B000AF03463960FB711346BB8020
:10E90000074B9A68FB791B0113441A1DBB881946F3
:10E91000386800F093F800BF0837BD4680BD00BFDF
:10E92000A086FF1F80B582B000AF78607B685B78FF
:10E93000002B0CD17B685B68002B0AD07B681A78AF
:10E940007B685B681946104600F098F801E000BF4C
:10E9500000E000BF00BF0837BD4680BD80B582B073
:10E9600000AF78607B685B78002B0CD17B685B68BC
:10E97000002B0AD07B681A787B685B6819461046C2
:10E9800000F088F901E000BF00E000BF00BF0837D9
:10E99000BD4680BD80B582B000AF78607B685B7893
:10E9A000002B09D17B685B68002B07D07B681B7844
:10E9B000184600F017FB01E000BF00E000BF00BFF9
:10E9C0000837BD4680BD80B582B000AF78607B68F7
:10E9D0005B78002B0CD17B685B68002B0AD07B68CE
:10E9E0001A787B685B681946104600F04FFB01E01F
:10E9F00000BF00E000BF00BF0837BD4680BD80B546
:10EA000082B000AF03463960FB803B685B78002B27
:10EA10000DD13B685B68002B0BD03B6818783B68D6
:10EA20005B689B78FA88194600F09EFB01E000BF06
:10EA300000E000BF00BF0837BD4680BD80B584B090
:10EA400000AFF8600B467A607B817B685B78002BB7
:10EA50000DD17B685B68002B0BD07B6818787B68D6
:10EA60005B6899787B89FA6800F072FC01E000BF6E
:10EA700000E000BF00BF1037BD4680BD80B584B048
:10EA800000AF03463960FB71FB79804A52F82330AE
:10EA9000FB60FFF745FAFB6800221A63FB685B69BD
:10EAA00043F00202FB685A613B68DB685A1EFB6850
:10EAB0005A63FB685B6943F00102FB685A61FB68BB
:10EAC0005B6943F0C002FB685A61FB685B6943F015
:10EAD0001002FB685A61FB685B6943F48032FB6893
:10EAE0005A61FB6800225A61FB685A69FB685A61E7
:10EAF000FB685B6943F48042FB685A61FB685A69B2
:10EB0000FB685A61FB685B6943F40062FB685A6109
:10EB1000FB685A69FB685A61FB685B6943F0400215
:10EB2000FB685A61FB685A69FB685A61FB685B695C
:10EB300043F00402FB685A613B681B7C012B06D141
:10EB40003B685A7CFB791146184600F013FEFB68BF
:10EB500000229A61FB689A693B689B791B0403F465
:10EB60007F031A43FB689A61FB689A693B68DB790B
:10EB70001B039BB21A43FB689A61FB689A693B6866
:10EB80001B7A1B0203F4E0631A43FB689A61FB687B
:10EB90009A693B689B7C1B0103F010031A43FB68D6
:10EBA0009A61FB689A693B689B789B0003F00403B9
:10EBB0001A43FB689A61FB689A693B68DB785B00E3
:10EBC00003F002031A43FB689A61FB689A693B6889
:10EBD0001B7903F001031A43FB689A61F86800F09F
:10EBE0008DFDFB68DB6923F40052FB68DA61FB688A
:10EBF000DA693B685B785B0303F400531A43FB68F4
:10EC0000DA613B685B78012B06D1FB793A6852697F
:10EC10001F4941F8232004E0FB791D4A002142F8F6
:10EC20002310FB6800221A61FB681A693B681B7895
:10EC3000DB039BB21A43FB681A61FB681A693B68E5
:10EC40005B791B0203F4FE431A43FB681A61FB68FD
:10EC50001A693B681B7C1B0103F010031A43FB6815
:10EC60001A61FB681A69FB681A61FB681A69FB681C
:10EC70001A61FB681B6943F00102FB681A61FFF728
:10EC800083F900BF1037BD4680BD00BFBC41010005
:10EC9000D486FF1F2DE9B04F86B000AF0346396020
:10ECA000FB71FB79A14A52F823307B61FFF79AF997
:10ECB0007B695B6943F002027B695A617B699A6AEE
:10ECC0003B689B78194601238B40DB431A407B69E4
:10ECD0009A623B689B787A6902339B011344002255
:10ECE0001A603B689B787A6902339B0113441B6866
:10ECF0003A689278104643F080527969831C9B01F0
:10ED00000B441A603B689B787A6902339B01134479
:10ED10001A683B685B7A5B0103F0200339688978E5
:10ED200008461A437969831C9B010B441A603B68AF
:10ED30009B787A6902339B0113441A683B681B78FD
:10ED40009B0103F040033968897808461A437969C2
:10ED5000831C9B010B441A603B689B787A690233E1
:10ED60009B0113441A683B685B78DB01DBB23968AE
:10ED7000897808461A437969831C9B010B441A6001
:10ED80003B689B787A6902339B0113441B683A689D
:10ED90009278104643F001027969831C9B010B4471
:10EDA0001A607B691A6A3B689B78194601238B407D
:10EDB000DB431A407B691A627B691A693B68DB7A1C
:10EDC00019463B689B785B08DBB2183301FA03F302
:10EDD0001A437B691A617B695B6B01333B613B685A
:10EDE0009B889BB200229A4693463B690022984634
:10EDF000914608FB0BF20AFB09F31344AAFB0845F2
:10EE00002B441D464FF000024FF00003E20B42EA94
:10EE10004542EB0B1346FB603B681B7A022B69D023
:10EE2000022B00F39D80002B02D0012B2BD097E00A
:10EE30003A69FB689A4214D13B689B787A6902333D
:10EE40009B011344043300221A607B695B6B3A68B0
:10EE5000927810465A1C796983010B4488331A60F2
:10EE60007FE03B689B787A6902339B01134404334B
:10EE700000221A603B689B787A699B0113448833AF
:10EE8000FA681A606DE0FA683B699A4218D13A69EB
:10EE9000FB68D31A3A68927810465A087969831C3D
:10EEA0009B010B4404331A607B695B6B3A68927870
:10EEB00010465A1C796983010B4488331A6050E06C
:10EEC0003A69FB68D31A3A68927810465A08796909
:10EED000831C9B010B4404331A603A69FB6813449A
:10EEE0003A68927810465A08796983010B4488334E
:10EEF0001A6036E0FA683B699A4219D13B689B7800
:10EF000018463A69FB68D21A7969831C9B010B4445
:10EF100004331A607B695B6B3A68927810465A1C1E
:10EF2000796983010B4488331A601AE0BC410100FF
:10EF30003A69FB68D31A3A68927810465A1E796982
:10EF4000831C9B010B4404331A603B689B78184672
:10EF50007B695A6B796983010B4488331A6000E03E
:10EF600000BF3B689B7803F00103002B15D13B6881
:10EF7000DA883B689B7811467A699B011344903389
:10EF800019603B68DA883B689B78013311467A69DF
:10EF90009B0113449033196009E03B68DA883B68B1
:10EFA0009B7811467A699B011344903319607B6901
:10EFB0005B6943F001027B695A61FFF747F8FB790F
:10EFC0003A68927810463A68117A054ADB00134491
:10EFD00003440A461A7000BF1837BD46BDE8B08F1B
:10EFE000B486FF1F80B584B000AF0346FB71FB7988
:10EFF000244A52F82330FB60FB686FF400421A6029
:10F00000FB6800229A60FB6800221A61FB680022FC
:10F010005A61FB6800229A61FB680022DA61FB6892
:10F0200000221A62FB6800229A62FB680022DA6200
:10F03000FB6800221A63FB79032B08D1FB684FF0B1
:10F04000FF325A63FB684FF6FF72DA6306E0FB6833
:10F050004FF6FF725A63FB68FF22DA63FB680022F7
:10F060009A63FB680022DA64FB79184600F066FBBD
:10F07000FB79054A002142F8231000BF1037BD4636
:10F0800080BD00BFBC410100D486FF1F80B584B0A5
:10F0900000AF03463960FB714FF6FF73FB60FB79ED
:10F0A0002F4A52F82330BB60FEF7FEFFBB685B6956
:10F0B00043F00202BB685A613B689B78BA6802332E
:10F0C0009B011344043300221A603B689B78BA68A2
:10F0D0009B011344883300221A60BB685B6943F0CC
:10F0E0000102BB685A61FFF713F802E0FB68013BBD
:10F0F000FB60B86800F012FB0346012B02D1FB68ED
:10F10000002BF3D13B689B78BA6802339B01134410
:10F1100001221A603B6899783B689A7AFB79184615
:10F1200000F008FA3B689B78BA689B0113448C3363
:10F1300000221A603B689B78BA689B0113449033A5
:10F1400000221A60FB793A6892781146054ADB0082
:10F1500013440B4400221A7000BF1037BD4680BD17
:10F16000BC410100B486FF1F2DE9B04F86B000AF4F
:10F170000346FB710B46BB711346BB80FB79724A99
:10F1800052F823307B61FEF7F1FFBB797A690233D5
:10F190009B0113441A68BB7922F4407279690233E7
:10F1A0009B010B441A60BA79BB79796902329201EA
:10F1B0000A441268796902339B010B441A607B6927
:10F1C0005B6943F002027B695A617B695B6B0133C7
:10F1D0003B61BB8800229A4693463B6900229846D1
:10F1E000914608FB0BF20AFB09F31344AAFB0845FE
:10F1F0002B441D464FF000024FF00003E20B42EAA1
:10F200004542EB0B1346FB60FA79BB794F49D200BC
:10F210000A4413441B78022B5CD0022B00F3868037
:10F22000002B02D0012B26D080E03A69FB689A427D
:10F2300011D1BB797A6902339B0113440433002254
:10F240001A607B695A6BBB79013279699B010B4467
:10F2500088331A606BE0BB797A6902339B011344EF
:10F26000043300221A60BB797A699B011344883306
:10F27000FA681A605BE0FA683B699A4214D13A690D
:10F28000FB68D21ABB795208796902339B010B449F
:10F2900004331A607B695A6BBB79013279699B012F
:10F2A0000B4488331A6042E03A69FB68D21ABB7992
:10F2B0005208796902339B010B4404331A603A699E
:10F2C000FB681A44BB79520879699B010B44883367
:10F2D0001A602CE0FA683B699A4213D1BB7939690C
:10F2E000FA688A1A796902339B010B4404331A6065
:10F2F0007B695A6BBB79013279699B010B44883376
:10F300001A6014E03A69FB68D21ABB79013A79694C
:10F3100002339B010B4404331A60BB797A69526B48
:10F3200079699B010B4488331A6000E000BF7B6958
:10F330005B6943F001027B695A61FEF74BFF00BF36
:10F340001837BD46BDE8B08FBC410100B486FF1F31
:10F350002DE9B04F86B000AF3A601A460346FB7104
:10F360000B46BB711346BB80FB79704A52F82330C1
:10F370007B61FEF75DFFBB797A6902339B01134421
:10F380001A68BB7922F44072796902339B010B44FD
:10F390001A60BA79BB797969023292010A4412681B
:10F3A000796902339B010B441A607B695B6943F006
:10F3B00002027B695A613B685A1E7B695A633B684B
:10F3C0003B61BB8800229A4693463B6900229846DF
:10F3D000914608FB0BF20AFB09F31344AAFB08450C
:10F3E0002B441D464FF000024FF00003E20B42EAAF
:10F3F0004542EB0B1346FB60FA79BB794C49D200CE
:10F400000A4413441B78022B57D0022B7FDC002BBD
:10F4100002D0012B24D07AE03A69FB689A420FD1DE
:10F42000BB797A6902339B011344043300221A60CA
:10F43000BB797A699B01134488333A691A6067E0A3
:10F44000BB797A6902339B011344043300221A60AA
:10F45000BB797A699B0113448833FA681A6057E0D4
:10F46000FA683B699A4212D13A69FB68D21ABB79B1
:10F470005208796902339B010B4404331A60BB794B
:10F480007A699B01134488333A691A6040E03A690B
:10F49000FB68D21ABB795208796902339B010B448D
:10F4A00004331A603A69FB681A44BB7952087969D7
:10F4B0009B010B4488331A602AE0FA683B699A4240
:10F4C00011D1BB793969FA688A1A796902339B01CB
:10F4D0000B4404331A60BB797A699B011344883367
:10F4E0003A691A6014E03A69FB68D21ABB79013AAA
:10F4F000796902339B010B4404331A60BB793A6982
:10F50000013A79699B010B4488331A6000E000BF1F
:10F510007B695B6943F001027B695A61FEF7BCFEBF
:10F5200000BF1837BD46BDE8B08F00BFBC41010029
:10F53000B486FF1F80B584B000AF0346FB710B4655
:10F54000BB7113467B71FB79234A52F82330FB6071
:10F55000FEF7D0FEBB79FA6802339B0113441A68A8
:10F56000BB7922F44072F96802339B010B441A60A4
:10F57000BB79FA6802339B0113441A68BB7942F4E1
:10F580000072F96802339B010B441A60BB79FA6878
:10F5900002339B0113441B685B0903F00103BB604A
:10F5A000FB685A6ABB79012101FA03F3DB431A4075
:10F5B000FB685A62FB685A6A7979BB685940BB7923
:10F5C00001FA03F31A43FB685A62FEF7C7FE00BF55
:10F5D0001037BD4680BD00BFBC41010080B485B07E
:10F5E00000AF03460A46FB711346BB71FB790C4A18
:10F5F00052F82330BB60BB685A68BB7922FA03F328
:10F6000003F00103002B02D00123FB7301E0002370
:10F61000FB73FB7B18461437BD465DF8047B7047CF
:10F62000BC41010080B485B000AF0346FB710B46BE
:10F63000BB711346BB80FB79084A52F82330FB604C
:10F64000BB79BA88F9689B010B4490331A6000BFFC
:10F650001437BD465DF8047B704700BFBC41010014
:10F6600080B584B000AF0346FB71FB79104A52F8B5
:10F670002330FB60F86800F030F80346012B13D10B
:10F68000F86800F03BF8F86800F016F80346012B24
:10F690000AD1FB79074A52F82330002B04D0FB79BA
:10F6A000044A52F82330984700BF1037BD4680BD4A
:10F6B000BC410100D486FF1F80B483B000AF7860E6
:10F6C0007B68DB695B0BDBB203F00103DBB218463E
:10F6D0000C37BD465DF8047B704780B483B000AF43
:10F6E00078607B681B685B0BDBB203F00103DBB265
:10F6F00018460C37BD465DF8047B704780B483B074
:10F7000000AF78607B681B6843F400527B681A6026
:10F7100000BF0C37BD465DF8047B704780B483B0F2
:10F7200000AF78607B685B69DBB203F00103DBB29A
:10F7300018460C37BD465DF8047B704780B485B031
:10F7400000AF0346FB710A4BFB60FB795B00BB60BB
:10F75000FB689A690321BB6801FA03F3DB431A4093
:10F76000FB689A6100BF1437BD465DF8047B7047A3
:10F7700000B0074080B485B000AF03460A46FB7175
:10F780001346BB710F4BFB60FB795B00BB60FB68F2
:10F790009A690321BB6801FA03F3DB431A40FB6853
:10F7A0009A61FB689A69BB7903F00301BB6801FAAF
:10F7B00003F31A43FB689A6100BF1437BD465DF836
:10F7C000047B704700B0074080B483B000AFEFF314
:10F7D00010837B607B6818460C37BD465DF8047B60
:10F7E000704780B500AF0E4B1B68002B11D1FFF79F
:10F7F000EBFF03460B4A13600A4B1B6803F001033F
:10F80000002B01D1012300E00023002B01D072B6B0
:10F8100000BF034B1B680133014A136000BF80BD6A
:10F82000149BFF1F109BFF1F80B400AF0D4B1B6884
:10F83000013B0C4A13600C4B1B6803F00103002BC7
:10F8400001D1012300E00023002B05D0054B1B68EC
:10F85000002B01D162B600BF00BFBD465DF8047B3E
:10F86000704700BF149BFF1F109BFF1F80B500AFA8
:10F870000E4B1B68002B11D1FFF7A6FF03460C4A65
:10F8800013600B4B1B6803F00103002B01D1012314
:10F8900000E00023002B01D072B600BF034B1B68B1
:10F8A0000133024A136000BF80BD00BF1C9BFF1FD5
:10F8B000189BFF1F80B400AF0D4B1B68013B0C4A27
:10F8C00013600C4B1B6803F00103002B01D10123D3
:10F8D00000E00023002B05D0054B1B68002B01D155
:10F8E00062B600BF00BFBD465DF8047B704700BF35
:10F8F0001C9BFF1F189BFF1F80B500AF0E4B1B68A2
:10F90000002B11D1FFF760FF03460C4A13600B4B2D
:10F910001B6803F00103002B01D1012300E0002349
:10F92000002B01D072B600BF034B1B680133024AA3
:10F93000136000BF80BD00BF249BFF1F209BFF1FE3
:10F9400080B400AF0D4B1B68013B0C4A13600C4B9D
:10F950001B6803F00103002B01D1012300E0002309
:10F96000002B05D0054B1B68002B01D162B600BFF0
:10F9700000BFBD465DF8047B704700BF249BFF1F9E
:10F98000209BFF1F80B500AF0E4B1B68002B11D1D1
:10F99000FFF71AFF03460C4A13600B4B1B6803F07A
:10F9A0000103002B01D1012300E00023002B01D033
:10F9B00072B600BF034B1B680133024A136000BFDD
:10F9C00080BD00BF2C9BFF1F289BFF1F80B400AF92
:10F9D0000D4B1B68013B0C4A13600C4B1B6803F07A
:10F9E0000103002B01D1012300E00023002B05D0EF
:10F9F000054B1B68002B01D162B600BF00BFBD469E
:10FA00005DF8047B704700BF2C9BFF1F289BFF1FE6
:10FA100080B500AF0E4B1B68002B11D1FFF7D4FE51
:10FA200003460C4A13600B4B1B6803F00103002BC9
:10FA300001D1012300E00023002B01D072B600BFEA
:10FA4000034B1B680133024A136000BF80BD00BF37
:10FA5000349BFF1F309BFF1F80B400AF0D4B1B6812
:10FA6000013B0C4A13600C4B1B6803F00103002B95
:10FA700001D1012300E00023002B05D0054B1B68BA
:10FA8000002B01D162B600BF00BFBD465DF8047B0C
:10FA9000704700BF349BFF1F309BFF1F80B500AF36
:10FAA0000E4B1B68002B11D1FFF78EFE03460C4A4C
:10FAB00013600B4B1B6803F00103002B01D10123E2
:10FAC00000E00023002B01D072B600BF034B1B687F
:10FAD0000133024A136000BF80BD00BF3C9BFF1F83
:10FAE000389BFF1F80B400AF0D4B1B68013B0C4AD5
:10FAF00013600C4B1B6803F00103002B01D10123A1
:10FB000000E00023002B05D0054B1B68002B01D122
:10FB100062B600BF00BFBD465DF8047B704700BF02
:10FB20003C9BFF1F389BFF1F80B500AF0E4B1B682F
:10FB3000002B11D1FFF748FE03460C4A13600B4B14
:10FB40001B6803F00103002B01D1012300E0002317
:10FB5000002B01D072B600BF034B1B680133024A71
:10FB6000136000BF80BD00BF449BFF1F409BFF1F71
:10FB700080B400AF0D4B1B68013B0C4A13600C4B6B
:10FB80001B6803F00103002B01D1012300E00023D7
:10FB9000002B05D0054B1B68002B01D162B600BFBE
:10FBA00000BFBD465DF8047B704700BF449BFF1F4C
:10FBB000409BFF1F80B500AF0E4B1B68002B11D17F
:10FBC000FFF702FE03460C4A13600B4B1B6803F061
:10FBD0000103002B01D1012300E00023002B01D001
:10FBE00072B600BF034B1B680133024A136000BFAB
:10FBF00080BD00BF4C9BFF1F489BFF1F80B400AF20
:10FC00000D4B1B68013B0C4A13600C4B1B6803F047
:10FC10000103002B01D1012300E00023002B05D0BC
:10FC2000054B1B68002B01D162B600BF00BFBD466B
:10FC30005DF8047B704700BF4C9BFF1F489BFF1F74
:10FC400080B500AF0E4B1B68002B11D1FFF7BCFD38
:10FC500003460C4A13600B4B1B6803F00103002B97
:10FC600001D1012300E00023002B01D072B600BFB8
:10FC7000034B1B680133024A136000BF80BD00BF05
:10FC8000549BFF1F509BFF1F80B400AF0D4B1B68A0
:10FC9000013B0C4A13600C4B1B6803F00103002B63
:10FCA00001D1012300E00023002B05D0054B1B6888
:10FCB000002B01D162B600BF00BFBD465DF8047BDA
:10FCC000704700BF549BFF1F509BFF1F80B500AFC4
:10FCD0000E4B1B68002B11D1FFF776FD03460C4A33
:10FCE00013600B4B1B6803F00103002B01D10123B0
:10FCF00000E00023002B01D072B600BF034B1B684D
:10FD00000133024A136000BF80BD00BF5C9BFF1F30
:10FD1000589BFF1F80B400AF0D4B1B68013B0C4A82
:10FD200013600C4B1B6803F00103002B01D101236E
:10FD300000E00023002B05D0054B1B68002B01D1F0
:10FD400062B600BF00BFBD465DF8047B704700BFD0
:10FD50005C9BFF1F589BFF1F80B500AF0E4B1B68BD
:10FD6000002B11D1FFF730FD03460C4A13600B4BFB
:10FD70001B6803F00103002B01D1012300E00023E5
:10FD8000002B01D072B600BF034B1B680133024A3F
:10FD9000136000BF80BD00BF649BFF1F609BFF1FFF
:10FDA00080B400AF0D4B1B68013B0C4A13600C4B39
:10FDB0001B6803F00103002B01D1012300E00023A5
:10FDC000002B05D0054B1B68002B01D162B600BF8C
:10FDD00000BFBD465DF8047B704700BF649BFF1FFA
:10FDE000609BFF1F80B500AF0E4B1B68002B11D12D
:10FDF000FFF7EAFC03460C4A13600B4B1B6803F049
:10FE00000103002B01D1012300E00023002B01D0CE
:10FE100072B600BF034B1B680133024A136000BF78
:10FE200080BD00BF6C9BFF1F689BFF1F80B400AFAD
:10FE30000D4B1B68013B0C4A13600C4B1B6803F015
:10FE40000103002B01D1012300E00023002B05D08A
:10FE5000054B1B68002B01D162B600BF00BFBD4639
:10FE60005DF8047B704700BF6C9BFF1F689BFF1F02
:10FE700080B500AF0E4B1B68002B11D1FFF7A4FC1F
:10FE800003460C4A13600B4B1B6803F00103002B65
:10FE900001D1012300E00023002B01D072B600BF86
:10FEA000034B1B680133024A136000BF80BD00BFD3
:10FEB000749BFF1F709BFF1F80B400AF0D4B1B682E
:10FEC000013B0C4A13600C4B1B6803F00103002B31
:10FED00001D1012300E00023002B05D0054B1B6856
:10FEE000002B01D162B600BF00BFBD465DF8047BA8
:10FEF000704700BF749BFF1F709BFF1F80B500AF52
:10FF00000E4B1B68002B11D1FFF75EFC03460C4A19
:10FF100013600B4B1B6803F00103002B01D101237D
:10FF200000E00023002B01D072B600BF034B1B681A
:10FF30000133024A136000BF80BD00BF7C9BFF1FDE
:10FF4000789BFF1F80B400AF0D4B1B68013B0C4A30
:10FF500013600C4B1B6803F00103002B01D101233C
:10FF600000E00023002B05D0054B1B68002B01D1BE
:10FF700062B600BF00BFBD465DF8047B704700BF9E
:10FF80007C9BFF1F789BFF1F80B500AF0E4B1B684B
:10FF9000002B11D1FFF718FC03460C4A13600B4BE2
:10FFA0001B6803F00103002B01D1012300E00023B3
:10FFB000002B01D072B600BF034B1B680133024A0D
:10FFC000136000BF80BD00BF849BFF1F809BFF1F8D
:10FFD00080B400AF0D4B1B68013B0C4A13600C4B07
:10FFE0001B6803F00103002B01D1012300E0002373
:10FFF000002B05D0054B1B68002B01D162B600BF5A
:020000021000EC
:1000000000BFBD465DF8047B704700BF849BFF1FA7
:10001000809BFF1F80B500AF0E4B1B68002B11D1DA
:10002000FFF7D2FB03460C4A13600B4B1B6803F02F
:100030000103002B01D1012300E00023002B01D09C
:1000400072B600BF034B1B680133024A136000BF46
:1000500080BD00BF8C9BFF1F889BFF1F80B400AF3B
:100060000D4B1B68013B0C4A13600C4B1B6803F0E3
:100070000103002B01D1012300E00023002B05D058
:10008000054B1B68002B01D162B600BF00BFBD4607
:100090005DF8047B704700BF8C9BFF1F889BFF1F90
:1000A00080B500AF0E4B1B68002B11D1FFF78CFB06
:1000B00003460C4A13600B4B1B6803F00103002B33
:1000C00001D1012300E00023002B01D072B600BF54
:1000D000034B1B680133024A136000BF80BD00BFA1
:1000E000949BFF1F909BFF1F80B400AF0D4B1B68BC
:1000F000013B0C4A13600C4B1B6803F00103002BFF
:1001000001D1012300E00023002B05D0054B1B6823
:10011000002B01D162B600BF00BFBD465DF8047B75
:10012000704700BF949BFF1F909BFF1F80B500AFDF
:100130000E4B1B68002B11D1FFF746FB03460C4A00
:1001400013600B4B1B6803F00103002B01D101234B
:1001500000E00023002B01D072B600BF034B1B68E8
:100160000133024A136000BF80BD00BF9C9BFF1F8C
:10017000989BFF1F80B400AF0D4B1B68013B0C4ADE
:1001800013600C4B1B6803F00103002B01D101230A
:1001900000E00023002B05D0054B1B68002B01D18C
:1001A00062B600BF00BFBD465DF8047B704700BF6C
:1001B0009C9BFF1F989BFF1F80B500AF0E4B1B68D9
:1001C000002B11D1FFF700FB03460C4A13600B4BC9
:1001D0001B6803F00103002B01D1012300E0002381
:1001E000002B01D072B600BF034B1B680133024ADB
:1001F000136000BF80BD00BFA49BFF1FA09BFF1F1B
:1002000080B400AF0D4B1B68013B0C4A13600C4BD4
:100210001B6803F00103002B01D1012300E0002340
:10022000002B05D0054B1B68002B01D162B600BF27
:1002300000BFBD465DF8047B704700BFA49BFF1F55
:10024000A09BFF1F80B500AF0E4B1B68002B11D188
:10025000FFF7BAFA03460C4A13600B4B1B6803F016
:100260000103002B01D1012300E00023002B01D06A
:1002700072B600BF034B1B680133024A136000BF14
:1002800080BD00BFAC9BFF1FA89BFF1F80B400AFC9
:100290000D4B1B68013B0C4A13600C4B1B6803F0B1
:1002A0000103002B01D1012300E00023002B05D026
:1002B000054B1B68002B01D162B600BF00BFBD46D5
:1002C0005DF8047B704700BFAC9BFF1FA89BFF1F1E
:1002D00080B500AF0E4B1B68002B11D1FFF774FAED
:1002E00003460C4A13600B4B1B6803F00103002B01
:1002F00001D1012300E00023002B01D072B600BF22
:10030000034B1B680133024A136000BF80BD00BF6E
:10031000B49BFF1FB09BFF1F80B400AF0D4B1B6849
:10032000013B0C4A13600C4B1B6803F00103002BCC
:1003300001D1012300E00023002B05D0054B1B68F1
:10034000002B01D162B600BF00BFBD465DF8047B43
:10035000704700BFB49BFF1FB09BFF1F80B500AF6D
:100360000E4B1B68002B11D1FFF72EFA03460C4AE7
:1003700013600B4B1B6803F00103002B01D1012319
:1003800000E00023002B01D072B600BF034B1B68B6
:100390000133024A136000BF80BD00BFBC9BFF1F3A
:1003A000B89BFF1F80B400AF0D4B1B68013B0C4A8C
:1003B00013600C4B1B6803F00103002B01D10123D8
:1003C00000E00023002B05D0054B1B68002B01D15A
:1003D00062B600BF00BFBD465DF8047B704700BF3A
:1003E000BC9BFF1FB89BFF1F80B500AF0E4B1B6867
:1003F000002B11D1FFF7E8F903460C4A13600B4BB1
:100400001B6803F00103002B01D1012300E000234E
:10041000002B01D072B600BF034B1B680133024AA8
:10042000136000BF80BD00BFC49BFF1FC09BFF1FA8
:1004300080B400AF0D4B1B68013B0C4A13600C4BA2
:100440001B6803F00103002B01D1012300E000230E
:10045000002B05D0054B1B68002B01D162B600BFF5
:1004600000BFBD465DF8047B704700BFC49BFF1F03
:10047000C09BFF1F80B500AF0E4B1B68002B11D136
:10048000FFF7A2F903460C4A13600B4B1B6803F0FD
:100490000103002B01D1012300E00023002B01D038
:1004A00072B600BF034B1B680133024A136000BFE2
:1004B00080BD00BFCC9BFF1FC89BFF1F80B400AF57
:1004C0000D4B1B68013B0C4A13600C4B1B6803F07F
:1004D0000103002B01D1012300E00023002B05D0F4
:1004E000054B1B68002B01D162B600BF00BFBD46A3
:1004F0005DF8047B704700BFCC9BFF1FC89BFF1FAC
:1005000080B500AF0E4B1B68002B11D1FFF75CF9D3
:1005100003460C4A13600B4B1B6803F00103002BCE
:1005200001D1012300E00023002B01D072B600BFEF
:10053000034B1B680133024A136000BF80BD00BF3C
:10054000D49BFF1FD09BFF1F80B400AF0D4B1B68D7
:10055000013B0C4A13600C4B1B6803F00103002B9A
:1005600001D1012300E00023002B05D0054B1B68BF
:10057000002B01D162B600BF00BFBD465DF8047B11
:10058000704700BFD49BFF1FD09BFF1F80B500AFFB
:100590000E4B1B68002B11D1FFF716F903460C4ACE
:1005A00013600B4B1B6803F00103002B01D10123E7
:1005B00000E00023002B01D072B600BF034B1B6884
:1005C0000133024A136000BF80BD00BFDC9BFF1FE8
:1005D000D89BFF1F80B400AF0D4B1B68013B0C4A3A
:1005E00013600C4B1B6803F00103002B01D10123A6
:1005F00000E00023002B05D0054B1B68002B01D128
:1006000062B600BF00BFBD465DF8047B704700BF07
:10061000DC9BFF1FD89BFF1F80B500AF0E4B1B68F4
:10062000002B11D1FFF7D0F803460C4A13600B4B97
:100630001B6803F00103002B01D1012300E000231C
:10064000002B01D072B600BF034B1B680133024A76
:10065000136000BF80BD00BFE49BFF1FE09BFF1F36
:1006600080B400AF0D4B1B68013B0C4A13600C4B70
:100670001B6803F00103002B01D1012300E00023DC
:10068000002B05D0054B1B68002B01D162B600BFC3
:1006900000BFBD465DF8047B704700BFE49BFF1FB1
:1006A000E09BFF1F80B500AF0E4B1B68002B11D1E4
:1006B000FFF78AF803460C4A13600B4B1B6803F0E4
:1006C0000103002B01D1012300E00023002B01D006
:1006D00072B600BF034B1B680133024A136000BFB0
:1006E00080BD00BFEC9BFF1FE89BFF1F80B400AFE5
:1006F0000D4B1B68013B0C4A13600C4B1B6803F04D
:100700000103002B01D1012300E00023002B05D0C1
:10071000054B1B68002B01D162B600BF00BFBD4670
:100720005DF8047B704700BFEC9BFF1FE89BFF1F39
:1007300080B500AF0E4B1B68002B11D1FFF744F8BA
:1007400003460C4A13600B4B1B6803F00103002B9C
:1007500001D1012300E00023002B01D072B600BFBD
:10076000034B1B680133024A136000BF80BD00BF0A
:10077000F49BFF1FF09BFF1F80B400AF0D4B1B6865
:10078000013B0C4A13600C4B1B6803F00103002B68
:1007900001D1012300E00023002B05D0054B1B688D
:1007A000002B01D162B600BF00BFBD465DF8047BDF
:1007B000704700BFF49BFF1FF09BFF1F80B500AF89
:1007C0000E4B1B68002B11D1FEF7FEFF03460C4AAF
:1007D00013600B4B1B6803F00103002B01D10123B5
:1007E00000E00023002B01D072B600BF034B1B6852
:1007F0000133024A136000BF80BD00BFFC9BFF1F96
:10080000F89BFF1F80B400AF0D4B1B68013B0C4AE7
:1008100013600C4B1B6803F00103002B01D1012373
:1008200000E00023002B05D0054B1B68002B01D1F5
:1008300062B600BF00BFBD465DF8047B704700BFD5
:10084000FC9BFF1FF89BFF1F80B500AF0E4B1B6882
:10085000002B11D1FEF7B8FF03460C4A13600B4B77
:100860001B6803F00103002B01D1012300E00023EA
:10087000002B01D072B600BF034B1B680133024A44
:10088000136000BF80BD00BF049CFF1F009CFF1FC2
:1008900080B400AF0D4B1B68013B0C4A13600C4B3E
:1008A0001B6803F00103002B01D1012300E00023AA
:1008B000002B05D0054B1B68002B01D162B600BF91
:1008C00000BFBD465DF8047B704700BF049CFF1F5E
:1008D000009CFF1F80B500AF0E4B1B68002B11D191
:1008E000FEF772FF03460C4A13600B4B1B6803F0C4
:1008F0000103002B01D1012300E00023002B01D0D4
:1009000072B600BF034B1B680133024A136000BF7D
:1009100080BD00BF0C9CFF1F089CFF1F80B400AF70
:100920000D4B1B68013B0C4A13600C4B1B6803F01A
:100930000103002B01D1012300E00023002B05D08F
:10094000054B1B68002B01D162B600BF00BFBD463E
:100950005DF8047B704700BF0C9CFF1F089CFF1FC5
:1009600080B500AF0E4B1B68002B11D1FEF72CFF9A
:1009700003460C4A13600B4B1B6803F00103002B6A
:1009800001D1012300E00023002B01D072B600BF8B
:10099000034B1B680133024A136000BF80BD00BFD8
:1009A000149CFF1F109CFF1F80B400AF0D4B1B68F1
:1009B000013B0C4A13600C4B1B6803F00103002B36
:1009C00001D1012300E00023002B05D0054B1B685B
:1009D000002B01D162B600BF00BFBD465DF8047BAD
:1009E000704700BF149CFF1F109CFF1F80B500AF15
:1009F0000E4B1B68002B11D1FEF7E6FE03460C4A96
:100A000013600B4B1B6803F00103002B01D1012382
:100A100000E00023002B01D072B600BF034B1B681F
:100A20000133024A136000BF80BD00BF1C9CFF1F42
:100A3000189CFF1F80B400AF0D4B1B68013B0C4A94
:100A400013600C4B1B6803F00103002B01D1012341
:100A500000E00023002B05D0054B1B68002B01D1C3
:100A600062B600BF00BFBD465DF8047B704700BFA3
:100A70001C9CFF1F189CFF1F80B500AF0E4B1B680E
:100A8000002B11D1FEF7A0FE03460C4A13600B4B5E
:100A90001B6803F00103002B01D1012300E00023B8
:100AA000002B01D072B600BF034B1B680133024A12
:100AB000136000BF80BD00BF249CFF1F209CFF1F50
:100AC00080B400AF0D4B1B68013B0C4A13600C4B0C
:100AD0001B6803F00103002B01D1012300E0002378
:100AE000002B05D0054B1B68002B01D162B600BF5F
:100AF00000BFBD465DF8047B704700BF249CFF1F0C
:100B0000209CFF1F80B500AF0E4B1B68002B11D13E
:100B1000FEF75AFE03460C4A13600B4B1B6803F0AA
:100B20000103002B01D1012300E00023002B01D0A1
:100B300072B600BF034B1B680133024A136000BF4B
:100B400080BD00BF2C9CFF1F289CFF1F80B400AFFE
:100B50000D4B1B68013B0C4A13600C4B1B6803F0E8
:100B60000103002B01D1012300E00023002B05D05D
:100B7000054B1B68002B01D162B600BF00BFBD460C
:100B80005DF8047B704700BF2C9CFF1F289CFF1F53
:100B900080B500AF0E4B1B68002B11D1FEF714FE81
:100BA00003460C4A13600B4B1B6803F00103002B38
:100BB00001D1012300E00023002B01D072B600BF59
:100BC000034B1B680133024A136000BF80BD00BFA6
:100BD000349CFF1F309CFF1F80B400AF0D4B1B687F
:100BE000013B0C4A13600C4B1B6803F00103002B04
:100BF00001D1012300E00023002B05D0054B1B6829
:100C0000002B01D162B600BF00BFBD465DF8047B7A
:100C1000704700BF349CFF1F309CFF1F80B500AFA2
:100C20000E4B1B68002B11D1FEF7CEFD03460C4A7C
:100C300013600B4B1B6803F00103002B01D1012350
:100C400000E00023002B01D072B600BF034B1B68ED
:100C50000133024A136000BF80BD00BF3C9CFF1FF0
:100C6000389CFF1F80B400AF0D4B1B68013B0C4A42
:100C700013600C4B1B6803F00103002B01D101230F
:100C800000E00023002B05D0054B1B68002B01D191
:100C900062B600BF00BFBD465DF8047B704700BF71
:100CA0003C9CFF1F389CFF1F80B500AF0E4B1B689C
:100CB000002B11D1FEF788FD03460C4A13600B4B45
:100CC0001B6803F00103002B01D1012300E0002386
:100CD000002B01D072B600BF034B1B680133024AE0
:100CE000136000BF80BD00BF449CFF1F409CFF1FDE
:100CF00080B400AF0D4B1B68013B0C4A13600C4BDA
:100D00001B6803F00103002B01D1012300E0002345
:100D1000002B05D0054B1B68002B01D162B600BF2C
:100D200000BFBD465DF8047B704700BF449CFF1FB9
:100D3000409CFF1F80B500AF0E4B1B68002B11D1EC
:100D4000FEF742FD03460C4A13600B4B1B6803F091
:100D50000103002B01D1012300E00023002B01D06F
:100D600072B600BF034B1B680133024A136000BF19
:100D700080BD00BF4C9CFF1F489CFF1F80B400AF8C
:100D80000D4B1B68013B0C4A13600C4B1B6803F0B6
:100D90000103002B01D1012300E00023002B05D02B
:100DA000054B1B68002B01D162B600BF00BFBD46DA
:100DB0005DF8047B704700BF4C9CFF1F489CFF1FE1
:100DC00080B500AF0E4B1B68002B11D1FEF7FCFC69
:100DD00003460C4A13600B4B1B6803F00103002B06
:100DE00001D1012300E00023002B01D072B600BF27
:100DF000034B1B680133024A136000BF80BD00BF74
:100E0000549CFF1F509CFF1F80B400AF0D4B1B680C
:100E1000013B0C4A13600C4B1B6803F00103002BD1
:100E200001D1012300E00023002B05D0054B1B68F6
:100E3000002B01D162B600BF00BFBD465DF8047B48
:100E4000704700BF549CFF1F509CFF1F80B485B0AB
:100E500000AF0346FB710A4BFB60FB795B00BB6094
:100E6000FB689A690321BB6801FA03F3DB431A406C
:100E7000FB689A6100BF1437BD465DF8047B70477C
:100E800000B0074080B485B000AF03460A46FB714E
:100E90001346BB710F4BFB60FB795B00BB60FB68CB
:100EA0009A690321BB6801FA03F3DB431A40FB682C
:100EB0009A61FB689A69BB7903F00301BB6801FA88
:100EC00003F31A43FB689A6100BF1437BD465DF80F
:100ED000047B704700B0074080B584B000AF7860F5
:100EE0007B681B781A46434B53F82230FB60FEF7B1
:100EF000BFFFFB6810331B68FA68103223F0010350
:100F00001360FB681A68FB6842F400521A607B6841
:100F10005B78002B08D1FB6810331B68FA6810322D
:100F200023F0100313600FE0FB6810331B68FA68AE
:100F3000103243F0100313607B681A787B689B784B
:100F400019461046FFF79EFFFB6810331B6823F419
:100F5000FE427B68DB781B0203F4FE43F968103124
:100F600013430B60FB6830331A4600231360FB68A1
:100F700014331B68FA68143243F0040313607B686F
:100F80001B7819467B6818791B4A0B469B000B445B
:100F90009B001344083302461A707B681B7819467D
:100FA0007B685879144A0B469B000B449B00134402
:100FB000023302461A707B681B7818467B689A6871
:100FC0000D4903469B0003449B000B4404331A6005
:100FD0007B681B781946084A0B469B000B449B0014
:100FE0001344013301221A70FEF766FF00BF103769
:100FF000BD4680BDCC410100E486FF1F80B584B0B2
:1010000000AF03463960FB80FB881B0A9BB2FB7371
:10101000FB7B364A52F82330BB60FEF76FFFBB689C
:101020001C331B68BA681C3223F400531360BB687E
:101030001A68BB6842F400521A60BB6810331B6820
:10104000BA68103223F001031360BB6834331B68A5
:10105000002B05D1BB6834331A463B68013B136053
:10106000BB683433FA7B1968214813469B0013444C
:101070009B0003440C331960FA7B1D4913469B0007
:1010800013449B000B4402331B78012B08D1BB682F
:101090001C331B68BA681C3243F40053136007E02A
:1010A000BB681C331B68BA681C3223F400531360FE
:1010B000BB6810331B68BA68103243F00103136039
:1010C000BB681B68BB684FF0FF321A60FA7B0849A7
:1010D00013469B0013449B000B44013302221A70F9
:1010E000FEF730FF00BF1037BD4680BDCC41010088
:1010F000E486FF1F80B584B000AF0346FB80FB8809
:101100001B0AFB81FB88DBB2BB81FB89174A52F8C3
:101110002330BB60FEF738FFBB8902339A01BB68FE
:1011200013441B68BA8902329101BA680A4423F059
:1011300001031360BA890E4913469B0013449B00B8
:101140000B4408331B78002B09D1BA890849134690
:101150009B0013449B000B44013303221A70FEF7DB
:1011600037FF00BF1037BD4680BD00BFCC41010036
:10117000E486FF1F80B58AB000AF0023FB849B4B41
:101180001B685968FA8C13469B0013449B000B4460
:101190005B887B83954B1B681B683B620023FB616C
:1011A00018E13B6A1B79002B40F00E81FEF732FFFD
:1011B0003B6ADB88DBB23B833B6A1B89FB753B8B5D
:1011C0008B4A52F823303B613A8BFB7D8949D20030
:1011D0001344FA6941F823203A8B874913469B0050
:1011E00013449B000B4403221A708449FA69134686
:1011F0009B001344DB000B44043300221A607F4938
:10120000FA6913469B001344DB000B440C330022A5
:101210001A607A49FA6913469B001344DB000B44B9
:10122000103300221A607549FA6913469B00134473
:10123000DB000B4401221A703B6A987A6F49FA6905
:1012400013469B001344DB000B44093302461A701B
:10125000FB7D02339A013B6913441B68FA7D02321D
:1012600091013A690A4423F0030313603B6919684A
:10127000FB7D01229A40FB7D4FF0807000FA03F362
:101280001A43FB7D4FF4803000FA03F31A433B69A5
:101290000A431A603B691C331A68FB7D012101FA7D
:1012A00003F3DB4339691C3113400B60FB7D0233D0
:1012B0009A013B6913441B6823F040723B6A9B7A96
:1012C0001B0603F04073F97D02318801396901443E
:1012D00013430B603A8B484913469B0013449B0011
:1012E0000B4401331B78002B55D10023FB840FE006
:1012F0003E4B1B685968FA8C13469B0013449B00B5
:101300000B441B883A8B9A4207D0FB8C0133FB8439
:10131000FA8C7B8B9A42EBD300E000BF3B8BDBB2B5
:101320003B71324B1B685968FA8C13469B0013447F
:101330009B000B441B89DBB27B712C4B1B685968EB
:10134000FA8C13469B0013449B000B445B89DBB271
:10135000BB71264B1B685968FA8C13469B001344DB
:101360009B000B449B89DBB2FB7100233B72012382
:101370007B720023FB603B1D1846FFF7ADFD3B8BE6
:101380001B029AB2FB7D9BB213439BB24FF0FF311D
:101390001846FFF733FE3A8B174913469B00134458
:1013A0009B000B440C3319681448FA6913469B00E0
:1013B0001344DB0003440C331960114AFB691344E6
:1013C00001221A70FEF74AFE3B6A20333B62FB693A
:1013D0000133FB61054B1B68DB69FA699A42FFF434
:1013E000E0AE00BF00BF2837BD4680BD1C9DFF1F7B
:1013F000CC4101005C87FF1FE486FF1FBC90FF1FEC
:10140000DC8EFF1F80B586B000AF78600B46FB70A6
:101410002C4B1B681B687B617B685B017A691344FA
:101420007B617B69DB88FB747B691B89BB74FB7CFC
:10143000254A52F82330FB60FEF732FE23497A68D2
:1014400013469B001344DB000B4401221A701F4912
:101450007A6813469B001344DB000B4404330022DC
:101460001A601A497A6813469B001344DB000B4448
:10147000103300221A60BB7C02339A01FB681344CC
:101480001B6823F04072FB781B0603F04073B97CA5
:1014900002318801F968014413430B600B497A68F3
:1014A00013469B001344DB000B440933FA781A708F
:1014B0001121786800F09AFDFEF716FE00BF18377C
:1014C000BD4680BD1C9DFF1FCC410100BC90FF1F8D
:1014D00080B588B000AF744B1B681B68FB61FEF7DA
:1014E00025FE0023BB61D2E0FB691B79002B40F095
:1014F000C880FB69DB88DBB2BB82FB691B89FB749C
:10150000BB8A6A4A52F82330FB60BA8AFB7C68497E
:10151000D2001344BA6941F823206649BA691346D8
:101520009B001344DB000B44043300221A60614922
:10153000BA6913469B001344DB000B440C330022B2
:101540001A605C49BA6913469B001344DB000B44E4
:10155000103300221A605749BA6913469B0013449E
:10156000DB000B4401221A70BA8A534913469B00D0
:1015700013449B000B4400221A70FB7C02339A0137
:10158000FB6813441B68FA7C02329101FA680A4432
:1015900023F003031360FB681968FB7C01229A4067
:1015A000FB7C4FF0807000FA03F31A43FB7C4FF48E
:1015B000803000FA03F31A43FB680A431A60FB68A1
:1015C0001C331A68FB7C012101FA03F3DB43F96841
:1015D0001C3113400B600023FB750FE0324B1B687E
:1015E0005968FA7D13469B0013449B000B441B88EB
:1015F000BA8A9A420BD0FB7D0133FB75FB7D9AB210
:10160000294B1B685B685B889A42E7D300E000BF08
:10161000BB8ADBB23B7000237B700023FB7000238E
:101620003B7100237B710023BB603B461846FFF7EC
:1016300053FCBB8A1B029AB2FB7C9BB213439BB246
:101640001846FFF757FDBA8A1B4913469B001344FF
:101650009B000B44013300221A701649BA691346E5
:101660009B001344DB000B440C3300221A60134A26
:10167000BB69134400221A70BB8ADBB21846FFF71D
:10168000E5FBFB692033FB61BB690133BB61064BA2
:101690001B68DB69BA699A42FFF426AFFEF76AFD60
:1016A00000BF2037BD4680BD1C9DFF1FCC410100FF
:1016B0005C87FF1FBC90FF1FE486FF1FDC8EFF1FAF
:1016C00080B582B000AF7860FEF776FD09497A6890
:1016D00013469B001344DB000B44103300221A60B6
:1016E000FEF78EFD0021786800F080FC00BF08370F
:1016F000BD4680BDBC90FF1F80B586B000AF78604E
:101700002B4B1B681B687B617B685B017A69134408
:101710007B617B69DB88FB747B691B89BB74FB7C09
:10172000244A52F82330FB60786800F0DDFCFEF7B5
:10173000CFFD21497A6813469B001344DB000B441C
:1017400001221A701C497A6813469B001344DB007F
:101750000B44103300221A6017497A6813469B0025
:101760001344DB000B44043300221A6012497A68E8
:1017700013469B001344DB000B44083300221A700D
:10178000BB7C02339A01FB6813441B68BA7C0232AB
:101790009101FA680A4443F040731360FEF7BCFD00
:1017A0000021786800F022FC00BF1837BD4680BDDC
:1017B0001C9DFF1FCC410100BC90FF1F80B582B073
:1017C00000AF7860786800F08FFCFEF7C7FD0C4929
:1017D0007A6813469B001344DB000B4401221A7005
:1017E00007497A6813469B001344DB000B44083317
:1017F00000221A70FEF7D6FD00BF0837BD4680BD37
:10180000BC90FF1F80B58CB000AF78600023FB62F6
:10181000974B1B681B68BB610023BB6200237B6284
:1018200000233B620023FB617B685B01BA691344C0
:10183000BB61BB69DB889BB2FB75BB691B899BB233
:10184000BB75FB7D8B4A52F823303B61FEF712FEDD
:1018500089497A6813469B001344DB000B441B78CC
:10186000002B40F0D6803B6904331A68BB7D22FA16
:1018700003F3DBB203F00103FB73BB691B7DBB7396
:10188000BB7B002B25D1FB7B012B40F0C280BB7DB5
:101890009A013B691344A0331B68BB62BB7D9A016C
:1018A0003B691344A4331B683B6273497A6813464F
:1018B0009B001344DB000B44103300221A606E4976
:1018C0007A6813469B001344DB000B4401221A7014
:1018D0009FE0BB7B012B25D1FB7B002B40F0998047
:1018E000BB7D9A013B69134498331B68BB62BB7D87
:1018F0009A013B6913449C331B683B625E497A68DA
:1019000013469B001344DB000B44103300221A6083
:1019100059497A6813469B001344DB000B440122AB
:101920001A7076E0BB699B7ADBB2012B02D1FB7B9C
:10193000012B07D0BB699B7ADBB2022B2AD1FB7B40
:10194000002B27D1BB7D9A013B691344A0331B6850
:10195000BB62BB7D9A013B69134498331B687B6271
:10196000BB7D9A013B691344A4331B683B62BB7D7A
:101970009A013B6913449C331B68FB613E497A68BA
:1019800013469B001344DB000B4410334FF0FF322F
:101990001A6035E0BB699B7ADBB2032B26D1BB7D95
:1019A0009A013B691344A0331B68BB62BB7D9A015B
:1019B0003B69134498331B687B62BB7D9A013B698A
:1019C0001344A4331B683B62BB7D9A013B691344FB
:1019D0009C331B68FB6128497A6813469B001344BB
:1019E000DB000B44103302221A6009E022497A68B6
:1019F00013469B001344DB000B44103300221A6093
:101A00001D497A6813469B001344DB000B440122F6
:101A10001A70BA6A7B6A1344002B13D0BA6A7B6AC5
:101A2000D11815487A6813469B001344DB00034421
:101A30000C331B6803FB01F23B6A1344FA6913443D
:101A4000FB620DE00C497A6813469B001344DB00EF
:101A50000B440C331A683B6A1344FA691344FB6263
:101A6000FEF72CFDFB6A18463037BD4680BD00BF2F
:101A70001C9DFF1FCC410100BC90FF1FB0B58EB074
:101A800000AF78603960AE4B1B681A687B685B01F9
:101A9000134407F108041D460FCD0FC495E80F004D
:101AA00084E80F0000233B6300237B63FB8987F8F6
:101AB0002F3097F82F30A34A52F82330BB62BB6A0D
:101AC00034331B68591CA0487A6813469B001344A2
:101AD000DB0003440C3319609B497A6813469B0072
:101AE0001344DB000B441B78002B40F0C681FEF74B
:101AF00007FD3B7F012B44D193497A6813469B0035
:101B00001344DB000B441C3319688F487A68134672
:101B10009B001344DB000344143318688A4C7A6832
:101B200013469B001344DB0023440C331B6800FB6B
:101B300003F30B447B6384497A6813469B00134488
:101B4000DB000B44183319687F487A6813469B0002
:101B50001344DB00034414331B680B443B633B68B2
:101B60007A6B1A603B6800225A6077497A6813469C
:101B70009B001344DB000B4410334FF0FF321A601C
:101B80005CE13B7F002B44D16F497A6813469B0090
:101B90001344DB000B44203319686B487A68134602
:101BA0009B001344DB00034418331868664C7A68C2
:101BB00013469B001344DB0023440C331B6800FBDB
:101BC00003F30B447B6360497A6813469B0013441C
:101BD000DB000B44183319685B487A6813469B0096
:101BE0001344DB00034414331B680B443B633B6822
:101BF0007A6B1A603B6800225A6053497A68134630
:101C00009B001344DB000B4410334FF0FF321A608B
:101C100014E13B7F022B58D14B497A6813469B0055
:101C20001344DB000B442033196847487A68134695
:101C30009B001344DB00034418331868424C7A6855
:101C400013469B001344DB0023440C331B6800FB4A
:101C500003F30B447B633B6800221A603A497A68BD
:101C600013469B001344DB000B44183319683648B5
:101C70007A6813469B001344DB00034414331B684B
:101C80000B443B6330497A6813469B001344DB00E6
:101C90000B440C331B683A6B02FB03F12A487A6849
:101CA00013469B001344DB0003441C331B68194498
:101CB00025487A6813469B001344DB000344203315
:101CC0001B68CA183B685A60B8E03B7F032B40F0A2
:101CD000A1801D497A6813469B001344DB000B4426
:101CE00009331B78012B0AD017497A6813469B00E9
:101CF0001344DB000B4409331B78032B26D1124914
:101D00007A6813469B001344DB000B441C331968AC
:101D10000D487A6813469B001344DB0003441433D8
:101D20001868094C7A6813469B001344DB0023446F
:101D30000C331B6800FB03F30B447B6330E000BFF4
:101D40001C9DFF1FCC410100BC90FF1F4D497A68CC
:101D500013469B001344DB000B4409331B78022B12
:101D60001ED148497A6813469B001344DB000B449C
:101D70002033196843487A6813469B001344DB00FC
:101D80000344183318683F4C7A6813469B00134489
:101D9000DB0023440C331B6800FB03F30B447B6321
:101DA0003B687A6B1A6037497A6813469B00134484
:101DB000DB000B441833196832487A6813469B00DD
:101DC0001344DB00034414331B680B443B632D496D
:101DD0007A6813469B001344DB000B440C331B68EA
:101DE0003A6B02FB03F127487A6813469B001344C1
:101DF000DB0003441C331B68194422487A681346ED
:101E00009B001344DB00034420331B68CA183B6863
:101E10005A6013E01B497A6813469B001344DB00A9
:101E20000B441C3300221A6016497A6813469B0043
:101E30001344DB000B44203300221A6011497A68F6
:101E400013469B001344DB000B44143300221A603A
:101E50000C497A6813469B001344DB000B4418338B
:101E600000221A6007497A6813469B001344DB007E
:101E70000B4401221A70FEF767FB00BF3837BD46DE
:101E8000B0BD00BFBC90FF1F80B586B000AFF8604A
:101E9000B96011461A460B46FB801346BB802B4B9C
:101EA0001B681B687B61FB685B017A6913447B617B
:101EB000F86800F04FF8FEF70DFD2549FA68134663
:101EC000DB009B1A9B000B440433BA681A6020495C
:101ED000FA681346DB009B1A9B000B440833FA8810
:101EE0001A801B49FA681346DB009B1A9B000B44BF
:101EF0001833BA881A807B6999691548FA681346BD
:101F0000DB009B1A9B000344143319607B69587DE6
:101F10000F49FA681346DB009B1A9B000B441033F1
:101F200002461A700021F86800F060F80849FA6863
:101F30001346DB009B1A9B000B4401221A70FEF72C
:101F4000EDFC00BF1837BD4680BD00BF1C9DFF1FC4
:101F50001C88FF1F80B582B000AF7860FEF716FBCB
:101F600021497A681346DB009B1A9B000B4404331B
:101F700000221A601C497A681346DB009B1A9B00FA
:101F80000B44083300221A8017497A681346DB0095
:101F90009B1A9B000B44183300221A8012497A685E
:101FA0001346DB009B1A9B000B44143300221A607B
:101FB0000D497A681346DB009B1A9B000B440C33D7
:101FC00000221A60786800F08FF807497A68134693
:101FD000DB009B1A9B000B4400221A70FEF7FAFAF2
:101FE00000BF0837BD4680BD1C88FF1F80B586B086
:101FF00000AF786039603A4B1B681B687B61002337
:102000003B617B685B017A6913447B617B69DB8898
:10201000FB737B691B89BB73FB7B324A52F823300D
:10202000BB60FEF73FFBBB681968BB7B01229A408F
:10203000BB7B4FF0807000FA03F31A43BB7B4FF475
:10204000803000FA03F31A43BB680A431A603B6806
:10205000112B0AD0BB681C331A68BB7B012101FA23
:1020600003F3B9681C3113430B60BB7B02339A0145
:10207000BB6813441B68BA7B02329101BA680A44F8
:1020800043F0030313607B69DB7A022B22D1BB6828
:1020900014331B683B61BB6814331B68BA68143285
:1020A00043F0C0031360BB6814331B6823F0300394
:1020B000BA68143243F010031360BB6814331B6812
:1020C000BA68143243F480331360BB6814331A4681
:1020D0003B691360FEF70AFB00BF1837BD4680BDA1
:1020E0001C9DFF1FCC41010080B586B000AF786019
:1020F0001A4B1B681B687B617B685B017A69134420
:102100007B617B69DB88FB747B691B89BB74FB7C0F
:10211000134A52F82330FB60FEF70AFBFB681C33BE
:102120001A68BB7C012101FA03F3DB43F9681C3117
:1021300013400B60BB7C02339A01FB6813441B689D
:10214000BA7C02329101FA680A4423F00303136057
:10215000FEF712FB00BF1837BD4680BD1C9DFF1F58
:10216000CC41010080B582B000AF7860FEF726FB5D
:102170000D4A7B68DB00134401221A710B4B1B686C
:102180001A687B685B011344DA6907497B6841F888
:102190003320FEF737FB00217868FFF727FF00BFE9
:1021A0000837BD4680BD00BF5C8DFF1F1C9DFF1F13
:1021B00080B582B000AF786000217868FFF716FF25
:1021C00000BF0837BD4680BD80B582B000AF7860E3
:1021D0007868FFF789FF00BF0837BD4680BD00BFA4
:1021E00080B485B000AF78604FF6FE73FB6018498D
:1021F0007A6813469B001344DB000B4410331B68C2
:10220000FA689A4213D312497A6813469B00134422
:10221000DB000B4410331B68591C0D487A681346C9
:102220009B001344DB0003441033196009E00849A4
:102230007A6813469B001344DB000B4410330022E2
:102240001A6000BF1437BD465DF8047B704700BFBD
:10225000BC90FF1F90B587B000AFF860B96013461F
:10226000FB7100237B615949FA681346DB009B1A16
:102270009B000B440C331B683B61BB6834331B6809
:102280007B615349FA6813469B001344DB000B44FF
:1022900004331868FA794F4913469B0013449B0096
:1022A0000B4410331B687A6902FB03F1474CFA6850
:1022B0001346DB009B1A9B00234404331A683B69D6
:1022C0009B00134442181A604049FA681346DB0029
:1022D0009B1A9B000B440C331B68591C3B48FA6843
:1022E0001346DB009B1A9B0003440C3319603849EA
:1022F000FA6813469B001344DB000B4400221A705B
:102300003249FA681346DB009B1A9B000B441133D9
:102310001B78012B29D12D49FA681346DB009B1A43
:102320009B000B4414331B68002B1ED02749FA680E
:102330001346DB009B1A9B000B4418331B8818467E
:102340002249FA681346DB009B1A9B000B440C33AE
:102350001B68984209D11D49FA681346DB009B1A95
:102360009B000B4414331B6898471849FA681346BE
:10237000DB009B1A9B000B440C3319681348FA6866
:102380001346DB009B1A9B00034408331B889942C9
:1023900017D30E49FA681346DB009B1A9B000B44C7
:1023A0000C3300221A600949FA681346DB009B1AB5
:1023B0009B000B4410331B78002B02D1F86800F00F
:1023C000A7FE00BF1C37BD4690BD00BF1C88FF1F85
:1023D000BC90FF1FE486FF1F80B582B000AF78601D
:1023E0000F497A6813469B001344DB000B4400221C
:1023F0001A700C4A7B68DB0013441B79012B0AD14D
:10240000084A7B6852F83330002B04D0054A7B68B9
:1024100052F83330984700BF0837BD4680BD00BF33
:10242000BC90FF1F5C8DFF1F80B487B000AFF860C9
:10243000B9601346FB710023FB75BB6804331A684F
:10244000FB7922FA03F3DBB203F00103FB75FB799E
:1024500002339A01BB6813441B683B613B6903F07C
:1024600040733B613B691B0E3B616549FA6813464B
:102470009B001344DB000B440133FA7D1A70604962
:10248000FA6813469B001344DB000B4410331B68AF
:10249000012B40D15A49FA6813469B001344DB00D4
:1024A0000B4401331B78012B15D05549FA681346AC
:1024B0009B001344DB000B4409331B78012B0AD12A
:1024C0004F49FA6813469B001344DB000B4410335A
:1024D00000221A601FE04A49FA6813469B00134421
:1024E000DB000B4401331B78002B14D04449FA68FD
:1024F00013469B001344DB000B4409331B78022B6B
:1025000009D13F49FA6813469B001344DB000B4492
:10251000103300221A603B69012B02D03B69022B69
:1025200014D13749FA6813469B001344DB000B446F
:1025300010331B68022B5DD13149FA6813469B00AA
:102540001344DB000B4400221A7053E03B69032B59
:1025500050D12B49FA6813469B001344DB000B440F
:1025600010331B68032B45D12549FA6813469B009D
:102570001344DB000B4400221A70FB799A01BB68FC
:1025800013449C3319681E48FA6813469B00134491
:10259000DB0003441C331960FB799A01BB681344C8
:1025A000A43319681648FA6813469B001344DB00ED
:1025B000034420331960FB799A01BB6813449833B4
:1025C00019680F48FA6813469B001344DB00034464
:1025D00014331960FB799A01BB681344A03319685E
:1025E0000748FA6813469B001344DB000344183382
:1025F0001960FFE700BF1C37BD465DF8047B7047DC
:10260000BC90FF1F80B588B000AF03460A46FB713F
:102610001346BB71FB79494A52F82330BB61BB7941
:102620005B00FB770323FB750023BB777CE0FA7F1D
:10263000BB7F1344FB77BB691A68FB7F22FA03F365
:1026400003F00103002B6CD0FB7F02339A01BB69BE
:1026500013441B6803F003033B613B69DBB2032BAC
:1026600050D1FA79FB7F3649D200134451F8233018
:10267000FB60FB7F9A01BB691344943319683148AE
:10268000FA6813469B001344DB00034404331960CB
:102690002C49FA6813469B001344DB000B441033AB
:1026A0001B68591C2748FA6813469B001344DB003B
:1026B000034410331960244B1B681A68FB685B01E4
:1026C0001344DB7AFB75FB7D022B0CD0022B15DC4F
:1026D000002B0FD0012B11D1FB7F1A46B969F86886
:1026E000FFF7A2FE0FE0FB791A46B969F868FFF719
:1026F000B1FD08E0F868FFF76FFE04E0F868FFF747
:102700006FFD00E000BFFA79FB7F0D49D200134452
:1027100051F82330FB60FA7FBB69012101FA02F214
:102720001A60BB7F0133BB77BB7F012B7FF67FAF86
:1027300000BF00BF2037BD4680BD00BFCC410100B7
:102740005C87FF1FBC90FF1F1C9DFF1F80B485B0DE
:1027500000AF0346FB80FB88214A52F82330FB6020
:10276000FB681B685B0B03F00103002B32D0FA8877
:102770001C4913469B0013449B000B4410331B68F9
:10278000591C184813469B0013449B000344103304
:102790001960FA88134913469B0013449B000B44AD
:1027A00008331B78012B11D1FB6810331B68FA68C2
:1027B000103223F001031360FA880A4913469B0084
:1027C00013449B000B44013304221A70FB684FF43E
:1027D00000521A6000BF1437BD465DF8047B704795
:1027E000CC410100E486FF1F80B500AF0020FFF759
:1027F000ADFF00BF80BD80B500AF03210020FFF713
:1028000001FF00BF80BD00BF80B485B000AF0346AC
:10281000FB800023FB7309E0FB7B0A4A32F813308C
:10282000FA889A4206D0FB7B0133FB73FB7B102BAB
:10283000F2D900E000BFFB7B18461437BD465DF8B7
:10284000047B7047DC41010080B582B000AF0346D5
:102850000A46FB711346BB71FDF794F8BB79032B55
:1028600010D0032B13DC012B02D0022B05D00EE07D
:10287000FB790A4A0121D1540AE0FB79074A022177
:10288000D15405E0FB79054A0321D15400E000BF93
:10289000FDF79CF800BF0837BD4680BD8C90FF1F38
:1028A00080B584B000AF3A4B1B681B68FB60384BA7
:1028B0001B68DB69BB7200237B7200233B72002321
:1028C000FB71344B3B600023FB7258E0FB681B79C3
:1028D000022B4ED1FB68DB887B72FB681B893B7245
:1028E000FDF796F83A7A7B7A03F5800303F588734F
:1028F0001B021C331946012393400B60FA7A2649C8
:1029000013469B001344DB000B4401221A70FDF7B1
:10291000A3F8FB7AFA68917A204AD154FB681B7BB2
:10292000012B26D17B7A9BB21B029AB23B7A9BB2D7
:1029300013439BB21846FFF767FF0346FB71FB7911
:1029400003F1804303F5C4233B60FDF761F83B6866
:102950001B78DBB25BB223F01F035BB243F01003C2
:102960005AB23B68D2B21A70FDF776F80C4B0122CE
:102970001A70FB682033FB60FB7A0133FB72FA7A32
:10298000BB7A9A42A2D300BF00BF1037BD4680BDBC
:102990001C9DFF1F00200640BC90FF1F8C90FF1F56
:1029A000109DFF1F80B582B000AF334B1B681B68C2
:1029B0007B60314B1B68DB69BB7000237B7000239D
:1029C0003B700023FB7041E07B681B79022B37D101
:1029D0007B68DB887B707B681B893B70FDF75EF84A
:1029E0003A787B7803F5800303F588731B021C3368
:1029F0001946012393400B607B7803F5800303F5B0
:102A000088739A013B78134420339B001A687B78C3
:102A100003F5800303F5887399013B780B44203359
:102A20009B00194622F00F030B60FA7813491346F6
:102A30009B001344DB000B4401221A70FDF752F88F
:102A40007B6820337B60FB780133FB70FA78BB78BE
:102A50009A42B9D30A4B1B78012B09D1FDF71EF816
:102A6000084B00221A60064B00221A70FDF73AF854
:102A700000BF0837BD4680BD1C9DFF1FBC90FF1FD7
:102A8000109DFF1F0020064080B582B000AF0346B6
:102A9000FB71FDF749F8FB790A4ADB001344012278
:102AA0001A71094B1B681A68FB795B011A44FB79A0
:102AB000D269044941F83320FDF75AF800BF0837BE
:102AC000BD4680BD0C8FFF1F1C9DFF1F80B582B0CF
:102AD00000AF0346FB71FDF76DF8FB79074ADB0099
:102AE000134400221A71FB79044A002142F8331082
:102AF000FDF784F800BF0837BD4680BD0C8FFF1F6F
:102B000080B483B000AF03460A46FB711346BB7125
:102B1000FB7903F5800303F588731B021C331A68E5
:102B2000BB7922FA03F303F0010318460C37BD46C4
:102B30005DF8047B704780B582B000AF03460A465B
:102B4000FB711346BB71FDF77BF8BA79FB7903F58E
:102B5000800303F588731B021C331946012393403D
:102B60000B60FDF791F800BF0837BD4680BD80B50A
:102B700084B000AF78607B68DB88FB737B681B895F
:102B8000BB73FB7B9BB21B029AB2BB7B9BB2134312
:102B90009BB21846FFF738FE03467B73FDF796F8A5
:102BA0007B7B03F1804303F5C42300221A70FDF7F9
:102BB000B1F800BF1037BD4680BD80B584B000AF0E
:102BC00078607B68DB88BB737B681B897B73BB7B0E
:102BD0009BB21B029AB27B7B9BB213439BB21846FB
:102BE000FFF712FE03463B730023FB73FDF7B4F8B7
:102BF0007B689B7A032B0CD0032B0DDC012B02D0BE
:102C0000022B03D008E00123FB7306E00223FB73D1
:102C100003E00323FB7300E000BF3B7B03F1804331
:102C200003F5C4231B78DBB25BB223F00F035BB266
:102C3000DAB2FB7B1343DAB23B7B03F1804303F54B
:102C4000C42342F01002D2B21A700A4B1B6823F060
:102C50000D03084A43F001031360074B1B68064B42
:102C60004FF0FF321A60FDF79BF800BF1037BD46EA
:102C700080BD00BF242006402020064080B500AF64
:102C8000FDF7B0F8044B1B68034B4FF0FF321A609E
:102C9000FDF7CCF800BF80BD2020064080B485B091
:102CA00000AF0346FB710023FB60054B1B68FB6014
:102CB000FB6818461437BD465DF8047B704700BFBB
:102CC0002020064080B586B000AF0346FB80254B30
:102CD0001B681A68FB885B0113443B613B69DB8816
:102CE000FB733B691B89BB73FB881F4AD35C7B73F7
:102CF0000023FB75FCF746FE7B7B032B0CD0032BDC
:102D00000DDC012B02D0022B03D008E00923FB7558
:102D100006E00A23FB7503E00B23FB7500E000BF10
:102D2000FB7B03F5800303F588739A01BB7B134497
:102D300020339B001B6823F00F01FA7DFB7B03F51A
:102D4000800303F588739801BB7B034420339B0009
:102D5000184641EA02030360FCF738FE00BF18374B
:102D6000BD4680BD1C9DFF1F8C90FF1F80B485B0A9
:102D700000AF0346FB80164B1B681A68FB885B019B
:102D80001344FB60FB68DB88FB72FB681B89BB722A
:102D9000FB7A03F5800303F588739A01BB7A134429
:102DA00020339B001A68FB7A03F5800303F58873D0
:102DB0009901BB7A0B4420339B00194622F00F0384
:102DC0000B6000BF1437BD465DF8047B704700BF41
:102DD0001C9DFF1F90B583B000AF0123BB71002382
:102DE0003B60134B1B689B69002B1BD00023FB71BE
:102DF0000DE0FC79FB791846FFF750FF0246A3006F
:102E000008333B4443F8082CFB790133FB71FA7912
:102E1000BB799A42EDD3064B1B689B69B97938465A
:102E200000229847FFF72AFF00BF0C37BD4690BD30
:102E30001C9DFF1F80B487B000AF0346FB80124B80
:102E40001B683B613B69DB69FB810023FB8200233C
:102E5000FB820BE03B691A68FB8A5B0113441A682A
:102E6000FB889A4207D0FB8A0133FB82FA8AFB89EE
:102E70009A42EFD300E000BFFB8A18461C37BD46DC
:102E80005DF8047B704700BF1C9DFF1F80B500AF3D
:102E9000044B1B685B68002B01D0FEF76BF900BF89
:102EA00080BD00BF1C9DFF1F80B584B000AF78605F
:102EB0007B689BB21846FFF7BDFF0346FB81094BB9
:102EC0001B681A68FB895B0113441B79002B04D132
:102ED000FB891846FEF710FC00E000BF00BF10376A
:102EE000BD4680BD1C9DFF1F80B584B000AF7860DB
:102EF0007B689BB21846FFF79DFF0346FB81094B99
:102F00001B681A68FB895B0113441B79002B04D1F1
:102F1000FB891846FEF752FC00E000BF00BF1037E7
:102F2000BD4680BD1C9DFF1F80B584B000AF78609A
:102F300039607B689BB21846FFF77CFF0346FB8134
:102F4000094B1B681A68FB895B0113441B79002B32
:102F500005D1FB8939681846FEF790FD00E000BFF7
:102F600000BF1037BD4680BD1C9DFF1F80B584B0DB
:102F700000AF78600123FB737B689BB21846FFF7B4
:102F800059FF0346BB810B4B1B681A68BB895B0169
:102F900013441B79002B06D1BB891846EEF7CEFAF5
:102FA0000346FB7300E000BFFB7B18461037BD46AD
:102FB00080BD00BF1C9DFF1F80B584B000AF78604E
:102FC0000023FB607B689BB21846FFF733FF034684
:102FD0007B810A4B1B681A687B895B0113441B7950
:102FE000002B05D17B891846FEF70CFCF86000E049
:102FF00000BFFB6818461037BD4680BD1C9DFF1FF3
:1030000080B584B000AF78607B689BB21846FFF74C
:1030100011FF0346FB810D4B1B681A68FB895B019E
:1030200013441B79002B0CD1084B1B681A68FB89D1
:103030005B011344DB7AFA8911461846EEF7F4FA7D
:1030400000E000BF00BF1037BD4680BD1C9DFF1FC4
:1030500080B584B000AF78607B689BB21846FFF7FC
:10306000E9FE0346FB810D4B1B681A68FB895B0177
:1030700013441B79002B0CD1084B1B681A68FB8981
:103080005B011344DB7AFA8911461846EEF796FA8B
:1030900000E000BF00BF1037BD4680BD1C9DFF1F74
:1030A00080B500AF044B1B685B68002B01D0FEF7B6
:1030B0000FFA00BF80BD00BF1C9DFF1F80B586B00A
:1030C00000AFF860B96011461A460B46FB80134604
:1030D000BB80FB689BB21846FFF7ACFE0346FB8241
:1030E0000A4B1B681A68FB8A5B0113441B79002B8F
:1030F00006D1F88ABB88FA88B968FEF7C5FE00E0F9
:1031000000BF00BF1837BD4680BD00BF1C9DFF1F1C
:1031100080B584B000AF78607B689BB21846FFF73B
:1031200089FE0346FB81094B1B681A68FB895B011A
:1031300013441B79002B04D1FB891846FEF70AFFC4
:1031400000E000BF00BF1037BD4680BD1C9DFF1FC3
:1031500080B584B000AF78607B689BB21846FFF7FB
:1031600069FE03467B810023FB600D4B1B681A68D8
:103170007B895B0113441B79002B0AD17A890949A9
:103180001346DB009B1A9B000B440C331B68FB604F
:1031900000E000BFFB6818461037BD4680BD00BF89
:1031A0001C9DFF1F1C88FF1F80B584B000AF786096
:1031B0007B689BB21846FFF73DFE0346FB81094B37
:1031C0001B681A68FB895B0113441B79002B04D12F
:1031D000FB891846FEF774FA00E000BF00BF103705
:1031E000BD4680BD1C9DFF1F80B584B000AF7860D8
:1031F0007B689BB21846FFF71DFE0346FB81094B17
:103200001B681A68FB895B0113441B79002B04D1EE
:10321000FB891846EEF786F900E000BF00BF1037C3
:10322000BD4680BD1C9DFF1F80B584B000AF786097
:103230007B689BB21846FFF7FDFD0346FB810C4BF4
:103240001B681A68FB895B0113441B79002B0AD1A8
:10325000FA89084913469B001344DB000B441033E2
:1032600000221A6000E000BF00BF1037BD4680BDDD
:103270001C9DFF1FBC90FF1F80B584B000AF78601D
:103280000B46FB707B689BB21846FFF7D3FD0346E5
:10329000FB810B4B1B681A68FB895B011344BB6005
:1032A000BB681B79002B06D1FB89FA7811461846BA
:1032B000FEF7A8F800E000BF00BF1037BD4680BD94
:1032C0001C9DFF1F80B483B000AF78607B681B79C2
:1032D000002B00BF00BF0C37BD465DF8047B704774
:1032E00080B483B000AF78607B681B79002B00BF8F
:1032F00000BF0C37BD465DF8047B704780B584B0D5
:1033000000AF78607B689BB21846FFF793FD0346D9
:10331000FB810A4B1B681A68FB895B011344BB6085
:10332000BB681B79002B04D1FB891846FEF740FFD0
:1033300000E000BF00BF1037BD4680BD1C9DFF1FD1
:1033400080B584B000AF78607B689BB21846FFF709
:1033500071FD0346FB810A4B1B681A68FB895B0100
:103360001344BB60BB681B79002B04D1FB89184652
:10337000FEF72AFF00E000BF00BF1037BD4680BD4A
:103380001C9DFF1F80B487B000AF0346FB80124B2B
:103390001B683B613B69DB69FB810023FB820023E7
:1033A000FB820BE03B691A68FB8A5B0113441A68D5
:1033B000FB889A4207D0FB8A0133FB82FA8AFB8999
:1033C0009A42EFD300E000BFFB8A18461C37BD4687
:1033D0005DF8047B704700BF1C9DFF1F80B487B061
:1033E00000AF0346FB800023FB7500237B82002394
:1033F0003B820023BB824FF47063FB811D4B1B6833
:103400001A68FB885B0113441B79032B02D1FB89EB
:10341000BB8215E0174B1B681A68FB885B011344DD
:10342000DB887B82134B1B681A68FB885B011344A3
:103430001B893B827B8A1B029AB23B8A1343BB8265
:103440000023FB7509E0FB7D0B4A32F81330BA8A82
:103450009A4206D0FB7D0133FB75FB7D102BF2D920
:1034600000E000BFFB7D9BB218461C37BD465DF8EF
:10347000047B70471C9DFF1FDC41010080B584B0B8
:1034800000AF03460A46FB711346BB71FB799BB242
:103490001846FFF7A3FF0346FB81FB89102B0CD8CE
:1034A000FCF79FF9FB89074AD15CFB89BA790A438B
:1034B000D1B2044AD154FCF7B7F900BF1037BD466A
:1034C00080BD00BF3C98FF1F80B584B000AF0346AD
:1034D0000A46FB711346BB71FB799BB21846FFF796
:1034E0007DFF0346FB81FCF7C1F9FB89102B0AD84D
:1034F000FB89084AD15CBB79DB43DAB2FB890A401D
:10350000D1B2044AD154FCF7D5F900BF1037BD46FB
:1035100080BD00BF3C98FF1F80B584B000AF7860CD
:103520000B46FB707B689BB21846FFF757FF0346BC
:10353000FB81FB89044AD25CFB781340DBB218465E
:103540001037BD4680BD00BF3C98FF1F80B584B0DA
:1035500000AF0346FB710023FB730023BB73184BC2
:103560001B78FA799A4226D00023BB6015E0154BF0
:103570001B681A68BB685B0113441B7B012B09D1D4
:103580000121B868FFF7C8FF0346012B02D10123D0
:10359000BB7308E0BB680133BB600A4B1B68DB6987
:1035A000BA689A42E3D3BB7B012B02D10023FB73A1
:1035B00001E00123FB73FB7B18461037BD4680BD3D
:1035C000149DFF1F1C9DFF1F80B584B000AF786065
:1035D000194A7B6813607B68002B06D10D230022FB
:1035E00006217A20EDF770FD22E0144B1B78002BAA
:1035F00006D00D23002206217A20EDF765FD17E0A5
:10360000FFF744FC0023FB600CE00D49FA68134609
:103610009B001344DB000B44023300221A70FB684A
:103620000133FB60FB682F2BEFD9044B01221A708A
:1036300000BF1037BD4680BD1C9DFF1F189DFF1F9A
:10364000BC90FF1F80B584B000AF7860224B1B7820
:10365000002B06D11723012206217A20EDF734FD35
:1036600035E00023FB732AE01C4B1B681A68FB7BC8
:103670005B0113441B6802211846FFF74DFF034608
:10368000022B19D1154B1B681A68FB7B5B01134495
:103690001B697A689A4219D17868EDF70AFD0F4BD9
:1036A0001B681A68FB7B5B0113441B68DBB20221B9
:1036B0001846FFF709FF09E0FB7B0133FB73FA7B38
:1036C000064B1B68DB699A42CED300E000BF00BF07
:1036D0001037BD4680BD00BF189DFF1F1C9DFF1FFA
:1036E00080B582B000AF154B1B68002B06D11423A8
:1036F000012206217A20EDF7E7FC1BE0104B1B7836
:10370000002B06D11723012206217A20EDF7DCFCDD
:1037100010E0FFF7C5FC00237B6005E0786800F04F
:1037200011F87B6801337B607B682F2BF6D9044B43
:1037300000221A7000BF0837BD4680BD1C9DFF1FC8
:10374000189DFF1F80B582B000AF78607B682F2B7B
:1037500006D90B23062206217A20EDF7B5FC0DE0F1
:10376000084B1B78002B06D11423062206217A2051
:10377000EDF7AAFC02E07868FFF742FC00BF0837CB
:10378000BD4680BD189DFF1F80B582B000AF786038
:103790007B682F2B06D90B23032206217A20EDF715
:1037A00093FC10E00A4B1B78002B06D11423032254
:1037B00006217A20EDF788FC05E07B68DBB2012169
:1037C0001846FFF781FE00BF0837BD4680BD00BF29
:1037D000189DFF1F80B584B000AF7860194B1B782F
:1037E000002B06D11423162206217A20EDF76CFC5B
:1037F00024E07B682F2B06D90B23162206217A2082
:10380000EDF762FC1AE07B689BB21846FFF7BAFD41
:103810000346FB810C4B1B681A68FB895B01134450
:10382000BB60BB681B7B012B05D17B68DBB2082129
:103830001846FFF723FE7868FFF760FD00BF1037DA
:10384000BD4680BD189DFF1F1C9DFF1F80B584B025
:1038500000AF7860194B1B78002B06D11423172278
:1038600006217A20EDF730FC24E07B682F2B06D967
:103870000B23172206217A20EDF726FC1AE07B683D
:103880009BB21846FFF77EFD0346FB810C4B1B687D
:103890001A68FB895B011344BB60BB681B7B012B6F
:1038A00005D17B68DBB208211846FFF70DFE78686A
:1038B000FFF746FD00BF1037BD4680BD189DFF1FB6
:1038C0001C9DFF1F80B582B000AF78607B682F2BF6
:1038D00006D90B23072206217A20EDF7F5FB0DE030
:1038E000084B1B78002B06D11423072206217A20CF
:1038F000EDF7EAFB02E07868FFF7AAFB00BF0837A4
:10390000BD4680BD189DFF1F80B582B000AF7860B6
:103910007B682F2B06D90B23042206217A20EDF792
:10392000D3FB10E00A4B1B78002B06D11423042292
:1039300006217A20EDF7C8FB05E07B68DBB20121A8
:103940001846FFF79BFD00BF0837BD4680BD00BF8E
:10395000189DFF1F80B584B000AF786039607B6828
:103960009BB21846FFF70EFD0346FB817B682F2BA9
:1039700006D90B23112206217A20EDF7A5FB28E0BA
:103980003B68002B06D10A23112206217A20EDF78D
:103990009BFB1EE0114B1B681A68FB895B011344FB
:1039A000DB7A012B06D01023112206217A20EDF7B5
:1039B0008BFB0EE00A4B1B78002B06D1142311223F
:1039C00006217A20EDF780FB03E039687868FFF77D
:1039D000ABFA00BF1037BD4680BD00BF1C9DFF1F66
:1039E000189DFF1F80B584B000AF78600123FB7382
:1039F0007B689BB21846FFF7C5FC0346BB817B681A
:103A00002F2B06D90B23082206217A20EDF75CFB29
:103A100028E0174B1B681A68BB895B011344DB7AEB
:103A2000002B08D0124B1B681A68BB895B0113443A
:103A3000DB7A012B06D01023082206217A20EDF72D
:103A400043FB0FE00B4B1B78002B06D114230822FD
:103A500006217A20EDF738FB04E07868FFF786FA54
:103A60000346FB73FB7B18461037BD4680BD00BF85
:103A70001C9DFF1F189DFF1F80B584B000AF7860AC
:103A80000023FB607B689BB21846FFF77BFC034674
:103A90007B817B682F2B06D90B23102206217A20ED
:103AA000EDF712FB1EE0124B1B681A687B895B0165
:103AB0001344DB7A012B06D01023102206217A2032
:103AC000EDF702FB0EE00B4B1B78002B06D1142305
:103AD000102206217A20EDF7F7FA03E07868FFF765
:103AE0006BFAF860FB6818461037BD4680BD00BF12
:103AF0001C9DFF1F189DFF1F80B582B000AF78602E
:103B00007B682F2B06D90B230C2206217A20EDF798
:103B1000DBFA0DE0084B1B78002B06D114230C2296
:103B200006217A20EDF7D0FA02E07868FFF77CFBF7
:103B300000BF0837BD4680BD189DFF1F80B584B00B
:103B400000AF78607B689BB21846FFF71BFC03460A
:103B5000FB817B682F2B06D90B230D2206217A20AF
:103B6000EDF7B2FA1DE0114B1B681A68FB895B0187
:103B70001344DB7A032B06D010230D2206217A2072
:103B8000EDF7A2FA0DE00A4B1B78002B06D11423A7
:103B90000D2206217A20EDF797FA02E07868FFF708
:103BA00003FB00BF1037BD4680BD00BF1C9DFF1F3B
:103BB000189DFF1F80B582B000AF78607B682F2B07
:103BC00006D90B230E2206217A20EDF77DFA0DE0AF
:103BD000084B1B78002B06D114230E2206217A20D5
:103BE000EDF772FA02E07868FFF7FEFA00BF0837D7
:103BF000BD4680BD189DFF1F80B584B000AF7860C2
:103C00000023FB607B682F2B06D90B230F22062194
:103C10007A20EDF759FA0EE0094B1B78002B06D1FC
:103C200014230F2206217A20EDF74EFA03E078687C
:103C3000EDF736FDF860FB6818461037BD4680BDCD
:103C4000189DFF1F80B584B000AF78600B46FB70F5
:103C50007B689BB21846FFF795FB0346FB817B68A8
:103C60002F2B06D90B23052206217A20EDF72CFAFB
:103C700030E0FB78012B0DD0FB78022B0AD0FB78CB
:103C8000032B07D00C23052206217A20EDF71CFA1E
:103C900000BF1FE0114B1B681A68FB895B011344CE
:103CA000DB7A012B06D11023052206217A20EDF7BD
:103CB0000BFA0FE00A4B1B78002B06D114230522C8
:103CC00006217A20EDF700FA04E0FB7819467868BF
:103CD000FFF7D2FA00BF1037BD4680BD1C9DFF1F05
:103CE000189DFF1F80B586B000AF0346FB71214BC6
:103CF0001B681B687B61FB79012B0AD0FB79002BC9
:103D000007D00F23022206217A20EDF7DDF900BF4C
:103D10002CE0FB791846FFF719FC0346002B06D070
:103D20001623022206217A20EDF7CEF91EE00023A9
:103D30003B6112E07B691B7B012B08D17B691B680F
:103D4000FB60FB791A46F9687869EDF7D7FC7B6967
:103D500020337B613B6901333B61064B1B68DB69A8
:103D60003A699A42E6D3044AFB79137000BF1837C8
:103D7000BD4680BD1C9DFF1F149DFF1F80B584B0F4
:103D800000AF78607B689BB21846FFF7FBFA0346EA
:103D9000FB817B682F2B06D90B23132206217A2067
:103DA000EDF792F91DE0114B1B681A68FB895B0166
:103DB0001344DB7A012B06D01023132206217A202C
:103DC000EDF782F90DE00A4B1B78002B06D1142386
:103DD000132206217A20EDF777F902E07868FFF7E1
:103DE00063F800BF1037BD4680BD00BF1C9DFF1F9C
:103DF000189DFF1F80B584B000AF78607B689BB2D0
:103E00001846FFF7BFFA0346FB817B682F2B06D9C4
:103E10000B23142206217A20EDF756F91DE0114BF1
:103E20001B681A68FB895B011344DB7A012B06D0FF
:103E30001023142206217A20EDF746F90DE00A4BF3
:103E40001B78002B06D11423142206217A20EDF7CB
:103E50003BF902E07868FFF747F800BF1037BD462E
:103E600080BD00BF1C9DFF1F189DFF1F80B586B041
:103E700000AFF860B96011461A460B46FB80134646
:103E8000BB80FB689BB21846FFF77CFA0346FB82B7
:103E9000FB682F2B06D90B23092206217A20EDF788
:103EA00013F942E0BB68002B06D10A230922062140
:103EB0007A20EDF709F938E0FB88002B06D10E23B4
:103EC000092206217A20EDF7FFF82EE0BB88002BAF
:103ED00006D11823092206217A20EDF7F5F824E00F
:103EE000144B1B681A68FB8A5B011344DB7A022BB4
:103EF00006D01023092206217A20EDF7E5F814E018
:103F00000D4B1B78002B06D11423092206217A20A1
:103F1000EDF7DAF809E0FB8A084A0121D154BB88A1
:103F2000FA88B968F868FFF7C9F800BF1837BD46C6
:103F300080BD00BF1C9DFF1F189DFF1F5098FF1FD5
:103F400080B584B000AF78607B689BB21846FFF7FD
:103F500019FA0346FB817B682F2B06D90B230A2213
:103F600006217A20EDF7B0F82DE0194B1B681A688E
:103F7000FB895B011344DB7A022B06D010230A2253
:103F800006217A20EDF7A0F81DE0124B1B78002BDC
:103F900006D114230A2206217A20EDF795F812E0C3
:103FA000FB890D4AD35C012B06D015230A2206217A
:103FB0007A20EDF7BBF806E0FB89074A0021D154CF
:103FC0007868FFF7A5F800BF1037BD4680BD00BF79
:103FD0001C9DFF1F189DFF1F5098FF1F80B582B0CA
:103FE00000AF78607B68002B06D1192312220621CE
:103FF0007A20EDF769F80EE07B68B4221A807B68BE
:104000007A225A807B6802221A717B6803225A71D5
:104010007B6800229A7100BF0837BD4680BD80B51D
:1040200084B000AF78600023FB607B689BB21846C9
:10403000FFF7A8F903467B817B682F2B06D90B235A
:104040000B2206217A20EDF73FF81EE0114B1B688A
:104050001A687B895B011344DB7A022B06D010239C
:104060000B2206217A20EDF72FF80EE00A4B1B7881
:10407000002B06D114230B2206217A20EDF724F819
:1040800003E07868FFF764F8F860FB6818461037BB
:10409000BD4680BD1C9DFF1F189DFF1F80B582B0CF
:1040A00000AF7860134B1B681A687B685B01134490
:1040B0001B6801211846FFF72FFA0346012B15D183
:1040C0000C4B1B681A687B685B0113441B68DBB2EE
:1040D00002211846FFF7D2F9064B1B681A687B6865
:1040E0005B0113441B691846ECF7D8FF00BF083783
:1040F000BD4680BD1C9DFF1FFFFF0300FFFF0300A7
:10410000FFFF0300FCFF0300FFFF010080C142032B
:10411000C48506470849CA8B4C0D8ECF501192D3E7
:104120001455D697D8991A5B9CDD5E1F2061E2A3D7
:104130006425A6E7A8E96A2BECAD2E6FF0B13273C7
:10414000B4F576377839BAFB3C7DFEBF000000003D
:104150000100000003000000070000000F00000045
:104160001F0000003F0000007F000000FF00000073
:10417000FF010000FF030000FF070000FF0F000029
:10418000FF1F0000FF3F0000FF7F0000FFFF000057
:1041900000B0014000C0014000D00140010000001B
:1041A00002000000040000000800000010000000F1
:1041B000200000004000000080000000009004404B
:1041C00000A0044000B0044000C00440009004403F
:1041D00000A0044000B0044000C004400B040404EC
:1041E000030400040804020201020F020101070097
:1041F0000C0103030200060206040C00000F00007D
:10420000001BB7000000000000D8B8050000000047
:104210000024F4000005000000000E000102000070
:10422000080100000F010000100100001101020050
:10423000120100001301000014010000150100002C
:10424000160100001B0105001C0105001D010000F6
:104250002101000023010000240100002A010000C8
:104260002B0100002C0105022D010000300100008F
:104270003401000038010000400102004301000049
:104280004601000048010000490100004A01000009
:104290004B0100004C010000540100005A010000D5
:1042A0005D01050060010000620100006501000081
:1042B00066010000670100006A0100006B01000058
:1042C000720100007B0100007C0100007E01000003
:1042D0007F0100002D0000002042010001000002CB
:1042E0003C020100004201000101000008420100FF
:1042F000010100001042010001010000184201000C
:10430000000000001C42010000000000000000004E
:10431000D442010000000000000000000000000086
:10432000000000000000000000000000000000008D
:1043300018430100000000000000000038430100A5
:10434000DC420100010000000000000014430100F5
:10435000010000003C430100000000003043010068
:104360000B0A0F0E0D0C070003170000604301003D
:10437000070000006843010003000000000000196E
:10438000000000000000000000000000000000002D
:10439000000000000000000000000000000000001D
:1043A00000000000000000000000000000000023EA
:1043B00000000000000000000000000000000000FD
:1043C00000000000000000000000000000000000ED
:1043D0000000000000000002000000004505000091
:1043E000000100006C43010001000000000000001B
:1043F000CD05000000010000744301000100000031
:104400000000000088430100D843010001000000C3
:10441000B0430100EC430100010200007C430100B5
:1044200000440100FF00FFFFFFFFFFFFFFFFFFFF52
:10443000FFFFFFFF0001000000000000030000007C
:10444000000E27070E2C004B0000000000000000AB
:104450000100000034440100244401000000010078
:104460000001000000000000000100000001000049
:104470000000000000000201010001010000000036
:104480000000000300000001000000000000000028
:104490000600010201010000000000000007000109
:1044A0000000010000000000000008000000010002
:1044B00000000000000000090000000100000000F2
:1044C000000000000A0000000100000000000000E1
:1044D000000B0000000100000000000000000C00C4
:1044E00001000101000000000000000D01010002B8
:1044F00001000000000000000E00000001000000AC
:1045000000000000000F000000010000000000009B
:104510000000100000000100000000000000001179
:104520000000000100000000000000000001010088
:104530000101020000000000000100000001000075
:104540000000000000000201010002010000000064
:104550000000000300010000010000000000000056
:10456000040101010101000000000000000500003D
:104570000001000000000000000006000000010033
:104580000000000000000007000000010000000023
:10459000000000000801010001010000000000000F
:1045A00000090101000101000000000000000A00F4
:1045B00000000100000000000000000B01010001EC
:1045C00001000000000000000C00010000010000DC
:1045D00000000000000D00000001000000000000CD
:1045E00000000E0000000100000000000000000FAD
:1045F00000000001000000000000000010000000AA
:104600000100000000000000001100010201010093
:104610000000000000000000000001000301000095
:104620000000000000010101000301000000000083
:104630000000020001000001000000000000000373
:104640000001000001000000000000000500000063
:10465000010000000000000000060001000201004F
:10466000000000000000070101000201000000003E
:10467000000000080101000101000000000000002E
:10468000090000000100000000000000000A000016
:10469000000100000000000000000B00010001010B
:1046A000000000000000000C0000000100000000FD
:1046B000000000000D0000000100000000000000EC
:1046C000000E0001000001000000000000000F00CB
:1046D00001000001000000000000001000010000C7
:1046E00001000000000000001100010000010000B6
:1046F00000000000000000000201010001010000B4
:1047000000000000000300000001000000000000A5
:10471000000004000000010000000000000000058F
:104720000000000100000000000000000600000082
:104730000100000000000000000700000001000070
:104740000000000000000800000001000000000060
:10475000000000090000000100000000000000004F
:104760000A0000000100000000000000000B000033
:10477000000100000000000000000C00000001002B
:10478000000000000000000D00000001000000001B
:10479000000000000E00000001000000000000000A
:1047A000000F0101010101000000000000001001E4
:1047B00001000101000000000000001100000001E4
:1047C00000000000000000000000000001000000E8
:1047D00000000000000100000001000000000000D7
:1047E00000000200000001000000000000000003C3
:1047F00001010101010000000000000004000000B0
:1048000001000000000000000005000000010000A1
:104810000000000000000600000001000000000091
:10482000000000070101000201000000000000007C
:104830000801010002010000000000000009000062
:10484000000100000000000000000A00000001005C
:10485000000000000000000B010100010100000049
:10486000000000000C00000001000000000000003B
:10487000000D0000000100000000000000000E001C
:1048800000000100000000000000000F0001000314
:104890000100000000000000100101010101000002
:1048A0000000000000000000100000005C44010057
:1048B000120100002C450100110200001846010001
:1048C00010030000F846010011040000C847010071
:1048D00005000000A84801000000000001000000E1
:1048E00002000000030000000400000005000000BA
:1048F000060000000700000008000000090000009A
:104900000A0000000B0000000C0000000D00000079
:104910000E0000000F000000100000001100010553
:104920001200000013000000140000001500000039
:104930001600000018000000190000001A00000016
:104940001B0000001C0000001D0000001F000100F3
:1049500021000100230001002700010029000000C0
:104960002C0000002D0000002E0000002F00000091
:10497000300001013100000032000000330000006F
:1049800034000000390000003A0000003B00000045
:104990003C0000003D0000003E0000003F00000021
:1049A0004E0000004F0000005000000051000000C9
:1049B00052000000530000005400000055000000A9
:1049C0005600000057000000580000005900000089
:1049D0005C0000005D0000005E0000005F00000061
:1049E000600000006300000064000000650000003B
:1049F0006600010067000000680000006900000018
:104A00006A0000006B0000006C0000006D000000F8
:104A10006E0000006F0000007000000071000000D8
:104A200072000000730000007400000075000000B8
:104A30007600000077000000780000007900000098
:104A40007A0000009C0000009D0000009F00000014
:104A5000A0000000A1000000A2000000A8000000CB
:104A6000B4000000BE000000640000000080FF1FD2
:104A7000D8480100004401000000000006000000CA
:104A8000E1FF07000100000001000010E107001035
:104A9000020000000280FF1FE17F002003000000F1
:104AA00001000040E3FF074004000000010000E0B7
:104AB000E3FF0FE001000102744A0100050000005D
:104AC000784A0100DC4A010000000000C44A0100ED
:104AD00001010000D04A010001000000684A010005
:104AE000D44A0100000000000000000000000000A7
:104AF0000000000000000000EC4A0100010000007E
:104B000000000000000000001486FF1F00010000EC
:104B1000F04A010001000000000000000000000059
:104B20002086FF1F0000000001000000F9040000C3
:104B300001000000244B0100010000000000000003
:104B400001000000284B01000100000000000000EF
:104B50000000000040420F000000000000000000C4
:104B6000005A620200010000000100000000000085
:104B700040420F000000000001000000005A6202E5
:104B80000001000002000000609CFF1FF44A0100C9
:104B90002C4B01004C4B01000200010201000000FF
:104BA000844B010000000000010000000000000034
:104BB000A84B0100000000008096184CFFFFFFFF8B
:104BC00009050000000100000100000000000000D5
:104BD000C44B010001000100C84B0100AC4B0100B7
:104BE000A44B01000000000000000000584C010030
:104BF000000000000100000001000000884C0100DE
:104C0000000000000200000001000000944C0100C0
:104C10000000000000000000404C01000100000006
:104C2000704C010003000000E44B01000200000092
:104C3000144C010001000000404C0100A04C010098
:104C400001000000000A0000000000009D2A000092
:104C5000000000000000000000000700000000004D
:104C60000001000002000000704C0100A44C010093
:104C700001000000000B00000000000010270000F1
:104C80000000000000000000000000000000000024
:104C9000000100000000070000000000000000000C
:104CA000584C0100884C0100944C010000000000A9
:104CB00000000000060001010000000000000000EC
:104CC00003000000000000000000000006000000DB
:104CD00000000100CC4C0100000000000A000000B0
:104CE0000000000006000100AC4C0100D04C0100A7
:104CF000000000000000000000000000E44C010083
:084D00000000000001000000AA
:105C000059544D33324C494E011828000000000011
:105C1000010000006085FF1F000000000000000080
:105C200000FF000000000000000000000000000075
:105C30000000000000000000000000000100000063
:105C40000000000000000000000000000000000054
:105C50000000000000000000000000000000000044
:105C60000000000000000000000000000000000034
:105C70000000000000000000000000000000000024
:105C80000000000000000000000000000000000014
:105C9000000000000000000000000000FFFFFFFF08
:105CA00000A0024000B0024000C0024000D002400C
:105CB00000000000000000000000000000000000E4
:085CC00000000000E84C0100A7
:040000030000049D58
:00000001FF
