:10000000008000209D040000BB080000C70800001D
:10001000D3080000DF080000EB080000B50800006E
:10002000B5080000B5080000B5080000F70800009A
:1000300003090000B50800000F0900001B090000BB
:1000400027090000330900003F0900004B090000A8
:1000500057090000630900006F0900007B090000D8
:1000600087090000930900009F090000AB09000008
:10007000B7090000C3090000CF090000DB09000038
:10008000E7090000F3090000FF0900000B0A000067
:10009000170A0000230A00002F0A0000B50800001C
:1000A0003B0A0000470A0000618300006F830000E4
:1000B0007D830000530A0000B50800005F0A0000BD
:1000C000B5080000F5480000B50800006B0A000004
:1000D000B5080000B5080000B5080000F9300000C0
:1000E000B5080000770A0000B5080000B508000058
:1000F000830A00008F0A00009B0A0000A70A000084
:10010000B30A0000BF0A0000CB0A0000D70A0000B3
:10011000E30A0000B5080000B5080000B5080000BB
:10012000B5080000EF0A0000FB0A0000070B000002
:10013000130B00001F0B00002B0B0000370B0000FF
:10014000B5080000B5080000B5080000B5080000BB
:10015000B5080000B5080000B5080000B5080000AB
:10016000B5080000B5080000B5080000B50800009B
:10017000B5080000B5080000430B00004F0B00005D
:100180005B0B0000670B0000730B00007F0B00008F
:100190008B0B0000970B0000A30B0000AF0B0000BF
:1001A000BB0B0000C70B0000B5080000B50800003D
:1001B000D30B0000DF0B0000EB0B0000F70B00007F
:1001C000030C0000B5080000B50800000F0C00008B
:1001D0001B0C0000270C0000330C00003F0C00003B
:1001E0004B0C0000570C0000630C00006F0C00006B
:1001F0007B0C0000870C0000930C00009F0C00009B
:10020000AB0C0000B70C0000C30C0000CF0C0000CA
:10021000DB0C0000E70C0000F30C0000FF0C0000FA
:100220000B0D0000170D0000230D0000B5080000A5
:10023000B5080000B5080000B5080000B5080000CA
:10024000B5080000B5080000B5080000B5080000BA
:10025000B5080000B5080000B5080000B5080000AA
:10026000B5080000B5080000B5080000B50800009A
:10027000B5080000B5080000B5080000B50800008A
:10028000B5080000B5080000B5080000B50800007A
:10029000B5080000B5080000B5080000B50800006A
:1002A000B5080000B5080000B5080000B50800005A
:1002B0002F0D00003B0D0000B5080000470D0000A9
:1002C000530D00005F0D00006B0D0000B50800002D
:1002D000B5080000B5080000B5080000B50800002A
:1002E0008B830000B5080000B5080000B5080000C9
:1002F000B5080000B5080000B5080000B50800000A
:10030000B5080000B5080000B5080000B5080000F9
:10031000770D0000B5080000B5080000B508000022
:10032000B5080000B5080000B5080000B5080000D9
:0C033000B5080000B5080000830D0000B7
:100400004487FF1F1CAA00001CAA00000100000076
:100410004487FF1F20AA0000C8AA000001000000B6
:100420000084FF1F4487FF1F0100000014490C686F
:100430004FF001031C401349134A521A013A06DDDA
:100440004FF05A304FF05A3309C1083AFCDA0F49DD
:100450000F4A521A013A06DD4FF05A304FF05A3324
:1004600009C1083AFCDA0B490B4A521A013A06DD77
:100470004FF05A304FF05A3309C1083AFCDA70474E
:1004800000F007400080FF1F0084FF1F007C002059
:10049000008000200084FF1F007C002072B64FF017
:1004A00000014FF000024FF000034FF000044FF046
:1004B00000054FF000064FF00007B846B946BA46AF
:1004C000BB46BC46FFF7B2FF064885460648804754
:1004D00006488047064880470648804762B600F0D5
:1004E00013F8FEE700800020250600004D080000FC
:1004F000910D00003D08000080B400AF00BFBD4674
:100500005DF8047B7047000080B582B000AF002327
:10051000BB710023FB712B4800F0FCFE002000F0B3
:1005200023FF00BF00F0CEFE0346002BFAD100F0FF
:10053000ADFE00F04FF80023FB7106E0FB79224985
:10054000FA79CA54FB790133FB7197F90730002B14
:10055000F4DA0023FB7106E0FB791C49FA79CA54EE
:10056000FB790133FB71FB79132BF5D90A23184A68
:100570001549002007F02CFA062003F0C7FE0346B9
:10058000BB71BB79012B03D10121022003F01DFFB8
:10059000002140F2034003F018FF002007F0DAF9D1
:1005A000002006F05DFD01E007F028F9012006F0CB
:1005B00065FF0346002BF7D1012140F2034003F011
:1005C00004FFD9E7F89800000084FF1F0085FF1F93
:1005D0008084FF1F80B500AF054804F0F3FE0020C3
:1005E00005F05AFE034806F0C9FF00BF80BD00BFFA
:1005F0008C9D000044A0000080B483B000AF0023B5
:10060000FB71074B1B6803F00103012B01D1012390
:10061000FB71FB7918460C37BD465DF8047B7047CB
:1006200000F0074080B58AB000AFFFF7E5FF034652
:10063000FB7700233B600023BB6100237B62002328
:100640003B6202233B6000237B6272E0794A7B6A53
:100650001B0113440C331B78022B02D1FB7F012BAF
:1006600063D1744A7B6A1B0113440C331B78002B43
:100670005BD0704A7B6A1B01134404331B68FB6028
:100680006C4A7B6A1B0113441B687B61694A7B6A65
:100690001B01134408331B681946664A7B6A1B0119
:1006A000134404331B68CB1ABB61BB69DBB203F094
:1006B0000303DBB2FB71FB79DBB21A46BB699B1A01
:1006C0009B08BB6100233B620CE03B6A9B00FA681D
:1006D0001A443B6A9B0079690B4412681A603B6AB2
:1006E00001333B623A6ABB699A42EED33B6A9B0094
:1006F000FA681344BB603B6A9B007A6913443B6110
:1007000000233B620AE0BA683B6A1A4439693B6AD3
:100710000B4412781A703B6A01333B62FB79DBB2FF
:100720001A463B6A9342EED300E000BF7B6A013376
:100730007B623B687A6A9A4288D301233B6000233C
:100740007B626DE03C497A6A13465B0013449B0070
:100750000B4408331B78022B02D1FB7F012B5BD1AA
:1007600035497A6A13465B0013449B000B440833F7
:100770001B78002B50D030497A6A13465B00134433
:100780009B000B441B687B612B497A6A13465B0014
:1007900013449B000B4404331B68184626497A6AAD
:1007A00013465B0013449B000B441B68C31ABB61D8
:1007B000BB69DBB203F00303DBB2FB71FB79DBB295
:1007C0001A46BB699B1A9B08BB6100233B6208E089
:1007D0003B6A9B007A69134400221A603B6A01332A
:1007E0003B623A6ABB699A42F2D33B6A9B007A69E0
:1007F00013443B6100233B6207E03A693B6A1344C0
:1008000000221A703B6A01333B62FB79DBB21A4665
:100810003B6A9342F1D300E000BF7B6A01337B6205
:100820003B687A6A9A428DD300BF00BF2837BD4625
:1008300080BD00BF000400002004000080B400AFB1
:1008400000BFBD465DF8047B7047000080B586B0F0
:1008500000AF05F049FC0346FB74124BFB60124BE2
:10086000BB60124A104BD31A9B087B6000237B614C
:100870000CE07B699B00BA681A447B699B00F968AD
:100880000B4412681A607B6901337B617A697B686B
:100890009A42EED3064B034A1A6000BF1837BD4692
:1008A00080BD00BF0080FF1F000000003C0300006F
:1008B00008ED00E080B400AFFEE780B500AFFFF7C1
:1008C000F9FF00BF80BD80B500AFFFF7F3FF00BFA9
:1008D00080BD80B500AFFFF7EDFF00BF80BD80B5E4
:1008E00000AFFFF7E7FF00BF80BD80B500AFFFF7A7
:1008F000E1FF00BF80BD80B500AFFFF7DBFF00BFA9
:1009000080BD80B500AFFFF7D5FF00BF80BD80B5CB
:1009100000AFFFF7CFFF00BF80BD80B500AFFFF78E
:10092000C9FF00BF80BD80B500AFFFF7C3FF00BFA8
:1009300080BD80B500AFFFF7BDFF00BF80BD80B5B3
:1009400000AFFFF7B7FF00BF80BD80B500AFFFF776
:10095000B1FF00BF80BD80B500AFFFF7ABFF00BFA8
:1009600080BD80B500AFFFF7A5FF00BF80BD80B59B
:1009700000AFFFF79FFF00BF80BD80B500AFFFF75E
:1009800099FF00BF80BD80B500AFFFF793FF00BFA8
:1009900080BD80B500AFFFF78DFF00BF80BD80B583
:1009A00000AFFFF787FF00BF80BD80B500AFFFF746
:1009B00081FF00BF80BD80B500AFFFF77BFF00BFA8
:1009C00080BD80B500AFFFF775FF00BF80BD80B56B
:1009D00000AFFFF76FFF00BF80BD80B500AFFFF72E
:1009E00069FF00BF80BD80B500AFFFF763FF00BFA8
:1009F00080BD80B500AFFFF75DFF00BF80BD80B553
:100A000000AFFFF757FF00BF80BD80B500AFFFF715
:100A100051FF00BF80BD80B500AFFFF74BFF00BFA7
:100A200080BD80B500AFFFF745FF00BF80BD80B53A
:100A300000AFFFF73FFF00BF80BD80B500AFFFF7FD
:100A400039FF00BF80BD80B500AFFFF733FF00BFA7
:100A500080BD80B500AFFFF72DFF00BF80BD80B522
:100A600000AFFFF727FF00BF80BD80B500AFFFF7E5
:100A700021FF00BF80BD80B500AFFFF71BFF00BFA7
:100A800080BD80B500AFFFF715FF00BF80BD80B50A
:100A900000AFFFF70FFF00BF80BD80B500AFFFF7CD
:100AA00009FF00BF80BD80B500AFFFF703FF00BFA7
:100AB00080BD80B500AFFFF7FDFE00BF80BD80B5F3
:100AC00000AFFFF7F7FE00BF80BD80B500AFFFF7B6
:100AD000F1FE00BF80BD80B500AFFFF7EBFE00BFA9
:100AE00080BD80B500AFFFF7E5FE00BF80BD80B5DB
:100AF00000AFFFF7DFFE00BF80BD80B500AFFFF79E
:100B0000D9FE00BF80BD80B500AFFFF7D3FE00BFA8
:100B100080BD80B500AFFFF7CDFE00BF80BD80B5C2
:100B200000AFFFF7C7FE00BF80BD80B500AFFFF785
:100B3000C1FE00BF80BD80B500AFFFF7BBFE00BFA8
:100B400080BD80B500AFFFF7B5FE00BF80BD80B5AA
:100B500000AFFFF7AFFE00BF80BD80B500AFFFF76D
:100B6000A9FE00BF80BD80B500AFFFF7A3FE00BFA8
:100B700080BD80B500AFFFF79DFE00BF80BD80B592
:100B800000AFFFF797FE00BF80BD80B500AFFFF755
:100B900091FE00BF80BD80B500AFFFF78BFE00BFA8
:100BA00080BD80B500AFFFF785FE00BF80BD80B57A
:100BB00000AFFFF77FFE00BF80BD80B500AFFFF73D
:100BC00079FE00BF80BD80B500AFFFF773FE00BFA8
:100BD00080BD80B500AFFFF76DFE00BF80BD80B562
:100BE00000AFFFF767FE00BF80BD80B500AFFFF725
:100BF00061FE00BF80BD80B500AFFFF75BFE00BFA8
:100C000080BD80B500AFFFF755FE00BF80BD80B549
:100C100000AFFFF74FFE00BF80BD80B500AFFFF70C
:100C200049FE00BF80BD80B500AFFFF743FE00BFA7
:100C300080BD80B500AFFFF73DFE00BF80BD80B531
:100C400000AFFFF737FE00BF80BD80B500AFFFF7F4
:100C500031FE00BF80BD80B500AFFFF72BFE00BFA7
:100C600080BD80B500AFFFF725FE00BF80BD80B519
:100C700000AFFFF71FFE00BF80BD80B500AFFFF7DC
:100C800019FE00BF80BD80B500AFFFF713FE00BFA7
:100C900080BD80B500AFFFF70DFE00BF80BD80B501
:100CA00000AFFFF707FE00BF80BD80B500AFFFF7C4
:100CB00001FE00BF80BD80B500AFFFF7FBFD00BFA8
:100CC00080BD80B500AFFFF7F5FD00BF80BD80B5EA
:100CD00000AFFFF7EFFD00BF80BD80B500AFFFF7AD
:100CE000E9FD00BF80BD80B500AFFFF7E3FD00BFA9
:100CF00080BD80B500AFFFF7DDFD00BF80BD80B5D2
:100D000000AFFFF7D7FD00BF80BD80B500AFFFF794
:100D1000D1FD00BF80BD80B500AFFFF7CBFD00BFA8
:100D200080BD80B500AFFFF7C5FD00BF80BD80B5B9
:100D300000AFFFF7BFFD00BF80BD80B500AFFFF77C
:100D4000B9FD00BF80BD80B500AFFFF7B3FD00BFA8
:100D500080BD80B500AFFFF7ADFD00BF80BD80B5A1
:100D600000AFFFF7A7FD00BF80BD80B500AFFFF764
:100D7000A1FD00BF80BD80B500AFFFF79BFD00BFA8
:100D800080BD80B500AFFFF795FD00BF80BD0000BE
:100D900080B500AF104BD3F888300F4A43F470038E
:100DA000C2F888300D4B1B680C4A43F08023136057
:100DB0000B4B4BF231621A60094B4CF278221A60ED
:100DC000074B5B68064A23F001035360054805F0B2
:100DD00083FB00BF80BD00BF00ED00E000000140CC
:100DE00000A00640709F000080B483B000AF786020
:100DF00000BF0C37BD465DF8047B704780B582B0FC
:100E000000AF78607868FFF7EFFF00BF0837BD4696
:100E100080BD000090B482B000AF04460846114681
:100E20001A462346FB8003467B710B463B711346F3
:100E3000FB700C4AFB8813800B4A3B7913700B4AFA
:100E40007B7913700A4AFB7813700A4B1B880133B5
:100E50009AB2084B1A80002318460837BD4690BC4A
:100E6000704700BF1485FF1F1685FF1F1785FF1FE2
:100E70001885FF1F1A85FF1F90B482B000AF04468B
:100E8000084611461A462346FB8003467B710B46F3
:100E90003B711346FB700C4AFB8813800B4A3B796D
:100EA00013700B4A7B7913700A4AFB7813700A4B54
:100EB0001B8801339AB2084B1A8000231846083762
:100EC000BD4690BC704700BF1485FF1F1685FF1FED
:100ED0001785FF1F1885FF1F1A85FF1F80B483B079
:100EE00000AF03463960FB71002318460C37BD463E
:100EF0005DF8047B704780B483B000AF034639606F
:100F0000FB7100BF0C37BD465DF8047B704780B4B1
:100F100083B000AF0346FB7100BF0C37BD465DF8E0
:100F2000047B704780B483B000AF03460A46FB7170
:100F30001346BB7100BF0C37BD465DF8047B70479C
:100F400080B483B000AF0346FB80B7F90630002BB6
:100F50000BDBFB8803F01F020749B7F906305B097A
:100F6000012000FA02F241F8232000BF0C37BD46F1
:100F70005DF8047B704700BF00E100E080B483B0FF
:100F800000AF0346FB80B7F90630002B12DBFB886D
:100F900003F01F020A49B7F906305B09012000FA85
:100FA00002F2203341F82320BFF34F8F00BFBFF37D
:100FB0006F8F00BF00BF0C37BD465DF8047B7047E4
:100FC00000E100E080B483B000AF0346FB80B7F9D6
:100FD0000630002B0CDBFB8803F01F020749B7F932
:100FE00006305B09012000FA02F2603341F8232049
:100FF00000BF0C37BD465DF8047B704700E100E0A0
:1010000080B483B000AF03463960FB80B7F9063087
:10101000002B0ADB3B68DAB20C49B7F90630520103
:10102000D2B20B4483F800230AE03B68DAB20849E5
:10103000FB8803F00F03043B5201D2B20B441A7633
:1010400000BF0C37BD465DF8047B704700E100E04F
:1010500000ED00E080B483B000AF0346FB80B7F939
:101060000630002B09DB0D4AB7F90630134493F81C
:101070000033DBB25B09DBB209E0094AFB8803F00D
:101080000F03043B13441B7EDBB25B09DBB2184643
:101090000C37BD465DF8047B704700BF00E100E0FF
:1010A00000ED00E080B483B000AF0346FB71FB7934
:1010B000002B01D100BEFDE700BF0C37BD465DF837
:1010C000047B704780B483B000AF0346FB71FB79AB
:1010D000002B01D100BEFDE700BF0C37BD465DF817
:1010E000047B704780B483B000AF7860BFF35F8F3C
:1010F00000BF0B4A7B6843F001035360094B5B6AF6
:10110000084A43F480335362BFF34F8F00BFBFF3ED
:101110006F8F00BF00BF0C37BD465DF8047B704782
:1011200090ED00E000ED00E080B400AFBFF35F8F12
:1011300000BF0B4B5B6A0A4A23F480335362094BAE
:101140005B68084A23F001035360BFF34F8F00BF71
:10115000BFF36F8F00BF00BFBD465DF8047B7047D3
:1011600000ED00E090ED00E080B487B000AF786063
:101170000B46FB701346BB70FB789B08FB75FB7836
:1011800003F00303DB003B61FF223B6902FA03F338
:10119000FB60FB7D012B16D8FA7D7B680C3253F87F
:1011A0002220FB68DB4302EA0301BA783B6902FABA
:1011B00003F31A46FB681340FA7D19437B680C322F
:1011C00043F8221000E000BF1C37BD465DF8047BE9
:1011D0007047000080B582B000AF03460A46FB713D
:1011E0001346BB71BA79FB7919460348FFF7BCFF78
:1011F00000BF0837BD4680BD90ED00E080B483B0ED
:1012000000AF786039607B683A689A607B6800223A
:101210001A6100BF0C37BD465DF8047B70470000C3
:1012200080B582B000AF786079680348FFF7E6FFC9
:1012300000BF0837BD4680BD90ED00E080B485B0AA
:1012400000AFF860B9607A603B60FB68BA689A608A
:10125000FB687A68DA60FB683A681A6100BF143785
:10126000BD465DF8047B704780B584B000AFF86080
:10127000B9607A607B68BA68F9680348FFF7DEFFF7
:1012800000BF1037BD4680BD90ED00E080B582B054
:1012900000AF0023FB7100F005FD0346002B02D0D8
:1012A0000123FB7106E0064B1B68184600F012FE96
:1012B0000346FB71FB7918460837BD4680BD00BF69
:1012C0005487FF1F80B582B000AF0223FB71064B2D
:1012D0001B78002B03D000F0E5FC0346FB71FB7983
:1012E00018460837BD4680BD5C87FF1F80B582B0B9
:1012F00000AF0A23FB71064B1B78002B03D000F0D4
:10130000DFFE0346FB71FB7918460837BD4680BDFA
:101310005C87FF1F80B582B000AF7860104B002261
:101320001A70104A7B6813600E4B1B681B68002BF9
:1013300003D10C4B00221A600EE00A4B1B68DB68DD
:10134000184600F0EBFC074B1B68DB69184600F001
:10135000B4FF034B01221A7000BF0837BD4680BDA1
:101360005C87FF1F5887FF1F80B584B000AF03461E
:10137000FB710023FB73154B1B78002B02D101235B
:10138000FB731DE0124B1B681B79FA799A4202D35A
:101390000123FB7314E00F4AFB7913700C4B1B689D
:1013A0001968FA791346DB009B1ADB000B440A4AE2
:1013B0001360094B1B68184600F012FE0346FB73CE
:1013C000FB7B18461037BD4680BD00BF5C87FF1F02
:1013D0005887FF1F5D87FF1F5487FF1F80B584B0AC
:1013E00000AF0346FB710023BB600123FB73124B6C
:1013F0001B78002B02D10123FB7317E00F4B1B68F6
:101400001B7EFA799A4202D30123FB730EE00B4B49
:101410001B689968FA7913465B0013449B000B44E0
:10142000BB60B86800F0A2FC0023FB73FB7B18468E
:101430001037BD4680BD00BF5C87FF1F5887FF1F68
:1014400080B582B000AF78600E4B1B78002B14D0B3
:101450000D4B1B681B7C1A467B6893420DD200F033
:1014600080FF094B1B685B691A687B6813441B7813
:10147000184600F09FFC00F097FF00BF0837BD46FC
:1014800080BD00BF5C87FF1F5887FF1F80B582B0FB
:1014900000AF4FF0FF337B6000F0FCFD78607B68AD
:1014A00018460837BD4680BD80B582B000AF002326
:1014B0007B600E4B1B78FF2B12D00D4B1B681A68FC
:1014C0000A4B1B7819460B46DB005B1ADB00134402
:1014D000084A1360074B1B68184600F0AAFE7860A4
:1014E0007B6818460837BD4680BD00BF5D87FF1F7B
:1014F0005887FF1F5487FF1F80B400AF054B1B6840
:10150000044A23F00F03136000BFBD465DF8047B5F
:10151000704700BF40C0074080B485B000AF78601E
:101520000123FB607B681B79012B03D1FB6843F02F
:101530000203FB60064B1B6823F003020449FB68AF
:1015400013430B6000BF1437BD465DF8047B704742
:1015500010C0074080B400AF054B1B68044A23F05D
:101560000103136000BFBD465DF8047B704700BFF8
:1015700010C0074080B400AF054B1B68044A23F03D
:101580000103136000BFBD465DF8047B704700BFD8
:1015900018C0074080B483B000AF786039600C4B4E
:1015A0001B6823F47F0323F470637A68120402F447
:1015B0007F013A68120202F470620A43044913433D
:1015C0000B6000BF0C37BD465DF8047B704700BF61
:1015D0000000014080B400AF054B1B68044A23F0B3
:1015E0000703136000BFBD465DF8047B704700BF72
:1015F0002CC0074080B483B000AF0346FB71084B9A
:101600001B6823F00302FB7903F00303044913432F
:101610000B6000BF0C37BD465DF8047B704700BF10
:1016200000C0074080B400AF044B1B6803F0030305
:101630001846BD465DF8047B704700BF08C00740F0
:1016400080B400AF034B00221A6000BFBD465DF8B6
:10165000047B704720C0074080B483B000AF064BC6
:101660001B6803F003037B607B68DBB218460C3712
:10167000BD465DF8047B704708C0074080B400AFEA
:10168000054B1B681B0C03F03F0301331846BD4696
:101690005DF8047B704700BF20C0074080B485B070
:1016A00000AFF860B9607A600D4B1B6823F00F1330
:1016B00023F47063FA68120402F47021BA6812020B
:1016C00002F4706211437A6802F00F020A4304497F
:1016D00013430B6000BF1437BD465DF8047B7047B1
:1016E00004C0074080B400AF034B1B681846BD46DA
:1016F0005DF8047B704700BF0CC0074080B483B026
:1017000000AF074B1B681B0903F001037B607B687C
:10171000DBB218460C37BD465DF8047B704700BF4E
:1017200020C0074080B400AF054B1B681B0A03F0C4
:101730000F0301331846BD465DF8047B704700BFB8
:1017400020C0074080B400AF054B1B681B0C03F0A2
:101750000F0301331846BD465DF8047B704700BF98
:1017600004C0074080B485B000AF78607B68002B70
:1017700034D07B681B79012B04D10123FB6000234B
:10178000BB6003E00023FB600123BB60164B1B68BA
:1017900023F4FE4323F01003BA68120102F0100193
:1017A000FA68920302F4804211437A685279120275
:1017B00002F470621143FA68520302F400521143BA
:1017C000BA68120302F480520A43074913430B60BC
:1017D000054B1B68044A43F00103136000BF143734
:1017E000BD465DF8047B704718C0074080B483B0E5
:1017F00000AF0346FB71084B1B6823F47062FB7952
:101800001B0203F47063044913430B6000BF0C37E1
:10181000BD465DF8047B704718C0074080B483B0B4
:1018200000AF78607B68002B1FD0134B1B6823F43C
:101830007C1323F471637A681278120102F01001AC
:101840007A689278120402F47C1211437A68527812
:10185000120202F470620A43074913430B60064BFD
:101860001B68054A43F00103136000BF0C37BD46F7
:101870005DF8047B704700BF20C0074080B483B090
:1018800000AF78607B68002B11D00C4B1B6823F4F1
:101890007F4323F007037A685278120291B27A6884
:1018A000127802F007020A43044913430B6000BF99
:1018B0000C37BD465DF8047B704700BF2CC0074065
:1018C00080B487B000AF78600B46FB7000237B616B
:1018D0000023FB607B68002B65D0FB78042B62D86B
:1018E0007B687B610023FB7456E007F10C031968E9
:1018F0007B691B781A467B691B7C9A4007F10C03B5
:101900000A431A6007F10C0319687B699B781A4631
:101910007B691B7C08339A4007F10C030A431A6069
:101920007B695B78012B0BD107F10C0319687B698C
:101930001B7C103301229A4007F10C030A431A6002
:101940007B691B7C1A461B4B1344DB001B681B0C7A
:101950001B047A69D28811467A69127C1046154AAE
:101960000244D2000B4313607B691B7CDA00124BEC
:1019700013441B681B0C1B047A69928810467A6911
:10198000127CD1000C4A0A44034313607B69143370
:101990007B61FB7C0133FB74FA7CFB789A42A4D315
:1019A000064AFB68136000BF1C37BD465DF8047B28
:1019B000704700BF09F800084CC0074040C007400E
:1019C00080B483B000AF7860044B1A687B68134022
:1019D00018460C37BD465DF8047B704708C00740C9
:1019E00080B485B000AF78600023FB727B689B7980
:1019F000012B1FD10023FB607B689B681B79012BA7
:101A000003D1FB6843F00203FB607B689B689B7912
:101A1000012B03D1FB6843F00803FB607B689B68E4
:101A20005B79012B03D1FB6843F00403FB60054A9B
:101A3000FB681360FB7A18461437BD465DF8047BDB
:101A4000704700BF14C0074080B586B000AF786013
:101A50000023FB757B681B7B012B2AD17B685B7B9A
:101A6000012B24D100233B610023FB607B681B69B1
:101A70001846FFF751FD0420FFF7A2FFF86006E0CB
:101A80000420FFF79DFFF8603B6901333B61FB6871
:101A9000042B04D03B694CF24F329342F0D93B699E
:101AA0004CF24F32934204D90123FB7501E0FFF75A
:101AB00051FDFB7D18461837BD4680BD80B584B00A
:101AC00000AF78600023FB737B681B7F012B0AD17A
:101AD000FFF7B6FD7B685B7F012B04D17B681B6A37
:101AE0001846FFF79BFEFB7B18461037BD4680BDAE
:101AF00080B586B000AF78600023FB757B681B7DE6
:101B0000012B4AD17B685B7D012B44D100233B61D3
:101B10000023FB600123FB720F237B720123BB7246
:101B20007B689B691846FFF71DFE0820FFF748FFFA
:101B3000F8601AE00820FFF743FFF860FB7A1846C8
:101B4000FFF754FEBA7AFB7A1344FB72FB7A012B3F
:101B500002D10123BB7205E0FA7A7B7A9A4201D165
:101B6000FF23BB723B6901333B61FB68082B04D048
:101B70003B694CF24F329342DCD93B694CF24F3215
:101B8000934201D90123FB757B689B695B791846F9
:101B9000FFF72CFE01E0FFF7EDFCFB7D1846183740
:101BA000BD4680BD80B586B000AF78600023FB7570
:101BB00000233B610023FB607B685B7818467B68F1
:101BC0009B7819467B68DB781A46FFF767FDFFF7BD
:101BD00089FDF86005E0FFF785FDF8603B6901339A
:101BE0003B617B685B781B0403F470227B689B7805
:101BF0001B0203F470631A437B68DB7803F00F0366
:101C00001343FA689A4204D03B694CF24F32934234
:101C1000E1D93B694CF24F32934201D90123FB7564
:101C2000FB7D18461837BD4680BD80B586B000AF35
:101C30000346FB710023FB7500233B61FB79BB600E
:101C4000FB791846FFF7D6FCFFF7ECFCF86005E0DF
:101C5000FFF7E8FCF8603B6901333B61FA68BB6859
:101C60009A4204D03B694CF24F329342F0D93B691F
:101C70004CF24F32934201D90123FB75FB7D18468C
:101C80001837BD4680BD80B400AF054B1B68044AC1
:101C900043F00403136000BFBD465DF8047B70474A
:101CA00040C0074080B483B000AF00233B600A4BC4
:101CB0001B685B0903F001033B603B68002B02D00B
:101CC0000023FB7101E00123FB71FB7918460C37FF
:101CD000BD465DF8047B704708C0074080B483B000
:101CE00000AF0D4BDB687B607B689BB27B607B68E1
:101CF00043F0BF6343F400337B607B6843F004032D
:101D00007B60054A7B68D360BFF34F8F00BF0C3701
:101D1000BD465DF8047B704700ED00E080B483B001
:101D200000AF78607B68002B17D00F4B1B6823F047
:101D3000011323F47F437A68527802F001017A6834
:101D40001278120402F4803211437A6892781202F7
:101D500092B20A43044913430B6000BF0C37BD46DF
:101D60005DF8047B704700BF04F0074080B485B085
:101D700000AF78600023BB607B68002B14D07B68C9
:101D80001B68BB600023FB6009E07B68197ABA68B6
:101D9000FB6813440A461A60FB680133FB607B68EA
:101DA0005B68FA689A42F0D300BF1437BD465DF80D
:101DB000047B704780B584B000AF0346FB71414B94
:101DC0001B68404A23F000431360FB79002B06D1C7
:101DD0003D4B1B693C4A23F0020313616DE0FFF7A2
:101DE0008BFBFB79013B032B50D801A252F823F067
:101DF000671E0000011E00000F1E0000351E0000BF
:101E0000314B1B69304A23F0040313613FE02E4B32
:101E10001B692D4A43F0040313612A4B1B68294AAE
:101E200043F000431360294B1B68284A23F0030347
:101E300013602CE0234B1B68224A43F000431360DD
:101E4000214B1B69204A43F0040313611F4B1B689D
:101E50001E4A23F0020313601C4B1B681B4A43F00D
:101E60000103136013E0174B1B68164A43F000434D
:101E70001360154B1B69144A43F004031361134BA1
:101E80001B68124A43F00303136000E000BF104BCD
:101E90001B68FB600E4B00221A600B4B1B690A4A41
:101EA00023F00203136130BF094AFB681360064B3D
:101EB0001B69054A23F00403136100BF1037BD46B8
:101EC00080BD00BF0000014000ED00E00CE00740D5
:101ED00010E000E080B584B000AF78600023FB73B1
:101EE0007B681B781846FFF7A0FE0346FB73FB7B5D
:101EF000002B14D17B68DA6A7B6893F8303019467E
:101F00001046FFF7DDFCFFF765FB7B6893F8243094
:101F1000012B04D17B689B6A1846FFF7AFFCFB7B63
:101F200018461037BD4680BD80B485B000AF7860DC
:101F30007B68002B4BD07B685B68FB60FB68002BE9
:101F400045D00023FB723DE0FB681B7803F1805312
:101F500003F5FA339B001A68FB681B7803F1805382
:101F600003F5FA339B00194622F001030B60FB686E
:101F70001B7803F1805303F5FA339B001B68174A63
:101F80001A40FB689B781B0203F4E061FB68DB7876
:101F90001B0403F470231943FB685B7803F001030F
:101FA0001943FB681B7803F1805303F5FA339B0058
:101FB000184642EA01030360FB680433FB60FB7AC6
:101FC0000133FB727B681B78FA7A9A42BCD300BF5C
:101FD0001437BD465DF8047B704700BFFEF8F0FF84
:101FE00080B584B000AF78600123FB737B68002B61
:101FF0004BD0FFF781FA0320FFF717FE0346FB7370
:10200000FB7B002B35D17B685B6B1846FFF78CFFA1
:102010007868FFF7E5FC03461A46FB7B1343FB7326
:102020007868FFF711FD03461A46FB7B1343FB73E9
:102030007868FFF75DFD03461A46FB7B1343FB738D
:102040007868FFF73BFD03461A46FB7B1343FB739F
:102050007B681B791A467B685B7919461046FFF747
:1020600099FA7868FFF79EFD03461A46FB7B1343F7
:10207000FB73FB7B002B08D17B681B78012B04D002
:102080007868FFF727FF0346FB73FB7B1846103782
:10209000BD4680BD80B483B000AF074B1A68074BC4
:1020A00013407B60044B054A1A607B6818460C3766
:1020B000BD465DF8047B704700F0074003031F0036
:1020C00080B582B000AFFFF7E5FF38603B68002BBA
:1020D00003D1344B1B683B6002E0324A3B6813601B
:1020E0003B68B3F5801F3AD03B68B3F5801F51D8E9
:1020F0003B68B3F5002F35D03B68B3F5002F49D8C6
:102100003B68B3F5802F30D03B68B3F5802F41D8C2
:102110003B68B3F5003F2BD03B68B3F5003F39D89F
:102120003B68B3F5803F26D03B68B3F5803F31D89C
:102130003B68B3F5007F21D03B68B3F5007F29D819
:102140003B68B3F5807F1CD03B68B3F5807F21D816
:102150003B68012B1BD03B68022B15D01AE00023F3
:10216000FB711AE00123FB7117E00223FB7114E0FD
:102170000323FB7111E00423FB710EE00523FB71C7
:102180000BE00623FB7108E00723FB7105E0082341
:10219000FB7102E00923FB7100BFFB791846083789
:1021A000BD4680BD6087FF1F80B588B000AF7860F6
:1021B0000023FB610023FB750023BB6100233B610F
:1021C0000023FB600223BB60FFF76CFD0346002B7E
:1021D0002AD17B68002B27D0FFF790FA0346FB75C6
:1021E000FB7D002B02D0012B05D009E07B689B69A9
:1021F0001B68BB6107E07B681B691B68BB6102E071
:102200000023BB6100BFFFF739FA3861FFF78AFA94
:10221000F860BB693A6903FB02F2BB68F96801FB2D
:1022200003F3B2FBF3F3FB61FB6918462037BD46AD
:1022300080BD80B586B000AF78600023FB730023BB
:102240007B610023BB6000233B61FFF705FA034677
:10225000FB73FB7B032B1FD801A252F823F000BFB6
:10226000712200007B220000852200008F220000E6
:102270007B681B691B687B610FE07868FFF794FF40
:1022800078610AE07B689B691B687B6105E07B687D
:102290009B681B687B6100E000BF7B69002B07D057
:1022A000FFF750FAB8607A69BB68B2FBF3F33B61A1
:1022B0003B6918461837BD4680BD80B485B000AF75
:1022C00078607B68002B35D00023FB607B681B683F
:1022D0005B78DB0403F40023FB607B681B681B7ADC
:1022E000DB0203F40063FA681343FB607B681B683E
:1022F0001B7CDB0003F00803FA681343FB60104A01
:10230000FB6813607B681B681B78DB039BB2FB6078
:102310007B681B791B0203F48073FA681343FB602C
:102320007B685B79DB01DBB2FA681343FB60054A2B
:10233000FB68136000BF1437BD465DF8047B70472F
:1023400008E007400CE0074080B483B000AFEFF333
:1023500010837B607B6818460C37BD465DF8047BB4
:10236000704780B500AF0E4B1B68002B11D1FFF7F3
:10237000EBFF03460B4A13600A4B1B6803F0010393
:10238000002B01D1012300E00023002B01D072B605
:1023900000BF034B1B680133014A136000BF80BDBF
:1023A0001086FF1F0C86FF1F80B400AF0D4B1B680B
:1023B000013B0C4A13600C4B1B6803F00103002B1C
:1023C00001D1012300E00023002B05D0054B1B6841
:1023D000002B01D162B600BF00BFBD465DF8047B93
:1023E000704700BF1086FF1F0C86FF1F80B483B0AC
:1023F00000AFEFF310837B607B6818460C37BD4657
:102400005DF8047B704780B500AF0E4B1B68002B56
:1024100011D1FFF7EBFF03460B4A13600A4B1B6811
:1024200003F00103002B01D1012300E00023002B66
:1024300001D072B600BF034B1B680133014A136021
:1024400000BF80BD1886FF1F1486FF1F80B400AF39
:102450000D4B1B68013B0C4A13600C4B1B6803F0CF
:102460000103002B01D1012300E00023002B05D044
:10247000054B1B68002B01D162B600BF00BFBD46F3
:102480005DF8047B704700BF1886FF1F1486FF1F8E
:1024900080B500AF0E4B1B68002B11D1FFF7A6FFD4
:1024A00003460C4A13600B4B1B6803F00103002B1F
:1024B00001D1012300E00023002B01D072B600BF40
:1024C000034B1B680133024A136000BF80BD00BF8D
:1024D0002086FF1F1C86FF1F80B400AF0D4B1B68BA
:1024E000013B0C4A13600C4B1B6803F00103002BEB
:1024F00001D1012300E00023002B05D0054B1B6810
:10250000002B01D162B600BF00BFBD465DF8047B61
:10251000704700BF2086FF1F1C86FF1F80B500AFDD
:102520000E4B1B68002B11D1FFF760FF03460C4ACE
:1025300013600B4B1B6803F00103002B01D1012337
:1025400000E00023002B01D072B600BF034B1B68D4
:102550000133024A136000BF80BD00BF2886FF1F01
:102560002486FF1F80B400AF0D4B1B68013B0C4A53
:1025700013600C4B1B6803F00103002B01D10123F6
:1025800000E00023002B05D0054B1B68002B01D178
:1025900062B600BF00BFBD465DF8047B704700BF58
:1025A0002886FF1F2486FF1F80B500AF0E4B1B68D7
:1025B000002B11D1FFF71AFF03460C4A13600B4B97
:1025C0001B6803F00103002B01D1012300E000236D
:1025D000002B01D072B600BF034B1B680133024AC7
:1025E000136000BF80BD00BF3086FF1F2C86FF1F19
:1025F00080B400AF0D4B1B68013B0C4A13600C4BC1
:102600001B6803F00103002B01D1012300E000232C
:10261000002B05D0054B1B68002B01D162B600BF13
:1026200000BFBD465DF8047B704700BF3086FF1FCA
:102630002C86FF1F80B500AF0E4B1B68002B11D1FD
:10264000FFF7D4FE03460C4A13600B4B1B6803F0E4
:102650000103002B01D1012300E00023002B01D056
:1026600072B600BF034B1B680133024A136000BF00
:1026700080BD00BF3886FF1F3486FF1F80B400AFC7
:102680000D4B1B68013B0C4A13600C4B1B6803F09D
:102690000103002B01D1012300E00023002B05D012
:1026A000054B1B68002B01D162B600BF00BFBD46C1
:1026B0005DF8047B704700BF3886FF1F3486FF1F1C
:1026C00080B500AF0E4B1B68002B11D1FFF78EFEBB
:1026D00003460C4A13600B4B1B6803F00103002BED
:1026E00001D1012300E00023002B01D072B600BF0E
:1026F000034B1B680133024A136000BF80BD00BF5B
:102700004086FF1F3C86FF1F80B400AF0D4B1B6847
:10271000013B0C4A13600C4B1B6803F00103002BB8
:1027200001D1012300E00023002B05D0054B1B68DD
:10273000002B01D162B600BF00BFBD465DF8047B2F
:10274000704700BF4086FF1F3C86FF1F80B500AF6B
:102750000E4B1B68002B11D1FFF748FE03460C4AB5
:1027600013600B4B1B6803F00103002B01D1012305
:1027700000E00023002B01D072B600BF034B1B68A2
:102780000133024A136000BF80BD00BF4886FF1FAF
:102790004486FF1F80B400AF0D4B1B68013B0C4A01
:1027A00013600C4B1B6803F00103002B01D10123C4
:1027B00000E00023002B05D0054B1B68002B01D146
:1027C00062B600BF00BFBD465DF8047B704700BF26
:1027D0004886FF1F4486FF1F80B483B000AFEFF32D
:1027E00010837B607B6818460C37BD465DF8047B20
:1027F000704780B500AF0E4B1B68002B11D1FFF75F
:10280000EBFF03460B4A13600A4B1B6803F00103FE
:10281000002B01D1012300E00023002B01D072B670
:1028200000BF034B1B680133014A136000BF80BD2A
:102830005086FF1F4C86FF1F80B400AF0D4B1B68F6
:10284000013B0C4A13600C4B1B6803F00103002B87
:1028500001D1012300E00023002B05D0054B1B68AC
:10286000002B01D162B600BF00BFBD465DF8047BFE
:10287000704700BF5086FF1F4C86FF1F80B483B097
:1028800000AFEFF310837B607B6818460C37BD46C2
:102890005DF8047B704780B500AF0E4B1B68002BC2
:1028A00011D1FFF7EBFF03460B4A13600A4B1B687D
:1028B00003F00103002B01D1012300E00023002BD2
:1028C00001D072B600BF034B1B680133014A13608D
:1028D00000BF80BD5886FF1F5486FF1F80B400AF25
:1028E0000D4B1B68013B0C4A13600C4B1B6803F03B
:1028F0000103002B01D1012300E00023002B05D0B0
:10290000054B1B68002B01D162B600BF00BFBD465E
:102910005DF8047B704700BF5886FF1F5486FF1F79
:1029200080B500AF0E4B1B68002B11D1FFF7A6FF3F
:1029300003460C4A13600B4B1B6803F00103002B8A
:1029400001D1012300E00023002B01D072B600BFAB
:10295000034B1B680133024A136000BF80BD00BFF8
:102960006086FF1F5C86FF1F80B400AF0D4B1B68A5
:10297000013B0C4A13600C4B1B6803F00103002B56
:1029800001D1012300E00023002B05D0054B1B687B
:10299000002B01D162B600BF00BFBD465DF8047BCD
:1029A000704700BF6086FF1F5C86FF1F80B500AFC9
:1029B0000E4B1B68002B11D1FFF760FF03460C4A3A
:1029C00013600B4B1B6803F00103002B01D10123A3
:1029D00000E00023002B01D072B600BF034B1B6840
:1029E0000133024A136000BF80BD00BF6886FF1F2D
:1029F0006486FF1F80B400AF0D4B1B68013B0C4A7F
:102A000013600C4B1B6803F00103002B01D1012361
:102A100000E00023002B05D0054B1B68002B01D1E3
:102A200062B600BF00BFBD465DF8047B704700BFC3
:102A30006886FF1F6486FF1F80B500AF0E4B1B68C2
:102A4000002B11D1FFF71AFF03460C4A13600B4B02
:102A50001B6803F00103002B01D1012300E00023D8
:102A6000002B01D072B600BF034B1B680133024A32
:102A7000136000BF80BD00BF7086FF1F6C86FF1F04
:102A800080B400AF0D4B1B68013B0C4A13600C4B2C
:102A90001B6803F00103002B01D1012300E0002398
:102AA000002B05D0054B1B68002B01D162B600BF7F
:102AB00000BFBD465DF8047B704700BF7086FF1FF6
:102AC0006C86FF1F80B500AF0E4B1B68002B11D129
:102AD000FFF7D4FE03460C4A13600B4B1B6803F050
:102AE0000103002B01D1012300E00023002B01D0C2
:102AF00072B600BF034B1B680133024A136000BF6C
:102B000080BD00BF7886FF1F7486FF1F80B400AFB2
:102B10000D4B1B68013B0C4A13600C4B1B6803F008
:102B20000103002B01D1012300E00023002B05D07D
:102B3000054B1B68002B01D162B600BF00BFBD462C
:102B40005DF8047B704700BF7886FF1F7486FF1F07
:102B500080B500AF0E4B1B68002B11D1FFF78EFE26
:102B600003460C4A13600B4B1B6803F00103002B58
:102B700001D1012300E00023002B01D072B600BF79
:102B8000034B1B680133024A136000BF80BD00BFC6
:102B90008086FF1F7C86FF1F80B400AF0D4B1B6833
:102BA000013B0C4A13600C4B1B6803F00103002B24
:102BB00001D1012300E00023002B05D0054B1B6849
:102BC000002B01D162B600BF00BFBD465DF8047B9B
:102BD000704700BF8086FF1F7C86FF1F80B500AF57
:102BE0000E4B1B68002B11D1FFF748FE03460C4A21
:102BF00013600B4B1B6803F00103002B01D1012371
:102C000000E00023002B01D072B600BF034B1B680D
:102C10000133024A136000BF80BD00BF8886FF1FDA
:102C20008486FF1F80B400AF0D4B1B68013B0C4A2C
:102C300013600C4B1B6803F00103002B01D101232F
:102C400000E00023002B05D0054B1B68002B01D1B1
:102C500062B600BF00BFBD465DF8047B704700BF91
:102C60008886FF1F8486FF1F80B500AF0E4B1B6850
:102C7000002B11D1FFF702FE03460C4A13600B4BE9
:102C80001B6803F00103002B01D1012300E00023A6
:102C9000002B01D072B600BF034B1B680133024A00
:102CA000136000BF80BD00BF9086FF1F8C86FF1F92
:102CB00080B400AF0D4B1B68013B0C4A13600C4BFA
:102CC0001B6803F00103002B01D1012300E0002366
:102CD000002B05D0054B1B68002B01D162B600BF4D
:102CE00000BFBD465DF8047B704700BF9086FF1FA4
:102CF0008C86FF1F80B500AF0E4B1B68002B11D1D7
:102D0000FFF7BCFD03460C4A13600B4B1B6803F036
:102D10000103002B01D1012300E00023002B01D08F
:102D200072B600BF034B1B680133024A136000BF39
:102D300080BD00BF9886FF1F9486FF1F80B400AF40
:102D40000D4B1B68013B0C4A13600C4B1B6803F0D6
:102D50000103002B01D1012300E00023002B05D04B
:102D6000054B1B68002B01D162B600BF00BFBD46FA
:102D70005DF8047B704700BF9886FF1F9486FF1F95
:102D800080B500AF0E4B1B68002B11D1FFF776FD0D
:102D900003460C4A13600B4B1B6803F00103002B26
:102DA00001D1012300E00023002B01D072B600BF47
:102DB000034B1B680133024A136000BF80BD00BF94
:102DC000A086FF1F9C86FF1F80B400AF0D4B1B68C1
:102DD000013B0C4A13600C4B1B6803F00103002BF2
:102DE00001D1012300E00023002B05D0054B1B6817
:102DF000002B01D162B600BF00BFBD465DF8047B69
:102E0000704700BFA086FF1F9C86FF1F80B500AFE4
:102E10000E4B1B68002B11D1FFF730FD03460C4A07
:102E200013600B4B1B6803F00103002B01D101233E
:102E300000E00023002B01D072B600BF034B1B68DB
:102E40000133024A136000BF80BD00BFA886FF1F88
:102E5000A486FF1F80B400AF0D4B1B68013B0C4ADA
:102E600013600C4B1B6803F00103002B01D10123FD
:102E700000E00023002B05D0054B1B68002B01D17F
:102E800062B600BF00BFBD465DF8047B704700BF5F
:102E9000A886FF1FA486FF1F80B483B000AFEFF3A6
:102EA00010837B607B6818460C37BD465DF8047B59
:102EB000704780B500AF0E4B1B68002B11D1FFF798
:102EC000EBFF03460B4A13600A4B1B6803F0010338
:102ED000002B01D1012300E00023002B01D072B6AA
:102EE00000BF034B1B680133014A136000BF80BD64
:102EF000B086FF1FAC86FF1F80B400AF0D4B1B6870
:102F0000013B0C4A13600C4B1B6803F00103002BC0
:102F100001D1012300E00023002B05D0054B1B68E5
:102F2000002B01D162B600BF00BFBD465DF8047B37
:102F3000704700BFB086FF1FAC86FF1F80B500AF93
:102F40000E4B1B68002B11D1FFF7A6FF03460C4A5E
:102F500013600B4B1B6803F00103002B01D101230D
:102F600000E00023002B01D072B600BF034B1B68AA
:102F70000133024A136000BF80BD00BFB886FF1F47
:102F8000B486FF1F80B400AF0D4B1B68013B0C4A99
:102F900013600C4B1B6803F00103002B01D10123CC
:102FA00000E00023002B05D0054B1B68002B01D14E
:102FB00062B600BF00BFBD465DF8047B704700BF2E
:102FC000B886FF1FB486FF1F80B500AF0E4B1B688D
:102FD000002B11D1FFF760FF03460C4A13600B4B27
:102FE0001B6803F00103002B01D1012300E0002343
:102FF000002B01D072B600BF034B1B680133024A9D
:10300000136000BF80BD00BFC086FF1FBC86FF1FCE
:1030100080B400AF0D4B1B68013B0C4A13600C4B96
:103020001B6803F00103002B01D1012300E0002302
:10303000002B05D0054B1B68002B01D162B600BFE9
:1030400000BFBD465DF8047B704700BFC086FF1F10
:10305000BC86FF1F80B483B000AFEFF310837B60AA
:103060007B6818460C37BD465DF8047B704780B519
:1030700000AF0E4B1B68002B11D1FFF7EBFF03468F
:103080000B4A13600A4B1B6803F00103002B01D1AC
:10309000012300E00023002B01D072B600BF034BD8
:1030A0001B680133014A136000BF80BDC886FF1F43
:1030B000C486FF1F80B400AF0D4B1B68013B0C4A58
:1030C00013600C4B1B6803F00103002B01D101239B
:1030D00000E00023002B05D0054B1B68002B01D11D
:1030E00062B600BF00BFBD465DF8047B704700BFFD
:1030F000C886FF1FC486FF1F80B500AF002000F008
:10310000BDFE00BF80BD000080B485B000AF786018
:103110000B46FB707B681B69FB60FB6823F47063E4
:10312000FB60FB781B0203F47063FA681343FB60D7
:103130007B68FA681A6100BF1437BD465DF8047BEE
:10314000704780B485B000AF78600B46FB707B6839
:103150001B69FB60FB6823F0FF03FB60FB78FA68E8
:103160001343FB607B68FA681A6100BF1437BD46E1
:103170005DF8047B704780B485B000AF78600B4683
:10318000FB707B685B69FB60FB6823F0FF03FB60FF
:10319000FB78FA681343FB607B68FA685A6100BFEA
:1031A0001437BD465DF8047B704780B483B000AF30
:1031B00078600B46FB7013463B80FB78072B07D8E3
:1031C000FB783A88D1B27A6813440A4683F82C20F7
:1031D00000BF0C37BD465DF8047B704780B483B0F8
:1031E00000AF78607B689B6843F008027B689A6058
:1031F00000BF0C37BD465DF8047B704780B483B0D8
:1032000000AF78607B689B68DB08DBB203F00103EA
:10321000DBB218460C37BD465DF8047B704780B4BE
:1032200083B000AF78607B689B6843F004027B68E2
:103230009A6000BF0C37BD465DF8047B704780B4D0
:1032400083B000AF78607B689B689B08DBB203F0BB
:103250000103DBB218460C37BD465DF8047B7047AE
:1032600080B483B000AF78607B6800225A6000BFF2
:103270000C37BD465DF8047B704780B485B000AF65
:1032800078600B46FB707B68DB68FB60FB6823F4AF
:103290000063FB60FB78DB0203F40063FA6813430E
:1032A000FB607B68FA68DA6000BF1437BD465DF8E2
:1032B000047B704780B483B000AF78607B689B6804
:1032C00043F002027B689A6000BF0C37BD465DF890
:1032D000047B704780B483B000AF78607B689B68E4
:1032E0005B08DBB203F00103DBB218460C37BD46C6
:1032F0005DF8047B704780B485B000AF78600B4602
:10330000FB707B689B68FB60FB78012B04D1FB683A
:1033100043F01003FB6003E0FB6823F01003FB6045
:103320007B68FA689A6000BF1437BD465DF8047B7D
:10333000704780B483B000AF78607B689B6843F0CF
:1033400001027B689A6000BF0C37BD465DF8047BC4
:10335000704780B483B000AF78607B689B68DBB255
:1033600003F00103DBB218460C37BD465DF8047B61
:10337000704780B485B000AF78607B681B68BB6025
:103380000023FB73BB68DB0803F00103BB60BB6871
:10339000002B01D00123FB73FB7B18461437BD467D
:1033A0005DF8047B704780B485B000AF78607B68BF
:1033B0001B68BB600023FB73BB689B0903F0010320
:1033C000BB60BB68002B01D00123FB73FB7B18465D
:1033D0001437BD465DF8047B704780B483B000AFFE
:1033E00078607B6808221A6000BF0C37BD465DF824
:1033F000047B704780B483B000AF78607B68DB6C7F
:103400009BB218460C37BD465DF8047B704780B40C
:1034100083B000AF786039607B683A68DA6000BFDB
:103420000C37BD465DF8047B704780B483B000AFB5
:1034300078607B684FF0FF321A6000BF0C37BD46E2
:103440005DF8047B704780B483B000AF786039606A
:103450007B683A685A6000BF0C37BD465DF8047B54
:10346000704780B485B000AF78607B6800229A60B6
:103470007B684FF0FF321A607B6800225A607B68DD
:10348000124ADA607B684FF428721A617B68022264
:103490005A617B6800229A617B680D4ADA610023D9
:1034A000FB7308E0FB7B7A681344002283F82C202E
:1034B000FB7B0133FB73FB7B072BF3D900BF00BF02
:1034C0001437BD465DF8047B704700BF100000074D
:1034D0000000FF0F2DE9B00F8FB000AF03460A4682
:1034E000FB851346BB85002387F837307F4B1B686D
:1034F0009968FA8D13465B0013449B000B445B688C
:1035000093F82030062B00F2DA8001A252F823F063
:103510002D35000065350000CD350000BF360000B8
:10352000033600003936000091360000BB8D0022C2
:103530003B627A626D4B1B689968FA8D13465B009B
:1035400013449B000B445B68D3E90623D7E9084585
:1035500021468A4229468B41C0F0B580012387F875
:103560003730B0E0BB8D0022BB61FA615F4B1B6856
:103570009968FA8D13465B0013449B000B445B680B
:10358000D3E90623D7E9064521468A4229468B41DD
:1035900080F09B80BB8D00223B617A61534B1B689E
:1035A0009968FA8D13465B0013449B000B445B68DB
:1035B000D3E90223D7E9044521468A4229468B41B3
:1035C000C0F08380012387F837307EE0BB8D002276
:1035D000BB60FA60454B1B689968FA8D13465B0027
:1035E00013449B000B445B68D3E90223D7E90245EF
:1035F00021468A4229468B4169D2012387F8373018
:1036000065E0BB8D00223B607A60384B1B6899688F
:10361000FA8D13465B0013449B000B445B68D3E9AF
:103620000623D7E9004521468A4229468B4150D2DC
:10363000012387F837304CE0BB8D00229A46934631
:103640002A4B1B689968FA8D13465B0013449B0054
:103650000B445B68D3E90623524573EB0B0313D28B
:10366000BB8D002298469146204B1B689968FA8DC5
:1036700013465B0013449B000B445B68D3E90223B1
:10368000424573EB090326D2012387F8373022E045
:10369000BB8D00221C461546144B1B689968FA8D99
:1036A00013465B0013449B000B445B68D3E9022381
:1036B000A242AB4111D3012387F837300DE001233B
:1036C00087F837300AE000BF08E000BF06E000BF1F
:1036D00004E000BF02E000BF00E000BF97F8373011
:1036E00018463C37BD46BDE8B00F70476887FF1FDE
:1036F00080B584B000AF03463960FB713B68FB6066
:103700000A4B1846FFF7D6FD02E0FB68013BFB6061
:10371000064B1846FFF7DEFD0346012B02D1FB687E
:10372000002BF2D100BF1037BD4680BD0000044021
:1037300080B584B000AF03463960FB713B68FB6025
:103740000A4B1846FFF7F5FD02E0FB68013BFB6002
:10375000064B1846FFF7FDFD0346002B02D1FB6820
:10376000002BF2D100BF1037BD4680BD00000440E1
:1037700080B582B000AF0346FB71044B1846FFF7DB
:1037800054FE00BF0837BD4680BD00BF00000440A6
:1037900080B584B000AF0346FB714FF6FF73FB8129
:1037A0000023BB81FB790C4ADB0013445B88FB815F
:1037B000FB89184600F044FA0346BB81BA89FB79BD
:1037C0001146184600F076F9FB79184600F0A8F883
:1037D00000BF1037BD4680BD8485FF1F80B584B013
:1037E00000AF0346FB710C4BFB6006E00B4B184629
:1037F000FFF700FEFB68013BFB60084B1846FFF734
:10380000D2FD0346012B02D0FB68002BEED100BF96
:103810001037BD4680BD00BFA086010000000440F7
:1038200080B584B000AF0346FB714FF6FF73FB8198
:10383000FB790B4A32F833309BB2002B0AD0FB796C
:10384000074ADB0013445B889BB2184600F0F8F986
:103850000346FB81FB8918461037BD4680BD00BF7B
:103860008485FF1F80B582B000AF0346FB71054A17
:10387000FB7919461046FFF73EFD00BF0837BD46ED
:1038800080BD00BF0000044080B582B000AF034699
:10389000FB71FB7903491846FFF74AFF00BF083761
:1038A000BD4680BDA086010080B584B000AF7860C1
:1038B000084BFB607B689B781946F868FFF724FC8F
:1038C0007B68DB781946F868FFF73BFC00BF1037D0
:1038D000BD4680BD0000044080B584B000AF034603
:1038E000FB710023FB600C4BFB600C4B1846FFF791
:1038F00075FC02E0FB68013BFB60084B1846FFF7D4
:103900007DFC0346012B02D1FB68002BF2D100BFE6
:103910001037BD4680BD00BFA086010000000440F6
:1039200080B582B000AF0346FB71094B1846FFF724
:1039300086FC0346002B07D1FB791846FFF74EFFA4
:10394000034B1846FFF76BFC00BF0837BD4680BD30
:103950000000044080B582B000AF0346FB71064B07
:103960001846FFF77DFC044B00211846FFF785FC45
:1039700000BF0837BD4680BD0000044080B582B05E
:1039800000AF0346FB71FB791846FFF7A5FFFB79F3
:103990001846FFF723FFFB7905491846FFF7A8FEF5
:1039A000044B1846FFF75DFD00BF0837BD4680BDDC
:1039B000A08601000000044080B584B000AF03463B
:1039C000FB710023FB73054B1846FFF7D2FC03463F
:1039D000FB73FB7B18461037BD4680BD00000440DA
:1039E00080B582B000AF0346FB71044B1846FFF769
:1039F000F4FC00BF0837BD4680BD00BF0000044096
:103A000080B586B000AFBA601A460346FB730B461A
:103A1000BB811346FB800023BB820123FB75234B34
:103A20001846FFF7E7FC0023BB7535E01F4B18462F
:103A3000FFF7E0FC0346BB821D4B1B689968BA89FF
:103A400013465B0013449B000B445B681B7C012BFB
:103A500019D1174B1B689968BA8913465B00134448
:103A60009B000B445B6893F82030032B0BD0BA8A81
:103A7000BB8911461846FFF72DFD0346002B02D1E6
:103A80000023FB7505E0BB7D5B00BA681344BA8A6E
:103A90001A80BB7D0133BB75BB7D9BB2FA889A420D
:103AA000C4D8FB7D18461837BD4680BD00000440D1
:103AB0006887FF1F80B586B000AF03460A46FB71DA
:103AC0001346BB805B4BFB600023FB7200237B61D2
:103AD000FB791846FFF700FF574B1B689968BA88B7
:103AE00013465B0013449B000B445B6893F827303C
:103AF0001946F868FFF73FFB4F4B1B689968BA8877
:103B000013465B0013449B000B449B68DB681B79E6
:103B10000133FB72484B1B689968BA8813465B00F7
:103B200013449B000B449B68DA68BB881179434AB5
:103B30001B0113440C330A461A703F4B1B689968EB
:103B4000BA8813465B0013449B000B445B6893F8F0
:103B500026301B0203F44072FB7A013B1B0603F084
:103B6000E06313437B61344B1B689968BA88134642
:103B70005B0013449B000B449B68DB78DB0203F47F
:103B800000637A6913437B617969F868FFF73FFC4A
:103B9000294B1B689968BA8813465B0013449B0045
:103BA0000B449B68DB681B681B789BB21A4600219C
:103BB000F868FFF7FAFA0123FB7418E01E4B1B6844
:103BC0009968BA8813465B0013449B000B449B68BA
:103BD000DB681A68FB7C013B13441B789AB2FB7CC0
:103BE0001946F868FFF7E1FAFB7C0133FB74FA7CB5
:103BF000FB7A9A42E2D3F868FFF717FC00237B6157
:103C00000D4B1B689968BA8813465B0013449B00F0
:103C10000B449B681B7C012B03D17B6943F0080399
:103C20007B617969F868FFF70EFC00BF1837BD4665
:103C300080BD00BF000004406887FF1F2485FF1F70
:103C400080B485B000AF0346FB800023FB810023D6
:103C50007B7312E0144B1B6899687A7B13465B00F8
:103C600013449B000B441B88FA889A4202D17B7B49
:103C7000FB8108E07B7B01337B730B4B1B685B781C
:103C80007A7B9A42E6D3084B1B685B787A7B9A4230
:103C900003D3054B1B685B78FB81FB8918461437FF
:103CA000BD465DF8047B70476887FF1F80B483B012
:103CB00000AF0346FB80FB88324A1B0113441B788C
:103CC000032B44D0032B55DC002B05D0002B51DBFC
:103CD000013B012B4ED807E0FB882A4A1B01134405
:103CE0000A3300221A7046E0FB88264A1B0113445F
:103CF0000A331978244B1B689868FA8813465B00CE
:103D000013449B0003449B685B7A994218D3FB8859
:103D10001C4A1B01134403221A701B4B1B68996831
:103D2000FA8813465B0013449B000B449A68FB8897
:103D3000517A144A1B0113440A330A461A701AE0D6
:103D4000FB88104A1B01134402221A7013E00E4B29
:103D50001B689968FA8813465B0013449B000B4468
:103D60009A68FB88517A074A1B0113440A330A46B2
:103D70001A7000E000BF00BF0C37BD465DF8047B41
:103D8000704700BF2485FF1F6887FF1F90B585B06F
:103D900000AF03460A46FB711346BB800123FB7349
:103DA000BB88334A1B0113441B78032B5BD1FEF7FE
:103DB00087FC304B1B689968BA8813465B00134434
:103DC0009B000B449B68DB78002B4AD1FB792A4A85
:103DD00032F833309BB2012B3CD9FB79264A32F8BA
:103DE00033309AB2FB79013A91B2234A22F8331068
:103DF0000023BB7315E0F879BB7B0133F979BA7BFB
:103E00001D4C800003445B0023445B889CB21A482D
:103E10008B0013445B00034422465A80BB7B013372
:103E2000BB73BB7B9AB2FB79134931F833309BB239
:103E30009A42E0D3FB79FA790F4931F8322092B2F5
:103E400011460D4A9B000B445B0013444FF6FF7272
:103E50005A8004E0FB79084A002122F8331000233D
:103E6000FB73FEF751FCFB7B18461437BD4690BD33
:103E70002485FF1F6887FF1F8485FF1FB0B586B0AC
:103E800002AF0346FB710023FB81FB791846FFF765
:103E9000C7FC0346FB81FB791846FFF78DFD0346FF
:103EA000012B40F0FB80FB894FF6FF72934200F03C
:103EB000F580FB791846FFF793FD7D4B1B689968E9
:103EC000FA8913465B0013449B000B449B68DB6834
:103ED0001B797B73FB89774A1B0113440A331B78D8
:103EE0007A7B12FB03F3DAB2FB8972491B010B44A4
:103EF0000B331B7813443B730123FB72FB896D4A20
:103F00001B01134404331A683B7B5B00D418FB8904
:103F1000684A1B0113440C331B789DB2644B1B6829
:103F20009968FA8913465B0013449B000B445B6855
:103F300093F82630F989F87900932B462246FFF74B
:103F40005FFD0346FB72FB7A002B23D1FB89594AA4
:103F50001B0113440B331B781946FB89554A1B017F
:103F600013440C331B781944514B1B689868FA8929
:103F700013465B0013449B0003449B68DB681B797A
:103F800099424ADBFB894B4A1B0113440C33002244
:103F90001A7042E0FB89474A1B0113440B3319781E
:103FA000FB89444A1B0113440C331A78FB890A44E9
:103FB000D1B2404A1B0113440B330A461A70FB89E5
:103FC0003C4A1B0113440B331978394B1B68986822
:103FD000FA8913465B0013449B0003449B68DB682B
:103FE0001B79994219D3FB89324A1B0113440A33C6
:103FF0001A78FB890132D1B22E4A1B0113440A33CD
:104000000A461A70FB892B4A1B0113440B3300220A
:104010001A70FB891846FFF749FEFB89254A1B01E8
:1040200013440C3300221A70FA89FB7911461846A2
:10403000FFF7ACFEFB891F4A1B0113440D331B78AD
:10404000012B1AD1FB891B4A1B0113441B78012B3E
:1040500013D0FB89174A1B0113440B331B78002B29
:104060000BD1134B1B689968FA8913465B00134404
:104070009B000B449B685B689847FB790E4A32F8BB
:1040800033309BB2002B04D0FB791846FFF780FB3E
:1040900009E0FB791846FFF71FFC04E0FB7918469E
:1040A000FFF766FB00BF00BF1037BD46B0BD00BFC5
:1040B0006887FF1F2485FF1F8485FF1F80B483B09E
:1040C00000AF03463960FB71FB7903F5800303F50C
:1040D00088731B0204331A463B68136000BF0C3719
:1040E000BD465DF8047B704780B483B000AF0346E3
:1040F0003960FB71FB7903F5800303F588731B02BC
:1041000008331A463B68136000BF0C37BD465DF8A4
:10411000047B704780B483B000AF0346FB710B464D
:10412000BB7113467B717B79002B16D1FB7903F5AC
:10413000800303F588731B0208331968BB790122D9
:104140009A40FB7903F5800303F588731B0208335B
:10415000184641EA0203036015E0FB7903F580038A
:1041600003F588731B0204331968BB7901229A4056
:10417000FB7903F5800303F588731B0204331846AB
:1041800041EA0203036000BF0C37BD465DF8047BC3
:10419000704780B483B000AF03460A46FB711346F4
:1041A000BB71FB7903F5800303F588731B021033A1
:1041B0001A68BB7922FA03F3DBB203F00103DBB226
:1041C00018460C37BD465DF8047B704780B483B059
:1041D00000AF03463960FB71FB7903F5800303F5FB
:1041E00088731B021A463B68136000BF0C37BD463C
:1041F0005DF8047B704780B483B000AF0346FB7169
:10420000FB7903F5800303F588731B0210331B68E9
:1042100018460C37BD465DF8047B704780B485B006
:1042200000AF03460A46FB711346BB710023FB73C4
:10423000FB7903F5800303F588731B020C331968BF
:10424000BB7901229A40FB7903F5800303F588735B
:104250001B020C33184641EA02030360FB7903F5A5
:10426000800303F588731B021A68BB7922FA03F3F3
:10427000DBB203F00103FB73FB7B18461437BD462A
:104280005DF8047B7047000080B584B000AF034642
:10429000FB800023FB73FB881B0A9BB2BB73FB886C
:1042A0007B73BB7B042B06D91423112200217820B9
:1042B000FCF7B0FD23E07B7B1F2B06D90A231122DC
:1042C00000217820FCF7A6FD19E0BB7B0E4A52F8CE
:1042D00023207B7B22FA03F303F00103002B06D19A
:1042E0000A23112200217820FCF794FD07E07A7B55
:1042F000BB7B11461846FFF791FF0346FB73FB7B20
:1043000018461037BD4680BDF496000080B584B0D5
:1043100000AF0346FB800023FB73FB881B0A9BB2A4
:10432000BB73FB887B73BB7B042B06D91423002251
:1043300000217820FCF76EFD23E07B7B1F2B06D944
:104340000A23002200217820FCF764FD19E0BB7BE2
:104350000E4A52F823207B7B22FA03F303F0010379
:10436000002B06D10A23002200217820FCF752FD01
:1043700007E07A7BBB7B11461846FFF70AFF03462E
:10438000FB73FB7B18461037BD4680BDF4960000DA
:1043900080B584B000AF0346FB710023FB60FB795E
:1043A000042B08D91423022200217820FCF732FDC7
:1043B0000023FB6004E0FB791846FFF71CFFF86060
:1043C000FB6818461037BD4680BD80B584B000AF8D
:1043D00003460A46FB8013467B71FB881B0A9BB28F
:1043E000FB73FB88BB73FB7B042B06D914230122D0
:1043F00000217820FCF70EFD21E0BB7B1F2B06D9A6
:104400000A23012200217820FCF704FD17E0FB7B42
:104410000D4A52F82320BB7B22FA03F303F0010379
:10442000002B06D10A23012200217820FCF7F2FCA0
:1044300005E07A79B97BFB7B1846FFF76BFE00BF7E
:104440001037BD4680BD00BFF496000080B582B035
:1044500000AF03463960FB71FB79042B06D91423A6
:10446000032200217820FCF7D5FC04E0FB793968B1
:104470001846FFF7ABFE00BF0837BD4680BD80B5CC
:1044800086B000AF0346B9607A60FB7300237B619E
:10449000FB7B042B06D91423032200217820FCF790
:1044A000B9FC16E0FEF7A5F97A68BB6813407B619A
:1044B000FB7B79691846FFF701FEBB68DB437A682E
:1044C00013407B61FB7B79691846FFF70DFEFEF711
:1044D000B3F900BF1837BD4680BD00BF80B584B0BA
:1044E00000AF78600123FB73FEF7ECFA7B681B6B6F
:1044F00043F400727B681A63FEF708FB786800F0EB
:104500000AF80346002B01D10023FB73FB7B1846FE
:104510001037BD4680BD80B485B000AF7860012300
:10452000FB730023BB6002E0BB680133BB607B68A8
:104530001B6B03F40073B3F5007F03D1BB68B3F5C5
:104540007A7FF1D3BB68B3F57A7F01D20023FB7386
:10455000FB7B18461437BD465DF8047B704780B579
:1045600086B000AF0346FB712F4B1A68FB791344EA
:104570001B78FB75FB7D2D4A52F823305B781A4679
:104580002B4B53F822303B613B699B68FB603B69D6
:104590005B68BB60FB6803F02003002B0AD0BB689C
:1045A00003F02003002B05D0FB7D3969184600F08D
:1045B00061FD34E0FB6803F00403002B0AD0BB6804
:1045C00003F00403002B05D0FB7D3969184600F089
:1045D000ABFD24E0FB6803F00203002B0AD0BB68AC
:1045E00003F00203002B05D0FB7D3969184600F06B
:1045F00007FE14E0FB6803F00103002B0AD0BB6840
:1046000003F00103002B05D0FB7D3969184600F04B
:1046100029FE04E03B699A683B699A6000BF00BFCD
:104620001837BD4680BD00BFA085FF1F9C85FF1FBA
:104630008C97000080B588B000AF0346FB71002363
:10464000FB770023BB7700237B7700233B77002396
:10465000FB760023BB7600237B7600233B769D4BC5
:104660001A68FB7913441B78BB75BB7D9A4A52F8D4
:1046700023305B781A46994B53F822303B613B69F3
:10468000DB68FB603B695B68BB60BB6803F00403ED
:10469000002B2CD0FB6803F40063002B09D001230E
:1046A000BB77BB7D8E4A0321D1543B694FF4006236
:1046B000DA60FB6803F48063002B09D00123BB7729
:1046C000BB7D874A0421D1543B694FF48062DA6094
:1046D000FB6803F40073002B09D00123BB77BB7D7B
:1046E0007F4A0521D1543B694FF40072DA60FB68C0
:1046F00003F48053002B0ED0BB6803F48053002BCF
:1047000009D001233B77BB7D754A0221D1543B6917
:104710004FF48052DA60FB6803F48073002B10D0F2
:10472000BB6803F48073002B0BD001237B77BB7D28
:104730006B4A0721D1543B694FF48072DA60012340
:10474000FB77FB6803F40053002B20D0BB6803F415
:104750000053002B1BD00123FB76BB7D3A69926886
:10476000604941F82320FEF7C5FA3B691B6B43F40F
:1047700000723B691A63FEF7E1FABB7D584A0121DA
:10478000D1543B694FF40052DA600123FB77FB6898
:1047900003F48043002B16D0BB6803F48043002B46
:1047A00011D00123BB76BB7D4D4A0A21D154BB7D7C
:1047B0003A6992684B4941F823203B694FF48042A3
:1047C000DA600123FB77FB6803F08003002B0FD036
:1047D000BB6803F08003002B0AD001237B76BB7DEE
:1047E0003F4A0821D1543B698022DA600123FB77DC
:1047F000BB7D3D4AD35C032B03D1BB7D184600F043
:1048000095F8FB7F012B12D13B694FF440729A60FF
:104810000023FB7508E0FB7D3A691344002283F80E
:104820003820FB7D0133FB75FB7D072BF3D93B69FA
:10483000DA683B69DA60BB7D2C4AD35C002B45D13A
:10484000BB7F012B06D1BB7D01211846FCF76AFB1B
:1048500001233B767B7F012B06D1BB7D02211846CD
:10486000FCF760FB01233B763B7F012B06D1BB7D30
:1048700003211846FCF756FB01233B76FB7E012BF8
:1048800006D1BB7D04211846FCF74CFB01233B7687
:10489000BB7E012B06D1BB7D05211846FCF742FBF0
:1048A00001233B767B7E012B06D1BB7D052118467B
:1048B000FCF738FB01233B763B7E012B06D13B699D
:1048C00003229A60BB7D0A4A0721D15400BF2037DA
:1048D000BD4680BDA085FF1F9C85FF1F8C970000F3
:1048E000AA85FF1FA485FF1FA985FF1FAC85FF1F99
:1048F000AB85FF1F80B500AF0120FFF730FE012020
:10490000FFF798FE00BF80BD80B582B000AF786031
:10491000FEF764F97B681B6B43F400627B681A63E3
:10492000FEF780F900BF0837BD4680BD80B584B072
:1049300000AF0346FB71FB791B4A52F823305B78CA
:104940001A461A4B53F82230FB60FEF75FFAFB68F9
:104950004FF400729A60FB681B6843F00202FB6828
:104960001A60FB6820229A60FB685B6843F02002B3
:10497000FB685A60FB790E4A0421D154FB790D4A39
:104980000021D154FB790C4A0421D154FB790B4A04
:104990000021D154FEF75EFAFB79094A0421D15473
:1049A00000BF1037BD4680BD9C85FF1F8C9700005F
:1049B000A985FF1FAA85FF1FAB85FF1FA885FF1FC5
:1049C0009585FF1F80B487B000AF78600F4A7B6881
:1049D000B2FBF3F33B614FF47A623B69B2FBF3F352
:1049E0003B613B69FB73FB7B002B05D0FB7BFF220C
:1049F00002FA03F3FB7501E0FF23FB75FB7D18460C
:104A00001C37BD465DF8047B704700BF8096980058
:104A100080B584B000AF0346FB71FB790B4A52F8B6
:104A200023305B781A460A4B53F82230FB60FDF7BF
:104A300032FFFB681B6823F00202FB681A60FDF777
:104A40004DFF00BF1037BD4680BD00BF9C85FF1FD6
:104A50008C97000080B584B000AF0346FB71FB79F2
:104A60000C4A52F823305B781A460B4B53F822302D
:104A7000FB60FDF755FFFB6820229A60FB685B68CE
:104A800023F02002FB685A60FDF76EFF00BF10376D
:104A9000BD4680BD9C85FF1F8C97000080B483B00D
:104AA00000AF0346FB71FB79044A0721D15400BFD4
:104AB0000C37BD465DF8047B704700BFAB85FF1F18
:104AC00080B483B000AF7860044A7B68136000BF95
:104AD0000C37BD465DF8047B704700BFA085FF1F03
:104AE00090B589B000AF03463960FB713B685968E7
:104AF000FA791346DB009B1A9B001A46FB790A449D
:104B00007A4941F82320FB79784A52F823305B78C0
:104B10001A46774B53F82230BB613B685968FA79E3
:104B20001346DB009B1A9B001A46FB790A446F4927
:104B300041F82320FB796F4A002142F82310FB79CA
:104B40006A4A52F823301B7AFB75FB79674A52F8A0
:104B50002320FB799178684AD154FB79634A52F853
:104B600023305B7ABB75BB6901221A60FB795F4A0F
:104B700052F823305B8AFC791846FFF723FF03467F
:104B80001A465E4B1A55FDF7E3FFBB691A68FB79BD
:104B90005949CB5C1B0103F01001BB7DDB0003F026
:104BA00008031943FB7D1B0203F470630B4313439B
:104BB00043F08002BB691A60FDF7EEFFBB694FF45A
:104BC00060421A63FB79494A52F823305B8A3B61A1
:104BD000FB79464A52F82330DA683B69B2FBF3F3BB
:104BE0003B613B691B09FB603B6903F00F03BB6042
:104BF000BB69FA689A62BB69BA685A62BB694FF4CA
:104C0000E0629A61BB694FF6FF721A62BB694FF4AA
:104C100040729A61FB79354A52F823301B7C1B02A3
:104C200003F47063FA79314951F82220527C1A4317
:104C3000BB691A62BB6900221A64FB792E4AD35CF5
:104C4000002B2ED1FB79294A52F823301B7D012BF2
:104C500027D1FB79254A52F823305B7D1A46284B31
:104C600053F82220BB691A640023FB7711E0FB791B
:104C70001E4A52F823309A69FB7F13441A78FB7F4F
:104C80001146BA6912339B0013445960FB7F01330C
:104C9000FB77FB79154A52F823305B7DFA7F9A4205
:104CA000E5D3BB699A68BB699A60FDF77FFEBB6973
:104CB0001B6823F00102BB691A60FDF79BFEBB690C
:104CC00047F686125A60FB790B4AD35C002B05D15C
:104CD000BB695B6843F00102BB695A60FB79184607
:104CE000FFF724FE00BF2437BD4690BD9C85FF1F03
:104CF0008C970000A485FF1FAC85FF1FAD85FF1FAB
:104D00004897000080B584B000AF0346FB710123D3
:104D1000FB73FB791C4A52F823305B781A461B4B15
:104D200053F82230BB60B868FFF7D8FB0346002B6E
:104D300021D1BB684FF400729A60BB6841F63C72A7
:104D40005A63BB68002283F838200123BB7308E054
:104D5000BB7BBA681344FF2283F83820BB7B013346
:104D6000BB73BB7B072BF3D9FB79094A0321D154D1
:104D70000023FB7303E0FB791846FFF749FEFB7B3A
:104D800018461037BD4680BD9C85FF1F8C970000DC
:104D9000A985FF1F80B584B000AF0346FB710123D6
:104DA000FB73FB790F4A52F823305B781A460E4B9F
:104DB00053F82230BB60B868FFF790FB0346002B26
:104DC00006D1FB791846FFF7B1FD0023FB7303E022
:104DD000FB791846FFF71CFEFB7B18461037BD46D3
:104DE00080BD00BF9C85FF1F8C97000080B584B0FC
:104DF00000AF0346FB71FB79294A52F823305B78F8
:104E00001A46284B53F82230BB60FB791846FFF74F
:104E1000FFFDB868FFF762FB0346002B26D1FB7944
:104E2000214AD25CBB6883F83820FDF7A9FFBB6834
:104E30001B6B43F48052BB681A630023FB600EE0D7
:104E4000FB680133FB60FB79184600F0EFF803467E
:104E5000012B04D1FB79154A0521D15404E0FB68EC
:104E60004FF6FE729342EBD9FDF7AEFFFB79104A85
:104E70000721D154FB790F4A0021D154FB790E4A06
:104E8000002142F82310FB791846FFF7E3FDFB7978
:104E9000064A0521D15400BF1037BD4680BD00BF72
:104EA0009C85FF1F8C970000AD85FF1F9585FF1F18
:104EB000AB85FF1FAA85FF1FA485FF1F80B582B0A9
:104EC00000AF0346FB71FB791846FFF7A1FDFB79A4
:104ED0001846FFF7BFFDFB79094A0721D154FB793A
:104EE000084A0021D154FB79074A002142F82310D7
:104EF000FB79064A0521D15400BF0837BD4680BD65
:104F0000AB85FF1FAA85FF1FA485FF1F9585FF1F87
:104F100080B584B000AF0346FB710023FB73FB79BF
:104F2000224A52F823305B781A46214B53F822303C
:104F3000BB60FB791F4AD35C012B32D1BB681B6B72
:104F400003F48053002B2CD1BB689B6803F0400313
:104F5000002B26D0FB79184A0721D154FB79174A38
:104F60000421D154FB79164A0021D154FB79154A0A
:104F7000002142F82310FB790E4A0021D154FB791D
:104F80000A4A52F823305B681846FBF737FFFB7973
:104F90000D4A0521D154FB791846FFF75BFD01232B
:104FA000FB73FB7B18461037BD4680BD9C85FF1FF9
:104FB0008C970000A885FF1FAB85FF1FA985FF1FE9
:104FC000AA85FF1FA485FF1F9585FF1F80B483B0AE
:104FD00000AF0346FB71FB79034AD35C18460C37DC
:104FE000BD465DF8047B7047A985FF1F80B483B080
:104FF00000AF0346FB71FB79034AD35C18460C37BC
:10500000BD465DF8047B7047AA85FF1F80B483B05E
:1050100000AF0346FB71FB79034AD35C18460C379B
:10502000BD465DF8047B7047AB85FF1F80B485B03B
:1050300000AF0346FB710123FB73FB790B4A52F867
:1050400023305B781A460A4B53F82230BB60BB68AA
:105050001B6B03F48053002B01D00023FB73FB7BFD
:1050600018461437BD465DF8047B70479C85FF1FCA
:105070008C97000080B582B000AF03463960FB71A9
:10508000FB79224A52F82330DB78012B2ED1FB79B1
:105090001F4AD35C052B05D13B681B6803F0020354
:1050A000022B23D13B681B6B03F48053002B21D1CF
:1050B000FB79184A0421D154FB79174A0721D154AE
:1050C000FB79164A0021D154FB79154A002142F898
:1050D0002310FB790D4A52F823305B681846FBF722
:1050E0008DFEFB790A4A0521D15403E0FB790D4A74
:1050F0000121D154FB791846FFF78AFC3B68202236
:105100009A6000BF0837BD4680BD00BF9C85FF1F69
:105110009585FF1FA985FF1FAB85FF1FAA85FF1F70
:10512000A485FF1FA885FF1F80B588B000AF034688
:105130003960FB71FB792F4AD35C012B11D13B689D
:10514000DB6803F00103002B06D0FB792A4A092112
:10515000D1543B680122DA60FB79284A0921D154F5
:1051600040E03B68DB6803F00103002B0CD0FB79C7
:10517000214A0921D154FB7906211846FBF7D2FEBA
:105180003B680122DA6026E007F114033B6100234B
:10519000FB7713E0FA7FFB7F39680A4492F83820E6
:1051A000D2B220333B4403F80C2CFB7F3A68134403
:1051B000002283F83820FB7F0133FB77FB7F072B2E
:1051C000E8D93B684FF400729A603A69FB7911465E
:1051D0001846FBF790FE3B6801229A60FB79074A6C
:1051E0000721D1543B6804229A6000BF2037BD4696
:1051F00080BD00BFAC85FF1FAA85FF1FAB85FF1FC9
:1052000080B582B000AF03463960FB71FB79124A6A
:10521000D35C012B0ED1FB79104AD35C032B04D154
:10522000FB791846FFF782FB0FE0FB790C4A082157
:10523000D1540AE0FB791846FBF769FEFB79084A6E
:105240000721D1543B6801229A603B6802229A6090
:1052500000BF0837BD4680BDAC85FF1FA985FF1F75
:10526000AB85FF1F80B58AB000AF03463960FB7184
:10527000FB79524AD35C072B40F098803B685B6B0C
:1052800003F03F03FB61FB69DBB21A464C4B9B5CAE
:10529000FB76FB7E3B7207F11003FB6000237B7201
:1052A0000823FB720223BB7207F10802FB79114647
:1052B0001846FBF713FE0346002B74D1FB7A002B34
:1052C00002D0FB7A082B03D93868FFF71DFB6DE08D
:1052D000BB7A012B21D1FB7E7B62FB7A013B9B02D7
:1052E00003F4E0537A6A13437B627B7A002B03D08A
:1052F0007B6A43F480737B623B687A6A5A633B68DB
:105300009B6803F48073002B03D03B684FF48072DA
:105310009A603B6804229A6048E0BB7A002B3ED139
:10532000002387F8233010E0FA6897F823301A44F6
:1053300097F8233011783A6813440A4683F83820E6
:1053400097F82330013387F82330FB7A97F823202E
:105350009A42E9D3FB7E43F400737B62FB7A013B04
:105360009B027A6A13437B627B7A002B03D07B6AB1
:1053700043F480737B623B687A6A5A633B6802221B
:105380009A603B6804229A60FDF756FB3B681B6BF2
:1053900043F480623B681A63FDF772FB06E03868ED
:1053A000FFF7B2FA02E03868FFF7AEFA3B68012275
:1053B0009A6000BF2837BD4680BD00BFAB85FF1F88
:1053C0000897000080B584B000AF78600023FB73BD
:1053D0007B68002B07D10C23002200217C20FBF7E7
:1053E00019FD0123FB73FB7B002B0AD1074A7B6865
:1053F0001360064B1B68184600F0ABFA044B012201
:105400001A7000BF1037BD4680BD00BF6C87FF1FFC
:105410007087FF1F80B500AF084B1B78002B06D1AB
:105420000F23022200217C20FBF7F4FC04E0044B54
:105430001B68184600F0E6FA00BF80BD7087FF1FAA
:105440006C87FF1F80B584B000AF03460A46FB801F
:1054500013467B71FB881B0A9BB2FB73FB88BB73F3
:10546000194B1B78002B06D10F23012200217C2031
:10547000FBF7D0FC24E0FB7B042B02D8BB7B1F2B6B
:1054800007D90A23012200217C20FBF7C3FC00BFBF
:1054900016E00E4B1B68BA7BF97B184600F04EFBFA
:1054A0000346002B06D10B23012200217C20FBF7B1
:1054B000B1FC05E07A79B97BFB7B184600F0ACFBC8
:1054C00000BF1037BD4680BD7087FF1F6C87FF1F70
:1054D00080B584B000AF03460A46FB8013467B715B
:1054E000FB881B0A9BB2FB73FB88BB731E4B1B78AC
:1054F000002B06D10F23042200217C20FBF78AFC1D
:105500002EE0FB7B042B02D8BB7B1F2B07D90A2381
:10551000042200217C20FBF77DFC00BF20E07B798A
:10552000072B06D90D23042200217C20FBF772FCF7
:1055300016E00E4B1B68BA7BF97B184600F035FB72
:105540000346002B06D10E23042200217C20FBF70A
:1055500061FC05E07A79B97BFB7B184600F0D3FB50
:1055600000BF1037BD4680BD7087FF1F6C87FF1FCF
:1055700080B483B000AF03463960FB71FB79022B26
:1055800020D0022B2BDC002B02D0012B0DD026E0EB
:105590003B681A683B6822F002021A603B681A688E
:1055A0003B6822F001021A601AE03B681A683B6807
:1055B00042F002021A603B681A683B6822F001025E
:1055C0001A600DE03B681A683B6842F002021A60FC
:1055D0003B681A683B6842F001021A6000E000BFB5
:1055E00000BF0C37BD465DF8047B704780B483B0C4
:1055F00000AF03463960FB71FB79012B06D13B6894
:105600001A683B6842F004021A6005E03B681A68B9
:105610003B6822F004021A6000BF0C37BD465DF8FB
:10562000047B704780B485B000AF78600B46FB7098
:105630001346BB707B685B78002B40F09780BB788B
:1056400003F5800303F588731B0214331968FB7894
:10565000012202FA03F3DA43BB7803F5800303F572
:1056600088731B021433184601EA02030360BB78F7
:1056700003F5800303F588731B0218331968FB7860
:1056800001229A40BB7803F5800303F588731B025F
:105690001833184641EA020303607B685B7A012BEA
:1056A00015D1BB7803F5802312339A02FB7813449B
:1056B0009B001A68BB7803F5802312339902FB78AC
:1056C0000B449B00194642F010030B6014E0BB78BA
:1056D00003F5802312339A02FB7813449B001A6867
:1056E000BB7803F5802312339902FB780B449B00AF
:1056F000194622F010030B60BB7803F5800303F515
:1057000088739A01FB78134420339B00FB607B680D
:105710009B7A012B06D1FB681A68FB6842F4803241
:105720001A6005E0FB681A68FB6822F480321A6090
:105730007B681B7B012B06D1FB681A68FB6842F073
:1057400010021A6005E0FB681A68FB6822F010027C
:105750001A60FB681B6823F0F8517B68DB7A1B0634
:1057600003F0F852FB680A431A605EE07B68DB785E
:10577000002B16D1BB7803F5800303F588731B0259
:1057800008331968FB7801229A40BB7803F580033F
:1057900003F588731B020833184641EA02030360CD
:1057A00015E0BB7803F5800303F588731B0204330F
:1057B0001968FB7801229A40BB7803F5800303F552
:1057C00088731B020433184641EA02030360BB7866
:1057D00003F5800303F588731B0218331968FB78FF
:1057E000012202FA03F3DA43BB7803F5800303F5E1
:1057F00088731B021833184601EA02030360BB7862
:1058000003F5800303F588731B0214331968FB78D2
:1058100001229A40BB7803F5800303F588731B02CD
:105820001433184641EA0203036000BF1437BD4633
:105830005DF8047B704780B582B000AF78600B469E
:10584000FB701346BB707B681B79012B1DD1BA78A6
:10585000FB7819467868FFF7E5FEBB7803F58023EF
:1058600012339A02FB7813449B001B6823F4E06216
:10587000BB7803F5802312339902FB780B449B001D
:10588000194642F480730B605FE0BB7803F5800338
:1058900003F588731B021968FB78012202FA03F3EF
:1058A000DA43BB7803F5800303F588731B021846BF
:1058B00001EA02030360BB7803F5800303F58873F4
:1058C0001B0218331968FB78012202FA03F3DA434A
:1058D000BB7803F5800303F588731B021833184661
:1058E00001EA02030360BB7803F5800303F58873C4
:1058F0001B0214331968FB78012202FA03F3DA431E
:10590000BB7803F5800303F588731B021433184634
:1059100001EA02030360BB7803F5802312339A0285
:10592000FB7813449B001B6823F4E0617B681B79C0
:105930001A02BB7803F5802312339802FB780344E4
:105940009B00184641EA0203036000BF0837BD46CA
:1059500080BD80B586B000AF78600023FB7447E05F
:105960007B685A68FB7CDB0013445B787B747B6844
:105970005A68FB7CDB0013445B687B617B685A6878
:10598000FB7CDB0013441B783B740023BB7428E0D2
:105990007B691B78FB737B6998797B7C03F580239B
:1059A00012339A02FB7B13449B001946FFF7E0FD7C
:1059B0007B69187A7B7C03F5802312339A02FB7B88
:1059C00013449B001946FFF711FE7A7CFB7B1946B6
:1059D0007869FFF730FF7B690D337B61BB7C013356
:1059E000BB74BA7C3B7C9A42D2D3FB7C0133FB7400
:1059F0007B681B78FA7C9A42B2D300BF00BF18378D
:105A0000BD4680BD80B584B000AF78600023FB72D6
:105A100089E07B685A68FB7ADB0013445B68FB60B3
:105A20007B685A68FB7ADB0013441B787B72002387
:105A3000BB7271E0FB689B78002B67D1FB681B7819
:105A40003B72FDF7C1FAFB685B78002B2ED1FB7A25
:105A500003F5800303F588731B02143319683B7A3E
:105A6000012202FA03F3DA43FB7A03F5800303F51C
:105A700088731B021433184601EA02030360FB7AA1
:105A800003F5800303F588731B02183319683B7A0A
:105A900001229A40FB7A03F5800303F588731B0209
:105AA0001833184641EA020303602DE0FB7A03F540
:105AB000800303F588731B02183319683B7A0122AF
:105AC00002FA03F3DA43FB7A03F5800303F58873E4
:105AD0001B021833184601EA02030360FB7A03F540
:105AE000800303F588731B02143319683B7A012283
:105AF0009A40FB7A03F5800303F588731B02143385
:105B0000184641EA02030360FDF782FAFB680D3391
:105B1000FB60BB7A0133BB72BA7A7B7A9A4289D333
:105B2000FB7A0133FB727B681B78FA7A9A42FFF4A6
:105B300070AF00BF00BF1037BD4680BD80B485B0D8
:105B400000AF78600B46FB701346BB700023FB72FE
:105B50007B685A68FB78DB0013445B68FB607B68FA
:105B60005A68FB78DB0013441B787B720023BB72FE
:105B700005E0FB680D33FB60BB7A0133BB72BA7A78
:105B80007B7A9A4204D2FB681B78BA789A42F0D1A9
:105B9000FB689B78012B01D10123FB72FB7A18462D
:105BA0001437BD465DF8047B704780B485B000AF04
:105BB00078600B46FB701346BB700023FB727B685A
:105BC0005A68FB78DB0013445B68FB607B685A68AB
:105BD000FB78DB0013441B787B720023BB7205E06B
:105BE000FB680D33FB60BB7A0133BB72BA7A7B7AF8
:105BF0009A4204D2FB681B78BA789A42F0D1FB68CB
:105C00005B79012B01D10123FB72FB7A1846143713
:105C1000BD465DF8047B704780B582B000AF034697
:105C2000FB710B46BB7113467B71FB79042B66D865
:105C3000BB791F2B63D8FDF73CF97B79002B2ED164
:105C4000FB7903F5800303F588731B02143319688D
:105C5000BB79012202FA03F3DA43FB7903F58003EF
:105C600003F588731B021433184601EA020303602C
:105C7000FB7903F5800303F588731B021833196859
:105C8000BB7901229A40FB7903F5800303F5887301
:105C90001B021833184641EA020303602DE0FB792A
:105CA00003F5800303F588731B0218331968BB7969
:105CB000012202FA03F3DA43FB7903F5800303F5CB
:105CC00088731B021833184601EA02030360FB794C
:105CD00003F5800303F588731B0214331968BB793D
:105CE00001229A40FB7903F5800303F588731B02B8
:105CF0001433184641EA02030360FDF7FDF800BFC4
:105D00000837BD4680BD80B582B000AF0346FB7149
:105D10000B46BB7113467B71FDF710F9FB7903F558
:105D2000802312339A02BB7913449B001B6823F42F
:105D3000E0617B791B0203F4E062FB7903F58023C9
:105D400012339802BB7903449B00184641EA0203D0
:105D50000360FDF717F900BF0837BD4680BD00009E
:105D600080B588B000AF0346B9607A60FB81B7F9AF
:105D70000E30FB610E23BB61FA69BB691344DB4340
:105D8000DB0FDBB21846FBF78DF9FB69BE2BD4BFE6
:105D900001230023DBB21846FBF784F9154B9B68FF
:105DA000154A93422CBF01230023DBB21846FBF7B0
:105DB00079F9104B9B687B617B68002B08D0B7F9A1
:105DC0000E3010339B007A6913441A687B681A609E
:105DD000B7F90E3010339B007A691344BA681A6021
:105DE000BFF36F8F00BFBFF34F8F00BF00BF2037DF
:105DF000BD4680BD00ED00E00080FF1F80B582B091
:105E000000AF0346FB80FB88DB439BB2DB0BDBB2BE
:105E10001846FBF747F9B7F90630BE2BD4BF01236C
:105E20000023DBB21846FBF73DF9B7F906301846F8
:105E3000FBF786F800BF0837BD4680BD80B582B04D
:105E400000AF0346FB80FB88DB439BB2DB0BDBB27E
:105E50001846FBF727F9B7F90630BE2BD4BF01234C
:105E60000023DBB21846FBF71DF9B7F906301846D8
:105E7000FBF784F800BF0837BD4680BD80B582B00F
:105E800000AF03460A46FB8013467B71FB88DB4369
:105E90009BB2DB0BDBB21846FBF704F9B7F906300F
:105EA000BE2BD4BF01230023DBB21846FBF7FAF860
:105EB0007B79072B94BF01230023DBB21846FBF745
:105EC000F1F87A79B7F9063011461846FBF798F8D9
:105ED00000BF0837BD4680BD80B584B000AF034623
:105EE000FB80FB88DB439BB2DB0BDBB21846FBF786
:105EF000D9F8B7F90630BE2BD4BF01230023DBB29B
:105F00001846FBF7CFF80023FB73B7F906301846A5
:105F1000FBF7A0F80346FB73FB7B18461037BD4622
:105F200080BD80B582B000AF0346FB80FB88DB43B9
:105F30009BB2DB0BDBB21846FBF7B4F8B7F90630BF
:105F4000BE2BD4BF01230023DBB21846FBF7AAF80F
:105F5000B7F906301846FBF735F800BF0837BD46DD
:105F600080BD80B584B000AF78602F4A7B685B68E5
:105F700093607B68002B14BF01230023DBB218461B
:105F8000FBF790F87B681B68642B94BF0123002308
:105F9000DBB21846FBF786F80023FB6039E07B682C
:105FA0009A68FB689B001344B3F90030184600F070
:105FB0008DF87B689A68FB689B001344B3F9000076
:105FC0007B689A68FB689B001344DB78194600F0F5
:105FD0005BF87B689A68FB689B0013449B78012BF5
:105FE0000AD17B689A68FB689B001344B3F90030C0
:105FF000184600F02DF809E07B689A68FB689B0062
:106000001344B3F90030184600F030F8FB68013350
:10601000FB607B681B68FA689A42C0D3002318466D
:106020001037BD4680BD00BF00ED00E080B584B0F4
:1060300000AF0346B9607A60FB81B7F90E307A6829
:10604000B9681846FFF78CFE00BF1037BD4680BD0B
:1060500080B582B000AF0346FB80B7F90630184622
:10606000FFF7CCFE00BF0837BD4680BD80B582B0CB
:1060700000AF0346FB80B7F906301846FFF7DEFE97
:1060800000BF0837BD4680BD80B582B000AF034673
:106090000A46FB8013467B717A79B7F906301146C0
:1060A0001846FFF7EBFE00BF0837BD4680BD80B540
:1060B00082B000AF0346FB80B7F906301846FFF701
:1060C0000BFF034618460837BD4680BD80B582B039
:1060D00000AF0346FB80B7F906301846FFF721FFF3
:1060E00000BF0837BD4680BD80B400AF002318460E
:1060F000BD465DF8047B704780B584B000AF786022
:106100000023FB602FE07B689A68FB689B001344C8
:10611000B3F900007B689A68FB689B001344DB7846
:106120001946FFF7B1FF7B689A68FB689B00134430
:106130009B78012B0AD17B689A68FB689B0013440B
:10614000B3F900301846FFF783FF09E07B689A68CF
:10615000FB689B001344B3F900301846FFF786FF35
:10616000FB680133FB607B681B68FA689A42CAD3FC
:10617000002318461037BD4680BD80B584B000AFFF
:1061800078600023FB737B681B68002B2ED07B6834
:106190001B681846FFF7B0FF0346FB73FB7B002B21
:1061A00026D17B685B68002B1DD00023BB7313E0F6
:1061B0007B685B681A68BB7B5B00134418787B685C
:1061C0005B681A68BB7B5B0013445B78194600F080
:1061D00071F9BB7B0133BB737B685B681B79BA7B4E
:1061E0009A42E5D304E00123FB7301E00123FB7332
:1061F000FB7B18461037BD4680BD000080B582B0DD
:1062000000AF03460A46FB8013467B717B79012B66
:1062100005D1B7F906301846FFF71AFF04E0B7F9C1
:1062200006301846FFF722FF00BF0837BD4680BD85
:1062300080B582B000AF03460A46FB8013467B71EF
:106240007A79B7F9063011461846FFF71DFF00BFEF
:106250000837BD4680BD80B582B000AF0346FB80E5
:10626000B7F906301846FFF722FF034618460837ED
:10627000BD4680BD80B584B000AF0346B9607A608A
:10628000FB81B7F90E307A68B9681846FFF7CEFE81
:1062900000BF1037BD4680BD80B584B000AF7860C8
:1062A0000023FB73FB7B0C4A52F823301B68002B46
:1062B00006D1012320220021FF20FAF7ABFD07E0E1
:1062C000FB7B054A52F823301B681846FFF755FF41
:1062D00000BF1037BD4680BD889F000080B584B0E8
:1062E00000AF03460A46FB8013467B710023FB7315
:1062F000B7F90630BE2B03DCB7F90630002B08DAFD
:10630000022321220021FF20FAF784FD0123FB73E1
:1063100006E07A79B7F9063011461846FFF76EFFA6
:10632000FB7B18461037BD4680BD80B584B000AFFA
:1063300003460A46FB8013467B710023FB73B7F9C3
:106340000630BE2B06DCB7F90630002B02DB7B796A
:10635000072B08D9022322220021FF20FAF75AFD39
:106360000123FB7306E07A79B7F906301146184627
:10637000FFF75EFFFB7B18461037BD4680BD80B53A
:1063800084B000AF03463960FB800023FB73B7F98C
:106390000630BE2B03DCB7F90630002B08DA0223E7
:1063A00023220021FF20FAF735FD0123FB7314E0BF
:1063B0003B68002B08D1012323220021FF20FAF79C
:1063C00029FD0123FB7308E0B7F906301846FFF7F3
:1063D00042FF03461A463B681A70FB7B184610378B
:1063E000BD4680BD80B586B000AF0346B9607A6017
:1063F000FB810023FB75B7F90E30BE2B04DCB7F927
:106400000E3013F10E0F08DA022324220021FF20A0
:10641000FAF700FD0123FB7512E07B68002B08D121
:10642000012324220021FF20FAF7F4FC0123FB754D
:1064300006E0B7F90E307A68B9681846FFF71AFF18
:10644000FB7D18461837BD4680BD00BF80B584B0BF
:1064500000AF03460A46FB711346BB71FB791F2B45
:1064600094BF01230023DBB21846FAF72BFEFCF79A
:10647000FEFD0F4B1B69FB60BB79012B07D1FB793C
:10648000012202FA03F3FA681343FB6007E0FB7989
:10649000012202FA03F3DB43FA681340FB60044A6B
:1064A000FB681361FCF706FE00BF1037BD4680BDD8
:1064B00000B0074080B582B000AF03460A46FB71CA
:1064C0001346BB71BA79FB7911461846FFF7BEFF38
:1064D00000BF0837BD4680BD90B587B000AF78607B
:1064E000394B1B681B0AFB7300233B61FAF71CFE48
:1064F0000023FB7506E0FB7D1846FAF791FEFB7D55
:106500000133FB75FA7DFB7B9A42F4D30023FB75C4
:1065100011E07B685A68FB7D5B00134418787B6848
:106520005A68FB7D5B0013445B781946FAF752FE0C
:10653000FB7D0133FB757B68DB78FA7D9A42E8D3FB
:106540000023FB7523E07B68D968FA7D13465B0066
:1065500013449B000B441B781C467B68D968FA7D6A
:1065600013465B0013449B000B4458687B68D96852
:10657000FA7D13465B0013449B000B449B681A464C
:1065800001462046FAF770FEFB7D0133FB757B6800
:106590001B7AFA7D9A42D6D37B681B78012B03D1F4
:1065A0003B6943F004033B617B685B78012B03D1BB
:1065B0003B6943F002033B613869FAF793FD00BF82
:1065C0001C37BD4690BD00BF90ED00E080B483B0A5
:1065D00000AFEFF310837B607B6818460C37BD4635
:1065E0005DF8047B704780B500AF0E4B1B68002B35
:1065F00011D1FFF7EBFF03460B4A13600A4B1B68F0
:1066000003F00103002B01D1012300E00023002B44
:1066100001D072B600BF034B1B680133014A1360FF
:1066200000BF80BDD086FF1FCC86FF1F80B400AFA7
:106630000D4B1B68013B0C4A13600C4B1B6803F0AD
:106640000103002B01D1012300E00023002B05D022
:10665000054B1B68002B01D162B600BF00BFBD46D1
:106660005DF8047B704700BFD086FF1FCC86FF1FFC
:1066700080B500AF0E4B1B68002B11D1FFF7A6FFB2
:1066800003460C4A13600B4B1B6803F00103002BFD
:1066900001D1012300E00023002B01D072B600BF1E
:1066A000034B1B680133024A136000BF80BD00BF6B
:1066B000D886FF1FD486FF1F80B400AF0D4B1B6828
:1066C000013B0C4A13600C4B1B6803F00103002BC9
:1066D00001D1012300E00023002B05D0054B1B68EE
:1066E000002B01D162B600BF00BFBD465DF8047B40
:1066F000704700BFD886FF1FD486FF1F80B500AF4C
:106700000E4B1B68002B11D1FFF760FF03460C4AAC
:1067100013600B4B1B6803F00103002B01D1012315
:1067200000E00023002B01D072B600BF034B1B68B2
:106730000133024A136000BF80BD00BFE086FF1F27
:10674000DC86FF1F80B400AF0D4B1B68013B0C4A79
:1067500013600C4B1B6803F00103002B01D10123D4
:1067600000E00023002B05D0054B1B68002B01D156
:1067700062B600BF00BFBD465DF8047B704700BF36
:10678000E086FF1FDC86FF1F80B500AF0E4B1B6845
:10679000002B11D1FFF71AFF03460C4A13600B4B75
:1067A0001B6803F00103002B01D1012300E000234B
:1067B000002B01D072B600BF034B1B680133024AA5
:1067C000136000BF80BD00BFE886FF1FE486FF1F87
:1067D00080B400AF0D4B1B68013B0C4A13600C4B9F
:1067E0001B6803F00103002B01D1012300E000230B
:1067F000002B05D0054B1B68002B01D162B600BFF2
:1068000000BFBD465DF8047B704700BFE886FF1FF0
:10681000E486FF1F80B500AF0E4B1B68002B11D123
:10682000FFF7D4FE03460C4A13600B4B1B6803F0C2
:106830000103002B01D1012300E00023002B01D034
:1068400072B600BF034B1B680133024A136000BFDE
:1068500080BD00BFF086FF1FEC86FF1F80B400AF35
:106860000D4B1B68013B0C4A13600C4B1B6803F07B
:106870000103002B01D1012300E00023002B05D0F0
:10688000054B1B68002B01D162B600BF00BFBD469F
:106890005DF8047B704700BFF086FF1FEC86FF1F8A
:1068A00080B500AF0E4B1B68002B11D1FFF78EFE99
:1068B00003460C4A13600B4B1B6803F00103002BCB
:1068C00001D1012300E00023002B01D072B600BFEC
:1068D000034B1B680133024A136000BF80BD00BF39
:1068E000F886FF1FF486FF1F80B400AF0D4B1B68B6
:1068F000013B0C4A13600C4B1B6803F00103002B97
:1069000001D1012300E00023002B05D0054B1B68BB
:10691000002B01D162B600BF00BFBD465DF8047B0D
:10692000704700BFF886FF1FF486FF1F80B500AFD9
:106930000E4B1B68002B11D1FFF748FE03460C4A93
:1069400013600B4B1B6803F00103002B01D10123E3
:1069500000E00023002B01D072B600BF034B1B6880
:106960000133024A136000BF80BD00BF0087FF1FD4
:10697000FC86FF1F80B400AF0D4B1B68013B0C4A27
:1069800013600C4B1B6803F00103002B01D10123A2
:1069900000E00023002B05D0054B1B68002B01D124
:1069A00062B600BF00BFBD465DF8047B704700BF04
:1069B0000087FF1FFC86FF1F80B500AF0E4B1B68D2
:1069C000002B11D1FFF702FE03460C4A13600B4B5C
:1069D0001B6803F00103002B01D1012300E0002319
:1069E000002B01D072B600BF034B1B680133024A73
:1069F000136000BF80BD00BF0887FF1F0487FF1F13
:106A000080B400AF0D4B1B68013B0C4A13600C4B6C
:106A10001B6803F00103002B01D1012300E00023D8
:106A2000002B05D0054B1B68002B01D162B600BFBF
:106A300000BFBD465DF8047B704700BF0887FF1F9D
:106A40000487FF1F80B500AF0E4B1B68002B11D1D0
:106A5000FFF7BCFD03460C4A13600B4B1B6803F0A9
:106A60000103002B01D1012300E00023002B01D002
:106A700072B600BF034B1B680133024A136000BFAC
:106A800080BD00BF1087FF1F0C87FF1F80B400AFC1
:106A90000D4B1B68013B0C4A13600C4B1B6803F049
:106AA0000103002B01D1012300E00023002B05D0BE
:106AB000054B1B68002B01D162B600BF00BFBD466D
:106AC0005DF8047B704700BF1087FF1F0C87FF1F16
:106AD00080B500AF0E4B1B68002B11D1FFF776FD80
:106AE00003460C4A13600B4B1B6803F00103002B99
:106AF00001D1012300E00023002B01D072B600BFBA
:106B0000034B1B680133024A136000BF80BD00BF06
:106B10001887FF1F1487FF1F80B400AF0D4B1B6841
:106B2000013B0C4A13600C4B1B6803F00103002B64
:106B300001D1012300E00023002B05D0054B1B6889
:106B4000002B01D162B600BF00BFBD465DF8047BDB
:106B5000704700BF1887FF1F1487FF1F80B500AF65
:106B60000E4B1B68002B11D1FFF730FD03460C4A7A
:106B700013600B4B1B6803F00103002B01D10123B1
:106B800000E00023002B01D072B600BF034B1B684E
:106B90000133024A136000BF80BD00BF2087FF1F82
:106BA0001C87FF1F80B400AF0D4B1B68013B0C4AD4
:106BB00013600C4B1B6803F00103002B01D1012370
:106BC00000E00023002B05D0054B1B68002B01D1F2
:106BD00062B600BF00BFBD465DF8047B704700BFD2
:106BE0002087FF1F1C87FF1F80B500AF0E4B1B685F
:106BF000002B11D1FFF7EAFC03460C4A13600B4B44
:106C00001B6803F00103002B01D1012300E00023E6
:106C1000002B01D072B600BF034B1B680133024A40
:106C2000136000BF80BD00BF2887FF1F2487FF1FA0
:106C300080B400AF0D4B1B68013B0C4A13600C4B3A
:106C40001B6803F00103002B01D1012300E00023A6
:106C5000002B05D0054B1B68002B01D162B600BF8D
:106C600000BFBD465DF8047B704700BF2887FF1F4B
:106C70002487FF1F80B500AF0E4B1B68002B11D17E
:106C8000FFF7A4FC03460C4A13600B4B1B6803F090
:106C90000103002B01D1012300E00023002B01D0D0
:106CA00072B600BF034B1B680133024A136000BF7A
:106CB00080BD00BF3087FF1F2C87FF1F80B400AF4F
:106CC0000D4B1B68013B0C4A13600C4B1B6803F017
:106CD0000103002B01D1012300E00023002B05D08C
:106CE000054B1B68002B01D162B600BF00BFBD463B
:106CF0005DF8047B704700BF3087FF1F2C87FF1FA4
:106D000080B500AF0E4B1B68002B11D1FFF75EFC66
:106D100003460C4A13600B4B1B6803F00103002B66
:106D200001D1012300E00023002B01D072B600BF87
:106D3000034B1B680133024A136000BF80BD00BFD4
:106D40003887FF1F3487FF1F80B400AF0D4B1B68CF
:106D5000013B0C4A13600C4B1B6803F00103002B32
:106D600001D1012300E00023002B05D0054B1B6857
:106D7000002B01D162B600BF00BFBD465DF8047BA9
:106D8000704700BF3887FF1F3487FF1F80B500AFF3
:106D90000E4B1B68002B11D1FFF718FC03460C4A61
:106DA00013600B4B1B6803F00103002B01D101237F
:106DB00000E00023002B01D072B600BF034B1B681C
:106DC0000133024A136000BF80BD00BF4087FF1F30
:106DD0003C87FF1F80B400AF0D4B1B68013B0C4A82
:106DE00013600C4B1B6803F00103002B01D101233E
:106DF00000E00023002B05D0054B1B68002B01D1C0
:106E000062B600BF00BFBD465DF8047B704700BF9F
:106E10004087FF1F3C87FF1F80B586B000AF034649
:106E20003960FB710023FB753B689B88BB823B6824
:106E30009B683B61FFF7D7FBBB8A012B17D13B69EE
:106E40001B881A4613465B0013449B002B4A1344CD
:106E5000BB60BB685B68002B06D1FB791B01284A2D
:106E60001A44BB685A6042E00123FB753FE0FB799E
:106E70001B01234A1344FB6036E03B691B881A461A
:106E800013465B0013449B001C4A1344BB60BB6861
:106E90005B68002B03D1BB68FA685A601EE03B6850
:106EA0009B88BA8A9A4216D2BB8A0133BB823B695D
:106EB000023B3B613B691B881946104A0B465B004D
:106EC0000B449B001344043300221A603B689B88E8
:106ED000BA8A9A42E8D30123FB7508E0BB8A013BDA
:106EE000BB823B6902333B61BB8A002BC5D1FFF7F4
:106EF0009DFBFB7D18461837BD4680BDD085FF1F22
:106F0000B085FF1F80B582B000AF0123FB711A4B23
:106F10001B68002B08D11A23062200215320F9F701
:106F200079FF0023FB7122E00023BB7119E0BA79DD
:106F300012491346DB0013445B000B4411331B78EA
:106F4000022B0BD10C4B1B689A69BB795B00134475
:106F50005B78002B02D10223FB7108E0BB7901337F
:106F6000BB71054B1B681B7DBA799A42DFD3FB7955
:106F700018460837BD4680BD7487FF1FEC85FF1F8C
:106F800080B586B000AF7860FFF772FB7B681B7C32
:106F9000BB7597F91630002B05DA7B6801225A740D
:106FA000FFF78AFB53E097F916305B007A681344C9
:106FB0003B613B691B88FB81FA89274913465B00CB
:106FC00013449B000B4408331A883B691A803B69C1
:106FD0001B884FF6FF72934222D197F916207B68E7
:106FE00004324FF6FF7123F81210BB7D013BDBB278
:106FF000FB750CE097F917207B6833F812304FF6D9
:10700000FF72934208D1FB7D013BDBB2FB7597F920
:107010001730002BEEDA00E000BF7B68FA7D1A74AF
:10702000FFF74AFBFA890C4913465B0013449B00A7
:107030000B4401221A70094B1B685968FA891346E0
:107040005B001344DB000B44184602F0D1F900BF8B
:107050001837BD4680BD00BFD085FF1F7487FF1F56
:1070600080B58AB000AF0346FB7100233B6200236A
:10707000FB610023BB61002387F825307B4B1B6835
:10708000002B09D11A23032200215320F9F7C2FE55
:10709000012387F82530E2E0744B1B689A68FB797E
:1070A0001B0113443B62714B1B68DB7CFA799A42EB
:1070B00009D30C23032200215320F9F7ABFE01234F
:1070C00087F82530CBE03B6A9B88002B09D14A2307
:1070D000032200215320F9F79DFE012387F8253074
:1070E000BDE00023FB8453E03B6A9A68FB8C5B00A5
:1070F00013441B88FB815D4B1B685968FA89134652
:107100005B001344DB000B441B7A002B09D14B239B
:10711000032200215320F9F77DFE012387F8253053
:1071200033E0002387F8243021E0504B1B681A68B5
:1071300097F824301B0113441B78012B12D14B4BC1
:107140001B681A6897F824301B0113445B88002BD6
:1071500008D14C23032200215320F9F75BFE0123C1
:1071600087F8253097F82430013387F824303F4BD7
:107170001B685968FA8913465B001344DB000B4413
:107180001B7A97F824209A42CFD3FB8C0133FB84DF
:107190003B6A9B88FA8C9A42A6D397F82530002B3D
:1071A0005DD1FB79396A1846FFF736FE034687F84A
:1071B000253097F82530002B4BD1FB791B012C4A49
:1071C0001344BB61BB6901221A703B6A9B88013B77
:1071D0009AB2BB699A813B6A9B687B61BB697A6999
:1071E0009A600023FB8413E03B6A9A68FB8C5B0087
:1071F00013443B613B691B8819461E4A0B465B00E2
:107200000B449B00134403221A70FB8C0133FB8454
:107210003B6A9B88FA8C9A42E6D3144B1B685A68E7
:107220007B691B8819460B465B000B44DB0013444B
:10723000FB61FB691B781A461346DB0013445B00B5
:107240000D4A98187B691B88FA69194601F0B8FF46
:1072500005E02A23032200215320F9F70DFE97F8B9
:10726000253018462837BD4680BD00BF7487FF1FF4
:10727000B085FF1FD085FF1FEC85FF1F80B584B050
:1072800000AF0346FB710023FB60194B1B68002B0A
:1072900006D11A230C2200215320F9F7BBFD23E06D
:1072A000134B1B68DB7CFA799A4206D30C230C2221
:1072B00000215320F9F7AEFD16E00D4B1B689A68CC
:1072C000FB791B011344FB60FB68002B06D10C23E8
:1072D0000C2200215320F9F79DFD05E0FB79054ABA
:1072E0001B01134403221A7000BF1037BD4680BD36
:1072F0007487FF1FB085FF1F80B582B000AF0023E9
:10730000FB71284B1B68002B08D11A230122002196
:107310005320F9F77FFD0123FB713EE000F0DCF81C
:107320000346022B02D10123FB712DE00023BB7128
:1073300022E01C4B1B689A69BB795B0013441B78E5
:107340007B717B79184601F064F90346FB71FB7988
:10735000012B18D0BA7914491346DB0013445B00A3
:107360000B44113300221A70BB79104A002142F8F5
:107370002310BB790133BB710A4B1B681B7DBA79A3
:107380009A42D6D300E000BFFB79002B05D1054B14
:1073900000221A60064B01221A70FB791846083742
:1073A000BD4680BD7487FF1FEC85FF1F0086FF1F51
:1073B0007887FF1F80B584B000AF0346FB710023C0
:1073C000FB73134B1B68002B06D11A230B220021E1
:1073D0005320F9F71FFD16E00D4B1B681B7DFA7952
:1073E0009A4206D30E230B2200215320F9F712FDF7
:1073F00009E0FA7907491346DB0013445B000B44AC
:1074000011331B78FB73FB7B18461037BD4680BDDC
:107410007487FF1FEC85FF1F80B584B000AF034663
:10742000FB800223FB73134B1B68002B06D11A232E
:10743000072200215320F9F7EDFC15E00D4B1B68E6
:107440001B8AFA889A4206D30B2307220021532075
:10745000F9F7E0FC08E0FA88074913465B0013449B
:107460009B000B441B78FB73FB7B18461037BD4613
:1074700080BD00BF7487FF1FD085FF1F80B584B01B
:1074800000AF0346FB710223FB73114B1B68002BFB
:1074900006D11A23082200215320F9F7BBFC12E081
:1074A0000B4B1B68DB7CFA799A4206D30C2308222B
:1074B00000215320F9F7AEFC05E0FB79054A1B01DA
:1074C00013441B78FB73FB7B18461037BD4680BD09
:1074D0007487FF1FB085FF1F80B582B000AF012306
:1074E000FB710023BB71224B1B68002B08D11A23B0
:1074F000062200215320F9F78DFC0023FB7131E0B7
:107500000023BB710BE0BB791A4A52F82330012BE0
:1075100002D10223FB7108E0BB790133BB71144B2C
:107520001B681B7DBA799A42EDD3FB79022B19D0E7
:107530000023BB7110E0BA790F491346DB001344F6
:107540005B000B4411331B78022B02D10223FB7129
:1075500008E0BB790133BB71054B1B681B7DBA7911
:107560009A42E8D3FB7918460837BD4680BD00BF74
:107570007487FF1F0086FF1FEC85FF1F80B584B056
:1075800000AF786000233B73944B1B78002B07D12E
:107590004A23002200215320F9F73CFC01233B73CE
:1075A0003B7B002B40F015817B68002B07D110231B
:1075B000002200215320F9F72DFC01233B73884A58
:1075C0007B6813603B7B002B28D1854B1B689B7C21
:1075D000012B08D90A23002200215320F9F71AFCB5
:1075E00001233B731AE07E4B1B681B8A022B08D9D0
:1075F0000B23002200215320F9F70CFC01233B73DD
:107600000CE0774B1B68DB7C022B07D90C23002294
:1076100000215320F9F7FEFB01233B733B7B002B3A
:1076200040F0D4800023FB7236E06D4B1B681A6873
:10763000FB7A1B0113441B78012B18D1684B1B6884
:107640001A68FB7A1B011344DB6800221A60644B42
:107650001B681A68FB7A1B011344DB6800225A601E
:10766000FB7A604A9B00134400225A800CE05C4B7A
:107670001B681A68FB7A1B011A44FB7A5188594A25
:107680009B0013440A465A80FB7A564A012102F8AD
:107690002310FB7A0133FB72514B1B689B7CFA7AF7
:1076A0009A42C2D30023FB811CE0FA894E4913465B
:1076B0005B0013449B000B4400221A70FA894A496C
:1076C00013465B0013449B000B44043300221A60F2
:1076D000434B1B68FA891146184601F0F5FDFB89FA
:1076E0000133FB813E4B1B681B8AFA899A42DCD32B
:1076F0000023BB721AE0BB7A3C4A1B0113440022F0
:107700001A70374B1B689968BB7A1A01BB7A0A4416
:1077100036491B010B4404331A60BB7A344A4FF0DC
:10772000FF3142F82310BB7A0133BB722C4B1B682C
:10773000DB7CBA7A9A42DED300237B733FE07B7B0B
:10774000184601F0A1FD00237B7219E07A7B797A5B
:1077500028481346DB0013440B444FF6FF7220F811
:1077600013207A7B797A23481346DB0013440B44B9
:1077700004334FF6FF7220F813207B7A01337B72BB
:107780007B7A032BE2D97A7B1A491346DB00134438
:107790005B000B441033FF221A707A7B15491346A5
:1077A000DB0013445B000B44113301221A707B7B16
:1077B000114A002142F823107B7B01337B73084B75
:1077C0001B681B7D7A7B9A42B9D302E0044B0022EE
:1077D0001A6000BF1037BD4680BD00BF7887FF1F0D
:1077E0007487FF1FE885FF1FD085FF1FB085FF1F2F
:1077F0000486FF1FEC85FF1F0086FF1F80B582B047
:1078000000AF1D4B1B68002B2CD00023FB7122E026
:10781000194B1B689A69FB795B0013445B78002B5A
:1078200016D1154B1B689A69FB795B0013441B78D2
:10783000BB71FA7911491346DB0013445B000B441A
:1078400011331B78022B03D1BB79184601F034FFAA
:10785000FB790133FB71084B1B681B7DFA799A4257
:10786000D6D305E01A23102200215320F9F7D2FACB
:1078700000BF0837BD4680BD7487FF1FEC85FF1F22
:1078800080B586B000AF03463960FB7100237B6191
:1078900000233B610023BB600023FB732C4B1B6860
:1078A000002B08D11A23042200215320F9F7B2FA41
:1078B0000123FB7322E0264B1B689B7CFA799A42DA
:1078C00008D2234B1B681A68FB791B0113441B78F1
:1078D000012B08D10A23042200215320F9F79AFA38
:1078E0000123FB730AE03B68002B07D1102304221D
:1078F00000215320F9F78EFA0123FB73FB7B002B49
:1079000021D1134B1B681A68FB791B011344BB6020
:10791000BB68DB685B687B613B683B610023BB81C4
:107920000CE07B691A783B691A703B6901333B6153
:107930007B6901337B61BB890133BB81BB685B8899
:10794000BA899A42EDD3FB7B18461837BD4680BDF5
:107950007487FF1F80B584B000AF0346FB7100231E
:10796000FB731A4B1B68002B08D11A230D22002130
:107970005320F9F74FFA0123FB7322E0FFF7C2FA15
:107980000346022B02D10123FB731AE00023BB73D1
:1079900011E00E4B1B689A69BB7B5B0013445B785C
:1079A000002B05D1FA79BB7B1146184601F0F0FC9B
:1079B000BB7B0133BB73054B1B681B7DBA7B9A42B3
:1079C000E7D3FB7B18461037BD4680BD7487FF1F89
:1079D00080B588B000AFB9607A601A460346FB7381
:1079E0001346BB810023FB77614B1B68002B08D13A
:1079F0001A23052200215320F9F70CFA0123FB7703
:107A00006EE05B4B1B689B7CFA7B9A4208D2584B1A
:107A10001B681A68FB7B1B0113441B78002B08D1E1
:107A20000A23052200215320F9F7F4F90123FB77FB
:107A300056E04F4B1B681A68FB7B1B0113445B88A5
:107A4000BA899A4202D8BB89002B08D10D2305229E
:107A500000215320F9F7DEF90123FB7740E0444B86
:107A60001B681A68FB7B1B0113445B78082B17D932
:107A70003F4B1B681A68FB7B1B0113445B78102B80
:107A80000ED8BB8903F001039BB2002B28D00D2335
:107A9000052200215320F9F7BDF90123FB771FE0F0
:107AA000334B1B681A68FB7B1B0113445B78102B5C
:107AB00016D92F4B1B681A68FB7B1B0113445B789C
:107AC000202B0DD8BB8903F003039BB2002B07D0FA
:107AD0000D23052200215320F9F79CF90123FB77A0
:107AE000FB7F002B3ED1FEF709FE214B1B681A6875
:107AF000FB7B1B011344BB61BB69DB68BA681A607E
:107B0000BB69DB687A685A60FB7B9B00194A1344A7
:107B10007B617B69BA895A80BB68002B07D17B697E
:107B20001B7843F00103DAB27B691A7006E07B69C7
:107B30001B7823F00103DAB27B691A707B68002B93
:107B400007D17B691B7843F00203DAB27B691A70B4
:107B500006E07B691B7823F00203DAB27B691A70B6
:107B6000FEF7F0FDFB7F18462037BD4680BD00BF05
:107B70007487FF1FE885FF1F80B586B000AF0346FE
:107B8000FB710023FB8200237B7500233B750023E0
:107B90003B820023FB73A74B1B68002B08D11A23E1
:107BA0000A2200215320F9F735F901233B753BE107
:107BB000A04B1B68DB7CFA799A4208D30C230A227B
:107BC00000215320F9F726F901233B752CE100230E
:107BD000FB826AE0974B1B689A68FB791B01134490
:107BE0009A68FB8A5B0013441B883B82914B1B689D
:107BF00059683A8A13465B001344DB000B441B7838
:107C00007B758C4B1B689A697B7D5B0013445B78AA
:107C1000002B07D10E230A2200215320F9F7FAF88E
:107C200001233B753B7D002B39D10023FB7429E0F8
:107C3000804B1B6859683A8A13465B001344DB008B
:107C40000B445A68FB7C13441B78FB73794B1B680D
:107C50001A68FB7B1B0113441B78012B0FD1FB7BA4
:107C6000754A9B0013445B88002B08D10E230A221F
:107C700000215320F9F7CEF801233B750FE0FB7C80
:107C80000133FB746B4B1B6859683A8A13465B00DF
:107C90001344DB000B441B7AFA7C9A42C8D33B7D29
:107CA000012B0DD0FB8A0133FB82624B1B689A6863
:107CB000FB791B0113449B88FA8A9A428AD300E01D
:107CC00000BF3B7D002B40F0AF80FEF75DFD002341
:107CD0007B7511E07B7D594A52F823207B7D9A40C9
:107CE000FB79574951F823301340002B01D0012371
:107CF0003B757B7D01337B754E4B1B681B7D7A7D0D
:107D00009A42E7D33B7D002B40F08C80FB794D4AB3
:107D10001B01134401221A700023FB821EE0454B15
:107D20001B689A68FB791B0113449A68FB8A5B0005
:107D300013441B883B823F4B1B6859683A8A1346A1
:107D40005B001344DB000B441B787B757B7D3B4A57
:107D5000012142F82310FB8A0133FB82354B1B685B
:107D60009A68FB791B0113449B88FA8A9A42D6D3FE
:107D7000FEF72EFDFB79184601F092FB03463B759A
:107D80003B7D002B06D1FB792E4A1B0113440022B8
:107D90001A7005E0FB792B4A1B01134402221A706A
:107DA000FEF738FD0023FB821EE0224B1B689A6819
:107DB000FB791B0113449A68FB8A5B0013441B8800
:107DC0003B821C4B1B6859683A8A13465B0013447C
:107DD000DB000B441B787B757B7D184A002142F841
:107DE0002310FB8A0133FB82124B1B689A68FB79D4
:107DF0001B0113449B88FA8A9A42D6D3FEF72EFDC4
:107E00000C4B1B689A68FB791B0113441B68002B01
:107E10000AD0084B1B689A68FB791B0113441B6846
:107E2000984701E0FEF7D4FC3B7D18461837BD4665
:107E300080BD00BF7487FF1FE885FF1F0086FF1FFE
:107E40000486FF1FB085FF1F80B586B000AF0346D4
:107E50003960FB7100237B6100233B610023FB73CE
:107E6000354B1B68002B08D11A2302220021532016
:107E7000F8F7D0FF0123FB7316E02F4B1B689B7CA8
:107E8000FA799A4208D22C4B1B681A68FB791B01BD
:107E900013441B78012B07D10A230222002153200F
:107EA000F8F7B8FF0123FB73FB7B002B3FD1FEF7F4
:107EB000F7FCFB799B00214A1344BB603B68002B15
:107EC00007D1BB681B7843F00103DAB2BB681A70B4
:107ED0002BE03B687B61184B1B681A68FB791B0120
:107EE0001344DB681B683B610023BB810CE07B69AA
:107EF0001A783B691A707B6901337B613B690133F6
:107F00003B61BB890133BB810B4B1B681A68FB7952
:107F10001B0113445B88BA899A42E8D3BB681B787B
:107F200023F00103DAB2BB681A70FEF7DDFCFB7BBD
:107F300018461837BD4680BD7487FF1FE885FF1FB0
:107F400080B584B000AF0346FB71FB79094A52F853
:107F50002330FB60FB79184600F0C8FDF86800F09C
:107F6000DEFAF86800F0DBFA002318461037BD4649
:107F700080BD00BFDC87FF1F80B588B000AF03461F
:107F8000FB71FB793C4AD35CDBB21A463B4B53F89E
:107F900022307B61FB793A4A52F823303B613869E1
:107FA00000F009FA03467B775DE03B695B6AFB60A2
:107FB0007B691B881A467B69DB8AD31A042B06DC93
:107FC0007B691A887B69DB8AD31AFB8301E004236F
:107FD000FB837B69DB68002B16D000237B830FE0DB
:107FE0007B8BDB00FA68DA407B69DB68D2B21A70FF
:107FF0007B69DB685A1C7B69DA607B8B01337B838E
:108000007A8BFB8B9A42EBD37B691B88012B02D0C6
:10801000022B04D00EE07B690022DA8215E07B6936
:10802000DA8AFB8B13449BB203F001039AB27B699B
:10803000DA820AE07B69DA8AFB8B13449BB203F095
:1080400003039AB27B69DA8200BF7B695A8AFB8B91
:10805000D31A9AB27B695A827B695B8A002B06D05D
:108060007B7F013B7B777B7F002B9ED100E000BFB5
:1080700000BF2037BD4680BDD887FF1F7C87FF1F0C
:10808000DC87FF1F90B587B000AF0346FB71FB791B
:108090004A4AD35CDBB21A46494B53F82230FB60A4
:1080A000FB79484A52F82330BB6000237B61FB68B0
:1080B0001C7EB86800F070F90346DBB2E31A7B74EB
:1080C00072E0FB6893F83D30012B0FD1FB681B8AEF
:1080D000012B0BD1B86800F048FAB86800F035FA07
:1080E000FB6800221A8200237B745DE0FB681B881A
:1080F0001A46FB689B8AD31A042B06DCFB681A8895
:10810000FB689B8AD31A7B8201E004237B82FB6895
:108110001B88012B02D0022B0DD020E0FB689B684E
:108120001B787B61FB689B685A1CFB689A60FB6844
:1081300000229A8227E0FB689B681B887B61FB68B2
:108140009B689A1CFB689A60FB689A8A7B8A134436
:108150009BB203F001039AB2FB689A8213E0FB68BA
:108160009B681B687B61FB689B681A1DFB689A60B3
:10817000FB689A8A7B8A13449BB203F003039AB28A
:10818000FB689A8200BFBB687A695A62FB681A8AE8
:108190007B8AD31A9AB2FB681A82FB681B8A002B6F
:1081A00006D07B7C013B7B747B7C002B89D100E07B
:1081B00000BF00BF1C37BD4690BD00BFD887FF1F62
:1081C0007C87FF1FDC87FF1F80B58CB000AF786015
:1081D0007B681B7887F82F3097F82F201346DB0039
:1081E00013445B005A4A1344BB627B685B697B6241
:1081F000584B1B689A6997F82F305B0013441B7823
:1082000087F823307B6A1B78002B00F09C807B6A08
:108210005B68FB61FB695B68BB617B6A1B78022B57
:1082200003D1FB6902221A7002E07B6A00221A70F5
:10823000FEF7DAFC97F82330474AFF21D154FEF7C6
:10824000F7FC7B6A00225A607B68DB68002B02D057
:108250007B68DB689847FB691B78032B03D0FB69BD
:108260001B78022B10D1FB699B89B969184600F075
:10827000FBF9BB691B68002B02D0BB691B689847E0
:10828000B86AFEF77DFE5EE0FB699B89002B0DD18D
:10829000FB6900221A70BB691B68002B02D0BB6906
:1082A0001B689847B86AFEF76BFE4CE0FB699B6859
:1082B0009A1CFB699A60FB699B687B617B691B88E0
:1082C0007B82FB699B89013B9AB2FB699A81214BB6
:1082D0001B6859687A8A13465B001344DB000B4421
:1082E000FB60FB681B7897F82F209A4211D0FB683F
:1082F0001B781A461346DB0013445B00144A1344F0
:10830000798AFA68184600F05BFFB86AFEF738FE13
:1083100019E0BB691B7B012B09D17B8AFA681946DE
:10832000B86A00F04DFFB86AFEF72AFE0BE07A8AC1
:108330000A4913465B0013449B000B4401221A7048
:10834000F86801F055F800BF3037BD4680BD00BF6A
:10835000EC85FF1F7487FF1FD887FF1FD085FF1F85
:1083600080B500AF002000F049FE00BF80BD80B5A1
:1083700000AF012000F042FE00BF80BD80B500AF1D
:10838000022000F03BFE00BF80BD80B500AF03209F
:1083900000F034FE00BF80BD80B483B000AF7860D1
:1083A0007B68DB691B0A03F01F0318460C37BD46C8
:1083B0005DF8047B704780B483B000AF78607B6861
:1083C0001B6A1B0A03F01F0318460C37BD465DF8F5
:1083D000047B704780B483B000AF78600B46FB70BD
:1083E0007B68DA68FB7822FA03F3DBB203F001035F
:1083F000DBB218460C37BD465DF8047B704780B48D
:1084000083B000AF78600B46FB701346BB70BB783F
:10841000012B09D17B681A69FB78012101FA03F36A
:108420001A437B681A6109E07B681A69FB780121AD
:1084300001FA03F3DB431A407B681A6100BF0C3773
:10844000BD465DF8047B704780B485B000AF7860AE
:108450000023FB737B681B69BB60BB68DBB2002B2E
:1084600001D00123FB73FB7B18461437BD465DF832
:10847000047B704780B483B000AF78600B46FB701C
:10848000FB78FC2B06D17B68DB6843F0FC027B6841
:10849000DA6008E07B68DA68FB78012101FA03F30F
:1084A0001A437B68DA6000BF0C37BD465DF8047B79
:1084B000704780B485B000AF786039607B681B6A14
:1084C000FB60FB6823F00F03FB603B6803F00F03C6
:1084D000FA681343FB607B68FA681A6200BF1437BE
:1084E000BD465DF8047B704780B485B000AF78600E
:1084F00039607B68DB69FB60FB6823F00F03FB607E
:108500003B6803F00F03FA681343FB607B68FA686B
:10851000DA6100BF1437BD465DF8047B704780B454
:1085200083B000AF78607B68DB6943F400427B680E
:10853000DA617B681B6A43F400427B681A6200BF01
:108540000C37BD465DF8047B704780B483B000AF44
:1085500078607B685B6823F400127B685A6000BF18
:108560000C37BD465DF8047B704780B483B000AF24
:1085700078607B685B6823F480127B685A6000BF78
:108580000C37BD465DF8047B704780B483B000AF04
:1085900078607B685B6843F480127B685A6000BF38
:1085A0000C37BD465DF8047B704780B483B000AFE4
:1085B00078600B46FB707B685B6823F40022FB78D5
:1085C000DB041A437B685A6000BF0C37BD465DF878
:1085D000047B704780B485B000AF786039600023B9
:1085E000BB600023FB737B685B69BB607B685B6877
:1085F000BB60BA683B689A4202D10123FB7301E079
:108600000023FB73FB7B18461437BD465DF8047BE3
:10861000704780B485B000AF0346FB710023FB7345
:108620000F4AFB7952F823200D49FB7942F00202F0
:1086300041F823200A4AFB7952F823200849FB79A4
:1086400022F0020241F82320FB79064A002142F879
:108650002310FB7B18461437BD465DF8047B70473A
:10866000A8D007407C87FF1F80B584B000AF0346C9
:108670003960FB803B689B88BB81FEF757F9BA895C
:10868000FB88D31AFB8112E03B689A68FB895B0088
:1086900013441B8819460B4A0B465B000B449B0096
:1086A0001344043300221A60FB890133FB81FA89E9
:1086B000BB899A42E8D3FEF75DF900BF1037BD468B
:1086C00080BD00BFD085FF1F80B485B000AF78604B
:1086D00039600023FB607A683B689A4204D97A6863
:1086E0003B68D31AFB6003E03A687B68D31AFB60EF
:1086F000FB6818461437BD465DF8047B704790B59B
:1087000091B000AFF860B9607A603B604FF0FF3322
:10871000FB630023BB6300237B630023FB61002317
:10872000BB610023FB7500233B630023FB62002336
:10873000BB6200237B62002387F823307DE00023A7
:108740003B634FF48073FB623A6BFB6A13445B0834
:10875000FB7597F82330424A52F82330FA7D0232F3
:1087600002FB03F3BA68B2FBF3F3FB61F96BF86841
:10877000FFF7AAFF0446F969F868FFF7A5FF03466B
:108780009C4201D9FB69FB63FA69FB689A4202D2F9
:10879000FB7DFB6201E0FB7D3B63FA6A3B6BD31A16
:1087A000012BD1D897F823302D4A52F823303A6B59
:1087B000023202FB03F3BA68B2FBF3F3FB6197F8F2
:1087C0002330274A52F82330FA6A023202FB03F3BD
:1087D000BA68B2FBF3F3BB61F969F868FFF774FF9D
:1087E0000446B969F868FFF76FFF03469C4204D955
:1087F000BB69BB62FB6A7B6203E0FB69BB623B6BEC
:108800007B62F96BF868FFF75FFF0446B96AF868A6
:10881000FFF75AFF03469C4206D3BB6AFB637B6AA1
:10882000BB6397F823307B63FA6BFB689A420AD0EC
:1088300097F82330013387F8233097F82330072B3C
:108840007FF67DAF00E000BF3B687A6B1A607B6803
:10885000BA6B1A60FB6B18464437BD4690BD00BF2B
:108860009897000080B58CB000AF03460A46FB71B4
:108870001346BB71894B1B68D968FA791346DB0034
:108880009B1A9B000B441B7887F82F3097F82F30EA
:10889000834A52F82330BB62BB79824A52F82330B4
:1088A0007B627E4B1B68D968FA791346DB009B1A02
:1088B0009B000B443B620023FB770023BB6100233A
:1088C0003B610023FB6000237B61FEF775F83B6A88
:1088D0005A79BB6A83F829203B6A9A78BB6A83F885
:1088E00026203B6A9A68BB6ADA623B6A1A7CBB6ADA
:1088F00083F834203B6ADA7BBB6A83F833203B6A17
:108900005A69BB6A9A633B6A1A7BBB6A83F8302058
:108910003B6A5A7BBB6A83F831203B6A9A7BBB6A0D
:1089200083F832203B6A5A78BB6A83F825203B6A79
:108930001A7EBB6A83F83C203B6A5A7EBB6A83F886
:108940003D203B6A1A79BB6A83F828203B6ADA78B3
:10895000BB6A83F827203B6A1B7E012B03D1BB6ACD
:1089600000229A770AE0BB6A1B7F012B03D1BB6A06
:1089700001229A7702E0BB6A00229A770022052141
:10898000786AFFF73CFD00220621786AFFF737FD81
:1089900000220121786AFFF732FD00220021786A67
:1089A000FFF72DFD7B6A1B689B0A03F00F037B61B9
:1089B0007B699B0203F47052BB6A93F82630DB0399
:1089C0009BB21A43BB6A93F828301B0203F440732E
:1089D0001A43BB6A93F827301B0603F080731343D6
:1089E000BB61BB6943F00503BB617B6ABA691A606E
:1089F000BB6AD86ABB6A996B07F1100307F10C02D6
:108A0000FFF77DFE3A69BB6A1A64FA68BB6A5A646A
:108A1000BB6A93F831301B0403F47F02BB6A93F8FE
:108A200030301B061A43FB68DBB21A43BB6A93F86B
:108A300032301B029BB21343BB617B6ABA699A60F6
:108A40007B6A0022DA607B6ADB691B0E03F01F037E
:108A5000012202FA03F3DAB2BB6A1A767B6ADB6997
:108A600043F400427B6ADA617B6A1B6A43F400428A
:108A70007B6A1A627B6ADB6943F400427B6ADA61D3
:108A80007B6A1B6A43F400427B6A1A62FDF7B8FFF7
:108A9000FB7F18463037BD4680BD00BF7487FF1F7F
:108AA0007C87FF1FDC87FF1F80B584B000AF0346C3
:108AB000FB71FB790C4A52F82330FB600022052140
:108AC000F868FFF79CFC00220621F868FFF797FC86
:108AD0000521F868FFF7CEFC0621F868FFF7CAFC0D
:108AE00000BF1037BD4680BDDC87FF1F80B584B056
:108AF00000AF0346FB71FB79154AD35CDBB21A4623
:108B0000144B53F82230FB60FB79134A52F82330A0
:108B1000BB60FB6800221A7100220021B868FFF7D1
:108B20006EFC00220121B868FFF769FCFB7918464A
:108B3000FFF7BAFF00220421B868FFF760FC0421A8
:108B4000B868FFF797FC00BF1037BD4680BD00BF77
:108B5000D887FF1F7C87FF1FDC87FF1F80B58AB087
:108B600000AF03460A46FB711346BB71FB798C4A82
:108B700052F82330BB61FB798A4AD35CDBB21A46D8
:108B8000894B53F822307B61884B1B681A68BB798C
:108B90001B0113443B61002387F827300023FB604F
:108BA0004FF4FA733B626423FB773B699A687B69F5
:108BB0001A623B691B79012B01D1012200E00022DE
:108BC0007B6983F82420BB79794A12F8233003F0BB
:108BD0000103002B08D03B6903F108027B699A600E
:108BE0007B6904221A820BE03B69DB681A687B69A7
:108BF0009A60BB796E4A9B0013445A887B691A823B
:108C00003B69DB685A687B69DA607B691A8A7B6931
:108C10005A823B695B789AB27B695A807B6993F888
:108C20003D30012B05D17B691B8A01339AB27B69E8
:108C30001A827B695B880733DB089AB27B691A80EA
:108C40007B691B88032B02D17B6904221A803B6A53
:108C5000013B3B623B6A002B03D1012387F827309D
:108C600006E0BB69DB6803F48023B3F5802FEED008
:108C70007B6993F83330DA077B6993F834309B07CC
:108C800003F080431A437B6993F825301B0603F0F9
:108C900040731A437B691B6CDB0603F060531A4375
:108CA0007B6993F82430DB0503F400031A437B69E6
:108CB0005B88013BC3F30B031A437B6993F83D3098
:108CC0005B0503F400131343FB60BB69FA685A6049
:108CD000FB7F013BFB77FB7F002B03D1012387F850
:108CE000273006E0F968B869FFF774FC0346002BEB
:108CF000EED07B6993F83D30012B02D1B869FFF7C4
:108D000044FCFC21B869FFF7B5FB0021B869FFF707
:108D1000D0FB0221B869FFF7E7FB7B6993F83C3091
:108D2000002B2CD17B699B7F012B33D1FEF72EF8D2
:108D300001220521B869FFF762FB7B69DB68002B24
:108D400004D001220621B869FFF759FB7B69DB6873
:108D5000002B05D001220021B869FFF750FB06E087
:108D60007B6900225A820121B869FFF71EFC0122AB
:108D70000121B869FFF743FBFEF72CF80AE07B6995
:108D8000DB68002B06D17B6900225A820121B86979
:108D9000FFF70BFC97F8273018462837BD4680BDF3
:108DA000DC87FF1FD887FF1F7C87FF1F7487FF1F8B
:108DB000E885FF1F80B586B000AF0346FB71FB79E5
:108DC000534AD35CDBB21A46524B53F82230FB6055
:108DD000FB79514A52F82330BB600023FB7542F205
:108DE00010733B6162E00521B868FFF7F3FA0346B0
:108DF000002B13D0FB689B68002B0FD0FB79184623
:108E0000FFF79EF8BB68DB6843F02002BB68DA60BE
:108E1000FB680122DA760123FB7538E00621B86889
:108E2000FFF7D8FA0346002B13D0FB68DB68002B52
:108E30000FD0FB791846FFF783F8BB68DB6843F077
:108E40004002BB68DA60FB680222DA760123FB7518
:108E50001DE00021B868FFF7BDFA0346012B07D1DA
:108E6000FB685B8A002B03D0FB791846FFF784F878
:108E70000121B868FFF7AEFA0346012B07D1FB6862
:108E80001B8A002B03D0FB791846FFF7FBF83B69E0
:108E9000013B3B613B69002B08D1FB791846FFF78A
:108EA0004FF8FB680322DA760123FB75FB681B8A07
:108EB000002B02D0FB7D002B95D0FB7D002B22D117
:108EC00042F210733B611AE00021B868FFF782FAA2
:108ED0000346012B07D1FB685B8A002B03D0FB798B
:108EE0001846FFF749F83B69013B3B613B69002BA2
:108EF00005D1FB680322DA760123FB7503E0FB68EA
:108F00005B8A002BE0D1FB7D18461837BD4680BD3B
:108F1000D887FF1F7C87FF1FDC87FF1F80B586B0C7
:108F200000AF0346FB8000237B75324B1B685968FA
:108F3000FA8813465B001344DB000B441B783B7537
:108F400000233B610023FB752A4B1B689A693B7D1C
:108F50005B0013441B78FB73FDF7BAFDFB7B2649CE
:108F60003A7DCA54234B1B685968FA8813465B0044
:108F70001344DB000B445B78FA7B11461846FFF77D
:108F800071FCFDF7C9FD1B4B1B685968FA88134635
:108F90005B001344DB000B443B610023BB751EE008
:108FA0003B695A68BB7D13441B787B757A7DFB7BDC
:108FB00011461846FFF7D2FD0346FB75FB7D002BDB
:108FC0000AD1FB7B1846FFF7F5FE0346FB75FB7DD8
:108FD000002B01D00123FB75BB7D0133BB753B69C1
:108FE0001B7ABA7D9A42DBD3FB7D18461837BD4603
:108FF00080BD00BF7487FF1FD887FF1F80B584B076
:1090000000AF0346FB71FB796A4AD35CDBB21A46B8
:10901000694B53F82230FB60FB79684A52F82330E1
:10902000BB60FB79634AD35CDBB2FF2B00F0BE80F0
:10903000FB689B7F012B06D1B868FFF705FA034652
:10904000002B00F0B3800521B868FFF7C3F9034691
:10905000012B1BD1FB689B68002B17D0FB791846AE
:10906000FEF76EFFBB68DB6843F02002BB68DA6086
:10907000FB680122DA76FB689B6C5B6902221A703E
:10908000FB689B6C1846FFF79FF88FE00621B868D5
:10909000FFF7A0F90346012B1BD1FB68DB68002B0F
:1090A00017D0FB791846FEF74BFFBB68DB6843F02F
:1090B0004002BB68DA60FB680222DA76FB689B6CD0
:1090C0005B6902221A70FB689B6C1846FFF77CF8FC
:1090D0006CE00021B868FFF77DF90346012B07D14A
:1090E000FB685B8A002B03D0FB791846FEF744FF30
:1090F0000121B868FFF76EF90346012B07D1FB6821
:109100001B8A002B03D0FB791846FEF7BBFFFB68D8
:109110001B8A002B4AD100220121B868FFF76FF9A2
:10912000FB689B7F012B04D101220421B868FFF763
:1091300066F9FB685B8A002B38D10421B868FFF719
:1091400049F90346012B31D1FB791846FFF7CEFCD4
:10915000FB6893F85430002B22D0FB681B6D5A1C1F
:10916000FB681A65FB68DB6C5A1CFB68DA64FB68F9
:1091700093F85530013BDAB2FB6883F85520FB6861
:1091800093F85430013BDAB2FB6883F85420FB6853
:10919000DB6C1A78FB7911461846FFF7DFFC05E017
:1091A000FB689B6C1846FFF70FF8FFE700BF10370E
:1091B000BD4680BDD887FF1F7C87FF1FDC87FF1F50
:1091C00080B586B000AFF8600B467A607B810023E3
:1091D0007B61FDF7C3FCFB685B7C012B11D1FB6855
:1091E00002225A74FDF7DEFC7A89264913465B0099
:1091F00013449B000B4401221A70786800F0F8F8C1
:109200003CE07B689B78FB7497F9133004335B0078
:10921000FA6813447B617B691B884FF6FF729342A7
:1092200006D197F91320FB68798923F812100BE017
:109230007B691B881946134A0B465B000B449B0055
:10924000134408337A891A807B697A891A807A896B
:109250000C4913465B0013449B000B4408334FF644
:10926000FF721A80FB6893F9103097F913209A4225
:1092700002DDFB68FA7C1A74FDF794FC00BF183716
:10928000BD4680BDD085FF1F80B485B000AF0346CA
:10929000FB71FB79582202FB03F3094A1344FB607C
:1092A000FB6800221A77FB790649FA6841F8232007
:1092B000002318461437BD465DF8047B704700BF95
:1092C0008087FF1F7C87FF1F80B487B000AF786066
:1092D0000B467B807B6899697B6858687A8813465F
:1092E0005B001344DB0003441B785B000B441B78DA
:1092F000FB757B68D9687B6858687A8813465B0081
:109300001344DB0003445B781A461346DB009B1AC8
:109310009B000B445B78BB757B68D9687B68586899
:109320007A8813465B001344DB0003445B781A46DB
:109330001346DB009B1A9B000B445B797B75FB7D1E
:10934000124A52F823303B613B691B689B0A03F0C9
:109350000F03FB60BB7D012202FA03F3DB43FA68D3
:109360001340FB607A7DBB7D02FA03F3FA68134376
:10937000FB60FB689B0203F470523B691A6000BFFC
:109380001C37BD465DF8047B704700BFDC87FF1FBC
:1093900080B485B000AF03460A46FB711346BB712B
:1093A0000023FB60FB79582202FB03F30F4A1344AE
:1093B000FB60FB68BA79DA77BB79002B02D0012B0E
:1093C00007D00DE0FB6800229A77FB6800221A772D
:1093D00006E0FB6801229A77FB6801221A7700BF3A
:1093E00000BF1437BD465DF8047B70478087FF1FC0
:1093F00080B584B000AF78607B681B781A4658232C
:1094000002FB03F3234A1344FB607B681B69002BB8
:1094100002D07B681B6998471F4B1B689A697B6861
:109420001B785B0013441B78FB727B685B78FA7ACD
:1094300011461846FFF716FAFDF71CFCFB7A7A680E
:109440001178164AD154FDF739FCFB687A689A64A2
:109450007B685A68FB681A657B685A68FB68DA643F
:109460007B681B7A013BDAB2FB6883F855207B6886
:109470001B7A013BDAB2FB6883F85420FB68DB6C93
:109480001A78FB7A11461846FFF768FB00BF1037C1
:10949000BD4680BD8087FF1F7487FF1FD887FF1FD1
:1094A00080B586B000AF0346FB710023FB6000234C
:1094B0007B810023FB757C4B1B689A68FB791B0141
:1094C00013449B68FB600023BB82DCE0764B1B6887
:1094D0009A68FB791B0113449A68BB8A5B001344AA
:1094E0001B887B817A89714913465B0013449B007A
:1094F0000B4401221A706C4B1B6859687A89134619
:109500005B001344DB000B441B69002B0AD0664B45
:109510001B6859687A8913465B001344DB000B44CF
:109520001B699847604B1B685A68FB681B88194683
:109530000B465B000B44DB0013441B7819465C4A66
:109540000B46DB000B445B001344113302221A70FC
:109550007B891846FFF7E2FC0346FB75524B1B68FC
:109560005A68FB681B8819460B465B000B44DB00FE
:1095700013441B7819464E4A0B46DB000B445B0034
:109580001344113301221A70FDF7BAFB464B1B68D6
:109590009A69454B1B685968FB681B881846034647
:1095A0005B000344DB000B441B785B0013441B7817
:1095B0007B727B7A3F4AFF21D154FDF7C5FBFB7DCF
:1095C000002B20D17A89394913465B0013449B0054
:1095D0000B4400221A70344B1B6859687A89134671
:1095E0005B001344DB000B44DB68002B48D02E4BA0
:1095F0001B6859687A8913465B001344DB000B44EF
:10960000DB6898473CE0BB8A7B822EE0264B1B68D8
:109610009A68FB791B0113449A687B8A5B001344A8
:109620001B887B817A89214913465B0013449B0088
:109630000B4402221A701C4B1B6859687A89134626
:109640005B001344DB000B44DB68002B0AD0164B95
:109650001B6859687A8913465B001344DB000B448E
:10966000DB6898477B8A01337B820F4B1B689A68C3
:10967000FB791B0113449B887A8A9A42C6D30DE07A
:10968000BB8A0133BB82084B1B689A68FB791B01BC
:1096900013449B88BA8A9A42FFF418AFFB7D1846A0
:1096A0001837BD4680BD00BF7487FF1FD085FF1FE0
:1096B000EC85FF1FD887FF1F80B584B000AF03463D
:1096C000FB71FB79094AD35CDBB21A46084B53F8AD
:1096D0002230FB60FB689B7F002B03D1FB7918468F
:1096E000FFF78CFC00BF1037BD4680BDD887FF1F39
:1096F0007C87FF1FFFFF0300FFFF0300FFFF030046
:10970000FCFF0300FFFF010080C14203C485064740
:109710000849CA8B4C0D8ECF501192D31455D69751
:10972000D8991A5B9CDD5E1F2061E2A36425A6E741
:10973000A8E96A2BECAD2E6FF0B13273B4F5763731
:109740007839BAFB3C7DFEBF00000000010000003C
:1097500003000000070000000F0000001F000000D1
:109760003F0000007F000000FF000000FF0100003C
:10977000FF030000FF070000FF0F0000FF1F0000B5
:10978000FF3F0000FF7F0000FFFF000000B001402E
:1097900000C0014000D001400100000002000000B4
:1097A000040000000800000010000000200000007D
:1097B0004000000080000000001BB7000000000017
:1097C00000D8B805000000000024F40000050000E7
:1097D00000000E0001020000080100000F0100005F
:1097E000100100001101020012010000130100002D
:1097F0001401000015010000160100001B0100000B
:109800001C0105001D0100002101000023010000D2
:10981000240100002A0100002B0100002C0103009C
:109820002D0100003001000034010000380100006B
:109830004001020043010000460100004801000011
:10984000490100004A0100004B0100004C010000EA
:10985000540100005A0100005D0100006001000099
:109860006201000065010000660100006701000060
:109870006A0100006B010000720100007B01000022
:109880007C0100007E0100007F0100002D0000002F
:10989000D8970000010000023C020100B8970000C8
:1098A00001010000C097000001010000C8970000FE
:1098B00001010000D097000000000000D4970000D4
:1098C00000000000000000008C9800000000000074
:1098D0000000000000000000000000000000000088
:1098E0000000000000000000D09800000000000010
:1098F00000000000F09800009498000001000000B3
:1099000000000000CC98000001000000F498000066
:1099100000000000E89800000000010000010000C5
:109920000000000000010000000100000000000035
:10993000000002010100010100000000000000031E
:10994000000000010000000000000000060001020D
:1099500001010000000000000007000100000100FC
:1099600000000000000008000000010000000000EE
:1099700000000009000000010000000000000000DD
:109980000A0000000100000000000000000B0000C1
:10999000000100000000000000000C0001000101B7
:1099A000000000000000000D0101000201000000A5
:1099B000000000000E000000010000000000000098
:1099C000000F000000010000000000000000100077
:1099D0000000010000000000000000110000000174
:1099E0000000000000000000000101000101020071
:1099F0000000000000010000000100000000000065
:109A0000000002010100020100000000000000034C
:109A1000000100000100000000000000040101013D
:109A2000010100000000000000050000000100002E
:109A3000000000000000060000000100000000001F
:109A4000000000070000000100000000000000000E
:109A500008010100010100000000000000090101EF
:109A6000000101000000000000000A0000000100E9
:109A7000000000000000000B0101000101000000D7
:109A8000000000000C0001000001000000000000C8
:109A9000000D0000000100000000000000000E00AA
:109AA00000000100000000000000000F00000001A5
:109AB0000000000000000000100000000100000095
:109AC0000000000000110001020101000000000080
:109AD0000000000000000100030100000000000081
:109AE000000101010003010000000000000002006D
:109AF0000100000100000000000000030001000060
:109B0000010000000000000005000000010000004E
:109B1000000000000006000100020100000000003B
:109B20000000070101000201000000000000000821
:109B30000101000101000000000000000900000018
:109B40000100000000000000000A00000001000009
:109B50000000000000000B000100010100000000F7
:109B60000000000C000000010000000000000000E8
:109B70000D0000000100000000000000000E0001C8
:109B8000000001000000000000000F0001000001C3
:109B900000000000000000100001000001000000B3
:109BA00000000000110001000001000000000000A2
:109BB000000000000201010001010000000000009F
:109BC000000300000001000000000000000004008D
:109BD000000001000000000000000005000000017E
:109BE000000000000000000006000000010000006E
:109BF000000000000007000000010000000000005D
:109C00000000080000000100000000000000000942
:109C10000000000100000000000000000A00000039
:109C20000100000000000000000B00000001000027
:109C30000000000000000C00000001000000000017
:109C40000000000D00000001000000000000000006
:109C50000E0000000100000000000000000F0101E4
:109C600001010101000000000000100101000101DC
:109C700000000000000000110000000100000000D2
:109C800000000000000000000100000000000000D3
:109C900000010000000100000000000000000200C0
:109CA00000000100000000000000000301010101AC
:109CB000010100000000000004000000010000009D
:109CC000000000000005000000010000000000008E
:109CD0000000060000000100000000000000000776
:109CE0000101000101000000000000000801010066
:109CF0000201000000000000000900000001000057
:109D00000000000000000A00000001000000000048
:109D10000000000B01010001010000000000000034
:109D20000C0000000100000000000000000D000019
:109D3000000100000000000000000E000000010013
:109D4000000000000000000F0001000301000000FF
:109D500000000000100101010101000000000000EE
:109D6000000000001000000018990000120100001F
:109D7000E899000011020000D49A000010030000CE
:109D8000B49B000011040000849C0000050000004A
:109D9000649D0000000000000100000002000000BF
:109DA00003000000040000000500000006000000A1
:109DB0000700000008000000090000000A00000081
:109DC0000B0000000C0000000D0000000E00000061
:109DD0000F0000001000000011000105120000003B
:109DE0001300000014000000150000001600000021
:109DF00018000000190000001A0000001B000000FD
:109E00001C0000001D0000001F00000021000000D9
:109E10002300000027000000290000002C000000A3
:109E20002D0000002E0000002F0000003000000078
:109E30003100000032000000330000003400000058
:109E4000390000003A0000003B0000003C00000028
:109E50003D0000003E0000003F0000004E000000FA
:109E60004F000000500000005100000052000000B0
:109E70005300000054000000550000005600000090
:109E80005700000058000000590000005C0000006E
:109E90005D0000005E0000005F0000006000000048
:109EA0006300000064000000650000006600000020
:109EB0006700000068000000690000006A00000000
:109EC0006B0000006C0000006D0000006E000000E0
:109ED0006F000000700000007100000072000000C0
:109EE00073000000740000007500000076000000A0
:109EF0007700000078000000790000007A00000080
:109F00009C0000009D0000009F000000A0000000D9
:109F1000A1000000A2000000A8000000B4000000A2
:109F2000BE000000640000000080FF1F949D000040
:109F3000004401000000000006000000E1FF0700EF
:109F40000100000001000010E10700100200000005
:109F50000280FF1FE17F002003000000010000409D
:109F6000E3FF074004000000010000E0E3FF0FE012
:109F700001000102309F000005000000349F000036
:109F8000989F000000000000809F00000101000079
:109F90008C9F000001000000249F0000909F0000A3
:109FA00000000000000000000000000000000000B1
:109FB00000000000A89F0000010000000000000059
:109FC00000000000D085FF1F00010000AC9F0000D2
:109FD000010000000000000000000000DC85FF1F01
:109FE0000100000001000000F90400000100000071
:109FF000E09F0000010000000000000001000000E0
:10A00000E49F0000010000000000000000000000CC
:10A0100040420F0000000000010000000024F40096
:10A02000010100000001000000000000A086010006
:10A0300000000000010000000024F4000101000005
:10A04000020100004487FF1FB09F0000E89F00004E
:10A0500008A00000020001020100000040A0000072
:10AA20000118280000000000010000001C85FF1F25
:10AA3000000000000000000000FF00000000000017
:10AA40000000000000000000000000000000000006
:10AA500000000000010000000000000000000000F5
:10AA600000000000000000000000000000000000E6
:10AA700000000000000000000000000000000000D6
:10AA800000000000000000000000000000000000C6
:10AA900000000000000000000000000000000000B6
:10AAA00000000000000000000000000000000000A6
:10AAB00000000000FFFFFFFF00A0024000B00240C6
:08AAC00000C0024000D002407A
:040000030000049D58
:00000001FF
