:2000000000FE002001040000F506010041790000F9060100FD0601000107010000000000FA
:20002000000000000000000000000000130701000507010000000000090701000D07010072
:200040000F0701000F0701000F0701000F0701000F0701000F0701000F0701000F070100E8
:200060000F0701000F0701000F0701000F0701000F0701000F0701000F0701000F070100C8
:200080000F0701000F0701000F0701000F0701000F0701000F0701000F0701000F070100A8
:2000A0000F0701000F0701000F0701000F0701000F0701000F0701000F0701000F07010088
:2000C0000F0701000F0701000F0701000F0701000F0701000F0701000F0701000F07010068
:2000E0000F0701000F0701000F0701000F0701000F0701000F0701000F0701000F07010048
:200100000F0701000F0701000F0701000F0701000F0701000F0701000F0701000F07010027
:200120000F0701000F0701000F0701000F0701000F0701000F0701000F0701000F07010007
:200140000F0701000F0701000F0701000F0701000F0701000F0701000F0701000F070100E7
:200160000F0701000F0701000F0701000F0701000F0701000F0701000F0701000F070100C7
:200180000F0701000F0701000F0701000F0701000F0701000F0701000F0701000F070100A7
:2001A0000F0701000F0701000F0701000F0701000F0701000F0701000F0701000F07010087
:2001C0000F0701000F0701000F0701000F0701000F0701000F0701000F0701000F07010067
:2001E0000F0701000F0701000F0701000F0701000F0701000F0701000F0701000F07010047
:200200000F0701000F0701000F0701000F0701000F0701000F0701000F0701000F07010026
:200220000F0701000F0701000F0701000F0701000F0701000F0701000F0701000F07010006
:200240000F0701000F0701000F0701000F0701000F0701000F0701000F0701000F070100E6
:200260000F0701000F0701000F0701000F0701000F0701000F0701000F0701000F070100C6
:200280000F0701000F0701000F0701000F0701000F0701000F0701000F0701000F070100A6
:2002A0000F0701000F0701000F0701000F0701000F0701000F0701000F0701000F07010086
:2002C0000F0701000F0701000F0701000F0701000F0701000F0701000F0701000F07010066
:2002E0000F0701000F0701000F0701000F0701000F0701000F0701000F0701000F07010046
:200300000F0701000F0701000F0701000F0701000F0701000F0701000F0701000F07010025
:200320000F0701000F0701000F0701000F0701000F0701000F0701000F0701000F07010005
:200340000F0701000F0701000F0701000F0701000F0701000F0701000F0701000F070100E5
:200360000F0701000F0701000F0701000F0701000F070100FFFFFFFFFFFFFFFFFFFFFFFF16
:20038000FFFFFFFFFFFFFFFFFFFFFFFFFFFFFFFFFFFFFFFFFFFFFFFFFFFFFFFFFFFFFFFF7D
:2003A000FFFFFFFFFFFFFFFFFFFFFFFFFFFFFFFFFFFFFFFFFFFFFFFFFFFFFFFFFFFFFFFF5D
:2003C000FFFFFFFFFFFFFFFFFFFFFFFFFFFFFFFFFFFFFFFFFFFFFFFFFFFFFFFFFFFFFFFF3D
:2003E000FFFFFFFFFFFFFFFFFFFFFFFFFFFFFFFFFFFFFFFFFFFFFFFFFFFFFFFFFFFFFFFF1D
:2004000072B6002000210022002300240025002600271F481F4901601F4880F30888FFE718
:200420001E4801680F22120511430160BFF34F8FBFF36F8FFFE71A48002809D019491A4AA1
:20044000521A013A04DD0020002309C1083AFCDAFFE7134800280BD0144802C8013907DB69
:2004600038C82A1BFAD040CC40C3043AFBDCF5E7FFE70F4802C8013907DB18C8E21AFAD0A4
:20048000002520C3043AFCDCF5E762B608F059FF08ED00E00000002000FE002088ED00E092
:2004A000010000000000002000FE0020E8CA01001CCB01007820704770B405460C462A46E2
:2004C000002C0BD955B105E0134601324FF0000C83F800C0002CA4F10104F5D170BC7047A0
:2004E0002DE9F00404460D461646002E0CD95CB155B12F46A446002304E017F803A00CF8B7
:2005000003A00133B342F8D3BDE8F00470472DE9F04D83B005460E4694464FF0000ABCF1FF
:20052000800304D0403B05D0402B06D008E00A232B6006E00C232B6003E00E232B6000E014
:2005400000BF05F108036B6000241FE04FEA840B06EB0B0E0EF1010E9EF800E016F80B700E
:2005600047EA0E2706EB0B0E0EF1020E9EF800E047EA0E4706EB0B0E0EF1030E9EF800E070
:2005800047EA0E6743F80B70671CBCB2B4EB6C1FDCDB2F680A3F05D0023F49D0022F00F0FD
:2005A000998014E1002440E046F20008C0F20108D3F800B058F8247087EA0B07D3F80CB085
:2005C00046F22808C0F20108CBF3072B18F80BB08BEA0707D3F80CB0CBF3074B18F80BB058
:2005E00087EA0B27D3F80CB04FEA1B6B18F80BB087EA0B4B1F7B18F807708BEA07671F61FC
:200600001F69D3F804B087EA0B075F615F69D3F808B087EA0B079F619F69D3F80CB087EAC2
:200620000B07DF61671CBCB210330A2CBCD3CEE000244CE046F20008C0F20108D3F800B0FB
:2006400058F8247087EA0B07D3F814B046F22808C0F20108CBF3072B18F80BB08BEA070743
:20066000D3F814B0CBF3074B18F80BB087EA0B27D3F814B04FEA1B6B18F80BB087EA0B4B8D
:200680001F7D18F807708BEA07679F619F69D3F804B087EA0B07DF61DF69D3F808B087EACE
:2006A0000B071F621F6AD3F80CB087EA0B075F625F6AD3F810B087EA0B079F629F6AD3F8A7
:2006C00014B087EA0B07DF62671CBCB21833082CB0D37CE0002477E046F20008C0F20108CD
:2006E000D3F800B058F8247087EA0B07D3F81CB046F22808C0F20108CBF3072B18F80BB0A3
:200700008BEA0707D3F81CB0CBF3074B18F80BB087EA0B27D3F81CB04FEA1B6B18F80BB020
:2007200087EA0B4B1F7F18F807708BEA07671F621F6AD3F804B087EA0B075F625F6AD3F889
:2007400008B087EA0B079F629F6AD3F80CB087EA0B07DF6293F82C7046F22808C0F20108BF
:20076000D3F810B018F8077087EA0B07D3F82CB0CBF3072B18F80BB087EA0B27D3F82CB038
:20078000CBF3074B18F80BB087EA0B47D3F82CB04FEA1B6B18F80BB087EA0B671F631F6B9B
:2007A000D3F814B087EA0B075F635F6BD3F818B087EA0B079F639F6BD3F81CB087EA0B075F
:2007C000DF63671CBCB22033072C85D300BF5746384603B0BDE8F08D2DE9F04D8BB007467E
:2007E0000C4615464FF0000A7B68009394F802C02388C3EA0C4394F803C043EA0C63019319
:20080000009E331D0093019B36687340019394F806C0A388C3EA0C4394F807C043EA0C636E
:200820000293009E331D0093029B36687340029394F80AC02389C3EA0C4394F80BC043EA9D
:200840000C630393009E331D0093039B36687340039394F80EC0A389C3EA0C4394F80FC0B0
:2008600043EA0C630493009E331D0093049B3668734004933B685B105E1EBAE1DDF800C083
:200880000CF104030093019BDCF800C047F62858C0F201081B069B0D58F8033083EA0C0351
:2008A000DDF808C047F6281BC0F2010BCCF3072C5BF82CC08CEA030C039B47F2285BC0F29B
:2008C000010BC3F307435BF8233083EA0C03DDF810C047F2281BC0F2010B4FEA1C6C5BF8F7
:2008E0002CC08CEA030CCDF814C0DDF800C00DF108080CF10403009398E808481B069B0D1B
:2009000047F62858C0F20108DCF800C058F8033083EA0C03CBF3072C47F6281BC0F2010B9D
:200920005BF82CC047F2285BC0F2010B8CEA030CCEF307435BF8233083EA0C03DDF804C0B3
:2009400047F2281BC0F2010B4FEA1C6C5BF82CC08CEA030CCDF818C0DDF800C00CF10403A2
:200960000093039BDCF800C047F62858C0F201081B069B0D58F8033083EA0C03DDF810C0CD
:2009800047F6281BC0F2010BCCF3072C5BF82CC08CEA030C019B47F2285BC0F2010BC3F397
:2009A00007435BF8233083EA0C03DDF808C047F2281BC0F2010B4FEA1C6C5BF82CC08CEA7E
:2009C000030CCDF81CC0DDF800C00CF104030093049BDCF800C047F62858C0F201081B066F
:2009E0009B0D58F8033083EA0C03DDF804C047F6281BC0F2010BCCF3072C5BF82CC08CEAD2
:200A0000030C029B47F2285BC0F2010BC3F307435BF8233083EA0C03DDF80CC047F2281B71
:200A2000C0F2010B4FEA1C6C5BF82CC08CEA030CCDF820C000BFDDF800C00CF104030093E3
:200A4000059BDCF800C047F62858C0F201081B069B0D58F8033083EA0C03DDF818C047F638
:200A6000281BC0F2010BCCF3072C5BF82CC08CEA030C079B47F2285BC0F2010BC3F30743A3
:200A80005BF8233083EA0C03DDF820C047F2281BC0F2010B4FEA1C6C5BF82CC08CEA030CC0
:200AA000CDF804C0DDF800C00DF118080CF10403009398E808481B069B0D47F62858C0F25B
:200AC0000108DCF800C058F8033083EA0C03CBF3072C47F6281BC0F2010B5BF82CC047F2D3
:200AE000285BC0F2010B8CEA030CCEF307435BF8233083EA0C03DDF814C047F2281BC0F22C
:200B0000010B4FEA1C6C5BF82CC08CEA030CCDF808C0DDF800C00CF104030093079BDCF815
:200B200000C047F62858C0F201081B069B0D58F8033083EA0C03DDF820C047F6281BC0F2CE
:200B4000010BCCF3072C5BF82CC08CEA030C059B47F2285BC0F2010BC3F307435BF8233013
:200B600083EA0C03DDF818C047F2281BC0F2010B4FEA1C6C5BF82CC08CEA030CCDF80CC0FC
:200B8000DDF800C00CF104030093089BDCF800C047F62858C0F201081B069B0D58F803302E
:200BA00083EA0C03DDF814C047F6281BC0F2010BCCF3072C5BF82CC08CEA030C069B47F242
:200BC000285BC0F2010BC3F307435BF8233083EA0C03DDF81CC047F2281BC0F2010B4FEA8E
:200BE0001C6C5BF82CC08CEA030CCDF810C000BF013E002E3FF742AEDDF800C00CF1040329
:200C00000093019BDCF800C047F62858C0F201081B069B0D58F8033083EA0C03DDF808C034
:200C200047F6281BC0F2010BCCF3072C5BF82CC08CEA030C039B47F2285BC0F2010BC3F3F2
:200C400007435BF8233083EA0C03DDF810C047F2281BC0F2010B4FEA1C6C5BF82CC08CEAD3
:200C6000030CCDF814C0DDF800C00DF108080CF10403009398E808481B069B0D47F628583C
:200C8000C0F20108DCF800C058F8033083EA0C03CBF3072C47F6281BC0F2010B5BF82CC098
:200CA00047F2285BC0F2010B8CEA030CCEF307435BF8233083EA0C03DDF804C047F2281BF3
:200CC000C0F2010B4FEA1C6C5BF82CC08CEA030CCDF818C0DDF800C00CF104030093039B6A
:200CE000DCF800C047F62858C0F201081B069B0D58F8033083EA0C03DDF810C047F6281BFB
:200D0000C0F2010BCCF3072C5BF82CC08CEA030C019B47F2285BC0F2010BC3F307435BF8F6
:200D2000233083EA0C03DDF808C047F2281BC0F2010B4FEA1C6C5BF82CC08CEA030CCDF8C3
:200D40001CC0DDF800C00CF104030093049BDCF800C047F62858C0F201081B069B0D58F8C7
:200D6000033083EA0C03DDF804C047F6281BC0F2010BCCF3072C5BF82CC08CEA030C029B9A
:200D800047F2285BC0F2010BC3F307435BF8233083EA0C03DDF80CC047F2281BC0F2010BDC
:200DA0004FEA1C6C5BF82CC08CEA030CCDF820C000BFDDF800C00CF1040300939DF8143045
:200DC00046F22808C0F20108DCF800C018F8033083EA0C03DDF818C0CCF3072C18F80CC022
:200DE00083EA0C23DDF81CC0CCF3074C18F80CC083EA0C43DDF820C04FEA1C6C18F80CC0AA
:200E000083EA0C630193DDF800C00CF1040300939DF8183046F22808C0F20108DCF800C0A2
:200E200018F8033083EA0C03DDF81CC0CCF3072C18F80CC083EA0C23DDF820C0CCF3074C11
:200E400018F80CC083EA0C43DDF814C04FEA1C6C18F80CC083EA0C630293DDF800C00CF1B1
:200E6000040300939DF81C3046F22808C0F20108DCF800C018F8033083EA0C03DDF820C0CC
:200E8000CCF3072C18F80CC083EA0C23DDF814C0CCF3074C18F80CC083EA0C43DDF818C0E8
:200EA0004FEA1C6C18F80CC083EA0C630393DDF800C00CF1040300939DF8203046F22808AA
:200EC000C0F20108DCF800C018F8033083EA0C03DDF814C0CCF3072C18F80CC083EA0C23F1
:200EE000DDF818C0CCF3074C18F80CC083EA0C43DDF81CC04FEA1C6C18F80CC083EA0C6371
:200F00000493019B2B70019BC3F307236B70019BC3F30743AB70019B1B0EEB70029B2B719C
:200F2000029BC3F307236B71029BC3F30743AB71029B1B0EEB71039B2B72039BC3F30723C4
:200F40006B72039BC3F30743AB72039B1B0EEB72049B2B73049BC3F307236B73049BC3F3E6
:200F60000743AB73049B1B0EEB7301A80421FFF7A3FA02A80421FFF79FFA03A80421FFF75E
:200F80009BFA04A80421FFF797FA05A80421FFF793FA06A80421FFF78FFA07A80421FFF7F3
:200FA0008BFA08A80421FFF787FA68460421FFF783FA534618460BB0BDE8F08D2DE9F04DF3
:200FC0008BB007460C4615464FF0000A7B68009394F802C02388C3EA0C4394F803C043EAAC
:200FE0000C630193009E331D0093019B36687340019394F806C0A388C3EA0C4394F807C020
:2010000043EA0C630293009E331D0093029B36687340029394F80AC02389C3EA0C4394F811
:201020000BC043EA0C630393009E331D0093039B36687340039394F80EC0A389C3EA0C432B
:2010400094F80FC043EA0C630493009E331D0093049B3668734004933B685B105E1EBAE1D5
:20106000DDF800C00CF104030093019BDCF800C046F62858C0F201081B069B0D58F8033051
:2010800083EA0C03DDF810C046F6281BC0F2010BCCF3072C5BF82CC08CEA030C039B46F266
:2010A000285BC0F2010BC3F307435BF8233083EA0C03DDF808C046F2281BC0F2010B4FEABE
:2010C0001C6C5BF82CC08CEA030CCDF814C0DDF800C00CF104030093029BDCF800C046F692
:2010E0002858C0F201081B069B0D58F8033083EA0C03DDF804C046F6281BC0F2010BCCF358
:20110000072C5BF82CC08CEA030C049B46F2285BC0F2010BC3F307435BF8233083EA0C039E
:20112000DDF80CC046F2281BC0F2010B4FEA1C6C5BF82CC08CEA030CCDF818C0DDF800C01E
:201140000CF104030093039BDCF800C046F62858C0F201081B069B0D58F8033083EA0C0387
:20116000DDF808C046F6281BC0F2010BCCF3072C5BF82CC08CEA030C019B46F2285BC0F2D6
:20118000010BC3F307435BF8233083EA0C03DDF810C046F2281BC0F2010B4FEA1C6C5BF82F
:2011A0002CC08CEA030CCDF81CC0DDF800C00CF104030093049BDCF800C046F62858C0F250
:2011C00001081B069B0D58F8033083EA0C03DDF80CC046F6281BC0F2010BCCF3072C5BF81B
:2011E0002CC08CEA030C029B46F2285BC0F2010BC3F307435BF8233083EA0C03DDF804C0AD
:2012000046F2281BC0F2010B4FEA1C6C5BF82CC08CEA030CCDF820C000BFDDF800C00CF11A
:2012200004030093059BDCF800C046F62858C0F201081B069B0D58F8033083EA0C03DDF8CC
:2012400020C046F6281BC0F2010BCCF3072C5BF82CC08CEA030C079B46F2285BC0F2010BA0
:20126000C3F307435BF8233083EA0C03DDF818C046F2281BC0F2010B4FEA1C6C5BF82CC066
:201280008CEA030CCDF804C0DDF800C00CF104030093069BDCF800C046F62858C0F2010868
:2012A0001B069B0D58F8033083EA0C03DDF814C046F6281BC0F2010BCCF3072C5BF82CC04F
:2012C0008CEA030C089B46F2285BC0F2010BC3F307435BF8233083EA0C03DDF81CC046F262
:2012E000281BC0F2010B4FEA1C6C5BF82CC08CEA030CCDF808C0DDF800C00CF104030093AF
:20130000079BDCF800C046F62858C0F201081B069B0D58F8033083EA0C03DDF818C046F66F
:20132000281BC0F2010BCCF3072C5BF82CC08CEA030C059B46F2285BC0F2010BC3F30743DD
:201340005BF8233083EA0C03DDF820C046F2281BC0F2010B4FEA1C6C5BF82CC08CEA030CF8
:20136000CDF80CC0DDF800C00CF104030093089BDCF800C046F62858C0F201081B069B0D39
:2013800058F8033083EA0C03DDF81CC046F6281BC0F2010BCCF3072C5BF82CC08CEA030CAA
:2013A000069B46F2285BC0F2010BC3F307435BF8233083EA0C03DDF814C046F2281BC0F21B
:2013C000010B4FEA1C6C5BF82CC08CEA030CCDF810C000BF013E002E3FF742AEDDF800C000
:2013E0000CF104030093019BDCF800C046F62858C0F201081B069B0D58F8033083EA0C03E7
:20140000DDF810C046F6281BC0F2010BCCF3072C5BF82CC08CEA030C039B46F2285BC0F229
:20142000010BC3F307435BF8233083EA0C03DDF808C046F2281BC0F2010B4FEA1C6C5BF894
:201440002CC08CEA030CCDF814C0DDF800C00CF104030093029BDCF800C046F62858C0F2B7
:2014600001081B069B0D58F8033083EA0C03DDF804C046F6281BC0F2010BCCF3072C5BF880
:201480002CC08CEA030C049B46F2285BC0F2010BC3F307435BF8233083EA0C03DDF80CC000
:2014A00046F2281BC0F2010B4FEA1C6C5BF82CC08CEA030CCDF818C0DDF800C00CF1040338
:2014C0000093039BDCF800C046F62858C0F201081B069B0D58F8033083EA0C03DDF808C06B
:2014E00046F6281BC0F2010BCCF3072C5BF82CC08CEA030C019B46F2285BC0F2010BC3F32E
:2015000007435BF8233083EA0C03DDF810C046F2281BC0F2010B4FEA1C6C5BF82CC08CEA0B
:20152000030CCDF81CC0DDF800C00CF104030093049BDCF800C046F62858C0F201081B0604
:201540009B0D58F8033083EA0C03DDF80CC046F6281BC0F2010BCCF3072C5BF82CC08CEA5F
:20156000030C029B46F2285BC0F2010BC3F307435BF8233083EA0C03DDF804C046F2281B10
:20158000C0F2010B4FEA1C6C5BF82CC08CEA030CCDF820C000BFDDF800C00CF10403009378
:2015A0009DF8143048F22818C0F20108DCF800C018F8033083EA0C03DDF820C0CCF3072C23
:2015C00018F80CC083EA0C23DDF81CC0CCF3074C18F80CC083EA0C43DDF818C04FEA1C6CCA
:2015E00018F80CC083EA0C630193DDF800C00CF1040300939DF8183048F22818C0F2010861
:20160000DCF800C018F8033083EA0C03DDF814C0CCF3072C18F80CC083EA0C23DDF820C0AF
:20162000CCF3074C18F80CC083EA0C43DDF81CC04FEA1C6C18F80CC083EA0C630293DDF86C
:2016400000C00CF1040300939DF81C3048F22818C0F20108DCF800C018F8033083EA0C03CA
:20166000DDF818C0CCF3072C18F80CC083EA0C23DDF814C0CCF3074C18F80CC083EA0C4300
:20168000DDF820C04FEA1C6C18F80CC083EA0C630393DDF800C00CF1040300939DF8203075
:2016A00048F22818C0F20108DCF800C018F8033083EA0C03DDF81CC0CCF3072C18F80CC023
:2016C00083EA0C23DDF818C0CCF3074C18F80CC083EA0C43DDF814C04FEA1C6C18F80CC0D1
:2016E00083EA0C630493019B2B70019BC3F307236B70019BC3F30743AB70019B1B0EEB7012
:20170000029B2B71029BC3F307236B71029BC3F30743AB71029B1B0EEB71039B2B72039B83
:20172000C3F307236B72039BC3F30743AB72039B1B0EEB72049B2B73049BC3F307236B7373
:20174000049BC3F30743AB73049B1B0EEB7301A80421FEF7B1FE02A80421FEF7ADFE03A81A
:201760000421FEF7A9FE04A80421FEF7A5FE05A80421FEF7A1FE06A80421FEF79DFE07A8C7
:201780000421FEF799FE08A80421FEF795FE68460421FEF791FE534618460BB0BDE8F08D10
:2017A0002DE9F04D86B016469B4601908DF803100E9F0F9D4FF0010A9DF803C0BCF1000F83
:2017C0002CD128E0394602A81022FEF789FE2A4639460198FFF7F2FB8446E246002408E0C4
:2017E0001BF804C017F804E08CEA0E0C05F804C00134102CF4DB02A958461022FEF770FEB0
:20180000103710354FF0000C102E03D3A6F1100C5FFA8CFC6646002ED4D826E023E0002496
:2018200008E01BF804C017F804E08CEA0E0C05F804C00134102CF4DB2A4629460198FEF7F8
:20184000CBFF8446E246294658461022FEF748FE103710354FF0000C102E03D3A6F1100CB4
:201860005FFA8CFC6646002ED9D8D446604606B0BDE8F08D00B500F0B0FA04F077FF01F0BA
:20188000E1FF00F0F3F800F0BFFA00BDF0B541F68C76C2F20006002505F088FA074630680E
:2018A00042F23411C7F6430188423BD1002435E0C4EB840006F10C0101EBC0000078032819
:2018C0000BD1C4EB840007EB4000007818B1002005F070FF00BB032525E0C4EB840006F1F0
:2018E0000C0101EBC000007806280BD1C4EB840007EB4000007818B1012005F05BFF58B986
:20190000062510E0C4EB840006F10C0101EBC0000078082800D100BF601CC4B2B0798442B0
:20192000C6D300E001252846F0BD30B5002405F03DFA054695F83C00012803D1FFF7A6FF0C
:20194000044600E00124204630BD00B54EF20000C2F200004FF48052002103F0D2FB11F045
:201960008FF800BD2DE9004105F04BFA012809D102F00FF901F090FF06F025FA01F07CFF94
:201980000028FBD100F033FB40F23871C2F200010868012802D102F017F908E040F2387174
:2019A000C2F200010868042801D102F02FF906F0D3F9012805D106F006FA01F06DFF00F0E6
:2019C00036F9BDE8008100B5FFF7CCFF00BD10B40446214600BF084610BC70472DE9F0482C
:2019E0004FF60066C2F200060024002511F028F80746B346022F05D000200146CBE90001B0
:201A0000002418E0314648F22820C0F20100082203F088FB04460CB101250CE0314648F294
:201A20003020C0F20100082203F07CFB04460CB1022500E000252846BDE8F0882DE9F0014A
:201A4000002146F66714C7F2534446F27215C5F274354FF4A420D0E90067AF4202D1A6426C
:201A600000D101210846BDE8F00170472DE9704140F2D455C2F20005002400F034F8FFF7C7
:201A8000ADFF0446E4B1022001F000FF4FF60060C2F200000822002103F033FB002028603C
:201AA000012C06D1012040F23871C2F20001086013E0042040F23871C2F2000108600CE00E
:201AC000FFF7BCFF012808D100F096FA064616B10520286001E000202860286808B90AF03F
:201AE00065FDBDE8708100B584B005F05FF9009005F061F9019005F063F9029005F065F912
:201B0000039048F6B841C0F2010141F68C70C2F200004FF4807203F0DBFA4AF20001C0F274
:201B200001115022009803F0D3FA0098502100F14C0200F0BDF810B9009800F0E5F800BFEF
:201B40004CF20001C0F201110C22019803F0C0FA01980C2100F1080200F0AAF810B9019859
:201B600000F003F900BF4EF20001C0F201114FF4A272029803F0ACFA02984FF4A27100F546
:201B8000A07200F095F810B9029800F0FAF800BF4AF2A011C0F201111C22039803F098FAA3
:201BA000009800F00FF8019800F017F800F002F804B000BD00B541F67070C2F200000AF029
:201BC0001BF800BD10B504460020217805F0E8FD0120A17905F0E4FD10BD2DE970410646A2
:201BE00000240EE056F82420002142F21078022A28BF41460D462946204601F05CFF611CD9
:201C0000CCB2002CEED0BDE8708130B542F2A404C2F2000405F0D9F80546287C022802D19B
:201C2000AA20207001E055202070207830BD2DE9304140F2D454C2F2000401F0D5FE054637
:201C40002068002818D9206801382060206898B948F6B841C0F2010142F20808C0F20508DB
:201C60008868D8F80010884206D148F6B841C0F20101886800F002F8BDE8308110B50446C9
:201C800000F061F9204600F001F810BD10B50446204600F0A7F910BD2DE90041002040F263
:201CA000D451C2F2000108600AF080FCBDE80081F0B584B005460E4614460023009300239B
:201CC0008DF804300295331F9BB2039368460AF0A9F901238DF8043068460AF0A3F90223EF
:201CE0008DF8043068460AF09DF9009FD4F800C00023674505D1D4F800C0BCF1FF3F18BFCF
:201D00000123184604B0F0BD2DE970410446E16CB1F1FF3F0CBF01250025FF21002D18BF68
:201D200000212046502203F0ECF9002112E0C1EB810204EB42021570C1EB810241F6987C5E
:201D4000C2F2000C04EB42030CEBC2021278DA704A1CD1B241F68C73C2F200039A79914244
:201D6000E5D384F83C50BDE8708110B5044620460C22002103F0C5F90021084601F09BFE9F
:201D800010BD10B5044620464FF4A272002103F0B8F949F22611C0F2010104F59470102290
:201DA00003F096F940F2A441C2F2000120464FF4927203F08DF910BD00B510F041FE18B125
:201DC00010F03EFE052807D1A2494FF4FC720020002309C1083AFCDA00BD00B510F08FFD03
:201DE000002010F0FAFD002010F00FFE002010F077FB002011F097F8002010F0EAFF05F05F
:201E000094FF01F0DFFC00BD10B5002448F6F450C0F2010005F0BBFFFFF7F7FE0446AA2CCE
:201E200006D148F6B060C0F2010006F024FB05E048F69460C0F2010006F01DFB002005F0C8
:201E4000B2FF10BD30B444F20001C4F206014FF0B6420124002308E048F2A060C0F20100D8
:201E6000834201D900206CE05B1CC86910F4803FF2D0C86810F0004F00D0CA60C8684FF042
:201E8000010C6CF31240C860C86840F00040C860C86810F0004F00D0CA60C8684FF0010C9F
:201EA0006CF30B20C860C86840F00040C860C86810F0004F00D0CA60C8684FF0010C6CF354
:201EC0000710C860C86840F00040C860C86810F0004F00D0CA60C8684FF0030C6CF30300A2
:201EE000C860C86840F00040C860886A10F0004F00D08A62886A6FF300008862886A6FF363
:201F000059608862886A40F000408862486910F0004F00D04A61886910F0004F00D08A615C
:201F200048696FF30000486188696FF341008861486940F000404861886940F00040886154
:201F4000204630BC704700B50AF04AFB05F0FAFE10F07BFB0021B52010F088FF002134202F
:201F600010F084FFFFF76EFF72B600BDF0B442F2F046C0F2050600253246331D1078D1780D
:201F80009478C1EA00605178240200EB01402118B1F5002F01D3012022E006F1080420786F
:201FA00091F800C0604501D0012019E01878D9789F78C1EA006059783F0200EB01403918B6
:201FC000B1F5002F01D301200AE006F10904207891F800C0604501D0012001E0002528465D
:201FE000F0BC704710B504466168884710BD00B50AF006FB00BD00002DE9F04B83B00124F4
:2020000046F66165C6F6671546F25346C4F26E5642F21008C0F20508D8F80070D7E900230D
:202020000192029342F20C08C0F20508D8E900010090DDF800B0DDF80480DDF80890B145DE
:2020400004D1A84502D1D847C0B20446204603B0BDE8F08B00FE002070B505460E4600BF36
:2020600000BF002404F0C4FB0246144670BD70B505460E4600BFAA68101D04F0CCFB024636
:20208000144634B902F04CFE4FF4FA6001F086FD08E0022C03D1312001F032FD02E022202D
:2020A00001F02EFD00BF70BD2DE9F04D82B08346019100BF062704F079FE02460092DBF834
:2020C0000820101D03F04FF8024615462846FFF77EFC02461546DBF8082002F1080003F064
:2020E00042F80246164600243FE0C4EB840241F69873C2F2000303EBC2029068FFF767FC8E
:202100000246924655452ED3EA43B2422BD3C4EB840241F69873C2F2000303EBC202D268CB
:20212000524495421FD2C4EB840241F6987CC2F2000C0CEBC202D26873195244934212D82B
:20214000C4EB840241F69873C2F2000303EBC202D268964207D8002E05D9204604F081FBCC
:202160000246174608E0621CD4B241F68C73C2F200039A799442B8D33A1C05D0023A023ACA
:2021800050D9022A52D055E0C4EB840241F6D053C2F2000303EB4202D278072A25D1002486
:2021A0000BE0C4EB840241F6D053C2F2000303EB420200231370621CD4B241F68C73C2F228
:2021C00000039A799442ECD348F6B041C0F201010868FFF7FCFB0246154648F6B04CC0F285
:2021E000010C9CE84800F21A561C3146284604F017FD02F095FD4EF6602001F0CFFC41F264
:202200002812C2F20002566141F22812C2F20002156101F031FB0028FBD104F00CFD60B15F
:2022200002270AE0222001F06BFC06E0312001F067FC02E0722001F063FC02B0BDE8F08DCE
:2022400030B504460D462946204601F0DEFA0022104630BD2DE9F04C84B006460F469246FA
:202260009B46002448F23825C0F20105D5F800E0EC46CCF800E0D5F804E0CCF804E0D5F861
:2022800008E0CCF808E0ED68CCF80C5004F098FD844665466B465A46514605F5947001F060
:2022A00074F93A463146684602F03CFF012800D0012400BF204604B0BDE8F08C30B4044699
:2022C0000D4630BC704710B4044610BC704730B404460D4630BC704710B404464FF0FF31D6
:2022E000216010BC70472DE9F00404460D461646002310E0D4F800A0EF5C48F2482CC0F2AD
:20230000010C87EA0A073F06BF0D5CF8077087EA1A2727600133B342ECD3BDE8F0047047E1
:2023200010B404462168C943216000BF10BC704700002DE9F04D83B083468A46002640F2C0
:20234000DC52C2F200021568FEF7B4F8024617463C2F44D9B42F42D200243EE004EB8402A0
:2023600005EB820252885A4535D104EB840205EB820252680192EA68013A03D307D0022ACE
:202380000AD00EE0019A42F0004201920AE0019A42F04042019205E0019A42F08042019200
:2023A00000E000BFDAF808208DF80220DAF80020029204EB840205EB82021288ADF800200F
:2023C000694604EB840205EB8202107A0BF086FB0246164603E0621CD4B2002CBED03246A2
:2023E000104603B0BDE8F08D2DE97041064640F2DC51C2F200010D6800241AE004EB840184
:2024000005EB81010988B14211D104EB840105EB8101096951B104EB840105EB81010A6931
:2024200004EB840105EB81014888904703E0611CCCB2002CE2D0BDE870812DE970010546EB
:202440000C460122D5F810C06E680CEA06030CEA0406B3422ED1EB68052B2AD80FF204080F
:20246000D8E803F003080D151A22B4F1004F00D300221FE0B4F1404F00D300221AE0B4F190
:20248000004F03D3B4F1404F00D2002212E0B4F1004F00D200220DE0B4F1004F03D2B4F5B6
:2024A000806F00D3002205E0B4F1804F00D2002200E000BF00BF1046BDE87001704700006A
:2024C0002DE9F04D82468B4640F2D852C2F2000215680126FDF7EEFF024617463C2F2ED962
:2024E000B42F2CD2002428E0DAF80010C4EB840205EBC200FFF7A1FF024616469AF8043006
:20250000C4EB840205EBC202127A9A4213D196B9C4EB840205EBC20252695AB1C4EB840253
:2025200005EBC20253695946C4EB840205EBC2025088984703E0621CD4B2022CD4D3BDE88B
:20254000F08D000010B4044600BF10BC7047000000002DE9F04D81B004460D461E46ADF884
:202560000220376805F1080B0BEB041CDCF804A0D6F808B0BDF8028005F1080E0EEB041C21
:20258000ACF8008005F1080E0EEB041CD6F808E0CCF80CE05A463946504602F099FD01B09E
:2025A000BDE8F08D00000000F0B504460D4616462378ABB933462A462146A078FFF7C9FF36
:2025C00063780BB901236370A378013313F00103A370A37894F803C0634501D10123237061
:2025E000F0BD2DE9F04481B005460C4600228DF8022000228DF8032022681278022A0AD168
:20260000226852783E2A06D122689278802A02D101F0B1FA3EE00DF103030DF102022146EF
:20262000284600F042FA0246164640F21867C2F20007BA46FF2E2DD09DF8022002F0F0022B
:20264000003A06D0103A04D0103A1DD0102A1BD01FE02246294640F2E050C2F20000FFF70E
:20266000A3FFDAF82420052A0DD106EB8602920048F2D863C0F201030B21D05A01F039F9E6
:20268000384600F0DFF905E02146284600F006F800E000BF01B0BDE8F08400002DE9F04D90
:2026A00084B082460C4600228DF8062000228DF807200DF107030DF106022146504600F036
:2026C000F4F9024617469DF80750FF2F00F014819DF8062002F0F002003A08D0103A2CD0D2
:2026E000103A00F08C80102A00F0A48003E19DF80660A3686A1C9A1AB2421DD3E6B107EBB5
:20270000870248F2D863C0F2010303EB8202A3681269934210D80095F3B2224607EB870C29
:2027200048F2D860C0F2010000EB8C0140F21860C2F2000000F070FADEE0A268082A5DD31A
:20274000BAF1000F5AD107EB870248F2D863C0F2010303EB8202A368126993424ED8226871
:202760009DF806302A44013212781B071B0D9E18AA1CD5B2E6B9D4F800C005EB0C020332B8
:202780001CF805301278C2EA036205EB0C0301331B7842EA034205EB0C0302331B781B023A
:2027A00043EA02062A1DD5B2B6F5805F00D20026A268082A06D19DF80720C2F1080292B2C4
:2027C00096421BD3A268082A07D9A2689DF80730D21A013A92B2964210D3009533462246A5
:2027E00007EB870C48F2D860C0F2010000EB8C0140F21860C2F2000000F070FA7CE040F271
:202800001863C2F200035A6A052A12D1BAF1000F0FD12B46224607EB870C48F2D860C0F294
:20282000010000EB8C0140F21860C2F2000000F0BCFA61E040F21863C2F200035A6D062A7F
:2028400058D1A268032A55D3BAF1000F52D19DF8062012F00F0F10D12B462246C7EB870045
:2028600048F2007CC0F2010C0CEBC00140F21860C2F2000000F062FB3CE09DF8062012F0A7
:202880000F02012A1DD1062240F21863C2F200035A6540F21863C2F20003DA6DFF2A29D8EE
:2028A0004FF47A7000F003FD40F21862C2F20002908640F21863C2F20003DA6D0132DA6566
:2028C00018E09DF8062012F00F02022A12D1C7EB8702D20048F20073C0F201030121D05A67
:2028E00001F039F840F21861C2F2000101F1300000F0C0F800E000BF04B0BDE8F08D2DE901
:20290000F0410746FF2540F21864C2F20004002614E0C6EB860148F20072C0F2010202EB0F
:20292000C1014988B94207D1616D083902D00439032901D8354603E0711CCEB2002EE8D0BD
:20294000FF2D35D0616D0F2931D80FF20808D8E801F0C0462E2E2E2E2E2E2E2E092E2E2E6C
:2029600019092219C5EB8501C90048F20072C0F20102885A002100F0EEFF04F1300000F0A5
:2029800079F85BE0062161654FF47A7000F08FFC0146A18652E094F8311084F858109620EF
:2029A00000F085FC0146A1860921616546E045E0384600F033FC01460D46FF2D3ED0616AC1
:2029C000022908D1052161624FF47A7000F06FFC0146A18032E0616A042911D105EB8501B8
:2029E000890048F2D862C0F20102885A012100F080FF40F21860C2F2000000F023F81DE04C
:202A0000616A112909D101F012F9E16A4FF448724A60204600F016F810E005EB8501890096
:202A200048F2D862C0F20102885A012100F061FF40F21860C2F2000000F004F800BFBDE86B
:202A4000F081000010B40446002121700021A1800021A1600021A181002121610021A182B7
:202A60000021A17700212184002161840021616210BC704710B40446002121700021A180E8
:202A80000021A1600021A181002121610021A1820021A1770021218400216162002184F86A
:202AA00028100021E16210BC70472DE9F04F83B08A4693461F4648F2D86CC0F2010CADF87F
:202AC0000A00FF260125002448E0BDF80A8004EB840E0CEB8E0EBEF802E0C6453AD104EB65
:202AE000840E0CEB8E0EDEF804E0BEF1010F0ED14FF0000E87F800E0DAF800E097F80080EC
:202B000018F80EE08BF800E02646002522E004EB840E0CEB8E0EDEF804E0BEF1000F19D14B
:202B2000DAF8008004EB840E0CEB8E0E9EF808E098F80080C6450DD14FF0010E87F800E00B
:202B4000DAF800E097F8008018F80EE08BF800E02646002504F1010E5FFA8EF4022C01D2E2
:202B6000012DB2D0FF2E52D1012500244CE0BDF80A80C4EB840E48F20079C0F2010909EBFC
:202B8000CE0EBEF804E0F0453AD104EB840E0CEB8E0EDEF804E0BEF1010F0ED14FF0000EC6
:202BA00087F800E0DAF800E097F8008018F80EE08BF800E02646002522E004EB840E0CEB89
:202BC0008E0EDEF804E0BEF1000F19D1DAF8008004EB840E0CEB8E0E9EF808E098F8008003
:202BE000C6450DD14FF0010E87F800E0DAF800E097F8008018F80EE08BF800E0264600258C
:202C000004F1010E5FFA8EF40CB9012DAFD000BF304603B0BDE8F08F2DE9F04F82B00E467C
:202C200093461F4601909DF82CC00CF1010C5FFA8CFA019D022F14D1DBF8004014F80A403E
:202C40003E2C0ED1DBF80040544401342478802C07D1B6F802C0BCF1010F02D100F08BFFB1
:202C600039E06C6A013C02D329D0042C32D1D5F824C0BCF1050F09D10B21308800F039FED0
:202C800040F21860C2F20000FFF7DCFE00240DE0DBF800E004EB0A0818F80EE005F1160C2B
:202CA0000CF804E004F1010C5FFA8CF4BC42EFD3AF772F613046019900F0A2F90BE0012133
:202CC000308800F016FE40F21860C2F20000FFF7B9FE00E000BF02B0BDE8F08F2DE9F04D65
:202CE00081B007460E46924600933C46656A013D02D34BD0042D54D1D4F824C0BCF1050F51
:202D000009D10B21308800F0F4FD40F21860C2F20000FFF797FE9AF808509DF824C0A5EB38
:202D20000C05A57700250FE0DAF800B09DF8248005EB080E1BF80EB004F1160C0CF805B0F0
:202D400005F1010C5FFA8CF594F81EC06545EBD3DDF800C0C4F810C04FF0010C84F800C01B
:202D6000DAF808C0C4F828C0002000F0A0FA8446A4F804C03946304600F069F98446E34607
:202D80005A463946304600F0ADF90BE00121308800F0AFFD40F21860C2F20000FFF752FE03
:202DA00000E000BF01B0BDE8F08D2DE9F04F86B08A4616469B4605904FF0000C8DF801C0E3
:202DC000059CD4F810C0A78AACEB070CCDF804C0356815F80B5005F00F0C8DF803C04FF0B6
:202DE000010C8DF802C0D6F808C0A76ABC450CD2DDF804C00CF10105D6F808C0ADB2AC4577
:202E000003D24FF0000C8DF802C09DF802C0BCF1010F40F0908094F800C09DF80380E0456E
:202E20000BD00521BAF8000000F063FD40F21860C2F20000FFF706FE7DE025780135257072
:202E4000257815F00F052570A56ADDF804C0013DA5EB0B05ADB2AC4508D8DDF804C05FFA7F
:202E60008CF74FF0010C8DF801C004E0A56A013DA5EB0B05EFB2002518E0D4F808C0B4F86E
:202E80000CE0D6F800800BEB0809A944DCF800C099F801800CF80E80B4F80CC00CF1010C4A
:202EA000A4F80CC005F1010C5FFA8CF5BD42E4D3B4F814C0BC44A4F814C0B4F820C00CF19E
:202EC000010CA4F820C09DF801C0BCF1010F1AD14FF00B0CC4F824C0BAF800C0A4F822C085
:202EE000DDF81480D8F854C0BCF1000F23D10021BAF8000000F0FDFC40F21860C2F20000BB
:202F0000FFF7A0FD17E0D4F828C0D6F808E0F4450AD00121BAF8000000F0EBFC40F2186055
:202F2000C2F20000FFF78EFD4FF47A7000F0BFF98446A4F804C006B0BDE8F08F2DE9F04C31
:202F400081B0834615461F46009107F1020C5FFA8CF607F1010C5FFA8CFA0BF13004D5F864
:202F600000C01CF80AC0A4F802C0B4F802C0BCF1000F03D14FF6FF7CA4F802C0D5F800C0AC
:202F80001CF806C0BCF17F0F06D9D5F800C01CF806C0BCF1F10F06D3D5F800C01CF806C0E9
:202FA000BCF1F90F04D94FF07F0C84F801C015E0D5F800C01CF806C0BCF17F0F04D94FF0C5
:202FC000010C84F801C009E0D5F800C01CF8060000F06DF900F1010C84F801C094F801C039
:202FE00084F828C0962000F062F98446A4F804C04FF0090CC4F824C000BF01B0BDE8F08CBD
:20300000F0B505460E4634462146284600F038F80246174687B90B2262622A886284726DB0
:20302000A2B90021288800F064FC40F21860C2F20000FFF707FD09E00121608C00F059FC80
:2030400040F21860C2F20000FFF7FCFCF0BDF0B507460E4634462146384600F011F8024691
:20306000154615B90122626207E0012D03D13046FFF7E8FC01E0032262622A461046F0BDCA
:20308000F0B506460C460125A2683AB904F108022169308800F006FC02461546A268DAB15F
:2030A000A268A38992689A4216D90025002210E0A36804F1160CA7891B681CF802C003F838
:2030C00007C0A38A0133A382A3890133A381531CDAB2A37F9A42EBD32B461846F0BD0000EC
:2030E000000000002DE9F04F86B007468B4615464FF0000A5E4601AB0393002305930024BE
:2031000010E0C4EB840348F2007CC0F2010C0CEBC303B7F80AC05B889C4501D1A24603E07D
:20312000631CDCB2002CECD07B68012B13D07B688BB9DDF80CC0DDF814E0CAEB8A0348F29B
:203140000079C0F2010909EBC3031B7C0CF80E30059B01330593F5B9039BDDF814C04FF007
:20316000300E03F80CE0059B01330593039BDDF814C04FF0000E03F80CE0059B01330593D7
:20318000039BDDF814C04FF0000E03F80CE0059B0133059316E0022D0AD1039BDDF814C001
:2031A0004FF0310E03F80CE0059B0133059309E0039BDDF814C04FF0320E03F80CE0059B08
:2031C0000133059303A800F01AF803A97889FFF7B0F84FF47A7000F06AF80346B38015B962
:2031E0000223736208E0032D02D10423736203E0022D01D11123736206B0BDE8F08F10B463
:20320000044606E02168A26800238B54A1680131A160A1680829F5D310BC7047F0B4054639
:20322000FF23FF22002110E0C1EB810448F2007CC0F2010C0CEBC4046488A54201D10A46E0
:2032400005E001F1010C5FFA8CF10029ECD0FF2A28D0002124E001EB810448F2D86CC0F2E8
:20326000010C0CEB84046489A54215D101EB810C48F2D866C0F20106C2EB820406EB8C06A8
:2032800048F2007CC0F2010C0CEBC4047688A488A64201D10B4605E001F1010C5FFA8CF10B
:2032A0000229D8D300BF1846F0BC7047000010B40446611C89B2084610BC7047F0B4044633
:2032C0000D46164600230DE05F1901373F78802FEF5C2CBF4FF0010C4FF0000C0CEB470707
:2032E000F7540133A4F1010C6345EDDBA4F1010C0CEB0607AC449CF800C04FEA4C0C87F843
:2033000000C0F0BC70472DE9F00C05460E4617469C46002408E017F804A016F804B08AEAA5
:203320000B0A0CF804A00134AC42F4DBBDE8F00C70472DE9F044D8B007460C461646012593
:2033400048F21873C0F20103D3F800C0CDF830C1D3F804C0CDF834C1D3F808C0CDF838C117
:20336000DB684F9350A81022002101F0CAFE48A81022002101F0C5FE02A84FF48C72002121
:2033800001F0BFFE394602A88022FDF7C0F803461D4654AD50AB8DE8280048AB02A81022F4
:2033A0000121FEF7FDF903461D469DF85031802B05D2224654A91020FFF780FF0AE0224660
:2033C00054A91020FFF77AFF23464CAA21461020FFF799FF2378802B05D2324621461020A1
:2033E000FFF76CFF0AE0324621461020FFF766FF33464CAA31461020FFF785FF2B461846B9
:2034000058B0BDE8F084F0B406460C461546002315E0AB4204D216F803C004F803C00AE099
:20342000AB4204D14FF0800C04F803C003E04FF0000C04F803C003F1010C5FFA8CF3102B3F
:20344000E7D3F0BC70472DE9F04DDDB007468A469B4602924DA81022002101F052FE07F15C
:203460000F0C4FEA1C1515B90125002605E017F00F0F01D1012600E0002646B1659A51ABB2
:20348000681E0AEB00111020FFF73DFF0DE007F00F024DA96B1E0AEB0310FFF7B4FF51AB1D
:2034A0004DA91020669AFFF72EFF002409E00DF5B27C4FF0000E0CF804E004F1010C5FFAF6
:2034C0008CF4102CF3D3002426E055AB0AEB041259A91020FFF717FF49A81022002101F0C2
:2034E00010FE03A84FF48C72002101F00AFE594603A88022FDF70BF80DF5B27E0DF5AA7C7B
:203500008DE8005049AB03A810220121FEF748F904F1010C5FFA8CF4A5F1010C6445D4D3EF
:2035200055AB51AA59A91020FFF7EDFE49A81022002101F0E6FD03A84FF48C72002101F067
:20354000E0FD594603A88022FCF7E1FF0DF5B27E0DF5AA7C8DE8005049AB03A810220121BD
:20356000FEF71EF900240BE00DF5B27CDDF808801CF804C008F804C004F1010C5FFA8CF42C
:20358000102CF1D35DB0BDE8F08D2DE9F04C8AB005460E4617469A46002448F2287CC0F2E0
:2035A000010CDCF800E0CDF818E0DCF804E0CDF81CE0DCF808E0CDF820E0DCF80CC0CDF82E
:2035C00024C048F2387CC0F2010CDCF800E0CDF808E0DCF804E0CDF80CE0DCF808E0CDF80F
:2035E00010E0DCF80CC0CDF814C002AA06A92846FFF79FFE0DF1080E0DF1180C8DE800504B
:203600002B46524631463846FFF71DFF00BF20460AB0BDE8F08C2DE9F04D81B006460F4675
:2036200094469A46BAF1010F02D14FF6FF7400E06446002513E016F805E08EEA242B4FEAF5
:203640000B6B4FEADB5B48F2487EC0F2010E3BF80EB08BEA042B1FFA8BFB5C460135BD42B9
:20366000E9D300BF00BF204601B0BDE8F08D70B4044642F20001C4F20301012294B30B699C
:20368000D4F80CC06CF300030B610B69D4F808C06CF382030B610B6913F0010F06D1CB68DB
:2036A000D4F804C06CF30F03CB6001E06368CB60636923B90B6943F0C0030B6105E00B6930
:2036C0004FF0020C6CF387130B610B69D4F810C06CF305130B610B6943F002030B612368A2
:2036E0008B60002200BF104670BC704710B5044634B948F65010C0F20100FFF7B8FF05E0E6
:2037000048F66810C0F20100FFF7B1FF0021084610BD2DE9F04D83B084460E46964642F2AA
:203720000005C4F2030502930024BEF1010F07D12F6947F002072F61DDF80880C5F808806C
:203740002F696FF341072F611DE004EB0C0701373F781CF804A04AEA072704EB0C0A0AF18F
:20376000020A9AF800A047EA0A4704EB0C0A0AF1030A9AF800A04FEA0A6A4AEA070BC5F89A
:2037800008B00434043E042EDFD205E01CF804A085F808A0013E0134002EF7D82F69BF0684
:2037A000BF0F0FB1012F04D1D5F808801FFA88FA03E0D5F808804FEA184A00BF504603B0AB
:2037C000BDE8F08D00B500200CF0DCFE00BD30B404460D4625646A6AA260AA6AE260EA6AD5
:2037E00022612A6B62616A6BA261AA6BE261EA6B226205F1400262626A6CA26205F14802CF
:20380000E262EA6C226330BC7047F0B506460F4640F27435C2F2000540F2B864C2F2000406
:2038200029462046FFF7D3FF07206063214600200CF0CCFE05463A463046216A01F048FCB3
:203840002846F0BD10B540F23C74C2F20004022000F0BFF8002000F0EDF800F032FB04F51A
:20386000E670A06004F13C00E06100F088F800F0A4F800F04EFB10BD4DF8048D40F23C71C9
:20388000C2F2000148695DF8048B704710B50446204600F09EF810BD00B500F02CFB00F0A3
:2038A00039FA00BDF0B405460E46174640F23C74C2F200040023D4F800C0BCF1000F13D18F
:2038C000CC2D01D0FF2D0FD1B6F5006F0AD84FF0010CC4F800C0A580266104F1080CC7F8DA
:2038E00000C002E0032300E0012300BF1846F0BC704770B505460E4640F23C74C2F200041E
:20390000206801280AD12EB9A088854202D100F0A7F903E000F051F800F031F870BDF0B5DB
:2039200006460F4640F23C75C2F2000500246A69022A08D12A8B964205D105F11C023A603D
:2039400001226A6104E000F038F800F018F8012422461046F0BD70B505460E4640F23C743F
:20396000C2F2000446B9228B954205D194F82D2012B90022626101E000F001F870BD30B5D1
:2039800040F23C74C2F2000425460020A06200206061002084F82C00012084F82D0000F09D
:2039A0002BFA00F003FA94F8CC09012802D100F0DAF901E000F0DFF830BD2DE900410020C9
:2039C00040F23C71C2F20001086000F03BF9BDE800812DE91001044641F20811C2F200012F
:2039E0000C70BDE8100170474DF8048D41F20811C2F2000108785DF8048B70472DE9F001E5
:203A000004460D46002300220DE041F2081CA75CC2F2000C9CF800C0BC4500D1012302F180
:203A2000010C5FFA8CF2AA42EFD300BF1846BDE8F00170472DE91001044641F20811C2F219
:203A400000010C71BDE8100170474DF8048D41F20811C2F2000108795DF8048B704710B4C4
:203A60000446012141F21013C2F2000353F82420002A00D9002100BF084610BC70472DE974
:203A8000F00104460D46002300220DE041F2081CA75CC2F2000C9CF804C0BC4500D10123FE
:203AA00002F1010C5FFA8CF2AA42EFD300BF1846BDE8F001704730B404460D46A20041F2C1
:203AC0001013C2F200039D5030BC70472DE91001044641F20811C2F200014C80BDE8100188
:203AE00070472DE90041012040F23C71C2F2000181F82D0000F0B2F9FFF75FFFBDE8008148
:203B000070B5064640F23C74C2F20004E569782E02D0012184F82D107F212970A168097836
:203B20006970AE700321616200F098F994F82D10012901D1FFF741FF70BD70B505460E463A
:203B40001446ADB9CC2E0BD0FF2E0DD1112C0BD0122C09D0312C07D07E2C05D07F2C03D065
:203B60002046FFF7CDFF03E0FFF727FFFFF707FF2B46184670BD10B440F23C74C2F20004C8
:203B800094F8CC09012802D041F28830E08510BC704700B5012000F00CF800BD2DE9100148
:203BA000044640F23C71C2F200018C63BDE8100170472DE91001044640F23C71C2F20001C6
:203BC0000C86BDE81001704730B540F23875C2F2000505F12004206850210170206802213A
:203BE000417020680021817020683221C1702068012101712068F42141710620A0600020BD
:203C00002860FFF76EFFFFF7B6FF30BD2DE90041002040F23871C2F200010860FFF7ABFF12
:203C2000BDE8008140F23C70C2F2000070474DF8048D002040F23C71C2F2000148615DF88D
:203C4000048B7047002007E040F60811C2F20001FF220A54411C88B2B0F5006FF4D370476B
:203C600010B540F23C74C2F20004022020603220FFF79FFF00F0A6F800F075F8012084F8D5
:203C80002C00002084F82D0010BD2DE9F04440F23C74C2F20004002648F6E815C0F2010565
:203CA000002715E0A0682978007881420DD1A088CC2802D16878C00705D4A088FF2803D194
:203CC0006878800700D5A56204E01835781CC7B20A2FE7D3A06AA0B1A06A006988B1A06A5F
:203CE00081784068FFF78AFE8246BAF1000F01D17F2607E0A06A026904F114012046904709
:203D000000E0112626B132460020A188FFF715FFBDE8F08430B581B040F23C74C2F2000421
:203D20006069F0B994F82C00012805D1002084F82C00FFF7AAFF14E094F82D0088B90DF107
:203D4000030002F031FF0546012D0AD1A06A406938B1A06A04F11402214643699DF803008E
:203D6000984701B030BD4DF8048D002040F23C71C2F20001C8855DF8048B704730B540F23D
:203D80003C74C2F20004E08D78B12146C88D401EC885E08D48B9FDF7C8FD0446FEF7E6F87A
:203DA000054614B90DB9FDF7D0FD30BD4DF8048D6FF0FE0040F23C71C2F2000148635DF8B0
:203DC000048B704710B440F23C74C2F200040020606341F28830A06310BC704710B440F2F5
:203DE0003C74C2F20004606B002803DB2146486B401C486310BC70474DF8048D002040F2BE
:203E00003C71C2F2000108865DF8048B704730B540F23C74C2F200040025208EE8B1208E7E
:203E2000401E2086208E10B9606900B90125606B00280DDB606BA16B884209D2012D0CD1FD
:203E40007820FFF75DFE41F28830FFF7B2FE04E01020FFF755FEFFF7A9FF30BD10B540F209
:203E60003C74C2F2000402206061AA20208304F11C01208B04F00BFB00BF10BD70B541F2EF
:203E80001015C2F2000502F096FF0646002415E055F8240000280FD9A1006858401E685060
:203EA00055F8240040B956F82400022804D3A0000021315002F0FDFE601CC4B2002CE7D021
:203EC00070BD4DF8048D002041F20811C2F2000148805DF8048B704710B541F20A14C2F291
:203EE0000004208830B12088401E2080208808B9FDF72BFD10BD00B572B6FFF7BFFFFFF7B6
:203F00003DFFFFF784FFFFF769FFFFF7E5FF62B600BD4DF8048D41F22810C2F200000121C8
:203F200041710021017100210160002181710021C160002141F21412C2F200021170002193
:203F400001610021416100218160002101765DF8048B70472DE9F04F82B007460D460122BD
:203F60008DF8002000228DF8012000264FF0000BBA68527812F0800202D000228DF800205B
:203F8000BA68527812F07F028DF802204FF0000A1CE048F6D823C0F2010303EB0A129DF838
:203FA0000230127893420DD14FEA0A1248F6D823C0F2010302EB030B9DF8026001228DF8B4
:203FC000012006E00AF101025FFA82FABAF1020FDFD30220396900F0C7FE02461446012C51
:203FE00007D11222B9889DF80100FFF7A6FD02461446012C0ED19BF80110DBF80400FFF726
:20400000FDFC0246144620467E22B988FFF795FD02461446012C05D10220396900F097FE48
:2040200002461446012C07D19BF80810DBF80C0000F0A7FE02461446012C65D1002241F260
:204040001413C2F200031A700020FFF7F3FCFFF7CBFC02468DF803203046FFF7BAFC02F032
:20406000B9FE9DF80020012A3CD1AA6850231370BB68AA685B785370022E20D1AA68002373
:204080009370AA683223D37002F09BFB002241F22813C2F200039A60002241F22813C2F266
:2040A00000031A71002241F22813C2F20003DA60002241F22813C2F200039A7107E0012E89
:2040C00005D1AA6800239370AA683223D370AA6801231371AA68F423537106222A61FFF7D8
:2040E00000FD03E0FFF769FCFFF749FC9DF80320022A05D1012E03D13220FFF7E7FC03E07F
:20410000022E01D1FDF7C8FD02B0BDE8F08F2DE9F04D82B0074601914FF0000A01244FF0FD
:20412000010B0026BA68527812F0800201D04FF0000BBA68527812F07F028DF80320002586
:2041400015E048F6F823C0F2010303EB05129DF803301278934208D12A0148F6F823C0F220
:204160000103D6184FF0010A03E06A1CD5B2002DE7D0BAF1010F0CD171787068FFF73EFCA6
:204180000246144620467E22B988FFF7D6FC02461446012C05D10220396900F0E5FD0246EB
:2041A0001446012C06D150461222B988FFF7C5FC02461446012C03D100F009FE02461446A3
:2041C000012C05D10220396900F0C1FD02461446012C05D1317AF06800F0D3FD0246144660
:2041E000012C18D1BBF1010F0ED1019B9A6851231370019B9A689DF803305370019B022290
:204200001A61FFF76EFC03E0FFF7D7FBFFF7B7FB2320FFF75BFC02B0BDE8F08D2DE9F04FB7
:2042200093B007460391002600228DF80320002202924FF0000B0320396900F095FD0246DB
:204240001446012C09D13A69D20706D413220020B988FFF772FC024614463A69013A5208D3
:2042600002923A69013A52080F2A07D33A69013AD20703D41320FFF743FC0024012C4AD1FD
:2042800000244FF0000A43E0BA68013202EB4A0212781202ADF80620BA68BDF80630023256
:2042A00002EB4A0212781A44ADF80620002521E0C5EB850248F60833C0F2010303EB820214
:2042C000BDF806301288934213D14FEA8B030DF1100CC5EB850248F6083EC0F2010E0EEB4A
:2042E00082024CF803200BF101021FFA82FB012402E001350F2DDBD3012C07D031220020A0
:20430000B988FFF71AFC0246144604E00AF1010A029A9245B8D3012C11D100250DE0012C78
:2043200009D104AB53F825209178506800F029FD0246144600E002E001355D45EFD3012C62
:2043400003D100F044FD02461446012C4CD100253AE004AB53F8252092682AB3039B9A6877
:204360000DF1100C3244531C5CF82520128812121A70039B9A680DF1100C3244931C5CF82A
:20438000252012881A70039804AB53F82520836801A93344D81C9268904702468DF8032019
:2043A000BDF80420324496B29DF803200AB100240CE0B21C96B2B6F5C87F04D31420FFF7DA
:2043C0009FFB002402E001355D45C2D3012C0BD19DF8032042B9039B9A6862231370039BCE
:2043E000721C1A61FFF77DFB13B0BDE8F08F2DE9F04E82B00746019100BF00228DF8032071
:204400000025BA6852784FEA022ABA68927852441FFA82FA002614E048F6D833C0F20103B6
:2044200003EB06121288924509D1320148F6D833C0F20103D51801228DF8032003E0721CD0
:20444000D6B2022EE8D30420396900F08DFC02461446012C07D13122B9889DF80300FFF7E1
:204460006CFB02461446012C06D139696A88D01C00F06DFC02461446012C05D12979A868FF
:2044800000F07FFC02461446012C03D100F09FFC02461446012C18D1EA683AB1EB6869884A
:2044A000BA68D01C98470246934601E04FF0010BBBF10B0F03D12220FFF722FB05E0BBF142
:2044C000000F02D07220FFF71BFB02B0BDE8F08E2DE9F04F82B00746019100228DF801205A
:2044E0000025BA6892F801B0002623E0C6EBC60248F6BC33C0F2010303EB820212789345E1
:204500000AD0C6EBC60248F6BC33C0F2010303EB8202927893450BD1C6EBC602920048F6EC
:20452000BC33C0F20103D51801228DF8012003E0721CD6B2002ED9D00220396900F014FC8C
:2045400002461446012C07D11222B9889DF80100FFF7F3FA02461446012C3BD1287900F05A
:204560003EFC02468DF803202A7893451FD14FF0020A5046396900F0EAFB02461446012C80
:204580000DD19DF80300FFF76AFA02468DF802209DF802201AB93720FFF7B2FA0024012C88
:2045A00018D139462846019A00F033FC12E0AA7893450FD1EA7802F1020A5046396900F016
:2045C000C6FB02461446012C04D139462846019A00F064FC02B0BDE8F08F2DE9F04F81B042
:2045E00005468A4600228DF802200026AA6892784FEA022BAA68D2785A441FFA82FB002778
:2046000018E007EBC70248F6F833C0F2010303EB8202128893450BD107EBC702920048F67D
:20462000F833C0F20103D61801228DF8022003E07A1CD7B2032FE4D30420296900F094FBC1
:2046400002461446012C07D13122A9889DF80200FFF773FA02461446012C0CD13179B068C7
:20466000FFF7CCF90246144620463122A988FFF764FA02461446012C05D1317B306900F0C5
:2046800080FB02461446012C13D1AA6852788DF803209DF80320317DB06900F082FB024634
:2046A000144634B912220020A988FFF746FA02461446012C06D129697288101D00F047FB67
:2046C00002461446AA689278FF2A02D1AA68D2783AB1AA689278022A04D1AA68D278062A30
:2046E00000D10124012C16D1DAF8082071231370AB68DAF808205B785370AB68DAF80820EF
:204700009B789370AB68DAF80820DB78D37051462846F269904701B0BDE8F08F2DE9F04F7F
:2047200084B00646039148F6644AC0F2010A0520316900F019FB02461446002241F22813C7
:20474000C2F2000383F8242000228DF80320012C2DD1B26892F801B0B26892788DF80120CF
:20476000002518E00AEBC5021278934511D10AEBC5029DF80130527893420AD101228DF878
:204780000320EA0048F66443C0F2010303EB020A03E06A1CD5B2022DE4D39DF8032032B9FE
:2047A00031220020B188FFF7C8F902461446012C05D10B20316900F0CAFA02461446012CA9
:2047C0004CD1B268D01C00F0CEFC024617463846FDF7FDF802461746B268D01D00F0C3FC95
:2047E000024602923846029902F0DBF802468DF802209DF80220052A04D13120FFF780F995
:2048000000242BE048F66440C0F2010000EBC5029178506800F0B5FA012801D000241DE0A7
:204820009DF80220022A0CD041F22813C2F200039A6832B941F22813C2F200039A79012A44
:2048400004D12220FFF75CF9002407E09DF80220082A03D17020FFF753F90024012C16D124
:20486000BBF1000F08D19DF80120442A04D13046039900F08BFB0AE0BBF1100F07D19DF801
:204880000120442A03D13046039900F0B4FB00BF04B0BDE8F08F2DE9F04D83B0834641F2EB
:2048A0002815C2F2000502914FF0000A2E790320DBF8101000F058FA02461446012C33D154
:2048C000DBF8082052788DF80320DBF81020971E02F08CFA02460192AA79012A08D19DF8A4
:2048E0000320012A04D07320FFF70AF900241BE09DF80320964217D1019AAAB1019A032AB5
:2049000012D0EA68BA420FD1029B9A6876231370029B9A68DBF808305B785370029B0222CB
:204920001A61FFF7DEF80024012C14D13946286802F008F902469246BAF1020F04D1242003
:20494000FFF7DEF8002406E0BAF1050F03D17120FFF7D6F80024012C09D19DF8032032B9CB
:20496000AA79012A03D17320FFF7CAF80024012C0DD1FF2E01D1002601E0721CD6B29DF8EA
:204980000320964203D07320FFF7BAF80024012C21D1DBF81020971E00F0C2F9AA68012A2B
:2049A00013D1DBF808203946901C02F05DF80246924695F8242012B92A683A442A60BAF1A5
:2049C000000F02D10022AA712E71012C03D1EF600022AA712E7103B0BDE8F08D2DE9F041D1
:2049E00006460F46012402F001FA022806D10120316900F0ACF90246144603E02420FFF7F4
:204A00007FF80024012C1ED102F0B6F802461546B5B9002241F22813C2F200039A600022CB
:204A200041F22813C2F200031A7100210846FDF713FB00F075F94FF4FA60FFF7AFF802E0DB
:204A40002420FFF75DF800BFBDE8F0812DE9F04D81B005468B4600274FF0010AAA68527805
:204A600012F0800201D04FF0000AAA68527812F07F028DF8032000260DE048F6E312C0F299
:204A8000010232449DF803301278934201D1012703E0721CD6B2002EEFD00220296900F0F2
:204AA00063F902461446012C06D138461222A988FFF743F802461446012C05D10220296987
:204AC00000F045F902461446012C15D1BAF1010F0ED1DBF808207E231370AB68DBF808202C
:204AE0005B7853700222CBF81020FEF7FAFF03E0FEF763FFFEF743FF00BF01B0BDE8F08D18
:204B0000F0B506460D4614468EB9A3684FF06E0C83F800C0AF68A3687F785F70AF68A368A7
:204B2000BF789F7003232361FEF7DBFF02E07220FEF7E6FFF0BD2DE9F04D82B083460E4619
:204B400014464FF0000AB36893F802C0DB7803EB0C239FB2002518E005EBC50348F6F83C42
:204B6000C0F2010C0CEB83031B889F420BD105EBC50348F6F83CC0F2010C0CEB830301939F
:204B80004FF0010A03E06B1CDDB2032DE4D3BAF1010F4CD1DDF804C0DCF820302BB10198E1
:204BA000036A2246314658469847BBF1000F24D140F21228B7EB080304D04FF6EE4843458C
:204BC00014D019E0012341F2281CC2F2000C8CF81830A3684FF0100C83F804C0A3684FF0E2
:204BE000000C83F805C002F099FE25E0A3684FF0100C83F804C01FE01EE040F21228B7EB2B
:204C0000080304D04FF6EE48434509D00EE0A3684FF0100C83F804C0A36883F805B00BE020
:204C2000A3684FF0110C83F804C005E004E0A3684FF0010C83F804C0A3684FF0710C83F82D
:204C400000C0D6F808C0A3689CF801C083F801C0D6F808C0A3689CF802C083F802C0D6F860
:204C600008C0A3689CF803C083F803C040F21228B7EB080304D04FF6EE48434503D005E024
:204C80000623236103E00523236100E000BFFEF728FF02B0BDE8F08DF0B505460E461446AB
:204CA0006DB9A3684FF0760C83F800C0B768A3687F785F7002232361FEF713FF02E07220B3
:204CC000FEF71EFFF0BD2DE9F04181B005460E46144648F6744CC0F2010CBCF80030ADF85E
:204CE0000230BDB90DF1020000F0BFF9A3684FF0770C83F800C0A3689DF802C083F801C0BE
:204D0000A3689DF803C083F802C003232361FEF7E8FE02E07220FEF7F3FE01B0BDE8F0814D
:204D200000B57820FEF7ECFE41F28830FEF741FF07E003F011F8012801D106F0FFFE06F060
:204D4000F8FEFEF76FFF40690028F2D100BD70B505460E460124AE4203D000241320FEF7B1
:204D6000CFFE2246104670BD70B505460E460124AE4203D200241320FEF7C2FE2246104603
:204D800070BD70B505460E4631462846FEF777FE0246144614B93320FEF7B2FE22461046AE
:204DA00070BDF0B405460E4617460024002308E015F803C0674500D1012403F1010C5FFA2B
:204DC0008CF3B342F4D300BF2046F0BC704710B5012414B92220FEF793FE012010BD30B4BF
:204DE0000446FF2200210EE0C1EBC10348F6BC3CC0F2010C0CEB83031B799C4201D10A46C3
:204E000003E04B1CD9B20029EED000BF104630BC70472DE9F04C81B004468B46164641F2F1
:204E20001415C2F200054FF0010AFEF70EFE03461F462079FFF7D3FF03468DF80330237999
:204E4000BB4205D1E81C0021627800F05AF907E001232B7023786B70E81C63696178984799
:204E6000BAF1010F16D1B3684FF0670C83F800C0DBF808C0B3689CF801C083F801C0627867
:204E8000B368E91C981C00F023F9637802333361FEF727FE00BF01B0BDE8F08C2DE9F04D90
:204EA00082B005468B46924641F21417C2F2000701F081FF03461E462879FFF790FF034626
:204EC0001C463B1902334FF0000C83F800C07B7895F800C0634553D13B78012B50D1002332
:204EE0003B70FEF7C9FC0028FBD1D5F818806B78E978DBF808C0FA1C0CF10200C0470346B0
:204F00008DF803309DF8033003BB56F8243033B1A3004FF0000C46F803C001F0CAFE287984
:204F2000FEF788FDDAF808304FF0670C83F800C0DBF808C0DAF808309CF801C083F801C0CA
:204F40000223CAF81030FEF7CCFD1CE04FEA840C56F80C30013346F80C3056F82430022BA0
:204F600003D23520FEF7CCFD0DE001F0A2FE42F210712046FEF79FFD3620FEF7C1FD02E034
:204F80002420FEF7BDFD02B0BDE8F08DF0B506460D4641F22814C2F2000400222276012202
:204FA000A271002222710122A260B268D01C00F0DAF8024622602068FCF709FD0246226027
:204FC000B268D01D00F0CFF8024617463946206801F0A0FCAA6874231370AA682023537096
:204FE000AA6808239370AA680023D37004222A61FEF777FDF0BDF0B506460D4641F228147F
:20500000C2F2000403F017FF00222276012284F824200122A271002222710122A260B26808
:20502000D01C00F0A0F8024622602068FCF7CFFC02462260B268D01D00F095F802461746F9
:205040003946206801F066FCAA6874231370AA6820235370AA6808239370AA680023D370FA
:2050600004222A61FEF73DFDF0BD10B5044602F010FBC0F30721217002F00BFB014661701B
:2050800010BDF0B405460E4617469C4600BF00BF00BF00BF00242046F0BC7047F0B40546E9
:2050A0000E4617469C4600BF00BF00BF00BF00242046F0BC7047F0B405460E4617469C46F2
:2050C00000BF00BF00BF00BF00242046F0BC70472DE9F00406460F46944633463C466546BC
:2050E0000AE03BB134B194F800A083F800A00133013400E002E0013D002DF2D8BDE8F004B5
:205100007047F0B405460E4617462B463C4605E013B11E70013300E002E0013C002CF7D8E0
:20512000F0BC70472DE9F04C84468A4617460123644655463E460FB9002310E00DE04CB111
:2051400045B194F800B095F800E0F34502D10134013501E0002302E0013E002EEFD800BF61
:205160001846BDE8F08C10B4044622781106627812041144A27812021144E278114400BFBB
:20518000084610BC704700002DE9F04C064641F25814C2F2000404F1480704F1380A04F1D9
:2051A000340B012536B90423002211461520FFF768FF0025606B022802D0606B032806D1B0
:2051C0000623002211461520FFF768FF0025012D46D12660002116E0C1EB8102231D03EB37
:2051E000820201239360C1EB8102231D03EB820200231360C1EB8102231D03EB8202002399
:2052000053604A1C91B2226812889142E4D3002084F84500002084F84400002020640020FF
:20522000E0630020A0630020A4F848000020E064022020650020E065002020660020606509
:205240000020A065002084F86A000020A4F86800002020670020E066142060660320606312
:20526000BDE8F08C10B4044600BF10BC70472DE9F04D83B08A469B4641F25814C2F200042F
:20528000ADF80A0001920127BDF80A0000F00DFA0546616B31B90123022200211520FFF759
:2052A000F0FE54E0019830B90423022200211520FFF7E7FE4BE04FF6FF718D4206D1022323
:2052C0001A4600211520FFF7DCFE40E021684968C5EB850001EB400149888A4506D30323ED
:2052E000022200211520FFF7CCFE30E0BBF1000F0AD023685B68C5EB850003EB40035B8838
:205300000BEB0A01994206DD0523022200211520FFF7B7FE1BE0616B022912D0616B0329B5
:205320000FD0A4F84850C4F85CA0C4F860B0019860650121E164022121650221616300275A
:2053400005E00623022200211520FFF7A7FE384603B0BDE8F08D2DE9F04C82460F4641F235
:205360008C14C2F2000404F1140B0125504600F09CF90646206830B9012303220021152024
:20538000FFF77FFE28E037B90423032200211520FFF777FE20E04FF6FF70864206D102231D
:2053A000032200211520FFF76CFE15E0206802280CD02068032809D0A6820220A061022096
:2053C000E061676202202060002505E00623032200211520FFF762FE2846BDE8F08C2DE978
:2053E000004141F28C11C2F20001086828B90123042200211520FFF744FEBDE800814DF853
:20540000048D41F28C11C2F2000108685DF8048B704730B541F28C15C2F200050124286844
:2054200030B90123062200211520FFF72AFE00E0EC69204630BD2DE9F044074641F28C14D1
:20544000C2F2000404F1140A0025384600F02DF90646206830B90123072200211520FFF772
:2054600010FE01254FF6FF70864206D10223072200211520FFF705FE01252068022802D05E
:205480002068032806D10623072200211520FFF705FE01253DB9A6820320A0610220E06116
:2054A0000220206000BF2846BDE8F0842DE9F044074641F25814C2F2000404F1480A0025AA
:2054C000384600F0F2F80646606B30B90123092200211520FFF7D5FD01254FF6FF70864265
:2054E00007D020684068C6EB860100EB4100007930B90223092200211520FFF7C2FD01255E
:20550000606B022802D0606B032806D10623092200211520FFF7C2FD012545B9A4F8486030
:205520000420E064022020650220606300BF2846BDE8F0842DE9704141F28C14C2F20004DF
:2055400004F114062068002841D0E06902283ED1A06904280BDD0CF073F90546022D36D0F4
:2055600015B900F038F832E000F060F82FE0A069042815D80FF20408D8E800F00306090CD7
:205580000F0000F0D8F80CE000F03AF909E000F068F906E000F091F903E000F0BEF900E029
:2055A00000BFE069022812D0E06940B92068032802D1012020600AE00120206007E0206874
:2055C000032802D10020206001E001202060BDE870810000000070B541F28C14C2F2000465
:2055E000012504F11406A069142808D10020E0612068032801D1256017E0256015E000F08C
:20560000A5F8E061E06930B92068032801D125600BE0256009E0E069022806D0206803281B
:2056200002D10020206000E0256070BD2DE9304141F28C14C2F2000404F11405E0690328D1
:2056400031D0A06914282DD80FF20408D8E800F02A2A2A2A2A1515151E15101E1E0B1E1E6B
:205660001E1E1E1E1E00002000F08AFEE0611AE0002000F051FCE06115E0A06860306060D6
:205680000CF0DEF8E061012020600CE00CF0D8F8E0612068032802D10020206001E0012035
:2056A000206000E000BFBDE830812DE9F004064641F2581CC2F2000C0022DCF8000000883A
:2056C000441E4FF6FF7A16E0A11A01EBD17040101318DCF800004068C3EB830149000D5AF3
:2056E000AE4201D25C1E06E0AE4201D95A1C02E01FFA83FA01E0A242E6DD5046BDE8F00418
:20570000704730B541F29014C2F20004607B48F68041C0F20101C0000D5804F13C0128460B
:2057200020220CF09FF808B1012100E002210A206061084630BD10B541F29014C2F200043C
:2057400000206073FFF7DDFFA06110BD2DE91041012441F2A011C2F20001486813284BD883
:205760000FF20408D8E800F048484848480A0E12161A1E23272B3034383C404400F04BFB85
:2057800004463AE000F098FB044636E000F0B2FB044632E000F0CFF804462EE000F0DDF8F5
:2057A00004462AE0012000F0B7FB044625E000F04AFC044621E000F0AFFD04461DE00120FE
:2057C00000F0DEFD044618E000F09AF9044614E000F0C6F9044610E000F0C1FA04460CE031
:2057E00000F0FBFA044608E000F0DAFA044604E000F021FA044600E000BF2046BDE8108110
:20580000F0B541F25C14C2F2000404F14407B4F84400C0EB800004EB80008568B4F84400E1
:20582000C0EB80008000065965B9E26D216DA06D30440CF017F810B10120E0640EE00220A1
:20584000E0640BE0012D02D10520E06406E0022D02D10420E06401E00120E0641420A064E1
:20586000F0BD30B541F25814C2F2000404F148052168B4F848004968C0EB800001EB400078
:205880000079012810D1B4F84800211DC0EB800001EB80008068022803D100F0BCFA2065AB
:2058A0000AE00120206507E000F092F82065E06C0E2801D00520E06430BD30B541F25C1441
:2058C000C2F2000404F14405B4F84400C0EB800004EB80008068012804D11420A06400200A
:2058E000E06419E004F17000552100F0E5FCB4F84400C0EB800004EB8000406804F1700127
:20590000103010220BF01BFF10B90220E06401E00120E0640820A06430BD10B541F2A014C6
:20592000C2F2000400F054F8A06060680E2801D00920606010BD10B441F25C14C2F20004CF
:20594000B4F844000121C0EB800004EB800081601420A064002010BC7047F0B441F258149C
:20596000C2F2000404F1480304F13805211D2668B4F848007668C0EB800006EB4000428839
:20598000A06B801AA063E06B3030E063B4F848004FF0020CC0EB800001EB8000C0F808C019
:2059A000B4F84800D4F838C0C0EB800001EB8000C0F800C0B4F84800E66B203EC0EB800052
:2059C00001EB800046601420E0640020F0BC70472DE9F04481B041F25814C2F2000404F1F3
:2059E000380A2168B4F848004968C0EB800001EB40004688A16BE26B06F16000891A8842F5
:205A000003D900F027F8054620E0A06B871B04F1740000902568B4F848C06D68CCEB8C0051
:205A200005EB400003793A463146CCEB8C0005EB4000008800F035FD04F174011022E06BBF
:205A40000BF07DFE08B1012500E00225284601B0BDE8F08470B541F29014C2F2000404F109
:205A600010066069E06200202086207B013084F8320094F83200022802D1002084F832003C
:205A800094F8320048F68041C0F2010101EBC0000068606394F8320048F68041C0F201014D
:205AA00001EBC001606B49680844A063606B2030606300F003F80546284670BD70B541F267
:205AC000A014C2F2000494F8220048F68041C0F20101C0000D5894F8220048F68041C0F275
:205AE000010101EBC0004668314628460BF0C9FD08B9022100E001210E206060084670BD55
:205B00002DE9F04441F29014C2F2000404F1100A94F8320048F68041C0F20101C0000D5807
:205B200094F8320048F68041C0F2010101EBC0004668A76804F13C0332462946781C00F0EC
:205B4000ADFA04F13C01284610220BF0F8FD08B9022100E001210F2060610846BDE8F0849F
:205B60002DE9F04D84B041F25815C2F20005B5F8684014E0C4EB8400291D01EB8000866829
:205B800029684968C4EB840001EB400007791EB1012F02D1022E00D105E0601C84B22868EA
:205BA00000888442E6D3A5F8684028680088844203D100F0B3F8824639E029684968C4EB7A
:205BC000840001EB4000B0F802B029684968C4EB84004000405AADF80A00286FA0EB0B0090
:205BE000019005F1740000903B465946019ABDF80A0000F056FC05F174011022E86E0BF070
:205C00009EFD10B14FF0010A01E04FF0020A16B91020E86406E0B5F868000130A5F8680036
:205C20000F20E86401982867E86E3030E866504604B0BDE8F08D2DE9F04D83B041F258142C
:205C4000C2F2000404F1040A94F86A0048F68041C0F20101C0000E5894F86A0048F68041C5
:205C6000C0F2010101EBC000406837182036002532E021684968C5EB850001EB400000792C
:205C80008DF80300C5EB85000AEB8000806850B1C5EB85000AEB8000806802281AD19DF8AD
:205CA0000300012816D121684968C5EB850001EB4000B0F802B0A7EB0B073036C5EB85009D
:205CC0000AEB80000760C5EB8500A6F120010AEB80004160681C85B2206800888542C8D3B8
:205CE000206C0130206494F86A0084F84400A763E663606EE064E06C022803D1FFF7B1FD5A
:205D0000216D07E0E06C042803D1FFF706FE216D00E00121084603B0BDE8F08D30B541F2FD
:205D2000A014C2F2000494F8220048F68041C0F20101C0000D5804F12C00AA2100F0BCFADF
:205D400004F12C0105F1100010220BF0F8FC08B9022100E0012113206060084630BD70B5C1
:205D600041F25814C2F20004B4F8685021684968C5EB850001EB40004688324604F174011D
:205D8000C5EB8500231D03EB800000680BF06AFD08B1012100E002211120E064084670BD88
:205DA00030B541F2A014C2F20004254604F12C00AA2100F081FA606A04F12C012038102227
:205DC0000BF0BDFC08B1012100E00221208C013020840F206060084630BDF0B541F2581442
:205DE000C2F2000404F14807B4F8685021684968C5EB850001EB40004688324604F17401F8
:205E0000206F0BF09CFC08B9022100E001211220E0640846F0BD2DE9F04441F25814C2F26C
:205E2000000404F14807251D04F1380A2168B4F848004968C0EB800001EB400046882168C5
:205E4000B4F848004968C0EB800001EB40000079F0B9A06B801BA063E06B3030E063B4F8E1
:205E600048000221C0EB800005EB80008160B4F84800A16BC0EB800005EB80000160B4F893
:205E80004800E16B2039C0EB800005EB80004160B4F84800A16D3246C0EB800005EB8000C4
:205EA00000680BF04CFC08B9022100E001210620E0640846BDE8F08410B541F25C14C2F264
:205EC000000404F17000AA2100F0F6F9B4F8440004F170011022C0EB800004EB80004068E5
:205EE0000BF02DFC08B9022100E001210720A064084610BD10B441F25C14C2F20004B4F887
:205F000044000021C0EB800004EB800081601420A064002010BC70472DE9F04483B00746FC
:205F200041F29014C2F20004A246012F26D104F13C0302AA01A9684600F010F90646EEB99F
:205F4000607B48F68041C0F2010101EBC00001990068814212D1607B48F68041C0F20101D1
:205F600001EBC00002994068814207D10098A168884203D90098A060607B2073607B01303E
:205F80006073607B022803D100F009F8054602E0FFF7B7FB0546284603B0BDE8F084F0B565
:205FA00041F29014C2F20004A06818B900F02EF8054616E0207B48F68041C0F20101C00014
:205FC0000E58207B48F68041C0F2010101EBC000476806F120006060B819206000F003F89F
:205FE00005462846F0BD10B541F29014C2F2000404F13C01302260680BF034FC08B1012195
:2060000000E002210D206061084610BD2DE9304148F68040C0F20100046848F68040C0F220
:2060200001004568294620460BF02BFB08B9022100E001210B2041F2A012C2F20002506060
:206040000846BDE830812DE9F04141F2A014C2F2000404F12C0548F68040C0F20100066871
:2060600048F68040C0F2010047682B463A463146012000F013F805F11000AA2100F01CF966
:206080002946304620220BF05AFB08B9022100E001210C2060600846BDE8F0812DE9F04FFE
:2060A00085B082468B4696460493049CDDF8108008F12008CDF804800BEB0A0CF444CDF827
:2060C00008C0002507E0EE002AFA06F6665505F1010C5FFA8CF5042DF5D3043400BF002630
:2060E00007E0F7002BFA07F7A75506F1010C5FFA8CF6042EF5D3043400BF002709E04FEA8A
:20610000C70C2EFA0CFC04F807C007F1010C5FFA8CF7042FF3D3043400BF4FF0000C0BE0B2
:20612000DDF808804FEACC0928FA09F804F80C800CF101085FFA88FCBCF1040FF0D30434AB
:2061400000BF04E04FF0FF0884F800800134DDF804804445F6D305B0BDE8F08F2DE9F04F4C
:2061600088B004900591069207934FF0010CCDF804C04FF0000C8DF803C0079CDDF81C800F
:2061800008F11008CDF80880DDF810C04FF00009CCF8009000250FE0675D4FEAC50C07FA7D
:2061A0000CF7DDF810C0DCF800603E43CCF8006005F1010C5FFA8CF5042DEDD3043400BF99
:2061C000DDF814C04FF00009CCF80090002610E0DDF8148014F806C0F7000CFA07FCD8F859
:2061E000007047EA0C07C8F8007006F1010C5FFA8CF6042EECD3043400BFDDF818C04FF008
:206200000009CCF80090002711E0DDF8188014F807A04FEAC70C0AFA0CFAD8F800C04CEA0D
:206220000A0CC8F800C007F1010C5FFA8CF7042FEBD3043400BF4FF0000B4FF0000A0BE081
:2062400014F80AE04FEACA0C0EFA0CFC4BEA0C0B0AF1010C5FFA8CFABAF1040FF0D304343D
:2062600000BFDDF81480D8F800C0DDF81080D8F800E0DDF81880F444D8F800E0E644DE45AF
:2062800014D12046029900F067F878B90DF10302AA21029800F022F840B99DF803C0BCF128
:2062A000010F03D14FF0000CCDF804C0DDF804C0604608B0BDE8F08F70B404460D462246E2
:2062C00004F110031570013204E04FF0FF0C82F800C001329A42F8D370BC7047F0B50446EA
:2062E0000E46174623789E4202D02378FF2B0FD123789E4202D101233B7001E000233B702F
:2063000004F11001601C00F027F803461D4600E001252B461846F0BD2DE9100141F29014C0
:20632000C2F200042346002020730120A06048F68040C0F20100016848F68040C0F201009D
:20634000426801F12000606050182060142060610020BDE81001704770B404460D46002373
:20636000224607E092F800C0BCF1FF0F01D0012302E00132AA42F5D300BF184670BC70470B
:206380002DE9F04D85B041F25814C2F2000404F1040B8DF807004FF0000A04F1740100914A
:2063A0000DF1060303AA02A80DF10A0100F0ECF80746032F02D09DF80700F0B994F844003C
:2063C00048F680421346C0F20102C0F2010302EBC00203EBC0014E6811680E44E16B30316D
:2063E000B14203D31421E164002556E0E16B3031E163FFF7F8FD05464FE0042F03D114216D
:20640000E164002549E0BDF80800FFF74EF906464FF6FF718E4223D0A16BBDF80A20891A9D
:20642000039A8A421CD8E16B039A60318A4217D322685268C6EB860102EB4101BDF80A2045
:20644000498891420CD122685268C6EB860102EB41019DF806200979914201D14FF0010AE4
:20646000BAF1010F13D1C6EB86010BEB81018F60039AC6EB86010BEB81010A60E26BC6EB29
:2064800086010BEB810110324A600399A163E16B3031E163FFF7A7FD0546284605B0BDE8D3
:2064A000F08D2DE9F04F84B083468E4603928DF803300D9C04F1300CCDF804C0DDF80C8028
:2064C0000EEB0B0C08EB0C059DF803C0BCF1010F03D1013545F0004501E025F000450026AE
:2064E00007E0F7004BFA07F7A75506F1010C5FFA8CF6022EF5D3023400BF002709E04FEA6A
:20650000C70C4EFA0CFC04F807C007F1010C5FFA8CF7022FF3D3023400BF4FF0000C0BE092
:20652000DDF80C804FEACC0A28FA0AFA04F80CA00CF1010A5FFA8AFCBCF1040FF0D304347B
:2065400000BF4FF0000A0DE04FEACA08CDF80880DDF8088025FA08F804F80A800AF10108E8
:206560005FFA88FABAF1040FEED3043400BF04E04FF0FF0884F800800134DDF8048044458D
:20658000F6D304B0BDE8F08F2DE9F04F88B004900591069207930325119C4FF0000C8DF8CC
:2065A00001C04FF0000C8DF802C004F130012046FFF7D2FE08B90425D3E004F1100CCDF8C3
:2065C0000CC0DDF810C04FF00009ACF80090002612E0DDF8108014F806C0F7000CFA07F784
:2065E0001FFA87FCB8F8007047EA0C07A8F8007006F1010C5FFA8CF6022EEAD3023400BFCA
:20660000DDF814C04FF00009ACF80090002713E0DDF8148014F807A04FEAC70C0AFA0CFC07
:206620001FFA8CFAB8F800C04CEA0A0CA8F800C007F1010C5FFA8CF7022FE9D3023400BFDC
:20664000DDF818C04FF00009CCF800904FF0000A11E0DDF8188014F80AB04FEACA0C0BFA70
:206660000CFBD8F800C04CEA0B0CC8F800C00AF1010C5FFA8CFABAF1040FEAD3043400BF5D
:206680004FF0000CCDF804C04FF0000B0FE0DDF8048014F80BE04FEACB0C0EFA0CFC48EA4B
:2066A0000C08CDF804800BF1010C5FFA8CFBBBF1040FECD3043400BFDDF81880D8F800C022
:2066C000DDF81480B8F800E0DDF81080F444B8F800E00EEB0C08CDF80880DDF804C01CF095
:2066E000004F06D1DDF81CC04FF000098CF800900BE0DDF81C804FF0010C88F800C0DDF8AA
:20670000088008F10108CDF80880DDF8048028F0004CDDF8088028F0004EF44521D1204691
:206720000399FFF719FEE0B90DF10102AA210398FFF7D4FDA8B903990DF1020201F11000E8
:206740005521FFF7CBFD60B99DF801C0BCF1010F06D19DF802C0BCF1000F01D1002500E018
:20676000012500BF284608B0BDE8F08F2DE9704141F2CC65C2F2000505F18006002085F8ED
:20678000E806012085F88000002405E02819823000210170601CC4B20A2CF7D3284680225D
:2067A0000021FEF7AEFC00F00CF848F6C850C0F20100416840F2E030C2F200008847BDE809
:2067C000708110B541F24C74C2F200040020C4F8600601F0A3F80020C4F864060020C4F868
:2067E00074060020C4F870060020C4F86C0610BD30B541F24C75C2F2000500242878012833
:2068000002D100F094FC04460320C5F8640600206870204630BD70B5064641F24C74C2F22E
:20682000000400252178012903D100F080FC01460D46A66194F8681602290CD25DB994F8D6
:206840006816013184F86816A6610321C4F864160021617002E0FFF7B4FF022529460846CC
:2068600070BD2DE9F044044641F24C76C2F2000641F6D057C2F2000741F68C7AC2F2000A94
:2068800000259AF806108C423FD2C4EB84010AF10C0202EBC1013A6C49888A4207D3C4EB94
:2068A00084010AF10C0202EBC101498859BBC4EB8401002207EB41010A70002187F83C10C6
:2068C000C4EB84010AF10C0307EB410203EBC1010978D170C4EB84014FF6FF7207EB4101B5
:2068E0008A8001F01BF83473317B3144023100220A70002171700121C6F864162046002110
:2069000000F04EFF02E0012500E0062529460846BDE8F0842DE9F04C82468B4641F24C7473
:20692000C2F200040025C4F810A0C4F814B0002284F868262278C2B90122C4F86026227F47
:2069400001322277227FA4F1080302EB820203EBC20223691360227FA4F1080302EB820256
:2069600003EBC2026369536014E0277F07EB870204EBC20303F120062269326000227260F2
:2069800000F004FC02461546227F013222770122C4F860260022C4F864262A461046BDE8BF
:2069A000F08C2DE9F04C05460F4641F24C76C2F20006002496F8682622B1002286F8682679
:2069C000FFF7FFFED6F860262AB1D6F86026032A01D0022441E03278CABB4EF20002C2F2D7
:2069E0000002954231D3EA43BA422ED34FF20002C2F20002954228D87A194FF20003C2F235
:206A000000039A4221D8B7F5805F1ED8002F1CD94EF20002C2F20002954201D1FFF7D1FE93
:206A200096F81CA0BAF1000F17D9A6F108030AEB8A02D20002EB030BDBF80420DBF8003078
:206A40001A44954209D2022407E0052405E03946284600F0E7FA024614460CB1FFF7B1FE49
:206A600022461046BDE8F08C2DE9F04D89B041F24C7BC2F2000B41F22817C2F20007019034
:206A800002910025029EDDF804A00024DBF81420921BCBF814209BF80020002A43D197F8D6
:206AA0002420012A2AD100228BF86A2621E0FBF79EFA802E01D9802403E0344601228BF87D
:206AC0006A2603AA2146504602F0C8F9079A0399386800F00BFF05462DB9079A03993868E4
:206AE00000F0DCFE0546361BA2443A68079B1A443A60002E14D9002DD9D011E0FBF777FAC9
:206B000032460199386800F0F1FE054645B901228BF86A2632460199386800F0BFFE0546BB
:206B2000FBF765FA0AE00198CBF81800CBF874660222CBF8642600228BF80120284609B0AB
:206B4000BDE8F08DF0B506460F4641F24C75C2F200050024D5F86026012A03D00224FFF78F
:206B600030FE06E02A69B24202D16A69BA4200D2052422461046F0BD30B541F24C75C2F2E5
:206B800000050024D5F86006022808D10320C5F860060020C5F8640600F0DDFC02E0022438
:206BA000FFF70FFE204630BD10B4044641F24C72C2F200020021D2F8643643B95378072B4C
:206BC00005D05378237000235370012102E000232370002100BF084610BC704710B541F239
:206BE0004C74C2F20004D4F86406013810D303D0022805D308D00BE000F0ADF9607008E0E5
:206C000000F0BCFB607004E000F0BFFC607000E000BF60780A2802D00020C4F8640610BD10
:206C200070B405460E4641F6B854C2F200042560666070BC70472DE9104184B040F2E03487
:206C4000C2F2000400208DF8040041F6D050C2F2000002904C200390684605F0E3F9012097
:206C60008DF80400684605F0DDF902208DF80400684605F0D7F9009841F6D051C2F200014F
:206C8000C86441F6D050C2F2000060614AF20000C0F20110E0604FF4DE702061204605F050
:206CA0007AF908B9002100E00121084604B0BDE810812DE9104184B040F2E034C2F20004AC
:206CC00000208DF8040041F62060C2F20000029008200390684605F0A5F901208DF8040068
:206CE000684605F09FF902208DF80400684605F099F9009841F6D051C2F20001886541F6B0
:206D00002060C2F2000060614CF20000C0F20110E0600C202061204605F03DF908B900211D
:206D200000E00121084604B0BDE810812DE9104184B040F2E034C2F2000400208DF80400D7
:206D400041F62C60C2F2000002904FF4A0700390684605F067F901208DF80400684605F0F4
:206D600061F902208DF80400684605F05BF9009841F6D051C2F20001C1F89C0141F62C6059
:206D8000C2F2000060614EF20000C0F20110E0604FF4A2702061204605F0FDF808B9002133
:206DA00000E00121084604B0BDE8108141F6D050C2F20000704741F62060C2F200007047B5
:206DC00041F62C60C2F20000704741F67070C2F2000070474DF8048D002041F24C71C2F269
:206DE0000001C1F860065DF8048B70474DF8048D41F24C71C2F20001D1F860065DF8048B4A
:206E0000704710B441F24C74C2F20004D4F86406012804D160780A2801D1012000E000201B
:206E200010BC704710B441F24C74C2F20004D4F86006032802D10020C4F8600610BC70476B
:206E40002DE9F04484B082460F4641F6D055C2F2000540F2E036C2F200060024182F30D114
:206E60003A46514605F5D270FEF732F905F5D07004F0C2FE00228DF8042002954C2203924C
:206E8000684605F0CFF801228DF80420684605F0C9F802228DF80420684605F0C3F8009A93
:206EA000EA6475614AF20002C0F20112F2604FF4DE723261304605F06EF808B9002400E09D
:206EC00001242246104604B0BDE8F0842DE9F04482460F4641F24C76C2F2000641F6D05590
:206EE000C2F200050024102F22D1D5F8940144F64A31C5F24801884218D03A46514605F5A9
:206F0000C270FEF7E5F844F64A30C5F24800C5F89401FDF705FFFFF709FF18B900207070A1
:206F2000002406E001207070012402E00B2400E001242046BDE8F0842DE9100104460021FA
:206F400041F6D052C2F2000282F83C4000BF0846BDE8100170472DE9F04541F24C75C2F2BF
:206F6000000540F2E037C2F2000740F26C6AAA440A260024D5F86C06F860D5F8700638614B
:206F8000D5F87006B0F5001F2DD8D5F87006386148F6C850C0F20100C168384688473889C9
:206FA000E8B9297BA81C01224254287B41F6D051C2F20001C0EB800001EB4000C0780728A1
:206FC0000BD1002405E0297BA81C01224254601CC4B20A2CF7D3002602E0002600E0012684
:206FE000FFF7EFFB1BE04FF40010386148F6C850C0F20100C16838468847388960B9D5F8A4
:207000007006A0F50010C5F87006D5F86C0600F50010C5F86C0602E0FFF7D3FB012630466C
:20702000BDE8F0852DE9F04F83B007468B4641F24C76C2F2000641F68C7AC2F2000A0025C1
:20704000002400228DF8022000245BE0321902321278012A54D10AF10C03C4EB840203EB5E
:20706000C2029068FAF7B3FC02460192327F282A46D2FA435A4543D3019A974240D3C4EB96
:2070800084020AF10C0303EBC202019BD2681A44974235D2C4EB84020AF10C0C0CEBC20297
:2070A000DDF804C0D2680BEB07036244934227D8C4EB84020AF10C0303EBC202D268934580
:2070C0001ED8BBF1000F1BD9327F8DF80320347301228DF802209DF803208AB19DF8032096
:2070E000A6F1080302EB820203EBC2020292DDF808C09CE8080108EB0302974200D208253D
:20710000621CD4B29AF8062094429FD39DF80220012A00D005252DB9327B324402321278C8
:2071200002B908252A46104603B0BDE8F08F2DE9F04141F2CC64C2F2000440F2E035C2F26D
:20714000000504F5DF670026D4F8FC06D8B1D4F8F806E860D4F8FC06FF21C0F180022044D7
:20716000FDF7CFFF20466861802028610020C4F8FC0648F6C850C0F2010001692846884767
:20718000288900B101263046BDE8F08170B541F2CC64C2F2000404F5DF660025D4F8FC0669
:2071A00070B3D4F8F806D4F8901020F07F0021F07F01884213D1D4F89000D4F8FC36D4F882
:2071C000F816C01A421A1819FF21FDF79AFFD4F89000D4F8F816401AC4F8FC061DE0FFF74C
:2071E000A6FF054600F0F0FAD4F8900010F07F00C4F8FC0620468022FF21FDF782FF0CE0A3
:2072000000F0E2FAD4F8900010F07F00C4F8FC0620468022FF21FDF774FF284670BD2DE9C9
:20722000F04141F2CC64C2F2000404F5DF6740F2E035C2F20005002696E0D4F8FC06D4F88D
:20724000F416084480286ED3D4F8FC06D4F89810C0F180022044FDF73BFFD4F8FC06C0F169
:207260008002D4F898001044C4F89800D4F8FC06C0F18002D4F8F406801AC4F8F406D4F89D
:207280009000D4F8FC16401AE860802028612046686148F6C850C0F20100016928468847D6
:2072A000D4F8FC06C0F18002D4F890001044C4F89000D4F89000C4F8F8060020C4F8FC06DD
:2072C000288908B101264FE0D4F89400A0B994F8EA06012810D1D4F8F40668B900F0ABF835
:2072E000012803D1E86800F008F93DE094F89C10E86800F0B1F837E000F09DF8012804D178
:207300002969E86800F064FA2EE094F89C000138C1B2E86800F0A0F800F056FA2969E86861
:2073200000F056FA20E0D4F8F426D4F89810D4F8FC062044FDF7CCFED4F89000D4F8FC1689
:20734000401AC4F8F806D4F8FC06D4F8F4160844C4F8FC06D4F89000D4F8F4261044C4F819
:2073600090000020C4F8F406D4F8F406002802D9002E3FF462AF3046BDE8F0812DE9F04D8D
:2073800086B041F24C77C2F20007BB460025D7F818A0D7F87466002441F22811C2F200016B
:2073A00091F82400012834D1002087F86A062BE0FAF71DFE802E01D9802403E03446012022
:2073C00087F86A066A462146504601F047FD41F22813C2F20003049A0099186800F086FA90
:2073E00005467DB90098B8610498C7F87406FFF716FF054641F22811C2F20001049A086801
:2074000010440860A244361B002E05D9002DCFD002E0FFF704FF0546FAF7E9FD2DB97869DD
:2074200028B90220C7F8600601E0FFF7CAF9284606B0BDE8F08D10B441F24C74C2F20004D5
:20744000207F0138C2B2637F934201D1012100E00021084610BC70472DE9F04D81B0824617
:2074600041F26875C2F200058DF803106C7804EB840205EBC2031F1D7A683B681A44A2EBF1
:207480000A0B5946504604F0F2FD04F0FCFD024616466A7801326A70314607F10800202286
:2074A000FDF716FE6C7821E004F0D9FD04EB84022B1D03EBC202516804EB840253F83200FB
:2074C00004F0D5FD04F0DFFD02461646314604EB84022B1D03EBC20202F108002022FDF75B
:2074E000F7FD6A7801326A70621CD4B29DF803209442D9D301B0BDE8F08D2DE9F044064602
:2075000041F26875C2F2000529780139CFB207EB870105EBC102141D21688E4207D36168EC
:20752000226830461144891B04F0A1FD03E06168206804F09CFD04F0A6FD01468A46697870
:2075400001316970514604F108002022FDF7C0FD00BFBDE8F084F0B541F26874C2F2000455
:2075600020780138C5B205EB850004EBC0010E1D04F089FD0746607801306070394606F15D
:2075800008002022FDF7A4FDF0BDF0B541F24C76C2F20006002400F024F800F084F800254A
:2075A0000DB901203070B5B9307B41F6D051C2F20001C0EB800001EB400001210170307B89
:2075C00041F6D051C2F20001C0EB800001EB400700F05FF8B8802C460CB9FFF7F2F8204644
:2075E000F0BD2DE9F04CADF5006D41F24C74C2F2000468464FF40062002105F02CF8002520
:20760000207B41F69871C2F20001C0EB800001EBC00086682069A0EB060A4FEADA20C7B245
:20762000CAF30A0B0020FCF761F8002410E006EBC42168464FF40062FDF74AFD68460023C3
:207640001A464FF40061FCF764F80546601CC4B2BC42ECD35A4606EBC7216846FDF738FD8D
:207660005946684600231A46FCF753F80546284600F004F80DF5006DBDE8F08C2DE91001A0
:20768000044641F6CC51C2F200010C80BDE8100170474DF8048D41F6CC51C2F2000108882F
:2076A0005DF8048B70472DE9F04D40F60807C0F20007ADEB070D41F24C7AC2F2000A02A8D1
:2076C0004FF40062002104F0C6FF0025DAF8100010F8021C10F8010C090241EA000B9AF816
:2076E0000C0041F69871C2F20001C0EB800001EBC0008668DAF810000238801B00900099E4
:20770000C80AC7B2DDF80080C8F30A08CDF804800120FBF7EBFF002410E006EBC42102A822
:207720004FF40062FDF7D4FC02A800231A464FF40061FBF7EEFF0546601CC4B2BC42ECD336
:2077400006EBC72102A8019AFDF7C2FC02A800231A460199FBF7DDFF0546DAF81000B0F5F2
:20776000E02F0BD95D4504D10121084600F018F80FE00021012000F013F80AE05D4504D1A2
:207780000121002000F00CF803E00021084600F007F840F60807C0F20007BD44BDE8F08D51
:2077A00030B404460D4641F6CE52C2F20002155530BC704710B4044641F6CE51C2F2000115
:2077C000095D084610BC704700B504F048FC00BDF0B505460E4641F24C74C2F20004207F3A
:2077E0000138C7B207EB870204EBC20101F120042068854204D33146284604F038FC05E07C
:2078000022687019811A104604F031FCF0BD2DE9F04C84460F4641F24C72C2F2000200235B
:20782000147FA2F1080504EB840405EBC4056C683C446C60147FA2F1080604EB8404E40036
:20784000A559147FA2F1080A04EB84040AEBC4046668147B41F6987BC2F2000BC4EB840421
:207860000BEBC40B147BDBF808B041F6987EC2F2000EC4EB84040EEBC404E46805EB060AD6
:207880005C44A24500D9052323B10024C2F864460524547000BF1846BDE8F08C2DE9F0448F
:2078A00006468A46154641F24C74C2F2000400272A4651463046FDF70BFC29463046FFF72C
:2078C00087FF23692B442361636933B994F86A36012B02D10223C4F860360023C4F86436D0
:2078E000002363703B461846BDE8F0842DE9F04407468A46164641F24C75C2F20005002406
:207900004CB931463846FFF782FF04461CB9C5F818A0C5F874662046BDE8F08410B441F255
:207920004C74C2F2000400206077002020770020C4F87C060020C4F8780600BF10BC704727
:2079400010B440F2FC34C2F2000420780028FCD110BC704730B50446616811B102212181BA
:207960002EE014B9052121812AE0217829B96178012902D1A178012902D0062121811FE02C
:20798000002009F026FE48F67840C0F20100FDF7FBFB002001F0EAFD04F01FFB002009F0F8
:2079A000DAFF09F03BFF01460D46012D04D1012161600021218103E00021616001212181EF
:2079C00000BF30BD10B40446616811B90221218105E000216161002121610021218100BFA8
:2079E00010BC704730B404460D460022B4F1807F06D3B4F1817F03D2A4F180732B600AE06D
:207A0000B4F5005F06D3B4F5002F03D204F5F0332B6000E0012200BF104630BC70472DE960
:207A2000F04D85B00446D4F80CA02169E2681144A1F1010B0021019100274FF400560025B3
:207A4000616811B9022121815BE0216911B90421218156E06A465946504600F02AF9014603
:207A6000ADF80A10BDF80A10012902D10721218147E001A95046FFF7B5FF01460D4615B140
:207A8000092121813EE0019BB3FBF6F106FB1132991A01910199226911444F1E2EE009F054
:207AA000BDFE014603910399012902D00A21218128E03146019809F0E4FD01460D4615B179
:207AC0000B2121811EE005E009F071FFA16909B1A169884709F0A2FE0128F5D115B10C2174
:207AE00021810FE009F0ACFE01460491049911B10D21218106E00199314401910199B9422B
:207B0000CDD900BF05B0BDE8F08D2DE9F04D8DB00446D4F80CB02169E2681144491E0691A0
:207B200061690591216904910025102748F6B851C0F201010B6809934B680A938B680B937F
:207B4000C9680C91002600210191616811B902212181AAE0216911B904212181A5E0616932
:207B600011B905212181A0E0BBFBF7F107FB11B111B10821218199E06A465846069900F0AE
:207B800098F80146ADF81E10BDF81E1011B1072121818AE001A95846FFF724FF01460E4666
:207BA00016B10921218181E000252FE009F036FE014602910299012902D00A21218175E0DD
:207BC0000598019B3A462918E81809F0B8FD01460E4616B10B21218168E005E009F0E7FEC2
:207BE000A16909B1A169884709F018FE0128F5D116B10C21218159E009F022FE0146039127
:207C0000039911B10D21218150E03D44049A79199142CBD92189002947D104998D4244D271
:207C2000DDF81080A8EB0508CDF820804FF0000A0AE0059B0AEB05029A5C09A901F80A2040
:207C40000AF101015FFA81FA08998A45F1D309F0E5FD014602910299012902D00E21218102
:207C600024E0019B3A4609A9E81809F068FD01460E4616B10F21218118E005E009F097FE35
:207C8000A16909B1A169884709F0C8FD0128F5D116B11021218109E009F0D2FD0146039174
:207CA000039911B11121218100E000BF0DB0BDE8F08DF0B404460D46164601234FF0020C06
:207CC000C6F800C0AC4201D901232AE0B4F5005F0ED3B4F5002F0BD2B5F5005F08D3B5F504
:207CE000002F05D24FF0000CC6F800C0002318E0B4F1807F14D34FF6FF77C1F20107BC429B
:207D00000ED8B5F1807F0BD34FF6FF77C1F20107BD4205D84FF0010CC6F800C0002300E0DB
:207D2000012300BF1846F0BC704700B500200AF03FF800200AF0C7F94FF47A6100200AF087
:207D400012F900BD00B500200AF066F900200AF0E0F90AF08CF800BD10B442F29004C2F2BF
:207D6000000400212078012802D1012100202070084610BC70474DF8048D012042F29001EB
:207D8000C2F2000108705DF8048B7047704730B5054642F29C04C2F20004656000F098F863
:207DA0000120206030BD70B50646304600F046F801460D460124284600F0F4F801460C467E
:207DC0002146084670BD00B500F074F800BDF0B506460F460124304600F04EF80246154639
:207DE0003946284600F04BF90246144622461046F0BD70B505460E46284600F03DF80246B6
:207E000014463146204600F0D2F970BD30B50546284600F031F801460C46204600F0FAF9AA
:207E200030BD70B505460E46284600F025F8024614463146204600F022FA70BD70B40646EE
:207E400042F29C05C2F2000501212868012810D100210CE06A689268342000FB012292F803
:207E60002420B24201D1084604E04A1CD1B20029F0D0084670BC704770B4064642F29C057E
:207E8000C2F2000501212868012810D100210CE06A689268342000FB0122126A1278B24228
:207EA00001D1084604E04A1CD1B20029F0D0084670BC704710B5002407E0204600F004FA97
:207EC000204600F048FC601CC4B2002CF5D010BD2DE9F04D82B042F2A406C2F2000642F207
:207EE000A00AC2F2000A002557E0284600F0ADFADAF800008068342115FB0100019005EB18
:207F00008500311D01EB800000900199486978B9009901208860DAF800309868342202FB1F
:207F200005001978008890FBF1F00099888005E0009903208860009900208880DAF80000FA
:207F40008068342202FB0500008DB11C01EB000B002417E0DAF800008068342202FB050162
:207F6000C96A2001471838790BF804003078AA2803D1701C2B21415502E0701C2A2141558B
:207F8000601C84B2DAF800008068342202FB0500C08C8442DED3681CC5B2002DA5D002B00B
:207FA000BDE8F08D2DE9F04D81B0064642F2A00BC2F2000B06EB8601890042F2A802C2F29E
:207FC00000025518DBF800108968342206FB0211096A4F78DBF800108968342206FB02117C
:207FE000096A91F800A0A96803291ED1297C01290DD1C7EBC70148F6CC60C0F2010000EB8A
:20800000810150464969884701460C461EE0C7EBC70148F6CC60C0F2010000EB8101504696
:208020000969884701460C4610E0A968012901D100240BE0C7EBC70148F6CC60C0F20100C3
:2080400000EB8101504609698847012424B900212974012169740DE0DBF80000806834221F
:2080600006FB0201CA69342306FB030191F82400002190472146084601B0BDE8F08D2DE92A
:20808000F04F82B006468A4642F2A404C2F2000442F2A007C2F2000738688068342106FB4B
:2080A0000100008DA11C01EB000B06EB8600211D01EB8000019001208DF8020001208DF87E
:2080C00003000199487C012817D13B689B68342106FB01300121C26990F824009047019997
:2080E000012088603A689068342106FB01001178008890FBF1F001998880019988680128B4
:2081000050D138688068342106FB0100C56A00242BE01BF804009AF80020904222D1002053
:208120008DF80300A868063802D0032808D00FE052462946304600F0EFF88DF8020008E0E2
:2081400052462946304600F001F98DF8020000E000BF9DF8020020B901990120C8600198A6
:2081600005600AE01035601C84B23A689268342106FB0122D08C8442CBD39DF80300012823
:2081800005D10220CAF8080000208DF802003A689068342106FB01001178008890FBF1F008
:2081A000019988809DF8020002B0BDE8F08F2DE9F04105460F4605EB8502920042F2A803E1
:2081C000C2F200039C18E268012A21D12268D2681268EAB9A268012A1AD12668B268062AF4
:2081E00004D13946284600F0C4F800E000BF42F2A002C2F20002D2F800C0DCF80820342309
:2082000005FB03229CF80030128892FBF3F2A280BDE8F0812DE9704181B0054605EB850178
:20822000890042F2A802C2F2000254182668E168012921D12168C968096801291CD1B16867
:20824000092919D10DF10301284600F04AFA9DF80310012902D1284600F0F7F842F2A00197
:20826000C2F200010B689968342205FB02111A78098891FBF2F1A18001B0BDE870812DE95C
:20828000700104460D4604EB84039B0042F2A80CC2F2000C0CEB03029AB113688BB100BF5A
:2082A00042F2A003C2F20003D3F800C0DCF80830342604FB06339CF800601B8893FBF6F3F9
:2082C0009380BDE8700170472DE93041044604EB8401890042F2A802C2F200025518204689
:2082E00000F08FF8A97C012914D10321A9600021A97442F2A001C2F2000108688068342230
:2083000004FB02018A68342304FB030191F8240001219047BDE83081F0B504460E46174673
:2083200004EB84039B0042F2A80CC2F2000C0CEB0305EB68012B02D1204600F086F83146E8
:20834000384600F040F800231846F0BDF0B506460F46154601243946284600F034F829460B
:20836000304600F087F9AB6803B9002423461846F0BD2DE9F04104460D4604EB84029200C5
:2083800042F2A803C2F200039E182A7892B942F2A001C2F2000108688168342304FB031256
:2083A0001369342004FB001292F8240098470222B26006E02946204600F0E7F8204600F039
:2083C00044F8BDE8F08130B404460D466A7922732A68012A02D10022626001E00122626018
:2083E000EA681268012A01D303D005E00122A26005E00022A26002E00222A26000BF30BC19
:2084000070472DE93041054605EB8501890042F2A802C2F200025418A188A1B1A1880139F6
:20842000A180A18879B942F2A001C2F2000108688068342205FB02010A69342305FB0301B7
:2084400091F824009047BDE8308110B4044604EB8402920042F2A803C2F2000399180022C4
:208460000A600022CA6000220A7400224A7400228A7410BC704730B5054642F2C004C2F247
:208480000004656000F071F80320206030BDF0B506460F460124304600F00BF802461546B3
:2084A0003946284600F0B6F80246144622461046F0BD30B4054642F2C004C2F20004002322
:2084C00060680289206803280BD16068816906E0C888A84200D10B460C31501E82B2002ABD
:2084E000F6D8184630BC70472DE9F00506460F4642F2C402C2F2000213685A69002542F2BA
:20850000C40CC2F2000CDCF800309C88002322E042F2A008C2F20008D8F800C0DCF808C0BA
:208520004FF0340A06FB0ACC92F807A09CF824C0E2450FD192F806C0BCF17F0F01D10123B6
:2085400004E092F806C0BC4500D10123012B01D1154605E00A32B4F1010C1FFA8CF4D7D283
:2085600000BF2846BDE8F005704730B542F2CC04C2F20004012505E0204600F031FC4034DA
:20858000681EC5B2002DF7D830BD2DE9F04C83460C46627802F0F00758462178FFF7A4FFF5
:2085A0000246154622787E2A05D022782A2A02D022782B2A0BD16278022A08D1A2783E2A15
:2085C00005D1E278802A02D1FBF7D5FA20E0FDB195F807A0504600F0BFFB024616463A1C11
:2085E00004D0103A08D0102A0CD010E02A462146304600F0E7F80BE02A462146304600F03B
:2086000024F905E02146304600F073F900E000BFBDE8F08C2DE9F04104460E4642F2C80579
:20862000C2F20005607A00F097FB074605EB87110A1D0123506A012819D15460B068D0613B
:2086400002205062B068062802D80120906301E00220906342F2A001C2F200010868618839
:20866000007891FBF0F050850020287000231846BDE8F0812DE9F04104460D4642F2A0003A
:20868000C2F2000002689268342304FB032292F8240000F061FB02461746BA0142F2CC03EA
:2086A000C2F20003D6180022B285B26B521E13D303D0022A06D30AD00EE02946204600F0E4
:2086C00017FA0CE02946204600F05FFA07E02946204600F0B4FA02E00222AA6000BFBDE8B1
:2086E000F0812DE9F04582460E4642F2C805C2F2000542F2A002C2F20002106880683421A7
:208700000AFB010090F8240000F026FB074605EB87110C1DA06B04280CD1606800214089D2
:20872000FBF719F9204600F05BFB01203070012028700EE00020608542F2A002C2F2000290
:20874000606811688088097890FBF1F0A08500203070BDE8F0852DE97041064642F2A000FD
:20876000C2F2000001688968342206FB021191F8240000F0F1FA01460C460CBBA10142F2C3
:20878000CC02C2F200028D18284600F0FEFAA968B1B1696B491E12D305D0891E07D30AD097
:2087A000022908D00BE0204600F0EEF808E0204600F023F904E0204600F057F900E000BF0C
:2087C000BDE870812DE9F04D82460F4693464FEA8A1342F2CC0CC2F2000C03EB0C047B7827
:2087E00003F00F050026636A022B07D13B787E2B03D0204600F09CFA00E001261EBB002D52
:2088000021D9062D1FD8C4F808B002236362A561E56100232362394604F10C00082203F045
:2088200035FF0023236342F2C40CC2F2000CDCF80030D3F810C00CEB8A0323600123636307
:20884000002384F83C30BDE8F08D2DE9F04D82460E4693464FEA8A1342F2CC0CC2F2000C01
:2088600003EB0C040027636A022B07D133787E2B03D0204600F05CFA00E00127737803F048
:208880000F052B029BB21D46B3782B439DB277BB072D2CD3C4F808B002236362A561E561F0
:2088A00000232362314604F10C00082203F0EEFE1023236342F2C40CC2F2000CDCF800300E
:2088C000D3F810C00CEB8A03236002236363002384F83C3042F2A008C2F20008A368D8F88D
:2088E00000C05B889CF800C093FBFCF32385BDE8F08D2DE9704106460D46B20142F2CC031E
:20890000C2F20003D418626A022A38D1626B032A03D1204600F0DFF834E0626B042A2AD1AE
:2089200094F83C20521C84F83C2012F00F0284F83C206A7894F83C3012F00F029A4216D16E
:20894000294604F10C00082203F0A0FE202222630522626342F2A00CC2F2000CA268DCF8BB
:20896000003052881B7892FBF3F222850AE0204600F0B1F806E0204600F032FA02E02046A8
:2089800000F0D6F9BDE87081F0B583B00746B90142F2CC02C2F200028C18A36804F1140231
:2089A000A1691889FAF77EFF01460D46DDB96169C9B16169A2698968914214D304F10E01A6
:2089C0000091A16902916369029A0099186803F05DFEA1680E89204600F002FA3046002111
:2089E000FAF787FF07E0A16808890121FAF781FF204600F0F5F903B0F0BD70B583B00646A4
:208A0000B10142F2CC02C2F200028C18A36804F11402A1691889FAF745FF01460D46D5B92A
:208A20006169C1B16169A2698968914213D304F10F010091052102916369029A00991868AB
:208A400003F024FEE169029A891AE161029921620421616307E0A16808890121FAF749FF53
:208A6000204600F0BDF903B070BD70B583B00646B10142F2CC02C2F200028C1804F10E0154
:208A80000091616B032902D10021029104E0E169062988BF062102916569029A0099236AD8
:208AA0002D68581903F0F2FDE169029A891AE161216A029A1144216204216163E16941B9D7
:208AC000A1680D89204600F08BF928460021FAF710FF03B070BD10B50446A16821B1A168BB
:208AE00008890121FAF705FF204600F079F910BD2DE9F04583B082460D4642F2A000C2F218
:208B000000000268926834230AFB032292F8240000F022F902461646B20142F2CC03C2F2A9
:208B20000003D418626804F114015089FAF7F7FE024617460FBB6269FAB104F10C000822A3
:208B4000FF2103F088FD04F10E020092E26902926369029A0098196803F098FD6268127AA8
:208B600022739DF8082062730422A26304F10C010822286903F08AFD04E0204600F0CBF86F
:208B80000222AA6003B0BDE8F0852DE9F04583B082460D4642F2A000C2F200000268926855
:208BA00034230AFB032292F8240000F0D5F802461646B20142F2CC03C2F20003D418626802
:208BC00004F114015089FAF7AAFE0246174677BB626962B304F10C000822FF2103F03BFDEC
:208BE00004F10F020092052202926369029A0098196803F04BFD6268127A2273E269120A14
:208C000042F010026273E269A273E269029BD21AE261029A22620322A263002284F83C2080
:208C200004F10C010822286903F030FD04E0204600F071F80222AA6003B0BDE8F0852DE9A3
:208C4000F04583B007468A4642F2C805C2F2000542F2A002C2F2000210688068342107FB92
:208C6000010090F8240000F077F8064605EB86110C1D606800284BD042F2A002C2F2000255
:208C8000606811684088097890FBF1F060850020287004F10C000822FF2103F0DCFC04F136
:208CA0000E000090E269062A88BF062202926169029A206A09680144009803F0E7FC6068BC
:208CC000007A207394F83C00401C84F83C0094F83C0010F00F0084F83C0094F83C0040F024
:208CE00020006073E0690299401AE061206A029908442062E06910B90420A06301E00320D2
:208D0000A06304F10C010822DAF8100003F0BEFC03B0BDE8F08510B50446616821B1616855
:208D200048890121FAF717FE204600F059F810BD10B50446616821B1616848890121FAF76F
:208D40000AFEA16821B1A16808890121FAF7D1FD204600F045F810BD2DE91001044642F2B0
:208D6000C402C2F2000211680A69002106E0D3789C4200D104E0121D4B1CD9B20029F6D096
:208D800000BF0846BDE8100170472DE91041044672B6218D39B1218D491E2185218D11B9B5
:208DA0002046FFF798FE618D69B1618D491E6185618D41B942F2C802C2F20002117811B98F
:208DC0002046FFF7A8FFA18D39B1A18D491EA185A18D11B92046FFF79EFF62B6BDE810817E
:208DE00010B5044600212160002161600021A160002161610021A1610021E16100212162B1
:208E00000121616200212185002161850021A185F0212163002161630021A163002184F81C
:208E20003C10002184F83D1004F10C000822002103F011FC10BD2DE9100142F20C14C2F2B4
:208E40000004012040F20841C2F2000108800020A0820020A075BDE8100170472DE9F04407
:208E600007468A46154642F20C14C2F2000426460020E0608020207127600020206104F154
:208E800018002860002028610020A8820020A87552462946304600F006F8A88AA082A87D1E
:208EA000A075BDE8F0842DE9F04F85B0074640F2084AC2F2000A03910492002600208DF876
:208EC00002000020ADF80A0000208DF8030004984FEAC00B0025CAE1F9F789F8B87D0028DB
:208EE00000F04281B87D0138012303FA00F0BB8A184266D0B87D5844092827D20025002427
:208F000005E00120A040284485B2601CC4B2ABF101008442F5D3ABF10101384600F0D3F9D3
:208F200080B205405FFA8BF00138012303FA00F0284485B20399B88A00FA0BF028448882B0
:208F40000399BB7D0BEB0300887597E1002405E00120A040284485B2601CC4B2B87D0138C2
:208F60008442F5D3B88A0540B87DC0F1090005FA00F080B20546B87DC0F10901384600F023
:208F8000A2F9C0B20646E8B23044C6B2B87DC0F10900ABEB000B3046039900F0C1F9BAF8F4
:208FA000003042F6A400C2F20000C654BAF800000130C0F30900AAF8000000250020B87524
:208FC00055E1B87D58440F281CD20025002405E00120A040284485B2601CC4B25C45F7D336
:208FE0005946384600F06FF980B205400399B88A00FA0BF0284488820399BB7D0BEB03006F
:2090000088753BE1B87D0B2837D80025002405E00120A040284485B2601CC4B2B87D01388E
:209020008442F5D3B88A0540B87DC0F10B0005FA00F080B20546B87DD0F10B000CD0B87DAC
:20904000C0F10B01384600F03EF9ADF80A00B87DC0F10B00ABEB000BBDF80A104819ADF898
:209060000A003846042100F02EF98DF80200ABF1040B00250020B87545E00025B87D0B38C6
:20908000C4B205E00120A040284485B2601CC4B2B87D01388442F5D3B88A0540B87D0B38E4
:2090A00045FA00F0ADF80A000025002405E00120A040284485B2601CC4B2B87D0B388442D0
:2090C000F5D3B88A0540B87D0B38C0F1040005FA00F080B20546B87D0B38C0F104013846FC
:2090E00000F0F1F88DF802009DF80210E8B208448DF80200B87D0B38C0F10400ABEB000B2E
:2091000000250020B8759DF80210881C8DF80200BDF80A0018B901208DF80300A7E0002427
:209120001DE0BDF80A1042F6A403C2F200036018C0F309001E5C3046039900F0F1F8BAF882
:20914000003042F6A400C2F20000C654BAF800000130C0F30900AAF80000601CC4B29DF86D
:2091600002008442DDD382E0384600F08AF8012831D1BBF1090F13D2ABF10101384600F045
:20918000A2F80399888203995FFA8BF0013801238340888A18448882039880F816B06DE061
:2091A000ABF1090B3846082100F08DF8C0B206463046039900F0B4F8BAF8003042F6A400B9
:2091C000C2F20000C654BAF800000130C0F30900AAF800004BE0BBF10F0F0AD2ABF1010111
:2091E000384600F070F803998882039880F816B044E0ABF10F0B38460A2100F064F8ADF8A6
:209200000A00BDF80A0018B901208DF803002EE03846042100F057F88DF802009DF80210ED
:20922000881C8DF8020000241DE0BDF80A1042F6A403C2F200036018C0F309001E5C304659
:20924000039900F06DF8BAF8003042F6A400C2F20000C654BAF800000130C0F30900AAF850
:209260000000601CC4B29DF802008442DDD39DF8030018B9BBF1000F3FF62EAE05B0BDE860
:20928000F08F10B404462179802909D121682269895CA160216901312161E1680131E16030
:2092A0002179A36801EA0302217949082171217909B9802121710AB1012100E0002100BF70
:2092C000084610BC7047F0B504460F4627B17A1E012303FA02F500E0002500261BE0227930
:2092E000802A09D122682369D25CA260226901322261E2680132E2602279A3681A4200D0D2
:209300002E436D0822795208227122790AB980222271F8F76CFE002DE1D132461046F0BD99
:2093200030B405460C4622682369D55422690132226130BC704700B572B600BD00B562B622
:2093400000BD00B5F8F738FDF8F794FA00BFF8F73AFBFDF743FCFAE72DE9F04C05460F4611
:2093600092461E46BDF81CB0012435B10123022200211620FBF785FE21E036B902231A469C
:2093800000211620FBF77DFE19E048F6E86EC0F2010E0EEB451CDCF804C0BCF1000F0ED02F
:2093A00048F6E860C0F2010000EB451C5B46324651463846DCF804C0E0478446644600BF08
:2093C0002046BDE8F08CF0B505460F461646012435B10123032200211620FBF752FE1BE07D
:2093E00036B90223032200211620FBF74AFE13E048F6E86CC0F2010C0CEB45139B685BB101
:2094000048F6E86CC0F2010C0CEB4513314638469B68984703461C4623461846F0BD70B591
:2094200005460E46012435B10123072200211620FBF727FE12E048F6E863C0F2010303EBA8
:209440004512126952B148F6E863C0F2010303EB451230461269904702461446224610468B
:2094600070BD70B505460E46012435B10123092200211620FBF705FE12E048F6E863C0F228
:20948000010303EB4512D26852B148F6E863C0F2010303EB45123046D26890470246144699
:2094A0002246104670BD30B50546012435B10123062200211620FBF7E4FD11E048F6E86297
:2094C000C0F2010202EB4511C96949B148F6E862C0F2010202EB4511C969884701460C464E
:2094E0002146084630BD2DE9F044074648F6E86AC0F2010A00240026FF2F07D037B101238B
:20950000052200211620FBF7BCFD2BE0FF2F1FD10124002519E00AEB4511896929B10AEBAA
:2095200045118969884701460E460EB900240AE0022E02D10CB1022405E0032E03D1022CA6
:2095400001D004B10324691CCDB2002DE3D009E00AEB4711896929B10AEB4711896988476A
:2095600001460C4621460846BDE8F0842DE9F041074643F2DC75C2F2000500243FE004EB7F
:209580008401002205EB81010A8004EB8401002205EB81018A7004EB84011A2205EB810104
:2095A0004A6004EB8401012205EB81018A6004EB8401002205EB81010A74342148F68872FB
:2095C000C0F2010204FB01210889012100F0EAF901460E46012E08D104EB8401012205EB05
:2095E0008100032100F0C4F907E004EB8401002205EB8100032100F0BBF9611C8CB2042C78
:20960000BDD30C2140F20C42C2F200021161012140F20C42C2F20002117000BFBDE8F08137
:209620002DE9700104460D4601223CB940F2204CC2F2000CDCF80C302B6009E004EB840396
:2096400043F2C87CC2F2000C0CEB83039B682B60002200BF1046BDE8700170472DE9F04C70
:2096600004460D4643F2C877C2F200070126342048F65473C0F2010300FB04320B211089F2
:2096800000F090F90246924604EB840292000021B85A00F087F90246934665B94FF0340CC9
:2096A00048F65473C0F201030CFB0432D26912B9BAF1000F37D0BBF1010F34D02A46204655
:2096C000062100F019FC0246164666BB55B14FF0340C48F65473C0F201030CFB0432D269E1
:2096E00095420AD0CDB94FF0340C48F65473C0F201030CFB0432D2697AB104EB840207EBEF
:2097000082000022012100F033F904EB840207EB82000022022100F02BF904EB840201238C
:2097200007EB8202137432461046BDE8F08C2DE9004140F22041C2F200010878012805D020
:2097400000220C21104600F0D7FB05E0A0230C2200211420FBF7A2FCBDE8008170B540F26A
:209760004844C2F2000440F20C45C2F2000540F23046C2F20006287801284FD128690C2859
:2097800009D100F035FC30B90D202861A0681A2801DB0C20286128690C2809D0307838B91D
:2097A000A06848F61C71C0F2010151F820008047307898B33078311D01EB8000006848F6F7
:2097C0000871C0F2010151F82000804728690C2824D16868012821D1208843F2C871C2F2BD
:2097E000000100EB800001EB80008068B0B1208843F2C871C2F2000100EB800001EB8000A6
:20980000806804280AD02088012805D1A0680C2802D10020E06101E00120E06170BD0000D3
:209820002DE9F04D83B043F2741BC2F2000B40F24844C2F2000440F21847C2F200070290CB
:209840004FF0000A218D227B090289B211448EB20299013904D343D0022953D35FD06BE00F
:20986000616A022903D1618D02318DB20EE0616A032903D1618D04318DB207E0616A0129C7
:2098800003D1618D01318DB200E0658D218819B1218801391FFA81FA342148F68872C0F29A
:2098A00001020AFB01210889062100F07BF88DF807009DF80700012801D1A91C8DB20095A7
:2098C0000BF1030331460022A079FFF745FD10B90221396003E00021012000F0E4FC2CE016
:2098E0000BF103023146A079FFF76DFD28B9E17C0139E1740221396003E00021012000F0D9
:20990000D2FC1AE03146A079FFF7ABFD10B90221396003E00021012000F0C5FC0DE0314692
:20992000A079FFF77CFD10B90221396003E00021012000F0B8FC00E000BF03B0BDE8F08DDD
:209940002DE91041044640F20C42C2F20002D16801290BD140F24841C2F200018879FFF77A
:20996000C2FD012802D12046FFF75AFFBDE81081F0B404460D461646012E08D10123AB408D
:209980001FFA83FC238843EA0C03238008E00123AB40DB431FFA83FC238803EA0C032380AE
:2099A000F0BC704730B404460D4600220123AB409BB2234200D0012200BF104630BC704735
:2099C0002DE9F04D07468A4640F24845C2F2000500240126002F00F0A180BAF1000F00F06A
:2099E0009D802A8843F2C873C2F2000302EB820292000821D05AFFF7D5FF02469346BBF184
:209A0000010F40F082802A7D013A2A75AA680D3A07D2013246D0053209D0B2F1FF3F41D006
:209A200039E0003A03D0093A3CD0012A33D138462A6D904768BB03E03A5D0AF8042001349E
:209A40006A8D9442F8D30026AA68052A66D0AA68192A63D02A8843F2C873C2F2000302EB83
:209A6000820203EB820001221146FFF781FF2A8843F2C873C2F2000302EB820203EB820048
:209A800001220221FFF774FF0121084601F04AFC44E0012642E040F20C43C2F200031A6948
:209AA000082A3BD103E03A5D0AF8042001346A8D9442F8D340F20C43C2F200031A69082A0E
:209AC0001DD02A8843F2C873C2F2000302EB820203EB820000220121FFF74AFF2A8843F275
:209AE000C873C2F2000302EB820203EB820000220221FFF73DFF0021084601F013FC504617
:209B0000EA6C90470246164608E003E03A5D0AF8042001346A8D9442F8D30026324610462B
:209B2000BDE8F08D30B4054640F20C44C2F2000440F23041C2F200010A7801320A700A7891
:209B40000B1D03EB8202156030BC70474DF8048D022040F20C41C2F2000188605DF8048B5B
:209B600070472DE9F04440F24844C2F2000448F68876C0F2010643F2DC7AC2F2000A208888
:209B8000013885B2342005FB006040682062206A032805D005EB850000210AEB80008170F1
:209BA00001F056FD05EB85000AEB8000807820734FF6FF70608005EB85000AEB80000088E6
:209BC000208205EB85000AEB8000C068606405EB85000AEB80008068A061342005FB006086
:209BE000C07D0130E074342005FB0060807DA074342005FB0060008BA0850020E0853420A1
:209C000005FB00600078A071342005FB0060007D6073342005FB0060407DA073342005FB7F
:209C20000060C0686062342005FB0060008A2085342005FB0060408A6085206A032805D00A
:209C4000342005FB0060006A60630FE0607B217B88420BD8217B627B342005FB0060891A40
:209C600094F82A20006A12FB01006063342005FB00600B210089FFF795FE0746012F09D18A
:209C8000342005FB0060006B2065342005FB0060C06AE064342005FB0060406A6065342087
:209CA00005FB0060806AA065BDE8F0842DE9704140F20C44C2F2000440F24845C2F20005C3
:209CC0000126A8680C283FD1288801302880288804281AD9002040F22041C2F200010870D1
:209CE000E869012804D10121A86801F027FE03E00021A86801F022FE0020E861022040F2EB
:209D00000C41C2F200014860F3E00C20A860288843F2C871C2F2000100EB800001EB8000E8
:209D20000C214160002000F0DFF9288843F2C871C2F2000100EB800001EB800002218160BF
:209D4000FFF70FFF0026D4E0A86819283FD1288801302880288804281AD9002040F22041B9
:209D6000C2F200010870E869012804D10121A86801F0E4FD03E00021A86801F0DFFD002062
:209D8000E861022040F20C41C2F200014860B0E01920A860288843F2C871C2F2000100EBED
:209DA000800001EB800019214160002000F09CF9288843F2C871C2F2000100EB800001EB0D
:209DC000800002218160FFF7CCFE002691E0288801302880288802280BD0A868052808D055
:209DE0002888042820D940F22041C2F20001487AD0B9002040F22041C2F200010870E869CA
:209E0000012804D10121A86801F098FD03E00021A86801F093FD0020E861022040F20C41ED
:209E2000C2F20001486064E02888042843D940F22041C2F20001487A01283CD10120288080
:209E4000002040F22041C2F2000148720D20A860288843F2C871C2F2000100EB800001EB81
:209E600080000D214160002000F03EF92888342248F65471C0F2010102FB0010C069002138
:209E800001702888342248F65471C0F2010102FB0010C06900214170288843F2C871C2F2BA
:209EA000000100EB800001EB800002218160FFF758FE00261DE00D20A860288843F2C87104
:209EC000C2F2000100EB800001EB80000D214160002000F009F9288843F2C871C2F2000142
:209EE00000EB800001EB800002218160FFF739FE00263046BDE870812DE9F04D07460D4635
:209F0000934643F27414C2F2000401267B1E1FFA83FA2378322B67D2A37843F2845CC2F288
:209F2000000CC3EB83030CEB83031F80A37843F2845CC2F2000CC3EB83030CEB83035D6067
:209F4000A37843F2845CC2F2000CC3EB83030CEB8303C3F808B0A3780133A370A378322B13
:209F600001D30023A3702378013323700C2D03D00D2D01D0192D26D1012340F2204CC2F2AB
:209F8000000C8CF8003040F22043C2F200035D602846022101F0D2FC0C2D24D100230FE068
:209FA00003EB830C43F2DC7EC2F2000E0EEB8C0C4FF0010E8CF810E003F1010C1FFA8CF3E7
:209FC000042BEDD30FE00AEB8A0343F2DC7CC2F2000C012200210CEB8300FFF7C9FC3846DD
:209FE000022101F09DFC002600BF3046BDE8F08D2DE9F04140F24844C2F2000443F27415BC
:20A00000C2F2000540F20C41C2F200014868012803D1FFF74BFE064663E0287800285FD0E1
:20A020006F78C7EB870043F28451C2F2000101EB80004068A060A0680C2805D0A0680D28DF
:20A0400002D0A06819281CD1012040F20C41C2F200014860A0680C2802D10120208001E04A
:20A0600002202080002000F03FF8208843F2C871C2F2000100EB800001EB80000221816031
:20A080001FE0002040F20C41C2F200014860C7EB870043F28451C2F2000101EB80000088D9
:20A0A0002080384600F020F8208843F2C871C2F20001002200EB800001EB80001146FFF769
:20A0C00057FCFFF74EFD6878013068706878322801D300206870287801382870002600E086
:20A0E00001263046BDE8F0812DE9F045064643F2DC7AC2F2000A40F24842C2F200021188C2
:20A1000001398CB240F20C42C2F20002516801295AD104EB8401890031F80A000421FFF738
:20A1200041FC01460F46012F18D140F24842C2F2000291680D2911D104EB840100220AEB1F
:20A1400081000521FFF714FC43F27F51C2F2000140F24842C2F200021163A2E0342148F69D
:20A160008872C0F2010204FB012108890B21FFF719FC01460D4604EB840101220AEB8100A0
:20A180000521FFF7F5FB012D08D104EB840101220AEB81000821FFF7EBFB82E0342148F6A5
:20A1A0008872C0F2010204FB0121C96940F24842C2F20002116304EB840100220AEB8100AB
:20A1C0000821FFF7D5FB6CE040F20C42C2F200025168002965D1342148F68872C0F20102B4
:20A1E00004FB012108890B21FFF7DCFB01460D46C6EB860143F28452C2F2000202EB8101B2
:20A200008968F1B1C6EB860143F28452C2F2000202EB8101896840F24842C2F2000211636C
:20A2200004EB840100220AEB81000521FFF7A0FB04EB840100220AEB81000821FFF798FB9D
:20A240002FE0012D10D104EB840101220AEB81000521FFF78DFB04EB840101220AEB810022
:20A260000821FFF785FB1CE0342148F68872C0F2010204FB0121C96940F24842C2F200023C
:20A28000116304EB840101220AEB81000521FFF76FFB04EB840100220AEB81000821FFF78C
:20A2A00067FBBDE8F0852DE9F04F83B043F27414C2F2000440F24846C2F2000643F2C87B33
:20A2C000C2F2000B0290019100208DF8020094F800A06478002516E0C4EB840243F2845390
:20A2E000C2F2000303EB8202338812889A4203D101208DF8020008E0621C94B2312C00D9A6
:20A3000000246A1C95B25545E6D39DF80200012806D106F1100001220021FFF729FB0AE013
:20A320000299308801F0FCFA32881A2302EB82020BEB820253603288342048F65473C0F289
:20A34000010300FB023200211089FFF72BFB8DF803009DF8030001280CD1328802EB8202A3
:20A360000BEB820292682AB906F1100001220321FFF7FEFA019802280DD13288736C02EB23
:20A3800082020BEB8202D36006F1100001220921FFF7EEFA08E00198012805D106F11000D3
:20A3A00000220921FFF7E4FA3288338A02EB82020BEB82021380B26D4AB30027B268182AE9
:20A3C0001BD80FF20808D8E802F0C046181818181818180E101218141618181818181818FF
:20A3E0001818180E1000012708E0022706E0032704E0042702E0052700E000BF3288B36D18
:20A40000384602EB82020BEB82029168984706F1100000220721FFF7ABFA002240F20C406F
:20A42000C2F20000C2600C2240F20C40C2F200000261002240F23040C2F20000027003B0E6
:20A44000BDE8F08FF0B543F27417C2F2000740F20C44C2F2000440F24845C2F200050020E6
:20A46000E0602069012806D105F1100001220721FFF77EFA05E005F1100000220421FFF72C
:20A4800077FA2888342248F65471C0F2010102FB001006210089FFF785FA0646012E03D10D
:20A4A000F81C696A01F031F9686A60B1F81CE863206910B90920206101E00A2020610320AD
:20A4C000FFF730FB06E0012E02D11120206101E00F202061F0BD2DE9104140F24844C2F2AA
:20A4E0000004002040F20C41C2F20001C860206A032808D10021084600F014FF002101209A
:20A50000FFF7D1FE4FE0206A012806D040F20C41C2F200010869012825D12088342248F6BE
:20A520005471C0F2010102FB0010006A48B92088342248F65471C0F2010102FB0010406ABE
:20A5400088B10021084600F0EDFE0320A06101F07FF8082040F20C41C2F200010861022005
:20A56000FFF7E0FA1FE0206A022814D140F20C41C2F20001086970B9012040F20C41C2F251
:20A5800000010861012040F20C41C2F20001C8600120207307E00021084600F0C3FE0021F8
:20A5A0000120FFF780FEBDE8108170472DE90041002040F20C41C2F20001C86000210846D7
:20A5C00000F0B0FE00210120FFF76DFEBDE800812DE9104140F24844C2F20004002040F2E5
:20A5E0000C41C2F20001C860206A032808D10021084600F097FE01210320FFF754FE4FE0F3
:20A60000206A012806D040F20C41C2F200010869012825D12088342248F65471C0F2010138
:20A6200002FB0010006A48B92088342248F65471C0F2010102FB0010406A88B1002108468E
:20A6400000F070FE0320A06101F002F8082040F20C41C2F2000108610220FFF763FA1FE054
:20A66000206A022814D140F20C41C2F20001086970B9012040F20C41C2F200010861012094
:20A6800040F20C41C2F20001C8600120207307E00021084600F046FE01210320FFF703FEE4
:20A6A000BDE810812DE9104140F24844C2F20004002040F20C41C2F20001C860206A032856
:20A6C00008D10021084600F02DFE01210520FFF7EAFD4FE0206A012806D040F20C41C2F208
:20A6E00000010869012837D10320A0610021084600F018FE2088342248F65471C0F2010169
:20A7000002FB0010006A48B92088342248F65471C0F2010102FB0010406A58B100F098FFC5
:20A72000082040F20C41C2F2000108610220FFF7F9F91FE00021084600F0F4FD208843F21E
:20A74000C871C2F2000100EB800001EB800001218068FFF7A8FD0DE0012040F20C41C2F24E
:20A7600000010861012040F20C41C2F20001C86001202073BDE8108170B540F24844C2F271
:20A78000000440F20C45C2F200050020E860206A02280BD12869032808D10020A0610220A9
:20A7A00028610120E8600020207327E02088342248F65471C0F2010102FB0010072100897A
:20A7C000FFF7F0F80646012E07D1002028610120E8600420FFF7A6F910E00021012000F05B
:20A7E000A1FD206A022805D104F1100000220421FFF7BEF802210020FFF755FD70BD70B55C
:20A8000040F24844C2F2000440F20C45C2F200050020E860E07C10B10120E86047E0206AE7
:20A82000022815D12869032812D12088342248F65471C0F2010102FB0010C07DE0740220F4
:20A8400028610120E8600020207300F001FF2EE0206A022823D1A06908BB2088342248F6A5
:20A860005471C0F2010102FB001007210089FFF799F80646012E09D1012028610120207367
:20A880000120E8600420FFF74DF910E00021012000F048FD02210020FFF705FD07E0002145
:20A8A000084600F03FFD01210846FFF7FCFC70BD2DE9104140F20C44C2F200040020E06092
:20A8C00040F24841C2F20001086A022821D1206906280AD1072020610120E060012040F28C
:20A8E0004841C2F2000108731BE02069072818D10021084600F016FD40F25840C2F2000013
:20A9000000220421FFF734F801210020FFF7CBFC07E00021084600F005FD01210020FFF74F
:20A92000C2FCBDE810812DE90041002040F20C41C2F20001C8600021084600F0F3FC0121E0
:20A940000846FFF7B0FCBDE800812DE9704140F24846C2F200063088013884B240F20C41FA
:20A96000C2F2000108690B2826D10121084600F0D9FCB069032815D004EB840043F2DC7134
:20A98000C2F2000101EB8000806805280AD004EB840043F2DC71C2F2000101EB80008068A9
:20A9A000012804D101210820FFF77DFCBBE001210020FFF778FCB6E0342048F68871C0F2C6
:20A9C000010104FB0010006A00284AD0307D002847D0316B706BFEF7F3FF002840F0A380F5
:20A9E000342048F68871C0F2010104FB001002210089FEF7D7FF0546012D0BD1306BF0634F
:20AA00000B2040F20C41C2F2000108610320FFF789F888E00121084600F084FCB069032848
:20AA200015D004EB840043F2DC71C2F2000101EB8000806805280AD004EB840043F2DC7137
:20AA4000C2F2000101EB80008068012804D101210820FFF728FC66E001210020FFF723FCEE
:20AA600061E0706DC0B30025B068083803D0043803D00C2803D1012502E0022500E000BF10
:20AA80002846716D884700284DD10121084600F049FCB069032815D004EB840043F2DC7192
:20AAA000C2F2000101EB8000806805280AD004EB840043F2DC71C2F2000101EB8000806888
:20AAC000012804D101210820FFF7EDFB2BE001210020FFF7E8FB26E0B069032801D10321EA
:20AAE00008E004EB840043F2DC71C2F2000101EB8000816804EB840043F2DC72C2F20002C3
:20AB000002EB800081600021084600F00BFC04EB840043F2DC71C2F2000101EB8000012149
:20AB20008068FFF7C0FBBDE870812DE9704140F24844C2F20004608DA4F840000126B4F80D
:20AB4000405040F23041C2F20001087830B140F23041C2F20001087801380870606A02282F
:20AB600008D133462946B4F84420E06BF8F753FD606400E000BFB4F84000401BA4F84000F4
:20AB8000E06B2844E063BDE870812DE9F04D81B040F24845C2F2000540F21C4AC2F2000AD3
:20ABA00043F2771BC2F2000B00270026DAF80000092803D0DAF800000A2828D1686A0228F3
:20ABC00009D1688D1BF80040688D584401300078000204431BE0686A032815D1688D1BF8EA
:20ABE0000040688D58440130007800020443688D58440230007800040443688D5844033048
:20AC000000780006044302E0688D1BF80040DAF8000011280AD168882988884204D10226F7
:20AC20000F20CAF8000033E0012631E0DAF80000092803D0DAF800000A2829D1686CA0424E
:20AC400001D1022700E001272888342248F65471C0F2010102FB001006210089FEF7A2FEE2
:20AC60008DF803009DF8030001280CD168882988884206D10226022F0AD10F20CAF8000047
:20AC800006E0012604E0022F02D10F20CAF800003146384600F0DBFD01B0BDE8F08D70B519
:20ACA00040F20C44C2F2000440F24845C2F2000520690F2802D100F070FB2AE0FFF765FF90
:20ACC0000020FEF73DFEE06802280CD1A879FEF7EAFB0646C6EB860049F25801C0F201010F
:20ACE00051F83000804720690D2812D1286A03280BD1687B297B884207D800F0A9FC0820ED
:20AD000020610220FEF70EFF03E0002020610120E06070BD2DE9F04D82B040F24844C2F285
:20AD2000000401250120FEF70BFE40F20C41C2F20001C86802280DD1A079FEF7B4FB074654
:20AD4000C7EB870049F25C01C0F2010101EBC0000068804740F20C41C2F2000108690D28B9
:20AD600018D1207D70B143F27711C2F20001206BFEF726FE70B904F1100001220A21FEF7A5
:20AD8000F7FD07E00021084600F0CCFA01210846FFF789FA0A21208AFEF704FE8DF8030076
:20ADA0009DF80300012831D104F1100000220A21FEF7DEFD606A88B1606CA06443F277101F
:20ADC000C2F20000E0630B2040F20C41C2F2000108610320FEF7A6FE002517E020883422DE
:20ADE00048F65471C0F2010102FB001006210089FEF7D8FD0646012E06D143F27710C2F253
:20AE00000000616A00F03EFC00F0A8FA012D40F0A78040F20C41C2F2000108690B2840F01E
:20AE20009F802088342248F65471C0F2010102FB001002210089FEF7B5FD82462088342218
:20AE400048F65471C0F2010102FB001009210089FEF7A8FD83460421208AFEF7A3FD8DF82F
:20AE600001000921208AFEF79DFD8DF80200BAF1010F16D1BBF1010F13D19DF8010080B9D6
:20AE80009DF8020001280CD1606CA16C884208D10021012000F046FA00210420FFF703FAEF
:20AEA0000025012D5CD1606A022811D1608D616C43F27712C2F200021154608D43F27711FF
:20AEC000C2F200010844616C0130090A01702FE0606A032825D1608D616C43F27712C2F2C9
:20AEE00000021154608D43F27711C2F200010844616C0130090A0170608D43F27711C2F260
:20AF000000010844616C0230090C0170608D43F27711C2F200010844616C0330090E01702C
:20AF200006E0608D616C43F27712C2F2000211542088342248F65471C0F2010102FB0010D6
:20AF400006210089FEF72EFD0646012E06D143F27710C2F20000616A00F094FB00F0FEF92E
:20AF600002B0BDE8F08D2DE9104140F24844C2F2000440F20C41C2F2000108690D2827D14E
:20AF80002088342248F65471C0F2010102FB0010006A48B92088342248F65471C0F20101CF
:20AFA00002FB0010406A98B1208843F2C871C2F2000100EB800001EB8000022181600820C3
:20AFC00040F20C41C2F2000108610220FEF7AAFDBDE810812DE9304140F20C44C2F200041F
:20AFE00020690D2803D1062020610120E0600320FEF7A6FCE068022811D140F24841C2F23A
:20B0000000018879FEF74FFA0546C5EB850049F26C01C0F2010101EBC00000688047BDE894
:20B0200030812DE9F04140F24844C2F200042088012803D10020FEF775FD76E0208801284F
:20B0400073D92088022801D1FEF780FD2088342248F65471C0F2010102FB0010042100891E
:20B06000FEF7A0FC06460221208AFEF79BFC0746012E56D1002F54D1206A032851D0208825
:20B08000342248F65471C0F2010102FB001003210089FEF787FC054640F20C41C2F20001F2
:20B0A000886801282FD175BB04F1100000220321FEF75EFC0021084600F034F92088342223
:20B0C00048F65471C0F2010102FB0010006A48B92088342248F65471C0F2010102FB00107F
:20B0E000406A58B100F0B4FA082040F20C41C2F2000108610220FEF715FD16E000210120D9
:20B10000FFF7D1F811E00021084600F00BF90D2040F20C41C2F2000108610020FEF702FD3E
:20B1200003E000210420FFF7BEF8BDE8F0812DE9F04D81B040F24844C2F2000440F2204198
:20B14000C2F20001087A012862D1258824E00021012000F0E7F804F1100000221146FEF727
:20B1600007FC208843F2C871C2F2000100EB800001EB800006218160208843F2C871C2F258
:20B18000000100EB800001EB80001A214160681C85B2208801302080042DD8D940F2204152
:20B1A000C2F20001487A012805D1062043F2DC71C2F200018860002040F22041C2F200016C
:20B1C0000872002040F22041C2F20001087040F22041C2F200014868062100F0AFFB1A2022
:20B1E00040F22041C2F200014860022040F20C41C2F200014860002040F20C41C2F200010D
:20B20000C8600C2040F20C41C2F20001086186E00121084600F086F82088012817D1208898
:20B22000342248F65471C0F2010102FB0010216BC06981420BD104F1100001221146FEF72C
:20B2400097FB04F1100001220221FEF791FB0121208AFEF7A7FB05460221208AFEF7A2FB83
:20B2600006460321208AFEF79DFB07460621208AFEF798FB83460421208AFEF793FB82469E
:20B280002088342248F65471C0F2010102FB001005210089FEF786FB8DF80200BAF1010F85
:20B2A0000FD0012D27D1012E25D127BBBBF1000F21D19DF8020001281DD1207B617B8842E6
:20B2C00019D2206A03280CD1607B217B884208D80021084600F026F800210120FEF7E3FF3A
:20B2E0001DE00D2040F20C41C2F2000108610120FEF718FC13E00521208AFEF753FB8DF8D2
:20B3000003009DF80300012805D104F1100000220221FEF72DFB00210420FEF7C4FF01B07E
:20B32000BDE8F08DF0B506460F4640F24844C2F200040521208AFEF735FB02461546012D69
:20B340000BD1324604F110000121FEF711FB3A4604F110000221FEF70BFBF0BD4DF8048D4B
:20B3600040F20C40C2F2000040F24842C2F20002116A02290AD1032101610121C1600121BD
:20B3800040F24842C2F20002117303E0022101610121C1605DF8048B704770B543F274158E
:20B3A000C2F2000540F24844C2F20004208843F2C871C2F2000100EB800001EB8000082193
:20B3C0000088FEF7EFFA0646012E2BD1207D48B3E81C216BFEF7F4FAC8B90721208AFEF73D
:20B3E000E1FA0546012D09D104F1100001220421FEF7BEFA618D206B00F0C9FA00210120B7
:20B40000FFF790FF02210020FEF74DFF32E0207D80BB00210846FFF785FF00210120FEF719
:20B4200042FF27E036BBE81C216BFEF7C9FAC8B90721208AFEF7B6FA0546012D09D104F14B
:20B44000100001220421FEF793FA618D206B00F09EFA00210120FFF765FF02210020FEF73D
:20B4600022FF07E000210846FFF75CFF00210120FEF719FF70BD2DE9704140F24844C2F24F
:20B4800000040026002534E0206BE28D43F27713C2F20003A918405C595C884227D004F111
:20B4A000100000220921FEF763FA01260020E085E07C98B104F1100001220A21FEF758FAF3
:20B4C000002040F20C41C2F20001C86040F23041C2F2000108780138087007E00021084611
:20B4E000FFF720FF01210846FEF7DDFE04E0681C85B2A08D8542C7D31EB9E08DA18D08440C
:20B50000E085BDE870812DE9304140F24844C2F20004002531E0206BE28D43F27713C2F290
:20B520000003A918405C595C884224D004F1100000220921FEF71CFAE07C98B140F2304194
:20B54000C2F2000108780138087004F1100001220A21FEF70DFA002040F20C41C2F2000162
:20B56000C86007E000210846FFF7DCFE01210846FEF799FE06E0681C85B2608DE18D401A2B
:20B580008542C8DB0020E085BDE830812DE9304140F24844C2F2000440F20C41C2F2000135
:20B5A000086930B140F20C41C2F20001086901284CD10020FEF7C4F940F20C41C2F2000148
:20B5C000C868022842D1A079FDF76DFF05469DBBE08D618D88420DD2A08D58B1608DE18D4D
:20B5E000401AA18D884202DBFFF745FF2EE0FFF78AFF2BE0206A022815D140F20C41C2F27D
:20B6000000010869012805D004F1100000220421FEF7AEF900210120FFF784FE02210020D5
:20B62000FEF741FE12E000210120FFF77BFE02210020FEF738FE09E0022D07D00021084667
:20B64000FFF770FE01210846FEF72DFEBDE8308130B540F24844C2F200042088342248F609
:20B660005471C0F2010102FB00100B210089FEF799F90546012D02D10520207501E0012000
:20B68000207530BD70B404460D4640F24842C2F200025DB9538D16883612E654538DB2F855
:20B6A00000C02344013383F800C02CE0012D0DD1538D16882344013336121E70538DB2F863
:20B6C00000C02344023383F800C01CE0022D0DD1538D16882344023336121E70538DB2F850
:20B6E00000C02344033383F800C00CE0538D16882344043336121E70538DB2F800C0234423
:20B70000053383F800C070BC704770B404460D4640F24842C2F2000245B9568DA35D264455
:20B720000136367806EB0323538026E0012D0BD1538D568D23440133264402361B783678E9
:20B7400006EB0323538018E0022D0BD1538D568D23440233264403361B78367806EB0323A2
:20B7600053800AE0538D568D23440433264405361B78367806EB0323538070BC7047F0B553
:20B7800006460F4640F24844C2F2000440F20C45C2F200052A69092A02D02A69112A1BD104
:20B7A000A27C3AB1A27C013AA27400222A610122EA604BE022884FF0340C48F65473C0F2EC
:20B7C00001030CFB0232927DA27401222A610122EA600122227339E0A27C3AB1A27C013AB7
:20B7E000A27401222A610122EA602FE022884FF0340C48F65473C0F201030CFB0232126A6E
:20B8000052B922884FF0340C48F65473C0F201030CFB0232526A7AB100210846FFF782FD33
:20B820000322A26100BF00BFFFF712FF08222A610220FEF777F909E000BF00BF0021084649
:20B84000FFF770FD01210320FEF72DFDF0BDF0B506460F4640F24844C2F2000440F20C4535
:20B86000C2F200052A69112A05D02A69092A02D02A690A2A53D1226A032A14D1A27C3AB142
:20B88000A27C013AA27400222A610122EA6046E000210846FFF746FD00BF00BF012103208E
:20B8A000FEF701FD3BE0226A012A34D1A27C3AB1A27C013AA27400222A610122EA602EE01E
:20B8C00000210846FFF72EFD0322A26100BF00BF22884FF0340C48F65473C0F201030CFB47
:20B8E0000232126A52B922884FF0340C48F65473C0F201030CFB0232526A3AB1FFF7A8FE2B
:20B9000008222A610220FEF70DF908E001210320FEF7C9FC03E039463046FFF730FFF0BDC4
:20B9200030B404460D4604EB840243F2C873C2F2000303EB8202956030BC70472DE9704119
:20B9400006460D4640F22042C2F20002D5600024B6F10A0208D0033A02D00C2A02D005E01E
:20B96000012404E0022402E0042400E000BF48F68473C0F201031A683AB148F68470C0F2B3
:20B9800001000268294620469047BDE8708170B404460D46002209E014F802C043F27F5359
:20B9A000C2F2000303F802C0531C9AB2AA42F3D370BC70472DE9F04D81B043F27416C2F2CC
:20B9C000000640F24844C2F20004208843F2C871C2F2000100EB800001EB8000042100889C
:20B9E000FDF7E0FF054640F20C41C2F2000108690B2817D1012D0CD1208843F2C871C2F294
:20BA00000001002200EB800001EB80000421FDF7AFFF01210846FFF785FC02210020FEF746
:20BA200042FC83E02088342248F65471C0F2010102FB001008210089FDF7B4FF07460121DB
:20BA4000208AFDF7AFFF82462088342248F65471C0F2010102FB00100B210089FDF7A2FFC6
:20BA60008346012F5ED1BAF1010F5BD12088342248F65471C0F2010102FB0010C06910B903
:20BA8000BBF1010F4ED12088342248F65471C0F2010102FB001002210089FDF783FF8DF862
:20BAA00003009DF8030028BB208843F2C871C2F2000100EB800001EB800004210088FDF7C5
:20BAC00071FF0546012D0CD1208843F2C871C2F20001002200EB800001EB80000421FDF7C3
:20BAE00047FF01210846FFF71DFC00210846FEF7DAFB1BE0207D80B1F11C206BFDF760FF94
:20BB0000A0B9F01CE0630B2040F20C41C2F2000108610320FEF706F808E000210846FEF753
:20BB2000C2FB03E000210846FEF7BDFB01B0BDE8F08D00B50020FCF7C7FB00BD00B500205A
:20BB4000FCF709FE00BD30B504460D46F7F74CFF0246227001222A800022104630BD2DE951
:20BB6000F04482460C46002600BFF5F78FFE02461546F6F7FBF902461746A268102313712F
:20BB8000A2685671A2689671A268D671A26816724DB1A2686B1E4FF0010C0CFA03F343F0D4
:20BBA0000103137205E027B1A3681A7A42F002021A720922226145B93FB90120FBF7BCF972
:20BBC000FBF739F8F7F78DFF03E0FBF72BF9F7F788FF00BFBDE8F08430B504460D46294691
:20BBE0002046F6F761FA30BD30B504460D4629462046F6F73CFA30BD10B50446214643F694
:20BC00005440C2F200001C22F9F762FA10BD30B404460D460022002203E00023A354531C54
:20BC2000DAB2072AF9D307232B800023184630BC704730B404460D460022002203E00023B7
:20BC4000A354531CDAB2072AF9D307232B800023184630BC704730B404460D460022002237
:20BC600003E00023A354531CDAB2072AF9D307232B800023184630BC704730B404460D4655
:20BC80000022002203E00023A354531CDAB2072AF9D307232B800023184630BC704730B48E
:20BCA00004460D460022002207E049F20813C0F201039B5CA354531CDAB2062AF5D30623A6
:20BCC0002B800023184630BC7047F0B506460F46002443F2AA01C2F200010320FDF7BEFCC5
:20BCE00002461546002209E043F2AA03C2F20003134410331B78B354531C9AB2042AF3D31A
:20BD000015B904233B8000E0012423461846F0BD70B505460E460024F5F777FF55280CD156
:20BD2000002407E049F21612C0F20102125D2A55621CD4B2082CF5D30BE0002407E049F2C1
:20BD40000E12C0F20102125D2A55621CD4B2082CF5D3082232800022104670BD30B4044671
:20BD60000D460022002207E049F21E13C0F201039B5CA354531CDAB2082AF5D308232B806A
:20BD80000023184630BC704730B404460D46002207E043F2AA03C2F200039B5CA354531CFF
:20BDA0009AB2082AF5D308232B800023184630BC704730B404460D46002209E043F2AA03D5
:20BDC000C2F20003134408331B78A354531C9AB2082AF3D308232B800023184630BC7047E3
:20BDE00070B404460D460026002207E043F65843C2F200039B5CA354531C9AB2182AF5D315
:20BE000018232B800023184670BC70472DE9F04C05468A46F12643F2AA07C2F20007394634
:20BE20000320FDF71BFC024693462E708C226A70002407E062190232E31910331B7813707E
:20BE4000621CD4B2042CF5D3AE71A122EA71F5F7DCFE55280ED1002409E0621949F216139B
:20BE6000C0F201031B5D08321370621CD4B2082CF3D30DE0002409E0621949F20E13C0F256
:20BE800001031B5D08321370621CD4B2082CF3D32E74A5226A74002409E0621949F21E1330
:20BEA000C0F201031B5D12321370621CD4B2082CF3D3AE76AA22EA76002405E03B5D621923
:20BEC0001C321370621CD4B2082CF7D385F82460AB2285F82520002407E062192632E31925
:20BEE00008331B781370621CD4B2082CF5D32E22AAF8002000221046BDE8F08CF0B5044657
:20BF00000E46F12543F2AA01C2F200010320FDF7A5FB02461746002203E00023A354531C38
:20BF2000DAB2242AF9D325702123637065722523A372A5742A23E374E5762B23237784F8FF
:20BF400024508C2384F8253000220EE043F2AA0CC2F2000C94440CF1100C9CF800C01319C1
:20BF6000263383F800C0531CDAB2042AEED32A23338000231846F0BD30B404460D46012271
:20BF80002270022262700722A27003222A800022104630BC70472DE9104104462189B9B927
:20BFA00048F6C850C0F20100C16820468847218961B948F6C850C0F20100016920468847AE
:20BFC000218909B9002104E0012102E0012100E0012100BF0846BDE8108110B581B0FDF79B
:20BFE000A6FB01200090002472B600BF601C84B2FDF7B4FBF9F79EFA05F0D9FC694600206E
:20C00000FDF70EFBB4F5FA7F00D102E000980228ECD062B6B4F5FA7F01D1012000E00020A3
:20C0200001B010BD30B5044600252179013903D306D001290AD00DE02046F6F74DF90BE039
:20C040002046E268A168F6F74EF905E02046F6F767F901E0012500BF2946084630BD00B536
:20C0600043F68440C2F2000000F012F800BD30B504460D462A46214643F68440C2F200004E
:20C0800000F050F830BD43F68440C2F20000704730B4044600224EF26761C6F60921E16292
:20C0A0004AF68561CBF6673121634FF27231C3F66E4161634FF23A51CAF24F51A16345F20A
:20C0C0007F21C5F20E11E16346F68C01C9F6053121644DF6AB11C1F6837161644CF6195148
:20C0E000C5F6E031A164002102E062544B1C99B22029FAD300210BE08B0004F18C0C4CF886
:20C1000003208B0004F14C0C4CF803204B1C99B21029F1D3002363620023A3620023236256
:20C1200030BC70472DE9F04F8DB00546039104924FF0000B6B6ADDF810C023F000430CEB44
:20C14000030A6B6A4FEADA7CDB0F0CEB03072AF000434FEAC77C4CEA030AD5F828C07B082F
:20C1600003EB0C06B6F1005F02D34FF0010B19E1C5F824A0AE6200240AE04FEA840C05F141
:20C180004C0959F80C3005F18C0E4EF80C300134102CF2D300240AE04FEA840C05F12C0973
:20C1A00059F80C300DF1140E4EF80C300134082CF2D32B6A9F082B6A9B07DE0E2B6ADDF859
:20C1C00010C063449B0923F07C444FF0000A2DE0F5F70DFF20E04FEA870C05F18C0EC6F110
:20C1E00018034FF0FF0909FA03F85EF80C3023EA0803DDF80C8018F80A80C6F1180908FA60
:20C2000009F848EA03034EF80C30083673091F4416F01F060AF1010A102FDCD305A905F183
:20C220008C0000F0C4F800270026013C002CCFD856EA070312D100240EE0A30005F14C0C39
:20C240004FF000084CF80380A30005F18C0C4FF000084CF803800134102CEED3049BA3EB32
:20C260000A043DE04FEA870CC6F118034FF0FF0909FA03F805F18C0959F80C3023EA080380
:20C28000DDF80C8005F14C0E18F80A80C6F1180908FA09F848EA03034EF80C304FEA870CF2
:20C2A00005F18C0EC6F118034FF0FF0909FA03F85EF80C3023EA0803DDF80C8018F80A8032
:20C2C000C6F1180908FA09F848EA03034EF80C30083673091F4416F01F060AF1010A013C3E
:20C2E000002CBFD8C6F118034FF0800C0CFA03F84FEA870C05F18C0E5EF80C3043EA0803B7
:20C300004EF80C3000240AE04FEA840C0DF1140959F80C3005F12C0E4EF80C300134082C01
:20C32000F2D3BB0003EBD6032B622B6A372B10D905A905F18C0000F03AF8002407E0A30049
:20C3400005F18C0C4FF000084CF803800134102CF5D36B6ADB00C5F8C830D5F828C06B6A19
:20C36000C3F3417343EACC03C5F8C43005A905F18C0000F01CF8002700240FE024F003031E
:20C380000DF1140C5CF80330C7F1180E23FA0EF32B5507F1080303F01F070134202CEDD31F
:20C3A0004FF0000B5B4618460DB0BDE8F08F2DE9F04FC9B005460C464FF4807249F238112F
:20C3C000C0F2010109A800F061F9102245E0A2F10F0355F82330DE09A2F10F0355F82330E6
:20C3E00046EA4366A2F10F0355F823304FEA934CA2F10F0355F823304CEA83335E40A2F1A5
:20C400000F0355F82330DB0883EA060C931E55F823305E0C931E55F8233046EAC336931E22
:20C4200055F823304FEAD34A931E55F823304AEA43335E40931E55F823309B0A83EA0607FD
:20C440009600A2F1100355F823A0D31F55F82330534463443B44AB510132402AB7D3236893
:20C46000D4F804A0D4F808B0D4F80C80CDF804802669D4F814E0D4F81880CDF80080D4F863
:20C480001C80CDF8088000225DE04FEAC34848EA533888EAB3094FEA832848EA935888EAB2
:20C4A0000908CDF80C800AEA03090BEA030C8CEA09090BEA0A0888EA090CDDF80C80E0447B
:20C4C000CDF80C804FEA465848EAD62888EAB6194FEAC61848EA566888EA0907DDF80080E5
:20C4E0000EEA060928EA060888EA090C4FEA8208CDF818800DF12409CDF82090C146DDF8F2
:20C50000208058F80980DDF8189055F80990C144DDF80880C84407EB08090CEB0907DDF8F2
:20C520000080CDF80880CDF800E0B646DDF8048007EB0806CDF804B0D3469A46DDF80C8061
:20C5400008EB07030132402A9FD3D4F800809844C4F80080D4F80480D044C4F80480D4F8FB
:20C560000880D844C4F80880D4F80C80DDF80490C844C4F80C80D4F81080B044C4F8108022
:20C58000D4F81480F044C4F81480D4F81880DDF80090C844C4F81880D4F81C80DDF80890B9
:20C5A000C844C4F81C8049B0BDE8F08F10B543F61064C2F20004207888B9002009F034FBAF
:20C5C00001202070022005F07EFD4CF25031022005F0C9FC622004F065F809F059FB10BD90
:20C5E0002DE9004143F61061C2F200010878012804D109F04DFB622004F054F8BDE80081DE
:20C600002DE9004100F018F8012808D143F61061C2F200010878012801D1FFF7E1FFBDE86C
:20C6200000814DF8048D012043F61161C2F2000108705DF8048B704710B443F61064C2F2EA
:20C64000000400216078012802D1012100206070084610BC70478446830704D0013A13D3B5
:20C6600001700130F8E7083A08D309060B0A19430B0C19430B1C0AC0083AFCD2083203D01B
:20C6800001700130013AFBD160467047E1B4121F39DB850713D0AD0F0B78491C0370401CD8
:20C6A000022D09D80B78491C0370401C022D03D00B78491C0370401C5219121F23DB8D07CC
:20C6C0002ED1083A13DB143A0BDBE8C9E8C0E8C9E8C0203AF9DA131C103302DBE8C9E8C070
:20C6E000103A143203DBA8C9A8C00C3AFBDA083209DB121F04DA0B68091D0360001D02E0B0
:20C7000028C928C0121F121D60D00B780370022A5CDB4B784370022A58DD8B78837055E055
:20C72000AD0F0326B1430E68091D022D1ADC33D00C2A0CDB0C3A330A60C92F063B432D0AA9
:20C7400037063D4328C0083AF5DA0C3208DB350A0E68091D37063D430560001D121FF6DAE7
:20C76000C91ED0E70C2A0CDB0C3A330E60C92F023B432D0E37023D4328C0083AF5DA0C3274
:20C7800008DB350E0E68091D37023D430560001D121FF6DA491EB6E70C2A0CDB0C3A330CF5
:20C7A00060C92F043B432D0C37043D4328C0083AF5DA0C3208DB350C0E68091D37043D43F9
:20C7C0000560001D121FF6DA891E9CE7E1BC704760B50D1C011C0023181C402A0CD2161C2C
:20C7E000203E2B1CF340002E06DA281CD0400B1CD34071428D402B43011C181C60BDFFFF6B
:20C80000F0B404460D461646002307E014F803C005F803C003F1010C5FFA8CF3B342F5D34C
:20C82000F0BC704710B4044643F23C02C4F20302002105E0C1F10F03E35C53544B1CD9B2B7
:20C840001029F7D310BC704710B4044643F25C02C4F20302002105E0C1F10F03E35C535446
:20C860004B1CD9B21029F7D310BC704710B4044643F25C02C4F2030200210AE0042902D2D8
:20C880000023535403E0C1F10F03E35C53544B1CD9B21029F2D310BC704710B4044643F28B
:20C8A0001C02C4F20302002105E0C1F10F03E35C53544B1CD9B21029F7D310BC7047F0B4D3
:20C8C00084B005460E4643F20004C4F203046A4645F63077C0F201070BCF0BC23B68136086
:20C8E000A26B104600BA02460092626B104600BA02460192226B104600BA02460292E26AC4
:20C90000104600BA02460392002204E06B469B5CAB54531CDAB2B242F8D304B0F0BC7047AC
:20C920002DE9F00104460D461646002305F0010747EA04274FEA066C4FEA1C2C4CEA07030F
:20C9400043F20C08C4F20308C8F80030BDE8F00170472DE91041002443F20408C4F2030803
:20C96000D8F8000010F0010F02D140F2031409E0012043F20808C4F20308C8F8000000F0FB
:20C980001BF804462046BDE810812DE9F04405460E4617469A4600242846FFF77EFF5246DB
:20C9A00039463046FFF7BCFFFFF7D3FF8446644600BF2046BDE8F0842DE9704182B000243A
:20C9C0000020009000250026002001906946002005F0A0FF00254FF47A61002005F0BEFF33
:20C9E000064606E001AA6946002005F0A2FF0198054443F20408C4F20308D8F8000010F041
:20CA0000010F01D1B542EDD343F20408C4F20308D8F8000010F0010F08D043F20408C4F2CC
:20CA20000308D8F80040E405240E01E04FF48074204602B0BDE8708170B504460D461646DC
:20CA40002046FFF7EFFE2846FFF710FF314680225020FFF765FFFFF77CFF0346184670BDF2
:20CA60002DE9F04D8DB01F460490039101920024019AD2090292019A02F07F0A4FEADA02AD
:20CA80005FFA82FB0AF007028DF8032045F64075C0F20105D5F800C0CDF824C0D5F804C0A6
:20CAA000CDF828C0D5F808C0CDF82CC0ED680C9545F65075C0F20105D5F800C0CDF814C0AF
:20CAC000D5F804C0CDF818C0D5F808C0CDF81CC0ED6808950498FFF7A5FE3946802250203A
:20CAE000FFF71EFFFFF735FF02461446002C5BD100250CE0039B3A4603EB051080235121B8
:20CB0000FFF743FF0246144604B103E06D1C029A9542EFD324BBBAF1000F21D0DDF80CC0BA
:20CB20005A4609A90CEB0510FFF76AFE9DF803204FF0010E0EFA02FE039A0DF1240C0BEB6A
:20CB40000516965DAEF1010E0EEA06060CF80B603A4609A880235121FFF717FF02461446B2
:20CB6000C4B90C260CE0C6F10F0E01AA12F80EE00DF1140C0CF806E006F1010C5FFA8CF6BC
:20CB8000102EF0D33A4605A880235121FFF7FDFE8446644644B9394680225320FFF7C0FEA8
:20CBA000FFF7D7FE8446644600BF20460DB0BDE8F08DF0B404460E4617460123C4F10F05A6
:20CBC000072C01D30D2C00D90023022D02D1B6F5803F04D2032D03D1B6F1807F00D3002337
:20CBE000042F01D3102F00D9002300BF1846F0BC70472DE9F04986B006460D46174601935E
:20CC0000DDF83CB0394628460D9AFFF7D2FF84468DF803C0DDF804C0ECB2C4F10E04BCF13B
:20CC2000000F88BF44F040049DF83480A8F1020C4FEA5C0C44EACC048BF80040DDF838C007
:20CC4000ECB2C4F10E048CF80040002415E016F804E004EB0B0C0CF1010C8CF800E0DDF857
:20CC6000388016F804E004EB080C0CF1010C8CF800E004F1010C5FFA8CF4AC42E7D30F24E3
:20CC800011E004970021C4F10F0C4FEACC020498FFF79EFD04909DF810C00BF804C0A4F18E
:20CCA000010C5FFA8CF4AC42EBD806B0BDE8F0892DE9F04D8BB005460E4617469A4600247B
:20CCC00045F6607CC0F2010CDCF800E0CDF81CE0DCF804E0CDF820E0DCF808E0CDF824E007
:20CCE000DCF80CC0CDF828C045F6707CC0F2010CDCF800E0CDF80CE0DCF804E0CDF810E02F
:20CD0000DCF808E0CDF814E0DCF80CC0CDF818C04FF0010C40F2D058C2F2000888F800C0BF
:20CD20002846FFF77FFD0DF10C0E0DF11C0C14988DE80150524639463046139BFFF759FFDA
:20CD400007A8FFF781FD03A880236021159AFFF71CFE8446644600BF20460BB0BDE8F08DAC
:20CD60002DE9F04F8DB00C4604900392002545F68073C0F20103D3F800C0CDF824C0D3F89E
:20CD800004C0CDF828C0D3F808C0CDF82CC0DB680C9345F69073C0F20103D3F800C0CDF8B8
:20CDA00014C0D3F804C0CDF818C0D3F808C0CDF81CC0DB6808930026B4F57F4F07D2230ABE
:20CDC0008DF8243023468DF82530022614E0FF238DF82430FE238DF82530230E8DF8263019
:20CDE000C4F307438DF82730C4F307238DF8283023468DF829300626C6F110039C4205D2A6
:20CE00000194002300934FF0000B09E0C6F11003019333191B095B1E0093331903F00F0B61
:20CE2000002709E0DDF81080BB1918F807A00DF1240C0CF803A07F1C019B9F42F2D309A88F
:20CE400080236121039AFFF7A0FD03461D46B5B9049B3B4402934FF0000A0DE0039A029942
:20CE6000802301EB0A106121FFF78FFD03461D4605B104E00AF1010A009B9A45EED395B930
:20CE8000BBF1000F0FD0DDF808C05A4605A90CEB0A10FFF7B5FC05A880236121039AFFF7F0
:20CEA00074FD03461D462B4618460DB0BDE8F08F2DE9F04D88B0074692469B46039100255B
:20CEC000DDF80C804FEA1818CDF80480DDF80C8008F00F088DF8038045F6A070C0F20100C9
:20CEE000036804934368059383680693C068079040F2D051C2F20001087810B94FF4817520
:20CF000036E0002410E05A4607EB041080236221FFF73BFD05462DB90AEB04101021FFF78C
:20CF2000CEFC00E003E0641C01988442EBD3FDB99DF80300E0B1002040F2D051C2F20001C0
:20CF4000087004A907EB04109DF80320FFF758FC9DF803005A46C30004A86221FFF715FD72
:20CF600005462DB90AEB04109DF80310FFF7A7FC284608B0BDE8F08D2DE9F04C82460D4681
:20CF800093461E460A9F002436B13A4631465846FFF7E6FE8446644645B13CB93B462946E2
:20CFA0005046079AFFF784FF844664466CB9394680226320FFF7B4FCFFF7CBFC84466446AD
:20CFC0001CB909990898FFF77AFC00BF2046BDE8F08C2DE9F04D81B007468C4692464FEAD4
:20CFE000DA0B0AF007060024002309E0FD5C1CF803E095EA0E0F01D0012403E05D1CEBB23A
:20D000005B45F3D384B97EB117F803E01CF803808EEA08054FF0010E0EFA06FEAEF1010E28
:20D0200005EA0E0505B1012400BF204601B0BDE8F08D2DE910410446012140F2D152C2F23F
:20D04000000211702046FFF7EDFB802200211046FFF766FCBDE810812DE9F04D85B006468E
:20D0600040F2D05BC2F2000B0091002500980709009800F00F0A45F6B070C0F2010003681C
:20D0800001934368029383680393C06804909BF8010010B94FF481752FE000240EE0FFF7D2
:20D0A00058FC054605B10BE006EB0410FFF7F5FB802200218120FFF733FC641CBC42EED37D
:20D0C000DDB9BAF1000F18D000208BF80100FFF740FC054665B9524601A906EB0410FFF79C
:20D0E0008FFB01A8802200F80A2001A8FFF7D5FB802200218120FFF713FC284605B0BDE899
:20D10000F08D2DE9F04D07460E4692469B4600242EB131463846FFF79FFF84466446CCB960
:20D1200040F2D15CC2F2000C9CF800C0BCF1010F01D1822500E08325284680220021FFF797
:20D14000EFFBFFF706FC844664461CB959465046FFF7B5FB00BF2046BDE8F08D2DE9F04C30
:20D1600005460E4617469A46DDF81CB000242846FFF75FFF39463046FFF76EFF8446644680
:20D180003CB95B46524600210846FFF7BAFF8446644600BF2046BDE8F08C2DE9F04D85B001
:20D1A00006460F4692469B46002445F6C075C0F20105D5F800C0CDF804C0D5F804C0CDF85D
:20D1C00008C0D5F808C0CDF80CC0ED680495DDF8348008F1070C4FEADC05009501AB5246EB
:20D1E00039463046FFF7BAFF8446644644B901A958460D9AFFF7EDFEDDF838C08CF80000F9
:20D2000000BF204605B0BDE8F08D2DE9F04C06468B4617469A46002407B100BF4FEA071C6F
:20D220005FFA8CF53046FFF7FDFA15B15846FFF70BFB514628468022FFF772FB702D0DD1CC
:20D24000FFF787FB8446644644B906F11000FFF7E9FA514680227120FFF762FB00BF2046C3
:20D26000BDE8F08C2DE9F04D82B08A461F460090019200243D016D1CEEB2072F02D13D01DE
:20D28000AD1CEEB21AF00F0F1ED14FEA1A1B002517E0009901EB0510FFF7FFFAFFF759FBB1
:20D2A000844664465CB9019901EB05101021FFF706FB304680220A99FFF732FB00E005E07F
:20D2C0006D1C5D45E5D301E04FF4817400BF204602B0BDE8F08D2DE9F04D81B006460F4634
:20D2E00092469B460A9D002405B100BF2A46394630460B9BFFF789FF844664464CB92B46C2
:20D3000059460B98099A00905046FFF7ABFF8446644600BF204601B0BDE8F08D2DE9F04DA3
:20D3200081B007468A46934643F62066C2F20006002500930024002040F2CC51C2F200014D
:20D340000870012040F2D251C2F20001087035607560BBF1600F06D151463846009AFFF7B1
:20D360006BFB044606E05A4651463846009BFFF777FB0446204601B0BDE8F08D2DE9F04D89
:20D3800088B08246934643F62067C2F2000703910025DDF80C804FEA1818CDF80480DDF898
:20D3A0000C8008F00F088DF8038045F6D070C0F20100036804934368059383680693C068AB
:20D3C000079040F2CC51C2F200010878012802D14FF4817531E000240EE0384603681033AE
:20D3E00003605A460AEB041080235121FFF7CDFA054605B103E0641C01988442EDD3E5B92E
:20D400009DF80300C8B1012040F2CC51C2F2000108703A469DF8031010680844106004A955
:20D420000AEB04109DF80320FFF7EAF95A4604A880235121FFF7A9FA0546284608B0BDE842
:20D44000F08D2DE9F04F89B08246934640F2D050C2F200000290049103930025DDF81080D3
:20D460004FEA1818CDF80480DDF8108008F00F088DF8038045F6E070C0F201000168059141
:20D480004168069181680791C0680890012040F2CC51C2F2000108700299887810B94FF4C7
:20D4A000817543E0002417E043F62460C2F200000668103606600AEB041080235221039AF1
:20D4C000FFF763FA05462DB90BEB04101021FFF7F6F900E003E0641C01988442E4D32DBB67
:20D4E0009DF8030010B302990020887043F62462C2F200029DF8031010680844106005A91F
:20D500000AEB04109DF80320FFF77AF99DF80300039AC30005A85221FFF737FA05462DB971
:20D520000BEB04109DF80310FFF7C9F9284609B0BDE8F08F2DE9F0498CB043F62064C2F23A
:20D5400000040290009103920193DDF858B0002545F6F076C0F20106D6F800C0CDF820C0EC
:20D56000D6F804C0CDF824C0D6F808C0CDF828C0F6680B96019828B15A4601990398FFF7F1
:20D58000FDFE0546009838B135B95B46139A00990298FFF756FF0546B5BB2068430FC200B3
:20D5A000CDE906236068440FC300CDE90434002413E0C4F107070DF1180C1CF8077008A889
:20D5C00007550DEB0406C4F107070DF1100C1CF8077028363770601CC4B2082CE9D35A46FE
:20D5E00008A880235121FFF7D0F9054665B9594680225420FFF794F9FFF7ABF905461DB94B
:20D6000015991498FFF75BF928460CB0BDE8F0892DE9F04D84B006460F4692469B46129D8E
:20D6200000242B46524639463046FFF777FE84466446DDF838C0BCF1000F07D034B92A462C
:20D640000E990D98FFF79AFE84466446DDF830C0BCF1000F08D03CB92B4658460F9A0C99D1
:20D66000FFF7EFFE8446644674B911980290109801900F98039500231A46194600901846A3
:20D68000FFF758FF8446644600BF204604B0BDE8F08D2DE9F04D86B082468B46049205937E
:20D6A0000E9E109F149D0024AC46DDF84C808DE88011334659465046049AFFF7F9FA8446A2
:20D6C00064463FB134B92A4639460F98FFF748FB8446644646B13CB92B463146119A059864
:20D6E000FFF7E6FB8446644674B913980290129801901198039500231A4619460090184629
:20D70000FFF73AFC8446644600BF204606B0BDE8F08D2DE9F00C84468A461446002300251E
:20D7200000269CF8007044F2F47BC2F2000B7F0037F80B60DCF81CB0C6EB86070BEBC707A0
:20D74000BF7A012F0CD1A7789AF811B05F4505D8A778082F08D967687F0005D4012303E02B
:20D76000A778082F00D90123012B05D0A76817B99AF80E7007B1012500BF2846BDE8F00CBA
:20D7800070472DE9F04C81B083460E4643F63065C2F20005002700244FEA8B00294651F8E4
:20D7A00000A0281D10F80B0001280BD1304601F0D1FADAF80800800704D430460022114612
:20D7C00001F006FB00271AE0DAF82420B9005558A96901290DD1002407E02A7F3046224410
:20D7E000D1B201F003FA621CD4B22A7C9442F4D303E03046297F01F0F9F9791CCFB29AF8E5
:20D8000020108F42E0D3304601F00CFB8DF803009DF8030001B0BDE8F08C2DE9F04C81B071
:20D82000834614461F4643F63066C2F200068DF80310089D4FEA8B00324652F800A09DF8DF
:20D84000030006F1080280001658686820602868800203D5206840F000402060B06900B952
:20D8600000BFB069022806D02868002803D5206840F080402060307B20719AF800006071A9
:20D8800095F84800B86005F10800386039462046F4F716FE01B0BDE8F08C2DE9F0440646B9
:20D8A0000F46924643F65C75C2F2000500240AEBC61029460C5CFF2C10D007EB4410407BA6
:20D8C00060B907EB44108069012807D10AEBC610400005F50A61405AF4F786FDBDE8F0846E
:20D8E0002DE9F04D89B007469B4643F6306CC2F2000C8DF807100392B80063461D580026AC
:20D900004FF0000A00240BEBC7100CF5967313F800A0BAF1FF0F57D0039901EB4A10407B9B
:20D92000002851D103994FEA4A104418A06902900298B8B94CF20433C0F20103207F53F857
:20D9400027300001C658009604AB07AA3846217BFFF763FF0022637B217F9DF8070001F0BC
:20D9600082F931E0029802282ED1BBF1070F06D16868806840B368688068804724E0BBF1E5
:20D98000060F06D16868C068F0B16868C06880471AE04CF20433C0F20103207F53F82730DD
:20D9A0000001C658009604AB07AA3846217BFFF734FF6868006910B16868006980470021F4
:20D9C0009DF8070001F08BF909B0BDE8F08D2DE9F04D84B082468B4643F63865C2F20005AC
:20D9E0008DF80B2003930D9E01249DF80B00294680000F589DF83010328801EBCA10400086
:20DA000040F6C41129444252B068039A019070689DF8301000907B7B584601F014FA04469A
:20DA2000204604B0BDE8F08D2DE9F04D86B08A4693461E468DF80B00012400254FEA8B076F
:20DA400043F6386CC2F2000C4CF80760D6F818C0BCF1010F36D1DDF838C0DCF80470FF0FF1
:20DA60000397DDF838C09CF802C08DF810C04FF0000C8DF811C000BF377F50462F44F9B2CA
:20DA800001F088F907463C467CB9DDF83880377F2F44FFB28DE8800103AB5A4651469DF839
:20DAA0000B00FFF794FF07463C4605F1010C5FFA8CF596F810C0654504D25FFA84FCBCF1C2
:20DAC000020FD9D02CB15FFA84FCBCF1020F00D00124E7B2384606B0BDE8F08D2DE9F04FDF
:20DAE00084B043F62864C2F200048DF8070003914FF0010A4FF0000B00260025002743F616
:20DB00002860C2F2000050F82B209DF807005269175C43F62860C2F2000050F82B20D36928
:20DB2000BA009D5805B343F62860C2F2000050F82B309DF807209B695201D6183146284680
:20DB4000039AFFF7E6FD01280ED1231D53F82720012A09D1334603989DF807200090A978EF
:20DB60002878FFF761FF8246504604B0BDE8F08F2DE9F04C81B083468A4643F62866C2F2E2
:20DB80000006009200250024002756F8253083B356F82530DB6813F80B7056F82530D3F8CA
:20DBA0001CC0BB005CF803401CB3009B013B0BD302D0012B12D01BE056F825305246207805
:20DBC0009969FFF76AFE14E056F825C05346A1782078DCF81820FFF783FE0AE056F825C0D4
:20DBE0005346A1782078DCF81820FFF779FE00E000BF01B0BDE8F08C2DE9F04C834643F69D
:20DC00002864C2F20004A2460027002500265AF82700B0B15AF82700C06810F80B605AF826
:20DC20002700C169B0000D585DB1A9782878FFF7A8FD30B9B000211D02220A506878F4F7F4
:20DC400081FCBDE8F08C000010B404460021062C01D2402100E0802100BF084610BC704780
:20DC600000002DE9F04482B005460E46AA004CF20833C0F201039F580024AA0044F6FC03B2
:20DC8000C2F2000353F802A09AF80428012A08D17A6BC2F30362013252000532964200D8B3
:20DCA0000124ECB901AB6A463146284600F068FA012801D1012413E03146284600F0A7F880
:20DCC000012801D101240BE0019B1A686FF31B621A60019B1A684FF0040C6CF31B621A60FF
:20DCE0003146284600F0D4F82246104602B0BDE8F0842DE9F04D86B005468DF8031000246A
:20DD00000826002203924FF0000B02AB01AA28469DF8031000F034FA012801D101246CE0DC
:20DD200028469DF8031000F072F8012801D1012463E0029B1A684FF0090C6CF31B621A6047
:20DD400044F24021C0F20F01002004F007FE0246059204A9002004F0DDFD0BE003AA04A992
:20DD6000002004F0E6FD039A9344059A934501D9012434E09DF803A00027BAF1200F07D29C
:20DD800051462846002200F03DF90246174624E0BAF1400F07D251462846002200F063F947
:20DDA0000246174619E0BAF1600F0BD2062D01D0072D07D151462846002200F083F90246E3
:20DDC00017460AE0062D01D0072D06D151462846002200F0A6F902461746002FBED01CB900
:20DDE000029A16683601360F082E01D1012404E0092E01D1002400E0002428469DF8031035
:20DE000000F046F82246104606B0BDE8F08D2DE9F04407460E46BA004CF20833C0F201036A
:20DE20009D5800243846FFF70FFF024692462A6812F07F02964201D8564500D301242A683C
:20DE400012F0005F08D06A6BC2F30362013252000532964200D8012422461046BDE8F08432
:20DE6000F0B505460E46AA004CF20833C0F201039F5800243A6812F07F02964204D8284623
:20DE8000FFF7E2FE864200D3012422461046F0BDF0B404460D46A2004CF2183CC0F2010C4D
:20DEA0005CF80230002205F01F074FF0010C0CFA07F6202D01D21E6318E0402D01D2DE6237
:20DEC00014E0602D07D2062C01D0072C01D15E670CE001220AE0802D07D2062C01D0072C66
:20DEE00001D11E6702E0012200E0012200BF1046F0BC7047F0B405460E4617460023002464
:20DF00002B462C4606B1336007B13C60F0BC70472DE9F04482B082464FEA8A014CF208329D
:20DF2000C0F2010254580026002100910025216811F0004F24D105F0D9FC216841F00041F0
:20DF4000216005F0D6FC44F24021C0F20F01002004F004FD01460F4601A9002004F0DAFCDB
:20DF60000AE06A4601A9002004F0E3FC00990D44BD4201D9012603E0216811F4801FF0D0B0
:20DF80003146084602B0BDE8F0842DE9F04482B082464FEA8A014CF20832C0F20102545810
:20DFA0000026002100910025216811F4801F24D005F0AEFC21686FF3DF71216005F0ABFC4C
:20DFC00044F24021C0F20F01002004F0C7FC01460F4601A9002004F09DFC0AE06A4601A9DA
:20DFE000002004F0A6FC00990D44BD4201D9012603E0216811F4801FF0D13146084602B039
:20E00000BDE8F0842DE9F00C07460E469446BB004CF21835C0F20105EC5800230025BCF123
:20E02000010F0ED1A56AD4F830A04FF0010B0BFA06FB05EA0A0A1BEA0A0F14BF01230023BA
:20E0400009E0236B4FF0010A0AFA06FA1AEA030F14BF0123002300BF1846BDE8F00C704756
:20E060000000000000002DE9F04C07460E469446BB004CF21835C0F20105EC580023002549
:20E08000BCF1010F0FD1656AD4F82CA0A6F1200B012303FA0BFB05EA0A0A1BEA0A0F14BF9F
:20E0A000012300230AE0A6F1200A012303FA0AFAE36A1AEA030F14BF0123002300BF1846AF
:20E0C000BDE8F08C2DE9F04C07460E469446BB004CF21835C0F20105EC5800230025BCF11B
:20E0E000010F0FD1E56ED4F874A0A6F1400B012303FA0BFB05EA0A0A1BEA0A0F14BF0123DC
:20E1000000230AE0A6F1400A012303FA0AFA636F1AEA030F14BF0123002300BF1846BDE828
:20E12000F08C2DE9F04C07460E469446BB004CF21835C0F20105EC5800230025BCF1010F4F
:20E140000FD1A56ED4F870A0A6F1600B012303FA0BFB05EA0A0A1BEA0A0F14BF012300238C
:20E160000AE0A6F1600A012303FA0AFA236F1AEA030F14BF0123002300BF1846BDE8F08C8F
:20E180002DE9F04F88B082460E46934607934CF21835C0F2010555F82AC0CDF80CC04FF019
:20E1A000080C8DF803C04FF4007CCDF810C0002500274FF0000CCDF804C0BBF1000F03D001
:20E1C0004FF0000CCBF800C00324BAF1060F00D201240594002434E05FFA87FCA6EB0C0C3D
:20E1E0005FFA8CF62146504600F051FC84468DF802C09DF803809DF802C0E044CDF8088019
:20E20000DDF810C0DDF80890BCFBF9F7BBF1000F01D0CBF80040BE4210D2DDF8088008FB74
:20E2200006FC0CEB050EDDF80C8008EB0E0CDDF81C800CF1800CC8F800C006E005F5007595
:20E240000134DDF814C06445C6D94FF4006CBAF1060F01D24FF4806CCDF818C0DDF818C0DD
:20E26000654503D34FF0010CCDF804C0DDF804C0604608B0BDE8F08F0000000010B4044620
:20E28000A2004CF21833C0F20103995800228A6200224A62062C01D0072C01D10022CA6676
:20E2A000062C01D0072C01D100228A6610BC7047000000002DE9F04407460E469246BB0043
:20E2C0004CF2183CC0F2010C5CF803403546BAF1010F07D105F028FB63683343636005F037
:20E2E00026FB07E0354605F01FFB6368AB43636005F01DFBBDE8F0842DE9F04407460E46FF
:20E300009246BB004CF2183CC0F2010C5CF80350BB004CF2083CC0F2010C5CF8034005F0EA
:20E32000F1FA636B43F00053636305F0EEFA05F0F5FABAF1010F2AD10A2E0CD1D4F8E03A66
:20E340006FF3DF73C4F8E03AD5F8E03A43F40023C5F8E03A45E00B2E0CD1D4F8E03A6FF398
:20E36000DF73C4F8E03AD5F8E03A43F48023C5F8E03A36E0D4F8E03A6FF3DF73C4F8E03A57
:20E38000D5F8E03A43F48033C5F8E03A29E00A2E0CD1D4F8E03A6FF3DF73C4F8E03AD5F87A
:20E3A000E03A23F40023C5F8E03A1AE00B2E0CD1D4F8E03A6FF3DF73C4F8E03AD5F8E03ACB
:20E3C00023F48023C5F8E03A0BE0D4F8E03A6FF3DF73C4F8E03AD5F8E03A23F48033C5F8E3
:20E3E000E03A05F09EFABDE8F08400002DE9F04D81B005468A46934644F60C14C2F20004D3
:20E400008DF80330AF004CF2183CC0F2010C5CF807600AF01F0C4FF0010E0EFA0CF705F016
:20E420006BFABBF1010F13D14FEA051E5EF804C04CEA070C4EF804C09DF803C0BCF1010FF9
:20E4400014D14FEA051C5CF804C0C6F828C00DE04FEA051E5EF804C02CEA070C4EF804C029
:20E460004FEA051C5CF804C0C6F828C005F047FA01B0BDE8F08D2DE9F04D81B005468A46DC
:20E48000934644F61014C2F200048DF80330AF004CF2183CC0F2010C5CF807600AF01F0CF5
:20E4A0004FF0010E0EFA0CF7BBF1010F17D105F023FA4FEA051E5EF804C04CEA070C4EF848
:20E4C00004C09DF803C0BCF1010F05D14FEA051C5CF804C0C6F824C005F011FA11E005F093
:20E4E0000BFA4FEA051E5EF804C02CEA070C4EF804C04FEA051C5CF804C0C6F824C005F065
:20E50000FEF901B0BDE8F08D2DE9F04D81B005468A46934644F61414C2F200048DF80330E7
:20E52000AF004CF2183CC0F2010C5CF807600AF01F0C4FF0010E0EFA0CF7BBF1010F17D1FE
:20E5400005F0DAF94FEA051E5EF804C04CEA070C4EF804C09DF803C0BCF1010F05D14FEA06
:20E56000051C5CF804C0C6F86CC005F0C8F911E005F0C2F94FEA051E5EF804C02CEA070C82
:20E580004EF804C04FEA051C5CF804C0C6F86CC005F0B5F901B0BDE8F08D2DE9F04D81B01B
:20E5A00005468A46934644F61814C2F200048DF80330AF004CF2183CC0F2010C5CF80760D6
:20E5C0000AF01F0C4FF0010E0EFA0CF7BBF1010F17D105F091F94FEA051E5EF804C04CEAEE
:20E5E000070C4EF804C09DF803C0BCF1010F05D14FEA051C5CF804C0C6F868C005F07FF94E
:20E6000011E005F079F94FEA051E5EF804C02CEA070C4EF804C04FEA051C5CF804C0C6F8C9
:20E6200068C005F06CF901B0BDE8F08DF0B504460D4616461F46202D06D23B4632462946F5
:20E640002046FFF7D3FE21E0402D06D23B46324629462046FFF70FFF18E0602D0AD2062CE2
:20E6600001D0072C06D13B46324629462046FFF74BFF0BE0602D09D3062C01D0072C05D151
:20E680003B46324629462046FFF787FFF0BD2DE9F04104460F46154600263B460C2B31D85B
:20E6A0000FF20408D8E803F0070E2E2E2E152E2E2E2E1C2228002A4620464FF40041FFF778
:20E6C000F9FD20E02A4620464FF48041FFF7F2FD19E02A4620464FF00041FFF7EBFD12E066
:20E6E0002A4620460A21FFF707FE0CE02A4620460B21FFF701FE06E02A4620460C21FFF75C
:20E70000FBFD00E000BF33461846BDE8F0812DE9F04F87B004460E461F46069225684FF082
:20E72000080C6CF31B65256004F1080CCDF808C001AA69463079FFF7DDFB002F62D096F80B
:20E7400004C04FEA9C0B002524E04FEA850A5FFA8AFAD4460CEB070808F1030917F80C8087
:20E7600099F80090C9EA08690CEB070898F8018049EA08490CEB070898F802804FEA850AD9
:20E7800004F1080E49EA08284EF80A8005F1010A5FFA8AF55D45D8D34FEA8B0A5FFA8AFA6A
:20E7A000554612E025F0030E05F00308C8F10308C6440EF03F0ADDF8088017F805E008F840
:20E7C0000AE005F1010E5FFA8EF596F804E07545E8D3357912E025F0030E05F00308C8F108
:20E7E0000308C6440EF03F0ADDF8088096F807E008F80AE005F1010E5FFA8EF59DF804E0A7
:20E800007545E8D34FF0000EC4F800E04FF0000EC4F804E0D4F800E0DDF8008068F3134EF0
:20E82000C4F800E0D6F800E0BEF1010F1CD1DDF8188028F0005EC4F804E09DF84480D4F83A
:20E8400004E06FF35F7E4EEA487EC4F804E0D4F800E04EF4001EC4F800E0D4F800E04EF461
:20E86000800EC4F800E022E0D6F800E0BEF1000F1DD1D4F804E0DDF8188068F39C4EC4F8F4
:20E8800004E09DF84480D4F804E06FF35F7E4EEA487EC4F804E0D4F800E06FF3555EC4F831
:20E8A00000E0D4F800E06FF3965EC4F800E096F805E0BEF1010F05D1D4F800E04EF4801E46
:20E8C000C4F800E0D4F800E06FF31B6EC4F800E096F806E0BEF1010F05D1D4F800E04EF076
:20E8E000004EC4F800E0D4F800E096F8088068F39E7EC4F800E0D4F800E0DDF8408068F3BD
:20E900001B6EC4F800E007B0BDE8F08F2DE9F04D86B005468A461646059300244CF2083CB9
:20E92000C0F2010C5CF825C0CDF810C04FEA850C4CF2183BC0F2010B5BF80C7003AB02AA08
:20E9400051462846FFF71CFC012801D1012436E096F804C0BCF1400F01D901242FE02846A4
:20E96000029900F094F88446E34651462846FFF74EFA18BB96F804C0DC451FD8DDF81080A8
:20E98000D8F800C01CF4006F0CD096F808C0BCF1010F07D1D7F800CC2CF4804C4CF0004C92
:20E9A000C7F800CC31469DF840000E9B01900F98059A00900398FFF7AAFE00E0012400BF73
:20E9C000204606B0BDE8F08D2DE9F04D84B08A4614469B46039000264FEA8A0544F6FC0CA4
:20E9E000C2F2000C5CF80570DDF80CC0DCF800502D012D0F07EB041CDCF80CC0BCF1010FF0
:20EA000004D12DB1082D03D0092D01D0022637E021465046FFF73CFA07EB041C4FF0020E6B
:20EA2000CCF80CE09BF805E007EB041C8CF805E007EB041C4FF0000ECCF808E09DF83080E3
:20EA400007EB041C8CF804804FF0000E4FF00C0C0E988DE801505A46214650460D9BFFF751
:20EA600055FF844666465EB99DF830C0BCF1000F06D121465046012297F80538FFF7D6FDE8
:20EA800000BF304604B0BDE8F08D00000000F0B405460E46AA004CF2083CC0F2010C5CF8E9
:20EAA00002300022D3F800C01CF4006F2FD0741E04D30DD0022C15D31ED027E0D3F8004C91
:20EAC0004FF0010CC4F3014403340CFA04F21FE0D3F8004C4FF0010CC4F3C14403340CFA60
:20EAE00004F215E0D3F8004C4FF0010CC4F3815403340CFA04F20BE0D3F8004C4FF0010CBB
:20EB0000C4F3416403340CFA04F201E000E00822D4B22046F0BC70472DE9F04482B08246E8
:20EB20004FEA8A014CF20832C0F2010254580026002100910025216811F0807F47D144F264
:20EB40004021C0F20F01002003F008FF01460F4604F0DEFE216841F080412160216841F056
:20EB600080512160216811F0004F03D021686FF3DF71216004F0CFFE01A9002003F0CAFE95
:20EB80000AE06A4601A9002003F0D3FE00990D44BD4201D9012603E0216811F0006FF0D0C7
:20EBA000002501A9002003F0B5FE0AE06A4601A9002003F0BEFE00990D44BD4201D90126C3
:20EBC00005E0216811F0807F01D1002EEED03146084602B0BDE8F084000000000000000079
:20EBE000000000000000000000000000F0B507460C460025BA0044F6FC03C2F200039E580C
:20EC000021463846FFF72CF908B1012526E006EB0412D268012A01D103251FE021463846C5
:20EC2000002296F80538FFF701FD06EB0412D268022A06D121463846FFF75BF802461546DE
:20EC400008E006EB0412D268032A03D121463846FFF707F806EB04120123D3602A4610468C
:20EC6000F0BD000000002DE9F04C07460D4693469A4600244FEA870C44F6FC0EC2F2000E46
:20EC80005EF80C6029463846FFF7EAF808B1012416E006EB051CDCF80CC0BCF1010F01D0D9
:20ECA00002240DE006EB051C4FF0030ECCF80CE006EB051CCCF800B006EB051C8CF804A06F
:20ECC0004CB9BAF1000F06D129463846012296F80538FFF7ABFC00BF2046BDE8F08CF0B53B
:20ECE00006460F460125B20044F6FC03C2F200039C5894F80428012A29D1E268012A01D094
:20ED0000022524E000250322E2602760D4F80028022A02D10122227119E0D4F80028B2B9B4
:20ED20000022227130460122052194F80538FFF77DFC30460122062194F80538FFF776FC36
:20ED400030460122072194F80538FFF76FFC2A461046F0BD2DE9F04406460125B1004CF2AA
:20ED60000832C0F201025758B10044F6FC02C2F2000252F801A03C68E40F34B93046FFF77B
:20ED80007DFA00218AF80518002529460846BDE8F0840000F0B505460E460124AA0044F6F4
:20EDA000FC03C2F200039F5831462846FFF758F8012801D1012407E007EB0612D268012A05
:20EDC00001D1002400E0022422461046F0BD00002DE9F04C05468A4693460024AB004CF279
:20EDE000083CC0F2010C5CF803703B68DE0F012E04D12846FFF7C9F803461C4634B95A4658
:20EE000051462846FFF743FC03461C46012E04D12846FFF77DF800B1012423461846BDE8EE
:20EE2000F08C000030B5054600242846FFF774FE01460C4624B92846FFF76AF801460C4657
:20EE40002146084630BD2DE9F04D86B006460F4693468DF80F300024B5004CF2083CC0F23C
:20EE6000010C5CF805A0DAF804502D07ED0F0DBB05AB04AA39463046FFF782F9012801D1AF
:20EE8000012418E039463046FEF7C1FF012801D1012410E00F9802900E9801909DF80F0087
:20EEA0005B463A46314600900598FFF78DFD8446644600E0012400BF204606B0BDE8F08D97
:20EEC000000000002DE9F04404460F4616469A460AEB06152D7945BBFD1F25D312D0023D22
:20EEE00016D31BD0063D07D0012D1DD1F1B220460122FEF73DFE18E0F1B220460022FEF794
:20EF000037FE12E0F1B220460222FEF731FE0CE0204602220621FEF72BFE06E0204602224E
:20EF20000721FEF725FE00E000BFBDE8F08470B504460D4616462B1C03D00A3B022B04D952
:20EF400004E02046FEF758FE01E000E000BF70BD2DE9F04D82B0064644F6D82BC2F2000BA2
:20EF60000191002504F0E6FC0BEBC6021268B2F1FF3F42D00BEBC602141DF2005BF802A003
:20EF80004CF2CC33C0F2010353F836304FEACA029F183B680BEBC602136020E04CF2CC3300
:20EFA000C0F20103226853F83630DDF804C003EBC2025268DCF85030126D934206D922684A
:20EFC0000092C4F800A0009A3A6001254CF2CC33C0F20103226853F83630D2009C181DB95F
:20EFE0002268B2F1FF3FD9D125B9C4F800A04FF0FF323A60019A7A60012504F09EFC2A461F
:20F00000104602B0BDE8F08D2DE9F04D82B005464CF2CC37C0F2010744F6D82AC2F2000A01
:20F020000191012604F086FC0AEBC5025268B2F1FF3F2ED00AEBC502141D26E0226857F880
:20F04000353003EBC2025268019B1268934217D1D4F800B0226857F8353003EBC202126826
:20F0600022605AF8352000920AEBC502C2F800B057F8353003EBCB02009B1360002608E024
:20F08000226857F83530D2009C182268B2F1FF3FD4D104F052FC3246104602B0BDE8F08DB8
:20F0A00000000000000070B54CF2CC36C0F2010604F040FC002435E044F6D821C2F20001E1
:20F0C00001EBC4004FF0FF31416006EBC400406848B944F6D821C2F2000101EBC4004FF03B
:20F0E000FF3101601DE044F6D821C2F2000101EBC40000210160002506E056F8341001EBDF
:20F10000C500691C0160013506EBC400406801388542F2D356F8341001EBC5004FF0FF313A
:20F1200001600134032CC7D304F007FC70BD2DE910010446211C04D040F20318414502D025
:20F1400003E0002103E0022101E0012100BF00BF0846BDE81001704710B40446012C01D35A
:20F1600002D003E0002103E0012101E0012100BF00BF084610BC70472DE9F04D84B0834612
:20F180008E464CF2E436C0F20106029203930027DBF8445005EBC50406EB84046468247838
:20F1A00004F0030ABAF1000F50D0002445E005EBC50C06EB8C0CDCF81C8058F824C0DCF869
:20F1C00008C0BCF1010F0CD105EBC50C06EB8C0CDCF81C8058F824C0DCF824C0CEF800C0A1
:20F1E0002AE005EBC50C06EB8C0CDCF81C8058F824C0DCF808C0BCF1050F1DD105EBC50C0B
:20F2000006EB8C0CDCF81C8058F824C0DDF80880DCF824C0C8F800C005EBC50C06EB8C0CE2
:20F22000DCF81C8058F824C0DCF820C0DDF80C80DCF800C0C8F800C0013405EBC50C06EB1A
:20F240008C0CDCF808C06445B1D300E0092700BF384604B0BDE8F08DF0B405460F4616468A
:20F260004FF0FF333360002311E005EBC5044CF2E43CC0F2010C0CEB8404D4F81CC05CF825
:20F280002340A468A74201D133600BE0013305EBC5044CF2E43CC0F2010C0CEB8404A46831
:20F2A000A342E2D3F0BC70472DE9F04D84B005464CF2E43BC0F2010B0191029203934FF069
:20F2C000000AAC6CDDF80CC024780CEA0404013C04D0013C0BD0022C12D01AE0D5F848C0C9
:20F2E000DCF80440D5F848C0DCF8087014E0D5F848C0DCF80C40D5F848C0DCF810700BE0D8
:20F30000D5F848C0DCF81440D5F848C0DCF8187002E04FF0FF3400BF062C13D204EBC406DC
:20F320000BEB86067668367806F0030A6A4639462046FFF791FFDDF800C0BCF1FF3F01D14F
:20F340004FF0000ABAF1000F40D004EBC4060BEB8606D6F81CC0009E5CF826607669022E2E
:20F3600001DD012633E02E6C76683668033E032E0DD804EBC4060BEB8606D6F81CC0009E85
:20F380005CF826607669012E01DD01261FE004EBC4060BEB8606D6F81CC0009E5CF8266024
:20F3A000DDF804C0766ACCF8006004EBC4060BEB8606D6F81CC0009E5CF82660366ADDF8DE
:20F3C00008C03668CCF80060002600E0092600BF304604B0BDE8F08D2DE9F00404460D46BC
:20F3E00016469A460027BAF1010C06D0BCF1010C0CD0BCF1020F12D01AE0D4F808C0C5F89B
:20F4000000C0D4F80CC0C6F800C01BE0D4F810C0C5F800C0D4F814C0C6F800C012E0D4F826
:20F4200018C0C5F800C0D4F81CC0C6F800C009E04FF0000CC5F800C04FF0000CC6F800C0D7
:20F44000012700BF00BF3846BDE8F00470472DE9F04405460E4617469A46D5F848C0BCF190
:20F46000000F08D053463A4631462846FFF71CFF8446644607E053463A4631462846FFF747
:20F48000ABFF8446644600BF2046BDE8F0842DE9F04D84B007464CF2E43BC0F2010B01918F
:20F4A000029203930026BC6CDDF80CC024780CEA0404103C02D0102C09D011E0D7F848C09E
:20F4C000DCF81C40D7F848C0DCF820A00BE0D7F848C0DCF82440D7F848C0DCF828A002E042
:20F4E0004FF0FF3400BF062C12D204EBC4050BEB85056D682D7805F003066A465146204668
:20F50000FFF7AAFEDDF800C0BCF1FF3F00D100265EB304EBC4050BEB8505D5F81CC0009D47
:20F520005CF82550ED69022D01DD01251EE004EBC4050BEB8505D5F81CC0009D5CF8255034
:20F54000DDF804C06D6ACCF8005004EBC4050BEB8505D5F81CC0009D5CF82550DDF808C043
:20F560002D6ACCF80050002500E0092500BF284604B0BDE8F08D2DE9F00404460E461746A5
:20F580009C460025BCF1100A03D0BAF1100F09D011E0D4F820A0C6F800A0D4F824A0C7F8FD
:20F5A00000A012E0D4F828A0C6F800A0D4F82CA0C7F800A009E04FF0000AC6F800A04FF001
:20F5C000000AC7F800A0012500BF00BF2846BDE8F00470472DE9F04405460E4617469A463A
:20F5E000D5F848C0BCF1000F08D053463A4631462846FFF74CFF8446644607E053463A46EF
:20F6000031462846FFF7B7FF8446644600BF2046BDE8F0842DE9F04D90B00646002500247F
:20F6200048F68011C0F201010B680C934B680D938B680E93C9680F91316C4968D1F800A0C6
:20F640000395049506950795089509950A950B95D6F830B007AA06A930460123FFF7F7FE35
:20F6600009AA08A930460223FFF7F1FE0BAA0AA930461023FFF7AEFF05AB04AA03A9304672
:20F68000FFF77AFD01460F46002F7DD1716B072973D80FF20808D8E801F0C0467005091037
:20F6A0001A7070460398FDF7C4FC68E007990698FDF7D2FC01460C4661E00398FDF7B9FC55
:20F6C00007990698FDF7C8FC01460C4657E0BAF1010F12D10B9A1168102988BF1021116086
:20F6E0000B990A9A06980B680799FDF70AFD01460C460CB10B990D6014E00CAA1023079932
:20F700000698FDF7FEFC01460C465CB90CA9099A0898FDF75EFC01468DF80B109DF80B10D2
:20F72000CBF800102BE0BAF1010F14D10B9A1168102988BF102111600B99096800910A9BC0
:20F74000079A06990398FDF709FD01460C460CB10B990D6010E00DF10B01019109990091AE
:20F76000089B079A06990398FDF717FD01460C469DF80B10CBF8001001E0042400BF2046B9
:20F78000FFF7D5FC01460F463946084610B0BDE8F08D2DE9F04D96B007460E4600250024D4
:20F7A00048F69012C0F20102D2F800C0CDF848C0D2F804C0CDF84CC0D2F808C0CDF850C097
:20F7C000D26815923A6C526812681092079508950A950B950C950D950E950F953A6B119282
:20F7E0000BAA0AA938460123FFF731FE0DAA0CA938460223FFF72BFE0FAA0EA9384610238B
:20F80000FFF7E8FE09AB08AA07A93846FFF7B4FC02469246BAF1000F40F0B3807A6B072A7F
:20F8200000F2A8800FF20408D8E802F0A4040E1628A4A45F099A089907983346D200FDF732
:20F840006DFD0246144697E032460B990A98FDF795FD024614468FE0099A08990798334674
:20F86000D200FDF75BFD0246144634B932460B990A98FDF783FD024614467DE0109A012AD5
:20F8800018D10F9B1A68102A88BF10221A6003960F9A0E9B146800228DE81C00002108469D
:20F8A0000B9B0A9AFDF746FE024614460CB10F9A156019E003961022029212AA0192002280
:20F8C0000092002108460B9B0A9AFDF733FE024614464CB912A90D9A0C98FDF77AFB02465A
:20F8E0009346119AC2F800B046E0109A012A1FD10F9B1A68102A88BF10221A6006960F9A91
:20F90000DDF838B0D2F800C04FF0000808AA92E81B0042468DE81C19CA00014643460798A7
:20F92000FDF776FE024614460CB10F9A156020E006961022059212AA0492002203920B9ACF
:20F9400002920A9A019200220092099A08990798D2000023FDF75CFE024614464CB912A9A0
:20F960000D9A0C98FDF735FB02469346119AC2F800B001E0042400BF2046FFF7D8FB0246A3
:20F9800092465246104616B0BDE8F08DF0B505460124296C49680E68032E14BF0127002795
:20F9A000296C49680969103902D0012906D00CE02846FFF72FFE01460C4607E0394628468A
:20F9C000FFF7E7FE01460C4600E000BF21460846F0BD2DE9F04D8AB083460E4617464FF06C
:20F9E000000A0024CDF80CA0CDF810A0CDF818A0CDF81CA0CDF820A0CDF824A007AA06A987
:20FA000058460123FFF723FD09AA08A958461023FFF7E0FD099DDDF81CC02D68002365454D
:20FA200000D206231D46002D68D105AB04AA03A95846FFF7A1FB03461D46002D64D1DBF8E7
:20FA40003430072B47D80FF20808D8E803F0C04644050E182B4444383B463246049903989C
:20FA6000FDF7D3FB03461C4637E000973346089A07990698FDF7F6FB03461C462DE03B46F4
:20FA8000324604990398FDF7C0FB03461C4644B900973346089A07990698FDF7E3FB034654
:20FAA0001C461AE0079B002B08D900973346089A07990698FDF7D6FB03461C460DE0089B4C
:20FAC0008DE8C800079B069A04990398FDF703FC03461C4601E0042400BFDBF83430012BA6
:20FAE00006D0002304B9079BDDF824C0CCF800302046FFF71CFB03461D4605E006230322AF
:20FB000000217220F5F7BDFA2B4618460AB0BDE8F08D2DE9F04506460125316C49680F6862
:20FB2000032F14BF4FF0010A4FF0000A316C49680969072914D80FF20808D8E801F0C04689
:20FB40001105070D090B110F00240BE0012409E0022407E0032405E0042403E0072401E0FA
:20FB60000F2400BF0F2C06D0524621463046FFF730FF01460D4629460846BDE8F0852DE961
:20FB8000F04D92B007468B4600250024D7F834A0079508950A950B950C950D950E950F95DA
:20FBA000109511950BAA0AA938460123FFF74FFC0DAA0CA938460223FFF749FC0FAA0EA9F5
:20FBC00038461023FFF706FD11AA10A938462023FFF700FD0F9BDDF82CC01B68002263459B
:20FBE00000D206221646002E40F0C98009AB08AA07A93846FFF7C0FA02461646002E40F0C2
:20FC0000C480BAF1070F05D0BBF1800F02D14FF48174A6E05246072A00F2A1800FF2040855
:20FC2000D8E802F09D040E22409D9D5B099A08990798D2000023FDF771FB0246144690E022
:20FC40000D9A002A06D900220D990C98FDF796FB024614463CB900230E9A0B990A98FDF767
:20FC6000F0FB024614467CE0099A08990798D2000023FDF753FB024614464CB90D9A002A09
:20FC800006D900220D990C98FDF778FB024614463CB900230E9A0B990A98FDF7D2FB024601
:20FCA00014465EE0119B1A68102A88BF10221A6000220392119A109B14680AAA92E8035146
:20FCC00072468DE81C0063464246FDF733FC024614460CB1119A156043E0BBF1060F1FD134
:20FCE000119B1A68102A88BF10221A6000220692119ADDF840C0D2F800E00AAA92E81B017B
:20FD00008DE81A5103460DF11C0C9CE80700D200FDF77EFC024614460CB1119A15601DE04D
:20FD2000119B1A68102A88BF10221A6000220692119ADDF840C0D2F800E00AAA92E81B013A
:20FD40008DE81A5103460DF11C0C9CE80700FDF7A0FC024614460CB1119A156001E00424B1
:20FD600000BF7A6B012A04D0002204B90B9A0F9B1A602046FFF7DBF90246164605E0062356
:20FD8000032200217220F5F77CF93246104612B0BDE8F08D2DE9F04D98B0064600251391C8
:20FDA000002448F6A012C0F20102136814935368159393681693D2681792726B1292079551
:20FDC00008950A950B950C950D950E950F9510951195D6F830B00BAA0AA930460123FFF7CC
:20FDE00036FB0DAA0CA930460223FFF730FB0FAA0EA930460423FFF72AFB11AA10A9304698
:20FE00001023FFF7E7FB119BDDF82CC01B680022634500D206221746002F40F0D08009AB63
:20FE200008AA07A93046FFF7A7F902461746002F40F0CB80129A072A05D0139A802A02D129
:20FE40004FF48174ADE0129A072A00F2A8800FF20808D8E802F0C046A4050F2443A4A46353
:20FE6000099A08990798D2000123FDF757FA0246144696E00D9A42B10C9A32B101220D9960
:20FE80000C98FDF77BFA024614463CB90123109A0B990A98FDF7D5FA0246144681E0099A41
:20FEA00008990798D2000123FDF738FA0246144654B90D9A42B10C9A32B101220D990C98A7
:20FEC000FDF75CFA024614463CB90123109A0B990A98FDF7B6FA0246144662E001220392ED
:20FEE0000F9A029214AA0192109A00920D9B0C9A0B990A98FDF71EFB0246144654B90F9A3F
:20FF00000E9814A9D200FDF764F802469246CBF800A002E00122CBF8002042E0139A062AF2
:20FF200017D1012206920F9A059214AA0492109A03920D9A02920C9A01920B9A00920A9BFB
:20FF4000099A08990798D200FDF762FB0246144615E0012206920F9A059214AA0492109A0B
:20FF600003920D9A02920C9A01920B9A00920A9B099A08990798FDF78CFB0246144654B98F
:20FF80000F9A0E9814A9D200FDF723F802469246CBF800A002E00122CBF8002001E0042400
:20FFA00000BF726B012A04D0002204B90B9A119B1A602046FFF7BBF80246174605E006233A
:20FFC000032200217220F5F75CF83A46104618B0BDE8F08DF0B506460124316C49680F686E
:20FFE000316C49680D69062D01D0802D0ED1052F06D129463046FFF7C2FD01460C4605E08A
:020000021000EC
:2000000029463046FFF7C6FE01460C4621460846F0BD2DE9F04C82468B460125DBF8402002
:200020005468E268202A04D02269072A01D101252FE0E268102A0AD022680B2A07D022685B
:20004000132A04D02269072A01D0012521E0002616E04CF2B433C0F2010353F83A30F2003D
:200060009F1822683B689A4209D122793B799A4205D1227C7B799A4201D1002509E0013660
:200080004CF2B433C0F2010303EBCA0252689642DFD32DB10423032200217220F4F7F1FFCF
:2000A0002A461046BDE8F08C2DE9F04D8BB0064600250024776B316C4968D1F800A0009508
:2000C000019502950395049505950695079508950995316B0A91CAEBCA014CF22832C0F2B5
:2000E000010211444978FAB20A4220D001AA694630460123FFF7ABF901460C460099019AA4
:200100004FF0000B41B90223032200217220F4F7B8FF4FF0010B08E03AB905230322002168
:200120007220F4F7AEFF4FF0010B44EA0B04CAEBCA014CF22832C0F2010211448978FAB23E
:200140000A4221D003AA02A930460223FFF77FF944EA0001CCB20299039A4FF0000B41B9D8
:200160000223032200217220F4F78BFF4FF0010B08E03AB90523032200217220F4F781FF7C
:200180004FF0010B44EA0B04CAEBCA014CF22832C0F201021144C978FAB20A4221D005AADC
:2001A00004A930460423FFF752F944EA0001CCB20499059A4FF0000B41B90223032200211C
:2001C0007220F4F75EFF4FF0010B08E03AB90523032200217220F4F754FF4FF0010B44EA68
:2001E0000B04CAEBCA014CF22832C0F2010211440979FAB20A4223D007AA06A93046102358
:20020000FFF7E8F944EA0001CCB2069A07994FF0000B02B141B90223032200217220F4F73B
:2002200030FF4FF0010B09E0096839B90523032200217220F4F725FF4FF0010B44EA0B0461
:20024000CAEBCA014CF22832C0F2010211444979FAB20A4223D009AA08A930462023FFF7BC
:20026000B9F944EA0001CCB2089A09994FF0000B02B141B90223032200217220F4F701FFFC
:200280004FF0010B09E0096839B90523032200217220F4F7F6FE4FF0010B44EA0B04CAEBAB
:2002A000CA014CF22832C0F2010211448979FAB20A4219D00A994FF0000B41B902230322BD
:2002C00000217220F4F7DDFE4FF0010B0AE00021012907D10523032200217220F4F7D1FE93
:2002E0004FF0010B44EA0B04214608460BB0BDE8F08DF0B5054601246F6A3968286A04F0CF
:20030000F6F801460E463046FEF726FF01460C4621460846F0BD30B505460124296C49682E
:2003200009680139013904D902390ED9022906D911E02846FFF72AFB01460C460DE0284661
:20034000FFF748FE01460C4607E02846FFF7E1FB01460C4601E0012400BF2146084630BDA1
:200360002DE9F04482460D4644F65816C2F2000601242A6CD268012A1CD1327BD2B901224E
:2003800032730122B2602A68326001226A602846FFF7C1FF024614460022327314B96A6B43
:2003A000072A15D10022B2604FF0FF32326000226A600DE02A6CD26852B929465046FEF742
:2003C000C7FD02461746012F01D1002400E0022422461046BDE8F0842DE9F04482460D464C
:2003E00044F65816C2F2000601242A6CD268012A1DD1327BDAB932682B689A4217D1012239
:20040000327301226A602846FFF785FF02461446002232731CB995F83420520724D50022CF
:20042000B2604FF0FF32326000226A601CE02A6CD268C2B995F83420D2070BD529465046D6
:20044000FEF786FD02461746012F01D100240BE0022409E032682B689A4205D172681AB9D3
:200460007560002400E0022422461046BDE8F0842DE9F04407460C4644F65016C2F2000663
:200480000125626B072A29D138462168FEF7BCFD226CD268012A12D1626882B9327972B9D8
:2004A00001223271226832602046FFF722FF024615464FF0FF323260002232710EE0226CF7
:2004C000D2685AB921463846FEF742FD02469246BAF1010F01D1002500E002252A46104617
:2004E000BDE8F084F0B507460C4644F65816C2F20006012594F83420D20703D5384621687F
:20050000FEF782FDB26882B994F83420D2070CD5626852B93268B2F1FF3F06D1214638466C
:20052000FFF71EFF024615460CE0B268012A09D13268B2F1FF3F05D021463846FFF74CFF84
:20054000024615462A461046F0BDF0B506460D4601246A6B072A11D12A6CD26872B93046C3
:200560002968FEF751FD29463046FEF7F1FC02461746012F01D1002400E002242246104651
:20058000F0BD00002DE93041054644F64C14C2F200042068012806D10123002211467220D3
:2005A000F4F76FFD0FE003F087FFFEF77CFD012020604FF0FF30E0604FF0FF3044F668119E
:2005C000C2F20001886000BFBDE830812DE9F04106460D46012444F64C13C2F200031A688C
:2005E000002732B90023032219467220F4F749FD01273C460027032E06D304230322002137
:200600007220F4F73EFD01273C43002735B90223032200217220F4F734FD01273C43C4B929
:200620006A6C0027062A06D30423032200217220F4F727FD01273C4629463046FFF7E9FC3C
:2006400044EA0002D4B22846FFF72EFD44EA0002D4B214BB2A6C526812680B2A06D129468B
:200660003046FFF705FF0246144616E02A6C52681268132A06D129463046FFF766FF02460C
:2006800014460AE02A6C52681268142A05D029463046FFF727FF0246144622461046BDE833
:2006A000F081000030B505460024284600F005F801460C462146084630BD2DE9F04C8346C4
:2006C00000254FEA5B160BF01F07012101FA07FA5146304601F050FB304601F05AFB0146C0
:2006E0000C4604EA0A0424FA07F1CDB229460846BDE8F08C00BFFEE700BFFEE700BFFEE74D
:2007000000BFFEE700BFFEE700BFFEE7704700BFFEE700BFFEE7000010B40446B4F5002F08
:200720000ED3B4F1007F05D347F6FF71C0F200218C4205D9B4F1807F04D3B4F1817F01D2BD
:20074000012100E0002100BF084610BC7047F0B505460E467219571E2846FFF7DDFF02461A
:2007600014463846FFF7D8FF02461440012C03D1002E01D9012400E0002422461046F0BD9B
:2007800070B504460D46164625B131462046FFF7DEFF08B9052300E0002300BF184670BD7F
:2007A000F0B406460F461446012347EA060515F0030F07D1042C01D3042309E0022C07D32F
:2007C000022305E05FEAC57C02D4022C00D3022300BF1846F0BC7047F0B406460F4614466A
:2007E0003B68751E0AD06D1E03D0022D0AD1236009E0256863F30F05256004E09C4684F857
:2008000000C000E000BFF0BC70472DE9F00C07468C4692460723DCF80040DAF800507E1E11
:200820000FD0761E05D0022E13D1A54200D1002310E0C5F30F06C4F30F0B5E4500D100235C
:2008400008E005F0FF0604F0FF0B5E4500D1002300E000BF00BF1846BDE8F00C7047F0B469
:2008600005460E46062233686C1E10D0641E06D0022C13D1B3F1FF3F00D100220FE0C3F3C8
:200880000F0C4FF6FF77BC4500D1002207E003F0FF0CBCF1FF0F00D1002200E000BF00BF9D
:2008A0001046F0BC70472DE9F04C82468B46164640F20005C4F2020505F12007C5F818B0A2
:2008C0002B696AF307032B613EB1002403E0335D3B55631CDCB2102CF9D303F037F8AB6831
:2008E0006FF31863AB6003F034F864232B60BDE8F08C10B544F6F824C2F2000420680068FB
:2009000010B120680068804710BD10B544F6F824C2F200042068406810B1206840688047D7
:2009200010BD2DE93041002540F21808C4F20208D8F80040EFF310800546002D00D172B639
:20094000B4F5002F08D3B4F1007F0BD347F6FF70C0F20020844205D803B44FF08070016872
:2009600003BC0AE0B4F1807F07D3B4F1817F04D203B44FF00070016803BC07B4004801E063
:20098000000002404FF0800100BF00BF00BF00BF00BF00BF00BF00BF0160026800BF00BF14
:2009A00000BF00BF00BF00BF00BF00BF07BC002D00D162B6BDE83081F0B505460F4640F217
:2009C0000006C4F2020647B1FFF793FF47F0010228469047FFF799FF08E0FFF7A2FF01E066
:2009E00005B1A847326812F0800FF9D002F0A8FF326812F0800F09D0326812F0200F03D023
:200A000003242022326002E0002400E0042402F09AFF22461046F0BD2DE9300104460D46F3
:200A200040F23008C4F20208D8F80020A44662F3030CC8F800C040F23408C4F20208D8F8D0
:200A40000020AC4662F3030CC8F800C0BDE8300170472DE9F04505460F461646002428463A
:200A6000FFF75AFE15F00F0F0CBF4FF0010C4FF0000C0CEA000A40F20008C4F20208D8F8D9
:200A8000003013F0800F01D101240FE03A4629462420FFF708FF337833B9B1687068FFF700
:200AA0008BFF03461C4601E0FFF73BFF23461846BDE8F0852DE91001044640F20008C4F2AE
:200AC0000208D8F80020224214BF0121002100BF0846BDE8100170472DE930410546002432
:200AE00044F6F821C2F200010D600120FFF7E2FF012801D10A2413E08020FFF7DBFF08B93C
:200B000001240DE040F26401C0F2030140F20008C4F20208C8F80010E968A868FFF77CFFDA
:200B200021460846BDE8308100B58020FFF7C2FF00BD2DE9F04105460E4600242846FFF773
:200B4000EBFDEB040CBF0123002303EA000740F20008C4F20208D8F8002012F0800F01D16B
:200B600001240FE0294600224220FFF79CFE327832B9B1687068FFF71FFF0246144601E0C1
:200B8000FFF7CFFE22461046BDE8F0812DE9F04D81B006460F4692469B460025002416F091
:200BA0000F0F03D117F00F0F08BF01243046FFF7B3FD04EA000C8DF803C000240AE05A4626
:200BC00004EB0A01A019FFF744FF8446654605B102E01034BC42F2D300BF284601B0BDE892
:200BE000F08D2DE9F04D84B044F6F02AC2F2000A019002910392039A02990198FFF7C0FDA2
:200C000003469B46039E019C029F01250123CAF8003035E0CAF804404FF4803340F2000844
:200C2000C4F20208C8F80030012340F24008C4F20208C8F80030324639462046FFF7B0FDB6
:200C400003461D463A4621462846FFF7C5FD40F24008C4F20208D8F8003013F0010F0CD0B2
:200C600040F24008C4F20208D8F800301B09B3EB141F02D10223CAF800302C442F44761BE7
:200C8000002E03D9DAF80030022BC3D1DAF80030022B01D14FF0090B0023CAF800305B467D
:200CA000184604B0BDE8F08D2DE9F04D84B044F6F02BC2F2000B019002910392039A029974
:200CC0000198FFF75DFD03461C46039F019DDDF808A001260123CBF8003037E0CBF8045057
:200CE0004FF4803340F20008C4F20208C8F80030012340F24008C4F20208C8F800303A4646
:200D000051462846FFF74CFD03461E46524629463046FFF77AFD03461C4640F24008C4F21D
:200D20000208D8F8003013F0010F0CD040F24008C4F20208D8F800301B09B3EB151F02D1B7
:200D40000223CBF800303544B244BF1B002F05D9DBF80030022B01D0002CBFD0DBF8003066
:200D6000022B01D104B909240023CBF800302346184604B0BDE8F08D2DE9F04C83B044F618
:200D8000F02AC2F2000A40F2000BC4F2020B019002910024029E019D012702990198FFF7A3
:200DA000D6FC02468DF803200122CAF8002025E0CAF804504FF48032CBF800200122CBF893
:200DC0004020324628460021FFF7EAFC0246174629463846FFF743FD02461446DBF8402033
:200DE00012F0010F08D0DBF840201209B2EB151F02D10222CAF800203D44F61B002E05D973
:200E0000DAF80020022A01D0002CD1D0DAF80020022A01D104B909240022CAF800202246D0
:200E2000104603B0BDE8F08C30B540F20005C4F2020502F085FD286810F0800F0DD02868AF
:200E400010F0200F05D003242020286002F07BFD06E002F078FD002402E002F074FD01245A
:200E6000204630BD10B40446B4F1807F04D3B4F1817F01D2022110E0B4F5002F01D201213E
:200E80000BE0B4F1007F07D347F6FF71C0F200218C4201D8012100E0002100BF084610BC46
:200EA00070472DE91001044600215CB144F6FC21C2F200010A68136A621E53F822209168DB
:200EC000013100E0002100BF0846BDE81001704770B544F6FC24C2F20004261DE068FFF7AD
:200EE000E0FF05462068026AE06852F82000C1686069401B084470BD30B4054644F6FC24D3
:200F0000C2F200040021002108E02268136A53F821209268954200D804E001312268D269D8
:200F20009142F2D3084630BC70472DE9F044064644F6FC24C2F2000400252068016AC0693F
:200F4000013851F820008068864215D83046FFF7D3FF07462068016A51F82700046838467A
:200F6000FFF79FFF82463CB1A6EB0A01B1FBF4F004FB101000B901252846BDE8F0842DE961
:200F8000F044064644F6FC24C2F2000400252068016AC069013851F820008068864216D83E
:200FA0003046FFF7A9FF07462068016A51F8270004683846FFF775FF824644B1701CA0EB45
:200FC0000A01B1FBF4F004FB101000B901252846BDE8F0842DE9F044064644F6FC24C2F24D
:200FE000000400252068016AC069013851F820008068864215D83046FFF77EFF07463846B9
:20100000FFF74FFF82462068026A52F82700416839B1A6EB0A02B2FBF1F001FB102000B9BC
:2010200001252846BDE8F0842DE9F044064644F6FC24C2F2000400252068016AC0690138E1
:2010400051F820008068864216D83046FFF754FF07462068016A51F8270044683846FFF7FA
:2010600020FF824644B1701CA0EB0A01B1FBF4F004FB101000B901252846BDE8F08410B499
:20108000044644F60032C2F2000213692344591E53698B4200D2516900BF084610BC7047E5
:2010A000F0B4054644F6FC24C2F20004271D2068016AE06851F82000467C2068016AE0684A
:2010C00051F8200042682068016AE06851F8200083689D4203D26069281A411C02E06069A7
:2010E000181A411C012E04D1914294BF0846104601460846F0BC704730B4054644F6FC2412
:20110000C2F20004231D2068016AE06851F820008268954203D26069281A411C02E060698A
:20112000101A411C084630BC704710B5044601230B2200215C20F3F7BEFF022C06D1072364
:201140000B2200215C20F3F7A9FF07E0052C05D109230B2200215C20F3F7A0FF10BD2DE9E3
:20116000F04C81B044F6FC24C2F200040225FFF7AFFE83466069A169884201D9002533E0AE
:201180002068016AE06851F82000077C2068016AE06851F82000D0F800A03946584600F00F
:2011A0006CFD0646042E03D1012084F824001BE026B101253046FFF7B8FF15E0A7B960697A
:2011C000504460616069A169884201D900250BE02068016AE06851F820006169806881421A
:2011E00002D9E0680130E060284601B0BDE8F08C10B5044602230B2200215C20F3F75BFFD9
:20120000022C06D107230B2200215C20F3F746FF10E0032C06D108230B2200215C20F3F7D1
:201220003DFF07E0052C05D109230B2200215C20F3F734FF10BD2DE9F04E82B044F6FC24C4
:20124000C2F200040220009000266069A169884202D90020009043E0A06AFFF710FF8346DB
:2012600026E05846FFF71CFF05462068016AE06851F82000477CFFF72BFE82463B46294630
:201280005046E26900F031FD06468EB9606928446061E0692844E0612068016AE06851F84C
:2012A000200061698068814202D9E0680130E0606069584501D8002ED3D0042E03D10120CE
:2012C00084F824000CE02EB1012000903046FFF78FFF05E06069A169884201D900200090EC
:2012E000009802B0BDE8F08EF0B5064644F60035C2F200050124FFF7EBFD01460F46296838
:20130000023902D0012912D02BE031463846EA6900F091FC01460C462CB103230B220021FA
:201320005C20F3F7C8FEE9693144E9611AE031463846AA6900F090FC01460C466CB1042315
:201340000B2200215C20F3F7B6FE032C05D108230B2200215C20F3F7A1FEA9693144A96111
:2013600000E000BF21460846F0BD10B404460221012C01D0022C01D1012102E0032C00D139
:20138000042100BF084610BC70472DE9F04C44F6FC24C2F2000404F1040B4FF0020A0025C0
:2013A0006069A169884202D94FF0000A2DE0E06AFFF765FE074617E03846FFF79DFE06461D
:2013C0003046FFF791FF05466069304460615DB92068016AE06851F8200061698068814299
:2013E00002D9E0680130E0606069B84201D8002DE2D025B12846FFF7B8FF824605E0606977
:20140000A169884201D94FF0000A5046BDE8F08C10B544F60034C2F20004206818B9FFF7E4
:201420009EFE044609E02068012803D1FFF703FF044602E0FFF7A9FF0446204610BD30B534
:20144000054644F6FC24C2F20004A560691E04D30AD00239012907D90CE02068006848B1D8
:2014600020680068804705E02068406810B120684068804730BD00B500F0B1FB00BD2DE9D7
:20148000F04C44F6FC24C2F2000404F1040B0225FFF71EFD82462068016AE06851F8200056
:2014A00007683946504600F09EFB0646062E2CD0002084F82400C6B1012501230B220021D4
:2014C0005C20F3F7F8FD022E06D107230B2200215C20F3F7E3FD18E0052E16D109230B2281
:2014E00000215C20F3F7DAFD0FE06069384460612068016AE06851F8200061698068814280
:2015000002D9E0680130E06000252846BDE8F08C2DE9F04C44F6FC24C2F2000404F1040B1B
:201520000225FFF7D5FC82462068016AE06851F8200047683A465046E16900F066FB0646A5
:20154000062E2FD0002084F82400C6B1012502230B2200215C20F3F7AEFD032E06D1082344
:201560000B2200215C20F3F799FD1BE0052E19D109230B2200215C20F3F790FD12E06069E1
:2015800038446061E0693844E0612068016AE06851F8200061698068814202D9E06801309B
:2015A000E06000252846BDE8F08C30B544F60035C2F200050124286818B9FFF760FF044605
:2015C00005E02868012802D1FFF7A2FF0446204630BD2DE9F041064644F6FC24C2F20004C1
:2015E000271D36B10123002211465C20F3F749FD45E0A068022806D10623002211465C202B
:20160000F3F73FFD3BE04AF67031C0F201010868206000BF20688068012806D12068C06825
:20162000E06220684069A06205E020680069E06220688069A0622068406A00F0AAFA054699
:20164000062D06D10623002211465C20F3F726FD10E0072D06D10623002211465C20F3F752
:201660002AFD07E0092D05D10423002211465C20F3F707FD0020A060002084F82400BDE8C1
:20168000F0812DE9F04C81B006468B4644F6FC24C2F2000400250BEB0600471E20684FF0DA
:2016A000000A38B90523012200215C20F3F7E9FC4FF0010A55460DBB4FF0000A3046FFF716
:2016C00034FC38B90223012200215C20F3F7D9FC4FF0010A55464FF0000A3846FFF74FFC58
:2016E00010B1BBF1000F07D10323012200215C20F3F7C7FC4FF0010A45EA0A05DDB9A068DD
:20170000022807D10623012200215C20F3F7B9FC012510E03046FFF7EFFBE0603846FFF71F
:20172000EBFB20616661A761002060600220A060002084F82400284601B0BDE8F08C2DE95B
:20174000F04D82B006468B4644F6FC25C2F200050192002401998819471E28684FF0000AB9
:2017600038B90523022200215C20F3F78AFC4FF0010A544604BB4FF0000A3046FFF72AFCA1
:2017800038B902231A4600215C20F3F77AFC4FF0010A54464FF0000A3846FFF745FC08B13B
:2017A000019838B90323022200215C20F3F769FC4FF0010A44EA0A044FF0000ABBF1000FDF
:2017C00007D10423022200215C20F3F75AFC4FF0010A44EA0A04ECB9A868022807D10623A3
:2017E000022200215C20F3F74CFC012412E03046FFF782FBE8603846FFF77EFB28616E6169
:20180000AF61C5F81CB0012068600220A860002085F82400204602B0BDE8F08D10B444F623
:20182000FC24C2F20004206808B9002105E0A068022801D1022100E00121084610BC704787
:2018400010B544F6FC24C2F20004206838B905231A4600215C20F3F714FC012100E0A1680E
:20186000084610BD2DE9F04D82B006468B4644F6FC24C2F200040192002501998819471E41
:2018800020684FF0000A38B90523062200215C20F3F7F7FB4FF0010A554655BB2068016AD5
:2018A000C069013851F8200080684FF0000A864207D90223062200215C20F3F7E2FB4FF094
:2018C000010A554601984FF0000A40B12068016AC069013851F820008068874207D903231A
:2018E000062200215C20F3F7CCFB4FF0010A45EA0A054FF0000ABBF1000F07D104230622BF
:2019000000215C20F3F7BDFB4FF0010A45EA0A05EDB9A068022807D106231A4600215C202A
:20192000F3F7AFFB012512E03046FFF7E5FAE0603846FFF7E1FA20616661A761C4F820B045
:20194000022060600220A060002084F82400284602B0BDE8F08D30B5054644F6FC24C2F243
:201960000004206830B90523082200215C20F3F788FB1BE0A068022806D10623082200211E
:201980005C20F3F77EFB11E0012D07D30DD12068C068E06220684069A06207E02068006994
:2019A000E06220688069A06200E000BF30BD70B544F6FC25C2F2000500242868E8B1A86850
:2019C00002281AD195F83000012808D1FFF753FD0646012E11D1002085F830000DE095F849
:2019E0002400012802D1FFF7E0FD044614B9FFF70FFD04462046FFF722FD70BD10B50446DA
:201A00002046FFF72FFA0146084610BD2DE91001044621460A2917D80FF20408D8E801F027
:201A2000060812140E140A0C1414100000210DE006210BE0022109E0032107E0052105E0C0
:201A4000072103E0082101E0012100BF00BF0846BDE810017047F0B4074644F63035C2F2D2
:201A600000055FB945F6F064C0F201042868056840F24300C0F2000086080AE045F6F064D8
:201A8000C0F201042868456840F24300C0F200008608002103E08B00E258EA500131B14275
:201AA000F9D3F0BC704770B4064644F63034C2F200043EB92068046840F24300C0F200001F
:201AC000850806E02068446840F24300C0F200008508002103E08A000023A3500131A942EA
:201AE000F9D370BC70472DE9F04505460E4617469A46BAF1000F11D13846FFF77FFF8446B8
:201B00006446B4420AD12846FFF7A5FF4FF0010C44F63438C2F2000888F800C0BDE8F0853A
:201B200030B5054644F63434C2F200042078012804D12846FFF7B7FF0020207030BD70B5A9
:201B400004460D461646012C06D02CB931462846FFF712F903461C462046FFF757FF034618
:201B6000184670BD2DE9F04404460E4617469A46012C07D034B9524639463046FFF794F8B5
:201B8000844664462046FFF741FF05462846BDE8F084F0B5074644F63034C2F20004276094
:201BA0002068C068FEF798FF06463046FFF72EFF054645F6F060C0F20100FFF71FFFE06027
:201BC00045F6F060C0F20100FFF718FFA06025B9E06808B1A06800B909252846F0BD00B51C
:201BE000FEF7A2FF00BDF0B506460F460124FFF71BF9024615463A4631462846FFF79FFF81
:201C00000246144622461046F0BD2DE9F04406460F4692460124FFF707F903461D46534694
:201C20003A4631462846FFF79DFF03461C4623461846BDE8F084F0B505460E461746324609
:201C400039462846FEF7CDFF03461C462046FFF7DDFE03461846F0BDF0B505460E461746FF
:201C6000324639462846FFF71FF803461C462046FFF7CCFE03461846F0BDF0B583B00646A9
:201C80000F4644F63034C2F200048DF80070206880680190002002903B4632460020E1688F
:201CA000FFF721FF207910B120680068029069463046FEF73EFF044624B12046FFF7A6FEBC
:201CC00005460CE057B930464FF40051FFF754F804462046FFF79AFE054600E004250020BF
:201CE000FFF71EFF284603B0F0BD2DE9F04C83B006460F4693469A4644F63035C2F20005CC
:201D000000248DF800A028688068019000200290534632460120A968FFF7E5FE287910B141
:201D200028684068029039463046FFF725F8044634B96B465A4639463046FEF727FF0446EF
:201D400024B12046FFF762FE05460EE0BAF1000F0AD13A4659463046FEF7A6FF0446204645
:201D6000FFF754FE054600E004250120FFF7D8FE284603B0BDE8F08C70B404460D46A30034
:201D80004CF26C5CC0F2010C5CF80320D56070BC704730B404460021A3004CF26C5CC0F245
:201DA000010C5CF80320116800BF084630BC70472DE9F04D81B044F64035C2F2000505F194
:201DC000240A00900027BA004AF61443C0F2010399584AF8021000BF4FF0000B0CE05AF88B
:201DE0002720D268CBEB8B0102EB810000F00EFA0BF101015FFA81FB5AF82710097A8B450B
:201E0000EDD3002625E0002406E05AF827100969095D8E4202D00134032CF6D305F10C0299
:201E200002EBC40100220A7105F10C0202EBC40101220A60A1002A46002353505AF82720A0
:201E40005268C6EBC60102EB8101886900F0E4F901365AF8271009688E42D4D3002142F226
:201E60008C00C2F20000016001B0BDE8F08D2DE9F04F82B044F64036C2F2000606F1240AD8
:201E800000208DF8020000208DF803000027002529E0002406E05AF827000069005D85428E
:201EA00002D00134032CF6D344F64C31C2F2000101EBC40000684FF0010B042806D10B2323
:201EC000022200216420F3F7E9F801E04FF0000B8DF802B09DF80200012803D101208DF8D2
:201EE000030005E001355AF8270000688542D0D39DF80300A0BB002529E0002406E05AF8FC
:201F000027000069005D854202D00134032CF6D344F64C31C2F2000101EBC400002101715F
:201F2000A000314600220A5044F64C31C2F2000101EBC400002101605AF827104968C5EB86
:201F4000C50001EB8000806900F075F901355AF8270000688542D0D3B80000214AF800105D
:201F600002B0BDE8F08F2DE9F04E82B0834644F64C34C2F2000404F1180A019101250027D4
:201F8000012630468DF8030004EBCB000068042806D10B23052200216420F3F77FF802E0BA
:201FA00000208DF803009DF8036006B1012635467DBB5AF82700006910F80B605AF8270022
:201FC0004068C6EBC60200EB82004069012809D15AF827004068C6EBC60200EB82008069D7
:201FE00000F083F904EBCB00042202605AF8270001994068C6EBC60200EB8200806900F0B9
:2020000050F905462DB12B23052200216420F3F745F802B0BDE8F08E2DE9F04C81B005466A
:2020200044F64034C2F2000404F124070026002084F828000020E06257F82600006910F8E8
:2020400005A057F82620526844F66831C2F20001CAEBCA0002EB8000806900F0FBF8834683
:2020600004F10C0101EBC5000068042828D157F826104968CAEBCA0001EB8000806900F026
:2020800025F994F82800012810D157F826104968CAEBCA0001EB80004069012806D104F1A5
:2020A0000C0101EBC5000321016009E004F10C0101EBC50002210160A800214641F800B0C5
:2020C00001B0BDE8F08C2DE9F041064644F64C34C2F20004002504F1180151F8250000691F
:2020E000875D04EBC6000121017142F28C01C2F20001086858B904F1180151F82500406898
:20210000C7EBC70100EB8100806900F0EEF8BDE8F0812DE9F045074644F64C34C2F20004FA
:2021200004F11806002556F82500006910F807A004EBC7000021017142F28C01C2F200011D
:202140000868B8B956F825004068CAEBCA0100EB8100406920B104EBC7000068042809D0FA
:2021600056F825004068CAEBCA0100EB8100806900F0CBF8BDE8F0852DE9F045824644F655
:202180004C34C2F2000404F11806002556F82500D0B356F82500006910F80A7056F8250008
:2021A0004068C7EBC70100EB8100406901280ED156F825004068C7EBC70100EB81008069F6
:2021C00000F084F85046032104EBC000016042F28C01C2F200010868B0B904EBCA00007948
:2021E000012811D156F825004068C7EBC70100EB8100406840B156F825004068C7EBC701A5
:2022000000EB810040688047BDE8F08510B4044600BF00BF10BC704710B50446216849B128
:202220002168012906D02168022903D12169207901F0B5FE10BD10B50446216841B12168E6
:20224000012905D02168022902D1207901F091FF00BF10BD70B504460E4600252268EAB145
:202260002268012A1AD02268022A17D100256179207901F080FE024672606179207901F09C
:2022800067FE024615466179207901F04BFE012802D10122327001E0002232702A4610465D
:2022A00070BD70B504460E46012522685AB12268012A08D02268022A05D13246617920796F
:2022C00001F0D1FF00252A46104670BD10B50446216849B12168012906D02168022903D182
:2022E0006179207902F007F810BD10B50446216849B12168012906D02168022903D1617930
:20230000207902F034F800BF10BD10B50446216849B12168012906D02168022903D16179FD
:20232000207902F064F810BD2DE9F00104460E4615464EF60858CEF20008D8F8003025B1A7
:2023400004F1100753F827702F6004F11007BF00DE51BDE8F001704710B4044661094EF201
:202360000012CEF20002012302EB810104F01F0203FA02F20A6010BC704710B5044661098A
:202380004EF28012CEF20002012302EB810104F01F0203FA02F20A60BFF34F8FBFF36F8F66
:2023A00010BD30B404460D46002C07DB4EF20042CEF2000222442B01137009E004F00F027A
:2023C000121F4EF61853CEF200031A442B01137030BC704770B504460E46012542F29802F3
:2023E000C2F20002125D32B10423002211465220F2F747FE1FE036B103230022114652209E
:20240000F2F73FFE17E04BF23463C0F2010353F8242042B14BF23463C0F2010353F824207A
:202420001268A24206D00323002211465220F2F728FE00E000252A46104670BD2DE9F04406
:2024400005468A4644F67037C2F200070024002642F29800C2F20000805D012807D0524686
:20246000002319465220F2F70CFE012410E045B957F82500007920B157F825000068864200
:2024800006D05246022300215220F2F7FAFD01242046BDE8F08470B505460E460124314632
:2024A0002846FFF7CBFF024614466CB944F67432C2F20002525D032A06D03246042300211F
:2024C0005220F2F7DEFD01242246104670BD10B504462246062300215220F2F7D2FD10BDFE
:2024E0002DE9F044824644F67035C2F2000505F108070024002651463046FFF76BFF98BB23
:20250000B1004BF23462C0F201025058785023E057F82620043252F8241009688E4219D19B
:2025200057F82620043252F824100979012911D157F826C0A2000CF1040C5CF802102B4609
:20254000995055F824102046896800F012F9291D03220A55611CCCB2002CD9D042F2980059
:20256000C2F2000001218155BDE8F08470B5054644F67436C2F20006012428460A21FFF7D4
:202580005DFF044654B9705D032802D0705D022804D1284600F00AF9044600BF204670BDF5
:2025A00070B5054644F67436C2F20006012428460921FFF743FF04469CB9705D03280FD0A2
:2025C000284600F004F904461CB930460321415507E0022C02D10920FFF779FF012400E0CD
:2025E0000024204670BD30B50546012428460721FFF751FF01460C466CB9284600F002F9DC
:2026000010B10720FFF763FF44F67431C2F2000101224A5500242146084630BD30B505462E
:20262000012428460B21FFF736FF01460C464CB9284600F0F6F844F67431C2F2000101220F
:202640004A5500242146084630BD70B501250026002405E0204600F0F1F80546601CC4B21F
:20266000002CF7D042F29800C2F2000000218155284670BD2DE9F0448CB007468A4644F678
:202680007C36C2F20006701CC45D9AF80D008DF81400022007900AA8099001200690082006
:2026A0008DF82000012505A92046F5F790FB05469DB9079828B90020029030460221015502
:2026C0000DE00798012805D10120029030460121015504E00220029001E002200290069803
:2026E00010B90120019001E0002001909DF820008DF80C009DF814008DF800000998049024
:202700006946384603F076F810B1384603F0AAF80CB0BDE8F08470B581B0054644F67D31F9
:20272000C2F200014C5D6946284602F077FF01460E4600BF311F0AD003390DD0013910D0FF
:20274000042913D120460021F5F76BFB0FE020460321F5F766FB0AE020460521F5F761FB0B
:2027600005E020460421F5F75CFB00E000BF01B070BD2DE9F04406460F4644F67C35C2F29F
:2027800000053C78B00005F108010F50D7F808A05146204602F048FE681C0655204603F08E
:2027A0008AF8284600218155BDE8F08430B4054644F68834C2F200040121605D012803D160
:2027C0000021204600224255084630BC7047F0B50746012444F68432C2F2000252F827108A
:2027E0000D78284603F03EF801460E4626B9284603F061F8002402E0022E00D102242146F5
:202800000846F0BD30B5054644F68432C2F2000252F825100C78204603F0A6F8C1B208462C
:2028200030BD30B5054644F68432C2F2000252F825100C78204603F0B5F830BD70B506466E
:2028400044F68432C2F2000252F826100C78204602F0ACFEC1B20D462946084670BD00001C
:202860002DE9F04505460E4644F67C37C2F20007781C445DD6F810A050460B283CD80FF235
:202880000808D8E800F0C04639343907151C152C0C10151531462846FFF7ECFE2DE02046D5
:2028A000F5F7B4FA29E020467168F5F7A2FA24E02846FFF730FF284602F0D4FF1DE0B069CE
:2028C000072804D120460021F5F7ABFA03E020460121F5F7A6FA284602F0C4FF0DE020466F
:2028E0000221F5F79EFA284602F0BCFF05E007F10C000121015500E000BFBDE8F08510B438
:2029000044F69034C2F20004002060600020206010BC704730B404460D460122231C03D147
:2029200000232B60002200E000BF00BF104630BC7047F0B405460C46164601232F1C08D18B
:202940004FF0010CC6F800C027687F1C2760002300E000BF00BF1846F0BC704730B404468C
:202960000D460022231C01D12A4600E000BF00BF104630BC704742F6A441C2F200010868C8
:2029800080B100200AE00A68D36803EBC002126844F69833C2F20003985401300A68526820
:2029A0009042F0D3704710B442F6A444C2F20004206880B100200AE021680A6902EBC001C2
:2029C000096844F69932C2F2000250540130216889688842F0D310BC70472DE9304105469A
:2029E00042F6A444C2F200044BF26861C0F201010868206000BFFFF7BEFFFFF7D4FF206892
:202A0000406900F041F8BDE830812DE97041064644F69835C2F20005012442F6A441C2F2C5
:202A2000000108680169681C805D01EBC00040686860686800F037F800242046BDE870812F
:202A4000F0B50325FF2600240E2700F03DF8064612E04CF28051C0F2010101EBC4000068ED
:202A6000864207D14CF28051C0F2010101EBC400456803E0601CC4B2BC42EAD32846F0BDEB
:202A800000B500F01DF800BD10B5044654B100F00BFA206801F0B6F9606801F0C9F9A0680B
:202AA00001F0A3F810BD10B5044644B1206800F0A4FE606801F0EBF8A06800F04CF910BDF9
:202AC00000B501F0DFFC00BDF0B507250024002601F0BCF9000601D5072516E001F0B6F959
:202AE0004BF6E76100EA010700240CE00120A040384206D02546701CC6B2022E01D355250D
:202B000003E0601CC4B2202CF0D32846F0BD10B4044645F20001C4F2060101EB84021268C7
:202B200012F0004F04D001EB84024FF0B643136001EB84031A686FF355521A6001EB840368
:202B40001A6842F400121A6001EB84031A6842F000421A6010BC704710B4044645F2000185
:202B6000C4F2060101EB8402126812F0004F04D001EB84024FF0B643136001EB84031A6875
:202B80004FF0010C6CF301021A6001EB84031A6842F400121A6001EB84031A6842F00042ED
:202BA0001A6010BC704710B4044645F20001C4F2060101EB8402126812F0004F04D001EB18
:202BC00084024FF0B643136001EB84031A686FF301021A6001EB84031A686FF355521A6078
:202BE00001EB84031A6842F000421A6010BC7047F0B404460D4645F20003C4F20603621EB5
:202C00000D3A0AD9053A0C3A07D9033A013A04D9053A02D0043A042A1CD803EB8402126871
:202C200012F0004F05D003EB84024FF0B64CC2F800C003EB840CDCF8002065F30B22CCF884
:202C4000002003EB840CDCF8002042F00042CCF8002000E000BFF0BC70472DE9F04C0446EC
:202C60008C4645F20006C4F206064CF2F067C0F2010700250022002306EB840ADAF800A0D9
:202C80001AF0004F05D006EB840A4FF0B64BCAF800B007EBC40ADAF8043019E007EBC40A56
:202CA000DAF800A0BAF1000F0ED057F834B05BF822A0D44508D106EB840EDEF800A06CF378
:202CC000061ACEF800A005E002F1010A5FFA8AF29A42E3D39A4200D1012506EB840BDBF8FE
:202CE00000A04AF0004ACBF800A000BF2846BDE8F08C2DE9F00404460E46174645F20003C0
:202D0000C4F2060303EB84052D6815F0004F05D003EB84054FF0B64CC5F800C0282C0FD057
:202D200003EB840CDCF8005066F31045CCF8005003EB840CDCF8005067F31455CCF80050B6
:202D400003EB840CDCF8005045F00045CCF80050BDE8F0047047F0B50546CDB32E680024C9
:202D600034E06A6821018858FFF71DFF6B682201D1184968D058FFF770FF6B682201D1185D
:202D80008968D058FFF734FFD5F804C0230103EB0C014A7B897B53F80C00FFF7AAFF6A68B0
:202DA00002EB0411097B01290AD16A6821018858FFF7ADFE6A6821018858FFF7CDFE04E09A
:202DC0006A6821018858FFF7EEFE0134B442C8D3F0BD2DE9F04106460024002700BF36B146
:202DE000012310220021FF20F2F74BF93CE04BF68C12C0F201021168B1B34BF68C11C0F2F3
:202E000001010D6800242CE06868C4EB840200EB820150F8220000228968FFF785FA6868D6
:202E2000C4EB840200EB820150F822004979FFF7B8FA6A68C4EB840102EB810109790129FA
:202E400007D16A68C4EB840152F82100FFF784FA06E06A68C4EB840152F82100FFF78DFAE1
:202E6000013429688C42CFD3BDE8F08170B504460E460025CC2C03DC6FF00D02944207DA22
:202E8000022311220021FF20F2F7FBF8012508E0012E03D12046FFF75FFA02E02046FFF7BA
:202EA0006CFA2A46104670BD4DF20000C4F20700016811F0004F04D040F20001C9F273418E
:202EC0000160C16841F00101C160016841F00041016070470000F0B505460F46002437B9C8
:202EE0004CF2D003C0F2010353F825203AB90C23002211467C20F2F7C4F8012410E0AA00E0
:202F00004CF2D003C0F201039E58B268525D012A06D0F023002211467C20F2F7B2F801244A
:202F200022461046F0BDF0B5074644F6A036C2F200060025002439462846FFF7CCFF044629
:202F4000012C0AD04CF2D001C0F2010151F8250030603068C06800F077F9F0BD2DE9F04C8A
:202F6000054629684CF61422C0F20102890052F801B029684CF60022C0F2010289005758E2
:202F800029684CF6EC12C0F20102890052F801A0DAF8146000F016FD69680BF1100202EB22
:202FA0008101096811F4004F06D0696807F110024FF0B64389005350696807F11002890051
:202FC00054584FF6D401C6F27F010C40A96811F001010C43A96801F002010C436969C90055
:202FE0000C43E96809020C43E97E49010C43697EC9070C43A97E09060C4344F400446968FF
:2030000007F110028900545000F0DFFCE968012904D1E9696A689140CAF804106A6801219F
:2030200091408E4329696A6891400E43CAF81460BDE8F08C70B404460D46A3004CF6EC1C63
:20304000C0F2010C5CF803200123AB40536070BC704770B404460D46A3004CF6EC1CC0F235
:20306000010C5CF803200123AB40936070BC70472DE9F04407460E469246BB004CF6EC1C1F
:20308000C0F2010C5CF8035000F0A2FC6C690123B3409C430AFA06F31C436C6100F09BFCC1
:2030A000BDE8F08470B505460E46002404E006EB4410FFF753FF0134AC42F8D370BD2DE96D
:2030C000F04C07460D469346BB004CF6142CC0F2010C5CF803A0BB004CF6002CC0F2010C60
:2030E0005CF8036000F06EFC0AF1100C0CEB85031B6813F4004F06D0AB0006F110044FF085
:20310000B64C44F803C0AB0006F1100C5CF803404FF6F773CFF67F731C404FEACB031C4331
:2031200044F40044AB0006F1100C4CF8034000F04CFCBDE8F08C2DE9F04C07460D469246AB
:20314000BB004CF6142CC0F2010C5CF803B0BB004CF6002CC0F2010C5CF8036000F032FCAF
:203160000BF1100C0CEB85031B6813F4004F06D0AB0006F110044FF0B64C44F803C0AB0068
:2031800006F1100C5CF803404FF6FC73CFF67F731C400AF001031C430AF002031C4344F4CB
:2031A0000044AB0006F1100C4CF8034000F00DFCBDE8F08C2DE9F04D84B00446B4F802B03D
:2031C000A16809798DF80310A16889680191A168C9680291A1680968039100272FE0626865
:2031E000790031F802A04FEA5A150AF01F0631462846019AFFF763FF31462846029AFFF775
:203200009AFF0399012913D19DF80310012904D131462846FFF70EFF03E031462846FFF71E
:2032200018FFA1680A6828463146FFF721FF04E0314628460022FFF71BFF791C8FB25F458C
:20324000CDD304B0BDE8F08D10B5044627202169FFF728FF2046FFF7ADFF10BD4DF8048D50
:20326000002200210BE04DF20408C4F20708D8F8000010F0040F01D0012206E0013148F2E7
:20328000A060C0F201008142EDD310465DF8048B70474DF8048D002200210BE049F20008C0
:2032A000C4F20708D8F8000010F4007F01D0012206E0013144F64030C0F24C008142EDD3BF
:2032C00010465DF8048B70474DF8048D002200210BE044F21C08C4F20608D8F8000010F407
:2032E000803F01D0012206E0013148F2A060C0F201008142EDD310465DF8048B70474DF85D
:20330000048D002200210BE044F21408C4F20608D8F8000010F4803F01D0012206E0013139
:2033200048F2A060C0F201008142EDD310465DF8048B704744F20001C4F2060100230022F3
:2033400019E0886A10F4803F14D0886A10F0004F02D04FF0B6408862886A40F0007088622D
:20336000886A6FF349208862886A40F000408862012306E0013248F2A060C0F2010082426C
:20338000DFD31846704744F20001C4F206010020CA6912F0004F02D04FF0B642CA61C86969
:2033A0004FF6FE72CFF6FB721040C86140F00040C861704710B4044644F20002C4F2060259
:2033C0000021D36913F0004F02D04FF0B643D361D1694FF6FD73CFF6FB731940E3079B0FF1
:2033E0001943D16141F00041D16110BC704744F20000C4F20600016B11F0004F02D04FF059
:20340000B6410163016B41F080710163016B41F000410163704710B544F20004C4F20604A7
:20342000FFF7E5FFA06A10F0004F02D04FF0B640A062A06A40F44050A062A06A40F40070D2
:20344000A062A06A40F00100A062A06A40F00040A06210BD10B4044644F20001C4F20601E2
:203460008A6A12F0004F02D04FF0B6428A628A6A64F341028A628A6A42F000428A6210BC78
:2034800070472DE9F04406460F46924644F20004C4F206040025A36913F0004F02D04FF024
:2034A000B643A361A36966F38203A361A3696AF30923A361A36967F30003A361A36943F0DC
:2034C0000203A361A36943F00043A361636913F0004F02D04FF0B6436361656925F48025E5
:2034E00045F00105656145F000456561042000F0D0F903461846BDE8F08444F20000C4F202
:203500000600816A11F0004F02D04FF0B6418162816A6FF300018162816A6FF35961816264
:20352000816A41F000418162704710B4044644F20002C4F206020021536913F0004F02D08F
:203540004FF0B643536151694FF6FD73CFF6FB731940E3079B0F1943516141F000415161BE
:2035600010BC70472DE91001044644F20001C4F206014CB3CA6A12F0004F02D04FF0B642D6
:20358000CA62CA6A636863F31242CA62CA6A236863F30102CA62CA6AA36863F30F22CA62F4
:2035A000CA6A236963F30412CA62CA6AE36863F34512CA62CA6A42F00042CA62626944F682
:2035C000A433C2F200031A60BDE81001704744F20001C4F2060100204A6912F0004F02D08C
:2035E0004FF0B6424A618A6912F0004F02D04FF0B6428A6148694FF6FE72CFF6FB721040C9
:2036000048618A696FF341028A6140F0004048618A6942F000428A6170474DF20000C4F267
:203620000700016811F0004F04D040F20001C9F27341016041686FF300014160016841F0AC
:2036400000410160704710B4044649F20001C4F207018A6912F0004F04D040F20002C9F6FE
:2036600067028A6144B90A686FF38A220A600A6842F001020A6007E00A6842F480620A6023
:203680000A686FF300020A608A6942F000428A6110BC704749F20000C4F20700816911F032
:2036A000004F04D040F20001C9F66701816101686FF38A21016001686FF3000101608169BD
:2036C00041F00041816170472DE93001044644F20C08C4F20608D8F80010C1F303214A1C22
:2036E000B4FBF2F35D1E4DF68361C4F21B31A5FB011540F20808C4F20208D8F80010C5F342
:20370000C35565F30301C8F80010BDE83001704730B405460C4601226B1E0DD303D0022BCB
:2037200004D306D008E00323236007E00423236004E00523236001E0002200BF00BF104654
:2037400030BC70472DE9F04D82B007468A46934644F20005C4F206050193002600246946C2
:203760003846FFF7D5FF01283FD1009800F091F801283AD140F20808C4F20208D8F800C0F1
:203780006FF3030C4CF0040CC8F800C0D5F80CC01CF0004F03D04FF0B64CC5F80CC0EC6807
:2037A00024F4E0244FEA074C44EA0C046FF30B04DDF8048008F00F0C44EA0C044FEA0B7C48
:2037C0004FEA1C6C44EA0C044FEA0A7C4FEA1C5C44EA0C04EC60D5F80CC04CF0004CC5F812
:2037E0000CC00A98FFF770FF012600BF304602B0BDE8F08D00000000000030B581B0044666
:2038000044F6A835C2F20005FCB394F82C00012805D1226AA16AE069FFF733FE01E0FFF794
:20382000D6FE206B686094F82400FFF77EFE04F13400FFF797FE94F84D00012802D1FFF7C0
:20384000EAFD01E0FFF759FE94F84C00FFF702FE94F85400012803D1206DFFF7F4FE01E052
:20386000FFF718FFFFF7D9FE606800902369E268A1682068FFF766FF607D08B9FFF783FD40
:20388000207DFFF797FDA069286001B030BD000000002DE9304105460024294605291FD848
:2038A0000FF20408D8E801F01C03080D1217FFF7D5FC01460C4614E0FFF7EBFC01460C4623
:2038C0000FE0FFF701FD01460C460AE0FFF717FD01460C4605E0FFF72DFD01460C4600E061
:2038E00000BF21460846BDE83081000000B572B600BD00B562B600BD00B572B600BD00B58B
:2039000062B600BD00B572B600BD00B562B600BD00B572B600BD00B562B600BD00B572B6AD
:2039200000BD00B562B600BD00B572B600BD00B562B600BD00B572B600BD00B562B600BDF8
:2039400000B572B600BD00B562B600BD00B572B600BD00B562B600BD00B572B600BD00B5D0
:2039600062B600BD00B572B600BD00B562B600BD00B572B600BD00B562B600BD00B572B64D
:2039800000BD00B562B600BD00B572B600BD00B562B600BD00B572B600BD00B562B600BD98
:2039A00000B572B600BD00B562B600BD00B572B600BD00B562B600BD00B572B600BD00B570
:2039C00062B600BD00B572B600BD00B562B600BD00B572B600BD00B562B600BD00B572B6ED
:2039E00000BD00B562B600BD2DE9700104460D467DB94CF6282CC0F2010C48F20408C4F2D5
:203A00000408D8F800205CF824309A43C8F800200EE04CF6282CC0F2010C48F20408C4F206
:203A20000408D8F800205CF824301A43C8F80020BDE8700170472DE91001044648F2040821
:203A4000C4F20408D8F80010E24362F38E31C8F80010BDE8100170472DE91001044648F2A3
:203A60000408C4F20408D8F8001064F34D31C8F80010BDE8100170472DE91001044648F2DB
:203A80000408C4F20408D8F8001064F30C31C8F80010BDE8100170472DE9700105460C4683
:203AA00048F20002C4F204022B46082B27D80FF20808D8E803F0C046242424060B10151AE5
:203AC0001F00936A64F30D33936219E0936A64F38F33936214E0936A64F3114393620FE0BA
:203AE000936A64F3934393620AE0936A64F30923936205E0936A64F38B23936200E000BFCD
:203B0000BDE87001704770B405460C4648F20002C4F204026B1E04D308D0022B0BD30FD0FD
:203B200013E0936A64F3DB6393620FE0936A64F39A6393620AE0936A64F35963936205E002
:203B4000936A64F31863936200E000BF70BC70472DE9700104460D4648F20002C4F2040203
:203B600013686FF3CB231360E31E06D9053B033B03D311D0012B16D01CE013686FF30513EF
:203B8000136044F21008C4F20608D8F8003064F31343C8F800300EE013684FF0010C6CF3EF
:203BA0000513136007E013684FF0020C6CF30513136000E000BF136865F30A231360136854
:203BC00043F400631360BDE8700170474DF8048D48F20008C4F20408D8F800006FF3CB2014
:203BE000C8F800005DF8048B704710B50446002C4CD000202178FFF7F7FE01206178FFF77F
:203C0000F3FE0220A178FFF7EFFE0320E178FFF7EBFE04202179FFF7E7FE05206179FFF7AC
:203C2000E3FE0620A179FFF7DFFE207AFFF714FF607AFFF721FFE079FFF7FDFE03206169C6
:203C4000FFF72AFF0420A169FFF726FF0520E169FFF722FF0620216AFFF71EFF0720E16842
:203C6000FFF71AFF08202169FFF716FF0020216BFFF749FF0120E16AFFF745FF0220A16ABB
:203C8000FFF741FF0320616AFFF73DFF10BD10B504464CB1217A012904D161682068FFF714
:203CA00057FF01E0FFF792FF10BD2DE9300104460D464EF22C08C4F20708C8F800404EF21C
:203CC0003008C4F20708C8F80050BDE8300170472DE9100104464EF20C08C4F20708D8F8F0
:203CE000001064F3DF71C8F80010BDE8100170472DE9100104464EF20C08C4F20708D8F876
:203D0000001064F30C21C8F80010BDE8100170472DE9100104464EF20C08C4F20708D8F878
:203D20000010C4F340026FF3820141EA8201C8F80010BDE8100170472DE9100104464EF2F9
:203D40000C08C4F20708D8F8001064F30101C8F80010BDE81001704730B404464EF20001A5
:203D6000C4F2070100224BF2646304EA030262B1CB6944F69B15CFF6FF752B401343CB6115
:203D8000CB6943F08003CB610AE0CB6944F69B15CFF6FF752B40CB61CB696FF3C713CB6199
:203DA00030BC70472DE9100104464EF21C08C4F20708D8F8001064F30101C8F80010BDE818
:203DC000100170472DE9100104464EF22008C4F20708D8F8001064F30001C8F80010BDE8D0
:203DE000100170472DE9100104464EF22408C4F20708D8F8001064F30F21C8F80010BDE87D
:203E00001001704710B504468CB12068FFF794FF6068FFF77DFFA068FFF76AFF207BFFF74B
:203E200057FF2069FFF7BEFF6069FFF795FF10BD10B504464CB12078FFF7C4FF6068FFF7B5
:203E4000D1FFE168A068FFF730FF10BD4DF8048D4EF20808C4F20708D8F800104BF6E760FC
:203E6000014041B14BF6E76008404EF21808C4F20708C8F8000008465DF8048B70472DE95B
:203E8000F04C04460D4644F6B03AC2F2000AA2004CF64423C0F2010353F802B0002600271C
:203EA0002946204600F03EF802461646012E37D10BF1240303EB85031A6842F400421A601F
:203EC000A2004CF6442CC0F2010C5CF80230243303EB85021268C2F3403C6746012F1FD105
:203EE00005EB8402C2EB82020AEB82021278012A16D105EB8402C2EB82020AEB820252682C
:203F000072B105EB8402C2EB82020AEB8202536805EB8402C2EB82020AEB8202107A98471A
:203F2000BDE8F08CF0B405460E460022AB004CF6442CC0F2010C5CF8034004F1240202EB40
:203F400086031B68C3F3C03200BF1046F0BC7047F0B404460D46A2004CF6482CC0F2010CDD
:203F60005CF802304FEA850C1F1D57F80C2000BF1046F0BC7047F0B404460D46A2004CF69D
:203F8000482CC0F2010C5CF802304FEA850C03F1140757F80C2000BF1046F0BC70472DE986
:203FA000F04D83B005460C4644F6B036C2F20006A8004CF64421C0F201010F58A8004CF6C6
:203FC0004421C0F2010194F800A051F800B0FFF7C3FC0020012808D10BF1240101EB8A0134
:203FE000086840F48040086007E00BF1240101EB8A0108686FF38E300860FFF7B0FCA80034
:204000004CF64421C0F2010194F800A051F800B0FFF7A2FC0020012808D10BF1240101EB5D
:204020008A01086840F40050086007E00BF1240101EB8A0108686FF34D300860FFF78FFCE2
:20404000A8004CF64421C0F2010194F800A051F800B0FFF781FC0BF1240101EB8A000068C6
:2040600010F4004F07D00BF1240101EB8A01086840F400400860FFF772FCA8004CF644217F
:20408000C0F2010194F800A051F800B0FFF764FC0BF1240101EB8A0108686FF38A20086075
:2040A000FFF75DFCFFF758FC6078012809D1207807F1240101EB8001086840F04000086022
:2040C00008E0207807F1240101EB800108686FF386100860FFF743FCA0684CF64421C0F270
:2040E000010100908046606894F800A00190A80051F800B0FFF730FC0BF1240101EB8A0188
:20410000086868F3010008600BF1240101EB8A020199106861F385001060FFF720FCA800BD
:204120004CF64822C0F20102115820784FF0FF32800014310A50217801EB85000121C0EBB7
:20414000800006EB80000170217801EB8500E168C0EB800006EB80004160217801EB850063
:20416000217CC0EB800006EB8000017203B0BDE8F08D2DE9F04D81B005464CF64427C0F290
:204180000107A9007E58002468E0A90057F801A0FFF7E2FB0021012908D10AF1240202EB8E
:2041A0008402116841F48041116007E00AF1240202EB840211686FF38E311160FFF7CFFB53
:2041C000A90057F801B0FFF7C7FB0021012908D10BF1240202EB8402116841F40051116055
:2041E00007E00BF1240202EB840211686FF34D311160FFF7B4FB57F82580CDF80080FFF7A5
:20420000ABFB08F1240202EB8401096811F4004F08D0009B03F1240202EB8402116841F4F4
:2042200000411160FFF79BFB06F1240202EB840211686FF38611116006F1240202EB84023D
:2042400011686FF30101116006F1240202EB840211686FF385011160611CCCB2042C94D31C
:2042600001B0BDE8F08DF0B505460C461646AB004CF6442CC0F2010C5CF80370FFF76CFB8D
:204280000023012B07D1243707EB84073B6843F480433B6006E0243707EB84073B686FF324
:2042A0008E333B60FFF75BFBAB004CF6482CC0F2010C5CF80370A3001437FE50AB004CF646
:2042C000442CC0F2010C5CF80370FFF745FB002307D1243707EB84073B6843F480433B60A7
:2042E00006E0243707EB84073B686FF38E333B60FFF735FBF0BD70B505460C46AA004CF61E
:204300004423C0F201039E58FFF726FB0022012A08D106F1240303EB84031A6842F4804240
:204320001A6007E006F1240303EB84031A686FF38E321A60FFF713FBAA004CF64423C0F262
:2043400001039E58FFF708FB06F1240303EB8402126812F4004F07D006F1240303EB84039F
:204360001A6842F400421A60FFF7F9FA70BDF0B505460C464CF64426C0F20106AA00B35857
:20438000243303EB840212689704FF0F2ED1AA00B758FFF7E1FA07F1240303EB8402126899
:2043A00012F4004F07D007F1240303EB84031A6842F400421A60FFF7D2FAAA00B758FFF758
:2043C000CBFA002208D107F1240303EB84031A6842F400521A6007E007F1240303EB84038A
:2043E0001A686FF34D321A60FFF7B9FAF0BD70B505460C46AA004CF64423C0F201039E58C9
:20440000FFF7AAFA0022012A08D106F1240303EB84031A6842F400521A6007E006F12403C0
:2044200003EB84031A686FF34D321A60FFF797FAAA004CF64423C0F201039E58FFF78CFA28
:2044400006F1240303EB8402126812F4004F07D006F1240303EB84031A6842F400421A601D
:20446000FFF77DFA70BD10B50024002405E021460020FFF704FD601CC4B2042CF7D3BFF394
:204480004F8F10BD2DE90041BFF34F8F4EF60C58CEF20008D8F8000040F20001C0F2FA511A
:2044A00000F4E060084340F00400C8F80000BFF34F8F00BF00BFFDE744F20000C4F20300A8
:2044C0004FF6FF7181614FF4707141634FF4806181634FF0FF31C1634FF6FF71C161FF21EB
:2044E000416140F24311C0F20501C16070472DE9F04D84B0029003910024012600254FF0A8
:20450000000A0022009201A90020FEF703FA002742F210710020FEF721FA0246934618E0FC
:20452000E20706D444F23008C4F20308D8F800A055461AF4803F05D0029A15552D0A01346A
:20454000002606E06A4601A90020FEF7F2F9009A17445F4502D2039A9442E1D35F4500D3EA
:2045600001263246104604B0BDE8F08DF0B50746B9004CF64C22C0F201025458D4F8005197
:204580002D07ED0FD4F800617607F60F05B97EB1FFF706FAD4F800116FF3C301C4F8001189
:2045A000D4F800116FF38201C4F80011FFF7FBF9F0BD2DE9F04406460D461746B3004CF69A
:2045C0008C2CC0F2010C5CF80340FFF7F5F9012F0AD14CF6642AC0F2010A63685AF825C04F
:2045E00043EA0C03636009E04CF6642AC0F2010A63685AF825C023EA0C036360FFF7DFF997
:20460000BDE8F08410B40446A1004CF68C23C0F201035A585369C3F30F0100BF084610BC1E
:204620007047F0B405460E461746AB004CF68C2CC0F2010C5CF80340002304E016F803C050
:20464000C4F800C00133BB42F8D3F0BC704710B40446A1004CF64C23C0F201035A5811683E
:2046600011F0FF01084610BC7047F0B405460E461746AB004CF64C2CC0F2010C5CF803400D
:20468000002304E0D4F800C007F803C00133B342F8D3F0BC704770B5044644F6E035C2F2FC
:2046A0000005A0004CF68C21C0F201010E58FFF77DF9A1002A46505840F00100505055F809
:2046C0002400B060FFF775F970BD70B5044644F6E035C2F20005A0004CF68C21C0F201015B
:2046E0000E58FFF763F9A1002A46505820F00100505055F82400B060FFF75BF970BD70B57B
:20470000054644F6E034C2F20004A9004CF68C22C0F201025658FFF749F9AA00A15841F040
:204720000201A15054F82510B160AA00A15821F00201A150FFF73DF970BD70B5054644F648
:20474000E034C2F20004A9004CF68C22C0F201025658FFF72BF9AA00A15841F00401A150AD
:2047600054F82510B160AA00A15821F00401A150FFF71FF970BD10B40446A1004CF64C2362
:20478000C0F201035A58D16F11F00101084610BC7047F0B582B0074600250026002101917B
:2047A000002469460020FEF7B5F84FF47A710020FEF7D4F801460E4612E03846FFF7DBFF7A
:2047C00008B901250EE03846FFF741FF3846FFF7B4FF01AA69460020FEF7ABF801990C442D
:2047E000B442EAD92946084602B0F0BD2DE9F04482B082464FEA8A014CF64C22C0F2010277
:2048000057580025002600210191002469460020FEF780F84FF47A710020FEF79FF801466A
:204820000E460CE0F96811F0400F01D1012508E001AA69460020FEF77CF801990C44B442E4
:20484000F0D92946084602B0BDE8F0842DE9F04405468A46AA004CF64C23C0F201039C589D
:20486000AA0044F6F833C2F200039F580026BAF10B0F2BD32846FFF78CFF012826D1FFF78D
:2048800071F8E268AAF10B0363F34D22E260E26842F48072E260E26842F04002E260FFF70B
:2048A00064F82846FFF7A2FF01280FD1FFF75AF83A7C02230D2A02D33A7CA2F10B03E268BE
:2048C00063F34D22E260FFF750F8012632461046BDE8F0842DE9F00405460F46FF2205F0C5
:2048E0003F0305F03F04C4F34006C4F3C00C8CEA0606C4F3001C8CEA060686EA5416F443D6
:2049000003F00106C3F3400C8CEA0606C3F3800C8CEA0606C3F3001C8CEA06034FEAC47A8D
:204920004FEA9A7AAC466AF39F1C4FEA831A4AEA0C062FB9B54201D12A4602E0FF2200E000
:20494000F2B200BF1046BDE8F00470472DE9F00407468C46154600233C2D07D07D2D05D0E8
:20496000FE2D03D0BF2D01D02B4600E00023002409E03E5D1E44B3B2FF2B02D9A3F1FF06FB
:20498000B3B2661CF4B26445F3D36FEA030A5FFA8AF600BF3046BDE8F00470472DE9F04C05
:2049A00005460E4644F61047C2F20007A80007F1480151F800A0A8004CF64C21C0F201012F
:2049C00051F800B0B068A8B9307800F03F01DBF8080161F30700CBF80801DBF800016FF354
:2049E0000000CBF80001DBF800016FF34100CBF8000114E0307800F03F01DBF8080161F3BC
:204A00000700CBF80801DBF8000140F00100CBF80001DBF800016FF34100CBF80001B068A7
:204A200000284FD1002408E0326904EBC500125D07F118010A54601CC4B2307B8442F3D3CC
:204A4000DAF81C0028B9284601220021FFF7B1FD05E0A9003A46505840F001005050FEF7B5
:204A600087FF706808B9002000E030788AF80B009AF80B20317B3069FFF768FF8AF80B00F6
:204A8000FEF779FF07F1180101EBC500CAF80000307B01308AF8090000208AF80A000920E9
:204AA000CAF8140001208AF80C002846FFF70DFE00208AF8080028460122DAF80010FFF7EF
:204AC000B0FD74E0B068012865D1DAF81C0050B9284601220721FFF76CFD28460022114668
:204AE000FFF767FD0BE0A9003A46505840F004005050A9003A46505820F001005050002426
:204B000007E004EBC50007F1180100220A54601CC4B2082CF5D300208AF80900307B0130F4
:204B20008AF80A00FEF72AFFDBF80C01716861F30000CBF80C01FEF724FF0A20CAF81400D6
:204B400001208AF80C002846FFF710FD2846FFF7A2FD2846FFF7D3FDFEF716FFDBF804011C
:204B6000317B61F30300CBF80401FEF710FFFEF717FFDBF800016FF30410CBF80001DBF87A
:204B8000000140F00800CBF80001FEF70CFF00208AF808000BE000208AF8090000208AF836
:204BA0000A00284600F0FEFE00208AF80800BDE8F08C2DE9F044054644F6F837C2F200070D
:204BC000A80007F160010C580026A80039460F58A8004CF64C21C0F2010151F800A0F86868
:204BE000012808D12846FFF732FD6069032828D10420606125E02846FFF729FD60690228CC
:204C000011D06069092802D060690A2808D1012605202061786918B1214628467A6990470D
:204C2000284600F0BFFE012020736069022801D106206061DAF8CC006FF30000CAF8CC006B
:204C400000BFBDE8F084F0B504460F4644F6F836C2F20006A00006F160010D58A0003146A2
:204C60000E58552F02D1072068610AE004202861204600F097FE706918B1294620467269B3
:204C80009047F0BDF0B505460F4644F6F836C2F20006A80006F160010C58A80031460E5840
:204CA00038460021FFF716FE6073607BFF280CD0032020610820606100202073706978B158
:204CC00021462846726990470AE004202061284600F068FE706918B12146284672699047D1
:204CE000F0BD2DE9F044044644F6F837C2F20007A00007F160010D58A000394651F800A0E9
:204D0000A0004CF64C21C0F201010E58E86928B9204600220621FFF74CFC06E0A10007F18C
:204D20001802505820F002005050DAF80C00012840F08B802869062800F08880687A0028FC
:204D400040D0E86928B9204601220721FFF731FC06E0A10007F11802505840F00400505028
:204D6000092068612046FFF701FC2046FFF793FC2046FFF7E2FC2046FFF7FDFC012802D172
:204D80002046FFF7DAFC687A411ED6F8040161F30300C6F80401687A07F1300101EBC401F7
:204DA0000138C2B22046FFF73CFCD6F8000140F01000C6F80001D6F8000140F00800C6F81F
:204DC000000143E0A87AD0B30A206861E86950B9204600221146FFF7ECFB20460122072150
:204DE000FFF7E7FB0DE0A10007F11802505820F001005050A10007F11802505840F0040053
:204E000050502046FFF7B2FB2046FFF744FC2046FFF775FCA87A411ED6F8040161F30300D5
:204E2000C6F80401D6F800016FF30410C6F80001D6F8000140F00800C6F8000106E00820D7
:204E40002861204600F0AEFD00E000BFBDE8F08470B5054644F62846C2F20006A80006F19F
:204E600030010C58A07A80B1A07A06EBC502411E2846FFF7FAFB2846FFF7E9FBE07206EB3D
:204E8000C50060600920206104E02069062801D008202061284600F085FD70BD2DE9F04477
:204EA000044644F6284AC2F2000AA0000AF130010D580AE0297A5746204601EBC406FFF7D1
:204EC000C6FBB855297A481C28722046FFF79AFBC007EFD40AF1480151F82400800402D5DC
:204EE0000B2028610AE00AF1480151F82400C00402D50720286101E005202861204600F033
:204F000051FDBDE8F08430B404460021A20044F6584CC2F2000C5CF802309A69033A023A99
:204F20000BD9043A07D302D0012A02D007E0042106E0072104E00C2102E0032100E000BFD6
:204F400000BF084630BC704710B404460021621E0AD307D0013A03D0032A05D8022105E01E
:204F6000092103E00A2101E0002100BF00BF084610BC704730B404460021A20044F6584CD9
:204F8000C2F2000C5CF802309A69033A023A0CD9043A08D30BD0012A0BD11A7A0AB10721F8
:204FA00000E0082106E00C2104E0032102E0042100E000BF00BF084630BC704730B4044649
:204FC0000021A30044F6584CC2F2000C5CF803209369092B01D1042106E09369052B02D0ED
:204FE0009369042B00D1032100BF084630BC704770B5044644F6F836C2F20006A00006F1B9
:2050000060010D58A00031460E582046FFF71FFB204600F0C7FC0A202861706918B12946FA
:2050200020467269904770BD2DE9F04404468A4644F6F836C2F20006A00031460F58A00087
:2050400006F160010D5806F19000005D0AEA00068EB901202861287B48B9786918B1294607
:2050600020467A699047204600F09CFC05E0204600F098FC01E000202873BDE8F084F0B5F9
:20508000044644F6F836C2F20006A00006F160010D58A00031460E58A0004CF64C21C0F2C9
:2050A00001010F58D7F8CC0010F0010F03D02046FFF7CDFA18E0686906280ED02046FFF7B5
:2050C000C6FA204600F06EFC05202861706958B1294620467269904706E02046FFF7B7FA46
:2050E00001462046FFF7AFFDF0BD2DE9F04D81B005468A4644F6F836C2F20006A80006F154
:2051000060010C58A80031460F58607A217A401AC6B20020012E03D1E17A514500D00120F8
:2051200083462168097800208A4502D0012E00D001208DF803009DF80300012802D0BBF1F4
:20514000010F14D1062020612846FFF7D8FA2846FFF7F3FA2846FFF7B8FA284600F022FC9A
:20516000786910B3214628467A6990471DE0206801302060207A01302072607A217A401A9A
:20518000C6B2012E05D9284601222168FFF749FA0BE0012E06D104F10B0128460122FFF7BE
:2051A00040FA02E0284600F0F4F801B0BDE8F08D70B50446A10044F65842C2F2000255586F
:2051C0000026697A21B12046FFF741FA01460E466969063912D001391FD002292CD1697A9B
:2051E00021B131462046FFF780FF06E02046FFF72EFA01462046FFF778FF23E0697A21B14F
:2052000031462046FFF71FFD06E02046FFF71FFA01462046FFF717FD14E0697A21B131466D
:205220002046FFF72FFD06E02046FFF710FA01462046FFF727FD05E0697A11B92046FFF7E5
:2052400006FA00BF70BD2DE9704105460024A90044F65842C2F20002565831690B291DD888
:205260000FF20408D8E801F01A1A1A1A1A0612181A1A060C2846FFF746FE01460C460FE048
:205280002846FFF777FE01460C4609E02846FFF795FE01460C4603E0072401E0002400BF51
:2052A00021460846BDE8708130B5044644F67045C2F2000555F8241001F01801182903D12C
:2052C0002046FFF776FC1BE055F82410890703D52046FFF78DFE13E055F8241011F09C0F15
:2052E00003D02046FFF7CBFE0AE055F82410C90503D52046FFF7ABF902E02046FFF758FF10
:2053000030BDF0B5044644F6F835C2F20005A00029460F58A00005F160010E58F868012835
:2053200016D105F1780151F8240042F69E41084203D12046FFF7D5FC24E02046FFF787F968
:205340000520306105207061204600F02BFB19E005F1780151F8240010F4305F03D1204683
:20536000FFF7BFFC0EE00420306105F1780151F82400400503D505F1960001210155204676
:2053800000F010FB786918B1314620467A699047F0BD70B5044644F6F836C2F20006A000F3
:2053A00031460D58A00006F160010E5808203061204600F0F7FA686918B1314620466A6969
:2053C000904770BDF0B5044644F6F836C2F20006A00031460F58A00006F160010D58287A3B
:2053E000697A884205D007202861204600F0DAFA0EE006F1780151F8240043F29C0108426A
:2054000003D12046FFF724FD02E02046FFF746FD786918B1294620467A699047F0BD0000D4
:2054200000000000000000002DE9F04D82B006460F4644F6F835C2F200054FF0000BB0002C
:205440004CF64C21C0F201010C584CF68C21C0F2010151F826000090B00029460F503046EF
:20546000FFF797F910B94FF0010B9BE00098D0F814A00098D0F818A00098D0F800A0E068A3
:2054800040F08000E0602068796861F3070020607868C0F30721606861F307006060D4F86E
:2054A000C000B96861F30300C4F8C000E0686FF3C710E060E0686FF3C300E060E06840F052
:2054C0000300E060E0686FF38200E060E06840F40020E06020696FF341002061387C0221BD
:2054E0000D2802D3387CA0F10B01E06861F34D20E0603046FFF7E9F8304600220921FFF703
:2055000058F8B10005F11802505820F0FF005050F86801280CD1D4F8000140F00100C4F803
:205520000001D4F80001F96861F34100C4F80001B87C012803D105F196000021815505F140
:20554000A20001218155397F05F19C008155797F05F190008155B96944F65842C2F2000291
:2055600042F8261044F65841C2F2000151F826000021017344F65841C2F2000151F8260038
:205580000021016144F65841C2F2000151F826000221416144F65841C2F2000151F82600D5
:2055A0000021C161584602B0BDE8F08DF0B5044644F61046C2F200060025A00006F14801F8
:2055C0000F58387B012801D1012525E02046FFF7E0F808B9012501E000207861204600220E
:2055E0000921FEF7E6FF2046FFF789F82046FFF7A4F82046FFF706F8C00702D52046FFF77E
:2056000026F8A1003246505820F0FF005050A00006F1480100220A502846F0BD2DE9F04D32
:2056200005468B4644F62847C2F200070024A80007F130010E58D6F814A0306909281BD850
:205640000FF20408D8E800F013091807051818180B0D0C2415E00B2413E0092411E0012463
:205660000FE0052407EBC500CBF8000009E05046FFF76AFC044604E02846FFF7E4FD044600
:2056800000BF2046BDE8F08D2DE9F04D81B006460D4644F6F837C2F20007B00007F1600173
:2056A00051F800A057F826000090B0004CF64C21C0F2010151F800B028788AF80D00A868B1
:2056C000C8BB002408E02A6904EBC600125D07F130010A54601CC4B2287B8442F3D3FEF7E7
:2056E00047F9686808B9002000E028788AF80B009AF80B20297B2869FFF728F98AF80B0016
:20570000FEF739F907F1300101EBC600CAF80000287B01308AF8090000208AF80A00FEF7C5
:205720002DF9DBF80C01297961F30000CBF80C01FEF727F927E0A86801281ED1002407E04E
:2057400004EBC60007F1300100220A54601CC4B2082CF5D300208AF80900287B01308AF8FC
:205760000A00FEF70BF9DBF80C01696861F30000CBF80C01FEF705F905E000208AF80900CE
:2057800000208AF80A0000208AF808000020CAF8100001208AF80C000320CAF814003046A3
:2057A000FEF7E4FEFEF7F6F80099487C411EDBF8100161F30200CBF81001DBF808019AF8F7
:2057C0000D1061F30700CBF80801FEF7E6F8FEF7E7F8DBF8000140F00200CBF80001DBF841
:2057E000000140F00400CBF80001FEF7DCF801B0BDE8F08D2DE9F04C05460E4644F6F83CB5
:20580000C2F2000C0024A8000CF160010F58A800614651F800A0317B012019B1317B08298B
:2058200000D8002083467869012801D1012416E0387B012801D1022411E0DAF80C000128E4
:2058400004D131462846FFF71FFF08E0BBF1010F01D1012403E031462846FFF79FF8204624
:20586000BDE8F08CF0B5044644F61046C2F200060125A00006F148010F58F86928B92046B9
:2058800000220921FEF795FE05E0A1003246505820F0FF0050502046FEF768FE2046FEF7C3
:2058A00078FF012801D1002500E00225204600F079F82846F0BD2DE9F04C054644F6F83465
:2058C000C2F2000404F118064FF0000AA80004F160010F58A800214651F800B0387B01286B
:2058E00002D14FF0010A3CE07869012839D00020386101207861F86950B928460022092185
:20590000FEF757FE284601220821FEF752FE09E0A900705820F0FF007050A900705840F074
:2059200008007050DBF80C0001280DD1F86928B9284601220021FEF73CFE12E0A900705833
:2059400040F0010070500CE0F86928B9284601220021FEF72EFE04E0A900705840F00100CF
:2059600070505046BDE8F08CF0B5064644F65847C2F200070024B00039460D58287B0128A7
:2059800002D06869012801D0012409E00120287307F13C00815D3046FEF758FF00B90124EE
:2059A0002046F0BD2DE9F04F82B0044644F6F835C2F2000505F11807A00005F1600151F88E
:2059C00000A0A000294651F800B0A0004CF64C21C0F201010E58B0682046FEF713FE05EB42
:2059E00084018867DAF81C0028B9204600220921FEF7DFFD04E0A100785820F0FF007850B5
:205A00002046FEF7B3FD2046FEF779FE2046FEF794FE2046FEF759FEDBF80C00002846D1EC
:205A200005F19600005D012826D12046FEF7B1FE012821D1F06840F08000F0603068DBF875
:205A4000041061F307003060DBF80400C0F30721706861F307007060D6F8C000DBF8081019
:205A600061F30300C6F8C000F0686FF3C710F06005F1960000210155D6F800016FF300003C
:205A8000C6F80001D6F8CC0040F00100C6F8CC00DAF81C0028B9204601220021FEF789FDFE
:205AA00021E0A100785840F0010078501BE0DBF80C00012817D1DAF81C0050B92046012210
:205AC0000621FEF776FD204601220021FEF771FD09E0A100785840F002007850A100785865
:205AE00040F001007850DAF81400CAF818000220CAF8140000208AF80C0002B0BDE8F08F71
:205B000070B5044644F65845C2F20005A00029460E5805F1180151F8240080050ED52046C7
:205B200000220821FEF745FD7069012806D12046FEF78DFD01462046FFF776FA70BD10B520
:205B4000044644F67042C2F2000252F82410C90702D52046FFF7A8FB10BD10B5044644F61F
:205B60007042C2F2000252F82410490402D52046FFF7C7FB10BD10B5044644F67042C2F281
:205B8000000252F82410090402D52046FFF71AFC10BD2DE9F04C044644F67047C2F200071A
:205BA000A0004CF64C21C0F201010D58A0004CF68C21C0F2010151F800A0A600BB46204644
:205BC000FEF720FD4BF80600AE6816F00F06686810F4806F02D02046FFF792FF686810F0E7
:205BE000010F02D02046FFF7AAFF686810F4807F02D02046FFF7B1FF686810F4007F02D0E8
:205C00002046FFF7B8FF072E01D1DAF87C00A000394600220A50BDE8F08C00B50320FFF792
:205C2000B8FFBFF34F8F00BD2DE97041064644F6C045C2F2000501244CF2CC22C0F201024F
:205C4000116829602A68126812680021022A0AD02A681268126832B12A6812681268012A7B
:205C600001D0012104E02A681268126802B901210C4654B92968086800F016F801460C46F3
:205C8000210001D000222A600C4600BFBDE870812DE9004144F6C041C2F2000108680068A0
:205CA00000F01CF8BDE80081F0B5064601240027316809B901240EE03168012901D1012554
:205CC00000E0022506F10C0252F82510486800F084F8C1B20C4621460846F0BD10B50446E7
:205CE000A168606800F0E6F810BD0000002142F20003C4F20503002208E049F69910C0F27E
:205D00000100814201D9022204E0491C986810F0807FF2D010467047F0B405460C4642F235
:205D20000003C4F205030022D3F808C0C4F800C095F809C0BCF1000F04D0D5F80CC02F695A
:205D4000BC4504D2D5F810C0BCF1000F01D801223FE026684FF68147CFF6F8773E40266025
:205D60002E684FEA867C266846EA9C5626606E7A4FEAC67C266846EA9C6626606E794FEA53
:205D8000C67C266846EA1C7626602E794FEAC67C266846EA5C762660AE794FEAC67C266883
:205DA00046EA9C7626602E7A4FEAC67C266846EADC662660EE794FEAC67C266846EA5C6610
:205DC0002660266846F480262660266846F00106266000BF1046F0BC70472DE9F04581B004
:205DE000054644F6C44AC2F2000A42F20006C4F20506002442F20001C4F205018968C1F39D
:205E000080170FB9012405E069462846FFF784FF01460C46002C48D1FDF7E0FD07B42F48A2
:205E20002F49304A0160026007BC2969F160FDF7D8FDFFF75BFF01460C46002C13D1697A62
:205E4000002910D0FDF7CAFD07B424482449254A0160026007BCE9683161FDF7C2FDFFF769
:205E600045FF01460C46002C10D1FDF7B7FD07B41A481B491B4A0160026007BC0099B1607A
:205E8000FDF7AFFDFFF732FF01460C46297A31B1696944F6C442C2F20002116005E00021DE
:205EA00044F6C442C2F2000211602146084601B0BDE8F08530B504460D4604B1A047FDF7E9
:205EC0008DFD07B405480849084A0160026007BCFDF787FD05B1A84730BD00BF14200540C5
:205EE000C4A1D9B00F3B1E1AD6B1C4A07B0C0D1E30B5044640F20005C4F2020507B40B4864
:205F00004FF080010160026800BF00BF00BF00BF00BF00BF00BF00BF07BC01E004B1A047BE
:205F2000296811F0800FF9D030BD00BF000002400000000000000000000000000000000089
:205F4000000000000000000000000000000000000000000000000000000000000000000041
:205F6000000000000000000000000000000000000000000000000000000000000000000021
:205F8000000000000000000000000000000000000000000000000000000000000000000001
:205FA0000000000000000000000000000000000000000000000000000000000000000000E1
:205FC0000000000000000000000000000000000000000000000000000000000000000000C1
:205FE0000000000000000000000000000000000000000000000000000000000000000000A1
:20600000010000000200000004000000080000001000000020000000400000008000000081
:206020001B00000036000000637C777BF26B6FC53001672BFED7AB76CA82C97DFA5947F0D8
:20604000ADD4A2AF9CA472C0B7FD9326363FF7CC34A5E5F171D8311504C723C31896059A1B
:20606000071280E2EB27B27509832C1A1B6E5AA0523BD6B329E32F8453D100ED20FCB15B09
:206080006ACBBE394A4C58CFD0EFAAFB434D338545F9027F503C9FA851A3408F929D38F5BA
:2060A000BCB6DA2110FFF3D2CD0C13EC5F974417C4A77E3D645D197360814FDC222A908893
:2060C00046EEB814DE5E0BDBE0323A0A4906245CC2D3AC629195E479E7C8376D8DD54EA9A7
:2060E0006C56F4EA657AAE08BA78252E1CA6B4C6E8DD741F4BBD8B8A703EB5664803F60E1D
:20610000613557B986C11D9EE1F8981169D98E949B1E87E9CE5528DF8CA1890DBFE642688C
:2061200041992D0FB054BB16F4A750514165537E17A4C31A275E963AAB6BCB3B9D45F11FC6
:20614000FA58ABACE303934B30FA5520766DF6ADCC769188024C25F5E5D7FC4F2ACBD7C552
:206160003544802662A38FB5B15A49DEBA1B6725EA0E9845FEC0E15D2F7502C34CF012811B
:206180004697A38DD3F9C66B8F5FE703929C95156D7AEBBF5259DA95BE832DD47421D35898
:2061A000E0692949C9C8448EC2896A758E7978F4583E6B99B971DD27E14FB6BE88AD17F07C
:2061C00020AC66C9CE3AB47DDF4A18631A3182E551336097537F45626477E0B16BAE84BB7D
:2061E00081A01CFE082B94F94868587045FD198FDE6C87947BF8B75273D323AB4B02E272AC
:206200001F8F57E355AB2A66EB2807B2B5C2032FC57B9A863708A5D32887F230BFA5B22370
:20622000036ABA0216825CEDCF1C2B8A79B492A707F2F0F369E2A14EDAF4CD6505BED5069A
:2062400034621FD1A6FE8AC42E539D34F355A0A28AE13205F6EB75A483EC390B60EFAA4062
:20626000719F065E6E1051BD218AF93EDD063D963E05AEDDE6BD464D548DB591C45D0571C4
:2062800006D46F045015FF6098FB2419BDE997D64043CC89D99E7767E842BDB0898B8807A3
:2062A000195B38E7C8EEDB797C0A47A1420FE97C841EC9F800000000808683092BED483296
:2062C0001170AC1E5A724E6C0EFFFBFD8538560FAED51E3D2D3927360FD9640A5CA6216844
:2062E0005B54D19B362E3A240A67B10C57E70F93EE96D2B49B919E1BC0C54F80DC20A26171
:20630000774B695A121A161C93BA0AE2A02AE5C022E0433C1B171D12090D0B0E8BC7ADF2F0
:20632000B6A8B92D1EA9C814F119855775074CAF99DDBBEE7F60FDA301269FF772F5BC5C3F
:20634000663BC544FB7E345B4329768B23C6DCCBEDFC68B6E4F163B831DCCAD763851042AF
:2063600097224013C61120844A247D85BB3DF8D2F93211AE29A16DC79E2F4B1DB230F3DC96
:206380008652EC0DC1E3D077B3166C2B70B999A99448FA11E9642247FC8CC4A8F03F1AA0FC
:2063A0007D2CD8563390EF22494EC78738D1C1D9CAA2FE8CD40B3698F581CFA67ADE28A5F7
:2063C000B78E26DAADBFA43F3A9DE42C78920D505FCC9B6A7E4662548D13C2F6D8B8E890D1
:2063E00039F75E2EC3AFF5825D80BE9FD0937C69D52DA96F2512B3CFAC993BC8187DA7100F
:206400009C636EE83BBB7BDB267809CD5918F46E9AB701EC4F9AA883956E65E6FFE67EAAE7
:20642000BCCF082115E8E6EFE79BD9BA6F36CE4A9F09D4EAB07CD629A4B2AF313F23312A80
:20644000A59430C6A266C0354EBC377482CAA6FC90D0B0E0A7D8153304984AF1ECDAF741E1
:20646000CD500E7F91F62F174DD68D76EFB04D43AA4D54CC9604DFE4D1B5E39E6A881B4C7C
:206480002C1FB8C165517F465EEA049D8C355D01877473FA0B412EFB671D5AB3DBD25292B6
:2064A000105633E9D647136DD7618C9AA10C7A37F8148E59133C89EBA927EECE61C935B7A9
:2064C0001CE5EDE147B13C7AD2DF599CF2733F5514CE7918C737BF73F7CDEA53FDAA5B5F9B
:2064E0003D6F14DF44DB8678AFF381CA68C43EB924342C38A3405FC21DC37216E2250CBCD9
:206500003C498B280D9541FFA80171390CB3DE08B4E49CD856C19064CB84617B32B670D5FA
:206520006C5C7448B85742D0A75051F465537E41A4C31A175E963A276BCB3BAB45F11F9D08
:2065400058ABACFA03934BE3FA5520306DF6AD76769188CC4C25F502D7FC4FE5CBD7C52A4E
:2065600044802635A38FB5625A49DEB11B6725BA0E9845EAC0E15DFE7502C32FF012814C17
:2065800097A38D46F9C66BD35FE7038F9C9515927AEBBF6D59DA9552832DD4BE21D3587494
:2065A000692949E0C8448EC9896A75C27978F48E3E6B995871DD27B94FB6BEE1AD17F08878
:2065C000AC66C9203AB47DCE4A1863DF3182E51A336097517F45625377E0B164AE84BB6B79
:2065E000A01CFE812B94F90868587048FD198F456C8794DEF8B7527BD323AB7302E2724BA8
:206600008F57E31FAB2A66552807B2EBC2032FB57B9A86C508A5D33787F23028A5B223BF6C
:206620006ABA0203825CED161C2B8ACFB492A779F2F0F307E2A14E69F4CD65DABED5060596
:20664000621FD134FE8AC4A6539D342E55A0A2F3E132058AEB75A4F6EC390B83EFAA40605E
:206660009F065E711051BD6E8AF93E21063D96DD05AEDD3EBD464DE68DB591545D0571C4C0
:20668000D46F040615FF6050FB241998E997D6BD43CC89409E7767D942BDB0E88B8807899F
:2066A0005B38E719EEDB79C80A47A17C0FE97C421EC9F8840000000086830980ED48322B92
:2066C00070AC1E11724E6C5AFFFBFD0E38560F85D51E3DAE3927362DD9640A0FA621685C40
:2066E00054D19B5B2E3A243667B10C0AE70F935796D2B4EE919E1B9BC54F80C020A261DC6D
:206700004B695A771A161C12BA0AE2932AE5C0A0E0433C22171D121B0D0B0E09C7ADF28BEC
:20672000A8B92DB6A9C8141E198557F1074CAF75DDBBEE9960FDA37F269FF701F5BC5C723B
:206740003BC544667E345BFB29768B43C6DCCB23FC68B6EDF163B8E4DCCAD73185104263AB
:2067600022401397112084C6247D854A3DF8D2BB3211AEF9A16DC7292F4B1D9E30F3DCB292
:2067800052EC0D86E3D077C1166C2BB3B999A97048FA1194642247E98CC4A8FC3F1AA0F0F8
:2067A0002CD8567D90EF22334EC78749D1C1D938A2FE8CCA0B3698D481CFA6F5DE28A57AF3
:2067C0008E26DAB7BFA43FAD9DE42C3A920D5078CC9B6A5F4662547E13C2F68DB8E890D8CD
:2067E000F75E2E39AFF582C380BE9F5D937C69D02DA96FD512B3CF25993BC8AC7DA710180B
:20680000636EE89CBB7BDB3B7809CD2618F46E59B701EC9A9AA8834F6E65E695E67EAAFFE3
:20682000CF0821BCE8E6EF159BD9BAE736CE4A6F09D4EA9F7CD629B0B2AF31A423312A3F7C
:206840009430C6A566C035A2BC37744ECAA6FC82D0B0E090D81533A7984AF104DAF741ECDD
:20686000500E7FCDF62F1791D68D764DB04D43EF4D54CCAA04DFE496B5E39ED1881B4C6A78
:206880001FB8C12C517F4665EA049D5E355D018C7473FA87412EFB0B1D5AB367D25292DBB2
:2068A0005633E91047136DD6618C9AD70C7A37A1148E59F83C89EB1327EECEA9C935B761A5
:2068C000E5EDE11CB13C7A47DF599CD2733F55F2CE79181437BF73C7CDEA53F7AA5B5FFD97
:2068E0006F14DF3DDB867844F381CAAFC43EB968342C3824405FC2A3C372161D250CBCE2D5
:20690000498B283C9541FF0D017139A8B3DE080CE49CD8B4C190645684617BCBB670D532F6
:206920005C74486C5742D0B85051F4A7537E4165C31A17A4963A275ECB3BAB6BF11F9D4504
:20694000ABACFA58934BE303552030FAF6AD766D9188CC7625F5024CFC4FE5D7D7C52ACB4A
:20696000802635448FB562A349DEB15A6725BA1B9845EA0EE15DFEC002C32F7512814CF013
:20698000A38D4697C66BD3F9E7038F5F9515929CEBBF6D7ADA9552592DD4BE83D358742190
:2069A0002949E069448EC9C86A75C28978F48E796B99583EDD27B971B6BEE14F17F088AD74
:2069C00066C920ACB47DCE3A1863DF4A82E51A31609751334562537FE0B1647784BB6BAE75
:2069E0001CFE81A094F9082B58704868198F45FD8794DE6CB7527BF823AB73D3E2724B02A4
:206A000057E31F8F2A6655AB07B2EB28032FB5C29A86C57BA5D33708F2302887B223BFA568
:206A2000BA02036A5CED16822B8ACF1C92A779B4F0F307F2A14E69E2CD65DAF4D50605BE92
:206A40001FD134628AC4A6FE9D342E53A0A2F35532058AE175A4F6EB390B83ECAA4060EF5A
:206A6000065E719F51BD6E10F93E218A3D96DD06AEDD3E05464DE6BDB591548D0571C45DBC
:206A80006F0406D4FF605015241998FB97D6BDE9CC8940437767D99EBDB0E8428807898B9B
:206AA00038E7195BDB79C8EE47A17C0AE97C420FC9F8841E000000008309808648322BED8E
:206AC000AC1E11704E6C5A72FBFD0EFF560F85381E3DAED527362D39640A0FD921685CA63C
:206AE000D19B5B543A24362EB10C0A670F9357E7D2B4EE969E1B9B914F80C0C5A261DC2069
:206B0000695A774B161C121A0AE293BAE5C0A02A433C22E01D121B170B0E090DADF28BC7E8
:206B2000B92DB6A8C8141EA98557F1194CAF7507BBEE99DDFDA37F609FF70126BC5C72F537
:206B4000C544663B345BFB7E768B4329DCCB23C668B6EDFC63B8E4F1CAD731DC10426385A7
:206B6000401397222084C6117D854A24F8D2BB3D11AEF9326DC729A14B1D9E2FF3DCB2308E
:206B8000EC0D8652D077C1E36C2BB31699A970B9FA1194482247E964C4A8FC8C1AA0F03FF4
:206BA000D8567D2CEF223390C787494EC1D938D1FE8CCAA23698D40BCFA6F58128A57ADEEF
:206BC00026DAB78EA43FADBFE42C3A9D0D5078929B6A5FCC62547E46C2F68D13E890D8B8C9
:206BE0005E2E39F7F582C3AFBE9F5D807C69D093A96FD52DB3CF25123BC8AC99A710187D07
:206C00006EE89C637BDB3BBB09CD2678F46E591801EC9AB7A8834F9A65E6956E7EAAFFE6DF
:206C20000821BCCFE6EF15E8D9BAE79BCE4A6F36D4EA9F09D629B07CAF31A4B2312A3F2378
:206C400030C6A594C035A26637744EBCA6FC82CAB0E090D01533A7D84AF10498F741ECDAD9
:206C60000E7FCD502F1791F68D764DD64D43EFB054CCAA4DDFE49604E39ED1B51B4C6A8874
:206C8000B8C12C1F7F466551049D5EEA5D018C3573FA87742EFB0B415AB3671D5292DBD2AE
:206CA00033E91056136DD6478C9AD7617A37A10C8E59F81489EB133CEECEA92735B761C9A1
:206CC000EDE11CE53C7A47B1599CD2DF3F55F273791814CEBF73C737EA53F7CD5B5FFDAA93
:206CE00014DF3D6F867844DB81CAAFF33EB968C42C3824345FC2A34072161DC30CBCE225D1
:206D00008B283C4941FF0D957139A801DE080CB39CD8B4E4906456C1617BCB8470D532B6F2
:206D200074486C5C42D0B85751F4A7507E4165531A17A4C33A275E963BAB6BCB1F9D45F100
:206D4000ACFA58AB4BE303932030FA55AD766DF688CC7691F5024C254FE5D7FCC52ACBD746
:206D600026354480B562A38FDEB15A4925BA1B6745EA0E985DFEC0E1C32F7502814CF0120F
:206D80008D4697A36BD3F9C6038F5FE715929C95BF6D7AEB955259DAD4BE832D587421D38C
:206DA00049E069298EC9C84475C2896AF48E797899583E6B27B971DDBEE14FB6F088AD1770
:206DC000C920AC667DCE3AB463DF4A18E51A31829751336062537F45B16477E0BB6BAE8471
:206DE000FE81A01CF9082B94704868588F45FD1994DE6C87527BF8B7AB73D323724B02E2A0
:206E0000E31F8F576655AB2AB2EB28072FB5C20386C57B9AD33708A5302887F223BFA5B264
:206E200002036ABAED16825C8ACF1C2BA779B492F307F2F04E69E2A165DAF4CD0605BED58E
:206E4000D134621FC4A6FE8A342E539DA2F355A0058AE132A4F6EB750B83EC394060EFAA56
:206E60005E719F06BD6E10513E218AF996DD063DDD3E05AE4DE6BD4691548DB571C45D05B8
:206E80000406D46F605015FF1998FB24D6BDE997894043CC67D99E77B0E842BD07898B8897
:206EA000E7195B3879C8EEDBA17C0A477C420FE9F8841EC90000000009808683322BED488A
:206EC0001E1170AC6C5A724EFD0EFFFB0F8538563DAED51E362D39270A0FD964685CA62138
:206EE0009B5B54D124362E3A0C0A67B19357E70FB4EE96D21B9B919E80C0C54F61DC20A265
:206F00005A774B691C121A16E293BA0AC0A02AE53C22E043121B171D0E090D0BF28BC7ADE4
:206F20002DB6A8B9141EA9C857F11985AF75074CEE99DDBBA37F60FDF701269F5C72F5BC33
:206F400044663BC55BFB7E348B432976CB23C6DCB6EDFC68B8E4F163D731DCCA42638510A3
:206F60001397224084C61120854A247DD2BB3DF8AEF93211C729A16D1D9E2F4BDCB230F38A
:206F80000D8652EC77C1E3D02BB3166CA970B999119448FA47E96422A8FC8CC4A0F03F1AF0
:206FA000567D2CD8223390EF87494EC7D938D1C18CCAA2FE98D40B36A6F581CFA57ADE28EB
:206FC000DAB78E263FADBFA42C3A9DE45078920D6A5FCC9B547E4662F68D13C290D8B8E8C5
:206FE0002E39F75E82C3AFF59F5D80BE69D0937C6FD52DA9CF2512B3C8AC993B10187DA703
:20700000E89C636EDB3BBB7BCD2678096E5918F4EC9AB701834F9AA8E6956E65AAFFE67EDB
:2070200021BCCF08EF15E8E6BAE79BD94A6F36CEEA9F09D429B07CD631A4B2AF2A3F233174
:20704000C6A5943035A266C0744EBC37FC82CAA6E090D0B033A7D815F104984A41ECDAF7D5
:207060007FCD500E1791F62F764DD68D43EFB04DCCAA4D54E49604DF9ED1B5E34C6A881B70
:20708000C12C1FB84665517F9D5EEA04018C355DFA877473FB0B412EB3671D5A92DBD252AA
:2070A000E91056336DD647139AD7618C37A10C7A59F8148EEB133C89CEA927EEB761C9359D
:2070C000E11CE5ED7A47B13C9CD2DF5955F2733F1814CE7973C737BF53F7CDEA5FFDAA5B8F
:2070E000DF3D6F147844DB86CAAFF381B968C43E3824342CC2A3405F161DC372BCE2250CCD
:20710000283C498BFF0D954139A80171080CB3DED8B4E49C6456C1907BCB8461D532B670EE
:20712000486C5C74D0B857426363A5C67C7C84F8777799EE7B7B8DF6F2F20DFF6B6BBDD6BE
:207140006F6FB1DEC5C5549130305060010103026767A9CE2B2B7D56FEFE19E7D7D762B50D
:20716000ABABE64D76769AECCACA458F82829D1FC9C940897D7D87FAFAFA15EF5959EBB2CF
:207180004747C98EF0F00BFBADADEC41D4D467B3A2A2FD5FAFAFEA459C9CBF23A4A4F75302
:2071A000727296E4C0C05B9BB7B7C275FDFD1CE19393AE3D26266A4C36365A6C3F3F417EDD
:2071C000F7F702F5CCCC4F8334345C68A5A5F451E5E534D1F1F108F9717193E2D8D873ABCE
:2071E0003131536215153F2A04040C08C7C7529523236546C3C35E9D181828309696A13756
:2072000005050F0A9A9AB52F0707090E1212362480809B1BE2E23DDFEBEB26CD2727694E2C
:20722000B2B2CD7F75759FEA09091B1283839E1D2C2C74581A1A2E341B1B2D366E6EB2DC6E
:207240005A5AEEB4A0A0FB5B5252F6A43B3B4D76D6D661B7B3B3CE7D29297B52E3E33EDD56
:207260002F2F715E848497135353F5A6D1D168B900000000EDED2CC120206040FCFC1FE38A
:20728000B1B1C8795B5BEDB66A6ABED4CBCB468DBEBED96739394B724A4ADE944C4CD4982E
:2072A0005858E8B0CFCF4A85D0D06BBBEFEF2AC5AAAAE54FFBFB16ED4343C5864D4DD79A29
:2072C00033335566858594114545CF8AF9F910E9020206047F7F81FE5050F0A03C3C447821
:2072E0009F9FBA25A8A8E34B5151F3A2A3A3FE5D4040C0808F8F8A059292AD3F9D9DBC2187
:2073000038384870F5F504F1BCBCDF63B6B6C177DADA75AF2121634210103020FFFF1AE5DC
:20732000F3F30EFDD2D26DBFCDCD4C810C0C141813133526ECEC2FC35F5FE1BE9797A23534
:207340004444CC881717392EC4C45793A7A7F2557E7E82FC3D3D477A6464ACC85D5DE7BA69
:2073600019192B32737395E66060A0C0818198194F4FD19EDCDC7FA3222266442A2A7E544F
:207380009090AB3B8888830B4646CA8CEEEE29C7B8B8D36B14143C28DEDE79A75E5EE2BC2B
:2073A0000B0B1D16DBDB76ADE0E03BDB323256643A3A4E740A0A1E144949DB9206060A0C1A
:2073C00024246C485C5CE4B8C2C25D9FD3D36EBDACACEF436262A6C49191A8399595A43152
:2073E000E4E437D379798BF2E7E732D5C8C8438B3737596E6D6DB7DA8D8D8C01D5D564B113
:207400004E4ED29CA9A9E0496C6CB4D85656FAACF4F407F3EAEA25CF6565AFCA7A7A8EF4CE
:20742000AEAEE94708081810BABAD56F787888F025256F4A2E2E725C1C1C2438A6A6F15713
:20744000B4B4C773C6C65197E8E823CBDDDD7CA174749CE81F1F213E4B4BDD96BDBDDC61B8
:207460008B8B860D8A8A850F707090E03E3E427CB5B5C4716666AACC4848D8900303050647
:20748000F6F601F70E0E121C6161A3C235355F6A5757F9AEB9B9D06986869117C1C158993D
:2074A0001D1D273A9E9EB927E1E138D9F8F813EB9898B32B111133226969BBD2D9D970A9A5
:2074C0008E8E89079494A7339B9BB62D1E1E223C87879215E9E920C9CECE49875555FFAA1C
:2074E00028287850DFDF7AA58C8C8F03A1A1F859898980090D0D171ABFBFDA65E6E631D7E3
:207500004242C6846868B8D04141C3829999B0292D2D775A0F0F111EB0B0CB7B5454FCA809
:20752000BBBBD66D16163A2C63A5C6637C84F87C7799EE777B8DF67BF20DFFF26BBDD66B14
:207540006FB1DE6FC55491C5305060300103020167A9CE672B7D562BFE19E7FED762B5D709
:20756000ABE64DAB769AEC76CA458FCA829D1F82C94089C97D87FA7DFA15EFFA59EBB259CB
:2075800047C98E47F00BFBF0ADEC41ADD467B3D4A2FD5FA2AFEA45AF9CBF239CA4F753A4FE
:2075A0007296E472C05B9BC0B7C275B7FD1CE1FD93AE3D93266A4C26365A6C363F417E3FD9
:2075C000F702F5F7CC4F83CC345C6834A5F451A5E534D1E5F108F9F17193E271D873ABD8CA
:2075E00031536231153F2A15040C0804C75295C723654623C35E9DC31828301896A1379652
:20760000050F0A059AB52F9A07090E0712362412809B1B80E23DDFE2EB26CDEB27694E2728
:20762000B2CD7FB2759FEA75091B1209839E1D832C74582C1A2E341A1B2D361B6EB2DC6E6A
:207640005AEEB45AA0FB5BA052F6A4523B4D763BD661B7D6B3CE7DB3297B5229E33EDDE352
:207660002F715E2F8497138453F5A653D168B9D100000000ED2CC1ED20604020FC1FE3FC86
:20768000B1C879B15BEDB65B6ABED46ACB468DCBBED967BE394B72394ADE944A4CD4984C2A
:2076A00058E8B058CF4A85CFD06BBBD0EF2AC5EFAAE54FAAFB16EDFB43C586434DD79A4D25
:2076C000335566338594118545CF8A45F910E9F9020604027F81FE7F50F0A0503C44783C1D
:2076E0009FBA259FA8E34BA851F3A251A3FE5DA340C080408F8A058F92AD3F929DBC219D83
:2077000038487038F504F1F5BCDF63BCB6C177B6DA75AFDA2163422110302010FF1AE5FFD8
:20772000F30EFDF3D26DBFD2CD4C81CD0C14180C13352613EC2FC3EC5FE1BE5F97A2359730
:2077400044CC884417392E17C45793C4A7F255A77E82FC7E3D477A3D64ACC8645DE7BA5D65
:20776000192B32197395E67360A0C060819819814FD19E4FDC7FA3DC226644222A7E542A4B
:2077800090AB3B9088830B8846CA8C46EE29C7EEB8D36BB8143C2814DE79A7DE5EE2BC5E27
:2077A0000B1D160BDB76ADDBE03BDBE0325664323A4E743A0A1E140A49DB9249060A0C0616
:2077C000246C48245CE4B85CC25D9FC2D36EBDD3ACEF43AC62A6C46291A8399195A431954E
:2077E000E437D3E4798BF279E732D5E7C8438BC837596E376DB7DA6D8D8C018DD564B1D50F
:207800004ED29C4EA9E049A96CB4D86C56FAAC56F407F3F4EA25CFEA65AFCA657A8EF47ACA
:20782000AEE947AE08181008BAD56FBA7888F078256F4A252E725C2E1C24381CA6F157A60F
:20784000B4C773B4C65197C6E823CBE8DD7CA1DD749CE8741F213E1F4BDD964BBDDC61BDB4
:207860008B860D8B8A850F8A7090E0703E427C3EB5C471B566AACC6648D890480305060343
:20788000F601F7F60E121C0E61A3C261355F6A3557F9AE57B9D069B986911786C15899C139
:2078A0001D273A1D9EB9279EE138D9E1F813EBF898B32B981133221169BBD269D970A9D9A1
:2078C0008E89078E94A733949BB62D9B1E223C1E87921587E920C9E9CE4987CE55FFAA5518
:2078E00028785028DF7AA5DF8C8F038CA1F859A1898009890D171A0DBFDA65BFE631D7E6DF
:2079000042C6844268B8D06841C3824199B029992D775A2D0F111E0FB0CB7BB054FCA85405
:20792000BBD66DBB163A2C16A5C6636384F87C7C99EE77778DF67B7B0DFFF2F2BDD66B6B10
:20794000B1DE6F6F5491C5C55060303003020101A9CE67677D562B2B19E7FEFE62B5D7D705
:20796000E64DABAB9AEC7676458FCACA9D1F82824089C9C987FA7D7D15EFFAFAEBB25959C7
:20798000C98E47470BFBF0F0EC41ADAD67B3D4D4FD5FA2A2EA45AFAFBF239C9CF753A4A4FA
:2079A00096E472725B9BC0C0C275B7B71CE1FDFDAE3D93936A4C26265A6C3636417E3F3FD5
:2079C00002F5F7F74F83CCCC5C683434F451A5A534D1E5E508F9F1F193E2717173ABD8D8C6
:2079E000536231313F2A15150C0804045295C7C7654623235E9DC3C328301818A13796964E
:207A00000F0A0505B52F9A9A090E0707362412129B1B80803DDFE2E226CDEBEB694E272724
:207A2000CD7FB2B29FEA75751B1209099E1D838374582C2C2E341A1A2D361B1BB2DC6E6E66
:207A4000EEB45A5AFB5BA0A0F6A452524D763B3B61B7D6D6CE7DB3B37B5229293EDDE3E34E
:207A6000715E2F2F97138484F5A6535368B9D1D1000000002CC1EDED604020201FE3FCFC82
:207A8000C879B1B1EDB65B5BBED46A6A468DCBCBD967BEBE4B723939DE944A4AD4984C4C26
:207AA000E8B058584A85CFCF6BBBD0D02AC5EFEFE54FAAAA16EDFBFBC5864343D79A4D4D21
:207AC0005566333394118585CF8A454510E9F9F90604020281FE7F7FF0A0505044783C3C19
:207AE000BA259F9FE34BA8A8F3A25151FE5DA3A3C08040408A058F8FAD3F9292BC219D9D7F
:207B00004870383804F1F5F5DF63BCBCC177B6B675AFDADA63422121302010101AE5FFFFD4
:207B20000EFDF3F36DBFD2D24C81CDCD14180C0C352613132FC3ECECE1BE5F5FA23597972C
:207B4000CC884444392E17175793C4C4F255A7A782FC7E7E477A3D3DACC86464E7BA5D5D61
:207B60002B32191995E67373A0C0606098198181D19E4F4F7FA3DCDC664422227E542A2A47
:207B8000AB3B9090830B8888CA8C464629C7EEEED36BB8B83C28141479A7DEDEE2BC5E5E23
:207BA0001D160B0B76ADDBDB3BDBE0E0566432324E743A3A1E140A0ADB9249490A0C060612
:207BC0006C482424E4B85C5C5D9FC2C26EBDD3D3EF43ACACA6C46262A8399191A43195954A
:207BE00037D3E4E48BF2797932D5E7E7438BC8C8596E3737B7DA6D6D8C018D8D64B1D5D50B
:207C0000D29C4E4EE049A9A9B4D86C6CFAAC565607F3F4F425CFEAEAAFCA65658EF47A7AC6
:207C2000E947AEAE18100808D56FBABA88F078786F4A2525725C2E2E24381C1CF157A6A60B
:207C4000C773B4B45197C6C623CBE8E87CA1DDDD9CE87474213E1F1FDD964B4BDC61BDBDB0
:207C6000860D8B8B850F8A8A90E07070427C3E3EC471B5B5AACC6666D8904848050603033F
:207C800001F7F6F6121C0E0EA3C261615F6A3535F9AE5757D069B9B9911786865899C1C135
:207CA000273A1D1DB9279E9E38D9E1E113EBF8F8B32B989833221111BBD2696970A9D9D99D
:207CC00089078E8EA7339494B62D9B9B223C1E1E9215878720C9E9E94987CECEFFAA555514
:207CE000785028287AA5DFDF8F038C8CF859A1A180098989171A0D0DDA65BFBF31D7E6E6DB
:207D0000C6844242B8D06868C3824141B0299999775A2D2D111E0F0FCB7BB0B0FCA8545401
:207D2000D66DBBBB3A2C1616C66363A5F87C7C84EE777799F67B7B8DFFF2F20DD66B6BBD0C
:207D4000DE6F6FB191C5C5546030305002010103CE6767A9562B2B7DE7FEFE19B5D7D76201
:207D60004DABABE6EC76769A8FCACA451F82829D89C9C940FA7D7D87EFFAFA15B25959EBC3
:207D80008E4747C9FBF0F00B41ADADECB3D4D4675FA2A2FD45AFAFEA239C9CBF53A4A4F7F6
:207DA000E47272969BC0C05B75B7B7C2E1FDFD1C3D9393AE4C26266A6C36365A7E3F3F41D1
:207DC000F5F7F70283CCCC4F6834345C51A5A5F4D1E5E534F9F1F108E2717193ABD8D873C2
:207DE000623131532A15153F0804040C95C7C752462323659DC3C35E30181828379696A14A
:207E00000A05050F2F9A9AB50E070709241212361B80809BDFE2E23DCDEBEB264E27276920
:207E20007FB2B2CDEA75759F1209091B1D83839E582C2C74341A1A2E361B1B2DDC6E6EB262
:207E4000B45A5AEE5BA0A0FBA45252F6763B3B4DB7D6D6617DB3B3CE5229297BDDE3E33E4A
:207E60005E2F2F7113848497A65353F5B9D1D16800000000C1EDED2C40202060E3FCFC1F7E
:207E800079B1B1C8B65B5BEDD46A6ABE8DCBCB4667BEBED97239394B944A4ADE984C4CD422
:207EA000B05858E885CFCF4ABBD0D06BC5EFEF2A4FAAAAE5EDFBFB16864343C59A4D4DD71D
:207EC00066333355118585948A4545CFE9F9F91004020206FE7F7F81A05050F0783C3C4415
:207EE000259F9FBA4BA8A8E3A25151F35DA3A3FE804040C0058F8F8A3F9292AD219D9DBC7B
:207F000070383848F1F5F50463BCBCDF77B6B6C1AFDADA754221216320101030E5FFFF1AD0
:207F2000FDF3F30EBFD2D26D81CDCD4C180C0C1426131335C3ECEC2FBE5F5FE1359797A228
:207F4000884444CC2E17173993C4C45755A7A7F2FC7E7E827A3D3D47C86464ACBA5D5DE75D
:207F60003219192BE6737395C06060A0198181989E4F4FD1A3DCDC7F44222266542A2A7E43
:207F80003B9090AB0B8888838C4646CAC7EEEE296BB8B8D32814143CA7DEDE79BC5E5EE21F
:207FA000160B0B1DADDBDB76DBE0E03B64323256743A3A4E140A0A1E924949DB0C06060A0E
:207FC0004824246CB85C5CE49FC2C25DBDD3D36E43ACACEFC46262A6399191A8319595A446
:207FE000D3E4E437F279798BD5E7E7328BC8C8436E373759DA6D6DB7018D8D8CB1D5D56407
:208000009C4E4ED249A9A9E0D86C6CB4AC5656FAF3F4F407CFEAEA25CA6565AFF47A7A8EC2
:2080200047AEAEE9100808186FBABAD5F07878884A25256F5C2E2E72381C1C2457A6A6F107
:2080400073B4B4C797C6C651CBE8E823A1DDDD7CE874749C3E1F1F21964B4BDD61BDBDDCAC
:208060000D8B8B860F8A8A85E07070907C3E3E4271B5B5C4CC6666AA904848D8060303053B
:20808000F7F6F6011C0E0E12C26161A36A35355FAE5757F969B9B9D01786869199C1C15831
:2080A0003A1D1D27279E9EB9D9E1E138EBF8F8132B9898B322111133D26969BBA9D9D97099
:2080C000078E8E89339494A72D9B9BB63C1E1E2215878792C9E9E92087CECE49AA5555FF10
:2080E00050282878A5DFDF7A038C8C8F59A1A1F8098989801A0D0D1765BFBFDAD7E6E631D7
:20810000844242C6D06868B8824141C3299999B05A2D2D771E0F0F117BB0B0CBA85454FCFD
:208120006DBBBBD62C16163A52096AD53036A538BF40A39E81F3D7FB7CE339829B2FFF8727
:20814000348E4344C4DEE9CB547B9432A6C2233DEE4C950B42FAC34E082EA16628D924B2E8
:20816000765BA2496D8BD12572F8F66486689816D4A45CCC5D65B6926C704850FDEDB9DA5A
:208180005E154657A78D9D8490D8AB008CBCD30AF7E45805B8B34506D02C1E8FCA3F0F0291
:2081A000C1AFBD0301138A6B3A9111414F67DCEA97F2CFCEF0B4E67396AC7422E7AD3585A4
:2081C000E2F937E81C75DF6E47F11A711D29C5896FB7620EAA18BE1BFC563E4BC6D2792033
:2081E0009ADBC0FE78CD5AF41FDDA8338807C731B11210592780EC5F60517FA919B54A0D3F
:208200002DE57A9F93C99CEFA0E03B4DAE2AF5B0C8EBBB3C83539961172B047EBA77D6265C
:20822000E169146355210C7D6E676953676F72506E676953676F7249000000000000000033
:20824000000000000000000000000000963007772C610EEEBA51099919C46D078FF46A70F6
:2082600035A563E9A395649E3288DB0EA4B8DC791EE9D5E088D9D2972B4CB609BD7CB17E26
:20828000072DB8E7911DBF906410B71DF220B06A4871B9F3DE41BE847DD4DA1AEBE4DD6D76
:2082A00051B5D4F4C785D38356986C13C0A86B647AF962FDECC9658A4F5C0114D96C0663C6
:2082C000633D0FFAF50D088DC8206E3B5E10694CE44160D5727167A2D1E4033C47D4044B06
:2082E000FD850DD26BB50AA5FAA8B5356C98B242D6C9BBDB40F9BCACE36CD832755CDF45A6
:20830000CF0DD6DC593DD1ABAC30D9263A00DE518051D7C81661D0BFB5F4B42123C4B35695
:208320009995BACF0FA5BDB89EB802280888055FB2D90CC624E90BB1877C6F2F114C685805
:20834000AB1D61C13D2D66B69041DC760671DB01BC20D2982A10D5EF8985B1711FB5B60633
:20836000A5E4BF9F33D4B8E8A2C9077834F9000F8EA8099618980EE1BB0D6A7F2D3D6D0845
:20838000976C6491015C63E6F4516B6B62616C1CD83065854E0062F2ED95066C7BA5011B15
:2083A000C1F4088257C40FF5C6D9B06550E9B712EAB8BE8B7C88B9FCDF1DDD62492DDA1565
:2083C000F37CD38C654CD4FB5861B24DCE51B53A7400BCA3E230BBD441A5DF4AD795D83D85
:2083E0006DC4D1A4FBF4D6D36AE96943FCD96E34468867ADD0B860DA732D0444E51D033305
:208400005F4C0AAAC97C0DDD3C710550AA41022710100BBE86200CC925B56857B3856F20F4
:2084200009D466B99FE461CE0EF9DE5E98C9D9292298D0B0B4A8D7C7173DB359810DB42EE4
:208440003B5CBDB7AD6CBAC02083B8EDB6B3BF9A0CE2B6039AD2B1743947D5EAAF77D29D68
:208460001526DB048316DC73120B63E3843B64943E6A6D0DA85A6A7A0BCF0EE49DFF0993D4
:2084800027AE000AB19E077D44930FF0D2A3088768F2011EFEC206695D5762F7CB67658084
:2084A00071366C19E7066B6E761BD4FEE02BD3895A7ADA10CC4ADD676FDFB9F9F9EFBE8EB4
:2084C00043BEB717D58EB060E8A3D6D67E93D1A1C4C2D83852F2DF4FF167BBD16757BCA694
:2084E000DD06B53F4B36B248DA2B0DD84C1B0AAFF64A0336607A0441C3EF60DF55DF67A854
:20850000EF8E6E3179BE69468CB361CB1A8366BCA0D26F2536E2685295770CCC03470BBB63
:20852000B91602222F260555BE3BBAC5280BBDB2925AB42B046AB35CA7FFD7C231CFD0B573
:208540008B9ED92C1DAEDE5BB0C2649B26F263EC9CA36A750A936D02A906099C3F360EEB25
:208560008567077213570005824ABF95147AB8E2AE2BB17B381BB60C9B8ED2920DBED5E5B3
:20858000B7EFDC7C21DFDB0BD4D2D38642E2D4F1F8B3DD686E83DA1FCD16BE815B26B9F6E3
:2085A000E177B06F7747B718E65A0888706A0FFFCA3B06665C0B0111FF9E658F69AE62F813
:2085C000D3FF6B6145CF6C1678E20AA0EED20DD75483044EC2B30339612667A7F71660D013
:2085E0004D476949DB776E3E4A6AD1AEDC5AD6D9660BDF40F03BD83753AEBCA9C59EBBDEF3
:208600007FCFB247E9FFB5301CF2BDBD8AC2BACA3093B353A6A3B4240536D0BA9306D7CD02
:208620002957DE54BF67D9232E7A66B3B84A61C4021B685D942B6F2A37BE0BB4A18E0CC392
:208640001BDF055A8DEF022D010203040506070800000000B3060000010000000200000036
:20866000FF28000000000000B40600000100000002000000FF28000000000000B307000035
:208680000000000003000000FFFFFF1FE325000001000100FF0700000000000003000000A8
:2086A000FFFFFF1FE325000000000000B40700000000000003000000FFFFFF1FE3250000B4
:2086C00001000100FF0700000000000003000000FFFFFF1FE325000000000000010000006A
:2086E000000000000000000008000000010001000100000000000100000000000800000066
:20870000000000000000000001000000000000000000000008000000000000000000000050
:208720000000000000000087000000000000000000000000000000000000000000000000B2
:20874000000000000000000000002110422063308440A550C660E770088129914AA16BB173
:208760008CC1ADD1CEE1EFF13112100273325222B5529442F772D662399318837BB35AA321
:20878000BDD39CC3FFF3DEE36224433420040114E664C774A44485546AA54BB52885099561
:2087A000EEE5CFF5ACC58DD55336722611163006D776F6669556B4465BB77AA719973887A1
:2087C000DFF7FEE79DD7BCC7C448E5588668A7784008611802282338CCC9EDD98EE9AFF9D1
:2087E000488969990AA92BB9F55AD44AB77A966A711A500A333A122AFDDBDCCBBFFB9EEB21
:20880000799B588B3BBB1AABA66C877CE44CC55C222C033C600C411CAEED8FFDECCDCDDD60
:208820002AAD0BBD688D499D977EB66ED55EF44E133E322E511E700E9FFFBEEFDDDFFCCFA0
:208840001BBF3AAF599F788F8891A981CAB1EBA10CD12DC14EF16FE18010A100C230E3208C
:208860000450254046706760B9839893FBA3DAB33DC31CD37FE35EF3B1029012F322D23220
:208880003542145277625672EAB5CBA5A89589856EF54FE52CD50DC5E234C324A014810460
:2088A0006674476424540544DBA7FAB79987B8975FE77EF71DC73CD7D326F2369106B016A0
:2088C00057667676154634564CD96DC90EF92FE9C899E9898AB9ABA94458654806782768D0
:2088E000C018E1088238A3287DCB5CDB3FEB1EFBF98BD89BBBAB9ABB754A545A376A167A20
:20890000F10AD01AB32A923A2EFD0FED6CDD4DCDAABD8BADE89DC98D267C076C645C454C5F
:20892000A23C832CE01CC10C1FEF3EFF5DCF7CDF9BAFBABFD98FF89F176E367E554E745E9F
:20894000932EB23ED10EF01E0020034000200340FFFF000021100000000000000000000084
:208960000000000000000000FFFF000005800000010000000000000002000000020000006F
:208980000000000000000000000000000000000000000000000000000000000000000000D7
:2089A0000000000000000000000000000000000001020001010200010102000100010001A9
:2089C000000100010001010200010203000101020001000100010202010202020202010272
:2089E000010101000102030010030200B089010002000000B2890100553F0000000000004D
:208A000011030200B489010002000000B68901000F4100000000000022030200B889010007
:208A200002000000BA8901001D4200000000000027030100D689010002000000BC890100BE
:208A4000D1440000000000002E010100D789010001000000D8890100EF430000014B00008F
:208A600031030100D989010002000000BE890100DB450000374B000034030100DA890100D6
:208A800002000000C08901001D4700000000000036030100DB89010002000000C289010039
:208AA00097480000994C000037030100DC89010002000000C4890100DD490000C74C0000C8
:208AC0003E030200C689010002000000C88901004D4A00000000000001030000E4890100A6
:208AE00002000000CC89010002020000E489010002000000CC89010001020000CE890100F9
:208B000002000000D089010021F10200D28901000FBC000025F10200D289010033BC00005B
:208B20002AF10200D289010057BC00002BF10200D28901007BBC000086F10200D289010023
:208B400047BB00008AF10200D28901009FBC00008CF10200D2890100CBBC0000A1F10200E9
:208B6000D289010011BD0000A5F10200D28901005DBD0000AAF10200D289010089BD00007E
:208B8000ABF10200D2890100B3BD00007C430200D2890100E1BD000020ED0200D289010045
:208BA0000DBE0000A0ED0200D2890100FDBE0000F1F10200D289010079BF000001100210A9
:208BC00001010000DD89010002000000D4890100412200005522000009F1100001000000E7
:208BE000DE890100CD6E00007C43180001000000DE890100416E00000502000001000000DB
:208C0000DF89010001000000E089010001000000E18901005FBB00000000000000FF0800F3
:208C200001000000DF89010001000000E089010001000000E1890100D9BB0000000000005F
:208C40001202000101000000DF89010001000000E089010001000000E1890100E9BB00001A
:208C60000000000000440100E289010010440100E28901000000000004000000908C010061
:208C800000E000000020000000000100002000000001040000000002000400000003700035
:208CA000000000047000000000000020FFFF002000E00100FFFF0700342143780000030207
:208CC0000080030003000000010000000080030000000400008003000000040006000000F9
:208CE0000100000000800700FF7F000000800700FF7F000000000000000000000000000069
:208D0000000000000000000000000000000000000000000000000000000000000000000053
:208D2000000000000000000000000000000000000000000000000000000000000000000033
:208D4000000000000000000000000000000000000000000000000000000000000000000013
:208D60000000000000000000000000000000000000000000000000000000000000000000F3
:208D80000000000000000000000000000000000000000000000000000000000000000000D3
:208DA000000000000000000000000000000000000000000087341243FFFFFFFFFFFFFFFFAB
:208DC000FFFFFFFFFFFFFFFF12AB000155790000C57900001F7A00000B7B000000000000B2
:208DE000010000000000000000000000010000000001010001000000188E0100388E010000
:208E0000000AE8038403AA002A00AA00000AE8038403AA002B00AA00000000003C08000019
:208E200006000000DC8D0100000000007D08000009000000E08D0100A00F00000200000015
:208E4000BD22000002000000C72200000000000002000000CF220000E48D010000000200E1
:208E600000000000188E0100EC8D01000000E803CC002A00CC000000E803FF007E00FF00BD
:208E80000000E803CC002B00CC000000E803FF007E00FF000500000002000000010088131A
:208EA00032000000F08D01006C8E0100008E010005000000020000000100881332000000A3
:208EC000F08D0100808E01000C8E01000000000000000000A125010000000000E725010096
:208EE0001D2601006D250100655200006F52000057530000AD54000037540000DF530000BB
:208F0000FF530000135400009FAC000015AD00004BA900002BAB00008DB50000000000007F
:208F200000000000000000000000000000000000000000009FAC000015AD000067AF00000E
:208F40000000000000000000D5AF000023B000002FB10000000000000000000000000000DA
:208F600000000000000000000000000000000000000000009FAC000015AD000067AF0000CE
:208F8000B5B900000000000000000000020000003C00000002000000010002000200030318
:208FA00000000000A82C0020000000000000000000000000000000000000000000000000BD
:208FC0000100000038000000020000000200FE030100030300000000AA2C00200000000056
:208FE000000000000000000000000000000000000000000001000000380000000200000036
:2090000003006E000100030300000000AA30002000000000000000000000000000000000DE
:20902000000000000000000001000000380000000200000004006E0001000303000000007C
:209040000E310020000000000000000000000000000000000000000045A4000079A70000A8
:20906000000000000000000000000000B1A80000D7A40000FFA70000000000000000000076
:209080000000000027A90000ABA50000ABA50000000000000000000000000000ABA5000010
:2090A000ADA50000ADA50000000000000000000000000000ADA50000D1A50000D1A50000CE
:2090C000000000000000000000000000D1A50000A5A60000A5A60000000000000000000084
:2090E00000000000A5A6000040004000543A002040004000543B002001000100503900201D
:2091000040004000543900203531393037356608529932202041660852773920204166087C
:20912000527738202041FFFFFFFFFFFFFFFFFFFFFFFFFFFFFFFF0000982F8A4291443771AD
:20914000CFFBC0B5A5DBB5E95BC25639F111F159A4823F92D55E1CAB98AA07D8015B8312B7
:20916000BE853124C37D0C55745DBE72FEB1DE80A706DC9B74F19BC1C1699BE48647BEEFA0
:20918000C69DC10FCCA10C246F2CE92DAA84744ADCA9B05CDA88F97652513E986DC631A87B
:2091A000C82703B0C77F59BFF30BE0C64791A7D55163CA0667292914850AB72738211B2E57
:2091C000FC6D2C4D130D385354730A65BB0A6A762EC9C281852C7292A1E8BFA24B661AA8DB
:2091E000708B4BC2A3516CC719E892D1240699D685350EF470A06A1016C1A419086C371EA0
:209200004C774827B5BCB034B30C1C394AAAD84E4FCA9C5BF36F2E68EE828F746F63A5782F
:209220001478C8840802C78CFAFFBE90EB6C50A4F7A3F9BEF27871C609000000010000006B
:209240000000000000000000000000000000000005000000060000000400000003000000FC
:209260000200000000000000000000000000000000000000000000000500000006000000E1
:2092800004000000030000000200000002000000C5EE00002FEF00000000000001000000F1
:2092A00001000000D892010049000000E09201002C9301004C9C01000000000001000000DC
:2092C00001000000D892010049000000E0920100509C010070A50100FFFFFFFFFFFF00FF6A
:2092E00000000000000000000000000000000000000000000000000000000000000000006E
:2093000000000000000000000000000000000000000000000000000000000000000000004D
:20932000000000000000000000000000000000000000000000000000000000FF0608080018
:2093400074A501000200000000000000000000000000000000000000010000FF01080000E8
:209360000000000001000000080000000000000000000000000000000000000000000000E4
:209380000000000000000000000000000000000000000000000000000000000000000000CD
:2093A0000000000000000000000000000000000000000000000000000000000000000000AD
:2093C00000000000000000000000000000000000000000000000000000000000000000008D
:2093E00000000000000000000000000000000000000000000000000000000000000000006D
:2094000000000000000000000000000000000000000000000000000000000000000000004C
:2094200000000000000000000000000000000000000000000000000000000000000000002C
:2094400000000000000000000000000000000000000000000000000000000000000000000C
:209460000000000000000000000000000000000000000000000000000000000000000000EC
:209480000000000000000000000000000000000000000000000000000000000000000000CC
:2094A0000000000000000000000000000000000000000000000000000000000000000000AC
:2094C00000000000000000000000000000000000000000000000000000000000000000008C
:2094E00000000000000000000000000000000000000000000000000000000000000000006C
:2095000000000000000000000000000000000000000000000000000000000000000000004B
:2095200000000000000000000000000000000000000000000000000000000000000000002B
:2095400000000000000000000000000000000000000000000000000000000000000000000B
:209560000000000000000000000000000000000000000000000000000000000000000000EB
:209580000000000000000000000000000000000000000000000000000000000000000000CB
:2095A0000000000000000000000000000000000000000000000000000000000000000000AB
:2095C00000000000000000000000000000000000000000000000000000000000000000008B
:2095E00000000000000000000000000000000000000000000000000000000000000000006B
:2096000000000000000000000000000000000000000000000000000000000000000000004A
:2096200000000000000000000000000000000000000000000000000000000000000000002A
:2096400000000000000000000000000000000000000000000000000000000000000000000A
:209660000000000000000000000000000000000000000000000000000000000000000000EA
:209680000000000000000000000000000000000000000000000000000000000000000000CA
:2096A0000000000000000000000000000000000000000000000000000000000000000000AA
:2096C00000000000000000000000000000000000000000000000000000000000000000008A
:2096E00000000000000000000000000000000000000000000000000000000000000000006A
:20970000000000000000000000000000000000000000000000000000000000000000000049
:20972000000000000000000000000000000000000000000000000000000000000000000029
:20974000000000000000000000000000000000000000000000000000000000000000000009
:209760000000000000000000000000000000000000000000000000000000000000000000E9
:209780000000000000000000000000000000000000000000000000000000000000000000C9
:2097A0000000000000000000000000000000000000000000000000000000000000000000A9
:2097C000000000000000000000000000000000000000000000000000000000000000000089
:2097E000000000000000000000000000000000000000000000000000000000000000000069
:20980000000000000000000000000000000000000000000000000000000000000000000048
:20982000000000000000000000000000000000000000000000000000000000000000000028
:20984000000000000000000000000000000000000000000000000000000000000000000008
:209860000000000000000000000000000000000000000000000000000000000000000000E8
:209880000000000000000000000000000000000000000000000000000000000000000000C8
:2098A0000000000000000000000000000000000000000000000000000000000000000000A8
:2098C000000000000000000000000000000000000000000000000000000000000000000088
:2098E000000000000000000000000000000000000000000000000000000000000000000068
:20990000000000000000000000000000000000000000000000000000000000000000000047
:20992000000000000000000000000000000000000000000000000000000000000000000027
:20994000000000000000000000000000000000000000000000000000000000000000000007
:209960000000000000000000000000000000000000000000000000000000000000000000E7
:209980000000000000000000000000000000000000000000000000000000000000000000C7
:2099A0000000000000000000000000000000000000000000000000000000000000000000A7
:2099C000000000000000000000000000000000000000000000000000000000000000000087
:2099E000000000000000000000000000000000000000000000000000000000000000000067
:209A0000000000000000000000000000000000000000000000000000000000000000000046
:209A2000000000000000000000000000000000000000000000000000000000000000000026
:209A4000000000000000000000000000000000000000000000000000000000000000000006
:209A60000000000000000000000000000000000000000000000000000000000000000000E6
:209A80000000000000000000000000000000000000000000000000000000000000000000C6
:209AA0000000000000000000000000000000000000000000000000000000000000000000A6
:209AC000000000000000000000000000000000000000000000000000000000000000000086
:209AE000000000000000000000000000000000000000000000000000000000000000000066
:209B0000000000000000000000000000000000000000000000000000000000000000000045
:209B2000000000000000000000000000000000000000000000000000000000000000000025
:209B4000000000000000000000000000000000000000000000000000000000000000000005
:209B60000000000000000000000000000000000000000000000000000000000000000000E5
:209B80000000000000000000000000000000000000000000000000000000000000000000C5
:209BA0000000000000000000000000000000000000000000000000000000000000000000A5
:209BC000000000000000000000000000000000000000000000000000000000000000000085
:209BE000000000000000000000000000000000000000000000000000000000000000000065
:209C0000000000000000000000000000000000000000000000000000000000000000000044
:209C2000000000000000000000000000000000000000000000000000000000000000000024
:209C4000000000000000000000000000B4A50100000000000000000000000000000000FFAB
:209C600006080800E4A501000200000000000000000000000000000000000000010000FF42
:209C80000108000000000000010000000800000000000000000000000000000000000000B2
:209CA0000000000000000000000000000000000000000000000000000000000000000000A4
:209CC000000000000000000000000000000000000000000000000000000000000000000084
:209CE000000000000000000000000000000000000000000000000000000000000000000064
:209D0000000000000000000000000000000000000000000000000000000000000000000043
:209D2000000000000000000000000000000000000000000000000000000000000000000023
:209D4000000000000000000000000000000000000000000000000000000000000000000003
:209D60000000000000000000000000000000000000000000000000000000000000000000E3
:209D80000000000000000000000000000000000000000000000000000000000000000000C3
:209DA0000000000000000000000000000000000000000000000000000000000000000000A3
:209DC000000000000000000000000000000000000000000000000000000000000000000083
:209DE000000000000000000000000000000000000000000000000000000000000000000063
:209E0000000000000000000000000000000000000000000000000000000000000000000042
:209E2000000000000000000000000000000000000000000000000000000000000000000022
:209E4000000000000000000000000000000000000000000000000000000000000000000002
:209E60000000000000000000000000000000000000000000000000000000000000000000E2
:209E80000000000000000000000000000000000000000000000000000000000000000000C2
:209EA0000000000000000000000000000000000000000000000000000000000000000000A2
:209EC000000000000000000000000000000000000000000000000000000000000000000082
:209EE000000000000000000000000000000000000000000000000000000000000000000062
:209F0000000000000000000000000000000000000000000000000000000000000000000041
:209F2000000000000000000000000000000000000000000000000000000000000000000021
:209F4000000000000000000000000000000000000000000000000000000000000000000001
:209F60000000000000000000000000000000000000000000000000000000000000000000E1
:209F80000000000000000000000000000000000000000000000000000000000000000000C1
:209FA0000000000000000000000000000000000000000000000000000000000000000000A1
:209FC000000000000000000000000000000000000000000000000000000000000000000081
:209FE000000000000000000000000000000000000000000000000000000000000000000061
:20A00000000000000000000000000000000000000000000000000000000000000000000040
:20A02000000000000000000000000000000000000000000000000000000000000000000020
:20A04000000000000000000000000000000000000000000000000000000000000000000000
:20A060000000000000000000000000000000000000000000000000000000000000000000E0
:20A080000000000000000000000000000000000000000000000000000000000000000000C0
:20A0A0000000000000000000000000000000000000000000000000000000000000000000A0
:20A0C000000000000000000000000000000000000000000000000000000000000000000080
:20A0E000000000000000000000000000000000000000000000000000000000000000000060
:20A1000000000000000000000000000000000000000000000000000000000000000000003F
:20A1200000000000000000000000000000000000000000000000000000000000000000001F
:20A140000000000000000000000000000000000000000000000000000000000000000000FF
:20A160000000000000000000000000000000000000000000000000000000000000000000DF
:20A180000000000000000000000000000000000000000000000000000000000000000000BF
:20A1A00000000000000000000000000000000000000000000000000000000000000000009F
:20A1C00000000000000000000000000000000000000000000000000000000000000000007F
:20A1E00000000000000000000000000000000000000000000000000000000000000000005F
:20A2000000000000000000000000000000000000000000000000000000000000000000003E
:20A2200000000000000000000000000000000000000000000000000000000000000000001E
:20A240000000000000000000000000000000000000000000000000000000000000000000FE
:20A260000000000000000000000000000000000000000000000000000000000000000000DE
:20A280000000000000000000000000000000000000000000000000000000000000000000BE
:20A2A00000000000000000000000000000000000000000000000000000000000000000009E
:20A2C00000000000000000000000000000000000000000000000000000000000000000007E
:20A2E00000000000000000000000000000000000000000000000000000000000000000005E
:20A3000000000000000000000000000000000000000000000000000000000000000000003D
:20A3200000000000000000000000000000000000000000000000000000000000000000001D
:20A340000000000000000000000000000000000000000000000000000000000000000000FD
:20A360000000000000000000000000000000000000000000000000000000000000000000DD
:20A380000000000000000000000000000000000000000000000000000000000000000000BD
:20A3A00000000000000000000000000000000000000000000000000000000000000000009D
:20A3C00000000000000000000000000000000000000000000000000000000000000000007D
:20A3E00000000000000000000000000000000000000000000000000000000000000000005D
:20A4000000000000000000000000000000000000000000000000000000000000000000003C
:20A4200000000000000000000000000000000000000000000000000000000000000000001C
:20A440000000000000000000000000000000000000000000000000000000000000000000FC
:20A460000000000000000000000000000000000000000000000000000000000000000000DC
:20A480000000000000000000000000000000000000000000000000000000000000000000BC
:20A4A00000000000000000000000000000000000000000000000000000000000000000009C
:20A4C00000000000000000000000000000000000000000000000000000000000000000007C
:20A4E00000000000000000000000000000000000000000000000000000000000000000005C
:20A5000000000000000000000000000000000000000000000000000000000000000000003B
:20A5200000000000000000000000000000000000000000000000000000000000000000001B
:20A540000000000000000000000000000000000000000000000000000000000000000000FB
:20A560000000000000000000000000000000000024A60100B3070000FF070000B307000096
:20A58000FF070000B3070000FF070000B3070000FF070000FF070000FF070000FF07000023
:20A5A000FF070000FF070000FF070000FF070000FF0700000000060154A60100000000007B
:20A5C0000000000000000000000000000000010068A601000200000080A6010088A6010013
:20A5E00000000000B4070000FF070000B4070000FF070000B4070000FF070000B30700005E
:20A60000FF070000FF070000FF070000FF070000FF070000FF070000FF070000FF0700000A
:20A62000FF0700000000060154A60100000000000000000000000000000000000000010011
:20A6400068A60100020000008CA6010088A6010000000000000000000000F8FF0000000090
:20A660000000000000000000000005060400030002000000010102000100010000000000C0
:20A680002C9301004C93010038920100509C0100709C0100C0A60100E8A6010010A70100A7
:20A6A00038A7010060A7010088A70100B0A70100D8A7010000A8010028A8010050A8010037
:20A6C000010000000100000001000000000000000000000000000000200000000000000057
:20A6E0000C070020244A002001000000010000000500000000000000000000000000000092
:20A70000100000000000000010070020444A00200100000001000000010000000000000041
:20A720000000000000000000100000000000000014070020544A002001000000010000000E
:20A7400005000000000000000000000000000000100000000000000018070020644A0020D7
:20A760000100000001000000010000000000000000000000000000001000000000000000C6
:20A780001C070020744A002001000000010000000500000000000000000000000000000091
:20A7A0000C0000000000000020070020844A00200100000001000000010000000000000055
:20A7C0000000000000000000100000000000000024070020904A0020010000000100000022
:20A7E000050000000000000000000000000000000C0000000000000028070020A04A0020EF
:20A80000010000000100000001000000000000000000000000000000100000000000000025
:20A820002C070020AC4A0020010000000100000001000000000000000000000000000000AC
:20A84000100000000000000030070020BC4A00200100000001000000050000000000000064
:20A8600000000000000000000C0000000000000034070020CC4A0020A4A80100FFFF0300ED
:20A88000FFFF0300FFFF0300FFFF0300CFFB0100FFFF0300FFFF0300FFFF0300FFFF0300E6
:20A8A000CFFB01000000000000000000B4A8010034AB01000100000001000000010000008D
:20A8C000010000000100000001000000010000000100000001000000010000000100000070
:20A8E000010000000100000001000000010000000100000001000000010000000100000050
:20A9000001000000010000000100000001000000010000000100000001000000010000002F
:20A9200001000000010000000100000001000000010000000100000001000000010000000F
:20A940000100000001000000010000000100000001000000010000000100000001000000EF
:20A960000100000001000000010000000100000001000000010000000100000001000000CF
:20A980000100000001000000010000000100000001000000010000000100000001000000AF
:20A9A00001000000010000000100000001000000010000000100000001000000010000008F
:20A9C00001000000010000000100000001000000010000000100000001000000010000006F
:20A9E00001000000010000000100000001000000010000000100000001000000010000004F
:20AA000001000000010000000100000001000000010000000100000001000000010000002E
:20AA200001000000010000000100000001000000010000000100000001000000010000000E
:20AA40000100000001000000010000000100000001000000010000000100000001000000EE
:20AA60000100000001000000010000000100000001000000010000000100000001000000CE
:20AA80000100000001000000010000000100000001000000010000000100000001000000AE
:20AAA00001000000010000000100000001000000010000000100000001000000010000008E
:20AAC00001000000010000000100000001000000010000000100000001000000010000006E
:20AAE00001000000010000000100000001000000010000000100000001000000010000004E
:20AB000001000000010000000100000001000000010000000100000001000000010000002D
:20AB200001000000010000000100000001000000010000000100000001000000010000000D
:20AB40000100000001000000379300003D93000000000000F0FFFFFF00000000000000006C
:20AB6000C84C0020C84C00200000000048AB010074AB010000000000000000000000000059
:20AB800000020000000400001000000000040000020000009CAB010060AB0100A4AB0100F5
:20ABA000B8AB01000020000010000000FFFF010000000001000000000020000010000000D1
:20ABC000FFDF21000020000000000000020000000000000000000000020000000000000052
:20ABE000000000000000000044C201000200000000010000000000000000000058C2010030
:20AC0000020000000002000000000000000000006CC2010018AC0100030000002CAC010060
:20AC200001000000CCAB010080AC010000000000777D000000000000D0129341FFFFFFFFC8
:20AC400000000000D8AB0100000000008D7D000000000000D0129341FFFFFFFF00000000B4
:20AC6000ECAB01000000000023C600000000000080842E41FFFFFFFF0000000000AC010037
:20AC800000010200CD0000008CAC010000000000000000000F070100010000000000000093
:20ACA0000F07010002000000000000000F07010003000000000000000F0701000400000046
:20ACC000000000000F07010005000000000000000F07010006000000000000000F07010024
:20ACE00007000000000000000F07010008000000000000000F07010009000000000000000E
:20AD00000F0701000A000000000000000F0701000B000000000000000F0701000C000000CD
:20AD2000000000000F0701000D000000000000000F0701000E000000000000000F070100B3
:20AD40000F000000000000000F07010010000000000000000F070100110000000000000095
:20AD60000F07010012000000000000000F07010013000000000000000F0701001400000055
:20AD8000000000000F07010015000000000000000F07010016000000000000000F07010043
:20ADA00017000000000000000F07010018000000000000000F07010019000000000000001D
:20ADC0000F0701001A000000000000000F0701001B000000000000000F0701001C000000DD
:20ADE000000000000F0701001D000000000000000F0701001E000000000000000F070100D3
:20AE00001F000000000000000F07010020000000000000000F0701002100000000000000A4
:20AE20000F07010022000000000000000F07010023000000000000000F0701002400000064
:20AE4000000000000F07010025000000000000000F07010026000000000000000F07010062
:20AE600027000000000000000F07010028000000000000000F07010029000000000000002C
:20AE80000F0701002A000000000000000F0701002B000000000000000F0701002C000000EC
:20AEA000000000000F0701002D000000000000000F0701002E000000000000000F070100F2
:20AEC0002F000000000000000F07010030000000000000000F0701003100000000000000B4
:20AEE0000F07010032000000000000000F07010033000000000000000F0701003400000074
:20AF0000010000001B5C010035000000000000000F07010036000000000000000F0701001F
:20AF200037000000000000000F07010038000000000000000F07010039000000000000003B
:20AF40000F0701003A000000000000000F0701003B000000000000000F0701003C000000FB
:20AF6000000000000F0701003D000000000000000F0701003E000000000000000F07010011
:20AF80003F000000000000000F07010040000000000000000F0701004100000000000000C3
:20AFA0000F07010042000000000000000F07010043000000000000000F0701004400000083
:20AFC000000000000F07010045000000000000000F07010046000000000000000F070100A1
:20AFE00047000000000000000F07010048000000000000000F07010049000000000000004B
:20B000000F0701004A000000000000000F0701004B000000000000000F0701004C0000000A
:20B02000000000000F0701004D000000000000000F0701004E000000000000000F07010030
:20B040004F000000000000000F07010050000000000000000F0701005100000000000000D2
:20B060000F07010052000000000000000F07010053000000000000000F0701005400000092
:20B08000000000000F07010055000000000000000F07010056000000000000000F070100C0
:20B0A00057000000000000000F07010058000000000000000F07010059000000000000005A
:20B0C0000F0701005A000000000000000F0701005B000000000000000F0701005C0000001A
:20B0E000000000000F0701005D000000000000000F0701005E000000000000000F07010050
:20B100005F000000000000000F07010060000000000000000F0701006100000000000000E1
:20B120000F07010062000000000000000F07010063000000000000000F07010064000000A1
:20B14000000000000F07010065000000000000000F07010066000000000000000F070100DF
:20B1600067000000000000000F07010068000000000000000F070100690000000000000069
:20B180000F0701006A000000000000000F0701006B000000000000000F0701006C00000029
:20B1A000000000000F0701006D000000000000000F0701006E000000000000000F0701006F
:20B1C0006F000000000000000F07010070000000000000000F0701007100000000000000F1
:20B1E0000F07010072000000000000000F07010073000000000000000F07010074000000B1
:20B20000000000000F07010075000000000000000F07010076000000000000000F070100FE
:20B2200077000000000000000F07010078000000000000000F070100790000000000000078
:20B240000F0701007A000000000000000F0701007B000000000000000F0701007C00000038
:20B26000000000000F0701007D000000000000000F0701007E000000000000000F0701008E
:20B280007F000000000000000F07010080000000000000000F070100810000000000000000
:20B2A0000F07010082000000000000000F07010083000000000000000F07010084000000C0
:20B2C000000000000F07010085000000000000000F07010086000000000000000F0701001E
:20B2E00087000000000000000F07010088000000000000000F070100890000000000000088
:20B300000F0701008A000000000000000F0701008B000000000000000F0701008C00000047
:20B32000000000000F0701008D000000000000000F0701008E000000000000000F070100AD
:20B340008F000000000000000F07010090000000000000000F07010091000000000000000F
:20B360000F07010092000000000000000F07010093000000000000000F07010094000000CF
:20B38000000000000F07010095000000000000000F07010096000000000000000F0701003D
:20B3A00097000000000000000F07010098000000000000000F070100990000000000000097
:20B3C0000F0701009A000000000000000F0701009B000000000000000F0701009C00000057
:20B3E000000000000F0701009D000000000000000F0701009E000000000000000F070100CD
:20B400009F000000000000000F070100A0000000000000000F070100A1000000000000001E
:20B420000F070100A2000000000000000F070100A3000000000000000F070100A4000000DE
:20B44000000000000F070100A5000000000000000F070100A6000000000000000F0701005C
:20B46000A7000000000000000F070100A8000000000000000F070100A900000000000000A6
:20B480000F070100AA000000000000000F070100AB000000000000000F070100AC00000066
:20B4A000000000000F070100AD000000000000000F070100AE000000000000000F070100EC
:20B4C000AF000000000000000F070100B0000000000000000F070100B1000000000000002E
:20B4E0000F070100B2000000000000000F070100B3000000000000000F070100B4000000EE
:20B50000000000000F070100B50000000100000067440100B6000000000000000F070100E5
:20B52000B7000000000000000F070100B8000000000000000F070100B900000000000000B5
:20B540000F070100BA000000000000000F070100BB000000000000000F070100BC00000075
:20B56000000000000F070100BD000000000000000F070100BE000000000000000F0701000B
:20B58000BF000000000000000F070100C0000000000000000F070100C1000000000000003D
:20B5A0000F070100C2000000000000000F070100C3000000000000000F070100C4000000FD
:20B5C000000000000F070100C5000000000000000F070100C6000000000000000F0701009B
:20B5E000C7000000000000000F070100C8000000000000000F070100C900000000000000C5
:20B600000F070100CA000000000000000F070100CB000000000000000F070100CC00000084
:20B62000000000000F070100030000000000000080C2010038B601000000000040B60100C7
:20B64000000000000100000028B6010084C10100DCC1010004B801001CC2010034C2010093
:20B66000E8C1010090B901006CB6010000000000010000000100000084B601008CB6010033
:20B6800058B601000000000000000000000000004CB60100005006400100208904500640BE
:20B6A0000000008F085006400000008F0C5006400000008F105006400000008F14500640BE
:20B6C0000000008F185006400000008F1C5006400000008F205006400000008F245006405E
:20B6E0000000008F285006400000008F2C5006400000008F305006400000008F34500640FE
:20B700000000008F385006400000008F4C5006400000008F505006400000008F545006406D
:20B720000000008F585006400000008F5C5006400000008F605006400000008F64500640FD
:20B740000000008F685006400000008F6C5006400000008F705006400000008F745006409D
:20B760000000008F785006400000008F7C5006400000008F885006400000008F8C5006402D
:20B780000000008F9050064000002089945006400000208998500640000020899C5006406F
:20B7A00000002089A050064031072089A850064000002089AC50064000002089B0500640B1
:20B7C0000000008FB45006400000008FB85006400000008FBC5006400000008FC0500640ED
:20B7E0000000008FC450064000002089C850064000002089CC50064001002089D05006403E
:20B8000000002089180000000CB80100130000000400000000000000010000001400000076
:20B82000040000000000000001000000160000000400000000000000010000002C000000BC
:20B840000300000000000000010000002D0000000300000000000000010000002E00000085
:20B860000300000000000000010000002F0000000300000000000000010000003000000061
:20B88000030000000000000001000000340000000800000000000000010000000300000064
:20B8A000040000000B0000000100000004000000040000000B000000010000002200000042
:20B8C000030000000000000001000000230000000300000000000000010000001A00000023
:20B8E0000400000000000000010000001C00000004000000000000000100000028000000FA
:20B9000006000000040000000100000008000000040000000000000001000000020000000D
:20B92000040000000200000001000000090000000300000000000000010000000A000000E9
:20B9400003000000000000000100000005000000040000000B0000000100000025000000A9
:20B9600007000000000000000100000027000000070000000000000001000000260000006A
:20B9800007000000000000000100000084AC01000000000000000000000000000700000067
:20B9A000000000000000000000000000010000000000000000000000000000000600000080
:20B9C000000000000100000000000000010000000000000000000000000000000200000063
:20B9E000000000000100000001000000010000000000000000000000000000000000000044
:20BA0000000000000000000000000000010000000000000000000000000000000D00000018
:20BA2000000000000200000001000000010000000000000000000000000000000C000000F6
:20BA4000000000000100000001000000010000000000000001000000000000000B000000D7
:20BA6000000000000500000001000000010000000000000000000000000000000A000000B5
:20BA800000000000050000000000000001000000000000000000000001000000040000009B
:20BAA00000000000010000000100000001000000000000000100000001000000020000007F
:20BAC000000000000100000001000000010000000000000000000000010000000000000062
:20BAE000000000000100000000000000010000000000000000000000010000001100000032
:20BB0000000000000100000000000000010000000000000000000000010000000C00000016
:20BB2000000000000000000000000000010000000000000000000000010000000B000000F8
:20BB40000000000001000000010000000100000000000000000000000100000009000000D8
:20BB60000000000001000000010000000100000000000000000000000100000008000000B9
:20BB800000000000010000000100000001000000000000000000000002000000030000009D
:20BBA000000000000000000000000000010000000000000000000000020000000200000080
:20BBC000000000000000000000000000010000000000000000000000020000000100000061
:20BBE000000000000000000000000000010000000000000000000000020000000000000042
:20BC0000000000000000000000000000010000000000000000000000020000001000000011
:20BC2000000000000000000000000000010000000000000000000000020000000F000000F2
:20BC40000000000000000000000000000100000000000000000000000200000008000000D9
:20BC60000000000001000000000000000100000000000000000000000200000007000000B9
:20BC8000000000000200000001000000010000000000000000000000020000000600000098
:20BCA00000000000020000000000000001000000000000000000000003000000100000006E
:20BCC000000000000600000000000000010000000000000000000000030000000F0000004B
:20BCE000000000000100000001000000010000000000000001000000030000000D00000030
:20BD0000000000000500000001000000010000000000000000000000030000000B0000000E
:20BD2000000000000500000001000000010000000000000000000000030000000A000000EF
:20BD40000000000005000000000000000100000000000000000000000300000002000000D8
:20BD60000000000001000000010000000100000000000000010000000400000010000000AB
:20BD8000000000000100000001000000010000000000000001000000040000000F0000008C
:20BDA000000000000100000001000000010000000000000000000000040000000300000079
:20BDC000000000000100000001000000010000000000000001000000040000000C0000004F
:20BDE000000000000100000001000000010000000000000000000000040000000800000034
:20BE0000000000000200000001000000010000000000000000000000040000000700000013
:20BE20000000000001000000010000000100000000000000000000000400000001000000FA
:20BE40000000000004000000010000000100000000000000000000000400000000000000D8
:20BE600000000000040000000000000001000000000000000000000027002F008CBE01001C
:20BE8000ECBE0100FCBE010098B901000100030004000500080009000E000F00100011008E
:20BEA000210023002500260027002A002D002E002F0030004400450049004A004B004C0035
:20BEC0004D004E0051006000610063006400650066006700680069006C006E00710082001E
:20BEE000860089008B008D008E0000000000000000000000010000000000000090000100FB
:20BF000001000000010101008F000000010000000101010083000100010000000101010002
:20BF20008C00000001000000010101007000000000000000000001006F000100010000008F
:20BF4000010101006D00000001000000000001006B00010001000000000001008800000079
:20BF6000010000000000010024000100010000000101010043000000000000000000010052
:20BF80004200000000000000000001006A00000000000000000001004100000000000000B2
:20BFA000000001004000000000000000000001005000000000000000000001004F0000009F
:20BFC0000000000000000100480000000000000001010100220000000100000001010100EF
:20BFE000200000000000000001010100070000000000000000000100060000000000000010
:20C00000010101008700000001000000010101003100000000000000010101002C00000032
:20C02000000000000000010062000100010000000101010002000000010000000101010092
:20C040002B000000010000000101010029000000010000000101010028000000010000005B
:20C0600001010100000000000000000000000100470000000100000000000100460000002D
:20C0800000000000000001000D00010001000000000001000C00000001000000010101007F
:20C0A0000B00000001000000000001000A00000000000000000001008100010001000000E5
:20C0C00000000100800000000000000000000100D4C0010027000000E4C0010080C101003B
:20C0E00078BE01000100000001000000010000000100000001000000010000000100000002
:20C10000010000000100000001000000010000000100000001000000010000000100000017
:20C120000100000001000000010000000100000001000000010000000100000001000000F7
:20C140000100000001000000010000000100000001000000010000000100000001000000D7
:20C160000100000001000000010000000100000001000000010000000100000001000000B7
:20C1800001000000030000000068890900000000010000000300000000010000000000009C
:20C1A000010000000100000000000000000000000100000000000000020000000300000077
:20C1C0003C0000000000000000000000006889090001000000000000000000000000000028
:20C1E00000000000000000000000000000000000000000000000000000000000000000003F
:20C2000000000000000000000000000001000000010000000000000000000000000000001C
:20C220000000000000000000000000000000000000000000000000000000000000000000FE
:20C24000000000000001000000000000000000007921010000000000010100000000000040
:20C2600000000000792101000100000002010000030000000000000079210100020000007F
:20C28000030000004E00000002000000000000000D01000061280100A04C00200B0100009B
:20C2A00000366E0101000000000000000000000000000000BCC20100C4C2010000000000D2
:20C2C000D4C2010000000000ECC20100D0C20100A4C201000000000000000001000000001D
:20C2E0000000000000E204000000000000000000000000010000000000000000001900003E
:20C3000000000000DC3F002000400240005002400080034000900340004002400050024024
:20C32000008003400090034000000000000000000200000400000002040000000400020055
:20C340000006000000020000060000000200000604000002000406000400000000000000B3
:20C360000000000000000000000000000000000000000000000100000004000000000000B8
:20C3800000000000000000000000000000000000000000000000000000000000000000009D
:20C3A0000000000000000000000000000001000000000000BCC4010001000000C4C4010071
:20C3C0001400000064C50100010000007C49002006000000AC49002006000000DC490020D3
:20C3E00006000000000000000C4A00200200000000000000000000000100000000000000BE
:20C4000094A601000000000001000000104A00200200000000000000000000000100000063
:20C42000000000009CA601000000000002000000144A002002000000000000000000000037
:20C440000100000000000000A4A601000000000003000000184A0020020000000000000009
:20C46000000000000100000000000000ACA6010000000000040000001C4A002001000000DD
:20C4800000000000000000000100000000000000B4A601000000000005000000204A0020B1
:20C4A0000200000000000000000000000100000000000000B8A60100000000000B0000000F
:20C4C0001B00000003000000140100000200000014110000040000001403000003000000E4
:20C4E0001403000004000000140500000300000014050000040000001404000003000000CD
:20C50000140400000400000014070000030000001407000006000000148000000400000028
:20C52000140100000500000014800000030000001402000004000000140200000100000019
:20C54000141000000200000014100000050000001406000001000000141100000600000046
:20C5600014060000130000000000000000F00F4040F00F4080F00F40C0F00F4000F10F40D2
:20C58000000000000400000001000000050000000200000006000000050000000100000083
:20C5A0000600000007000000070000000000000009000000080000000A000000020000004A
:20C5C0000B000000090000000C0000000A0000000D0000000B0000000F0000000C000000FE
:20C5E000550000000E000000FF0000000300000000000000000000000100000001000000D4
:20C600000200000002000000040000000400000005000000050000000600000006000000F8
:20C620000700000007000000080000000800000009000000090000000A0000000A000000B6
:20C640000B0000000B0000000C0000000C0000000D0000000D0000000E0000000E00000076
:20C660000F0000000F0000001000000010000000000000000000000001000000010000007A
:20C68000020000000200000004000000040000000500000005000000060000000600000078
:20C6A0000700000007000000080000000800000009000000090000000A0000000A00000036
:20C6C0000B0000000B0000000C0000000C0000000D0000000D0000000E0000000E000000F6
:20C6E0000F0000000F000000100000001000000098C80100010000009CC801000500000030
:20C70000B0C8010006000000C8C8010006000000C8C8010006000000C8C8010006000000D5
:20C72000C8C8010006000000E0C8010006000000E0C8010006000000F8C80100060000003D
:20C74000F8C801000600000010C901000400000010C901000400000010C901000400000078
:20C7600010C901000400000010C901000400000010C901000400000010C901000400000041
:20C7800010C901000400000020C901000600000020C901000600000020C9010006000000EB
:20C7A00020C901000600000020C901000600000020C901000600000038C9010006000000A1
:20C7C00038C901000600000038C901000600000038C901000600000050C901000600000021
:20C7E00050C901000600000068C901000600000068C90100060000000000000000000000A9
:20C8000080C901000500000080C901000500000094C901000100000098C9010001000000B8
:20C820009CC9010001000000A0C9010001000000A4C90100050000000000000000000000B3
:20C84000B8C9010001000000BCC9010001000000C0C9010005000000C0C9010005000000B0
:20C86000C0C9010005000000C0C9010005000000C0C9010005000000D4C90100010000006C
:20C88000D8C9010001000000DCC9010001000000E0C90100010000000000000000000000A3
:20C8A000010000000200000003000000040000000000000001000000020000000300000068
:20C8C000040000000500000000000000010000000200000003000000040000000500000040
:20C8E000000000000100000002000000030000000400000005000000000000000100000028
:20C900000200000003000000040000000500000000000000030000000400000005000000FD
:20C920000000000001000000020000000300000004000000050000000000000001000000E7
:20C940000200000003000000040000000500000000000000010000000200000003000000C3
:20C9600004000000050000000000000001000000020000000300000004000000050000009F
:20C98000000000000100000002000000030000000400000007000000070000000700000078
:20C9A00007000000000000000300000004000000050000000600000008000000080000004E
:20C9C000000000000100000002000000030000000400000008000000080000000800000035
:20C9E00008000000200000000400000000F00F4040F00F4080F00F40C0F00F4000F10F404F
:20CA00000090044000A0044000B0044000000540001005400090044000A0044000B0044024
:20CA200000000540001005400000010000000001000000020000000400000008000000103C
:20CA400000000020000004400000044000A0064000B0064000C006400000074000100740AE
:20CA60000020074001000000820000000400000008000000000000000100000000010000BE
:20CA800000020000000400008F07000000A0064000B0064000C0064000000740001007407A
:20CAA000002007400100000002000000040000000800000010000000200000004000000090
:20CAC000800000009E000000000100000002000000040000000800000010000000200000F9
:20CAE0000040000000800000040000007403002028CC010028CC01007403002028CC010065
:20CB00007DCE0100CC05002080CE010081CE010000000020000000007403000001000000A1
:20CB2000D0050020C84C0020342143780000030100800300070000000000000000E001004D
:20CB40000020000000E00100000100000300000000000000008003000000040000800300C6
:20CB600000000400060000000000000000800700FF7F000000800700FF7F000000000000A1
:20CB8000000000000000000000000000000000000000000000000000000000000000000095
:20CBA000000000000000000000000000000000000000000000000000000000000000000075
:20CBC000000000000000000000000000000000000000000000000000000000000000000055
:20CBE000000000000000000000000000000000000000000000000000000000000000000035
:20CC0000000000000000000000000000000000000000000000000000000000000000000014
:20CC2000000000008734124300000000CC03002000000000010000000000000000000000F4
:20CC40000000000000000000000000000000000000000000000000000000000000000000D4
:20CC60000000000078060020400000000000000000000000000000000000000000000000D6
:20CC80000B0000001B0000000000000000000000000000000001010000000000000000006C
:20CCA000000000000000000000000000EF1F0000010000003412341200E0002001000000D8
:20CCC000000000000200000000000000000000000C000000000000001A000000000000002C
:20CCE00000000000000000000500000005000000050000000500000005000000000000001B
:20CD0000000000001A000000000000000000000000000000000000000000000001000000F8
:20CD20000200000000000000000000000000000000000000000000000000000000000000F1
:20CD4000000000000000000000000000000000000000000000000000B7E9744B45FAA6206F
:20CD6000D31C30E96386E9CD5FB993DECA45C9D60894F77DB9EEA9D078457694809DF705C5
:20CD800024D730E2C00F046E605323BD5003BF2CA9BBB45CC5115A1DCE257D42034F7E1C15
:20CDA0007A3E1A68E89A00108D1828AC26BD71AE4AC9B9230B9BC1016746A9015E70F1D9E6
:20CDC000BD7F564B976164FFC1D96E93AB4066D5CBF402F5FC531151A9805C0716ABCB9843
:20CDE00025FE02F3897E57917A64CC2C7A71E88333590AA95923CF4A6BE4241AF78CA9046F
:20CE00005D65B67487194249E36903DDA4C975FEA73C07C191675445FE5FCF4572F8BD47D4
:20CE200095BA81A754505529922F8182719B431CEB2716CA87E2BA83A01E85EF75E463881C
:20CE40002D0B5376B6B3D66819E26C2B674F0A9DDEFE934243CE87AD0001000131DDD9EC70
:20CE600024201A6A825D840218609AAB65B04EFA44A04A9912F4BAE8E691BB9C55FFFFFFDC
:01CE800001B0
:00000001FF
