:020000041FFEDD
:20100000000002200114FE1F5D21FF1FA57BFE1F5F21FF1F6121FF1F6321FF1F00000000C3
:201020000000000000000000000000006D21FF1F6521FF1F000000006721FF1F6921FF1F12
:201040006B21FF1F6B21FF1F6B21FF1F6B21FF1F6B21FF1F6B21FF1F6B21FF1F6B21FF1F40
:201060006B21FF1F6B21FF1F6B21FF1F6B21FF1F6B21FF1F6B21FF1F6B21FF1F6B21FF1F20
:201080006B21FF1F6B21FF1F6B21FF1F6B21FF1F6B21FF1F6B21FF1F6B21FF1F6B21FF1F00
:2010A0006B21FF1F6B21FF1F6B21FF1F6B21FF1F6B21FF1F6B21FF1F6B21FF1F6B21FF1FE0
:2010C0006B21FF1F6B21FF1F6B21FF1F6B21FF1F6B21FF1F6B21FF1F6B21FF1F6B21FF1FC0
:2010E0006B21FF1F6B21FF1F6B21FF1F6B21FF1F6B21FF1F6B21FF1F6B21FF1F6B21FF1FA0
:201100006B21FF1F6B21FF1F6B21FF1F6B21FF1F6B21FF1F6B21FF1F6B21FF1F6B21FF1F7F
:201120006B21FF1F6B21FF1F6B21FF1F6B21FF1F6B21FF1F6B21FF1F6B21FF1F6B21FF1F5F
:201140006B21FF1F6B21FF1F6B21FF1F6B21FF1F6B21FF1F6B21FF1F6B21FF1F6B21FF1F3F
:201160006B21FF1F6B21FF1F6B21FF1F6B21FF1F6B21FF1F6B21FF1F6B21FF1F6B21FF1F1F
:201180006B21FF1F6B21FF1F6B21FF1F6B21FF1F6B21FF1F6B21FF1F6B21FF1F6B21FF1FFF
:2011A0006B21FF1F6B21FF1F6B21FF1F6B21FF1F6B21FF1F6B21FF1F6B21FF1F6B21FF1FDF
:2011C0006B21FF1F6B21FF1F6B21FF1F6B21FF1F6B21FF1F6B21FF1F6B21FF1F6B21FF1FBF
:2011E0006B21FF1F6B21FF1F6B21FF1F6B21FF1F6B21FF1F6B21FF1F6B21FF1F6B21FF1F9F
:201200006B21FF1F6B21FF1F6B21FF1F6B21FF1F6B21FF1F6B21FF1F6B21FF1F6B21FF1F7E
:201220006B21FF1F6B21FF1F6B21FF1F6B21FF1F6B21FF1F6B21FF1F6B21FF1F6B21FF1F5E
:201240006B21FF1F6B21FF1F6B21FF1F6B21FF1F6B21FF1F6B21FF1F6B21FF1F6B21FF1F3E
:201260006B21FF1F6B21FF1F6B21FF1F6B21FF1F6B21FF1F6B21FF1F6B21FF1F6B21FF1F1E
:201280006B21FF1F6B21FF1F6B21FF1F6B21FF1F6B21FF1F6B21FF1F6B21FF1F6B21FF1FFE
:2012A0006B21FF1F6B21FF1F6B21FF1F6B21FF1F6B21FF1F6B21FF1F6B21FF1F6B21FF1FDE
:2012C0006B21FF1F6B21FF1F6B21FF1F6B21FF1F6B21FF1F6B21FF1F6B21FF1F6B21FF1FBE
:2012E0006B21FF1F6B21FF1F6B21FF1F6B21FF1F6B21FF1F6B21FF1F6B21FF1F6B21FF1F9E
:201300006B21FF1F6B21FF1F6B21FF1F6B21FF1F6B21FF1F6B21FF1F6B21FF1F6B21FF1F7D
:201320006B21FF1F6B21FF1F6B21FF1F6B21FF1F6B21FF1F6B21FF1F6B21FF1F6B21FF1F5D
:201340006B21FF1F6B21FF1F6B21FF1F6B21FF1F6B21FF1F6B21FF1F6B21FF1F6B21FF1F3D
:201360006B21FF1F6B21FF1F6B21FF1F6B21FF1F6B21FF1F0000000000000000000000001B
:2013800000000000000000000000000000000000000000000000000000000000000000004D
:2013A00000000000000000000000000000000000000000000000000000000000000000002D
:2013C00000000000000000000000000000000000000000000000000000000000000000000D
:2013E0000000000000000000000000000000000000000000000000000000000000000000ED
:2014000072B6002000210022002300240025002600271F481F4901601F4880F30888FFE708
:201420001E4801680F22120511430160BFF34F8FBFF36F8FFFE71A48002809D019491A4A91
:20144000521A013A04DD0020002309C1083AFCDAFFE7134800280BD0144802C8013907DB59
:2014600038C82A1BFAD040CC40C3043AFBDCF5E7FFE70F4802C8013907DB18C8E21AFAD094
:20148000002520C3043AFCDCF5E762B609F03BF908ED00E0000000200000022088ED00E0A1
:2014A0000100000000000020000002209CD5FF1FD0D5FF1F4FF0780070472DE9004100F0E2
:2014C0007CFA00F0D1FA02F01AFA04F022F941F60878C2F2000898F80000012801D104F0D4
:2014E0005BFD07F05FFA00F0C4F8BDE800812DE910414FF0000404F0F9FC014641F6D01879
:20150000C2F20008D8F8000042F23412C7F6430290427ED14FF0000072E002464FEA82030B
:20152000A3EB02024FEAC20241F6DC13C2F200031A441278032A09D102464FEAC2020A44BD
:201540001278002A59D14FF0030464E002464FEA8203A3EB02024FEAC20241F6DC13C2F2B4
:2015600000031A441278062A09D102464FEAC2020A441278002A40D14FF006044BE0024662
:201580004FEA8203A3EB02024FEAC20241F6DC13C2F200031A441278042A08D102464FEAB1
:2015A000C2020A44127842BB4FF0040433E002464FEA8203A3EB02024FEAC20241F6DC137D
:2015C000C2F200031A441278052A08D102464FEAC2020A44127882B94FF005041BE0024681
:2015E0004FEA8203A3EB02024FEAC20241F6DC13C2F200031A441278082A00F10100C0B243
:2016000041F6D018C2F2000898F80620904284D301E04FF001042046BDE8108100B513F097
:2016200060F900BD00B504F088FC012805D102F0BCFB02F0CEF906F002FD00F01EFA06F013
:20164000CEFC01280BD140F26451C2F20001086800F10100086006F0F8FC02F0BAF906F0D0
:20166000EAFC00BD00B5FFF7DDFF00BD01460846704700B500F007F84FF0020002F067F900
:2016800008F0E0FC00BD2DE9704184B004F02EFC044604F030FC064604F032FC05464EF23D
:2016A0000011C0F2010141F6D010C2F200004FF4807202F0BAF805F011F9B0B348F2405194
:2016C000C1F6FF7141F6D010C2F200004FF4807202F0ABF84FF000001FE001464FEA81020D
:2016E000A2EB01014FEAC10141F6DC12C2F200021144097807290DD101464FEAC1012144FA
:201700004FF001020A704FEAC00020444FF00701C1700AE000F10100C0B241F6D018C2F217
:20172000000898F806108842D7D34AF20001C0F2011120464FF0640202F077F802944FF045
:20174000600003904FF000008DF80400684607F0C4FF4FF001008DF80400684607F0BDFF3C
:201760004FF002008DF80400684607F0B6FF0098216E884203D1206EB0F1FF3F74D1206E40
:20178000B0F1FF3F3AD100F07CF9012836D120464FF064024FF0000102F05AF84FF00000FC
:2017A0001FE001464FEAC10121444FF001020A7001464FEAC10141F63002C2F200020A4418
:2017C00001464FEA8103A3EB01014FEAC10141F6DC13C2F2000319440978D17000F101008C
:2017E000C0B241F6D018C2F2000898F806108842D7D34FF0010084F8500035E020464FF0BC
:2018000064024FF0000102F023F84FF000001FE001464FEAC10121444FF000020A7001462E
:201820004FEAC10141F63002C2F200020A4401464FEA8103A3EB01014FEAC10141F6DC138B
:20184000C2F2000319440978D17000F10100C0B241F6D018C2F2000898F806108842D7D359
:201860004FF0000084F850004CF20001C0F2011130464FF00C0201F0D8FF02964FF00800F0
:2018800003904FF000008DF80400684607F025FF4FF001008DF80400684607F01EFF4FF05A
:2018A00002008DF80400684607F017FF0098B168884203D1B068B0F1FF3F16D130464FF000
:2018C0000C024FF0000101F0C3FF0098B0604FF0000407E020464FF0000102F0D9F904F1D6
:2018E0000100C4B2002CF5D019E04FF0000414E020464FEA800030440068022805D342F21F
:201900001071204602F0C4F904E020464FF0000102F0BEF904F10100C4B2002CE8D04EF26E
:201920000001C0F2011128464FF49E7201F07DFF02954FF49C7003904FF000008DF8040073
:20194000684607F0CAFE4FF001008DF80400684607F0C3FE4FF002008DF80400684607F07C
:20196000BCFE0098D5F83811884204D1D5F83801B0F1FF3F19D128464FF49E724FF0000190
:2019800001F066FF48F2AE61C1F6FF7105F594704FF0050201F049FF40F20441C2F20001D8
:2019A00028464FF4927201F040FF28464FF4807107F064FA04B0BDE870812DE9004112F0A8
:2019C00091FE4BF63440C1F6FF7012F04AFF4FF0000012F05DFF4FF0000013F05CF94CF6DC
:2019E0003410C1F6FF7013F047FB4FF001014FF0900010F089FB4FF001014FF0600010F0C4
:201A000083FB4FF001014FF0650010F07DFB4FF001014FF0660010F077FB07F011FD40F25C
:201A20002858C2F2000898F80000552806D14AF66C20C1F6FF700BF0B0F905E04AF68C201F
:201A4000C1F6FF700BF0A9F94FF000000BF0C1F94FF001014FF000000BF0B3F906F0ADFA0B
:201A600001F097FEBDE8008100B500F0C1F900F0ABFC00BD4FF00000704700B508F019FB50
:201A800000BD4DF8048D4FF0000041F6D018C2F20008D8F8080000F1040001684FF0000024
:201AA00011E002464FEA8203A3EB02024FEAC20241F6DC13C2F200031A441278032A0AD0D4
:201AC00000F10100C0B241F6D018C2F2000898F806209042E5D341F6D018C2F2000898F81C
:201AE0000620904202D34FF000002FE002464FEA8203A3EB02024FEAC20241F6DC13C2F25C
:201B000000031A44926891421BD302464FEA8203A3EB02024FEAC20241F6DC13C2F2000337
:201B20001A444FEA8003A3EB00004FEAC00041F6DC13C2F200031844C06892681044814292
:201B400002D34FF0000001E04FF001005DF8048B704700B5826802F10402104603F03AFE9C
:201B6000024632B903F0A0FB4FF4FA6002F023F90AE0022A04D14FF0310002F0AFF803E022
:201B80004FF0220002F0AAF800BD2DE9F04106464FF0060504F0AAF9B06800F1040001F021
:201BA00084FE04462046FFF761FD0446B06800F1080001F07AFE07464FF0000650E03046A3
:201BC0004FEA8002A2EB00004FEAC00041F6DC12C2F2000210448068FFF748FD0246944254
:201BE0003BD3C4F1FF30B84237D330464FEA8003A3EB00004FEAC00041F6DC13C2F2000359
:201C00001844C0681044844227D207EB040330464FEA800CACEB00004FEAC00041F6DC1C3A
:201C2000C2F2000C6044C0681044834215D830464FEA8002A2EB00004FEAC00041F6DC1236
:201C4000C2F200021044C068874206D8002F04D9304603F005FE05460AE006F10100C6B28E
:201C600041F6D018C2F2000898F806008642A6D32846003805D0023802385BD902385ED027
:201C800062E030464FEAC00041F63002C2F200021044C078072831D14FF000060DE030460F
:201CA0004FEAC00041F63002C2F2000210444FF00002027006F10100C6B241F6D018C2F2C2
:201CC000000898F806008642E9D348F23858C1F6FF78D8F80000FFF7C9FC044648F238584B
:201CE000C1F6FF78D8F8040048F23858C1F6FF78D8F80020A0EB020000F10107394620468F
:201D000003F0EDFF03F0D0FA4EF6602002F053F841F29808C2F20008C8F8147041F2980880
:201D2000C2F20008C8F8104003F0EAFF80B14FF002050DE04FF0220001F0D0FF08E04FF04F
:201D4000310001F0CBFF03E04FF0720001F0C6FFBDE8F08100B501F03CFD4FF0000000BD5C
:201D6000F0B581B0054616461F464FF000040DF1010244F2A911C0F2C501304607F0D7F998
:201D800004463A4629460DF1010001F06FFD012801D04FF00104204601B0F0BD4FF0FF313D
:201DA0000160704730B44FF0000317E003EB01042478056884EA050404F0FF044FEA8404C3
:201DC00047F6A005C1F6FF752C4405684FEA1525246885EA0404046003F101039342E5D3BA
:201DE00030BC7047016881F0FF310160704700004DF8048D40F22858C2F2000898F800004A
:201E0000552814D148F2A800C1F6FF7040F26C58C2F20008C8F8000048F2D000C1F6FF70B6
:201E200040F26858C2F20008C8F8000013E048F2BC00C1F6FF7040F26C58C2F20008C8F8B3
:201E4000000048F20010C1F6FF7040F26858C2F20008C8F800005DF8048B70472DE9F041C2
:201E600083B007460E464FF0000540F26C58C2F20008D8F80040FFF71DFB3C284DD9B42814
:201E80004BD24FF0000246E010464FEA800108444FEA800020444088B84239D110464FEAEA
:201EA000800108444FEA8000204440680190E068013803D307D002380AD00DE0019840F007
:201EC0000040019008E0019840F04040019003E0019840F08040019030798DF802003068AA
:201EE000029010464FEA800108444FEA800020440088ADF80000694610464FEA8002104496
:201F00004FEA80002044007A0AF0A1FF054604E002F10100C2B2002AB6D0284603B0BDE883
:201F2000F0812DE9104140F26C58C2F20008D8F800204FF000012DE00B464FEA8304234462
:201F40004FEA830313441B88834220D1084603464FEA830003444FEA83031846104400699E
:201F6000D0B1084603464FEA830003444FEA8303184610440369084601464FEA81000144D5
:201F80004FEA8101084610444088984704E001F10101C9B20029CFD0BDE810812DE91001C5
:201FA0004FF001020369446803EA0403046904EA0104A34232D1C06805282FD80FF2040822
:201FC000D8E800F003090F181E27B1F1004F25D34FF0000222E0B1F1404F1FD34FF0000249
:201FE0001CE0B1F1004F19D3B1F1404F16D24FF0000213E0B1F1004F10D24FF000020DE0BA
:20200000B1F1004F0AD2B1F5806F07D34FF0000204E0B1F1804F01D24FF000021046BDE8DF
:20202000100170472DE9F04106460F4640F26858C2F20008D8F800404FF00102FFF73AFAC6
:202040003C2841D9B4283FD24FF000053AE0316828464FEA8002A2EB00004FEAC00020440B
:20206000FFF79CFF024628464FEA8001A1EB00004FEAC0002044007A317988421FD1F2B9ED
:2020800028464FEA8001A1EB00004FEAC00020444069C8B128464FEA8001A1EB00004FEA20
:2020A000C00020444269394628464FEA8003A3EB00004FEAC00020444088904704E005F144
:2020C0000100C5B2022DC2D3BDE8F081704770477047000010B44FF0000213E011464FEA01
:2020E0008103A3EB01014FEA810100F108030B4411464FEAC10100F120042144596002F14E
:202100000101CAB2022AE9D34FF0000101704FF0000141704FF0000181704FF00001C17015
:202120004FF00001416010BC7047F0B51C6805464FEA8506A6EB05054FEA850501F10806A5
:2021400035446D685E6807464FEA870CACEB07074FEA870701F1080C67443A804FEA8002C0
:20216000A2EB00004FEA800001F1080108445968816032462146284601F057FBF0BD30B50E
:2021800081B04FF00004C1784FEA8102A2EB01014FEA810100F1080211440D88C1784FEA35
:2021A0008102A2EB01014FEA810100F10802114401F10401407801281ED14FF000008DF877
:2021C00002004FF000008DF803000DF103030DF10202284600F000FCFF280DD09DF802003B
:2021E00000F0F000003802D0103803D004E04FF0000401E04FF00104204601B030BD10B5C5
:202200000446E0784FEA8001A1EB00004FEA800004F1080108440288E0784FEA8001A1EBAB
:2022200000004FEA800004F10801084400F104006178012917D10146104600F0E9F82078B5
:20224000012802D14FF000002070E07800F1010000F00100C0B2E070E078A178884202D1A8
:202260004FF00000607010BD10B504462078C0B913460A462146A078FFF757FF607810B94D
:202280004FF001006070A07800F1010000F00100C0B2A070A078E178884202D14FF0010063
:2022A000207010BDF0B581B005460C464FF000008DF802004FF000008DF8030020680078C1
:2022C00002280ED1206800F1010000783E2808D1206800F102000078802802D101F050FD18
:2022E0003EE00DF103030DF102022146284600F073FB064640F2A057C2F20007FF2E2FD02B
:202300009DF8020000F0F000003806D0103804D0103821D010381FD022E02246294640F2A1
:202320007050C2F20000FFF79FFF786A052817D130464FEA800108444FEA800048F23011EE
:20234000C1F6FF71084400884FF00B0101F07DFB384600F0FFFA03E02146284600F058F86F
:2023600001B0F0BD30B540F2A054C2F20004E56A6868002803D96868A0F10100686001F0FE
:2023800030FD90F82500012808D1606DD8B94FF000006860E06AFFF732FF14E0606D90B981
:2023A000606A80B9E06AFFF7EAFE60B1686850B901F01CFD38B94FF0000001F0E6F9A080DE
:2023C0004FF01000606230BD2DE9004140F27050C2F2000040F2A058C2F20008C8F82C0030
:2023E00040F2A058C2F20008D8F82C00FFF772FE40F2A050C2F2000000F1300000F0C9FAEB
:2024000040F2A050C2F2000000F0A4FABDE800812DE9704182B006460C464FF000008DF8D7
:2024200006004FF000008DF807000DF107030DF106022146304600F0CFFA05469DF8071030
:20244000FF2D00F059819DF8060000F0F000003808D010383AD0103800F0B480103800F005
:20246000D28049E19DF8062001F101006368A3EB00009042C0F04081002A00F03D81284650
:202480004FEA800318444FEA800048F23013C1F6FF73184463680069834200F22D8100913F
:2024A000D0B20346224628464FEA800108444FEA800048F23011C1F6FF710844014640F255
:2024C000A050C2F2000000F04BFB15E160680828C0F01281002E40F00F8128464FEA8002DA
:2024E00010444FEA800048F23012C1F6FF72104462680069824200F2FF809DF8060000F0E4
:202500000F004FEA002001F1010223681A441278024401F10200C1B22ABB2068084400780D
:202520004FEA006001F1010223681A4412784FEA024242EA000001F1020223681A44127888
:202540004FEA022242EA000001F1030223681A44127842EA000201F10400C1B2B2F5805F6B
:2025600001D24FF000026068082807D19DF80700C0F1080080B28242C0F0BE806068082846
:202580000AD960689DF80730A0EB0300A0F1010080B28242C0F0B08000911346224628460E
:2025A0004FEA800108444FEA800048F23011C1F6FF710844014640F2A050C2F2000000F061
:2025C0002BFB99E040F2A058C2F20008D8F82400052840F09180002E40F08E800B462246EF
:2025E00028464FEA800108444FEA800048F23011C1F6FF710844014640F2A050C2F20000A3
:2026000000F05FFB78E040F2A058C2F20008D8F85400062870D1606803286DD3002E6BD102
:202620009DF8060000F00F00C0B2A8B90B46224628464FEA8001A1EB00004FEAC00048F28D
:202640005811C1F6FF710844014640F2A050C2F2000000F0DEFB4FE09DF8060000F00F00EF
:20266000C0B2012828D14FF0060040F2A058C2F20008C8F8540040F2A058C2F20008D8F8D1
:202680005C00FF2838D84FF47A7001F07EF840F2A058C2F20008A8F8340040F2A058C2F27B
:2026A0000008D8F85C0000F1010040F2A058C2F20008C8F85C001FE09DF8060000F00F0059
:2026C000C0B2022818D128464FEA8001A1EB00004FEAC00048F25811C1F6FF71084400882A
:2026E0004FF0010101F0FAF940F2A050C2F2000000F1300000F04DF902B0BDE870812DE92A
:2027000030414FF0FF0140F2A054C2F200044FF0000222E013464FEA8305A5EB03034FEAFF
:20272000C30348F25815C1F6FF752B445B88834210D1636D082B0BD0636D0C2B08D0636D7C
:202740000E2B05D0636D0D2B02D0636D0F2B01D1114604E002F10102D2B2002ADAD0FF2904
:202760003CD0606D0F2800F287800FF20808D8E800F0C046838383838383838309838383DF
:202780001F09281F08464FEA8001A1EB00004FEAC00048F25811C1F6FF71084400884FF060
:2027A000000101F09BF904F1300000F0F2F863E04FF0060060654FF47A7000F0E6FFA0861F
:2027C0005AE094F8310084F858004FF0960000F0DCFFA0864FF0090060654DE000F02FFE11
:2027E0000146FF2948D0606A022808D14FF0050060624FF47A7000F0C8FFA0803CE0606A95
:20280000042816D108464FEA800108444FEA800048F23011C1F6FF71084400884FF00101E1
:2028200001F013F940F2A050C2F2000000F092F822E0606A112809D101F0F1FAE06A4FF403
:2028400048714160204600F085F815E008464FEA800108444FEA800048F23011C1F6FF71A7
:20286000084400884FF0010101F0EFF840F2A050C2F2000000F06EF8BDE830812DE9304162
:202880004FF0FF044FF0000313E01A464FEA8205A5EB02024FEAC20248F25815C1F6FF753E
:2028A0002A441288904201D11C4604E003F10102D3B2002BE9D0FF2C23D040F2A058C2F2CA
:2028C0000008D8F85420E2B940F2A052C2F2000202F130044968216120844FF00700606231
:2028E0004FF0000000F051FFA0804FF0010084F828004FF0000040F2A058C2F20008C8F870
:2029000024004FF00000BDE8308110B540F2A054C2F20004606D68B9606A0B280AD1608CA9
:202920004FF0000101F091F840F2A050C2F2000000F010F8204600F041FE012802D0204619
:2029400000F0D3FD012802D0204600F0BBFEFFF709FD10BD4FF0000101704FF000018180F2
:202960004FF0000181604FF0000181814FF0000101614FF0000181824FF0000181774FF098
:20298000000101844FF0000141844FF00001416270474FF0000101704FF0000181804FF0E1
:2029A000000181604FF0000181814FF0000101614FF0000181824FF0000181774FF0000196
:2029C00001844FF0000141624FF0000180F828104FF00001C1627047F0B44FF0FF064FF05E
:2029E00001054FF0000454E027464FEA870C67444FEA870748F2301CC1F6FF7C67447F8845
:202A0000874243D127464FEA870C67444FEA870748F2301CC1F6FF7C67447F68012F0BD1D8
:202A20004FF000051D701D780E6835442D78157026464FF0000529E027464FEA870C67447A
:202A40004FEA870748F2301CC1F6FF7C67447F68E7B927464FEA870C67444FEA870748F2E0
:202A6000301CC1F6FF7C6744D1F800C03F7A9CF800C067450AD14FF001051D701D780E6833
:202A800035442D78157026464FF0000504F10104E4B2022C01D2012DA6D0FF2E5DD14FF014
:202AA00001054FF0000455E027464FEA870CACEB07074FEAC70748F2581CC1F6FF7C674428
:202AC000BF88B84243D127464FEA870C67444FEA870748F2301CC1F6FF7C67447F68012F7C
:202AE0000BD14FF000051D701D780E6835442D78157026464FF0000529E027464FEA870C89
:202B000067444FEA870748F2301CC1F6FF7C67447F68E7B927464FEA870C67444FEA8707AE
:202B200048F2301CC1F6FF7C6744D1F800C03F7A9CF800C067450AD14FF001051D701D78AE
:202B40000E6835442D78157026464FF0000504F10104E4B20CB9012DA6D03046F0BC7047DA
:202B60002DE9F04405460C4692461E469DF8187007F10100C0B20746022E13D1DAF8000077
:202B8000384400783E280DD107F10100DAF8001008440078802805D16088012802D101F00B
:202BA000EFF837E0686A013802D328D0043831D1686A05280AD120884FF00B0100F045FF00
:202BC00040F2A050C2F20000FFF7C4FE4FF000000CE005F11601014400EB0702DAF80030F4
:202BE0001A4412780A7000F10100C0B2B042F0D3AE772E612946204600F04FF90AE0208807
:202C00004FF0010100F021FF40F2A050C2F20000FFF7A0FEBDE8F0842DE9F04405460C46F9
:202C200016461F469DF818A0686A013802D33BD0043844D1686A05280AD120884FF00B017D
:202C400000F003FF40F2A050C2F20000FFF782FE3079A0EB0A00C0B2A8774FF000000BE03D
:202C600005F11601014400EB0A0233681A4412780A7000F10100C0B2A97F8842F0D32F6165
:202C80004FF0010028707068A8624FF0000000F07CFDA8802946204600F026F9024629460F
:202CA000204600F0F3FA0AE020884FF0010100F0CCFE40F2A050C2F20000FFF74BFEBDE88A
:202CC000F0842DE9F04C4FF0000704462569A68AA5EB060516681E44367806F00F06F6B204
:202CE000B4464FF00106D2F804A0D4F828B0DA4509D205F1010A1FFA8AFAD2F804B0D34554
:202D000001D24FF00006012E40F081802678B4450BD008884FF0050100F097FE40F2A0504D
:202D2000C2F20000FFF716FE71E0267806F10106F6B22670267806F00F06F6B22670A66AB3
:202D4000A6F10106A6EB0306B6B2B54204D8EDB22E464FF0010706E0A56AA5F10105A5EB85
:202D60000305EDB22E464FF000051CE0D4F808C0B4F80CA0DCF800C0D44403EB050A0AF168
:202D8000010AD2F800B0DA449AF800A08CF800A0B4F80CC00CF1010C1FFA8CFCA4F80CC0AF
:202DA00005F10105EDB2B542E0D3A38A33449BB2A382238C03F101039BB22384012F12D10A
:202DC0004FF00B0262620A886284406DF8B908884FF0000100F039FE40F2A050C2F2000040
:202DE000FFF7B8FD13E0A06A526890420AD008884FF0010100F029FE40F2A050C2F2000007
:202E0000FFF7A8FD4FF47A7000F0BFFCA080BDE8F08C30B503F10204E4B2254603F1010326
:202E2000DBB200F130041068184400786080608810B94FF6FF7060801068284400787F286C
:202E400004D9106828440078F12804D3106828440078F92803D94FF07F00607011E01068F9
:202E6000284400787F2803D94FF00100607008E010682844007800F088FC00F10100C0B2BF
:202E80006070607884F828004FF0960000F07DFCA0804FF00900606230BD30B505460C460F
:202EA0002146284600F036F890B94FF00B00606228886084606DB0B928884FF0000100F020
:202EC000C4FD40F2A050C2F20000FFF743FD0AE0608C4FF0010100F0B8FD40F2A050C2F293
:202EE0000000FFF737FD30BD30B50C46214600F011F805461DB94FF00100606208E0012DEB
:202F000003D12046FFF726FD02E04FF003006062284630BD10B50C464FF00102A16831B9D1
:202F200004F108022169008800F059FD0246A06810B3A0684068A18988421DD94FF000024C
:202F40004FF0000115E0A068A3890068184404F116030B441B780370A38A03F1010398B272
:202F6000A082A38903F1010398B2A08101F10100C1B2A07F8142E6D3104610BD4FF000023B
:202F80008368012B02D14FF0010203E083680BB94FF002024369082B0CD94069A0EB020036
:202FA00080B20969814202D34FF002020DE04FF001020AE0C2F1090080B20969814202D381
:202FC0004FF0020201E04FF001021046704710B584B04FF00003019302AB00938368012B58
:202FE0000AD0836843B9019B009C2344047C1C70019B03F101030193013A0FD303D0023A11
:2030000005D308D00AE06A4600F00AF806E06A4600F059F802E06A4600F0E6F804B010BDBC
:20302000F0B506460F4614464FF0000007F13005B168012902D14FF0000003E0B16809B971
:203040004FF0010029690844072809D8606821680844297C0170606800F10100606012E023
:203060006068216808444FF000010170606800F101006060606821680844297C017060680D
:2030800000F101006060287C034622462946304600F091F901280CD121467088FEF7DEFE94
:2030A0004FF47A7000F071FBA8804FF00800686208E030884FF00A0100F010FD07F130003F
:2030C000FFF767FCF0BDF0B506460F46144607F130052869B0F5805F1DD26068216808447C
:2030E000296901F470614FEA1121C9B241F01001C9B20170606800F1010060606068216899
:203100000844296901F0FF01C9B20170606800F10100606041E06068216808444FF010016C
:203120000170606800F1010060606068216808444FF000010170606800F101006060606814
:20314000216808444FF000010170606800F1010060606068216808444FF000010170606859
:2031600000F101006060606821680844296901F470614FEA1121C9B20170606800F1010097
:203180006060606821680844296901F0FF01C9B20170606800F10100606070696168A0EBBC
:2031A0000100C0B2034622462946304600F003F901280FD121467088FEF750FE4FF001002F
:2031C00028704FF47A7000F0E0FAA8804FF00C00686208E030884FF00A0100F07FFC07F1D6
:2031E0003000FFF7D6FBF0BDF0B5044616464FF0000701F130052869A98AA0EB0100726849
:2032000031680A44297801F12001C9B21170726802F10102726061697268A1EB0201C9B2C7
:203220000A46904203D8C0B202464FF00107134632462946204600F0BEF8012F03D14FF001
:203240000D00686211E06888002804D96888A0F1010080B268806888002803D94FF00E00D4
:20326000686202E04FF00F006862287800F1010000F00F00C0B228704FF47A7000F085FA53
:20328000A88031466088FEF7E9FDF0BD70B584B0064614464FF000000D46694602914FF00D
:2032A000000103914FF0000315E01A464FEA8201A1EB02024FEAC202114648F25812C1F6E7
:2032C000FF721144728949888A4201D1184604E003F10101CBB2002BE7D07168012915D03F
:2032E000716899B9039A02990A444FEA8001A1EB00004FEAC00048F25811C1F6FF710844C8
:20330000007C1070039800F101000390F4B90398029908444FF030010170039800F10100F4
:2033200003900398029908444FF000010170039800F1010003900398029908444FF00001E5
:203340000170039800F10100039016E0022C0AD10398029908444FF031010170039800F1ED
:203360000100039009E00398029908444FF032010170039800F10100039002A800F050F869
:2033800002A97089FEF76AFD4FF47A7000F0FDF9A8801CB94FF0020068620AE0032C03D125
:2033A0004FF00400686204E0022C02D14FF01100686204B070BDF0B50C4615461F464FF02A
:2033C0000006A16821B904F10801008800F059FBA06800B34FF0000119E06A68286802449E
:2033E000A068A3890068184400781070A28A02F1010290B2A0826A6802F101026A60A2899A
:2034000002F1010290B2A08101F10100C1B2B942E3D34FF00106284600F002F83046F0BD7B
:2034200009E04168026811444FF000020A70416801F10101416041680829F2D3704770B4C8
:203440004FF0FF034FF0FF024FF0000113E00C464FEA8405A5EB04044FEAC40448F2581564
:20346000C1F6FF752C446488A04201D10A4604E001F10101C9B20029E9D0FF2A32D04FF022
:2034800000012DE00C464FEA84052C444FEA840448F23015C1F6FF752C446489A0421CD103
:2034A0000C464FEA84052C444FEA840448F23015C1F6FF75254414464FEA8406A6EB0404FE
:2034C0004FEAC40448F25816C1F6FF7634446D88A488A54201D10B4604E001F10101C9B221
:2034E0000229CFD3184670BC704770B504464FF0000694F85800002825D994F85800A0F18B
:203500000100C0B284F8580094F85800D8B94FF0000516E028464FEA8001A1EB00004FEAC8
:20352000C00048F25811C1F6FF710844B4F850100088814202D14FF0010604E005F101006A
:20354000C5B2002DE6D0012E36D1606D073813D0023831D1214628464FEA8002A2EB000093
:203560004FEAC00048F25812C1F6FF7210444FF00302FFF72CFD1FE004F1300128464FEA03
:203580008002A2EB00004FEAC00048F25812C1F6FF721044FFF7F2FC0246214628464FEAC9
:2035A0008003A3EB00004FEAC00048F25813C1F6FF731844FFF70BFD304670BD10B54FF032
:2035C0000004818800291ED98188A1F1010189B281808188B9B94FF0000212E011464FEAA7
:2035E000810319444FEA810148F23013C1F6FF731944498811B94FF0010404E002F1010174
:20360000CAB2022AEAD3012C5AD1416A043905D202312CD83CD0013107D051E0013937D967
:203620000B3913D0013933D04AE0014610464FEA800210444FEA800048F23012C1F6FF72F3
:2036400010444FF00002FFF721FE39E0014610464FEA800210444FEA800048F23012C1F60F
:20366000FF7210444FF00202FFF710FE28E0014610464FEA800210444FEA800048F2301255
:20368000C1F6FF7210444FF00302FFF7FFFD17E010464FEA800108444FEA800048F23011F1
:2036A000C1F6FF71084400884FF0010100F0CDF940F2A050C2F20000FFF74CF900F0AFFB6D
:2036C000204610BD30B504464FF00005A08E002822D9A08EA0F1010080B2A086A08ED8B91C
:2036E0004FF0000116E008464FEA8002A2EB00004FEAC00048F25812C1F6FF721044B4F839
:2037000050200088824202D14FF0010504E001F10100C1B20029E6D0012D34D1606D06386E
:2037200004D0023818D0043803382CD808464FEA8001A1EB00004FEAC00048F25811C1F631
:20374000FF71084400884FF0010100F0C7F904F13000FFF71EF916E008464FEA8001A1EB78
:2037600000004FEAC00048F25811C1F6FF71084400884FF0010100F0B1F904F13000FFF7BC
:2037800008F900F0FFF9284630BD00F1010080B2704700B54FF000000EF004FC00BD0164F6
:2037A0004A6A82608A6AC260CA6A02610A6B42614A6B82618A6BC261CA6B026201F1400231
:2037C00042624A6C826201F14802C262C96C016370472DE9704105460E4640F27431C2F20A
:2037E000000140F24060C2F20000FFF7D8FF4FF0070040F24068C2F20008C8F8340040F273
:203800004061C2F200014FF000000EF002FC0446324640F24068C2F20008D8F82010284651
:2038200000F003F82046BDE8708130B403460C46154609E053B14CB12078187003F10103C5
:2038400004F10104A5F10105002DF3D830BC704710B40346144605E033B1197003F1010386
:20386000A4F10104002CF7D810BC704770B44FF0010503460C46164692B94FF0000511E050
:203880004BB144B118782178884204D103F1010304F1010402E04FF0000503E0A6F10106D6
:2038A000002EEDD8284670BC704701784FEA016100F1010212784FEA0242114400F102026B
:2038C00012784FEA0222114400F1030000780144084670474FEA1062D2B20A7001F1010258
:2038E0004FEA1043DBB2137001F102024FEA1023DBB2137001F10301C0B2087070472DE90D
:2039000000414FF0020000F04BF94FF0010000F07AF900F0D1FC40F68400C2F2000040F2F1
:20392000C068C2F20008C8F8080040F2F460C2F2000040F2C068C2F20008C8F8180000F0C3
:20394000ECF800F01FF900F0EEFCBDE800812DE9004100F025F94FF0000040F2C068C2F2C9
:203960000008A8F8040040F2C068C2F20008D8F808004FF03101017040F2C068C2F20008B5
:20398000D8F8081001F101014FF00100087040F2C068C2F20008D8F8081001F102014FF061
:2039A0000300087040F2C068C2F20008D8F8081001F103014FF0010008704FF0080040F267
:2039C000C068C2F20008C8F80C0000F047FABDE8008100B500F09BFC00F0FDFA00BD2DE9EA
:2039E00010014FF0000340F2C068C2F20008D8F8004024BB08B1012821D1B1F5006F1BD893
:203A00004FF0010440F2C068C2F20008C8F8004040F2C068C2F20008A8F8040040F2C06838
:203A2000C2F20008C8F80C1040F2C060C2F2000000F10800106004E04FF0030301E04FF036
:203A400001031846BDE8100170472DE9004140F2C068C2F20008D8F80020012A0FD151B925
:203A600040F2C068C2F20008B8F80410884202D100F0F4F903E000F085F800F04EF8BDE8C7
:203A800000812DE900414FF0000240F2C068C2F20008D8F81030022B17D140F2C068C2F2C4
:203AA0000008B8F8143098420FD140F2C060C2F2000000F1180008604FF0010040F2C0683F
:203AC000C2F20008C8F8100005E000F05BF800F024F84FF001021046BDE800812DE9004111
:203AE000B9B940F2C068C2F20008B8F8141088420FD140F2C068C2F2000898F8250040B9FC
:203B00004FF0000040F2C068C2F20008C8F8100001E000F002F8BDE800812DE900414FF0F9
:203B2000000040F2C068C2F20008C8F820004FF0000040F2C068C2F20008C8F810004FF02B
:203B4000000040F2C068C2F2000888F824004FF0010040F2C068C2F2000888F8250000F0C0
:203B6000EFFA00F0B6FA41F28408C2F2000898F80000012802D100F078FA01E000F000F989
:203B8000BDE800812DE900414FF0000040F2C068C2F20008C8F8000000F04EF9BDE8008136
:203BA0004DF8048D41F28408C2F2000888F800005DF8048B70474DF8048D41F28408C2F250
:203BC000000898F800005DF8048B70472DE930014FF000034FF000020FE002EB000441F2D5
:203BE0008408C2F2000898F800502478A54201D14FF0010302F10102D2B28A42EDD31846A1
:203C0000BDE8300170474DF8048D41F28408C2F2000888F804005DF8048B70474DF8048DD1
:203C200041F28408C2F2000898F804005DF8048B70474FF0010201464FEA8101084641F215
:203C40008C01C2F2000108440068002801D94FF00002104670472DE930014FF000034FF056
:203C600000020FE002EB000441F28408C2F2000898F804502478A54201D14FF0010302F178
:203C80000102D2B28A42EDD31846BDE83001704702464FEA8202104641F28C02C2F2000254
:203CA0001044016070474DF8048D41F28408C2F20008A8F802005DF8048B70472DE90041B3
:203CC0004FF0010040F2C068C2F2000888F8250000F091FAFFF756FFBDE800812DE90041A6
:203CE00040F2C068C2F20008D8F81810782807D04FF0010240F2C068C2F2000888F8252022
:203D00004FF07F020A7001F1010240F2C068C2F20008D8F808301B78137001F102010870D3
:203D20004FF0030040F2C068C2F20008C8F81C0000F061FA40F2C068C2F2000898F8250039
:203D4000012801D1FFF71EFFBDE8008110B50446A4B959B101290DD1112A0BD0122A09D086
:203D6000312A07D07E2A05D07F2A03D01046FFF7B5FF03E0FFF706FFFFF7CFFE204610BD44
:203D80004DF8048D41F28408C2F2000898F80000012807D041F2883040F2C068C2F2000841
:203DA000A8F826005DF8048B704700B54FF0010000F00CF800BD4DF8048D40F2C068C2F218
:203DC0000008C8F830005DF8048B70474DF8048D40F2C068C2F20008A8F828005DF8048BB8
:203DE000704740F2C060C2F2000070474DF8048D4FF0000040F2C068C2F20008D8F8101034
:203E000041B94FF0010140F2C068C2F20008C8F8101001E04FF001005DF8048B70474DF870
:203E2000048D4FF0000040F2C068C2F20008C8F810005DF8048B70474FF000000AE040F6D2
:203E40008401C2F2000101444FF0FF020A7000F1010080B2B0F5006FF1D370472DE900411F
:203E60004FF0020040F2C068C2F20008C8F800004FF01900FFF7AAFF00F038F900F0F5F836
:203E80004FF0010040F2C068C2F2000888F824004FF0000040F2C068C2F2000888F825002E
:203EA000BDE800812DE930414FF0000448F2D410C1F6FF704FF000012EE040F2C068C2F272
:203EC0000008D8F808200378127893421FD140F2C068C2F20008B8F8041021B9417801F0BA
:203EE0000101C9B261B940F2C068C2F20008B8F80410012912D1417801F00201C9B269B102
:203F000040F2C068C2F20008C8F8200006E000F1180001F10101C9B20A29CED340F2C0681F
:203F2000C2F20008D8F82000002844D040F2C068C2F20008D8F820000069E0B340F2C0683D
:203F4000C2F20008D8F82000817840F2C068C2F20008D8F820004068FFF738FE054640F265
:203F6000C068C2F20008D8F82000017A40F2C068C2F20008D8F82000C068FFF76CFE15B996
:203F80004FF07F0419E010B94FF0330415E040F2C068C2F20008D8F82000026940F2C0606F
:203FA000C2F2000000F11000014640F2C060C2F20000904701E04FF0110454B1224640F254
:203FC000C068C2F20008B8F804104FF00000FFF7BDFEBDE830812DE9004181B040F2C06811
:203FE000C2F20008D8F81000E0BB40F2C068C2F2000898F8240001280AD14FF0000040F24B
:20400000C068C2F2000888F82400FFF74BFF29E040F2C068C2F2000898F8250010BB0DF13B
:20402000030001F0F3FD01281CD140F2C068C2F20008D8F820004069A0B140F2C068C2F278
:204040000008D8F82000436940F2C060C2F2000000F11000024640F2C061C2F200019DF8D0
:204060000300984701B0BDE800814DF8048D4FF0000040F2C068C2F20008A8F826005DF841
:20408000048B70472DE9004140F2C068C2F20008B8F8260000281AD940F2C061C2F2000174
:2040A000C88CA0F1010080B2C88440F2C068C2F20008B8F82600012809D14FF0000040F23C
:2040C000C068C2F20008A8F82600FDF7A7FABDE800814DF8048D6FF0FE0040F2C068C2F23A
:2040E0000008C8F82C005DF8048B70474DF8048D4FF0000040F2C068C2F20008C8F82C001A
:2041000041F2883040F2C068C2F20008C8F830005DF8048B70474DF8048D40F2C068C2F22F
:204120000008D8F82C00002807DB40F2C061C2F20001C86A00F10100C8625DF8048B704780
:204140004DF8048D4FF0000040F2C068C2F20008A8F828005DF8048B70472DE900414FF03B
:20416000000140F2C068C2F20008B8F8280000283FD940F2C062C2F20002108DA0F10100D7
:2041800080B2108540F2C068C2F20008B8F8280040B940F2C068C2F20008D8F8100008B9BA
:2041A0004FF0010140F2C068C2F20008D8F82C00002818DB40F2C068C2F20008D8F82C007F
:2041C00040F2C068C2F20008D8F8302090420AD201290ED14FF07800FFF780FD41F28830DD
:2041E000FFF7F4FD05E04FF01000FFF777FDFFF770FFBDE800812DE900414FF0020040F2E5
:20420000C068C2F20008C8F810004FF0000040F2C068C2F20008A8F8140040F2C060C2F2DB
:20422000000000F11800014640F2C068C2F20008B8F81400FEF722FBBDE8008130B501F046
:204240005AFE05464FF0000433E020464FEA800041F28C01C2F2000108440068002825D9F7
:2042600020464FEA800041F28C01C2F2000101440868A0F10100086020464FEA800041F2A9
:204280008C01C2F200010844006878B920464FEA800028440068022808D320464FEA8000E0
:2042A00028444FF00001016001F07CFD04F10100C4B2002CC9D030BD4DF8048D4FF0000054
:2042C00041F28408C2F20008A8F802005DF8048B70472DE9004141F28408C2F20008B8F8A4
:2042E0000200002811D941F28401C2F200014888A0F1010080B2488041F28408C2F2000866
:20430000B8F8020008B9FDF789F9BDE8008100B5FFF794FFFFF7B6FEFFF71FFFFFF7FBFEA3
:20432000FFF7D7FF00BD4DF8048D4FF0010041F29808C2F2000888F805004FF0000041F258
:204340009808C2F2000888F804004FF0000041F29808C2F20008C8F800004FF0000041F27D
:204360009808C2F2000888F806004FF0000041F29808C2F20008C8F80C004FF0000041F24F
:204380009008C2F2000888F800004FF0000041F29808C2F20008C8F810004FF0000041F239
:2043A0009808C2F20008C8F814004FF0000041F29808C2F20008C8F808004FF0000041F2C5
:2043C0009808C2F2000888F818005DF8048B70472DE9F04D04460D464FF0010A4FF0000BCA
:2043E0004FF000064FF00007A06800F10100007800F08000002801DD4FF0000AA06800F108
:204400000100007800F07F00C0B201464FF0000019E002464FEA021248F2C423C1F6FF73E4
:204420001A44127891420BD14FEA001048F2C422C1F6FF7200EB02070E464FF0010B04E0DD
:2044400000F10100C0B20228E3D3E1684FF0020000F04FFF012805D1A18858464FF0120237
:20446000FFF774FC012808D179787868FFF7AEFBA1884FF07E02FFF769FC012804D1E168DA
:204480004FF0020000F028FF012803D1397AF86800F03CFF01287FD14FF0000041F2900806
:2044A000C2F2000888F800004FF00000FFF7ABFBFFF781FB07463046FFF772FB01F025FD3A
:2044C000BAF1010F5CD1A8684FF050010170A86800F10100A16801F1010109780170022EC2
:2044E0002ED1A86800F102004FF000010170A86800F103004FF01901017001F045F94FF0CD
:20450000000041F29808C2F20008C8F808004FF0000041F29808C2F2000888F804004FF0B3
:20452000000041F29808C2F20008C8F80C004FF0000041F29808C2F2000888F806000DE0DF
:20454000012E0BD1A86800F102004FF000010170A86800F103004FF032010170A86800F1B4
:2045600004004FF001010170A86800F105004FF0F40101704FF00600E860FFF79FFB03E0DA
:20458000FFF700FBFFF7C9FA022F05D1012E03D14FF00A00FFF787FBBDE8F08D2DE9F04C32
:2045A00004460F464FF000064FF001004FF0010B4FF00005A16801F10101097801F0800158
:2045C000002901DD4FF0000BA16801F10101097801F07F01C9B28A464FF0000118E00A46C8
:2045E0004FEA021248F2E423C1F6FF731A44127892450AD14FEA011148F2E422C1F6FF72B7
:2046000001EB02054FF0010604E001F10101C9B20029E4D0012E08D169786868FFF7D6FAB2
:20462000A1884FF07E02FFF791FB012804D1E1684FF0020000F05DFE012805D1A18830469F
:204640004FF01202FFF782FB012801D100F07EFE012804D1E1684FF0020000F03DFE012851
:2046600003D1297AE86800F051FE012819D1BBF1010F0ED1B8684FF051010170B86800F153
:20468000010080F800A04FF00200F860FFF716FB03E0FFF777FAFFF740FA4FF00A00FFF7A8
:2046A00002FBBDE8F08C2DE9F04F94B005468B464FF000044FF000098DF801904FF000093E
:2046C000CDF804904FF00006E9684FF0030000F010FE8246BAF1010F0BD1E86800F001000B
:2046E00038B9A9884FF013024FF00000FFF72EFB8246E868A0F101004FEA5008CDF8048062
:20470000E868A0F101004FEA500012280BD3E868A0F1010000F0010028B94FF01300FFF71A
:20472000DDFA4FF0000ABAF1010F59D14FF0000A4FF0000050E001464FEA410101F1010106
:20474000AA68114409784FEA012189B202464FEA420202F10202AB681A441278114489B294
:204760004FF0000728E03A464FEA8203A3EB02024FEA820248F2F423C1F6FF731A441288EC
:20478000914217D131464FEA810102AA11443A464FEA8203A3EB02024FEA820248F2F4234D
:2047A000C1F6FF731A440A6006F101018EB24FF0010A03E007F10107122FD4D3BAF1010FFF
:2047C00008D0A9884FF031024FF00000FFF7BEFA824605E000F10100DDF804804045AAD377
:2047E000BAF1010F1AD14FF0000715E0BAF1010F14D138464FEA800002A9084400688178A9
:2048000038464FEA800002AA10440068406800F07DFD824607F10107B742E7D3BAF1010FB1
:2048200002D100F093FD8246BAF1010F6BD14FF0000753E038464FEA800002A90844006857
:204840008068A0B304F10100DBF80810084439464FEA810102AA1144096809884FEA212138
:20486000C9B2017004F10200DBF80810084439464FEA810102AA11440968098801F0FF01F0
:20488000C9B2017038464FEA800002A90844006882680DF1020104F10300DBF8083018444C
:2048A00090478DF80100BDF80200204484B29DF80180B8F1000F02D04FF0000A10E004F17C
:2048C000020084B2B4F5C87F06D34FF01400FFF705FA4FF0000A03E007F10107B742A9D3EE
:2048E000BAF1010F0FD19DF80180B8F1000F0AD1DBF808004FF06201017004F10100CBF8CD
:204900000C00FFF7DBF914B0BDE8F08FF0B505464FF000064FF00004A86800F101000078E7
:204920004FEA002080B2AA6802F102021278104480B24FF0000219E013464FEA031348F2B7
:20494000E837C1F6FF773B441B8898420BD110464FEA001048F2E832C1F6FF7200EB020427
:204960004FF0010604E002F10102D2B20B2AE3D3E9684FF0040000F0BCFC012805D1A9883C
:2049800030464FF03102FFF7E1F9012805D1E968608800F1030000F09FFC012803D1217911
:2049A000A06800F0B3FC012801D100F0CFFC012816D1E06830B1E2686188A86800F103002A
:2049C000904701E04FF001000B2804D14FF02200FFF784F904E018B14FF07200FFF77EF938
:2049E000F0BD2DE9F04C04468B464FF0000A4FF00006A06800F1010007784FF000002FE048
:204A000001464FEAC102A2EB01014FEA810148F2CC32C1F6FF72114409788F420ED00146DD
:204A20004FEAC102A2EB01014FEA810148F2CC32C1F6FF72114489788F420ED14FEAC001D0
:204A4000A1EB00004FEA800048F2CC31C1F6FF7100EB01064FF0010A04E000F10100C0B22F
:204A60000028CDD0E1684FF0020000F042FC0546012D06D1A18850464FF01202FFF766F902
:204A80000546012D32D1307900F06BFC82463078874219D14FF00200E16800F01DFC054699
:204AA000012D09D15046FFF7C4F828B94FF03700FFF714F94FF00005012D17D15A462146EB
:204AC000304600F06DFC11E0B07887420ED1F07800F1020080B2E16800F0FEFB0546012D0E
:204AE00004D15A462146304600F0ADFCBDE8F08CF0B504460E464FF000074FF00005A068D5
:204B000000F1020000784FEA002080B2A16801F103010978084480B24FF000021FE011460A
:204B20004FEAC10319444FEA810148F29843C1F6FF731944098888420ED110464FEAC0013B
:204B400008444FEA800048F29841C1F6FF7100EB01054FF0010704E002F10101CAB2042A5B
:204B6000DDD3E1684FF0040000F0C3FB012805D1A18838464FF03102FFF7E8F8012808D15B
:204B80002979A868FFF722F8A1884FF03102FFF7DDF8012803D1297B286900F0B7FB0128F0
:204BA00010D1A06800F1010000780246297DA86900F0B7FB30B9A1884FF012024FF000005D
:204BC000FFF7C4F8012805D1E168688800F1040000F082FB01281FD1B0684FF07101017036
:204BE000B06800F10100A16801F1010109780170B06800F10200A16801F1020109780170C1
:204C0000B06800F10300A16801F1030109780170EA69314620469047F0BD2DE9F04D81B05F
:204C20000446009148F22857C1F6FF77E1684FF0050000F05EFB05464FF0000041F2980880
:204C4000C2F2000888F824004FF00000012D34D1A26802F1010292F800A0A26802F1020257
:204C600092F800B04FF000061CE032464FEAC2023A441278924512D132464FEAC2023A448F
:204C8000527893450BD14FF0010032464FEAC20248F22853C1F6FF7302EB030704E006F131
:204CA0000102D6B2022EE0D338B9A1884FF031024FF00000FFF74AF80546012D05D1E168EB
:204CC0004FF00B0000F008FB0546012D55D1A06800F10300FEF7E9FD07463846FCF7C6FCA1
:204CE0000746A06800F10700FEF7DFFD0146384600F0A4FE0746052F06D14FF03100FEF782
:204D0000EDFF4FF0000538E030464FEAC00048F22852C1F6FF721044817830464FEAC00044
:204D200048F22852C1F6FF721044406800F0EEFA012802D04FF000051FE0022F0ED041F243
:204D40009808C2F20008D8F8080038B941F29808C2F2000898F80600012806D14FF02200A8
:204D6000FEF7BCFF4FF0000507E0082F05D14FF07000FEF7B3FF4FF00005012D14D1BAF1F3
:204D8000000F07D1BBF1440F04D10099204600F0DDFB09E0BAF1100F06D1BBF1440F03D134
:204DA0000099204600F03AFC01B0BDE8F08D2DE9F04D06468B464FF0000041F29808C2F2C5
:204DC000000898F80440F1684FF0030000F091FA8246BAF1010F3CD1B06800F101000778C8
:204DE000F068A0F1020501F09DF841F29808C2F2000898F80610012908D1012F06D04FF0C0
:204E00007300FEF76BFF4FF0000A22E0BC4220D1F8B103281DD041F29808C2F20008D8F866
:204E20000C00A84215D1DBF808004FF076010170DBF8080000F10100B16801F10101097839
:204E400001704FF00200CBF80C00FEF737FF4FF0000ABAF1010F19D1294641F29808C2F2C2
:204E60000008D8F8000000F087FE022806D14FF02400FEF733FF4FF0000A07E0052805D127
:204E80004FF07100FEF72AFF4FF0000ABAF1010F0ED16FB941F29808C2F2000898F8060014
:204EA000012805D14FF07300FEF718FF4FF0000ABAF1010F0FD1FF2C02D14FF0000402E02E
:204EC00004F10100C4B2BC4205D04FF07300FEF705FF4FF0000ABAF1010F46D1F068A0F1E4
:204EE000020500F0E1F941F29808C2F20008D8F80800012822D12946B06800F1020000F0F4
:204F00000EFE41F29808C2F2000898F8241031B941F29802C2F2000211682944116068B94D
:204F20004FF0000041F29808C2F2000888F8060041F29808C2F2000888F80440BAF1010F0F
:204F400013D141F29808C2F20008C8F80C504FF0000041F29808C2F2000888F8060041F23B
:204F60009808C2F2000888F80440BDE8F08D2DE9304105460C464FF0010100F0D3FF02289E
:204F800006D1E9684FF0010000F0A6F9014605E04FF02400FEF7A2FE4FF00001012929D192
:204FA00000F010FE014609BB4FF0000041F29808C2F20008C8F808004FF0000041F2980840
:204FC000C2F2000888F80400A0684FF0770101704FF00100E0604FF0000041F29808C2F21B
:204FE0000008C8F80C00FEF769FE03E04FF02400FEF774FEBDE83081F0B504460D464FF0FD
:2050000000064FF00107A06800F10100007800F08000002801DD4FF00007A06800F101001B
:20502000007800F07F00C0B201464FF000000DE048F2D212C1F6FF7202441278914202D1E8
:205040004FF0010604E000F10100C0B20028EFD0E1684FF0020000F04CF9012805D1A188F4
:2050600030464FF01202FEF771FE012804D1E1684FF0020000F030F9012817D1012F11D13F
:20508000A8684FF07E010170A86800F10100A16801F10101097801704FF00200E860FEF762
:2050A0000DFE03E0FEF76EFDFEF737FDF0BD10B5C8B990684FF06E030370936803F1010378
:2050C0008C6804F1010420781870936803F102038C6804F10204207818704FF00300D0604D
:2050E000FEF7ECFD03E04FF07200FEF7F7FD10BD2DE9F04104460E4615464FF00000B168F0
:2051000001F1020109784FEA0122B16801F103010978114489B20F464FF000021EE01146B2
:205120004FEAC10319444FEA810148F29843C1F6FF73194409888F420DD110464FEAC0012F
:2051400008444FEA800048F29841C1F6FF7101444FF0010004E002F10101CAB2042ADED357
:2051600001284FD1086A20B10B6A2A463146204698474CBB384640F21228B0EB080005D099
:205180004FF6EE48B0EB080017D041E04FF0010041F29808C2F2000888F81800A86800F181
:2051A00004004FF010010170A86800F105004FF00001017002F095FA2AE0A86800F10400E3
:2051C0004FF01001017023E0384640F21228B0EB080005D04FF6EE48B0EB08000BD017E0B9
:2051E000A86800F104004FF010010170A86800F1050004700CE0A86800F104004FF011012D
:20520000017005E0A86800F104004FF001010170A8684FF071010170A86800F10100B16834
:2052200001F1010109780170A86800F10200B16801F1020109780170A86800F10300B16868
:2052400001F1030109780170384640F21228B0EB080005D04FF6EE48B0EB080004D006E02C
:205260004FF00600E86002E04FF00500E860FEF725FDBDE8F08110B588B990684FF0760350
:205280000370936803F101038C6804F10104207818704FF00200D060FEF710FD03E04FF005
:2052A0007200FEF71BFD10BD00B54FF07800FEF715FD41F28830FEF789FD07E002F08FFE63
:2052C000012801D102F0C1FE02F0B5FEFEF789FD00690028F2D100BD10B54FF00104814225
:2052E00005D04FF000044FF01300FEF7F7FC204610BD10B54FF00104814205D24FF0000443
:205300004FF01300FEF7EAFC204610BD10B5FEF7A2FC04461CB94FF03300FEF7DFFC20460E
:2053200010BD30B44FF000044FF0000309E003EB00052D78AA4201D14FF0010403F10103BC
:20534000DBB28B42F3D3204630BC704700B54FF0010018B94FF02200FEF7C0FC4FF001000C
:2053600000BD10B44FF0FF034FF0000213E011464FEAC104A4EB01014FEA810148F2CC345C
:20538000C1F6FF7421440979884201D1134604E002F10101CAB2002AE9D0184610BC7047EE
:2053A0002DE9F04104460F4615464FF00106FEF735FC217981420BD1627841F29000C2F2B6
:2053C000000000F103004FF00001FEF741FA17E04FF0010041F29008C2F2000888F800002B
:2053E000207841F29008C2F2000888F801006269617841F29000C2F2000000F10300904727
:20540000012E1ED1A8684FF067010170A86800F10100B96801F1010109780170627841F230
:205420009000C2F2000000F103000146A86800F10200FEF7FAF9607800F10200E860FEF7FA
:205440003DFCBDE8F0812DE9F04504460E46924600F051FD05462079FFF783FF074641F222
:205460009008C2F2000898F801002178884267D141F29008C2F2000898F8000001285FD13C
:205480004FF0000041F29008C2F2000888F80000D4F818C0637841F29000C2F2000000F1DF
:2054A00003000246E178B06800F10200E04730BB38464FEA80002844006840B138464FEA78
:2054C000800028444FF00001016000F06BFC2079FEF799FBDAF808004FF067010170DAF802
:2054E000080000F10100B16801F10101097801704FF00200CAF80C00FEF7E0FB24E0384652
:205500004FEA800000EB0501086800F10100086000F048FC38464FEA8000284400680228AE
:2055200004D24FF03500FEF7D9FB0DE042F210713846FEF7ADFB4FF03600FEF7CFFB03E084
:205540004FF02400FEF7CAFBBDE8F0852DE9304105460C464FF0000041F29808C2F2000822
:2055600088F818004FF0010041F29808C2F2000888F806004FF0000041F29808C2F2000870
:2055800088F804004FF0010041F29808C2F20008C8F80800A86800F10300FEF786F941F245
:2055A0009808C2F20008C8F8000041F29808C2F20008D8F80000FCF759F841F29808C2F2A5
:2055C0000008C8F80000A86800F10700FEF76DF9014641F29808C2F20008D8F8000000F00A
:2055E000D4F9A0684FF074010170A06800F101004FF020010170A06800F102004FF00801A3
:205600000170A06800F103004FF0000101704FF00400E060FEF752FBBDE830812DE93041CA
:2056200005460C4604F07DFD4FF0000041F29808C2F2000888F818004FF0010041F29808E6
:20564000C2F2000888F824004FF0010041F29808C2F2000888F806004FF0000041F2980883
:20566000C2F2000888F804004FF0010041F29808C2F20008C8F80800A86800F10300FEF75A
:2056800014F941F29808C2F20008C8F8000041F29808C2F20008D8F80000FBF7E7FF41F244
:2056A0009808C2F20008C8F80000A86800F10700FEF7FBF8014641F29808C2F20008D8F838
:2056C000000000F062F9A0684FF074010170A06800F101004FF020010170A06800F102008C
:2056E0004FF008010170A06800F103004FF0000101704FF00400E060FEF7E0FABDE830819C
:205700004FF0000070474FF0000070474FF0000070472DE900414FF0000041F25018C2F2C2
:20572000000888F868064FF0010041F25018C2F2000888F800004FF000000AE041F252119D
:20574000C2F2000101444FF000020A7000F10100C0B20A28F2D341F2D000C2F200004FF043
:2057600080024FF00001FEF773F800F00DF848F25068C1F6FF78D8F8041040F2E030C2F218
:2057800000008847BDE800812DE900414FF0000041F25018C2F20008C8F8600601F0A1FF70
:2057A0004FF0000041F25018C2F20008C8F864064FF0000041F2BC78C2F20008C8F8040003
:2057C0004FF0000041F2BC78C2F20008C8F80000BDE800812DE9104104464FF0000041F25E
:2057E0005018C2F2000898F80010012901D101F023FA41F25018C2F20008C8F8184041F239
:205800005018C2F2000898F86816022922D208BB41F25012C2F2000292F8681601F101012D
:20582000C9B282F8681641F25018C2F20008C8F818404FF0030141F25018C2F20008C8F82C
:2058400064164FF0000141F25018C2F2000888F8011003E0FFF798FF4FF00200BDE81081BF
:205860002DE9304104464FF0000541F6D018C2F2000898F80600844280F0828020464FEACB
:205880008001A1EB00004FEAC00041F6DC11C2F20001084441F63008C2F20008D8F854107E
:2058A000408881420ED320464FEA8001A1EB00004FEAC00041F6DC11C2F2000108444088EA
:2058C00000285AD120464FEAC00041F63001C2F2000108444FF0000101704FF0000041F686
:2058E0003008C2F2000888F8500020464FEAC00041F63001C2F20001014420464FEA800202
:20590000A2EB00004FEAC00041F6DC12C2F2000210440078C87020464FEAC00041F630015B
:20592000C2F2000108444FF0FF31416001F0D9FE41F25018C2F2000888F80C4041F25018D0
:20594000C2F2000898F80C0041F25211C2F2000108444FF0000101704FF0000041F25018CD
:20596000C2F2000888F801004FF0010041F25018C2F20008C8F8640604E04FF0010501E01F
:205980004FF006052846BDE830812DE900414FF0000341F25018C2F20008C8F8100041F206
:2059A0005018C2F20008C8F814104FF0000041F25018C2F2000888F8680641F25018C2F20C
:2059C000000898F81C204FEA820002444FEAC202104641F27011C2F2000100EB010241F215
:2059E0005018C2F20008D8F8100010604FF00000506001F09EF9034641F25018C2F200081C
:205A000098F81C2002F10102D0B241F25018C2F2000888F81C004FF0010041F25018C2F2C0
:205A20000008C8F860064FF0000041F25018C2F20008C8F864061846BDE800812DE970412D
:205A400005460E464FF0000441F25018C2F2000898F8680648B14FF0000041F25018C2F288
:205A6000000888F86806FFF78FFE41F25018C2F20008D8F8600650B141F25018C2F20008C8
:205A8000D8F86006032802D04FF0020441E041F25018C2F2000898F80000A8BB40F20000F1
:205AA000C1F6FE7085422CD3C5F1FF30B04228D3B5F1005F25D806EB0500B0F1005F20D839
:205AC000B6F5003F1DD8002E1BD941F25018C2F2000898F81C0000281BD941F27011C2F23E
:205AE0000001A1F128014FEA800210444FEAC000014448680968084485420AD24FF0020448
:205B000007E04FF0050404E03146284600F0E6FF04460CB1FFF738FE2046BDE870812DE973
:205B200030014FF000050B4641F25014C2F200046269A2EB0302626141F25018C2F20008D9
:205B4000C8F8180041F2C478C2F20008C8F800304FF0020041F25018C2F20008C8F8640690
:205B60004FF0000041F25018C2F2000888F801002846BDE8300170472DE910414FF0000469
:205B800041F25018C2F20008D8F86026012A04D04FF00204FFF7F8FD11E041F25018C2F2E9
:205BA0000008D8F81020824207D141F25018C2F20008D8F81400884201D24FF005042046BB
:205BC000BDE810812DE910414FF0000441F25018C2F20008D8F86006022810D14FF003000B
:205BE00041F25018C2F20008C8F860064FF0000041F25018C2F20008C8F8640603E04FF046
:205C00000204FFF7C1FD2046BDE810814DF8048D4FF0000141F25018C2F20008D8F8641677
:205C2000C9B941F25018C2F2000898F80110072911D041F25018C2F2000898F80110017070
:205C40004FF0000041F25018C2F2000888F801004FF0010104E04FF0000101704FF0000117
:205C600008465DF8048B70472DE9004141F25018C2F20008D8F8640601381ED303D002381C
:205C80000AD312D019E000F073FE41F25018C2F2000888F8010010E001F052FA41F250184B
:205CA000C2F2000888F8010007E001F0C6FB41F25018C2F2000888F8010041F25018C2F2E7
:205CC000000898F801000A2807D04FF0000041F25018C2F20008C8F86406BDE800814DF8F7
:205CE000048D41F2BC78C2F20008C8F8000041F2BC78C2F20008C8F804105DF8048B70479E
:205D00002DE9004184B04FF000008DF8040041F63000C2F2000002904FF0600003906846A3
:205D200003F0DBFC4FF001008DF80400684603F0D4FC4FF002008DF80400684603F0CDFC2B
:205D4000009841F63008C2F20008C8F8600041F63000C2F2000040F2E038C2F20008C8F87F
:205D600014004AF20000C0F2011040F2E038C2F20008C8F80C004FF0640040F2E038C2F29D
:205D80000008C8F8100040F2E030C2F2000003F07EFC10B94FF0000001E04FF0010004B0EB
:205DA000BDE800812DE9004184B04FF000008DF8040041F2C400C2F2000002904FF00800E6
:205DC0000390684603F089FC4FF001008DF80400684603F082FC4FF002008DF804006846AA
:205DE00003F07BFC009841F2C408C2F20008C8F8080041F2C400C2F2000040F2E038C2F275
:205E00000008C8F814004CF20000C0F2011040F2E038C2F20008C8F80C004FF00C0040F256
:205E2000E038C2F20008C8F8100040F2E030C2F2000003F02CFC10B94FF0000001E04FF085
:205E4000010004B0BDE800812DE9004184B04FF000008DF8040041F69400C2F20000029003
:205E60004FF49C700390684603F037FC4FF001008DF80400684603F030FC4FF002008DF810
:205E80000400684603F029FC009841F69408C2F20008C8F8380141F69400C2F2000040F267
:205EA000E038C2F20008C8F814004EF20000C0F2011040F2E038C2F20008C8F80C004FF422
:205EC0009E7040F2E038C2F20008C8F8100040F2E030C2F2000003F0DAFB10B94FF0000018
:205EE00001E04FF0010004B0BDE8008141F63000C2F20000704741F2C400C2F20000704773
:205F000041F69400C2F2000070474DF8048D4FF0000041F25018C2F20008C8F860065DF864
:205F2000048B70474DF8048D41F25018C2F20008D8F860065DF8048B70474DF8048D41F214
:205F40005018C2F20008D8F8640601280AD141F25018C2F2000898F801000A2802D14FF0B3
:205F6000010001E04FF000005DF8048B70474DF8048D41F25018C2F20008D8F860060328D7
:205F800007D14FF0000041F25018C2F20008C8F860065DF8048B70472DE9004141F60C70C8
:205FA000C2F2000040F2E038C2F20008C8F814004FF4F01040F2E038C2F20008C8F80C003E
:205FC0004FF0680040F2E038C2F20008C8F8100040F2E030C2F2000003F059FB0028BDE83A
:205FE00000812DE97041ADF52C7D05460C464FF000004FF000064FF00000B4F5927F6BD1B8
:2060000041F69408C2F20008D8F8240144F64A31C5F2480188425CD0224629466846FDF7D8
:2060200004FCFFF741F949A803F0A4FCA4F120000246294649A803F012FD05F5827001461A
:2060400049A84FF02002FDF711FC01283ED12246294641F69400C2F20000FDF7E6FB224622
:20606000694641F69400C2F20000FDF7DEFB41F69400C2F200004FF4807102F0FFFE16BBB2
:2060800044F64A30C5F2480041F69408C2F20008C8F82401FFF7D8FE50B94FF0000041F292
:2060A0005018C2F2000888F801004FF0000015E04FF0010041F25018C2F2000888F80100EF
:2060C0004FF001000AE04FF0010007E04FF00D0004E04FF00B0001E04FF001000DF52C7D29
:2060E000BDE870812DE9304105460C464FF00002072C5AD14FF4F01141F2D070C2F20000DC
:206100004FF06002FDF791FB2246294641F2D070C2F2000000F10400FDF787FB4FF05A302C
:2061200041F2D078C2F20008C8F80000FFF7BCF841F2D070C2F2000040F2E038C2F2000891
:20614000C8F814004FF4F01040F2E038C2F20008C8F80C004FF0680040F2E038C2F20008A9
:20616000C8F8100040F2E030C2F2000003F08FFA80B941F2D070C2F2000003F089F94FF0C9
:20618000000041F25018C2F2000888F801004FF000020CE04FF0010041F25018C2F2000863
:2061A00088F801004FF0010201E04FF001021046BDE830812DE9304105460C464FF00002E8
:2061C000072C5AD14FF4F01141F2D070C2F200004FF06002FDF729FB2246294641F2D070F3
:2061E000C2F2000000F10B00FDF71FFB4FF05A3041F2D078C2F20008C8F80000FFF754F8DF
:2062000041F2D070C2F2000040F2E038C2F20008C8F814004FF4F01040F2E038C2F2000834
:20622000C8F80C004FF0680040F2E038C2F20008C8F8100040F2E030C2F2000003F027FA0B
:2062400080B941F2D070C2F2000003F021F94FF0000041F25018C2F2000888F801004FF07B
:2062600000020CE04FF0010041F25018C2F2000888F801004FF0010201E04FF0010210465D
:20628000BDE830812DE9304105460C464FF00002072C5AD14FF4F01141F2D070C2F200007A
:2062A0004FF06002FDF7C1FA2246294641F2D070C2F2000000F11200FDF7B7FA4FF05A301F
:2062C00041F2D078C2F20008C8F80000FEF7ECFF41F2D070C2F2000040F2E038C2F20008BA
:2062E000C8F814004FF4F01040F2E038C2F20008C8F80C004FF0680040F2E038C2F2000808
:20630000C8F8100040F2E030C2F2000003F0BFF980B941F2D070C2F2000003F0B9F84FF0C9
:20632000000041F25018C2F2000888F801004FF000020CE04FF0010041F25018C2F20008C1
:2063400088F801004FF0010201E04FF001021046BDE830812DE9304105460C464FF0000246
:20636000072C5AD14FF4F01141F2D070C2F200004FF06002FDF759FA2246294641F2D07022
:20638000C2F2000000F11900FDF74FFA4FF05A3041F2D078C2F20008C8F80000FEF784FFCA
:2063A00041F2D070C2F2000040F2E038C2F20008C8F814004FF4F01040F2E038C2F2000893
:2063C000C8F80C004FF0680040F2E038C2F20008C8F8100040F2E030C2F2000003F057F93B
:2063E00080B941F2D070C2F2000003F051F84FF0000041F25018C2F2000888F801004FF0AB
:2064000000020CE04FF0010041F25018C2F2000888F801004FF0010201E04FF001021046BB
:20642000BDE830812DE9304105460C464FF00002042C5AD14FF4F01141F2D070C2F20000DB
:206440004FF06002FDF7F1F92246294641F2D070C2F2000000F13800FDF7E7F94FF05A30F9
:2064600041F2D078C2F20008C8F80000FEF71CFF41F2D070C2F2000040F2E038C2F20008E8
:20648000C8F814004FF4F01040F2E038C2F20008C8F80C004FF0680040F2E038C2F2000866
:2064A000C8F8100040F2E030C2F2000003F0EFF880B941F2D070C2F2000002F0E9FF4FF0C3
:2064C000000041F25018C2F2000888F801004FF000020CE04FF0010041F25018C2F2000820
:2064E00088F801004FF0010201E04FF001021046BDE830812DE9304105460C464FF00002A5
:20650000082C5AD14FF4F01141F2D070C2F200004FF06002FDF789F92246294641F2D07050
:20652000C2F2000000F13C00FDF77FF94FF05A3041F2D078C2F20008C8F80000FEF7B4FEA7
:2065400041F2D070C2F2000040F2E038C2F20008C8F814004FF4F01040F2E038C2F20008F1
:20656000C8F80C004FF0680040F2E038C2F20008C8F8100040F2E030C2F2000003F087F86A
:2065800080B941F2D070C2F2000002F081FF4FF0000041F25018C2F2000888F801004FF0D3
:2065A00000020CE04FF0010041F25018C2F2000888F801004FF0010201E04FF0010210461A
:2065C000BDE830812DE9304105460C464FF00002082C5AD14FF4F01141F2D070C2F2000036
:2065E0004FF06002FDF721F92246294641F2D070C2F2000000F14400FDF717F94FF05A30EC
:2066000041F2D078C2F20008C8F80000FEF74CFE41F2D070C2F2000040F2E038C2F2000817
:20662000C8F814004FF4F01040F2E038C2F20008C8F80C004FF0680040F2E038C2F20008C4
:20664000C8F8100040F2E030C2F2000003F01FF880B941F2D070C2F2000002F019FF4FF0C1
:20666000000041F25018C2F2000888F801004FF000020CE04FF0010041F25018C2F200087E
:2066800088F801004FF0010201E04FF001021046BDE830812DE9304105460C464FF0000203
:2066A000082C5AD14FF4F01141F2D070C2F200004FF06002FDF7B9F82246294641F2D07080
:2066C000C2F2000000F14C00FDF7AFF84FF05A3041F2D078C2F20008C8F80000FEF7E4FD98
:2066E00041F2D070C2F2000040F2E038C2F20008C8F814004FF4F01040F2E038C2F2000850
:20670000C8F80C004FF0680040F2E038C2F20008C8F8100040F2E030C2F2000002F0B7FF92
:2067200080B941F2D070C2F2000002F0B1FE4FF0000041F25018C2F2000888F801004FF002
:2067400000020CE04FF0010041F25018C2F2000888F801004FF0010201E04FF00102104678
:20676000BDE830812DE9304105460C464FF00002082C5AD14FF4F01141F2D070C2F2000094
:206780004FF06002FDF751F82246294641F2D070C2F2000000F15400FDF747F84FF05A30DC
:2067A00041F2D078C2F20008C8F80000FEF77CFD41F2D070C2F2000040F2E038C2F2000847
:2067C000C8F814004FF4F01040F2E038C2F20008C8F80C004FF0680040F2E038C2F2000823
:2067E000C8F8100040F2E030C2F2000002F04FFF80B941F2D070C2F2000002F049FE4FF0BB
:20680000000041F25018C2F2000888F801004FF000020CE04FF0010041F25018C2F20008DC
:2068200088F801004FF0010201E04FF001021046BDE830812DE900414FF0000205293DD1F2
:2068400041F69408C2F20008D8F8302144F64A33C5F248039A422ED00A46014641F6940093
:20686000C2F2000000F59470FCF7DFFF44F64A30C5F2480041F69408C2F20008C8F8300167
:20688000FEF712FDFFF7E0FA50B94FF0000041F25018C2F2000888F801004FF000020FE0D4
:2068A0004FF0010041F25018C2F2000888F801004FF0010204E04FF00B0201E04FF001022B
:2068C0001046BDE800814DF8048D41F25018C2F2000898F80C005DF8048B70472DE9004181
:2068E0004FF0000041F6D018C2F20008D8F8001042F23412C7F6430291420BD141F6D01854
:20690000C2F20008D8F8FC1043F28742C4F21232914201D04FF0010078B941F6D018C2F2FF
:20692000000898F806100A2907D841F6D018C2F2000898F80610002901D84FF0010008B913
:2069400000F0F4FE08B900F0C6FF08B901F090F8BDE800814DF8048D4FF0000141F63008FA
:20696000C2F2000888F8500008465DF8048B70472DE910414FF00A044FF0000041F2BC7848
:20698000C2F20008D8F8000040F2E038C2F20008C8F80C0041F2BC78C2F20008D8F80400A2
:2069A00040F2E038C2F20008C8F8100041F2BC78C2F20008D8F80400B0F5001F5CD841F2DF
:2069C000BC78C2F20008D8F8040040F2E038C2F20008C8F8100048F25068C1F6FF78D8F82D
:2069E0000C1040F2E030C2F20000884740F2E038C2F20008B8F80800C8BB41F25018C2F226
:206A0000000898F80C0041F25211C2F2000108444FF00101017041F25018C2F2000898F8A2
:206A20000C004FEAC00041F63001C2F200010844C078072818D14FF0000010E041F25018CE
:206A4000C2F2000898F80C1041F25212C2F2000211444FF001020A7000F10100C0B20A28DA
:206A6000ECD34FF0000404E04FF0000401E04FF00104FEF789FE2EE04FF4001040F2E038A1
:206A8000C2F20008C8F8100048F25068C1F6FF78D8F80C1040F2E030C2F20000884740F267
:206AA000E038C2F20008B8F8080080B941F2BC71C2F200014868A0F50010486041F2BC719F
:206AC000C2F20001086800F50010086003E0FEF75BFE4FF001042046BDE810812DE9F045C8
:206AE00006460F464FF000054FF000044FF0000A4FF000047FE041F25210C2F200002044D6
:206B00000078012874D141F6D010C2F2000000F10C0120464FEA8002A2EB00004FEAC0001F
:206B200008448068FAF7A2FD41F25018C2F2000898F81C1028295BD2C6F1FF31B94257D3F4
:206B4000864255D321464FEA8102A2EB01014FEAC10141F6DC12C2F200021144C9680144F2
:206B60008E4245D207EB060122464FEA8203A3EB02024FEAC20241F6DC13C2F200031A4445
:206B8000D2680244914233D820464FEA8001A1EB00004FEAC00041F6DC11C2F200010844CD
:206BA000C068874224D8002F22D941F25018C2F2000898F81C0041F25018C2F2000888F8E4
:206BC0000C404FF0010A002812D941F27011C2F20001A1F128014FEA800210444FEAC000E0
:206BE0000144486809680844864201D24FF0080504F10100C4B241F6D018C2F2000898F825
:206C000006008442FFF477AFBAF1010F01D04FF0050575B941F25018C2F2000898F80C0099
:206C200041F25211C2F200010844007808B94FF008052846BDE8F0852DE910414FF0000406
:206C400041F2C878C2F20008D8F8040000286DD041F2C878C2F20008D8F8000040F2E03883
:206C6000C2F20008C8F80C0041F2C878C2F20008D8F80400C0F18000024641F2C878C2F2E9
:206C80000008D8F8040041F2D001C2F2000108444FF0FF01FCF7DCFD41F2D000C2F2000051
:206CA00040F2E038C2F20008C8F814004FF0800040F2E038C2F20008C8F810004FF0000026
:206CC00041F2C878C2F20008C8F8040048F25068C1F6FF78D8F8101040F2E030C2F20000BB
:206CE000884740F2E038C2F20008B8F8080010B14FF001041AE000F0C5FA012808D140F225
:206D0000E038C2F20008D8F80C0000F057FB0DE041F25018C2F2000898F81C1040F2E03837
:206D2000C2F20008D8F80C0000F0C7FA2046BDE810812DE910414FF0000441F2C878C2F29D
:206D40000008D8F8040000286AD041F2C878C2F20008D8F8000020F07F0041F25018C2F218
:206D60000008D8F8101021F07F0188423AD141F25018C2F20008D8F8100041F2C878C2F257
:206D80000008D8F80410A0EB010041F2C878C2F20008D8F80010A0EB0100024641F2C87825
:206DA000C2F20008D8F8040041F2D001C2F2000108444FF0FF01FCF74BFD41F25018C2F275
:206DC0000008D8F8100041F2C878C2F20008D8F80010A0EB010041F2C878C2F20008C8F841
:206DE000040037E0FFF728FF044600F0B7FB41F25018C2F20008D8F8100000F07F0041F296
:206E0000C878C2F20008C8F8040041F2D000C2F200004FF080024FF0FF01FCF719FD19E0F9
:206E200000F09CFB41F25018C2F20008D8F8100000F07F0041F2C878C2F20008C8F8040032
:206E400041F2D000C2F200004FF080024FF0FF01FCF7FEFC2046BDE810812DE910414FF04C
:206E600000045FE141F2C878C2F20008D8F8040041F2C478C2F20008D8F8001008448028CC
:206E8000C0F0018141F2C878C2F20008D8F80400C0F18000024641F25018C2F20008D8F81D
:206EA000181041F2C878C2F20008D8F8040041F2D003C2F200031844FCF7B7FC41F2C87875
:206EC000C2F20008D8F80400C0F1800241F25011C2F2000188691044886141F2C878C2F251
:206EE0000008D8F80400C0F1800241F2C471C2F200010868A0EB0200086041F25018C2F2B2
:206F00000008D8F8100041F2C878C2F20008D8F80410A0EB010040F2E038C2F20008C8F824
:206F20000C004FF0800040F2E038C2F20008C8F8100041F2D000C2F2000040F2E038C2F2FB
:206F40000008C8F8140048F25068C1F6FF78D8F8101040F2E030C2F20000884741F2C8780D
:206F6000C2F20008D8F80400C0F1800241F25011C2F2000108691044086141F25018C2F288
:206F80000008D8F8100041F2C878C2F20008C8F800004FF0000041F2C878C2F20008C8F8EC
:206FA000040040F2E038C2F20008B8F8080010B14FF00104B6E041F25018C2F20008D8F84D
:206FC000140050BB41F25018C2F2000898F86A06012822D141F2C478C2F20008D8F8000024
:206FE000D8B900F04FF9012808D140F2E038C2F20008D8F80C0000F0E1F993E041F250180C
:20700000C2F2000898F81C1040F2E038C2F20008D8F80C0000F051F984E000F033F9012833
:207020000ED140F2E038C2F20008D8F8101040F2E038C2F20008D8F80C0000F093FA71E0CB
:2070400041F25018C2F2000898F81C00A0F10100C0B2014640F2E038C2F20008D8F80C0000
:2070600000F02BF900F07AFA40F2E038C2F20008D8F8101040F2E038C2F20008D8F80C00C0
:2070800000F070FA4EE041F2C478C2F20008D8F8002041F25018C2F20008D8F8181041F2CB
:2070A000C878C2F20008D8F8040041F2D003C2F200031844FCF7B9FB41F25018C2F20008E9
:2070C000D8F8100041F2C878C2F20008D8F80410A0EB010041F2C878C2F20008C8F8000042
:2070E00041F2C871C2F20001486841F2C478C2F20008D8F800201044486041F25011C2F260
:207100000001086941F2C478C2F20008D8F80020104408614FF0000041F2C478C2F20008BB
:20712000C8F8000041F2C478C2F20008D8F80000002802D9002C3FF495AE2046BDE8108153
:207140002DE9F04186B04FF0000441F25018C2F20008D8F8187041F2C478C2F20008D8F8C5
:2071600000504FF0000641F29808C2F2000898F8240001284AD14FF0000041F25018C2F265
:20718000000888F86A063CE0FAF777FC802D02D94FF0800608E02E464FF0010041F25018F3
:2071A000C2F2000888F86A066A463146384602F0D5FF049A009941F29808C2F20008D8F822
:2071C000000000F073FA0446C4B9009841F25018C2F20008C8F81800049841F2C478C2F205
:2071E0000008C8F80000FFF738FE044641F29801C2F200010868049A104408603744A5EBFB
:207200000605002D25D9002CBED022E0FAF735FC41F2C478C2F20008D8F8002041F25018A4
:20722000C2F20008D8F8181041F29808C2F20008D8F8000000F03AFA044654B94FF0010080
:2072400041F25018C2F2000888F86A06FFF705FE0446FAF712FC7CB941F25018C2F2000819
:20726000D8F8140050B94FF0020041F25018C2F20008C8F8600601E0FEF786FA204606B0F1
:20728000BDE8F0814DF8048D41F25018C2F2000898F81C00A0F10100C0B241F25018C2F2AC
:2072A000000898F81D10814202D14FF0010001E04FF000005DF8048B70472DE930410D469E
:2072C00041F25018C2F2000898F81D4021464FEA810211444FEAC10141F27012C2F200028C
:2072E00001EB0204616822681144A1EB000102F0D1FA02F0D9FA41F25018C2F2000898F8FE
:207300001D1001F10101C9B241F25018C2F2000888F81D10014604F108004FF02002FCF735
:2073200084FA41F25018C2F2000898F81D4041E002F0A8FA20464FEA800108444FEAC00071
:2073400041F27011C2F200010844416820464FEA800210444FEAC00041F27012C2F20002F6
:207360001044006802F096FA02F09EFA014620464FEA800210444FEAC00041F27012C2F227
:207380000002104400F108004FF02002FCF74DFA41F25018C2F2000898F81D0000F101000D
:2073A000C0B241F25018C2F2000888F81D0004F10100C4B2AC42BBD3BDE830812DE91041C2
:2073C00041F25018C2F2000898F81C10A1F10101C9B24FEA810211444FEAC10141F27012CA
:2073E000C2F2000201EB02042168884207D3616822681144A1EB000102F04CFA03E061689F
:20740000206802F047FA02F04FFA014641F25018C2F2000898F81D0000F10100C0B241F294
:207420005018C2F2000888F81D0004F108004FF02002FCF7FAF9BDE810812DE9104183B077
:207440004FF0000441F25010C2F2000000F11C00009041F25018C2F20008D8F81800019035
:20746000684602F053F90446002C70D141F25018C2F2000898F80C004FEA8001A1EB000030
:207480004FEAC00041F6DC11C2F200010844007807283DD14EF20011C0F2010141F6D010FD
:2074A000C2F200004FF48072FCF7BFF9FFF716FA70B148F24051C1F6FF7141F6D010C2F254
:2074C00000004FF48072FCF7B0F94FF001043EE041F25018C2F2000898F80C004FEAC0008D
:2074E00041F63001C2F2000108444FF00101017041F25018C2F2000898F80C004FEAC00085
:2075000041F63001C2F200010844029941601EE041F25018C2F2000898F80C004FEAC000DC
:2075200041F63001C2F2000108444FF00101017041F25018C2F2000898F80C004FEAC00044
:2075400041F63001C2F200010844029941600CB9FEF71AF9204603B0BDE8108100B502F0C3
:2075600091F900BD2DE9004141F25018C2F2000898F81C20A2F10102D2B24FEA82031A4414
:207580004FEAC20241F27013C2F200031A441368984202D302F07EF907E008441168A0EB59
:2075A00001000146106802F075F9BDE800812DE930014FF0000241F27013C2F20003A3F1FC
:2075C000280441F25018C2F2000898F81C304FEA83052B444FEAC3031C4463680B446360E0
:2075E00041F27011C2F20001A1F1280141F25018C2F2000898F81C304FEA830423444FEAD4
:20760000C30319440C6841F27011C2F20001A1F1280141F25018C2F2000898F81C304FEA43
:2076200083052B444FEAC30319444B68234441F25018C2F2000898F80C404FEA8401A1EB60
:2076400004044FEAC404214641F6DC14C2F20004214441F25018C2F2000898F80C404FEA0A
:207660008405A5EB04044FEAC40441F6DC15C2F200052C44E46889680C44A34201D94FF00C
:2076800005027AB14FF0000141F25018C2F20008C8F864164FF0050141F25018C2F200084B
:2076A00088F801101046BDE8300170472DE930410D4614464FF0000383B92146FFF777FFD1
:2076C00003465BB941F25018C2F20008C8F8185041F2C478C2F20008C8F800401846BDE8A0
:2076E00030814DF8048D4FF0000041F25018C2F2000888F81D004FF0000041F25018C2F242
:20770000000888F81C004FF0000041F2C878C2F20008C8F804004FF0000041F2C878C2F22D
:207720000008C8F800005DF8048B70472DE930014FF000004FF000014FF001024FF000009F
:20774000BCE04FF00001B2E002464FEA8203A3EB02024FEAC20241F6DC13C2F200031344F2
:207760000A464FEAC20248F23854C1F6FF7422449B6812689342C0F0958002464FEA820349
:20778000A3EB02024FEAC20241F6DC13C2F200031A449268C2F1FF3302464FEA8204A4EBAA
:2077A00002024FEAC20241F6DC14C2F200042244D268934276D302464FEA8203A3EB020293
:2077C0004FEAC20241F6DC13C2F2000313440A464FEAC20248F23854C1F6FF7422449B68D2
:2077E000526893425ED802464FEA8203A3EB02024FEAC20241F6DC13C2F2000313440246B3
:207800004FEA8204A4EB02024FEAC20241F6DC14C2F200042244D2689B681A44A2F10103A2
:207820000A464FEAC20248F23854C1F6FF7422445268934236D802464FEA8203A3EB020270
:207840004FEAC20241F6DC13C2F200031A440B464FEAC30348F23854C1F6FF741C440B46FF
:207860004FEAC30348F23855C1F6FF752B4464681B68A4EB030303F10103D2689A4211D8CD
:2078800002464FEA8203A3EB02024FEAC20241F6DC13C2F200031A44D268002A02D94FF09A
:2078A000000207E04FF0010201F1010189B20A29FFF44AAF5AB900F1010080B241F6D018F9
:2078C000C2F2000898F806108842FFF43AAF1046BDE8300170472DE93001ACB04FF00002D9
:2078E0004FF000004FF000014FF0000028E001464FEA011104AB0B4401464FEA8104A4EB9E
:2079000001014FEAC10141F6DC14C2F2000421448968996001464FEA011104AB0B44014665
:207920004FEA8104A4EB01014FEAC10141F6DC14C2F200042144C968D96000F10100C0B2EB
:2079400041F6D018C2F2000898F806108842CED34FF0000053E000F10101C9B244E00346EE
:207960004FEA031304AC1C440B464FEA031304AD2B44A4689B689C4233D903464FEA031357
:2079800004AC23449B68029303464FEA031304AC2344DB68039303464FEA031304AC1C4408
:2079A0000B464FEA031304AD2B449B68A36003464FEA031304AC1C440B464FEA031304AD08
:2079C0002B44DB68E3600B464FEA031304AC2344029C9C600B464FEA031304AC2344039C0B
:2079E000DC6001F10101C9B241F6D018C2F2000898F806309942B2D300F10100C0B241F640
:207A0000D018C2F2000898F80610A1F101018842A1D34FF000001CE001464FEA011104ABCE
:207A20000B4401464FEA011104AC2144C9689B68194404AB03F1100403464FEA0313234409
:207A40009B68994202D94FF001020CE000F10100C0B241F6D018C2F2000898F80610A1F1C8
:207A600001018842D8D310462CB0BDE8300170472DE910014FF001014FF000004FF00000EA
:207A800083E002464FEA8203A3EB02024FEAC20241F6DC13C2F200031A441278072A71D1B6
:207AA00002464FEA8203A3EB02024FEAC20241F6DC13C2F20003134402464FEA8204A4EB67
:207AC00002024FEAC20248F24C54C1F6FF7422449B689268934255D102464FEA8203A3EBAF
:207AE00002024FEAC20241F6DC13C2F20003134402464FEA8204A4EB02024FEAC20248F280
:207B00004C54C1F6FF742244DB68D268934239D102464FEA8203A3EB02024FEAC20241F60D
:207B2000DC13C2F20003134402464FEA8204A4EB02024FEAC20248F24C54C1F6FF74224447
:207B40001B69126993421DD102464FEA8203A3EB02024FEAC20241F6DC13C2F2000313449A
:207B600002464FEA8204A4EB02024FEAC20248F24C54C1F6FF7422445B695269934201D1DE
:207B80004FF0000100F1010080B241F6D018C2F2000898F806209042FFF473AF0846BDE816
:207BA000100170474DF8048D40F2FC38C2F2000898F800000028F7D15DF8048B70472DE9D4
:207BC0000041EFF3108040F20048C2F20008C8F8000040F20048C2F20008D8F8000008B935
:207BE0000CF0B3FDBDE800812DE9004140F20048C2F20008D8F8000008B90CF0BBFDBDE83C
:207C0000008110B50446606818B14FF00200208129E01CB94FF00500208124E0207828B921
:207C20006078012802D1A078012803D04FF00600208118E04FF000000BF0CAFD4FF000003E
:207C40000BF0FCFF0BF0C0FF012806D14FF0010060604FF00000208105E04FF000006060B0
:207C60004FF00100208110BD416819B94FF00201018108E04FF0000141614FF000010161AB
:207C80004FF00001018170474FF00002B0F1807F06D3B0F1817F03D2A0F1807008600BE067
:207CA000B0F5005F06D3B0F5001F03D200F5F030086001E04FF00102104670472DE9F04457
:207CC00082B00446E7682069E1680844A0F101004FF0000101914FF0000A4FF400564FF036
:207CE0000005616819B94FF00200208159E0216919B94FF00400208153E06A4601463846E1
:207D000000F023F9012803D14FF00700208148E001A93846FFF7B8FF05461DB14FF0090015
:207D200020813EE00199B1FBF6F006FB00F0A1EB00010198A0EB01000190206901990844B5
:207D4000A0F1010A2AE00BF03FFF012803D04FF00A00208125E0314601980BF0E6FD054620
:207D60004DB14FF00B0020811BE00BF0C9FFA06908B1A06980470BF027FF0128F5D11DB1EC
:207D80004FF00C0020810CE00BF03AFF18B14FF00D00208105E00198304401900198504570
:207DA000D1D902B0BDE8F0842DE9F04D87B00446D4F80CA02069E1680844A0F10100D4F886
:207DC0001480CDF80880D4F810B04FF000054FF0100748F24061C1F6FF7103AA0B68136007
:207DE0004B6853608B689360C968D1604FF000064FF000010191616819B94FF00200208141
:207E0000A0E0216919B94FF0040020819AE0616919B94FF00500208194E0BAFBF7F107FB94
:207E200001F1AAEB010119B14FF00800208189E06A460146504600F088F818B14FF0070092
:207E400020817FE001A95046FFF71EFF06461EB14FF00900208175E04FF000052EE00BF029
:207E6000B3FE012803D04FF00A0020816AE03A46DDF8088005EB08000146019828440BF005
:207E8000EFFD06464EB14FF00B0020815AE00BF037FFA06908B1A06980470BF095FE01280C
:207EA000F5D11EB14FF00C0020814BE00BF0A8FE18B14FF00D00208144E03D4407EB050023
:207EC0005845CCD92089E8BB5D453BD2ABEB05014FF000000BE003AA024400EB0503DDF8E4
:207EE000088043441B78137000F10100C0B28842F1D30BF069FE012803D04FF00E0020811F
:207F000020E03A4603A9019828440BF0A9FD06464EB14FF00F00208114E00BF0F1FEA0696E
:207F200008B1A06980470BF04FFE0128F5D11EB14FF01000208105E00BF062FE10B14FF082
:207F40001100208107B0BDE8F08D4FF001034FF002031360884202D94FF001032BE0B0F504
:207F6000005F0ED3B0F5001F0BD2B1F5005F08D3B1F5001F05D24FF0000010604FF00003B3
:207F800019E0B0F1807F14D34FF6FF73C1F2010398420ED8B1F1807F0BD34FF6FF70C1F24D
:207FA0000100814205D84FF0010010604FF0000301E04FF001031846704700B54BF2EC1007
:207FC000C1F6FF700CF000F94FF000000CF028FA4FF47A714FF000000CF096F900BD4DF82F
:207FE000048D4FF0000041F6D428C2F2000898F80010012909D14FF001004FF0000141F667
:20800000D428C2F2000888F800105DF8048B70474DF8048D4FF0010041F6D428C2F2000878
:2080200088F800005DF8048B7047704770474FF000021046704700B5FAF748F800BD00B511
:20804000FAF744F8FAF761FC00BD00B5FAF75DFC00BD2DE9F00148F26468C1F6FF78D8E930
:20806000000148F26C68C1F6FF78D8E9002348F27468C1F6FF78D8E9006748F27C68C1F69E
:20808000FF78D8E9004584464FEA0C4C4FEA1C4C41F6E428C2F20008A8F800C084464FEA05
:2080A0001C4C41F6E428C2F20008A8F802C041F6E428C2F20008C8F8041010464FEA004055
:2080C0004FEA104041F6EC28C2F20008A8F8000010464FEA104041F6EC28C2F20008A8F8EA
:2080E000020041F6EC28C2F20008C8F8043030464FEA00404FEA104041F6F428C2F20008FC
:20810000A8F8000030464FEA104041F6F428C2F20008A8F8020041F6F428C2F20008C8F840
:20812000047020464FEA00404FEA104041F6FC28C2F20008A8F8000020464FEA104041F686
:20814000FC28C2F20008A8F8020041F6FC28C2F20008C8F804504FF0011041F60438C2F2FB
:208160000008C8F80000BDE8F00170474188A1F1010189B209E00A464FEA820243681A4453
:20818000126822B9A1F1010189B20029F3D801F1010189B241807047F0B44FF000050446EE
:2081A0004FEA144416464FEA1646B44202D94FF001052BE0B44227D24FF0020526E0A4F14C
:2081C0000104A4B20F4626464FEA860637449C4626464FEA860666443F683668B74202D96D
:2081E0004FF0010512E00F4626464FEA860637449C4626464FEA860666443F683668B7424C
:2082000002D24FF0020501E0002CD8D12846F0BC704770B40C46154621464FEA1141028870
:208220008A421ED321464FEA11414180294642688A4216D04FF000010EE00A464FEA8202C8
:20824000436813442E460A464FEA8202324412681A6001F1010189B222464FEA124291423A
:20826000EBD370BC70472DE9F04B88B00290039104920593039CDDF84080D8F80450A54241
:2082800000F0E880059CDDF84080D8F80450A54200F0E0804FF00009ADF802904FF000092E
:2082A000ADF800904FF00009ADF806904FF00009ADF80490029C4FEA1448ADF80680049C87
:2082C0004FEA1448ADF80480BDF80480BDF8069008EB0904A4F10104A4B2DDF84080A8F837
:2082E00002404FF000044FF000054FF00009ADF802908EE0F9F7C1FB069407954FF00004A3
:208300004FF000054FF00009ADF800905AE0BDF80280BDF80090C8454ED3BDF80280BDF8CC
:208320000090A8EB0906BDF80680464544DA039EBDF80280BDF80090A8EB09074FEA8707A0
:208340003E44366836464FF00007B346BC46059FBDF800604FEA86063E44366836464FF0E7
:20836000000732463B465846614602F043FD02460B461E4636464FF00007B346BC46DC46AA
:208380001CEB040C66462C4644F10004274634463D46164636464FF00007B346BC46DC46CA
:2083A000DDF818801CEB080C6646DDF81CC04CF1000C674606960797BDF8008008F1010673
:2083C000ADF80060BDF80080BDF80490C8459ED3079E36464FF00007B346BC46DC461CEB11
:2083E000040C66462C4644F10004274634463D46BDF802604FEA8606DDF84080D8F80470F7
:208400003E44069F3760BDF8028008F10106ADF80260DDF84080B8F80260BDF80280B0458D
:20842000FFF468AF44EA0506A6B1BDF802604FEA8606DDF84080D8F804703E443460DDF802
:208440004080B8F8024004F10104A4B2DDF84080A8F8024008B0BDE8F08B2DE9F04983B049
:2084600001920293DDF828E0019C4FEA1448ADF8028004464FEA1448ADF800804FF0000556
:208480004FF000046EE0029E27464FEA87073E44366836464FF00007AB464FF0000C16EB58
:2084A0000B0647EB0C078C46A3464FEA8B0BDC44DCF800C0E3464FF0000CB3457CEB070648
:2084C0001BD326464FEA8606DEF804703E440F46A4464FEA8C0C6744DDF808C0A3464FEA37
:2084E0008B0BDC443F68DCF800C0A7EB0C07A7EB050535604FF0000531E026464FEA86062F
:20850000DEF8047006EB07034FF000064FF001078C46A3464FEA8B0BDC44DCF800C0E34623
:208520004FF0000C16EB0B0647EB0C07DDF808C0A3464FEA8B0BDC44DCF800C0E3464FF028
:20854000000CB6EB0B0667EB0C07AB464FF0000CB6EB0B0567EB0C061D604FF0010504F1F0
:208560000104A4B2BDF8028044458CD327E00F4626464FEA86063E443668AE4211D3264694
:208580004FEA8606DEF804703E448C4627464FEA870767443F68A7EB050535604FF000057D
:2085A0000AE025464FEA8505DEF8046035446FF07F462E604FF0010504F10104A4B2BDF8F4
:2085C00000804445D3D3AEF802407046FFF7CEFD03B0BDE8F0892DE9F04840F22C47ADEB31
:2085E000070D01920293DDF844640C467568A54200F0CC804FF08204ADF8144089AC0694E3
:208600004FF08204ADF80C4007AC04940A4601463046FFF7FEFDB0E07088A0F101004FEA08
:20862000800071680844006800464FF0000104460D46029901984FEA1040A0F101004FEA82
:2086400080000844006800464FF0000183468C4601984FEA10407188A1EB000080B207469F
:2086600065450AD15C4508D13FB90096019A029BD6E90001FFF7F1FE88E0A3457CEB0500D4
:2086800014D39FB1A7F1010087B223464FF000027088A0F102004FEA800071680844006856
:2086A00000464FF00001141843EB01051BF101004CF1000102460B462046294602F0CEF863
:2086C00004460D46069821460160DDF818C00CF1040C2846CCF80000069800F104000068B0
:2086E00020B14FF00200ADF8160003E04FF00100ADF8160003A80090019A029BDDE9050190
:20870000FFF7B1FDDDE9031205A8FFF782FD6FB3BDF81600384480B2ADF81600BDF8160097
:20872000A0F1010080B20FE001464FEA8101069C2144A0EB07044FEA8404069D2C44246887
:208740000C60A0F1010080B2B842EDD24FF000000AE001464FEA8101069C21444FF00004BB
:208760000C6000F1010080B2B842F2D30096DDE90523D6E90001FFF770FE019A029BD6E90B
:208780000001FFF709FD02287FF446AF40F22C47BD44BDE8F088F0B403464FEA1343A3F177
:2087A00001039BB21C464FF000031BE00E4603F101054FEA850535442D684FEAC5751E46D3
:2087C0004FEA860657683E448C461F464FEA870767443F684FEA570747EA0505356003F1E8
:2087E00001039BB2A342E1D323464FEA830355682B4420464FEA8000084400684FEA5000DF
:20880000186020464FEA800051680844006808B9548003E004F1010080B25080F0BC704781
:208820002DE9F04940F24C77ADEB070D0290039116461F46DDF870B74FF001020192224628
:208840006FF30F0242F00102144622466FF31F4242F48032144601AD4FF0820240F244784A
:20886000E844A8F800200AAACDF848274FF08202ADF8202040F23C526A4409924FF04102F1
:20888000ADF818200DF5876207924FF08202ADF810208CAA059221462A4608A8FFF7B9FCE0
:2088A00031463A4606A8FFF7B4FC0299039A04A8FFF7AFFC40F244726A4400920DF5ED6869
:2088C000D8E90023DDE90401FFF785FE40F24478E844D8E9001204A8FFF79BFC39E0F9F741
:2088E000CCF8079A126802F00102B2B140F244726A440092DDE90423DDE90801FFF7B3FCB8
:2089000008AA00920DF5ED68D8E9002340F24478E844D8E90001FFF75EFE40F244726A4414
:208920000092DDE90423DDE90401FFF79CFC04AA00920DF5ED68D8E9002340F24478E844CA
:20894000D8E90001FFF747FE06AADDE90601FFF722FF22462B46DDE90601FFF71DFC0128A8
:20896000BDD040F244726A440092DDE90423DDE90801FFF778FC08AA00920DF5ED68D8E9C0
:20898000002340F24478E844D8E90001FFF723FEDDE908125846FFF73CFC40F24C77BD441F
:2089A000BDE8F08900B5FFF754FB00BD70B581B00E461C464FF00005B4F5807F04D24BF6D3
:2089C0008043CFF6FF7308E000941346014630464FF0FF3200F03CF8034633B9B4F5807F9A
:2089E00003D94CF20073CFF6FF730BB94FF00105284601B070BD70B44FF0010503460C465A
:208A0000164692B94FF0000511E04BB144B118782178884204D103F1010304F1010402E0ED
:208A20004FF0000503E0A6F10106002EEDD8284670BC704710B40346144605E033B1197074
:208A400003F10103A4F10104002CF7D810BC70472DE9F04DADF5277D824601910092AF9E34
:208A60004FF000074FF000044FF0010465AD4FF0000B102E02D3B6F5807F06D94BF68077F9
:208A8000CFF6FF774FF0000410E065A9184600F012F965A8A0F1010030440078BC2805D0BD
:208AA0004BF60077CFF6FF774FF00004012C52D1A5A84FF008024FF00001FFF7BBFF4FF06B
:208AC000000B0DE058464FEA800041F60863C2F200031844006830B90BF101005FFA80FB70
:208AE000BBF1400FEED358464FEA800041F60863C2F200031844006800F0AFF9C0F12000DD
:208B000080B2CBF13F034FEA43131844A0F1010B30464FEAC000C0F1080058449DF894317F
:208B200043FA00F030B14BF68077CFF6FF774FF0000410E00BF0070018B905F10105A6F11B
:208B400001060AF10200864205D24BF68077CFF6FF774FF00004012C63D106EB0500A0EBDA
:208B60000A00A0F1010453462246A6EB0A00A0F101000146284600F059F830464FEAC000C2
:208B8000A0EB0B004FF0FF0323FA00F39DF8940100EA0300C0B28DF8940101E005F101056E
:208BA000A4F10100854202D228780028F6D0284605F101050078012804D04BF60077CFF69A
:208BC000FF772EE0A4EB05000646DDF80080B8F1FF3F08D0DDF80080464504D04BF60077B1
:208BE000CFF6FF771DE002A800F0C4FEA5A902A84FF0080200F033FF5246019902A800F0B2
:208C00002EFF3246294602A800F029FF524602A92046FFF7F0FE012803D04BF68047CFF628
:208C2000FF7738460DF5277DBDE8F08D2DE9F04CE4B005460C4617469A4668464FF00402C5
:208C40004FF00001FFF7F6FE4FF020062EE0B346B44200D2A34601A800F08CFE5246394693
:208C600001A800F0FCFE694601A84FF0040200F0F6FE4FF000000DE001A900EB01032A46AB
:208C800005F1010511781B7881EA0301C9B2117000F101005845EFD3684600F103010878DD
:208CA00000F10100C0B20870A4EB0B04002CCED864B0BDE8F08C2DE9304183B00C464FF0E8
:208CC000000231E041F60841C2F2000101F1FC03C2F100014FEA8101194413464FEA830377
:208CE00003441B784FEA036513464FEA8303034403F101031B784FEA03431D4413464FEA9D
:208D00008303034403F102031B784FEA03231D4413464FEA8303034403F103031B782B44DF
:208D20000B6002F10101CAB2402ACBD34FF0011041F60438C2F20008C8F800004FF00002CF
:208D400017E010464FEA800041F60851C2F20001014441F60860C2F2000000F1FC03C2F18D
:208D600000004FEA800018440068086002F10100C2B2402AE5D341F6FC20C2F200000290EB
:208D800041F6EC28C2F20008D8E90001CDE9000141F6F428C2F20008D8E9002341F6E4281D
:208DA000C2F20008D8E90001FFF73AFD4FF000024EE010464FEA800080B2034604F1FF001B
:208DC000A0EB0300A0F1030110464FEA800041F60835C2F20005284400684FEA1060C0B245
:208DE000087004F1FF00A0EB0300A0F1020110464FEA800041F60835C2F2000528440068D5
:208E00004FEA1040C0B2087004F1FF00A0EB0300A0F1010110464FEA800041F60835C2F293
:208E20000005284400684FEA1020C0B2087004F1FF00A0EB030110464FEA800041F6083302
:208E4000C2F2000318440078087002F10100C2B2402AAED303B0BDE830814FF000424FF0F3
:208E6000000107E002EA000333B94FEA520201F1010189B22029F5D30846704710B44FF05A
:208E8000000341F60862C2F2000221E012B308B303784FEA036303F07F4300F101000478BA
:208EA0004FEA044404F47F04234400F1010004784FEA042404F47F44234400F101000478F0
:208EC0002344136000F1010002F10402A1F104010029DBD810BC704730B504460D46FAF764
:208EE0006AFE20704FF0010028804FF0000030BD30B50D464FF000010446FDF701F802466F
:208F0000D2F8240144F64A31C5F24801884206D04FF02200FAF7E2FE4FF0010110E04FF06B
:208F2000000109E002F5827008440078207004F1010401F10100C1B22029F3D34FF000015B
:208F40004FF020002880084630BD2DE9F04483B007468A4648F28460C1F6FF7069460288B8
:208F60000A8042884A8082888A80C288CA80008908814FF000044FF0000552E04FF000061B
:208F80004AE028464FEA40006946014430464FEA8002A2EB00004FEA800048F2F422C1F64E
:208FA000FF72104409880088814232D1204604F101018CB2384429464FEA41016A46114407
:208FC00009884FEA2121C9B20170204604F101018CB2384429464FEA41016A461144098802
:208FE00001F0FF01C9B2017030464FEA8001A1EB00004FEA800048F2F421C1F6FF7108445D
:209000008268514604EB07009047BAF80000204484B206F1010086B2122EB2D305F10100CA
:2090200085B2052DAAD3AAF800404FF0000003B0BDE8F0842DE9F04483B007468A4648F289
:209040008E60C1F6FF70694602880A8042884A8082888A80C288CA80008908814FF00004A8
:209060004FF0000552E04FF000064AE028464FEA40006946014430464FEA8002A2EB000072
:209080004FEA800048F2F422C1F6FF72104409880088814232D1204604F101018CB2384455
:2090A00029464FEA41016A46114409884FEA2121C9B20170204604F101018CB23844294643
:2090C0004FEA41016A461144098801F0FF01C9B2017030464FEA8001A1EB00004FEA80002D
:2090E00048F2F421C1F6FF7108448268514604EB07009047BAF80000204484B206F101001C
:2091000086B2122EB2D305F1010085B2052DAAD3AAF800404FF0000003B0BDE8F08400B5D3
:209120004FF00002FCF75DFF0246104600BD70B583B005460E461446FCF7E2FE0246287838
:209140008DF8040001A800F1010005F101010978017001A800F1020005F10201097801707A
:2091600001A800F1030092F82811017001A800F1040002F5947101F101010978017001A8F5
:2091800000F1050002F5947101F102010978017001A800F1060002F5947101F103010978E3
:2091A000017001A800F1070002F5947101F104010978017030464FF0000593E04FF0000646
:2091C0008AE003464FEA530300F0010001A92944097841FA06F101F0010181EA00011846D5
:2091E0006FF3D75001F001014FEAC15140EA010003461A4618464FEA00204FEAD070194645
:209200004FEAC1214FEAD17181EA000110466FF3145001F001014FEA015140EA010002463F
:2092200018464FEA00204FEAD07019464FEA01414FEAD17181EA000110466FF3CF3001F095
:2092400001014FEAC13140EA0100024618464FEA00204FEAD07019464FEAC1414FEAD17129
:2092600081EA000110466FF30C3001F001014FEA013140EA0100024618464FEA00204FEACD
:20928000D07019464FEA81614FEAD17181EA000110466FF3451001F001014FEA411140EA78
:2092A0000100024618464FEA00204FEAD07019464FEA01714FEAD17181EA000110466FF38C
:2092C000C30001F001014FEAC10140EA01000246104606F10101CEB2082EFFF472AF05F15B
:2092E0000101CDB2082DFFF469AF4FEA1210C0B28DF801000DF1010000F101004FEA1221FD
:2093000001F0F001C9B24FEA1253DBB203F00F0343EA0101C9B201700DF1010000F10200B3
:209320004FEA0211C9B24FEA1242D2B202F00F0242EA0101C9B2017020469DF801100170BB
:2093400000F101010DF1010202F1010212780A7000F102000DF1010101F102010978017045
:209360004FF0000003B070BD70B50C46F8F7BFF80546F8F77FFB0146A26802F104024FF074
:2093800010031370A26802F105024FF000031370A26802F106024FF000031370A26802F1A7
:2093A00007024FF000031370A26802F108024FF0000313706DB1A26802F10802A5F1010354
:2093C0004FF0010606FA03F343F00103DBB213700DE061B1A26802F10802A1F101034FF02F
:2093E000010606FA03F343F00203DBB213704FF00902E2604DB941B94FF00100FDF7AAFAC4
:20940000FCF77EFCFAF75AFC03E0FCF7B0FDFAF755FC70BD00B5F8F7B8FB00BD00B5F8F7EE
:2094200098FB00BD704700B58A6802F104024FF0100313704FF00502CA60FAF73FFC00BD57
:209440002DE900414FF4F0104FF4487190F85C1040F22858C2F2000888F800100168B1F179
:209460005A3F09D1014641F60C70C2F200004FF06002FAF7DAF909E041F60C70C2F2000016
:209480004FF060024FF0FF01FAF7E2F9BDE8008100B5014641F60C70C2F200004FF06002F6
:2094A000FAF7C3F900BD10B50C4640F22951C2F200014FF02D02FAF7B8F94FF02D002080AE
:2094C0004FF0000010BD10B50C4641F60C71C2F2000101F104014FF00702FAF7A6F94FF0F2
:2094E000070020804FF0000010BD10B50C4641F60C71C2F2000101F10B014FF00702FAF702
:2095000094F94FF0070020804FF0000010BD10B50C4641F60C71C2F2000101F112014FF008
:209520000702FAF782F94FF0070020804FF0000010BD10B50C4641F60C71C2F2000101F152
:2095400019014FF00702FAF770F94FF0070020804FF0000010BD10B50C4641F60C71C2F2DE
:20956000000101F138014FF00402FAF75EF94FF0040020804FF0000010BD10B50C4641F6F5
:209580000C71C2F2000101F13C014FF00802FAF74CF94FF0080020804FF0000010BD10B533
:2095A0000C4641F60C71C2F2000101F144014FF00802FAF73AF94FF0080020804FF0000026
:2095C00010BD10B50C4641F60C71C2F2000101F14C014FF00802FAF728F94FF008002080BD
:2095E0004FF0000010BD10B50C4641F60C71C2F2000101F154014FF00802FAF716F94FF010
:20960000080020804FF0000010BD10B50C4641F60C71C2F2000101F120014FF01802FAF7B9
:2096200004F94FF0180020804FF0000010BD10B50C4648F29861C1F6FF714FF00702FAF780
:20964000F4F84FF0070020804FF0000010BD10B50C4648F29F61C1F6FF714FF00702FAF77B
:20966000E4F84FF0070020804FF0000010BD10B50C4648F2A661C1F6FF714FF00802FAF763
:20968000D4F84FF0080020804FF0000010BD2DE9104104462089E0B948F25068C1F6FF78F8
:2096A000D8F80C1020468847208978B948F25068C1F6FF78D8F8101020468847208910B9F8
:2096C0004FF0000007E04FF0010004E04FF0010001E04FF00100BDE8108110B54FF00004A1
:2096E0000179013903D305D0013908D00AE0F8F755FB09E0C2688168F8F754FB04E0F8F7C3
:2097000071FB01E04FF00104204610BD2DE9F04CE5B082464FF000054FF000044FF000060A
:209720004FF00007FDF7CFF88DF80300DAF8000018B1DAF80000007820B94FF006054FF059
:20974000000432E04FF0000B2AE09DF803004FEA8001A1EB00004FEAC00041F6DC11C2F2F0
:20976000000108440069F7F781FF0746DAF8001058464FEA800210444FEAC00001F10401F9
:2097800008440068874203D15E464FF001040CE04FF00B054FF000040BF101005FFA80FB41
:2097A000DAF8000000788345CFD3012C2CD1DAF800000078A0F101004FEA800108444FEAB0
:2097C000C00000F1040B5846DAF8002031464FEA810319444FEAC10102F1040211444968AE
:2097E000814204D04FF003054FF000040CE0012C0AD107F1040002465146304600F059F8C2
:2098000005460DB14FF00004012C37D102A800F0B1F8DAF8001030464FEA800210444FEAE4
:20982000C00001F10401084400686FF0005100EA010001A9FAF74EF801A902A84FF00402A8
:2098400000F00DF901A95846FAF744F801A902A84FF0040200F003F95A46394602A800F05F
:20986000FEF8DAF8042002A84FF480734FF02001FFF79CF8012801D04FF00105284665B070
:20988000BDE8F08C00B541F67C70C2F2000000F071F800BD00B50A46014641F67C70C2F2E2
:2098A000000000F0DCF800BD41F67C70C2F2000070472DE9F04482B004460F464FF0000A35
:2098C0004FF0000016464FF000054BE0A54246D0396828464FEA800210444FEAC00001F178
:2098E0000401084400686946F9F7F4FF01A93A6828464FEA800318444FEAC00002F1040259
:2099000010444068F9F7E6FF694630464FF00402F9F7ACFF012806D101A906F104004FF08D
:209920000402F9F7A3FF012811D1396828464FEA800210444FEAC00001F10401084400F139
:20994000080106F108004FF02002F9F78FFF012802D106F1280602E04FF0040A06E005F1F4
:209960000100C5B2386800788542AFD3504602B0BDE8F0844EF26761C6F60921C16200F1AB
:209980002C0101F104014AF68562CBF667320A6000F12C0101F108014FF27232C3F66E4251
:2099A0000A6000F12C0101F10C014FF23A52CAF24F520A6000F12C0101F1100145F27F2293
:2099C000C5F20E120A6000F12C0101F1140146F68C02C9F605320A6000F12C0101F11801CE
:2099E0004DF6AB12C1F683720A6000F12C0101F11C014CF61952C5F6E0320A604FF0000100
:209A000007E001EB00024FF00003137001F1010189B22029F5D34FF0000114E00A464FEAAF
:209A2000820200F18C031A444FF0000313600A464FEA820200F14C031A444FF000031360AF
:209A400001F1010189B21029E8D34FF0000141624FF0000181624FF00001016270472DE96D
:209A6000F04D89B00446009193464FF00000606A20F000400BEB000A606A4FEAD07000F030
:209A800001004FEADA7202F0010202EB00072AF000404FEAC77242EA000A4FEA5700A26AB9
:209AA00000EB0206B6F1005F02D34FF0010064E1C4F824A0A6624FF000050FE028464FEAF1
:209AC000800004F18C02024428464FEA800004F14C0318440068106005F10105102DEDD3A5
:209AE0004FF000050EE028464FEA800001AA024428464FEA800004F12C031844006810609D
:209B000005F10105082DEED3206A4FEA9007206A00F003004FEAC0000646206A58444FEAD8
:209B2000901020F07C454FF0000A39E0F7F7A5FF29E038464FEA800004F18C021044C6F1F2
:209B400018024FF0FF0303FA02F23B464FEA830304F18C0C63441B6823EA0202DDF800805C
:209B60000AEB0803C6F1180C1B7803FA0CF343EA0202026006F108064FEA5610074406F003
:209B80001F060AF1010A102FD3D301A904F18C0000F0F6F84FF000074FF00006A5F1010585
:209BA000002DC3D846EA0700C0B94FF0000513E028464FEA800004F14C0210444FF00002F7
:209BC000026028464FEA800004F18C0210444FF00002026005F10105102DE9D3ABEB0A05E8
:209BE0004CE038464FEA800004F14C021044C6F118024FF0FF0303FA02F23B464FEA830328
:209C000004F18C0C63441B6823EA0202DDF800800AEB0803C6F1180C1B7803FA0CF343EA90
:209C20000202026038464FEA800004F18C021044C6F118024FF0FF0303FA02F23B464FEAF3
:209C4000830304F18C0C63441B6823EA0202DDF800800AEB0803C6F1180C1B7803FA0CF3F7
:209C600043EA0202026006F108064FEA5610074406F01F060AF1010AA5F10105002DB0D8F0
:209C8000C6F118004FF0800202FA00F338464FEA800004F18C020244106840EA0300106030
:209CA0004FF000050EE028464FEA800004F12C02024428464FEA800001AB184400681060DB
:209CC00005F10105082DEED338464FEA80004FEAD60210442062206A372814D901A904F1FF
:209CE0008C0000F04DF84FF000050AE028464FEA800004F18C0210444FF00002026005F1DE
:209D00000105102DF2D304F18C0000F13C00626A4FEAC202026004F18C0000F13800626AEC
:209D20004FEA527202F00302A36A4FEAC30343EA0202026001A904F18C0000F021F84FF01D
:209D400000074FF0000514E005EB04004FEA95024FEA820201AB1A44C7F11803126822FAD0
:209D600003F2D2B2027007F1080000F01F0705F10105202DE8D34FF0000009B0BDE8F08DC4
:209D80002DE9F04FC3B005460C464FF4807248F2B461C1F6FF7103A800F0BDFC4FF0100010
:209DA00082E0A0F10F014FEA8101294409684FEAD11121F07E42A0F10F014FEA8101294452
:209DC00009684FEA416141EA0201A0F10F024FEA82022A4412684FEA9242C2F30D03A0F15F
:209DE0000F024FEA82022A4412684FEA823242EA030282EA0102A0F10F014FEA8101294457
:209E000009684FEAD10121F0604181EA020EA0F102014FEA8101294409684FEA5141C1F3ED
:209E20000E02A0F102014FEA8101294409684FEAC13141EA0201A0F102024FEA82022A44CC
:209E400012684FEAD242C2F30C03A0F102024FEA82022A4412684FEA423242EA030282EAF3
:209E60000102A0F102014FEA8101294409684FEA9121C1F3150181EA020301464FEA81018B
:209E80002944A0F110024FEA82022A4412680EEB0206A0F107024FEA82022A441268324457
:209EA0001A440A6000F101004028FFF47AAF216804F10400066804F10800076804F10C0007
:209EC000D0F80080CDF8088004F11000026804F11400D0F800C004F11800D0F800A004F183
:209EE0001C00D0F80080CDF804804FF000007AE04FEA910323F040434FEA817B4BEA030349
:209F00004FEA513BCBF3120B4FEAC14E4EEA0B0B8BEA03034FEA915BCBF3090B4FEA812EB1
:209F20004EEA0B0B8BEA030B06EA010307EA010E8EEA030307EA060E8EEA030EF3444FEAE0
:209F4000921323F07C434FEA826E4EEA03034FEAD22ECEF3140E4FEA4258CDF80080DDF81A
:209F6000008048EA0E0E8EEA03034FEA526E0EF07F0E4FEAC218CDF80080DDF8008048EA32
:209F80000E0E8EEA03030CEA0208CDF800802AEA020EDDF800808EEA080EDDF804804344FB
:209FA000734486464FEA8E0E0DF10C09CDF80490DDF80480C644DEF800E09E4403464FEA60
:209FC00083032B441B687344CDF804A0E2469446DDF8088003EB0802029737460E460BEB32
:209FE000030100F10100402882D320680844206004F1040108683044086004F108010868A6
:20A000003844086004F10C010868DDF808804044086004F1100108681044086004F1140165
:20A0200008686044086004F1180108685044086004F11C010868DDF804804044086043B070
:20A04000BDE8F08F2DE9004142F20818C2F2000898F80000D8B94CF67C30C1F6FF700DF043
:20A06000E5F94FF0010042F20818C2F2000888F800004FF001000AF0D3F941F288314FF001
:20A0800001000AF041F94FF0620008F035F8BDE800812DE9004142F20818C2F2000898F8A8
:20A0A0000000012803D14FF0620008F025F8BDE800812DE9004100F01BF8012809D142F236
:20A0C0000818C2F2000898F80000012801D1FFF7E0FFBDE800814DF8048D4FF0010042F2D4
:20A0E0000918C2F2000888F800005DF8048B70474DF8048D4FF0000042F20918C2F2000842
:20A1000098F80010012909D14FF001004FF0000142F20918C2F2000888F800105DF8048B96
:20A1200070474DF8048D4FF0010040F25658C2F20008A8F800004FF0000042F20C18C2F2CB
:20A140000008A8F814004FF0000042F20C18C2F2000888F816005DF8048B70472DE9104158
:20A1600014464FF0000242F20C18C2F20008C8F80C204FF0800242F20C18C2F2000888F8EF
:20A18000042042F20C18C2F20008C8F800004FF0000042F20C18C2F20008C8F8100042F270
:20A1A0002410C2F2000020604FF0000020610A46214642F20C10C2F2000000F010F8A08A9A
:20A1C00042F20C18C2F20008A8F81400A07D42F20C18C2F2000888F81600BDE810812DE9A4
:20A1E000F04F82B0044601914FF000074FF0000B4FF00009ADF802904FF000098DF80190A5
:20A2000010464FEAC00006464FF0000510E2F7F734FCA07D002840F24F81A07DA0F1010059
:20A22000A28A42FA00F0012858D14FF0000A09E04FF0010000FA0AF0284485B20AF101006F
:20A240005FFA80FAA07DA0F101008245F0D3A08A05EA000085B2A07DC0F1090005FA00F0DC
:20A2600080B20546A07DC0F1080000F101000146204600F00BFAC0B20746E8B23844C7B2A9
:20A28000A07DC0F1080000F10100A6EB00060199384600F02FFA40F25658C2F20008B8F8E2
:20A2A000000042F6A402C2F200021044077040F25658C2F20008B8F8000000F10100C0F34E
:20A2C000090080B240F25658C2F20008A8F800004FF000054FF00000A075A9E1A07D0B2895
:20A2E0004AD84FF000054FF0000A09E04FF0010000FA0AF0284485B20AF101005FFA80FA20
:20A30000A07DA0F101008245F0D3A08A05EA000085B2A07DC0F10B0005FA00F080B205466F
:20A32000A07DC0F10B0090B1A07DC0F10A0000F101000146204600F0A9F980B2ADF8020021
:20A34000A07DC0F10A0000F10100A6EB0006BDF8028008EB0500ADF8020020464FF004011C
:20A3600000F094F9C0B28346A6F104064FF000054FF00000A07564E04FF00005A07DA0F1B6
:20A380000B00C0B2824609E04FF0010000FA0AF0284485B20AF101005FFA80FAA07DA0F13B
:20A3A00001008245F0D3A08A05EA000085B2A07DA0F10B0045FA00F080B2ADF802004FF0C2
:20A3C00000054FF0000A09E04FF0010000FA0AF0284485B20AF101005FFA80FAA07DA0F1F2
:20A3E0000B008245F0D3A08A05EA000085B2A07DA0F10A00A0F10100C0F1040005FA00F08A
:20A4000080B20546A07DA0F10A00A0F10100C0F104000146204600F039F9C0B28346E8B21C
:20A4200058445FFA80FBA07DA0F10A00A0F10100C0F10400A6EB00064FF000054FF0000093
:20A44000A0750BF102005FFA80FB4FF0000A30E0BDF802800AEB0800C0F3090042F6A402EE
:20A46000C2F20002104407780199384600F042F940F25658C2F20008B8F8000042F6A402E6
:20A48000C2F200021044077040F25658C2F20008B8F8000000F10100C0F3090080B240F2DD
:20A4A0005658C2F20008A8F800000AF101005FFA80FADA45CCD3BBE0204600F0C2F8012831
:20A4C0004ED1092E21D2A6F101000146204600F0DDF880B2DDF80480A8F81400F0B2A0F1B7
:20A4E00001004FF0010202FA00F2DDF80480B8F81400104480B2DDF80480A8F81400F0B2D9
:20A50000DDF8048088F8160098E0A6F1090620464FF0080100F0BAF8C0B207460199384607
:20A5200000F0E8F840F25658C2F20008B8F8000042F6A402C2F200021044077040F25658C0
:20A54000C2F20008B8F8000000F10100C0F3090080B240F25658C2F20008A8F8000067E02C
:20A560000F2E10D2A6F101000146204600F08EF880B2DDF80480A8F81400F0B2DDF80480C7
:20A5800088F816005AE0A6F10F0620464FF00A0100F07CF880B2ADF80200BDF80280B8F172
:20A5A000000F04D14FF001098DF8019040E020464FF0040100F06AF8C0B283460BF1020003
:20A5C0005FFA80FB4FF0000A30E0BDF802800AEB0800C0F3090042F6A402C2F20002104476
:20A5E00007780199384600F085F840F25658C2F20008B8F8000042F6A402C2F20002104423
:20A60000077040F25658C2F20008B8F8000000F10100C0F3090080B240F25658C2F20008FB
:20A62000A8F800000AF101005FFA80FADA45CCD39DF80180B8F1000F3FF4E9AD02B0BDE8FF
:20A64000F08F017980290CD101690268114409788160016901F101010161C16801F1010113
:20A66000C1600179826801EA020201794FEA5101C9B20171017911B94FF08001017112B13B
:20A680004FF0010001E04FF00000704770B50446A1F101004FF0010101FA00F54FF000062B
:20A6A00024E0207980280CD12069216808440078A060206900F101002061E06800F101006C
:20A6C000E0602079A16800EA010008B146EA05064FEA550520794FEA5000C0B22071207968
:20A6E00010B94FF080002071F7F7C7F9002DD8D1304670BD0A690B681A4410700A6902F1F0
:20A7000001020A61704700B5F6F7D7FEF6F7AAFFFBF7AAFAFAE7E1B4121F39DB850713D047
:20A72000AD0F0B78491C0370401C022D09D80B78491C0370401C022D03D00B78491C037082
:20A74000401C5219121F23DB8D072ED1083A13DB143A0BDBE8C9E8C0E8C9E8C0203AF9DA2D
:20A76000131C103302DBE8C9E8C0103A143203DBA8C9A8C00C3AFBDA083209DB121F04DAA2
:20A780000B68091D0360001D02E028C928C0121F121D60D00B780370022A5CDB4B78437086
:20A7A000022A58DD8B78837055E0AD0F0326B1430E68091D022D1ADC33D00C2A0CDB0C3A0D
:20A7C000330A60C92F063B432D0A37063D4328C0083AF5DA0C3208DB350A0E68091D37063A
:20A7E0003D430560001D121FF6DAC91ED0E70C2A0CDB0C3A330E60C92F023B432D0E3702C8
:20A800003D4328C0083AF5DA0C3208DB350E0E68091D37023D430560001D121FF6DA491E1C
:20A82000B6E70C2A0CDB0C3A330C60C92F043B432D0C37043D4328C0083AF5DA0C3208DBF1
:20A84000350C0E68091D37043D430560001D121FF6DA891E9CE7E1BC7047000020B5051C69
:20A86000002902D000F00AF807E0081C002B04D1291C101C00F04EFB002120BDE0B59AB059
:20A88000169017911F1C161C1A4300D1B0E21093149600221592002B01D0381C00E0301CAB
:20A8A00000F005FB3B1C01D0002200E020221518721EE148834132403B401343179B06D1C6
:20A8C0003F22521B1698191C00F042FB90E2169AB242BB4102D20020011C89E2291C01D1F5
:20A8E000012085E2179A202D00DAEBE0002A4ED1169A149E09924022551B2022521B964090
:20A9000001D1012038E0CD4B311C981B00F0E7FACA4B4142981B00F0E2FA4700311C381C44
:20A9200000F0DDFA4142381C00F0D9FA4700311C381C00F0D4FA4142381C00F0D0FA470038
:20A94000311C381C00F0CBFA4142381C00F0C7FA8700033F311C381C00F0C1FA3218BF1AE1
:20A96000311C381C00F0BBFA3218BF1A311C381C00F0B5FA3218B81A013D099900F0AFFA99
:20A98000099B1A1A52088018E840002130E2302D00DA97E0100C00901004169A000C0190D7
:20A9A000100C03901004149A000C04901604360C0A964022551B2022521B964001D101213F
:20A9C00038E09E4B311C981B00F089FA9B4B4142981B00F084FA4700311C381C00F07FFA28
:20A9E0004142381C00F07BFA4700311C381C00F076FA4142381C00F072FA4700311C381CB8
:20AA000000F06DFA4142381C00F069FA8700033F311C381C00F063FA3218BF1A311C381C3A
:20AA200000F05DFA3218BF1A311C381C00F057FA3218B91A0C91009E0F1C013D081C311C98
:20AA400000F04DFA321A52088218EA400A9B1204120C0D925A430198B21A16040643311C2B
:20AA6000381C00F03CFA321A52088218EA400A9917043F0C3A1C4A430C980399B21A1204E4
:20AA80001143139100F02BFA13990A9B0A1A52088218EA40161C5A430C988A1A049912044C
:20AAA0001143129100F01BFA12990A1A52088218EA4012040D98120C33041A4301043943BF
:20AAC000101C95E1281111900421081A0790002D19D0002D13D0149E1F2D06D92B1C203B77
:20AAE0009E400021371C0E1C09E0109F331CAF40311C2026761BF1400F43AB401E1C14968E
:20AB00000023159310972D072D0F130C20D11698002D01D117990FE0031C1F2D04D9203D52
:20AB2000AB40191C002007E0AA402026761BF0400243111CAB40181C119E013E11960B1CB0
:20AB40000A0C010C0604360C01A846C000202AE000210291002D1ED01026761BF3401804C8
:20AB6000000C02901698002D01D117990FE0031C1F2D04D9203DAB40191C002007E0111CF2
:20AB8000A9402022521BD0400143AB40181C169017910A1C0B0C1004169A000C0190100CA2
:20ABA00003901004000C04901804000C00901098149A050C05950104090C0891100C0B902B
:20ABC0001004000C0A9000211891199111986A1E2A4001D0102100E00F210E912022521A4D
:20ABE0009540069001D101213EE0144B291C581B00F075F9114B4142581B00F070F9460072
:20AC0000291C301C00F06BF94142301C00F067F94600291C301C00F062F94142301C00F04F
:20AC20005EF94600291C301C00F059F94142301C00F055F904E0C04600000000FFFFFF7F31
:20AC40008600033E291C301C00F049F92A18B61A291C301C00F043F92A18B61A291C301CF8
:20AC600000F03DF92A18B11A06980F910501029805998842009903D101231B040E1C16E08B
:20AC800006040E980E43471E311C0F9800F027F9331A5B08C3180598FB401F1C4743F61B11
:20ACA000089F01985F4332040243974208D90598013B3618012000048642F1D3089F5F435C
:20ACC00007980026042101400AD00A9E5E430498861B3004000C0490360C76423604360C9F
:20ACE0000798052101400BD00B9A5A430398821A961B3004000C0390360C76423604360C00
:20AD00000198C21B911B0804000C01900A0C059F56423604360C5F430098C21B961B30049E
:20AD2000000C0090320C029856423604360C861B320C2AD00698013B002826D007980421F6
:20AD4000014007D00A9804994218B6183004000C0490360C07980521014007D00B98039942
:20AD60004218B6183004000C0390360C089801994218B6183004000C019005980099360CEB
:20AD80004218B6183004000C00901E1C0027002D0DD01F2D05D92A1C203A93401F1C002652
:20ADA00005E02022501B1F1CC740AB401E1C189B3343199E00983E430004000C0290019866
:20ADC000069A0004000C0090039818930004000C0190049819960004000C039000210491A8
:20ADE000103D501E0690002A00D040E7181C311C1AB0E0BDE0B58BB0059006910004000CED
:20AE0000160C1104090C051C4D4309920A932A04120C2B0C051C754303962E04360C9B19E0
:20AE20002F0C0A9D2E04360C051C754304962E04360CBF192E0C0A9D2D0C45437619059D2A
:20AE4000280C03B40D1C45432904090C02915B182D0C7F190599051C4D4306992804000C17
:20AE600003903F182D0C761901BC484336180798009D0004000C45432904090C03917F1849
:20AE80002D0C04997619484336180798050C02BC4D4376191D0C7F193D0C76193F043F0CC0
:20AEA000310439430891180410430BB0E0BD002801D1202012E01F22010C01D0081C103AC8
:20AEC000010A01D0081C083A010901D0081C121F810801D0081C921E4108501A704760B553
:20AEE0000204120C0B041B0C090C151C4D43000C061C5E435A43120C33041B0C9A182B0459
:20AF00001B0C9A18120C48438018310C0818290C081860BD60B400230125021C04D10B4AA3
:20AF2000002A10D060BC1047914207D3891A5B194E08B242F8D252006D00F5E7012D02D021
:20AF400052086D08F0E7181C60BC70470000000060B50D1C011C0023181C402A0CD2161C18
:20AF6000203E2B1CF340002E06DA281CD0400B1CD34071428D402B43011C181C60BD000001
:20AF800030B44FF0000308E003EB010403EB00052D78257003F10103DBB29342F4D330BC76
:20AFA000704710B443F23C02C4F203024FF0000109E001EB0203C1F10F04044424781C7099
:20AFC00001F10101C9B21029F3D310BC704710B443F25C02C4F203024FF0000109E001EB59
:20AFE0000203C1F10F04044424781C7001F10101C9B21029F3D310BC704710B443F25C02CF
:20B00000C4F203024FF0000111E0042905D201EB02034FF000041C7006E001EB0203C1F1F7
:20B020000F04044424781C7001F10101C9B21029EBD310BC704710B443F21C02C4F20302D2
:20B040004FF0000109E001EB0203C1F10F04044424781C7001F10101C9B21029F3D310BC67
:20B0600070472DE9700184B002460C466D4647F2C876C1F6FF760BCE0BC53068286043F270
:20B080003808C4F20308D8F8000000BA009043F23408C4F20308D8F8000000BA694601F138
:20B0A0000401086043F23008C4F20308D8F8000000BA694601F10801086043F22C08C4F23A
:20B0C0000308D8F8000000BA694601F10C0108604FF0000008E000EB02016B4603441B7825
:20B0E0000B7000F10100C0B2A042F4D304B0BDE8700170474DF8048D4FF0000301F001013C
:20B100004FEA002040EA010002F0FF014FEA014141EA000343F20C08C4F20308C8F8003016
:20B120005DF8048B70472DE900414FF0000043F20408C4F20308D8F8000010F0010F02D129
:20B1400040F2031009E04FF0010043F20808C4F20308C8F8000000F014F8BDE8008170B574
:20B160000C4615461E464FF00001FFF764FF324629462046FFF7BEFFFFF7D5FF01460846C6
:20B1800070BD2DE9304182B04FF000004FF0000000904FF000044FF000054FF00000019064
:20B1A00069464FF0000009F0AAFA4FF000044FF47A614FF0000009F0C0FA054607E001AAD4
:20B1C00069464FF0000009F0A6FA0198044443F20408C4F20308D8F8000010F0010F01D153
:20B1E000AC42ECD343F20408C4F20308D8F8000010F0010F0AD043F20408C4F20308D8F814
:20B2000000004FEAC0504FEA106001E04FF4807002B0BDE8308130B50C461546FFF7C1FED9
:20B220002046FFF7EAFE29464FF080024FF05000FFF760FFFFF777FF30BD2DE9F04D8AB0D0
:20B240000E4601929B464FF0000101994FEAD117019901F07F01C9B20C464FEAD401C9B2CA
:20B260000D4604F00701C9B28DF8031047F2D871C1F6FF7106ABD1F800C0C3F800C0D1F845
:20B2800004C0C3F804C0D1F808C0C3F808C0C968D96047F2E871C1F6FF7102ABD1F800C0FE
:20B2A000C3F800C0D1F804C0C3F804C0D1F808C0C3F808C0C968D960FFF773FE59464FF044
:20B2C00080024FF05000FFF715FFFFF72CFF014600295FD14FF0000A0EE05A4650464FEAEC
:20B2E000001030444FF080034FF05101FFF737FF014619B90AF1010ABA45EED329BB24B3B1
:20B300002A4606A950464FEA00103044FFF738FE06A8284451464FEA0111294431444FF072
:20B3200001039DF8038003FA08F3A3F10103097803EA0101C9B201705A4606A84FF08003F5
:20B340004FF05101FFF70BFF0146C1B94FF00C000AE002A90144C0F10F0301AC23441B780C
:20B360000B7000F10100C0B21028F2D35A4602A84FF080034FF05101FFF7F1FE014649B926
:20B3800059464FF080024FF05300FFF7B3FEFFF7CAFE014608460AB0BDE8F08D10B44FF0E2
:20B3A0000103C0F10F04072801D30D2801D94FF00003022C02D1B1F5803F04D2032C04D131
:20B3C000B1F1807F01D34FF00003042A01D3102A01D94FF00003184610BC70472DE9F04D2A
:20B3E00005460C4616469A46DDF820B00A9F5A4631462046FFF7D2FFE0B2C0F10E005FFA38
:20B400008BF1A1F102014FEA51014FEAC10141EA0000BAF1000F8CBF012100214FEA811157
:20B4200041EA0000C0B23870E0B2C0F10E00C0B2DDF8248088F800004FF0000012E000F1E9
:20B440000101394400EB050212780A7000F10101DDF82480414400EB050212780A7000F19F
:20B460000100C0B2A042EAD34FF00F000EE000EB0702C0F10F014FEAC10126FA01F101F0CB
:20B48000FF01C9B21170A0F10100C0B2A042EED8BDE8F08D2DE9F04D8BB00C4615461E4643
:20B4A000DDF84CB0149FDDF854A04FF0000147F2F871C1F6FF7107AA0B6813604B68536039
:20B4C0008B689360C968D16047F60801C1F6FF7103AA0B6813604B6853608B689360C968A7
:20B4E000D1604FF0010140F26058C2F2000888F80010FFF756FD03A8029007A80190009747
:20B500005B46324629462046FFF768FF07A8FFF75EFD524603A84FF080034FF06001FFF745
:20B520001EFE014608460BB0BDE8F08D2DE9F04488B0044617464FF0000047F61800C1F609
:20B54000FF7004AA036813604368536083689360C068D06047F62800C1F6FF706A460368B6
:20B5600013604368536083689360C068D0604FF00000B1F57F4F0ED24FEA1120C0B28DF8D0
:20B58000100004A800F1010001F0FF02D2B202704FF002002BE04FF0FF008DF8100004A84A
:20B5A00000F101004FF0FE02027004A800F102004FEA1162D2B2027004A800F103004FEACE
:20B5C000114202F0FF02D2B2027004A800F104004FEA112202F0FF02D2B2027004A800F19C
:20B5E000050001F0FF02D2B202704FF00600C0F11002914205D20A464FF0000A4FF00006CE
:20B600000CE0C0F1100200EB01034FEA1313A3F1010A014401F00F01C9B20E464FF0000535
:20B6200009E005EB000104AB194405EB04031B780B7005F101059542F3D33A4604A84FF01B
:20B6400080034FF06101FFF78AFD98B925444FF000040DE03A4620464FEA001028444FF085
:20B6600080034FF06101FFF77AFD18B904F101045445EFD380B97EB13246694620464FEAE5
:20B6800000102844FFF77CFC3A4668464FF080034FF06101FFF763FD08B0BDE8F0842DE9F2
:20B6A000F04D85B0044615469B464FF000064FEA1118CDF8008001F00F00C0B2824647F62F
:20B6C0003800C1F6FF7001AA016811604168516081689160C068D06040F26058C2F2000855
:20B6E00098F8000010B94FF4817644E04FF0000716E05A4638464FEA001020444FF08003CA
:20B700004FF06201FFF72BFD06466EB938464FEA001028444FF01001FFF7A3FC07F10107DE
:20B72000DDF800804745E4D32EBBBAF1000F22D04FF0000040F26058C2F2000888F8000077
:20B74000524601A938464FEA00102044FFF718FC50464FEAC00003465A4601A84FF06201AF
:20B76000FFF7FDFC064636B9514638464FEA00102844FFF776FC304605B0BDE8F08D2DE90A
:20B78000F04C05460C469446DDF820A0DDF824B00A9F4FF000062BB13A4619466046FFF773
:20B7A000C5FE06463CB136B93B46079A21462846FFF775FF064676B939464FF080024FF043
:20B7C0006300FFF797FCFFF7AEFC06461EB959465046FFF746FC3046BDE8F08CF0B44FEAD9
:20B7E000D20502F007044FF000034FF000060EE006EB010206EB00073F78127887EA02025E
:20B8000012B14FF0010304E006F10102D6B2AE42EED39BB994B1314430440078097880EA26
:20B820000100C0B24FF0010101FA04F1A1F1010100EA0100C0B208B14FF001031846F0BC6D
:20B8400070472DE900414FF0010140F26158C2F2000888F80010FFF7A4FB4FF080024FF0CD
:20B8600000014FF08000FFF745FCBDE800812DE9F04584B007464FF000044FEA111A01F047
:20B880000F00C0B2064647F64800C1F6FF706A46016811604168516081689160C068D0601A
:20B8A00040F26158C2F2000898F8000010B94FF481743EE04FF0000513E0FFF734FC04468B
:20B8C0008CB928464FEA00103844FFF7B4FB4FF080024FF000014FF08100FFF70BFC05F197
:20B8E00001055545E9D324BB1EB34FF0000040F26158C2F2000888F80000FFF714FC044686
:20B900007CB93246694628464FEA00103844FFF737FB684630444FF0800101706846FFF779
:20B920008AFB4FF080024FF000014FF08100FFF7E1FB204604B0BDE8F0852DE9704114469A
:20B940001D464FF0000611B1FFF791FF0646DEB940F26158C2F2000898F80000012802D1E1
:20B960004FF0820201E04FF0830210464FF080024FF00001FFF7BEFBFFF7D5FB06461EB970
:20B9800029462046FFF76DFB3046BDE87081F0B50C4615461E46059F4FF00001FFF751FF88
:20B9A00029462046FFF763FF014641B93B4632464FF000014FF00000FFF7BFFF0146084658
:20B9C000F0BDF0B585B01D460A9E0B9F4FF0000447F65804C1F6FF7401ABD4F800C0C3F832
:20B9E00000C0D4F804C0C3F804C0D4F808C0C3F808C0E468DC6006F107034FEAD303009336
:20BA000001ABFFF7C4FF04462CB9324601A92846FFF7E4FE3870204605B0F0BD2DE9F04470
:20BA200004460F461E464FF00005002AD0B24FEA0010C0B282462046FFF7B3FABAF1000FCD
:20BA400002D03846FFF7C3FA314650464FF08002FFF750FBBAF1700F0ED1FFF764FB05462B
:20BA600055B904F11000FFF79CFA31464FF080024FF07100FFF73EFB2846BDE8F0842DE973
:20BA8000F04C044615464FF00007D8B24FEA001000F10100C0B28246072B06D1D8B24FEAB4
:20BAA000001000F10200C0B2824601F00F0008BB4FEA111B4FF0000619E030464FEA001024
:20BAC0002044FFF7B8FAFFF72EFB0746A7B930464FEA001028444FF01001FFF7C2FA0799C1
:20BAE00050464FF08002FFF705FB06F101065E45E3D301E04FF481773846BDE8F08C2DE9D1
:20BB0000F04481B014461E46DDF81CA0089D099F4FF00002002D3B462A46FFF77FFF024609
:20BB20003AB900972B46524631462046FFF7A7FF0246104601B0BDE8F0842DE910414FF0EB
:20BB400000044FF0000440F25858C2F2000888F800404FF0010440F26258C2F2000888F8D4
:20BB600000404FF0000442F6B048C2F20008C8F800404FF0000442F6B448C2F20008C8F863
:20BB80000040602A04D11A46FFF745FB044602E0FFF753FB04462046BDE810812DE9F045CF
:20BBA00084B0044617464FF000004FEA111A01F00F01C9B20E4647F66802C1F6FF726B46B7
:20BBC000116819605168596091689960D168D96040F25858C2F2000898F80010012902D162
:20BBE0004FF481703BE04FF0000515E042F6B041C2F20001086800F1100008603A46284618
:20BC00004FEA001020444FF080034FF05101FFF7A6FA18B905F101055545E7D3F8B9F6B115
:20BC20004FF0010040F25858C2F2000888F8000042F6B041C2F20001086830440860324604
:20BC4000694628464FEA00102044FFF799F93A4668464FF080034FF05101FFF780FA04B0ED
:20BC6000BDE8F0852DE9F04D85B0044615469B464FF000064FEA1118CDF8008001F00F00B0
:20BC8000C0B2824647F67800C1F6FF7001AA016811604168516081689160C068D0604FF03F
:20BCA000010040F25858C2F2000888F8000040F26258C2F2000898F8000010B94FF481762A
:20BCC00053E04FF000071EE042F6B441C2F20001086800F1100008605A4638464FEA0010CB
:20BCE00020444FF080034FF05201FFF738FA06466EB938464FEA001028444FF01001FFF778
:20BD0000B0F907F10107DDF800804745DCD366BBBAF1000F29D04FF0000040F26258C2F237
:20BD2000000888F8000042F6B441C2F20001086850440860524601A938464FEA00102044C0
:20BD4000FFF71EF950464FEAC00003465A4601A84FF05201FFF703FA064636B951463846E0
:20BD60004FEA00102844FFF77CF9304605B0BDE8F08D2DE9F04988B005460C469446DDF883
:20BD800044B0129F4FF0000647F68800C1F6FF7004A902680A6042684A6082688A60C068FD
:20BDA000C8602BB13A4619466046FFF7F7FE06463CB136B93B460F9A21462846FFF752FFA1
:20BDC0000646002E52D142F6B048C2F20008D8F8000000464FF000014FEA507423464FEAE5
:20BDE000C002CDE9022342F6B448C2F20008D8F8000000464FF000014FEA507423464FEAC1
:20BE0000C002CDE900234FF0000014E004A90144C0F1070202AB1A4412780A7004A901F1FA
:20BE200008010144C0F107026B461A4412780A7000F10100C0B20828E8D33A4604A84FF02D
:20BE400080034FF05101FFF78AF9064676B939464FF080024FF05400FFF74CF9FFF763F97A
:20BE600006461EB959461098FFF7FBF8304608B0BDE8F0892DE9F04D84B01D460C9E0E9FE2
:20BE8000DDF83CA0DDF844B0129C4FF000032346FFF753FE034637B12BB9224639460D98E7
:20BEA000FFF77CFE03463EB133B92346524631462846FFF7D7FE03469BB90394CDF808B08C
:20BEC000DDF84080CDF80480CDF800A04FF000034FF000024FF000014FF00000FFF749FFDF
:20BEE0000346184604B0BDE8F08D2DE9F04D84B01F460C9D0E9EDDF83CA0DDF844B0129C5C
:20BF00004FF000030294CDF804B000962B46FFF7C1FA034636B12BB9224631460D98FFF78A
:20BF200005FB03463DB133B92346524629463846FFF7B5FB03469BB90394CDF808B0DDF8C4
:20BF40004080CDF80480CDF800A04FF000034FF000024FF000014FF00000FFF710FC034626
:20BF6000184604B0BDE8F08D10B44FF000024FF000014FF000011FE003464FEA830342F6C9
:20BF8000B844C2F2000423441C680B464FEA8303E46923441B6863B10B464FEA830342F65F
:20BFA000BC44C2F2000423441B6813B14FF001020EE001F10101C9B203464FEA830342F63C
:20BFC000B844C2F2000423441B689B689942D3D3104610BC7047F0B50D46059E4FF0000488
:20BFE0004FF000014FEA800042F6C047C2F200073844006840680068013803D320D0013822
:20C0000062D0E1E0B47C4FF040414FF000001060B06850B118464FEAC00072691044406847
:20C020004FEA400041EA0001D1E018464FEAC0007269104440684FEAC04041EA0001C6E071
:20C04000B07C4FEA4000C0B204464FF040414FF001001060B068E0B118464FEA40004FEA56
:20C06000C0007269104440684FEAD0304FEA004041EA000118464FEA400000F101004FEA49
:20C08000C0007269104440684FEAD03041EA00019DE018464FEA40004FEAC0007269104428
:20C0A00040684FEAC04041EA000118464FEA400000F101004FEAC0007269104440684FEAA1
:20C0C000C00041EA000182E0B07C4FEA8000C0B204464FF002001060B068D0B318464FEA8E
:20C0E00080004FEAC0007169084440684FEA50504FEA006118464FEA800000F101004FEA44
:20C10000C0007269104440684FEA50504FEA004041EA000118464FEA800000F102004FEAC7
:20C12000C0007269104440684FEA50504FEA002041EA000118464FEA800000F103004FEAC6
:20C14000C0007269104440684FEA505041EA00013DE018464FEA80004FEAC00071690844F0
:20C1600040684FEAD0004FEA006118464FEA800000F101004FEAC0007269104440684FEA62
:20C18000D0004FEA004041EA000118464FEA800000F102004FEAC0007269104440684FEA17
:20C1A000D0004FEA002041EA000118464FEA800000F103004FEAC0007269104440684FEA16
:20C1C000D00041EA000102E04FF0030010600A461946284603F066FE2046F0BD2DE9F04CF6
:20C1E00040F20C47ADEB070D8DF807000F469DF807104FEA810142F6C043C2F20003194477
:20C20000D1F800A04FF000044FF0000B11464FEA8101DAF8242011440D684FF000064FF0B2
:20C22000000102914FF4806247F6A041C1F6FF7103A8FEF770FAA97C4FEA910101F106010D
:20C24000202907D8A97C4FEA910101F10601C9B20E4601E04FF020064FF000040BE00095F5
:20C26000234602AA39469DF80700FFF7B4FE834604F10101CCB2B44202D2A97C8C42EED32A
:20C28000DAF804104968384603F0ECFD4FF0000429E021464FEAC10103AA0A4421464FEA64
:20C2A000C1016B69194409685160A96841B121464FEAC10103AA11444FF001024A7007E01F
:20C2C00021464FEAC10103AA11444FF000024A7021464FEAC10103AA11444FF000020A70E0
:20C2E00004F10101CCB25C45D3D303AA0299384603F028FD40F20C47BD44BDE8F08C2DE9E7
:20C30000F04C06468A4630464FEA800042F6C041C2F20001084405684FF0000450464FF0D7
:20C32000010103F0C2FC4FF0000428E020464FEA8000696A08440768B869A8B9B86810B9E7
:20C340004FF0000B01E04FF0010B786903685A46397F504603F056FA786943683A7F594606
:20C36000504603F043FD07E0B869022804D1224651463046FFF732FF04F10100C4B295F858
:20C3800020008442D2D3504603F0CDFC10B94FF0000001E04FF00100BDE8F08CF0B5044687
:20C3A0000E4615464FF0010720464FEA800042F6C041C2F20001084405604FF000014FF04A
:20C3C00000024FF000004FF00000A86A026820464FEA80004CF6B031C1F6FF710844016843
:20C3E000304603F044FAC0B20746002F40F09B80304603F0A0FA42F6C440C2F20000204406
:20C400004FF001010170288B4FEA8001A1EB00004FEAC000E96908440178304603F061FD9A
:20C420004FF000000EE021464FEAC111014442F6D042C2F2000211444FF0FF020A7000F118
:20C440000100C0B28028EED34FF0000163E008464FEA80006A6A10440068027B4FEA8202AC
:20C4600042F6C843C2F200031A4410608269013A03D30FD0013A27D04AE022464FEAC21248
:20C48000037F1A4442F6D043C2F200031A44007B10703DE04FF0000212E023464FEAC31399
:20C4A00090F81CC09444634442F6D04CC2F2000C634490F80CC083F800C002F10102D2B2D5
:20C4C000037C9A42E9D323E022464FEAC212037F1A4442F6D043C2F200031A44037B13708C
:20C4E00042F6D042C2F2000202F1060322464FEAC2121A44037B137042F6D042C2F200026C
:20C5000002F1070322464FEAC2121A44007B107001F10100C1B295F82000814297D3314699
:20C520002046FFF7ECFE3846F0BD30B505464FF000044FF001014FF000004FF000044BE029
:20C5400028464FEA800042F6B842C2F200021044026820464FEA8000D26910440068C0B385
:20C5600028464FEA800042F6B842C2F200021044026820464FEA8000D26910440068C2789E
:20C58000012A26D121464FEA410143F26812C2F200021144028B0A8021464FEA810143F26F
:20C5A0006C12C2F2000211444FF000020A60024681782046FFF7F2FE0146C9B920464FEA52
:20C5C000800042F6BC42C2F2000210444FF00202026004F10100C4B228464FEA800042F62B
:20C5E000B842C2F200021044006880688442A7D301292DD14FF000041DE028464FEA800018
:20C6000042F6B841C2F200010844016820464FEA8000C9690844006850B120464FEA80005A
:20C6200042F6BC41C2F2000108444FF00001016004F10100C4B228464FEA800042F6B8415F
:20C64000C2F200010844006880688442D5D313E028464FEA800043F26411C2F20001084456
:20C660004FF00101016028464FEA800043F26411C2F200010844006830BD70B44FF000038B
:20C680004FF000044FF0000505784FEA450543F26816C2F2000635442D884FEA8506A6EB23
:20C6A00005054FEAC505C0692844807A01280DD190784D7CA84206D8907808280BD950686A
:20C6C00000F0804038B94FF0010304E09078082801D94FF00103012B05D0906808B9887B80
:20C6E00008B14FF00104204670BC70472DE9F0440E464FF000044FF0000501464FEA8101CD
:20C7000042F6C042C2F200021144D1F800A042F6C441C2F200010844007801280ED1304637
:20C7200003F004FADAF8081001F0020131B930464FF000024FF0000103F08BFA4FF000048E
:20C7400022E021464FEA81010846DAF8241008440768B869012810D14FF0000509E0387F97
:20C760002844C0B20146304603F003F805F10100C5B2387C8542F2D303E0397F304602F07F
:20C78000F8FF04F10100C4B29AF820008442D8D3304603F0C8FAC0B2BDE8F08470B50546ED
:20C7A0004FF000004FF000044FF001064FF000004FEA800042F6B841C2F20001084401681E
:20C7C00028464FEA8000C9690844046828464FEA800042F6BC41C2F200010844006801384A
:20C7E0002DD302D0023818D929E0A1782078FFF77DFF20BB28464FEA800042F6BC41C2F225
:20C80000000108444FF00201016060784FF00201F5F75EFC4FF0000611E028464FEA80006B
:20C8200042F6BC41C2F2000108444FF00201016060784FF00201F5F74BFC4FF00006304617
:20C8400070BD10B54FF000024FF000024FF001014FF000024FEA820242F6B843C2F200033B
:20C860001A44136802464FEA8202DB691A44126803464FEA830342F6BC44C2F2000423445F
:20C880001B68022B11D14FEA800042F6BC41C2F2000108444FF00301016050784FF0030168
:20C8A000F5F716FC4FF000010BE04FEA800042F6BC42C2F2000210440068032801D14FF0B2
:20C8C0000001084610BDF0B506460C464FF0010530464FEA800042F6C041C2F2000108444B
:20C8E0000768204603F006FA054640F20601C0F23B01204603F0EBF842F6C440C2F20000D2
:20C900003044007801280DD1B86800F0020030B920464FF001024FF0000103F09AF9204655
:20C9200003F0E1F81DB9204603F048F90546E8B2F0BD2DE9F04C04460F4620464FEA800019
:20C9400042F6C041C2F200010844D0F800A04FF000064FF000054FF0010B4FF000062EE00E
:20C9600030464FEA8000DAF8241008440568A86810B94FF0000001E04FF00100A96931B994
:20C9800069690B680246297F384602F03BFF687B90B9A869003802D0023808D00CE06B7B8D
:20C9A000297F38464FF0000203F004F804E038464FF0000103F043F806F10100C6B29AF84F
:20C9C00020008642CCD339462046FFF77CFF08B94FF0000B5FFA8BF0BDE8F08C70B504460B
:20C9E0004FF000004FF000054FF001064FEA800042F6B842C2F200021044026820464FEA70
:20CA00008000D269104405680846013830D303D0023824D328D02BE020464FEA800042F6B2
:20CA2000BC41C2F2000108440068022820D1A9782878FFF77EFFD8B920464FEA800042F659
:20CA4000BC41C2F2000108444FF00101016068784FF00101F5F73CFB4FF0000608E020465F
:20CA6000FFF79CFE064603E02046FFF7EAFE0646304670BD70B5049C05464FEA8505284683
:20CA800042F6C045C2F20005284406684FEA8101084642F6C841C2F2000108440568606846
:20CAA0001060216801F4001119B1116841F000411160A86920B9216801F07061B1F1C06F4B
:20CAC000A869022807D0216801F0004119B1116841F080411160287B10713078507194F8CA
:20CAE0004800586004F10800186019461046F5F799FA70BD10B54FF0000303464FEAC31301
:20CB0000134442F6D044C2F2000423441B78FF2B18D01C464FEA44140C44647B94B94FEA06
:20CB200043131944896901290CD14FEAC01010444FEA400043F27011C2F200010844008834
:20CB4000F5F7EFF910BD70B585B00C4601464FEA810142F6C045C2F2000529440E684FF06E
:20CB600000014FF000014FF0000501464FEAC111194442F6D045C2F2000529440978FF2965
:20CB80005BD00D464FEA451515446D7B002D54D14FEA411101EB0205A969D9B901464FEA4F
:20CBA00081014CF6B032C1F6FF7211440A68297F4FEA011111440968009101AB03AA297B99
:20CBC000FFF758FF6B7B297F20464FF0000202F0F1FE32E0022930D1072B06D170688068EB
:20CBE00058B370688068804727E0062B06D17068C06810B37068C06880471EE001464FEA8C
:20CC000081014CF6B032C1F6FF7211440A68297F4FEA011111440968009101AB03AA297B38
:20CC2000FFF728FF7068006910B170680069804720464FF0000102F002FF05B070BDF0B5AD
:20CC400082B00E461F469DF81CC0089C4FF0010111464FEA810142F6C842C2F20002114434
:20CC60000D684FEAC01060444FEA400043F27011C2F20001084421880180A06801906068D7
:20CC800000906B7B3A466146304603F06EF80146084602B0F0BD2DE9F04C85B006460C460F
:20CCA00015469A46DDF830B04FF001004FF0000729464FEA810142F6C842C2F20002114487
:20CCC000C1F800A0DAF81810012932D1DBF8040000F0004010B14FF0010001E04FF00000AC
:20CCE00002909BF802008DF80C004FF000008DF80D009AF81C003844C0B20146204602F070
:20CD000039FF60B9CDF804B09AF81C003844C0B2009002AB2A4621463046FFF790FF07F1A6
:20CD20000101CFB29AF810108F4202D2C1B20229DFD020B1C1B2022901D04FF00100C0B2DA
:20CD400005B0BDE8F08C70B504460D4620464FEA800042F6C041C2F200010844066842F63C
:20CD6000C440C2F2000020440078A8B9284602F0BAFEB06800F0020030B928464FF0010203
:20CD80004FF0000102F065FF42F6C440C2F2000020444FF00101017070BD10B54FF00004C2
:20CDA00021464FEA810142F6B842C2F20002114408602046FFF7D8F810B92046FFF7B5FBAB
:20CDC00010BD00B54FF00102FFF708FE0246104600BD30B504464FF000004FF000054FEA4D
:20CDE000800042F6B841C2F200010844016820464FEA8000C9690844056809F0BCFA2046F9
:20CE00004FEA800043F26C11C2F200010844006800280BD920464FEA800043F26C11C2F2AD
:20CE2000000101440868A0F10100086009F0A7FA20464FEA800043F26C11C2F200010844D6
:20CE4000006818B9A9782878FFF77DFF30BD2DE9F04C81B005468B464FF0010A4FF0000051
:20CE60004FF000044FF000064FF0000701464FEA810142F6B842C2F2000211440968496982
:20CE800029440F7801464FEA810142F6B842C2F2000211440A6839464FEA8101D269114423
:20CEA0000E6846B34FEA800042F6B841C2F200010844016828464FEA4010896900EB0104D6
:20CEC0005A4621463046FFF7D8FB012813D138464FEA800042F6BC41C2F20001084400682A
:20CEE000012808D1CDF800B023462A46B1783078FFF7D1FE8246504601B0BDE8F08C30B537
:20CF00004FF000054FF000044FF000032B464FEA830342F6B844C2F2000423441B68002B17
:20CF200050D02B464FEA830342F6B844C2F2000423441B68DB681844037828464FEA80008A
:20CF400042F6B844C2F200042044046818464FEA8000E36918440468A4B31046013812D31F
:20CF600002D001381FD02DE00A4628464FEA800042F6B841C2F20001084400688169207817
:20CF8000FFF7B8FD1EE00B4628464FEA800042F6B841C2F20001084400688269A17820783A
:20CFA000FFF7D1FD0EE00B4628464FEA800042F6B841C2F20001084400688269A178207811
:20CFC000FFF7C1FD30BD30B54FF000014FF000044FF000050A464FEA820242F6B843C2F210
:20CFE00000031A44126872B30A464FEA820242F6B843C2F200031A441268D2681044057857
:20D0000008464FEA800042F6B841C2F200010844016828464FEA8000C9690844046894B118
:20D02000A1782078FFF762FB68B928464FEA800042F6BC41C2F2000108444FF002010160CB
:20D040006078F5F744F830BD4FF00001062802D24FF0400101E04FF080010846704730B596
:20D06000044620464FEA800043F27021C2F2000108440568D5F80004D0B995F8053420468D
:20D080004FF000024FF0050101F0BEFB95F8053420464FF000024FF0060101F0B5FB95F87F
:20D0A000053420464FF000024FF0070101F0ACFB4FF0000028604FF00100E86030BD70B550
:20D0C00082B005460E4628464FEA80004CF6B431C1F6FF71084401684FF0000428464FEA6B
:20D0E000800043F27022C2F200021044006890F80404012810D1486B4FEA00104FEA107028
:20D1000000F101004FEAC0004FEA900000F10500864201D84FF00104FCB901AB6A463146F8
:20D12000284600F0A4FB012802D14FF0010414E03146284600F0AAF8012802D14FF0010407
:20D140000BE0019908686FF31B600860019908686FF31B6040F0806008603146284600F061
:20D16000E0F8204602B070BD2DE9F04C84B004468B464FF000054FF008064FF0000002908F
:20D180004FF0000701AB6A465946204600F06FFB012802D14FF0010570E05946204600F008
:20D1A00075F8012802D14FF0010567E0019908686FF31B6040F01060086044F24021C0F242
:20D1C0000F014FF0000007F0B8FA824603A94FF0000007F094FA0CE002AA03A94FF000009C
:20D1E00007F099FA02980744574502D94FF0010531E058464FF00001202807D20146204647
:20D200004FF0000200F05AF9014622E0402807D2014620464FF0000200F0F6F9014618E0F4
:20D2200060280BD2062C01D0072C07D1014620464FF0000200F020FA01460AE0062C01D04F
:20D24000072C06D1014620464FF0000200F04CFA01460029C0D02DB9019806684FEA06165E
:20D260004FEA1676082E02D14FF0010506E0092E02D14FF0000501E04FF00005594620463D
:20D2800000F04FF8284604B0BDE8F08C70B50E4601464FEA81014CF6B432C1F6FF721144F4
:20D2A0000C684FF00005FFF7CFFE216801F07F018E4201D8864201D34FF00105206810F0E7
:20D2C000005F12D0616B4FEA01114FEA117101F1010001464FEAC10108464FEA900000F1FE
:20D2E0000500864201D84FF00105284670BD30B50C4601464FEA81014CF6B432C1F6FF721F
:20D30000114409684FF00005096801F07F018C4203D8FFF799FE844201D34FF0010528469E
:20D3200030BD30B402464FEA82024CF6D433C1F6FF731A4412684FF0000301F01F044FF038
:20D34000010505FA04F4202901D214631BE0402901D2D46217E0602908D2062801D0072848
:20D3600001D154670FE04FF001030CE0802908D2062801D0072801D1146704E04FF00103DD
:20D3800001E04FF00103184630BC704710B44FF000034FF000040346044601B10B6002B1BC
:20D3A000146010BC70474FF00001082800D8014608467047F0B582B001464FEA81010846BB
:20D3C0004CF6B431C1F6FF71084404684FF000064FF0000000904FF00005206810F0004F18
:20D3E00027D108F0D0FF216841F00041216008F0CEFF44F24021C0F20F014FF0000007F09E
:20D400009CF9074601A94FF0000007F078F90CE06A4601A94FF0000007F07DF90098054406
:20D42000BD4202D94FF0010603E0206810F4801FEED0304602B0F0BDF0B582B001464FEAD4
:20D44000810108464CF6B431C1F6FF71084404684FF000064FF0000000904FF00005206816
:20D4600010F4801F27D008F0BEFF21686FF3DF71216008F0BCFF44F24021C0F20F014FF056
:20D48000000007F05AF9074601A94FF0000007F036F90CE06A4601A94FF0000007F03BF936
:20D4A00000980544BD4202D94FF0010603E0206810F4801FEED1304602B0F0BD10B40346BC
:20D4C0004FEA830318464CF6D433C1F6FF73184403684FF000044FF00004012A11D19C6A5D
:20D4E000186B04EA00004FF0010202FA01F101EA000010B14FF0010101E04FF000010C462B
:20D500000DE04FF0010000FA01F0196B00EA010010B14FF0010101E04FF000010C462046A9
:20D5200010BC704702464FEA820210464CF6D432C1F6FF72104403684FF000024FF001005D
:20D5400000FA01F0996A00EA010010B14FF0010201E04FF000021046704702464FEA8202BB
:20D5600010464CF6D432C1F6FF72104403684FF00002A1F120004FF0010101FA00F0596A44
:20D5800000EA010010B14FF0010201E04FF000021046704702464FEA820210464CF6D432CB
:20D5A000C1F6FF72104403684FF00002A1F140004FF0010101FA00F0D96E00EA010010B152
:20D5C0004FF0010201E04FF000021046704702464FEA820210464CF6D432C1F6FF721044BB
:20D5E00003684FF00002A1F160004FF0010101FA00F0996E00EA010010B14FF0010201E08B
:20D600004FF000021046704710B403464FEA830318464CF6D433C1F6FF73184403684FF01A
:20D6200000044FF00004012A13D15C6AD86A04EA0000A1F120014FF0010202FA01F101EAD0
:20D64000000010B14FF0010101E04FF000010C460FE0A1F120004FF0010101FA00F0D96A45
:20D6600000EA010010B14FF0010101E04FF000010C46204610BC704710B403464FEA830395
:20D6800018464CF6D433C1F6FF73184403684FF000044FF00004012A13D1DC6E586F04EA5F
:20D6A0000000A1F140014FF0010202FA01F101EA000010B14FF0010101E04FF000010C4607
:20D6C0000FE0A1F140004FF0010101FA00F0596F00EA010010B14FF0010101E04FF0000187
:20D6E0000C46204610BC704710B403464FEA830318464CF6D433C1F6FF73184403684FF04D
:20D7000000044FF00004012A13D19C6E186F04EA0000A1F160014FF0010202FA01F101EA26
:20D72000000010B14FF0010101E04FF000010C460FE0A1F160004FF0010101FA00F0196FDF
:20D7400000EA010010B14FF0010101E04FF000010C46204610BC704700B54FF00002202941
:20D7600005D24FF00102FFF7A9FE02461CE0402905D24FF00102FFF747FF024614E060292C
:20D7800009D2062801D0072805D14FF00102FFF773FF024608E0062801D0072804D14FF08E
:20D7A0000102FFF7A1FF0246104600BD2DE9F04C04468B464FF000064FF0000020464FEAE5
:20D7C000800043F27021C2F20001084407684FF0010A154629462046FFF7BEFF05E0A5F1EB
:20D7E000010529462046FFF7B7FF08B95D45F6D8D0B34FF0000A2E4697F80404012809D197
:20D80000072D07D8E8B20146204601F0DFFD4FF0000618E030464FEA00103844C068032816
:20D8200005D1E8B20146204601F03AFE0BE030464FEA00103844C068022804D1E8B2014674
:20D84000204601F094FE29462046FFF785FF58B130464FEA00103844C068012804D1E8B28C
:20D8600001462046FFF75DFD5046BDE8F08C2DE9F04F85B004460D461646049320464FEA3B
:20D8800080004CF6D431C1F6FF710844D0F80080CDF80C804FF008098DF803904FF4007991
:20D8A000CDF804904FF0000A4FF000004FF0000B16B14FF000013160062C02D24FF001015E
:20D8C00001E04FF0030102914FF0000724E0C0B2A5EB0000C5B23946204601F07FFA9DF8EA
:20D8E000038008EB0001DDF80480B8FBF1F006B1376085420CD201FB05F05044DDF80C80EB
:20D9000008F180010844DDF81080C8F8000007E00AF5007A07F10107DDF808804745D6D924
:20D92000062C02D24FF4806001E04FF40060824501D34FF0010B584605B0BDE8F08FF0B439
:20D9400003464FEA830318464CF6D433C1F6FF731844036803F1800000F1600005464FF0D9
:20D9600000033EE04FF000041E464FEAC606304610440078012801D14FF000441E464FEA7D
:20D98000C606304610444078012815D144F080441E464FEA8606304600EB05061F464FEAFF
:20D9A000C7073846104440684FEA400020F0404040EA0400306012E01E464FEA86063046C7
:20D9C00000EB05061F464FEAC7073846104440684FEAC04020F0404040EA0400306003F1F0
:20D9E00001038B42BED3F0BC70472DE9F0044FF0000503464FEA830318464CF6D433C1F6AE
:20DA0000FF731844036803F1800000F1600007464FF000034FF0000496E04FF000054FF03D
:20DA200000069C464FEACC0C604610440078012801D14FF0004503F1010084464FEACC0C2C
:20DA4000604610440078012801D14FF400469C464FEACC0C60461044407801281DD145F0DF
:20DA60008045A4464FEA8C0C604600EB070C9A464FEACA0A50461044D0F804A048F2000005
:20DA8000C1F6FF700AEA000A4FEADA304FEA004040EA0500CCF8000014E0A4464FEA8C0C04
:20DAA000604600EB070C9A464FEACA0A50461044D0F804A0CAF30A0A4FEACA4040EA05003C
:20DAC000CCF8000003F1010005464FEAC50528461044407801281DD146F4804603F10100B9
:20DAE00005464FEAC50528461044456848F20000C1F6FF7005EA00054FEAD53040EA0600A7
:20DB000025464FEA850505EB0706356845EA0005356015E003F1010005464FEAC5052846CE
:20DB200010444568C5F30A054FEAC500304425464FEA850505EB0706356845EA000535601A
:20DB400003F1020304F101048C42FFF466AFBDE8F0047047F0B403464FEA830318464CF660
:20DB6000D433C1F6FF731844036803F1800000F1600005464FF000034FF00004DDE01E46F8
:20DB80004FEAC606304610444078012815D11E464FEAC60630461044466806F0FF564FEA8A
:20DBA00056504FEA006026464FEA860606EB05073E6846EA00063E6014E01E464FEAC60621
:20DBC00030461044466806F4FF664FEAD6004FEA006026464FEA860606EB05073E6846EAC2
:20DBE00000063E6003F1010006464FEAC606304610444078012817D103F1010006464FEA2E
:20DC0000C60630461044466806F0FF564FEA56504FEA004026464FEA860606EB05073E6849
:20DC200046EA00063E6016E003F1010006464FEAC60630461044466806F4FF664FEAD600EE
:20DC40004FEA004026464FEA860606EB05073E6846EA00063E6003F1020006464FEAC6065C
:20DC6000304610444078012817D103F1020006464FEAC60630461044466806F0FF564FEACE
:20DC800056504FEA002026464FEA860606EB05073E6846EA00063E6016E003F102000646A5
:20DCA0004FEAC60630461044466806F4FF664FEAD6004FEA002026464FEA860606EB0507F2
:20DCC0003E6846EA00063E6003F1030006464FEAC606304610444078012815D103F10300FA
:20DCE00006464FEAC60630461044466806F0FF564FEA565026464FEA860606EB05073E685D
:20DD000046EA00063E6014E003F1030006464FEAC60630461044466806F4FF664FEAD6000D
:20DD200026464FEA860606EB05073E6846EA00063E6003F1040304F101048C42FFF41FAFB7
:20DD4000F0BC70472DE9F04404460D46924620464FEA80004CF6B431C1F6FF71084406687A
:20DD600020464FEA80004CF6D431C1F6FF71084400684FF00007716B4FEA01114FEA11713A
:20DD800001F101014FEAC101C9B20F464FF0010101632846013804D317D0023829D33CD078
:20DDA00049E008F020FB30686FF3092005F003014FEA012140EA0100306008F018FB524652
:20DDC00039462046FFF7BBFD35E008F00CFB30686FF3092005F003014FEA012140EA0100FA
:20DDE000306008F004FB524639462046FFF7FDFD21E008F0F8FA30686FF3092005F0030128
:20DE00004FEA012140EA0100306008F0F0FA524639462046FFF79EFE0DE008F0E4FA3068A0
:20DE20006FF3092005F003014FEA012140EA0100306008F0DCFABDE8F08401464FEA81015F
:20DE40004CF6D432C1F6FF721144096802464FEA82024FEA820243F29023C2F200031A44CD
:20DE600012688A6243F29022C2F2000202F1040302464FEA82024FEA82021A4412684A625F
:20DE8000062801D007280DD143F29022C2F2000202F1080302464FEA82024FEA82021A44BB
:20DEA0001268CA66062801D007280CD143F29022C2F2000202F10C024FEA80004FEA80009D
:20DEC000104400688866704701464FEA81014CF6D432C1F6FF72114409684FF000028A627C
:20DEE0004FF000024A62062801D0072802D14FF00002CA66062801D0072802D14FF0000083
:20DF000088667047F0B507460C4638464FEA80004CF6D431C1F6FF710844006800F1800549
:20DF200028684FEA00304FEA1070FFF73CFA064638464FF0000100F051FF864205D9384695
:20DF40004FF0000100F04AFF064684F84860286820602068C0F30F00E064286810F4001F87
:20DF600006D068686FF0005100EA0100606005E068684FEAC0004FEA505060604FEA96008A
:20DF8000C0B24FF0000149E00A464FEA820204F1080313440F464FEA870705F1080C674471
:20DFA0003F6807F07F474FEA1767FFB21F7004F1080303F1010313440F464FEA870705F1A5
:20DFC000080C67443F6807F47F074FEA1747FFB21F7004F1080303F1020313440F464FEAA5
:20DFE000870705F1080C67443F6807F47F474FEA1727FFB21F7004F1080303F1030313446E
:20E000000A464FEA820205F108073A44126802F0FF02D2B21A7001F10101C9B28142B3D33D
:20E0200005F108024FEA8000C0B2014612E021F0030001F00303C3F10303184400F03F002C
:20E04000C0B204F108030B4410440078187001F10100C1B2B142EAD3F0BD2DE9F04482B06C
:20E060000446154620464FEA80004CF6D432C1F6FF721044076801AB6A462046FFF7F7FBFF
:20E08000019800F1080A01980068019800684FEA00304FEA1070FFF786F906460099204600
:20E0A00000F09CFE864204D90099204600F096FE064685F848600198006828602868C0F371
:20E0C0000F00E8640198006810F4001F07D0019840686FF0005100EA0100686006E00198C7
:20E0E00040684FEAC0004FEA505068604FEA9600C0B203464FF0000056E002464FEA8202DA
:20E100001146C9B20A4605F1080102EB0104019984464FEA8C0C01F108016144D1F800C08E
:20E120000CF07F4C4FEA1C61C9B2217005F1080101F1010102EB0104019984464FEA8C0C3C
:20E1400001F108016144D1F800C00CF47F0C4FEA1C41C9B2217005F1080101F1020102EB88
:20E160000104019984464FEA8C0C01F108016144D1F800C00CF47F4C4FEA1C21C9B22170EF
:20E1800005F1080101F103010A44019904464FEA840401F1080121440C6804F0FF04E1B239
:20E1A000117000F10100C0B29842A6D318464FEA8000C0B213E020F0030100F00302C2F1EF
:20E1C0000302114401F03F01C9B20A4605F108010144524412780A7000F10100C0B2B042B5
:20E1E000E9D3B86802B0BDE8F08400B582B04FF0000201AB6A46FFF73AFB01980268C2F311
:20E200000F02104602B000BD30B50C4601464FEA810108464CF6D431C1F6FF71084405687A
:20E22000012A08D108F0F7F8696841EA0401696008F0F5F807E008F0EEF8696821EA04019E
:20E24000696008F0ECF830BDF0B50E46174601464FEA81014CF6D432C1F6FF7211440D689A
:20E2600001464FEA810108464CF6B431C1F6FF710844046808F0AFF8616B41F00051616397
:20E2800008F0ADF808F0B7F8012F2AD10A2E0CD1D4F8E01A6FF3DF71C4F8E01AD5F8E01A05
:20E2A00041F40021C5F8E01A4BE00B2E0CD1D4F8E01A6FF3DF71C4F8E01AD5F8E01A41F4E6
:20E2C0008021C5F8E01A3CE0D4F8E01A6FF3DF71C4F8E01AD5F8E01A41F48031C5F8E01A38
:20E2E0002FE00A2E0ED1D4F8E01A6FF3DF71C4F8E01AD5F8E01A6FF4002001EA0001C5F8D7
:20E30000E01A1EE00B2E0ED1D4F8E01A6FF3DF71C4F8E01AD5F8E01A6FF4802001EA000109
:20E32000C5F8E01A0DE0D4F8E01A6FF3DF71C4F8E01AD5F8E01A6FF4803001EA0001C5F888
:20E34000E01A08F05CF8F0BDF0B582B001464FEA810108464CF6B431C1F6FF71084404689D
:20E360004FF000064FF0000000904FF0000544F24021C0F20F014FF0000006F0DEF9074693
:20E3800008F031F8216841F00071216008F02FF801A94FF0000006F0B2F90CE06A4601A9C1
:20E3A0004FF0000006F0B7F900980544BD4202D94FF0010603E0206810F0007FEED1304658
:20E3C00002B0F0BDF0B401464FEA81014CF6B432C1F6FF7211440C6801464FEA81014CF6DB
:20E3E000D432C1F6FF7211440B6803F18002062804D24FF480774FF0400503E04FF4007752
:20E400004FF08005616B41F0805161634FF0000109E00E464FEA860616444FF0000CC6F801
:20E4200000C001F10101B942F3D303F508624FF0000108E00E464FEA860616444FF0FF37F5
:20E44000376001F10101A942F4D34FF0FF3119614FF0FF3159614FF0FF3199614FF0FF3195
:20E46000996401464FEA81014CF6B432C1F6FF721144096801F528624FF0000108E00B468E
:20E480004FEA830313444FF000051D6001F101010629F4D301464FEA81014CF6B432C1F6DA
:20E4A000FF721144096801F52A624FF0000108E00B464FEA830313444FF0FF351D6001F132
:20E4C00001010429F4D301464FEA81014CF6B432C1F6FF721144096801F52B624FF000016B
:20E4E00008E00B464FEA830313444FF000051D6001F101010C29F4D34FEA80004CF6B4313C
:20E50000C1F6FF710844006840F6287100EB01024FF0000108E008464FEA800010444FF0A1
:20E520000003036001F101013629F4D3606B6FF31C706063F0BC70472DE9F044044616468C
:20E540009A4620464FEA80004CF6D432C1F6FF721044056801F01F004FF0010101FA00F748
:20E5600007F029FF012E1DD120464FEA80004FEA800043F29021C2F200010144086840EA0D
:20E5800007000860BAF1010F26D120464FEA80004FEA800043F29021C2F200010844006833
:20E5A000A86219E020464FEA80004FEA800043F29021C2F200010144086820EA07000860B7
:20E5C00020464FEA80004FEA800043F29021C2F2000108440068A86207F0F1FEBDE8F0840B
:20E5E000F0B504461F4620464FEA80004CF6D433C1F6FF731844056801F01F004FF001011C
:20E6000001FA00F6012A24D107F0D5FE43F29020C2F2000000F1040120464FEA80004FEA38
:20E6200080000144086840EA06000860012F0DD143F29020C2F2000000F1040120464FEAD1
:20E6400080004FEA800008440068686207F0B7FE21E007F0B0FE43F29020C2F2000000F127
:20E66000040120464FEA80004FEA80000144086820EA0600086043F29020C2F2000000F106
:20E68000040120464FEA80004FEA800008440068686207F094FEF0BDF0B504461F4620462F
:20E6A0004FEA80004CF6D433C1F6FF731844056801F01F004FF0010101FA00F6012A24D104
:20E6C00007F079FE43F29020C2F2000000F1080120464FEA80004FEA80000144086840EA82
:20E6E00006000860012F0DD143F29020C2F2000000F1080120464FEA80004FEA80000844E7
:20E700000068E86607F05BFE21E007F054FE43F29020C2F2000000F1080120464FEA8000F7
:20E720004FEA80000144086820EA0600086043F29020C2F2000000F1080120464FEA800041
:20E740004FEA800008440068E86607F038FEF0BDF0B504461F4620464FEA80004CF6D43368
:20E76000C1F6FF731844056801F01F004FF0010101FA00F6012A24D107F01DFE43F290204E
:20E78000C2F2000000F10C0120464FEA80004FEA80000144086840EA06000860012F0DD194
:20E7A00043F29020C2F2000000F10C0120464FEA80004FEA800008440068A86607F0FFFD35
:20E7C00021E007F0F8FD43F29020C2F2000000F10C0120464FEA80004FEA80000144086828
:20E7E00020EA0600086043F29020C2F2000000F10C0120464FEA80004FEA8000084400687E
:20E80000A86607F0DCFDF0BD00B5202902D2FFF793FE15E0402902D2FFF7E2FE10E0602993
:20E8200006D2062801D0072802D1FFF735FF07E0602905D3062801D0072801D1FFF788FF10
:20E8400000BD00B54FF00002202903D2FEF76AFE024616E0402903D2FEF77FFE024610E064
:20E86000602907D2062801D0072803D1FEF792FE024606E0062801D0072802D1FEF7A7FEE6
:20E880000246104600BD2DE910414FF000040B460C2B27D80FF20408D8E803F0070C2424D1
:20E8A000241124242424161B20004FF40041FFF7ABFC17E04FF48041FFF7A6FC12E04FF05D
:20E8C0000041FFF7A1FC0DE04FF00A01FFF7BCFC08E04FF00B01FFF7B7FC03E04FF00C0174
:20E8E000FFF7B2FC2046BDE810812DE9F04C82B004460E4617469A46DDF824B04FF000058C
:20E9000001AB6A4631462046FEF7B1FF012802D14FF0010549E031462046FEF7B7FC012801
:20E9200002D14FF0010540E001984FF00001016001984FF000014160012F10D101986FF0E2
:20E9400000510AEA010141600199086840F400100860019908686FF39650086017E0B7B9F8
:20E96000019A50686FF39C4040F2FF710AEA01014FEA814140EA01005060019908686FF32C
:20E9800055500860019908686FF396500860BBF10F0F0AD0019A10686FF31B600BF00F0111
:20E9A0004FEA016140EA01001060284602B0BDE8F08C2DE9F04D82B004460D4617469A4681
:20E9C0009DF82CB020686FF31B6040F00060206004F1080601AA69462879FEF7D7FCBAF1E0
:20E9E000000F65D028794FEA9000C0B202464FF000002BE001464FEA8101C9B203464FEA66
:20EA0000830304F1080C634401EB0A0C9CF800C04FEA0C6C01F1010ED6449EF800E04FEAEF
:20EA20000E4E4EEA0C0C01F1020ED6449EF800E04FEA0E2E4EEA0C0C01F1030151440978C7
:20EA400041EA0C01196000F10100C0B29042D1D310464FEA8000C0B211E020F0030100F0B5
:20EA60000302C2F10302114401F03F01C9B2314400EB0A0212780A7000F10100C0B2297962
:20EA80008842EAD328790FE020F0030100F00302C2F10302114401F03F01C9B23144EA79C5
:20EAA0000A7000F10100C0B29DF804108842EBD34FF0000020604FF0000060600099206868
:20EAC0006FF3134001F00F014FEA014140EA010020602868012817D16FF0005007EA000019
:20EAE000606060686FF35F700BF007014FEA417140EA01006060206840F4001020602068B0
:20EB000040F4800020601FE02868E8B960686FF39C4040F2FF7107EA01014FEA814140EAD1
:20EB20000100606060686FF35F700BF007014FEA417140EA0100606020686FF35550206033
:20EB400020686FF3965020606879012803D1206840F48010206020686FF31B602060A879B5
:20EB6000012803D1206840F000402060297A20686FF39E7001F001014FEA817140EA01003C
:20EB8000206020686FF31B60DDF8288008F00F014FEA016140EA0100206002B0BDE8F08DF1
:20EBA0002DE9F04D85B004460D4617469B464FF0000620464FEA80004CF6B431C1F6FF7140
:20EBC0000844D0F800A004AB03AA29462046FEF74EFE012802D14FF0010634E038794028A0
:20EBE00002D94FF001062EE00399204600F0F6F88DF80B0029462046FEF748FB08BB3879F5
:20EC00009DF80B8040451CD8DAF8000010F4006F08D0387A012805D1DAF8000C40F000403F
:20EC2000CAF8000C9DF83C80CDF80480DDF83880CDF800800D9B5A4639460498FFF7B9FE8A
:20EC400001E04FF00106304605B0BDE8F08D2DE9F04D83B00D4614469A469DF82CB04FF07D
:20EC6000000729464FEA810143F27022C2F2000211440E6800684FEA00104FEA107021464A
:20EC80004FEA01113144C968012904D130B1082804D0092802D04FF002073BE02146284664
:20ECA000FEF73FFB20464FEA001030444FF00201C16020464FEA001030449AF80510417123
:20ECC00020464FEA001030444FF00001816020464FEA0010304480F804B04FF000000290D0
:20ECE0004FF00C000190DDF83480CDF800800C9B524621462846FFF753FF074657B9BBF105
:20ED0000000F07D196F80534214628464FF00102FFF77AFD384603B0BDE8F08D70B50D46F6
:20ED200001464FEA810108464CF6B431C1F6FF71084404684FF00006286838B1686828B116
:20ED4000A86818B1E86808B1286910B94FF0010642E007F020FB2868A0F1010061686FF3B0
:20ED6000020100F0070041EA00016160A868A0F1010061686FF3124100F007024FEA024216
:20ED800041EA020161606868A0F1010061686FF3D54100F007024FEAC24241EA02016160BC
:20EDA000E868A0F1010061686FF31F6100F0FF024FEA026241EA020161602869A0F1010026
:20EDC00061686FF3975100F003024FEA825241EA0201616007F0E3FA304670BD10B40246AC
:20EDE0004FEA820210464CF6B432C1F6FF72104403684FF00002186810F4006F3BD00C4660
:20EE0000013C04D310D0023C1BD327D035E0D3F8002C4FEA82324FEA927202F103004FF070
:20EE2000010101FA00F228E0D3F8002C4FEAC2224FEA927202F103004FF0010101FA00F266
:20EE40001BE0D3F8002C4FEA02224FEA927202F103004FF0010101FA00F20EE0D3F8002C1D
:20EE60004FEA42124FEA927202F103004FF0010101FA00F201E04FF00802D0B210BC704775
:20EE8000F0B505464FF008064FF4007728464FF00001FFF7A3FF3044B7FBF0F428464FF07E
:20EEA0000101FFF79BFF3044B7FBF0F00444062D01D0072D11D128464FF00201FFF78EFF25
:20EEC0003044B7FBF0F0044428464FF00301FFF785FF3044B7FBF0F00444E0B2F0BDF0B587
:20EEE00082B001464FEA810108464CF6B431C1F6FF71084404684FF000064FF00000009076
:20EF00004FF00005206810F0807F4ED144F24021C0F20F014FF0000005F00FFC074607F02B
:20EF200062FA216841F080412160216841F080512160206810F0004F03D021686FF3DF7188
:20EF4000216007F054FA01A94FF0000005F0D7FB0CE06A4601A94FF0000005F0DCFB009852
:20EF60000544BD4202D94FF0010603E0206810F0006FEED04FF0000501A94FF0000005F06E
:20EF8000BEFB0CE06A4601A94FF0000005F0C3FB00980544BD4202D94FF0010605E0206812
:20EFA00010F0807F01D1002EECD0304602B0F0BDF0B582B001464FEA810108464CF6B43173
:20EFC000C1F6FF71084404684FF000064FF0000000904FF00005206810F0807F2BD044F242
:20EFE0004021C0F20F014FF0000005F0A6FB074607F0F9F921686FF31C71216021686FF3FF
:20F000009E71216007F0F3F901A94FF0000005F076FB0CE06A4601A94FF0000005F07BFB3E
:20F0200000980544BD4202D94FF0010603E0206810F0807FEED1304602B0F0BD10B50446C2
:20F0400020464FEA80004CF6B431C1F6FF71084401684FF00000096811F0004F02D0204656
:20F06000FEF7EAF910B92046FFF76EF910BD02464FEA820210464CF6B432C1F6FF72104460
:20F0800002684B6D03F0010323B1536B43F40063536303E0536B6FF3CB2353634B6D03F023
:20F0A000020323B1536B43F48053536303E0536B6FF30C3353634B6D03F0040323B1536BBD
:20F0C00043F48043536303E0536B6FF38E335363536843F0400353604B6D03F0200323B180
:20F0E000536843F08003536003E053686FF3C71353604B6D03F0400323B1536843F010039C
:20F10000536003E053686FF3041353600869022803D0116841F400311160704710B54FF0F9
:20F12000000401F11801FFF7F9FD012801D14FF00104204610BDF0B50D464FF000060146DE
:20F140004FEA81014CF6B432C1F6FF7211440C6801464FEA810108464CF6D431C1F6FF711D
:20F16000084407682879012825D195F82C00012802D14FF001062BE007F035F9216841F02F
:20F180000051216007F033F9A868616B6FF31B6100F00F024FEA026241EA0201616307F039
:20F1A00022F921686FF3CF31216007F020F94FF0FF30B8640CE007F016F921686FF35D7183
:20F1C000216007F014F9E868012801D14FF001063046F0BD70B504460D464FF00006204689
:20F1E0004FEA80004CF6B431C1F6FF71084406682046FFF745FE2968814205D82046FDF724
:20F2000023FF2968814202D94FF001061DE02868A0F1010130686FF3060001F07F0140EA9C
:20F2200001003060306840F4802030602969204600F080F8064646B92869032805D020469F
:20F24000FFF7B6FE08B14FF00106304670BDF0B505460E464FF0000028464FEA80004CF676
:20F26000D431C1F6FF710844046828464FEA80004CF6B431C1F6FF71084407682846FFF716
:20F28000DDFE002855D1386840F4805038602846FFF798F84FF00000A0624FF0FF302063E3
:20F2A0004FF0000060624FF0FF30E062062D01D0072D05D14FF00000E0664FF0FF306067D5
:20F2C000062D01D0072D05D14FF00000A0664FF0FF30206740F20700C0F21B0020624FF41B
:20F2E0005020C4F8FC0A4FF44030C4F8080B4FF0000060604FF4801060634FF00000206501
:20F3000031462846FFF7B3FE31462846FFF706FF68B931462846FFF70EFF012802D14FF03D
:20F32000010006E031462846FFF754FF01E04FF00100F0BD2DE9104102464FEA82024CF63C
:20F34000B433C1F6FF731A4412684FF000040B46042B36D80FF20408D8E803F003101528E4
:20F360002E0053686FF3C303536053686FF30C33536013686FF3D753136024E0536843F04E
:20F38000080353601FE053686FF3C3035360536843F48053536013686FF351431360D2F8F4
:20F3A000003C6FF3CF33C2F8003C0CE0FFF797FD48B14FF0010406E0136843F000431360BA
:20F3C00001E04FF001042046BDE8108170B594B005460E4628464FEA800043F27021C2F2C3
:20F3E000000108440468206808B968462060052E23D1E068032845D121682846FEF782FDC2
:20F4000031462846FDF78DFF4FF00100E060D4F80C0440B1D4F80C64234628464FF00002E6
:20F420004FF00701B047E06801282BD14FF0010020712846FDF713FE24E0062E10D131464D
:20F440002846FDF76EFFD4F80C04D8B1D4F80C64234628464FF000024FF00801B04711E0F4
:20F46000072E0FD131462846FDF75BFFD4F80C0440B1D4F80C64234628464FF000024FF0E4
:20F480000901B04714B070BD01464FEA810108464CF6D431C1F6FF71084401688868704760
:20F4A000F0B594B006460D4630464FEA800043F27021C2F20001084404684FF000072846AE
:20F4C0004FEA00102044006828B928464FEA001020446946016028464FEA00102044026886
:20F4E00029463046FEF7B9FD29463046FDF719FF28464FEA001020444FF00101C1602846A0
:20F500004FEA001020440779D4F80C0438B1D4F80CC423462A4630464FF00F01E04728462A
:20F520004FEA001020440079B0B928464FEA00102044C068012818D128464FEA00102044CC
:20F540004FF00101017194F80534294630464FF00002FFF759F908E03FB994F805342946B1
:20F5600030464FF00002FFF74FF914B0F0BDF0B594B006460C4630464FEA800043F27021A9
:20F58000C2F20001084405684FF0000720464FEA00102844407901281FD120464FEA00101B
:20F5A00028446946016020464FEA00102844026821463046FEF751FD20464FEA001028440F
:20F5C0000068006800F070604FEA1060042815D121463046FDF7A5FE10E020464FEA0010CD
:20F5E00000EB050721463046FEF7FFFDB8603046FFF74AFF21463046FDF793FE20464FEA78
:20F60000001028444FF00101C16020464FEA001028440779D5F80C0438B1D5F80CC42B469D
:20F62000224630464FF01001E04720464FEA001028440079B0B920464FEA00102844C06835
:20F64000012818D120464FEA001028444FF00101017195F80534214630464FF00002FFF7F0
:20F66000D3F808E03FB995F80534214630464FF00002FFF7C9F814B0F0BD2DE9F04404463F
:20F680001F464FF000054FF000004FF0000A4FF0000A20464FEA800043F27023C2F2000352
:20F6A00018440668012962D115465EE0E8B201462046FFF7C6F882464FF00000202D06D263
:20F6C000294620464FF00002FDF7F8FE1FE0402D06D2294620464FF00002FDF795FF16E052
:20F6E000602D0AD2062C01D0072C06D1294620464FF00002FDF7C0FF09E0062C01D0072CAC
:20F7000005D1294620464FF00002FDF7EDFF50B3BAF1000F27D1AA4696F80404012803D1E5
:20F72000072D01D84FF0000A50464FEA001030440079C0B929462046FDF7F3FD50464FEAA6
:20F7400000103044C06802280DD150464FEA001030444FF00101C16050464FEA00103044ED
:20F760004FF00101017105F10105BD429ED9BDE8F084F0B506460C464FF0000730464FEA13
:20F78000800043F27021C2F200010844056821463046FDF7ACFD10B14FF0010730E02046BD
:20F7A0004FEA00102844C068012802D14FF0030726E095F80534214630464FF00002FFF747
:20F7C00023F820464FEA00102844C068022805D121463046FDF7C8FC07460AE020464FEA60
:20F7E00000102844C068032803D121463046FDF766FC20464FEA001028444FF00101C160B6
:20F800003846F0BD2DE9F04481B004460D4616461F464FF0010A29462046FDF782FD10BB87
:20F820004FF00F0000903B46324629462046FFF75CF8C0B94FF0000000903B463246294622
:20F840002046FFF752F870B929462046FDF769FD48B94FF0040000903B4632462946204608
:20F86000FFF743F88246504601B0BDE8F084F0B505460C4617464FF000014FF0000628469D
:20F880004FEA80004CF6B431C1F6FF710844066839462846FFF7DBFC0146002948D14FF025
:20F8A000000024E002464FEA021222444FF00103137102464FEA021222444FF000031360D2
:20F8C00002464FEA021222444FF00103D36002464FEA021222444FF00003936002464FEA06
:20F8E000021222444FF00003537100F10100326802F07F029042D5D9F868C4F80004B86DC4
:20F90000C4F80C04F86DC4F81004387984F804043868C4F808044FF0010084F80504284616
:20F920004FEA800043F27022C2F20002104404600846F0BD000030B44FF0010201464FEA38
:20F9400081014CF6D433C1F6FF731944096803464FEA83034CF6B434C1F6FF7423441C689E
:20F9600003464FEA830343F27025C2F200052B441B68246814F0004F19D14FF000028A6214
:20F980004FF000024A62062801D0072802D14FF00002CA66062801D0072802D14FF00000C8
:20F9A00088664FF0000083F805044FF00002104630BC70472DE9F04C05460C4692469B46B4
:20F9C0004FF0000728464FEA800043F27021C2F200010844066821462846FDF788FC10B177
:20F9E0004FF001071CE020464FEA00103044C068012802D04FF0020712E020464FEA001095
:20FA000030444FF00301C16020464FEA00103044C0F800A020464FEA0010304480F804B044
:20FA200057B9BBF1000F07D196F80534214628464FF00102FEF7E8FE3846BDE8F08C70B5A6
:20FA400005464FF0010628464FEA800043F27022C2F200021044046894F80404012834D1EF
:20FA6000E068012802D04FF002062EE04FF000064FF00300E0602160D4F80004022803D1D8
:20FA80004FF00100207120E0D4F80004E8B94FF00000207194F8053428464FF001024FF0A0
:20FAA0000501FEF7B1FE94F8053428464FF001024FF00601FEF7A8FE94F8053428464FF0D4
:20FAC00001024FF00701FEF79FFE304670BD02464FEA820210464CF6D432C1F6FF72104488
:20FAE00002681162704710B54FF0010102464FEA82024CF6B433C1F6FF731A4413680246F4
:20FB00004FEA820243F27024C2F20004224414681A684FEAD2723AB9FEF78FF94FF0010016
:20FB200084F805044FF00001084610BD10B54FF0010102464FEA82024CF6B433C1F6FF7388
:20FB40001A44136802464FEA820243F27024C2F20004224414681A684FEAD2723AB9FEF77D
:20FB6000B3F94FF0000084F805044FF00001084610BD000030B50C464FF0010101464FEAC2
:20FB8000810143F27022C2F2000211440D682146FDF7ADFB012802D14FF001010CE0214609
:20FBA0004FEA011108462844C068012802D14FF0000101E04FF00201084630BDF0B582B0A7
:20FBC0004FF000064FF0000100914FF0000501464FEA810108464CF6B431C1F6FF710844E1
:20FBE0000468606810F0400F2FD0206A10F0200F2BD006F0E8FB61686FF3861161606168AA
:20FC000041F04001616006F0E2FB44F24021C0F20F014FF0000004F090FD074601A94FF08F
:20FC2000000004F06CFD0CE06A4601A94FF0000004F071FD00980544BD4202D94FF001067F
:20FC400003E0206A10F0200FEED1304602B0F0BD00002DE9F04404460F4692464FF000056F
:20FC600020464FEA80004CF6B431C1F6FF710844006800684FEAD0700646012E03D12046CD
:20FC8000FDF7DAFB05462DB9524639462046FEF7FAFD0546012E05D12046FDF78BFB08B118
:20FCA0004FF001052846BDE8F08470B504460E464FF0000020464FEA80004CF6B431C1F679
:20FCC000FF71084405682046FFF709F980B906F08AFB28686FF3104006F001014FEA014134
:20FCE00040EA0100286006F082FB2046FFF760F970BD000030B504464FF0000020464FEAEF
:20FD000080004CF6B431C1F6FF710844056806F06AFB28686FF3DF70286006F068FB204679
:20FD2000FFF746F930BD10B504464FF000012046FFF7D5F8014619B92046FDF73BFB014639
:20FD4000084610BD70B504460D4616464FF000002046FFF7C4F838B9324629462046FDF7E1
:20FD6000F1FF2046FFF724F970BD2DE9F04C85B004460D4616461F46DDF830A0DDF834B0AA
:20FD80004FF0000020464FEA80004CF6B431C1F6FF710844006840684FEA00704FEAD07039
:20FDA000F8B904AB03AA29462046FDF760FD012802D14FF0010016E029462046FDF766FAB5
:20FDC000012802D14FF001000DE0CDF808B0CDF804A0009733462A4621460498FEF737FF66
:20FDE00001E04FF0010005B0BDE8F08C2DE9F04404460D4616469A464FF0000020464FEA0B
:20FE000080004CF6D431C1F6FF710844076831462046FDF73BFA10B14FF0010020E02046CC
:20FE2000FFF75DF8E0B96DB930464FEA800007F50861084440F20001CDF6FC710AEA01017F
:20FE400001600AE030464FEA800007F5086108446FF000510AEA010101602046FFF7A8F874
:20FE6000BDE8F08470B504460E464FF0000020464FEA80004CF6B431C1F6FF710844056841
:20FE80002046FFF72CF858B9286810F0005F04D006F0B9FA2E6106F0BAFA2046FFF788F850
:20FEA00070BD0000F0B504460E4617464FF0000020464FEA80004CF6D431C1F6FF7108445D
:20FEC00005682046FFF70BF848B930464FEA800005F50861084407602046FFF769F8F0BDA6
:20FEE000000070B504460E464FF0000020464FEA80004CF6B431C1F6FF7108440568204674
:20FF0000FEF7EDFF80B906F04EFA686B6FF3D74006F01F014FEAC14140EA0100686306F000
:20FF200046FA2046FFF744F870BD0000F0B504460E4615464FF001002F4620464FEA80004A
:20FF400043F27021C2F200010844006858B12A4631462046FDF72AFC2B463246014620466C
:20FF6000FFF78BFB09E0374605E039462046FDF7D8F907F10107AF42F7D9F0BD10B54FF09E
:20FF8000000101464FEA810143F27022C2F2000211440A6801464FEA81014CF6D433C1F618
:20FFA000FF73194409680B6A4FF004040C627AB1496801F4004103F004044CB141B1D2F811
:20FFC000101429B1D2F810441A464FF00001A04710BD10B54FF0000101464FEA810143F275
:20FFE0007022C2F2000211440A6801464FEA81014CF6D433C1F6FF73194409680B6A4FF4F8
:020000041FFFDC
:2000000000340C627AB1496801F4006103F400344CB141B1D2F8101429B1D2F810441A46AC
:200020004FF00201A04710BD10B54FF0000101464FEA810143F27022C2F2000211440A687F
:2000400001464FEA81014CF6D433C1F6FF73194409680B6A4FF480340C627AB1496801F4B3
:20006000806103F480344CB141B1D2F8101429B1D2F810441A464FF00301A04710BD10B503
:200080004FF0000101464FEA810143F27022C2F2000211440A6801464FEA81014CF6D4338F
:2000A000C1F6FF73194409680B6A4FF002040C627AB1496801F4804103F002044CB141B1A7
:2000C000D2F8101429B1D2F810441A464FF00101A04710BD000010B501464FEA810143F2E9
:2000E0007022C2F200021144096802464FEA82024CF6D433C1F6FF731A441268136A4FF0E7
:200100000104146259B103F0010242B1D1F810242AB1D1F810441A464FF00601A04710BD22
:2001200070B5064630464FEA800043F27021C2F200010844056830464FEA80004CF6D43175
:20014000C1F6FF7108440068D0F8FC4AD0F8E01A01F4502104EA0104C0F8FC4A4FEA14410F
:20016000C0F8FC1A35B304F4002048B1D5F8100430B1D5F81034224630464FF00A019847DE
:2001800004F4802048B1D5F8100430B1D5F81034224630464FF00B01984704F4803048B152
:2001A000D5F8100430B1D5F81034224630464FF00C01984770BD2DE90F502DED100BF1EEAD
:2001C00010CA4DF804CD4FF00600FFF7D7FEBFF34F8F5DF804CBE1EE10CABDEC100BBDE859
:2001E0000F902DE90F502DED100BF1EE10CA4DF804CD4FF00600FFF742FFBFF34F8F5DF886
:2002000004CBE1EE10CABDEC100BBDE80F902DE90F502DED100BF1EE10CA4DF804CD4FF0A6
:200220001F024FF000014FF00600FFF77FFEBFF34F8F5DF804CBE1EE10CABDEC100BBDE8DF
:200240000F902DE90F502DED100BF1EE10CA4DF804CD4FF03F024FF020014FF00600FFF76B
:2002600065FEBFF34F8F5DF804CBE1EE10CABDEC100BBDE80F902DE90F502DED100BF1EE2D
:2002800010CA4DF804CD4FF05F024FF040014FF00600FFF74BFEBFF34F8F5DF804CBE1EE47
:2002A00010CABDEC100BBDE80F902DE90F502DED100BF1EE10CA4DF804CD4FF07F024FF0E4
:2002C00060014FF00600FFF731FEBFF34F8F5DF804CBE1EE10CABDEC100BBDE80F902DE9D8
:2002E0000F502DED100BF1EE10CA4DF804CD4FF00600FFF76EFEBFF34F8F5DF804CBE1EE71
:2003000010CABDEC100BBDE80F902DE90F502DED100BF1EE10CA4DF804CD4FF00600FFF747
:2003200083FEBFF34F8F5DF804CBE1EE10CABDEC100BBDE80F902DE90F502DED100BF1EE4E
:2003400010CA4DF804CD4FF00600FFF7C4FEBFF34F8F5DF804CBE1EE10CABDEC100BBDE8EA
:200360000F902DE90F502DED100BF1EE10CA4DF804CD4FF00600FFF7D3FEBFF34F8F5DF874
:2003800004CBE1EE10CABDEC100BBDE80F9010B514464FEA041423441B7943BB073926D33B
:2003A00012D0023916D31CD0063907D001391ED1D1B24FF00102FCF7A2FD18E0D1B24FF0FB
:2003C0000002FCF79CFD12E0D1B24FF00202FCF796FD0CE04FF002024FF00601FCF78FFD5D
:2003E00005E04FF002024FF00701FCF788FD10BD00B50B46003B02D00A3B023B01E0FCF7E0
:20040000E2FD00BD30B44FF000008EE04FF000017AE002464FEAC2031A444FEA82024CF672
:20042000B043C1F6FF7313440A464FEA8202DB691A441268127C002A64D102464FEAC203ED
:200440001A444FEA82024CF6B043C1F6FF7313440A464FEA8202DB691A441268D268002A3F
:2004600050D04FF0000229E003464FEAC30423444FEA83034CF6B044C1F6FF741C440B4692
:200480004FEA8303E46923441B685B6A134404464FEAC4052C444FEA84044CF6B045C1F6DF
:2004A000FF7525440C464FEA8404ED692C442468E468144424781C7002F1010203464FEAB6
:2004C000C30423444FEA83034CF6B044C1F6FF741C440B464FEA8303E46923441B681B6AA3
:2004E0001B689A42C0D302464FEAC2031A444FEA82024CF6B043C1F6FF731A4452684FF0F4
:200500000103136001F1010102464FEAC2031A444FEA82024CF6B043C1F6FF731A44926859
:200520009142FFF476AF00F101000628FFF46EAF30BC704730B54FF001004FF000043EE077
:2005400020464FEAC00108444FEA80004CF6B041C1F6FF710844006970B34FF000051DE0C3
:2005600020464FEAC00108444FEA80004CF6B041C1F6FF710844016A20464FEAC002104450
:200580004FEA80004CF6B042C1F6FF7210448089F7F74DFD80B105F10100C5B220464FEA73
:2005A000C00108444FEA80004CF6B041C1F6FF71084480698542D3D904F10100C4B2062CD5
:2005C000BED330BDF0B504460E464FF0000505F02AFF20464FEAC00043F29C41C2F20001D2
:2005E00008440068B0F1FF3F5BD020464FEAC00043F29C41C2F20001084400F1040021466F
:200600004FEAC10143F29C42C2F2000211440B6821464FEAC1014CF69842C1F6FF720A445A
:2006200019464FEAC10112680A4421464FEAC10143F29C47C2F20007394417680F6023E0F5
:2006400021464FEAC1014CF69847C1F6FF770F4401684FEAC1013F6839444968376D096D44
:200660008F4204D90168036011604FF0010521464FEAC1014CF69847C1F6FF7739440068B5
:200680004FEAC000096808441DB90168B1F1FF3FD6D11DB903604FF0FF30106056604FF0D2
:2006A000010505F0C4FE2846F0BD70B504460E464FF0010505F0B7FE20464FEAC00043F21C
:2006C0009C41C2F2000108444068B0F1FF3F5FD020464FEAC00043F29C41C2F20001084414
:2006E00000F1040050E021464FEAC1014CF69842C1F6FF720A4401684FEAC10112681144AE
:20070000496809688E4232D1026821464FEAC1014CF69843C1F6FF730B4401684FEAC1011F
:200720001B6819440968016020464FEAC00043F29C41C2F200010844006821464FEAC101CB
:2007400043F29C43C2F2000319440A6021464FEAC1014CF69843C1F6FF730B4411464FEA80
:20076000C1011A68114408604FF0000510E021464FEAC1014CF69842C1F6FF7211440068E1
:200780004FEAC000096808440168B1F1FF3FAAD105F04DFE284670BD0000000000B505F05A
:2007A00042FE4FF000005EE001464FEAC10143F29C42C2F2000211444FF0FF324A600146BB
:2007C0004FEAC1014CF69842C1F6FF721144496859B901464FEAC10143F29C42C2F20002B7
:2007E00011444FF0FF320A603BE001464FEAC10143F29C42C2F2000211444FF000020A60A4
:200800004FF0000111E002464FEAC2024CF69843C1F6FF7313440A464FEAC2021B681A4497
:2008200001F10103136001F1010102464FEAC2024CF69843C1F6FF731A445268A2F1010222
:200840009142E0D302464FEAC2024CF69843C1F6FF731A444FEAC101126811444FF0FF32EF
:200860000A6000F1010003289ED305F0E0FD00BD4DF8048D0146003905D040F20318B1EBDD
:20088000080103D005E04FF0000104E04FF0020101E04FF0010108465DF8048B70470146DF
:2008A000013901D303D005E04FF0000104E04FF0010101E04FF0010108467047F0B44FF003
:2008C0000006456C2C464FEAC40004444FEA840420464CF6B044C1F6FF742044406800789F
:2008E00000F00300C0B20446002C7CD04FF0000469E02F464FEAC70007444FEA8707384640
:200900004CF6B047C1F6FF77384427464FEA8707C069384400688068012814D12F464FEA10
:20092000C70007444FEA870738464CF6B047C1F6FF77384427464FEA8707C069384400683D
:20094000406A08603DE02F464FEAC70007444FEA870738464CF6B047C1F6FF773844274614
:200960004FEA8707C069384400688068052828D12F464FEAC70007444FEA870738464CF64E
:20098000B047C1F6FF77384427464FEA8707C06938440068406A10602F464FEAC70007449C
:2009A0004FEA870738464CF6B047C1F6FF77384427464FEA8707C06938440068006A0068FD
:2009C000186004F101042F464FEAC70007444FEA870738464CF6B047C1F6FF7738448068D6
:2009E000844286D301E04FF009063046F0BC704730B44FF0FF3313604FF0000317E0044685
:200A00004FEAC4052C444FEA84044CF6B045C1F6FF7525441C464FEA8404ED692C44246863
:200A2000A468A14201D113600FE003F1010304464FEAC4052C444FEA84044CF6B045C1F630
:200A4000FF752C44A468A342D9D330BC70472DE9F04481B004460E4617464FF00005A06CAC
:200A6000007803EA0000013804D0013808D002380CD011E0A06CD0F804A0A06C80680DE093
:200A8000A06CD0F80CA0A06C006907E0A06CD0F814A0A06C806901E04FF0FF3ABAF1060FE4
:200AA0001BD251464FEAC10211444FEA81014CF6B042C1F6FF7211444968097801F00301CE
:200AC000C9B20D466A4601465046FFF791FF0098B0F1FF3F01D14FF00005002D6BD05046AA
:200AE0004FEAC00108444FEA80004CF6B041C1F6FF71014400984FEA8000C9690844006821
:200B00004069022802DD4FF0010056E0206C4068006803280ED0206C40680068042809D067
:200B2000206C40680068052804D0206C40680068062816D150464FEAC00108444FEA8000D2
:200B40004CF6B041C1F6FF71014400984FEA8000C969084400684069012802DD4FF00100CE
:200B60002BE050464FEAC00108444FEA80004CF6B041C1F6FF71014400984FEA8000C969B3
:200B800008440068406A306050464FEAC00108444FEA80004CF6B041C1F6FF71014400989B
:200BA0004FEA8000C96908440068006A006838604FF0000001E04FF0090001B0BDE8F084FA
:200BC00030B44FF000051C46013C04D0013C07D0023C0AD00EE083680B60C068106011E081
:200BE00003690B60406910600CE083690B60C069106007E04FF0000008604FF000001060EC
:200C00004FF00105284630BC704710B5846C14B1FFF71DFF01E0FFF7D3FF10BDF0B581B0A6
:200C20000D4616464FF00004816C097803EA0101103902D0103905D009E0816CCF69806C32
:200C4000006A06E0816C4F6A806C806A01E04FF0FF37062F1BD239464FEAC10211444FEA47
:200C600081014CF6B042C1F6FF7211444968097801F00301C9B20C466A4601463846FFF7E2
:200C8000B7FE0098B0F1FF3F01D14FF00004FCB338464FEAC00108444FEA80004CF6B041B4
:200CA000C1F6FF71014400984FEA8000C96908440068C069022802DD4FF001002AE0384697
:200CC0004FEAC00108444FEA80004CF6B041C1F6FF71014400984FEA8000C969084400683F
:200CE000406A286038464FEAC00108444FEA80004CF6B041C1F6FF71014400984FEA800055
:200D0000C96908440068006A30604FF0000001E04FF0090001B0F0BD30B44FF000051C46A3
:200D2000103C02D0103C05D009E0036A0B60406A10600CE0836A0B60C06A106007E04FF095
:200D4000000008604FF0000010604FF00105284630BC704710B5846C14B1FFF75FFF01E077
:200D6000FFF7DAFF10BD2DE9F04190B005464FF0000448F27010C1F6FF700CA902680A6059
:200D800042684A6082688A60C068C860286C406806684FF0000003904FF0000004904FF04D
:200DA000000006904FF0000007904FF0000008904FF0000009904FF000000A904FF0000000
:200DC0000B902F6B07AA06A928464FF00103FFF71CFF09AA08A928464FF00203FFF715FF9C
:200DE0000BAA0AA928464FF01003FFF7B3FF05AB04AA03A92846FFF761FD002840F08680F9
:200E0000686B07287DD80FF20808D8E800F0C0467A05090F187A7A4A0398FAF712FD72E0DA
:200E200007990698FAF723FD04466CE00398FAF708FD07990698FAF71AFD044663E0012E3A
:200E40001BD10B980068102802D20B98006801E04FF010000B9908600B9803680A9A0799F6
:200E60000698FAF76AFD044614B90B98006801E04FF000000B99086045E00CAA0799069815
:200E80004FF01003FAF759FD0446E4BB099A0CA90898FAF7A3FC8DF80B009DF80B00386080
:200EA00031E0012E1DD10B980068102802D20B98006801E04FF010000B9908600B9800689B
:200EC00000900A9B079A06990398FAF760FD044614B90B98006801E04FF000000B99086066
:200EE00011E00DF10B00019009980090089B079A06990398FAF765FD04469DF80B003860E3
:200F000001E04FF004042046FFF7B2FC10B0BDE8F0812DE9F04194B006460D464FF000045C
:200F200048F28010C1F6FF7010A902680A6042684A6082688A60C068C860306C406804680C
:200F40004FF0000007904FF0000008904FF000000A904FF000000B904FF000000C904FF017
:200F600000000D904FF000000E904FF000000F90376B0BAA0AA930464FF00103FFF745FE1D
:200F80000DAA0CA930464FF00203FFF73EFE0FAA0EA930464FF01003FFF7DCFE09AB08AA8B
:200FA00007A93046FFF78AFC002840F0CF80706B072800F2C6800FF20808D8E800F0C046DF
:200FC000C20510172BC2C26E2B4609984FEAC000024608990798FAF7B0FD0446B3E02A4688
:200FE0000B990A98FAF7DAFD0446ACE02B4609984FEAC000024608990798FAF79EFD0446A4
:20100000002C40F0A0802A460B990A98FAF7C6FD044698E0012C25D10F980068102802D2EA
:201020000F98006801E04FF010000F99086003950F98006802900E9801904FF00000009022
:201040000B9B0A9A4FF000014FF00000FAF791FE044614B90F98006801E04FF000000F9959
:20106000086070E003954FF01000029010A801904FF0000000900B9B0A9A4FF000014FF05E
:201080000000FAF776FE0446002C5CD10D9A10A90C98FAF7A3FB386055E0012C2ED10F9815
:2010A0000068102802D20F98006801E04FF010000F99086006950F98006805900E980490F4
:2010C0004FF0000003900B9802900A9801904FF00000009009984FEAC000024608990798E5
:2010E0004FF00003FAF7C6FE044614B90F98006801E04FF000000F99086024E006954FF0C5
:201100001000059010A804904FF0000003900B9802900A9801904FF00000009009984FEAFB
:20112000C0000246089907984FF00003FAF7A2FE044644B90D9A10A90C98FAF74FFB386076
:2011400001E04FF004042046FFF792FB14B0BDE8F08100B54FF00102016C496809680329F2
:2011600014BF012100210B46016C49680969103902D0013904D007E0FFF7F5FD024603E055
:201180001946FFF7C6FE0246104600BD2DE9F0458AB007460D4616464FF000044FF00000D8
:2011A00003904FF0000004904FF0000006904FF0000007904FF0000008904FF0000009906F
:2011C00007AA06A938464FF00103FFF71EFD09AA08A938464FF01003FFF7BCFD07990998B9
:2011E00002684FF000008A4201D24FF006008246BAF1000F5FD105AB04AA03A93846FFF732
:201200005DFB8246BAF1000F5FD1786B072841D80FF20408D8E800F03E040C15263E3E32A5
:2012200033462A4604990398FAF7F8FB044633E000962B46089A07990698FAF720FC04460E
:201240002AE033462A4604990398FAF7E7FB044614BB00962B46089A07990698FAF70FFC94
:20126000044619E00798002816D900962B46089A07990698FAF703FC04460DE00296019539
:2012800008980090079B069A04990398FAF737FC044601E04FF00404786B012806D00CB967
:2012A000079801E04FF00000099908602046FFF7DFFA824609E04FF006034FF003024FF0B4
:2012C00000014FF07200F4F71BFA50460AB0BDE8F0852DE900414FF00102016C49680968CA
:2012E000032914BF012100210B46016C49680969072919D80FF20408D8E801F016040710BB
:201300000A0D16134FF0000110E04FF001010DE04FF002010AE04FF0030107E04FF0040195
:2013200004E04FF0070101E04FF00F010F2903D01A46FFF72BFF02461046BDE800812DE9ED
:20134000F04592B005460F464FF000046E6B4FF0000007904FF0000008904FF000000A90D4
:201360004FF000000B904FF000000C904FF000000D904FF000000E904FF000000F904FF0E2
:20138000000010904FF0000011900BAA0AA928464FF00103FFF739FC0DAA0CA928464FF070
:2013A0000203FFF732FC0FAA0EA928464FF01003FFF7D0FC11AA10A928464FF02003FFF7D8
:2013C000C9FC0B990F9802684FF000008A4201D24FF006008246BAF1000F40F0F48009AB96
:2013E00008AA07A92846FFF769FA8246BAF1000F40F0F380072E04D0802F02D14FF48174DC
:20140000D2E03046072800F2CD800FF20808D8E800F0C046C905112749C9C96E09984FEA46
:20142000C0000246089907984FF00003FAF785FB0446B9E00D98002806D90D990C984FF099
:201440000002FAF7ABFB0446002C40F0AD800E9A0B990A984FF00003FAF704FC0446A3E032
:2014600009984FEAC0000246089907984FF00003FAF763FB04464CB90D98002806D90D9918
:201480000C984FF00002FAF789FB0446002C40F08B800E9A0B990A984FF00003FAF7E2FB43
:2014A000044681E011980068102802D21198006801E04FF01000119908604FF0000003903F
:2014C000119800680290109801900E9800900D9B0C9A0B990A98FAF74CFC044614B911986D
:2014E000006801E04FF00000119908605CE0062F2DD111980068102802D21198006801E0D4
:201500004FF01000119908604FF000000690119800680590109804900E9803900D98029043
:201520000C9801900B9800900A9B09984FEAC000024608990798FAF79DFC044614B9119832
:20154000006801E04FF00000119908602CE011980068102802D21198006801E04FF0100087
:20156000119908604FF000000690119800680590109804900E9803900D9802900C980190FD
:201580000B9800900A9B099A08990798FAF7ADFC044614B91198006801E04FF00000119904
:2015A000086001E04FF00404686B012806D00CB90B9801E04FF000000F9908602046FFF7D5
:2015C00057F9824609E04FF006034FF003024FF000014FF07200F4F793F8504612B0BDE81A
:2015E000F0852DE9F04D96B005468A464FF0000448F29010C1F6FF7012A902680A60426846
:201600004A6082688A60C068C8606F6B4FF0000007904FF0000008904FF000000A904FF05D
:2016200000000B904FF000000C904FF000000D904FF000000E904FF000000F904FF000005E
:2016400010904FF0000011902E6B0BAA0AA928464FF00103FFF7D9FA0DAA0CA928464FF076
:201660000203FFF7D2FA0FAA0EA928464FF00403FFF7CBFA11AA10A928464FF01003FFF79A
:2016800069FB0B99119802684FF000008A4201D24FF006008346BBF1000F40F0D68009AB4E
:2016A00008AA07A92846FFF709F98346BBF1000F40F0D580072F05D0BAF1800F02D14FF4FE
:2016C0008174B3E03846072800F2AE800FF20408D8E800F0AA04102749AAAA6809984FEA34
:2016E000C0000246089907984FF00103FAF725FA04469BE00D9840B10C9830B10D990C9825
:201700004FF00102FAF74AFA0446002C40F08E80109A0B990A984FF00103FAF7A3FA044693
:2017200084E009984FEAC0000246089907984FF00103FAF702FA044654B90D9840B10C9862
:2017400030B10D990C984FF00102FAF727FA0446002C6BD1109A0B990A984FF00103FAF734
:2017600081FA044662E04FF0010003900F98029012A80190109800900D9B0C9A0B990A983F
:20178000FAF7F7FA04464CB90F984FEAC000024612A90E98FAF722F8306047E04FF00100CD
:2017A000306043E0BAF1060F19D14FF0010006900F98059012A80490109803900D980290FA
:2017C0000C9801900B9800900A9B09984FEAC000024608990798FAF74DFB044615E04FF023
:2017E000010006900F98059012A80490109803900D9802900C9801900B9800900A9B099AA6
:2018000008990798FAF771FB04464CB90F984FEAC000024612A90E98F9F7E0FF306005E04F
:201820004FF00100306001E04FF00404686B012806D00CB90B9801E04FF000001199086044
:201840002046FFF715F8834609E04FF006034FF003024FF000014FF07200F3F751FF584618
:2018600016B0BDE8F08D00B54FF00102016C49680B68016C49680969062901D0802908D1E6
:20188000052B03D1FFF75BFD024602E0FFF7A9FE0246104600BD70B54FF00104096C4A6844
:2018A000D168202905D01169072902D14FF001043CE0D16810290BD011680B2908D01168A9
:2018C000132905D01169072902D04FF001042DE04FF000031EE005464FEAC50529464CF6EB
:2018E0008045C1F6FF7529441D464FEAC50509680D4411682E68B1420AD111792E79B14262
:2019000006D1117C6D79A94202D14FF000040DE003F1010305464FEAC50529464CF68045D3
:20192000C1F6FF75294449688B42D4D34CB14FF004034FF003024FF000014FF07200F3F788
:20194000DFFE204670BD2DE9F0448AB005464FF000046E6B286C406807684FF000000090B2
:201960004FF0000001904FF0000002904FF0000003904FF0000004904FF0000005904FF00E
:20198000000006904FF0000007904FF0000008904FF000000990D5F830A0F0B2C7EBC70173
:2019A0004CF6F432C1F6FF721144497801EA000048B301AA694628464FF00103FFF725F97C
:2019C00004460099019A4FF0000061B94FF002034FF003024FF000014FF07200F3F790FE3F
:2019E0004FF001000CE05AB94FF005034FF003024FF000014FF07200F3F782FE4FF0010082
:201A000044EA0000C4B2F0B2C7EBC7014CF6F432C1F6FF721144897801EA000058B303AA7D
:201A200002A928464FF00203FFF7EFF844EA0000C4B20299039A4FF0000061B94FF00203F3
:201A40004FF003024FF000014FF07200F3F758FE4FF001000CE05AB94FF005034FF0030247
:201A60004FF000014FF07200F3F74AFE4FF0010044EA0000C4B2F0B2C7EBC7014CF6F432DB
:201A8000C1F6FF721144C97801EA000058B305AA04A928464FF00403FFF7B7F844EA0000AF
:201AA000C4B20499059A4FF0000061B94FF002034FF003024FF000014FF07200F3F720FE9A
:201AC0004FF001000CE05AB94FF005034FF003024FF000014FF07200F3F712FE4FF0010011
:201AE00044EA0000C4B2F0B2C7EBC7014CF6F432C1F6FF721144097901EA000068B307AA08
:201B000006A928464FF01003FFF724F944EA0000C4B2069A07994FF0000002B161B94FF014
:201B200002034FF003024FF000014FF07200F3F7E7FD4FF001000DE0096859B94FF00503A6
:201B40004FF003024FF000014FF07200F3F7D8FD4FF0010044EA0000C4B2F0B2C7EBC70191
:201B60004CF6F432C1F6FF721144497901EA000068B309AA08A928464FF02003FFF7EAF8AC
:201B800044EA0000C4B2089A09994FF0000002B161B94FF002034FF003024FF000014FF04A
:201BA0007200F3F7ADFD4FF001000DE0096859B94FF005034FF003024FF000014FF07200F3
:201BC000F3F79EFD4FF0010044EA0000C4B2F0B2C7EBC7014CF6F432C1F6FF721144897999
:201BE00001EA000020B34FF00000BAF1000F0CD14FF002034FF003024FF000014FF07200D8
:201C0000F3F77EFD4FF001000FE04FF0000101290BD14FF005034FF003024FF000014FF0E0
:201C20007200F3F76DFD4FF0010044EA0000C4B220460AB0BDE8F08400B54FF00101416A20
:201C40000968006A05F0A1FBFEF729FE0146084600BD00B54FF00101016C496809680139EB
:201C6000013904D902390AD9023904D90BE0FFF770FA014609E0FFF7F6FD014605E0FFF791
:201C800028FB014601E04FF00101084600BD2DE910410C464FF00101226CD268012A44D1AB
:201CA00043F21C38C2F2000898F80C20EABB4FF0010043F21C38C2F2000888F80C004FF02E
:201CC000010043F21C38C2F20008C8F80800206843F21C38C2F20008C8F800004FF0010029
:201CE00060602046FFF7B5FF01464FF0000043F21C38C2F2000888F80C0011B9606B0728F9
:201D000021D14FF0000043F21C38C2F20008C8F808004FF0FF3043F21C38C2F20008C8F812
:201D200000004FF0000060600DE0226CD26852B92146FEF747FC0146012902D14FF00001C1
:201D400001E04FF002010846BDE810812DE910410C464FF00101226CD268012A41D143F2A8
:201D60001C38C2F2000898F80C20D2BB43F21C38C2F20008D8F8002023689A4231D14FF02D
:201D8000010043F21C38C2F2000888F80C004FF0010060602046FFF75CFF01464FF0000034
:201DA00043F21C38C2F2000888F80C0029B994F8340000F00400002841D04FF0000043F20F
:201DC0001C38C2F20008C8F808004FF0FF3043F21C38C2F20008C8F800004FF000006060B9
:201DE0002DE0226CD26842BB94F8342002F0010252B12146FEF7E6FB012802D14FF00001C0
:201E00001DE04FF002011AE043F21C38C2F20008D8F800002268904211D143F21C38C2F2F9
:201E20000008D8F8040050B943F21C38C2F20008C8F804404FF0000101E04FF002010846C3
:201E4000BDE810812DE9704106460C464FF00105606B072842D121683046FEF726FC206CF3
:201E6000C06801282CD1606850BB43F21438C2F2000898F8040018BB4FF0010043F21438DC
:201E8000C2F2000888F80400206843F21438C2F20008C8F800002046FFF7CEFE05464FF0CB
:201EA000FF3043F21438C2F20008C8F800004FF0000043F21438C2F2000888F804000DE009
:201EC000206CC06850B921463046FEF77BFB012802D14FF0000501E04FF002052846BDE883
:201EE00070812DE9704106460C464FF0010594F8340000F0010018B121683046FEF7D5FB09
:201F000043F21C38C2F20008D8F80800A8B994F8340000F0010080B1606870B943F21C38E7
:201F2000C2F20008D8F80000B0F1FF3F05D121463046FFF7ACFE054615E043F21C38C2F266
:201F40000008D8F8080001280DD143F21C38C2F20008D8F80000B0F1FF3F04D021463046F5
:201F6000FFF7F4FE05462846BDE8708130B504460D464FF00100696B072911D1296CC968BC
:201F800071B929682046FEF790FB29462046FEF719FB012802D14FF0000001E04FF0020065
:201FA00030BD00002DE9004143F21038C2F20008D8F8001001290AD14FF001034FF000023B
:201FC0004FF000014FF07200F3F79AFB1FE005F09DF9FEF7E3FBFEF715FAFEF7ABFA4FF057
:201FE000010143F21038C2F20008C8F800104FF0FF3143F21C38C2F20008C8F800104FF013
:20200000FF3143F22C38C2F20008C8F80810BDE800812DE9704106460D464FF001044FF054
:20202000000043F21038C2F20008D8F8001059B94FF000034FF003024FF000014FF07200FE
:20204000F3F75EFB4FF0010004464FF00000032E0BD34FF004034FF003024FF000014FF05C
:202060007200F3F74DFB4FF0010044EA0000C4B24FF000005DB94FF002034FF003024FF0BC
:2020800000014FF07200F3F73BFB4FF0010044EA0000C4B254B929463046FFF7FCFB044661
:2020A0002846FFF750FC44EA0000C4B2FCB9286C406800680B2805D129463046FFF7C2FECF
:2020C000044614E0286C40680068132805D129463046FFF74BFF044609E0286C4068006811
:2020E000142804D029463046FFF7FBFE04462046BDE870810000000000B54FF0000100F0D1
:2021000012F80146084600BD00B500F001F800BD00B54FEA501300F01F000A4601461846B3
:2021200002F018F800BD70B54FF000014FEA501500F01F044FF0010000FA04F631462846B1
:2021400002F027F8284602F030F8014601EA060121FA04F0C0B20146084670BDFEE7FEE7A0
:202160007047FEE7FEE7FEE7FEE7FEE7FEE70000B0F5001F0ED3B0F1007F05D347F6FF7100
:20218000C0F20021884205D9B0F1807F05D3B0F1817F02D24FF0010001E04FF000007047C0
:2021A00070B50C4604EB0001A1F10106FFF7E0FF05463046FFF7DCFF05EA0000C5B2012D24
:2021C00004D1002C02D94FF0010501E04FF00005284670BD00B519B11146FFF7E1FF10B9A9
:2021E0004FF0050301E04FF00003184600BD10B44FF0010341EA000404F0030048B9042AFE
:2022000002D34FF004030BE0022A09D34FF0020306E004F0010018B9022A01D34FF002037C
:20222000184610BC704710B40C6803465B1E0ED05B1E03D09B1E0ED114600CE013686FF3C4
:202240000F03C4F30F0040EA0300106003E004F0FF00C0B2107010BC704770B44FF0070450
:202260000D68166803465B1E11D05B1E06D09B1E15D1AE4213D14FF0000410E0C6F30F000B
:20228000C5F30F0188420AD14FF0000407E006F0FF0005F0FF01884201D14FF00004204678
:2022A00070BC704710B44FF006030C680246521E12D0521E07D0921E14D1B4F1FF3F11D180
:2022C0004FF000030EE0C4F30F004FF6FF71884208D14FF0000305E004F0FF00FF2801D19D
:2022E0004FF00003184610BC70472DE970410646144640F22005C4F2020540F21808C4F232
:202300000208C8F8001004F0A6F840F21008C4F20208D8F800006FF3070006F0FF0140EAEE
:20232000010040F21008C4F20208C8F8000004F096F86CB14FF0000008E000EB050100EB30
:20234000040212780A7000F10100C0B21028F4D304F089F840F20808C4F20208D8F80000C9
:202360006FF3186040F20808C4F20208C8F8000004F07DF84FF0640040F20008C4F20208BB
:20238000C8F80000BDE870812DE9004143F2C448C2F20008D8F80000006838B143F2C44831
:2023A000C2F20008D8F8000000688047BDE800812DE9004143F2C448C2F20008D8F8000018
:2023C000406838B143F2C448C2F20008D8F8000040688047BDE8008110B54FF00004EFF320
:2023E000108004460CB902F0B0F907B4004801E0000002404FF0800100BF00BF00BF00BFC1
:2024000000BF00BF00BF00BF0160026800BF00BF00BF00BF00BF00BF00BF00BF07BC0CB975
:2024200002F0A8F910BD2DE9304181B004460D464FF00000009045B1FFF7A6FF45F0010150
:2024400020468847FFF7B4FF2CE0FFF7C5FF12E004B1A0476A4643F2C841C2F200014FF068
:20246000000002F058F943F2BC41C2F200010868009A1044086040F20008C4F20208D8F8A2
:20248000000010F0800F0DD143F2BC48C2F20008D8F8000043F2C048C2F20008D8F8001031
:2024A0008842D5D303F0CFFF40F20008C4F20208D8F8000010F0800F16D040F20008C4F2BA
:2024C0000208D8F8000000F0210050B14FF003044FF0200040F20008C4F20208C8F80000B1
:2024E00004E04FF0000401E04FF0040403F0AFFF204601B0BDE830812DE9304104460D465B
:2025000003F0B9FF4FEA141040F23008C4F20208D8F8002002F00F0220F070434FEA031384
:2025200042EA030240F23008C4F20208C8F8002003F0A5FF03F0A7FF4FEA151040F2340864
:20254000C4F20208D8F8002002F00F0220F070434FEA031342EA030240F23408C4F2020857
:20256000C8F8002003F093FFBDE830812DE9F04106460F4614463046FFF7FAFD06F00F01F5
:2025800000290CBF0121002101EA0000C0B24FF0000540F20008C4F20208D8F8000010F099
:2025A000800F02D14FF001053CE043F2C841C2F200014FF0000002F0A2F84FF0000043F226
:2025C000BC48C2F20008C8F80000A06860B94FF416714FF0000002F0B0F843F2C048C2F2C6
:2025E0000008C8F800000DE049F2E031C0F204014FF0000002F0A1F843F2C048C2F2000860
:20260000C8F800003A4631464FF02400FFF76DFE207828B9A1686068FFF705FF054601E0CF
:20262000FFF7DAFE2846BDE8F0814DF8048D40F20008C4F20208D8F8001000EA010010B9E4
:202640004FF0000101E04FF0010108465DF8048B70472DE9304105464FF0000443F2C448D9
:20266000C2F20008C8F800504FF00100FFF7DDFF012802D14FF00A0423E04FF08000FFF77B
:20268000D4FF10B94FF001041BE040F26400C0F2030040F20008C4F20208C8F80000E96809
:2026A000A868FFF729FF40F20408C4F20208D8F8000040F4803040F20408C4F20208C8F87C
:2026C00000002046BDE830812DE9704106460C463046FFF74DFDC6F30C0100290CBF012147
:2026E000002101EA0000C0B24FF0000540F20008C4F20208D8F8000010F0800F02D14FF0AD
:2027000001053DE043F2C841C2F200014FF0000001F0F5FF4FF0000043F2BC48C2F200084B
:20272000C8F80000A06860B944F620614FF0000002F003F843F2C048C2F20008C8F8000018
:202740000DE049F2E031C0F204014FF0000001F0F4FF43F2C048C2F20008C8F80000314636
:202760004FF000024FF04200FFF7BFFD207828B9A1686068FFF757FE054601E0FFF72CFE04
:202780002846BDE870812DE9F04404460D4616469A464FF0000704F00F0030B905F00F00DC
:2027A000002814BF3846012007462046FFF7E0FC394601EA0000C0B24FF000004FF0000799
:2027C0000AE0524607EB0600014607EB0400FFF7CDFE18B907F11007AF42F2D3BDE8F084D2
:2027E0002DE9F04504460E4615462A4631462046FFF7F0FC07464FF0010A4FF0010043F25A
:20280000B448C2F20008C8F800002EE043F2B448C2F20008C8F804404FF4803040F2000814
:20282000C4F20208C8F8000003F035FE40F24008C4F20208D8F8000040F0010040F240083D
:20284000C4F20208C8F8000003F029FE2A4631462046FFF7CCFC8246324621465046FFF7A0
:20286000E2FC54445644A5EB0A05002D07D943F2B448C2F20008D8F800000228C6D143F2E9
:20288000B448C2F20008D8F80000022801D14FF009074FF0000043F2B448C2F20008C8F879
:2028A00000003846BDE8F0852DE9F04104460D461646324629462046FFF78CFC2F464FF0C1
:2028C00001054FF0010143F2B448C2F20008C8F800102EE043F2B448C2F20008C8F80440F5
:2028E0004FF4803040F20008C4F20208C8F8000003F0D1FD40F24008C4F20208D8F8000060
:2029000040F0010040F24008C4F20208C8F8000003F0C5FD324639462046FFF768FC0546D5
:202920003A4621462846FFF798FC2C442F44A6EB0506002E09D943F2B448C2F20008D8F86C
:202940000010022901D00028C4D043F2B448C2F20008D8F80010022902D108B94FF00900DB
:202960004FF0000143F2B448C2F20008C8F80010BDE8F0812DE9F04105460E464FF000041B
:2029800031462846FFF70CFC4FF001074FF0010043F2B448C2F20008C8F800002EE043F2DD
:2029A000B448C2F20008C8F804504FF4803040F20008C4F20208C8F8000003F06CFD40F210
:2029C0004008C4F20208D8F8000040F0010040F24008C4F20208C8F8000003F060FD32462C
:2029E00028464FF00001FFF702FC074629463846FFF758FC04463D44A6EB0706002E09D938
:202A000043F2B448C2F20008D8F80000022801D0002CC4D043F2B448C2F20008D8F8000081
:202A2000022802D10CB94FF009044FF0000043F2B448C2F20008C8F800002046BDE8F08120
:202A40002DE9104181B003F0FEFC40F20008C4F20208D8F8000010F0800F1AD040F2000874
:202A6000C4F20208D8F8000000F0210060B14FF003044FF0200040F20008C4F20208C8F845
:202A8000000003F0E4FC2AE003F0E1FC4FF0000425E003F0DCFC6A4643F2C841C2F20001D3
:202AA0004FF0000001F037FE43F2BC41C2F200010868009A1044086043F2BC48C2F200080F
:202AC000D8F8000043F2C048C2F20008D8F80010884202D94FF0040401E04FF001042046D6
:202AE00001B0BDE81081B0F1807F05D3B0F1817F02D24FF0020013E0B0F5001F02D24FF0F7
:202B000001000DE0B0F1007F08D347F6FF71C0F20021884202D84FF0010001E04FF0000048
:202B200070472DE90F512DED100BF1EE10CA4DF804CD40F20008C4F20208D8F8000010F496
:202B4000803F2AD040F20408C4F20208D8F8000010F4803F21D043F2B448C2F20008D8F87D
:202B60000000012819D143F2B448C2F20008D8F804004FEA101140F24008C4F20208D8F81D
:202B800000004FEA1010814207D14FF0020043F2B448C2F20008C8F800004FF4803040F22E
:202BA0000008C4F20208C8F80000BFF34F8F5DF804CBE1EE10CABDEC100BBDE80F914DF8E2
:202BC000048D4FF0000190B143F2CC48C2F20008D8F80020A0F1010001464FEA810108460C
:202BE000116A08440068816801F1010101E04FF0000108465DF8048B70472DE9004143F233
:202C0000D048C2F20008D8F80800FFF7D8FF014643F2CC48C2F20008D8F8002043F2D048B2
:202C2000C2F20008D8F808004FEA8000126A10440068C06843F2D048C2F20008D8F81020DE
:202C4000A2EB01010844BDE800814DF8048D4FF000014FF0000110E043F2CC48C2F2000828
:202C6000D8F800300A464FEA82021B6A1A441268926890420AD901F1010143F2CC48C2F24A
:202C80000008D8F80020D2699142E5D308465DF8048B70472DE9704105464FF0000643F201
:202CA000CC48C2F20008D8F8001043F2CC48C2F20008D8F80000C069A0F101004FEA80001B
:202CC000096A08440068806885421FD82846FFF7BCFF014643F2CC48C2F20008D8F80020CC
:202CE00008464FEA8000126A1044006804680846FFF765FF54B1A5EB0001B1FBF4F004FB5C
:202D000000F0A1EB000008B94FF001063046BDE870812DE9704105464FF0000643F2CC4884
:202D2000C2F20008D8F8001043F2CC48C2F20008D8F80000C069A0F101004FEA8000096A3B
:202D4000084400688068854221D82846FFF77DFF014643F2CC48C2F20008D8F800200846AD
:202D60004FEA8000126A1044006804680846FFF726FF64B105F10101A1EB0001B1FBF4F063
:202D800004FB00F0A1EB000008B94FF001063046BDE870812DE9704104464FF0000543F21B
:202DA000CC48C2F20008D8F8001043F2CC48C2F20008D8F80000C069A0F101004FEA80001A
:202DC000096A084400688068844220D82046FFF73CFF06463046FFF7F2FE014643F2CC4857
:202DE000C2F20008D8F8002030464FEA8000126A10440068406850B1A4EB0102B2FBF0F1F7
:202E000000FB01F1A2EB010008B94FF001052846BDE870812DE9704105464FF0000643F2A1
:202E2000CC48C2F20008D8F8001043F2CC48C2F20008D8F80000C069A0F101004FEA800099
:202E4000096A084400688068854221D82846FFF7FCFE014643F2CC48C2F20008D8F8002009
:202E600008464FEA8000126A1044006844680846FFF7A5FE64B105F10101A1EB0001B1FB3A
:202E8000F4F004FB00F0A1EB000008B94FF001063046BDE870814DF8048D43F2D048C2F2E9
:202EA0000008D8F810100844A0F1010143F2D048C2F20008D8F81400884205D243F2D04860
:202EC000C2F20008D8F8141008465DF8048B70472DE9100143F2CC48C2F20008D8F800203D
:202EE00043F2D048C2F20008D8F808104FEA8101126A114409684A7C43F2CC48C2F2000819
:202F0000D8F8003043F2D048C2F20008D8F808104FEA81011B6A19440968496843F2CC48B8
:202F2000C2F20008D8F8004043F2D048C2F20008D8F808304FEA8303246A23441B689B687A
:202F400098420AD243F2D048C2F20008D8F81030A0EB030000F1010009E043F2D048C2F238
:202F60000008D8F81000A3EB000000F10100012A02D1884288BF0846BDE8100170474DF8DA
:202F8000048D43F2CC48C2F20008D8F8002043F2D048C2F20008D8F808104FEA8101126A83
:202FA00011440968896888420AD243F2D048C2F20008D8F81010A0EB010000F1010109E053
:202FC00043F2D048C2F20008D8F81000A1EB000000F1010108465DF8048B704710B5044691
:202FE0004FF001034FF00B024FF000014FF05C00F2F78CFB022C0AD14FF007034FF00B0259
:203000004FF000014FF05C00F2F77DFB0BE0052C09D14FF009034FF00B024FF000014FF068
:203020005C00F2F770FB10BD2DE970414FF00204FFF7E3FD43F2D048C2F20008D8F8101038
:2030400043F2D048C2F20008D8F81420914202D94FF0000472E043F2CC48C2F20008D8F84B
:20306000002043F2D048C2F20008D8F808104FEA8101126A114409680D7C43F2CC48C2F2BC
:203080000008D8F8002043F2D048C2F20008D8F808104FEA8101126A114409680E68294665
:2030A00000F0B9FF042808D14FF0010043F2D048C2F2000888F8200040E020B14FF0010445
:2030C000FFF78CFF3AE0CDBB43F2D041C2F2000108693044086143F2D048C2F20008D8F8AB
:2030E000100043F2D048C2F20008D8F81410884202D94FF0000421E043F2CC48C2F20008D5
:20310000D8F8001043F2D048C2F20008D8F808004FEA8000096A0844006843F2D048C2F20D
:203120000008D8F810108068814207D943F2D041C2F20001886800F1010088602046BDE83C
:20314000708110B504464FF002034FF00B024FF000014FF05C00F2F7D9FA022C0AD14FF000
:2031600007034FF00B024FF000014FF05C00F2F7CAFA18E0032C0AD14FF008034FF00B02D9
:203180004FF000014FF05C00F2F7BDFA0BE0052C09D14FF009034FF00B024FF000014FF0A8
:2031A0005C00F2F7B0FA10BD2DE9F0414FF002054FF0000443F2D048C2F20008D8F810009A
:2031C00043F2D048C2F20008D8F81410884202D94FF0000589E043F2F448C2F20008D8F8A3
:2031E0000000FFF758FE074653E03846FFF770FE064643F2CC48C2F20008D8F8001043F2BB
:20320000D048C2F20008D8F808004FEA8000096A08440068447CFFF7F0FC234643F2D048CA
:20322000C2F20008D8F81820314600F03EFF04467CBB43F2D041C2F200010869304408615C
:2032400043F2D041C2F2000188693044886143F2CC48C2F20008D8F8001043F2D048C2F23F
:203260000008D8F808004FEA8000096A0844006843F2D048C2F20008D8F8101080688142EA
:2032800007D943F2D041C2F20001886800F10100886043F2D048C2F20008D8F81000B842A6
:2032A00001D8002CA1D0042C08D14FF0010043F2D048C2F2000888F8200016E02CB14FF094
:2032C00001052046FFF73DFF0FE043F2D048C2F20008D8F8100043F2D048C2F20008D8F89F
:2032E0001410884201D94FF000052846BDE8F0812DE9304105464FF00104FFF77EFC03466F
:2033000043F2D048C2F20008D8F80000023868D303D002381FD348D063E043F2D048C2F204
:203320000008D8F81C202946184600F056FE04464CB14FF003034FF00B024FF000014FF011
:203340005C00F2F7E3F943F2D041C2F20001C8692844C86145E043F2D048C2F20008D8F88D
:2033600018202946184600F043FE0446ACB14FF004034FF00B024FF000014FF05C00F2F71A
:20338000C5F9032C09D14FF008034FF00B024FF000014FF05C00F2F7B6F943F2D041C2F263
:2033A00000018869284488611BE02946184600F02AFE0446ACB14FF004034FF00B024FF06E
:2033C00000014FF05C00F2F7A1F9022C09D14FF007034FF00B024FF000014FF05C00F2F76D
:2033E00092F92046BDE830814FF00201012801D0022802D14FF0010103E0032801D14FF0ED
:203400000401084670472DE9F0414FF002054FF0000443F2D048C2F20008D8F8100043F2B4
:20342000D048C2F20008D8F81410884202D94FF000055BE043F2F848C2F20008D8F800009F
:20344000FFF729FD064631E03046FFF798FD07463846FFF74DFF044643F2D041C2F20001A0
:203460000869384408610CBB43F2CC48C2F20008D8F8001043F2D048C2F20008D8F8080069
:203480004FEA8000096A0844006843F2D048C2F20008D8F810108068814207D943F2D04182
:2034A000C2F20001886800F10100886043F2D048C2F20008D8F81000B04201D8002CC3D01A
:2034C00024B12046FFF790FF05460FE043F2D048C2F20008D8F8100043F2D048C2F2000800
:2034E000D8F81410884201D94FF000052846BDE8F0812DE9004143F2D048C2F20008D8F83C
:20350000000010B9FFF790FD0CE043F2D048C2F20008D8F80000012802D1FFF745FE01E084
:20352000FFF771FFBDE800812DE9004143F2D048C2F20008C8F804000146013904D314D09F
:203540000239013911D920E043F2CC48C2F20008D8F800000068C0B143F2CC48C2F2000859
:20356000D8F80000006880470FE043F2CC48C2F20008D8F80000406838B143F2CC48C2F2FA
:203580000008D8F8000040688047BDE800812DE970414FF00204FFF730FB024643F2CC4800
:2035A000C2F20008D8F8001043F2D048C2F20008D8F808004FEA8000096A08440068056841
:2035C0002946104600F0EBFC0646062E59D04FF0000043F2D048C2F2000888F820002EB3DD
:2035E0004FF001044FF001034FF00B024FF000014FF05C00F2F78AF8022E0AD14FF007035E
:203600004FF00B024FF000014FF05C00F2F77BF837E0052E35D14FF009034FF00B024FF001
:2036200000014FF05C00F2F76EF82AE043F2D041C2F2000108692844086143F2CC48C2F257
:203640000008D8F8001043F2D048C2F20008D8F808004FEA8000096A0844006843F2D04874
:20366000C2F20008D8F810108068814207D943F2D041C2F20001886800F1010088604FF00F
:2036800000042046BDE870812DE970414FF00204FFF7B3FA034643F2CC48C2F20008D8F85D
:2036A000001043F2D048C2F20008D8F808004FEA8000096A0844006845682A4643F2D048CF
:2036C000C2F20008D8F81810184600F078FC0646062E60D04FF0000043F2D048C2F200087C
:2036E00088F820002EB34FF001044FF002034FF00B024FF000014FF05C00F2F707F8032E81
:203700000AD14FF008034FF00B024FF000014FF05C00F1F7F8FF3EE0052E3CD14FF00903D5
:203720004FF00B024FF000014FF05C00F1F7EBFF31E043F2D041C2F200010869284408613E
:2037400043F2D041C2F2000188692844886143F2CC48C2F20008D8F8001043F2D048C2F242
:203760000008D8F808004FEA8000096A0844006843F2D048C2F20008D8F8101080688142E5
:2037800007D943F2D041C2F20001886800F1010088604FF000042046BDE870812DE90041EE
:2037A0004FF0010043F2D048C2F20008D8F8001011B9FFF7ECFE09E043F2D048C2F2000844
:2037C000D8F80010012901D1FFF75EFFBDE800812DE9004150B14FF001034FF000024FF079
:2037E00000014FF05C00F1F78BFF9CE043F2D048C2F20008D8F8040002280AD14FF0060315
:203800004FF000024FF000014FF05C00F1F778FF89E04BF23418C1F6FF78D8F8000043F208
:20382000CC48C2F20008C8F8000043F2CC48C2F20008D8F80000806801281AD143F2CC48DE
:20384000C2F20008D8F80000C06843F2F848C2F20008C8F8000043F2CC48C2F20008D8F8EE
:203860000000406943F2F448C2F20008C8F8000019E043F2CC48C2F20008D8F8000000697B
:2038800043F2F848C2F20008C8F8000043F2CC48C2F20008D8F80000806943F2F448C2F254
:2038A0000008C8F8000043F2CC48C2F20008D8F80000406A00F031FB014606290AD14FF015
:2038C00006034FF000024FF000014FF05C00F1F717FF18E007290AD14FF006034FF0000239
:2038E0004FF000014FF05C00F1F710FF0BE0092909D14FF004034FF000024FF000014FF0F9
:203900005C00F1F7FDFE4FF0000043F2D048C2F20008C8F804004FF0000043F2D048C2F21C
:20392000000888F82000BDE800812DE9F04505468A464FF000040AEB0500A0F101064FF03F
:20394000000043F2CC48C2F20008D8F8001059B94FF005034FF001024FF000014FF05C000C
:20396000F1F7CEFE4FF0010004464CBB4FF000042846FFF78FF958B94FF002034FF001023C
:203980004FF000014FF05C00F1F7BAFE4FF001044FF000073046FFF7BCF910B1BAF1000F86
:2039A0000BD14FF003034FF001024FF000014FF05C00F1F7A5FE4FF0010744EA0700C4B24C
:2039C000002C4AD143F2D048C2F20008D8F8040002280CD14FF006034FF001024FF00001F2
:2039E0004FF05C00F1F78CFE4FF0010435E02846FFF72BF943F2D048C2F20008C8F8080008
:203A00003046FFF722F943F2D048C2F20008C8F80C0043F2D048C2F20008C8F8105043F2EC
:203A2000D048C2F20008C8F814604FF0000043F2D048C2F20008C8F800004FF0020043F200
:203A4000D048C2F20008C8F804004FF0000043F2D048C2F2000888F820002046BDE8F08566
:203A60002DE9F04D05460F4693464FF000040BEB0500A0F1010A4FF0000043F2CC48C2F264
:203A80000008D8F8001059B94FF005034FF002024FF000014FF05C00F1F732FE4FF001006F
:203AA00004464CBB4FF000042846FFF773F958B94FF002034FF002024FF000014FF05C002F
:203AC000F1F71EFE4FF001044FF000065046FFF7A1F910B1BBF1000F0BD14FF003034FF057
:203AE00002024FF000014FF05C00F1F709FE4FF0010644EA0600C4B24FF000005FB94FF072
:203B000004034FF002024FF000014FF05C00F1F7F7FD4FF0010044EA0000C4B2002C50D173
:203B200043F2D048C2F20008D8F8040002280CD14FF006034FF002024FF000014FF05C003B
:203B4000F1F7DEFD4FF001043BE02846FFF77DF843F2D048C2F20008C8F808005046FFF70D
:203B600074F843F2D048C2F20008C8F80C0043F2D048C2F20008C8F8105043F2D048C2F2DA
:203B80000008C8F814A043F2D048C2F20008C8F818704FF0010043F2D048C2F20008C8F84F
:203BA00000004FF0020043F2D048C2F20008C8F804004FF0000043F2D048C2F2000888F82F
:203BC00020002046BDE8F08D4DF8048D43F2CC48C2F20008D8F8000010B94FF000000CE09E
:203BE00043F2D048C2F20008D8F80400022802D14FF0020001E04FF001005DF8048B7047EE
:203C00002DE9004143F2CC48C2F20008D8F8000060B94FF005034FF005024FF000014FF053
:203C20005C00F1F76DFD4FF0010005E043F2D048C2F20008D8F80400BDE800812DE9004157
:203C400043F2CC48C2F20008D8F8001051B94FF005034FF008024FF000014FF05C00F1F722
:203C60004FFD4BE043F2D048C2F20008D8F8041002290AD14FF006034FF008024FF0000109
:203C80004FF05C00F1F73CFD38E0014601391BD334D143F2CC48C2F20008D8F80000C068DF
:203CA00043F2F848C2F20008C8F8000043F2CC48C2F20008D8F80000406943F2F448C2F270
:203CC0000008C8F8000019E043F2CC48C2F20008D8F80000006943F2F848C2F20008C8F8F4
:203CE000000043F2CC48C2F20008D8F80000806943F2F448C2F20008C8F80000BDE80081F3
:203D00002DE900414FF0000043F2CC48C2F20008D8F80010B1B143F2D048C2F20008D8F8ED
:203D2000041002290ED143F2D048C2F2000898F82010012901D1FFF731FD08B9FFF7D9FBF1
:203D4000FFF7F2FBBDE8008100B5FEF7CCFE00BD4DF8048D01460A291FD80FF20808D8E811
:203D600001F0C046070A191C131C0D101C1C16004FF0000113E04FF0060110E04FF00201C1
:203D80000DE04FF003010AE04FF0050107E04FF0070104E04FF0080101E04FF001010846FA
:203DA0005DF8048B70472DE9300198B947F25871C1F6FF7143F2FC48C2F20008D8F80000A2
:203DC000026840F27000C0F2000000F103004FEA900512E047F25871C1F6FF7143F2FC48CF
:203DE000C2F20008D8F80000426840F27000C0F2000000F103004FEA90054FF000030CE049
:203E00001C464FEA8404204610441C464FEA84040C442468046003F10103AB42F0D3BDE815
:203E2000300170472DE9100178B943F2FC48C2F20008D8F80000036840F27000C0F200007E
:203E400000F103004FEA90040EE043F2FC48C2F20008D8F80000436840F27000C0F20000AF
:203E600000F103004FEA90044FF0000109E00A464FEA8202104618444FF00002026001F104
:203E80000101A142F3D3BDE8100170472DE9304104460D467BB91046FFF756FFA8420AD14C
:203EA0002046FFF780FF4FF0010043F20058C2F2000888F80000BDE830812DE9004143F23C
:203EC0000058C2F2000898F80010012909D1FFF7A9FF4FF0000043F20058C2F2000888F884
:203EE0000000BDE8008100B50B46012804D018B911461846FEF73EFDFFF72AFF00BD30B522
:203F00000C461546012805D020B91A4629462046FEF7CAFCFFF71CFF30BD2DE9104143F293
:203F2000FC48C2F20008C8F8000043F2FC48C2F20008D8F80000C068FEF78BFB0146084684
:203F4000FFF706FF044647F25870C1F6FF70FFF7FBFE43F20858C2F20008C8F8000047F2BC
:203F60005870C1F6FF70FFF7EFFE43F20458C2F20008C8F800007CB943F20858C2F20008DD
:203F8000D8F8000030B143F20458C2F20008D8F8000008B94FF009042046BDE8108130B5C5
:203FA00004460D464FF00102FEF74AFD03462A4621461846FFF797FF0246104630BD70B52C
:203FC00004460D4616464FF00100FEF739FD33462A462146FFF793FF70BD00B513460A461A
:203FE0001946FEF7FDFB03461846FFF7B1FE00BD00B513460A461946FEF756FC03461846C1
:20400000FFF7A6FE00BD00B5FEF7B4FC02461046FFF79EFE00BD2DE9304183B004460D46AB
:204020008DF8005043F2FC48C2F20008D8F80000806801904FF0000002902B46224643F24E
:204040000858C2F20008D8F800104FF00000FFF71DFF43F20058C2F2000898F8000038B151
:2040600043F2FC48C2F20008D8F800000068029069462046FEF728FB18B1FFF769FE0446A4
:204080000BE045B920464FF40051FEF773FCFFF75FFE044601E04FF004044FF00000FFF7DF
:2040A0000CFF204603B0BDE830812DE9F04183B004460D4617461E464FF000008DF800608A
:2040C00043F2FC48C2F20008D8F80000806801904FF0000002903346224643F20458C2F26B
:2040E0000008D8F800104FF00100FFF7CFFE43F20058C2F2000898F8000038B143F2FC489A
:20410000C2F20008D8F800004068029029462046FEF730FC28B96B463A4629462046FEF707
:2041200032FB18B1FFF714FE04460BE046B92A4639462046FEF7B8FBFFF70AFE044601E027
:204140004FF004044FF00100FFF7B7FE204603B0BDE8F08170B506460C46154602F06BF98A
:2041600031464FEA810108464CF63861C1F6FF710844026811684FF0010000FA04F021EA55
:20418000000105FA04F041EA0001116002F057F970BD02464FEA820210464CF63862C1F631
:2041A000FF7210440268D16070474FF0000101464FEA810108464CF63861C1F6FF7108440A
:2041C00001680968084670472DE930414FF0000421464FEA810143F20C52C2F20002114476
:2041E00008604FF0000517E021464FEA8101084643F20C51C2F200010844006829464FEA09
:204200008102A2EB01014FEA8101C068084400F0CEF905F10100C5B221464FEA81010846C8
:2042200043F20C51C2F2000108440068007A8542DAD34FF0000550E04FF0000110E0224689
:204240004FEA8202104643F20C52C2F2000210440068006908440078854203D001F101018B
:204260000429ECD30A464FEAC202104643F21052C2F2000210444FF0000202710A464FEAD1
:20428000C202104643F21052C2F2000210444FF0010202604FEA8101084643F23051C2F24C
:2042A000000108444FF00001016021464FEA8101084643F20C51C2F2000108440068294636
:2042C0004FEAC102A2EB01014FEA810140680844806900F06FF905F1010521464FEA810145
:2042E000084643F20C51C2F200010844006800688542A1D34FF0000041F6D028C2F20008A8
:20430000C8F80000BDE83081F0B506460F464FF001004FF000044FF001004FF001053046C3
:204320004FEAC00043F21051C2F200010844006804280AD14FF00B034FF005024FF00001AB
:204340004FF06400F1F7DFF901E04FF000052846002818BF0120002861D120464FEA8000CE
:2043600043F20C51C2F200010844006800693044057820464FEA800043F20C51C2F2000182
:204380000844016828464FEAC002A2EB00004FEA8000496808444069012814D120464FEA66
:2043A000800043F20C51C2F200010844016828464FEAC002A2EB00004FEA800049680844D5
:2043C000806900F027F930464FEAC00043F21051C2F2000108444FF0040101603946204654
:2043E0004FEA800043F20C52C2F200021044026828464FEAC003A3EB00004FEA8000526892
:204400001044806900F0E4F848B14FF02B034FF005024FF000014FF06400F1F774F9F0BD02
:204420002DE900414FF000010A464FEA820243F20C53C2F200031A4412681269024412786A
:2044400003464FEAC303184643F21053C2F2000318444FF00103037141F6D028C2F2000869
:20446000D8F80000A0B94FEA8101084643F20C51C2F200010844006811464FEAC102A2EB2F
:2044800001014FEA810140680844806900F0C2F8BDE800812DE9704106464FF000042046F6
:2044A0004FEA800043F20C51C2F200010844006800287AD020464FEA800043F20C51C2F271
:2044C00000010844006800693044057820464FEA800043F20C51C2F2000108440168284644
:2044E0004FEAC002A2EB00004FEA800049680844406901281FD120464FEA800043F20C510B
:20450000C2F200010844016828464FEAC002A2EB00004FEA800049680844806900F06CF848
:2045200030464FEAC00043F21051C2F2000108444FF00301016041F6D028C2F20008D8F816
:20454000000090BB30464FEAC00043F21051C2F2000108440079012827D120464FEA800051
:2045600043F20C51C2F200010844016828464FEAC002A2EB00004FEA8000496808444068EB
:2045800098B120464FEA800043F20C51C2F200010844016828464FEAC002A2EB00004FEA88
:2045A00080004968084440688047BDE8708100680028704700B5016849B10168012906D0B1
:2045C0000168022903D10169007902F015FC00BD00B54FF00102036863B10368012B09D0EA
:2045E0000368022B06D10A464179007902F040FD4FF00002104600BD00B5016849B10168C5
:20460000012906D00168022903D14179007902F08FFD00BD00B5016849B10168012906D043
:204620000168022903D14179007902F0CCFD00BD2DE910014EF60858CEF20008D8F80040C4
:2046400032B100F110034FEA830323441B68136000F110004FEA800020440160BDE8100122
:2046600070474FEA50114FEA81014EF20012CEF20002114400F01F004FF0010202FA00F088
:204680000860704700B54FEA50114FEA81014EF28012CEF20002114400F01F004FF00102B7
:2046A00002FA00F00860BFF34F8FBFF36F8F00BD002809DB4EF20042CEF2000210444FEACC
:2046C0000111C9B201700CE000F00F00A0F104004EF61852CEF2000210444FEA0111C9B2D2
:2046E000017070474DF8048D4FF0000043F24858C2F20008C8F800005DF8048B70474FF052
:20470000010203461B1E04D14FF0000008604FF000021046704710B44FF001030446241EB7
:2047200008D14FF0010010600B6803F101030B604FF00003184610BC70474FF0000203466D
:204740001B1E00D10A46104670472DE9004143F24858C2F20008D8F80000002800D172B619
:2047600043F24851C2F20001086800F101000860BDE800812DE9004143F24858C2F20008DE
:20478000D8F80000002807D943F24851C2F200010868A0F10100086043F24858C2F20008C3
:2047A000D8F80000002800D162B6BDE800814DF8048D41F6D828C2F20008D8F8000000B3A6
:2047C0004FF0000014E041F6D828C2F20008D8F8002001464FEAC101D2681144096843F24C
:2047E0004C52C2F200021144C2B20A7000F1010041F6D828C2F20008D8F8001049688842E2
:20480000E1D35DF8048B70474DF8048D41F6D828C2F20008D8F8000000B34FF0000014E0CA
:2048200041F6D828C2F20008D8F8002001464FEAC10112691144096843F24D52C2F2000288
:204840001144C2B20A7000F1010041F6D828C2F20008D8F8001089688842E1D35DF8048BFD
:2048600070472DE9004141F6D828C2F20008C8F80000FFF79CFFFFF7C7FF41F6D828C2F23F
:204880000008D8F80000406900F02FF8BDE800812DE900414FF0010141F6D828C2F20008CF
:2048A000D8F8002043F24D51C2F20001084401784FEAC101084611690844406843F2505827
:2048C000C2F20008C8F8000043F25058C2F20008D8F8000000F01BF84FF000010846BDE8BD
:2048E000008100B500F020F800BD10B504466CB100F069FB206802F0BEF9606802F0D1F988
:20490000A06802F02CF8E06800F026FB10BD10B5044644B1206801F067FC606802F08CF835
:20492000A06800F052F910BD00B502F0D1FC00BD01464FEA81014DF29002C1F6FF721144E6
:20494000096802464FEA820210464CF6BC72C1F6FF72104400680A6812F0004F02D04FF063
:20496000B64202600A686FF355520A600A6842F400120A600A6842F000420A607047014686
:204980004FEA81014DF29002C1F6FF721144096802464FEA820210464CF6BC72C1F6FF72AA
:2049A000104400680A6812F0004F02D04FF0B64202600A686FF3010242F001020A600A6825
:2049C00042F400120A600A6842F000420A60704701464FEA81014DF29002C1F6FF721144CE
:2049E000096802464FEA820210464CF6BC72C1F6FF72104400680A6812F0004F02D04FF0C3
:204A0000B64202600A686FF301020A600A686FF355520A600A6842F000420A60704710B44B
:204A200002464FEA82024DF29003C1F6FF731A44126803464FEA83034CF6BC74C1F6FF74FA
:204A400023441B6801381F3807D90238013804D9053802D00438043814D8106810F0004F72
:204A600002D04FF0B640186010686FF30B2001F00F014FEA012140EA01001060106840F013
:204A80000040106010BC7047F0B402464FEA82024DF29003C1F6FF731A44126803464FEAE5
:204AA00083034CF6BC74C1F6FF7423441E684FF000054FF000034FF00004146814F0004F4F
:204AC00002D04FF0B644346004464FEA8406A6EB04044FEA84044DF26416C1F6FF76344473
:204AE000A4682FE006464FEA8607A7EB06064FEA86064DF26417C1F6FF773E447668F6B138
:204B000006464FEA8607A7EB06064FEA86064DF26417C1F6FF7737441E464FEA86067F68AE
:204B20003E443668B1420AD110686FF3061001F007014FEA011140EA0100106004E003F1E0
:204B40000103DBB2A342CDD3A34201D14FF00105106840F0004010602846F0BC704730B436
:204B600003464FEA83034DF29004C1F6FF7423441B6804464FEA84044CF6BC75C1F6FF759D
:204B80002C4424681D6815F0004F02D04FF0B6452560282813D018686FF3104001F0010157
:204BA0004FEA014140EA0100186018686FF3145002F001014FEA015140EA010018601868EF
:204BC00040F00040186030BC704770B50546002D60D02E684FF000045AE020464FEA0010BB
:204BE000696808440068FFF7F3FE20464FEA001069680844416820464FEA00106A681044FF
:204C00000068FFF741FF20464FEA001069680844816820464FEA00106A6810440068FFF70E
:204C2000FEFE20464FEA001069680844427B20464FEA001069680844817B20464FEA001078
:204C40006B6818440068FFF78AFF20464FEA001069680844007B012810D120464FEA00103E
:204C6000696808440068FFF763FE20464FEA0010696808440068FFF782FE07E020464FEA28
:204C80000010696808440068FFF7A2FE04F10104B442A2D370BD2DE930414FF000044FF04E
:204CA00000014BF6F458C1F6FF78D8F80010002960D04BF6F458C1F6FF78D8F800504FF0E5
:204CC000000454E021464FEA8102A2EB01014FEA81016A681144896822464FEA8203A3EB63
:204CE00002024FEA82026B681A4410684FF00002FFF79EFC21464FEA8102A2EB01014FEA8E
:204D000081016A681144497922464FEA8203A3EB02024FEA82026B681A441068FFF7C8FC50
:204D200021464FEA8102A2EB01014FEA81016A681144097901290CD121464FEA8102A2EBA6
:204D400001014FEA81016A6811440868FFF789FC0BE021464FEA8102A2EB01014FEA81012C
:204D60006A6811440868FFF78DFC04F1010429688C42A7D3BDE830814DF8048D4DF20008D7
:204D8000C4F20708D8F8002012F0004F09D040F20002C9F273424DF20008C4F20708C8F8C4
:204DA00000200246082A6ED80FF20408D8E802F005186B2D426B6B6B57004DF21008C4F2B8
:204DC0000708D8F800206FF3000201F0010042EA00024DF21008C4F20708C8F8002052E022
:204DE0004DF21008C4F20708D8F800206FF3410201F001014FEA410142EA01024DF210080E
:204E0000C4F20708C8F800203DE04DF21008C4F20708D8F800206FF3C30201F001014FEA71
:204E2000C10142EA01024DF21008C4F20708C8F8002028E04DF21008C4F20708D8F8002071
:204E40006FF3041201F001014FEA011142EA01024DF21008C4F20708C8F8002013E04DF23F
:204E60001008C4F20708D8F800206FF3082201F001014FEA012142EA01024DF21008C4F24F
:204E80000708C8F800204DF20008C4F20708D8F8001041F000414DF20008C4F20708C8F8F9
:204EA00000105DF8048B70474DF8048D4DF20008C4F20708D8F8002012F0004F09D040F219
:204EC0000002C9F273424DF20008C4F20708C8F80020C1B102464FEA820210464DF22C51EB
:204EE000C1F6FF7108444DF21008C4F20708D8F80020006842EA00024DF21008C4F2070881
:204F0000C8F8002017E002464FEA820210464DF22C51C1F6FF7108444DF21008C4F2070814
:204F2000D8F80020006822EA00024DF21008C4F20708C8F800204DF20008C4F20708D8F833
:204F4000002042F000424DF20008C4F20708C8F800205DF8048B70472DE91041044684B34E
:204F600021784FF00000FFF707FF61784FF00100FFF702FFA1784FF00300FFF7FDFEE178A8
:204F80004FF00400FFF7F8FE21794FF00800FFF7F3FE217B4FF00000FFF786FF206941F604
:204FA000E028C2F20008C8F8000061794FF00100FFF77AFFA06841F6DC28C2F20008C8F825
:204FC0000000BDE810814DF8048D4DF20008C4F20708D8F8000010F0004F09D040F200008F
:204FE000C9F273404DF20008C4F20708C8F800004DF20C08C4F20708D8F8000040F001005E
:205000004DF20C08C4F20708C8F800004DF20008C4F20708D8F8000040F000404DF2000825
:20502000C4F20708C8F800005DF8048B7047000000B54FF0000261B94FF00C034FF00002B1
:205040004FF000014FF07C00F0F75AFB4FF0010210E089680844007801280BD04FF0F003FC
:205060004FF000024FF000014FF07C00F0F748FB4FF00102104600BD2DE9104104464FF085
:2050800000004FF000012146FFF7D2FF014601290ED043F25458C2F20008C8F8004043F281
:2050A0005458C2F20008D8F80000C06800F031FABDE810812DE9F044044620684FEA80006A
:2050C0004DF26451C1F6FF710844056820684FEA80004DF25051C1F6FF710844D0F800A000
:2050E00020684FEA80004DF23C51C1F6FF71084407687E6901F0DFF960684FEA800005F19A
:2051000010010844006810F4004F08D060684FEA80000AF1100108444FF0B6410160606867
:205120004FEA800005F110010144A06800F0010208686FF3000002F0010240EA0200086014
:2051400060684FEA800005F1100100EB0102A06800F002004FEA500110686FF3410001F049
:2051600001014FEA410140EA0100106060684FEA800005F1100100EB0102E16810686FF37E
:205180000A2001F007014FEA012140EA0100106060684FEA800005F1100100EB01026169B6
:2051A00010686FF3C30001F001014FEAC10140EA0100106060684FEA800005F1100100EB56
:2051C0000102E17E10686FF3451001F001014FEA411140EA0100106060684FEA800005F1AE
:2051E000100100EB0102617E10686FF3DF7001F001014FEAC17140EA0100106060684FEAAE
:20520000800005F1100100EB0102A17E10686FF31C6001F01F014FEA016140EA010010605D
:2052200060684FEA800005F110010144086840F40040086001F043F9E068012804D1E06999
:20524000616800FA01F078604FF00100616800FA01F026EA00062069616800FA01F046EA4B
:2052600000067E61BDE8F08402464FEA820210464DF23C52C1F6FF72104402684FF00100E2
:2052800000FA01F05060704702464FEA820210464DF23C52C1F6FF72104402684FF001006E
:2052A00000FA01F09060704770B50D46164601464FEA810108464DF23C51C1F6FF710844F9
:2052C000046801F000F961694FF0010000FA05F021EA000106FA05F041EA0001616101F09F
:2052E000F6F870BD70B504460E464FF0000507E028464FEA40103044FFF7DCFE05F101056E
:20530000A542F5D370BDF0B50C46174601464FEA81014DF26452C1F6FF7211440D6801462D
:205320004FEA810108464DF25051C1F6FF710844066801F0C0F821464FEA8101084605F194
:2053400010010844006810F4004F09D021464FEA8101084606F1100108444FF0B641016001
:2053600021464FEA8101084605F11001084401686FF3C30107F001024FEAC20241EA0201B6
:20538000016021464FEA8101084605F110010844016841F40041016001F091F8F0BDF0B5DD
:2053A0000C46164601464FEA81014DF26452C1F6FF7211440D6801464FEA810108464DF2C7
:2053C0005051C1F6FF710844076801F074F821464FEA8101084605F110010844006810F4BE
:2053E000004F09D021464FEA8101084607F1100108444FF0B641016021464FEA81010846B9
:2054000005F11001084406F0010201686FF3000102F0010241EA0201016021464FEA8101CE
:20542000084605F11001084406F002014FEA510201686FF3410102F001024FEA420241EA9C
:205440000201016021464FEA8101084605F110010844016841F40041016001F030F8F0BD1F
:205460002DE9F04D83B00646B6F80280ADF80A80B06890F804808DF80380B068D0F8088067
:20548000CDF80480B068D0F80CA0B068D0F800B04FF0000736E038464FEA4000716808442F
:2054A00000884FEA50110C4600F01F000546019A29462046FFF727FF524629462046FFF72F
:2054C0006EFFBBF1010F14D19DF80380B8F1010F04D129462046FFF7C7FE03E029462046D0
:2054E000FFF7D2FEB068026829462046FFF7DCFE05E0294620464FF00002FFF7D5FE07F103
:20550000010087B2BDF80A804745C4D303B0BDE8F08D10B5044621694FF03F00FFF7E2FE2D
:205520002046FFF79DFF10BD4DF8048D4FF000014FF000000DE04DF20408C4F20708D8F884
:20554000002012F0040F02D04FF0010107E000F1010048F2A062C0F201029042EBD308465B
:205560005DF8048B70474DF8048D4FF000014FF000000DE049F20008C4F20708D8F8002056
:2055800012F4007F02D04FF0010107E000F1010044F64032C0F24C029042EBD308465DF8BB
:2055A000048B70474DF8048D4FF000014FF000000DE044F21C08C4F20608D8F8002012F44F
:2055C000803F02D04FF0010107E000F1010048F2A062C0F201029042EBD308465DF8048B6D
:2055E00070474DF8048D4FF000014FF000000DE044F21408C4F20608D8F8002012F4803FE7
:2056000002D04FF0010107E000F1010048F2A062C0F201029042EBD308465DF8048B704734
:205620004DF8048D4FF000014FF0000048E044F22808C4F20608D8F8002012F4803F3DD001
:2056400044F22808C4F20608D8F8000010F0004F07D04FF0B64044F22808C4F20608C8F80B
:20566000000044F22808C4F20608D8F8000040F0007044F22808C4F20608C8F8000044F270
:205680002808C4F20608D8F800006FF3492044F22808C4F20608C8F8000044F22808C4F275
:2056A0000608D8F8000040F0004044F22808C4F20608C8F800004FF0010107E000F1010098
:2056C00048F2A062C0F201029042B0D308465DF8048B70474DF8048D44F21C08C4F20608A7
:2056E000D8F8000010F0004F07D04FF0B64044F21C08C4F20608C8F8000044F21C08C4F291
:205700000608D8F800006FF3000044F21C08C4F20608C8F8000044F21C08C4F20608D8F87D
:20572000000040F0004044F21C08C4F20608C8F800005DF8048B70474DF8048D44F21C0850
:20574000C4F20608D8F8001011F0004F07D04FF0B64144F21C08C4F20608C8F8001044F224
:205760001C08C4F20608D8F800106FF3410100F001024FEA420241EA020144F21C08C4F20F
:205780000608C8F8001044F21C08C4F20608D8F8001041F0004144F21C08C4F20608C8F8DD
:2057A00000105DF8048B70474DF8048D44F23008C4F20608D8F8000010F0004F07D04FF001
:2057C000B64044F23008C4F20608C8F8000044F23008C4F20608D8F8000040F0807044F289
:2057E0003008C4F20608C8F8000044F23008C4F20608D8F8000040F0004044F23008C4F257
:205800000608C8F800005DF8048B70472DE90041FFF7CAFF44F22808C4F20608D8F800000F
:2058200010F0004F07D04FF0B64044F22808C4F20608C8F8000044F22808C4F20608D8F829
:20584000000040F4405044F22808C4F20608C8F8000044F22808C4F20608D8F8000040F46C
:20586000007044F22808C4F20608C8F8000044F22808C4F20608D8F8000040F0010044F26D
:205880002808C4F20608C8F8000044F22808C4F20608D8F8000040F0004044F22808C4F2CE
:2058A0000608C8F80000BDE800814DF8048D44F22808C4F20608D8F8001011F0004F07D0ED
:2058C0004FF0B64144F22808C4F20608C8F8001044F22808C4F20608D8F800106FF34101EA
:2058E00000F001024FEA420241EA020144F22808C4F20608C8F8001044F22808C4F20608E6
:20590000D8F8001041F0004144F22808C4F20608C8F800105DF8048B70472DE9004144F213
:205920001808C4F20608D8F8002012F0004F07D04FF0B64244F21808C4F20608C8F800203A
:2059400044F21808C4F20608D8F800206FF3820200F001034FEA830342EA030244F218081D
:20596000C4F20608C8F8002044F21808C4F20608D8F800206FF3000201F0010042EA0002F5
:2059800044F21808C4F20608C8F8002044F21808C4F20608D8F8002042F0020244F2180877
:2059A000C4F20608C8F8002044F21808C4F20608D8F8002042F0004244F21808C4F20608AB
:2059C000C8F8002044F21408C4F20608D8F8000010F0004F07D04FF0B64044F21408C4F29E
:2059E0000608C8F8000044F21408C4F20608D8F8002042F0010244F21408C4F20608C8F8C8
:205A0000002044F21408C4F20608D8F8002042F0004244F21408C4F20608C8F800204FF0B7
:205A2000040000F084FCC0B2BDE800814DF8048D44F22808C4F20608D8F8000010F0004F3B
:205A400007D04FF0B64044F22808C4F20608C8F8000044F22808C4F20608D8F800006FF3F4
:205A6000000044F22808C4F20608C8F8000044F22808C4F20608D8F800006FF3596044F2F1
:205A80002808C4F20608C8F8000044F22808C4F20608D8F8000040F0004044F22808C4F2CC
:205AA0000608C8F800005DF8048B70474DF8048D44F21408C4F20608D8F8001011F0004F61
:205AC00007D04FF0B64144F21408C4F20608C8F8001044F21408C4F20608D8F800106FF37B
:205AE000410100F001024FEA420241EA020144F21408C4F20608C8F8001044F21408C4F2D8
:205B00000608D8F8001041F0004144F21408C4F20608C8F800105DF8048B70474DF8048DCE
:205B2000002800F08D8044F22C08C4F20608D8F8001011F0004F07D04FF0B64144F22C086B
:205B4000C4F20608C8F80010426844F22C08C4F20608D8F800106FF3124102F007024FEA10
:205B6000024241EA020144F22C08C4F20608C8F80010026844F22C08C4F20608D8F800103D
:205B80006FF3010102F0030241EA020144F22C08C4F20608C8F80010826844F22C08C4F274
:205BA0000608D8F800106FF30F2102F0FF024FEA022241EA020144F22C08C4F20608C8F8F9
:205BC0000010026944F22C08C4F20608D8F800106FF3041102F001024FEA021241EA020155
:205BE00044F22C08C4F20608C8F80010C26844F22C08C4F20608D8F800106FF3451102F0C5
:205C000001024FEA421241EA020144F22C08C4F20608C8F8001044F22C08C4F20608D8F8CA
:205C2000001041F0004144F22C08C4F20608C8F80010406943F25858C2F20008C8F80000DA
:205C40005DF8048B70474DF8048D44F21408C4F20608D8F8000010F0004F07D04FF0B64092
:205C600044F21408C4F20608C8F8000044F21808C4F20608D8F8000010F0004F07D04FF0FF
:205C8000B64044F21808C4F20608C8F8000044F21408C4F20608D8F800006FF3000044F2B6
:205CA0001408C4F20608C8F8000044F21808C4F20608D8F800006FF3410044F21808C4F2AB
:205CC0000608C8F8000044F21408C4F20608D8F8000040F0004044F21408C4F20608C8F8CA
:205CE000000044F21808C4F20608D8F8000040F0004044F21808C4F20608C8F800005DF81B
:205D0000048B70474DF8048D4DF20008C4F20708D8F8000010F0004F09D040F20000C9F276
:205D200073404DF20008C4F20708C8F800004DF20408C4F20708D8F800006FF300004DF263
:205D40000408C4F20708C8F800004DF20008C4F20708D8F8000040F000404DF20008C4F269
:205D60000708C8F800005DF8048B70474DF8048D4DF20008C4F20708D8F8000010F0004FB8
:205D800009D040F20000C9F273404DF20008C4F20708C8F800004DF20408C4F20708D8F8DE
:205DA000000040F001004DF20408C4F20708C8F800004DF20008C4F20708D8F8000040F0D6
:205DC00000404DF20008C4F20708C8F800005DF8048B70474DF8048D49F21808C4F2070826
:205DE000D8F8001011F0004F09D040F20001C9F6670149F21808C4F20708C8F80010E0B9B7
:205E000049F20008C4F20708D8F800106FF38A2149F20008C4F20708C8F8001049F2000872
:205E2000C4F20708D8F8001041F0010149F20008C4F20708C8F800101BE049F20008C4F2BE
:205E40000708D8F8001041F4806149F20008C4F20708C8F8001049F20008C4F20708D8F88D
:205E600000106FF3000149F20008C4F20708C8F8001049F21808C4F20708D8F8001041F0A6
:205E8000004149F21808C4F20708C8F800105DF8048B70474DF8048D49F21808C4F2070840
:205EA000D8F8000010F0004F09D040F20000C9F6670049F21808C4F20708C8F8000049F277
:205EC0000008C4F20708D8F800006FF38A2049F20008C4F20708C8F8000049F20008C4F258
:205EE0000708D8F800006FF3000049F20008C4F20708C8F8000049F21808C4F20708D8F8A9
:205F0000000040F0004049F21808C4F20708C8F800005DF8048B70474DF8048D0246853AB9
:205F2000C0F09C8003D0023A35D368D096E044F20C08C4F20608D8F8000010F0004F07D0CC
:205F40004FF0B64044F20C08C4F20608C8F8000044F20C08C4F20608D8F800206FF470600D
:205F600002EA00024FEA012040EA020044F20C08C4F20608C8F8000044F20C08C4F20608D1
:205F8000D8F8001041F0004144F20C08C4F20608C8F8001062E044F20C08C4F20608D8F8B1
:205FA000000010F0004F07D04FF0B64044F20C08C4F20608C8F8000044F20C08C4F20608AA
:205FC000D8F800206FF0F00002EA00024FEA011040EA020044F20C08C4F20608C8F8000050
:205FE00044F20C08C4F20608D8F8001041F0004144F20C08C4F20608C8F800102EE044F21F
:206000000C08C4F20608D8F8000010F0004F07D04FF0B64044F20C08C4F20608C8F80000AF
:2060200044F20C08C4F20608D8F8002022F00F0241EA020044F20C08C4F20608C8F8000044
:2060400044F20C08C4F20608D8F8001041F0004144F20C08C4F20608C8F800105DF8048B1E
:2060600070474DF8048D44F20C08C4F20608D8F8000010F0004F07D04FF0B64044F20C0810
:20608000C4F20608C8F8000044F20C08C4F20608D8F800006FF4E02100EA010040F480306B
:2060A00044F20C08C4F20608C8F8000044F20C08C4F20608D8F8000040F0004044F20C087A
:2060C000C4F20608C8F800005DF8048B70474DF8048D44F20C08C4F20608D8F8000010F0ED
:2060E000004F07D04FF0B64044F20C08C4F20608C8F8000044F20C08C4F20608D8F8000099
:206100006FF4E02100EA010040F4003044F20C08C4F20608C8F8000044F20C08C4F20608F0
:20612000D8F8000040F0004044F20C08C4F20608C8F800005DF8048B70474DF8048D44F2AA
:206140000C08C4F20608D8F8000010F0004F07D04FF0B64044F20C08C4F20608C8F800006E
:2061600044F20C08C4F20608D8F800006FF4E02100EA010040F4403044F20C08C4F2060840
:20618000C8F8000044F20C08C4F20608D8F8000040F0004044F20C08C4F20608C8F8000023
:2061A0005DF8048B70474DF8048DA0F1010044F60001C0F2E811B0FBF1F040F20808C4F272
:2061C0000208D8F800106FF3030100F00F0041EA000140F20808C4F20208C8F800105DF81D
:2061E000048B7047000000002DE910410446002C59D094F82800012804D1616AE069FFF797
:206200008CFB01E0FFF71FFDE06A43F26058C2F20008C8F8000094F82000FFF747FC04F177
:206220003000FFF77BFC94F84900012802D1FFF7EDFA01E0FFF7FAFB94F84800FFF735FB4D
:2062400094F85000012803D1E06CFFF7C3FD01E0FFF720FE606D012802D1FFF753FD01E07E
:20626000FFF784FD6168206800F01FF8A1684FF08500FFF751FEE1684FF08600FFF74CFEEF
:2062800021694FF08700FFF747FE607D08B9FFF721FA207DFFF750FAA06943F25C58C2F241
:2062A0000008C8F80000BDE8108110B50C464FF00002012810D14FF0030000F038F80128F3
:2062C00002D04FF000022FE02046FFF76CFFFFF7C8FE4FF0010227E0022810D14FF0040082
:2062E00000F025F8012802D04FF000021CE02046FFF759FFFFF7EBFE4FF0010214E0032865
:2063000010D14FF0050000F012F8012802D04FF0000209E02046FFF746FFFFF70EFF4FF056
:20632000010201E04FF00002104610BD00002DE900414FF000010246052A19D80FF2040809
:20634000D8E802F01603070B0F13FFF7EDF801460EE0FFF708F901460AE0FFF723F90146AD
:2063600006E0FFF73EF9014602E0FFF759F901460846BDE8008100B5FEF7E7F900BD00B5E2
:20638000FEF7F8F900BD00B5FEF7DFF900BD00B5FEF7F0F900BD00B5FEF7D7F900BD00B5DF
:2063A000FEF7E8F900BD00B5FEF7CFF900BD00B5FEF7E0F900BD00B5FEF7C7F900BD00B5FF
:2063C000FEF7D8F900BD00B5FEF7BFF900BD00B5FEF7D0F900BD00B5FEF7B7F900BD00B51F
:2063E000FEF7C8F900BD00B5FEF7AFF900BD00B5FEF7C0F900BD00B5FEF7A7F900BD00B53F
:20640000FEF7B8F900BD00B5FEF79FF900BD00B5FEF7B0F900BD00B5FEF797F900BD00B55E
:20642000FEF7A8F900BD00B5FEF78FF900BD00B5FEF7A0F900BD00B5FEF787F900BD00B57E
:20644000FEF798F900BD00B5FEF77FF900BD00B5FEF790F900BD00B5FEF777F900BD00B59E
:20646000FEF788F900BD00B5FEF76FF900BD00B5FEF780F900BD00B5FEF767F900BD00B5BE
:20648000FEF778F900BD00B5FEF75FF900BD00B5FEF770F900BD00B5FEF757F900BD00B5DE
:2064A000FEF768F900BD00B5FEF74FF900BD00B5FEF760F900BD00B5FEF747F900BD00B5FE
:2064C000FEF758F900BD00B5FEF73FF900BD00B5FEF750F900BD00B5FEF737F900BD00B51E
:2064E000FEF748F900BD00004DF8048DC1B902464FEA820210464DF27851C1F6FF71084483
:2065000048F20408C4F20408D8F80020006822EA000248F20408C4F20408C8F8002017E02E
:2065200002464FEA820210464DF27851C1F6FF71084448F20408C4F20408D8F80020006825
:2065400042EA000248F20408C4F20408C8F800205DF8048B70474DF8048DA0B948F2040815
:20656000C4F20408D8F800206FF3041201F001034FEA031342EA030248F20408C4F2040874
:20658000C8F8002015E0012813D148F20408C4F20408D8F800206FF3451201F001034FEA3A
:2065A000431342EA030248F20408C4F20408C8F800205DF8048B70474DF8048D6FEA0000A2
:2065C00048F20408C4F20408D8F800106FF38E3100F001024FEA823241EA020148F204085E
:2065E000C4F20408C8F800105DF8048B70474DF8048D48F20408C4F20408D8F800106FF34E
:206600004D3100F001024FEA423241EA020148F20408C4F20408C8F800105DF8048B7047BB
:206620004DF8048D48F20408C4F20408D8F800106FF30C3100F001024FEA023241EA02016F
:2066400048F20408C4F20408C8F800105DF8048B70474DF8048D0246082A00F287800FF27D
:206660000808D8E802F0C046838383061B30455A6F0048F22808C4F20408D8F800206FF3EC
:206680000D3201F003014FEA013142EA010248F22808C4F20408C8F8002067E048F228086F
:2066A000C4F20408D8F800206FF38F3201F003014FEA813142EA010248F22808C4F20408CA
:2066C000C8F8002052E048F22808C4F20408D8F800206FF3114201F003014FEA014142EA3B
:2066E000010248F22808C4F20408C8F800203DE048F22808C4F20408D8F800206FF393421B
:2067000001F003014FEA814142EA010248F22808C4F20408C8F8002028E048F22808C4F226
:206720000408D8F800206FF3092201F003014FEA012142EA010248F22808C4F20408C8F865
:20674000002013E048F22808C4F20408D8F800206FF38B2201F003014FEA812142EA0102FC
:2067600048F22808C4F20408C8F800205DF8048B70474DF8048D0246013A04D318D0023A1E
:206780002BD33FD052E048F22808C4F20408D8F800206FF3DB6201F001014FEAC16142EA85
:2067A000010248F22808C4F20408C8F800203DE048F22808C4F20408D8F800206FF39A6233
:2067C00001F001014FEA816142EA010248F22808C4F20408C8F8002028E048F22808C4F248
:2067E0000408D8F800206FF3596201F001014FEA416142EA010248F22808C4F20408C8F897
:20680000002013E048F22808C4F20408D8F800206FF3186201F001014FEA016142EA0102B0
:2068200048F22808C4F20408C8F800205DF8048B70474DF8048D48F20008C4F20408D8F807
:2068400000206FF3CB2248F20008C4F20408C8F800200246033A06D9053A033A03D325D03A
:20686000013A34D043E048F20008C4F20408D8F800206FF3051248F20008C4F20408C8F885
:20688000002044F21008C4F20608D8F800206FF3134200F00F034FEA034342EA030244F237
:2068A0001008C4F20608C8F8002020E048F20008C4F20408D8F800206FF3051242F010026B
:2068C00048F20008C4F20408C8F800200FE048F20008C4F20408D8F800206FF3051242F046
:2068E000200248F20008C4F20408C8F8002048F20008C4F20408D8F800206FF30A2201F01F
:2069000007034FEA032342EA030248F20008C4F20408C8F8002048F20008C4F20408D8F825
:20692000002042F4006248F20008C4F20408C8F800205DF8048B70474DF8048D48F2000808
:20694000C4F20408D8F800006FF3CB2048F20008C4F20408C8F800005DF8048B704710B534
:206960000446002C67D021784FF00000FFF7BCFD61784FF00100FFF7B7FDA1784FF00200C6
:20698000FFF7B2FDE1784FF00300FFF7ADFD21794FF00400FFF7A8FD61794FF00500FFF78B
:2069A000A3FDA1794FF00600FFF79EFDE1794FF00000FFF7D0FD217A4FF00100FFF7CBFD52
:2069C000607AFFF7F9FDA07AFFF711FEE07AFFF727FE61694FF00300FFF73BFEA1694FF0D9
:2069E0000400FFF736FEE1694FF00500FFF731FE216A4FF00600FFF72CFEE1684FF0070037
:206A0000FFF727FE21694FF00800FFF722FE216B4FF00000FFF7ADFEE16A4FF00100FFF787
:206A2000A8FEA16A4FF00200FFF7A3FE616A4FF00300FFF79EFE10BD00B548B1017A01290E
:206A400004D141680068FFF7F4FE01E0FFF774FF00BD00004DF8048D4EF22C08C4F2070852
:206A6000C8F800004EF23008C4F20708C8F800105DF8048B70474DF8048D00F001004EF2A7
:206A80000C08C4F20708D8F800106FF3DF7100F001024FEAC27241EA02014EF20C08C4F2F3
:206AA0000708C8F800105DF8048B70474DF8048D00F01F004EF20C08C4F20708D8F800107E
:206AC0006FF30C2100F01F024FEA022241EA02014EF20C08C4F20708C8F800105DF8048BBE
:206AE00070474DF8048D4FEA500000F001004EF20C08C4F20708D8F800106FF3820100F0C1
:206B000001024FEA820241EA02014EF20C08C4F20708C8F800105DF8048B70474DF8048D2D
:206B20004EF20C08C4F20708D8F800106FF3010100F0030041EA00014EF20C08C4F20708C0
:206B4000C8F800105DF8048B70474DF8048D4FF000014BF2646100EA010111B34EF21C089E
:206B6000C4F20708D8F8002044F69B10CFF6FF7002EA000241EA02004EF21C08C4F2070803
:206B8000C8F800004EF21C08C4F20708D8F8001041F080014EF21C08C4F20708C8F8001081
:206BA0001FE04EF21C08C4F20708D8F8001044F69B10CFF6FF7001EA00014EF21C08C4F2AE
:206BC0000708C8F800104EF21C08C4F20708D8F800106FF3C7114EF21C08C4F20708C8F8AA
:206BE00000105DF8048B70474DF8048D4EF21C08C4F20708D8F800106FF3010100F00300B4
:206C000041EA00014EF21C08C4F20708C8F800105DF8048B70474DF8048D4EF22008C4F2C0
:206C20000708D8F800106FF3000100F0010041EA00014EF22008C4F20708C8F800105DF893
:206C4000048B70474DF8048D4EF22408C4F20708D8F800106FF30F2100F0FF024FEA022227
:206C600041EA02014EF22408C4F20708C8F800105DF8048B704710B504468CB12068FFF780
:206C80004DFF6068FFF72DFFA068FFF70FFF207BFFF7F1FE2069FFF7A7FF6069FFF755FFFA
:206CA00010BD10B504464CB12078FFF7B4FF6068FFF7C8FFE168A068FFF7CCFE10BD70B532
:206CC00004460D4620464FEA80004DF29451C1F6FF71084406684FF000004FF00000294606
:206CE000204600F06BF8012867D128464FEA800006F124010144086840F400400860204640
:206D00004FEA80004DF29451C1F6FF710844016828464FEA800001F124010844006810F4C4
:206D2000005F02D04FF0010001E04FF00000012843D120464FEA800028444FEA8001A1EBB4
:206D400000004FEA800043F26451C2F2000108440078012831D120464FEA800028444FEA28
:206D60008001A1EB00004FEA800043F26451C2F200010844406800B320464FEA800028447C
:206D80004FEA8001A1EB00004FEA800043F26451C2F200010844416820464FEA80002844D5
:206DA0004FEA8002A2EB00004FEA800043F26452C2F200021044007A884770BD4FF0000226
:206DC00002464FEA820210464DF29452C1F6FF72104403680A464FEA8202104603F12401D0
:206DE0000844006810F4004F02D04FF0010201E04FF00002104670472DE9F04C04468B46DC
:206E000020464FEA80004DF29451C1F6FF71084405689BF8006020464FEA80004DF2945119
:206E2000C1F6FF7108440768FFF73DFB4FF0000001280AD130464FEA800007F1240101446E
:206E4000086840F48040086009E030464FEA800007F12401014408686FF38E300860FFF7FE
:206E600026FB9BF8006020464FEA80004DF29451C1F6FF7108440768FFF715FB4FF0000094
:206E800001280AD130464FEA800007F124010144086840F40050086009E030464FEA8000E9
:206EA00007F12401014408686FF34D300860FFF7FEFA9BF8006020464FEA80004DF2945195
:206EC000C1F6FF7108440768FFF7EDFA30464FEA800007F124010844006810F4004F09D0C7
:206EE00030464FEA800007F124010144086840F400400860FFF7DBFA9BF8006020464FEA58
:206F000080004DF29451C1F6FF7108440768FFF7CAFA30464FEA800007F124010144086830
:206F20006FF38A200860FFF7C2FAFFF7BCFA9BF8010001280BD19BF800004FEA800005F1A4
:206F400024010144086840F0400008600AE09BF800004FEA800005F12401014408686FF317
:206F600086100860FFF7A3FA9BF80050DBF80870DBF804A020464FEA80004DF29451C1F6E1
:206F8000FF7108440668FFF78EFA28464FEA800006F12401014408686FF3010007F00302F2
:206FA00040EA0200086028464FEA800006F1240100EB010210686FF385000AF00F014FEA6A
:206FC000810140EA01001060FFF771FA9BF8001020464FEA80004DF29852C1F6FF721044CC
:206FE000026808464FEA800002F1140108444FF0FF31016020464FEA80009BF800100844EE
:207000004FEA8001A1EB00004FEA800043F26451C2F2000108444FF00101017020464FEA35
:2070200080009BF8001008444FEA8001A1EB00004FEA800043F26451C2F200010844DBF824
:207040000C10416020464FEA80009BF8001008444FEA8001A1EB00004FEA800043F264517C
:20706000C2F2000108449BF810100172BDE8F08CF0B505460C46174628464FEA80004DF2C3
:207080009451C1F6FF7108440668FFF70CFA4FF0000001280AD120464FEA800006F12401B0
:2070A0000144086840F48040086009E020464FEA800006F12401014408686FF38E3008605E
:2070C000FFF7F5F928464FEA80004DF29851C1F6FF710844016820464FEA800001F114017B
:2070E0000844076028464FEA80004DF29451C1F6FF7108440568FFF7D6F94FF0000050B9A5
:2071000020464FEA800005F124010144086840F48040086009E020464FEA800005F1240101
:20712000014408686FF38E300860FFF7C0F9F0BD70B506460C4630464FEA80004DF29451A0
:20714000C1F6FF7108440568FFF7ADF94FF0000001280AD120464FEA800005F124010144F1
:20716000086840F48040086009E020464FEA800005F12401014408686FF38E300860FFF7ED
:2071800096F930464FEA80004DF29451C1F6FF7108440568FFF787F920464FEA800005F1A2
:2071A00024010844006810F4004F09D020464FEA800005F124010144086840F400400860FF
:2071C000FFF775F970BD70B505460C4628464FEA80004DF29451C1F6FF71084401682046CF
:2071E0004FEA800001F124010844006810F4005F02D04FF0010001E04FF00000002845D138
:2072000028464FEA80004DF29451C1F6FF7108440668FFF748F920464FEA800006F12401D0
:207220000844006810F4004F09D020464FEA800006F124010144086840F400400860FFF7AC
:2072400036F928464FEA80004DF29451C1F6FF7108440568FFF727F94FF0000050B9204610
:207260004FEA800005F124010144086840F40050086009E020464FEA800005F12401014431
:2072800008686FF34D300860FFF711F970BD2DE91F502DED100BF1EE10CA4DF804CD4FF042
:2072A00000044FF0000407E021464FF00000FFF706FD04F10100C4B2042CF5D3BFF34F8F0D
:2072C0005DF804CBE1EE10CABDEC100BBDE81F902DE90041BFF34F8F4EF60C58CEF2000872
:2072E000D8F8000000F4E06040F20001C0F2FA5140EA010040F004004EF60C58CEF200088B
:20730000C8F80000BFF34F8F00BFFDE74DF8048D4FF6FF7044F21808C4F20308C8F8000019
:207320004FF4707044F23408C4F20308C8F800004FF4806044F23808C4F20308C8F800001D
:207340004FF0FF3044F23C08C4F20308C8F800004FF6FF7044F21C08C4F20308C8F8000035
:207360004FF0FF0044F21408C4F20308C8F8000040F24310C0F2050044F20C08C4F20308B5
:20738000C8F800005DF8048B70472DE9F04D84B0039002914FF000044FF001074FF0000517
:2073A0004FF0000A4FF00002009201A94FF00000FDF7A5F94FF0000642F210714FF00000FD
:2073C000FDF7BBF9834623E004F0010232B944F23008C4F20308D8F800A055460AF480326D
:2073E00072B1DDF80C8004EB080205F0FF03DBB213704FEA152504F101044FF0000707E06F
:207400006A4601A94FF00000FDF785F9009A16445E4503D2DDF808804445D5D35E4501D3F0
:207420004FF00107384604B0BDE8F08D2DE900414FF0010143F29458C2F20008C8F800007C
:2074400043F29458C2F20008D8F80000006801684FF00002022904D019B1012901D04FF06A
:207460000102114691B943F29458C2F20008D8F80000006800F00DF8014639B14FF00000EE
:2074800043F29458C2F20008C8F800000029BDE8008100B54FF001014FF00001016829B97F
:2074A00000F0FBF80146C8B2014612E00168012902D14FF0010101E04FF002014FEA81016A
:2074C00000F10C0008440068406800F07FF8C0B20146084600BD00004FF0000042F20002B3
:2074E000C4F205024FF0000107E0B0F5801F02D34FF0020105E000F10100936813F0807F79
:20750000F3D00846704710B442F20003C4F205034FF000029B680B60437A1BB1C36804691A
:20752000A34202D20369002B02D84FF001024AE00B684FF68144CFF6FF7403EA04030B60A1
:2075400003684FEA032303F440740B6843EA04030B60437A4FEA431303F020040B6843EAA1
:2075600004030B6043794FEAC30303F008040B6843EA04030B6003794FEA830303F0040497
:207580000B6843EA04030B6083794FEA430303F002040B6843EA04030B60037A4FEA031387
:2075A00003F010040B6843EA04030B60C0794FEA801000F04003086840EA03000860086808
:2075C00040F001000860104610BC70472DE9704181B0054642F20006C4F205064FF00004B8
:2075E00042F20000C4F20500806810F0400F02D04FF0010001E04FF0000010B94FF0010426
:2076000004E069462846FFF77EFF0446002C40D1FEF761FF07B44D484D494E4A01600260D9
:2076200007BC2869F060FFF757FF0446002C0ED1687A00280BD007B444484549454A01605B
:20764000026007BCE8683061FFF746FF0446002C0BD107B43D483E493E4A0160026007BCC2
:207660000098B060FFF738FF0446FEF738FF287A38B1686943F29858C2F20008C8F80000C2
:2076800007E04FF0000043F29858C2F20008C8F80000204601B0BDE870812DE9304142F2BB
:2076A0000004C4F205044FF0000542F20000C4F20500806810F0400F02D04FF0010001E0AA
:2076C0004FF0000000283BD0FEF705FF07B41F481F49204A0160026007BC40F24000C0F2A1
:2076E0000410A060FFF7F8FE0546002D1DD107B416481749174A0160026007BC4FF6FF7010
:20770000C0F20100E060FFF7E7FE0546002D0CD107B40E480E490F4A0160026007BC4FF0C0
:2077200000002061FFF7D8FE0546FEF7D8FE4FF0000043F29858C2F20008C8F8000001E025
:207740004FF001052846BDE83081000014200540C4A1D9B00F3B1E1A2DE93041044640F234
:207760000005C4F2020507B416484FF080010160026800BF00BF00BF00BF00BF00BF00BF6A
:2077800000BF07BC09E004B1A04743F2BC41C2F20001086800F101000860286810F0800F12
:2077A0000DD143F2BC48C2F20008D8F8000043F2C048C2F20008D8F800108842E3D3BDE828
:2077C000308100BF00000240000000000000000000000000000000000000000000000000F7
:2077E000000000000000000000000000000000000000000000000000000000000000000089
:20780000000000000000000000000000000000000000000000000000000000000000000068
:20782000000000000000000000000000000000000000000000000000000000000000000048
:20784000000000000000000000000000000000000000000000000000000000000000000028
:20786000000000000000000000000000000000000000000000000000000000000000000008
:207880000000000000000000000000000000000000000000000000006E676953676F7250BF
:2078A00000000000963007772C610EEEBA51099919C46D078FF46A7035A563E9A395649E40
:2078C0003288DB0EA4B8DC791EE9D5E088D9D2972B4CB609BD7CB17E072DB8E7911DBF9060
:2078E0006410B71DF220B06A4871B9F3DE41BE847DD4DA1AEBE4DD6D51B5D4F4C785D38380
:2079000056986C13C0A86B647AF962FDECC9658A4F5C0114D96C0663633D0FFAF50D088D9F
:20792000C8206E3B5E10694CE44160D5727167A2D1E4033C47D4044BFD850DD26BB50AA5BF
:20794000FAA8B5356C98B242D6C9BBDB40F9BCACE36CD832755CDF45CF0DD6DC593DD1ABDF
:20796000AC30D9263A00DE518051D7C81661D0BFB5F4B42123C4B3569995BACF0FA5BDB8FF
:207980009EB802280888055FB2D90CC624E90BB1877C6F2F114C6858AB1D61C13D2D66B61F
:2079A0009041DC760671DB01BC20D2982A10D5EF8985B1711FB5B606A5E4BF9F33D4B8E8BF
:2079C000A2C9077834F9000F8EA8099618980EE1BB0D6A7F2D3D6D08976C6491015C63E6DF
:2079E000F4516B6B62616C1CD83065854E0062F2ED95066C7BA5011BC1F4088257C40FF5FF
:207A0000C6D9B06550E9B712EAB8BE8B7C88B9FCDF1DDD62492DDA15F37CD38C654CD4FB1E
:207A20005861B24DCE51B53A7400BCA3E230BBD441A5DF4AD795D83D6DC4D1A4FBF4D6D33E
:207A40006AE96943FCD96E34468867ADD0B860DA732D0444E51D03335F4C0AAAC97C0DDD5E
:207A60003C710550AA41022710100BBE86200CC925B56857B3856F2009D466B99FE461CE7E
:207A80000EF9DE5E98C9D9292298D0B0B4A8D7C7173DB359810DB42E3B5CBDB7AD6CBAC09E
:207AA0002083B8EDB6B3BF9A0CE2B6039AD2B1743947D5EAAF77D29D1526DB048316DC73AE
:207AC000120B63E3843B64943E6A6D0DA85A6A7A0BCF0EE49DFF099327AE000AB19E077DCE
:207AE00044930FF0D2A3088768F2011EFEC206695D5762F7CB67658071366C19E7066B6EEE
:207B0000761BD4FEE02BD3895A7ADA10CC4ADD676FDFB9F9F9EFBE8E43BEB717D58EB0600D
:207B2000E8A3D6D67E93D1A1C4C2D83852F2DF4FF167BBD16757BCA6DD06B53F4B36B2482D
:207B4000DA2B0DD84C1B0AAFF64A0336607A0441C3EF60DF55DF67A8EF8E6E3179BE69464D
:207B60008CB361CB1A8366BCA0D26F2536E2685295770CCC03470BBBB91602222F2605556D
:207B8000BE3BBAC5280BBDB2925AB42B046AB35CA7FFD7C231CFD0B58B9ED92C1DAEDE5B8D
:207BA000B0C2649B26F263EC9CA36A750A936D02A906099C3F360EEB85670772135700052D
:207BC000824ABF95147AB8E2AE2BB17B381BB60C9B8ED2920DBED5E5B7EFDC7C21DFDB0B4D
:207BE000D4D2D38642E2D4F1F8B3DD686E83DA1FCD16BE815B26B9F6E177B06F7747B7186D
:207C0000E65A0888706A0FFFCA3B06665C0B0111FF9E658F69AE62F8D3FF6B6145CF6C168C
:207C200078E20AA0EED20DD75483044EC2B30339612667A7F71660D04D476949DB776E3EAC
:207C40004A6AD1AEDC5AD6D9660BDF40F03BD83753AEBCA9C59EBBDE7FCFB247E9FFB530CC
:207C60001CF2BDBD8AC2BACA3093B353A6A3B4240536D0BA9306D7CD2957DE54BF67D923EC
:207C80002E7A66B3B84A61C4021B685D942B6F2A37BE0BB4A18E0CC31BDF055A8DEF022D0C
:207CA0000000000000000000000000000000000000000000000000000000000000000000C4
:207CC0000000000000000000000000000000000000000000000000000000000000000000A4
:207CE000000000000000000000000000000000000000000000000000000000000000000084
:207D0000000000000000000000000000000000000000000000000000000000000000000063
:207D2000000000000000000000000000000000000000000000000000000000000000000043
:207D4000000000000000000000000000000000000000000000000000000000000000000023
:207D6000000000000000000000000000000000000000000000000000000000000000000003
:207D80000000000000000000000000000000000000000000000000000000000000000000E3
:207DA0000000000000000000000000000000000000000000000000000000000000000000C3
:207DC0000000000000000000000000000000000000000000000000000000000000000000A3
:207DE000000000000000000000000000000000000000000000000000000000000000000083
:207E0000000000000000000000000000000000000000000000000000000000000000000062
:207E2000000000000000000000000000000000000000000000000000000000000000000042
:207E4000000000000000000000000000000000000000000000000000000000000000000022
:207E6000000000000000000000000000000000000000000000000000000000000000000002
:207E80000000000000000000000000000000000000000000000000000000000000000000E2
:207EA0000000000000000000000000000000000000000000000000000000000000000000C2
:207EC0000000000000000000000000000000000000000000000000000000000000000000A2
:207EE000000000000000000000000000000000000000000000000000000000000000000082
:207F0000000000000000000000000000000000000000000000000000000000000000000061
:207F2000000000000000000000000000000000000000000000000000000000000000000041
:207F4000000000000000000000000000000000000000000000000000000000000000000021
:207F6000000000000000000000000000000000000000000000000000000000000000000001
:207F80000000000000000000000000000000000000000000000000000000000000000000E1
:207FA0000000000000000000000000000000000000000000000000000000000000000000C1
:207FC0000000000000000000000000000000000000000000000000000000000000000000A1
:207FE000000000000000000000000000000000000000000000000000000000000000000081
:20800000000000000000000000000000000000000000000000000000000000000000000060
:20802000000000000000000000000000000000000000000000000000000000000000000040
:20804000000000000000000000000000000000000000000000000000000000000000000020
:20806000000000000000000000000000000000000000000000000000000000000000000000
:208080000000000000000000000000000000000000000000000000000000000000000000E0
:2080A000010203040506070800000000B30600000100000002000000FF26FE1F000000009E
:2080C000B40600000100000002000000FF26FE1F00000000B30700000000000003000000E4
:2080E000FFFFFF1FA522FE1F01000100FF0700000000000003000000FFFFFF1FA522FE1F75
:2081000000000000B40700000000000003000000FFFFFF1FA522FE1F01000100FF07000099
:208120000000000003000000FFFFFF1FA522FE1F000000000100000000000000000000003B
:2081400008000000010001000100000000000100000000000800000000000000000000000B
:208160000100000000000000000000000800000000000000000000000000000000000000F6
:208180000000000000000000000000000000000000000000000000000000000000000000DF
:2081A0000102000101020001010200010001000100010001010200010200000101020001A4
:2081C000000100010202010202010202020102010101000010030200A081FF1F0200000031
:2081E000A281FF1FD143FE1F0000000011030200A481FF1F02000000A681FF1F9D45FE1F6E
:208200000000000022030200A881FF1F02000000AA81FF1FA746FE1F000000002703010070
:20822000C481FF1F02000000AC81FF1FE349FE1F000000002E030100C581FF1F01000000AE
:20824000C681FF1F0D49FE1FAF50FE1F31030100C781FF1F02000000AE81FF1FF14AFE1FE8
:20826000F150FE1F34030100C881FF1F01000000C981FF1F1B4CFE1F0000000036030100DA
:20828000CA81FF1F02000000B081FF1FAF4DFE1F7752FE1F37030100CB81FF1F020000007E
:2082A000B281FF1F6F4FFE1F000000003E030200B481FF1F02000000B681FF1FF94FFE1F40
:2082C0000000000001010000B881FF1F02000000BA81FF1F02010000B881FF1F020000008E
:2082E000BA81FF1F01020000BC81FF1F02000000BE81FF1FF0F10200C081FF1FA794FE1FCE
:208300007C430200C081FF1F0B96FE1F86F10200C081FF1FD98EFE1F1CD00200C081FF1FD6
:20832000F18EFE1F20ED0200C081FF1F4B8FFE1FA0ED0200C081FF1F3590FE1F21F1020058
:20834000C081FF1FC794FE1F25F10200C081FF1FEB94FE1F2AF10200C081FF1F0F95FE1FF6
:208360002BF10200C081FF1F3395FE1F8CF10200C081FF1F5795FE1FA1F10200C081FF1FC1
:208380007B95FE1FA5F10200C081FF1F9F95FE1FAAF10200C081FF1FC395FE1FABF1020059
:2083A000C081FF1FE795FE1F22F10200C081FF1F2F96FE1F24F10200C081FF1F4F96FE1FF7
:2083C000A2F10200C081FF1F6F96FE1F0103020301010000CC81FF1F02000000C281FF1FAE
:2083E000551DFE1F611DFE1F1CD0240101000000CD81FF1F1F91FE1F02F10500010000000F
:20840000CD81FF1F3568FE1F21F1070001000000CD81FF1FE560FE1F25F107000100000030
:20842000CD81FF1FB561FE1F2AF1070001000000CD81FF1F8562FE1F2BF1070001000000E6
:20844000CD81FF1F5563FE1F8CF1040001000000CD81FF1F2564FE1FA1F1080001000000AC
:20846000CD81FF1FF564FE1FA5F1080001000000CD81FF1FC565FE1FAAF108000100000024
:20848000CD81FF1F9566FE1FABF1080001000000CD81FF1F6567FE1F050200000100000056
:2084A000CE81FF1F01000000CF81FF1F01000000D081FF1F6993FE1F0000000000FF080050
:2084C00001000000CE81FF1F01000000CF81FF1F01000000D081FF1F1594FE1F0000000089
:2084E0001202000101000000CE81FF1F01000000CF81FF1F01000000D081FF1F1D94FE1F4C
:20850000000000000103040001000000CE81FF1F01000000CF81FF1F01000000D081FF1F06
:208520002794FE1F2594FE1F00440100D181FF1F10440100D181FF1F00E00100FFFF1F0015
:20854000342143780000030200200200070000000000000000E001000020000000E00100FB
:208560000001000003000000010000000000020000001D00000002000010000006000000BF
:208580000100000000401E0000E0000000401E00000100000000000000000000000000003D
:2085A0000000000000000000000000000000000000000000000000000000000000000000BB
:2085C00000000000000000000000000000000000000000000000000000000000000000009B
:2085E00000000000000000000000000000000000000000000000000000000000000000007B
:2086000000000000000000000000000000000000000000000000000000000000000000005A
:2086200000000000000000000000000000000000000000000000000000000000873412432A
:20864000FFFFFFFFFFFFFFFFFFFFFFFFFFFFFFFF12AB0001037CFE1F697CFE1FBD7CFE1F78
:20866000A97DFE1F40004000081C002040004000081D002001000100041B0020400040006D
:20868000081B0020A2F1AAF1ABF18CF124F122F12AF12BF18CF124F100000000000000005F
:2086A0000000000000008896173188202041FFFFFFFFFF00982F8A4291443771CFFBC0B501
:2086C000A5DBB5E95BC25639F111F159A4823F92D55E1CAB98AA07D8015B8312BE853124E9
:2086E000C37D0C55745DBE72FEB1DE80A706DC9B74F19BC1C1699BE48647BEEFC69DC10F90
:20870000CCA10C246F2CE92DAA84744ADCA9B05CDA88F97652513E986DC631A8C82703B096
:20872000C77F59BFF30BE0C64791A7D55163CA0667292914850AB72738211B2EFC6D2C4DA1
:20874000130D385354730A65BB0A6A762EC9C281852C7292A1E8BFA24B661AA8708B4BC23F
:20876000A3516CC719E892D1240699D685350EF470A06A1016C1A419086C371E4C77482700
:20878000B5BCB034B30C1C394AAAD84E4FCA9C5BF36F2E68EE828F746F63A5781478C88414
:2087A0000802C78CFAFFBE90EB6C50A4F7A3F9BEF27871C6010000000200000004000000D1
:2087C00008000000100000002000000040000000800000001B00000036000000637C777B7F
:2087E000F26B6FC53001672BFED7AB76CA82C97DFA5947F0ADD4A2AF9CA472C0B7FD932662
:20880000363FF7CC34A5E5F171D8311504C723C31896059A071280E2EB27B27509832C1A5E
:208820001B6E5AA0523BD6B329E32F8453D100ED20FCB15B6ACBBE394A4C58CFD0EFAAFB5A
:20884000434D338545F9027F503C9FA851A3408F929D38F5BCB6DA2110FFF3D2CD0C13EC06
:208860005F974417C4A77E3D645D197360814FDC222A908846EEB814DE5E0BDBE0323A0A4C
:208880004906245CC2D3AC629195E479E7C8376D8DD54EA96C56F4EA657AAE08BA78252E7D
:2088A0001CA6B4C6E8DD741F4BBD8B8A703EB5664803F60E613557B986C11D9EE1F89811C5
:2088C00069D98E949B1E87E9CE5528DF8CA1890DBFE6426841992D0FB054BB16F4A75051A8
:2088E0004165537E17A4C31A275E963AAB6BCB3B9D45F11FFA58ABACE303934B30FA5520FA
:20890000766DF6ADCC769188024C25F5E5D7FC4F2ACBD7C53544802662A38FB5B15A49DEDC
:20892000BA1B6725EA0E9845FEC0E15D2F7502C34CF012814697A38DD3F9C66B8F5FE703EB
:20894000929C95156D7AEBBF5259DA95BE832DD47421D358E0692949C9C8448EC2896A754A
:208960008E7978F4583E6B99B971DD27E14FB6BE88AD17F020AC66C9CE3AB47DDF4A186304
:208980001A3182E551336097537F45626477E0B16BAE84BB81A01CFE082B94F948685870FA
:2089A00045FD198FDE6C87947BF8B75273D323AB4B02E2721F8F57E355AB2A66EB2807B2F3
:2089C000B5C2032FC57B9A863708A5D32887F230BFA5B223036ABA0216825CEDCF1C2B8A23
:2089E00079B492A707F2F0F369E2A14EDAF4CD6505BED50634621FD1A6FE8AC42E539D3493
:208A0000F355A0A28AE13205F6EB75A483EC390B60EFAA40719F065E6E1051BD218AF93E62
:208A2000DD063D963E05AEDDE6BD464D548DB591C45D057106D46F045015FF6098FB2419DD
:208A4000BDE997D64043CC89D99E7767E842BDB0898B8807195B38E7C8EEDB797C0A47A191
:208A6000420FE97C841EC9F800000000808683092BED48321170AC1E5A724E6C0EFFFBFDE3
:208A80008538560FAED51E3D2D3927360FD9640A5CA621685B54D19B362E3A240A67B10C27
:208AA00057E70F93EE96D2B49B919E1BC0C54F80DC20A261774B695A121A161C93BA0AE278
:208AC000A02AE5C022E0433C1B171D12090D0B0E8BC7ADF2B6A8B92D1EA9C814F119855758
:208AE00075074CAF99DDBBEE7F60FDA301269FF772F5BC5C663BC544FB7E345B4329768B06
:208B000023C6DCCBEDFC68B6E4F163B831DCCAD76385104297224013C61120844A247D85EF
:208B2000BB3DF8D2F93211AE29A16DC79E2F4B1DB230F3DC8652EC0DC1E3D077B3166C2B89
:208B400070B999A99448FA11E9642247FC8CC4A8F03F1AA07D2CD8563390EF22494EC787A0
:208B600038D1C1D9CAA2FE8CD40B3698F581CFA67ADE28A5B78E26DAADBFA43F3A9DE42C24
:208B800078920D505FCC9B6A7E4662548D13C2F6D8B8E89039F75E2EC3AFF5825D80BE9F85
:208BA000D0937C69D52DA96F2512B3CFAC993BC8187DA7109C636EE83BBB7BDB267809CDF1
:208BC0005918F46E9AB701EC4F9AA883956E65E6FFE67EAABCCF082115E8E6EFE79BD9BA7A
:208BE0006F36CE4A9F09D4EAB07CD629A4B2AF313F23312AA59430C6A266C0354EBC377453
:208C000082CAA6FC90D0B0E0A7D8153304984AF1ECDAF741CD500E7F91F62F174DD68D763D
:208C2000EFB04D43AA4D54CC9604DFE4D1B5E39E6A881B4C2C1FB8C165517F465EEA049D09
:208C40008C355D01877473FA0B412EFB671D5AB3DBD25292105633E9D647136DD7618C9A79
:208C6000A10C7A37F8148E59133C89EBA927EECE61C935B71CE5EDE147B13C7AD2DF599C1B
:208C8000F2733F5514CE7918C737BF73F7CDEA53FDAA5B5F3D6F14DF44DB8678AFF381CA2D
:208CA00068C43EB924342C38A3405FC21DC37216E2250CBC3C498B280D9541FFA80171392D
:208CC0000CB3DE08B4E49CD856C19064CB84617B32B670D56C5C7448B85742D0A75051F49F
:208CE00065537E41A4C31A175E963A276BCB3BAB45F11F9D58ABACFA03934BE3FA552030F6
:208D00006DF6AD76769188CC4C25F502D7FC4FE5CBD7C52A44802635A38FB5625A49DEB1D8
:208D20001B6725BA0E9845EAC0E15DFE7502C32FF012814C97A38D46F9C66BD35FE7038FE7
:208D40009C9515927AEBBF6D59DA9552832DD4BE21D35874692949E0C8448EC9896A75C246
:208D60007978F48E3E6B995871DD27B94FB6BEE1AD17F088AC66C9203AB47DCE4A1863DF00
:208D80003182E51A336097517F45625377E0B164AE84BB6BA01CFE812B94F90868587048F6
:208DA000FD198F456C8794DEF8B7527BD323AB7302E2724B8F57E31FAB2A66552807B2EBEF
:208DC000C2032FB57B9A86C508A5D33787F23028A5B223BF6ABA0203825CED161C2B8ACF1F
:208DE000B492A779F2F0F307E2A14E69F4CD65DABED50605621FD134FE8AC4A6539D342E8F
:208E000055A0A2F3E132058AEB75A4F6EC390B83EFAA40609F065E711051BD6E8AF93E215E
:208E2000063D96DD05AEDD3EBD464DE68DB591545D0571C4D46F040615FF6050FB241998D9
:208E4000E997D6BD43CC89409E7767D942BDB0E88B8807895B38E719EEDB79C80A47A17C8D
:208E60000FE97C421EC9F8840000000086830980ED48322B70AC1E11724E6C5AFFFBFD0EDF
:208E800038560F85D51E3DAE3927362DD9640A0FA621685C54D19B5B2E3A243667B10C0A23
:208EA000E70F935796D2B4EE919E1B9BC54F80C020A261DC4B695A771A161C12BA0AE29374
:208EC0002AE5C0A0E0433C22171D121B0D0B0E09C7ADF28BA8B92DB6A9C8141E198557F154
:208EE000074CAF75DDBBEE9960FDA37F269FF701F5BC5C723BC544667E345BFB29768B4302
:208F0000C6DCCB23FC68B6EDF163B8E4DCCAD7318510426322401397112084C6247D854AEB
:208F20003DF8D2BB3211AEF9A16DC7292F4B1D9E30F3DCB252EC0D86E3D077C1166C2BB385
:208F4000B999A97048FA1194642247E98CC4A8FC3F1AA0F02CD8567D90EF22334EC787499C
:208F6000D1C1D938A2FE8CCA0B3698D481CFA6F5DE28A57A8E26DAB7BFA43FAD9DE42C3A20
:208F8000920D5078CC9B6A5F4662547E13C2F68DB8E890D8F75E2E39AFF582C380BE9F5D81
:208FA000937C69D02DA96FD512B3CF25993BC8AC7DA71018636EE89CBB7BDB3B7809CD26ED
:208FC00018F46E59B701EC9A9AA8834F6E65E695E67EAAFFCF0821BCE8E6EF159BD9BAE776
:208FE00036CE4A6F09D4EA9F7CD629B0B2AF31A423312A3F9430C6A566C035A2BC37744E4F
:20900000CAA6FC82D0B0E090D81533A7984AF104DAF741EC500E7FCDF62F1791D68D764D39
:20902000B04D43EF4D54CCAA04DFE496B5E39ED1881B4C6A1FB8C12C517F4665EA049D5E05
:20904000355D018C7473FA87412EFB0B1D5AB367D25292DB5633E91047136DD6618C9AD775
:209060000C7A37A1148E59F83C89EB1327EECEA9C935B761E5EDE11CB13C7A47DF599CD217
:20908000733F55F2CE79181437BF73C7CDEA53F7AA5B5FFD6F14DF3DDB867844F381CAAF29
:2090A000C43EB968342C3824405FC2A3C372161D250CBCE2498B283C9541FF0D017139A829
:2090C000B3DE080CE49CD8B4C190645684617BCBB670D5325C74486C5742D0B85051F4A79B
:2090E000537E4165C31A17A4963A275ECB3BAB6BF11F9D45ABACFA58934BE303552030FAF2
:20910000F6AD766D9188CC7625F5024CFC4FE5D7D7C52ACB802635448FB562A349DEB15AD4
:209120006725BA1B9845EA0EE15DFEC002C32F7512814CF0A38D4697C66BD3F9E7038F5FE3
:209140009515929CEBBF6D7ADA9552592DD4BE83D35874212949E069448EC9C86A75C28942
:2091600078F48E796B99583EDD27B971B6BEE14F17F088AD66C920ACB47DCE3A1863DF4AFC
:2091800082E51A31609751334562537FE0B1647784BB6BAE1CFE81A094F9082B58704868F2
:2091A000198F45FD8794DE6CB7527BF823AB73D3E2724B0257E31F8F2A6655AB07B2EB28EB
:2091C000032FB5C29A86C57BA5D33708F2302887B223BFA5BA02036A5CED16822B8ACF1C1B
:2091E00092A779B4F0F307F2A14E69E2CD65DAF4D50605BE1FD134628AC4A6FE9D342E538B
:20920000A0A2F35532058AE175A4F6EB390B83ECAA4060EF065E719F51BD6E10F93E218A5A
:209220003D96DD06AEDD3E05464DE6BDB591548D0571C45D6F0406D4FF605015241998FBD5
:2092400097D6BDE9CC8940437767D99EBDB0E8428807898B38E7195BDB79C8EE47A17C0A89
:20926000E97C420FC9F8841E000000008309808648322BEDAC1E11704E6C5A72FBFD0EFFDB
:20928000560F85381E3DAED527362D39640A0FD921685CA6D19B5B543A24362EB10C0A671F
:2092A0000F9357E7D2B4EE969E1B9B914F80C0C5A261DC20695A774B161C121A0AE293BA70
:2092C000E5C0A02A433C22E01D121B170B0E090DADF28BC7B92DB6A8C8141EA98557F11950
:2092E0004CAF7507BBEE99DDFDA37F609FF70126BC5C72F5C544663B345BFB7E768B4329FE
:20930000DCCB23C668B6EDFC63B8E4F1CAD731DC10426385401397222084C6117D854A24E7
:20932000F8D2BB3D11AEF9326DC729A14B1D9E2FF3DCB230EC0D8652D077C1E36C2BB31681
:2093400099A970B9FA1194482247E964C4A8FC8C1AA0F03FD8567D2CEF223390C787494E98
:20936000C1D938D1FE8CCAA23698D40BCFA6F58128A57ADE26DAB78EA43FADBFE42C3A9D1C
:209380000D5078929B6A5FCC62547E46C2F68D13E890D8B85E2E39F7F582C3AFBE9F5D807D
:2093A0007C69D093A96FD52DB3CF25123BC8AC99A710187D6EE89C637BDB3BBB09CD2678E9
:2093C000F46E591801EC9AB7A8834F9A65E6956E7EAAFFE60821BCCFE6EF15E8D9BAE79B72
:2093E000CE4A6F36D4EA9F09D629B07CAF31A4B2312A3F2330C6A594C035A26637744EBC4B
:20940000A6FC82CAB0E090D01533A7D84AF10498F741ECDA0E7FCD502F1791F68D764DD635
:209420004D43EFB054CCAA4DDFE49604E39ED1B51B4C6A88B8C12C1F7F466551049D5EEA01
:209440005D018C3573FA87742EFB0B415AB3671D5292DBD233E91056136DD6478C9AD76171
:209460007A37A10C8E59F81489EB133CEECEA92735B761C9EDE11CE53C7A47B1599CD2DF13
:209480003F55F273791814CEBF73C737EA53F7CD5B5FFDAA14DF3D6F867844DB81CAAFF325
:2094A0003EB968C42C3824345FC2A34072161DC30CBCE2258B283C4941FF0D957139A80125
:2094C000DE080CB39CD8B4E4906456C1617BCB8470D532B674486C5C42D0B85751F4A75097
:2094E0007E4165531A17A4C33A275E963BAB6BCB1F9D45F1ACFA58AB4BE303932030FA55EE
:20950000AD766DF688CC7691F5024C254FE5D7FCC52ACBD726354480B562A38FDEB15A49D0
:2095200025BA1B6745EA0E985DFEC0E1C32F7502814CF0128D4697A36BD3F9C6038F5FE7DF
:2095400015929C95BF6D7AEB955259DAD4BE832D587421D349E069298EC9C84475C2896A3E
:20956000F48E797899583E6B27B971DDBEE14FB6F088AD17C920AC667DCE3AB463DF4A18F8
:20958000E51A31829751336062537F45B16477E0BB6BAE84FE81A01CF9082B9470486858EE
:2095A0008F45FD1994DE6C87527BF8B7AB73D323724B02E2E31F8F576655AB2AB2EB2807E7
:2095C0002FB5C20386C57B9AD33708A5302887F223BFA5B202036ABAED16825C8ACF1C2B17
:2095E000A779B492F307F2F04E69E2A165DAF4CD0605BED5D134621FC4A6FE8A342E539D87
:20960000A2F355A0058AE132A4F6EB750B83EC394060EFAA5E719F06BD6E10513E218AF956
:2096200096DD063DDD3E05AE4DE6BD4691548DB571C45D050406D46F605015FF1998FB24D1
:20964000D6BDE997894043CC67D99E77B0E842BD07898B88E7195B3879C8EEDBA17C0A4785
:209660007C420FE9F8841EC90000000009808683322BED481E1170AC6C5A724EFD0EFFFBD7
:209680000F8538563DAED51E362D39270A0FD964685CA6219B5B54D124362E3A0C0A67B11B
:2096A0009357E70FB4EE96D21B9B919E80C0C54F61DC20A25A774B691C121A16E293BA0A6C
:2096C000C0A02AE53C22E043121B171D0E090D0BF28BC7AD2DB6A8B9141EA9C857F119854C
:2096E000AF75074CEE99DDBBA37F60FDF701269F5C72F5BC44663BC55BFB7E348B432976FA
:20970000CB23C6DCB6EDFC68B8E4F163D731DCCA426385101397224084C61120854A247DE3
:20972000D2BB3DF8AEF93211C729A16D1D9E2F4BDCB230F30D8652EC77C1E3D02BB3166C7D
:20974000A970B999119448FA47E96422A8FC8CC4A0F03F1A567D2CD8223390EF87494EC794
:20976000D938D1C18CCAA2FE98D40B36A6F581CFA57ADE28DAB78E263FADBFA42C3A9DE418
:209780005078920D6A5FCC9B547E4662F68D13C290D8B8E82E39F75E82C3AFF59F5D80BE79
:2097A00069D0937C6FD52DA9CF2512B3C8AC993B10187DA7E89C636EDB3BBB7BCD267809E5
:2097C0006E5918F4EC9AB701834F9AA8E6956E65AAFFE67E21BCCF08EF15E8E6BAE79BD96E
:2097E0004A6F36CEEA9F09D429B07CD631A4B2AF2A3F2331C6A5943035A266C0744EBC3747
:20980000FC82CAA6E090D0B033A7D815F104984A41ECDAF77FCD500E1791F62F764DD68D31
:2098200043EFB04DCCAA4D54E49604DF9ED1B5E34C6A881BC12C1FB84665517F9D5EEA04FD
:20984000018C355DFA877473FB0B412EB3671D5A92DBD252E91056336DD647139AD7618C6D
:2098600037A10C7A59F8148EEB133C89CEA927EEB761C935E11CE5ED7A47B13C9CD2DF590F
:2098800055F2733F1814CE7973C737BF53F7CDEA5FFDAA5BDF3D6F147844DB86CAAFF38121
:2098A000B968C43E3824342CC2A3405F161DC372BCE2250C283C498BFF0D954139A8017121
:2098C000080CB3DED8B4E49C6456C1907BCB8461D532B670486C5C74D0B857426363A5C69E
:2098E0007C7C84F8777799EE7B7B8DF6F2F20DFF6B6BBDD66F6FB1DEC5C5549130305060C1
:20990000010103026767A9CE2B2B7D56FEFE19E7D7D762B5ABABE64D76769AECCACA458FAE
:2099200082829D1FC9C940897D7D87FAFAFA15EF5959EBB24747C98EF0F00BFBADADEC41F8
:20994000D4D467B3A2A2FD5FAFAFEA459C9CBF23A4A4F753727296E4C0C05B9BB7B7C275F3
:20996000FDFD1CE19393AE3D26266A4C36365A6C3F3F417EF7F702F5CCCC4F8334345C68F3
:20998000A5A5F451E5E534D1F1F108F9717193E2D8D873AB3131536215153F2A04040C089B
:2099A000C7C7529523236546C3C35E9D181828309696A13705050F0A9A9AB52F0707090ED4
:2099C0001212362480809B1BE2E23DDFEBEB26CD2727694EB2B2CD7F75759FEA09091B1243
:2099E00083839E1D2C2C74581A1A2E341B1B2D366E6EB2DC5A5AEEB4A0A0FB5B5252F6A4BF
:209A00003B3B4D76D6D661B7B3B3CE7D29297B52E3E33EDD2F2F715E848497135353F5A678
:209A2000D1D168B900000000EDED2CC120206040FCFC1FE3B1B1C8795B5BEDB66A6ABED460
:209A4000CBCB468DBEBED96739394B724A4ADE944C4CD4985858E8B0CFCF4A85D0D06BBB2D
:209A6000EFEF2AC5AAAAE54FFBFB16ED4343C5864D4DD79A33335566858594114545CF8A09
:209A8000F9F910E9020206047F7F81FE5050F0A03C3C44789F9FBA25A8A8E34B5151F3A21A
:209AA000A3A3FE5D4040C0808F8F8A059292AD3F9D9DBC2138384870F5F504F1BCBCDF63B0
:209AC000B6B6C177DADA75AF2121634210103020FFFF1AE5F3F30EFDD2D26DBFCDCD4C818E
:209AE0000C0C141813133526ECEC2FC35F5FE1BE9797A2354444CC881717392EC4C4579392
:209B0000A7A7F2557E7E82FC3D3D477A6464ACC85D5DE7BA19192B32737395E66060A0C054
:209B2000818198194F4FD19EDCDC7FA3222266442A2A7E549090AB3B8888830B4646CA8CF1
:209B4000EEEE29C7B8B8D36B14143C28DEDE79A75E5EE2BC0B0B1D16DBDB76ADE0E03BDBD1
:209B6000323256643A3A4E740A0A1E144949DB9206060A0C24246C485C5CE4B8C2C25D9F5A
:209B8000D3D36EBDACACEF436262A6C49191A8399595A431E4E437D379798BF2E7E732D524
:209BA000C8C8438B3737596E6D6DB7DA8D8D8C01D5D564B14E4ED29CA9A9E0496C6CB4D858
:209BC0005656FAACF4F407F3EAEA25CF6565AFCA7A7A8EF4AEAEE94708081810BABAD56F54
:209BE000787888F025256F4A2E2E725C1C1C2438A6A6F157B4B4C773C6C65197E8E823CBD4
:209C0000DDDD7CA174749CE81F1F213E4B4BDD96BDBDDC618B8B860D8A8A850F707090E003
:209C20003E3E427CB5B5C4716666AACC4848D89003030506F6F601F70E0E121C6161A3C2AB
:209C400035355F6A5757F9AEB9B9D06986869117C1C158991D1D273A9E9EB927E1E138D920
:209C6000F8F813EB9898B32B111133226969BBD2D9D970A98E8E89079494A7339B9BB62D80
:209C80001E1E223C87879215E9E920C9CECE49875555FFAA28287850DFDF7AA58C8C8F035C
:209CA000A1A1F859898980090D0D171ABFBFDA65E6E631D74242C6846868B8D04141C382AD
:209CC0009999B0292D2D775A0F0F111EB0B0CB7B5454FCA8BBBBD66D16163A2C63A5C66393
:209CE0007C84F87C7799EE777B8DF67BF20DFFF26BBDD66B6FB1DE6FC55491C530506030BD
:209D00000103020167A9CE672B7D562BFE19E7FED762B5D7ABE64DAB769AEC76CA458FCAAA
:209D2000829D1F82C94089C97D87FA7DFA15EFFA59EBB25947C98E47F00BFBF0ADEC41ADF4
:209D4000D467B3D4A2FD5FA2AFEA45AF9CBF239CA4F753A47296E472C05B9BC0B7C275B7EF
:209D6000FD1CE1FD93AE3D93266A4C26365A6C363F417E3FF702F5F7CC4F83CC345C6834EF
:209D8000A5F451A5E534D1E5F108F9F17193E271D873ABD831536231153F2A15040C080497
:209DA000C75295C723654623C35E9DC31828301896A13796050F0A059AB52F9A07090E07D0
:209DC00012362412809B1B80E23DDFE2EB26CDEB27694E27B2CD7FB2759FEA75091B12093F
:209DE000839E1D832C74582C1A2E341A1B2D361B6EB2DC6E5AEEB45AA0FB5BA052F6A452BB
:209E00003B4D763BD661B7D6B3CE7DB3297B5229E33EDDE32F715E2F8497138453F5A65374
:209E2000D168B9D100000000ED2CC1ED20604020FC1FE3FCB1C879B15BEDB65B6ABED46A5C
:209E4000CB468DCBBED967BE394B72394ADE944A4CD4984C58E8B058CF4A85CFD06BBBD029
:209E6000EF2AC5EFAAE54FAAFB16EDFB43C586434DD79A4D335566338594118545CF8A4505
:209E8000F910E9F9020604027F81FE7F50F0A0503C44783C9FBA259FA8E34BA851F3A25116
:209EA000A3FE5DA340C080408F8A058F92AD3F929DBC219D38487038F504F1F5BCDF63BCAC
:209EC000B6C177B6DA75AFDA2163422110302010FF1AE5FFF30EFDF3D26DBFD2CD4C81CD8A
:209EE0000C14180C13352613EC2FC3EC5FE1BE5F97A2359744CC884417392E17C45793C48E
:209F0000A7F255A77E82FC7E3D477A3D64ACC8645DE7BA5D192B32197395E67360A0C06050
:209F2000819819814FD19E4FDC7FA3DC226644222A7E542A90AB3B9088830B8846CA8C46ED
:209F4000EE29C7EEB8D36BB8143C2814DE79A7DE5EE2BC5E0B1D160BDB76ADDBE03BDBE0CD
:209F6000325664323A4E743A0A1E140A49DB9249060A0C06246C48245CE4B85CC25D9FC256
:209F8000D36EBDD3ACEF43AC62A6C46291A8399195A43195E437D3E4798BF279E732D5E720
:209FA000C8438BC837596E376DB7DA6D8D8C018DD564B1D54ED29C4EA9E049A96CB4D86C54
:209FC00056FAAC56F407F3F4EA25CFEA65AFCA657A8EF47AAEE947AE08181008BAD56FBA50
:209FE0007888F078256F4A252E725C2E1C24381CA6F157A6B4C773B4C65197C6E823CBE8D0
:20A00000DD7CA1DD749CE8741F213E1F4BDD964BBDDC61BD8B860D8B8A850F8A7090E070FF
:20A020003E427C3EB5C471B566AACC6648D8904803050603F601F7F60E121C0E61A3C261A7
:20A04000355F6A3557F9AE57B9D069B986911786C15899C11D273A1D9EB9279EE138D9E11C
:20A06000F813EBF898B32B981133221169BBD269D970A9D98E89078E94A733949BB62D9B7C
:20A080001E223C1E87921587E920C9E9CE4987CE55FFAA5528785028DF7AA5DF8C8F038C58
:20A0A000A1F859A1898009890D171A0DBFDA65BFE631D7E642C6844268B8D06841C38241A9
:20A0C00099B029992D775A2D0F111E0FB0CB7BB054FCA854BBD66DBB163A2C16A5C663638F
:20A0E00084F87C7C99EE77778DF67B7B0DFFF2F2BDD66B6BB1DE6F6F5491C5C550603030B9
:20A1000003020101A9CE67677D562B2B19E7FEFE62B5D7D7E64DABAB9AEC7676458FCACAA6
:20A120009D1F82824089C9C987FA7D7D15EFFAFAEBB25959C98E47470BFBF0F0EC41ADADF0
:20A1400067B3D4D4FD5FA2A2EA45AFAFBF239C9CF753A4A496E472725B9BC0C0C275B7B7EB
:20A160001CE1FDFDAE3D93936A4C26265A6C3636417E3F3F02F5F7F74F83CCCC5C683434EB
:20A18000F451A5A534D1E5E508F9F1F193E2717173ABD8D8536231313F2A15150C08040493
:20A1A0005295C7C7654623235E9DC3C328301818A13796960F0A0505B52F9A9A090E0707CC
:20A1C000362412129B1B80803DDFE2E226CDEBEB694E2727CD7FB2B29FEA75751B1209093B
:20A1E0009E1D838374582C2C2E341A1A2D361B1BB2DC6E6EEEB45A5AFB5BA0A0F6A45252B7
:20A200004D763B3B61B7D6D6CE7DB3B37B5229293EDDE3E3715E2F2F97138484F5A6535370
:20A2200068B9D1D1000000002CC1EDED604020201FE3FCFCC879B1B1EDB65B5BBED46A6A58
:20A24000468DCBCBD967BEBE4B723939DE944A4AD4984C4CE8B058584A85CFCF6BBBD0D025
:20A260002AC5EFEFE54FAAAA16EDFBFBC5864343D79A4D4D5566333394118585CF8A454501
:20A2800010E9F9F90604020281FE7F7FF0A0505044783C3CBA259F9FE34BA8A8F3A2515112
:20A2A000FE5DA3A3C08040408A058F8FAD3F9292BC219D9D4870383804F1F5F5DF63BCBCA8
:20A2C000C177B6B675AFDADA63422121302010101AE5FFFF0EFDF3F36DBFD2D24C81CDCD86
:20A2E00014180C0C352613132FC3ECECE1BE5F5FA2359797CC884444392E17175793C4C48A
:20A30000F255A7A782FC7E7E477A3D3DACC86464E7BA5D5D2B32191995E67373A0C060604C
:20A3200098198181D19E4F4F7FA3DCDC664422227E542A2AAB3B9090830B8888CA8C4646E9
:20A3400029C7EEEED36BB8B83C28141479A7DEDEE2BC5E5E1D160B0B76ADDBDB3BDBE0E0C9
:20A36000566432324E743A3A1E140A0ADB9249490A0C06066C482424E4B85C5C5D9FC2C252
:20A380006EBDD3D3EF43ACACA6C46262A8399191A431959537D3E4E48BF2797932D5E7E71C
:20A3A000438BC8C8596E3737B7DA6D6D8C018D8D64B1D5D5D29C4E4EE049A9A9B4D86C6C50
:20A3C000FAAC565607F3F4F425CFEAEAAFCA65658EF47A7AE947AEAE18100808D56FBABA4C
:20A3E00088F078786F4A2525725C2E2E24381C1CF157A6A6C773B4B45197C6C623CBE8E8CC
:20A400007CA1DDDD9CE87474213E1F1FDD964B4BDC61BDBD860D8B8B850F8A8A90E07070FB
:20A42000427C3E3EC471B5B5AACC6666D89048480506030301F7F6F6121C0E0EA3C26161A3
:20A440005F6A3535F9AE5757D069B9B9911786865899C1C1273A1D1DB9279E9E38D9E1E118
:20A4600013EBF8F8B32B989833221111BBD2696970A9D9D989078E8EA7339494B62D9B9B78
:20A48000223C1E1E9215878720C9E9E94987CECEFFAA5555785028287AA5DFDF8F038C8C54
:20A4A000F859A1A180098989171A0D0DDA65BFBF31D7E6E6C6844242B8D06868C3824141A5
:20A4C000B0299999775A2D2D111E0F0FCB7BB0B0FCA85454D66DBBBB3A2C1616C66363A58B
:20A4E000F87C7C84EE777799F67B7B8DFFF2F20DD66B6BBDDE6F6FB191C5C55460303050B5
:20A5000002010103CE6767A9562B2B7DE7FEFE19B5D7D7624DABABE6EC76769A8FCACA45A2
:20A520001F82829D89C9C940FA7D7D87EFFAFA15B25959EB8E4747C9FBF0F00B41ADADECEC
:20A54000B3D4D4675FA2A2FD45AFAFEA239C9CBF53A4A4F7E47272969BC0C05B75B7B7C2E7
:20A56000E1FDFD1C3D9393AE4C26266A6C36365A7E3F3F41F5F7F70283CCCC4F6834345CE7
:20A5800051A5A5F4D1E5E534F9F1F108E2717193ABD8D873623131532A15153F0804040C8F
:20A5A00095C7C752462323659DC3C35E30181828379696A10A05050F2F9A9AB50E070709C8
:20A5C000241212361B80809BDFE2E23DCDEBEB264E2727697FB2B2CDEA75759F1209091B37
:20A5E0001D83839E582C2C74341A1A2E361B1B2DDC6E6EB2B45A5AEE5BA0A0FBA45252F6B3
:20A60000763B3B4DB7D6D6617DB3B3CE5229297BDDE3E33E5E2F2F7113848497A65353F56C
:20A62000B9D1D16800000000C1EDED2C40202060E3FCFC1F79B1B1C8B65B5BEDD46A6ABE54
:20A640008DCBCB4667BEBED97239394B944A4ADE984C4CD4B05858E885CFCF4ABBD0D06B21
:20A66000C5EFEF2A4FAAAAE5EDFBFB16864343C59A4D4DD766333355118585948A4545CFFD
:20A68000E9F9F91004020206FE7F7F81A05050F0783C3C44259F9FBA4BA8A8E3A25151F30E
:20A6A0005DA3A3FE804040C0058F8F8A3F9292AD219D9DBC70383848F1F5F50463BCBCDFA4
:20A6C00077B6B6C1AFDADA754221216320101030E5FFFF1AFDF3F30EBFD2D26D81CDCD4C82
:20A6E000180C0C1426131335C3ECEC2FBE5F5FE1359797A2884444CC2E17173993C4C45786
:20A7000055A7A7F2FC7E7E827A3D3D47C86464ACBA5D5DE73219192BE6737395C06060A048
:20A72000198181989E4F4FD1A3DCDC7F44222266542A2A7E3B9090AB0B8888838C4646CAE5
:20A74000C7EEEE296BB8B8D32814143CA7DEDE79BC5E5EE2160B0B1DADDBDB76DBE0E03BC5
:20A7600064323256743A3A4E140A0A1E924949DB0C06060A4824246CB85C5CE49FC2C25D4E
:20A78000BDD3D36E43ACACEFC46262A6399191A8319595A4D3E4E437F279798BD5E7E73218
:20A7A0008BC8C8436E373759DA6D6DB7018D8D8CB1D5D5649C4E4ED249A9A9E0D86C6CB44C
:20A7C000AC5656FAF3F4F407CFEAEA25CA6565AFF47A7A8E47AEAEE9100808186FBABAD548
:20A7E000F07878884A25256F5C2E2E72381C1C2457A6A6F173B4B4C797C6C651CBE8E823C8
:20A80000A1DDDD7CE874749C3E1F1F21964B4BDD61BDBDDC0D8B8B860F8A8A85E0707090F7
:20A820007C3E3E4271B5B5C4CC6666AA904848D806030305F7F6F6011C0E0E12C26161A39F
:20A840006A35355FAE5757F969B9B9D01786869199C1C1583A1D1D27279E9EB9D9E1E13814
:20A86000EBF8F8132B9898B322111133D26969BBA9D9D970078E8E89339494A72D9B9BB674
:20A880003C1E1E2215878792C9E9E92087CECE49AA5555FF50282878A5DFDF7A038C8C8F50
:20A8A00059A1A1F8098989801A0D0D1765BFBFDAD7E6E631844242C6D06868B8824141C3A1
:20A8C000299999B05A2D2D771E0F0F117BB0B0CBA85454FC6DBBBBD62C16163A52096AD51E
:20A8E0003036A538BF40A39E81F3D7FB7CE339829B2FFF87348E4344C4DEE9CB547B9432F1
:20A90000A6C2233DEE4C950B42FAC34E082EA16628D924B2765BA2496D8BD12572F8F664C6
:20A9200086689816D4A45CCC5D65B6926C704850FDEDB9DA5E154657A78D9D8490D8AB0068
:20A940008CBCD30AF7E45805B8B34506D02C1E8FCA3F0F02C1AFBD0301138A6B3A911141CB
:20A960004F67DCEA97F2CFCEF0B4E67396AC7422E7AD3585E2F937E81C75DF6E47F11A7177
:20A980001D29C5896FB7620EAA18BE1BFC563E4BC6D279209ADBC0FE78CD5AF41FDDA83349
:20A9A0008807C731B11210592780EC5F60517FA919B54A0D2DE57A9F93C99CEFA0E03B4DDA
:20A9C000AE2AF5B0C8EBBB3C83539961172B047EBA77D626E169146355210C7D00000000CF
:20A9E0000000000000000000000000870000000000000000000000000000000000000000D0
:20AA000000000000000000000000000009000000010000000000000000000000000000002C
:20AA2000000000000500000006000000040000000300000002000000000000000000000002
:20AA40000000000000000000000000000500000006000000040000000300000002000000E2
:20AA6000020000008F03FF1FF103FF1F000000000100000001000000ACAAFF1F020000009A
:20AA8000B4AAFF1FB8AAFF1FF8AAFF1F000000000100000001000000ACAAFF1F0200000082
:20AAA000B4AAFF1FFCAAFF1F3CABFF1FFFFFFFFFFFFF00FF00000000000000000000000058
:20AAC00000000000000000FF0608080040ABFF1F0200000000000000000000000000000056
:20AAE00000000000010000FF0108000000000000010000000800000080ABFF1F00000000FB
:20AB00000000000000000000000000FF06080800B0ABFF1F020000000000000000000000A5
:20AB20000000000000000000010000FF01080000000000000100000008000000F0ABFF1F4A
:20AB4000B3070000FF070000B3070000FF070000B3070000FF070000B3070000FF070000F5
:20AB6000FF070000FF070000FF070000FF070000FF070000FF070000FF070000FF070000A5
:20AB80000000060120ACFF1F000000000000000000000000000000000000010034ACFF1FC5
:20ABA000020000004CACFF1F54ACFF1F00000000B4070000FF070000B4070000FF070000DD
:20ABC000B4070000FF070000B3070000FF070000FF070000FF070000FF070000FF070000DC
:20ABE000FF070000FF070000FF070000FF0700000000060120ACFF1F00000000000000004C
:20AC000000000000000000000000010034ACFF1F0200000058ACFF1F54ACFF1F00000000F3
:20AC2000000000000000F8FF00000000000000000000000000000506040003000200000009
:20AC4000010102000100010000000000B8AAFF1FD8AAFF1F0CAAFF1FFCAAFF1F1CABFF1F51
:20AC60008CACFF1FB4ACFF1FDCACFF1F04ADFF1F2CADFF1F54ADFF1F7CADFF1FA4ADFF1FBF
:20AC8000CCADFF1FF4ADFF1F1CAEFF1F010000000100000001000000000000000000000073
:20ACA00000000000200000000000000094060020E833002001000000010000000500000078
:20ACC000000000000000000000000000100000000000000098060020083400200100000049
:20ACE000010000000100000000000000000000000000000010000000000000009C06002080
:20AD00001834002001000000010000000500000000000000000000000000000010000000B0
:20AD200000000000A0060020283400200100000001000000010000000000000000000000CE
:20AD4000000000001000000000000000A40600203834002001000000010000000500000086
:20AD60000000000000000000000000000C00000000000000A806002048340020010000005C
:20AD800001000000010000000000000000000000000000001000000000000000AC060020CF
:20ADA000543400200100000001000000050000000000000000000000000000000C000000D8
:20ADC00000000000B0060020643400200100000001000000010000000000000000000000E2
:20ADE000000000001000000000000000B406002070340020010000000100000001000000A2
:20AE00000000000000000000000000001000000000000000B806002080340020010000006F
:20AE200001000000050000000000000000000000000000000C00000000000000BC0600201E
:20AE40009034002070AEFF1FFFFF0300FFFF0300FFFF0300FFFF0300CFFB0100FFFF030002
:20AE6000FFFF0300FFFF0300FFFF0300CFFB0100000000000000000080AEFF1F00B1FF1FE9
:20AE80000100000001000000010000000100000001000000010000000100000001000000AA
:20AEA00001000000010000000100000001000000010000000100000001000000010000008A
:20AEC00001000000010000000100000001000000010000000100000001000000010000006A
:20AEE00001000000010000000100000001000000010000000100000001000000010000004A
:20AF0000010000000100000001000000010000000100000001000000010000000100000029
:20AF2000010000000100000001000000010000000100000001000000010000000100000009
:20AF40000100000001000000010000000100000001000000010000000100000001000000E9
:20AF60000100000001000000010000000100000001000000010000000100000001000000C9
:20AF80000100000001000000010000000100000001000000010000000100000001000000A9
:20AFA000010000000100000001000000010000000100000001000000010000000100000089
:20AFC000010000000100000001000000010000000100000001000000010000000100000069
:20AFE000010000000100000001000000010000000100000001000000010000000100000049
:20B00000010000000100000001000000010000000100000001000000010000000100000028
:20B02000010000000100000001000000010000000100000001000000010000000100000008
:20B040000100000001000000010000000100000001000000010000000100000001000000E8
:20B060000100000001000000010000000100000001000000010000000100000001000000C8
:20B080000100000001000000010000000100000001000000010000000100000001000000A8
:20B0A000010000000100000001000000010000000100000001000000010000000100000088
:20B0C000010000000100000001000000010000000100000001000000010000000100000068
:20B0E000010000000100000001000000010000000100000001000000010000000100000048
:20B100000100000001000000010000000100000001000000BF7BFE1FE97BFE1F0000000052
:20B12000F0FFFFFF9C3500209C3500200000000014B1FF1F38B1FF1F000000000000000056
:20B1400000000000000200000004000010000000000400000200000060B1FF1F24B1FF1FB1
:20B1600068B1FF1F7CB1FF1F0020000010000000FFFF0100000000010000000000200000FD
:20B1800010000000FFDF21000020000000000000020000000000000000000000020000007C
:20B1A00000000000000000000000000004CBFF1F020000000001000000000000000000009F
:20B1C00018CBFF1F020000000002000000000000000000002CCBFF1F020000000003000050
:20B1E000000000000000000040CBFF1F0400000000B2FF1F0100000090B1FF1F70B2FF1FB2
:20B20000000000001180FE1F0000000080842E41FFFFFFFF000000009CB1FF1F00000000A6
:20B22000D7A0FE1F0000000080842E41FFFFFFFF00000000B0B1FF1F000000002B80FE1FC4
:20B240000000000080842E41FFFFFFFF00000000C4B1FF1F000000002D80FE1F0000000022
:20B2600080842E41FFFFFFFF00000000D8B1FF1F00010203CD0000007CB2FF1F0000000099
:20B28000000000006B21FF1F01000000000000006B21FF1F02000000000000006B21FF1FAD
:20B2A00003000000000000006B21FF1F04000000000000006B21FF1F05000000000000002E
:20B2C0006B21FF1F06000000000000006B21FF1F07000000000000006B21FF1F080000005B
:20B2E000000000006B21FF1F09000000000000006B21FF1F0A000000000000006B21FF1F3D
:20B300000B000000000000006B21FF1F0C000000000000006B21FF1F0D00000000000000B5
:20B320006B21FF1F0E000000000000006B21FF1F0F000000000000006B21FF1F10000000E2
:20B34000000000006B21FF1F11000000000000006B21FF1F1200000001000000232BFF1F09
:20B3600013000000000000006B21FF1F14000000000000006B21FF1F15000000000000003D
:20B380006B21FF1F16000000000000006B21FF1F17000000000000006B21FF1F180000006A
:20B3A000000000006B21FF1F19000000000000006B21FF1F1A000000000000006B21FF1F5C
:20B3C0001B000000000000006B21FF1F1C000000000000006B21FF1F1D00000000000000C5
:20B3E0006B21FF1F1E000000000000006B21FF1F1F000000000000006B21FF1F20000000F2
:20B40000000000006B21FF1F21000000000000006B21FF1F22000000000000006B21FF1FEB
:20B4200023000000000000006B21FF1F24000000000000006B21FF1F25000000000000004C
:20B440006B21FF1F26000000000000006B21FF1F27000000000000006B21FF1F2800000079
:20B46000000000006B21FF1F29000000000000006B21FF1F2A000000000000006B21FF1F7B
:20B480002B000000000000006B21FF1F2C000000000000006B21FF1F2D00000000000000D4
:20B4A0006B21FF1F2E000000000000006B21FF1F2F000000000000006B21FF1F3000000001
:20B4C000000000006B21FF1F31000000000000006B21FF1F32000000000000006B21FF1F0B
:20B4E00033000000000000006B21FF1F34000000000000006B21FF1F35000000000000005C
:20B500006B21FF1F36000000000000006B21FF1F37000000000000006B21FF1F3800000088
:20B52000000000006B21FF1F39000000000000006B21FF1F3A000000000000006B21FF1F9A
:20B540003B000000000000006B21FF1F3C000000000000006B21FF1F3D00000000000000E3
:20B560006B21FF1F3E000000000000006B21FF1F3F000000000000006B21FF1F4000000010
:20B58000000000006B21FF1F41000000000000006B21FF1F42000000000000006B21FF1F2A
:20B5A00043000000000000006B21FF1F44000000000000006B21FF1F45000000000000006B
:20B5C0006B21FF1F46000000000000006B21FF1F47000000000000006B21FF1F4800000098
:20B5E000000000006B21FF1F49000000000000006B21FF1F4A000000000000006B21FF1FBA
:20B600004B000000000000006B21FF1F4C000000000000006B21FF1F4D00000000000000F2
:20B620006B21FF1F4E000000000000006B21FF1F4F000000000000006B21FF1F500000001F
:20B64000000000006B21FF1F51000000000000006B21FF1F52000000000000006B21FF1F49
:20B6600053000000000000006B21FF1F54000000000000006B21FF1F55000000000000007A
:20B680006B21FF1F56000000000000006B21FF1F57000000000000006B21FF1F58000000A7
:20B6A000000000006B21FF1F59000000000000006B21FF1F5A000000000000006B21FF1FD9
:20B6C0005B000000000000006B21FF1F5C000000000000006B21FF1F5D0000000000000002
:20B6E0006B21FF1F5E000000000000006B21FF1F5F000000000000006B21FF1F600000002F
:20B70000000000006B21FF1F61000000000000006B21FF1F62000000000000006B21FF1F68
:20B7200063000000000000006B21FF1F64000000000000006B21FF1F650000000000000089
:20B740006B21FF1F66000000000000006B21FF1F67000000000000006B21FF1F68000000B6
:20B76000000000006B21FF1F69000000000000006B21FF1F6A000000000000006B21FF1FF8
:20B780006B000000000000006B21FF1F6C000000000000006B21FF1F6D0000000000000011
:20B7A0006B21FF1F6E000000000000006B21FF1F6F000000000000006B21FF1F700000003E
:20B7C000000000006B21FF1F71000000000000006B21FF1F72000000000000006B21FF1F88
:20B7E00073000000000000006B21FF1F74000000000000006B21FF1F750000000000000099
:20B800006B21FF1F76000000000000006B21FF1F77000000000000006B21FF1F78000000C5
:20B82000000000006B21FF1F79000000000000006B21FF1F7A000000000000006B21FF1F17
:20B840007B000000000000006B21FF1F7C000000000000006B21FF1F7D0000000000000020
:20B860006B21FF1F7E000000000000006B21FF1F7F00000001000000B701FF1F8000000020
:20B8800001000000DF02FF1F81000000010000000B03FF1F8200000001000000E301FF1F75
:20B8A00083000000000000006B21FF1F84000000000000006B21FF1F8500000001000000A7
:20B8C0003703FF1F86000000010000006303FF1F87000000010000000F02FF1F88000000C6
:20B8E000010000004302FF1F89000000010000007702FF1F8A00000001000000AB02FF1F6D
:20B900008B000000000000006B21FF1F8C000000000000006B21FF1F8D000000000000002F
:20B920006B21FF1F8E000000000000006B21FF1F8F000000000000006B21FF1F900000005C
:20B94000000000006B21FF1F91000000000000006B21FF1F92000000000000006B21FF1FC6
:20B9600093000000000000006B21FF1F94000000000000006B21FF1F9500000000000000B7
:20B980006B21FF1F96000000000000006B21FF1F97000000000000006B21FF1F98000000E4
:20B9A000000000006B21FF1F99000000000000006B21FF1F9A000000000000006B21FF1F56
:20B9C0009B000000000000006B21FF1F9C000000000000006B21FF1F9D000000000000003F
:20B9E0006B21FF1F9E000000000000006B21FF1F9F000000000000006B21FF1FA00000006C
:20BA0000000000006B21FF1FA1000000000000006B21FF1FA2000000000000006B21FF1FE5
:20BA2000A3000000000000006B21FF1FA4000000000000006B21FF1FA500000000000000C6
:20BA40006B21FF1FA6000000000000006B21FF1FA7000000000000006B21FF1FA8000000F3
:20BA6000000000006B21FF1FA9000000000000006B21FF1FAA000000000000006B21FF1F75
:20BA8000AB000000000000006B21FF1FAC000000000000006B21FF1FAD000000000000004E
:20BAA0006B21FF1FAE000000000000006B21FF1FAF000000000000006B21FF1FB00000007B
:20BAC000000000006B21FF1FB1000000000000006B21FF1FB2000000000000006B21FF1F05
:20BAE000B3000000000000006B21FF1FB4000000000000006B21FF1FB500000001000000D5
:20BB00008F72FF1FB6000000000000006B21FF1FB7000000000000006B21FF1FB80000008D
:20BB2000000000006B21FF1FB9000000000000006B21FF1FBA000000000000006B21FF1F94
:20BB4000BB000000000000006B21FF1FBC000000000000006B21FF1FBD000000000000005D
:20BB60006B21FF1FBE000000000000006B21FF1FBF000000000000006B21FF1FC00000008A
:20BB8000000000006B21FF1FC1000000000000006B21FF1FC2000000000000006B21FF1F24
:20BBA000C3000000000000006B21FF1FC4000000000000006B21FF1FC500000000000000E5
:20BBC0006B21FF1FC6000000000000006B21FF1FC7000000000000006B21FF1FC800000012
:20BBE000000000006B21FF1FC9000000000000006B21FF1FCA000000000000006B21FF1FB4
:20BC0000CB000000000000006B21FF1FCC000000000000006B21FF1F44CAFF1F9CCAFF1F89
:20BC20005CBCFF1FDCCAFF1FF4CAFF1FA8CAFF1FF8BDFF1F000000000100000001000000C9
:20BC40004CBCFF1F54BCFF1F24BCFF1F00000000000000000000000018BCFF1F1900000087
:20BC600064BCFF1F2C0000000400000000000000010000002D000000040000000000000024
:20BC8000010000002E0000000400000000000000010000002F00000004000000000000003D
:20BCA000010000003000000004000000000000000100000034000000080000000000000012
:20BCC000010000002A0000000800000000000000010000002B0000000800000000000000FD
:20BCE00001000000110000000400000000000000010000001A00000004000000000000000F
:20BD0000010000001C000000040000000000000001000000030000000400000000000000FA
:20BD20000100000004000000040000000000000001000000050000000400000002000000EE
:20BD40000100000006000000040000000200000001000000130000000400000000000000BE
:20BD6000010000001400000004000000000000000100000022000000040000000000000083
:20BD800001000000230000000400000000000000010000000900000004000000000000006D
:20BDA000010000000A0000000400000000000000010000000200000004000000020000006B
:20BDC000010000002800000006000000040000000100000027000000070000000000000001
:20BDE000010000002600000007000000000000000100000074B2FF1F0001010000000000CE
:20BE0000000000000000000000000000000000000000000000000000000000000000000022
:20BE2000010000000000000000000000000000000100000000000000000000000000000000
:20BE40000100000000000000000000000000000006000000000000000100000000000000DA
:20BE60000100000000000000000000000000000007000000000000000000000000000000BA
:20BE8000010000000000000000000000000000000A00000000000000050000000100000091
:20BEA000000000000000000000000000000000000B00000000000000050000000100000071
:20BEC000000000000000000000000000000000000F00000000000000000000000000000053
:20BEE00001000000000000000000000000000000100000000000000001000000010000002F
:20BF000001000000000000000000000001000000000000000000000001000000010000001D
:20BF20000100000000000000010000000100000001000000000000000000000000000000FD
:20BF40000100000000000000000000000100000002000000000000000100000001000000DB
:20BF60000100000000000000000000000100000003000000000000000200000001000000B9
:20BF8000010000000000000000000000010000000400000000000000010000000100000099
:20BFA000010000000000000000000000010000000500000000000000010000000100000078
:20BFC000010000000000000001000000010000000800000000000000020000000100000053
:20BFE000010000000000000000000000010000000900000000000000020000000100000033
:20C00000010000000000000000000000010000000A00000000000000010000000100000012
:20C02000010000000000000000000000010000000B000000000000000400000000000000EF
:20C04000010000000000000000000000010000000C000000000000000000000000000000D2
:20C06000010000000000000000000000010000000D000000000000000000000000000000B1
:20C08000010000000000000000000000010000000E0000000000000003000000010000008C
:20C0A000010000000000000000000000010000000F0000000000000003000000000000006C
:20C0C00001000000000000000000000001000000100000000000000003000000010000004A
:20C0E00001000000000000000000000001000000110000000000000001000000000000002C
:20C1000001000000000000000000000002000000000000000000000000000000000000001C
:20C120000100000000000000000000000200000001000000000000000000000000000000FB
:20C140000100000000000000000000000200000002000000000000000000000000000000DA
:20C160000100000000000000000000000200000003000000000000000100000001000000B7
:20C18000010000000000000001000000020000000600000000000000020000000000000093
:20C1A000010000000000000000000000020000000700000000000000020000000100000072
:20C1C000010000000000000000000000020000000800000000000000010000000100000052
:20C1E000010000000000000000000000020000000A00000000000000010000000100000030
:20C20000010000000000000001000000020000000B0000000000000001000000010000000D
:20C22000010000000000000001000000020000000C000000000000000100000001000000EC
:20C24000010000000000000001000000020000000D000000000000000200000001000000CA
:20C26000010000000000000000000000020000000E000000000000000000000000000000AD
:20C28000010000000000000000000000020000000F0000000000000000000000000000008C
:20C2A00001000000000000000000000002000000100000000000000000000000000000006B
:20C2C00001000000000000000000000002000000110000000000000000000000000000004A
:20C2E000010000000000000000000000030000000000000000000000010000000100000038
:20C30000010000000000000000000000030000000200000000000000010000000100000015
:20C320000100000000000000000000000300000003000000000000000000000000000000F6
:20C340000100000000000000000000000300000004000000000000000300000001000000D1
:20C360000100000000000000000000000300000005000000000000000100000001000000B2
:20C38000010000000000000000000000030000000700000000000000010000000100000090
:20C3A00001000000000000000000000003000000090000000000000001000000010000006E
:20C3C000010000000000000000000000030000000A0000000000000005000000000000004A
:20C3E000010000000000000000000000030000000B00000000000000050000000100000028
:20C40000010000000000000000000000030000000C0000000000000001000000000000000B
:20C42000010000000000000000000000030000000D000000000000000500000001000000E5
:20C44000010000000000000000000000030000000E000000000000000200000001000000C7
:20C46000010000000000000000000000030000000F000000000000000100000001000000A7
:20C48000010000000000000001000000030000001000000000000000010000000100000085
:20C4A000010000000000000001000000030000001100000000000000010000000000000065
:20C4C000010000000000000000000000040000000300000000000000010000000100000052
:20C4E00001000000000000000100000004000000070000000000000002000000010000002C
:20C5000001000000000000000000000004000000080000000000000001000000010000000C
:20C520000100000000000000000000000400000009000000000000000100000000000000EC
:20C54000010000000000000000000000040000000C000000000000000100000001000000C8
:20C56000010000000000000001000000040000000D000000000000000600000001000000A1
:20C58000010000000000000000000000040000000E00000000000000010000000100000086
:20C5A000010000000000000000000000040000000F00000000000000010000000000000066
:20C5C000010000000000000000000000040000001000000000000000010000000100000044
:20C5E0000100000000000000000000003F00170000C6FF1F30C6FF1F40C6FF1F0CBEFF1FE0
:20C600000200030004000500080009000C000D000E00110026002700440045004900610043
:20C620006600680080008100820086008B0000000000000000000000010000000000000097
:20C640000000000000000000000001000100000000000000000001000600000000000000D1
:20C66000010101000700000000000000000001000A00000001000000000001000B00000098
:20C6800001000000000001000F000000000000000000010010000000010000000101010074
:20C6A000200001000100000001010100210000000000000000000100220000000100000010
:20C6C0000101010023000000010000000000010024000000010000000101010025000100E4
:20C6E0000100000001010100280000000100000000000100290000000100000000000100E1
:20C700002A00000001000000010101002B00000000000000000001002C0000000000000093
:20C72000000001002D00000000000000000001002E00000001000000000001002F0000006B
:20C74000000000000000010030000000010000000000010031000000000000000101010072
:20C760004000000000000000000001004100000000000000000001004200000000000000F4
:20C780000000010043000100010000000101010046000000000000000000010047000000C2
:20C7A00001000000000001004800000001000000010101004A0001000100000001010100DC
:20C7C0004B00010001000000010101004C00010001000000010101004D000000010000006A
:20C7E000000001004E00000000000000000001004F00000000000000000001005000000049
:20C80000000000000000010051000000000000000000010060000000010000000101010061
:20C820006200000001000000010101006300000000000000000001006400000001000000C9
:20C8400000000100650000000100000001010100670000000100000001010100690000009A
:20C8600001000000010101006A00000000000000000001006B0000000100000000000100DC
:20C880006C00000000000000010101006D00000001000000000001006E000000010000004B
:20C8A000000001006F0001000100000001010100700001000100000001010100710000001D
:20C8C000000000000101010083000100010000000101010087000000010000000000010044
:20C8E0008800000001000000010101008900000000000000010101008C0001000100000092
:20C90000010101008D00000001000000000001008E00000001000000010101008F00000064
:20C9200000000000010101009000000001000000010101003F00000044C9FF1F40CAFF1FCE
:20C94000ECC5FF1F0100000001000000010000000100000001000000010000000100000001
:20C960000100000001000000010000000100000001000000010000000100000001000000AF
:20C9800001000000010000000100000001000000010000000100000001000000010000008F
:20C9A00001000000010000000100000001000000010000000100000001000000010000006F
:20C9C00001000000010000000100000001000000010000000100000001000000010000004F
:20C9E00001000000010000000100000001000000010000000100000001000000010000002F
:20CA000001000000010000000100000001000000010000000100000001000000010000000E
:20CA20000100000001000000010000000100000001000000010000000100000001000000EE
:20CA40000100000003000000006889090000000001000000030000000001000000000000D3
:20CA6000010000000000000000000000010000000000000001000000030000005000000060
:20CA8000010000000000000000688909000100000000000000000000010000000000000099
:20CAA000000000000000000000000000000000000000000000000000000000000000000076
:20CAC000000000000000000000000000010000000100000000000000000000000000000054
:20CAE000000000000000000000000000000000000000000000000000000000000080012B8A
:20CB0000000000000001000002000000000000009544FF1F00000000010100000200000017
:20CB2000000000009544FF1F010000000201000002000000000000009544FF1F02000000FF
:20CB40000301000002000000000000009544FF1F03000000000000000000000000000000D5
:20CB6000000000006CCBFF1F74CBFF1F0000000080CBFF1F0000000098CBFF1F54CBFF1FDC
:20CB80000000000000000001000000000000000000E20400000000000000000000000001AD
:20CBA000000000000000000000E2040000000000502D00200040024000500240008003401B
:20CBC000009003400040044000500440006005400070054000400240005002400080034039
:20CBE0000090034000400440005004400060054000700540000000000000000002000004EA
:20CC00000000000204000000040002000006000000020000060000000200000604000002EC
:20CC20000004060004000000000000000000000000000000000000000000000000000000E6
:20CC40000001000000040000000000000000000000000000000000000000000000000000CF
:20CC60000000000000000000000000000000000000000000000000000001000000000000B3
:20CC800088CDFF1F0100000090CDFF1F1400000030CEFF1F010000004033002006000000DB
:20CCA0007033002006000000A03300200600000000000000D033002002000000000000008D
:20CCC00000000000010000000000000060ACFF1F0000000001000000D433002002000000FF
:20CCE0000000000000000000010000000000000068ACFF1F0000000002000000D8330020D4
:20CD0000020000000000000000000000010000000000000070ACFF1F0000000003000000D3
:20CD2000DC330020020000000000000000000000010000000000000078ACFF1F000000007F
:20CD400004000000E0330020010000000000000000000000010000000000000080ACFF1F50
:20CD60000000000005000000E4330020020000000000000000000000010000000000000074
:20CD800084ACFF1F000000000B0000001B00000003000000140100000200000014110000E0
:20CDA000040000001403000003000000140300000400000014050000030000001405000005
:20CDC0000400000014040000030000001404000004000000140700000300000014070000DF
:20CDE0000600000014800000040000001401000005000000148000000300000014020000CE
:20CE000004000000140200000100000014100000020000001410000005000000140600008E
:20CE200001000000141100000600000014060000130000000000000000F00F4040F00F40DB
:20CE400080F00F40C0F00F4000F10F400000000004000000010000000500000002000000C8
:20CE6000060000000500000001000000060000000700000007000000000000000900000089
:20CE8000080000000A000000020000000B000000090000000C0000000A0000000D00000047
:20CEA0000B0000000F0000000C000000550000000E000000FF0000000300000000000000E7
:20CEC00000000000010000000100000002000000020000000400000004000000050000003F
:20CEE0000500000006000000060000000700000007000000080000000800000009000000FA
:20CF0000090000000A0000000A0000000B0000000B0000000C0000000C0000000D000000B9
:20CF20000D0000000E0000000E0000000F0000000F0000001000000010000000000000008A
:20CF40000000000001000000010000000200000002000000040000000400000005000000BE
:20CF6000050000000600000006000000070000000700000008000000080000000900000079
:20CF8000090000000A0000000A0000000B0000000B0000000C0000000C0000000D00000039
:20CFA0000D0000000E0000000E0000000F0000000F00000010000000100000000050064074
:20CFC00004500640085006400C5006401050064014500640185006401C5006402050064011
:20CFE00024500640285006402C5006403050064034500640385006403C50064040500640F1
:20D0000044500640485006404C5006405050064054500640585006405C50064060500640D0
:20D0200064500640685006406C5006407050064074500640785006407C50064080500640B0
:20D0400084500640885006408C5006409050064094500640985006409C500640A050064090
:20D06000A4500640A8500640AC500640B0500640B4500640B8500640BC500640C050064070
:20D08000C4500640C8500640CC500640D05006400050064004500640085006400C500640A0
:20D0A0001050064014500640185006401C5006402050064024500640285006402C500640D0
:20D0C0003050064034500640385006403C5006404050064044500640485006404C500640B0
:20D0E0005050064054500640585006405C5006406050064064500640685006406C50064090
:20D100007050064074500640785006407C5006408050064084500640885006408C5006406F
:20D120009050064094500640985006409C500640A0500640A4500640A8500640AC5006404F
:20D14000B0500640B4500640B8500640BC500640C0500640C4500640C8500640CC5006402F
:20D16000D050064000000000E0D3FF1F0100000001000000E4D3FF1F05000000020000009A
:20D18000F8D3FF1F060000000300000010D4FF1F060000000400000010D4FF1F0600000089
:20D1A0000500000010D4FF1F060000000600000010D4FF1F060000000700000028D4FF1F33
:20D1C000060000000800000028D4FF1F060000000900000040D4FF1F060000000A000000D6
:20D1E00040D4FF1F060000000B00000058D4FF1F040000000C00000058D4FF1F0400000044
:20D200000D00000058D4FF1F040000000E00000058D4FF1F040000000F00000058D4FF1FFE
:20D22000040000001000000058D4FF1F040000001100000058D4FF1F04000000120000001B
:20D2400058D4FF1F040000001300000068D4FF1F060000001400000068D4FF1F0600000099
:20D260001500000068D4FF1F060000001600000068D4FF1F060000001700000068D4FF1F52
:20D28000060000001800000068D4FF1F060000001900000080D4FF1F060000001A00000065
:20D2A00080D4FF1F060000001B00000080D4FF1F060000001C00000080D4FF1F06000000CF
:20D2C0001D00000098D4FF1F060000001E00000098D4FF1F060000001F000000B0D4FF1F32
:20D2E0000600000020000000B0D4FF1F06000000210000000000000000000000220000001D
:20D30000C8D4FF1F0500000023000000C8D4FF1F0500000024000000DCD4FF1F0100000079
:20D3200025000000E0D4FF1F0100000026000000E4D4FF1F0100000027000000E8D4FF1FF7
:20D340000100000028000000ECD4FF1F050000002900000000000000000000002A0000006E
:20D3600000D5FF1F010000002B00000004D5FF1F010000002C00000008D5FF1F050000006A
:20D380002D00000008D5FF1F050000002E00000008D5FF1F050000002F00000008D5FF1F08
:20D3A000050000003000000008D5FF1F05000000310000001CD5FF1F0100000032000000C5
:20D3C00020D5FF1F010000003300000024D5FF1F010000003400000028D5FF1F010000009E
:20D3E000000000000000000001000000020000000300000004000000000000000100000022
:20D400000200000003000000040000000500000000000000010000000200000003000000F8
:20D420000400000005000000000000000100000002000000030000000400000005000000D4
:20D440000000000001000000020000000300000004000000050000000000000003000000BA
:20D46000040000000500000000000000010000000200000003000000040000000500000094
:20D4800000000000010000000200000003000000040000000500000000000000010000007C
:20D4A000020000000300000004000000050000000000000001000000020000000300000058
:20D4C000040000000500000000000000010000000200000003000000040000000700000032
:20D4E000070000000700000007000000000000000300000004000000050000000600000005
:20D500000800000008000000000000000100000002000000030000000400000008000000E9
:20D520000800000008000000080000002000000004000000400000008000000000F00F40B0
:20D5400040F00F4080F00F40C0F00F4000F10F400090044000A0044000B00440000005405D
:20D56000001005400090044000A0044000B00440000005400010054000000100000000010E
:20D580000000000200000004000000080000001000000020000004400000044004000000C1
:20D5A00074030020DCD5FF1FDCD5FF1F74030020DCD5FF1FC0D7FF1F58050020C0D7FF1FE9
:20D5C000C1D7FF1F000000200010FE1F7413FE1F01000000600500209C350020000000002D
:20D5E000CC030020000000000100000000000000000000000000000000000000000000003B
:20D600000000000000000000000000000000000000000000000000000006002040000000A4
:20D6200000000000000000000000000000000000000000000B0000001B00000000000000C4
:20D640000000000000000000000101000000000000000000000000000000000000000000C8
:20D660007B1AFE1F0100000034123412B7E9744B45FAA620D31C30E96386E9CD5FB993DED7
:20D68000CA45C9D60894F77DB9EEA9D078457694809DF70524D730E2C00F046E605323BDEB
:20D6A0005003BF2CA9BBB45CC5115A1DCE257D42034F7E1C7A3E1A68E89A00108D1828AC88
:20D6C00026BD71AE4AC9B9230B9BC1016746A9015E70F1D9BD7F564B976164FFC1D96E932F
:20D6E000AB4066D5CBF402F5FC531151A9805C0716ABCB9825FE02F3897E57917A64CC2C10
:20D700007A71E88333590AA95923CF4A6BE4241AF78CA9045D65B67487194249E36903DDDF
:20D72000A4C975FEA73C07C191675445FE5FCF4572F8BD4795BA81A754505529922F818291
:20D74000719B431CEB2716CA87E2BA83A01E85EF75E463882D0B5376B6B3D66819E26C2B16
:20D76000674F0A9DDEFE934243CE87AD0001000131DDD9EC24201A6A825D840218609AAB97
:20D7800065B04EFA44A04A9912F4BAE8E691BB9CAA00020000010000000000000000000042
:20D7A000000000000000000000000000000000000000000000000000000000000000010068
:01D7C0000167
:00000001FF
