:020000041FFEDD
:20100000000002200114FE1F2922FF1FD17CFE1F2B22FF1F2D22FF1F2F22FF1F0000000062
:201020000000000000000000000000003922FF1F3122FF1F000000003322FF1F3522FF1FDE
:201040003722FF1F3722FF1F3722FF1F3722FF1F3722FF1F3722FF1F3722FF1F3722FF1FD8
:201060003722FF1F3722FF1F3722FF1F3722FF1F3722FF1F3722FF1F3722FF1F3722FF1FB8
:201080003722FF1F3722FF1F3722FF1F3722FF1F3722FF1F3722FF1F3722FF1F3722FF1F98
:2010A0003722FF1F3722FF1F3722FF1F3722FF1F3722FF1F3722FF1F3722FF1F3722FF1F78
:2010C0003722FF1F3722FF1F3722FF1F3722FF1F3722FF1F3722FF1F3722FF1F3722FF1F58
:2010E0003722FF1F3722FF1F3722FF1F3722FF1F3722FF1F3722FF1F3722FF1F3722FF1F38
:201100003722FF1F3722FF1F3722FF1F3722FF1F3722FF1F3722FF1F3722FF1F3722FF1F17
:201120003722FF1F3722FF1F3722FF1F3722FF1F3722FF1F3722FF1F3722FF1F3722FF1FF7
:201140003722FF1F3722FF1F3722FF1F3722FF1F3722FF1F3722FF1F3722FF1F3722FF1FD7
:201160003722FF1F3722FF1F3722FF1F3722FF1F3722FF1F3722FF1F3722FF1F3722FF1FB7
:201180003722FF1F3722FF1F3722FF1F3722FF1F3722FF1F3722FF1F3722FF1F3722FF1F97
:2011A0003722FF1F3722FF1F3722FF1F3722FF1F3722FF1F3722FF1F3722FF1F3722FF1F77
:2011C0003722FF1F3722FF1F3722FF1F3722FF1F3722FF1F3722FF1F3722FF1F3722FF1F57
:2011E0003722FF1F3722FF1F3722FF1F3722FF1F3722FF1F3722FF1F3722FF1F3722FF1F37
:201200003722FF1F3722FF1F3722FF1F3722FF1F3722FF1F3722FF1F3722FF1F3722FF1F16
:201220003722FF1F3722FF1F3722FF1F3722FF1F3722FF1F3722FF1F3722FF1F3722FF1FF6
:201240003722FF1F3722FF1F3722FF1F3722FF1F3722FF1F3722FF1F3722FF1F3722FF1FD6
:201260003722FF1F3722FF1F3722FF1F3722FF1F3722FF1F3722FF1F3722FF1F3722FF1FB6
:201280003722FF1F3722FF1F3722FF1F3722FF1F3722FF1F3722FF1F3722FF1F3722FF1F96
:2012A0003722FF1F3722FF1F3722FF1F3722FF1F3722FF1F3722FF1F3722FF1F3722FF1F76
:2012C0003722FF1F3722FF1F3722FF1F3722FF1F3722FF1F3722FF1F3722FF1F3722FF1F56
:2012E0003722FF1F3722FF1F3722FF1F3722FF1F3722FF1F3722FF1F3722FF1F3722FF1F36
:201300003722FF1F3722FF1F3722FF1F3722FF1F3722FF1F3722FF1F3722FF1F3722FF1F15
:201320003722FF1F3722FF1F3722FF1F3722FF1F3722FF1F3722FF1F3722FF1F3722FF1FF5
:201340003722FF1F3722FF1F3722FF1F3722FF1F3722FF1F3722FF1F3722FF1F3722FF1FD5
:201360003722FF1F3722FF1F3722FF1F3722FF1F3722FF1FFFFFFFFFFFFFFFFFFFFFFFFF26
:20138000FFFFFFFFFFFFFFFFFFFFFFFFFFFFFFFFFFFFFFFFFFFFFFFFFFFFFFFFFFFFFFFF6D
:2013A000FFFFFFFFFFFFFFFFFFFFFFFFFFFFFFFFFFFFFFFFFFFFFFFFFFFFFFFFFFFFFFFF4D
:2013C000FFFFFFFFFFFFFFFFFFFFFFFFFFFFFFFFFFFFFFFFFFFFFFFFFFFFFFFFFFFFFFFF2D
:2013E000FFFFFFFFFFFFFFFFFFFFFFFFFFFFFFFFFFFFFFFFFFFFFFFFFFFFFFFFFFFFFFFF0D
:2014000072B6002000210022002300240025002600271F481F4901601F4880F30888FFE708
:201420001E4801680F22120511430160BFF34F8FBFF36F8FFFE71A48002809D019491A4A91
:20144000521A013A04DD0020002309C1083AFCDAFFE7134800280BD0144802C8013907DB59
:2014600038C82A1BFAD040CC40C3043AFBDCF5E7FFE70F4802C8013907DB18C8E21AFAD094
:20148000002520C3043AFCDCF5E762B609F0A2F908ED00E0000000200000022088ED00E03A
:2014A0000100000000000020000002206CD6FF1FA0D6FF1F4FF0780070472DE9004100F040
:2014C0007AFA00F0D1FA02F048FA04F050F941F6D868C2F2000898F80000012801D104F0BA
:2014E00089FD07F0F1FA00F0C4F8BDE800812DE910414FF0000404F027FD014641F6A018BA
:20150000C2F20008D8F8000042F23412C7F6430290427ED14FF0000072E002464FEA82030B
:20152000A3EB02024FEAC20241F6AC13C2F200031A441278032A09D102464FEAC2020A44ED
:201540001278002A59D14FF0030464E002464FEA8203A3EB02024FEAC20241F6AC13C2F2E4
:2015600000031A441278062A09D102464FEAC2020A441278002A40D14FF006044BE0024662
:201580004FEA8203A3EB02024FEAC20241F6AC13C2F200031A441278042A08D102464FEAE1
:2015A000C2020A44127842BB4FF0040433E002464FEA8203A3EB02024FEAC20241F6AC13AD
:2015C000C2F200031A441278052A08D102464FEAC2020A44127882B94FF005041BE0024681
:2015E0004FEA8203A3EB02024FEAC20241F6AC13C2F200031A441278082A00F10100C0B273
:2016000041F6A018C2F2000898F80620904284D301E04FF001042046BDE8108100B513F0C7
:20162000C6F900BD00B504F0B6FC012805D102F0EAFB02F0FCF906F098FD00F01EFA06F08D
:2016400064FD01280BD140F23451C2F20001086800F10100086006F08EFD02F0E8F906F0A4
:2016600080FD00BD00B5FFF7DDFF00BD01460846704700B500F005F84FF0020002F095F93D
:2016800000BD2DE9704184B004F05EFC044604F060FC064604F062FC05464EF20011C0F2BE
:2016A000010141F6A010C2F200004FF4807202F0EAF805F0A9F9B0B348F21061C1F6FF71B8
:2016C00041F6A010C2F200004FF4807202F0DBF84FF000001FE001464FEA8102A2EB0101A5
:2016E0004FEAC10141F6AC12C2F200021144097807290DD101464FEAC10121444FF0010277
:201700000A704FEAC00020444FF00701C1700AE000F10100C0B241F6A018C2F2000898F8F1
:2017200006108842D7D34AF20001C0F2011120464FF0640202F0A7F802944FF060000390BA
:201740004FF000008DF80400684608F048F84FF001008DF80400684608F041F84FF00200F2
:201760008DF80400684608F03AF80098216E884203D1206EB0F1FF3F74D1206EB0F1FF3F24
:201780003AD100F07EF9012836D120464FF064024FF0000102F08AF84FF000001FE0014663
:2017A0004FEAC10121444FF001020A7001464FEAC10141F60002C2F200020A4401464FEA0E
:2017C0008103A3EB01014FEAC10141F6AC13C2F2000319440978D17000F10100C0B241F693
:2017E000A018C2F2000898F806108842D7D34FF0010084F8500035E020464FF064024FF0F0
:20180000000102F053F84FF000001FE001464FEAC10121444FF000020A7001464FEAC101A8
:2018200041F60002C2F200020A4401464FEA8103A3EB01014FEAC10141F6AC13C2F200032F
:2018400019440978D17000F10100C0B241F6A018C2F2000898F806108842D7D34FF0000001
:2018600084F850004CF20001C0F2011130464FF00C0202F008F802964FF0080003904FF033
:2018800000008DF80400684607F0A9FF4FF001008DF80400684607F0A2FF4FF002008DF89D
:2018A0000400684607F09BFF0098B168884203D1B068B0F1FF3F16D130464FF00C024FF0B6
:2018C000000101F0F3FF0098B0604FF0000407E020464FF0000102F009FA04F10100C4B24B
:2018E000002CF5D019E04FF0000414E020464FEA800030440068022805D342F210712046AF
:2019000002F0F4F904E020464FF0000102F0EEF904F10100C4B2002CE8D04EF20001C0F242
:20192000011128464FF49E7201F0ADFF02954FF49C7003904FF000008DF80400684607F051
:201940004EFF4FF001008DF80400684607F047FF4FF002008DF80400684607F040FF009840
:20196000D5F83811884204D1D5F83801B0F1FF3F19D128464FF49E724FF0000101F096FF5C
:2019800048F27E71C1F6FF7105F594704FF0050201F079FF40F20441C2F2000128464FF46D
:2019A000927201F070FF28464FF4807107F0F8FA04B0BDE870812DE9004112F0F9FE4BF65D
:2019C0000450C1F6FF7012F0B2FF4FF0000012F0C5FF4FF0000013F0C4F94CF60420C1F6B9
:2019E000FF7013F0AFFB4FF001014FF0900010F0F1FB4FF001014FF0600010F0EBFB4FF0CA
:201A000001014FF0650010F0E5FB4FF001014FF0660010F0DFFB07F0A5FD40F22858C2F281
:201A2000000898F80000552806D14AF63C30C1F6FF700BF018FA05E04AF65C30C1F6FF7004
:201A40000BF011FA4FF000000BF029FA4FF001014FF000000BF01BFA06F045FB08F06EFBFC
:201A600001F0C5FEBDE8008100B500F0C1F900F0ABFC00BD4FF00000704700B508F084FBB7
:201A800000BD4DF8048D4FF0000041F6A018C2F20008D8F8080000F1040001684FF0000054
:201AA00011E002464FEA8203A3EB02024FEAC20241F6AC13C2F200031A441278032A0AD004
:201AC00000F10100C0B241F6A018C2F2000898F806209042E5D341F6A018C2F2000898F87C
:201AE0000620904202D34FF000002FE002464FEA8203A3EB02024FEAC20241F6AC13C2F28C
:201B000000031A44926891421BD302464FEA8203A3EB02024FEAC20241F6AC13C2F2000367
:201B20001A444FEA8003A3EB00004FEAC00041F6AC13C2F200031844C068926810448142C2
:201B400002D34FF0000001E04FF001005DF8048B704700B5826802F10402104603F068FE6E
:201B6000024632B903F0CEFB4FF4FA6002F051F90AE0022A04D14FF0310002F0DDF803E098
:201B80004FF0220002F0D8F800BD2DE9F04106464FF0060504F0D8F9B06800F1040001F0C5
:201BA000B2FE04462046FFF761FD0446B06800F1080001F0A8FE07464FF0000650E0304647
:201BC0004FEA8002A2EB00004FEAC00041F6AC12C2F2000210448068FFF748FD0246944284
:201BE0003BD3C4F1FF30B84237D330464FEA8003A3EB00004FEAC00041F6AC13C2F2000389
:201C00001844C0681044844227D207EB040330464FEA800CACEB00004FEAC00041F6AC1C6A
:201C2000C2F2000C6044C0681044834215D830464FEA8002A2EB00004FEAC00041F6AC1266
:201C4000C2F200021044C068874206D8002F04D9304603F033FE05460AE006F10100C6B260
:201C600041F6A018C2F2000898F806008642A6D32846003805D0023802385BD902385ED057
:201C800062E030464FEAC00041F60002C2F200021044C078072831D14FF000060DE030463F
:201CA0004FEAC00041F60002C2F2000210444FF00002027006F10100C6B241F6A018C2F222
:201CC000000898F806008642E9D348F20868C1F6FF78D8F80000FFF7C9FC044648F208688B
:201CE000C1F6FF78D8F8040048F20868C1F6FF78D8F80020A0EB020000F1010739462046AF
:201D000004F01BF803F0FEFA4EF6602002F081F841F26808C2F20008C8F8147041F268085C
:201D2000C2F20008C8F8104004F018F880B14FF002050DE04FF0220001F0FEFF08E04FF0F9
:201D4000310001F0F9FF03E04FF0720001F0F4FFBDE8F08100B501F06AFD4FF0000000BDD2
:201D6000F0B581B0054616461F464FF000040DF1010244F2A911C0F2C501304607F069FA05
:201D800004463A4629460DF1010001F09DFD012801D04FF00104204601B0F0BD4FF0FF310F
:201DA0000160704730B44FF0000317E003EB01042478056884EA050404F0FF044FEA8404C3
:201DC00047F66C15C1F6FF752C4405684FEA1525246885EA0404046003F101039342E5D3DE
:201DE00030BC7047016881F0FF310160704700004DF8048D40F22858C2F2000898F800004A
:201E0000552814D148F27410C1F6FF7040F23C58C2F20008C8F8000048F29C10C1F6FF702E
:201E200040F23858C2F20008C8F8000013E048F28810C1F6FF7040F23C58C2F20008C8F837
:201E4000000048F2CC10C1F6FF7040F23858C2F20008C8F800005DF8048B70472DE9F04126
:201E600083B007460E464FF0000540F23C58C2F20008D8F80040FFF71DFB3C284DD9B42844
:201E80004BD24FF0000246E010464FEA800108444FEA800020444088B84239D110464FEAEA
:201EA000800108444FEA8000204440680190E068013803D307D002380AD00DE0019840F007
:201EC0000040019008E0019840F04040019003E0019840F08040019030798DF802003068AA
:201EE000029010464FEA800108444FEA800020440088ADF80000694610464FEA8002104496
:201F00004FEA80002044007A0BF007F8054604E002F10100C2B2002AB6D0284603B0BDE823
:201F2000F0812DE9104140F23C58C2F20008D8F800204FF000012DE00B464FEA8304234492
:201F40004FEA830313441B88834220D1084603464FEA830003444FEA83031846104400699E
:201F6000D0B1084603464FEA830003444FEA8303184610440369084601464FEA81000144D5
:201F80004FEA8101084610444088984704E001F10101C9B20029CFD0BDE810812DE91001C5
:201FA0004FF001020369446803EA0403046904EA0104A34232D1C06805282FD80FF2040822
:201FC000D8E800F003090F181E27B1F1004F25D34FF0000222E0B1F1404F1FD34FF0000249
:201FE0001CE0B1F1004F19D3B1F1404F16D24FF0000213E0B1F1004F10D24FF000020DE0BA
:20200000B1F1004F0AD2B1F5806F07D34FF0000204E0B1F1804F01D24FF000021046BDE8DF
:20202000100170472DE9F04106460F4640F23858C2F20008D8F800404FF00102FFF73AFAF6
:202040003C2841D9B4283FD24FF000053AE0316828464FEA8002A2EB00004FEAC00020440B
:20206000FFF79CFF024628464FEA8001A1EB00004FEAC0002044007A317988421FD1F2B9ED
:2020800028464FEA8001A1EB00004FEAC00020444069C8B128464FEA8001A1EB00004FEA20
:2020A000C00020444269394628464FEA8003A3EB00004FEAC00020444088904704E005F144
:2020C0000100C5B2022DC2D3BDE8F081704770477047000010B44FF0000213E011464FEA01
:2020E0008103A3EB01014FEA810100F108030B4411464FEAC10100F120042144596002F14E
:202100000101CAB2022AE9D34FF0000101704FF0000141704FF0000181704FF00001C17015
:202120004FF00001416010BC7047F0B51C6805464FEA8506A6EB05054FEA850501F10806A5
:2021400035446D685E6807464FEA870CACEB07074FEA870701F1080C67443A804FEA8002C0
:20216000A2EB00004FEA800001F1080108445968816032462146284601F085FBF0BD30B5E0
:2021800081B04FF00004C1784FEA8102A2EB01014FEA810100F1080211440D88C1784FEA35
:2021A0008102A2EB01014FEA810100F10802114401F10401407801281ED14FF000008DF877
:2021C00002004FF000008DF803000DF103030DF10202284600F000FCFF280DD09DF802003B
:2021E00000F0F000003802D0103803D004E04FF0000401E04FF00104204601B030BD10B5C5
:202200000446E0784FEA8001A1EB00004FEA800004F1080108440288E0784FEA8001A1EBAB
:2022200000004FEA800004F10801084400F104006178012917D10146104600F0E9F82078B5
:20224000012802D14FF000002070E07800F1010000F00100C0B2E070E078A178884202D1A8
:202260004FF00000607010BD10B504462078C0B913460A462146A078FFF757FF607810B94D
:202280004FF001006070A07800F1010000F00100C0B2A070A078E178884202D14FF0010063
:2022A000207010BDF0B581B005460C464FF000008DF802004FF000008DF8030020680078C1
:2022C00002280ED1206800F1010000783E2808D1206800F102000078802802D101F07EFDEA
:2022E0003EE00DF103030DF102022146284600F073FB064640F27057C2F20007FF2E2FD05B
:202300009DF8020000F0F000003806D0103804D0103821D010381FD022E02246294640F2A1
:202320004050C2F20000FFF79FFF786A052817D130464FEA800108444FEA800048F2FC1152
:20234000C1F6FF71084400884FF00B0101F0ABFB384600F0FFFA03E02146284600F058F841
:2023600001B0F0BD30B540F27054C2F20004E56A6868002803D96868A0F10100686001F02E
:202380005EFD90F82500012808D1606DD8B94FF000006860E06AFFF732FF14E0606D90B953
:2023A000606A80B9E06AFFF7EAFE60B1686850B901F04AFD38B94FF0000001F014FAA08081
:2023C0004FF01000606230BD2DE9004140F24050C2F2000040F27058C2F20008C8F82C0090
:2023E00040F27058C2F20008D8F82C00FFF772FE40F27050C2F2000000F1300000F0C9FA4B
:2024000040F27050C2F2000000F0A4FABDE800812DE9704182B006460C464FF000008DF807
:2024200006004FF000008DF807000DF107030DF106022146304600F0CFFA05469DF8071030
:20244000FF2D00F059819DF8060000F0F000003808D010383AD0103800F0B480103800F005
:20246000D28049E19DF8062001F101006368A3EB00009042C0F04081002A00F03D81284650
:202480004FEA800318444FEA800048F2FC13C1F6FF73184463680069834200F22D81009173
:2024A000D0B20346224628464FEA800108444FEA800048F2FC11C1F6FF710844014640F289
:2024C0007050C2F2000000F054FB15E160680828C0F01281002E40F00F8128464FEA800201
:2024E00010444FEA800048F2FC12C1F6FF72104462680069824200F2FF809DF8060000F018
:202500000F004FEA002001F1010223681A441278024401F10200C1B22ABB2068084400780D
:202520004FEA006001F1010223681A4412784FEA024242EA000001F1020223681A44127888
:202540004FEA022242EA000001F1030223681A44127842EA000201F10400C1B2B2F5805F6B
:2025600001D24FF000026068082807D19DF80700C0F1080080B28242C0F0BE806068082846
:202580000AD960689DF80730A0EB0300A0F1010080B28242C0F0B08000911346224628460E
:2025A0004FEA800108444FEA800048F2FC11C1F6FF710844014640F27050C2F2000000F0C5
:2025C0003FFB99E040F27058C2F20008D8F82400052840F09180002E40F08E800B4622460B
:2025E00028464FEA800108444FEA800048F2FC11C1F6FF710844014640F27050C2F2000007
:2026000000F073FB78E040F27058C2F20008D8F85400062870D1606803286DD3002E6BD11E
:202620009DF8060000F00F00C0B2A8B90B46224628464FEA8001A1EB00004FEAC00048F28D
:202640002421C1F6FF710844014640F27050C2F2000000F0FFFB4FE09DF8060000F00F0022
:20266000C0B2012828D14FF0060040F27058C2F20008C8F8540040F27058C2F20008D8F831
:202680005C00FF2838D84FF47A7001F0ACF840F27058C2F20008A8F8340040F27058C2F2AD
:2026A0000008D8F85C0000F1010040F27058C2F20008C8F85C001FE09DF8060000F00F0089
:2026C000C0B2022818D128464FEA8001A1EB00004FEAC00048F22421C1F6FF71084400884E
:2026E0004FF0010101F028FA40F27050C2F2000000F1300000F04DF902B0BDE870812DE92B
:2027000030414FF0FF0140F27054C2F200044FF0000222E013464FEA8305A5EB03034FEA2F
:20272000C30348F22425C1F6FF752B445B88834210D1636D082B0BD0636D0C2B08D0636DA0
:202740000E2B05D0636D0D2B02D0636D0F2B01D1114604E002F10102D2B2002ADAD0FF2904
:202760003CD0606D0F2800F287800FF20808D8E800F0C046838383838383838309838383DF
:202780001F09281F08464FEA8001A1EB00004FEAC00048F22421C1F6FF71084400884FF084
:2027A000000101F0C9F904F1300000F0F2F863E04FF0060060654FF47A7001F014F8A086C9
:2027C0005AE094F8310084F858004FF0960001F00AF8A0864FF0090060654DE000F05DFEBB
:2027E0000146FF2948D0606A022808D14FF0050060624FF47A7000F0F6FFA0803CE0606A67
:20280000042816D108464FEA800108444FEA800048F2FC11C1F6FF71084400884FF0010115
:2028200001F041F940F27050C2F2000000F092F822E0606A112809D101F01FFBE06A4FF4D6
:2028400048714160204600F085F815E008464FEA800108444FEA800048F2FC11C1F6FF71DB
:20286000084400884FF0010101F01DF940F27050C2F2000000F06EF8BDE830812DE9304163
:202880004FF0FF044FF0000313E01A464FEA8205A5EB02024FEAC20248F22425C1F6FF7562
:2028A0002A441288904201D11C4604E003F10102D3B2002BE9D0FF2C23D040F27058C2F2FA
:2028C0000008D8F85420E2B940F27052C2F2000202F130044968216120844FF00700606261
:2028E0004FF0000000F07FFFA0804FF0010084F828004FF0000040F27058C2F20008C8F872
:2029000024004FF00000BDE8308110B540F27054C2F20004606D68B9606A0B280AD1608CD9
:202920004FF0000101F0BFF840F27050C2F2000000F010F8204600F06FFE012802D02046ED
:2029400000F001FE012802D0204600F0E9FEFFF709FD10BD4FF0000101704FF00001818095
:202960004FF0000181604FF0000181814FF0000101614FF0000181824FF0000181774FF098
:20298000000101844FF0000141844FF00001416270474FF0000101704FF0000181804FF0E1
:2029A000000181604FF0000181814FF0000101614FF0000181824FF0000181774FF0000196
:2029C00001844FF0000141624FF0000180F828104FF00001C1627047F0B44FF0FF064FF05E
:2029E00001054FF0000454E027464FEA870C67444FEA870748F2FC1CC1F6FF7C67447F8879
:202A0000874243D127464FEA870C67444FEA870748F2FC1CC1F6FF7C67447F68012F0BD10C
:202A20004FF000051D701D780E6835442D78157026464FF0000529E027464FEA870C67447A
:202A40004FEA870748F2FC1CC1F6FF7C67447F68E7B927464FEA870C67444FEA870748F214
:202A6000FC1CC1F6FF7C6744D1F800C03F7A9CF800C067450AD14FF001051D701D780E6867
:202A800035442D78157026464FF0000504F10104E4B2022C01D2012DA6D0FF2E5DD14FF014
:202AA00001054FF0000455E027464FEA870CACEB07074FEAC70748F2242CC1F6FF7C67444C
:202AC000BF88B84243D127464FEA870C67444FEA870748F2FC1CC1F6FF7C67447F68012FB0
:202AE0000BD14FF000051D701D780E6835442D78157026464FF0000529E027464FEA870C89
:202B000067444FEA870748F2FC1CC1F6FF7C67447F68E7B927464FEA870C67444FEA8707E2
:202B200048F2FC1CC1F6FF7C6744D1F800C03F7A9CF800C067450AD14FF001051D701D78E2
:202B40000E6835442D78157026464FF0000504F10104E4B20CB9012DA6D03046F0BC7047DA
:202B60004FF001034068824201D04FF00003184670472DE9F04404460E4617469A469DF8C4
:202B8000185005F10100C0B2054605EB0A00C0B2014638464FF00802FFF7E2FF01284DD181
:202BA000BAF1020F11D13868284400783E280CD105F10100396808440078802805D17088DE
:202BC000012802D101F00AF938E0606A013802D329D0043832D1606A05280AD130884FF014
:202BE0000B0100F060FF40F27050C2F20000FFF7B1FE4FF000000BE004F11601014400EBC9
:202C000005023B681A4412780A7000F10100C0B25045F1D384F81EA0C4F810A02146304668
:202C200000F069F90AE030884FF0010100F03BFF40F27050C2F20000FFF78CFEBDE8F084F6
:202C40002DE9F04405460C4616461F469DF818A0686A013802D33BD0043844D1686A052844
:202C60000AD120884FF00B0100F01DFF40F27050C2F20000FFF76EFE3079A0EB0A00C0B2C2
:202C8000A8774FF000000BE005F11601014400EB0A0233681A4412780A7000F10100C0B241
:202CA000A97F8842F0D32F614FF0010028707068A8624FF0000000F096FDA8802946204656
:202CC00000F040F902462946204600F00DFB0AE020884FF0010100F0E6FE40F27050C2F269
:202CE0000000FFF737FEBDE8F0842DE9F04C06460D4614461F464FF0000B3069B18AA0EB37
:202D0000010021683944097801F00F01C9B20B464FF001014FF00102D4F804C0D6F828A0B5
:202D2000D44509D200F1010C1FFA8CFCD4F804A0E24501D24FF00001012940F0898031784A
:202D40008B420BD028884FF0050100F0ACFE40F27050C2F20000FFF7FDFD79E0317801F1B2
:202D60000101C9B23170317801F00F01C9B23170B16AA1F10101A1EB070189B2884204D84B
:202D8000C0B282464FF0010B06E0B06AA0F10100A0EB0700C0B28246BBF1010F0AD10AF1BE
:202DA00001003844C0B2014620464FF00802FFF7D7FE0246012A4BD14FF0000013E0B16889
:202DC000B2890968114407EB000202F1010223681A4412780A70B18901F1010189B2B18180
:202DE00000F10100C0B25045E9D3B08A504480B2B082308C00F1010080B23084BBF1010F9C
:202E000012D14FF00B00706228887084706DF8B928884FF0000100F046FE40F27050C2F2B7
:202E20000000FFF797FD13E0B06A616888420AD028884FF0010100F036FE40F27050C2F2D3
:202E40000000FFF787FD4FF47A7000F0CCFCB080BDE8F08CF0B5154603F10202D2B21646EA
:202E600003F10102D2B2174600F1300406F10100C0B2014628464FF00802FFF771FE01285F
:202E800038D12868384400786080608810B94FF6FF7060802868304400787F2804D92868F0
:202EA00030440078F12804D3286830440078F92803D94FF07F00607011E0286830440078C2
:202EC0007F2803D94FF00100607008E028683044007800F088FC00F10100C0B2607060787B
:202EE00084F828004FF0960000F07DFCA0804FF009006062F0BD30B505460C4621462846C2
:202F000000F036F890B94FF00B00606228886084606DB0B928884FF0000100F0C4FD40F2A1
:202F20007050C2F20000FFF715FD0AE0608C4FF0010100F0B8FD40F27050C2F20000FFF7BD
:202F400009FD30BD30B50C46214600F011F805461DB94FF00100606208E0012D03D1204674
:202F6000FFF7F8FC02E04FF003006062284630BD10B50C464FF00102A16831B904F10802DB
:202F80002169008800F059FD0246A06810B3A0684068A18988421DD94FF000024FF00001AB
:202FA00015E0A068A3890068184404F116030B441B780370A38A03F1010398B2A082A38904
:202FC00003F1010398B2A08101F10100C1B2A07F8142E6D3104610BD4FF000028368012B12
:202FE00002D14FF0010203E083680BB94FF002024369082B0CD94069A0EB020080B2096949
:20300000814202D34FF002020DE04FF001020AE0C2F1090080B20969814202D34FF0020281
:2030200001E04FF001021046704710B584B04FF00003019302AB00938368012B0AD0836875
:2030400043B9019B009C2344047C1C70019B03F101030193013A0FD303D0023A05D308D0C5
:203060000AE06A4600F00AF806E06A4600F059F802E06A4600F0E6F804B010BDF0B506461B
:203080000F4614464FF0000007F13005B168012902D14FF0000003E0B16809B94FF00100C2
:2030A00029690844072809D8606821680844297C0170606800F10100606012E060682168B2
:2030C00008444FF000010170606800F101006060606821680844297C0170606800F101000C
:2030E0006060287C034622462946304600F091F901280CD121467088FEF7B0FE4FF47A7027
:2031000000F071FBA8804FF00800686208E030884FF00A0100F010FD07F13000FFF739FCE0
:20312000F0BDF0B506460F46144607F130052869B0F5805F1DD2606821680844296901F4ED
:2031400070614FEA1121C9B241F01001C9B20170606800F1010060606068216808442969E1
:2031600001F0FF01C9B20170606800F10100606041E06068216808444FF0100101706068B1
:2031800000F1010060606068216808444FF000010170606800F10100606060682168084418
:2031A0004FF000010170606800F1010060606068216808444FF000010170606800F10100DC
:2031C0006060606821680844296901F470614FEA1121C9B20170606800F1010060606068A1
:2031E00021680844296901F0FF01C9B20170606800F10100606070696168A0EB0100C0B271
:20320000034622462946304600F003F901280FD121467088FEF722FE4FF0010028704FF494
:203220007A7000F0E0FAA8804FF00C00686208E030884FF00A0100F07FFC07F13000FFF72A
:20324000A8FBF0BDF0B5044616464FF0000701F130052869A98AA0EB0100726831680A4455
:20326000297801F12001C9B21170726802F10102726061697268A1EB0201C9B20A4690422C
:2032800003D8C0B202464FF00107134632462946204600F0BEF8012F03D14FF00D006862EC
:2032A00011E06888002804D96888A0F1010080B268806888002803D94FF00E00686202E09F
:2032C0004FF00F006862287800F1010000F00F00C0B228704FF47A7000F085FAA880314600
:2032E0006088FEF7BBFDF0BD70B584B0064614464FF000000D46694602914FF000010391E5
:203300004FF0000315E01A464FEA8201A1EB02024FEAC202114648F22422C1F6FF72114479
:20332000728949888A4201D1184604E003F10101CBB2002BE7D07168012915D0716899B979
:20334000039A02990A444FEA8001A1EB00004FEAC00048F22421C1F6FF710844007C1070BA
:20336000039800F101000390F4B90398029908444FF030010170039800F101000390039862
:20338000029908444FF000010170039800F1010003900398029908444FF0000101700398A7
:2033A00000F10100039016E0022C0AD10398029908444FF031010170039800F10100039005
:2033C00009E00398029908444FF032010170039800F10100039002A800F050F802A97089F9
:2033E000FEF73CFD4FF47A7000F0FDF9A8801CB94FF0020068620AE0032C03D14FF0040054
:20340000686204E0022C02D14FF01100686204B070BDF0B50C4615461F464FF00006A168FD
:2034200021B904F10801008800F059FBA06800B34FF0000119E06A6828680244A068A38918
:203440000068184400781070A28A02F1010290B2A0826A6802F101026A60A28902F1010277
:2034600090B2A08101F10100C1B2B942E3D34FF00106284600F002F83046F0BD09E041687F
:20348000026811444FF000020A70416801F10101416041680829F2D3704770B44FF0FF03B9
:2034A0004FF0FF024FF0000113E00C464FEA8405A5EB04044FEAC40448F22425C1F6FF753E
:2034C0002C446488A04201D10A4604E001F10101C9B20029E9D0FF2A32D04FF000012DE0DF
:2034E0000C464FEA84052C444FEA840448F2FC15C1F6FF752C446489A0421CD10C464FEA5A
:2035000084052C444FEA840448F2FC15C1F6FF75254414464FEA8406A6EB04044FEAC4045B
:2035200048F22426C1F6FF7634446D88A488A54201D10B4604E001F10101C9B20229CFD318
:20354000184670BC704770B504464FF0000694F85800002825D994F85800A0F10100C0B284
:2035600084F8580094F85800D8B94FF0000516E028464FEA8001A1EB00004FEAC00048F2E1
:203580002421C1F6FF710844B4F850100088814202D14FF0010604E005F10100C5B2002D84
:2035A000E6D0012E36D1606D073813D0023831D1214628464FEA8002A2EB00004FEAC000DE
:2035C00048F22422C1F6FF7210444FF00302FFF72CFD1FE004F1300128464FEA8002A2EBB1
:2035E00000004FEAC00048F22422C1F6FF721044FFF7F2FC0246214628464FEA8003A3EB8B
:2036000000004FEAC00048F22423C1F6FF731844FFF70BFD304670BD10B54FF000048188F9
:2036200000291ED98188A1F1010189B281808188B9B94FF0000212E011464FEA8103194472
:203640004FEA810148F2FC13C1F6FF731944498811B94FF0010404E002F10101CAB2022A80
:20366000EAD3012C5AD1416A043905D202312CD83CD0013107D051E0013937D90B3913D088
:20368000013933D04AE0014610464FEA800210444FEA800048F2FC12C1F6FF7210444FF05B
:2036A0000002FFF721FE39E0014610464FEA800210444FEA800048F2FC12C1F6FF721044B1
:2036C0004FF00202FFF710FE28E0014610464FEA800210444FEA800048F2FC12C1F6FF72C6
:2036E00010444FF00302FFF7FFFD17E010464FEA800108444FEA800048F2FC11C1F6FF71C6
:20370000084400884FF0010100F0CDF940F27050C2F20000FFF71EF900F0AFFB204610BD5E
:2037200030B504464FF00005A08E002822D9A08EA0F1010080B2A086A08ED8B94FF00001AE
:2037400016E008464FEA8002A2EB00004FEAC00048F22422C1F6FF721044B4F85020008844
:20376000824202D14FF0010504E001F10100C1B20029E6D0012D34D1606D063804D00238F8
:2037800018D0043803382CD808464FEA8001A1EB00004FEAC00048F22421C1F6FF71084447
:2037A00000884FF0010100F0C7F904F13000FFF7F0F816E008464FEA8001A1EB00004FEACA
:2037C000C00048F22421C1F6FF71084400884FF0010100F0B1F904F13000FFF7DAF800F0F7
:2037E000FFF9284630BD00F1010080B2704700B54FF000000EF03CFC00BD01644A6A8260B9
:203800008A6AC260CA6A02610A6B42614A6B82618A6BC261CA6B026201F1400242624A6C0C
:20382000826201F14802C262C96C016370472DE9704105460E4640F27431C2F2000140F2D0
:203840001060C2F20000FFF7D8FF4FF0070040F21068C2F20008C8F8340040F21061C2F280
:2038600000014FF000000EF03AFC0446324640F21068C2F20008D8F82010284600F003F853
:203880002046BDE8708130B403460C46154609E053B14CB12078187003F1010304F1010456
:2038A000A5F10105002DF3D830BC704710B40346144605E033B1197003F10103A4F1010486
:2038C000002CF7D810BC704770B44FF0010503460C46164692B94FF0000511E04BB144B199
:2038E00018782178884204D103F1010304F1010402E04FF0000503E0A6F10106002EEDD874
:20390000284670BC704701784FEA016100F1010212784FEA0242114400F1020212784FEA3A
:203920000222114400F1030000780144084670474FEA1062D2B20A7001F101024FEA10432E
:20394000DBB2137001F102024FEA1023DBB2137001F10301C0B2087070472DE900414FF0B8
:20396000020000F04BF94FF0010000F07AF900F0D1FC40F65400C2F2000040F29068C2F295
:203980000008C8F8080040F2C460C2F2000040F29068C2F20008C8F8180000F0ECF800F0CB
:2039A0001FF900F0EEFCBDE800812DE9004100F025F94FF0000040F29068C2F20008A8F8C5
:2039C000040040F29068C2F20008D8F808004FF03101017040F29068C2F20008D8F8081075
:2039E00001F101014FF00100087040F29068C2F20008D8F8081001F102014FF0030008709E
:203A000040F29068C2F20008D8F8081001F103014FF0010008704FF0080040F29068C2F205
:203A20000008C8F80C0000F047FABDE8008100B500F09BFC00F0FDFA00BD2DE910014FF015
:203A4000000340F29068C2F20008D8F8004024BB08B1012821D1B1F5006F1BD84FF001046E
:203A600040F29068C2F20008C8F8004040F29068C2F20008A8F8040040F29068C2F20008F0
:203A8000C8F80C1040F29060C2F2000000F10800106004E04FF0030301E04FF00103184660
:203AA000BDE8100170472DE9004140F29068C2F20008D8F80020012A0FD151B940F290682D
:203AC000C2F20008B8F80410884202D100F0F4F903E000F085F800F04EF8BDE800812DE92A
:203AE00000414FF0000240F29068C2F20008D8F81030022B17D140F29068C2F20008B8F8A3
:203B0000143098420FD140F29060C2F2000000F1180008604FF0010040F29068C2F200083A
:203B2000C8F8100005E000F05BF800F024F84FF001021046BDE800812DE90041B9B940F2C8
:203B40009068C2F20008B8F8141088420FD140F29068C2F2000898F8250040B94FF0000060
:203B600040F29068C2F20008C8F8100001E000F002F8BDE800812DE900414FF0000040F2D6
:203B80009068C2F20008C8F820004FF0000040F29068C2F20008C8F810004FF0000040F22B
:203BA0009068C2F2000888F824004FF0010040F29068C2F2000888F8250000F0EFFA00F019
:203BC000B6FA41F25408C2F2000898F80000012802D100F078FA01E000F000F9BDE800810C
:203BE0002DE900414FF0000040F29068C2F20008C8F8000000F04EF9BDE800814DF8048D56
:203C000041F25408C2F2000888F800005DF8048B70474DF8048D41F25408C2F2000898F88D
:203C200000005DF8048B70472DE930014FF000034FF000020FE002EB000441F25408C2F2FC
:203C4000000898F800502478A54201D14FF0010302F10102D2B28A42EDD31846BDE83001AA
:203C600070474DF8048D41F25408C2F2000888F804005DF8048B70474DF8048D41F25408E8
:203C8000C2F2000898F804005DF8048B70474FF0010201464FEA8101084641F25C01C2F263
:203CA000000108440068002801D94FF00002104670472DE930014FF000034FF000020FE046
:203CC00002EB000441F25408C2F2000898F804502478A54201D14FF0010302F10102D2B2B2
:203CE0008A42EDD31846BDE83001704702464FEA8202104641F25C02C2F2000210440160F6
:203D000070474DF8048D41F25408C2F20008A8F802005DF8048B70472DE900414FF00100F7
:203D200040F29068C2F2000888F8250000F091FAFFF756FFBDE800812DE9004140F290688B
:203D4000C2F20008D8F81810782807D04FF0010240F29068C2F2000888F825204FF07F028B
:203D60000A7001F1010240F29068C2F20008D8F808301B78137001F1020108704FF0030021
:203D800040F29068C2F20008C8F81C0000F061FA40F29068C2F2000898F82500012801D180
:203DA000FFF71EFFBDE8008110B50446A4B959B101290DD1112A0BD0122A09D0312A07D0EF
:203DC0007E2A05D07F2A03D01046FFF7B5FF03E0FFF706FFFFF7CFFE204610BD4DF8048D40
:203DE00041F25408C2F2000898F80000012807D041F2883040F29068C2F20008A8F8260051
:203E00005DF8048B704700B54FF0010000F00CF800BD4DF8048D40F29068C2F20008C8F8E5
:203E200030005DF8048B70474DF8048D40F29068C2F20008A8F828005DF8048B704740F266
:203E40009060C2F2000070474DF8048D4FF0000040F29068C2F20008D8F8101041B94FF0E3
:203E6000010140F29068C2F20008C8F8101001E04FF001005DF8048B70474DF8048D4FF0A9
:203E8000000040F29068C2F20008C8F810005DF8048B70474FF000000AE040F65401C2F269
:203EA000000101444FF0FF020A7000F1010080B2B0F5006FF1D370472DE900414FF00200B7
:203EC00040F29068C2F20008C8F800004FF01900FFF7AAFF00F038F900F0F5F84FF0010007
:203EE00040F29068C2F2000888F824004FF0000040F29068C2F2000888F82500BDE8008148
:203F00002DE930414FF0000448F2A020C1F6FF704FF000012EE040F29068C2F20008D8F8B3
:203F200008200378127893421FD140F29068C2F20008B8F8041021B9417801F00101C9B2E4
:203F400061B940F29068C2F20008B8F80410012912D1417801F00201C9B269B140F2906824
:203F6000C2F20008C8F8200006E000F1180001F10101C9B20A29CED340F29068C2F200088D
:203F8000D8F82000002844D040F29068C2F20008D8F820000069E0B340F29068C2F200083D
:203FA000D8F82000817840F29068C2F20008D8F820004068FFF738FE054640F29068C2F245
:203FC0000008D8F82000017A40F29068C2F20008D8F82000C068FFF76CFE15B94FF07F0480
:203FE00019E010B94FF0330415E040F29068C2F20008D8F82000026940F29060C2F200007D
:2040000000F11000014640F29060C2F20000904701E04FF0110454B1224640F29068C2F22B
:204020000008B8F804104FF00000FFF7BDFEBDE830812DE9004181B040F29068C2F2000800
:20404000D8F81000E0BB40F29068C2F2000898F8240001280AD14FF0000040F29068C2F22A
:20406000000888F82400FFF74BFF29E040F29068C2F2000898F8250010BB0DF1030001F0F3
:20408000F3FD01281CD140F29068C2F20008D8F820004069A0B140F29068C2F20008D8F894
:2040A0002000436940F29060C2F2000000F11000024640F29061C2F200019DF803009847C6
:2040C00001B0BDE800814DF8048D4FF0000040F29068C2F20008A8F826005DF8048B7047AD
:2040E0002DE9004140F29068C2F20008B8F8260000281AD940F29061C2F20001C88CA0F1D5
:20410000010080B2C88440F29068C2F20008B8F82600012809D14FF0000040F29068C2F244
:204120000008A8F82600FDF779FABDE800814DF8048D6FF0FE0040F29068C2F20008C8F84B
:204140002C005DF8048B70474DF8048D4FF0000040F29068C2F20008C8F82C0041F28830C6
:2041600040F29068C2F20008C8F830005DF8048B70474DF8048D40F29068C2F20008D8F842
:204180002C00002807DB40F29061C2F20001C86A00F10100C8625DF8048B70474DF8048D52
:2041A0004FF0000040F29068C2F20008A8F828005DF8048B70472DE900414FF0000140F2AE
:2041C0009068C2F20008B8F8280000283FD940F29062C2F20002108DA0F1010080B2108543
:2041E00040F29068C2F20008B8F8280040B940F29068C2F20008D8F8100008B94FF0010140
:2042000040F29068C2F20008D8F82C00002818DB40F29068C2F20008D8F82C0040F2906895
:20422000C2F20008D8F8302090420AD201290ED14FF07800FFF780FD41F28830FFF7F4FDEF
:2042400005E04FF01000FFF777FDFFF770FFBDE800812DE900414FF0020040F29068C2F2BF
:204260000008C8F810004FF0000040F29068C2F20008A8F8140040F29060C2F2000000F1C6
:204280001800014640F29068C2F20008B8F81400FEF7F4FABDE8008130B501F05AFE054693
:2042A0004FF0000433E020464FEA800041F25C01C2F2000108440068002825D920464FEACB
:2042C000800041F25C01C2F2000101440868A0F10100086020464FEA800041F25C01C2F207
:2042E00000010844006878B920464FEA800028440068022808D320464FEA800028444FF016
:204300000001016001F07CFD04F10100C4B2002CC9D030BD4DF8048D4FF0000041F254080F
:20432000C2F20008A8F802005DF8048B70472DE9004141F25408C2F20008B8F80200002808
:2043400011D941F25401C2F200014888A0F1010080B2488041F25408C2F20008B8F80200DD
:2043600008B9FDF75BF9BDE8008100B5FFF794FFFFF7B6FEFFF71FFFFFF7FBFEFFF7D7FF57
:2043800000BD4DF8048D4FF0010041F26808C2F2000888F805004FF0000041F26808C2F2D0
:2043A000000888F804004FF0000041F26808C2F20008C8F800004FF0000041F26808C2F27D
:2043C000000888F806004FF0000041F26808C2F20008C8F80C004FF0000041F26008C2F257
:2043E000000888F800004FF0000041F26808C2F20008C8F810004FF0000041F26808C2F231
:204400000008C8F814004FF0000041F26808C2F20008C8F808004FF0000041F26808C2F2C4
:20442000000888F818005DF8048B70472DE9F04D04460D464FF0010A4FF0000B4FF0000678
:204440004FF00007A06800F10100007800F08000002801DD4FF0000AA06800F10100007873
:2044600000F07F00C0B201464FF0000019E002464FEA021248F29033C1F6FF731A44127839
:2044800091420BD14FEA001048F29032C1F6FF7200EB02070E464FF0010B04E000F1010097
:2044A000C0B20228E3D3E1684FF0020000F04FFF012805D1A18858464FF01202FFF774FC63
:2044C000012808D179787868FFF7AEFBA1884FF07E02FFF769FC012804D1E1684FF002009F
:2044E00000F028FF012803D1397AF86800F03CFF01287FD14FF0000041F26008C2F200085B
:2045000088F800004FF00000FFF7ABFBFFF781FB07463046FFF772FB01F025FDBAF1010FDA
:204520005CD1A8684FF050010170A86800F10100A16801F1010109780170022E2ED1A8680D
:2045400000F102004FF000010170A86800F103004FF01901017001F045F94FF0000041F248
:204560006808C2F20008C8F808004FF0000041F26808C2F2000888F804004FF0000041F2B3
:204580006808C2F20008C8F80C004FF0000041F26808C2F2000888F806000DE0012E0BD107
:2045A000A86800F102004FF000010170A86800F103004FF032010170A86800F104004FF01C
:2045C00001010170A86800F105004FF0F40101704FF00600E860FFF79FFB03E0FFF700FBCC
:2045E000FFF7C9FA022F05D1012E03D14FF00A00FFF787FBBDE8F08D2DE9F04C04460F4624
:204600004FF000064FF001004FF0010B4FF00005A16801F10101097801F08001002901DD8F
:204620004FF0000BA16801F10101097801F07F01C9B28A464FF0000118E00A464FEA021221
:2046400048F2B033C1F6FF731A44127892450AD14FEA011148F2B032C1F6FF7201EB0205F8
:204660004FF0010604E001F10101C9B20029E4D0012E08D169786868FFF7D6FAA1884FF0DD
:204680007E02FFF791FB012804D1E1684FF0020000F05DFE012805D1A18830464FF0120254
:2046A000FFF782FB012801D100F07EFE012804D1E1684FF0020000F03DFE012803D1297ACD
:2046C000E86800F051FE012819D1BBF1010F0ED1B8684FF051010170B86800F1010080F8F1
:2046E00000A04FF00200F860FFF716FB03E0FFF777FAFFF740FA4FF00A00FFF702FBBDE81F
:20470000F08C2DE9F04F93B005468B464FF000044FF000098DF801904FF00009CDF8049027
:204720004FF00006E9684FF0030000F010FE8246BAF1010F0BD1E86800F0010038B9A988E1
:204740004FF013024FF00000FFF72EFB8246E868A0F101004FEA5008CDF80480E868A0F142
:2047600001004FEA500011280BD3E868A0F1010000F0010028B94FF01300FFF7DDFA4FF086
:20478000000ABAF1010F59D14FF0000A4FF0000050E001464FEA410101F10101AA68114455
:2047A00009784FEA012189B202464FEA420202F10202AB681A441278114489B24FF0000755
:2047C00028E03A464FEA8203A3EB02024FEA820248F2C033C1F6FF731A441288914217D13B
:2047E00031464FEA810102AA11443A464FEA8203A3EB02024FEA820248F2C033C1F6FF73A3
:204800001A440A6006F101018EB24FF0010A03E007F10107112FD4D3BAF1010F08D0A988BF
:204820004FF031024FF00000FFF7BEFA824605E000F10100DDF804804045AAD3BAF1010F64
:204840001AD14FF0000715E0BAF1010F14D138464FEA800002A908440068817838464FEA4C
:20486000800002AA10440068406800F07DFD824607F10107B742E7D3BAF1010F02D100F045
:2048800093FD8246BAF1010F6BD14FF0000753E038464FEA800002A9084400688068A0B37F
:2048A00004F10100DBF80810084439464FEA810102AA1144096809884FEA2121C9B2017027
:2048C00004F10200DBF80810084439464FEA810102AA11440968098801F0FF01C9B2017090
:2048E00038464FEA800002A90844006882680DF1020104F10300DBF80830184490478DF87C
:204900000100BDF80200204484B29DF80180B8F1000F02D04FF0000A10E004F1020084B23F
:20492000B4F5C87F06D34FF01400FFF705FA4FF0000A03E007F10107B742A9D3BAF1010F0A
:204940000FD19DF80180B8F1000F0AD1DBF808004FF06201017004F10100CBF80C00FFF725
:20496000DBF913B0BDE8F08FF0B505464FF000064FF00004A86800F1010000784FEA002031
:2049800080B2AA6802F102021278104480B24FF0000219E013464FEA031348F2A847C1F60A
:2049A000FF773B441B8898420BD110464FEA001048F2A842C1F6FF7200EB02044FF0010687
:2049C00004E002F10102D2B20C2AE3D3E9684FF0040000F0BCFC012805D1A98830464FF06C
:2049E0003102FFF7E1F9012805D1E968608800F1030000F09FFC012803D12179A06800F06E
:204A0000B3FC012801D100F0CFFC012816D1E06830B1E2686188A86800F10300904701E009
:204A20004FF001000B2804D14FF02200FFF784F904E018B14FF07200FFF77EF9F0BD2DE9CC
:204A4000F04C04468B464FF0000A4FF00006A06800F1010007784FF000002FE001464FEA2A
:204A6000C102A2EB01014FEA810148F28C42C1F6FF72114409788F420ED001464FEAC10231
:204A8000A2EB01014FEA810148F28C42C1F6FF72114489788F420ED14FEAC001A1EB000010
:204AA0004FEA800048F28C41C1F6FF7100EB01064FF0010A04E000F10100C0B20028CDD0C6
:204AC000E1684FF0020000F042FC0546012D06D1A18850464FF01202FFF766F90546012DEE
:204AE00032D1307900F06BFC82463078874219D14FF00200E16800F01DFC0546012D09D1AA
:204B00005046FFF7C4F828B94FF03700FFF714F94FF00005012D17D15A462146304600F02C
:204B20006DFC11E0B07887420ED1F07800F1020080B2E16800F0FEFB0546012D04D15A469E
:204B40002146304600F0ADFCBDE8F08CF0B504460E464FF000074FF00005A06800F10200F6
:204B600000784FEA002080B2A16801F103010978084480B24FF000021FE011464FEAC103A0
:204B800019444FEA810148F26853C1F6FF731944098888420ED110464FEAC00108444FEA73
:204BA000800048F26851C1F6FF7100EB01054FF0010704E002F10101CAB2042ADDD3E168A7
:204BC0004FF0040000F0C3FB012805D1A18838464FF03102FFF7E8F8012808D12979A86842
:204BE000FFF722F8A1884FF03102FFF7DDF8012803D1297B286900F0B7FB012810D1A06859
:204C000000F1010000780246297DA86900F0B7FB30B9A1884FF012024FF00000FFF7C4F833
:204C2000012805D1E168688800F1040000F082FB01281FD1B0684FF071010170B06800F17E
:204C40000100A16801F1010109780170B06800F10200A16801F1020109780170B06800F160
:204C60000300A16801F1030109780170EA69314620469047F0BD2DE9F04D81B0044600912D
:204C800048F2F857C1F6FF77E1684FF0050000F05EFB05464FF0000041F26808C2F200089F
:204CA00088F824004FF00000012D34D1A26802F1010292F800A0A26802F1020292F800B079
:204CC0004FF000061CE032464FEAC2023A441278924512D132464FEAC2023A4452789345C7
:204CE0000BD14FF0010032464FEAC20248F2F853C1F6FF7302EB030704E006F10102D6B218
:204D0000022EE0D338B9A1884FF031024FF00000FFF74AF80546012D05D1E1684FF00B00CB
:204D200000F008FB0546012D55D1A06800F10300FEF7E9FD07463846FCF798FC0746A06863
:204D400000F10700FEF7DFFD0146384600F0A4FE0746052F06D14FF03100FEF7EDFF4FF04B
:204D6000000538E030464FEAC00048F2F852C1F6FF721044817830464FEAC00048F2F852BB
:204D8000C1F6FF721044406800F0EEFA012802D04FF000051FE0022F0ED041F26808C2F273
:204DA0000008D8F8080038B941F26808C2F2000898F80600012806D14FF02200FEF7BCFF1C
:204DC0004FF0000507E0082F05D14FF07000FEF7B3FF4FF00005012D14D1BAF1000F07D15C
:204DE000BBF1440F04D10099204600F0DDFB09E0BAF1100F06D1BBF1440F03D100992046BC
:204E000000F03AFC01B0BDE8F08D2DE9F04D06468B464FF0000041F26808C2F2000898F8FB
:204E20000440F1684FF0030000F091FA8246BAF1010F3CD1B06800F101000778F068A0F116
:204E4000020501F09DF841F26808C2F2000898F80610012908D1012F06D04FF07300FEF710
:204E60006BFF4FF0000A22E0BC4220D1F8B103281DD041F26808C2F20008D8F80C00A842A8
:204E800015D1DBF808004FF076010170DBF8080000F10100B16801F10101097801704FF01F
:204EA0000200CBF80C00FEF737FF4FF0000ABAF1010F19D1294641F26808C2F20008D8F86A
:204EC000000000F087FE022806D14FF02400FEF733FF4FF0000A07E0052805D14FF07100EF
:204EE000FEF72AFF4FF0000ABAF1010F0ED16FB941F26808C2F2000898F80600012805D195
:204F00004FF07300FEF718FF4FF0000ABAF1010F0FD1FF2C02D14FF0000402E004F10100D6
:204F2000C4B2BC4205D04FF07300FEF705FF4FF0000ABAF1010F46D1F068A0F1020500F082
:204F4000E1F941F26808C2F20008D8F80800012822D12946B06800F1020000F00EFE41F27B
:204F60006808C2F2000898F8241031B941F26802C2F2000211682944116068B94FF000004D
:204F800041F26808C2F2000888F8060041F26808C2F2000888F80440BAF1010F13D141F237
:204FA0006808C2F20008C8F80C504FF0000041F26808C2F2000888F8060041F26808C2F22E
:204FC000000888F80440BDE8F08D2DE9304105460C464FF0010100F0D3FF022806D1E9686A
:204FE0004FF0010000F0A6F9014605E04FF02400FEF7A2FE4FF00001012929D100F010FE5C
:20500000014609BB4FF0000041F26808C2F20008C8F808004FF0000041F26808C2F2000881
:2050200088F80400A0684FF0770101704FF00100E0604FF0000041F26808C2F20008C8F8DE
:205040000C00FEF769FE03E04FF02400FEF774FEBDE83081F0B504460D464FF000064FF01F
:205060000107A06800F10100007800F08000002801DD4FF00007A06800F10100007800F098
:205080007F00C0B201464FF000000DE048F29C22C1F6FF7202441278914202D14FF00106D0
:2050A00004E000F10100C0B20028EFD0E1684FF0020000F04CF9012805D1A18830464FF025
:2050C0001202FEF771FE012804D1E1684FF0020000F030F9012817D1012F11D1A8684FF045
:2050E0007E010170A86800F10100A16801F10101097801704FF00200E860FEF70DFE03E063
:20510000FEF76EFDFEF737FDF0BD10B5C8B990684FF06E030370936803F101038C6804F11C
:20512000010420781870936803F102038C6804F10204207818704FF00300D060FEF7ECFDF7
:2051400003E04FF07200FEF7F7FD10BD2DE9F04104460E4615464FF00000B16801F1020178
:2051600009784FEA0122B16801F103010978114489B20F464FF000021EE011464FEAC1034A
:2051800019444FEA810148F26853C1F6FF73194409888F420DD110464FEAC00108444FEA67
:2051A000800048F26851C1F6FF7101444FF0010004E002F10101CAB2042ADED301284FD153
:2051C000086A20B10B6A2A463146204698474CBB384640F21228B0EB080005D04FF6EE4807
:2051E000B0EB080017D041E04FF0010041F26808C2F2000888F81800A86800F104004FF089
:2052000010010170A86800F105004FF00001017002F0FDFA2AE0A86800F104004FF010010D
:20522000017023E0384640F21228B0EB080005D04FF6EE48B0EB08000BD017E0A86800F1A7
:2052400004004FF010010170A86800F1050004700CE0A86800F104004FF01101017005E077
:20526000A86800F104004FF001010170A8684FF071010170A86800F10100B16801F1010136
:2052800009780170A86800F10200B16801F1020109780170A86800F10300B16801F1030106
:2052A00009780170384640F21228B0EB080005D04FF6EE48B0EB080004D006E04FF006007D
:2052C000E86002E04FF00500E860FEF725FDBDE8F08110B588B990684FF0760303709368C7
:2052E00003F101038C6804F10104207818704FF00200D060FEF710FD03E04FF07200FEF7AC
:205300001BFD10BD00B54FF07800FEF715FD41F28830FEF789FD07E002F0F7FE012801D106
:2053200002F029FF02F01DFFFEF789FD00690028F2D100BD10B54FF00104814205D04FF0D9
:2053400000044FF01300FEF7F7FC204610BD10B54FF00104814205D24FF000044FF01300A4
:20536000FEF7EAFC204610BD10B5FEF7A2FC04461CB94FF03300FEF7DFFC204610BD30B44F
:205380004FF000044FF0000309E003EB00052D78AA4201D14FF0010403F10103DBB28B42B3
:2053A000F3D3204630BC704700B54FF0010018B94FF02200FEF7C0FC4FF0010000BD10B485
:2053C0004FF0FF034FF0000213E011464FEAC104A4EB01014FEA810148F28C44C1F6FF7483
:2053E00021440979884201D1134604E002F10101CAB2002AE9D0184610BC70472DE9F04171
:2054000004460F4615464FF00106FEF735FC217981420BD1627841F26000C2F2000000F1DB
:2054200003004FF00001FEF741FA17E04FF0010041F26008C2F2000888F80000207841F220
:205440006008C2F2000888F801006269617841F26000C2F2000000F103009047012E1ED1D3
:20546000A8684FF067010170A86800F10100B96801F1010109780170627841F26000C2F2DA
:20548000000000F103000146A86800F10200FEF7FAF9607800F10200E860FEF73DFCBDE800
:2054A000F0812DE9F04504460E46924600F051FD05462079FFF783FF074641F26008C2F284
:2054C000000898F801002178884267D141F26008C2F2000898F8000001285FD14FF0000019
:2054E00041F26008C2F2000888F80000D4F818C0637841F26000C2F2000000F103000246D3
:20550000E178B06800F10200E04730BB38464FEA80002844006840B138464FEA8000284476
:205520004FF00001016000F06BFC2079FEF799FBDAF808004FF067010170DAF8080000F194
:205540000100B16801F10101097801704FF00200CAF80C00FEF7E0FB24E038464FEA800031
:2055600000EB0501086800F10100086000F048FC38464FEA800028440068022804D24FF0F2
:205580003500FEF7D9FB0DE042F210713846FEF7ADFB4FF03600FEF7CFFB03E04FF02400D6
:2055A000FEF7CAFBBDE8F0852DE9304105460C464FF0000041F26808C2F2000888F81800BD
:2055C0004FF0010041F26808C2F2000888F806004FF0000041F26808C2F2000888F8040084
:2055E0004FF0010041F26808C2F20008C8F80800A86800F10300FEF786F941F26808C2F275
:205600000008C8F8000041F26808C2F20008D8F80000FCF72BF841F26808C2F20008C8F85E
:205620000000A86800F10700FEF76DF9014641F26808C2F20008D8F8000000F0D4F9A068CC
:205640004FF074010170A06800F101004FF020010170A06800F102004FF008010170A0689E
:2056600000F103004FF0000101704FF00400E060FEF752FBBDE830812DE9304105460C4646
:2056800004F0BAFD4FF0000041F26808C2F2000888F818004FF0010041F26808C2F200088A
:2056A00088F824004FF0010041F26808C2F2000888F806004FF0000041F26808C2F2000883
:2056C00088F804004FF0010041F26808C2F20008C8F80800A86800F10300FEF714F941F2A6
:2056E0006808C2F20008C8F8000041F26808C2F20008D8F80000FBF7B9FF41F26808C2F28E
:205700000008C8F80000A86800F10700FEF7FBF8014641F26808C2F20008D8F8000000F06B
:2057200062F9A0684FF074010170A06800F101004FF020010170A06800F102004FF00801D3
:205740000170A06800F103004FF0000101704FF00400E060FEF7E0FABDE830814FF0000044
:2057600070474FF0000070474FF0000070472DE900414FF0000041F22018C2F2000888F849
:2057800068064FF0010041F22018C2F2000888F800004FF000000AE041F22211C2F2000170
:2057A00001444FF000020A7000F10100C0B20A28F2D341F2A000C2F200004FF080024FF007
:2057C0000001FEF773F800F00DF848F22078C1F6FF78D8F8041040F2E030C2F200008847CA
:2057E000BDE800812DE900414FF0000041F22018C2F20008C8F8600602F009F84FF000006E
:2058000041F22018C2F20008C8F864064FF0000041F28C78C2F20008C8F804004FF0000002
:2058200041F28C78C2F20008C8F80000BDE800812DE9104104464FF0000041F22018C2F280
:20584000000898F80010012901D101F08BFA41F22018C2F20008C8F8184041F22018C2F2D0
:20586000000898F86816022922D208BB41F22012C2F2000292F8681601F10101C9B282F824
:20588000681641F22018C2F20008C8F818404FF0030141F22018C2F20008C8F864164FF068
:2058A000000141F22018C2F2000888F8011003E0FFF798FF4FF00200BDE810812DE93041C1
:2058C00004464FF0000541F6A018C2F2000898F80600844280F0828020464FEA8001A1EB15
:2058E00000004FEAC00041F6AC11C2F20001084441F60008C2F20008D8F854104088814200
:205900000ED320464FEA8001A1EB00004FEAC00041F6AC11C2F200010844408800285AD1F1
:2059200020464FEAC00041F60001C2F2000108444FF0000101704FF0000041F60008C2F2EC
:20594000000888F8500020464FEAC00041F60001C2F20001014420464FEA8002A2EB000030
:205960004FEAC00041F6AC12C2F2000210440078C87020464FEAC00041F60001C2F2000133
:2059800008444FF0FF31416001F041FF41F22018C2F2000888F80C4041F22018C2F2000860
:2059A00098F80C0041F22211C2F2000108444FF0000101704FF0000041F22018C2F20008CD
:2059C00088F801004FF0010041F22018C2F20008C8F8640604E04FF0010501E04FF0060561
:2059E0002846BDE830812DE900414FF0000341F22018C2F20008C8F8100041F22018C2F234
:205A00000008C8F814104FF0000041F22018C2F2000888F8680641F22018C2F2000898F88F
:205A20001C204FEA820002444FEAC202104641F24011C2F2000100EB010241F22018C2F290
:205A40000008D8F8100010604FF00000506001F006FA034641F22018C2F2000898F81C20D2
:205A600002F10102D0B241F22018C2F2000888F81C004FF0010041F22018C2F20008C8F8C4
:205A800060064FF0000041F22018C2F20008C8F864061846BDE800812DE9704105460E4626
:205AA0004FF0000441F22018C2F2000898F8680648B14FF0000041F22018C2F2000888F89F
:205AC0006806FFF78FFE41F22018C2F20008D8F8600650B141F22018C2F20008D8F860061A
:205AE000032802D04FF0020441E041F22018C2F2000898F80000A8BB40F20000C1F6FE70D2
:205B000085422CD3C5F1FF30B04228D3B5F1005F25D806EB0500B0F1005F20D8B6F5003F13
:205B20001DD8002E1BD941F22018C2F2000898F81C0000281BD941F24011C2F20001A1F194
:205B400028014FEA800210444FEAC000014448680968084485420AD24FF0020407E04FF054
:205B6000050404E03146284601F04EF804460CB1FFF738FE2046BDE870812DE930014FF067
:205B800000050B4641F22014C2F200046269A2EB0302626141F22018C2F20008C8F8180071
:205BA00041F29478C2F20008C8F800304FF0020041F22018C2F20008C8F864064FF0000029
:205BC00041F22018C2F2000888F801002846BDE8300170472DE910414FF0000441F220180D
:205BE000C2F20008D8F86026012A04D04FF00204FFF7F8FD11E041F22018C2F20008D8F87C
:205C00001020824207D141F22018C2F20008D8F81400884201D24FF005042046BDE810812C
:205C20002DE910414FF0000441F22018C2F20008D8F86006022810D14FF0030041F22018A5
:205C4000C2F20008C8F860064FF0000041F22018C2F20008C8F8640603E04FF00204FFF7B4
:205C6000C1FD2046BDE810814DF8048D4FF0000141F22018C2F20008D8F86416C9B941F28E
:205C80002018C2F2000898F80110072911D041F22018C2F2000898F8011001704FF00000E6
:205CA00041F22018C2F2000888F801004FF0010104E04FF0000101704FF0000108465DF883
:205CC000048B70472DE9004141F22018C2F20008D8F8640601381ED303D002380AD312D0D0
:205CE00019E000F0DBFE41F22018C2F2000888F8010010E001F0BAFA41F22018C2F200087E
:205D000088F8010007E001F02EFC41F22018C2F2000888F8010041F22018C2F2000898F8A1
:205D200001000A2807D04FF0000041F22018C2F20008C8F86406BDE800814DF8048D41F29A
:205D40008C78C2F20008C8F8000041F28C78C2F20008C8F804105DF8048B70472DE900410A
:205D600084B04FF000008DF8040041F60000C2F2000002904FF060000390684603F02FFDAB
:205D80004FF001008DF80400684603F028FD4FF002008DF80400684603F021FD009841F61C
:205DA0000008C2F20008C8F8600041F60000C2F2000040F2E038C2F20008C8F814004AF2FE
:205DC0000000C0F2011040F2E038C2F20008C8F80C004FF0640040F2E038C2F20008C8F8C5
:205DE000100040F2E030C2F2000003F0D2FC10B94FF0000001E04FF0010004B0BDE80081D9
:205E00002DE9004184B04FF000008DF8040041F29400C2F2000002904FF00800039068469A
:205E200003F0DDFC4FF001008DF80400684603F0D6FC4FF002008DF80400684603F0CFFC24
:205E4000009841F29408C2F20008C8F8080041F29400C2F2000040F2E038C2F20008C8F816
:205E600014004CF20000C0F2011040F2E038C2F20008C8F80C004FF00C0040F2E038C2F2F2
:205E80000008C8F8100040F2E030C2F2000003F080FC10B94FF0000001E04FF0010004B0E8
:205EA000BDE800812DE9004184B04FF000008DF8040041F66400C2F2000002904FF49C7039
:205EC0000390684603F08BFC4FF001008DF80400684603F084FC4FF002008DF804006846A5
:205EE00003F07DFC009841F66408C2F20008C8F8380141F66400C2F2000040F2E038C2F2F9
:205F00000008C8F814004EF20000C0F2011040F2E038C2F20008C8F80C004FF49E7040F24D
:205F2000E038C2F20008C8F8100040F2E030C2F2000003F02EFC10B94FF0000001E04FF082
:205F4000010004B0BDE8008141F60000C2F20000704741F29400C2F20000704741F66400F7
:205F6000C2F2000070474DF8048D4FF0000041F22018C2F20008C8F860065DF8048B7047B9
:205F80004DF8048D41F22018C2F20008D8F860065DF8048B70474DF8048D41F22018C2F23E
:205FA0000008D8F8640601280AD141F22018C2F2000898F801000A2802D14FF0010001E0BD
:205FC0004FF000005DF8048B70474DF8048D41F22018C2F20008D8F86006032807D14FF072
:205FE000000041F22018C2F20008C8F860065DF8048B70472DE9004141F6DC60C2F200003B
:2060000040F2E038C2F20008C8F814004FF4FF1040F2E038C2F20008C8F80C004FF06800DB
:2060200040F2E038C2F20008C8F8100040F2E030C2F2000003F0ADFB0028BDE800812DE995
:206040007041ADF52C7D05460C464FF000004FF000064FF00000B4F5927F6BD141F664084B
:20606000C2F20008D8F8240144F64A31C5F2480188425CD0224629466846FDF704FCFFF755
:2060800041F949A803F0F8FCA4F120000246294649A803F066FD05F58270014649A84FF0D8
:2060A0002002FDF711FC01283ED12246294641F66400C2F20000FDF7E6FB2246694641F63C
:2060C0006400C2F20000FDF7DEFB41F66400C2F200004FF4807102F063FF16BB44F64A307F
:2060E000C5F2480041F66408C2F20008C8F82401FFF7D8FE50B94FF0000041F22018C2F22A
:20610000000888F801004FF0000015E04FF0010041F22018C2F2000888F801004FF001009A
:206120000AE04FF0010007E04FF00D0004E04FF00B0001E04FF001000DF52C7DBDE8708172
:206140002DE9304105460C464FF00002182C5AD14FF4FF1141F2A070C2F200004FF0600280
:20616000FDF791FB2246294641F2A070C2F2000000F12000FDF787FB4FF05A3041F2A07836
:20618000C2F20008C8F80000FFF7BCF841F2A070C2F2000040F2E038C2F20008C8F8140008
:2061A0004FF4FF1040F2E038C2F20008C8F80C004FF0680040F2E038C2F20008C8F810003E
:2061C00040F2E030C2F2000003F0E3FA80B941F2A070C2F2000003F0EDF94FF0000041F27E
:2061E0002018C2F2000888F801004FF000020CE04FF0010041F22018C2F2000888F8010015
:206200004FF0010201E04FF001021046BDE830812DE9304105460C464FF00002072C5AD1AA
:206220004FF4FF1141F2A070C2F200004FF06002FDF729FB2246294641F2A070C2F200008D
:2062400000F10400FDF71FFB4FF05A3041F2A078C2F20008C8F80000FFF754F841F2A07026
:20626000C2F2000040F2E038C2F20008C8F814004FF4FF1040F2E038C2F20008C8F80C006C
:206280004FF0680040F2E038C2F20008C8F8100040F2E030C2F2000003F07BFA80B941F2B7
:2062A000A070C2F2000003F085F94FF0000041F22018C2F2000888F801004FF000020CE095
:2062C0004FF0010041F22018C2F2000888F801004FF0010201E04FF001021046BDE83081C5
:2062E0002DE9304105460C464FF00002072C5AD14FF4FF1141F2A070C2F200004FF06002F0
:20630000FDF7C1FA2246294641F2A070C2F2000000F10B00FDF7B7FA4FF05A3041F2A0784B
:20632000C2F20008C8F80000FEF7ECFF41F2A070C2F2000040F2E038C2F20008C8F8140030
:206340004FF4FF1040F2E038C2F20008C8F80C004FF0680040F2E038C2F20008C8F810009C
:2063600040F2E030C2F2000003F013FA80B941F2A070C2F2000003F01DF94FF0000041F27C
:206380002018C2F2000888F801004FF000020CE04FF0010041F22018C2F2000888F8010073
:2063A0004FF0010201E04FF001021046BDE830812DE9304105460C464FF00002072C5AD109
:2063C0004FF4FF1141F2A070C2F200004FF06002FDF759FA2246294641F2A070C2F20000BD
:2063E00000F11200FDF74FFA4FF05A3041F2A078C2F20008C8F80000FEF784FF41F2A07012
:20640000C2F2000040F2E038C2F20008C8F814004FF4FF1040F2E038C2F20008C8F80C00CA
:206420004FF0680040F2E038C2F20008C8F8100040F2E030C2F2000003F0ABF980B941F2E6
:20644000A070C2F2000003F0B5F84FF0000041F22018C2F2000888F801004FF000020CE0C4
:206460004FF0010041F22018C2F2000888F801004FF0010201E04FF001021046BDE8308123
:206480002DE9304105460C464FF00002072C5AD14FF4FF1141F2A070C2F200004FF060024E
:2064A000FDF7F1F92246294641F2A070C2F2000000F11900FDF7E7F94FF05A3041F2A0783E
:2064C000C2F20008C8F80000FEF71CFF41F2A070C2F2000040F2E038C2F20008C8F814005F
:2064E0004FF4FF1040F2E038C2F20008C8F80C004FF0680040F2E038C2F20008C8F81000FB
:2065000040F2E030C2F2000003F043F980B941F2A070C2F2000003F04DF84FF0000041F27C
:206520002018C2F2000888F801004FF000020CE04FF0010041F22018C2F2000888F80100D1
:206540004FF0010201E04FF001021046BDE830812DE9304105460C464FF00002042C5AD16A
:206560004FF4FF1141F2A070C2F200004FF06002FDF789F92246294641F2A070C2F20000EC
:2065800000F13800FDF77FF94FF05A3041F2A078C2F20008C8F80000FEF7B4FE41F2A070EC
:2065A000C2F2000040F2E038C2F20008C8F814004FF4FF1040F2E038C2F20008C8F80C0029
:2065C0004FF0680040F2E038C2F20008C8F8100040F2E030C2F2000003F0DBF880B941F216
:2065E000A070C2F2000002F0E5FF4FF0000041F22018C2F2000888F801004FF000020CE0ED
:206600004FF0010041F22018C2F2000888F801004FF0010201E04FF001021046BDE8308181
:206620002DE9304105460C464FF00002082C5AD14FF4FF1141F2A070C2F200004FF06002AB
:20664000FDF721F92246294641F2A070C2F2000000F13C00FDF717F94FF05A3041F2A07819
:20666000C2F20008C8F80000FEF74CFE41F2A070C2F2000040F2E038C2F20008C8F814008E
:206680004FF4FF1040F2E038C2F20008C8F80C004FF0680040F2E038C2F20008C8F8100059
:2066A00040F2E030C2F2000003F073F880B941F2A070C2F2000002F07DFF4FF0000041F276
:2066C0002018C2F2000888F801004FF000020CE04FF0010041F22018C2F2000888F8010030
:2066E0004FF0010201E04FF001021046BDE830812DE9304105460C464FF00002082C5AD1C5
:206700004FF4FF1141F2A070C2F200004FF06002FDF7B9F82246294641F2A070C2F200001B
:2067200000F14400FDF7AFF84FF05A3041F2A078C2F20008C8F80000FEF7E4FD41F2A070E0
:20674000C2F2000040F2E038C2F20008C8F814004FF4FF1040F2E038C2F20008C8F80C0087
:206760004FF0680040F2E038C2F20008C8F8100040F2E030C2F2000003F00BF880B941F244
:20678000A070C2F2000002F015FF4FF0000041F22018C2F2000888F801004FF000020CE01B
:2067A0004FF0010041F22018C2F2000888F801004FF0010201E04FF001021046BDE83081E0
:2067C0002DE9304105460C464FF00002082C5AD14FF4FF1141F2A070C2F200004FF060020A
:2067E000FDF751F82246294641F2A070C2F2000000F14C00FDF747F84FF05A3041F2A0780A
:20680000C2F20008C8F80000FEF77CFD41F2A070C2F2000040F2E038C2F20008C8F81400BD
:206820004FF4FF1040F2E038C2F20008C8F80C004FF0680040F2E038C2F20008C8F81000B7
:2068400040F2E030C2F2000002F0A3FF80B941F2A070C2F2000002F0ADFE4FF0000041F26F
:206860002018C2F2000888F801004FF000020CE04FF0010041F22018C2F2000888F801008E
:206880004FF0010201E04FF001021046BDE830812DE9304105460C464FF00002082C5AD123
:2068A0004FF4FF1141F2A070C2F200004FF06002FCF7E9FF2246294641F2A070C2F2000044
:2068C00000F15400FCF7DFFF4FF05A3041F2A078C2F20008C8F80000FEF714FD41F2A070C9
:2068E000C2F2000040F2E038C2F20008C8F814004FF4FF1040F2E038C2F20008C8F80C00E6
:206900004FF0680040F2E038C2F20008C8F8100040F2E030C2F2000002F03BFF80B941F26C
:20692000A070C2F2000002F045FE4FF0000041F22018C2F2000888F801004FF000020CE04A
:206940004FF0010041F22018C2F2000888F801004FF0010201E04FF001021046BDE830813E
:206960002DE900414FF0000205293DD141F66408C2F20008D8F8302144F64A33C5F248030A
:206980009A422ED00A46014641F66400C2F2000000F59470FCF777FF44F64A30C5F2480022
:2069A00041F66408C2F20008C8F83001FEF7AAFCFFF778FA50B94FF0000041F22018C2F21D
:2069C000000888F801004FF000020FE04FF0010041F22018C2F2000888F801004FF00102D4
:2069E00004E04FF00B0201E04FF001021046BDE800814DF8048D41F22018C2F2000898F83B
:206A00000C005DF8048B70472DE900414FF0000041F6A018C2F20008D8F8001042F2341234
:206A2000C7F6430291420BD141F6A018C2F20008D8F8FC1043F28742C4F21232914201D082
:206A40004FF0010078B941F6A018C2F2000898F806100A2907D841F6A018C2F2000898F827
:206A60000610002901D84FF0010008B900F0F4FE08B900F0C6FF08B901F090F8BDE8008145
:206A80004DF8048D4FF0000141F60008C2F2000888F8500008465DF8048B70472DE91041C5
:206AA0004FF00A044FF0000041F28C78C2F20008D8F8000040F2E038C2F20008C8F80C00B5
:206AC00041F28C78C2F20008D8F8040040F2E038C2F20008C8F8100041F28C78C2F2000826
:206AE000D8F80400B0F5001F5CD841F28C78C2F20008D8F8040040F2E038C2F20008C8F83D
:206B0000100048F22078C1F6FF78D8F80C1040F2E030C2F20000884740F2E038C2F20008AE
:206B2000B8F80800C8BB41F22018C2F2000898F80C0041F22211C2F2000108444FF00101AF
:206B4000017041F22018C2F2000898F80C004FEAC00041F60001C2F200010844C078072868
:206B600018D14FF0000010E041F22018C2F2000898F80C1041F22212C2F2000211444FF079
:206B800001020A7000F10100C0B20A28ECD34FF0000404E04FF0000401E04FF00104FEF79F
:206BA00021FE2EE04FF4001040F2E038C2F20008C8F8100048F22078C1F6FF78D8F80C1093
:206BC00040F2E030C2F20000884740F2E038C2F20008B8F8080080B941F28C71C2F2000114
:206BE0004868A0F50010486041F28C71C2F20001086800F50010086003E0FEF7F3FD4FF0CF
:206C000001042046BDE810812DE9F04506460F464FF000054FF000044FF0000A4FF00004D4
:206C20007FE041F22210C2F2000020440078012874D141F6A010C2F2000000F10C01204693
:206C40004FEA8002A2EB00004FEAC00008448068FAF70CFD41F22018C2F2000898F81C10E2
:206C600028295BD2C6F1FF31B94257D3864255D321464FEA8102A2EB01014FEAC10141F6B6
:206C8000AC12C2F200021144C96801448E4245D207EB060122464FEA8203A3EB02024FEAE4
:206CA000C20241F6AC13C2F200031A44D2680244914233D820464FEA8001A1EB00004FEAC2
:206CC000C00041F6AC11C2F200010844C068874224D8002F22D941F22018C2F2000898F831
:206CE0001C0041F22018C2F2000888F80C404FF0010A002812D941F24011C2F20001A1F15D
:206D000028014FEA800210444FEAC0000144486809680844864201D24FF0080504F10100B3
:206D2000C4B241F6A018C2F2000898F806008442FFF477AFBAF1010F01D04FF0050575B9BA
:206D400041F22018C2F2000898F80C0041F22211C2F200010844007808B94FF00805284616
:206D6000BDE8F0852DE910414FF0000441F29878C2F20008D8F8040000286DD041F29878D4
:206D8000C2F20008D8F8000040F2E038C2F20008C8F80C0041F29878C2F20008D8F80400C2
:206DA000C0F18000024641F29878C2F20008D8F8040041F2A001C2F2000108444FF0FF0173
:206DC000FCF774FD41F2A000C2F2000040F2E038C2F20008C8F814004FF0800040F2E038E5
:206DE000C2F20008C8F810004FF0000041F29878C2F20008C8F8040048F22078C1F6FF7805
:206E0000D8F8101040F2E030C2F20000884740F2E038C2F20008B8F8080010B14FF00104FA
:206E20001AE000F0C5FA012808D140F2E038C2F20008D8F80C0000F057FB0DE041F220182B
:206E4000C2F2000898F81C1040F2E038C2F20008D8F80C0000F0C7FA2046BDE810812DE975
:206E600010414FF0000441F29878C2F20008D8F8040000286AD041F29878C2F20008D8F87A
:206E8000000020F07F0041F22018C2F20008D8F8101021F07F0188423AD141F22018C2F2C7
:206EA0000008D8F8100041F29878C2F20008D8F80410A0EB010041F29878C2F20008D8F8AC
:206EC0000010A0EB0100024641F29878C2F20008D8F8040041F2A001C2F2000108444FF0E7
:206EE000FF01FCF7E3FC41F22018C2F20008D8F8100041F29878C2F20008D8F80010A0EB4F
:206F0000010041F29878C2F20008C8F8040037E0FFF728FF044600F0B7FB41F22018C2F26E
:206F20000008D8F8100000F07F0041F29878C2F20008C8F8040041F2A000C2F200004FF071
:206F400080024FF0FF01FCF7B1FC19E000F09CFB41F22018C2F20008D8F8100000F07F00DA
:206F600041F29878C2F20008C8F8040041F2A000C2F200004FF080024FF0FF01FCF796FC42
:206F80002046BDE810812DE910414FF000045FE141F29878C2F20008D8F8040041F2947859
:206FA000C2F20008D8F8001008448028C0F0018141F29878C2F20008D8F80400C0F180000B
:206FC000024641F22018C2F20008D8F8181041F29878C2F20008D8F8040041F2A003C2F2ED
:206FE00000031844FCF74FFC41F29878C2F20008D8F80400C0F1800241F22011C2F20001D5
:2070000088691044886141F29878C2F20008D8F80400C0F1800241F29471C2F200010868DF
:20702000A0EB0200086041F22018C2F20008D8F8100041F29878C2F20008D8F80410A0EBE6
:20704000010040F2E038C2F20008C8F80C004FF0800040F2E038C2F20008C8F8100041F295
:20706000A000C2F2000040F2E038C2F20008C8F8140048F22078C1F6FF78D8F8101040F2C0
:20708000E030C2F20000884741F29878C2F20008D8F80400C0F1800241F22011C2F200013E
:2070A00008691044086141F22018C2F20008D8F8100041F29878C2F20008C8F800004FF09D
:2070C000000041F29878C2F20008C8F8040040F2E038C2F20008B8F8080010B14FF001042A
:2070E000B6E041F22018C2F20008D8F8140050BB41F22018C2F2000898F86A06012822D1A1
:2071000041F29478C2F20008D8F80000D8B900F04FF9012808D140F2E038C2F20008D8F803
:207120000C0000F0E1F993E041F22018C2F2000898F81C1040F2E038C2F20008D8F80C0041
:2071400000F051F984E000F033F901280ED140F2E038C2F20008D8F8101040F2E038C2F279
:207160000008D8F80C0000F093FA71E041F22018C2F2000898F81C00A0F10100C0B201463F
:2071800040F2E038C2F20008D8F80C0000F02BF900F07AFA40F2E038C2F20008D8F810109F
:2071A00040F2E038C2F20008D8F80C0000F070FA4EE041F29478C2F20008D8F8002041F247
:2071C0002018C2F20008D8F8181041F29878C2F20008D8F8040041F2A003C2F20003184407
:2071E000FCF751FB41F22018C2F20008D8F8100041F29878C2F20008D8F80410A0EB0100DA
:2072000041F29878C2F20008C8F8000041F29871C2F20001486841F29478C2F20008D8F843
:2072200000201044486041F22011C2F20001086941F29478C2F20008D8F800201044086100
:207240004FF0000041F29478C2F20008C8F8000041F29478C2F20008D8F80000002802D966
:20726000002C3FF495AE2046BDE810812DE9F04186B04FF0000441F22018C2F20008D8F819
:20728000187041F29478C2F20008D8F800504FF0000641F26808C2F2000898F824000128CA
:2072A0004AD14FF0000041F22018C2F2000888F86A063CE0FAF7E1FB802D02D94FF0800627
:2072C00008E02E464FF0010041F22018C2F2000888F86A066A463146384602F0AAFF049A1D
:2072E000009941F26808C2F20008D8F8000000F073FA0446C4B9009841F22018C2F20008E3
:20730000C8F81800049841F29478C2F20008C8F80000FFF738FE044641F26801C2F2000177
:207320000868049A104408603744A5EB0605002D25D9002CBED022E0FAF79FFB41F29478BC
:20734000C2F20008D8F8002041F22018C2F20008D8F8181041F26808C2F20008D8F8000033
:2073600000F03AFA044654B94FF0010041F22018C2F2000888F86A06FFF705FE0446FAF707
:207380007CFB7CB941F22018C2F20008D8F8140050B94FF0020041F22018C2F20008C8F805
:2073A000600601E0FEF71EFA204606B0BDE8F0814DF8048D41F22018C2F2000898F81C009E
:2073C000A0F10100C0B241F22018C2F2000898F81D10814202D14FF0010001E04FF00000CF
:2073E0005DF8048B70472DE930410D4641F22018C2F2000898F81D4021464FEA810211448C
:207400004FEAC10141F24012C2F2000201EB0204616822681144A1EB000102F0BDFA02F074
:20742000C5FA41F22018C2F2000898F81D1001F10101C9B241F22018C2F2000888F81D1066
:20744000014604F108004FF02002FCF71CFA41F22018C2F2000898F81D4041E002F094FAC9
:2074600020464FEA800108444FEAC00041F24011C2F200010844416820464FEA8002104404
:207480004FEAC00041F24012C2F200021044006802F082FA02F08AFA014620464FEA8002B0
:2074A00010444FEAC00041F24012C2F20002104400F108004FF02002FCF7E5F941F220185A
:2074C000C2F2000898F81D0000F10100C0B241F22018C2F2000888F81D0004F10100C4B2AF
:2074E000AC42BBD3BDE830812DE9104141F22018C2F2000898F81C10A1F10101C9B24FEA28
:20750000810211444FEAC10141F24012C2F2000201EB02042168884207D361682268114496
:20752000A1EB000102F038FA03E06168206802F033FA02F03BFA014641F22018C2F20008B2
:2075400098F81D0000F10100C0B241F22018C2F2000888F81D0004F108004FF02002FCF705
:2075600092F9BDE810812DE9104183B04FF0000441F22010C2F2000000F11C00009041F286
:207580002018C2F20008D8F818000190684602F03FF90446002C70D141F22018C2F20008C8
:2075A00098F80C004FEA8001A1EB00004FEAC00041F6AC11C2F200010844007807283DD146
:2075C0004EF20011C0F2010141F6A010C2F200004FF48072FCF757F9FFF716FA70B148F232
:2075E0001061C1F6FF7141F6A010C2F200004FF48072FCF748F94FF001043EE041F2201822
:20760000C2F2000898F80C004FEAC00041F60001C2F2000108444FF00101017041F22018C3
:20762000C2F2000898F80C004FEAC00041F60001C2F200010844029941601EE041F220181B
:20764000C2F2000898F80C004FEAC00041F60001C2F2000108444FF00101017041F2201883
:20766000C2F2000898F80C004FEAC00041F60001C2F200010844029941600CB9FEF7B2F8E0
:20768000204603B0BDE8108100B502F07DF900BD2DE9004141F22018C2F2000898F81C2077
:2076A000A2F10102D2B24FEA82031A444FEAC20241F24013C2F200031A441368984202D3D2
:2076C00002F06AF907E008441168A0EB01000146106802F061F9BDE800812DE930014FF066
:2076E000000241F24013C2F20003A3F1280441F22018C2F2000898F81C304FEA83052B4458
:207700004FEAC3031C4463680B44636041F24011C2F20001A1F1280141F22018C2F2000812
:2077200098F81C304FEA830423444FEAC30319440C6841F24011C2F20001A1F1280141F24F
:207740002018C2F2000898F81C304FEA83052B444FEAC30319444B68234441F22018C2F294
:20776000000898F80C404FEA8401A1EB04044FEAC404214641F6AC14C2F20004214441F224
:207780002018C2F2000898F80C404FEA8405A5EB04044FEAC40441F6AC15C2F200052C449D
:2077A000E46889680C44A34201D94FF005027AB14FF0000141F22018C2F20008C8F864166B
:2077C0004FF0050141F22018C2F2000888F801101046BDE8300170472DE930410D46144695
:2077E0004FF0000383B92146FFF777FF03465BB941F22018C2F20008C8F8185041F294784D
:20780000C2F20008C8F800401846BDE830814DF8048D4FF0000041F22018C2F2000888F83C
:207820001D004FF0000041F22018C2F2000888F81C004FF0000041F29878C2F20008C8F82B
:2078400004004FF0000041F29878C2F20008C8F800005DF8048B70472DE930014FF0000005
:207860004FF000014FF001024FF00000BCE04FF00001B2E002464FEA8203A3EB02024FEA08
:20788000C20241F6AC13C2F2000313440A464FEAC20248F20864C1F6FF7422449B68126820
:2078A0009342C0F0958002464FEA8203A3EB02024FEAC20241F6AC13C2F200031A44926894
:2078C000C2F1FF3302464FEA8204A4EB02024FEAC20241F6AC14C2F200042244D268934208
:2078E00076D302464FEA8203A3EB02024FEAC20241F6AC13C2F2000313440A464FEAC20259
:2079000048F20864C1F6FF7422449B68526893425ED802464FEA8203A3EB02024FEAC202D4
:2079200041F6AC13C2F20003134402464FEA8204A4EB02024FEAC20241F6AC14C2F20004FD
:207940002244D2689B681A44A2F101030A464FEAC20248F20864C1F6FF742244526893427D
:2079600036D802464FEA8203A3EB02024FEAC20241F6AC13C2F200031A440B464FEAC30309
:2079800048F20864C1F6FF741C440B464FEAC30348F20865C1F6FF752B4464681B68A4EB48
:2079A000030303F10103D2689A4211D802464FEA8203A3EB02024FEAC20241F6AC13C2F28B
:2079C00000031A44D268002A02D94FF0000207E04FF0010201F1010189B20A29FFF44AAF4F
:2079E0005AB900F1010080B241F6A018C2F2000898F806108842FFF43AAF1046BDE830012D
:207A000070472DE93001ACB04FF000024FF000004FF000014FF0000028E001464FEA011173
:207A200004AB0B4401464FEA8104A4EB01014FEAC10141F6AC14C2F20004214489689960B9
:207A400001464FEA011104AB0B4401464FEA8104A4EB01014FEAC10141F6AC14C2F2000456
:207A60002144C968D96000F10100C0B241F6A018C2F2000898F806108842CED34FF00000D8
:207A800053E000F10101C9B244E003464FEA031304AC1C440B464FEA031304AD2B44A468AD
:207AA0009B689C4233D903464FEA031304AC23449B68029303464FEA031304AC2344DB68A0
:207AC000039303464FEA031304AC1C440B464FEA031304AD2B449B68A36003464FEA03130A
:207AE00004AC1C440B464FEA031304AD2B44DB68E3600B464FEA031304AC2344029C9C60DF
:207B00000B464FEA031304AC2344039CDC6001F10101C9B241F6A018C2F2000898F80630F3
:207B20009942B2D300F10100C0B241F6A018C2F2000898F80610A1F101018842A1D34FF01F
:207B400000001CE001464FEA011104AB0B4401464FEA011104AC2144C9689B68194404ABB2
:207B600003F1100403464FEA031323449B68994202D94FF001020CE000F10100C0B241F67C
:207B8000A018C2F2000898F80610A1F101018842D8D310462CB0BDE8300170472DE91001DC
:207BA0004FF001014FF000004FF0000083E002464FEA8203A3EB02024FEAC20241F6AC1318
:207BC000C2F200031A441278072A71D102464FEA8203A3EB02024FEAC20241F6AC13C2F254
:207BE0000003134402464FEA8204A4EB02024FEAC20248F21C64C1F6FF7422449B6892684D
:207C0000934255D102464FEA8203A3EB02024FEAC20241F6AC13C2F20003134402464FEA4F
:207C20008204A4EB02024FEAC20248F21C64C1F6FF742244DB68D268934239D102464FEA07
:207C40008203A3EB02024FEAC20241F6AC13C2F20003134402464FEA8204A4EB02024FEA39
:207C6000C20248F21C64C1F6FF7422441B69126993421DD102464FEA8203A3EB02024FEA63
:207C8000C20241F6AC13C2F20003134402464FEA8204A4EB02024FEAC20248F21C64C1F614
:207CA000FF7422445B695269934201D14FF0000100F1010080B241F6A018C2F2000898F826
:207CC00006209042FFF473AF0846BDE8100170474DF8048D40F2FC38C2F2000898F8000054
:207CE0000028F7D15DF8048B70472DE90041EFF3108040F20048C2F20008C8F8000040F208
:207D00000048C2F20008D8F8000008B90CF083FDBDE800812DE9004140F20048C2F200089F
:207D2000D8F8000008B90CF08BFDBDE8008110B50446606818B14FF00200208129E01CB9A8
:207D40004FF00500208124E0207828B96078012802D1A078012803D04FF00600208118E0FB
:207D60004FF000000BF09AFD4FF000000BF0CCFF0BF090FF012806D14FF0010060604FF064
:207D80000000208105E04FF0000060604FF00100208110BD416819B94FF00201018108E089
:207DA0004FF0000141614FF0000101614FF00001018170474FF00002B0F1807F06D3B0F16B
:207DC000817F03D2A0F1807008600BE0B0F5005F06D3B0F5001F03D200F5F030086001E026
:207DE0004FF00102104670472DE9F04482B00446E7682069E1680844A0F101004FF000012F
:207E000001914FF0000A4FF400564FF00005616819B94FF00200208159E0216919B94FF059
:207E20000400208153E06A460146384600F023F9012803D14FF00700208148E001A93846B5
:207E4000FFF7B8FF05461DB14FF0090020813EE00199B1FBF6F006FB00F0A1EB0001019812
:207E6000A0EB01000190206901990844A0F1010A2AE00BF00FFF012803D04FF00A002081E1
:207E800025E0314601980BF0B6FD05464DB14FF00B0020811BE00BF099FFA06908B1A06992
:207EA00080470BF0F7FE0128F5D11DB14FF00C0020810CE00BF00AFF18B14FF00D002081BC
:207EC00005E001983044019001985045D1D902B0BDE8F0842DE9F04D87B00446D4F80CA030
:207EE0002069E1680844A0F10100D4F81480CDF80880D4F810B04FF000054FF0100748F2C5
:207F00001071C1F6FF7103AA0B6813604B6853608B689360C968D1604FF000064FF00001F3
:207F20000191616819B94FF002002081A0E0216919B94FF0040020819AE0616919B94FF01D
:207F40000500208194E0BAFBF7F107FB01F1AAEB010119B14FF00800208189E06A460146CD
:207F6000504600F088F818B14FF0070020817FE001A95046FFF71EFF06461EB14FF0090036
:207F8000208175E04FF000052EE00BF083FE012803D04FF00A0020816AE03A46DDF8088010
:207FA00005EB08000146019828440BF0BFFD06464EB14FF00B0020815AE00BF007FFA0694C
:207FC00008B1A06980470BF065FE0128F5D11EB14FF00C0020814BE00BF078FE18B14FF06C
:207FE0000D00208144E03D4407EB05005845CCD92089E8BB5D453BD2ABEB05014FF000001F
:208000000BE003AA024400EB0503DDF8088043441B78137000F10100C0B28842F1D30BF0A8
:2080200039FE012803D04FF00E00208120E03A4603A9019828440BF079FD06464EB14FF0F3
:208040000F00208114E00BF0C1FEA06908B1A06980470BF01FFE0128F5D11EB14FF010000B
:20806000208105E00BF032FE10B14FF01100208107B0BDE8F08D4FF001034FF002031360CA
:20808000884202D94FF001032BE0B0F5005F0ED3B0F5001F0BD2B1F5005F08D3B1F5001FC2
:2080A00005D24FF0000010604FF0000319E0B0F1807F14D34FF6FF73C1F2010398420ED84A
:2080C000B1F1807F0BD34FF6FF70C1F20100814205D84FF0010010604FF0000301E04FF007
:2080E00001031846704700B54BF2BC20C1F6FF700CF0D0F84FF000000CF0F8F94FF47A7155
:208100004FF000000CF066F900BD4DF8048D4FF0000041F6A428C2F2000898F8001001296A
:2081200009D14FF001004FF0000141F6A428C2F2000888F800105DF8048B70474DF8048D25
:208140004FF0010041F6A428C2F2000888F800005DF8048B7047704770474FF00002104600
:20816000704700B5F9F7B2FF00BD00B5F9F7AEFFFAF7CBFB00BD00B5FAF7C7FB00BD2DE934
:20818000F00148F23478C1F6FF78D8E9000148F23C78C1F6FF78D8E9002348F24478C1F66B
:2081A000FF78D8E9006748F24C78C1F6FF78D8E9004584464FEA0C4C4FEA1C4C41F6B428DF
:2081C000C2F20008A8F800C084464FEA1C4C41F6B428C2F20008A8F802C041F6B428C2F220
:2081E0000008C8F8041010464FEA00404FEA104041F6BC28C2F20008A8F8000010464FEA45
:20820000104041F6BC28C2F20008A8F8020041F6BC28C2F20008C8F8043030464FEA0040DB
:208220004FEA104041F6C428C2F20008A8F8000030464FEA104041F6C428C2F20008A8F8B8
:20824000020041F6C428C2F20008C8F8047020464FEA00404FEA104041F6CC28C2F20008BA
:20826000A8F8000020464FEA104041F6CC28C2F20008A8F8020041F6CC28C2F20008C8F83F
:2082800004504FF0011041F6D428C2F20008C8F80000BDE8F00170474188A1F1010189B2A6
:2082A00009E00A464FEA820243681A44126822B9A1F1010189B20029F3D801F1010189B278
:2082C00041807047F0B44FF0000504464FEA144416464FEA1646B44202D94FF001052BE051
:2082E000B44227D24FF0020526E0A4F10104A4B20F4626464FEA860637449C4626464FEACB
:20830000860666443F683668B74202D94FF0010512E00F4626464FEA860637449C46264688
:208320004FEA860666443F683668B74202D24FF0020501E0002CD8D12846F0BC704770B4CB
:208340000C46154621464FEA114102888A421ED321464FEA11414180294642688A4216D0B9
:208360004FF000010EE00A464FEA8202436813442E460A464FEA8202324412681A6001F1E3
:20838000010189B222464FEA12429142EBD370BC70472DE9F04B88B002900391049205935A
:2083A000039CDDF84080D8F80450A54200F0E680059CDDF84080D8F80450A54200F0DE8099
:2083C0004FF00009ADF802904FF00009ADF800904FF00009ADF806904FF00009ADF804909D
:2083E000029C4FEA1448ADF80680049C4FEA1448ADF80480BDF80480BDF8069008EB09043D
:20840000A4F10104A4B2DDF84080A8F802404FF000044FF000054FF00009ADF802908CE083
:20842000069407954FF000044FF000054FF00009ADF800905AE0BDF80280BDF80090C8453F
:208440004ED3BDF80280BDF80090A8EB0906BDF80680464544DA039EBDF80280BDF80090DC
:20846000A8EB09074FEA87073E44366836464FF00007B346BC46059FBDF800604FEA860637
:208480003E44366836464FF0000732463B465846614602F015FD02460B461E4636464FF000
:2084A0000007B346BC46DC461CEB040C66462C4644F10004274634463D46164636464FF0A9
:2084C0000007B346BC46DC46DDF818801CEB080C6646DDF81CC04CF1000C67460696079763
:2084E000BDF8008008F10106ADF80060BDF80080BDF80490C8459ED3079E36464FF00007DF
:20850000B346BC46DC461CEB040C66462C4644F10004274634463D46BDF802604FEA86068A
:20852000DDF84080D8F804703E44069F3760BDF8028008F10106ADF80260DDF84080B8F821
:208540000260BDF80280B045FFF46AAF44EA0506A6B1BDF802604FEA8606DDF84080D8F8B0
:2085600004703E443460DDF84080B8F8024004F10104A4B2DDF84080A8F8024008B0BDE8C6
:20858000F08B2DE9F04983B001920293DDF828E0019C4FEA1448ADF8028004464FEA1448A1
:2085A000ADF800804FF000054FF000046EE0029E27464FEA87073E44366836464FF000070B
:2085C000AB464FF0000C16EB0B0647EB0C078C46A3464FEA8B0BDC44DCF800C0E3464FF062
:2085E000000CB3457CEB07061BD326464FEA8606DEF804703E440F46A4464FEA8C0C67445D
:20860000DDF808C0A3464FEA8B0BDC443F68DCF800C0A7EB0C07A7EB050535604FF0000590
:2086200031E026464FEA8606DEF8047006EB07034FF000064FF001078C46A3464FEA8B0B9D
:20864000DC44DCF800C0E3464FF0000C16EB0B0647EB0C07DDF808C0A3464FEA8B0BDC4426
:20866000DCF800C0E3464FF0000CB6EB0B0667EB0C07AB464FF0000CB6EB0B0567EB0C068A
:208680001D604FF0010504F10104A4B2BDF8028044458CD327E00F4626464FEA86063E449A
:2086A0003668AE4211D326464FEA8606DEF804703E448C4627464FEA870767443F68A7EB61
:2086C000050535604FF000050AE025464FEA8505DEF8046035446FF07F462E604FF00105F5
:2086E00004F10104A4B2BDF800804445D3D3AEF802407046FFF7D0FD03B0BDE8F0892DE97E
:20870000F04840F22C47ADEB070D01920293DDF844640C467568A54200F0CC804FF0820414
:20872000ADF8144089AC06944FF08204ADF80C4007AC04940A4601463046FFF700FEB0E0DF
:208740007088A0F101004FEA800071680844006800464FF0000104460D46029901984FEAB9
:208760001040A0F101004FEA80000844006800464FF0000183468C4601984FEA104071886E
:20878000A1EB000080B2074665450AD15C4508D13FB90096019A029BD6E90001FFF7F1FE64
:2087A00088E0A3457CEB050014D39FB1A7F1010087B223464FF000027088A0F102004FEA86
:2087C000800071680844006800464FF00001141843EB01051BF101004CF1000102460B46C2
:2087E0002046294602F0A0F804460D46069821460160DDF818C00CF1040C2846CCF800002B
:20880000069800F10400006820B14FF00200ADF8160003E04FF00100ADF8160003A8009077
:20882000019A029BDDE90501FFF7B3FDDDE9031205A8FFF784FD6FB3BDF81600384480B2F4
:20884000ADF81600BDF81600A0F1010080B20FE001464FEA8101069C2144A0EB07044FEA07
:208860008404069D2C4424680C60A0F1010080B2B842EDD24FF000000AE001464FEA8101BD
:20888000069C21444FF000040C6000F1010080B2B842F2D30096DDE90523D6E90001FFF705
:2088A00070FE019A029BD6E90001FFF70BFD02287FF446AF40F22C47BD44BDE8F088F0B45B
:2088C00003464FEA1343A3F101039BB21C464FF000031BE00E4603F101054FEA85053544B2
:2088E0002D684FEAC5751E464FEA860657683E448C461F464FEA870767443F684FEA57071F
:2089000047EA0505356003F101039BB2A342E1D323464FEA830355682B4420464FEA800036
:20892000084400684FEA5000186020464FEA800051680844006808B9548003E004F1010088
:2089400080B25080F0BC70472DE9F04940F24C77ADEB070D0290039116461F46DDF870B7DF
:208960004FF00102019222466FF30F0242F00102144622466FF31F4242F48032144601AD9D
:208980004FF0820240F24478E844A8F800200AAACDF848274FF08202ADF8202040F23C52EA
:2089A0006A4409924FF04102ADF818200DF5876207924FF08202ADF810208CAA05922146BF
:2089C0002A4608A8FFF7BBFC31463A4606A8FFF7B6FC0299039A04A8FFF7B1FC40F244720E
:2089E0006A4400920DF5ED68D8E90023DDE90401FFF785FE40F24478E844D8E9001204A81F
:208A0000FFF79DFC37E0079A126802F00102B2B140F244726A440092DDE90423DDE9080159
:208A2000FFF7B7FC08AA00920DF5ED68D8E9002340F24478E844D8E90001FFF760FE40F2AC
:208A400044726A440092DDE90423DDE90401FFF7A0FC04AA00920DF5ED68D8E9002340F229
:208A60004478E844D8E90001FFF749FE06AADDE90601FFF724FF22462B46DDE90601FFF7DD
:208A800021FC0128BFD040F244726A440092DDE90423DDE90801FFF77CFC08AA00920DF569
:208AA000ED68D8E9002340F24478E844D8E90001FFF725FEDDE908125846FFF740FC40F2A6
:208AC0004C77BD44BDE8F08900B5FFF758FB00BD70B581B00E461C464FF00005B4F5807F01
:208AE00004D24BF68043CFF6FF7308E000941346014630464FF0FF3200F03CF8034633B90A
:208B0000B4F5807F03D94CF20073CFF6FF730BB94FF00105284601B070BD70B44FF001052B
:208B200003460C46164692B94FF0000511E04BB144B118782178884204D103F1010304F118
:208B4000010402E04FF0000503E0A6F10106002EEDD8284670BC704710B40346144605E0D9
:208B600033B1197003F10103A4F10104002CF7D810BC70472DE9F04DADF5277D8246019185
:208B80000092AF9E4FF000074FF000044FF0010465AD4FF0000B102E02D3B6F5807F06D931
:208BA0004BF68077CFF6FF774FF0000410E065A9184600F012F965A8A0F10100304400781D
:208BC000BC2805D04BF60077CFF6FF774FF00004012C52D1A5A84FF008024FF00001FFF78A
:208BE000BBFF4FF0000B0DE058464FEA800041F6D853C2F200031844006830B90BF101006A
:208C00005FFA80FBBBF1400FEED358464FEA800041F6D853C2F200031844006800F0AFF9F8
:208C2000C0F1200080B2CBF13F034FEA43131844A0F1010B30464FEAC000C0F108005844E7
:208C40009DF8943143FA00F030B14BF68077CFF6FF774FF0000410E00BF0070018B905F13D
:208C60000105A6F101060AF10200864205D24BF68077CFF6FF774FF00004012C63D106EBAC
:208C80000500A0EB0A00A0F1010453462246A6EB0A00A0F101000146284600F059F830460A
:208CA0004FEAC000A0EB0B004FF0FF0323FA00F39DF8940100EA0300C0B28DF8940101E050
:208CC00005F10105A4F10100854202D228780028F6D0284605F101050078012804D04BF6B9
:208CE0000077CFF6FF772EE0A4EB05000646DDF80080B8F1FF3F08D0DDF80080464504D00C
:208D00004BF60077CFF6FF771DE002A800F0B4FEA5A902A84FF0080200F023FF5246019992
:208D200002A800F01EFF3246294602A800F019FF524602A92046FFF7F0FE012803D04BF619
:208D40008047CFF6FF7738460DF5277DBDE8F08D2DE9F04CE4B005460C4617469A4668465D
:208D60004FF004024FF00001FFF7F6FE4FF020062EE0B346B44200D2A34601A800F07CFE54
:208D80005246394601A800F0ECFE694601A84FF0040200F0E6FE4FF000000DE001A900EB07
:208DA00001032A4605F1010511781B7881EA0301C9B2117000F101005845EFD3684600F1CC
:208DC0000301087800F10100C0B20870A4EB0B04002CCED864B0BDE8F08C2DE9304183B0D4
:208DE0000C464FF0000231E041F6D831C2F2000101F1FC03C2F100014FEA810119441346C4
:208E00004FEA830303441B784FEA036513464FEA8303034403F101031B784FEA03431D444E
:208E200013464FEA8303034403F102031B784FEA03231D4413464FEA8303034403F103032E
:208E40001B782B440B6002F10101CAB2402ACBD34FF0011041F6D428C2F20008C8F800002D
:208E60004FF0000217E010464FEA800041F6D841C2F20001014441F6D850C2F2000000F15D
:208E8000FC03C2F100004FEA800018440068086002F10100C2B2402AE5D341F6CC20C2F2DA
:208EA0000000029041F6BC28C2F20008D8E90001CDE9000141F6C428C2F20008D8E900230D
:208EC00041F6B428C2F20008D8E90001FFF73CFD4FF000024EE010464FEA800080B20346D9
:208EE00004F1FF00A0EB0300A0F1030110464FEA800041F6D825C2F20005284400684FEA52
:208F00001060C0B2087004F1FF00A0EB0300A0F1020110464FEA800041F6D825C2F20005E5
:208F2000284400684FEA1040C0B2087004F1FF00A0EB0300A0F1010110464FEA800041F68F
:208F4000D825C2F20005284400684FEA1020C0B2087004F1FF00A0EB030110464FEA8000A2
:208F600041F6D823C2F2000318440078087002F10100C2B2402AAED303B0BDE830814FF021
:208F800000424FF0000107E002EA000333B94FEA520201F1010189B22029F5D308467047BB
:208FA00010B44FF0000341F6D852C2F2000221E012B308B303784FEA036303F07F4300F153
:208FC000010004784FEA044404F47F04234400F1010004784FEA042404F47F44234400F1CF
:208FE000010004782344136000F1010002F10402A1F104010029DBD810BC704730B504460A
:209000000D46FAF706FE20704FF0010028804FF0000030BD30B50D464FF000010446FCF7AF
:209020009DFF0246D2F8240144F64A31C5F24801884206D04FF02200FAF77EFE4FF00101F9
:2090400010E04FF0000109E002F5827008440078207004F1010401F10100C1B22029F3D34B
:209060004FF000014FF020002880084630BD2DE9F04483B007468A4648F25470C1F6FF70B0
:20908000694602880A8042884A8082888A80C288CA80008908814FF000044FF0000552E006
:2090A0004FF000064AE028464FEA40006946014430464FEA8002A2EB00004FEA800048F2B5
:2090C000C032C1F6FF72104409880088814232D1204604F101018CB2384429464FEA410142
:2090E0006A46114409884FEA2121C9B20170204604F101018CB2384429464FEA41016A46C2
:209100001144098801F0FF01C9B2017030464FEA8001A1EB00004FEA800048F2C031C1F635
:20912000FF7108448268514604EB07009047BAF80000204484B206F1010086B2112EB2D3E5
:2091400005F1010085B2052DAAD3AAF800404FF0000003B0BDE8F0842DE9F04483B007467B
:209160008A4648F25E70C1F6FF70694602880A8042884A8082888A80C288CA8000890881E0
:209180004FF000044FF0000552E04FF000064AE028464FEA40006946014430464FEA80029B
:2091A000A2EB00004FEA800048F2C032C1F6FF72104409880088814232D1204604F1010185
:2091C0008CB2384429464FEA41016A46114409884FEA2121C9B20170204604F101018CB253
:2091E000384429464FEA41016A461144098801F0FF01C9B2017030464FEA8001A1EB0000DA
:209200004FEA800048F2C031C1F6FF7108448268514604EB07009047BAF80000204484B25D
:2092200006F1010086B2112EB2D305F1010085B2052DAAD3AAF800404FF0000003B0BDE8E4
:20924000F08400B54FF00002FCF7F9FE0246104600BD70B583B005460E461446FCF77EFE9F
:20926000024628788DF8040001A800F1010005F101010978017001A800F1020005F1020163
:209280000978017001A800F1030092F82811017001A800F1040002F5947101F101010978FC
:2092A000017001A800F1050002F5947101F102010978017001A800F1060002F5947101F12D
:2092C00003010978017001A800F1070002F5947101F104010978017030464FF0000593E0E5
:2092E0004FF000068AE003464FEA530300F0010001A92944097841FA06F101F0010181EACE
:20930000000118466FF3D75001F001014FEAC15140EA010003461A4618464FEA00204FEA63
:20932000D07019464FEAC1214FEAD17181EA000110466FF3145001F001014FEA015140EAC8
:209340000100024618464FEA00204FEAD07019464FEA01414FEAD17181EA000110466FF31B
:20936000CF3001F001014FEAC13140EA0100024618464FEA00204FEAD07019464FEAC14193
:209380004FEAD17181EA000110466FF30C3001F001014FEA013140EA0100024618464FEA8A
:2093A00000204FEAD07019464FEA81614FEAD17181EA000110466FF3451001F001014FEA7A
:2093C000411140EA0100024618464FEA00204FEAD07019464FEA01714FEAD17181EA0001A7
:2093E00010466FF3C30001F001014FEAC10140EA01000246104606F10101CEB2082EFFF499
:2094000072AF05F10101CDB2082DFFF469AF4FEA1210C0B28DF801000DF1010000F1010030
:209420004FEA122101F0F001C9B24FEA1253DBB203F00F0343EA0101C9B201700DF1010019
:2094400000F102004FEA0211C9B24FEA1242D2B202F00F0242EA0101C9B2017020469DF829
:209460000110017000F101010DF1010202F1010212780A7000F102000DF1010101F1020194
:20948000097801704FF0000003B070BD70B50C46F8F72DF80546F8F7EDFA0146A26802F1CB
:2094A00004024FF010031370A26802F105024FF000031370A26802F106024FF0000313703E
:2094C000A26802F107024FF000031370A26802F108024FF0000313706DB1A26802F10802D0
:2094E000A5F101034FF0010606FA03F343F00103DBB213700DE061B1A26802F10802A1F1B7
:2095000001034FF0010606FA03F343F00203DBB213704FF00902E2604DB941B94FF00100F7
:20952000FDF7AEFAFCF71AFCFAF7F6FB03E0FCF74CFDFAF7F1FB70BD00B5F8F726FB00BDF9
:2095400000B5F8F706FB00BD704700B58A6802F104024FF0100313704FF00502CA60FAF71C
:20956000DBFB00BD2DE900414FF4FF104FF4487190F85C1040F22858C2F2000888F80010C1
:209580000168B1F15A3F09D1014641F6DC60C2F200004FF06002FAF776F909E041F6DC6082
:2095A000C2F200004FF060024FF0FF01FAF77EF9BDE8008100B5014641F6DC60C2F2000066
:2095C0004FF06002FAF75FF900BD10B50C4641F6DC61C2F2000101F104014FF00702FAF774
:2095E00052F94FF0070020804FF0000010BD10B50C4641F6DC61C2F2000101F10B014FF0B1
:209600000702FAF740F94FF0070020804FF0000010BD10B50C4641F6DC61C2F2000101F1F3
:2096200012014FF00702FAF72EF94FF0070020804FF0000010BD10B50C4641F6DC61C2F286
:20964000000101F119014FF00702FAF71CF94FF0070020804FF0000010BD10B50C4641F66F
:20966000DC61C2F2000101F138014FF00402FAF70AF94FF0040020804FF0000010BD10B5E0
:209680000C4641F6DC61C2F2000101F13C014FF00802FAF7F8F84FF0080020804FF00000D0
:2096A00010BD10B50C4641F6DC61C2F2000101F144014FF00802FAF7E6F84FF00800208067
:2096C0004FF0000010BD10B50C4641F6DC61C2F2000101F14C014FF00802FAF7D4F84FF0BA
:2096E000080020804FF0000010BD10B50C4641F6DC61C2F2000101F154014FF00802FAF7F5
:20970000C2F84FF0080020804FF0000010BD10B50C4641F6DC61C2F2000101F120014FF00A
:209720001802FAF7B0F84FF0180020804FF0000010BD10B50C4648F26871C1F6FF714FF0E3
:209740000702FAF7A0F84FF0070020804FF0000010BD10B50C4648F26F71C1F6FF714FF0EE
:209760000702FAF790F84FF0070020804FF0000010BD10B50C4648F27671C1F6FF714FF0D7
:209780000802FAF780F84FF0080020804FF0000010BD2DE9104104462089E0B948F220789E
:2097A000C1F6FF78D8F80C1020468847208978B948F22078C1F6FF78D8F81010204688475B
:2097C000208910B94FF0000007E04FF0010004E04FF0010001E04FF00100BDE8108110B571
:2097E0004FF000040179013903D305D0013908D00AE0F8F7D3FA09E0C2688168F8F7D2FA58
:2098000004E0F8F7EFFA01E04FF00104204610BD2DE9F04CE5B082464FF000054FF00004FE
:209820004FF000064FF00007FDF7E3F88DF80300DAF8000018B1DAF80000007820B94FF049
:2098400006054FF0000432E04FF0000B2AE09DF803004FEA8001A1EB00004FEAC00041F646
:20986000AC11C2F2000108440069F7F7FFFE0746DAF8001058464FEA800210444FEAC00001
:2098800001F1040108440068874203D15E464FF001040CE04FF00B054FF000040BF101001D
:2098A0005FFA80FBDAF8000000788345CFD3012C2CD1DAF800000078A0F101004FEA800160
:2098C00008444FEAC00000F1040B5846DAF8002031464FEA810319444FEAC10102F104022E
:2098E00011444968814204D04FF003054FF000040CE0012C0AD107F10400024651463046FC
:2099000000F059F805460DB14FF00004012C37D102A800F0B1F8DAF8001030464FEA80022F
:2099200010444FEAC00001F10401084400686FF0005100EA010001A9F9F7FAFF01A902A8AD
:209940004FF0040200F00DF901A95846F9F7F0FF01A902A84FF0040200F003F95A46394601
:2099600002A800F0FEF8DAF8042002A84FF480734FF02001FFF7ACF8012801D04FF0010548
:20998000284665B0BDE8F08C00B541F64C70C2F2000000F071F800BD00B50A46014641F62E
:2099A0004C70C2F2000000F0DCF800BD41F64C70C2F2000070472DE9F04482B004460F463D
:2099C0004FF0000A4FF0000016464FF000054BE0A54246D0396828464FEA800210444FEAE0
:2099E000C00001F10401084400686946F9F7A0FF01A93A6828464FEA800318444FEAC000F3
:209A000002F1040210444068F9F792FF694630464FF00402F9F758FF012806D101A906F17E
:209A200004004FF00402F9F74FFF012811D1396828464FEA800210444FEAC00001F1040186
:209A4000084400F1080106F108004FF02002F9F73BFF012802D106F1280602E04FF0040AE6
:209A600006E005F10100C5B2386800788542AFD3504602B0BDE8F0844EF26761C6F60921E2
:209A8000C16200F12C0101F104014AF68562CBF667320A6000F12C0101F108014FF27232A5
:209AA000C3F66E420A6000F12C0101F10C014FF23A52CAF24F520A6000F12C0101F1100101
:209AC00045F27F22C5F20E120A6000F12C0101F1140146F68C02C9F605320A6000F12C0100
:209AE00001F118014DF6AB12C1F683720A6000F12C0101F11C014CF61952C5F6E0320A6034
:209B00004FF0000107E001EB00024FF00003137001F1010189B22029F5D34FF0000114E0F7
:209B20000A464FEA820200F18C031A444FF0000313600A464FEA820200F14C031A444FF09B
:209B40000003136001F1010189B21029E8D34FF0000141624FF0000181624FF000010162C3
:209B600070472DE9F04C88B004460F4692464FF00000606A20F000400AEB0006606A4FEAD6
:209B8000D07000F001004FEAD67101F00101014426F000404FEAC17242EA00064FEA51005E
:209BA000A16A0844B0F1005F02D34FF0010060E16662A0624FF000050FE028464FEA8000D4
:209BC00004F18C01014428464FEA800004F14C0210440068086005F10105102DEDD34FF0F8
:209BE00000050EE028464FEA80006946014428464FEA800004F12C0210440068086005F1F3
:209C00000105082DEED3206A4FEA9001206A00F003004FEAC000226A52444FEA921222F06D
:209C20007C454FF0000636E00A464FEA820204F18C031A44C0F118034FF0FF0C0CFA03F307
:209C40008C464FEA8C0C04F18C0BDC44DCF800C02CEA030306EB070CC0F1180B9CF800C0D9
:209C60000CFA0BFC4CEA0303136000F108004FEA5012114400F01F0006F101061029D3D353
:209C8000694604F18C0000F0F7F84FF000014FF00000A5F10105002D00D800E0EEE740EAB6
:209CA0000102C2B94FF0000513E02A464FEA820204F14C031A444FF0000313602A464FEAC2
:209CC000820204F18C031A444FF00003136005F10105102DE9D3AAEB06054CE00A464FEA1F
:209CE000820204F14C031A44C0F118034FF0FF0C0CFA03F38C464FEA8C0C04F18C0AD444E6
:209D0000DCF800C02CEA030306EB070CC0F1180A9CF800C00CFA0AFC4CEA030313600A465D
:209D20004FEA820204F18C031A44C0F118034FF0FF0C0CFA03F38C464FEA8C0C04F18C0A44
:209D4000D444DCF800C02CEA030306EB070CC0F1180A9CF800C00CFA0AFC4CEA0303136055
:209D600000F108004FEA5012114400F01F0006F10106A5F10105002DB0D8C0F118024FF092
:209D8000800303FA02F50A464FEA820204F18C0313441A6842EA05021A604FF000050EE003
:209DA0002A464FEA820204F12C0313442A464FEA82026E46324412681A6005F10105082D7F
:209DC000EED34FEA81014FEAD00008442062206A372814D9694604F18C0000F04DF84FF0B6
:209DE00000050AE028464FEA800004F18C0108444FF00001016005F10105102DF2D304F1EB
:209E00008C0000F13C00616A4FEAC101016004F18C0000F13800616A4FEA517101F00301FD
:209E2000A26A4FEAC20242EA01010160694604F18C0000F021F84FF000014FF0000514E0D9
:209E400005EB04004FEA95024FEA82026B461A44C1F11803126822FA03F2D2B2027001F132
:209E6000080000F01F0105F10105202DE8D34FF0000008B0BDE8F08C2DE9F04FC3B005469B
:209E80000C464FF4807248F28471C1F6FF7103A800F0A8FC4FF0100082E0A0F10F014FEA1B
:209EA0008101294409684FEAD11121F07E42A0F10F014FEA8101294409684FEA416141EA16
:209EC0000201A0F10F024FEA82022A4412684FEA9242C2F30D03A0F10F024FEA82022A4499
:209EE00012684FEA823242EA030282EA0102A0F10F014FEA8101294409684FEAD10121F005
:209F0000604181EA020EA0F102014FEA8101294409684FEA5141C1F30E02A0F102014FEA9C
:209F20008101294409684FEAC13141EA0201A0F102024FEA82022A4412684FEAD242C2F32C
:209F40000C03A0F102024FEA82022A4412684FEA423242EA030282EA0102A0F102014FEA9E
:209F60008101294409684FEA9121C1F3150181EA020301464FEA81012944A0F110024FEA11
:209F800082022A4412680EEB0206A0F107024FEA82022A44126832441A440A6000F10100E5
:209FA0004028FFF47AAF216804F10400066804F10800076804F10C00D0F80080CDF808802B
:209FC00004F11000026804F11400D0F800C004F11800D0F800A004F11C00D0F80080CDF8EE
:209FE00004804FF000007AE04FEA910323F040434FEA817B4BEA03034FEA513BCBF3120BD1
:20A000004FEAC14E4EEA0B0B8BEA03034FEA915BCBF3090B4FEA812E4EEA0B0B8BEA030B7F
:20A0200006EA010307EA010E8EEA030307EA060E8EEA030EF3444FEA921323F07C434FEA00
:20A04000826E4EEA03034FEAD22ECEF3140E4FEA4258CDF80080DDF8008048EA0E0E8EEA83
:20A0600003034FEA526E0EF07F0E4FEAC218CDF80080DDF8008048EA0E0E8EEA03030CEAE7
:20A080000208CDF800802AEA020EDDF800808EEA080EDDF804804344734486464FEA8E0E32
:20A0A0000DF10C09CDF80490DDF80480C644DEF800E09E4403464FEA83032B441B68734488
:20A0C000CDF804A0E2469446DDF8088003EB0802029737460E460BEB030100F10100402802
:20A0E00082D320680844206004F1040108683044086004F1080108683844086004F10C011D
:20A100000868DDF808804044086004F1100108681044086004F1140108686044086004F1D9
:20A12000180108685044086004F11C010868DDF804804044086043B0BDE8F08F2DE9004165
:20A140004CF64C40C1F6FF700DF0D6F94FF0010042F2D808C2F2000888F800004FF001006F
:20A160000AF0C4F942F210714FF001000AF032F94FF0620008F026F8BDE8008100B54FF03D
:20A18000620008F01FF800BD2DE9004100F01BF8012809D142F2D808C2F2000898F80000D4
:20A1A000012801D1FFF7EAFFBDE800814DF8048D4FF0010042F2D908C2F2000888F8000038
:20A1C0005DF8048B70474DF8048D4FF0000042F2D908C2F2000898F80010012909D14FF01B
:20A1E00001004FF0000142F2D908C2F2000888F800105DF8048B70474DF8048D4FF001000C
:20A2000040F22A58C2F20008A8F800004FF0000042F2DC08C2F20008A8F814004FF0000028
:20A2200042F2DC08C2F2000888F816005DF8048B70472DE9104114464FF0000242F2DC08FF
:20A24000C2F20008C8F80C204FF0800242F2DC08C2F2000888F8042042F2DC08C2F2000849
:20A26000C8F800004FF0000042F2DC08C2F20008C8F8100042F2F400C2F2000020604FF0A0
:20A28000000020610A46214642F2DC00C2F2000000F010F8A08A42F2DC08C2F20008A8F82C
:20A2A0001400A07D42F2DC08C2F2000888F81600BDE810812DE9F04F82B0044601914FF02B
:20A2C00000074FF0000B4FF00009ADF802904FF000098DF8019010464FEAC00006464FF076
:20A2E00000050EE2A07D002840F24F81A07DA0F10100A28A42FA00F0012858D14FF0000A80
:20A3000009E04FF0010000FA0AF0284485B20AF101005FFA80FAA07DA0F101008245F0D375
:20A32000A08A05EA000085B2A07DC0F1090005FA00F080B20546A07DC0F1080000F10100C2
:20A340000146204600F00BFAC0B20746E8B23844C7B2A07DC0F1080000F10100A6EB0006AE
:20A360000199384600F02DFA40F22A58C2F20008B8F8000042F67402C2F20002104407705F
:20A3800040F22A58C2F20008B8F8000000F10100C0F3090080B240F22A58C2F20008A8F8AD
:20A3A00000004FF000054FF00000A075A9E1A07D0B284AD84FF000054FF0000A09E04FF054
:20A3C000010000FA0AF0284485B20AF101005FFA80FAA07DA0F101008245F0D3A08A05EAC4
:20A3E000000085B2A07DC0F10B0005FA00F080B20546A07DC0F10B0090B1A07DC0F10A00EF
:20A4000000F101000146204600F0A9F980B2ADF80200A07DC0F10A0000F10100A6EB0006D1
:20A42000BDF8028008EB0500ADF8020020464FF0040100F094F9C0B28346A6F104064FF004
:20A4400000054FF00000A07564E04FF00005A07DA0F10B00C0B2824609E04FF0010000FA05
:20A460000AF0284485B20AF101005FFA80FAA07DA0F101008245F0D3A08A05EA000085B2E7
:20A48000A07DA0F10B0045FA00F080B2ADF802004FF000054FF0000A09E04FF0010000FA4B
:20A4A0000AF0284485B20AF101005FFA80FAA07DA0F10B008245F0D3A08A05EA000085B29D
:20A4C000A07DA0F10A00A0F10100C0F1040005FA00F080B20546A07DA0F10A00A0F10100C7
:20A4E000C0F104000146204600F039F9C0B28346E8B258445FFA80FBA07DA0F10A00A0F14A
:20A500000100C0F10400A6EB00064FF000054FF00000A0750BF102005FFA80FB4FF0000A3B
:20A5200030E0BDF802800AEB0800C0F3090042F67402C2F20002104407780199384600F0DC
:20A5400040F940F22A58C2F20008B8F8000042F67402C2F200021044077040F22A58C2F20B
:20A560000008B8F8000000F10100C0F3090080B240F22A58C2F20008A8F800000AF1010037
:20A580005FFA80FADA45CCD3BBE0204600F0C2F801284ED1092E21D2A6F1010001462046C8
:20A5A00000F0DDF880B2DDF80480A8F81400F0B2A0F101004FF0010202FA00F2DDF80480DA
:20A5C000B8F81400104480B2DDF80480A8F81400F0B2DDF8048088F8160098E0A6F1090675
:20A5E00020464FF0080100F0BAF8C0B207460199384600F0E6F840F22A58C2F20008B8F846
:20A60000000042F67402C2F200021044077040F22A58C2F20008B8F8000000F10100C0F346
:20A62000090080B240F22A58C2F20008A8F8000067E00F2E10D2A6F101000146204600F034
:20A640008EF880B2DDF80480A8F81400F0B2DDF8048088F816005AE0A6F10F0620464FF019
:20A660000A0100F07CF880B2ADF80200BDF80280B8F1000F04D14FF001098DF8019040E04F
:20A6800020464FF0040100F06AF8C0B283460BF102005FFA80FB4FF0000A30E0BDF8028021
:20A6A0000AEB0800C0F3090042F67402C2F20002104407780199384600F083F840F22A5873
:20A6C000C2F20008B8F8000042F67402C2F200021044077040F22A58C2F20008B8F80000BF
:20A6E00000F10100C0F3090080B240F22A58C2F20008A8F800000AF101005FFA80FADA457C
:20A70000CCD39DF80180B8F1000F3FF4EBAD02B0BDE8F08F017980290CD101690268114402
:20A7200009788160016901F101010161C16801F10101C1600179826801EA020201794FEAB3
:20A740005101C9B20171017911B94FF08001017112B14FF0010001E04FF00000704710B4A6
:20A76000A1F101014FF0010202FA01F24FF0000322E0017980290CD1046901680C44217811
:20A780008160046904F101040461C46804F10104C4600179846801EA040109B143EA020380
:20A7A0004FEA520204794FEA5404E1B20171017911B94FF080010171002ADAD1184610BC84
:20A7C00070470A690B681A4410700A6902F101020A61704700B5F6F770FEF6F743FFFBF742
:20A7E00071FAFAE7E1B4121F39DB850713D0AD0F0B78491C0370401C022D09D80B78491C59
:20A800000370401C022D03D00B78491C0370401C5219121F23DB8D072ED1083A13DB143A05
:20A820000BDBE8C9E8C0E8C9E8C0203AF9DA131C103302DBE8C9E8C0103A143203DBA8C9CC
:20A84000A8C00C3AFBDA083209DB121F04DA0B68091D0360001D02E028C928C0121F121D14
:20A8600060D00B780370022A5CDB4B784370022A58DD8B78837055E0AD0F0326B1430E68FE
:20A88000091D022D1ADC33D00C2A0CDB0C3A330A60C92F063B432D0A37063D4328C0083AD0
:20A8A000F5DA0C3208DB350A0E68091D37063D430560001D121FF6DAC91ED0E70C2A0CDBD2
:20A8C0000C3A330E60C92F023B432D0E37023D4328C0083AF5DA0C3208DB350E0E68091D2C
:20A8E00037023D430560001D121FF6DA491EB6E70C2A0CDB0C3A330C60C92F043B432D0C63
:20A9000037043D4328C0083AF5DA0C3208DB350C0E68091D37043D430560001D121FF6DA47
:20A92000891E9CE7E1BC704720B5051C002902D000F00AF807E0081C002B04D1291C101C3A
:20A9400000F04EFB002120BDE0B59AB0169017911F1C161C1A4300D1B0E2109314960022F7
:20A960001592002B01D0381C00E0301C00F005FB3B1C01D0002200E020221518721EE14872
:20A98000834132403B401343179B06D13F22521B1698191C00F042FB90E2169AB242BB4137
:20A9A00002D20020011C89E2291C01D1012085E2179A202D00DAEBE0002A4ED1169A149E2E
:20A9C00009924022551B2022521B964001D1012038E0CD4B311C981B00F0E7FACA4B4142F9
:20A9E000981B00F0E2FA4700311C381C00F0DDFA4142381C00F0D9FA4700311C381C00F0B7
:20AA0000D4FA4142381C00F0D0FA4700311C381C00F0CBFA4142381C00F0C7FA8700033FE9
:20AA2000311C381C00F0C1FA3218BF1A311C381C00F0BBFA3218BF1A311C381C00F0B5FAFE
:20AA40003218B81A013D099900F0AFFA099B1A1A52088018E840002130E2302D00DA97E08E
:20AA6000100C00901004169A000C0190100C03901004149A000C04901604360C0A9640225A
:20AA8000551B2022521B964001D1012138E09E4B311C981B00F089FA9B4B4142981B00F04D
:20AAA00084FA4700311C381C00F07FFA4142381C00F07BFA4700311C381C00F076FA4142C0
:20AAC000381C00F072FA4700311C381C00F06DFA4142381C00F069FA8700033F311C381CF3
:20AAE00000F063FA3218BF1A311C381C00F05DFA3218BF1A311C381C00F057FA3218B91ADC
:20AB00000C91009E0F1C013D081C311C00F04DFA321A52088218EA400A9B1204120C0D9207
:20AB20005A430198B21A16040643311C381C00F03CFA321A52088218EA400A9917043F0C76
:20AB40003A1C4A430C980399B21A12041143139100F02BFA13990A9B0A1A52088218EA4050
:20AB6000161C5A430C988A1A049912041143129100F01BFA12990A1A52088218EA4012040C
:20AB80000D98120C33041A4301043943101C95E1281111900421081A0790002D19D0002D40
:20ABA00013D0149E1F2D06D92B1C203B9E400021371C0E1C09E0109F331CAF40311C20264E
:20ABC000761BF1400F43AB401E1C14960023159310972D072D0F130C20D11698002D01D1F3
:20ABE00017990FE0031C1F2D04D9203DAB40191C002007E0AA402026761BF0400243111C87
:20AC0000AB40181C119E013E11960B1C0A0C010C0604360C01A846C000202AE0002102915D
:20AC2000002D1ED01026761BF3401804000C02901698002D01D117990FE0031C1F2D04D9B1
:20AC4000203DAB40191C002007E0111CA9402022521BD0400143AB40181C169017910A1CC4
:20AC60000B0C1004169A000C0190100C03901004000C04901804000C00901098149A050CDA
:20AC800005950104090C0891100C0B901004000C0A9000211891199111986A1E2A4001D016
:20ACA000102100E00F210E912022521A9540069001D101213EE0144B291C581B00F075F914
:20ACC000114B4142581B00F070F94600291C301C00F06BF94142301C00F067F94600291CF4
:20ACE000301C00F062F94142301C00F05EF94600291C301C00F059F94142301C00F055F981
:20AD000004E0C04600000000FFFFFF7F8600033E291C301C00F049F92A18B61A291C301CA0
:20AD200000F043F92A18B61A291C301C00F03DF92A18B11A06980F910501029805998842CB
:20AD4000009903D101231B040E1C16E006040E980E43471E311C0F9800F027F9331A5B0809
:20AD6000C3180598FB401F1C4743F61B089F01985F4332040243974208D90598013B36180C
:20AD8000012000048642F1D3089F5F4307980026042101400AD00A9E5E430498861B3004FA
:20ADA000000C0490360C76423604360C0798052101400BD00B9A5A430398821A961B30043E
:20ADC000000C0390360C76423604360C0198C21B911B0804000C01900A0C059F5642360407
:20ADE000360C5F430098C21B961B3004000C0090320C029856423604360C861B320C2AD0B4
:20AE00000698013B002826D007980421014007D00A9804994218B6183004000C0490360CE1
:20AE200007980521014007D00B9803994218B6183004000C0390360C089801994218B61857
:20AE40003004000C019005980099360C4218B6183004000C00901E1C0027002D0DD01F2DFA
:20AE600005D92A1C203A93401F1C002605E02022501B1F1CC740AB401E1C189B3343199E47
:20AE800000983E430004000C02900198069A0004000C0090039818930004000C019004989B
:20AEA00019960004000C039000210491103D501E0690002A00D040E7181C311C1AB0E0BD30
:20AEC000E0B58BB0059006910004000C160C1104090C051C4D4309920A932A04120C2B0CAE
:20AEE000051C754303962E04360C9B192F0C0A9D2E04360C051C754304962E04360CBF19A3
:20AF00002E0C0A9D2D0C45437619059D280C03B40D1C45432904090C02915B182D0C7F19A9
:20AF20000599051C4D4306992804000C03903F182D0C761901BC484336180798009D000463
:20AF4000000C45432904090C03917F182D0C04997619484336180798050C02BC4D43761925
:20AF60001D0C7F193D0C76193F043F0C310439430891180410430BB0E0BD002801D120205F
:20AF800012E01F22010C01D0081C103A010A01D0081C083A010901D0081C121F810801D066
:20AFA000081C921E4108501A704760B50204120C0B041B0C090C151C4D43000C061C5E433F
:20AFC0005A43120C33041B0C9A182B041B0C9A18120C48438018310C0818290C081860BD8E
:20AFE00060B400230125021C04D10B4A002A10D060BC1047914207D3891A5B194E08B24221
:20B00000F8D252006D00F5E7012D02D052086D08F0E7181C60BC70470000000060B50D1CE0
:20B02000011C0023181C402A0CD2161C203E2B1CF340002E06DA281CD0400B1CD3407142FB
:20B040008D402B43011C181C60BDFFFF30B44FF0000308E003EB010403EB00052D7825701B
:20B0600003F10103DBB29342F4D330BC704710B443F23C02C4F203024FF0000109E001EB05
:20B080000203C1F10F04044424781C7001F10101C9B21029F3D310BC704710B443F25C022E
:20B0A000C4F203024FF0000109E001EB0203C1F10F04044424781C7001F10101C9B21029DE
:20B0C000F3D310BC704710B443F25C02C4F203024FF0000111E0042905D201EB02034FF0B0
:20B0E00000041C7006E001EB0203C1F10F04044424781C7001F10101C9B21029EBD310BC82
:20B10000704710B443F21C02C4F203024FF0000109E001EB0203C1F10F04044424781C7057
:20B1200001F10101C9B21029F3D310BC70472DE9700184B002460C466D4647F69406C1F688
:20B14000FF760BCE0BC53068286043F23808C4F20308D8F8000000BA009043F23408C4F23A
:20B160000308D8F8000000BA694601F10401086043F23008C4F20308D8F8000000BA6946C5
:20B1800001F10801086043F22C08C4F20308D8F8000000BA694601F10C0108604FF0000043
:20B1A00008E000EB02016B4603441B780B7000F10100C0B2A042F4D304B0BDE87001704725
:20B1C0004DF8048D4FF0000301F001014FEA002040EA010002F0FF014FEA014141EA000345
:20B1E00043F20C08C4F20308C8F800305DF8048B70472DE900414FF0000043F20408C4F22D
:20B200000308D8F8000010F0010F02D140F2031009E04FF0010043F20808C4F20308C8F83C
:20B22000000000F014F8BDE8008170B50C4615461E464FF00001FFF764FF324629462046D0
:20B24000FFF7BEFFFFF7D5FF0146084670BD2DE9304182B04FF000004FF0000000904FF0A9
:20B2600000044FF000054FF00000019069464FF0000009F0AAFA4FF000044FF47A614FF08B
:20B28000000009F0C0FA054607E001AA69464FF0000009F0A6FA0198044443F20408C4F2BF
:20B2A0000308D8F8000010F0010F01D1AC42ECD343F20408C4F20308D8F8000010F0010F42
:20B2C0000AD043F20408C4F20308D8F800004FEAC0504FEA106001E04FF4807002B0BDE865
:20B2E000308130B50C461546FFF7C1FE2046FFF7EAFE29464FF080024FF05000FFF760FFFE
:20B30000FFF777FF30BD2DE9F04D8AB00E4601929B464FF0000101994FEAD117019901F0F9
:20B320007F01C9B20C464FEAD401C9B20D4604F00701C9B28DF8031047F6A401C1F6FF71CC
:20B3400006ABD1F800C0C3F800C0D1F804C0C3F804C0D1F808C0C3F808C0C968D96047F671
:20B36000B401C1F6FF7102ABD1F800C0C3F800C0D1F804C0C3F804C0D1F808C0C3F808C020
:20B38000C968D960FFF773FE59464FF080024FF05000FFF715FFFFF72CFF014600295FD122
:20B3A0004FF0000A0EE05A4650464FEA001030444FF080034FF05101FFF737FF014619B9CB
:20B3C0000AF1010ABA45EED329BB24B32A4606A950464FEA00103044FFF738FE06A8284434
:20B3E00051464FEA0111294431444FF001039DF8038003FA08F3A3F10103097803EA01012E
:20B40000C9B201705A4606A84FF080034FF05101FFF70BFF0146C1B94FF00C000AE002A9FE
:20B420000144C0F10F0301AC23441B780B7000F10100C0B21028F2D35A4602A84FF0800375
:20B440004FF05101FFF7F1FE014649B959464FF080024FF05300FFF7B3FEFFF7CAFE01468F
:20B4600008460AB0BDE8F08D10B44FF00103C0F10F04072801D30D2801D94FF00003022C55
:20B4800002D1B1F5803F04D2032C04D1B1F1807F01D34FF00003042A01D3102A01D94FF08E
:20B4A0000003184610BC70472DE9F04D05460C4616469A46DDF820B00A9F5A4631462046B1
:20B4C000FFF7D2FFE0B2C0F10E005FFA8BF1A1F102014FEA51014FEAC10141EA0000BAF18E
:20B4E000000F8CBF012100214FEA811141EA0000C0B23870E0B2C0F10E00C0B2DDF8248063
:20B5000088F800004FF0000012E000F10101394400EB050212780A7000F10101DDF82480A8
:20B52000414400EB050212780A7000F10100C0B2A042EAD34FF00F000EE000EB0702C0F1AC
:20B540000F014FEAC10126FA01F101F0FF01C9B21170A0F10100C0B2A042EED8BDE8F08D13
:20B560002DE9F04D8BB00C4615461E46DDF84CB0149FDDF854A04FF0000147F6C401C1F6E6
:20B58000FF7107AA0B6813604B6853608B689360C968D16047F6D401C1F6FF7103AA0B689D
:20B5A00013604B6853608B689360C968D1604FF0010140F23058C2F2000888F80010FFF72D
:20B5C00056FD03A8029007A8019000975B46324629462046FFF768FF07A8FFF75EFD524621
:20B5E00003A84FF080034FF06001FFF71EFE014608460BB0BDE8F08D2DE9F04488B00446EE
:20B6000017464FF0000047F6E400C1F6FF7004AA036813604368536083689360C068D06027
:20B6200047F6F400C1F6FF706A46036813604368536083689360C068D0604FF00000B1F5AC
:20B640007F4F0ED24FEA1120C0B28DF8100004A800F1010001F0FF02D2B202704FF0020004
:20B660002BE04FF0FF008DF8100004A800F101004FF0FE02027004A800F102004FEA116252
:20B68000D2B2027004A800F103004FEA114202F0FF02D2B2027004A800F104004FEA112292
:20B6A00002F0FF02D2B2027004A800F1050001F0FF02D2B202704FF00600C0F1100291423C
:20B6C00005D20A464FF0000A4FF000060CE0C0F1100200EB01034FEA1313A3F1010A0144D4
:20B6E00001F00F01C9B20E464FF0000509E005EB000104AB194405EB04031B780B7005F155
:20B7000001059542F3D33A4604A84FF080034FF06101FFF78AFD98B925444FF000040DE090
:20B720003A4620464FEA001028444FF080034FF06101FFF77AFD18B904F101045445EFD378
:20B7400080B97EB13246694620464FEA00102844FFF77CFC3A4668464FF080034FF0610140
:20B76000FFF763FD08B0BDE8F0842DE9F04D85B0044615469B464FF000064FEA1118CDF828
:20B78000008001F00F00C0B2824647F60410C1F6FF7001AA016811604168516081689160BF
:20B7A000C068D06040F23058C2F2000898F8000010B94FF4817644E04FF0000716E05A4628
:20B7C00038464FEA001020444FF080034FF06201FFF72BFD06466EB938464FEA0010284416
:20B7E0004FF01001FFF7A3FC07F10107DDF800804745E4D32EBBBAF1000F22D04FF00000F8
:20B8000040F23058C2F2000888F80000524601A938464FEA00102044FFF718FC50464FEAEC
:20B82000C00003465A4601A84FF06201FFF7FDFC064636B9514638464FEA00102844FFF72A
:20B8400076FC304605B0BDE8F08D2DE9F04C05460C469446DDF820A0DDF824B00A9F4FF03A
:20B8600000062BB13A4619466046FFF7C5FE06463CB136B93B46079A21462846FFF775FF1F
:20B88000064676B939464FF080024FF06300FFF797FCFFF7AEFC06461EB959465046FFF7D4
:20B8A00046FC3046BDE8F08CF0B44FEAD20502F007044FF000034FF000060EE006EB010295
:20B8C00006EB00073F78127887EA020212B14FF0010304E006F10102D6B2AE42EED39BB949
:20B8E00094B1314430440078097880EA0100C0B24FF0010101FA04F1A1F1010100EA010094
:20B90000C0B208B14FF001031846F0BC70472DE900414FF0010140F23158C2F2000888F869
:20B920000010FFF7A4FB4FF080024FF000014FF08000FFF745FCBDE800812DE9F04584B0C6
:20B9400007464FF000044FEA111A01F00F00C0B2064647F61410C1F6FF706A460168116024
:20B960004168516081689160C068D06040F23158C2F2000898F8000010B94FF481743EE015
:20B980004FF0000513E0FFF734FC04468CB928464FEA00103844FFF7B4FB4FF080024FF0E3
:20B9A00000014FF08100FFF70BFC05F101055545E9D324BB1EB34FF0000040F23158C2F219
:20B9C000000888F80000FFF714FC04467CB93246694628464FEA00103844FFF737FB68462A
:20B9E00030444FF0800101706846FFF78AFB4FF080024FF000014FF08100FFF7E1FB204680
:20BA000004B0BDE8F0852DE9704114461D464FF0000611B1FFF791FF0646DEB940F23158A9
:20BA2000C2F2000898F80000012802D14FF0820201E04FF0830210464FF080024FF00001FF
:20BA4000FFF7BEFBFFF7D5FB06461EB929462046FFF76DFB3046BDE87081F0B50C461546BD
:20BA60001E46059F4FF00001FFF751FF29462046FFF763FF014641B93B4632464FF0000191
:20BA80004FF00000FFF7BFFF01460846F0BDF0B585B01D460A9E0B9F4FF0000447F624142A
:20BAA000C1F6FF7401ABD4F800C0C3F800C0D4F804C0C3F804C0D4F808C0C3F808C0E46837
:20BAC000DC6006F107034FEAD303009301ABFFF7C4FF04462CB9324601A92846FFF7E4FE8B
:20BAE0003870204605B0F0BD2DE9F04404460F461E464FF00005002AD0B24FEA0010C0B2DE
:20BB000082462046FFF7B3FABAF1000F02D03846FFF7C3FA314650464FF08002FFF750FB88
:20BB2000BAF1700F0ED1FFF764FB054655B904F11000FFF79CFA31464FF080024FF07100D5
:20BB4000FFF73EFB2846BDE8F0842DE9F04C044615464FF00007D8B24FEA001000F101002D
:20BB6000C0B28246072B06D1D8B24FEA001000F10200C0B2824601F00F0008BB4FEA111B5A
:20BB80004FF0000619E030464FEA00102044FFF7B8FAFFF72EFB0746A7B930464FEA001011
:20BBA00028444FF01001FFF7C2FA079950464FF08002FFF705FB06F101065E45E3D301E0F2
:20BBC0004FF481773846BDE8F08C2DE9F04481B014461E46DDF81CA0089D099F4FF0000233
:20BBE000002D3B462A46FFF77FFF02463AB900972B46524631462046FFF7A7FF02461046C1
:20BC000001B0BDE8F0842DE910414FF000044FF0000440F22C58C2F2000888F800404FF0FC
:20BC2000010440F23258C2F2000888F800404FF0000442F68048C2F20008C8F800404FF089
:20BC4000000442F68448C2F20008C8F80040602A04D11A46FFF745FB044602E0FFF753FBBB
:20BC600004462046BDE810812DE9F04584B0044617464FF000004FEA111A01F00F01C9B299
:20BC80000E4647F63412C1F6FF726B46116819605168596091689960D168D96040F22C5876
:20BCA000C2F2000898F80010012902D14FF481703BE04FF0000515E042F68041C2F20001F5
:20BCC000086800F1100008603A4628464FEA001020444FF080034FF05101FFF7A6FA18B936
:20BCE00005F101055545E7D3F8B9F6B14FF0010040F22C58C2F2000888F8000042F6804171
:20BD0000C2F200010868304408603246694628464FEA00102044FFF799F93A4668464FF0EB
:20BD200080034FF05101FFF780FA04B0BDE8F0852DE9F04D85B0044615469B464FF000065E
:20BD40004FEA1118CDF8008001F00F00C0B2824647F64410C1F6FF7001AA0168116041681D
:20BD6000516081689160C068D0604FF0010040F22C58C2F2000888F8000040F23258C2F23E
:20BD8000000898F8000010B94FF4817653E04FF000071EE042F68441C2F20001086800F17E
:20BDA000100008605A4638464FEA001020444FF080034FF05201FFF738FA06466EB93846D3
:20BDC0004FEA001028444FF01001FFF7B0F907F10107DDF800804745DCD366BBBAF1000F54
:20BDE00029D04FF0000040F23258C2F2000888F8000042F68441C2F20001086850440860F5
:20BE0000524601A938464FEA00102044FFF71EF950464FEAC00003465A4601A84FF05201F5
:20BE2000FFF703FA064636B9514638464FEA00102844FFF77CF9304605B0BDE8F08D2DE93C
:20BE4000F04988B005460C469446DDF844B0129F4FF0000647F65410C1F6FF7004A902685D
:20BE60000A6042684A6082688A60C068C8602BB13A4619466046FFF7F7FE06463CB136B96C
:20BE80003B460F9A21462846FFF752FF0646002E52D142F68048C2F20008D8F800000046ED
:20BEA0004FF000014FEA507423464FEAC002CDE9022342F68448C2F20008D8F80000004630
:20BEC0004FF000014FEA507423464FEAC002CDE900234FF0000014E004A90144C0F1070209
:20BEE00002AB1A4412780A7004A901F108010144C0F107026B461A4412780A7000F1010087
:20BF0000C0B20828E8D33A4604A84FF080034FF05101FFF78AF9064676B939464FF0800211
:20BF20004FF05400FFF74CF9FFF763F906461EB959461098FFF7FBF8304608B0BDE8F08942
:20BF40002DE9F04D84B01D460C9E0E9FDDF83CA0DDF844B0129C4FF000032346FFF753FE86
:20BF6000034637B12BB9224639460D98FFF77CFE03463EB133B92346524631462846FFF7B0
:20BF8000D7FE03469BB90394CDF808B0DDF84080CDF80480CDF800A04FF000034FF0000255
:20BFA0004FF000014FF00000FFF749FF0346184604B0BDE8F08D2DE9F04D84B01F460C9DB2
:20BFC0000E9EDDF83CA0DDF844B0129C4FF000030294CDF804B000962B46FFF7C1FA03463B
:20BFE00036B12BB9224631460D98FFF705FB03463DB133B92346524629463846FFF7B5FB45
:20C0000003469BB90394CDF808B0DDF84080CDF80480CDF800A04FF000034FF000024FF06A
:20C0200000014FF00000FFF710FC0346184604B0BDE8F08D10B44FF000024FF000014FF0BD
:20C0400000011FE003464FEA830342F68844C2F2000423441C680B464FEA8303E46923446D
:20C060001B6863B10B464FEA830342F68C44C2F2000423441B6813B14FF001020EE001F189
:20C080000101C9B203464FEA830342F68844C2F2000423441B689B689942D3D3104610BCCF
:20C0A0007047F0B50D46059E4FF000044FF000014FEA800042F69047C2F200073844006844
:20C0C00040680068013803D320D0013862D0E1E0B47C4FF040414FF000001060B06850B16D
:20C0E00018464FEAC0007269104440684FEA400041EA0001D1E018464FEAC0007269104436
:20C1000040684FEAC04041EA0001C6E0B07C4FEA4000C0B204464FF040414FF0010010609B
:20C12000B068E0B118464FEA40004FEAC0007269104440684FEAD0304FEA004041EA0001D1
:20C1400018464FEA400000F101004FEAC0007269104440684FEAD03041EA00019DE0184606
:20C160004FEA40004FEAC0007269104440684FEAC04041EA000118464FEA400000F1010048
:20C180004FEAC0007269104440684FEAC00041EA000182E0B07C4FEA8000C0B204464FF068
:20C1A00002001060B068D0B318464FEA80004FEAC0007169084440684FEA50504FEA006121
:20C1C00018464FEA800000F101004FEAC0007269104440684FEA50504FEA004041EA000108
:20C1E00018464FEA800000F102004FEAC0007269104440684FEA50504FEA002041EA000107
:20C2000018464FEA800000F103004FEAC0007269104440684FEA505041EA00013DE01846C3
:20C220004FEA80004FEAC0007169084440684FEAD0004FEA006118464FEA800000F10100D2
:20C240004FEAC0007269104440684FEAD0004FEA004041EA000118464FEA800000F1020056
:20C260004FEAC0007269104440684FEAD0004FEA002041EA000118464FEA800000F1030055
:20C280004FEAC0007269104440684FEAD00041EA000102E04FF0030010600A4619462846E8
:20C2A00003F066FE2046F0BD2DE9F04C40F20C47ADEB070D8DF807000F469DF807104FEACB
:20C2C000810142F69043C2F200031944D1F800A04FF000044FF0000B11464FEA8101DAF8E3
:20C2E000242011440D684FF000064FF0000102914FF4806247F66C51C1F6FF7103A8FEF732
:20C3000071FAA97C4FEA910101F10601202907D8A97C4FEA910101F10601C9B20E4601E008
:20C320004FF020064FF000040BE00095234602AA39469DF80700FFF7B4FE834604F101013D
:20C34000CCB2B44202D2A97C8C42EED3DAF804104968384603F0ECFD4FF0000429E021463D
:20C360004FEAC10103AA0A4421464FEAC1016B69194409685160A96841B121464FEAC101AD
:20C3800003AA11444FF001024A7007E021464FEAC10103AA11444FF000024A7021464FEAB9
:20C3A000C10103AA11444FF000020A7004F10101CCB25C45D3D303AA0299384603F028FD64
:20C3C00040F20C47BD44BDE8F08C2DE9F04C06468A4630464FEA800042F69041C2F200015B
:20C3E000084405684FF0000450464FF0010103F0C2FC4FF0000428E020464FEA8000696A7C
:20C4000008440768B869A8B9B86810B94FF0000B01E04FF0010B786903685A46397F504646
:20C4200003F056FA786943683A7F5946504603F043FD07E0B869022804D122465146304690
:20C44000FFF732FF04F10100C4B295F820008442D2D3504603F0CDFC10B94FF0000001E0F6
:20C460004FF00100BDE8F08CF0B504460E4615464FF0010720464FEA800042F69041C2F29A
:20C480000001084405604FF000014FF000024FF000004FF00000A86A026820464FEA800050
:20C4A0004CF68041C1F6FF7108440168304603F044FAC0B20746002F40F09B80304603F054
:20C4C000A0FA42F69440C2F2000020444FF001010170288B4FEA8001A1EB00004FEAC000FA
:20C4E000E96908440178304603F061FD4FF000000EE021464FEAC111014442F6A042C2F2AC
:20C50000000211444FF0FF020A7000F10100C0B28028EED34FF0000163E008464FEA8000B3
:20C520006A6A10440068027B4FEA820242F69843C2F200031A4410608269013A03D30FD0BE
:20C54000013A27D04AE022464FEAC212037F1A4442F6A043C2F200031A44007B10703DE0E2
:20C560004FF0000212E023464FEAC31390F81CC09444634442F6A04CC2F2000C634490F81A
:20C580000CC083F800C002F10102D2B2037C9A42E9D323E022464FEAC212037F1A4442F673
:20C5A000A043C2F200031A44037B137042F6A042C2F2000202F1060322464FEAC2121A44E3
:20C5C000037B137042F6A042C2F2000202F1070322464FEAC2121A44007B107001F10100CC
:20C5E000C1B295F82000814297D331462046FFF7ECFE3846F0BD30B505464FF000044FF054
:20C6000001014FF000004FF000044BE028464FEA800042F68842C2F2000210440268204668
:20C620004FEA8000D26910440068C0B328464FEA800042F68842C2F20002104402682046D4
:20C640004FEA8000D26910440068C278012A26D121464FEA410143F23812C2F20002114462
:20C66000028B0A8021464FEA810143F23C12C2F2000211444FF000020A60024681782046A1
:20C68000FFF7F2FE0146C9B920464FEA800042F68C42C2F2000210444FF00202026004F122
:20C6A0000100C4B228464FEA800042F68842C2F200021044006880688442A7D301292DD118
:20C6C0004FF000041DE028464FEA800042F68841C2F200010844016820464FEA8000C96937
:20C6E0000844006850B120464FEA800042F68C41C2F2000108444FF00001016004F10100C9
:20C70000C4B228464FEA800042F68841C2F200010844006880688442D5D313E028464FEA22
:20C72000800043F23411C2F2000108444FF00101016028464FEA800043F23411C2F2000106
:20C740000844006830BD70B44FF000034FF000044FF0000505784FEA450543F23816C2F214
:20C76000000635442D884FEA8506A6EB05054FEAC505C0692844807A01280DD190784D7CBC
:20C78000A84206D8907808280BD9506800F0804038B94FF0010304E09078082801D94FF0E4
:20C7A0000103012B05D0906808B9887B08B14FF00104204670BC70472DE9F0440E464FF095
:20C7C00000044FF0000501464FEA810142F69042C2F200021144D1F800A042F69441C2F2D0
:20C7E00000010844007801280ED1304603F004FADAF8081001F0020131B930464FF0000286
:20C800004FF0000103F08BFA4FF0000422E021464FEA81010846DAF8241008440768B869C9
:20C82000012810D14FF0000509E0387F2844C0B20146304603F003F805F10100C5B2387C5F
:20C840008542F2D303E0397F304602F0F8FF04F10100C4B29AF820008442D8D3304603F05A
:20C86000C8FAC0B2BDE8F08470B505464FF000004FF000044FF001064FF000004FEA80003B
:20C8800042F68841C2F200010844016828464FEA8000C9690844046828464FEA800042F6BD
:20C8A0008C41C2F200010844006801382DD302D0023818D929E0A1782078FFF77DFF20BB05
:20C8C00028464FEA800042F68C41C2F2000108444FF00201016060784FF00201F5F7F8FB8F
:20C8E0004FF0000611E028464FEA800042F68C41C2F2000108444FF00201016060784FF01B
:20C900000201F5F7E5FB4FF00006304670BD10B54FF000024FF000024FF001014FF0000297
:20C920004FEA820242F68843C2F200031A44136802464FEA8202DB691A44126803464FEA04
:20C94000830342F68C44C2F2000423441B68022B11D14FEA800042F68C41C2F200010844D9
:20C960004FF00301016050784FF00301F5F7B0FB4FF000010BE04FEA800042F68C42C2F2D3
:20C98000000210440068032801D14FF00001084610BDF0B506460C464FF0010530464FEA4A
:20C9A000800042F69041C2F2000108440768204603F006FA054640F20601C0F23B0120464D
:20C9C00003F0EBF842F69440C2F200003044007801280DD1B86800F0020030B920464FF02E
:20C9E00001024FF0000103F09AF9204603F0E1F81DB9204603F048F90546E8B2F0BD2DE924
:20CA0000F04C04460F4620464FEA800042F69041C2F200010844D0F800A04FF000064FF026
:20CA200000054FF0010B4FF000062EE030464FEA8000DAF8241008440568A86810B94FF04D
:20CA4000000001E04FF00100A96931B969690B680246297F384602F03BFF687B90B9A8699D
:20CA6000003802D0023808D00CE06B7B297F38464FF0000203F004F804E038464FF00001D0
:20CA800003F043F806F10100C6B29AF820008642CCD339462046FFF77CFF08B94FF0000B7E
:20CAA0005FFA8BF0BDE8F08C70B504464FF000004FF000054FF001064FEA800042F688428E
:20CAC000C2F200021044026820464FEA8000D269104405680846013830D303D0023824D339
:20CAE00028D02BE020464FEA800042F68C41C2F2000108440068022820D1A9782878FFF7D4
:20CB00007EFFD8B920464FEA800042F68C41C2F2000108444FF00101016068784FF001011F
:20CB2000F5F7D6FA4FF0000608E02046FFF79CFE064603E02046FFF7EAFE0646304670BDB4
:20CB400070B5049C05464FEA8505284642F69045C2F20005284406684FEA8101084642F6B3
:20CB60009841C2F200010844056860681060216801F4001119B1116841F000411160A86970
:20CB800020B9216801F07061B1F1C06FA869022807D0216801F0004119B1116841F080419E
:20CBA0001160287B10713078507194F84800586004F10800186019461046F5F733FA70BD7B
:20CBC00010B54FF0000303464FEAC313134442F6A044C2F2000423441B78FF2B18D01C465D
:20CBE0004FEA44140C44647B94B94FEA43131944896901290CD14FEAC01010444FEA40006D
:20CC000043F24011C2F2000108440088F5F789F910BD70B585B00C4601464FEA810142F6E4
:20CC20009045C2F2000529440E684FF000014FF000014FF0000501464FEAC111194442F6D8
:20CC4000A045C2F2000529440978FF295BD00D464FEA451515446D7B002D54D14FEA4111F1
:20CC600001EB0205A969D9B901464FEA81014CF68042C1F6FF7211440A68297F4FEA011135
:20CC800011440968009101AB03AA297BFFF758FF6B7B297F20464FF0000202F0F1FE32E0CB
:20CCA000022930D1072B06D17068806858B370688068804727E0062B06D17068C06810B31B
:20CCC0007068C06880471EE001464FEA81014CF68042C1F6FF7211440A68297F4FEA0111A7
:20CCE00011440968009101AB03AA297BFFF728FF7068006910B170680069804720464FF014
:20CD0000000102F002FF05B070BDF0B582B00E461F469DF81CC0089C4FF0010111464FEAC7
:20CD2000810142F69842C2F2000211440D684FEAC01060444FEA400043F24011C2F200017E
:20CD4000084421880180A0680190606800906B7B3A466146304603F06EF80146084602B049
:20CD6000F0BD2DE9F04C85B006460C4615469A46DDF830B04FF001004FF0000729464FEAC3
:20CD8000810142F69842C2F200021144C1F800A0DAF81810012932D1DBF8040000F000406D
:20CDA00010B14FF0010001E04FF0000002909BF802008DF80C004FF000008DF80D009AF837
:20CDC0001C003844C0B20146204602F039FF60B9CDF804B09AF81C003844C0B2009002AB07
:20CDE0002A4621463046FFF790FF07F10101CFB29AF810108F4202D2C1B20229DFD020B171
:20CE0000C1B2022901D04FF00100C0B205B0BDE8F08C70B504460D4620464FEA800042F602
:20CE20009041C2F200010844066842F69440C2F2000020440078A8B9284602F0BAFEB06885
:20CE400000F0020030B928464FF001024FF0000102F065FF42F69440C2F2000020444FF04E
:20CE60000101017070BD10B54FF0000421464FEA810142F68842C2F200021144086020460D
:20CE8000FFF7D8F810B92046FFF7B5FB10BD00B54FF00102FFF708FE0246104600BD30B5F7
:20CEA00004464FF000004FF000054FEA800042F68841C2F200010844016820464FEA800062
:20CEC000C9690844056809F0BCFA20464FEA800043F23C11C2F200010844006800280BD9A2
:20CEE00020464FEA800043F23C11C2F2000101440868A0F10100086009F0A7FA20464FEAF4
:20CF0000800043F23C11C2F200010844006818B9A9782878FFF77DFF30BD2DE9F04C81B032
:20CF200005468B464FF0010A4FF000004FF000044FF000064FF0000701464FEA810142F644
:20CF40008842C2F2000211440968496929440F7801464FEA810142F68842C2F200021144D6
:20CF60000A6839464FEA8101D26911440E6846B34FEA800042F68841C2F2000108440168E2
:20CF800028464FEA4010896900EB01045A4621463046FFF7D8FB012813D138464FEA80002E
:20CFA00042F68C41C2F2000108440068012808D1CDF800B023462A46B1783078FFF7D1FE1D
:20CFC0008246504601B0BDE8F08C30B54FF000054FF000044FF000032B464FEA830342F60B
:20CFE0008844C2F2000423441B68002B50D02B464FEA830342F68844C2F2000423441B68A2
:20D00000DB681844037828464FEA800042F68844C2F200042044046818464FEA8000E369E0
:20D0200018440468A4B31046013812D302D001381FD02DE00A4628464FEA800042F68841DE
:20D04000C2F200010844006881692078FFF7B8FD1EE00B4628464FEA800042F68841C2F20F
:20D060000001084400688269A1782078FFF7D1FD0EE00B4628464FEA800042F68841C2F280
:20D080000001084400688269A1782078FFF7C1FD30BD30B54FF000014FF000044FF00005F2
:20D0A0000A464FEA820242F68843C2F200031A44126872B30A464FEA820242F68843C2F2E8
:20D0C00000031A441268D2681044057808464FEA800042F68841C2F200010844016828468A
:20D0E0004FEA8000C9690844046894B1A1782078FFF762FB68B928464FEA800042F68C41F7
:20D10000C2F2000108444FF0020101606078F4F7DEFF30BD4FF00001062802D24FF040011C
:20D1200001E04FF080010846704730B5044620464FEA800043F24021C2F2000108440568F7
:20D14000D5F80004D0B995F8053420464FF000024FF0050101F0BEFB95F8053420464FF0AE
:20D1600000024FF0060101F0B5FB95F8053420464FF000024FF0070101F0ACFB4FF000003B
:20D1800028604FF00100E86030BD70B582B005460E4628464FEA80004CF68441C1F6FF7147
:20D1A000084401684FF0000428464FEA800043F24022C2F200021044006890F8040401288E
:20D1C00010D1486B4FEA00104FEA107000F101004FEAC0004FEA900000F10500864201D86E
:20D1E0004FF00104FCB901AB6A463146284600F0A4FB012802D14FF0010414E0314628464D
:20D2000000F0AAF8012802D14FF001040BE0019908686FF31B600860019908686FF31B601B
:20D2200040F0806008603146284600F0E0F8204602B070BD2DE9F04C84B004468B464FF0A4
:20D2400000054FF008064FF0000002904FF0000701AB6A465946204600F06FFB012802D1AE
:20D260004FF0010570E05946204600F075F8012802D14FF0010567E0019908686FF31B6048
:20D2800040F01060086044F24021C0F20F014FF0000007F0B8FA824603A94FF0000007F09B
:20D2A00094FA0CE002AA03A94FF0000007F099FA02980744574502D94FF0010531E0584683
:20D2C0004FF00001202807D2014620464FF0000200F05AF9014622E0402807D20146204685
:20D2E0004FF0000200F0F6F9014618E060280BD2062C01D0072C07D1014620464FF000026E
:20D3000000F020FA01460AE0062C01D0072C06D1014620464FF0000200F04CFA0146002931
:20D32000C0D02DB9019806684FEA06164FEA1676082E02D14FF0010506E0092E02D14FF0D9
:20D34000000501E04FF000055946204600F04FF8284604B0BDE8F08C70B50E4601464FEA2B
:20D3600081014CF68442C1F6FF7211440C684FF00005FFF7CFFE216801F07F018E4201D888
:20D38000864201D34FF00105206810F0005F12D0616B4FEA01114FEA117101F101000146D7
:20D3A0004FEAC10108464FEA900000F10500864201D84FF00105284670BD30B50C46014666
:20D3C0004FEA81014CF68442C1F6FF72114409684FF00005096801F07F018C4203D8FFF7D7
:20D3E00099FE844201D34FF00105284630BD30B402464FEA82024CF6A443C1F6FF731A44C3
:20D4000012684FF0000301F01F044FF0010505FA04F4202901D214631BE0402901D2D46200
:20D4200017E0602908D2062801D0072801D154670FE04FF001030CE0802908D2062801D037
:20D44000072801D1146704E04FF0010301E04FF00103184630BC704710B44FF000034FF0BF
:20D4600000040346044601B10B6002B1146010BC70474FF00001082800D8014608467047BA
:20D48000F0B582B001464FEA810108464CF68441C1F6FF71084404684FF000064FF00000FB
:20D4A00000904FF00005206810F0004F27D108F0D0FF216841F00041216008F0CEFF44F28B
:20D4C0004021C0F20F014FF0000007F09CF9074601A94FF0000007F078F90CE06A4601A97A
:20D4E0004FF0000007F07DF900980544BD4202D94FF0010603E0206810F4801FEED030463D
:20D5000002B0F0BDF0B582B001464FEA810108464CF68441C1F6FF71084404684FF000065A
:20D520004FF0000000904FF00005206810F4801F27D008F0BEFF21686FF3DF71216008F04D
:20D54000BCFF44F24021C0F20F014FF0000007F05AF9074601A94FF0000007F036F90CE0E6
:20D560006A4601A94FF0000007F03BF900980544BD4202D94FF0010603E0206810F4801FD8
:20D58000EED1304602B0F0BD10B403464FEA830318464CF6A443C1F6FF73184403684FF075
:20D5A00000044FF00004012A11D19C6A186B04EA00004FF0010202FA01F101EA000010B1C4
:20D5C0004FF0010101E04FF000010C460DE04FF0010000FA01F0196B00EA010010B14FF010
:20D5E000010101E04FF000010C46204610BC704702464FEA820210464CF6A442C1F6FF7222
:20D60000104403684FF000024FF0010000FA01F0996A00EA010010B14FF0010201E04FF0CE
:20D6200000021046704702464FEA820210464CF6A442C1F6FF72104403684FF00002A1F19E
:20D6400020004FF0010101FA00F0596A00EA010010B14FF0010201E04FF00002104670479E
:20D6600002464FEA820210464CF6A442C1F6FF72104403684FF00002A1F140004FF00101EC
:20D6800001FA00F0D96E00EA010010B14FF0010201E04FF000021046704702464FEA820236
:20D6A00010464CF6A442C1F6FF72104403684FF00002A1F160004FF0010101FA00F0996E9F
:20D6C00000EA010010B14FF0010201E04FF000021046704710B403464FEA830318464CF6C1
:20D6E000A443C1F6FF73184403684FF000044FF00004012A13D15C6AD86A04EA0000A1F136
:20D7000020014FF0010202FA01F101EA000010B14FF0010101E04FF000010C460FE0A1F1D7
:20D7200020004FF0010101FA00F0D96A00EA010010B14FF0010101E04FF000010C46204694
:20D7400010BC704710B403464FEA830318464CF6A443C1F6FF73184403684FF000044FF081
:20D760000004012A13D1DC6E586F04EA0000A1F140014FF0010202FA01F101EA000010B1E8
:20D780004FF0010101E04FF000010C460FE0A1F140004FF0010101FA00F0596F00EA010035
:20D7A00010B14FF0010101E04FF000010C46204610BC704710B403464FEA830318464CF69F
:20D7C000A443C1F6FF73184403684FF000044FF00004012A13D19C6E186F04EA0000A1F1CC
:20D7E00060014FF0010202FA01F101EA000010B14FF0010101E04FF000010C460FE0A1F1B7
:20D8000060004FF0010101FA00F0196F00EA010010B14FF0010101E04FF000010C4620462E
:20D8200010BC704700B54FF00002202905D24FF00102FFF7A9FE02461CE0402905D24FF0AD
:20D840000102FFF747FF024614E0602909D2062801D0072805D14FF00102FFF773FF0246F3
:20D8600008E0062801D0072804D14FF00102FFF7A1FF0246104600BD2DE9F04C04468B461D
:20D880004FF000064FF0000020464FEA800043F24021C2F20001084407684FF0010A15463A
:20D8A00029462046FFF7BEFF05E0A5F1010529462046FFF7B7FF08B95D45F6D8D0B34FF0EB
:20D8C000000A2E4697F80404012809D1072D07D8E8B20146204601F0DFFD4FF0000618E0CC
:20D8E00030464FEA00103844C068032805D1E8B20146204601F03AFE0BE030464FEA0010AA
:20D900003844C068022804D1E8B20146204601F094FE29462046FFF785FF58B130464FEA93
:20D9200000103844C068012804D1E8B201462046FFF75DFD5046BDE8F08C2DE9F04F85B05D
:20D9400004460D461646049320464FEA80004CF6A441C1F6FF710844D0F80080CDF80C80E5
:20D960004FF008098DF803904FF40079CDF804904FF0000A4FF000004FF0000B16B14FF052
:20D9800000013160062C02D24FF0010101E04FF0030102914FF0000724E0C0B2A5EB0000AB
:20D9A000C5B23946204601F07FFA9DF8038008EB0001DDF80480B8FBF1F006B13760854293
:20D9C0000CD201FB05F05044DDF80C8008F180010844DDF81080C8F8000007E00AF5007A38
:20D9E00007F10107DDF808804745D6D9062C02D24FF4806001E04FF40060824501D34FF008
:20DA0000010B584605B0BDE8F08FF0B403464FEA830318464CF6A443C1F6FF731844036860
:20DA200003F1800000F1600005464FF000033EE04FF000041E464FEAC60630461044007888
:20DA4000012801D14FF000441E464FEAC606304610444078012815D144F080441E464FEAB9
:20DA60008606304600EB05061F464FEAC7073846104440684FEA400020F0404040EA040091
:20DA8000306012E01E464FEA8606304600EB05061F464FEAC7073846104440684FEAC04050
:20DAA00020F0404040EA0400306003F101038B42BED3F0BC70472DE9F0044FF000050346C8
:20DAC0004FEA830318464CF6A443C1F6FF731844036803F1800000F1600007464FF00003BC
:20DAE0004FF0000496E04FF000054FF000069C464FEACC0C604610440078012801D14FF045
:20DB0000004503F1010084464FEACC0C604610440078012801D14FF400469C464FEACC0C07
:20DB200060461044407801281DD145F08045A4464FEA8C0C604600EB070C9A464FEACA0AD6
:20DB400050461044D0F804A048F20000C1F6FF700AEA000A4FEADA304FEA004040EA050026
:20DB6000CCF8000014E0A4464FEA8C0C604600EB070C9A464FEACA0A50461044D0F804A04B
:20DB8000CAF30A0A4FEACA4040EA0500CCF8000003F1010005464FEAC505284610444078C1
:20DBA00001281DD146F4804603F1010005464FEAC50528461044456848F20000C1F6FF703C
:20DBC00005EA00054FEAD53040EA060025464FEA850505EB0706356845EA0005356015E05D
:20DBE00003F1010005464FEAC505284610444568C5F30A054FEAC500304425464FEA85050C
:20DC000005EB0706356845EA0005356003F1020304F101048C42FFF466AFBDE8F004704788
:20DC2000F0B403464FEA830318464CF6A443C1F6FF731844036803F1800000F160000546B1
:20DC40004FF000034FF00004DDE01E464FEAC606304610444078012815D11E464FEAC6061F
:20DC600030461044466806F0FF564FEA56504FEA006026464FEA860606EB05073E6846EA65
:20DC800000063E6014E01E464FEAC60630461044466806F4FF664FEAD6004FEA0060264698
:20DCA0004FEA860606EB05073E6846EA00063E6003F1010006464FEAC60630461044407860
:20DCC000012817D103F1010006464FEAC60630461044466806F0FF564FEA56504FEA0040D2
:20DCE00026464FEA860606EB05073E6846EA00063E6016E003F1010006464FEAC6063046CA
:20DD00001044466806F4FF664FEAD6004FEA004026464FEA860606EB05073E6846EA000610
:20DD20003E6003F1020006464FEAC606304610444078012817D103F1020006464FEAC60624
:20DD400030461044466806F0FF564FEA56504FEA002026464FEA860606EB05073E6846EAC4
:20DD600000063E6016E003F1020006464FEAC60630461044466806F4FF664FEAD6004FEAA3
:20DD8000002026464FEA860606EB05073E6846EA00063E6003F1030006464FEAC6063046FD
:20DDA00010444078012815D103F1030006464FEAC60630461044466806F0FF564FEA56505E
:20DDC00026464FEA860606EB05073E6846EA00063E6014E003F1030006464FEAC6063046E9
:20DDE0001044466806F4FF664FEAD60026464FEA860606EB05073E6846EA00063E6003F117
:20DE0000040304F101048C42FFF41FAFF0BC70472DE9F04404460D46924620464FEA800031
:20DE20004CF68441C1F6FF710844066820464FEA80004CF6A441C1F6FF71084400684FF09A
:20DE40000007716B4FEA01114FEA117101F101014FEAC101C9B20F464FF001010163284607
:20DE6000013804D317D0023829D33CD049E008F020FB30686FF3092005F003014FEA0121B6
:20DE800040EA0100306008F018FB524639462046FFF7BBFD35E008F00CFB30686FF309205A
:20DEA00005F003014FEA012140EA0100306008F004FB524639462046FFF7FDFD21E008F0F6
:20DEC000F8FA30686FF3092005F003014FEA012140EA0100306008F0F0FA524639462046BF
:20DEE000FFF79EFE0DE008F0E4FA30686FF3092005F003014FEA012140EA0100306008F0A3
:20DF0000DCFABDE8F08401464FEA81014CF6A442C1F6FF721144096802464FEA82024FEABC
:20DF2000820243F26023C2F200031A4412688A6243F26022C2F2000202F1040302464FEA42
:20DF400082024FEA82021A4412684A62062801D007280DD143F26022C2F2000202F1080385
:20DF600002464FEA82024FEA82021A441268CA66062801D007280CD143F26022C2F200025F
:20DF800002F10C024FEA80004FEA8000104400688866704701464FEA81014CF6A442C1F6CC
:20DFA000FF72114409684FF000028A624FF000024A62062801D0072802D14FF00002CA669E
:20DFC000062801D0072802D14FF0000088667047F0B507460C4638464FEA80004CF6A441BA
:20DFE000C1F6FF710844006800F1800528684FEA00304FEA1070FFF73CFA064638464FF0E9
:20E00000000100F051FF864205D938464FF0000100F04AFF064684F848602868206020681A
:20E02000C0F30F00E064286810F4001F06D068686FF0005100EA0100606005E068684FEA38
:20E04000C0004FEA505060604FEA9600C0B24FF0000149E00A464FEA820204F10803134459
:20E060000F464FEA870705F1080C67443F6807F07F474FEA1767FFB21F7004F1080303F180
:20E08000010313440F464FEA870705F1080C67443F6807F47F074FEA1747FFB21F7004F160
:20E0A000080303F1020313440F464FEA870705F1080C67443F6807F47F474FEA1727FFB2A4
:20E0C0001F7004F1080303F1030313440A464FEA820205F108073A44126802F0FF02D2B2DF
:20E0E0001A7001F10101C9B28142B3D305F108024FEA8000C0B2014612E021F0030001F075
:20E100000303C3F10303184400F03F00C0B204F108030B4410440078187001F10100C1B239
:20E12000B142EAD3F0BD2DE9F04482B00446154620464FEA80004CF6A442C1F6FF7210449E
:20E14000076801AB6A462046FFF7F7FB019800F1080A01980068019800684FEA00304FEA66
:20E160001070FFF786F906460099204600F09CFE864204D90099204600F096FE064685F8E4
:20E1800048600198006828602868C0F30F00E8640198006810F4001F07D0019840686FF015
:20E1A000005100EA0100686006E0019840684FEAC0004FEA505068604FEA9600C0B2034610
:20E1C0004FF0000056E002464FEA82021146C9B20A4605F1080102EB0104019984464FEA15
:20E1E0008C0C01F108016144D1F800C00CF07F4C4FEA1C61C9B2217005F1080101F10101E2
:20E2000002EB0104019984464FEA8C0C01F108016144D1F800C00CF47F0C4FEA1C41C9B212
:20E22000217005F1080101F1020102EB0104019984464FEA8C0C01F108016144D1F800C009
:20E240000CF47F4C4FEA1C21C9B2217005F1080101F103010A44019904464FEA840401F197
:20E26000080121440C6804F0FF04E1B2117000F10100C0B29842A6D318464FEA8000C0B271
:20E2800013E020F0030100F00302C2F10302114401F03F01C9B20A4605F10801014452449F
:20E2A00012780A7000F10100C0B2B042E9D3B86802B0BDE8F08400B582B04FF0000201AB89
:20E2C0006A46FFF73AFB01980268C2F30F02104602B000BD30B50C4601464FEA810108464E
:20E2E0004CF6A441C1F6FF7108440568012A08D108F0F7F8696841EA0401696008F0F5F87D
:20E3000007E008F0EEF8696821EA0401696008F0ECF830BDF0B50E46174601464FEA81016D
:20E320004CF6A442C1F6FF7211440D6801464FEA810108464CF68441C1F6FF71084404688D
:20E3400008F0AFF8616B41F00051616308F0ADF808F0B7F8012F2AD10A2E0CD1D4F8E01AC2
:20E360006FF3DF71C4F8E01AD5F8E01A41F40021C5F8E01A4BE00B2E0CD1D4F8E01A6FF3F8
:20E38000DF71C4F8E01AD5F8E01A41F48021C5F8E01A3CE0D4F8E01A6FF3DF71C4F8E01AD9
:20E3A000D5F8E01A41F48031C5F8E01A2FE00A2E0ED1D4F8E01A6FF3DF71C4F8E01AD5F8D8
:20E3C000E01A6FF4002001EA0001C5F8E01A1EE00B2E0ED1D4F8E01A6FF3DF71C4F8E01AD9
:20E3E000D5F8E01A6FF4802001EA0001C5F8E01A0DE0D4F8E01A6FF3DF71C4F8E01AD5F8C8
:20E40000E01A6FF4803001EA0001C5F8E01A08F05CF8F0BDF0B582B001464FEA810108462C
:20E420004CF68441C1F6FF71084404684FF000064FF0000000904FF0000544F24021C0F255
:20E440000F014FF0000006F0DEF9074608F031F8216841F00071216008F02FF801A94FF07E
:20E46000000006F0B2F90CE06A4601A94FF0000006F0B7F900980544BD4202D94FF00106CF
:20E4800003E0206810F0007FEED1304602B0F0BDF0B401464FEA81014CF68442C1F6FF7228
:20E4A00011440C6801464FEA81014CF6A442C1F6FF7211440B6803F18002062804D24FF4BC
:20E4C00080774FF0400503E04FF400774FF08005616B41F0805161634FF0000109E00E4651
:20E4E0004FEA860616444FF0000CC6F800C001F10101B942F3D303F508624FF0000108E0F5
:20E500000E464FEA860616444FF0FF37376001F10101A942F4D34FF0FF3119614FF0FF317E
:20E5200059614FF0FF3199614FF0FF31996401464FEA81014CF68442C1F6FF721144096854
:20E5400001F528624FF0000108E00B464FEA830313444FF000051D6001F101010629F4D301
:20E5600001464FEA81014CF68442C1F6FF721144096801F52A624FF0000108E00B464FEA6F
:20E58000830313444FF0FF351D6001F101010429F4D301464FEA81014CF68442C1F6FF7294
:20E5A0001144096801F52B624FF0000108E00B464FEA830313444FF000051D6001F10101CE
:20E5C0000C29F4D34FEA80004CF68441C1F6FF710844006840F6287100EB01024FF00001A7
:20E5E00008E008464FEA800010444FF00003036001F101013629F4D3606B6FF31C7060639D
:20E60000F0BC70472DE9F044044616469A4620464FEA80004CF6A442C1F6FF721044056897
:20E6200001F01F004FF0010101FA00F707F029FF012E1DD120464FEA80004FEA800043F24E
:20E640006021C2F200010144086840EA07000860BAF1010F26D120464FEA80004FEA8000AC
:20E6600043F26021C2F2000108440068A86219E020464FEA80004FEA800043F26021C2F236
:20E6800000010144086820EA0700086020464FEA80004FEA800043F26021C2F200010844BC
:20E6A0000068A86207F0F1FEBDE8F084F0B504461F4620464FEA80004CF6A443C1F6FF7324
:20E6C0001844056801F01F004FF0010101FA00F6012A24D107F0D5FE43F26020C2F20000DC
:20E6E00000F1040120464FEA80004FEA80000144086840EA06000860012F0DD143F260203C
:20E70000C2F2000000F1040120464FEA80004FEA800008440068686207F0B7FE21E007F055
:20E72000B0FE43F26020C2F2000000F1040120464FEA80004FEA80000144086820EA06002F
:20E74000086043F26020C2F2000000F1040120464FEA80004FEA800008440068686207F0A5
:20E7600094FEF0BDF0B504461F4620464FEA80004CF6A443C1F6FF731844056801F01F00BC
:20E780004FF0010101FA00F6012A24D107F079FE43F26020C2F2000000F1080120464FEAB7
:20E7A00080004FEA80000144086840EA06000860012F0DD143F26020C2F2000000F1080162
:20E7C00020464FEA80004FEA800008440068E86607F05BFE21E007F054FE43F26020C2F25C
:20E7E000000000F1080120464FEA80004FEA80000144086820EA0600086043F26020C2F2B1
:20E80000000000F1080120464FEA80004FEA800008440068E86607F038FEF0BDF0B504465B
:20E820001F4620464FEA80004CF6A443C1F6FF731844056801F01F004FF0010101FA00F6F7
:20E84000012A24D107F01DFE43F26020C2F2000000F10C0120464FEA80004FEA8000014402
:20E86000086840EA06000860012F0DD143F26020C2F2000000F10C0120464FEA80004FEAC3
:20E88000800008440068A86607F0FFFD21E007F0F8FD43F26020C2F2000000F10C01204689
:20E8A0004FEA80004FEA80000144086820EA0600086043F26020C2F2000000F10C012046EC
:20E8C0004FEA80004FEA800008440068A86607F0DCFDF0BD00B5202902D2FFF793FE15E039
:20E8E000402902D2FFF7E2FE10E0602906D2062801D0072802D1FFF735FF07E0602905D341
:20E90000062801D0072801D1FFF788FF00BD00B54FF00002202903D2FEF76AFE024616E00E
:20E92000402903D2FEF77FFE024610E0602907D2062801D0072803D1FEF792FE024606E0D8
:20E94000062801D0072802D1FEF7A7FE0246104600BD2DE910414FF000040B460C2B27D890
:20E960000FF20408D8E803F0070C2424241124242424161B20004FF40041FFF7ABFC17E04E
:20E980004FF48041FFF7A6FC12E04FF00041FFF7A1FC0DE04FF00A01FFF7BCFC08E04FF0CA
:20E9A0000B01FFF7B7FC03E04FF00C01FFF7B2FC2046BDE810812DE9F04C82B004460E4611
:20E9C00017469A46DDF824B04FF0000501AB6A4631462046FEF7B1FF012802D14FF00105EE
:20E9E00049E031462046FEF7B7FC012802D14FF0010540E001984FF00001016001984FF0F6
:20EA000000014160012F10D101986FF000510AEA010141600199086840F400100860019913
:20EA200008686FF39650086017E0B7B9019A50686FF39C4040F2FF710AEA01014FEA81412B
:20EA400040EA01005060019908686FF355500860019908686FF396500860BBF10F0F0AD004
:20EA6000019A10686FF31B600BF00F014FEA016140EA01001060284602B0BDE8F08C2DE90E
:20EA8000F04D82B004460D4617469A469DF82CB020686FF31B6040F00060206004F1080644
:20EAA00001AA69462879FEF7D7FCBAF1000F65D028794FEA9000C0B202464FF000002BE036
:20EAC00001464FEA8101C9B203464FEA830304F1080C634401EB0A0C9CF800C04FEA0C6CFA
:20EAE00001F1010ED6449EF800E04FEA0E4E4EEA0C0C01F1020ED6449EF800E04FEA0E2E99
:20EB00004EEA0C0C01F103015144097841EA0C01196000F10100C0B29042D1D310464FEA7F
:20EB20008000C0B211E020F0030100F00302C2F10302114401F03F01C9B2314400EB0A02C4
:20EB400012780A7000F10100C0B229798842EAD328790FE020F0030100F00302C2F10302D3
:20EB6000114401F03F01C9B23144EA790A7000F10100C0B29DF804108842EBD34FF000006E
:20EB800020604FF000006060009920686FF3134001F00F014FEA014140EA01002060286869
:20EBA000012817D16FF0005007EA0000606060686FF35F700BF007014FEA417140EA0100D2
:20EBC0006060206840F400102060206840F4800020601FE02868E8B960686FF39C4040F205
:20EBE000FF7107EA01014FEA814140EA0100606060686FF35F700BF007014FEA417140EABB
:20EC00000100606020686FF35550206020686FF3965020606879012803D1206840F48010AA
:20EC2000206020686FF31B602060A879012803D1206840F000402060297A20686FF39E703E
:20EC400001F001014FEA817140EA0100206020686FF31B60DDF8288008F00F014FEA016166
:20EC600040EA0100206002B0BDE8F08D2DE9F04D85B004460D4617469B464FF00006204607
:20EC80004FEA80004CF68441C1F6FF710844D0F800A004AB03AA29462046FEF74EFE01283E
:20ECA00002D14FF0010634E03879402802D94FF001062EE00399204600F0F6F88DF80B006F
:20ECC00029462046FEF748FB08BB38799DF80B8040451CD8DAF8000010F4006F08D0387A4B
:20ECE000012805D1DAF8000C40F00040CAF8000C9DF83C80CDF80480DDF83880CDF800808D
:20ED00000D9B5A4639460498FFF7B9FE01E04FF00106304605B0BDE8F08D2DE9F04D83B0E9
:20ED20000D4614469A469DF82CB04FF0000729464FEA810143F24022C2F2000211440E684D
:20ED400000684FEA00104FEA107021464FEA01113144C968012904D130B1082804D00928DC
:20ED600002D04FF002073BE021462846FEF73FFB20464FEA001030444FF00201C16020466E
:20ED80004FEA001030449AF80510417120464FEA001030444FF00001816020464FEA00106A
:20EDA000304480F804B04FF0000002904FF00C000190DDF83480CDF800800C9B5246214692
:20EDC0002846FFF753FF074657B9BBF1000F07D196F80534214628464FF00102FFF77AFD42
:20EDE000384603B0BDE8F08D70B50D4601464FEA810108464CF68441C1F6FF710844046812
:20EE00004FF00006286838B1686828B1A86818B1E86808B1286910B94FF0010642E007F0F0
:20EE200020FB2868A0F1010061686FF3020100F0070041EA00016160A868A0F10100616818
:20EE40006FF3124100F007024FEA024241EA020161606868A0F1010061686FF3D54100F005
:20EE600007024FEAC24241EA02016160E868A0F1010061686FF31F6100F0FF024FEA026242
:20EE800041EA020161602869A0F1010061686FF3975100F003024FEA825241EA020161605C
:20EEA00007F0E3FA304670BD10B402464FEA820210464CF68442C1F6FF72104403684FF08E
:20EEC0000002186810F4006F3BD00C46013C04D310D0023C1BD327D035E0D3F8002C4FEA84
:20EEE00082324FEA927202F103004FF0010101FA00F228E0D3F8002C4FEAC2224FEA9272A4
:20EF000002F103004FF0010101FA00F21BE0D3F8002C4FEA02224FEA927202F103004FF00C
:20EF2000010101FA00F20EE0D3F8002C4FEA42124FEA927202F103004FF0010101FA00F20F
:20EF400001E04FF00802D0B210BC7047F0B505464FF008064FF4007728464FF00001FFF7E7
:20EF6000A3FF3044B7FBF0F428464FF00101FFF79BFF3044B7FBF0F00444062D01D0072D20
:20EF800011D128464FF00201FFF78EFF3044B7FBF0F0044428464FF00301FFF785FF30446F
:20EFA000B7FBF0F00444E0B2F0BDF0B582B001464FEA810108464CF68441C1F6FF71084497
:20EFC00004684FF000064FF0000000904FF00005206810F0807F4ED144F24021C0F20F016E
:20EFE0004FF0000005F00FFC074607F062FA216841F080412160216841F0805121602068A2
:20F0000010F0004F03D021686FF3DF71216007F054FA01A94FF0000005F0D7FB0CE06A4681
:20F0200001A94FF0000005F0DCFB00980544BD4202D94FF0010603E0206810F0006FEED082
:20F040004FF0000501A94FF0000005F0BEFB0CE06A4601A94FF0000005F0C3FB00980544BC
:20F06000BD4202D94FF0010605E0206810F0807F01D1002EECD0304602B0F0BDF0B582B09C
:20F0800001464FEA810108464CF68441C1F6FF71084404684FF000064FF0000000904FF0E7
:20F0A0000005206810F0807F2BD044F24021C0F20F014FF0000005F0A6FB074607F0F9F965
:20F0C00021686FF31C71216021686FF39E71216007F0F3F901A94FF0000005F076FB0CE09E
:20F0E0006A4601A94FF0000005F07BFB00980544BD4202D94FF0010603E0206810F0807FA1
:20F10000EED1304602B0F0BD10B5044620464FEA80004CF68441C1F6FF71084401684FF00B
:20F120000000096811F0004F02D02046FEF7EAF910B92046FFF76EF910BD02464FEA8202A0
:20F1400010464CF68442C1F6FF72104402684B6D03F0010323B1536B43F40063536303E0F7
:20F16000536B6FF3CB2353634B6D03F0020323B1536B43F48053536303E0536B6FF30C3387
:20F1800053634B6D03F0040323B1536B43F48043536303E0536B6FF38E335363536843F05D
:20F1A000400353604B6D03F0200323B1536843F08003536003E053686FF3C71353604B6D4E
:20F1C00003F0400323B1536843F01003536003E053686FF3041353600869022803D01168C0
:20F1E00041F400311160704710B54FF0000401F11801FFF7F9FD012801D14FF001042046DD
:20F2000010BDF0B50D464FF0000601464FEA81014CF68442C1F6FF7211440C6801464FEA69
:20F22000810108464CF6A441C1F6FF71084407682879012825D195F82C00012802D14FF041
:20F2400001062BE007F035F9216841F00051216007F033F9A868616B6FF31B6100F00F020D
:20F260004FEA026241EA0201616307F022F921686FF3CF31216007F020F94FF0FF30B864E7
:20F280000CE007F016F921686FF35D71216007F014F9E868012801D14FF001063046F0BD8A
:20F2A00070B504460D464FF0000620464FEA80004CF68441C1F6FF71084406682046FFF7E4
:20F2C00045FE2968814205D82046FDF723FF2968814202D94FF001061DE02868A0F10101A9
:20F2E00030686FF3060001F07F0140EA01003060306840F4802030602969204600F080F886
:20F30000064646B92869032805D02046FFF7B6FE08B14FF00106304670BDF0B505460E461B
:20F320004FF0000028464FEA80004CF6A441C1F6FF710844046828464FEA80004CF6844133
:20F34000C1F6FF71084407682846FFF7DDFE002855D1386840F4805038602846FFF798F80E
:20F360004FF00000A0624FF0FF3020634FF0000060624FF0FF30E062062D01D0072D05D19C
:20F380004FF00000E0664FF0FF306067062D01D0072D05D14FF00000A0664FF0FF3020676B
:20F3A00040F20700C0F21B0020624FF45020C4F8FC0A4FF44030C4F8080B4FF000006060CF
:20F3C0004FF4801060634FF00000206531462846FFF7B3FE31462846FFF706FF68B93146CF
:20F3E0002846FFF70EFF012802D14FF0010006E031462846FFF754FF01E04FF00100F0BD7E
:20F400002DE9104102464FEA82024CF68443C1F6FF731A4412684FF000040B46042B36D8A5
:20F420000FF20408D8E803F0031015282E0053686FF3C303536053686FF30C33536013686E
:20F440006FF3D753136024E0536843F0080353601FE053686FF3C3035360536843F48053A3
:20F46000536013686FF351431360D2F8003C6FF3CF33C2F8003C0CE0FFF797FD48B14FF0E7
:20F48000010406E0136843F00043136001E04FF001042046BDE8108170B594B005460E4654
:20F4A00028464FEA800043F24021C2F2000108440468206808B968462060052E23D1E0683C
:20F4C000032845D121682846FEF782FD31462846FDF78DFF4FF00100E060D4F80C0440B1CE
:20F4E000D4F80C64234628464FF000024FF00701B047E06801282BD14FF0010020712846CE
:20F50000FDF713FE24E0062E10D131462846FDF76EFFD4F80C04D8B1D4F80C64234628460F
:20F520004FF000024FF00801B04711E0072E0FD131462846FDF75BFFD4F80C0440B1D4F879
:20F540000C64234628464FF000024FF00901B04714B070BD01464FEA810108464CF6A4417B
:20F56000C1F6FF710844016888687047F0B594B006460D4630464FEA800043F24021C2F207
:20F580000001084404684FF0000728464FEA00102044006828B928464FEA0010204469463E
:20F5A000016028464FEA00102044026829463046FEF7B9FD29463046FDF719FF28464FEA3D
:20F5C000001020444FF00101C16028464FEA001020440779D4F80C0438B1D4F80CC42346F0
:20F5E0002A4630464FF00F01E04728464FEA001020440079B0B928464FEA00102044C0686F
:20F60000012818D128464FEA001020444FF00101017194F80534294630464FF00002FFF729
:20F6200059F908E03FB994F80534294630464FF00002FFF74FF914B0F0BDF0B594B00646C9
:20F640000C4630464FEA800043F24021C2F20001084405684FF0000720464FEA00102844C4
:20F66000407901281FD120464FEA001028446946016020464FEA001028440268214630462B
:20F68000FEF751FD20464FEA001028440068006800F070604FEA1060042815D121463046E4
:20F6A000FDF7A5FE10E020464FEA001000EB050721463046FEF7FFFDB8603046FFF74AFF82
:20F6C00021463046FDF793FE20464FEA001028444FF00101C16020464FEA001028440779B0
:20F6E000D5F80C0438B1D5F80CC42B46224630464FF01001E04720464FEA0010284400794D
:20F70000B0B920464FEA00102844C068012818D120464FEA001028444FF00101017195F8D0
:20F720000534214630464FF00002FFF7D3F808E03FB995F80534214630464FF00002FFF7F7
:20F74000C9F814B0F0BD2DE9F04404461F464FF000054FF000004FF0000A4FF0000A204603
:20F760004FEA800043F24023C2F2000318440668012962D115465EE0E8B201462046FFF784
:20F78000C6F882464FF00000202D06D2294620464FF00002FDF7F8FE1FE0402D06D22946CC
:20F7A00020464FF00002FDF795FF16E0602D0AD2062C01D0072C06D1294620464FF0000298
:20F7C000FDF7C0FF09E0062C01D0072C05D1294620464FF00002FDF7EDFF50B3BAF1000FCE
:20F7E00027D1AA4696F80404012803D1072D01D84FF0000A50464FEA001030440079C0B9F3
:20F8000029462046FDF7F3FD50464FEA00103044C06802280DD150464FEA001030444FF01A
:20F820000101C16050464FEA001030444FF00101017105F10105BD429ED9BDE8F084F0B56F
:20F8400006460C464FF0000730464FEA800043F24021C2F200010844056821463046FDF7C0
:20F86000ACFD10B14FF0010730E020464FEA00102844C068012802D14FF0030726E095F8AC
:20F880000534214630464FF00002FFF723F820464FEA00102844C068022805D121463046E0
:20F8A000FDF7C8FC07460AE020464FEA00102844C068032803D121463046FDF766FC20467E
:20F8C0004FEA001028444FF00101C1603846F0BD2DE9F04481B004460D4616461F464FF0CE
:20F8E000010A29462046FDF782FD10BB4FF00F0000903B46324629462046FFF75CF8C0B97B
:20F900004FF0000000903B46324629462046FFF752F870B929462046FDF769FD48B94FF072
:20F92000040000903B46324629462046FFF743F88246504601B0BDE8F084F0B505460C46CA
:20F9400017464FF000014FF0000628464FEA80004CF68441C1F6FF710844066839462846C9
:20F96000FFF7DBFC0146002948D14FF0000024E002464FEA021222444FF0010313710246E4
:20F980004FEA021222444FF00003136002464FEA021222444FF00103D36002464FEA0212F9
:20F9A00022444FF00003936002464FEA021222444FF00003537100F10100326802F07F02AC
:20F9C0009042D5D9F868C4F80004B86DC4F80C04F86DC4F81004387984F804043868C4F8D0
:20F9E00008044FF0010084F8050428464FEA800043F24022C2F20002104404600846F0BD0F
:20FA0000000030B44FF0010201464FEA81014CF6A443C1F6FF731944096803464FEA830396
:20FA20004CF68444C1F6FF7423441C6803464FEA830343F24025C2F200052B441B682468CE
:20FA400014F0004F19D14FF000028A624FF000024A62062801D0072802D14FF00002CA66DD
:20FA6000062801D0072802D14FF0000088664FF0000083F805044FF00002104630BC70475B
:20FA80002DE9F04C05460C4692469B464FF0000728464FEA800043F24021C2F200010844BA
:20FAA000066821462846FDF788FC10B14FF001071CE020464FEA00103044C068012802D041
:20FAC0004FF0020712E020464FEA001030444FF00301C16020464FEA00103044C0F800A0EA
:20FAE00020464FEA0010304480F804B057B9BBF1000F07D196F80534214628464FF0010236
:20FB0000FEF7E8FE3846BDE8F08C70B505464FF0010628464FEA800043F24022C2F2000241
:20FB20001044046894F80404012834D1E068012802D04FF002062EE04FF000064FF0030024
:20FB4000E0602160D4F80004022803D14FF00100207120E0D4F80004E8B94FF00000207104
:20FB600094F8053428464FF001024FF00501FEF7B1FE94F8053428464FF001024FF006016C
:20FB8000FEF7A8FE94F8053428464FF001024FF00701FEF79FFE304670BD02464FEA8202D4
:20FBA00010464CF6A442C1F6FF72104402681162704710B54FF0010102464FEA82024CF66A
:20FBC0008443C1F6FF731A44136802464FEA820243F24024C2F20004224414681A684FEA69
:20FBE000D2723AB9FEF78FF94FF0010084F805044FF00001084610BD10B54FF001010246E3
:20FC00004FEA82024CF68443C1F6FF731A44136802464FEA820243F24024C2F20004224460
:20FC200014681A684FEAD2723AB9FEF7B3F94FF0000084F805044FF00001084610BD000096
:20FC400030B50C464FF0010101464FEA810143F24022C2F2000211440D682146FDF7ADFB10
:20FC6000012802D14FF001010CE021464FEA011108462844C068012802D14FF0000101E0AA
:20FC80004FF00201084630BDF0B582B04FF000064FF0000100914FF0000501464FEA8101B4
:20FCA00008464CF68441C1F6FF7108440468606810F0400F2FD0206A10F0200F2BD006F050
:20FCC000E8FB61686FF386116160616841F04001616006F0E2FB44F24021C0F20F014FF057
:20FCE000000004F090FD074601A94FF0000004F06CFD0CE06A4601A94FF0000004F071FD09
:20FD000000980544BD4202D94FF0010603E0206A10F0200FEED1304602B0F0BD00002DE99C
:20FD2000F04404460F4692464FF0000520464FEA80004CF68441C1F6FF710844006800686B
:20FD40004FEAD0700646012E03D12046FDF7DAFB05462DB9524639462046FEF7FAFD0546C7
:20FD6000012E05D12046FDF78BFB08B14FF001052846BDE8F08470B504460E464FF0000017
:20FD800020464FEA80004CF68441C1F6FF71084405682046FFF709F980B906F08AFB2868BB
:20FDA0006FF3104006F001014FEA014140EA0100286006F082FB2046FFF760F970BD000016
:20FDC00030B504464FF0000020464FEA80004CF68441C1F6FF710844056806F06AFB2868C4
:20FDE0006FF3DF70286006F068FB2046FFF746F930BD10B504464FF000012046FFF7D5F871
:20FE0000014619B92046FDF73BFB0146084610BD70B504460D4616464FF000002046FFF71E
:20FE2000C4F838B9324629462046FDF7F1FF2046FFF724F970BD2DE9F04C85B004460D461A
:20FE400016461F46DDF830A0DDF834B04FF0000020464FEA80004CF68441C1F6FF710844AB
:20FE6000006840684FEA00704FEAD070F8B904AB03AA29462046FDF760FD012802D14FF0E2
:20FE8000010016E029462046FDF766FA012802D14FF001000DE0CDF808B0CDF804A000979C
:20FEA00033462A4621460498FEF737FF01E04FF0010005B0BDE8F08C2DE9F04404460D464D
:20FEC00016469A464FF0000020464FEA80004CF6A441C1F6FF710844076831462046FDF7AE
:20FEE0003BFA10B14FF0010020E02046FFF75DF8E0B96DB930464FEA800007F5086108447C
:20FF000040F20001CDF6FC710AEA010101600AE030464FEA800007F5086108446FF00051AD
:20FF20000AEA010101602046FFF7A8F8BDE8F08470B504460E464FF0000020464FEA800034
:20FF40004CF68441C1F6FF71084405682046FFF72CF858B9286810F0005F04D006F0B9FABD
:20FF60002E6106F0BAFA2046FFF788F870BD0000F0B504460E4617464FF0000020464FEAC1
:20FF800080004CF6A441C1F6FF71084405682046FFF70BF848B930464FEA800005F50861E8
:20FFA000084407602046FFF769F8F0BD000070B504460E464FF0000020464FEA80004CF6C1
:20FFC0008441C1F6FF71084405682046FEF7EDFF80B906F04EFA686B6FF3D74006F01F015C
:20FFE0004FEAC14140EA0100686306F046FA2046FFF744F870BD0000F0B504460E46154637
:020000041FFFDC
:200000004FF001002F4620464FEA800043F24021C2F200010844006858B12A4631462046B7
:20002000FDF72AFC2B46324601462046FFF78BFB09E0374605E039462046FDF7D8F907F1A7
:200040000107AF42F7D9F0BD10B54FF0000101464FEA810143F24022C2F2000211440A680F
:2000600001464FEA81014CF6A443C1F6FF73194409680B6A4FF004040C627AB1496801F463
:20008000004103F004044CB141B1D2F8101429B1D2F810441A464FF00001A04710BD10B536
:2000A0004FF0000101464FEA810143F24022C2F2000211440A6801464FEA81014CF6A443BF
:2000C000C1F6FF73194409680B6A4FF400340C627AB1496801F4006103F400344CB141B183
:2000E000D2F8101429B1D2F810441A464FF00201A04710BD10B54FF0000101464FEA8101BD
:2001000043F24022C2F2000211440A6801464FEA81014CF6A443C1F6FF73194409680B6A34
:200120004FF480340C627AB1496801F4806103F480344CB141B1D2F8101429B1D2F8104428
:200140001A464FF00301A04710BD10B54FF0000101464FEA810143F24022C2F2000211449F
:200160000A6801464FEA81014CF6A443C1F6FF73194409680B6A4FF002040C627AB14968E7
:2001800001F4804103F002044CB141B1D2F8101429B1D2F810441A464FF00101A04710BD86
:2001A000000010B501464FEA810143F24022C2F200021144096802464FEA82024CF6A44337
:2001C000C1F6FF731A441268136A4FF00104146259B103F0010242B1D1F810242AB1D1F853
:2001E00010441A464FF00601A04710BD70B5064630464FEA800043F24021C2F2000108441A
:20020000056830464FEA80004CF6A441C1F6FF7108440068D0F8FC4AD0F8E01A01F450210A
:2002200004EA0104C0F8FC4A4FEA1441C0F8FC1A35B304F4002048B1D5F8100430B1D5F8E9
:200240001034224630464FF00A01984704F4802048B1D5F8100430B1D5F810342246304611
:200260004FF00B01984704F4803048B1D5F8100430B1D5F81034224630464FF00C019847D7
:2002800070BD2DE90F502DED100BF1EE10CA4DF804CD4FF00600FFF7D7FEBFF34F8F5DF8C3
:2002A00004CBE1EE10CABDEC100BBDE80F902DE90F502DED100BF1EE10CA4DF804CD4FF006
:2002C0000600FFF742FFBFF34F8F5DF804CBE1EE10CABDEC100BBDE80F902DE90F502DEDED
:2002E000100BF1EE10CA4DF804CD4FF01F024FF000014FF00600FFF77FFEBFF34F8F5DF8D7
:2003000004CBE1EE10CABDEC100BBDE80F902DE90F502DED100BF1EE10CA4DF804CD4FF0A5
:200320003F024FF020014FF00600FFF765FEBFF34F8F5DF804CBE1EE10CABDEC100BBDE8B8
:200340000F902DE90F502DED100BF1EE10CA4DF804CD4FF05F024FF040014FF00600FFF72A
:200360004BFEBFF34F8F5DF804CBE1EE10CABDEC100BBDE80F902DE90F502DED100BF1EE46
:2003800010CA4DF804CD4FF07F024FF060014FF00600FFF731FEBFF34F8F5DF804CBE1EE20
:2003A00010CABDEC100BBDE80F902DE90F502DED100BF1EE10CA4DF804CD4FF00600FFF7A7
:2003C0006EFEBFF34F8F5DF804CBE1EE10CABDEC100BBDE80F902DE90F502DED100BF1EEC3
:2003E00010CA4DF804CD4FF00600FFF783FEBFF34F8F5DF804CBE1EE10CABDEC100BBDE88B
:200400000F902DE90F502DED100BF1EE10CA4DF804CD4FF00600FFF7C4FEBFF34F8F5DF8E2
:2004200004CBE1EE10CABDEC100BBDE80F902DE90F502DED100BF1EE10CA4DF804CD4FF084
:200440000600FFF7D3FEBFF34F8F5DF804CBE1EE10CABDEC100BBDE80F9010B514464FEA12
:20046000041423441B7943BB073926D312D0023916D31CD0063907D001391ED1D1B24FF03F
:200480000102FCF7A2FD18E0D1B24FF00002FCF79CFD12E0D1B24FF00202FCF796FD0CE055
:2004A0004FF002024FF00601FCF78FFD05E04FF002024FF00701FCF788FD10BD00B50B467A
:2004C000003B02D00A3B023B01E0FCF7E2FD00BD30B44FF000008EE04FF000017AE00246AA
:2004E0004FEAC2031A444FEA82024CF68053C1F6FF7313440A464FEA8202DB691A44126825
:20050000127C002A64D102464FEAC2031A444FEA82024CF68053C1F6FF7313440A464FEA6F
:200520008202DB691A441268D268002A50D04FF0000229E003464FEAC30423444FEA8303DE
:200540004CF68054C1F6FF741C440B464FEA8303E46923441B685B6A134404464FEAC4054C
:200560002C444FEA84044CF68055C1F6FF7525440C464FEA8404ED692C442468E468144496
:2005800024781C7002F1010203464FEAC30423444FEA83034CF68054C1F6FF741C440B46DD
:2005A0004FEA8303E46923441B681B6A1B689A42C0D302464FEAC2031A444FEA82024CF62B
:2005C0008053C1F6FF731A4452684FF00103136001F1010102464FEAC2031A444FEA8202FC
:2005E0004CF68053C1F6FF731A4492689142FFF476AF00F101000628FFF46EAF30BC7047A7
:2006000030B54FF001004FF000043EE020464FEAC00108444FEA80004CF68051C1F6FF71B5
:200620000844006970B34FF000051DE020464FEAC00108444FEA80004CF68051C1F6FF7102
:200640000844016A20464FEAC00210444FEA80004CF68052C1F6FF7210448089F7F77DFD74
:2006600080B105F10100C5B220464FEAC00108444FEA80004CF68051C1F6FF710844806907
:200680008542D3D904F10100C4B2062CBED330BDF0B504460E464FF0000505F02AFF2046C0
:2006A0004FEAC00043F26C41C2F2000108440068B0F1FF3F5BD020464FEAC00043F26C41AB
:2006C000C2F20001084400F1040021464FEAC10143F26C42C2F2000211440B6821464FEAC1
:2006E000C1014CF66852C1F6FF720A4419464FEAC10112680A4421464FEAC10143F26C475A
:20070000C2F20007394417680F6023E021464FEAC1014CF66857C1F6FF770F4401684FEA2B
:20072000C1013F6839444968376D096D8F4204D90168036011604FF0010521464FEAC10176
:200740004CF66857C1F6FF77394400684FEAC000096808441DB90168B1F1FF3FD6D11DB934
:2007600003604FF0FF30106056604FF0010505F0C4FE2846F0BD70B504460E464FF0010563
:2007800005F0B7FE20464FEAC00043F26C41C2F2000108444068B0F1FF3F5FD020464FEA18
:2007A000C00043F26C41C2F20001084400F1040050E021464FEAC1014CF66852C1F6FF72EB
:2007C0000A4401684FEAC10112681144496809688E4232D1026821464FEAC1014CF66853DA
:2007E000C1F6FF730B4401684FEAC1011B6819440968016020464FEAC00043F26C41C2F276
:2008000000010844006821464FEAC10143F26C43C2F2000319440A6021464FEAC1014CF6BB
:200820006853C1F6FF730B4411464FEAC1011A68114408604FF0000510E021464FEAC1015E
:200840004CF66852C1F6FF72114400684FEAC000096808440168B1F1FF3FAAD105F04DFEFD
:20086000284670BD0000000000B505F042FE4FF000005EE001464FEAC10143F26C42C2F29D
:20088000000211444FF0FF324A6001464FEAC1014CF66852C1F6FF721144496859B9014622
:2008A0004FEAC10143F26C42C2F2000211444FF0FF320A603BE001464FEAC10143F26C4235
:2008C000C2F2000211444FF000020A604FF0000111E002464FEAC2024CF66853C1F6FF73C6
:2008E00013440A464FEAC2021B681A4401F10103136001F1010102464FEAC2024CF66853D4
:20090000C1F6FF731A445268A2F101029142E0D302464FEAC2024CF66853C1F6FF731A44B1
:200920004FEAC101126811444FF0FF320A6000F1010003289ED305F0E0FD00BD4DF8048D20
:200940000146003905D040F20318B1EB080103D005E04FF0000104E04FF0020101E04FF012
:20096000010108465DF8048B70470146013901D303D005E04FF0000104E04FF0010101E039
:200980004FF0010108467047F0B44FF00006456C2C464FEAC40004444FEA840420464CF657
:2009A0008054C1F6FF7420444068007800F00300C0B20446002C7CD04FF0000469E02F468D
:2009C0004FEAC70007444FEA870738464CF68057C1F6FF77384427464FEA8707C0693844EC
:2009E00000688068012814D12F464FEAC70007444FEA870738464CF68057C1F6FF773844D2
:200A000027464FEA8707C06938440068406A08603DE02F464FEAC70007444FEA8707384661
:200A20004CF68057C1F6FF77384427464FEA8707C069384400688068052828D12F464FEAF7
:200A4000C70007444FEA870738464CF68057C1F6FF77384427464FEA8707C069384400683C
:200A6000406A10602F464FEAC70007444FEA870738464CF68057C1F6FF77384427464FEAEF
:200A80008707C06938440068006A0068186004F101042F464FEAC70007444FEA8707384672
:200AA0004CF68057C1F6FF7738448068844286D301E04FF009063046F0BC704730B44FF042
:200AC000FF3313604FF0000317E004464FEAC4052C444FEA84044CF68055C1F6FF75254410
:200AE0001C464FEA8404ED692C442468A468A14201D113600FE003F1010304464FEAC4051A
:200B00002C444FEA84044CF68055C1F6FF752C44A468A342D9D330BC70472DE9F04481B037
:200B200004460E4617464FF00005A06C007803EA0000013804D0013808D002380CD011E0E0
:200B4000A06CD0F804A0A06C80680DE0A06CD0F80CA0A06C006907E0A06CD0F814A0A06CCC
:200B6000806901E04FF0FF3ABAF1060F1BD251464FEAC10211444FEA81014CF68052C1F618
:200B8000FF7211444968097801F00301C9B20D466A4601465046FFF791FF0098B0F1FF3F10
:200BA00001D14FF00005002D6BD050464FEAC00108444FEA80004CF68051C1F6FF710144A3
:200BC00000984FEA8000C969084400684069022802DD4FF0010056E0206C406800680328EF
:200BE0000ED0206C40680068042809D0206C40680068052804D0206C40680068062816D128
:200C000050464FEAC00108444FEA80004CF68051C1F6FF71014400984FEA8000C9690844F1
:200C200000684069012802DD4FF001002BE050464FEAC00108444FEA80004CF68051C1F6F1
:200C4000FF71014400984FEA8000C96908440068406A306050464FEAC00108444FEA8000D9
:200C60004CF68051C1F6FF71014400984FEA8000C96908440068006A006838604FF0000015
:200C800001E04FF0090001B0BDE8F08430B44FF000051C46013C04D0013C07D0023C0AD09A
:200CA0000EE083680B60C068106011E003690B60406910600CE083690B60C069106007E0B4
:200CC0004FF0000008604FF0000010604FF00105284630BC704710B5846C14B1FFF71DFFDC
:200CE00001E0FFF7D3FF10BDF0B581B00D4616464FF00004816C097803EA0101103902D03E
:200D0000103905D009E0816CCF69806C006A06E0816C4F6A806C806A01E04FF0FF37062F64
:200D20001BD239464FEAC10211444FEA81014CF68052C1F6FF7211444968097801F0030183
:200D4000C9B20C466A4601463846FFF7B7FE0098B0F1FF3F01D14FF00004FCB338464FEAB4
:200D6000C00108444FEA80004CF68051C1F6FF71014400984FEA8000C96908440068C069CE
:200D8000022802DD4FF001002AE038464FEAC00108444FEA80004CF68051C1F6FF71014404
:200DA00000984FEA8000C96908440068406A286038464FEAC00108444FEA80004CF680513A
:200DC000C1F6FF71014400984FEA8000C96908440068006A30604FF0000001E04FF009000E
:200DE00001B0F0BD30B44FF000051C46103C02D0103C05D009E0036A0B60406A10600CE005
:200E0000836A0B60C06A106007E04FF0000008604FF0000010604FF00105284630BC70474D
:200E200010B5846C14B1FFF75FFF01E0FFF7DAFF10BD2DE9F04190B005464FF0000448F218
:200E40003C20C1F6FF700CA902680A6042684A6082688A60C068C860286C406806684FF026
:200E6000000003904FF0000004904FF0000006904FF0000007904FF0000008904FF000004B
:200E800009904FF000000A904FF000000B902F6B07AA06A928464FF00103FFF71CFF09AA97
:200EA00008A928464FF00203FFF715FF0BAA0AA928464FF01003FFF7B3FF05AB04AA03A9EB
:200EC0002846FFF761FD002840F08680686B07287DD80FF20808D8E800F0C0467A05090F3D
:200EE000187A7A4A0398FAF712FD72E007990698FAF723FD04466CE00398FAF708FD079999
:200F00000698FAF71AFD044663E0012E1BD10B980068102802D20B98006801E04FF0100031
:200F20000B9908600B9803680A9A07990698FAF76AFD044614B90B98006801E04FF000001B
:200F40000B99086045E00CAA079906984FF01003FAF759FD0446E4BB099A0CA90898FAF701
:200F6000A3FC8DF80B009DF80B00386031E0012E1DD10B980068102802D20B98006801E0D9
:200F80004FF010000B9908600B98006800900A9B079A06990398FAF760FD044614B90B98D3
:200FA000006801E04FF000000B99086011E00DF10B00019009980090089B079A0699039863
:200FC000FAF765FD04469DF80B00386001E04FF004042046FFF7B2FC10B0BDE8F0812DE91E
:200FE000F04194B006460D464FF0000448F24C20C1F6FF7010A902680A6042684A60826803
:201000008A60C068C860306C406804684FF0000007904FF0000008904FF000000A904FF021
:2010200000000B904FF000000C904FF000000D904FF000000E904FF000000F90376B0BAA4C
:201040000AA930464FF00103FFF745FE0DAA0CA930464FF00203FFF73EFE0FAA0EA93046AD
:201060004FF01003FFF7DCFE09AB08AA07A93046FFF78AFC002840F0CF80706B072800F2A3
:20108000C6800FF20808D8E800F0C046C20510172BC2C26E2B4609984FEAC0000246089944
:2010A0000798FAF7B0FD0446B3E02A460B990A98FAF7DAFD0446ACE02B4609984FEAC000B7
:2010C000024608990798FAF79EFD0446002C40F0A0802A460B990A98FAF7C6FD044698E00A
:2010E000012C25D10F980068102802D20F98006801E04FF010000F99086003950F980068BC
:2011000002900E9801904FF0000000900B9B0A9A4FF000014FF00000FAF791FE044614B9D7
:201120000F98006801E04FF000000F99086070E003954FF01000029010A801904FF000001F
:2011400000900B9B0A9A4FF000014FF00000FAF776FE0446002C5CD10D9A10A90C98FAF739
:20116000A3FB386055E0012C2ED10F980068102802D20F98006801E04FF010000F9908606E
:2011800006950F98006805900E9804904FF0000003900B9802900A9801904FF000000090CD
:2011A00009984FEAC0000246089907984FF00003FAF7C6FE044614B90F98006801E04FF0D0
:2011C00000000F99086024E006954FF01000059010A804904FF0000003900B9802900A9887
:2011E00001904FF00000009009984FEAC0000246089907984FF00003FAF7A2FE044644B953
:201200000D9A10A90C98FAF74FFB386001E04FF004042046FFF792FB14B0BDE8F08100B557
:201220004FF00102016C49680968032914BF012100210B46016C49680969103902D0013965
:2012400004D007E0FFF7F5FD024603E01946FFF7C6FE0246104600BD2DE9F0458AB007467A
:201260000D4616464FF000044FF0000003904FF0000004904FF0000006904FF0000007902C
:201280004FF0000008904FF00000099007AA06A938464FF00103FFF71EFD09AA08A938468B
:2012A0004FF01003FFF7BCFD0799099802684FF000008A4201D24FF006008246BAF1000FDD
:2012C0005FD105AB04AA03A93846FFF75DFB8246BAF1000F5FD1786B072841D80FF204081E
:2012E000D8E800F03E040C15263E3E3233462A4604990398FAF7F8FB044633E000962B469E
:20130000089A07990698FAF720FC04462AE033462A4604990398FAF7E7FB044614BB0096E9
:201320002B46089A07990698FAF70FFC044619E00798002816D900962B46089A0799069880
:20134000FAF703FC04460DE00296019508980090079B069A04990398FAF737FC044601E03F
:201360004FF00404786B012806D00CB9079801E04FF00000099908602046FFF7DFFA8246B9
:2013800009E04FF006034FF003024FF000014FF07200F4F7E3F950460AB0BDE8F0852DE9A0
:2013A00000414FF00102016C49680968032914BF012100210B46016C49680969072919D8D7
:2013C0000FF20408D8E801F0160407100A0D16134FF0000110E04FF001010DE04FF002013E
:2013E0000AE04FF0030107E04FF0040104E04FF0070101E04FF00F010F2903D01A46FFF7D9
:201400002BFF02461046BDE800812DE9F04592B005460F464FF000046E6B4FF000000790BF
:201420004FF0000008904FF000000A904FF000000B904FF000000C904FF000000D904FF02C
:2014400000000E904FF000000F904FF0000010904FF0000011900BAA0AA928464FF0010338
:20146000FFF739FC0DAA0CA928464FF00203FFF732FC0FAA0EA928464FF01003FFF7D0FC0D
:2014800011AA10A928464FF02003FFF7C9FC0B990F9802684FF000008A4201D24FF0060075
:2014A0008246BAF1000F40F0F48009AB08AA07A92846FFF769FA8246BAF1000F40F0F38004
:2014C000072E04D0802F02D14FF48174D2E03046072800F2CD800FF20808D8E800F0C046EC
:2014E000C905112749C9C96E09984FEAC0000246089907984FF00003FAF785FB0446B9E0E5
:201500000D98002806D90D990C984FF00002FAF7ABFB0446002C40F0AD800E9A0B990A983C
:201520004FF00003FAF704FC0446A3E009984FEAC0000246089907984FF00003FAF763FBF8
:2015400004464CB90D98002806D90D990C984FF00002FAF789FB0446002C40F08B800E9A37
:201560000B990A984FF00003FAF7E2FB044681E011980068102802D21198006801E04FF01C
:201580001000119908604FF000000390119800680290109801900E9800900D9B0C9A0B9953
:2015A0000A98FAF74CFC044614B91198006801E04FF00000119908605CE0062F2DD11198DE
:2015C0000068102802D21198006801E04FF01000119908604FF000000690119800680590C9
:2015E000109804900E9803900D9802900C9801900B9800900A9B09984FEAC00002460899AF
:201600000798FAF79DFC044614B91198006801E04FF00000119908602CE0119800681028F2
:2016200002D21198006801E04FF01000119908604FF00000069011980068059010980490CC
:201640000E9803900D9802900C9801900B9800900A9B099A08990798FAF7ADFC044614B979
:201660001198006801E04FF000001199086001E04FF00404686B012806D00CB90B9801E0E4
:201680004FF000000F9908602046FFF757F9824609E04FF006034FF003024FF000014FF093
:2016A0007200F4F75BF8504612B0BDE8F0852DE9F04D96B005468A464FF0000448F25C205B
:2016C000C1F6FF7012A902680A6042684A6082688A60C068C8606F6B4FF0000007904FF0EE
:2016E000000008904FF000000A904FF000000B904FF000000C904FF000000D904FF00000A9
:201700000E904FF000000F904FF0000010904FF0000011902E6B0BAA0AA928464FF00103DC
:20172000FFF7D9FA0DAA0CA928464FF00203FFF7D2FA0FAA0EA928464FF00403FFF7CBFA21
:2017400011AA10A928464FF01003FFF769FB0B99119802684FF000008A4201D24FF0060021
:201760008346BBF1000F40F0D68009AB08AA07A92846FFF709F98346BBF1000F40F0D580DA
:20178000072F05D0BAF1800F02D14FF48174B3E03846072800F2AE800FF20408D8E800F0DC
:2017A000AA04102749AAAA6809984FEAC0000246089907984FF00103FAF725FA04469BE005
:2017C0000D9840B10C9830B10D990C984FF00102FAF74AFA0446002C40F08E80109A0B992B
:2017E0000A984FF00103FAF7A3FA044684E009984FEAC0000246089907984FF00103FAF772
:2018000002FA044654B90D9840B10C9830B10D990C984FF00102FAF727FA0446002C6BD10A
:20182000109A0B990A984FF00103FAF781FA044662E04FF0010003900F98029012A8019026
:20184000109800900D9B0C9A0B990A98FAF7F7FA04464CB90F984FEAC000024612A90E9842
:20186000FAF722F8306047E04FF00100306043E0BAF1060F19D14FF0010006900F980590F7
:2018800012A80490109803900D9802900C9801900B9800900A9B09984FEAC00002460899F8
:2018A0000798FAF74DFB044615E04FF0010006900F98059012A80490109803900D9802903F
:2018C0000C9801900B9800900A9B099A08990798FAF771FB04464CB90F984FEAC000024684
:2018E00012A90E98F9F7E0FF306005E04FF00100306001E04FF00404686B012806D00CB9B4
:201900000B9801E04FF00000119908602046FFF715F8834609E04FF006034FF003024FF00C
:2019200000014FF07200F3F719FF584616B0BDE8F08D00B54FF00102016C49680B68016C78
:2019400049680969062901D0802908D1052B03D1FFF75BFD024602E0FFF7A9FE024610462B
:2019600000BD70B54FF00104096C4A68D168202905D01169072902D14FF001043CE0D168AD
:2019800010290BD011680B2908D01168132905D01169072902D04FF001042DE04FF0000315
:2019A0001EE005464FEAC50529464CF65055C1F6FF7529441D464FEAC50509680D4411684C
:2019C0002E68B1420AD111792E79B14206D1117C6D79A94202D14FF000040DE003F101034F
:2019E00005464FEAC50529464CF65055C1F6FF75294449688B42D4D34CB14FF004034FF004
:201A000003024FF000014FF07200F3F7A7FE204670BD2DE9F0448AB005464FF000046E6BC3
:201A2000286C406807684FF0000000904FF0000001904FF0000002904FF0000003904FF07A
:201A4000000004904FF0000005904FF0000006904FF0000007904FF0000008904FF000005D
:201A60000990D5F830A0F0B2C7EBC7014CF6C442C1F6FF721144497801EA000048B301AAFD
:201A8000694628464FF00103FFF725F904460099019A4FF0000061B94FF002034FF0030273
:201AA0004FF000014FF07200F3F758FE4FF001000CE05AB94FF005034FF003024FF00001EB
:201AC0004FF07200F3F74AFE4FF0010044EA0000C4B2F0B2C7EBC7014CF6C442C1F6FF72B3
:201AE0001144897801EA000058B303AA02A928464FF00203FFF7EFF844EA0000C4B2029974
:201B0000039A4FF0000061B94FF002034FF003024FF000014FF07200F3F720FE4FF001000E
:201B20000CE05AB94FF005034FF003024FF000014FF07200F3F712FE4FF0010044EA0000C2
:201B4000C4B2F0B2C7EBC7014CF6C442C1F6FF721144C97801EA000058B305AA04A928462D
:201B60004FF00403FFF7B7F844EA0000C4B20499059A4FF0000061B94FF002034FF00302B9
:201B80004FF000014FF07200F3F7E8FD4FF001000CE05AB94FF005034FF003024FF000017B
:201BA0004FF07200F3F7DAFD4FF0010044EA0000C4B2F0B2C7EBC7014CF6C442C1F6FF7243
:201BC0001144097901EA000068B307AA06A928464FF01003FFF724F944EA0000C4B2069AB1
:201BE00007994FF0000002B161B94FF002034FF003024FF000014FF07200F3F7AFFD4FF0EB
:201C000001000DE0096859B94FF005034FF003024FF000014FF07200F3F7A0FD4FF0010010
:201C200044EA0000C4B2F0B2C7EBC7014CF6C442C1F6FF721144497901EA000068B309AAA4
:201C400008A928464FF02003FFF7EAF844EA0000C4B2089A09994FF0000002B161B94FF0F8
:201C600002034FF003024FF000014FF07200F3F775FD4FF001000DE0096859B94FF00503D7
:201C80004FF003024FF000014FF07200F3F766FD4FF0010044EA0000C4B2F0B2C7EBC701C2
:201CA0004CF6C442C1F6FF721144897901EA000020B34FF00000BAF1000F0CD14FF0020385
:201CC0004FF003024FF000014FF07200F3F746FD4FF001000FE04FF0000101290BD14FF0EE
:201CE00005034FF003024FF000014FF07200F3F735FD4FF0010044EA0000C4B220460AB087
:201D0000BDE8F08400B54FF00101416A0968006A05F0A1FBFEF729FE0146084600BD00B57A
:201D20004FF00101016C496809680139013904D902390AD9023904D90BE0FFF770FA0146BA
:201D400009E0FFF7F6FD014605E0FFF728FB014601E04FF00101084600BD2DE910410C463F
:201D60004FF00101226CD268012A44D143F2EC28C2F2000898F80C20EABB4FF0010043F23F
:201D8000EC28C2F2000888F80C004FF0010043F2EC28C2F20008C8F80800206843F2EC2809
:201DA000C2F20008C8F800004FF0010060602046FFF7B5FF01464FF0000043F2EC28C2F214
:201DC000000888F80C0011B9606B072821D14FF0000043F2EC28C2F20008C8F808004FF06E
:201DE000FF3043F2EC28C2F20008C8F800004FF0000060600DE0226CD26852B92146FEF7D4
:201E000047FC0146012902D14FF0000101E04FF002010846BDE810812DE910410C464FF05C
:201E20000101226CD268012A41D143F2EC28C2F2000898F80C20D2BB43F2EC28C2F2000848
:201E4000D8F8002023689A4231D14FF0010043F2EC28C2F2000888F80C004FF00100606058
:201E60002046FFF75CFF01464FF0000043F2EC28C2F2000888F80C0029B994F8340000F002
:201E80000400002841D04FF0000043F2EC28C2F20008C8F808004FF0FF3043F2EC28C2F28E
:201EA0000008C8F800004FF0000060602DE0226CD26842BB94F8342002F0010252B121464A
:201EC000FEF7E6FB012802D14FF000011DE04FF002011AE043F2EC28C2F20008D8F80000E2
:201EE0002268904211D143F2EC28C2F20008D8F8040050B943F2EC28C2F20008C8F80440B9
:201F00004FF0000101E04FF002010846BDE810812DE9704106460C464FF00105606B072836
:201F200042D121683046FEF726FC206CC06801282CD1606850BB43F2E428C2F2000898F83E
:201F4000040018BB4FF0010043F2E428C2F2000888F80400206843F2E428C2F20008C8F8A4
:201F600000002046FFF7CEFE05464FF0FF3043F2E428C2F20008C8F800004FF0000043F24F
:201F8000E428C2F2000888F804000DE0206CC06850B921463046FEF77BFB012802D14FF0C8
:201FA000000501E04FF002052846BDE870812DE9704106460C464FF0010594F8340000F097
:201FC000010018B121683046FEF7D5FB43F2EC28C2F20008D8F80800A8B994F8340000F085
:201FE000010080B1606870B943F2EC28C2F20008D8F80000B0F1FF3F05D121463046FFF761
:20200000ACFE054615E043F2EC28C2F20008D8F8080001280DD143F2EC28C2F20008D8F81D
:202020000000B0F1FF3F04D021463046FFF7F4FE05462846BDE8708130B504460D464FF018
:202040000100696B072911D1296CC96871B929682046FEF790FB29462046FEF719FB01282B
:2020600002D14FF0000001E04FF0020030BD00002DE9004143F2E028C2F20008D8F800100F
:2020800001290AD14FF001034FF000024FF000014FF07200F3F762FB1FE005F09DF9FEF700
:2020A000E3FBFEF715FAFEF7ABFA4FF0010143F2E028C2F20008C8F800104FF0FF3143F2F6
:2020C000EC28C2F20008C8F800104FF0FF3143F2FC28C2F20008C8F80810BDE800812DE9C8
:2020E000704106460D464FF001044FF0000043F2E028C2F20008D8F8001059B94FF00003E0
:202100004FF003024FF000014FF07200F3F726FB4FF0010004464FF00000032E0BD34FF068
:2021200004034FF003024FF000014FF07200F3F715FB4FF0010044EA0000C4B24FF0000046
:202140005DB94FF002034FF003024FF000014FF07200F3F703FB4FF0010044EA0000C4B224
:2021600054B929463046FFF7FCFB04462846FFF750FC44EA0000C4B2FCB9286C4068006889
:202180000B2805D129463046FFF7C2FE044614E0286C40680068132805D129463046FFF7CD
:2021A0004BFF044609E0286C40680068142804D029463046FFF7FBFE04462046BDE87081D4
:2021C0000000000000B54FF0000100F012F80146084600BD00B500F001F800BD00B54FEA75
:2021E000501300F01F000A460146184602F018F800BD70B54FF000014FEA501500F01F04A3
:202200004FF0010000FA04F63146284602F027F8284602F030F8014601EA060121FA04F0C4
:20222000C0B20146084670BDFEE7FEE77047FEE7FEE7FEE7FEE7FEE7FEE70000B0F5001FC7
:202240000ED3B0F1007F05D347F6FF71C0F20021884205D9B0F1807F05D3B0F1817F02D290
:202260004FF0010001E04FF00000704770B50C4604EB0001A1F10106FFF7E0FF05463046B1
:20228000FFF7DCFF05EA0000C5B2012D04D1002C02D94FF0010501E04FF00005284670BDF8
:2022A00000B519B11146FFF7E1FF10B94FF0050301E04FF00003184600BD10B44FF001031D
:2022C00041EA000404F0030048B9042A02D34FF004030BE0022A09D34FF0020306E004F07D
:2022E000010018B9022A01D34FF00203184610BC704710B40C6803465B1E0ED05B1E03D0C3
:202300009B1E0ED114600CE013686FF30F03C4F30F0040EA0300106003E004F0FF00C0B22B
:20232000107010BC704770B44FF007040D68166803465B1E11D05B1E06D09B1E15D1AE42B8
:2023400013D14FF0000410E0C6F30F00C5F30F0188420AD14FF0000407E006F0FF0005F01D
:20236000FF01884201D14FF00004204670BC704710B44FF006030C680246521E12D0521EAB
:2023800007D0921E14D1B4F1FF3F11D14FF000030EE0C4F30F004FF6FF71884208D14FF07F
:2023A000000305E004F0FF00FF2801D14FF00003184610BC70472DE970410646144640F287
:2023C0002005C4F2020540F21808C4F20208C8F8001004F0A6F840F21008C4F20208D8F8CD
:2023E00000006FF3070006F0FF0140EA010040F21008C4F20208C8F8000004F096F86CB1EA
:202400004FF0000008E000EB050100EB040212780A7000F10100C0B21028F4D304F089F8D7
:2024200040F20808C4F20208D8F800006FF3186040F20808C4F20208C8F8000004F07DF8C5
:202440004FF0640040F20008C4F20208C8F80000BDE870812DE9004143F29448C2F2000865
:20246000D8F80000006838B143F29448C2F20008D8F8000000688047BDE800812DE90041F2
:2024800043F29448C2F20008D8F80000406838B143F29448C2F20008D8F800004068804702
:2024A000BDE8008110B54FF00004EFF3108004460CB902F0B0F907B4004801E000000240AC
:2024C0004FF0800100BF00BF00BF00BF00BF00BF00BF00BF0160026800BF00BF00BF00BF7D
:2024E00000BF00BF00BF00BF07BC0CB902F0A8F910BD2DE9304181B004460D464FF0000064
:20250000009045B1FFF7A6FF45F0010120468847FFF7B4FF2CE0FFF7C5FF12E004B1A04731
:202520006A4643F29841C2F200014FF0000002F058F943F28C41C2F200010868009A104491
:20254000086040F20008C4F20208D8F8000010F0800F0DD143F28C48C2F20008D8F8000047
:2025600043F29048C2F20008D8F800108842D5D303F0CFFF40F20008C4F20208D8F80000B5
:2025800010F0800F16D040F20008C4F20208D8F8000000F0210050B14FF003044FF0200045
:2025A00040F20008C4F20208C8F8000004E04FF0000401E04FF0040403F0AFFF204601B05A
:2025C000BDE830812DE9304104460D4603F0B9FF4FEA141040F23008C4F20208D8F800205F
:2025E00002F00F0220F070434FEA031342EA030240F23008C4F20208C8F8002003F0A5FFF4
:2026000003F0A7FF4FEA151040F23408C4F20208D8F8002002F00F0220F070434FEA031390
:2026200042EA030240F23408C4F20208C8F8002003F093FFBDE830812DE9F04106460F4698
:2026400014463046FFF7FAFD06F00F0100290CBF0121002101EA0000C0B24FF0000540F2AD
:202660000008C4F20208D8F8000010F0800F02D14FF001053CE043F29841C2F200014FF0FD
:20268000000002F0A2F84FF0000043F28C48C2F20008C8F80000A06860B94FF416714FF0C0
:2026A000000002F0B0F843F29048C2F20008C8F800000DE049F2E031C0F204014FF00000C8
:2026C00002F0A1F843F29048C2F20008C8F800003A4631464FF02400FFF76DFE207828B9B2
:2026E000A1686068FFF705FF054601E0FFF7DAFE2846BDE8F0814DF8048D40F20008C4F2CB
:202700000208D8F8001000EA010010B94FF0000101E04FF0010108465DF8048B70472DE9BA
:20272000304105464FF0000443F29448C2F20008C8F800504FF00100FFF7DDFF012802D1AF
:202740004FF00A0423E04FF08000FFF7D4FF10B94FF001041BE040F26400C0F2030040F21C
:202760000008C4F20208C8F80000E968A868FFF729FF40F20408C4F20208D8F8000040F450
:20278000803040F20408C4F20208C8F800002046BDE830812DE9704106460C463046FFF73E
:2027A0004DFDC6F30C0100290CBF0121002101EA0000C0B24FF0000540F20008C4F2020837
:2027C000D8F8000010F0800F02D14FF001053DE043F29841C2F200014FF0000001F0F5FF7E
:2027E0004FF0000043F28C48C2F20008C8F80000A06860B944F620614FF0000002F003F80D
:2028000043F29048C2F20008C8F800000DE049F2E031C0F204014FF0000001F0F4FF43F2E7
:202820009048C2F20008C8F8000031464FF000024FF04200FFF7BFFD207828B9A16860680F
:20284000FFF757FE054601E0FFF72CFE2846BDE870812DE9F04404460D4616469A464FF07B
:20286000000704F00F0030B905F00F00002814BF3846012007462046FFF7E0FC394601EAD8
:202880000000C0B24FF000004FF000070AE0524607EB0600014607EB0400FFF7CDFE18B9F8
:2028A00007F11007AF42F2D3BDE8F0842DE9F04504460E4615462A4631462046FFF7F0FCC7
:2028C00007464FF0010A4FF0010043F28448C2F20008C8F800002EE043F28448C2F20008D9
:2028E000C8F804404FF4803040F20008C4F20208C8F8000003F035FE40F24008C4F20208C7
:20290000D8F8000040F0010040F24008C4F20208C8F8000003F029FE2A4631462046FFF75F
:20292000CCFC8246324621465046FFF7E2FC54445644A5EB0A05002D07D943F28448C2F22B
:202940000008D8F800000228C6D143F28448C2F20008D8F80000022801D14FF009074FF0C7
:20296000000043F28448C2F20008C8F800003846BDE8F0852DE9F04104460D46164632468A
:2029800029462046FFF78CFC2F464FF001054FF0010143F28448C2F20008C8F800102EE04E
:2029A00043F28448C2F20008C8F804404FF4803040F20008C4F20208C8F8000003F0D1FDE8
:2029C00040F24008C4F20208D8F8000040F0010040F24008C4F20208C8F8000003F0C5FD0D
:2029E000324639462046FFF768FC05463A4621462846FFF798FC2C442F44A6EB0506002E49
:202A000009D943F28448C2F20008D8F80010022901D00028C4D043F28448C2F20008D8F8F2
:202A20000010022902D108B94FF009004FF0000143F28448C2F20008C8F80010BDE8F0819C
:202A40002DE9F04105460E464FF0000431462846FFF70CFC4FF001074FF0010043F28448E2
:202A6000C2F20008C8F800002EE043F28448C2F20008C8F804504FF4803040F20008C4F218
:202A80000208C8F8000003F06CFD40F24008C4F20208D8F8000040F0010040F24008C4F2A5
:202AA0000208C8F8000003F060FD324628464FF00001FFF702FC074629463846FFF758FC5E
:202AC00004463D44A6EB0706002E09D943F28448C2F20008D8F80000022801D0002CC4D035
:202AE00043F28448C2F20008D8F80000022802D10CB94FF009044FF0000043F28448C2F247
:202B00000008C8F800002046BDE8F0812DE9104181B003F0FEFC40F20008C4F20208D8F822
:202B2000000010F0800F1AD040F20008C4F20208D8F8000000F0210060B14FF003044FF0AB
:202B4000200040F20008C4F20208C8F8000003F0E4FC2AE003F0E1FC4FF0000425E003F0B3
:202B6000DCFC6A4643F29841C2F200014FF0000001F037FE43F28C41C2F200010868009AE4
:202B80001044086043F28C48C2F20008D8F8000043F29048C2F20008D8F80010884202D996
:202BA0004FF0040401E04FF00104204601B0BDE81081B0F1807F05D3B0F1817F02D24FF030
:202BC000020013E0B0F5001F02D24FF001000DE0B0F1007F08D347F6FF71C0F200218842F6
:202BE00002D84FF0010001E04FF0000070472DE90F512DED100BF1EE10CA4DF804CD40F238
:202C00000008C4F20208D8F8000010F4803F2AD040F20408C4F20208D8F8000010F4803FCE
:202C200021D043F28448C2F20008D8F80000012819D143F28448C2F20008D8F804004FEA39
:202C4000101140F24008C4F20208D8F800004FEA1010814207D14FF0020043F28448C2F25F
:202C60000008C8F800004FF4803040F20008C4F20208C8F80000BFF34F8F5DF804CBE1EE5C
:202C800010CABDEC100BBDE80F914DF8048D4FF0000190B143F29C48C2F20008D8F8002035
:202CA000A0F1010001464FEA81010846116A08440068816801F1010101E04FF000010846B7
:202CC0005DF8048B70472DE9004143F2A048C2F20008D8F80800FFF7D8FF014643F29C4824
:202CE000C2F20008D8F8002043F2A048C2F20008D8F808004FEA8000126A10440068C0685E
:202D000043F2A048C2F20008D8F81020A2EB01010844BDE800814DF8048D4FF000014FF084
:202D2000000110E043F29C48C2F20008D8F800300A464FEA82021B6A1A4412689268904297
:202D40000AD901F1010143F29C48C2F20008D8F80020D2699142E5D308465DF8048B704728
:202D60002DE9704105464FF0000643F29C48C2F20008D8F8001043F29C48C2F20008D8F8A2
:202D80000000C069A0F101004FEA8000096A08440068806885421FD82846FFF7BCFF01468C
:202DA00043F29C48C2F20008D8F8002008464FEA8000126A1044006804680846FFF765FFFB
:202DC00054B1A5EB0001B1FBF4F004FB00F0A1EB000008B94FF001063046BDE870812DE929
:202DE000704105464FF0000643F29C48C2F20008D8F8001043F29C48C2F20008D8F8000038
:202E0000C069A0F101004FEA8000096A084400688068854221D82846FFF77DFF014643F213
:202E20009C48C2F20008D8F8002008464FEA8000126A1044006804680846FFF726FF64B1D9
:202E400005F10101A1EB0001B1FBF4F004FB00F0A1EB000008B94FF001063046BDE87081CF
:202E60002DE9704104464FF0000543F29C48C2F20008D8F8001043F29C48C2F20008D8F8A3
:202E80000000C069A0F101004FEA8000096A084400688068844220D82046FFF73CFF06460E
:202EA0003046FFF7F2FE014643F29C48C2F20008D8F8002030464FEA8000126A1044006843
:202EC000406850B1A4EB0102B2FBF0F100FB01F1A2EB010008B94FF001052846BDE87081A4
:202EE0002DE9704105464FF0000643F29C48C2F20008D8F8001043F29C48C2F20008D8F821
:202F00000000C069A0F101004FEA8000096A084400688068854221D82846FFF7FCFE0146C9
:202F200043F29C48C2F20008D8F8002008464FEA8000126A1044006844680846FFF7A5FEFA
:202F400064B105F10101A1EB0001B1FBF4F004FB00F0A1EB000008B94FF001063046BDE8AA
:202F600070814DF8048D43F2A048C2F20008D8F810100844A0F1010143F2A048C2F2000809
:202F8000D8F81400884205D243F2A048C2F20008D8F8141008465DF8048B70472DE91001CF
:202FA00043F29C48C2F20008D8F8002043F2A048C2F20008D8F808104FEA8101126A1144FF
:202FC00009684A7C43F29C48C2F20008D8F8003043F2A048C2F20008D8F808104FEA810169
:202FE0001B6A19440968496843F29C48C2F20008D8F8004043F2A048C2F20008D8F8083007
:203000004FEA8303246A23441B689B6898420AD243F2A048C2F20008D8F81030A0EB030049
:2030200000F1010009E043F2A048C2F20008D8F81000A3EB000000F10100012A02D18842B4
:2030400088BF0846BDE8100170474DF8048D43F29C48C2F20008D8F8002043F2A048C2F202
:203060000008D8F808104FEA8101126A11440968896888420AD243F2A048C2F20008D8F823
:203080001010A0EB010000F1010109E043F2A048C2F20008D8F81000A1EB000000F1010170
:2030A00008465DF8048B704710B504464FF001034FF00B024FF000014FF05C00F2F754FB76
:2030C000022C0AD14FF007034FF00B024FF000014FF05C00F2F745FB0BE0052C09D14FF019
:2030E00009034FF00B024FF000014FF05C00F2F738FB10BD2DE970414FF00204FFF7E3FDD2
:2031000043F2A048C2F20008D8F8101043F2A048C2F20008D8F81420914202D94FF0000418
:2031200072E043F29C48C2F20008D8F8002043F2A048C2F20008D8F808104FEA8101126A80
:20314000114409680D7C43F29C48C2F20008D8F8002043F2A048C2F20008D8F808104FEA61
:203160008101126A114409680E68294600F0B9FF042808D14FF0010043F2A048C2F20008E0
:2031800088F8200040E020B14FF00104FFF78CFF3AE0CDBB43F2A041C2F200010869304487
:2031A000086143F2A048C2F20008D8F8100043F2A048C2F20008D8F81410884202D94FF03C
:2031C000000421E043F29C48C2F20008D8F8001043F2A048C2F20008D8F808004FEA8000CB
:2031E000096A0844006843F2A048C2F20008D8F810108068814207D943F2A041C2F2000189
:20320000886800F1010088602046BDE8708110B504464FF002034FF00B024FF000014FF0CA
:203220005C00F2F7A1FA022C0AD14FF007034FF00B024FF000014FF05C00F2F792FA18E0C8
:20324000032C0AD14FF008034FF00B024FF000014FF05C00F2F785FA0BE0052C09D14FF056
:2032600009034FF00B024FF000014FF05C00F2F778FA10BD2DE9F0414FF002054FF0000423
:2032800043F2A048C2F20008D8F8100043F2A048C2F20008D8F81410884202D94FF00005BF
:2032A00089E043F2C448C2F20008D8F80000FFF758FE074653E03846FFF770FE064643F2A9
:2032C0009C48C2F20008D8F8001043F2A048C2F20008D8F808004FEA8000096A08440068DD
:2032E000447CFFF7F0FC234643F2A048C2F20008D8F81820314600F03EFF04467CBB43F288
:20330000A041C2F2000108693044086143F2A041C2F2000188693044886143F29C48C2F2E3
:203320000008D8F8001043F2A048C2F20008D8F808004FEA8000096A0844006843F2A048F7
:20334000C2F20008D8F810108068814207D943F2A041C2F20001886800F10100886043F26C
:20336000A048C2F20008D8F81000B84201D8002CA1D0042C08D14FF0010043F2A048C2F23F
:20338000000888F8200016E02CB14FF001052046FFF73DFF0FE043F2A048C2F20008D8F83D
:2033A000100043F2A048C2F20008D8F81410884201D94FF000052846BDE8F0812DE930413D
:2033C00005464FF00104FFF77EFC034643F2A048C2F20008D8F80000023868D303D002387A
:2033E0001FD348D063E043F2A048C2F20008D8F81C202946184600F056FE04464CB14FF004
:2034000003034FF00B024FF000014FF05C00F2F7ABF943F2A041C2F20001C8692844C86161
:2034200045E043F2A048C2F20008D8F818202946184600F043FE0446ACB14FF004034FF05C
:203440000B024FF000014FF05C00F2F78DF9032C09D14FF008034FF00B024FF000014FF0F7
:203460005C00F2F77EF943F2A041C2F200018869284488611BE02946184600F02AFE044655
:20348000ACB14FF004034FF00B024FF000014FF05C00F2F769F9022C09D14FF007034FF087
:2034A0000B024FF000014FF05C00F2F75AF92046BDE830814FF00201012801D0022802D1F3
:2034C0004FF0010103E0032801D14FF00401084670472DE9F0414FF002054FF0000443F27D
:2034E000A048C2F20008D8F8100043F2A048C2F20008D8F81410884202D94FF000055BE057
:2035000043F2C848C2F20008D8F80000FFF729FD064631E03046FFF798FD07463846FFF79F
:203520004DFF044643F2A041C2F200010869384408610CBB43F29C48C2F20008D8F8001058
:2035400043F2A048C2F20008D8F808004FEA8000096A0844006843F2A048C2F20008D8F831
:2035600010108068814207D943F2A041C2F20001886800F10100886043F2A048C2F2000832
:20358000D8F81000B04201D8002CC3D024B12046FFF790FF05460FE043F2A048C2F20008EE
:2035A000D8F8100043F2A048C2F20008D8F81410884201D94FF000052846BDE8F0812DE9DC
:2035C000004143F2A048C2F20008D8F8000010B9FFF790FD0CE043F2A048C2F20008D8F820
:2035E0000000012802D1FFF745FE01E0FFF771FFBDE800812DE9004143F2A048C2F20008F9
:20360000C8F804000146013904D314D00239013911D920E043F29C48C2F20008D8F80000A6
:203620000068C0B143F29C48C2F20008D8F80000006880470FE043F29C48C2F20008D8F849
:203640000000406838B143F29C48C2F20008D8F8000040688047BDE800812DE970414FF099
:203660000204FFF730FB024643F29C48C2F20008D8F8001043F2A048C2F20008D8F8080075
:203680004FEA8000096A0844006805682946104600F0EBFC0646062E59D04FF0000043F224
:2036A000A048C2F2000888F820002EB34FF001044FF001034FF00B024FF000014FF05C0037
:2036C000F2F752F8022E0AD14FF007034FF00B024FF000014FF05C00F2F743F837E0052ECE
:2036E00035D14FF009034FF00B024FF000014FF05C00F2F736F82AE043F2A041C2F2000166
:2037000008692844086143F29C48C2F20008D8F8001043F2A048C2F20008D8F808004FEAC4
:203720008000096A0844006843F2A048C2F20008D8F810108068814207D943F2A041C2F2C4
:203740000001886800F1010088604FF000042046BDE870812DE970414FF00204FFF7B3FAB0
:20376000034643F29C48C2F20008D8F8001043F2A048C2F20008D8F808004FEA8000096A6E
:203780000844006845682A4643F2A048C2F20008D8F81810184600F078FC0646062E60D015
:2037A0004FF0000043F2A048C2F2000888F820002EB34FF001044FF002034FF00B024FF05D
:2037C00000014FF05C00F1F7CFFF032E0AD14FF008034FF00B024FF000014FF05C00F1F732
:2037E000C0FF3EE0052E3CD14FF009034FF00B024FF000014FF05C00F1F7B3FF31E043F25A
:20380000A041C2F2000108692844086143F2A041C2F2000188692844886143F29C48C2F2EE
:203820000008D8F8001043F2A048C2F20008D8F808004FEA8000096A0844006843F2A048F2
:20384000C2F20008D8F810108068814207D943F2A041C2F20001886800F1010088604FF05D
:2038600000042046BDE870812DE900414FF0010043F2A048C2F20008D8F8001011B9FFF738
:20388000ECFE09E043F2A048C2F20008D8F80010012901D1FFF75EFFBDE800812DE90041D0
:2038A00050B14FF001034FF000024FF000014FF05C00F1F753FF9CE043F2A048C2F2000819
:2038C000D8F8040002280AD14FF006034FF000024FF000014FF05C00F1F740FF89E04BF2DE
:2038E0000428C1F6FF78D8F8000043F29C48C2F20008C8F8000043F29C48C2F20008D8F864
:203900000000806801281AD143F29C48C2F20008D8F80000C06843F2C848C2F20008C8F81D
:20392000000043F29C48C2F20008D8F80000406943F2C448C2F20008C8F8000019E043F24E
:203940009C48C2F20008D8F80000006943F2C848C2F20008C8F8000043F29C48C2F20008F8
:20396000D8F80000806943F2C448C2F20008C8F8000043F29C48C2F20008D8F80000406A82
:2039800000F031FB014606290AD14FF006034FF000024FF000014FF05C00F1F7DFFE18E099
:2039A00007290AD14FF006034FF000024FF000014FF05C00F1F7D8FE0BE0092909D14FF0A4
:2039C00004034FF000024FF000014FF05C00F1F7C5FE4FF0000043F2A048C2F20008C8F841
:2039E00004004FF0000043F2A048C2F2000888F82000BDE800812DE9F04505468A464FF040
:203A000000040AEB0500A0F101064FF0000043F29C48C2F20008D8F8001059B94FF00503C3
:203A20004FF001024FF000014FF05C00F1F796FE4FF0010004464CBB4FF000042846FFF7B5
:203A40008FF958B94FF002034FF001024FF000014FF05C00F1F782FE4FF001044FF000077A
:203A60003046FFF7BCF910B1BAF1000F0BD14FF003034FF001024FF000014FF05C00F1F784
:203A80006DFE4FF0010744EA0700C4B2002C4AD143F2A048C2F20008D8F8040002280CD1CE
:203AA0004FF006034FF001024FF000014FF05C00F1F754FE4FF0010435E02846FFF72BF986
:203AC00043F2A048C2F20008C8F808003046FFF722F943F2A048C2F20008C8F80C0043F2E4
:203AE000A048C2F20008C8F8105043F2A048C2F20008C8F814604FF0000043F2A048C2F2E5
:203B00000008C8F800004FF0020043F2A048C2F20008C8F804004FF0000043F2A048C2F2EF
:203B2000000888F820002046BDE8F0852DE9F04D05460F4693464FF000040BEB0500A0F1C2
:203B4000010A4FF0000043F29C48C2F20008D8F8001059B94FF005034FF002024FF000018A
:203B60004FF05C00F1F7FAFD4FF0010004464CBB4FF000042846FFF773F958B94FF00203D2
:203B80004FF002024FF000014FF05C00F1F7E6FD4FF001044FF000065046FFF7A1F910B1CC
:203BA000BBF1000F0BD14FF003034FF002024FF000014FF05C00F1F7D1FD4FF0010644EAE1
:203BC0000600C4B24FF000005FB94FF004034FF002024FF000014FF05C00F1F7BFFD4FF0CB
:203BE000010044EA0000C4B2002C50D143F2A048C2F20008D8F8040002280CD14FF00603D7
:203C00004FF002024FF000014FF05C00F1F7A6FD4FF001043BE02846FFF77DF843F2A048A6
:203C2000C2F20008C8F808005046FFF774F843F2A048C2F20008C8F80C0043F2A048C2F292
:203C40000008C8F8105043F2A048C2F20008C8F814A043F2A048C2F20008C8F818704FF08F
:203C6000010043F2A048C2F20008C8F800004FF0020043F2A048C2F20008C8F804004FF08D
:203C8000000043F2A048C2F2000888F820002046BDE8F08D4DF8048D43F29C48C2F2000878
:203CA000D8F8000010B94FF000000CE043F2A048C2F20008D8F80400022802D14FF0020055
:203CC00001E04FF001005DF8048B70472DE9004143F29C48C2F20008D8F8000060B94FF0D4
:203CE00005034FF005024FF000014FF05C00F1F735FD4FF0010005E043F2A048C2F2000883
:203D0000D8F80400BDE800812DE9004143F29C48C2F20008D8F8001051B94FF005034FF00D
:203D200008024FF000014FF05C00F1F717FD4BE043F2A048C2F20008D8F8041002290AD1B4
:203D40004FF006034FF008024FF000014FF05C00F1F704FD38E0014601391BD334D143F24D
:203D60009C48C2F20008D8F80000C06843F2C848C2F20008C8F8000043F29C48C2F2000815
:203D8000D8F80000406943F2C448C2F20008C8F8000019E043F29C48C2F20008D8F800004F
:203DA000006943F2C848C2F20008C8F8000043F29C48C2F20008D8F80000806943F2C4480A
:203DC000C2F20008C8F80000BDE800812DE900414FF0000043F29C48C2F20008D8F80010F6
:203DE000B1B143F2A048C2F20008D8F8041002290ED143F2A048C2F2000898F820100129D7
:203E000001D1FFF731FD08B9FFF7D9FBFFF7F2FBBDE8008100B5FEF7CCFE00BD4DF8048D11
:203E200001460A291FD80FF20808D8E801F0C046070A191C131C0D101C1C16004FF0000129
:203E400013E04FF0060110E04FF002010DE04FF003010AE04FF0050107E04FF0070104E086
:203E60004FF0080101E04FF0010108465DF8048B70472DE9300198B947F62401C1F6FF71CE
:203E800043F2CC48C2F20008D8F80000026840F27000C0F2000000F103004FEA900512E0DB
:203EA00047F62401C1F6FF7143F2CC48C2F20008D8F80000426840F27000C0F2000000F1B5
:203EC00003004FEA90054FF000030CE01C464FEA8404204610441C464FEA84040C44246807
:203EE000046003F10103AB42F0D3BDE8300170472DE9100178B943F2CC48C2F20008D8F8FC
:203F00000000036840F27000C0F2000000F103004FEA90040EE043F2CC48C2F20008D8F85E
:203F20000000436840F27000C0F2000000F103004FEA90044FF0000109E00A464FEA82028B
:203F4000104618444FF00002026001F10101A142F3D3BDE8100170472DE9304104460D46DE
:203F60007BB91046FFF756FFA8420AD12046FFF780FF4FF0010043F2D048C2F2000888F803
:203F80000000BDE830812DE9004143F2D048C2F2000898F80010012909D1FFF7A9FF4FF0EA
:203FA000000043F2D048C2F2000888F80000BDE8008100B50B46012804D018B911461846C9
:203FC000FEF73EFDFFF72AFF00BD30B50C461546012805D020B91A4629462046FEF7CAFC7C
:203FE000FFF71CFF30BD2DE9104143F2CC48C2F20008C8F8000043F2CC48C2F20008D8F8C2
:204000000000C068FEF78BFB01460846FFF706FF044647F62400C1F6FF70FFF7FBFE43F278
:20402000D848C2F20008C8F8000047F62400C1F6FF70FFF7EFFE43F2D448C2F20008C8F8AD
:2040400000007CB943F2D848C2F20008D8F8000030B143F2D448C2F20008D8F8000008B9CB
:204060004FF009042046BDE8108130B504460D464FF00102FEF74AFD03462A4621461846DA
:20408000FFF797FF0246104630BD70B504460D4616464FF00100FEF739FD33462A46214630
:2040A000FFF793FF70BD00B513460A461946FEF7FDFB03461846FFF7B1FE00BD00B513468A
:2040C0000A461946FEF756FC03461846FFF7A6FE00BD00B5FEF7B4FC02461046FFF79EFE62
:2040E00000BD2DE9304183B004460D468DF8005043F2CC48C2F20008D8F800008068019089
:204100004FF0000002902B46224643F2D848C2F20008D8F800104FF00000FFF71DFF43F27E
:20412000D048C2F2000898F8000038B143F2CC48C2F20008D8F8000000680290694620464E
:20414000FEF728FB18B1FFF769FE04460BE045B920464FF40051FEF773FCFFF75FFE0446F3
:2041600001E04FF004044FF00000FFF70CFF204603B0BDE830812DE9F04183B004460D4651
:2041800017461E464FF000008DF8006043F2CC48C2F20008D8F80000806801904FF00000AD
:2041A00002903346224643F2D448C2F20008D8F800104FF00100FFF7CFFE43F2D048C2F29B
:2041C000000898F8000038B143F2CC48C2F20008D8F800004068029029462046FEF730FC59
:2041E00028B96B463A4629462046FEF732FB18B1FFF714FE04460BE046B92A46394620465C
:20420000FEF7B8FBFFF70AFE044601E04FF004044FF00100FFF7B7FE204603B0BDE8F0816C
:2042200070B506460C46154602F06BF931464FEA810108464CF60871C1F6FF7108440268F2
:2042400011684FF0010000FA04F021EA000105FA04F041EA0001116002F057F970BD024664
:204260004FEA820210464CF60872C1F6FF7210440268D16070474FF0000101464FEA81015F
:2042800008464CF60871C1F6FF71084401680968084670472DE930414FF0000421464FEA59
:2042A000810143F2DC42C2F20002114408604FF0000517E021464FEA8101084643F2DC41B9
:2042C000C2F200010844006829464FEA8102A2EB01014FEA8101C068084400F0CEF905F1DF
:2042E0000100C5B221464FEA8101084643F2DC41C2F2000108440068007A8542DAD34FF0EE
:20430000000550E04FF0000110E022464FEA8202104643F2DC42C2F200021044006800698F
:2043200008440078854203D001F101010429ECD30A464FEAC202104643F2E042C2F200028F
:2043400010444FF0000202710A464FEAC202104643F2E042C2F2000210444FF001020260AD
:204360004FEA8101084643F20051C2F2000108444FF00001016021464FEA8101084643F267
:20438000DC41C2F200010844006829464FEAC102A2EB01014FEA810140680844806900F015
:2043A0006FF905F1010521464FEA8101084643F2DC41C2F200010844006800688542A1D3CB
:2043C0004FF0000041F6A028C2F20008C8F80000BDE83081F0B506460F464FF001004FF008
:2043E00000044FF001004FF0010530464FEAC00043F2E041C2F200010844006804280AD1FF
:204400004FF00B034FF005024FF000014FF06400F1F7A7F901E04FF000052846002818BF0C
:204420000120002861D120464FEA800043F2DC41C2F2000108440068006930440578204667
:204440004FEA800043F2DC41C2F200010844016828464FEAC002A2EB00004FEA8000496887
:2044600008444069012814D120464FEA800043F2DC41C2F200010844016828464FEAC002F5
:20448000A2EB00004FEA800049680844806900F027F930464FEAC00043F2E041C2F2000166
:2044A00008444FF004010160394620464FEA800043F2DC42C2F200021044026828464FEAFF
:2044C000C003A3EB00004FEA800052681044806900F0E4F848B14FF02B034FF005024FF024
:2044E00000014FF06400F1F73CF9F0BD2DE900414FF000010A464FEA820243F2DC43C2F2A2
:2045000000031A44126812690244127803464FEAC303184643F2E043C2F2000318444FF025
:204520000103037141F6A028C2F20008D8F80000A0B94FEA8101084643F2DC41C2F200010F
:204540000844006811464FEAC102A2EB01014FEA810140680844806900F0C2F8BDE800815D
:204560002DE9704106464FF0000420464FEA800043F2DC41C2F200010844006800287AD099
:2045800020464FEA800043F2DC41C2F200010844006800693044057820464FEA800043F293
:2045A000DC41C2F200010844016828464FEAC002A2EB00004FEA80004968084440690128F6
:2045C0001FD120464FEA800043F2DC41C2F200010844016828464FEAC002A2EB00004FEAE1
:2045E000800049680844806900F06CF830464FEAC00043F2E041C2F2000108444FF00301F8
:20460000016041F6A028C2F20008D8F8000090BB30464FEAC00043F2E041C2F2000108449D
:204620000079012827D120464FEA800043F2DC41C2F200010844016828464FEAC002A2EB0F
:2046400000004FEA800049680844406898B120464FEA800043F2DC41C2F2000108440168D8
:2046600028464FEAC002A2EB00004FEA80004968084440688047BDE8708100680028704742
:2046800000B5016849B10168012906D00168022903D10169007902F015FC00BD00B54FF09A
:2046A0000102036863B10368012B09D00368022B06D10A464179007902F040FD4FF00002A6
:2046C000104600BD00B5016849B10168012906D00168022903D14179007902F08FFD00BD70
:2046E00000B5016849B10168012906D00168022903D14179007902F0CCFD00BD2DE91001FF
:204700004EF60858CEF20008D8F8004032B100F110034FEA830323441B68136000F1100019
:204720004FEA800020440160BDE8100170474FEA50114FEA81014EF20012CEF200021144D0
:2047400000F01F004FF0010202FA00F00860704700B54FEA50114FEA81014EF28012CEF261
:204760000002114400F01F004FF0010202FA00F00860BFF34F8FBFF36F8F00BD002809DB34
:204780004EF20042CEF2000210444FEA0111C9B201700CE000F00F00A0F104004EF618521C
:2047A000CEF2000210444FEA0111C9B2017070474DF8048D4FF0000043F21858C2F200087F
:2047C000C8F800005DF8048B70474FF0010203461B1E04D14FF0000008604FF000021046A7
:2047E000704710B44FF001030446241E08D14FF0010010600B6803F101030B604FF00003CE
:20480000184610BC70474FF0000203461B1E00D10A46104670472DE9004143F21858C2F216
:204820000008D8F80000002800D172B643F21851C2F20001086800F101000860BDE800813C
:204840002DE9004143F21858C2F20008D8F80000002807D943F21851C2F200010868A0F174
:204860000100086043F21858C2F20008D8F80000002800D162B6BDE800814DF8048D41F65A
:20488000A828C2F20008D8F8000000B34FF0000014E041F6A828C2F20008D8F800200146DC
:2048A0004FEAC101D2681144096843F21C52C2F200021144C2B20A7000F1010041F6A82868
:2048C000C2F20008D8F8001049688842E1D35DF8048B70474DF8048D41F6A828C2F20008D9
:2048E000D8F8000000B34FF0000014E041F6A828C2F20008D8F8002001464FEAC101126992
:204900001144096843F21D52C2F200021144C2B20A7000F1010041F6A828C2F20008D8F8AF
:20492000001089688842E1D35DF8048B70472DE9004141F6A828C2F20008C8F80000FFF78D
:204940009CFFFFF7C7FF41F6A828C2F20008D8F80000406900F02FF8BDE800812DE9004130
:204960004FF0010141F6A828C2F20008D8F8002043F21D51C2F20001084401784FEAC1012B
:20498000084611690844406843F22058C2F20008C8F8000043F22058C2F20008D8F80000F9
:2049A00000F01BF84FF000010846BDE8008100B500F020F800BD10B504466CB100F069FB46
:2049C000206802F0BEF9606802F0D1F9A06802F02CF8E06800F026FB10BD10B5044644B1DA
:2049E000206801F067FC606802F08CF8A06800F052F910BD00B502F0D1FC00BD01464FEADC
:204A000081014DF26012C1F6FF721144096802464FEA820210464DF28C02C1F6FF721044D1
:204A200000680A6812F0004F02D04FF0B64202600A686FF355520A600A6842F400120A60D7
:204A40000A6842F000420A60704701464FEA81014DF26012C1F6FF721144096802464FEA2D
:204A6000820210464DF28C02C1F6FF72104400680A6812F0004F02D04FF0B64202600A680B
:204A80006FF3010242F001020A600A6842F400120A600A6842F000420A60704701464FEA67
:204AA00081014DF26012C1F6FF721144096802464FEA820210464DF28C02C1F6FF72104431
:204AC00000680A6812F0004F02D04FF0B64202600A686FF301020A600A686FF355520A601A
:204AE0000A6842F000420A60704710B402464FEA82024DF26013C1F6FF731A4412680346EA
:204B00004FEA83034DF28C04C1F6FF7423441B6801381F3807D90238013804D9053802D024
:204B20000438043814D8106810F0004F02D04FF0B640186010686FF30B2001F00F014FEA8C
:204B4000012140EA01001060106840F00040106010BC7047F0B402464FEA82024DF2601362
:204B6000C1F6FF731A44126803464FEA83034DF28C04C1F6FF7423441E684FF000054FF0C3
:204B800000034FF00004146814F0004F02D04FF0B644346004464FEA8406A6EB04044FEA82
:204BA00084044DF23426C1F6FF763444A4682FE006464FEA8607A7EB06064FEA86064DF261
:204BC0003427C1F6FF773E447668F6B106464FEA8607A7EB06064FEA86064DF23427C1F680
:204BE000FF7737441E464FEA86067F683E443668B1420AD110686FF3061001F007014FEAA4
:204C0000011140EA0100106004E003F10103DBB2A342CDD3A34201D14FF00105106840F055
:204C2000004010602846F0BC704730B403464FEA83034DF26014C1F6FF7423441B680446F6
:204C40004FEA84044DF28C05C1F6FF752C4424681D6815F0004F02D04FF0B64525602828E2
:204C600013D018686FF3104001F001014FEA014140EA0100186018686FF3145002F00101D4
:204C80004FEA015140EA01001860186840F00040186030BC704770B50546002D60D02E6878
:204CA0004FF000045AE020464FEA0010696808440068FFF7F3FE20464FEA00106968084490
:204CC000416820464FEA00106A6810440068FFF741FF20464FEA001069680844816820469D
:204CE0004FEA00106A6810440068FFF7FEFE20464FEA001069680844427B20464FEA0010B3
:204D000069680844817B20464FEA00106B6818440068FFF78AFF20464FEA001069680844E9
:204D2000007B012810D120464FEA0010696808440068FFF763FE20464FEA00106968084497
:204D40000068FFF782FE07E020464FEA0010696808440068FFF7A2FE04F10104B442A2D35F
:204D600070BD2DE930414FF000044FF000014BF6C468C1F6FF78D8F80010002960D04BF6E7
:204D8000C468C1F6FF78D8F800504FF0000454E021464FEA8102A2EB01014FEA81016A68E3
:204DA0001144896822464FEA8203A3EB02024FEA82026B681A4410684FF00002FFF79EFCBE
:204DC00021464FEA8102A2EB01014FEA81016A681144497922464FEA8203A3EB02024FEA8C
:204DE00082026B681A441068FFF7C8FC21464FEA8102A2EB01014FEA81016A6811440979B6
:204E000001290CD121464FEA8102A2EB01014FEA81016A6811440868FFF789FC0BE02146BA
:204E20004FEA8102A2EB01014FEA81016A6811440868FFF78DFC04F1010429688C42A7D383
:204E4000BDE830814DF8048D4DF20008C4F20708D8F8002012F0004F09D040F20002C9F211
:204E600073424DF20008C4F20708C8F800200246082A6ED80FF20408D8E802F005186B2D5D
:204E8000426B6B6B57004DF21008C4F20708D8F800206FF3000201F0010042EA00024DF269
:204EA0001008C4F20708C8F8002052E04DF21008C4F20708D8F800206FF3410201F001015F
:204EC0004FEA410142EA01024DF21008C4F20708C8F800203DE04DF21008C4F20708D8F823
:204EE00000206FF3C30201F001014FEAC10142EA01024DF21008C4F20708C8F8002028E04A
:204F00004DF21008C4F20708D8F800206FF3041201F001014FEA011142EA01024DF2100849
:204F2000C4F20708C8F8002013E04DF21008C4F20708D8F800206FF3082201F001014FEA15
:204F4000012142EA01024DF21008C4F20708C8F800204DF20008C4F20708D8F8001041F0E7
:204F600000414DF20008C4F20708C8F800105DF8048B70474DF8048D4DF20008C4F2070897
:204F8000D8F8002012F0004F09D040F20002C9F273424DF20008C4F20708C8F80020C1B1F5
:204FA00002464FEA820210464DF2FC51C1F6FF7108444DF21008C4F20708D8F80020006823
:204FC00042EA00024DF21008C4F20708C8F8002017E002464FEA820210464DF2FC51C1F612
:204FE000FF7108444DF21008C4F20708D8F80020006822EA00024DF21008C4F20708C8F897
:2050000000204DF20008C4F20708D8F8002042F000424DF20008C4F20708C8F800205DF8BF
:20502000048B70472DE91041044684B321784FF00000FFF707FF61784FF00100FFF702FF5E
:20504000A1784FF00300FFF7FDFEE1784FF00400FFF7F8FE21794FF00800FFF7F3FE217B18
:205060004FF00000FFF786FF206941F6B028C2F20008C8F8000061794FF00100FFF77AFFD9
:20508000A06841F6AC28C2F20008C8F80000BDE810814DF8048D4DF20008C4F20708D8F899
:2050A000000010F0004F09D040F20000C9F273404DF20008C4F20708C8F800004DF20C0809
:2050C000C4F20708D8F8000040F001004DF20C08C4F20708C8F800004DF20008C4F2070826
:2050E000D8F8000040F000404DF20008C4F20708C8F800005DF8048B7047000000B54FF015
:20510000000261B94FF00C034FF000024FF000014FF07C00F0F722FB4FF0010210E08968C2
:205120000844007801280BD04FF0F0034FF000024FF000014FF07C00F0F710FB4FF0010205
:20514000104600BD2DE9104104464FF000004FF000012146FFF7D2FF014601290ED043F25A
:205160002458C2F20008C8F8004043F22458C2F20008D8F80000C06800F031FABDE8108141
:205180002DE9F044044620684FEA80004DF23461C1F6FF710844056820684FEA80004DF206
:2051A0002061C1F6FF710844D0F800A020684FEA80004DF20C61C1F6FF71084407687E69DD
:2051C00001F0DFF960684FEA800005F110010844006810F4004F08D060684FEA80000AF123
:2051E000100108444FF0B641016060684FEA800005F110010144A06800F0010208686FF321
:20520000000002F0010240EA0200086060684FEA800005F1100100EB0102A06800F0020095
:205220004FEA500110686FF3410001F001014FEA410140EA0100106060684FEA800005F149
:20524000100100EB0102E16810686FF30A2001F007014FEA012140EA0100106060684FEA12
:20526000800005F1100100EB0102616910686FF3C30001F001014FEAC10140EA01001060C9
:2052800060684FEA800005F1100100EB0102E17E10686FF3451001F001014FEA411140EA62
:2052A0000100106060684FEA800005F1100100EB0102617E10686FF3DF7001F001014FEAD3
:2052C000C17140EA0100106060684FEA800005F1100100EB0102A17E10686FF31C6001F025
:2052E0001F014FEA016140EA0100106060684FEA800005F110010144086840F4004008603F
:2053000001F043F9E068012804D1E069616800FA01F078604FF00100616800FA01F026EA41
:2053200000062069616800FA01F046EA00067E61BDE8F08402464FEA820210464DF20C62F4
:20534000C1F6FF72104402684FF0010000FA01F05060704702464FEA820210464DF20C62CD
:20536000C1F6FF72104402684FF0010000FA01F09060704770B50D46164601464FEA81019F
:2053800008464DF20C61C1F6FF710844046801F000F961694FF0010000FA05F021EA000145
:2053A00006FA05F041EA0001616101F0F6F870BD70B504460E464FF0000507E028464FEA69
:2053C00040103044FFF7DCFE05F10105A542F5D370BDF0B50C46174601464FEA81014DF2CC
:2053E0003462C1F6FF7211440D6801464FEA810108464DF22061C1F6FF710844066801F043
:20540000C0F821464FEA8101084605F110010844006810F4004F09D021464FEA810108460D
:2054200006F1100108444FF0B641016021464FEA8101084605F11001084401686FF3C3012F
:2054400007F001024FEAC20241EA0201016021464FEA8101084605F110010844016841F465
:205460000041016001F091F8F0BDF0B50C46164601464FEA81014DF23462C1F6FF721144BC
:205480000D6801464FEA810108464DF22061C1F6FF710844076801F074F821464FEA810126
:2054A000084605F110010844006810F4004F09D021464FEA8101084607F1100108444FF0B3
:2054C000B641016021464FEA8101084605F11001084406F0010201686FF3000102F00102F7
:2054E00041EA0201016021464FEA8101084605F11001084406F002014FEA510201686FF30A
:20550000410102F001024FEA420241EA0201016021464FEA8101084605F11001084401681C
:2055200041F40041016001F030F8F0BD2DE9F04D83B00646B6F80280ADF80A80B06890F8FD
:2055400004808DF80380B068D0F80880CDF80480B068D0F80CA0B068D0F800B04FF00007AC
:2055600036E038464FEA40007168084400884FEA50110C4600F01F000546019A29462046BB
:20558000FFF727FF524629462046FFF76EFFBBF1010F14D19DF80380B8F1010F04D1294669
:2055A0002046FFF7C7FE03E029462046FFF7D2FEB068026829462046FFF7DCFE05E02946D1
:2055C00020464FF00002FFF7D5FE07F1010087B2BDF80A804745C4D303B0BDE8F08D10B52D
:2055E000044621694FF03F00FFF7E2FE2046FFF79DFF10BD4DF8048D4FF000014FF0000069
:205600000DE04DF20408C4F20708D8F8002012F0040F02D04FF0010107E000F1010048F262
:20562000A062C0F201029042EBD308465DF8048B70474DF8048D4FF000014FF000000DE0F8
:2056400049F20008C4F20708D8F8002012F4007F02D04FF0010107E000F1010044F6403235
:20566000C0F24C029042EBD308465DF8048B70474DF8048D4FF000014FF000000DE044F239
:205680001C08C4F20608D8F8002012F4803F02D04FF0010107E000F1010048F2A062C0F293
:2056A00001029042EBD308465DF8048B70474DF8048D4FF000014FF000000DE044F21408DA
:2056C000C4F20608D8F8002012F4803F02D04FF0010107E000F1010048F2A062C0F2010274
:2056E0009042EBD308465DF8048B70474DF8048D4FF000014FF0000048E044F22808C4F298
:205700000608D8F8002012F4803F3DD044F22808C4F20608D8F8000010F0004F07D04FF05A
:20572000B64044F22808C4F20608C8F8000044F22808C4F20608D8F8000040F0007044F2B9
:205740002808C4F20608C8F8000044F22808C4F20608D8F800006FF3492044F22808C4F2B4
:205760000608C8F8000044F22808C4F20608D8F8000040F0004044F22808C4F20608C8F807
:2057800000004FF0010107E000F1010048F2A062C0F201029042B0D308465DF8048B7047C0
:2057A0004DF8048D44F21C08C4F20608D8F8000010F0004F07D04FF0B64044F21C08C4F2BA
:2057C0000608C8F8000044F21C08C4F20608D8F800006FF3000044F21C08C4F20608C8F8CD
:2057E000000044F21C08C4F20608D8F8000040F0004044F21C08C4F20608C8F800005DF818
:20580000048B70474DF8048D44F21C08C4F20608D8F8001011F0004F07D04FF0B64144F2DB
:205820001C08C4F20608C8F8001044F21C08C4F20608D8F800106FF3410100F001024FEAE2
:20584000420241EA020144F21C08C4F20608C8F8001044F21C08C4F20608D8F8001041F0B9
:20586000004144F21C08C4F20608C8F800105DF8048B70474DF8048D44F23008C4F2060856
:20588000D8F8000010F0004F07D04FF0B64044F23008C4F20608C8F8000044F23008C4F2C7
:2058A0000608D8F8000040F0807044F23008C4F20608C8F8000044F23008C4F20608D8F8F6
:2058C000000040F0004044F23008C4F20608C8F800005DF8048B70472DE90041FFF7CAFFB5
:2058E00044F22808C4F20608D8F8000010F0004F07D04FF0B64044F22808C4F20608C8F869
:20590000000044F22808C4F20608D8F8000040F4405044F22808C4F20608C8F8000044F2A9
:205920002808C4F20608D8F8000040F4007044F22808C4F20608C8F8000044F22808C4F2F9
:205940000608D8F8000040F0010044F22808C4F20608C8F8000044F22808C4F20608D8F854
:20596000000040F0004044F22808C4F20608C8F80000BDE800814DF8048D44F22808C4F2B5
:205980000608D8F8001011F0004F07D04FF0B64144F22808C4F20608C8F8001044F228085C
:2059A000C4F20608D8F800106FF3410100F001024FEA420241EA020144F22808C4F20608D7
:2059C000C8F8001044F22808C4F20608D8F8001041F0004144F22808C4F20608C8F8001081
:2059E0005DF8048B70472DE9004144F21808C4F20608D8F8002012F0004F07D04FF0B6424C
:205A000044F21808C4F20608C8F8002044F21808C4F20608D8F800206FF3820200F00103A8
:205A20004FEA830342EA030244F21808C4F20608C8F8002044F21808C4F20608D8F8002072
:205A40006FF3000201F0010042EA000244F21808C4F20608C8F8002044F21808C4F20608AE
:205A6000D8F8002042F0020244F21808C4F20608C8F8002044F21808C4F20608D8F80020FC
:205A800042F0004244F21808C4F20608C8F8002044F21408C4F20608D8F8000010F0004F63
:205AA00007D04FF0B64044F21408C4F20608C8F8000044F21408C4F20608D8F8002042F0CC
:205AC000010244F21408C4F20608C8F8002044F21408C4F20608D8F8002042F0004244F21D
:205AE0001408C4F20608C8F800204FF0040000F084FCC0B2BDE800814DF8048D44F228085F
:205B0000C4F20608D8F8000010F0004F07D04FF0B64044F22808C4F20608C8F8000044F276
:205B20002808C4F20608D8F800006FF3000044F22808C4F20608C8F8000044F22808C4F239
:205B40000608D8F800006FF3596044F22808C4F20608C8F8000044F22808C4F20608D8F868
:205B6000000040F0004044F22808C4F20608C8F800005DF8048B70474DF8048D44F2140808
:205B8000C4F20608D8F8001011F0004F07D04FF0B64144F21408C4F20608C8F8001044F2E8
:205BA0001408C4F20608D8F800106FF3410100F001024FEA420241EA020144F21408C4F2DB
:205BC0000608C8F8001044F21408C4F20608D8F8001041F0004144F21408C4F20608C8F8A9
:205BE00000105DF8048B70474DF8048D002800F08D8044F22C08C4F20608D8F8001011F0F0
:205C0000004F07D04FF0B64144F22C08C4F20608C8F80010426844F22C08C4F20608D8F882
:205C200000106FF3124102F007024FEA024241EA020144F22C08C4F20608C8F80010026891
:205C400044F22C08C4F20608D8F800106FF3010102F0030241EA020144F22C08C4F206087F
:205C6000C8F80010826844F22C08C4F20608D8F800106FF30F2102F0FF024FEA022241EA4F
:205C8000020144F22C08C4F20608C8F80010026944F22C08C4F20608D8F800106FF3041113
:205CA00002F001024FEA021241EA020144F22C08C4F20608C8F80010C26844F22C08C4F22C
:205CC0000608D8F800106FF3451102F001024FEA421241EA020144F22C08C4F20608C8F880
:205CE000001044F22C08C4F20608D8F8001041F0004144F22C08C4F20608C8F8001040696D
:205D000043F22858C2F20008C8F800005DF8048B70474DF8048D44F21408C4F20608D8F8FB
:205D2000000010F0004F07D04FF0B64044F21408C4F20608C8F8000044F21808C4F2060818
:205D4000D8F8000010F0004F07D04FF0B64044F21808C4F20608C8F8000044F21408C4F236
:205D60000608D8F800006FF3000044F21408C4F20608C8F8000044F21808C4F20608D8F823
:205D800000006FF3410044F21808C4F20608C8F8000044F21408C4F20608D8F8000040F070
:205DA000004044F21408C4F20608C8F8000044F21808C4F20608D8F8000040F0004044F23D
:205DC0001808C4F20608C8F800005DF8048B70474DF8048D4DF20008C4F20708D8F80000D2
:205DE00010F0004F09D040F20000C9F273404DF20008C4F20708C8F800004DF20408C4F20E
:205E00000708D8F800006FF300004DF20408C4F20708C8F800004DF20008C4F20708D8F895
:205E2000000040F000404DF20008C4F20708C8F800005DF8048B70474DF8048D4DF200086E
:205E4000C4F20708D8F8000010F0004F09D040F20000C9F273404DF20008C4F20708C8F819
:205E600000004DF20408C4F20708D8F8000040F001004DF20408C4F20708C8F800004DF202
:205E80000008C4F20708D8F8000040F000404DF20008C4F20708C8F800005DF8048B70478E
:205EA0004DF8048D49F21808C4F20708D8F8001011F0004F09D040F20001C9F6670149F24E
:205EC0001808C4F20708C8F80010E0B949F20008C4F20708D8F800106FF38A2149F200083C
:205EE000C4F20708C8F8001049F20008C4F20708D8F8001041F0010149F20008C4F20708EA
:205F0000C8F800101BE049F20008C4F20708D8F8001041F4806149F20008C4F20708C8F8F0
:205F2000001049F20008C4F20708D8F800106FF3000149F20008C4F20708C8F8001049F2F3
:205F40001808C4F20708D8F8001041F0004149F21808C4F20708C8F800105DF8048B70477F
:205F60004DF8048D49F21808C4F20708D8F8000010F0004F09D040F20000C9F6670049F2A0
:205F80001808C4F20708C8F8000049F20008C4F20708D8F800006FF38A2049F20008C4F27F
:205FA0000708C8F8000049F20008C4F20708D8F800006FF3000049F20008C4F20708C8F810
:205FC000000049F21808C4F20708D8F8000040F0004049F21808C4F20708C8F800005DF82C
:205FE000048B70474DF8048D0246853AC0F09C8003D0023A35D368D096E044F20C08C4F2ED
:206000000608D8F8000010F0004F07D04FF0B64044F20C08C4F20608C8F8000044F20C082F
:20602000C4F20608D8F800206FF4706002EA00024FEA012040EA020044F20C08C4F20608F7
:20604000C8F8000044F20C08C4F20608D8F8001041F0004144F20C08C4F20608C8F8001042
:2060600062E044F20C08C4F20608D8F8000010F0004F07D04FF0B64044F20C08C4F2060897
:20608000C8F8000044F20C08C4F20608D8F800206FF0F00002EA00024FEA011040EA02008F
:2060A00044F20C08C4F20608C8F8000044F20C08C4F20608D8F8001041F0004144F20C0868
:2060C000C4F20608C8F800102EE044F20C08C4F20608D8F8000010F0004F07D04FF0B640E5
:2060E00044F20C08C4F20608C8F8000044F20C08C4F20608D8F8002022F00F0241EA020084
:2061000044F20C08C4F20608C8F8000044F20C08C4F20608D8F8001041F0004144F20C0807
:20612000C4F20608C8F800105DF8048B70474DF8048D44F20C08C4F20608D8F8000010F07C
:20614000004F07D04FF0B64044F20C08C4F20608C8F8000044F20C08C4F20608D8F8000038
:206160006FF4E02100EA010040F4803044F20C08C4F20608C8F8000044F20C08C4F2060810
:20618000D8F8000040F0004044F20C08C4F20608C8F800005DF8048B70474DF8048D44F24A
:2061A0000C08C4F20608D8F8000010F0004F07D04FF0B64044F20C08C4F20608C8F800000E
:2061C00044F20C08C4F20608D8F800006FF4E02100EA010040F4003044F20C08C4F2060820
:2061E000C8F8000044F20C08C4F20608D8F8000040F0004044F20C08C4F20608C8F80000C3
:206200005DF8048B70474DF8048D44F20C08C4F20608D8F8000010F0004F07D04FF0B640D4
:2062200044F20C08C4F20608C8F8000044F20C08C4F20608D8F800006FF4E02100EA010063
:2062400040F4403044F20C08C4F20608C8F8000044F20C08C4F20608D8F8000040F000407E
:2062600044F20C08C4F20608C8F800005DF8048B70474DF8048DA0F1010044F60001C0F260
:20628000E811B0FBF1F040F20808C4F20208D8F800106FF3030100F00F0041EA000140F2D4
:2062A0000808C4F20208C8F800105DF8048B7047000000002DE910410446002C59D094F811
:2062C0002800012804D1616AE069FFF78CFB01E0FFF71FFDE06A43F23058C2F20008C8F891
:2062E000000094F82000FFF747FC04F13000FFF77BFC94F84900012802D1FFF7EDFA01E098
:20630000FFF7FAFB94F84800FFF735FB94F85000012803D1E06CFFF7C3FD01E0FFF720FEC8
:20632000606D012802D1FFF753FD01E0FFF784FD6168206800F01FF8A1684FF08500FFF7DB
:2063400051FEE1684FF08600FFF74CFE21694FF08700FFF747FE607D08B9FFF721FA207DC9
:20636000FFF750FAA06943F22C58C2F20008C8F80000BDE8108110B50C464FF000020128E8
:2063800010D14FF0030000F038F8012802D04FF000022FE02046FFF76CFFFFF7C8FE4FF0AD
:2063A000010227E0022810D14FF0040000F025F8012802D04FF000021CE02046FFF759FF8C
:2063C000FFF7EBFE4FF0010214E0032810D14FF0050000F012F8012802D04FF0000209E039
:2063E0002046FFF746FFFFF70EFF4FF0010201E04FF00002104610BD00002DE900414FF0DC
:2064000000010246052A19D80FF20408D8E802F01603070B0F13FFF7EDF801460EE0FFF701
:2064200008F901460AE0FFF723F9014606E0FFF73EF9014602E0FFF759F901460846BDE813
:20644000008100B5FEF7E7F900BD00B5FEF7F8F900BD00B5FEF7DFF900BD00B5FEF7F0F94A
:2064600000BD00B5FEF7D7F900BD00B5FEF7E8F900BD00B5FEF7CFF900BD00B5FEF7E0F92E
:2064800000BD00B5FEF7C7F900BD00B5FEF7D8F900BD00B5FEF7BFF900BD00B5FEF7D0F94E
:2064A00000BD00B5FEF7B7F900BD00B5FEF7C8F900BD00B5FEF7AFF900BD00B5FEF7C0F96E
:2064C00000BD00B5FEF7A7F900BD00B5FEF7B8F900BD00B5FEF79FF900BD00B5FEF7B0F98E
:2064E00000BD00B5FEF797F900BD00B5FEF7A8F900BD00B5FEF78FF900BD00B5FEF7A0F9AE
:2065000000BD00B5FEF787F900BD00B5FEF798F900BD00B5FEF77FF900BD00B5FEF790F9CD
:2065200000BD00B5FEF777F900BD00B5FEF788F900BD00B5FEF76FF900BD00B5FEF780F9ED
:2065400000BD00B5FEF767F900BD00B5FEF778F900BD00B5FEF75FF900BD00B5FEF770F90D
:2065600000BD00B5FEF757F900BD00B5FEF768F900BD00B5FEF74FF900BD00B5FEF760F92D
:2065800000BD00B5FEF747F900BD00B5FEF758F900BD00B5FEF73FF900BD00B5FEF750F94D
:2065A00000BD00B5FEF737F900BD00B5FEF748F900BD00004DF8048DC1B902464FEA82028A
:2065C00010464DF24861C1F6FF71084448F20408C4F20408D8F80020006822EA000248F262
:2065E0000408C4F20408C8F8002017E002464FEA820210464DF24861C1F6FF71084448F206
:206600000408C4F20408D8F80020006842EA000248F20408C4F20408C8F800205DF8048B5A
:2066200070474DF8048DA0B948F20408C4F20408D8F800206FF3041201F001034FEA0313C0
:2066400042EA030248F20408C4F20408C8F8002015E0012813D148F20408C4F20408D8F847
:2066600000206FF3451201F001034FEA431342EA030248F20408C4F20408C8F800205DF84F
:20668000048B70474DF8048D6FEA000048F20408C4F20408D8F800106FF38E3100F0010289
:2066A0004FEA823241EA020148F20408C4F20408C8F800105DF8048B70474DF8048D48F23C
:2066C0000408C4F20408D8F800106FF34D3100F001024FEA423241EA020148F20408C4F262
:2066E0000408C8F800105DF8048B70474DF8048D48F20408C4F20408D8F800106FF30C31C6
:2067000000F001024FEA023241EA020148F20408C4F20408C8F800105DF8048B70474DF833
:20672000048D0246082A00F287800FF20808D8E802F0C046838383061B30455A6F0048F26A
:206740002808C4F20408D8F800206FF30D3201F003014FEA013142EA010248F22808C4F207
:206760000408C8F8002067E048F22808C4F20408D8F800206FF38F3201F003014FEA8131C7
:2067800042EA010248F22808C4F20408C8F8002052E048F22808C4F20408D8F800206FF30E
:2067A000114201F003014FEA014142EA010248F22808C4F20408C8F800203DE048F2280854
:2067C000C4F20408D8F800206FF3934201F003014FEA814142EA010248F22808C4F2040885
:2067E000C8F8002028E048F22808C4F20408D8F800206FF3092201F003014FEA012142EA8C
:20680000010248F22808C4F20408C8F8002013E048F22808C4F20408D8F800206FF38B224B
:2068200001F003014FEA812142EA010248F22808C4F20408C8F800205DF8048B70474DF86D
:20684000048D0246013A04D318D0023A2BD33FD052E048F22808C4F20408D8F800206FF36C
:20686000DB6201F001014FEAC16142EA010248F22808C4F20408C8F800203DE048F22808CB
:20688000C4F20408D8F800206FF39A6201F001014FEA816142EA010248F22808C4F204087F
:2068A000C8F8002028E048F22808C4F20408D8F800206FF3596201F001014FEA416142EABD
:2068C000010248F22808C4F20408C8F8002013E048F22808C4F20408D8F800206FF31862BE
:2068E00001F001014FEA016142EA010248F22808C4F20408C8F800205DF8048B70474DF8EF
:20690000048D48F20008C4F20408D8F800206FF3CB2248F20008C4F20408C8F80020024677
:20692000033A06D9053A033A03D325D0013A34D043E048F20008C4F20408D8F800206FF33C
:20694000051248F20008C4F20408C8F8002044F21008C4F20608D8F800206FF3134200F093
:206960000F034FEA034342EA030244F21008C4F20608C8F8002020E048F20008C4F204085F
:20698000D8F800206FF3051242F0100248F20008C4F20408C8F800200FE048F20008C4F27F
:2069A0000408D8F800206FF3051242F0200248F20008C4F20408C8F8002048F20008C4F232
:2069C0000408D8F800206FF30A2201F007034FEA032342EA030248F20008C4F20408C8F8DE
:2069E000002048F20008C4F20408D8F8002042F4006248F20008C4F20408C8F800205DF8B2
:206A0000048B70474DF8048D48F20008C4F20408D8F800006FF3CB2048F20008C4F2040835
:206A2000C8F800005DF8048B704710B50446002C67D021784FF00000FFF7BCFD61784FF0EA
:206A40000100FFF7B7FDA1784FF00200FFF7B2FDE1784FF00300FFF7ADFD21794FF0040074
:206A6000FFF7A8FD61794FF00500FFF7A3FDA1794FF00600FFF79EFDE1794FF00000FFF748
:206A8000D0FD217A4FF00100FFF7CBFD607AFFF7F9FDA07AFFF711FEE07AFFF727FE61696C
:206AA0004FF00300FFF73BFEA1694FF00400FFF736FEE1694FF00500FFF731FE216A4FF071
:206AC0000600FFF72CFEE1684FF00700FFF727FE21694FF00800FFF722FE216B4FF0000034
:206AE000FFF7ADFEE16A4FF00100FFF7A8FEA16A4FF00200FFF7A3FE616A4FF00300FFF7E8
:206B00009EFE10BD00B548B1017A012904D141680068FFF7F4FE01E0FFF774FF00BD0000E4
:206B20004DF8048D4EF22C08C4F20708C8F800004EF23008C4F20708C8F800105DF8048B95
:206B400070474DF8048D00F001004EF20C08C4F20708D8F800106FF3DF7100F001024FEAE0
:206B6000C27241EA02014EF20C08C4F20708C8F800105DF8048B70474DF8048D00F01F004A
:206B80004EF20C08C4F20708D8F800106FF30C2100F01F024FEA022241EA02014EF20C087D
:206BA000C4F20708C8F800105DF8048B70474DF8048D4FEA500000F001004EF20C08C4F24B
:206BC0000708D8F800106FF3820100F001024FEA820241EA02014EF20C08C4F20708C8F82A
:206BE00000105DF8048B70474DF8048D4EF20C08C4F20708D8F800106FF3010100F00300C4
:206C000041EA00014EF20C08C4F20708C8F800105DF8048B70474DF8048D4FF000014BF271
:206C2000646100EA010111B34EF21C08C4F20708D8F8002044F69B10CFF6FF7002EA0002BF
:206C400041EA02004EF21C08C4F20708C8F800004EF21C08C4F20708D8F8001041F0800163
:206C60004EF21C08C4F20708C8F800101FE04EF21C08C4F20708D8F8001044F69B10CFF669
:206C8000FF7001EA00014EF21C08C4F20708C8F800104EF21C08C4F20708D8F800106FF335
:206CA000C7114EF21C08C4F20708C8F800105DF8048B70474DF8048D4EF21C08C4F2070869
:206CC000D8F800106FF3010100F0030041EA00014EF21C08C4F20708C8F800105DF8048B74
:206CE00070474DF8048D4EF22008C4F20708D8F800106FF3000100F0010041EA00014EF23A
:206D00002008C4F20708C8F800105DF8048B70474DF8048D4EF22408C4F20708D8F8001034
:206D20006FF30F2100F0FF024FEA022241EA02014EF22408C4F20708C8F800105DF8048B60
:206D4000704710B504468CB12068FFF74DFF6068FFF72DFFA068FFF70FFF207BFFF7F1FEF0
:206D60002069FFF7A7FF6069FFF755FF10BD10B504464CB12078FFF7B4FF6068FFF7C8FF3C
:206D8000E168A068FFF7CCFE10BD70B504460D4620464FEA80004DF26461C1F6FF710844BD
:206DA00006684FF000004FF000002946204600F06BF8012867D128464FEA800006F124011B
:206DC0000144086840F40040086020464FEA80004DF26461C1F6FF710844016828464FEA7C
:206DE000800001F124010844006810F4005F02D04FF0010001E04FF00000012843D1204610
:206E00004FEA800028444FEA8001A1EB00004FEA800043F23451C2F20001084400780128F2
:206E200031D120464FEA800028444FEA8001A1EB00004FEA800043F23451C2F2000108440B
:206E4000406800B320464FEA800028444FEA8001A1EB00004FEA800043F23451C2F20001DE
:206E60000844416820464FEA800028444FEA8002A2EB00004FEA800043F23452C2F2000220
:206E80001044007A884770BD4FF0000202464FEA820210464DF26462C1F6FF7210440368A0
:206EA0000A464FEA8202104603F124010844006810F4004F02D04FF0010201E04FF0000219
:206EC000104670472DE9F04C04468B4620464FEA80004DF26461C1F6FF71084405689BF8A2
:206EE000006020464FEA80004DF26461C1F6FF7108440768FFF73DFB4FF0000001280AD1BC
:206F000030464FEA800007F124010144086840F48040086009E030464FEA800007F12401DF
:206F2000014408686FF38E300860FFF726FB9BF8006020464FEA80004DF26461C1F6FF71C0
:206F400008440768FFF715FB4FF0000001280AD130464FEA800007F124010144086840F4F8
:206F60000050086009E030464FEA800007F12401014408686FF34D300860FFF7FEFA9BF8A7
:206F8000006020464FEA80004DF26461C1F6FF7108440768FFF7EDFA30464FEA800007F188
:206FA00024010844006810F4004F09D030464FEA800007F124010144086840F400400860EF
:206FC000FFF7DBFA9BF8006020464FEA80004DF26461C1F6FF7108440768FFF7CAFA3046BE
:206FE0004FEA800007F12401014408686FF38A200860FFF7C2FAFFF7BCFA9BF80100012877
:207000000BD19BF800004FEA800005F124010144086840F0400008600AE09BF800004FEAEA
:20702000800005F12401014408686FF386100860FFF7A3FA9BF80050DBF80870DBF804A068
:2070400020464FEA80004DF26461C1F6FF7108440668FFF78EFA28464FEA800006F124016B
:20706000014408686FF3010007F0030240EA0200086028464FEA800006F1240100EB010237
:2070800010686FF385000AF00F014FEA810140EA01001060FFF771FA9BF8001020464FEA8E
:2070A00080004DF26862C1F6FF721044026808464FEA800002F1140108444FF0FF31016036
:2070C00020464FEA80009BF8001008444FEA8001A1EB00004FEA800043F23451C2F2000134
:2070E00008444FF00101017020464FEA80009BF8001008444FEA8001A1EB00004FEA800085
:2071000043F23451C2F200010844DBF80C10416020464FEA80009BF8001008444FEA80015C
:20712000A1EB00004FEA800043F23451C2F2000108449BF810100172BDE8F08CF0B5054618
:207140000C46174628464FEA80004DF26461C1F6FF7108440668FFF70CFA4FF00000012810
:207160000AD120464FEA800006F124010144086840F48040086009E020464FEA800006F1E9
:207180002401014408686FF38E300860FFF7F5F928464FEA80004DF26861C1F6FF71084407
:2071A000016820464FEA800001F114010844076028464FEA80004DF26461C1F6FF710844EF
:2071C0000568FFF7D6F94FF0000050B920464FEA800005F124010144086840F480400860EA
:2071E00009E020464FEA800005F12401014408686FF38E300860FFF7C0F9F0BD70B5064662
:207200000C4630464FEA80004DF26461C1F6FF7108440568FFF7ADF94FF0000001280AD12A
:2072200020464FEA800005F124010144086840F48040086009E020464FEA800005F12401E0
:20724000014408686FF38E300860FFF796F930464FEA80004DF26461C1F6FF710844056859
:20726000FFF787F920464FEA800005F124010844006810F4004F09D020464FEA800005F169
:2072800024010144086840F400400860FFF775F970BD70B505460C4628464FEA80004DF27F
:2072A0006461C1F6FF710844016820464FEA800001F124010844006810F4005F02D04FF0CF
:2072C000010001E04FF00000002845D128464FEA80004DF26461C1F6FF7108440668FFF74D
:2072E00048F920464FEA800006F124010844006810F4004F09D020464FEA800006F12401F7
:207300000144086840F400400860FFF736F928464FEA80004DF26461C1F6FF7108440568AC
:20732000FFF727F94FF0000050B920464FEA800005F124010144086840F40050086009E02B
:2073400020464FEA800005F12401014408686FF34D300860FFF711F970BD2DE91F502DED2B
:20736000100BF1EE10CA4DF804CD4FF000044FF0000407E021464FF00000FFF706FD04F122
:207380000100C4B2042CF5D3BFF34F8F5DF804CBE1EE10CABDEC100BBDE81F902DE90041B2
:2073A000BFF34F8F4EF60C58CEF20008D8F8000000F4E06040F20001C0F2FA5140EA01006E
:2073C00040F004004EF60C58CEF20008C8F80000BFF34F8F00BFFDE74DF8048D4FF6FF708C
:2073E00044F21808C4F20308C8F800004FF4707044F23408C4F20308C8F800004FF480607D
:2074000044F23808C4F20308C8F800004FF0FF3044F23C08C4F20308C8F800004FF6FF7058
:2074200044F21C08C4F20308C8F800004FF0FF0044F21408C4F20308C8F8000040F24310DB
:20744000C0F2050044F20C08C4F20308C8F800005DF8048B70472DE9F04D84B00390029162
:207460004FF000044FF001074FF000054FF0000A4FF00002009201A94FF00000FDF7A5F9A7
:207480004FF0000642F210714FF00000FDF7BBF9834623E004F0010232B944F23008C4F239
:2074A0000308D8F800A055460AF4803272B1DDF80C8004EB080205F0FF03DBB213704FEA49
:2074C000152504F101044FF0000707E06A4601A94FF00000FDF785F9009A16445E4503D2D4
:2074E000DDF808804445D5D35E4501D34FF00107384604B0BDE8F08D2DE900414FF0010154
:2075000043F26458C2F20008C8F8000043F26458C2F20008D8F80000006801684FF000026F
:20752000022904D019B1012901D04FF00102114691B943F26458C2F20008D8F800000068BF
:2075400000F00DF8014639B14FF0000043F26458C2F20008C8F800000029BDE8008100B555
:207560004FF001014FF00001016829B900F0FBF80146C8B2014612E00168012902D14FF0BD
:20758000010101E04FF002014FEA810100F10C0008440068406800F07FF8C0B20146084644
:2075A00000BD00004FF0000042F20002C4F205024FF0000107E0B0F5801F02D34FF002015A
:2075C00005E000F10100936813F0807FF3D00846704710B442F20003C4F205034FF0000215
:2075E0009B680B60437A1BB1C3680469A34202D20369002B02D84FF001024AE00B684FF6AE
:207600008144CFF6FF7403EA04030B6003684FEA032303F440740B6843EA04030B60437ACA
:207620004FEA431303F020040B6843EA04030B6043794FEAC30303F008040B6843EA040331
:207640000B6003794FEA830303F004040B6843EA04030B6083794FEA430303F002040B6890
:2076600043EA04030B60037A4FEA031303F010040B6843EA04030B60C0794FEA801000F094
:207680004003086840EA03000860086840F001000860104610BC70472DE9704181B005467D
:2076A00042F20006C4F205064FF0000442F20000C4F20500806810F0400F02D04FF0010054
:2076C00001E04FF0000010B94FF0010404E069462846FFF77EFF0446002C40D1FEF761FF2D
:2076E00007B44D484D494E4A0160026007BC2869F060FFF757FF0446002C0ED1687A0028FA
:207700000BD007B444484549454A0160026007BCE8683061FFF746FF0446002C0BD107B47B
:207720003D483E493E4A0160026007BC0098B060FFF738FF0446FEF738FF287A38B1686988
:2077400043F26858C2F20008C8F8000007E04FF0000043F26858C2F20008C8F800002046BB
:2077600001B0BDE870812DE9304142F20004C4F205044FF0000542F20000C4F20500806829
:2077800010F0400F02D04FF0010001E04FF0000000283BD0FEF705FF07B41F481F49204A48
:2077A0000160026007BC40F24000C0F20410A060FFF7F8FE0546002D1DD107B41648174940
:2077C000174A0160026007BC4FF6FF70C0F20100E060FFF7E7FE0546002D0CD107B40E48DA
:2077E0000E490F4A0160026007BC4FF000002061FFF7D8FE0546FEF7D8FE4FF0000043F23D
:207800006858C2F20008C8F8000001E04FF001052846BDE83081000014200540C4A1D9B0DB
:207820000F3B1E1A2DE93041044640F20005C4F2020507B416484FF080010160026800BF9E
:2078400000BF00BF00BF00BF00BF00BF00BF07BC09E004B1A04743F28C41C2F20001086880
:2078600000F101000860286810F0800F0DD143F28C48C2F20008D8F8000043F29048C2F25B
:207880000008D8F800108842E3D3BDE8308100BF0000024000000000000000000000000029
:2078A0000000000000000000000000000000000000000000000000000000000000000000C8
:2078C0000000000000000000000000000000000000000000000000000000000000000000A8
:2078E000000000000000000000000000000000000000000000000000000000000000000088
:20790000000000000000000000000000000000000000000000000000000000000000000067
:20792000000000000000000000000000000000000000000000000000000000000000000047
:20794000000000000000000000000000000000000000000000000000000000000000000027
:20796000000000006E676953676F725000000000963007772C610EEEBA51099919C46D0713
:207980008FF46A7035A563E9A395649E3288DB0EA4B8DC791EE9D5E088D9D2972B4CB6091A
:2079A000BD7CB17E072DB8E7911DBF906410B71DF220B06A4871B9F3DE41BE847DD4DA1A10
:2079C000EBE4DD6D51B5D4F4C785D38356986C13C0A86B647AF962FDECC9658A4F5C011444
:2079E000D96C0663633D0FFAF50D088DC8206E3B5E10694CE44160D5727167A2D1E4033CAB
:207A000047D4044BFD850DD26BB50AA5FAA8B5356C98B242D6C9BBDB40F9BCACE36CD83219
:207A2000755CDF45CF0DD6DC593DD1ABAC30D9263A00DE518051D7C81661D0BFB5F4B42179
:207A400023C4B3569995BACF0FA5BDB89EB802280888055FB2D90CC624E90BB1877C6F2F1B
:207A6000114C6858AB1D61C13D2D66B69041DC760671DB01BC20D2982A10D5EF8985B1718F
:207A80001FB5B606A5E4BF9F33D4B8E8A2C9077834F9000F8EA8099618980EE1BB0D6A7F7D
:207AA0002D3D6D08976C6491015C63E6F4516B6B62616C1CD83065854E0062F2ED95066C5B
:207AC0007BA5011BC1F4088257C40FF5C6D9B06550E9B712EAB8BE8B7C88B9FCDF1DDD6277
:207AE000492DDA15F37CD38C654CD4FB5861B24DCE51B53A7400BCA3E230BBD441A5DF4A8A
:207B0000D795D83D6DC4D1A4FBF4D6D36AE96943FCD96E34468867ADD0B860DA732D0444A4
:207B2000E51D03335F4C0AAAC97C0DDD3C710550AA41022710100BBE86200CC925B568576C
:207B4000B3856F2009D466B99FE461CE0EF9DE5E98C9D9292298D0B0B4A8D7C7173DB35976
:207B6000810DB42E3B5CBDB7AD6CBAC02083B8EDB6B3BF9A0CE2B6039AD2B1743947D5EA76
:207B8000AF77D29D1526DB048316DC73120B63E3843B64943E6A6D0DA85A6A7A0BCF0EE460
:207BA0009DFF099327AE000AB19E077D44930FF0D2A3088768F2011EFEC206695D5762F74C
:207BC000CB67658071366C19E7066B6E761BD4FEE02BD3895A7ADA10CC4ADD676FDFB9F9BA
:207BE000F9EFBE8E43BEB717D58EB060E8A3D6D67E93D1A1C4C2D83852F2DF4FF167BBD169
:207C00006757BCA6DD06B53F4B36B248DA2B0DD84C1B0AAFF64A0336607A0441C3EF60DF5F
:207C200055DF67A8EF8E6E3179BE69468CB361CB1A8366BCA0D26F2536E2685295770CCC19
:207C400003470BBBB91602222F260555BE3BBAC5280BBDB2925AB42B046AB35CA7FFD7C2D1
:207C600031CFD0B58B9ED92C1DAEDE5BB0C2649B26F263EC9CA36A750A936D02A906099CF7
:207C80003F360EEB8567077213570005824ABF95147AB8E2AE2BB17B381BB60C9B8ED292B3
:207CA0000DBED5E5B7EFDC7C21DFDB0BD4D2D38642E2D4F1F8B3DD686E83DA1FCD16BE8177
:207CC0005B26B9F6E177B06F7747B718E65A0888706A0FFFCA3B06665C0B0111FF9E658F3D
:207CE00069AE62F8D3FF6B6145CF6C1678E20AA0EED20DD75483044EC2B30339612667A7C8
:207D0000F71660D04D476949DB776E3E4A6AD1AEDC5AD6D9660BDF40F03BD83753AEBCA99A
:207D2000C59EBBDE7FCFB247E9FFB5301CF2BDBD8AC2BACA3093B353A6A3B4240536D0BA2C
:207D40009306D7CD2957DE54BF67D9232E7A66B3B84A61C4021B685D942B6F2A37BE0BB43C
:207D6000A18E0CC31BDF055A8DEF022D000000000000000000000000000000000000000001
:207D80000000000000000000000000000000000000000000000000000000000000000000E3
:207DA0000000000000000000000000000000000000000000000000000000000000000000C3
:207DC0000000000000000000000000000000000000000000000000000000000000000000A3
:207DE000000000000000000000000000000000000000000000000000000000000000000083
:207E0000000000000000000000000000000000000000000000000000000000000000000062
:207E2000000000000000000000000000000000000000000000000000000000000000000042
:207E4000000000000000000000000000000000000000000000000000000000000000000022
:207E6000000000000000000000000000000000000000000000000000000000000000000002
:207E80000000000000000000000000000000000000000000000000000000000000000000E2
:207EA0000000000000000000000000000000000000000000000000000000000000000000C2
:207EC0000000000000000000000000000000000000000000000000000000000000000000A2
:207EE000000000000000000000000000000000000000000000000000000000000000000082
:207F0000000000000000000000000000000000000000000000000000000000000000000061
:207F2000000000000000000000000000000000000000000000000000000000000000000041
:207F4000000000000000000000000000000000000000000000000000000000000000000021
:207F6000000000000000000000000000000000000000000000000000000000000000000001
:207F80000000000000000000000000000000000000000000000000000000000000000000E1
:207FA0000000000000000000000000000000000000000000000000000000000000000000C1
:207FC0000000000000000000000000000000000000000000000000000000000000000000A1
:207FE000000000000000000000000000000000000000000000000000000000000000000081
:20800000000000000000000000000000000000000000000000000000000000000000000060
:20802000000000000000000000000000000000000000000000000000000000000000000040
:20804000000000000000000000000000000000000000000000000000000000000000000020
:20806000000000000000000000000000000000000000000000000000000000000000000000
:208080000000000000000000000000000000000000000000000000000000000000000000E0
:2080A0000000000000000000000000000000000000000000000000000000000000000000C0
:2080C0000000000000000000000000000000000000000000000000000000000000000000A0
:2080E000000000000000000000000000000000000000000000000000000000000000000080
:2081000000000000000000000000000000000000000000000000000000000000000000005F
:2081200000000000000000000000000000000000000000000000000000000000000000003F
:2081400000000000000000000000000000000000000000000000000000000000000000001F
:20816000000000000000000000000000010203040506070800000000B30600000100000021
:2081800002000000FF26FE1F00000000B40600000100000002000000FF26FE1F000000009C
:2081A000B30700000000000003000000FFFFFF1FA522FE1F01000100FF07000000000000FA
:2081C00003000000FFFFFF1FA522FE1F00000000B40700000000000003000000FFFFFF1FC2
:2081E000A522FE1F01000100FF0700000000000003000000FFFFFF1FA522FE1F0000000090
:20820000010000000000000000000000080000000100010001000000000001000000000051
:2082200008000000000000000000000001000000000000000000000008000000000000002D
:2082400000000000000000000000000000000000000000000000000000000000000000001E
:208260000000000000000000000000000102000101020001010200010001000101020001EC
:208280000200000101020001000100010202010202010201020102010201010100000000BD
:2082A000100302006C82FF1F020000006E82FF1F2D44FE1F00000000110302007082FF1FD9
:2082C000020000007282FF1FF945FE1F00000000220302007482FF1F020000007682FF1FDC
:2082E0000347FE1F00000000270301008C82FF1F020000007882FF1F3F4AFE1F0000000000
:208300002E0301008D82FF1F010000008E82FF1F6949FE1F0B51FE1F310301008F82FF1F23
:20832000020000007A82FF1F4D4BFE1F4D51FE1F340301009082FF1F010000009182FF1F17
:20834000774CFE1F00000000360301009282FF1F010000009382FF1F0B4EFE1FD352FE1FE5
:20836000370301009482FF1F010000009582FF1FCB4FFE1F000000003E0302007C82FF1FC2
:20838000020000007E82FF1F5550FE1F00000000010100008082FF1F020000008282FF1FB5
:2083A000020100008082FF1F020000008282FF1F010200008482FF1F020000008682FF1F27
:2083C0007C4302008882FF1F0F97FE1F86F102008882FF1FFD8FFE1F1CD002008882FF1F91
:2083E0001590FE1F20ED02008882FF1F6F90FE1FA0ED02008882FF1F5991FE1F21F1020096
:208400008882FF1FCB95FE1F25F102008882FF1FEF95FE1F2AF102008882FF1F1396FE1FCB
:208420002BF102008882FF1F3796FE1F8CF102008882FF1F5B96FE1FA1F102008882FF1F9B
:208440007F96FE1FA5F102008882FF1FA396FE1FAAF102008882FF1FC796FE1FABF10200F7
:208460008882FF1FEB96FE1F22F102008882FF1F3397FE1F24F102008882FF1F5397FE1FCC
:20848000A2F102008882FF1F7397FE1F01030203010100009682FF1F020000008A82FF1F8B
:2084A000551DFE1F611DFE1F1CD02401010000009782FF1F4392FE1F02F10500010000005E
:2084C0009782FF1F6169FE1F7C431800010000009782FF1F4161FE1F21F107000100000096
:2084E0009782FF1F1162FE1F25F10700010000009782FF1FE162FE1F2AF1070001000000DD
:208500009782FF1FB163FE1F2BF10700010000009782FF1F8164FE1F8CF104000100000014
:208520009782FF1F5165FE1FA1F10800010000009782FF1F2166FE1FA5F10800010000001C
:208540009782FF1FF166FE1FAAF10800010000009782FF1FC167FE1FABF1080001000000AB
:208560009782FF1F9168FE1F05020000010000009882FF1F010000009982FF1F0100000033
:208580009A82FF1F8D94FE1F0000000000FF0800010000009882FF1F010000009982FF1FE9
:2085A000010000009A82FF1F3995FE1F0000000012020001010000009882FF1F0100000046
:2085C0009982FF1F010000009A82FF1F4195FE1F0000000001030400010000009882FF1FF3
:2085E000010000009982FF1F010000009A82FF1F4B95FE1F4995FE1F004401009B82FF1F8E
:20860000104401009B82FF1F00E00100FFFF1F00342143780000030200100200070000009E
:208620000000000000E001000020000000E001000001000003000000010000000000020051
:2086400000001D000000020000100000060000000100000000001F0000E0000000001F00C6
:208660000001000000000000000000000000000000000000000000000000000000000000F9
:208680000000000000000000000000000000000000000000000000000000000000000000DA
:2086A0000000000000000000000000000000000000000000000000000000000000000000BA
:2086C00000000000000000000000000000000000000000000000000000000000000000009A
:2086E00000000000000000000000000000000000000000000000000000000000000000007A
:2087000000000000000000000000000087341243FFFFFFFFFFFFFFFFFFFFFFFFFFFFFFFF59
:2087200012AB00012F7DFE1F957DFE1FE97DFE1FD57EFE1F40004000D81B0020400040007D
:20874000D81C002001000100D41A002040004000D81A0020A2F1AAF1ABF18CF124F122F1F4
:208760002AF12BF18CF124F100000000000000000000000000008896173188202041FFFFC3
:20878000FFFFFF00982F8A4291443771CFFBC0B5A5DBB5E95BC25639F111F159A4823F9280
:2087A000D55E1CAB98AA07D8015B8312BE853124C37D0C55745DBE72FEB1DE80A706DC9B42
:2087C00074F19BC1C1699BE48647BEEFC69DC10FCCA10C246F2CE92DAA84744ADCA9B05CB7
:2087E000DA88F97652513E986DC631A8C82703B0C77F59BFF30BE0C64791A7D55163CA06A7
:2088000067292914850AB72738211B2EFC6D2C4D130D385354730A65BB0A6A762EC9C281DA
:20882000852C7292A1E8BFA24B661AA8708B4BC2A3516CC719E892D1240699D685350EF43E
:2088400070A06A1016C1A419086C371E4C774827B5BCB034B30C1C394AAAD84E4FCA9C5B6C
:20886000F36F2E68EE828F746F63A5781478C8840802C78CFAFFBE90EB6C50A4F7A3F9BE86
:20888000F27871C601000000020000000400000008000000100000002000000040000000B8
:2088A000800000001B00000036000000637C777BF26B6FC53001672BFED7AB76CA82C97D3A
:2088C000FA5947F0ADD4A2AF9CA472C0B7FD9326363FF7CC34A5E5F171D8311504C723C336
:2088E0001896059A071280E2EB27B27509832C1A1B6E5AA0523BD6B329E32F8453D100ED3C
:2089000020FCB15B6ACBBE394A4C58CFD0EFAAFB434D338545F9027F503C9FA851A3408F45
:20892000929D38F5BCB6DA2110FFF3D2CD0C13EC5F974417C4A77E3D645D197360814FDCF2
:20894000222A908846EEB814DE5E0BDBE0323A0A4906245CC2D3AC629195E479E7C8376DF3
:208960008DD54EA96C56F4EA657AAE08BA78252E1CA6B4C6E8DD741F4BBD8B8A703EB5666A
:208980004803F60E613557B986C11D9EE1F8981169D98E949B1E87E9CE5528DF8CA1890DE4
:2089A000BFE6426841992D0FB054BB16F4A750514165537E17A4C31A275E963AAB6BCB3BC1
:2089C0009D45F11FFA58ABACE303934B30FA5520766DF6ADCC769188024C25F5E5D7FC4F49
:2089E0002ACBD7C53544802662A38FB5B15A49DEBA1B6725EA0E9845FEC0E15D2F7502C3B1
:208A00004CF012814697A38DD3F9C66B8F5FE703929C95156D7AEBBF5259DA95BE832DD4E0
:208A20007421D358E0692949C9C8448EC2896A758E7978F4583E6B99B971DD27E14FB6BE4F
:208A400088AD17F020AC66C9CE3AB47DDF4A18631A3182E551336097537F45626477E0B1F0
:208A60006BAE84BB81A01CFE082B94F94868587045FD198FDE6C87947BF8B75273D323AB4C
:208A80004B02E2721F8F57E355AB2A66EB2807B2B5C2032FC57B9A863708A5D32887F23060
:208AA000BFA5B223036ABA0216825CEDCF1C2B8A79B492A707F2F0F369E2A14EDAF4CD6557
:208AC00005BED50634621FD1A6FE8AC42E539D34F355A0A28AE13205F6EB75A483EC390B55
:208AE00060EFAA40719F065E6E1051BD218AF93EDD063D963E05AEDDE6BD464D548DB5917A
:208B0000C45D057106D46F045015FF6098FB2419BDE997D64043CC89D99E7767E842BDB006
:208B2000898B8807195B38E7C8EEDB797C0A47A1420FE97C841EC9F80000000080868309DC
:208B40002BED48321170AC1E5A724E6C0EFFFBFD8538560FAED51E3D2D3927360FD9640A94
:208B60005CA621685B54D19B362E3A240A67B10C57E70F93EE96D2B49B919E1BC0C54F803C
:208B8000DC20A261774B695A121A161C93BA0AE2A02AE5C022E0433C1B171D12090D0B0E3A
:208BA0008BC7ADF2B6A8B92D1EA9C814F119855775074CAF99DDBBEE7F60FDA301269FF725
:208BC00072F5BC5C663BC544FB7E345B4329768B23C6DCCBEDFC68B6E4F163B831DCCAD7C2
:208BE0006385104297224013C61120844A247D85BB3DF8D2F93211AE29A16DC79E2F4B1D65
:208C0000B230F3DC8652EC0DC1E3D077B3166C2B70B999A99448FA11E9642247FC8CC4A88B
:208C2000F03F1AA07D2CD8563390EF22494EC78738D1C1D9CAA2FE8CD40B3698F581CFA68A
:208C40007ADE28A5B78E26DAADBFA43F3A9DE42C78920D505FCC9B6A7E4662548D13C2F60B
:208C6000D8B8E89039F75E2EC3AFF5825D80BE9FD0937C69D52DA96F2512B3CFAC993BC8AA
:208C8000187DA7109C636EE83BBB7BDB267809CD5918F46E9AB701EC4F9AA883956E65E600
:208CA000FFE67EAABCCF082115E8E6EFE79BD9BA6F36CE4A9F09D4EAB07CD629A4B2AF3188
:208CC0003F23312AA59430C6A266C0354EBC377482CAA6FC90D0B0E0A7D8153304984AF17A
:208CE000ECDAF741CD500E7F91F62F174DD68D76EFB04D43AA4D54CC9604DFE4D1B5E39E2F
:208D00006A881B4C2C1FB8C165517F465EEA049D8C355D01877473FA0B412EFB671D5AB345
:208D2000DBD25292105633E9D647136DD7618C9AA10C7A37F8148E59133C89EBA927EECE85
:208D400061C935B71CE5EDE147B13C7AD2DF599CF2733F5514CE7918C737BF73F7CDEA533D
:208D6000FDAA5B5F3D6F14DF44DB8678AFF381CA68C43EB924342C38A3405FC21DC372169E
:208D8000E2250CBC3C498B280D9541FFA80171390CB3DE08B4E49CD856C19064CB84617BB0
:208DA00032B670D56C5C7448B85742D0A75051F465537E41A4C31A175E963A276BCB3BAB25
:208DC00045F11F9D58ABACFA03934BE3FA5520306DF6AD76769188CC4C25F502D7FC4FE545
:208DE000CBD7C52A44802635A38FB5625A49DEB11B6725BA0E9845EAC0E15DFE7502C32FAD
:208E0000F012814C97A38D46F9C66BD35FE7038F9C9515927AEBBF6D59DA9552832DD4BEDC
:208E200021D35874692949E0C8448EC9896A75C27978F48E3E6B995871DD27B94FB6BEE14B
:208E4000AD17F088AC66C9203AB47DCE4A1863DF3182E51A336097517F45625377E0B164EC
:208E6000AE84BB6BA01CFE812B94F90868587048FD198F456C8794DEF8B7527BD323AB7348
:208E800002E2724B8F57E31FAB2A66552807B2EBC2032FB57B9A86C508A5D33787F230285C
:208EA000A5B223BF6ABA0203825CED161C2B8ACFB492A779F2F0F307E2A14E69F4CD65DA53
:208EC000BED50605621FD134FE8AC4A6539D342E55A0A2F3E132058AEB75A4F6EC390B8351
:208EE000EFAA40609F065E711051BD6E8AF93E21063D96DD05AEDD3EBD464DE68DB5915476
:208F00005D0571C4D46F040615FF6050FB241998E997D6BD43CC89409E7767D942BDB0E802
:208F20008B8807895B38E719EEDB79C80A47A17C0FE97C421EC9F8840000000086830980D8
:208F4000ED48322B70AC1E11724E6C5AFFFBFD0E38560F85D51E3DAE3927362DD9640A0F90
:208F6000A621685C54D19B5B2E3A243667B10C0AE70F935796D2B4EE919E1B9BC54F80C038
:208F800020A261DC4B695A771A161C12BA0AE2932AE5C0A0E0433C22171D121B0D0B0E0936
:208FA000C7ADF28BA8B92DB6A9C8141E198557F1074CAF75DDBBEE9960FDA37F269FF70121
:208FC000F5BC5C723BC544667E345BFB29768B43C6DCCB23FC68B6EDF163B8E4DCCAD731BE
:208FE0008510426322401397112084C6247D854A3DF8D2BB3211AEF9A16DC7292F4B1D9E61
:2090000030F3DCB252EC0D86E3D077C1166C2BB3B999A97048FA1194642247E98CC4A8FC87
:209020003F1AA0F02CD8567D90EF22334EC78749D1C1D938A2FE8CCA0B3698D481CFA6F586
:20904000DE28A57A8E26DAB7BFA43FAD9DE42C3A920D5078CC9B6A5F4662547E13C2F68D07
:20906000B8E890D8F75E2E39AFF582C380BE9F5D937C69D02DA96FD512B3CF25993BC8ACA6
:209080007DA71018636EE89CBB7BDB3B7809CD2618F46E59B701EC9A9AA8834F6E65E695FC
:2090A000E67EAAFFCF0821BCE8E6EF159BD9BAE736CE4A6F09D4EA9F7CD629B0B2AF31A484
:2090C00023312A3F9430C6A566C035A2BC37744ECAA6FC82D0B0E090D81533A7984AF10476
:2090E000DAF741EC500E7FCDF62F1791D68D764DB04D43EF4D54CCAA04DFE496B5E39ED12B
:20910000881B4C6A1FB8C12C517F4665EA049D5E355D018C7473FA87412EFB0B1D5AB36741
:20912000D25292DB5633E91047136DD6618C9AD70C7A37A1148E59F83C89EB1327EECEA981
:20914000C935B761E5EDE11CB13C7A47DF599CD2733F55F2CE79181437BF73C7CDEA53F739
:20916000AA5B5FFD6F14DF3DDB867844F381CAAFC43EB968342C3824405FC2A3C372161D9A
:20918000250CBCE2498B283C9541FF0D017139A8B3DE080CE49CD8B4C190645684617BCBAC
:2091A000B670D5325C74486C5742D0B85051F4A7537E4165C31A17A4963A275ECB3BAB6B21
:2091C000F11F9D45ABACFA58934BE303552030FAF6AD766D9188CC7625F5024CFC4FE5D741
:2091E000D7C52ACB802635448FB562A349DEB15A6725BA1B9845EA0EE15DFEC002C32F75A9
:2092000012814CF0A38D4697C66BD3F9E7038F5F9515929CEBBF6D7ADA9552592DD4BE83D8
:20922000D35874212949E069448EC9C86A75C28978F48E796B99583EDD27B971B6BEE14F47
:2092400017F088AD66C920ACB47DCE3A1863DF4A82E51A31609751334562537FE0B16477E8
:2092600084BB6BAE1CFE81A094F9082B58704868198F45FD8794DE6CB7527BF823AB73D344
:20928000E2724B0257E31F8F2A6655AB07B2EB28032FB5C29A86C57BA5D33708F230288758
:2092A000B223BFA5BA02036A5CED16822B8ACF1C92A779B4F0F307F2A14E69E2CD65DAF44F
:2092C000D50605BE1FD134628AC4A6FE9D342E53A0A2F35532058AE175A4F6EB390B83EC4D
:2092E000AA4060EF065E719F51BD6E10F93E218A3D96DD06AEDD3E05464DE6BDB591548D72
:209300000571C45D6F0406D4FF605015241998FB97D6BDE9CC8940437767D99EBDB0E842FE
:209320008807898B38E7195BDB79C8EE47A17C0AE97C420FC9F8841E0000000083098086D4
:2093400048322BEDAC1E11704E6C5A72FBFD0EFF560F85381E3DAED527362D39640A0FD98C
:2093600021685CA6D19B5B543A24362EB10C0A670F9357E7D2B4EE969E1B9B914F80C0C534
:20938000A261DC20695A774B161C121A0AE293BAE5C0A02A433C22E01D121B170B0E090D32
:2093A000ADF28BC7B92DB6A8C8141EA98557F1194CAF7507BBEE99DDFDA37F609FF701261D
:2093C000BC5C72F5C544663B345BFB7E768B4329DCCB23C668B6EDFC63B8E4F1CAD731DCBA
:2093E00010426385401397222084C6117D854A24F8D2BB3D11AEF9326DC729A14B1D9E2F5D
:20940000F3DCB230EC0D8652D077C1E36C2BB31699A970B9FA1194482247E964C4A8FC8C83
:209420001AA0F03FD8567D2CEF223390C787494EC1D938D1FE8CCAA23698D40BCFA6F58182
:2094400028A57ADE26DAB78EA43FADBFE42C3A9D0D5078929B6A5FCC62547E46C2F68D1303
:20946000E890D8B85E2E39F7F582C3AFBE9F5D807C69D093A96FD52DB3CF25123BC8AC99A2
:20948000A710187D6EE89C637BDB3BBB09CD2678F46E591801EC9AB7A8834F9A65E6956EF8
:2094A0007EAAFFE60821BCCFE6EF15E8D9BAE79BCE4A6F36D4EA9F09D629B07CAF31A4B280
:2094C000312A3F2330C6A594C035A26637744EBCA6FC82CAB0E090D01533A7D84AF1049872
:2094E000F741ECDA0E7FCD502F1791F68D764DD64D43EFB054CCAA4DDFE49604E39ED1B527
:209500001B4C6A88B8C12C1F7F466551049D5EEA5D018C3573FA87742EFB0B415AB3671D3D
:209520005292DBD233E91056136DD6478C9AD7617A37A10C8E59F81489EB133CEECEA9277D
:2095400035B761C9EDE11CE53C7A47B1599CD2DF3F55F273791814CEBF73C737EA53F7CD35
:209560005B5FFDAA14DF3D6F867844DB81CAAFF33EB968C42C3824345FC2A34072161DC396
:209580000CBCE2258B283C4941FF0D957139A801DE080CB39CD8B4E4906456C1617BCB84A8
:2095A00070D532B674486C5C42D0B85751F4A7507E4165531A17A4C33A275E963BAB6BCB1D
:2095C0001F9D45F1ACFA58AB4BE303932030FA55AD766DF688CC7691F5024C254FE5D7FC3D
:2095E000C52ACBD726354480B562A38FDEB15A4925BA1B6745EA0E985DFEC0E1C32F7502A5
:20960000814CF0128D4697A36BD3F9C6038F5FE715929C95BF6D7AEB955259DAD4BE832DD4
:20962000587421D349E069298EC9C84475C2896AF48E797899583E6B27B971DDBEE14FB643
:20964000F088AD17C920AC667DCE3AB463DF4A18E51A31829751336062537F45B16477E0E4
:20966000BB6BAE84FE81A01CF9082B94704868588F45FD1994DE6C87527BF8B7AB73D32340
:20968000724B02E2E31F8F576655AB2AB2EB28072FB5C20386C57B9AD33708A5302887F254
:2096A00023BFA5B202036ABAED16825C8ACF1C2BA779B492F307F2F04E69E2A165DAF4CD4B
:2096C0000605BED5D134621FC4A6FE8A342E539DA2F355A0058AE132A4F6EB750B83EC3949
:2096E0004060EFAA5E719F06BD6E10513E218AF996DD063DDD3E05AE4DE6BD4691548DB56E
:2097000071C45D050406D46F605015FF1998FB24D6BDE997894043CC67D99E77B0E842BDFA
:2097200007898B88E7195B3879C8EEDBA17C0A477C420FE9F8841EC90000000009808683D0
:20974000322BED481E1170AC6C5A724EFD0EFFFB0F8538563DAED51E362D39270A0FD96488
:20976000685CA6219B5B54D124362E3A0C0A67B19357E70FB4EE96D21B9B919E80C0C54F30
:2097800061DC20A25A774B691C121A16E293BA0AC0A02AE53C22E043121B171D0E090D0B2E
:2097A000F28BC7AD2DB6A8B9141EA9C857F11985AF75074CEE99DDBBA37F60FDF701269F19
:2097C0005C72F5BC44663BC55BFB7E348B432976CB23C6DCB6EDFC68B8E4F163D731DCCAB6
:2097E000426385101397224084C61120854A247DD2BB3DF8AEF93211C729A16D1D9E2F4B59
:20980000DCB230F30D8652EC77C1E3D02BB3166CA970B999119448FA47E96422A8FC8CC47F
:20982000A0F03F1A567D2CD8223390EF87494EC7D938D1C18CCAA2FE98D40B36A6F581CF7E
:20984000A57ADE28DAB78E263FADBFA42C3A9DE45078920D6A5FCC9B547E4662F68D13C2FF
:2098600090D8B8E82E39F75E82C3AFF59F5D80BE69D0937C6FD52DA9CF2512B3C8AC993B9E
:2098800010187DA7E89C636EDB3BBB7BCD2678096E5918F4EC9AB701834F9AA8E6956E65F4
:2098A000AAFFE67E21BCCF08EF15E8E6BAE79BD94A6F36CEEA9F09D429B07CD631A4B2AF7C
:2098C0002A3F2331C6A5943035A266C0744EBC37FC82CAA6E090D0B033A7D815F104984A6E
:2098E00041ECDAF77FCD500E1791F62F764DD68D43EFB04DCCAA4D54E49604DF9ED1B5E323
:209900004C6A881BC12C1FB84665517F9D5EEA04018C355DFA877473FB0B412EB3671D5A39
:2099200092DBD252E91056336DD647139AD7618C37A10C7A59F8148EEB133C89CEA927EE79
:20994000B761C935E11CE5ED7A47B13C9CD2DF5955F2733F1814CE7973C737BF53F7CDEA31
:209960005FFDAA5BDF3D6F147844DB86CAAFF381B968C43E3824342CC2A3405F161DC37292
:20998000BCE2250C283C498BFF0D954139A80171080CB3DED8B4E49C6456C1907BCB8461A4
:2099A000D532B670486C5C74D0B857426363A5C67C7C84F8777799EE7B7B8DF6F2F20DFF52
:2099C0006B6BBDD66F6FB1DEC5C5549130305060010103026767A9CE2B2B7D56FEFE19E7C1
:2099E000D7D762B5ABABE64D76769AECCACA458F82829D1FC9C940897D7D87FAFAFA15EFB1
:209A00005959EBB24747C98EF0F00BFBADADEC41D4D467B3A2A2FD5FAFAFEA459C9CBF239C
:209A2000A4A4F753727296E4C0C05B9BB7B7C275FDFD1CE19393AE3D26266A4C36365A6CDF
:209A40003F3F417EF7F702F5CCCC4F8334345C68A5A5F451E5E534D1F1F108F9717193E2B6
:209A6000D8D873AB3131536215153F2A04040C08C7C7529523236546C3C35E9D18182830E3
:209A80009696A13705050F0A9A9AB52F0707090E1212362480809B1BE2E23DDFEBEB26CD85
:209AA0002727694EB2B2CD7F75759FEA09091B1283839E1D2C2C74581A1A2E341B1B2D362B
:209AC0006E6EB2DC5A5AEEB4A0A0FB5B5252F6A43B3B4D76D6D661B7B3B3CE7D29297B5225
:209AE000E3E33EDD2F2F715E848497135353F5A6D1D168B900000000EDED2CC120206040FB
:209B0000FCFC1FE3B1B1C8795B5BEDB66A6ABED4CBCB468DBEBED96739394B724A4ADE948F
:209B20004C4CD4985858E8B0CFCF4A85D0D06BBBEFEF2AC5AAAAE54FFBFB16ED4343C58687
:209B40004D4DD79A33335566858594114545CF8AF9F910E9020206047F7F81FE5050F0A0A1
:209B60003C3C44789F9FBA25A8A8E34B5151F3A2A3A3FE5D4040C0808F8F8A059292AD3FC1
:209B80009D9DBC2138384870F5F504F1BCBCDF63B6B6C177DADA75AF21216342101030201A
:209BA000FFFF1AE5F3F30EFDD2D26DBFCDCD4C810C0C141813133526ECEC2FC35F5FE1BE94
:209BC0009797A2354444CC881717392EC4C45793A7A7F2557E7E82FC3D3D477A6464ACC817
:209BE0005D5DE7BA19192B32737395E66060A0C0818198194F4FD19EDCDC7FA32222664472
:209C00002A2A7E549090AB3B8888830B4646CA8CEEEE29C7B8B8D36B14143C28DEDE79A7B6
:209C20005E5EE2BC0B0B1D16DBDB76ADE0E03BDB323256643A3A4E740A0A1E144949DB9239
:209C400006060A0C24246C485C5CE4B8C2C25D9FD3D36EBDACACEF436262A6C49191A83986
:209C60009595A431E4E437D379798BF2E7E732D5C8C8438B3737596E6D6DB7DA8D8D8C012A
:209C8000D5D564B14E4ED29CA9A9E0496C6CB4D85656FAACF4F407F3EAEA25CF6565AFCADD
:209CA0007A7A8EF4AEAEE94708081810BABAD56F787888F025256F4A2E2E725C1C1C243889
:209CC000A6A6F157B4B4C773C6C65197E8E823CBDDDD7CA174749CE81F1F213E4B4BDD9633
:209CE000BDBDDC618B8B860D8A8A850F707090E03E3E427CB5B5C4716666AACC4848D890F9
:209D000003030506F6F601F70E0E121C6161A3C235355F6A5757F9AEB9B9D06986869117F6
:209D2000C1C158991D1D273A9E9EB927E1E138D9F8F813EB9898B32B111133226969BBD254
:209D4000D9D970A98E8E89079494A7339B9BB62D1E1E223C87879215E9E920C9CECE4987FB
:209D60005555FFAA28287850DFDF7AA58C8C8F03A1A1F859898980090D0D171ABFBFDA65BB
:209D8000E6E631D74242C6846868B8D04141C3829999B0292D2D775A0F0F111EB0B0CB7BD9
:209DA0005454FCA8BBBBD66D16163A2C63A5C6637C84F87C7799EE777B8DF67BF20DFFF289
:209DC0006BBDD66B6FB1DE6FC55491C5305060300103020167A9CE672B7D562BFE19E7FEBD
:209DE000D762B5D7ABE64DAB769AEC76CA458FCA829D1F82C94089C97D87FA7DFA15EFFAAD
:209E000059EBB25947C98E47F00BFBF0ADEC41ADD467B3D4A2FD5FA2AFEA45AF9CBF239C98
:209E2000A4F753A47296E472C05B9BC0B7C275B7FD1CE1FD93AE3D93266A4C26365A6C36DB
:209E40003F417E3FF702F5F7CC4F83CC345C6834A5F451A5E534D1E5F108F9F17193E271B2
:209E6000D873ABD831536231153F2A15040C0804C75295C723654623C35E9DC318283018DF
:209E800096A13796050F0A059AB52F9A07090E0712362412809B1B80E23DDFE2EB26CDEB81
:209EA00027694E27B2CD7FB2759FEA75091B1209839E1D832C74582C1A2E341A1B2D361B27
:209EC0006EB2DC6E5AEEB45AA0FB5BA052F6A4523B4D763BD661B7D6B3CE7DB3297B522921
:209EE000E33EDDE32F715E2F8497138453F5A653D168B9D100000000ED2CC1ED20604020F7
:209F0000FC1FE3FCB1C879B15BEDB65B6ABED46ACB468DCBBED967BE394B72394ADE944A8B
:209F20004CD4984C58E8B058CF4A85CFD06BBBD0EF2AC5EFAAE54FAAFB16EDFB43C5864383
:209F40004DD79A4D335566338594118545CF8A45F910E9F9020604027F81FE7F50F0A0509D
:209F60003C44783C9FBA259FA8E34BA851F3A251A3FE5DA340C080408F8A058F92AD3F92BD
:209F80009DBC219D38487038F504F1F5BCDF63BCB6C177B6DA75AFDA216342211030201016
:209FA000FF1AE5FFF30EFDF3D26DBFD2CD4C81CD0C14180C13352613EC2FC3EC5FE1BE5F90
:209FC00097A2359744CC884417392E17C45793C4A7F255A77E82FC7E3D477A3D64ACC86413
:209FE0005DE7BA5D192B32197395E67360A0C060819819814FD19E4FDC7FA3DC226644226E
:20A000002A7E542A90AB3B9088830B8846CA8C46EE29C7EEB8D36BB8143C2814DE79A7DEB2
:20A020005EE2BC5E0B1D160BDB76ADDBE03BDBE0325664323A4E743A0A1E140A49DB924935
:20A04000060A0C06246C48245CE4B85CC25D9FC2D36EBDD3ACEF43AC62A6C46291A8399182
:20A0600095A43195E437D3E4798BF279E732D5E7C8438BC837596E376DB7DA6D8D8C018D26
:20A08000D564B1D54ED29C4EA9E049A96CB4D86C56FAAC56F407F3F4EA25CFEA65AFCA65D9
:20A0A0007A8EF47AAEE947AE08181008BAD56FBA7888F078256F4A252E725C2E1C24381C85
:20A0C000A6F157A6B4C773B4C65197C6E823CBE8DD7CA1DD749CE8741F213E1F4BDD964B2F
:20A0E000BDDC61BD8B860D8B8A850F8A7090E0703E427C3EB5C471B566AACC6648D89048F5
:20A1000003050603F601F7F60E121C0E61A3C261355F6A3557F9AE57B9D069B986911786F2
:20A12000C15899C11D273A1D9EB9279EE138D9E1F813EBF898B32B981133221169BBD26950
:20A14000D970A9D98E89078E94A733949BB62D9B1E223C1E87921587E920C9E9CE4987CEF7
:20A1600055FFAA5528785028DF7AA5DF8C8F038CA1F859A1898009890D171A0DBFDA65BFB7
:20A18000E631D7E642C6844268B8D06841C3824199B029992D775A2D0F111E0FB0CB7BB0D5
:20A1A00054FCA854BBD66DBB163A2C16A5C6636384F87C7C99EE77778DF67B7B0DFFF2F285
:20A1C000BDD66B6BB1DE6F6F5491C5C55060303003020101A9CE67677D562B2B19E7FEFEB9
:20A1E00062B5D7D7E64DABAB9AEC7676458FCACA9D1F82824089C9C987FA7D7D15EFFAFAA9
:20A20000EBB25959C98E47470BFBF0F0EC41ADAD67B3D4D4FD5FA2A2EA45AFAFBF239C9C94
:20A22000F753A4A496E472725B9BC0C0C275B7B71CE1FDFDAE3D93936A4C26265A6C3636D7
:20A24000417E3F3F02F5F7F74F83CCCC5C683434F451A5A534D1E5E508F9F1F193E27171AE
:20A2600073ABD8D8536231313F2A15150C0804045295C7C7654623235E9DC3C328301818DB
:20A28000A13796960F0A0505B52F9A9A090E0707362412129B1B80803DDFE2E226CDEBEB7D
:20A2A000694E2727CD7FB2B29FEA75751B1209099E1D838374582C2C2E341A1A2D361B1B23
:20A2C000B2DC6E6EEEB45A5AFB5BA0A0F6A452524D763B3B61B7D6D6CE7DB3B37B5229291D
:20A2E0003EDDE3E3715E2F2F97138484F5A6535368B9D1D1000000002CC1EDED60402020F3
:20A300001FE3FCFCC879B1B1EDB65B5BBED46A6A468DCBCBD967BEBE4B723939DE944A4A87
:20A32000D4984C4CE8B058584A85CFCF6BBBD0D02AC5EFEFE54FAAAA16EDFBFBC58643437F
:20A34000D79A4D4D5566333394118585CF8A454510E9F9F90604020281FE7F7FF0A0505099
:20A3600044783C3CBA259F9FE34BA8A8F3A25151FE5DA3A3C08040408A058F8FAD3F9292B9
:20A38000BC219D9D4870383804F1F5F5DF63BCBCC177B6B675AFDADA634221213020101012
:20A3A0001AE5FFFF0EFDF3F36DBFD2D24C81CDCD14180C0C352613132FC3ECECE1BE5F5F8C
:20A3C000A2359797CC884444392E17175793C4C4F255A7A782FC7E7E477A3D3DACC864640F
:20A3E000E7BA5D5D2B32191995E67373A0C0606098198181D19E4F4F7FA3DCDC664422226A
:20A400007E542A2AAB3B9090830B8888CA8C464629C7EEEED36BB8B83C28141479A7DEDEAE
:20A42000E2BC5E5E1D160B0B76ADDBDB3BDBE0E0566432324E743A3A1E140A0ADB92494931
:20A440000A0C06066C482424E4B85C5C5D9FC2C26EBDD3D3EF43ACACA6C46262A83991917E
:20A46000A431959537D3E4E48BF2797932D5E7E7438BC8C8596E3737B7DA6D6D8C018D8D22
:20A4800064B1D5D5D29C4E4EE049A9A9B4D86C6CFAAC565607F3F4F425CFEAEAAFCA6565D5
:20A4A0008EF47A7AE947AEAE18100808D56FBABA88F078786F4A2525725C2E2E24381C1C81
:20A4C000F157A6A6C773B4B45197C6C623CBE8E87CA1DDDD9CE87474213E1F1FDD964B4B2B
:20A4E000DC61BDBD860D8B8B850F8A8A90E07070427C3E3EC471B5B5AACC6666D8904848F1
:20A500000506030301F7F6F6121C0E0EA3C261615F6A3535F9AE5757D069B9B991178686EE
:20A520005899C1C1273A1D1DB9279E9E38D9E1E113EBF8F8B32B989833221111BBD269694C
:20A5400070A9D9D989078E8EA7339494B62D9B9B223C1E1E9215878720C9E9E94987CECEF3
:20A56000FFAA5555785028287AA5DFDF8F038C8CF859A1A180098989171A0D0DDA65BFBFB3
:20A5800031D7E6E6C6844242B8D06868C3824141B0299999775A2D2D111E0F0FCB7BB0B0D1
:20A5A000FCA85454D66DBBBB3A2C1616C66363A5F87C7C84EE777799F67B7B8DFFF2F20D81
:20A5C000D66B6BBDDE6F6FB191C5C5546030305002010103CE6767A9562B2B7DE7FEFE19B5
:20A5E000B5D7D7624DABABE6EC76769A8FCACA451F82829D89C9C940FA7D7D87EFFAFA15A5
:20A60000B25959EB8E4747C9FBF0F00B41ADADECB3D4D4675FA2A2FD45AFAFEA239C9CBF90
:20A6200053A4A4F7E47272969BC0C05B75B7B7C2E1FDFD1C3D9393AE4C26266A6C36365AD3
:20A640007E3F3F41F5F7F70283CCCC4F6834345C51A5A5F4D1E5E534F9F1F108E2717193AA
:20A66000ABD8D873623131532A15153F0804040C95C7C752462323659DC3C35E30181828D7
:20A68000379696A10A05050F2F9A9AB50E070709241212361B80809BDFE2E23DCDEBEB2679
:20A6A0004E2727697FB2B2CDEA75759F1209091B1D83839E582C2C74341A1A2E361B1B2D1F
:20A6C000DC6E6EB2B45A5AEE5BA0A0FBA45252F6763B3B4DB7D6D6617DB3B3CE5229297B19
:20A6E000DDE3E33E5E2F2F7113848497A65353F5B9D1D16800000000C1EDED2C40202060EF
:20A70000E3FCFC1F79B1B1C8B65B5BEDD46A6ABE8DCBCB4667BEBED97239394B944A4ADE83
:20A72000984C4CD4B05858E885CFCF4ABBD0D06BC5EFEF2A4FAAAAE5EDFBFB16864343C57B
:20A740009A4D4DD766333355118585948A4545CFE9F9F91004020206FE7F7F81A05050F095
:20A76000783C3C44259F9FBA4BA8A8E3A25151F35DA3A3FE804040C0058F8F8A3F9292ADB5
:20A78000219D9DBC70383848F1F5F50463BCBCDF77B6B6C1AFDADA7542212163201010300E
:20A7A000E5FFFF1AFDF3F30EBFD2D26D81CDCD4C180C0C1426131335C3ECEC2FBE5F5FE188
:20A7C000359797A2884444CC2E17173993C4C45755A7A7F2FC7E7E827A3D3D47C86464AC0B
:20A7E000BA5D5DE73219192BE6737395C06060A0198181989E4F4FD1A3DCDC7F4422226666
:20A80000542A2A7E3B9090AB0B8888838C4646CAC7EEEE296BB8B8D32814143CA7DEDE79AA
:20A82000BC5E5EE2160B0B1DADDBDB76DBE0E03B64323256743A3A4E140A0A1E924949DB2D
:20A840000C06060A4824246CB85C5CE49FC2C25DBDD3D36E43ACACEFC46262A6399191A87A
:20A86000319595A4D3E4E437F279798BD5E7E7328BC8C8436E373759DA6D6DB7018D8D8C1E
:20A88000B1D5D5649C4E4ED249A9A9E0D86C6CB4AC5656FAF3F4F407CFEAEA25CA6565AFD1
:20A8A000F47A7A8E47AEAEE9100808186FBABAD5F07878884A25256F5C2E2E72381C1C247D
:20A8C00057A6A6F173B4B4C797C6C651CBE8E823A1DDDD7CE874749C3E1F1F21964B4BDD27
:20A8E00061BDBDDC0D8B8B860F8A8A85E07070907C3E3E4271B5B5C4CC6666AA904848D8ED
:20A9000006030305F7F6F6011C0E0E12C26161A36A35355FAE5757F969B9B9D017868691EA
:20A9200099C1C1583A1D1D27279E9EB9D9E1E138EBF8F8132B9898B322111133D26969BB48
:20A94000A9D9D970078E8E89339494A72D9B9BB63C1E1E2215878792C9E9E92087CECE49EF
:20A96000AA5555FF50282878A5DFDF7A038C8C8F59A1A1F8098989801A0D0D1765BFBFDAAF
:20A98000D7E6E631844242C6D06868B8824141C3299999B05A2D2D771E0F0F117BB0B0CBCD
:20A9A000A85454FC6DBBBBD62C16163A52096AD53036A538BF40A39E81F3D7FB7CE3398283
:20A9C0009B2FFF87348E4344C4DEE9CB547B9432A6C2233DEE4C950B42FAC34E082EA166C7
:20A9E00028D924B2765BA2496D8BD12572F8F66486689816D4A45CCC5D65B6926C70485058
:20AA0000FDEDB9DA5E154657A78D9D8490D8AB008CBCD30AF7E45805B8B34506D02C1E8F85
:20AA2000CA3F0F02C1AFBD0301138A6B3A9111414F67DCEA97F2CFCEF0B4E67396AC74222F
:20AA4000E7AD3585E2F937E81C75DF6E47F11A711D29C5896FB7620EAA18BE1BFC563E4B6D
:20AA6000C6D279209ADBC0FE78CD5AF41FDDA8338807C731B11210592780EC5F60517FA98A
:20AA800019B54A0D2DE57A9F93C99CEFA0E03B4DAE2AF5B0C8EBBB3C83539961172B047EBC
:20AAA000BA77D626E169146355210C7D000000000000000000000000000000870000000022
:20AAC00000000000000000000000000000000000000000000000000000000000090000006D
:20AAE000010000000000000000000000000000000000000005000000060000000400000046
:20AB000003000000020000000000000000000000000000000000000000000000050000002B
:20AB200006000000040000000300000002000000020000005B04FF1FBD04FF1F00000000A8
:20AB400001000000010000007CABFF1F0200000084ABFF1F88ABFF1FC8ABFF1F000000007D
:20AB600001000000010000007CABFF1F0200000084ABFF1FCCABFF1F0CACFF1FFFFFFFFFD8
:20AB8000FFFF00FF00000000000000000000000000000000000000FF0608080010ACFF1FC9
:20ABA0000200000000000000000000000000000000000000010000FF01080000000000008A
:20ABC000010000000800000050ACFF1F000000000000000000000000000000FF060808003D
:20ABE00080ACFF1F0200000000000000000000000000000000000000010000FF0108000000
:20AC0000000000000100000008000000C0ACFF1FB3070000FF070000B3070000FF07000021
:20AC2000B3070000FF070000B3070000FF070000FF070000FF070000FF070000FF0700007C
:20AC4000FF070000FF070000FF070000FF07000000000601F0ACFF1F00000000000000001B
:20AC600000000000000000000000010004ADFF1F020000001CADFF1F24ADFF1F000000002C
:20AC8000B4070000FF070000B4070000FF070000B4070000FF070000B3070000FF070000B1
:20ACA000FF070000FF070000FF070000FF070000FF070000FF070000FF070000FF07000064
:20ACC00000000601F0ACFF1F000000000000000000000000000000000000010004ADFF1FE3
:20ACE0000200000028ADFF1F24ADFF1F00000000000000000000F8FF000000000000000079
:20AD00000000000000000506040003000200000001010200010001000000000088ABFF1FC8
:20AD2000A8ABFF1FDCAAFF1FCCABFF1FECABFF1F5CADFF1F84ADFF1FACADFF1FD4ADFF1F28
:20AD4000FCADFF1F24AEFF1F4CAEFF1F74AEFF1F9CAEFF1FC4AEFF1FECAEFF1F0100000033
:20AD6000010000000100000000000000000000000000000020000000000000006406002027
:20AD8000B83300200100000001000000050000000000000000000000000000001000000091
:20ADA0000000000068060020D83300200100000001000000010000000000000000000000D7
:20ADC0000000000010000000000000006C060020E83300200100000001000000050000008F
:20ADE000000000000000000000000000100000000000000070060020F83300200100000061
:20AE0000010000000100000000000000000000000000000010000000000000007406002086
:20AE2000083400200100000001000000050000000000000000000000000000000C000000A3
:20AE40000000000078060020183400200100000001000000010000000000000000000000E5
:20AE60000000000010000000000000007C06002024340020010000000100000005000000A1
:20AE80000000000000000000000000000C0000000000000080060020343400200100000077
:20AEA0000100000001000000000000000000000000000000100000000000000084060020D6
:20AEC0004034002001000000010000000100000000000000000000000000000010000000CB
:20AEE0000000000088060020503400200100000001000000050000000000000000000000F9
:20AF0000000000000C000000000000008C0600206034002040AFFF1FFFFF0300FFFF0300B0
:20AF2000FFFF0300FFFF0300CFFB0100FFFF0300FFFF0300FFFF0300FFFF0300CFFB010075
:20AF4000000000000000000050AFFF1FD0B1FF1F0100000001000000010000000100000031
:20AF60000100000001000000010000000100000001000000010000000100000001000000C9
:20AF80000100000001000000010000000100000001000000010000000100000001000000A9
:20AFA000010000000100000001000000010000000100000001000000010000000100000089
:20AFC000010000000100000001000000010000000100000001000000010000000100000069
:20AFE000010000000100000001000000010000000100000001000000010000000100000049
:20B00000010000000100000001000000010000000100000001000000010000000100000028
:20B02000010000000100000001000000010000000100000001000000010000000100000008
:20B040000100000001000000010000000100000001000000010000000100000001000000E8
:20B060000100000001000000010000000100000001000000010000000100000001000000C8
:20B080000100000001000000010000000100000001000000010000000100000001000000A8
:20B0A000010000000100000001000000010000000100000001000000010000000100000088
:20B0C000010000000100000001000000010000000100000001000000010000000100000068
:20B0E000010000000100000001000000010000000100000001000000010000000100000048
:20B10000010000000100000001000000010000000100000001000000010000000100000027
:20B12000010000000100000001000000010000000100000001000000010000000100000007
:20B140000100000001000000010000000100000001000000010000000100000001000000E7
:20B160000100000001000000010000000100000001000000010000000100000001000000C7
:20B180000100000001000000010000000100000001000000010000000100000001000000A7
:20B1A000010000000100000001000000010000000100000001000000010000000100000087
:20B1C000010000000100000001000000010000000100000001000000010000000100000067
:20B1E00001000000EB7CFE1F157DFE1F00000000F0FFFFFF6C3500206C35002000000000AC
:20B20000E4B1FF1F08B2FF1F0000000000000000000000000002000000040000100000008D
:20B22000000400000200000030B2FF1FF4B1FF1F38B2FF1F4CB2FF1F0020000010000000F1
:20B24000FFFF010000000001000000000020000010000000FFDF210000200000000000009F
:20B2600002000000000000000000000002000000000000000000000000000000D4CBFF1F0D
:20B2800002000000000100000000000000000000E8CBFF1F020000000002000000000000D6
:20B2A00000000000FCCBFF1F0200000000030000000000000000000010CCFF1F04000000A6
:20B2C000D0B2FF1F0100000060B2FF1F40B3FF1F000000003D81FE1F0000000080842E413E
:20B2E000FFFFFFFF000000006CB2FF1F00000000ADA1FE1F0000000080842E41FFFFFFFF3C
:20B300000000000080B2FF1F000000005781FE1F0000000080842E41FFFFFFFF0000000079
:20B3200094B2FF1F000000005981FE1F0000000080842E41FFFFFFFF00000000A8B2FF1FCB
:20B3400000010203CD0000004CB3FF1F00000000000000003722FF1F010000000000000085
:20B360003722FF1F02000000000000003722FF1F03000000000000003722FF1F040000005F
:20B38000000000003722FF1F05000000000000003722FF1F06000000000000003722FF1F3D
:20B3A00007000000000000003722FF1F08000000000000003722FF1F090000000000000087
:20B3C0003722FF1F0A000000000000003722FF1F0B000000000000003722FF1F0C000000E7
:20B3E000000000003722FF1F0D000000000000003722FF1F0E000000000000003722FF1FCD
:20B400000F000000000000003722FF1F10000000000000003722FF1F11000000000000000E
:20B420003722FF1F1200000001000000EF2BFF1F13000000000000003722FF1F14000000AC
:20B44000000000003722FF1F15000000000000003722FF1F16000000000000003722FF1F5C
:20B4600017000000000000003722FF1F18000000000000003722FF1F190000000000000096
:20B480003722FF1F1A000000000000003722FF1F1B000000000000003722FF1F1C000000F6
:20B4A000000000003722FF1F1D000000000000003722FF1F1E000000000000003722FF1FEC
:20B4C0001F000000000000003722FF1F20000000000000003722FF1F21000000000000001E
:20B4E0003722FF1F22000000000000003722FF1F23000000000000003722FF1F240000007E
:20B50000000000003722FF1F25000000000000003722FF1F26000000000000003722FF1F7B
:20B5200027000000000000003722FF1F28000000000000003722FF1F2900000000000000A5
:20B540003722FF1F2A000000000000003722FF1F2B000000000000003722FF1F2C00000005
:20B56000000000003722FF1F2D000000000000003722FF1F2E000000000000003722FF1F0B
:20B580002F000000000000003722FF1F30000000000000003722FF1F31000000000000002D
:20B5A0003722FF1F32000000000000003722FF1F33000000000000003722FF1F340000008D
:20B5C000000000003722FF1F35000000000000003722FF1F36000000000000003722FF1F9B
:20B5E00037000000000000003722FF1F38000000000000003722FF1F3900000000000000B5
:20B600003722FF1F3A000000000000003722FF1F3B000000000000003722FF1F3C00000014
:20B62000000000003722FF1F3D000000000000003722FF1F3E000000000000003722FF1F2A
:20B640003F000000000000003722FF1F40000000000000003722FF1F41000000000000003C
:20B660003722FF1F42000000000000003722FF1F43000000000000003722FF1F440000009C
:20B68000000000003722FF1F45000000000000003722FF1F46000000000000003722FF1FBA
:20B6A00047000000000000003722FF1F48000000000000003722FF1F4900000000000000C4
:20B6C0003722FF1F4A000000000000003722FF1F4B000000000000003722FF1F4C00000024
:20B6E000000000003722FF1F4D000000000000003722FF1F4E000000000000003722FF1F4A
:20B700004F000000000000003722FF1F50000000000000003722FF1F51000000000000004B
:20B720003722FF1F52000000000000003722FF1F53000000000000003722FF1F54000000AB
:20B74000000000003722FF1F55000000000000003722FF1F56000000000000003722FF1FD9
:20B7600057000000000000003722FF1F58000000000000003722FF1F5900000000000000D3
:20B780003722FF1F5A000000000000003722FF1F5B000000000000003722FF1F5C00000033
:20B7A000000000003722FF1F5D000000000000003722FF1F5E000000000000003722FF1F69
:20B7C0005F000000000000003722FF1F60000000000000003722FF1F61000000000000005B
:20B7E0003722FF1F62000000000000003722FF1F63000000000000003722FF1F64000000BB
:20B80000000000003722FF1F65000000000000003722FF1F66000000000000003722FF1FF8
:20B8200067000000000000003722FF1F68000000000000003722FF1F6900000000000000E2
:20B840003722FF1F6A000000000000003722FF1F6B000000000000003722FF1F6C00000042
:20B86000000000003722FF1F6D000000000000003722FF1F6E000000000000003722FF1F88
:20B880006F000000000000003722FF1F70000000000000003722FF1F71000000000000006A
:20B8A0003722FF1F72000000000000003722FF1F73000000000000003722FF1F74000000CA
:20B8C000000000003722FF1F75000000000000003722FF1F76000000000000003722FF1F18
:20B8E00077000000000000003722FF1F78000000000000003722FF1F7900000000000000F2
:20B900003722FF1F7A000000000000003722FF1F7B000000000000003722FF1F7C00000051
:20B92000000000003722FF1F7D000000000000003722FF1F7E000000000000003722FF1FA7
:20B940007F000000010000008302FF1F8000000001000000AB03FF1F8100000001000000F5
:20B96000D703FF1F8200000001000000AF02FF1F83000000000000003722FF1F84000000FF
:20B98000000000003722FF1F85000000010000000304FF1F86000000010000002F04FF1FAD
:20B9A0008700000001000000DB02FF1F88000000010000000F03FF1F8900000001000000C1
:20B9C0004303FF1F8A000000010000007703FF1F8B000000000000003722FF1F8C00000052
:20B9E000000000003722FF1F8D000000000000003722FF1F8E000000000000003722FF1FC7
:20BA00008F000000000000003722FF1F90000000000000003722FF1F910000000000000088
:20BA20003722FF1F92000000000000003722FF1F93000000000000003722FF1F94000000E8
:20BA4000000000003722FF1F95000000000000003722FF1F96000000000000003722FF1F56
:20BA600097000000000000003722FF1F98000000000000003722FF1F990000000000000010
:20BA80003722FF1F9A000000000000003722FF1F9B000000000000003722FF1F9C00000070
:20BAA000000000003722FF1F9D000000000000003722FF1F9E000000000000003722FF1FE6
:20BAC0009F000000000000003722FF1FA0000000000000003722FF1FA10000000000000098
:20BAE0003722FF1FA2000000000000003722FF1FA3000000000000003722FF1FA4000000F8
:20BB0000000000003722FF1FA5000000000000003722FF1FA6000000000000003722FF1F75
:20BB2000A7000000000000003722FF1FA8000000000000003722FF1FA9000000000000001F
:20BB40003722FF1FAA000000000000003722FF1FAB000000000000003722FF1FAC0000007F
:20BB6000000000003722FF1FAD000000000000003722FF1FAE000000000000003722FF1F05
:20BB8000AF000000000000003722FF1FB0000000000000003722FF1FB100000000000000A7
:20BBA0003722FF1FB2000000000000003722FF1FB3000000000000003722FF1FB400000007
:20BBC000000000003722FF1FB5000000010000005B73FF1FB6000000000000003722FF1F1F
:20BBE000B7000000000000003722FF1FB8000000000000003722FF1FB9000000000000002F
:20BC00003722FF1FBA000000000000003722FF1FBB000000000000003722FF1FBC0000008E
:20BC2000000000003722FF1FBD000000000000003722FF1FBE000000000000003722FF1F24
:20BC4000BF000000000000003722FF1FC0000000000000003722FF1FC100000000000000B6
:20BC60003722FF1FC2000000000000003722FF1FC3000000000000003722FF1FC400000016
:20BC8000000000003722FF1FC5000000000000003722FF1FC6000000000000003722FF1FB4
:20BCA000C7000000000000003722FF1FC8000000000000003722FF1FC9000000000000003E
:20BCC0003722FF1FCA000000000000003722FF1FCB000000000000003722FF1FCC0000009E
:20BCE000000000003722FF1F14CBFF1F6CCBFF1F2CBDFF1FACCBFF1FC4CBFF1F78CBFF1FD1
:20BD0000C8BEFF1F0000000001000000010000001CBDFF1F24BDFF1FF4BCFF1F00000000B9
:20BD20000000000000000000E8BCFF1F1900000034BDFF1F2C0000000400000000000000E9
:20BD4000010000002D0000000400000000000000010000002E00000004000000000000007E
:20BD6000010000002F0000000400000000000000010000003000000004000000000000005A
:20BD800001000000340000000800000000000000010000002A000000080000000000000033
:20BDA000010000002B00000008000000000000000100000011000000040000000000000039
:20BDC000010000001A0000000400000000000000010000001C000000040000000000000023
:20BDE000010000000300000004000000000000000100000004000000040000000000000032
:20BE0000010000000500000004000000020000000100000006000000040000000200000009
:20BE20000100000013000000040000000000000001000000140000000400000000000000D1
:20BE4000010000002200000004000000000000000100000023000000040000000000000093
:20BE600001000000090000000400000000000000010000000A0000000400000000000000A5
:20BE8000010000000200000004000000020000000100000028000000060000000400000066
:20BEA000010000002700000007000000000000000100000026000000070000000000000025
:20BEC0000100000044B3FF1F0001010000000000000000000000000000000000000000004A
:20BEE000000000000000000000000000000000000100000000000000000000000000000041
:20BF000001000000000000000000000000000000010000000000000000000000000000001F
:20BF20000600000000000000010000000000000001000000000000000000000000000000F9
:20BF40000700000000000000000000000000000001000000000000000000000000000000D9
:20BF60000A00000000000000050000000100000000000000000000000000000000000000B1
:20BF80000B0000000000000005000000010000000000000000000000000000000000000090
:20BFA0000F0000000000000000000000000000000100000000000000000000000000000071
:20BFC00010000000000000000100000001000000010000000000000000000000010000004D
:20BFE00000000000000000000100000001000000010000000000000001000000010000003C
:20C0000001000000000000000000000000000000010000000000000000000000010000001D
:20C020000200000000000000010000000100000001000000000000000000000001000000FA
:20C040000300000000000000020000000100000001000000000000000000000001000000D8
:20C060000400000000000000010000000100000001000000000000000000000001000000B8
:20C08000050000000000000001000000010000000100000000000000010000000100000096
:20C0A000080000000000000002000000010000000100000000000000000000000100000073
:20C0C000090000000000000002000000010000000100000000000000000000000100000052
:20C0E0000A0000000000000001000000010000000100000000000000000000000100000032
:20C100000B000000000000000400000000000000010000000000000000000000010000000E
:20C120000C00000000000000000000000000000001000000000000000000000001000000F1
:20C140000D00000000000000000000000000000001000000000000000000000001000000D0
:20C160000E00000000000000030000000100000001000000000000000000000001000000AB
:20C180000F000000000000000300000000000000010000000000000000000000010000008B
:20C1A000100000000000000003000000010000000100000000000000000000000100000069
:20C1C00011000000000000000100000000000000010000000000000000000000020000004A
:20C1E00000000000000000000000000000000000010000000000000000000000020000003C
:20C2000001000000000000000000000000000000010000000000000000000000020000001A
:20C220000200000000000000000000000000000001000000000000000000000002000000F9
:20C240000300000000000000010000000100000001000000000000000100000002000000D5
:20C260000600000000000000020000000000000001000000000000000000000002000000B3
:20C28000070000000000000002000000010000000100000000000000000000000200000091
:20C2A000080000000000000001000000010000000100000000000000000000000200000071
:20C2C0000A000000000000000100000001000000010000000000000001000000020000004E
:20C2E0000B000000000000000100000001000000010000000000000001000000020000002D
:20C300000C000000000000000100000001000000010000000000000001000000020000000B
:20C320000D00000000000000020000000100000001000000000000000000000002000000EA
:20C340000E00000000000000000000000000000001000000000000000000000002000000CC
:20C360000F00000000000000000000000000000001000000000000000000000002000000AB
:20C3800010000000000000000000000000000000010000000000000000000000020000008A
:20C3A000110000000000000000000000000000000100000000000000000000000300000068
:20C3C000000000000000000001000000010000000100000000000000000000000300000057
:20C3E000020000000000000001000000010000000100000000000000000000000300000035
:20C40000030000000000000000000000000000000100000000000000000000000300000015
:20C420000400000000000000030000000100000001000000000000000000000003000000F0
:20C440000500000000000000010000000100000001000000000000000000000003000000D1
:20C460000700000000000000010000000100000001000000000000000000000003000000AF
:20C4800009000000000000000100000001000000010000000000000000000000030000008D
:20C4A0000A0000000000000005000000000000000100000000000000000000000300000069
:20C4C0000B0000000000000005000000010000000100000000000000000000000300000047
:20C4E0000C000000000000000100000000000000010000000000000000000000030000002B
:20C500000D0000000000000005000000010000000100000000000000000000000300000004
:20C520000E00000000000000020000000100000001000000000000000000000003000000E6
:20C540000F00000000000000010000000100000001000000000000000100000003000000C5
:20C560001000000000000000010000000100000001000000000000000100000003000000A4
:20C58000110000000000000001000000000000000100000000000000000000000400000084
:20C5A000030000000000000001000000010000000100000000000000010000000400000070
:20C5C00007000000000000000200000001000000010000000000000000000000040000004C
:20C5E00008000000000000000100000001000000010000000000000000000000040000002C
:20C6000009000000000000000100000000000000010000000000000000000000040000000B
:20C620000C00000000000000010000000100000001000000000000000100000004000000E6
:20C640000D00000000000000060000000100000001000000000000000000000004000000C1
:20C660000E00000000000000010000000100000001000000000000000000000004000000A5
:20C680000F0000000000000001000000000000000100000000000000000000000400000085
:20C6A000100000000000000001000000010000000100000000000000000000003F00170011
:20C6C000D0C6FF1F00C7FF1F10C7FF1FDCBEFF1F0200030004000500080009000C000D00DC
:20C6E0000E0011002600270044004500490061006600680080008100820086008B00000039
:20C70000000000000000000001000000000000000000000000000000000001000100000016
:20C720000000000000000100060000000000000001010100070000000000000000000100E7
:20C740000A00000001000000000001000B00000001000000000001000F00000000000000B1
:20C7600000000100100000000100000001010100200001000100000001010100210000005E
:20C7800000000000000001002200000001000000010101002300000001000000000001004D
:20C7A0002400000001000000010101002500010001000000010101002800000001000000FE
:20C7C000000001002900000001000000000001002A00000001000000010101002B000000D4
:20C7E00000000000000001002C00000000000000000001002D0000000000000000000100DD
:20C800002E00000001000000000001002F0000000000000000000100300000000100000087
:20C82000000001003100000000000000010101004000000000000000000001004100000041
:20C8400000000000000001004200000000000000000001004300010001000000010101004C
:20C860004600000000000000000001004700000001000000000001004800000001000000DF
:20C88000010101004A00010001000000010101004B00010001000000010101004C000100A9
:20C8A00001000000010101004D00000001000000000001004E0000000000000000000100D6
:20C8C0004F0000000000000000000100500000000000000000000100510000000000000066
:20C8E00000000100600000000100000001010100620000000100000001010100630000000A
:20C90000000000000000010064000000010000000000010065000000010000000101010047
:20C920006700000001000000010101006900000001000000010101006A00000000000000B5
:20C94000000001006B00000001000000000001006C00000000000000010101006D0000008D
:20C9600001000000000001006E00000001000000000001006F0001000100000001010100D1
:20C98000700001000100000001010100710000000000000001010100830001000100000029
:20C9A0000101010087000000010000000000010088000000010000000101010089000000D6
:20C9C00000000000010101008C00010001000000010101008D000000010000000000010034
:20C9E0008E00000001000000010101008F0000000000000001010100900000000100000082
:20CA0000010101003F00000014CAFF1F10CBFF1FBCC6FF1F0100000001000000010000003C
:20CA20000100000001000000010000000100000001000000010000000100000001000000EE
:20CA40000100000001000000010000000100000001000000010000000100000001000000CE
:20CA60000100000001000000010000000100000001000000010000000100000001000000AE
:20CA800001000000010000000100000001000000010000000100000001000000010000008E
:20CAA00001000000010000000100000001000000010000000100000001000000010000006E
:20CAC00001000000010000000100000001000000010000000100000001000000010000004E
:20CAE00001000000010000000100000001000000010000000100000001000000010000002E
:20CB0000010000000100000001000000010000000100000003000000006889090000000013
:20CB20000100000003000000000100000000000001000000000000000000000001000000EE
:20CB4000000000000100000003000000500000000100000000000000006889090001000085
:20CB60000000000000000000010000000000000000000000000000000000000000000000B4
:20CB8000000000000000000000000000000000000000000000000000000000000100000094
:20CBA000010000000000000000000000000000000000000000000000000000000000000074
:20CBC0000000000000000000000000000080012B00000000000100000200000000000000A6
:20CBE0006145FF1F000000000101000002000000000000006145FF1F0100000002010000A5
:20CC000002000000000000006145FF1F020000000301000002000000000000006145FF1F82
:20CC200003000000000000000000000000000000000000003CCCFF1F44CCFF1F000000009D
:20CC400050CCFF1F0000000068CCFF1F24CCFF1F0000000000000001000000000000000039
:20CC600000E20400000000000000000000000001000000000000000000E2040000000000E7
:20CC8000202D002000400240005002400080034000900340004004400050044000600540C0
:20CCA000007005400040024000500240008003400090034000400440005004400060054058
:20CCC000007005400000000000000000020000040000000204000000040002000006000087
:20CCE000000200000600000002000006040000020004060004000000000000000000000010
:20CD000000000000000000000000000000000000000100000004000000000000000000000E
:20CD20000000000000000000000000000000000000000000000000000000000000000000F3
:20CD40000000000000000000000100000000000058CEFF1F0100000060CEFF1F140000002D
:20CD600000CFFF1F01000000103300200600000040330020060000007033002006000000FA
:20CD800000000000A0330020020000000000000000000000010000000000000030ADFF1FA2
:20CDA0000000000001000000A4330020020000000000000000000000010000000000000078
:20CDC00038ADFF1F0000000002000000A83300200200000000000000000000000100000050
:20CDE0000000000040ADFF1F0000000003000000AC33002002000000000000000000000024
:20CE0000010000000000000048ADFF1F0000000004000000B03300200100000000000000F6
:20CE200000000000010000000000000050ADFF1F0000000005000000B433002002000000C8
:20CE40000000000000000000010000000000000054ADFF1F000000000B0000001B0000008C
:20CE600003000000140100000200000014110000040000001403000003000000140300003E
:20CE8000040000001405000003000000140500000400000014040000030000001404000022
:20CEA000040000001407000003000000140700000600000014800000040000001401000082
:20CEC000050000001480000003000000140200000400000014020000010000001410000061
:20CEE0000200000014100000050000001406000001000000141100000600000014060000A7
:20CF0000130000000000000000F00F4040F00F4080F00F40C0F00F4000F10F400000000042
:20CF20000400000001000000050000000200000006000000050000000100000006000000D3
:20CF400007000000070000000000000009000000080000000A000000020000000B0000009B
:20CF6000090000000C0000000A0000000D0000000B0000000F0000000C000000550000000A
:20CF80000E000000FF0000000300000000000000000000000100000001000000020000007D
:20CFA00002000000040000000400000005000000050000000600000006000000070000004A
:20CFC00007000000080000000800000009000000090000000A0000000A0000000B00000009
:20CFE0000B0000000C0000000C0000000D0000000D0000000E0000000E0000000F000000C9
:20D000000F00000010000000100000000000000000000000010000000100000002000000DD
:20D020000200000004000000040000000500000005000000060000000600000007000000C9
:20D0400007000000080000000800000009000000090000000A0000000A0000000B00000088
:20D060000B0000000C0000000C0000000D0000000D0000000E0000000E0000000F00000048
:20D080000F00000010000000100000000050064004500640085006400C500640105006404B
:20D0A00014500640185006401C5006402050064024500640285006402C50064030500640B0
:20D0C00034500640385006403C5006404050064044500640485006404C5006405050064090
:20D0E00054500640585006405C5006406050064064500640685006406C5006407050064070
:20D1000074500640785006407C5006408050064084500640885006408C500640905006404F
:20D1200094500640985006409C500640A0500640A4500640A8500640AC500640B05006402F
:20D14000B4500640B8500640BC500640C0500640C4500640C8500640CC500640D05006400F
:20D160000050064004500640085006400C5006401050064014500640185006401C5006408F
:20D180002050064024500640285006402C5006403050064034500640385006403C5006406F
:20D1A0004050064044500640485006404C5006405050064054500640585006405C5006404F
:20D1C0006050064064500640685006406C5006407050064074500640785006407C5006402F
:20D1E0008050064084500640885006408C5006409050064094500640985006409C5006400F
:20D20000A0500640A4500640A8500640AC500640B0500640B4500640B8500640BC500640EE
:20D22000C0500640C4500640C8500640CC500640D050064000000000B0D4FF1F0100000075
:20D2400001000000B4D4FF1F0500000002000000C8D4FF1F0600000003000000E0D4FF1F8B
:20D260000600000004000000E0D4FF1F0600000005000000E0D4FF1F0600000006000000E9
:20D28000E0D4FF1F0600000007000000F8D4FF1F0600000008000000F8D4FF1F06000000C7
:20D2A0000900000010D5FF1F060000000A00000010D5FF1F060000000B00000028D5FF1F23
:20D2C000040000000C00000028D5FF1F040000000D00000028D5FF1F040000000E000000E5
:20D2E00028D5FF1F040000000F00000028D5FF1F040000001000000028D5FF1F04000000B2
:20D300001100000028D5FF1F040000001200000028D5FF1F040000001300000038D5FF1F6E
:20D32000060000001400000038D5FF1F060000001500000038D5FF1F060000001600000046
:20D3400038D5FF1F060000001700000038D5FF1F060000001800000038D5FF1F060000000B
:20D360001900000050D5FF1F060000001A00000050D5FF1F060000001B00000050D5FF1F8A
:20D38000060000001C00000050D5FF1F060000001D00000068D5FF1F060000001E00000086
:20D3A00068D5FF1F060000001F00000080D5FF1F060000002000000080D5FF1F06000000DB
:20D3C0002100000000000000000000002200000098D5FF1F050000002300000098D5FF1FCC
:20D3E0000500000024000000ACD5FF1F0100000025000000B0D5FF1F010000002600000075
:20D40000B4D5FF1F0100000027000000B8D5FF1F0100000028000000BCD5FF1F05000000B5
:20D420002900000000000000000000002A000000D0D5FF1F010000002B000000D4D5FF1FE3
:20D44000010000002C000000D8D5FF1F050000002D000000D8D5FF1F050000002E000000A4
:20D46000D8D5FF1F050000002F000000D8D5FF1F0500000030000000D8D5FF1F05000000DD
:20D4800031000000ECD5FF1F0100000032000000F0D5FF1F0100000033000000F4D5FF1F4B
:20D4A0000100000034000000F8D5FF1F010000000000000000000000010000000200000048
:20D4C000030000000400000000000000010000000200000003000000040000000500000036
:20D4E00000000000010000000200000003000000040000000500000000000000010000001C
:20D500000200000003000000040000000500000000000000010000000200000003000000F7
:20D520000400000005000000000000000300000004000000050000000000000001000000D5
:20D540000200000003000000040000000500000000000000010000000200000003000000B7
:20D56000040000000500000000000000010000000200000003000000040000000500000093
:20D5800000000000010000000200000003000000040000000500000000000000010000007B
:20D5A000020000000300000004000000070000000700000007000000070000000000000046
:20D5C000030000000400000005000000060000000800000008000000000000000100000028
:20D5E0000200000003000000040000000800000008000000080000000800000020000000E2
:20D6000004000000400000008000000000F00F4040F00F4080F00F40C0F00F4000F10F408A
:20D620000090044000A0044000B0044000000540001005400090044000A0044000B00440F8
:20D64000000005400010054000000100000000010000000200000004000000080000001010
:20D660000000002000000440000004400400000074030020ACD6FF1FACD6FF1F7403002090
:20D68000ACD6FF1F64D8FF1F2C05002064D8FF1F65D8FF1F000000200010FE1F7413FE1F99
:20D6A00001000000300500206C35002000000000CC03002000000000010000000000000063
:20D6C00000000000000000000000000000000000000000000000000000000000000000004A
:20D6E0000000000000000000D00500204000000000000000000000000000000000000000F5
:20D70000000000000B0000001B0000000000000000000000000000000001010000000000E1
:20D72000000000000000000000000000000000007B1AFE1F0100000034123412B7E9744B4B
:20D7400045FAA620D31C30E96386E9CD5FB993DECA45C9D60894F77DB9EEA9D078457694EF
:20D76000809DF70524D730E2C00F046E605323BD5003BF2CA9BBB45CC5115A1DCE257D42FE
:20D78000034F7E1C7A3E1A68E89A00108D1828AC26BD71AE4AC9B9230B9BC1016746A901A8
:20D7A0005E70F1D9BD7F564B976164FFC1D96E93AB4066D5CBF402F5FC531151A9805C07E5
:20D7C00016ABCB9825FE02F3897E57917A64CC2C7A71E88333590AA95923CF4A6BE4241A91
:20D7E000F78CA9045D65B67487194249E36903DDA4C975FEA73C07C191675445FE5FCF4529
:20D8000072F8BD4795BA81A754505529922F8182719B431CEB2716CA87E2BA83A01E85EF08
:20D8200075E463882D0B5376B6B3D66819E26C2B674F0A9DDEFE934243CE87AD0001000115
:20D8400031DDD9EC24201A6A825D840218609AAB65B04EFA44A04A9912F4BAE8E691BB9C71
:05D86000AA0001000117
:00000001FF
