:020000023000CC
:2080000000FE0020018403005B6104005561040061610400676104006D61040000000000DC
:20802000000000000000000000000000BB6104007361040000000000796104007F61040086
:20804000B5610400B5610400B5610400B5610400B5610400B5610400B5610400B561040050
:20806000B5610400B5610400B5610400B5610400B5610400B5610400B5610400B561040030
:20808000B5610400B5610400B5610400B5610400B5610400B5610400B5610400B561040010
:2080A000B5610400B5610400B5610400B5610400B5610400B5610400B5610400B5610400F0
:2080C000B5610400B5610400B5610400B5610400B5610400B5610400B5610400B5610400D0
:2080E000B5610400B5610400B5610400B5610400B5610400B5610400B5610400B5610400B0
:20810000B5610400B5610400B5610400B5610400B5610400B5610400B5610400B56104008F
:20812000B5610400B5610400B5610400B5610400B5610400B5610400B5610400B56104006F
:20814000B5610400B5610400B5610400B5610400B5610400B5610400B5610400B56104004F
:20816000B5610400B5610400B5610400B5610400B5610400B5610400B5610400B56104002F
:20818000B5610400B5610400B5610400B5610400B5610400B5610400B5610400B56104000F
:2081A000B5610400B5610400B5610400B5610400B5610400B5610400B5610400B5610400EF
:2081C000B5610400B5610400B5610400B5610400B5610400B5610400B5610400B5610400CF
:2081E000B5610400B5610400B5610400B5610400B5610400B5610400B5610400B5610400AF
:20820000B5610400B5610400B5610400B5610400B5610400B5610400B5610400B56104008E
:20822000B5610400B5610400B5610400B5610400B5610400B5610400B5610400B56104006E
:20824000B5610400B5610400B5610400B5610400B5610400B5610400B5610400B56104004E
:20826000B5610400B5610400B5610400B5610400B5610400B5610400B5610400B56104002E
:20828000B5610400B5610400B5610400B5610400B5610400B5610400B5610400B56104000E
:2082A000B5610400B5610400B5610400B5610400B5610400B5610400B5610400B5610400EE
:2082C000B5610400B5610400B5610400B5610400B5610400B5610400B5610400B5610400CE
:2082E000B5610400B5610400B5610400B5610400B5610400B5610400B5610400B5610400AE
:20830000B5610400B5610400B5610400B5610400B5610400B5610400B5610400B56104008D
:20832000B5610400B5610400B5610400B5610400B5610400B5610400B5610400B56104006D
:20834000B5610400B5610400B5610400B5610400B5610400B5610400B5610400B56104004D
:20836000B5610400B5610400B5610400B5610400B5610400FFFFFFFFFFFFFFFFFFFFFFFF87
:20838000FFFFFFFFFFFFFFFFFFFFFFFFFFFFFFFFFFFFFFFFFFFFFFFFFFFFFFFFFFFFFFFFFD
:2083A000FFFFFFFFFFFFFFFFFFFFFFFFFFFFFFFFFFFFFFFFFFFFFFFFFFFFFFFFFFFFFFFFDD
:2083C000FFFFFFFFFFFFFFFFFFFFFFFFFFFFFFFFFFFFFFFFFFFFFFFFFFFFFFFFFFFFFFFFBD
:2083E000FFFFFFFFFFFFFFFFFFFFFFFFFFFFFFFFFFFFFFFFFFFFFFFFFFFFFFFFFFFFFFFF9D
:2084000072B6002000210022002300240025002600271F481F4901601F4880F30888FFE798
:208420001E4801680F22120511430160BFF34F8FBFF36F8FFFE71A48002809D019491A4A21
:20844000521A013A04DD0020002309C1083AFCDAFFE7134800280BD0144802C8013907DBE9
:2084600038C82A1BFAD040CC40C3043AFBDCF5E7FFE70F4802C8013907DB18C8E21AFAD024
:20848000002520C3043AFCDCF5E762B606F0E0FE08ED00E00000002000FE002088ED00E08E
:2084A000010000000000002000FF0020E0FE040014FF04000B480178FF2900D1002101316B
:2084C0000170704708490878FF2800D1002001300870704705490878FF2800D10020013014
:2084E00008707047D0080020D1080020D2080020184A0146106803E002688A4202D0C0682E
:208500000028F9D1704770B584B00C460546FFF7EFFF60B10026009602A901AA62C28168A8
:208520006846884718B903982060002000E0012004B070BD00F070B806490A6812B90860C4
:2085400004E00A46D1680029FBD1D0600021C16008467047D40800200021304A52F8313000
:20856000834202D112EBC10003E001311229F4D30020704710B504460068FFF7EDFF10B19D
:208580000179122901D3012004E025484900085A6060002010BD00207047026812B94068D4
:2085A000FFF7E8BF0020704700B500200DF045FB01200DF042FB02200DF03FFB00BD70B59F
:2085C000002426461749164D11EB0610FFF7B4FF4FF6FF710443E4B270000136122E415380
:2085E000F0D3290000200DF0E7FA15F10C0101200DF0E2FA15F1180102200DF0DDFA00204F
:208600000DF0B2FB01200DF0AFFB02200DF0ACFBFFF7CAFF204670BDFFF7C6BF74030020BE
:20862000D808002004040020F0B504460E46C5B2284605F023FC07460B2005F06AFD784347
:20864000642190FBF1F7FFB27E43284696FBF1F7FFB205F00FFC3A460146204601F0C7F93A
:20866000F0BD01F0B2B930B50B2008F0E5FF0546002455FA04F0C00716D50B2005F0AAFBDC
:2086800001460129204601D1094A02E0022905D1084A1178FFF7C8FF012002E0FFF7E1FF8A
:2086A00000200A2105F0B8FA0134062CE1DB30BDED810700EE81070050B581B069460231B5
:2086C0000820FFF720FF1B4B694649885888814202D97FF0270411E0A024002013EB800606
:2086E0007688B14207D213EB8006F688B14202D38000C45E02E001301E28EFD3204601B012
:2087000050BD00B5FFF7D8FF0B4AB0F18C011029108005D2D0EB8000D0F10801C9B203E044
:2087200064219B2800DD0021084600BD0249B1F90000704724050020FC0800202C490868EA
:2087400001300860052001F0D2B800B528494868013048600A200BF02CF90A2006F0D7F8F8
:208760000A2005F028FD0A2000F0B8FD0A2009F083FF0A20FFF7DEFE0A2008F0B5FE0A2046
:2087800001F0D0F800BD00B5142004F08AFE142005F091F9142007F004F800BD322002F023
:2087A00042BB00B5642000F02EFE642007F062F8642006F00AFF00BD00B502F069FE09F04B
:2087C000D8FF02F02EFB05F074F903F04FFD00F061FE04F060FF01F0B8F800F0ADFD06F033
:2087E00001FD07F028F903F068F905F04CFB00BD00090020082100F080024006000E802A54
:2088000001D190F031000139F5D1704710B50024E0B2FFF7EFFFC84908550134B4F5807F74
:20882000F6D3002010BDF0B582B00546002000900190A8780E4610F08001284631D11F4655
:2088400000F04DF8688869468870000A4870287901AA04230870687811F0EBF9687811F0F9
:2088600017FA04464FB94FF6FF7069460880FF208870687811F00CFA04436EB301A988789A
:2088800070704878B0700878F070304600F039F8012800D104467078A97888421CD0012479
:2088A0001AE000F01CF80446688869468870000A4870287901AA04230870687811F0B9F999
:2088C000687811F0E5F9044336B101A9887870704878B0700878F070204602B0F0BD30B5B7
:2088E000964D0446287818B9FFF790FF012028709148A178E278415C5140415C00202171D3
:2089000030BD30B58D4D0446287818B9FFF77EFF0120287088486178A278415C5140415C36
:20892000E078401A18BF012030BD0000F0B586B0064601911C46824D10460CF058FA0022F0
:20894000804B0CF0B1FA0746039120460CF04FFA00227C4B0CF0A8FA00227B4B0CF0C1FBF2
:208960003A46039B0CF0BDFB784A794B0CF064FC764A784B0CF0B5FB0CF04FFA840800F053
:208980000307002005AA111F107001980E704E704000043050F080008870CC7000231A468E
:2089A00008461946FFF73FFF0090019804A94000053050F080008870CF7000231A460846C3
:2089C0001946FFF730FF00990143C9B2009101991B2006FB0050012908D30AD002290AD11F
:2089E0001B2006FB0050C471077204E0C470077101E044718771009806B0F0BDF0B584B04B
:208A000006460191642A00D964224D4D10460CF0EEF9514A514B0CF064FB0CF0FEF98408A7
:208A200000F00307002003AA111F107001980E704E7040000A3050F080008870CC70002359
:208A40001A4608461946FFF7EEFE0090019802A940000B3050F080008870CF7000231A465E
:208A600008461946FFF7DFFE00990143C9B2009101991B2006FB0050012908D30AD002295D
:208A80000AD11B2006FB00504473877304E04472877201E0C4720773009804B0F0BDF0B5FC
:208AA00084B005460C461646002003AB0F462C491870043B942006221D705D70987068463E
:208AC0000CF0FFFD1E491B2000FB0515687AA97A6B4651EA80001880E87A297B51EA80001D
:208AE0005880687BA97B51EA800040F2FF31ADF804007F00EA7CF85A884203D01020A040ED
:208B0000024302E01020A0408243012E03D116FA04F0104303E00121A14032EA010002AC4E
:208B200000231A461946E0702046FFF77CFEE178E97404B0F0BDC04628090020280A00206D
:208B40009C05002000408F40000028409A9999999999C93F99997940F6285C8FC2752440AF
:208B600048CA0400F0B582B0AD49064600208DF804001B2006FB00156F463E707E702878DB
:208B8000F8708020B87000231A4619463846FFF74AFE0446E87B072809D0F8709020B87012
:208BA00000231A4619466846FFF73DFE0443287C072809D0F8709120B87000231A461946DE
:208BC0006846FFF730FE0443687C072809D0F8709220B87000231A4619466846FFF723FEA7
:208BE0000443A87C48B1F8709320B87000231A4619466846FFF717FE0443A878F8708320C1
:208C0000B87000231A4619466846FFF70CFE04436878F8708220B87000231A4619466846B3
:208C2000FFF701FE0443687800F0BF006870E87CE4B250B16946C8709420887000231A4680
:208C400008461946FFF7EFFD0443304600231A46194600F0F6F8204602B0F0BD00B582B05C
:208C600000218DF804106A460B4610705070802090700120D07010460A46FFF7D4FD02B0D9
:208C800000BDCB20108000207047000030B583B004460D46002001AA6946107154701470CD
:208CA00003209070FF20D0700C70002048704880002310461A46FFF7B6FD50B9584A1B21AD
:208CC00004FB01216A4692788978891A18BF0121297003B030BDF0B586B0544D002101AA9B
:208CE000074611745073917310731070FF21D1730395002151705180511EFFF7C7FF0400FA
:208D000003D16946C978E81CC1554949C85D012821D143491B2004AA07FB0015012001A94C
:208D20000E46A87516200023907010461A46FFF77AFD0443B078E4B2687564B9039B182170
:208D400007FB01363B4A718B515CAA7D063660F39F0249008A53039A1820911D07FB001694
:208D6000B08A032801D2013009E0F08A01210130F082F08AB1820A2802D30020F082B082EA
:208D80002B48012204A9C2551820887008460C3900231A46FFF747FD214A04431B2107FB09
:208DA000012501A88078E8754007400F1DD0192004AA01A99070FF20D070002310461A4643
:208DC000FFF731FD044301A9887804AA28761A209070FF20D070002310461A46FFF723FDAA
:208DE000044301A88078687602E028766876A876822004A98870687850F00400C870084640
:208E00000C3900231A46FFF70EFDB18A0443094800230122415C384600F013F80CE0C04668
:208E20009C0500200000594000F08F40280A0020290A00204ECA04000443E0B206B0F0BD1C
:208E4000000030B582B0044600208DF804006D466C709520A8702C7001F00F00D90750EAF6
:208E6000D160D10750EA1160E87000231A4619462846FFF7D8FC5B4A1B2104FB0121EA7868
:208E80000A7502B030BD000009B9012005E018225043554A805A0880002070470AB9012063
:208EA00008E018235843504B181810EB4100C08910800020704710B50346002052B1494C77
:208EC000012909D30DD0022904D11B2103FB0141897E0AE0012009E01B2103FB0141097E35
:208EE00003E01B2103FB0141497E117010BD0020087070473D4A105C087000207047F0B5C8
:208F000083B0002401AA8021364E1B25147150709170454310706A46547054801070705D07
:208F2000274641061BD450F0400001A923462246C87008462146FFF776FC044601A869469C
:208F40003B463A468770FFF76EFC044307D169469DF80700897888420CBF70550124204669
:208F600003B0F0BDF0B583B0002401AA80211D4E1B25147150709170454310706A465470DC
:208F800054801070705D274641061BD500F0BF0001A923462246C87008462146FFF743FCC0
:208FA000044601A869463B463A468770FFF73BFC044307D169469DF80700897888420CBFEA
:208FC00070550124204603B0F0BD06488078C0F30210072803D806494000405A00E00020A3
:208FE0007047C0469C0500202E0A00202B0A002058CA04000168994B02464900585CC918AD
:20900000938864224978FFF791BC0168934B024649001279585CC9184978FFF7EFBC0168E8
:209020008E4B024649001279585CC9184978FFF736BD00B50179007811B9FFF793FF01E022
:20904000FFF75DFF002000BD30B581B0054600206A46911C50802878FFF716FF0446012815
:209060000ED0684640880BF0C2FE7D4A7D4B0BF01BFF00227C4B0CF0DDF80BF0D2FEA88090
:20908000204601B030BD30B581B0044600206B46D91CD8702078FFF72AFF05466B46207813
:2090A000D9780A00217918BF012262F300012171D91CFFF71FFF6946C97828430A002179D1
:2090C00018BF022231F002011143217101B030BD30B581B005460020604A6B4658802968A8
:2090E0004900505C89189A1C4978FFF7D7FE044601280ED06846408801300BF07BFE00220A
:209100005A4B0BF0EEFF0022594B0BF0EAFFC5E90101204601B030BD10B581B001684F4A6C
:2091200004466B464900505C891800224978DA70DA1CFFF7C0FE01280FD06946C9780129A5
:209140000CBF02220022022908BF42F00102217962F301012171002200E00246217962F31B
:209160008201217101B010BD10B581B001683B4A04466B464900505C8918002249785A802A
:209180009A1CFFF77EFD0021012801D069464988A18001B010BD00B502460068053805289F
:2091A00019D801A1D1E800F00307130B170F5068FFF78EFF10E05068FFF7AEFF0CE05068FB
:2091C000FFF742FF08E05068FFF75DFF04E05068FFF7CAFF00E0012000BD00B5026800210D
:2091E000012A09D31BD0032A09D30CD0042A0ED00B2A10D0012112E000F013F80EE04068D2
:20920000FFF703FF0AE04068FFF7F4FE06E04068FFF705FF02E04068FFF70BFF0146084635
:2092200000BD40680078FFF79DBC40680078FFF715BD40680078FFF74EBD30B50024254685
:209240000C49242005FB001000F08DF80443E4B20135022DF4D3204630BDC0466ACA040056
:209260005A643BDF4F8DF73F0030704000E050400000503FD4050020424A0146106803E0FE
:2092800042688A4202D0006A0028F9D1704710B50C46FFF7F1FF08B9012002E00089208089
:2092A000002010BD30B584B00C460546FFF7E4FF08B9012010E00095002101AA1180082145
:2092C0000291694603914169101D8847C0B2002804BFBDF80410218004B030BD30B585B090
:2092E00028480024056815E06868E9690090092003906846049003A8884704436868696965
:2093000001900A20039001A80490083088470443E4B22D6A002DE7D1204605B030BD194AF7
:209320000146106805E0038901228A401A4002D1006A0028F7D1704710B583B01148046815
:209340000DE06068E1680090002001906846029001A88847000601D0012002E0246A20008E
:20936000EFD103B010BD07490A6812B9086004E00A46116A0029FBD11062002101620846D0
:209380007047C046600A0020F0B582B00A466427962800DD0027694602311046FFF777FF6E
:2093A000041E27D1694649880120A04008401ED0354E2046375508F069F9019000250199BD
:2093C0000120A84008400FD0284608F035F9002201219140014004D0335DB15C994200D94E
:2093E000B3540132062AF3DB01350C2DE7DB0134062CD7DB02B0F0BD01466420062901DAB7
:209400002148405C704770B581B00A240025694602312846FFF746FF012822D01B496A462D
:2094200011EB05163079528816EB40010130307130790528CA8009D300203071B01D0521CE
:2094400003F09DFE70800120307002E03078012807D1B6F90200A04200DD04462946FFF723
:2094600093FF0135012DD2DD09490020822C0C8000DD012002F015FB01B070BD034911EB75
:209480000010B0F9020070471C060020640A00202206002000B502F04AFAFFF790F8FFF7E3
:2094A000CCFE00BDC5490878704730B585B00446FFF735FF08B901201BE000210A46CDE94E
:2094C000011205210391694604914169009403A88847C0B268B9BA4B2C2104FB0131B94AAA
:2094E000019B029D4B628D6211880123A3401943118005B030BD30B584B00C460546FFF7BA
:209500000EFF08B9012011E0AF4A0095117801AA117006210291694603914169101D884785
:20952000C0B2002804BF9DF80410217004B030BDF0B586B0A549054600220878039202287E
:2095400000F0C28009F0F0FC012800F0BD8008F062F8002800F0B880994F2C2005FB007454
:2095600020689B4E012840F08E80A089642801D26420A081E1698142C0F08D806946033139
:209580002846FFF7B8FF0390002840F0EF806846C078C1070BD514220121A07903F0E4FD83
:2095A000A07100220121E07903F0E3FD0CE0800712D500220121A07903F0DBFDA071142261
:2095C0000121E07903F0D0FDE07100220121607A03F0CFFD607290E06846C078400700F1C2
:2095E0008C8000220121A07903F0C3FDA07100220121E07903F0BDFDE0712846FFF755FFEB
:2096000031890120A84008405ED02846616AA26A0491059208F056F8029000226D4B049852
:2096200005990BF05EFD0BF0F8FB82B202980192904209D914220121607A03F095FD6072AA
:2096400000220121A07A1AE0284608F03BF8019A0A3A904251DA00220121607A03F089FDA6
:209660006072284608F046F80246A07A019B01219A4203D2142203F077FD02E0002203F00F
:2096800078FDA07239E0E089C82801D2C820E081216A814201D2002069E0022D04D1D7F858
:2096A000A01017F1600029B9032D05D1796F17F18C0009B1002101702846FFF7F6FE3189D0
:2096C0000120A840084001D1012050E00022616AA56A04918A4240490595A94105DA142297
:2096E0000121207A03F040FD06E03C4BE91A04DA0121207A03F03DFD2072002001222C2125
:2097000000FB01718B79142B01D21A1E03D1335C62F300033354CB790122142B01D21A1E9B
:2097200003D1335C62F3410333544A7A0125142A01D2151E03D1335C65F3C30333548A7A6C
:209740000125142A01D2151E03D1335C65F304133354097A0122142901D20A1E03D1315C07
:2097600062F38201315401300628C7DB039806B0F0BD1749405C70470020154900220A54DC
:2097800001300628F9D370470D4A2C2303FB002001830020704770B584B00C460849064680
:2097A0002C2006FB0015688AA04201D1002025E03046FFF7B4FD98B901201FE08A0A00203A
:2097C000240600208C0A002076CA040046810700840A0020000024400000144000001040C1
:2097E000009601AA032114800291694603918169101D8847C0B2002808BF6C8204B070BD84
:2098000070B584B00C468D4906462C2006FB0015287DA04201D1002016E03046FFF77FFDC2
:2098200008B9012010E00096642C00D9642401AA022114700291694603918169101D8847C1
:20984000C0B2002808BF2C7504B070BDF0B584B00D462C21794A4143064600205418216804
:20986000A94203D1617D227D914216D001461C20012D00D1202001513046FFF750FD08B965
:2098800001200CE000966F4601A90426E0C1816902A88847C0B200B92560217D617504B0C0
:2098A000F0BD10B502460123834065480088034001D1012007E000202C235A435F4B9A184D
:2098C000536A946A18C110BD00005C492C2202FB0010C08A704759492C2202FB0010008B9E
:2098E000704756492C2202FB0010408B704730B50022524B2C2102FB01318C88E4070CD535
:209900000B680025012B04D1CC690D622418CC6103E00C6ACD6124180C620132062AE8DB4A
:20992000002030BD10B5002444492C2004FB00108088C10704D5800702D52046FFF7F8FDF1
:209940000134062CF0DB002010BD70B500253D4C284607F071FE28B1284607F06DFEA1787F
:209960000143A17001350B2DF1DDA07800F03F00A0700025A1780120A84001402F4819D017
:209980002C2105FB010640F2826070826420307500203060B08850F00300B080284609F082
:2099A000C9FAF082284607F0BDFE70836420B081F08106E02C2105FB0101888830F00300D1
:2099C00088800135062DD5DB70BD10B504460021FFF7E1FE20460021FFF712FF204600211F
:2099E000FFF734FF2046002104F019FC10BD30B515460446FFF7CFFE29462046FFF700FFCA
:209A000020460121FFF722FF204604F004FC022803D02046012104F002FC30BD07492C224B
:209A200002FB0010002141728172C180704703492C2202FB001000214172704724060020DE
:209A40008C0A0020880A002010B540480A7803799A420AD1002205E004690B69A45C9C54C4
:209A60000132D2B20B7B9A42F6D3002010BD70B50E461546012009F0A8FA344C3079217EBF
:209A800088420CD1294600F023F800207179884216D2616A2A5C0A540130C0B2F6E794F82E
:209AA0002C1088420CD1294600F012F8002004E0A16B2A5C0A540130C0B271798842F7D345
:209AC000002070BD00207047214A08781070704730B504460D4609F075FA01280AD1032C23
:209AE00005D0C42C06D1284609F07AFA02E0284609F06EFA30BD30B509F064FA01281CD1FF
:209B0000144C2178081820706078013060706078114D0A2807D9286850F0080028600121F9
:209B2000032001F0D5FF20780A2806D92868012108432860002001F0CBFF30BD05494A1C93
:209B400000B90A46002010707047C046B4070020A60A00208E0A0020182C00200E490B79FD
:209B60004A884979C2EA034252EA01610160704710B582B0094C0722094968460BF0A1FD9C
:209B80006946204607220BF09CFD6946E01D07220BF097FD02B010BD900A0020980A002094
:209BA00077CA040070B50446C5B2284604F066F90646052004F0ADFA7043642190FBF1F603
:209BC000F6B2284604F056F9324601462046FFF70EFF70BDFFF7F9BE30B5052007F02CFD00
:209BE0000546002455FA04F0C00724D5052004F0F1F80128204611D1FFF7D4FF2046FFF75B
:209C0000B8FD052188B1022004F006F8012004F05FF82046022104F002FB0CE0FFF7DAFF7B
:209C20000521002003F0F8FF05E0012003F0F4FF002004F04DF80134062CD3DB30BD0000AD
:209C400070B500204C4A1C21002300FB01211C461E460C31DA43154678C101300C28F1D3CF
:209C600046489FED470ADFED470A194680ED010AC0ED020A80ED030A184610F04BFC70BD80
:209C800010B504460021084610F0CEFB0A21B0FBF1F01C21384A6143885010BD10B50446AF
:209CA0000021084610F0C0FB0A21B0FBF1F11C20314A604313581218994201D83248091884
:209CC000D0685160C91A9160884200D2D1605069884200D951611369002B0EBF0B465818B7
:209CE0004308136193695B18936110BD10B500210A4621481C2302FB03039B69C91801327C
:209D0000042AF6D900221C2302FB0303002401320C2A9C61F7D300EE101ADFED1C0AB8EEDE
:209D2000400A80EE200A15489FED192A90ED011A20EE020AB4EE401AF1EE10FA80ED000A07
:209D400001DA80ED010AD0ED021AF4EE401AF1EE10FA01D980ED020AD0ED030AF5EE400A68
:209D6000F1EE10FA05D030EE800AB6EE002A20EE020A80ED030A10BDA80A0020F80B002059
:209D80000000000000007A449A999919005043480000C84210B504460020012B00D01046BA
:209DA000002204E0A35C58400E4B0132185C8A42F8D310BD30B54FF6FF74012B00D01446AF
:209DC00000230AE0C55C95EA1422074D1206D20D525B92EA0424A4B201338B42F2D3204682
:209DE00030BDC0467ECA04007ECB040010B5C24C012000F083F8012000F096F800F0E5F90B
:209E0000BE48A06014F13C00E06100F05CF800F070F800F007FA09F07DF810BDB649486942
:209E2000704700B500F0F0F900F051F900BD30B5B14C2568034600207DB9CC2B01D0FF2BE6
:209E40000BD1B1F5006F06D801252560A38021610834146002E0032000E0012030BD00B58B
:209E6000A54A1368012B0AD129B99188884202D100F0DDF803E000F03CF800F024F800BD44
:209E800010B59D4B5C6902460020022C08D11C8BA24205D113F11C020A600121596104E034
:209EA00000F027F800F00FF8012010BD41B992490A8B904204D191F82D0008B9486101E09C
:209EC00000F001B8704700B58B480021816241614FF48071818500F03DF900F028F9884AB1
:209EE0001078012802D100F013F901E000F085F800BD81490020086000F090B8804908700C
:209F000070477F490878704770B502460020034607E07B4ED55C3478AC4200D101205B1CD1
:209F2000DBB28B42F5D370BD754908717047744908797047734A52F82010002914BF00209C
:209F40000120704770B502460020034607E06C4ED55C3479AC4200D101205B1CDBB28B4223
:209F6000F5D370BD674A12EB80000522B1FBF2F1016070470521624A90FBF1F0508070472B
:209F800000B561490120487300F00AF9FFF7B1FF00BD10B5584C7828E26902D0012384F86A
:209FA0002D307F211170A1680978907051700320606200F0F5F894F82D00012801D1FFF76C
:209FC00098FF10BD10B5041E15D1CC290BD0FF290DD1112A0BD0122A09D0312A07D07E2A75
:209FE00005D07F2A03D01046FFF7D3FF03E0FFF780FFFFF768FF204610BD414A11783E4870
:20A00000012902D04FF47A71C185704700000521394A90FBF1F01086704700000020374917
:20A02000FF220A54401CB0F5006FF8D3704710B5314C022020603220FFF7E9FF00F07CF837
:20A0400000F066F80120A08510BDF0B52F4D0020294CA1682A7809788A420ED1A088CC28F6
:20A0600002D16878C00704E0FF280AD1687810F0020006D02F46A56205E01835401C08288E
:20A08000E6D3A76AEFB13869D8B1B9787868FFF73BFF0646397AF868FFF754FF0EB97F22DB
:20A0A00010E008B933220DE028782E2802D108F03BFF30B1A26A14F1140120001269904739
:20A0C00004E011220020A188FFF77CFFF0BD0A48416910F1140271B9117E012903D1002018
:20A0E0001076FFF7B2BF517E29B953695B6913B10100002018477047080C0020D40D002012
:20A10000D4150020DC150020280C002054CE040036490020C885704735490888401E05D3C4
:20A120000880000402D10120FFF7E8BE70472F49FE20C043486370472C48002141634FF4D5
:20A140007A71816370472B480168002901DB491C01607047254900200886704700B5234927
:20A16000088E0022401E1AD30886000402D1486900B90122486B00280CDB896B884209D28F
:20A18000012A0CD17820FFF704FF41F28830FFF73EFF04E01020FFF7FCFEFFF7C8FF00BD8A
:20A1A000124902204861AA2008831C3104F071BC1149086840B1401E086005D10F4801788F
:20A1C000022901D30021017070470D4900204880704700B50B490888401E06D308800004E6
:20A1E00003D108F0E0FE0EF0AEF800BD080C0020360C00203C0C0020DC15002000FF002026
:20A20000D4150020D615002000B572B6FFF7D0FFFFF782FFFFF7A2FFFFF795FFFFF7D9FF22
:20A2200062B600BDD6484FF48071D64A8180002101608171C1601170016141618160017664
:20A240007047F0B582B006460C460123806800930023407801931D461F46010600D500938D
:20A2600000F07F021846C84B0101C95C8A4205D113EB001715460120019002E001300328D3
:20A28000F1D30220316900F0D3FA012854D11222B1880198FFF796FE01284DD1797878688B
:20A2A000FFF732FE7E22B188FFF78CFE012843D10220316900F0B2FA01283DD1397AF86840
:20A2C00000F0C0FA012837D1AE49002738460F70FFF72AFEFFF715FE2846FFF70FFE009957
:20A2E00001291CD1022D22D0012D01D0032D23D1A06850210170B168A06849784170A0687E
:20A300008770A0683221C170A06801210171A068F421417106202061FFF732FE0CE0FFF7A0
:20A32000E8FDFFF7D0FD022D06D1009810B108F065FA01E008F06DFA02B0F0BDF0B582B049
:20A34000044680680E4600270123407801933D46010600D5019700F07F028C480178009299
:20A360008A420BD105461F4641784068FFF7CCFD7E22A188FFF726FE012831D102202169AB
:20A3800000F056FA01282BD112223846A188FFF719FE012824D100F06DFA012820D10220BF
:20A3A000216900F03BFA01281AD1297AE86800F049FA012814D1019801280AD1B06851217F
:20A3C0000170B068009A427002203061FFF7D8FD03E0FFF78EFDFFF776FD0A20FFF7CAFD76
:20A3E00002B0F0BDF0B5A7B007460491002505A822210BF044FA2E460320396900F018FA97
:20A40000012807D13A69D20704D113222846B988FFF7D8FD3A69013A51080391222903D34F
:20A42000D20701D1132062E001286ED128462B4619E0BA6812EB43046278A47814EB02223D
:20A440002C4609B452490C236343C85A0393824209BC1BD1019805AA411842F826100136E8
:20A46000B6B20120013303998B42E2D301284CD12C46B44215D205AA52F8240081784068AE
:20A4800000F0E0F901340128F3D03EE00134222CD7D30128E6D031222846B988FFF792FD21
:20A4A000E4E700F0E7F901282FD12C4623E005AA52F824008268A2B1049F0388BA68AA18F7
:20A4C0001B0A5370BA680388AA1893708268B868694602312818033090476A465288AD189D
:20A4E00098B90235ADB2B5F5C87F03D31420FFF750FD0AE00134B442D9D304998868622265
:20A500000270681C0861FFF73BFD27B0F0BDF0B581680546487889780026344611EB0020D4
:20A5200031461C4A14234B43D75AB84202D19C18012602E001310329F3D30420296900F0F4
:20A5400077F9012830D131223046A988FFF73AFD012829D129696088033000F05FF90128F9
:20A5600022D12179A06800F06DF901281CD100F081F9012818D1E2689AB16188A8680BE0E5
:20A58000F4150020E0150020BCCD0400ECCD040014CF040018CE040003309047222801D03D
:20A5A00010B17220FFF7F5FCF0BDF0B581B086680546DB480F4600247678017800948E423E
:20A5C00002D081788E4202D10446012200920220296900F02DF9012830D11222A98800981D
:20A5E000FFF7F0FC012829D1207900F045F900902078864213D10220296900F00FF90128E6
:20A600001CD10098FFF796FC18B93720FFF7C1FC14E03A462946204600F035F90EE0A078E5
:20A6200086420BD12969E078023000F0F7F8012804D13A462946204600F04FF901B0F0BD92
:20A64000F0B581B00E46816804468878C97800273D4611EB0020394602B4B24B24224A4391
:20A66000995A884202BC02D1D518012702E001310329F1D30420216900F0DAF801283DD1CC
:20A6800031223846A188FFF79DFC012836D12979A868FFF739FC3122A188FFF793FC0128FA
:20A6A0002CD1297B286900F0CDF8012826D1A268297DA869527800F0CFF818B91222A18823
:20A6C000FFF780FC012819D121696888043000F0A5F8012812D1B06871210170A168B06872
:20A6E00049784170A168B06889788170A168B068C978C170EA6931462046904701B0F0BDDD
:20A70000F0B5044680680D46417800260127090600D53746844A4078117800F07F0088425F
:20A7200000D101260220216900F082F801281ED112223046A188FFF745FC012817D10220B6
:20A74000216900F06BF8012811D1012F0BD1A8687E210170A168A8684978417002202861AF
:20A76000FFF70EFC03E0FFF7C4FBFFF7ACFBF0BDF0B58868134641788278002412EB012113
:20A7800022466A4D14265643AF5BB94201D1741902E00132032AF4D3246924B113F11002E2
:20A7A0009968A04702E07220FFF7F3FBF0BDF0B50D46896814468A78C97811EB02220021E5
:20A7C000584B24264E439F5BBA4206D1F1180B6A4BB122462946984705E001310329EFD3F9
:20A7E000A06801210171A06871210170A968A06849784170A968A06889788170A968A06803
:20A80000C978C170FFF7BCFBF0BD00B57820FFF7C0FB41F28830FFF7FAFB00BD10B50124F1
:20A82000814203D000241320FFF7B3FB204610BD10B50124814203D200241320FFF7A9FBE1
:20A84000204610BD10B5FFF77DFB041E02D13320FFF79FFB204610BD30B5034600200446EF
:20A8600005E01D5DAA4200D101200134E4B28C42F7D330BD01207047294B1A7990420CBFCF
:20A880000020FF207047F0B505460F461646284CFFF74DFB2979814204D1E01C69780BF05D
:20A8A00025F807E00120207028786A6960706978E01C9047B06867210170B968B0684978E1
:20A8C00041706A78B068E11C02300AF0FAFE687802303061FFF754FBF0BDF0B582B00546F5
:20A8E00001911746124C0079FFF7C6FF064660782A7890423FD1207801283CD100202070B1
:20A90000FFF78CFA0028FBD1E21CA8696B78019CE9788446A0680230E047064AE0B90BE0D8
:20A92000FCCD0400ACD00400B7CD040018CE0400E015002000FF002090552879FFF7F4FABA
:20A94000B86867220270A268B8685278427002203861FFF715FB11E0905D01309055905D94
:20A96000022801D2352007E042F210713046FFF7F9FA362000E02420FFF70BFB02B0F0BDB5
:20A9800010B5C84C0120606007F008FB207207F008FB607207F008FB608107F008FB20733D
:20A9A00007F008FB607307F008FBA07307F008FBE07307F008FB207407F008FB607407F01D
:20A9C00008FBA07407F008FBE07407F008FBA082002010BDF0B5B44CA18CB1F57A6F01D2D5
:20A9E0000818A084607F2077002003F096FF05460027261D012854D13846FEF7BAFE00289F
:20AA00004FD194F83400012800D06786012003F015F8322808D9A08C218E884204D9012071
:20AA200002F05DFE01200CE0012003F007F8142809D2A08C618E884205D3384602F04FFE18
:20AA4000384600F0E8F994F82C00E0B903F0CEFF013804280FD801A1D1E800F003050709E7
:20AA60000B00207C08E0607C06E0A07C04E0E07C02E0207D00E0607D6077207F08B101209D
:20AA80002062012023E0E16A0807400F01D0677705E0C8061CD501202062607D607702209B
:20AAA00015E0384602F01BFE02F0FFFF3946052000F0DFFFA08CB0F57A6F05D32762A06893
:20AAC00002F0CEFF00B96077384684F82C70A062217F607F81422CD011B908B1A78428E09B
:20AAE000727C914225D3904223D381428CBF081A401A6E4920702078F27CB37C4143D21A5F
:20AB0000102891FBF2F292B2A18C06D94FF47A733846994205D9C81A03E06448814200D8CA
:20AB20000846608691422CBF891A3946A1846431218684F83450216AA06802F09FFFC82194
:20AB40000120627F07F0DCFD3846F0BD10B502F06DFF574BC91A26DB02F068FF554B002234
:20AB600082428B411FDB00F059F901281BD14D4C208CA18A884216D2606802F05FFF6389CE
:20AB800014F131029842117803D9022907D2013101E0013907D311701178022903D3A06AFE
:20ABA00050F00400A062002010BD30B5002402F03DFF3F4BC91A1DDB02F038FF3D4B84424F
:20ABC0008B4117DB374D686802F065FF15F12801012806D30AD003280DD8086850F0020040
:20ABE00002E0086830F00300086004E0086850F00100F9E70124204630BD2F49CA680020C1
:20AC000012B1097C01B101207047F0B587B0002602F00CFF264BC91AC0F2FA8002F006FFEC
:20AC2000244B86428B41C0F2F3801E4C606802F017FF374614F13805012840F0E38060686F
:20AC400002F029FF002840F0DD8094F828000007000F40F0D780009069460720FDF753FC2B
:20AC600006006AD100980AF0C2F83246134B0AF038FA3246124B0AF017F901900291207EA4
:20AC80000AF0B5F80590069102F0D0FE0D4A0E4B0AF0D2FA059A069B0AF023FA32460B4B86
:20ACA00016E0C046201600201C160020A00F000000002240000030403816002000001440AD
:20ACC00000FEAF4052B81E85EB51D8BF000059400AF0EAF8039004913246584B019802991B
:20ACE0000AF0FFF93246564B0AF0DEF8554A564B0AF0A2FA0590069102000B000398049932
:20AD00000AF0F9FB0598069904DB02460B460398049901E0039A049B0AF08CFA2A780B46C9
:20AD20004FF080418642994104DA501C0A2A04D2287002E0501E002AFAD1217E41B1607ED1
:20AD400030B1814204D084F839700120606302E0606B01281ED1208CA18A88420CD2606866
:20AD600002F06CFE052815D994F83900FF2811D2013084F839000DE0344A94F839101078DF
:20AD800019B9411C022804D201E0411E08B12F48017067632A780A2A03D22C49087802280F
:20ADA00015D30121052000F081FEA06A297850F00800A06201200A2904D2244A11780220BD
:20ADC000022901D384F83B0084F83A7020E01AB994F83B10012904D048B994F83B100229EC
:20ADE00005D13946052000F061FE678710E0104303D094F83A0001280AD13946052000F028
:20AE000055FEE1E7606A18B91049287001200870304607B0F0BD0E49087070470C490878BD
:20AE20007047FFF7ADBD00B5FFF7D4FDFFF78EFEFFF7BBFEFFF7E9FE00BDC04600804C40A2
:20AE4000000024409A9999999999A93F2C0700205C160020F0B505460C46164601201F2923
:20AE600000210DD222460AF045FD0746621C012000210AF03FFD07432868B843286010E09E
:20AE8000B4F11F020AF036FD0746B4F11E02012000210AF02FFD3843C043C10768680840E7
:20AEA00068603B48012E05D11F2C07D31F3CA640466008E0022E04D11F2CF7D2A6400660E9
:20AEC00001E00021296029684268114329606968006801436960F0BD30B52E4C14F1100068
:20AEE000FEF73CFE2169E26892EA010007D010EA010310400D46211D29C10120207030BD94
:20AF000070B5244C2078012825D1A06814F1140570B10026A1680120B040084005D07100D0
:20AF2000C9B228460122FFF795FF0136202EF1D3606870B1002661680120B040084005D02C
:20AF40007100C9B228460222FFF784FF0136202EF1D30020207070BD0F49B0F120031F2B6E
:20AF600004D20A681F3832FA00F002E0496831FA00F000F003007047074800210A4606C038
:20AF8000704700B5FFF7A8FFFFF7BAFF00BDC04660160020681600207C1600200146642085
:20AFA000062901DA8548405C7047844800787047F0B58BB000990290824851F00F01CAB2CA
:20AFC00000920178022902D102F0FC0000900024642109A803AA015512EB84000022026088
:20AFE0000134062CF4DB784D06F015FB0190FDF788FB764A1070764A11784FF4FA7381424C
:20B000000AD31BD90020AA69A88302981218AA619A4213DB01390EE0AA8B02981218AA831A
:20B02000AA8B9A420AD3AA69AB83121AAA61824204DC002301316648AB61017000240099C9
:20B0400011F0020F0AD0204604F087FA061E07D015F10C076100C85B58B109E06426F7E737
:20B0600015F10C076100CA5B002AF1D15948C8530026029902F0CDF8610009AAC853175D6E
:20B08000BE4205D237461655022203AB43F8242000996426C90703D52046FEF7ADF9064688
:20B0A00034B9372E00D237266100485B48B107E0002EF9D161004A5B002AF5D14548485315
:20B0C0000026029902F0A5F86100BE42485306D2374609A8012203AB065543F824203C48EF
:20B0E0000178B94209D20F4609A803230155183840F8243014B3372922D9019BBB4205D211
:20B1000009A80422035503AB43F824200134062C95DB0024304E09A8A200294B274F015DBF
:20B12000183831558058D0503A5D8A4221D9511A49B20A2908DD12F1F60119E03729DCD265
:20B1400009A800210155E1E7052901DD511F0FE00021A977032002F0D2FD012807D1E97F06
:20B160000131E977E97F322903D90020E877315D39553A5D315D8A421AD2891A49B20A2955
:20B1800001DD0A3213E0052901DD05320FE00021E977032002F0B3FD012807D1A97F0131CF
:20B1A000A977A97F322903D90020A877325D3A550134062CAEDB0BB0F0BDC0462D07002001
:20B1C00084160020468107009C160020340700203307002088130000350700200020704792
:20B1E000002070470020704770B582B00546C6B200200146CDE90001304602F03FFE6B4A0F
:20B20000290154185054304602F034FE608069462846FEF746FB0022654BDDE9000109F095
:20B2200060FF09F0FAFDA080FDF7CFFEE080284606F02CFA002101228A40024003D05D4B29
:20B2400053F82120A26001310C29F4D3284604F0EBFB3730207302B070BD30B50C4605468F
:20B26000FFF7C2FF514911EB051210782070508800096070508891880007090B51EA1060EA
:20B28000A07090880009E07051680807090F51EA10602071D08800096071D0889168000787
:20B2A000C1F3036151EA1060A0719068000CE0719068000A207290686072107BA07230BD7D
:20B2C00030B504460020FEF7D9F805460120FEF7D5F8401910EBD07040083730207030BD6B
:20B2E00010B50446FDF722FA3730207010BD10B5044607F04BF8207003F09BFF607010BD68
:20B3000030B504460020FEF7B9F805460120FEF7B5F8401910EBD07040083730207030BD6A
:20B3200030B5044605210AF0E1FA0E20FFF714FE05460E20FFF710FE55EA80050E20FFF748
:20B340000BFE55EA00150E20FFF706FE55EA801060711020FFF700FE05461020FFF7FCFD3A
:20B3600055EA80051020FFF7F7FD55EA00151020FFF7F2FD55EA8010A0711220FFF7ECFD95
:20B3800005461220FFF7E8FD55EA80051220FFF7E3FD55EA00151220FFF7DEFD55EA801063
:20B3A000E0710020E072607330BDC046BC160020000024403C0700203B4801784A0706D523
:20B3C00031F004010170242000210AF09DBE7047354801784A0706D451F004010170242049
:20B3E00001210AF091BE70472F480178CA0706D40122114301702B2011460AF085BE704712
:20B4000029480178CA0706D501F0FE0101702B2000210AF079BE7047234801788A0706D492
:20B4200051F002010170282001210AF06DBE70471D4801788A0706D531F0020101702820EA
:20B4400000210AF061BE704717480278110706D452F008010170222001210AF055BE70474C
:20B46000114801780A0706D531F008010170222000210AF049BE70470B480178CA0606D5E1
:20B4800031F010010170872000210AF03DBE704700B5FFF79DFFFFF7CBFFFFF7B1FFFFF7F2
:20B4A000DFFFFFF7E9FF00BD1C17002010B5044606F004F900070BD5A01E012808D8FFF71A
:20B4C0009FFFFFF7B5FF0220FEF77FFA032009E0022C02D1FFF794FF03E0032C01D1FFF724
:20B4E000A7FF2046FEF771FA10BD70B50446694D022809D1032002F08EFE10B1FFF780FF13
:20B500000AE0FFF771FF11E003280FD1022002F082FE48B1FFF78CFF2878D0B901202870EF
:20B520002046FEF752FA14E0FFF776FF00202870E6B2304602F09EFC0546304602F09EFC66
:20B540006421484390FBF1F2D2B229462046FEF74EFA70BDF0B581B002F029FC012807D0BD
:20B5600002F02AFC012803D002F02BFC012804D10221002002F050FB88E0022006F05CF84C
:20B580000646042006F058F8002456FA04F0C00778D5414D022002F01DFC01282DD1E87837
:20B5A000A0420FD02879A0420CD00120A870204602F031FE18B968702046FEF72FFA204618
:20B5C000FFF793FF204604F050FA0090204604F078FA07462046FEF7CCF8C8BBE878A042B2
:20B5E00036D02879A04233D0009A3A43022022B3014602F011FB012027E00020E870287133
:20B60000032006F019F80746032002F0E3FB2741FF0700D038B9A878012804D10020A8703B
:20B620002046FFF743FF0221002002F0F5FA00206870022102F0F0FA24E002F060FBF8B94F
:20B640000221012002F0E8FA002002F02FFB17E06878012814D10221084602F0DDFA012056
:20B6600002F024FB2046022102F0D9FD2046FFF71DFFE87808B9EC7002E0A04200D02C7142
:20B68000012068700134062CFFF67FAF002001B0F0BDC046221700202217002000210128A7
:20B6A00000D1014620200AF02FBD0021012800D1014648200AF028BD10B59E49062202FBD2
:20B6C0000014A078FFF7F1FF2079FFF7E7FF10BD994A5178012383400020194000D010002A
:20B6E000704730B505460C46012802D307D1872000E02220003918BF01210AF005FD0CB187
:20B70000012C03D18D4814226A431450002030BD00B50020FFF7D0FF00210846FFF7E1FF20
:20B7200000210120FFF7DDFF002000BDF0B582B0834F466800680096022802D0032813D0B9
:20B7400089E034682046FFF7C3FF98B1142004FB0072936A581C0DD07A487B495843009ACF
:20B76000B0FBF1F0908076E0009C24682046FFF7AFFF08B901206FE017F12003142004FB16
:20B780000032D06811690193814264D06F4D936831791061581C4CD101F0F800307100222B
:20B7A00045E001F0FE0192883171934207D9285D012262F34201317150F008004AE031F08E
:20B7C00002013171295D01F0FC0129555CB95D485D495843B0FBF1F048B9042130792955FE
:20B7E0000843307137E0E0B206F092FB40B9307930F00400307100980068002129542AE022
:20B80000009C206806F08FFB2468019B142104FB01314C4A896851434B4AE4B2B1FBF2F220
:20B820009042317911D90422114331713C702A5511E040F6CC408342B3D901F0F8000122CB
:20B8400010433071285D104304E031F0040131713C7000202855002002B0F0BD3B49085CC0
:20B8600070470268012A04D1406841680068FFF738BF0020704730B5354C0546207D44F8A0
:20B88000201001302075207D05280FD32000052101F08FFC294A142105FB01218860C86862
:20B8A0000130C86000202075012000E0002030BD30B581B00068042801D0012035E0254D49
:20B8C0002868254C012802D0022817D02CE0616814201A4A48438058012807D111B10220A6
:20B8E000012901D1FFF7E8FE02201CE009B9012002E0012918D10020606015E060680128B4
:20B9000012D869460620FCF7FEFD68B900996068FFF7B1FF012807D1616811B1002001297C
:20B9200000D1606001202860002001B030BD024801F0C7BE18D10400540700207007002050
:20B940005007002010270000FF0F0000281700202C1700209807002040170020562808D2DB
:20B96000684AC11000F0070001238340505C184001D1002000E001207047562801D3012045
:20B9800009E0604A00F0070101238B40C110505C1843505400207047562801D3012009E07E
:20B9A000584B00F0070101228A40C110585C90435854002070470020524900220A540130B8
:20B9C0000B28F9D3704703460020052B0EDA012904D306D15B001A33D8B202E058001B30A1
:20B9E000C0B20AB1FFF7C9BFFFF7D6BF704760B50026354668001B30C0B2FFF7AFFF20B10A
:20BA000069000120884080B2064368001A30C0B2FFF7A4FF28B16800411C0120884080B2E3
:20BA200006430135042DE5DD304660BD022806DC2430C0B209B1FFF7A0BFFFF7ADBF704707
:20BA400060B50026354615F12400C0B2FFF786FF18B10120A840C0B206430135032DF2D361
:20BA6000304660BD0930C0B209B1FFF786BFFFF793BF254A105C09B1FFF77FBFFFF78CBF41
:20BA800060B5002635462048405DFFF767FF18B10120A84080B2064301350C2DF3D3304697
:20BAA00060BD10B14520FFF768BF7047174A105C09B1FFF762BFFFF76FBF00B5FDF7F2FC16
:20BAC0000021801100D001210620FFF7EFFF00BD4B30C0B209B1FFF750BFFFF75DBF60B528
:20BAE0000026354615F14B00C0B2FFF737FF10B10120A840064301350B2DF3D3304660BDDC
:20BB0000FFF759BF4917002030D1040068D1040070B5154600240E1E00D00AB913244AE091
:20BB2000052801D9172446E0D37903B3022B03D304D0042B09D32ED01A243CE003283AD02C
:20BB4000052838D00320D07135E000F053F8A879B178884202D86879717824E0707A01282D
:20BB600012D031462846042200F087F810E000F041F8A8793179884203D86879F1788842CC
:20BB800019D2707A012803D13146284600F05FF80420E8710FE000F02DF8A879B179884211
:20BBA00009D868797179884205D331462846224600F063F8EC71204670BD30B50246002062
:20BBC00002B109B9132014E0D3790BB90B7803E0032B0CBFCB790B7A014604E014680425C1
:20BBE00065540131C9B29942F8D3908090710221D17130BD10B5136814791855D07908B992
:20BC0000087803E003280CBFC879087A0023194605E01468645C04B901330131C9B2814204
:20BC2000F7D353710023194606E01468645C032C00D101330131C9B28142F6D311799371D7
:20BC400000230138814200D04B1C137110BD10B5C2790AB90A7803E0032A0CBFCA790A7A56
:20BC6000002104E0036804245C540131C9B29142F8D300218171818010BD10B5C3790BB98B
:20BC80000B7803E0032B0CBFCB790B7A0AB9097802E0042A0CD1097A8B4209D2002104E01B
:20BCA0000268042454540131C9B25A1E9142F7D310BD00000000F0B582B00C4600270097D4
:20BCC000051E01D001B10AB9132750E049780E2001310E2900D808466070E07801283DD1B4
:20BCE000288800F00701C008105C01B1000900F00F060F2E01D3172739E06888C008115C1B
:20BD0000A868019103280AD1E98801F00700C9080028505C00D0000900F00F01009131468C
:20BD2000284600F042F8019B83421ED1A868032805D1A8880099C0F30320814215D1A078AA
:20BD4000012805D1A770A87B2670607004200DE032462146284600F083F808E0607B0E2882
:20BD600001D201306073012000E00220A060384602B0F0BD011E01D1132007E00020088039
:20BD800001228A70CA7008718A608881704728B9012A05D1072901D8534804E0032003E0B9
:20BDA0000729FBD85148405C704770B581B00446154600206E46F070A288130A7370B27019
:20BDC000A268012A0FD319D0032A19D322D16846023000231A460121FDF7DCFF024668460D
:20BDE0000330002313E06846023000231A460121FDF7D0FF024668460130F2E7C80702D40D
:20BE00006846023001E06846013000231A460121FDF7C0FF6188082907D3A268042A08D026
:20BE20000246C9082846002307E011B9A268042A05D1C908284600231A46FDF7ABFF618850
:20BE4000CB08A189C9084A1E934207D20246C81A411E581901300023FDF79CFF01B070BD43
:20BE600030B50B789A422EBFD41A02F10F04E41AE4B234B9487B0E2801D20130487305233C
:20BE80002FE00023012C24D30BD8847B0A700B714A7B4C70C47BA24214D84B730B7B03B3EA
:20BEA0000EE04D78AC4214D8857B0A70621E0A714A7B4D70C47BA24204D84B730B7B33B1D7
:20BEC000581E01E04B73007C0873032309E0062307E04B73037C0B7313B1807B0A7048708B
:20BEE00007238B6030BDC0468FD1040097D10400222000210AF008B9222001210AF004B931
:20BF000030B5B14C06F0BEFF01280AD106F00EFC642201206188FDF76AFD012506F0B2FFD0
:20BF200019E00025284602F0F8FC01280BD106F0F7FB284601F0A2FF024628462188FDF74F
:20BF400056FD012507E006F0F1FB0120FDF73DFD2846FDF73AFD042002F0DFFC03280AD1C0
:20BF6000FFF75AFAFFF74CFA032001F087FF02460320E1880EE0032002F0CFFC01280DD1F8
:20BF8000FFF732FAFFF754FA022001F077FF02460220A188FDF72BFD012509E0FFF730FAD4
:20BFA000FFF746FA0220FDF710FD0320FDF70DFD032002F0B2FC012804D0022002F0ADFC8A
:20BFC000012809D1052001F059FF024605206189FDF70DFD012502E00520FDF7F6FC012067
:20BFE00002F09BFC01460420012907D101F046FF024604202189FDF7FAFC03E0FDF7E5FC5D
:20C00000012D04D1FFF720FAFFF7D6F903E0FFF727FAFFF7DDF930BD30B50024204602F034
:20C020007CFC01283DD1204601F028FF04460020FDF757FC05460020FEF7B0FF34BB06F02E
:20C040006FFB04E006F072FB0120FDF7BEFC2046FDF7BBFC042002F060FC01283ED1FFF7AF
:20C06000DBF9FFF7CDF9032001F008FF04460320FDF737FC05460320FEF790FF684364215F
:20C08000224690FBF1F5A9B2032042E06843642190FBF1F5ADB206F049FB224629460020F6
:20C0A00018E0012002F039FC0128CBD106F038FB012001F0E3FE04460120FDF712FC0546A7
:20C0C0000120FEF76BFF68436421224690FBF1F5A9B20120FDF78BFC0124BBE7032002F004
:20C0E0001CFC012819D1FFF77FF9FFF7A1F9022001F0C4FE04460220FDF7F3FB0546022087
:20C10000FEF74CFF68436421224690FBF1F5A9B20220FDF76CFC012409E0FFF771F9FFF799
:20C1200087F90220FDF751FC0320FDF74EFC032002F0F3FB012804D0022002F0EEFB012895
:20C1400015D1052001F09AFE04460520FDF7C9FB05460520FEF722FF68436421224690FB7B
:20C16000F1F5A9B20520FDF742FC012402E00520FDF72BFC082002F0D0FB01460420012966
:20C1800013D101F07BFE04460420FDF7AAFB05460420FEF703FF68436421224690FBF1F5DB
:20C1A000A9B20420FDF723FC03E0FDF70EFC012C04D1FFF749F9FFF7FFF803E0FFF750F9C3
:20C1C000FFF706F930BDC0469C07002000B50C4A012010608F20002109F096FF90200121E8
:20C1E00009F092FF00BD0000064900200880704700B510F028FB622009F082FF00BDC046B3
:20C20000581700205C17002010B51B4C06F013F8208006F013F8608006F029F8207106F0B0
:20C2200010F8607106F010F8E08006F010F8208106F010F8A07206F010F8A08106F010F8FB
:20C2400064214843E08106F00FF84FF47A714843208206F00FF8A07406F010F8606106F04F
:20C2600011F8A06110BD000000000000FFF7CCBF000000207047C0466417002070B504467F
:20C280000120220005D1152004232146FEF7A6FF2046CE4D29680239012906D81520062375
:20C2A00000221146FEF79CFF28E0012826D120466860002108E00C2201FB02520126234608
:20C2C000443258C2013189B2028800249142F2D3AC822C61EC60AC602C83EC610220286260
:20C2E00015F12400042109F0CAFA85F83A402C872C64EC63142068630320286070BD70471B
:20C30000F0B581B00D4617461E46B04C0123009300F073F9216829B9152001230222FEF747
:20C320005DFF37E027B91520042302223946F6E74FF6FF72904203D1152002231A4611E0C7
:20C3400062685268062300FB03225288954202D31520032305E016B17319934204DD15200C
:20C36000052302220021DAE702290DD003290BD02083E562266367620120E061022020623E
:20C3800020600022009205E01520062302220021FEF726FF009801B0F0BD70B50E468B4D80
:20C3A000012400F02AF9296829B9152023460322FEF714FF20E026B9152004230322314630
:20C3C000F6E74FF6FF72904204D11520022303220021EDE7022909D0032907D02883AE62ED
:20C3E0000220E86128622860002405E01520062303220021FEF7F4FE204670BD734908686D
:20C4000028B91520012304220021FEF7E7BE70476E490868704710B56C48016831B901247B
:20C42000152023460622FEF7D9FE00E0046A204610BD70B5654D002400F0DFF8064628684B
:20C4400030B91520012307222146FEF7C7FE01244FF6FF70864206D1152002230722002134
:20C46000FEF7BCFE012428680238012807D81520062307220021FEF7B3FE012406E02CB9D8
:20C480002E830320E861022028622860204670BD70B54E4D002400F0B0F80646286830B977
:20C4A0000922152001232146FEF798FE01244FF6FF70864206D068684068062106FB0100EE
:20C4C000007930B90922152002230021FEF786FE012428680238012807D80922152006235B
:20C4E0000021FEF77DFE012406E02CB92E830420E861022028622860204670BD10B5334C92
:20C50000206888B3206A02282ED1E06904280ADD0AF0FEFA022827D010B900F028F823E05A
:20C5200000F03BF820E0042813D801A1D1E800F00306090C0F0000F08FF80AE000F0D7F829
:20C5400007E000F0F5F804E000F010F901E000F033F9206A022807D020B12068032801D15C
:20C56000002000E00120206010BD7047704710B5164CE069142803D10020206201200AE0B2
:20C5800000F072F820620028F8D0022804D020680328F3D10020206010BD10B50B4C206A47
:20C5A000032829D0E069052826D308281CD307D00A2819D313D00D2802D30CD014281BD8DC
:20C5C0000AF0A6FA20622068033801E09017002018BF01200FE0002000F01DFC02E00020C2
:20C5E00000F0D6FA206207E0E0686030A0600AF08FFA20620120206010BDF0B5D14B1D6881
:20C60000014628880022441E4FF6FF70A24210DCA31A13EBD37312EB630306265E436F6813
:20C62000F65B8E4202D303D95C1EEFE75A1CEDE798B2F0BD30B5C44D687BC4490224202249
:20C6400051F8300015F16C010AF065FA00B101240A206861204630BD10B5BB4C00206073BA
:20C66000FFF7E8FFA06110BD00B5B94A5168481F0E283AD801A1D1E800F0C046090C0F1268
:20C6800015181C1F2226292C2F32350000F034FA2CE000F05AFA29E000F06FFA26E000F039
:20C6A00096F823E000F09EF820E0012000F070FA1CE000F0CBFA19E000F090FB16E00120AC
:20C6C00000F0A9FB12E000F0FCF80FE000F018F90CE000F0CBF909E000F0F9F906E000F0BF
:20C6E000DEF903E000F05CF900E0012000BD10B5974C208814F12C020C2141430819406B7D
:20C7000048B95358A269E1686069C0180AF003FA48B9022008E0012801D1052004E0022848
:20C7200001D1042000E00120A0601420606010BD10B5844C2068A18A4068062201FB02002B
:20C740000079012809D10C2202FB0141896C022901D100F0D1F9E06107E000F05EF8E06195
:20C76000A0690E2801D00520A06110BDF0B5784C208814F12C060C2101FB0040406B012831
:20C7800002D11420002114E014F15C075521384600F00AFB2088012510220C2303FB00609F
:20C7A0004068394610300AF093F900B9022529460820A1606060F0BD10B5654C00F02DF81C
:20C7C000A06060680E2801D00920606010BD604801880C2202FB010101224A6314214160D0
:20C7E0000020704730B55748838A32C84968062203FB021149880C38621A426015F1300183
:20C800000C2404FB0303816002254033B1F1200434C314218161002030BD70B581B0494D9B
:20C8200019CD29894068062202FB010041880C3D1A46141B11F16003A34203D900F015F8CE
:20C8400004460FE015F170060096521A0379008800F039FB022410223146A8680AF038F9EF
:20C8600000B10124204601B070BD37484269C2620022028610F12C01007B013088718879D2
:20C88000022801D110468A71304BC0001A58C01840681018C86020328A6000F000B830B505
:20C8A0002B4D2A4A95F82210C90050588918012449680AF0F3F800B902240E2068602046C5
:20C8C00030BDF0B5204C14F11005A81D007F1F49C00015F15C070E5840184268A0683B467A
:20C8E0003146013000F0CEF901241022394630460AF0EEF800B902240F2068602046F0BDC4
:20C90000F0B582B00F4C00252B46A08E0FE00C2300FB03434E689D6C062300FB03631B79E5
:20C920004DB1012B01D1022D05D0013080B221680A889042EBD3A08690420BD100F07CF8B1
:20C9400007462AE09417002098170020A8D10400A81700204F6806214843E26BC119498829
:20C96000521A019214F170060096385A00F0ABFA022710223146A06B0AF0AAF800B101272E
:20C980000DB9102003E0A08E0130A0860F20A061A06B01993030A063E163384602B0F0BDE0
:20C9A000F0B583B0DF4890F83660DF4B10F11404F1005A58C918496853182032002121E003
:20C9C00001B46D68062701FB07573D7903950C2501FB0505A86C40350028019001BC09D0E9
:20C9E00001B40198022801BC0AD101B40398012801BC05D17F88DB1B3032B2F1200788C5A5
:20CA0000013189B205682F88B942D9D3C16806744D1C1946043026C0E0696060022803D152
:20CA2000FFF786FEA06805E0042802D1FFF7C4FEF8E7012003B0F0BDF0B5BC4D95F82260BB
:20CA4000B94915F15C07384651F83660AA2100F0ABF901241022394616F110000AF038F898
:20CA600000B90224132068602046F0BD30B5AD4D2968A88E4968062200FB02114A88022444
:20CA800015F170010C23584315F14003C0580AF042F800B101241120A861204630BD70B538
:20CAA000A24D15F15C06AA21304600F07DF9686A02241022314620380AF00AF800B10124AD
:20CAC000288C013028840F206860204670BD30B5944D2868A98E4068062202FB01000124BB
:20CAE00015F170014288E86B09F0F2FF00B902241220A861204630BDF0B58A4A8B4D116881
:20CB00002B884968062203FB02114A880979884871B9884E3468A41A71683460303171605B
:20CB20000C2603FB06060227B760B1F1200790C601240C2673432969185809F0C9FF00B9D1
:20CB40000224062068602046F0BD70B5774D15F15C06AA21304600F027F928880124102205
:20CB60000C2303FB00503146006B09F0B1FF00B9022407206860204670BD6C4801880C22E1
:20CB800002FB010100224A63142141601046704730B583B0674C012819D114F16C0302AAE6
:20CBA00001A9684600F0A1F888B95F4A607B019BC1005558AB420AD18918029A49688A4243
:20CBC00005D10099A268914201D9A1602073607B01306073607B022802D100F005F801E016
:20CBE000FFF728FD03B030BD10B55249886810B900F01EF80CE04C4C087BC000235813F115
:20CC00002002001940684A601818086000F001F810BD30B5474D0224302215F16C01686805
:20CC200009F079FF00B101240D206861204630BD10B53D4901240868496809F02FFF00B9F3
:20CC400002243A490B204860204610BDF0B5374D354806C815F15C0633460F46012000F06A
:20CC600011F8AA2116F1100000F09EF8012420223146384609F02CFF00B902240C206860F0
:20CC80002046F0BDF0B581B013F120060C18151900950024E50030FA05F71F550134042C92
:20CCA000F8D304330020C40031FA04F51D5401300428F8D304330020C10032FA01F119542E
:20CCC00001300428F8D304330020009CC100CC401C5401300428F8D3043302E0FF20187014
:20CCE0000133B342FAD301B0F0BDF0B583B002900126019600246D46EC7013F11004002746
:20CD000007603D461846435DEE00B3401F43029B0135042D1F60F6D3043000270F603D464F
:20CD2000435D09E094170020A8D10400A8170020D417002098170020EE00B3401F430F60B7
:20CD40000135042DECD30430002515602E46835DF700BB401D4315600136042EF7D304305D
:20CD600000273A46835CD600B3401F430132042AF8D3029A09681268043089186918B942FE
:20CD80000FD1214600F03BF858B96A460332AA21204600F012F820B96946C978012900D144
:20CDA0000190019803B0F0BD10F1100200E0FF21017001309042FAD370470378994201D0B7
:20CDC000FF2B09D199420CBF01210021117010F11001013000F013B8012070479248934B57
:20CDE0000021017301211A68816012F120014160596889180160142141610020704702469B
:20CE0000002005E01378FF2B01D0012002E001328A42F7D37047F0B586B0854D07460DF10C
:20CE2000070303AA15F170000090911E101F00F085F806462C1D032800D05FB9297CA8688D
:20CE40007A4BC9003030CA18595852685218904232D301E0042803D11420A861002030E008
:20CE6000BDF80800FFF7C9FB4FF6FF71884223D0039ABDF80A7023682146DB1B9A421BD846
:20CE8000646814F160039A4216D301B4062358432B685B68C3185888B84201BC0CD101AFCB
:20CEA0001B79FF78BB4207D10C2303FB0050403014F110034CC00A60A8683030A860FFF7A9
:20CEC000A8FE06B0F0BDF0B581B0069C009014F130060D185519012B06BFED1845F0004503
:20CEE00025F0004500230098DF003841E0540133022BF8D302340023DF0051FA07F0E054B7
:20CF00000133022BF8D302340021CB0032FA03F0605401310429F8D304340021CA0035FA74
:20CF200002F3635401310429F8D3043402E0FF2121700134B442FAD301B0F0BDF0B585B020
:20CF40000D4602A90DC100216A460A9E5180304616F13001FFF753FF08B9042461E0029801
:20CF6000032416F11007002211460280705CCB00984002430298013102290280F6D3023643
:20CF800000210B462980F05CDA00904080B2014329800133022BF6D30398023600221546E7
:20CFA0000260705DEB009840024303980135042D0260F6D3043600231D4602B4715DE800E1
:20CFC00011FA00F003430135042D02BCF5D3029D2D88043649195118DD0FED0701D00125F3
:20CFE000013104985940490005701AD139463046FFF705FFA8B96A460232AA213846FFF7AE
:20D00000DCFE70B96A460332552117F11000FFF7D4FE30B968468178012901D1C47804B155
:20D020000124204605B0F0BD98170020A8D104009417002070B50446C5B2284600F01EFF8B
:20D040000646062001F065F87043642190FBF1F6F6B2284600F00EFF324601462046FCF73B
:20D06000C6FC70BDFCF7B1BC30B5062004F0E4FA0546002455FA04F0C00724D5062000F0FC
:20D08000A9FE0128204611D1FFF7D4FF2046FCF770FB062188B1022000F0BEFD012000F0AD
:20D0A00011FE2046022101F0BAF80CE0FFF7DAFF0621002000F0B0FD05E0012000F0ACFDF7
:20D0C000002000F0FFFD0134062CD3DB30BD70B50446C5B2284600F0D1FE0646082001F0CA
:20D0E00018F87043642190FBF1F6F6B2284600F0C1FE324601462046FCF779FC70BDFCF704
:20D1000064BC30B5082004F097FA0546002455FA04F0C00724D5082000F05CFE01282046EA
:20D1200011D1FFF7D4FF2046FCF723FB082188B1022000F071FD012000F0D0FD2046022184
:20D1400001F06DF80CE0FFF7DAFF0821002000F063FD05E0012000F05FFD002000F0BEFD08
:20D160000134062CD3DB30BD0818904288BF104670478B1883428CBF1046401A704770B528
:20D180000025435F2C461A460AE06600365EAD19B242B8BF3246B342C8BF33460134E4B2A9
:20D1A0008C42F2D3A81AC01A023990FBF1F108B270BD70B50025EA432E462B460AE050F823
:20D1C00023403619A54238BF2546A24288BF22460133DBB28B42F2D3701B801A0239B0FB63
:20D1E000F1F188B270BD00B112B97FF0000006E0002301E0C15401339342FBD3002070474E
:20D2000002464FF6FF70831A8B4201DD881880B27047024600208A4201D9501A80B27047E0
:20D2200070B50446C5B2284600F028FE0646092000F06FFF7043642190FBF1F6F6B22846F1
:20D2400000F018FE324601462046FCF7D0FB70BDFCF7BBBB30B5092004F0EEF905460024F7
:20D2600055FA04F0C0070AD5092000F0B3FD0128204602D1FFF7D4FF01E0FFF7E9FF0134DD
:20D28000062CEDDB30BD000070B50446C5B2284600F0F4FD0646012000F03BFF70436421A3
:20D2A00090FBF1F6F6B2284600F0E4FD324601462046FCF79CFB70BDFCF787BBF0B500F06F
:20D2C00076FD012803D000F077FD012818D10146002000F0A1FC012004F0AEF90646002449
:20D2E00056FA04F0C00707D5204600F094FF012802D12046FFF7E0FF0134062CF0DB5CE0B9
:20D30000012004F099F90646002456FA04F0C00750D52A4D012000F05DFD01281ED128782C
:20D3200048B9204600F077FF10B92046FCF776FB2046FFF7A9FF2046FCF71BFA30BB2046CA
:20D3400002F093FB0746204602F0BBFB384310D00121022000F060FC012014E0002028703A
:20D360002046FFF7A9FF00206870012100F054FC20E0012000F0C3FC022819D001210846FC
:20D3800000F04AFC002000F085FC11E0697801290ED1022000F040FC012000F07BFC2046AF
:20D3A000022100F03CFF2046FFF786FF01202870012068700134062CA7DBF0BD081D0020B1
:20D3C000C84A0146106805E0437801228A401A4002D180690028F7D1704730B584B00C46C7
:20D3E0000546FFF7EDFF08B9012010E00295002103AA118002210091111F0191C1686846EB
:20D400008847C0B2002804BFBDF80C10218004B030BD10B584B00C46029000218DF80C102E
:20D42000FFF7CEFF08B901200CE00321009102A90191C16868468847C0B2002804BF9DF8D1
:20D440000C10217004B010BD30B50C460546FFF7B7FF08B9012004E0A34951F825002060D0
:20D46000002030BD70B584B00E460546FFF7A8FF08B9012013E09C4C54F82510B14201D107
:20D4800000200CE00121009101AA02A962C2016968468847C0B2002808BF44F8256004B096
:20D4A00070BDF0B584B08F4D00262C680DE0616951B120786A46907004200290901C0390DA
:20D4C000063088470643F6B2A469002CEFD100F011F908B90126BCE0291D51F82400002804
:20D4E00000F0B380694603312046FFF792FF002840F0AB802F46012C48D080F0A6806846B8
:20D50000C07881070C370029687B09D50A220121FFF72AFE7870787801210A280BD307E0C1
:20D520000A210022FFF725FE78707878002110B90020FEF79EFA6846C078C107387809D5DA
:20D540000A220121FFF710FE3870387801210A280BD307E00A210022FFF70BFE3870387864
:20D56000002110B90120FEF784FA6846C0784107022301930029B8785AD50A220121FFF77A
:20D58000F3FDB870B87801210A284FE00120FEF765F90C37D4EB8401CF190228787809D1E9
:20D5A0000A220121FFF7E0FD7870787801210A280CD307E00A210022FFF7DBFD7870787865
:20D5C000002118B9D4EB8400FEF753FA0120FEF745F901460129387808D10A22FFF7C4FDA3
:20D5E0003870387801210A280DD307E00A210022FFF7BFFD38703878002120B9D4EB840024
:20D600000130FEF736FA0120FEF728F90146D4EB8402931C01930429B8780BD164220121CD
:20D62000FFF7A2FDB870B878012164280DD309E0142100E00A210022FFF79BFDB870B8783E
:20D64000002110B90198FEF714FA0134022CFFF443AF304604B0F0BD244901280AD018D2CB
:20D6600048780A280FD20B780A2B0CD28A780A2A09D20AE008790A2805D2CB780A2B02D270
:20D680004A790A2A01D3012002E01843104300D188718879704730B583B012480024056889
:20D6A0000AE0002069680190684603300290013088470443E4B2AD69002DF2D1204603B08F
:20D6C00030BD08490A6812B9086004E00A4691690029FBD1906100218161084670470449FE
:20D6E000087070470C1D0020101D0020181D00201F1D0020014908787047C0461F1D0020D1
:20D7000010B5D34C0D2003F097FF10F0400012D001206060002004F00CFC2070002004F0AC
:20D720000FFC21786070CA2901D9CA212170412804D2412001E06060207060700E2003F06A
:20D740007BFF10F0800012D00220A060012004F0F0FBA070012004F0F3FBA178E070CA295C
:20D7600001D9CA21A170412804D2412001E0A060A070E070002010BD10B582B0684604F06C
:20D7800062FF040007D12246B24BDDE9000107F0A8FCB14A03C2204602B010BD10B581B0EA
:20D7A000AD4C0020694648802069800707D502310020FFF712FE20B96846408800E0002045
:20D7C00020812069000708D5694602310120FFF704FE20B96846408800E0002060810020F0
:20D7E00001B010BD10B59C4CFEF74AF9A081FEF747F9E081002010BD10B581B0694600205D
:20D80000FFF722FE954C0099206861F34100206069460120FFF718FE009A2168002062F367
:20D82000C301216001B010BDF0B585B0884C61680290002501296FD1E169C90763D5A66A2B
:20D84000012E46D80227E0682169039060780491009007F0CCFA02000B000398049907F0F7
:20D860004AFE22DB20780327019007F0C0FA02000B000398049907F03EFE16DC01980A381A
:20D8800007F0B8FA02000B000398049907F033FE0CDC009801270A3007F0ACFA02000B00E6
:20D8A0000398049907F027FE00DB2762216A01290FD307D003290CD829462846FFF7D2FD90
:20D8C000012604E001212846FFF7CCFD2E46C5B2A6620EB1022E1FD141F288320020218E60
:20D8E000A062914203D202980918218614E0618B490711D00146FFF7B5FD0543EDB2042110
:20D900002162032107E029462846FFF7ABFD0546002121862162A162284605B0F0BDF0B5F0
:20D9200084B04B4CA1680190002500297BD0FFF7E1FE00B90125A168022974D1E169490722
:20D9400067D5E16A012943D80226E0682169E77802900391384607F04AFA02000B0002981C
:20D96000039907F0C8FD22DBA0780326009007F03EFA02000B000298039907F0BCFD16DC6D
:20D9800000980A3807F036FA02000B000298039907F0B1FD0CDC012617F10A0007F02AFA62
:20D9A00002000B000298039907F0A5FD00DB6662616A012904D10846FFF754FD002104E084
:20D9C00000210120FFF74EFD01210543EDB2E16209B1022927D1218B00228906490F00D016
:20D9E0000222E26241F28832618E914203D201980918618617E0618B8906490F13D00021CC
:20DA00000120FFF72FFD0543EDB204216162032108E000210120FFF725FD0543EDB2002186
:20DA200061866162E162284604B0F0BD10B50A4C0022084B03CC07F037FA10BD064901285E
:20DA400002D303D0002002E0088900E048897047201D0020000024402C1D00203C1D002080
:20DA60002049012802D305D0002006E00869C0F3400002E00869C0F3C0007047194A0128F7
:20DA800004D307D1106961F3820002E0106961F30000106170471349012802D303D0002064
:20DAA00002E0C86900E0086A70470E480021C1607047FFF725BE10B50B490446486808B94E
:20DAC000886868B1FFF758FEFFF768FEFFF78AFEFFF792FE2046FFF7A7FE2046FFF71FFF16
:20DAE00010BDC0462C1D0020201D002070B50446C5B2284600F0C2F96421484390FBF1F60C
:20DB0000F6B2284600F0B6F9324601462046FBF76EFF70BDFBF759BF30B581B000F047F94F
:20DB2000012803D000F048F9012804D10021084600F072F86AE0002003F07EFDC00765D01D
:20DB4000684605F07FFB0099480708D0012000F06AFB0020FFF7CAFF00210220E8E7400F32
:20DB600002D1014600F058F82A4C002000F032F901281CD1207838B900F04DFB08B9FBF710
:20DB80004DFF0020FFF7B2FF002001F06EFF05460020FBF7EEFD20BBFEF76BFB78B100212C
:20DBA000022000F039F8012000F06EF827E000202070FFF7AFFF002060700146B8E72DB19C
:20DBC0000146022000F028F8012007E000F097F8010019D1012000F01FF8284600F054F888
:20DBE00012E0607801280FD10021022000F014F8012000F049F80221002000F010FB012062
:20DC000020700020FFF786FF01206070002001B030BDC046541D00200246C44B08460A29BB
:20DC200031D801A1D1E800F0060B0F13171B1F2F23272B00186862F30100186023E0196896
:20DC400062F387111EE0196862F309211AE0196862F3051116E0196862F3830112E0196830
:20DC600062F38B210EE0196862F311410AE0196862F30D3106E0196862F38F3102E01968B0
:20DC800062F3934119607047A9490A7860F300020A707047A6490A7860F341020A707047F9
:20DCA000A3490A7860F382020A707047A04B1A7860F3C3021A7070479D4B1A7860F3041235
:20DCC0001A7070479A4B1A7860F345121A707047974B1A7860F3C7121A707047944B1A784F
:20DCE00060F386121A707047924B61F35F0062F39F008422D15860F38811D15070470022BF
:20DD00008A4B09282AD801A1D1E800F005090D1115191D282125186800F003021EE01868D8
:20DD2000C0F381121AE01868C0F3012216E01868C0F3011212E01868C0F381020EE01868FB
:20DD4000C0F381220AE01868C0F3014206E01868C0F3013202E01868C0F3813210467047EC
:20DD60007349087800F00100704771490878C0F3400070476E490878C0F3800070476C4905
:20DD80000878C0F3C000704769490878C0F34010704767490878C0F3001070476449087816
:20DDA000C0F38010704762490878C009704762494868C0F3801070475F494868C0F3C0108E
:20DDC00070475D49487900F00100704758490020087070475949405C704770B500242546E4
:20DDE000574E284603F028FC71880143718001350C2DF5DB254671880120A84008402FD0D8
:20DE000050490878022810D098B92846FBF763FD04464FF6FF7084420BD12846FBF755FD7C
:20DE2000044640F6FF70844203D12846FBF759FD04462846FDF7B2F808B9044606E06428D0
:20DE400004D260436421B0FBF1F4A4B216EB8500848004306421642C3ABF847001808170AC
:20DE60000135062DC7DB70BD00B5FDF7A1F8FFF7B4FF00BD34498000405A7047324911EBFD
:20DE8000800080787047F0B581B00024294E204604F0ADF86700B853204604F0D0F8BA197C
:20DEA00015461083204604F083F92A461086204604F09FF9483601340B2CB853E6DD01B03D
:20DEC000F0BD30B5214D15F16404A07800286BD1E078002868D12079002865D1207B0028E5
:20DEE00062D1607900285FD1E07900285CD1E07A002859D1207858BB607848BBA07938BBD2
:20DF0000207A28BB607A18BBA07A08BB00F064FD01283ED104F0B9F901283AD1002211461E
:20DF200045E000F045FD01282CD115E0F01D0020101E00205C1D0020DC1D0020E21D002023
:20DF4000F41D002046810700F81D0020581D002000F02EFD012803D102460021084626E023
:20DF60006078012820D0207801281DD0A07901281AD0207A012817D0607A012814D0A07A2B
:20DF8000012811D0002211461046FFF7ADFE002010E000F017FD0128C3D104F076F90128AA
:20DFA000BFD10022014601E0002211461046FFF79BFE012028706078012805D000F002FDAB
:20DFC00020B900F009FD08B906F0E7FC30BDF0B583B04FF6FF7102900A1A92B201920024AD
:20DFE000924F019817F16C066200915B814202D8029809189153204600F08FFC17F1600555
:20E00000295D884204D0610000228A53C237CA53204600F082FC285501340C2CE0DB0B20C2
:20E0200000F07BFCE8720C2000F077FC2873684605F008F903B0F0BDF0B584B00390002263
:20E040007A4D7B4815F16007BB5C811C33B315F16C065300F65A5B5B9E421FD32B460B2AE6
:20E0600002D19133FE7A02E09B18863301261E7011F10C0650004419248E835B0094A342C4
:20E080000AD201B404981B1801BC8353835B6420434393FBF4F300E064238B5401320B2A82
:20E0A000CEDD0022BB5C13BB15F16C035000C618431936881B8B9E4219D311F10C0615F165
:20E0C0004804835B005B83420DD201B4049854001B18A353A35B6426734301BC93FBF0F3DD
:20E0E000F31A8B5403E015F186030020985401320B2AD7DD397B9235297004B0F0BD10B560
:20E100000446FFF764FFFFF7DCFE2046FFF794FF10BD4849085C704747494869704700B577
:20E1200006F06FFDFFF7CAF8FFF7F6FC05F09BFC04F08CF9FDF70EFAFEF7E3FFFEF794FF7D
:20E14000FFF788F801F034F8FBF746FD05F0B7FBFAF789FAFFF72BFE60BBFFF72DFE48BB7E
:20E16000012000F058F838B900F055F820B9FBF72CFC0120FBF729FC012000F04CF830B1AF
:20E18000002000F048F810B904F0CAFA01E004F0CDFAFFF716FE68B9022000F03CF848B9A0
:20E1A000032000F038F828B90220FBF70EFC0320FBF70BFC00BD30B5054603F02CFA0400F7
:20E1C00008D12046FBF701FC0134062CF9DBFDF7FFF81EE02846FFF747FE18490878022839
:20E1E00002D1FDF719FF14E015490878012803D1FDF7E2F8FDF7F8FF04F096FE012802D134
:20E20000FDF77EFE05E02846FFF779FF2846FFF786FF002030BD0B4951F820007047094A10
:20E2200042F8201070470649087070475C1D0020101E0020121E0020DC1D00204681070021
:20E24000581D0020381E002010B52F4C606000F05FF80120206010BD00B504F097F804F0D2
:20E2600098F82A48FFF7F0FF00BD000000B500F024F800F072F800BD000000F03CB810B579
:20E280000C4600F029F8214600F0A2F810BD10B50C4600F021F8214600F003F910BD00B568
:20E2A00000F01AF800F028F900BD10B50C4600F013F8214600F056F910BD134A13680146EA
:20E2C0000120012B07D1526892680020243212788A4200D0184670470B4A1368014601207C
:20E2E000012B07D152689268126A127800208A4200D01846704700B5002000F058F9002059
:20E3000000F0B3FC00BDC046541E0020A807002010B5C54C002000F0D4F9C44B186881680F
:20E320004A6932B9012222610A88007892FBF0F002E0032020610020A081088D021900208B
:20E3400007E0CC6A142300FB03431B791354013080B2CB8C9842F4D310BDF0B51421B44A2D
:20E360003425B24E454300FB0124306880682818006AA368AF4A032B4178007807D1637C58
:20E38000012B17D11C2303FB0121496916E0012B01D1002715E01C2303FB012109698847A8
:20E3A0000127306880682818C26924300021007890470AE01C2303FB012109698847071ED7
:20E3C000EFD1002060740120A0743846F0BD0000F0B583B00F469549064608688068342422
:20E3E0007443914A2018018D01948C18142106FB012501210091A97E02940835012910D178
:20E40000C269243000789047884B0120A8601968019B88680978C25A181892FBF1F1A980C0
:20E4200002E0A968012939D10021C46A26E0029B3A785B5C93421ED1A068062809D0092856
:20E440000DD00B2821D13A462146304600F0F4F80AE03A462146304600F0C4F804E03A462A
:20E460002146304600F0D0F8C1B2009169B90120E8602C6009E01434013189B2C28C91422D
:20E48000D5D30220B86000230093684B1968019A88680978805A90FBF1F0A880009803B0EB
:20E4A000F0BD30B50A4662490546142005FB0014E06801281DD12168C8680068C8B9A06833
:20E4C000012816D18868062805D00B2807D1284600F0D3F803E01146284600F0B8F8534B1F
:20E4E00018683421694382680078895A91FBF0F0A08030BDFBF7E6BA30B581B04C49044656
:20E50000142004FB0015E8680128296828D1C8680068012824D18868042803D0092809D001
:20E520000B2813D12046002100F0D5F82046FFF7E1FF08E069460331204600F06DFB68460D
:20E54000C078012802D1204600F0BBF8374B18683421614382680078895A91FBF0F0A880AA
:20E5600001B030BD30B505461420314A684314181BD02068C8B1C068E268012A00680AD17B
:20E58000012908D3032902D9052904D118B92846114600F0A0F8254B186834216943826873
:20E5A0000078895A91FBF0F0A08030BD000030B51F4A1421054600FB012400F079F8E07CDC
:20E5C00001280ED1194B0320A0600020E07418688068342105FB01008268243001210078A2
:20E5E000904730BD30B51546114A0C46142100FB0121C968012901D100F063F821462846CB
:20E6000000F043F8002030BD70B5064615460124104600F03AF82946304600F0D6FAA968A3
:20E6200001B90C46204670BD5C1E0020581E0020641E0020ACD2040030B505461446104607
:20E6400000F023F821462846FBF7FEF930BD10B50446087850B9254B18688068342104FB40
:20E6600001010A6991F82400904705E0204600F05CFA204600F025F810BD10B50446FBF7CF
:20E68000F6F9204600F01DF810BD4A7902730A68C968013A18BF012242600968012902D331
:20E6A00003D0022102E0012100E0002181607047142148430E4908188188013900D3818079
:20E6C0007047142148430A49081800210160C16041744182704714225043054A10180174C9
:20E6E00010F1100100680079FBF7EEB9581E0020641E0020F0B587B0D2490C78FFF70CFDDC
:20E700000090FDF774F90546FDF79AF9074600263046FBF72EF803A9044388550136062EFA
:20E72000F6D3FDF7DCF90646009905988A0A62F3010030F00C00C1F3012250EA820030F0FC
:20E740003000C1F3014250EA021030F0C000C1F3011250EA821030F44070C1F3810250EA8E
:20E76000022030F44060C1F3811250EA822061F30D3030F48040C1F3803250EA8230059034
:20E780000698C1F3814130F4403050EA0140AE490A7862F3D7500690AC480078022811D153
:20E7A000FCF703FC8DF81600F9F7C0FF8DF8170002F037FF8DF818000120FAF75FFE8DF8C8
:20E7C00019009AE0002840F09880C5F38000C5F3C001084307F001010843C5F30011C5F375
:20E7E00040121143C5F34002C5F3C01350EA4100810005F001001043C5F3402251EA400113
:20E80000C5F3002010434200C5F380101843104351EA0012059962F316410591FFF7A0FAD8
:20E82000059A60F3D7520592FFF79FFA059A60F318620592FFF79EFA059A60F359620592C2
:20E84000FFF79DFA059A60F39A620592FFF7A1FA059A60F3DB620592FFF796FA059960F3D8
:20E860001C7131F000510591FFF798FA059A60F39E720592FFF797FA059960F3DF7106987C
:20E88000059130F0010006900020FEF7E5FE069960F341010691FCF7B0F90699C4F3400234
:20E8A00060F3820104F00100104331F0080151EAC001069100F0C0FC0699E20860F30411E0
:20E8C00052EA9400B30853EA56033343C6F30012C6F340142243C6F3C006324352EA4302EF
:20E8E00060F39F0262F347110691FCF786F9069960F3082131F47E4106910598069901900B
:20E90000029101A903C903F063FF07B0F0BD00B5FFF7F0FE00F074F800BD00B590B0014647
:20E920000020012912D318D003291DD323D0042928D008292DD00B2932D00C2936D104A840
:20E9400003F04EFF0598C0F381302FE00EA803F047FF0E98C0F3C05028E00CA803F040FF21
:20E960000C98C0F3402021E00AA803F039FF0A98C0F3C0001AE008A803F032FF0898C0F3CC
:20E98000003013E006A803F02BFF0798C0F301200CE002A803F024FF0298C0F3001005E028
:20E9A000684603F021FF0098C0F3414010B000BD00B582B0684603F013FF0098C0F34030F8
:20E9C00002B000BD00B582B0684603F009FF0098C0F3804002B000BD00B582B0684603F036
:20E9E000FFFE0098C0F3405002B000BD00B582B0684603F0F9FE0098C0F3023002B000BD65
:20EA000000B584B003F0C2FC012805D102A803F0EBFE0298000409D403F0B8FC02280FD1AB
:20EA2000684603F0E1FE0098C00309D5FFF7CEF9FDF766F8FCF7A0FAFAF79EFE04F006FCFE
:20EA400004B000BDC8D20400A60A002046810700704700B5002004F0B8FA04F0F7FB03F0FE
:20EA6000B4FE03F09BFE00BD7047000010B5184C606000F057F80320206010BD10B5154C26
:20EA800003F084FC022800D1134C2046FFF7EEFF10BD10B50C4600F005F8214600F074F8CC
:20EAA00010BD000010B50A4B5C681B6801460020032B22890AD1A36906E0DC888C4200D118
:20EAC00018460C33013A92B2002AF6D110BDC0467C1E002074D2040090D20400F0B50246FF
:20EAE0000E48046800206369A48813E00C4F3E68B668342502FB0565DE7924352D78A4B2BF
:20EB0000AE4206D19D797F2D01D08D4201D1184602E00A33013CE9D2F0BDC046801E002014
:20EB2000581E0020D94800F00ABB70B50D46497801F0F0042978FFF7D1FF064628787E2852
:20EB40000BD16878022808D1A8783E2805D1E878802802D1FBF751FA15E0A6B1F07900F0DD
:20EB6000C6FA3CB1102C0AD0202C0CD1294600F016F908E03246294600F09EF803E032468B
:20EB8000294600F0CDF870BD30B504460D46407A00F0ADFABD4911EB80114A6A012A12D1FC
:20EBA000A868C861AA684C6002204862062A00D80120B74B886318686288007892FBF0F02D
:20EBC0004885002000E0012030BD30B5B04B0D46196889680446342004FB0010243000783C
:20EBE00000F085FAA94911EB80100021826B81852946012A204606D308D0032A09D302D187
:20EC000000F00EFA07E00220A86004E000F08BF901E000F0C1F930BD30B50D4634219C4AA8
:20EC200048431168896808182430007800F05FFA964911EB8014A06B042809D16068002141
:20EC40004089FBF733F9204600F079FA01200AE08F4A00206085606811688088097890FBC6
:20EC6000F1F0A0850020287030BD10B53421884A48431168896808182430007800F037FAFB
:20EC8000C8B9824C200000F03CFAA06898B1606B012810D308D003280AD301D005280AD1FE
:20ECA000002000F00CF906E0002000F0AEF802E0002000F0D4F810BDF0B581B00E46734932
:20ECC000074611EB8014707800F00F05606A0092022805D130787E2820D0204600F0F5F98D
:20ECE000681E06281AD20220009B6062A561E5613146002020620822A36014F10C0006F05C
:20ED0000E0FC644B002020631868006910EB8700206001206063002084F83C0001B0F0BDC0
:20ED2000F0B581B00D465949074611EB8014606A00920026022807D128787E2803D0204628
:20ED400000F0C3F900E001266878A978000751EA105016BB072820D30221009B6162A061E8
:20ED6000E06126620822A360294614F10C0006F0A8FC484B102020631868454B006984F848
:20ED80003C6010EB87002060022060631968A0680978408890FBF1F0208501B0F0BD10B5EA
:20EDA0003A4A12EB8014606A02282AD1606B032820D00428204621D110F83C2F01320F230D
:20EDC00002F00F02027048781840904212D1082214F10C0006F075FC2D4B202020630520EF
:20EDE0006063A068196840880978643090FBF1F0208509E0204600F08AF805E000F09FF9AB
:20EE000002E0204600F061F910BD30B51F4911EB8014A06814F11402A1690089FBF707F80F
:20EE2000A0B9606990B1A269816891420ED314F10E01006806F045FCA56820462D8900F0FB
:20EE40007EF928460021FBF70AF807E0A06801210089FBF704F8204600F071F930BD10B5BE
:20EE60000A4911EB8014A06814F11402A1690089FAF7DDFFD0B96069C0B18168A2699142A2
:20EE800014D314F10F010522006805E0841E0020581E0020801E002006F013FCE069053861
:20EEA000E061052020620420606307E0A06801210089FAF7D4FF204600F041F910BD30B5E3
:20EEC000AB4911EB8014606B14F10E01002503280AD06069E569236A0068062D88BF0625F4
:20EEE0002A46181806F0EDFBE069216A401BE061491921620421616340B9A56820462D8934
:20EF000000F01DF928460021FAF7A9FF30BD10B58168044619B108890121FAF7A0FF20466B
:20EF200000F00DF910BD70B50D463421914A48431168896808182430007800F0D8F88C49F0
:20EF400011EB8016706816F114014089FAF798FFE0B97069D0B10822FF2116F10C0006F094
:20EF60006CFB7169F46916F10E002246096806F0A8FB7068007A747330730420B06308222F
:20EF800016F10C01286906F09CFB04E0304600F090F80220A86070BD30B50D463421754ACA
:20EFA00048431168896808182430007800F09FF86F4911EB8014606814F114014089FAF705
:20EFC0005FFF38BB606928B30822FF2114F10C0006F033FB616914F10F000522096806F051
:20EFE00070FB6068007A2073E069010A51F010016173A0730538E061052020620320A063F9
:20F00000002184F83C102869082214F10C0106F058FB04E0204600F04CF80220A86030BD5C
:20F0200070B50C463421534A48431168896808182430007800F05BF84D4911EB801568684C
:20F04000B0B34C4B196840880978082290FBF1F06885FF2115F10C0006F0EFFA6869EE6930
:20F06000296A0068062E88BF06263246091815F10E0006F026FB6868007A287315F13C0003
:20F080000178013101F00F01017051F020006873E869296A801BE86189192962032100B945
:20F0A00004212069A963082215F10C0106F009FB70BD10B54168044619B148890121FAF7CC
:20F0C000F5FE204600F03BF810BD10B50446406818B101214089FAF7E9FEA06818B10121B1
:20F0E0000089FAF7BCFE204600F029F810BD224B1A681269D278904201D0012000E0002020
:20F10000704710B50446008D013805D32085000402D12046FFF7FBFE608D013805D36085D7
:20F12000000402D12046FFF7C4FFA08D013805D3A085000402D12046FFF7BBFF10BD10B5F7
:20F1400004461430042106F09AFB0022114613460EC40120A061E2612284F02024340DC489
:20F160002280B4F13000082106F0C0FB10BDC046841E0020581E0020801E002070B50446E6
:20F18000C5B22846FEF77AFE06460720FEF7C1FF7043642190FBF1F6F6B22846FEF76AFED8
:20F1A000324601462046FAF722FC70BDFAF70DBC30B5072002F040FA0546002455FA04F04A
:20F1C000C0070AD50720FEF705FE0128204602D1FFF7D4FF01E0FFF7E9FF0134062CEDDB51
:20F1E00030BD0000F0B5164C4FF47A75002602200A276060062006F085FF3618F6B201E039
:20F20000013DADB2012DFBD8062E02D90120606001E0013FEED103F0B9F8022800D00120C1
:20F220006168884204D0012020600146FCF73EFCF0BD044908787047014908787047C0469A
:20F24000C41E0020C81E0020704770477047704700B507F09BFF002009F058F8002009F002
:20F2600063F800200DF0DDFA002007F053FE002009F0D7F9002009F073F9002006F03DFC1A
:20F2800000200AF0AEFC002009F0A1FB002007F019FD002007F0D9FB0948FCF7EFFF00208B
:20F2A00000F02EFC04F090FAFEF7D6FFFFF7E6FB0020FEF7DBFFFAF799FD02F089F800BD6F
:20F2C000A0D10400F0B581B00091012618B116203346022205E017461C1E06D116200223E1
:20F2E0001A460021FBF77AFF09E03D48456835B122463946BDF818300098A84706463046F4
:20F3000001B0F0BD30B5012410B11620234603E00B4632B91620022303220021FBF75EFF16
:20F3200006E02F4885681DB111461846A8470446204630BD10B5012430B1162023460722E1
:20F340000021FBF74BFF05E02548026912B1084690470446204610BD10B5012430B1092238
:20F36000162023460021FBF739FF05E01C48C26812B1084690470446204610BD10B50124E1
:20F3800030B11620234606220021FBF727FF04E01349C86908B180470446204610BD00001E
:20F3A00010B500240E4AFF2807D090B11620012305222146FBF712FF0FE09169204601246E
:20F3C00001B18847002807D0022805D0032804D102E0916909B188470446204610BDC046C6
:20F3E000E0D20400F0B584B003900E46002403980121A140014000F0AA80204602F0ABF97E
:20F40000B0F1280120468E4202DC02F073FA57E002F010FAB0F1280120468E420DDC02F0A1
:20F420009AF9B0F12805204602F004FAB0F12807204602F05FFA711B1BE002F013FA2838AE
:20F44000864201DC64203BE0204602F023FAB0F1280120468E4210DC02F004FAB0F1280549
:20F46000204602F017FAB0F12807204602F05AFAB91B89B2D0F1640219E002F023FA283809
:20F4800086421CDC204602F005FAB0F12805204602F018FAB0F12807204602F043FA029026
:20F4A000204602F057FA029BB91B89B21A1A92B24A43791B89B292FBF1F1401800E000205C
:20F4C000434F3855204602F0E1F80190002501980121A940014037D0284602F0ADF80290A3
:20F4E0008DB902F04FFA395D884222D902F04AFA3855009002F046FA009B032283428CBFDB
:20F500000121002112E0042D13D102F03EFA395D88420ED902F039FA3855009002F035FACD
:20F52000009B2A4683428CBF012100211046FCF7BDFA0021029801228A40024001D03A5D1B
:20F540007A5401310629F5DB01350C2DBFDB0134062CFFF64CAF04B0F0BD10B504460628AE
:20F5600002DA02F065FA08B9642001E01848005D10BD10B581B001246946204600F0F8F89E
:20F5800001281DD069460231204600F0DBF8012816D010496B4611EB8402B3F9001010786B
:20F5A00010B90120107007E0B2F902008842CCBF401A081A000603D051805888FFF712FFEB
:20F5C0000134062CD8DD01B010BDFFF7D2BFC04618080020CC1E0020F0B5D74C0D46217806
:20F5E000062901D301203DE0012804D3032802D8D24BC75C00E0002700230DE02C2203FB22
:20F6000002425668BE4205D1D08A0121A9400843D08226E00133DBB28B42EFD303280ED8A9
:20F6200002F095FC21782C2211FB024257600432012804D3062802D8C14BC05C50602C20F7
:20F6400001FB00400121A940C182284602F049FC21782C2211FB0242908200209081481C9D
:20F6600020700020F0BDF0B5B34C2678062E01D3012032E00027012803D3062801D8B14B87
:20F68000C75C00230CE003FB02521568BD4205D1508A01238B40184350821DE00133DBB2E0
:20F6A000251D2C22B342EED3724353190128575104D3062802D8A44E825D5A6001228A40BB
:20F6C0005A8202F086F922782C2112FB0153188200201881501C20700020F0BD42F21071C4
:20F6E00040F6FF724143101AB1FBF0F04FF47A714843704730B50D461446FFF7EFFF4FF400
:20F700007A71B0FBF1F0294602F0B9FA4FF6FF7188420EBF01202080002030BD70B50E46CB
:20F720001446FFF7DBFF0546304602F06BF90146284602F02EF908B9012002E032382080EC
:20F74000002070BD30B500220CE01D1D2C2454432B59834204D16019408A0880002006E059
:20F760000132D2B2744B1C78A242EED3012030BD10B500220FE02C2402FB043463688342E1
:20F7800007D1607B0434012809D1A0890880002006E00132D2B2684B1C78A242EBD3012003
:20F7A00010BDF0B582B00025019500955BE000232C2005FB0064606801930434072850D361
:20F7C00009284ED8617A01294BD0072801D1012703E00327082800D1022769466068F8F7EC
:20F7E00092FE0190E8BB207A009A14EB800101302072207A05284A6133D314F11400052117
:20F80000FDF7D7FC2085012140F63C72208D617200212172B0F1A401914206D214F10E023C
:20F820003946FFF767FF01280AD1781E0121FCF7FDF839460022207C02F093F9E08103E04A
:20F84000781E0021FCF7F2F80027618A0120B840084003D03846E189F9F796FF0137062FF4
:20F86000F3DB0135EDB2344E307885429FD3019802B0F0BDF0B585B0002503952F460495E5
:20F880000DF106012846F9F70DFD08B9012104912E46C1E02D4900232C2006FB00142068EC
:20F8A00003930128C0F0B680052800F2B3800138042814D801A1D1E800F0C04604070A0D8D
:20F8C00010001D4601270AE00125022707E00225032704E00325042701E004250527694600
:20F8E0006068F8F710FE0390002840F09380207A009A14EB800101302072207A05284A615C
:20F90000C0F0888014F114000521FDF752FC20850121208D617200212172A4281BD204985E
:20F92000012824D1BDF90600002820DD284601221146FCF748F80BE0E81E002005D30400C0
:20F94000FFD2040008D304000ED30400EC1E00200120A0720BE040F23D21884212D2A27A6C
:20F9600028460121012A00D00022FCF72CF8284600221146FCF727F80020E072A07A012815
:20F980003AD144E040F6466188420CD2284600220121FCF718F8284600221146FCF713F819
:20F9A000002060812BE040F6DF7188420FD2284600220121FCF707F80020E27AA0720021B7
:20F9C0002846012A18BF0A46FBF7FDFFD6E7049801280AD1BDF90600002806DD28460122C4
:20F9E0000021FBF7F0FF0120E072284600220121FBF7E9FF0020A072E07A012807D014F175
:20FA00000C023946208DFFF789FE012802D1208A3238A0810136F6B2374908788642FFF464
:20FA200039AF039805B0F0BD2C21484333490818B0F90C00704710B5002402F08FF8012876
:20FA400008D1204602F092FA20B1032802D82146FFF7C2FD204601F0EBFF10B12146FFF798
:20FA600002FE0134062CE8DB10BD70B506460024FBF7BDFF0546304601F0DAFF013804285C
:20FA80001DD801A1D1E800F003090E121600E90714D115F0020F12D010E015F0040F0DD131
:20FAA0002D070AE0E90609D4AD0606E0690605D42D0602E0E90501D4AD0500D50124204691
:20FAC00070BD70B506460024FBF7BAFF0546304601F0AEFF01280DD305D0032806D309D19E
:20FAE00015F0040F04E0ED0704D502E015F0020F00D00124204670BDE81E0020EC1E00206D
:20FB000070B500255449142005FB0014002053492080A0701A206060012600202074342021
:20FB200005FB0010A6603146008900F08EF90022012800D102462046032100F07BF90135B0
:20FB4000042DDFD346480C210161067070BD000010B9464AD06804E014225043414A101811
:20FB60008068086000207047F0B583B03E4A02900E4603460120342103FB012700900B2177
:20FB8000388900F062F9029B364D14245C4301900021285B00F059F91EB9F96909B9019956
:20FBA000E1B101281AD032460621029800F0C9FA0090030012D1F96916B18E420BD100E089
:20FBC00049B160191A46012100F034F960190022022100F02FF9611901220A74009803B0D7
:20FBE000F0BDF0B584B00E461F4907460123342007FB0015288900930B21019000F025F9D8
:20FC000018490390142007FB00140021208800F01CF926B9E96911B90399002945D00128DA
:20FC200043D00321208800F010F902900621208800F00BF903900021019800F006F969688A
:20FC4000032903D1297DA27891422ED9029901292BD003990CE0C046282B002098D30400DA
:20FC600048080020142B002064D304002008002001291AD0012801D1207CB0B13246384630
:20FC8000072100F05EFA009078B9E86916B186420BD100E048B120460122114600F0CAF80C
:20FCA00020460122022100F0C5F8009804B0F0BD27490878012804D00C210022104600F070
:20FCC00040BAA0230C2214200021FBF789BA70B5204E307801283AD130691F4C1F4D0C289C
:20FCE0000DD100F077FA38B90D203061A0681A2805DB0C20306109E030690C2806D0297802
:20FD000031B91749A06851F8200080472978F1B115EB81001349406851F8200080473069D0
:20FD20000C2814D17068012811D10F4B2288142102FB0131896851B1042908D0012A04D167
:20FD4000A1680C2901D1002100E00146E16170BD20080020480800205C0800203008002048
:20FD60002CD3040018D30400142B0020E0B581B0D24D298D2B7B0022090289B25E1831469C
:20FD800001280CD316D003283AD341D1A879FFF7D1FAD0B30021012000F0CEFA38E0686AE2
:20FDA0006F8D022801D1023702E003280CD10437BFB20DE0C24AA879FFF7A4FA0028E9D1EC
:20FDC000E87C0138E87420E0012804BF0137BFB2288808B1421E92B2BA49342002FB001024
:20FDE0000621008900F031F8012801D10237BFB20097B34B31460022A879FFF763FA02E011
:20FE0000A879FFF7A9FA0028C4D1AF490220C86001B0E0BD10B5AC490446C868012808D1A5
:20FE2000A6498879FFF7BCFA012802D12046FFF79DFF10BD012A038802D18A40134302E0DA
:20FE400001228A4093430380704701238B409BB2184018BF01207047F0B582B00F46002412
:20FE600001210191061E7AD0002F78D0934D2A88964B0821142050430093C05AFFF7E5FFFF
:20FE8000012867D1297D081A2875A86806283BD0072807D00C2837D00D2803D0162833D0C9
:20FEA000172829D13046296D884720B1012155E0305D38550134688D8442F9D30022A868FE
:20FEC000019205284BD0192849D02888009B1421012201FB00301146FFF7ACFF2888009BDB
:20FEE0001421012201FB00300221FFF7A3FF0121084600F059FF32E07349086908282ED19D
:20FF000002E0305D38550134688D8442F9D36E490869082815D02888009B1421002201FB4E
:20FF200000300121FFF786FF2888009B1421002201FB00300221FFF77DFF0021084600F032
:20FF400033FF3846E96C8847C2B2019207E0305D38550134688D8442F9D3002101910198BD
:20FF600002B0F0BD5A4B197801311970197813EB8101486070475449022088607047F0B5BE
:20FF80004E4C20884F49461EB6B2342006FB00156868504F2062032804D0142006FB0070BC
:20FFA0000021817001F015F84FF6FF71142006FB00706180018882782182C168227380682A
:20FFC0006164A061E88A010AA074288B0131A0850020E0852878E174A071687D297DA07397
:20FFE000E868617360622869236A2085000C6085032B01D0286A06E0914205D8511AC0B263
:020000024000BC
:200000004143286A401860630B212889FFF71DFF012803D1286B2065E86AE064686A60657E
:20002000A86AA065F0BDE0B5244D29880126013129802988A86802270C2810D1042906D938
:20004000254A00211170E96901292BD029E0214EA8601420143E01FB00600C2163E0192805
:2000600010D1042906D91C4A00211170E969012918D016E0174EA8601420143E01FB0060E2
:20008000192150E0022906D0052804D0042942D9114B5A7A6AB9104A00211170E9690129E1
:2000A00000D0002101F062F80022EA61064A576045E0012A2FD1074E2A800FE05C080020CE
:2000C000C024002098D3040048080020142B002030080020282B00202008002000205872E1
:2000E0000D20A8607060002000F0BEF8D2482988342202FB0101C96900220A702988342240
:2001000002FB0100C069002141702988143E142202FB01600FE0C94E0D20A8601420143E8E
:2001200001FB00600D214160002000F09DF82888142101FB00608760FFF721FF0026304615
:20014000E0BDF0B581B0BE4B1E78322E3FD205460C46411E89B2987801B40C277843B94F2A
:200160003D52C7197C60BA6001BC013098709878322801D300209870701C18700C2C03D09F
:200180000D2C01D0192C14D1AF480121017044600221204600F0EAFF0C2C16D10020A74A6B
:2001A000142100FB01210122013004280A74F6D30BE014204843A149401801220021FFF700
:2001C00039FE2846022100F0CBFF002000E0012001B0F0BDF0B59D4A1068012802D1FFF728
:2001E00022FF40E09A4C2078E0B36078954F0C234343D9194968974D00260C29A96003D07E
:200200000D2901D0192911D10120106002200C2900D101202880304600F026F828881421C8
:2002200048438D494018022181600DE0F95A1660298000F019F828881421484386493246EA
:2002400040183146FFF7F6FDFFF799FE6078013060706078322800D3667020780138207044
:20026000304600E00120F0BDF0B582B0794F7B4905463888461E4868704CB6B201282BD18F
:20028000142575430421605BFFF7DFFD01280AD1B8680D2807D1281900220521FFF7CAFD44
:2002A0006F48386346E06F49342006FB00130B2100931889FFF7C9FD0646281901220521B4
:2002C000FFF7B8FD08212819012E01D132462FE0009AD2693A632AE060BB6249342006FBEA
:2002E00000120B2100921089FFF7AFFD5549019003460C2005FB0010806805211425754340
:2003000018B13863281900220DE00122012B06D12819FFF78FFD08212819012208E0009833
:20032000C06938632819FFF785FD082128190022FFF780FD02B0F0BDF0B581B0444A1378F3
:200340000E465178009000220DE00C273D484F433F5A2088874215D0013189B2312900D908
:200360000021013292B23C4D3A4C9A42EDD30099208800F0F5FE2188142202FB01511A22AC
:200380004A6005E014F1100001220021FFF752FD294A2788342107FB012108890021FFF7ED
:2003A00054FD01280AD1142107FB0151896829B914F1100001220321FFF73CFD022E07D1F9
:2003C0002188142202FB0151626CCA60012202E0012E05D10022092114F11000FFF72AFD6F
:2003E0002088A26D142100FB0153218A1980CAB1A1680020072913D309290BD90B290CD09E
:200400000C290CD0172903D0182909D1022007E0012005E0144D485D02E0042000E005207D
:200420009968904714F1100000220721FFF702FD0A490E4B1CE0C04664D30400282B002034
:20044000C8280020D0280020200800204C080020C82800205C080020142B00204808002055
:20046000CB28002098D3040061D40400300800200022CA600C220A610021197001B0F0BD7C
:20048000F0B5D44D00202A69E860012A0EBF072104210246D04CD14E14F11000FFF7CAFC02
:2004A000208834214843CE49401806210089FFF7CCFC0746012803D13046616A00F0BDFDA2
:2004C000606A48B12969E6630A2001B9092028610320FFF747FD04E00F20012F00D1112046
:2004E0002861F0BD30B5BB4CBB4D0020E060286A032824D0012802D02169012916D129887A
:2005000034225143B64A89180A6A0AB9496A69B10021084600F048FC0320A86100F059FD37
:20052000082020610220FFF71DFD10E0022806D1206920B901202061E060287307E0002108
:20054000084600F031FC00210120FFF7F5FE30BD704700B59F4A00200146D06000F024FC1C
:2005600000210120FFF7E8FE00BD30B5994C9A4D0020E060286A032824D0012802D0216959
:20058000012916D1298834225143954A89180A6A0AB9496A69B10021084600F005FC0320A8
:2005A000A86100F016FD082020610220FFF7DAFC10E0022806D1206920B901202061E06063
:2005C000287307E00021084600F0EEFB01210320FFF7B2FE30BD30B57E4D7F4C0020E86096
:2005E000206A032812D10021084600F0DDFB0121052008E000F0D8FB208814214843794910
:20060000401801218068FFF797FE20E0012802D02869012817D10320A0610021084600F0CD
:20062000C3FB2088342148436D494018016A11B9406A0028DED000F0CCFC08202861022026
:20064000FFF790FC03E001202861E860207330BD70B5614D5F4C0026286AE660022809D143
:200660002069032806D1AE61022020612E730120E06021E028883421484359494018072188
:200680000089FFF7E2FB012805D12661E0600420FFF768FC10E03146012000F085FB286A30
:2006A000022805D115F1100032460421FFF7C2FB02213046FFF740FE70BD30B5464C454DD1
:2006C0000020E17CE86011B10120E86037E0216A02292CD1296903290ED121883422514330
:2006E0003F4A8918C97D2073E174022129610121E96000F06EFC22E0A069C0B920883421AF
:2007000048433749401807210089FFF79EFB012806D128612073E8600420FFF723FC0EE0AB
:200720000021012000F040FB0221002005E00021084600F039FB01210846FFF7FDFD30BD44
:2007400010B52448244C0021C160216A022915D10169062905D1072101610121C16021734A
:2007600014E0072912D10021084600F01DFB14F1100000220421FFF75DFB03E000210846FF
:2007800000F012FB01210020FFF7D6FD10BD00B5104A00200146D06000F006FB012108467D
:2007A000FFF7CAFD00BDF0B50B4C0F4F2088451E3868ADB20B2839D00C49342005FB001660
:2007C000306A28B3207D18B3216B606BFFF744FB0EE0C046480800205C080020C0240020C4
:2007E00064D30400142B00205808002098D30400002845D102213089FFF727FB012815D12F
:20080000206BE0630B2038600320FFF7ABFB37E0616D01B3A268082A03D00C2A03D0182A95
:2008200002D1012000E00220884748BB0121084600F0BAFAA069032808D0D149142005FB82
:2008400000118868052801D0012801D1082014E00121002012E0A069032804D0C849142001
:2008600005FB00108068C64A142105FB01240021A060084600F098FAA0680121FFF75CFDAC
:20088000F0BD30B5BF4CC049E5880878A583013800D308702068022806D129460123228C4F
:2008A000A069F9F787FA2062A08B401BA083A0694019A06130BDF0B582B0B44800242546E1
:2008C000B349066801900920371A012F1CD8B14A4B8DD05C01B4486A0190022801BC04D1CC
:2008E0009A18527850EA02200EE001B40198032801BC09D19A18537850EA03209378D278F3
:2009000050EA034050EA0260112E07D148880988884201D102251AE001251BE0012F19D847
:200920000E46496C0124814200D102249A493788342007FB001006210089FFF786FA012878
:2009400003D17088B842E7D10225022C02D101990F2008602946204600F0C7FB02B0F0BDDA
:2009600010B58E4C20690F2802D100F040FA27E0FFF7A1FF0020FFF74DFAE068022808D1D6
:20098000834A9079FEF7FAFC1821484384494058804720690D2813D17D48016A03290BD1CC
:2009A000417B007B814207D800F013FB082020610220FFF7D7FA03E0002020610120E060E9
:2009C00010BDF0B582B00120FFF724FA734EF068022809D16E4A9079FEF7D0FC18214843DB
:2009E0006F4940184068804730696A4D0D2815D1674C207D01000BD02946206BFFF72CFACB
:200A000060B90A2114F110000122FFF713FA05E000F0CAF901210846FFF78EFC5C4C0A21FC
:200A2000208AFFF712FA012821D10A2114F110000022FFF7FFF9676A47B1606CE563A064BE
:200A40000B2030610320FFF78DFA62E02088342148435149401806210089FFF7F6F90128C0
:200A600003D13946284600F0C5FA00F0B4F930690B284ED12088342148434749401806897F
:200A800009213046FFF7E1F9278A009004213846FFF7DBF9019009213846FFF7D6F90746ED
:200AA00030460221FFF7D1F9012813D10098012810D1019870B9012F0CD1606CA16C8842BC
:200AC00008D10021384600F06FF900210420FFF733FC1EE0606C618D676A022F685403D192
:200AE0004919000A487008E0032F06D14919020A4A70020C8A70000EC87030460621FFF7D8
:200B0000A4F9012803D13946280000F073FA00F062F902B0F0BD1D4801680D2914D11C4A3E
:200B20001D4B1188342201FB0232136A0BB9526A52B1142251431B4A891802228A60082127
:200B400001601046FFF70EBA704710B5134C20690D2803D1062020610120E0600320FFF792
:200B600059F9E068022809D1094A9079FEF706FC182148430A4940184069804710BDC046D2
:200B8000282B00208008002030080020580800205C080020C024002064D30400480800202F
:200BA0006CD40400142B0020F0B5C94C208801284CD303D80020FFF7D5F947E0022801D106
:200BC000FFF7D9F90221208AFFF73FF9C14D07462088342101FB0050068904213046FFF78E
:200BE00034F901282ED16FBB206A03282AD030460321FFF72AF9B84EB168012918D1B8B971
:200C000014F110003A460321FFF714F93946384600F0CAF82088342101FB0050016A09B9F3
:200C2000406A68B100F0D5F9082030610220C2E73946384600F0B8F80D2030613846BAE735
:200C4000012001E000210420FFF776FBF0BDF0B583B0A24D287A012832D19D4C268816E017
:200C60000021012000F0A0F814F1100000221146FFF7E0F89A4A2088142100FB0121062248
:200C80008A601A224A600136B6B201302080042EE6D9687A012802D192490620886000203C
:200CA000287228700621686800F060FA1A2068608948022141600021C1600C21016171E008
:200CC0000121084600F070F8814C2088012810D1854A206BD16988420BD114F1100001225B
:200CE0001146FFF7A7F814F1100001220221FFF7A1F8258A01212846FFF7A7F80090022197
:200D00002846FFF7A2F8064628460321FFF79DF8029006212846FFF798F807462088342175
:200D200048436C49401805210089FFF78EF8019004212846FFF789F801280ED0009801288D
:200D400020D1012E1ED10298E0B9DFB90198012818D1207B617B884214D2206A03280AD157
:200D6000607B217B884206D80021084600F01CF80021012014E058490D2008610120FFF75D
:200D8000F1F80FE028460521FFF75FF8012805D114F1100000220221FFF74CF800210420C2
:200DA000FFF7CAFA03B0F0BD70B5494C05460E460521208AFFF749F801280BD12A4614F13F
:200DC00010000121FFF736F8324614F110000221FFF730F870BD3E493F4801230A6AC360F9
:200DE000022A06BF03220B7302220261704730B5374C2088082114225043394A3B4D805A3A
:200E0000FFF723F8012809D1207D60B32846216BFFF722F840B1207D28BB1CE018BB284656
:200E2000216BFFF719F8B0B90721208AFFF70DF8012809D114F1100001220421FEF7FAFF9B
:200E4000618D206B00F0A6F900210120FFF7ACFF0020022105E000210846FFF7A5FF012055
:200E60000021FFF769FA30BD30B5002027E08118226B1E4B525C595C8A421ED0092114F124
:200E800010000022FEF7D6FF0025E07CE58501000CD00A2114F110000122FEF7CBFF0E4B13
:200EA000DD60134B1878013818700FE0FFF77CFF01210846FFF740FA08E0013080B2044CAB
:200EC000A18D8842E28DD2D35018E08530BDC0465C08002064D304004808002020080020CF
:200EE000142B0020282B002098D30400C02400203008002030B5002025E0226BCE4B41184C
:200F0000525C595C8A421CD0092114F110002A46FEF790FFE07C01000CD0C84B187801386E
:200F200018700A2114F110000122FEF783FFC44BDD600FE0FFF738FF01210846FFF7FCF98C
:200F400008E0013080B2BF4CE18D628D0025521A9042D2DBE58530BD30B5B94D28690128D2
:200F600036D80020FEF756FFE868022830D1B54CA079FEF703FA08BBE18D628D91420AD2A3
:200F8000A08D40B1511A814202DBFFF76DFF1FE0FFF7B0FF1CE0206A022808D128690128DF
:200FA00005D014F1100000220421FEF743FF00210120FFF7F9FE0221002007E0022807D06F
:200FC00000210846FFF7F0FE01210846FFF7B4F930BD30B59B4D288801240B213422504307
:200FE000994A80180089FEF730FF012800D105242C7530BD10B5934B1A88120A5C8D29B9EC
:201000000255598D08181988417015E02418012905D16270598D0818198881700CE002296F
:2010200005D1A270598D08181988C17004E02271598D08181988417110BD10B5814A548DE2
:20104000231811B9005D59780AE0012902D15878997805E0022907BF9878D97818795979FB
:2010600011EB0020508010BD30B5754D29690120092901D0112912D1724CA17C013903D352
:20108000A1740021296110E02188342251436E4A8918897D2861E8602073A17424E0694C7C
:2010A000A17C013903D3A1742861E8601CE020883421484364494018016A09B9406A68B1A4
:2010C00000210846FFF770FE0320A061FFF781FF082028610220FEF745FF05E0FFF764FE5A
:2010E00001210320FFF728F930BD30B5544D2A69112A02D0093A012A31D8524C226A032AB3
:2011000009D1A07C01000BD1FFF74EFE01210320FFF712F923E0012A1FD1A07C010006D063
:201120000138A074002028610120E86017E0FFF73BFE0320A061208834214843424940189B
:20114000016A11B9406A0028E0D0FFF742FF082028610220FEF706FF01E0FFF785FF30BD8C
:2011600014225043394A101881607047384B02460A28D96008D000200D2A03D0192A04D113
:20118000022002E0012000E00420324B1A6802B11047704710B5002204E02F4B845C9C5451
:2011A000013292B28A42F8D310BDF0B585B0254C2588264F14266E430421B85BFEF745FE8C
:2011C000264B0290196801930B291FD1012804D1F01900220421FEF72DFE01210846FFF7FF
:2011E000E3FD022100205AE0207D002855D0124D206B2900FEF730FE002852D10199E56345
:201200000B2008600320FEF7ADFE4AE00121208AFEF71BFE0C490490342005FB00120B21F9
:20122000158900922846FEF710FE039008212846FEF70BFE14E0C046C0240020300800208F
:20124000480800205C08002064D30400142B00202008002094D30400CB28002058080020BA
:2012600001281AD10498012817D10098C06910B90398012811D128460221FEF7E6FD0028EC
:20128000B2D10298012804D1F01900220421FEF7D1FD01210846FFF787FD00210846FFF7D1
:2012A0004BF805B0F0BD000000205149514A0A602FE0514A0128F8D311D0032813D315D055
:2012C000052816D0062817D00B2818D00E281BD00F281ED100231371484ACA6319E0484A93
:2012E00001324A6015E0474A8A6012E0464ACA600FE0464A4A610CE0454A8A6109E0002359
:201300001370444ACA6204E0F023D370424A01328A6301301028CCD37047404800210160E1
:2013200081603F4941600621016070473B49086850F001000860704730B53A4B14460D46F9
:2013400013EB00100B4600223CC030BD30B582B0344C20680025012808D12846F8F790FCF4
:20136000256000F085F82846F8F798FC2069012807D1F8F785FC256100F086F80120F8F78C
:201380008DFC206A012808D10220F8F779FC256200F080F80220F8F781FC206B012808D1A8
:2013A0000320F8F76DFC256300F082F80320F8F775FC206C012808D10420F8F761FC2564B6
:2013C00000F080F80420F8F769FC00F087F8BFE700B5FFF769FF002007F0C2F8FFF79DFFA2
:2013E00000F022F8FFF7A2FFFFF7B0FF00BDC0460000002000FE00201FED00E07F610400D6
:20140000008403005B61040055610400676104006D610400BB6104007961040010E000E05F
:20142000FF700200782B002000B5FAF7CFFE2C4801F01CFFF7F7C0F9F8F702FC05220121A8
:201440000020FFF779FF0A2203210120FFF774FF142205210220FFF76FFF322207210320A3
:20146000FFF76AFF642209210420FFF765FF00BD00B51C49086801300860F7F75FF9FCF7C6
:20148000FCFEF8F7CEFC00BD1649486801304860F7F75BB900B51349886801308860FEF7E3
:2014A00016FCFBF72BF805F057FBF7F76CF900BD00B50C49C8680130C860F7F76FF9F8F7D6
:2014C0001AFB00BD00B50749086901300861F7F768F9FAF78DFEF9F754FD00BD7047C046A4
:2014E000C4D50400C82B0020F0B583B04E4D0746287D01302875286850B9281D10220021D8
:20150000FBF771FEB420A8814B20A8800120286001A801F098F80090020007D1434BDDE949
:20152000010103F0DEFD03F078FCA88028692C1D40F2091604286CD801A1D1E800F0C04660
:2015400004122730460020884B283CD3009800285FD1287D062820D30620287502F025FA24
:201560001BE021885A2902D90220E06051E0412901D20020F9E7D1F15A002189484342F214
:201580001071081A642190FBF1F041E02188CA2901D90320E9E75A2939D20120E5E7394633
:2015A000A088FBF72DFE2188A080B14201D90420DBE7C02904D80220E0600020A08028E0FB
:2015C0001B49884223D3002022E03946A088FBF717FEA0803946E088FBF712FE2188E08005
:2015E000C02904D20221E1600020606011E0B14206D8A17821B10320E0600021E18008E06E
:201600000B4AA1889142DED2B0F5C87FDBD26420A07003B0F0BD04490A68642002B1887945
:201620007047044908887047DC2B00200000244018F60000E02B002000220E2824D801A1A5
:20164000D1E800F0080A0C0E10121416181A1C20221E20004B4816E04B4814E04B4812E006
:201660004B4810E04B480EE04B480CE04B480AE04B4808E04B4806E04B4804E04B4802E08A
:201680004B4800E04B480288104670470021052811D801A1D1E800F0030B050D070946486D
:2016A00008E0464806E0464804E0464802E0464800E0464801880846704700004449088845
:2016C00070470000052813D801A1D1E800F0C046040C060E080A3F4908E03F4906E03F494E
:2016E00004E03F4902E03F4900E03F49088800E000207047052813D801A1D1E800F0C046FC
:20170000040C060E080A394908E0394906E0394904E0394902E0394900E03949088800E0A3
:2017200000207047052813D801A1D1E800F0C046040C060E080A334908E0334906E03349F1
:2017400004E0334902E0334900E03349088801E04FF6FF707047052812D801A1D1E800F031
:20176000030B050D07092D4908E02D4906E02D4904E02D4902E02D4900E02D49087800E0A1
:2017800000207047128007001480070016800700188007001A8007001C8007001E80070019
:2017A000208007002280070024800700268007002C8007002E8007003080070034800700A7
:2017C000388007003A80070032800700368007004480070052800700568007005A800700B1
:2017E0005C80070054800700588007005E80070062800700668007006880070060800700BB
:20180000648007006A8007006E80070072800700748007006C800700708007004F81070042
:201820005181070053810700548107005081070052810700052813D801A1D1E800F0C046FD
:20184000040C060E080A864908E0864906E0864904E0864902E0864900E08649087800E0A4
:2018600000207047052813D801A1D1E800F0C046040C060E080A804908E0804906E08049C9
:2018800004E0804902E0804900E08049087800E000207047052813D801A1D1E800F0C046A7
:2018A000040C060E080A7A4908E07A4906E07A4904E07A4902E07A4900E07A49087800E08C
:2018C00000207047052813D801A1D1E800F0C046040C060E080A744908E0744906E074498D
:2018E00004E0744902E0744900E07449087800E000207047052813D801A1D1E800F0C0466B
:20190000040C060E080A6E4908E06E4906E06E4904E06E4902E06E4900E06E49087800E073
:2019200000207047052813D801A1D1E800F0C046040C060E080A684908E0684906E0684950
:2019400004E0684902E0684900E06849087800E000207047052813D801A1D1E800F0C0462E
:20196000040C060E080A624908E0624906E0624904E0624902E0624900E06249087800E05B
:2019800000207047604908787047604908787047000002465E48012902D05E48022915D10F
:2019A0000146002051F820309A420BD811EB80035B689A4206D34F2899BF0130C0B22930A6
:2019C000C0B204E00130C0B2A028EBD30020704700000138052813D801A1D1E800F0C0460F
:2019E0000406080A0C0E4C4908E04C4906E04C4904E04C4902E04C4900E04C49087800E05F
:201A0000002070470138042810D801A1D1E800F0030507090B00464906E0464904E04649BD
:201A200002E0464900E04649087800E000207047052813D801A1D1E800F0C046040C060E02
:201A4000080A404908E0404906E0404904E0404902E0404900E04049087800E00020704793
:201A60005581070057810700598107005A81070056810700588107005B8107005D81070061
:201A80005F810700608107005C8107005E81070061810700638107006581070066810700FE
:201AA000628107006481070067810700698107006B8107006C810700688107006A810700A7
:201AC0006D8107006F81070071810700728107006E81070070810700738107007581070041
:201AE00077810700788107007481070076810700798107007B8107007D8107007E810700DE
:201B00007A8107007C810700878107008881070064850700E487070090810700918107000D
:201B2000928107009381070094810700958107008A8107008B8107008C8107008D810700E9
:201B40008E81070096810700988107009A8107009B8107009781070099810700954908784E
:201B6000704710B50C464FF6FF73002A40F085800138092800F2818001A1D1E800F0C046D3
:201B800006121E2A36424E5A6672012C01D18A4872E0022C01D189486EE0032C6DD188486E
:201BA0006AE0012C01D1874866E0022C01D1864862E0032C61D185485EE0012C01D1844880
:201BC0005AE0022C01D1834856E0032C55D1824852E0012C01D181484EE0022C01D18048BB
:201BE0004AE0032C49D17F4846E0012C01D17E4842E0022C01D17D483EE0032C3DD17C48BA
:201C00003AE0012C01D17B4836E0022C01D17A4832E0032C31D179482EE0012C01D178483F
:201C20002AE0022C01D1774826E0032C25D1764822E0012C01D175481EE0022C01D174487A
:201C40001AE0032C19D1734816E0012C01D1724812E0022C01D171480EE0032C0DD17048A9
:201C60000AE0012C01D16F4806E0022C01D16E4802E0032C01D16D480388184610BD10B515
:201C800002466B4803889A424FF6FF7010D3694C23889A420CD8012901D147491FE1022974
:201CA00001D146491BE1032940F01A81444916E1614C23889A4210D3604C23889A420CD81E
:201CC000012901D13F490AE1022901D13E4906E1032940F005813D4901E1594C23889A42B4
:201CE00010D3584C23889A420CD8012901D13849F5E0022901D13749F1E0032940F0F08086
:201D00003549ECE0504C23889A4210D34F4C23889A420CD8012901D13049E0E0022901D13B
:201D20002F49DCE0032940F0DB802E49D7E0484C23889A4210D3474C23889A420CD8012964
:201D400001D12949CBE0022901D12849C7E0032940F0C6802649C2E03F4C23889A4210D3D7
:201D60003E4C23889A420CD8012901D12149B6E0022901D12049B2E0032940F0B1801F4985
:201D8000ADE0374C23889A4210D3364C23889A420CD8012901D11A49A1E0022901D119499D
:201DA0009DE0032940F09C80174998E02E4C23885CE0C0469C810700A2800700A480070077
:201DC000A6800700AC800700AE800700B0800700B6800700B8800700BA800700C080070033
:201DE000C2800700C4800700CA800700CC800700CE800700D4800700D6800700D88007003F
:201E0000DE800700E0800700E2800700E8800700EA800700EC800700F2800700F480070046
:201E2000F6800700FC800700FE800700008107009E800700A0800700A8800700AA800700E9
:201E4000B2800700B4800700BC800700BE800700C6800700C8800700D0800700D28007003A
:201E6000DA800700DC800700E48007009A420FD37C4C23889A420BD8012901D17A492EE076
:201E8000022901D179492AE0032929D1784926E0784C23889A420FD3774C23889A420BD832
:201EA000012901D175491AE0022901D1744916E0032915D1734912E0734C23889A420FD3D6
:201EC000724C23889A420BD8012901D1704906E0022901D16F4902E0032901D16E49088863
:201EE00010BD052812D801A1D1E800F0030B050D07096A4908E06A4906E06A4904E06A4905
:201F000002E06A4900E06A49087800E0002070470146012801D1674903E00020022901D170
:201F200065490878704708B9644900E06449087870470021012801D864480178084670473D
:201F40000021012801D86248017808467047012805D306D0032806D301D15E4904E00020DE
:201F600003E05D4900E05D4908787047052813D801A1D1E800F0C046040C060E080A5849DB
:201F800008E0584906E0584904E0584902E0584900E05849087800E0FF2070475849087851
:201FA000704758490878704757490888704757490878704756490878704756490878704728
:201FC000554908787047554908787047544908787047544908787047534908787047534940
:201FE000088870470000534908787047000000B50021092821D801A1D1E800F005070D095A
:202000000F170B191B1D514816E0514814E0514812E0514810E051480EE000F0B7F90228BD
:2020200001D14F4808E04F4806E04F4804E04F4802E04F4800E04F480178084600BD00B597
:202040000021092800F2B28001A1D1E800F0C04606089D999FA79BA9ABAD4748A5E04748F0
:20206000A3E08DE0E6800700E8800700EA800700EC800700EE800700F0800700F28007004B
:20208000F4800700F6800700F8800700FA800700FC800700FE80070000810700A38107008D
:2020A000A5810700A7810700A8810700A4810700A68107007F810700808107008181070022
:2020C0008281070000000000000000008481070086810700AB810700A9810700AA81070046
:2020E0009D8107009F810700A1810700A28107009E810700A08107000000000000000000F3
:20210000BB810700BC8107000C810700BD810700BE810700BF810700C0810700C181070041
:20212000C2810700C3810700C48107000E81070000000000E08107000000000000000000C0
:20214000000000000000000000000000C9810700CA810700CB810700CC810700CD810700E0
:20216000CF810700CE810700D0810700D1810700D2810700D3810700D4810700D581070093
:20218000534812E0534810E053480EE000F0FEF8022801D1514808E0514806E0514804E03F
:2021A000514802E0514800E051480178084600BD002109281BD801A1D1E800F005070D095C
:2021C0000F110B1315174B4810E04B480EE04B480CE04B480AE04B4808E04B4806E04B480E
:2021E00004E04B4802E04B4800E04B48018808467047002109281CD801A1D1E800F0C0465B
:2022000006080E0A10120C141618444810E044480EE044480CE044480AE0444808E0444844
:2022200006E0444804E0444802E0444800E044480188084670474349088870474249088866
:202240007047424908787047414908887047414908887047404908787047404908887047D3
:202260003F490878704700003E49087870473E49087870473D490878704700003C49087861
:20228000704700003B49087870473B4908787047072803D8394951F8200000E00020704765
:2022A000072803D8364951F8200000E000207047072803D8334951F8200000E000207047CF
:2022C000072803D8304951F8200000E000207047D6810700D7810700D8810700DA810700DC
:2022E000D9810700DB810700DC810700DD810700DE81070012810700148107001681070017
:20230000188107001A8107001C8107001E8107002081070022810700248107002681070085
:20232000288107002A8107002C8107002E81070030810700328107003481070036810700E5
:20234000388107000281070004810700B18107000681070008810700AC8107000A8107008A
:20236000AD810700AF810700B0810700B2810700B6810700B8810700E4810700FCD40400C1
:202380001CD504003CD504005CD50400044908787047C121022800D14221024801717047C7
:2023A000B0A10101B4070020F0B505460E461746924C02280AD10320FBF72DFF10B1F9F779
:2023C0001FF80BE06070F9F70FF812E0032810D10220FBF720FF48B1F9F72AF86078A8B9BF
:2023E000012060702846F7F7F0FA0FE06070F9F713F82846FBF70FFF18B920702846F7F7C1
:202400000DFB324639462846F7F7F1FAF0BD10B50446FFF753F900070BD5A01E012808D8CA
:20242000F8F7EEFFF9F704F80220F7F7CEFA032009E0022C02D1F8F7E3FF03E0032C01D13A
:20244000F8F7F6FF2046F7F7C0FA10BDF0B583B06A4DFBF7ACFC0026012803D0FBF7ACFCD8
:20246000012805D16E8003213046FBF7D5FBC2E0FBF7A7FC012801D16E80BCE00320FFF73E
:20248000DBF80290344602992141C80740F1AF80684600F0D7FE009840070AD02046FBF7AD
:2024A000E9FC02460E212046FFF77EFF032101201DE00220FFF7C0F807460220FBF78AFCEE
:2024C00001900320FBF786FC2741FF0712D0019901290FD16E800321012802D1FBF79CFB49
:2024E0002AE03046FBF798FB2E7003213046FBF793FB7CE001283FD1A878A0421CD0E8783C
:20250000A04219D02046FBF7B9FC01900320FBF700FE0746FFF767FD019B7B4342F2107189
:20252000584390FBF1F7FFB22046FBF7A3FC024639462046FFF738FF2046FDF796FA074654
:202540002046FDF7BEFA01902046F7F770FA2046F7F70FF910F0E7002FD1A878A0422CD0D9
:20256000E878A04229D001990F431AD003210220FBF752FB01201DE06E8003213046FBF72D
:202580004BFB0220FFF758F807460220FBF722FC2741FF0701D00028A6D12046FFF737FF9E
:2025A000A2E70320FBF7ABFBF8B903210120FBF733FB3046FBF774FB17E02878012814D145
:2025C00003210220FBF728FB0120FBF769FB20460221FBF724FE2046FFF719FFA87808B937
:2025E000AC7002E0A04200D0EC70012028700134062CFFF648AF304603B0F0BDF82B0020AA
:2026000010B581B069460B20F5F77DFF08B1012017E0304C3048009B21786268013240F854
:20262000213001D1042903D30521FAF7C2FD60602178013121702178052901D30020207037
:20264000002001B010BD10B5244904460868411C01D101200FE002F0CAFB0022204B02F07B
:2026600040FD204A204B02F03CFD00221F4B02F01BFC03C4002010BD70B582B000210A460C
:20268000CDE90012FFF7BCFF6846FFF7DCFFF8B9DDE90001164C0122002383428C4103DBB2
:2026A000144C1A46091B03DA11460220F9F7DAF9DDE90001104D012600224B1B04DB0F4B11
:2026C000164682428B4103DA31460320F9F7CAF902B070BDB8080020FC2B0020BC080020FA
:2026E00000001440CDCCCCCCCCCC164000FEAF4000003140000030400000204000002240D7
:2027000000B5642A00D96422D2EBC232642392FBF3F292B2012801D106F0C9F9002000BD99
:202720004FF40042C821022006F0C1B9C8210022022006F0BCB90246C821012006F0B7B949
:2027400046F6F501002006F096B9114B02461148197890FBF1F189B2032006F0A8B90C4BDB
:2027600002460C48197890FBF1F189B2042006F09EB900B5FFF7D4FF0020FFF7DCFFFFF7AE
:20278000DFFF0548FFF7E1FF0348FFF7E8FF00BDEF81070080841E000080000010B5002451
:2027A0002046F7F712F90134062CF9D3002421460020FBF731FA0134052CF8D30921002044
:2027C000FBF72AFAF8F704FE10BDF7F7D1B9000003B4074A009801991060516002B07047E9
:2027E0000722044902F015BA0722034902F011BA900A0020980A00209F0A00200020DB4AE6
:20280000DB49125C0A5401300828F8D30A20F7F7B1BB0020D54AD649125C0A54013008288D
:20282000F8D34920C8710A20F7F7A4BB0022D14B9B5C83540132032AF9D3032008800020B1
:20284000704770B5CC4D04460E4603202946FDF78BF9F12020708C21617000210A194B1914
:202860001B7C013104299370F8D3A071A021E1710021C24B0A195B5C013108291372F8D3B5
:202880002074AA21617400216B5C0A19013108299374F9D3A076AB21E17600210A194B19E2
:2028A0001B7A013108291377F8D314F124052870AE2068700020B24A0119125C0130112851
:2028C00081F82620F7D3FFF761FD022805D1412020734320E8714520E87337203080002084
:2028E00070BD70B5A44D04460E4603202946FDF73BF900200021215401302B28FAD3F12025
:20290000207020206070F12060722A20A072F120A0742B20E074F120E0762E20207714F1C3
:202920002C00F12101708C214170002001194219127C0130042881F82E20F7D33220308077
:20294000002070BD0022002383540132072AFAD307200880184670470022002383540132CA
:20296000072AFAD307200880184670470022002383540132072AFAD3072008801846704784
:202980000022002383540132072AFAD307200880184670470022002383540132072AFAD3D9
:2029A000072008801846704700220023835401320F2AFAD30F2008801846704730B5044603
:2029C0000D46F7F79EFA207001202880002030BD00226C4B9B5C83540132062AF9D30620BC
:2029E000088000207047F0B5634D06460F46002403202946FDF7B8F821464A19127C72540A
:202A000001310429F9D3002806BF0420388001242046F0BD30B504460D4600205749095CE3
:202A2000215401300828F9D3FFF7B0FC022801D14120207108202880002030BD30B5044658
:202A40000D4600205049095C215401300828F9D3FFF79CFC022803D19920E07032202071EB
:202A600008202880002030BD0022484B9B5C83540132082AF9D30820088000207047F0B599
:202A80003D4D06460F46002403202946FDF76CF821466A5C725401310829FAD3002806BFED
:202AA0000820388001242046F0BDF0B5324D06460F46002403202946FDF756F821464A1977
:202AC000127A725401310829F9D3002806BF0820388001242046F0BD30B504460D460020CE
:202AE0002749095C215401301128F9D3FFF74EFC022803D1432060714520607311202880D3
:202B0000002030BD30B581B004460D4600F00CFA012813D10C2028800025694602312846A9
:202B2000F5F7F1FC6A4652886800110A015520180135062D4270F0D3002000E0012001B071
:202B400030BD10B50C4601460020F8F786FB0B202080002010BD10B50C4601460220F8F773
:202B60007CFB0B202080002010BDC0467CD5040000FE002084D50400F623002087D50400B7
:202B80008FD50400A0D50400A6D50400AED5040010B50C4601460420F8F75FFB0B202080B8
:202BA000002010BD10B50C4601460520F8F755FB0B202080002010BD10B50C46014601202F
:202BC000F8F74BFB0B202080002010BD10B50C4601460320F8F741FB0B202080002010BDA4
:202BE00010B50C461822CD4902F06BFD18202080002010BD10B50C46F8F762FB012020802B
:202C0000002010BD10B50C46F8F76AFB01202080002010BD10B50C46F8F769FB0220208082
:202C2000002010BD00220023835401322D2AFAD32D200880184670470022002383540132FB
:202C4000362AFAD3362008801846704710B50C46F8F756FB01202080002010BD10B50C4638
:202C600000210022425401311029FAD3F8F758FB10202080002010BD002070470020704796
:202C800030B50546002400F04FF901280DD12046A3492A5C0A5401300828F9D30320FCF728
:202CA000A0FF10B9F7F7B1FD00E00124204630BD70B581B005460C46164601200090694609
:202CC0000320FCF745FF009959B950B96E20207068786070A878A07003203060F7F750F9FE
:202CE00004E0022902D07220F7F753F9002001B070BD30B50546002400F016F901280ED1CE
:202D0000204687492B5C4218013008281372F8D30320FCF766FF10B9F7F777FD00E0012440
:202D2000204630BD70B581B005460C4616460120009069460320FCF70BFF009959B950B9BD
:202D40006E20207068786070A878A07003203060F7F716F904E0022902D07220F7F719F952
:202D6000002001B070BD30B50546002400F0DCF801280ED120466A492B5C421801300428DE
:202D80001374F8D30320FCF72CFF10B9F7F73DFD00E00124204630BD70B581B005460C4664
:202DA00016460120009069460320FCF7D1FE009959B950B96E20207068786070A878A070C0
:202DC00003203060F7F7DCF804E0022902D07220F7F7DFF8002001B070BD06220A618A68C3
:202DE0007123137083688A685B78537083688A689B78937080688A68C078D07088681022E2
:202E00000271886801214171F7F7BAB810B582680C46052152782161A16871230B708368A5
:202E2000A1685B784B708368A1689B788B708068A168C078012AC87008D313D0032A17D398
:202E400004D100F071F8A168087117E003202061A0687F210170A06831214170A0681221C8
:202E600081700BE0012000F062F80121A06804E0002000F05CF80021A068017110BD2949BF
:202E80000870704727490878704770B50D4681684C780E7905212961A96871220A708268F8
:202EA000A96852784A708268A96892788A708068A968C078C870A8680121017100F034F855
:202EC00001281BD1012C02D0022C08D021E0012E02D1F9F711F81CE0022E0BD107E0012EBE
:202EE00002D1F9F705F814E0022E03D10020FFF7C6FF0EE0A868002101710AE00320286118
:202F0000A8687F210170A86831214170A8681221817070BD00210846F7F724B8A4A101019C
:202F2000F6230020142C002024490878704723490870704710B586B004466846062102F0AD
:202F40009EFC18221E49684602F0BBFB052C26D8204601A1D1E800F00318081F0F156A46EA
:202F600050781178000713E06B469878597851EA0020001115E09DF8040069460007C97883
:202F800006E0BDF80400F4E701AAD0789178000751EA105005E001AB1879D978E7E74FF693
:202FA000FF7006B010BD10B500242046F6F70DFD0134062CF9D3F8F70BFA10BD152C002084
:202FC000A4A10101A34908787047A2490870704710B5044600F006F8204600F082F810BDD3
:202FE00000F0FFB870B583B005469B4C03229B496846013002F065FB032299490DF1090058
:2030000002F05FFBE8786B465870287900F00F009870A878C009D8705A1C191D481D03237B
:2030200000F064F905460020F6F788FD20680126B043206000210846F8F74AFD28071BD184
:20304000607910B10138607108E06073206830F00200206000213046F8F73AFD207910B1D0
:203060000138207108E0A073206830F00400206000210220F8F72CFD05F00F05681E01284C
:203080001CD8607B182809D920686671314650F0020020603046F8F71BFD01E00130607345
:2030A000207910B10138207108E0A073206830F00400206000210220F8F70AFD032D0ED17D
:2030C000A07B182809D920682671314650F0040020600220F8F7FCFC01E00130A07303B078
:2030E00070BD30B583B005465B4C03225D496846013002F0E6FA03225B490DF1090002F05B
:20310000E0FAA8796B4658706979C1F3830098708809D8705A1C191D481D032300F094F98D
:203120002168054631F0080121600120F6F706FD00210320F8F7CCFC28071BD1E179481E29
:2031400001D3E07108E0E173216831F01001216000210420F8F7BCFCA179481E01D3A07181
:2031600008E02174216831F02001216000210520F8F7AEFC05F00F05681E01281DD8E17B9E
:203180000B290AD901202168E07151F01001216001460420F8F79CFC01E0481CE073A179A6
:2031A000481E01D3A07108E02174216831F02001216000210520F8F78BFC032D0FD1217C92
:2031C0000B290AD901202168A07151F02001216001460520F8F77CFC01E0481C207403B0DB
:2031E00030BD30B581B01C4C216831F04001216041786B4601F00F02C1F302119A70D97072
:203200000578981C012300220221F6F7C3FD85420CD108200021F8F75BFC207A08B10138A8
:203220000DE0206830F48070206009E008200121F8F74EFC206850F4807020600220207229
:2032400001B030BD044A1168016070470249002008607047242C0020182C0020B6D5040004
:20326000B9D50400BCD50400BFD5040010B5C04C38B9B020042301220021F7F7AFFF0020D6
:2032800031E0606000F0A0F900F0D3F900F007FA00F041FA00F039FA00F043FA14F1500057
:2032A000F8F768FD00BB14F14000F8F763FDD8B914F16000F8F75EFDB0B914F1200114F197
:2032C0001800F8F77AFC78B914F12A0114F11000F8F773FC40B914F1340114F10800F8F76E
:2032E0006CFC08B90120207010BD0000F0B585B00390A0481E4603681B6817461A6804910C
:20330000D168C88B9C4C0025C00803B4311A984800780391002803BC02D1B02001231AE0B6
:20332000496921B994F832100295617001E00121029107B91EB9049909B1039919B9B02009
:2033400004231A4608E067B1118810EBD1018E4207D2B020032304222946F7F73FFFFF25FC
:203360006FE0996859B10978012908D10220330002D01288B6EBD20304990B600CE056EA04
:20338000070216D1E67014F13802210014F12400F8F791FC012834D08FB376490A681268C8
:2033A0001268D3681288DB8BDB1013EBE2012A460FE05A6852880198B0EBD20FCFD10122B9
:2033C000E2703A46E1E703B40598B95C8154013203BC9A42F7D32A460CE003B4D0180390EF
:2033E0005018385C039902900598401802990132017003BC01B4701A824201BCEDD3022806
:203400001FD0029AA168F8F7C2FC5C4D84F820005B492A46F8F77CFB90B9EA79150194F85E
:203420002020EDB202F00F02154336B151480268126812681288B6EBD2060498066000E07F
:203440007725284605B0F0BDF0B585B0039049481E4603681B681746DA680491D168C88BF0
:20346000484C0025C00803B4311A414800780391002803BC02D1B02001231AE0496921B900
:2034800094F872100295617601E00121029107B91EB9049909B1039919B9B02004231A4667
:2034A00008E067B1118810EBD1018E4207D2B020032304222946F7F791FEFF2581E05969AE
:2034C00059B10978012908D10220330002D01288B6EBD20304990B600CE056EA070216D103
:2034E000E67614F17802284914F16400F8F7E3FB012834D08FB31F490A681268D268D36812
:203500001288DB8BDB1013EBE2012A460FE01A6952880198B0EBD20FCFD10122E2763A4673
:20352000E1E703B40598B95C8154013203BC9A42F7D32A460CE003B4D01803905018385C63
:20354000039902900598401802990132017003BC01B4701A824201BCEDD3022831D0029A03
:20356000216AF8F714FC094D84F8480010E0C0462C2C0020302C00207C2C0020442C002065
:203580004C2C0020542C00206C2C00203C2C0020A11C2A46F8F7BCFA90B9EA79150194F893
:2035A0004820EDB202F00F02154336B1744802681268D2681288B6EBD2060498066000E0F3
:2035C0007725284605B0F0BD70B56D490A68126870CA11F1700229889180E1686888CC8BB8
:2035E0002018908108881080488850800889D0804868334600B99060012800D190600328FA
:2036000001D102249460022801D103249460042800D190602BB9887BD073087F1074887A83
:2036200004E0D87AD073D87B107418790138907370BD70B552490A6812680C3270CA11F11A
:20364000880229889180E1686888CC8B2018908108881080488850800889D080486833467B
:2036600000B99060012800D19060032801D102249460022801D103249460042800D190609C
:203680002BB9887BD073087F1074887A04E0D87AD073D87B107418790138907370BD70B584
:2036A00037490A681268183270CA11F1A00229889180E1686888CC8B2018908108881080BB
:2036C000488850800889D0804868334600B99060012800D19060032801D10224946002286C
:2036E00001D103249460042800D190602BB9887BD073087F1074887A04E0D87AD073D87BED
:20370000107418790138907370BD224911F10802002000F00CB8204911F11A02012000F048
:2037200006B81A4911F12C02022000F000B830B5134B1C68002C45D00C2545432068445988
:203740004019B5330B6001238068CB7130BBE16891F82000D07111F10800437E1370837E08
:203760001372C37E5372CB7B5370CB7A93704B7CD3700B7C5371487B1071087B21E0C0464A
:20378000302C00200000000000000000342C002000000000442C00203C2C0020017CD17156
:2037A000417C1170817C1172C17C5172017B5170017A9170817BD170417B5171817A11715A
:2037C000407A907130BD000010B581B0FCF770FA01200090002472B604F58034FCF777FAE0
:2037E000F8F78CFE03F0B8F969460020FCF7B0F9200CB0F5FA7F02D000980228ECD0240C77
:2038000062B6B4F5FA7F0CBF0120002001B010BD00207047F0B581B01148024690F83C10C2
:20382000C378447A05788679009101211778FF2F01D0002104E0521C10F13C07BA42F5D951
:203840000098012809D1032B02D10DB951F00401062C02D1012106B90821084601B0F0BD05
:2038600000A0010100000000000000008320002102F04ABC8320012102F046BC6F20002181
:2038800002F042BC6F20012102F03EBC0246642900D96421C903D1F54810642190FBF1F08D
:2038A00080B20AB9FEF751BF012A01D1FEF757BF70476421FFF7EABF0021FFF7E7BFF0B5C9
:2038C0002949087800252E4618B1FEF75FFD022801D1012046E0FAF774FA012805D1284634
:2038E000FFF7EAFF0120FFF7E7FFFAF760FA012837D0FAF761FA012833D0FAF762FA012883
:203900002FD01A480224078857FA04F0C00705D52046FAF75FFA012800D1054601340B2C4A
:20392000F2DD13480224078857FA04F0C00705D52046FAF74FFA012800D1064601340B2C70
:20394000F2DD0020012D02D1FFF7B3FF01E0FFF7B3FF0120012E02D1FFF7ABFF01E0FFF7AC
:20396000ABFF0020F0BDC046F1810700408007004280070010B510494A8812184A804A880B
:20398000642A10D300204880087860B100200870F5F7D2FC00242046F6F740F80134062CD5
:2039A000F9DB012000E0002010BD0349012008707047FFF7DFBFC046E82C002070B504466C
:2039C00002280FD10320FAF726FC012807D1F7F72FFD0220F5F7F9FF0320F5F7F6FFF7F794
:2039E00003FD10E003280ED10220FAF714FC012807D1F7F705FD0220F5F7E7FF0320F5F7B6
:203A0000E4FFF7F709FDE5B22846FAF737FA06460420FAF77EFB7043642190FBF1F6F6B27C
:203A20002846FAF727FA324601462046F5F7DFFF002070BD30B50546022802D1F7F7E0FCD3
:203A400003E0032801D1F7F7F3FC834C2846F5F7BCFF2078012804D1002020702846F5F725
:203A6000B4FF002030BDF0B582B0FAF7A0F9012807D0FAF7A1F9012803D0FAF7A2F90128E9
:203A800001D10020E1E00420FDF7D6FD0190002401992141C80740F1D0800420FAF73DFF36
:203AA00006460C20FAF739FF0746FBF7C5FB40B9FEF76CFC022804D1C6F34006C7F3400711
:203AC00011E0FBF7B9FB18B9FEF760FC012803D0032E06D1032F04D1012006F001060740BD
:203AE00001E0002637465C4D6846FFF7ABFB00988006400F4BD02046FFF79CFF0120287017
:203B0000E8700421300003D00220FAF785F890E0FAF782F831468DE0687810BB0120287072
:203B20002046FFF787FF20460121FAF778FB2046FBF79BFF06462046FBF7C3FF304305D017
:203B400004210220FAF768F8012048E00420FAF7D6F8022845D004213846FAF75DF83846FB
:203B60003DE004210220FAF757F80120FAF7A4F820460221FAF753FB33E0AE7068702046BC
:203B8000FFF758FF04213046FAF746F855E0002EF3D0002FC0D02046FAF73DFB10B920466B
:203BA000F5F73CFF68780028DBD12046FFF706FF20460121FAF733FB2046FBF756FF064629
:203BC0002046FBF77EFF3043BAD10420FAF797F8022806D004210120FAF71EF80020FAF710
:203BE0006BF80098C0F3C200072808D0E878012805D10020E87004210120FAF70DF82046D5
:203C0000F5F7B7FDC8B1A8780130A870A8780A2813D30A20A870012028702046FFF70AFF8A
:203C20000120687004210220F9F7F6FF0120FAF743F802212046FAF7F2FA0134062CFFF650
:203C400027AFFBF7F9FA18B102200421F9F7E4FF002002B0F0BDC046F12C0020F0B503203C
:203C6000FDF7EAFCC0B200230021EB4D50FA03F2D2071AD50A2203FB0212E84C0C2672431C
:203C8000665C5651AA180C19A47A1472E44C665C0A277E430C199680A67A7E43D680247D39
:203CA00001310A295472E5D30DE00A2203FB02120C24624300245451AA18013189B20A29F6
:203CC00054601481F1D30133052BCDDD0020F0BDF0B500242046FEF7DBFA05462046FEF75D
:203CE000DFFA00210A2204FB02120C235A43CA4B9A186B5C13604B199B7A1372435C0A26F1
:203D0000734393800B189E7A0A277E43D6801B7D01310A295372E5D30134082CDADB00209F
:203D2000F0BDF0B500242046FEF7C2FA05462046FEF7C6FA00210A2204FB02120C235A4364
:203D4000B54B9A186B5C13604B199B7A1372435C0A26734393800B189E7A0A277E43D6805E
:203D60001B7D01310A295372E5D30134082CDADB0020F0BD10B50020AA4BAB491B5C820017
:203D80005354AA4B1B5C8A180A2463435380A84B28311B5C820053548918A64A125C624337
:203DA00001300A284A80E7D3002010BD10B500209C4B9D498200C3189B7A53549B4B8A18DC
:203DC000C3189B7A0A2463435380994B28318200C3189B7A53548918964A125C6243013031
:203DE0000A284A80E4D3002010BD00B5FEF798FC0020F5F7EAFD00BD10B50446FEF796FC9F
:203E000085490C2004FB0010447A0020FAF732F8224601460020F5F7EAFD10BDF0B50C225E
:203E200051437D4A2DED028B5418E188A2880546881A00F0DFFF06000F00607A217A401AE2
:203E400000F0D8FF32003B0001F02EF800F07CFFB0EE408AFEF76AFCA088281A00EE100A77
:203E6000207A01EE100AB8EEC00AB8EE411A08EE001AFCEEC10A10EE905A607AEDB2854241
:203E800000D905460020F9F7F5FF2A4601460020F5F7ADFDBDEC028BF0BDF0B50C22514343
:203EA0005D4A2DED028B5418E188A2880546881A00F0A0FF06000F00607A217A401A00F065
:203EC00099FF32003B0000F0EFFF00F03DFFB0EE408AFEF72BFC607AA188691A00EE101AB1
:203EE00001EE100AB8EEC00AB8EE411A08EE401AFCEEC10A10EE904AE4B284420BD800200C
:203F0000F9F7B8FF01460020220002D0F5F76FFD01E0F5F75AFDBDEC028BF0BD0120F5F733
:203F200054BD10B50C2148433B490818813004780120F9F79FFF224601460120F5F757FD63
:203F400010BDF0B582B00C225143334A511878314C7A0D7A8E88C9880746881B00F04AFF8F
:203F600000900191601B00F045FF009A019B00F09BFF00F0E9FEB81B00EE900A01EE905AA5
:203F8000F8EEE00AF8EE611A40EE201ABCEEE11A11EE105AEDB2A54200D925460120F9F79F
:203FA00069FF2A4601460120F5F721FD02B0F0BDF0B582B00C225143174A551878356C7A5E
:203FC000AE88E9880746881B00F014FF0090287A0191201A00F00EFF009A019B00F064FFC3
:203FE00000F0B2FEB81B00EE900A01EE904AF8EEE00AF8EE611A40EE601ABCEEE11A11EE80
:20400000105AEDB2A5421CD80120F9F733FF014601202A0013D00FE0402D0020D9D60400D5
:20402000EDD604009282070000310020A6820700BA820700CE820700F5F7D9FC01E0F5F7F6
:20404000C4FC02B0F0BD00B5F7F7DAF90220F5F7BCFC00BD10B50446F7F7C6F9F5490C2022
:2040600004FB0011F93102200C78F9F703FF224601460220F5F7BBFC10BDF0B50C225143C6
:20408000EC4A2DED028B5418F034E188A2880546881A00F0AFFE06000F00607A217A401AB2
:2040A00000F0A8FE32003B0000F0FEFE00F04CFEB0EE408AF7F798F9A088281A00EE100A7E
:2040C000207A01EE100AB8EEC00AB8EE411A08EE001AFCEEC10A10EE905A607AEDB28542DF
:2040E00000D905460220F9F7C5FE2A4601460220F5F77DFCBDEC028BF0BDF0B50C2251433F
:20410000CC4A2DED028B5418F034E188A2880546881A00F06FFE06000F00607A217A401A91
:2041200000F068FE32003B0000F0BEFE00F00CFEB0EE408AF7F758F9607AA188691A00EEFB
:20414000101A01EE100AB8EEC00AB8EE411A08EE401AFCEEC10A10EE904AE4B284420BD89F
:204160000220F9F787FE01460220220002D0F5F73EFC01E0F5F729FCBDEC028BF0BD00B59B
:20418000F7F756F90320F5F720FC00BD10B50446F7F742F9A7490C2004FB001010F5B4706E
:2041A000447A0320F9F766FE224601460320F5F71EFC10BDF0B50C2251439E4A2DED028B2F
:2041C000511811F5B474E188A2880546881A00F011FE06000F00607A217A401A00F00AFEED
:2041E00032003B0000F060FE00F0AEFDB0EE408AF7F712F9A088281A00EE100A207A01EE0D
:20420000100AB8EEC00AB8EE411A08EE001AFCEEC10A10EE905A607AEDB2854200D9054602
:204220000320F9F727FE2A4601460320F5F7DFFBBDEC028BF0BDF0B50C2251437D4A2DED7B
:20424000028B511811F5B474E188A2880546881A00F0D0FD06000F00607A217A401A00F029
:20426000C9FD32003B0000F01FFE00F06DFDB0EE408AF7F7D1F8607AA188691A00EE101AE7
:2042800001EE100AB8EEC00AB8EE411A08EE401AFCEEC10A10EE904AE4B284420BD8032065
:2042A000F9F7E8FD01460320220002D0F5F79FFB01E0F5F78AFBBDEC028BF0BD0420F5F700
:2042C00084BB10B50C2148435A49081810F5F070447A0420F9F7CEFD224601460420F5F79E
:2042E00086FB10BDF0B582B00C225143514A511811F5F0714C7A0D7A8E88C9880746881BC8
:2043000000F078FD00900191601B00F073FD009A019B00F0C9FD00F017FDB81B00EE900AF0
:2043200001EE905AF8EEE00AF8EE611A40EE201ABCEEE11A11EE105AEDB2A54200D9254633
:204340000420F9F797FD2A4601460420F5F74FFB02B0F0BDF0B582B00C225143354A5118C4
:2043600011F5F0756C7AAE88E9880746881B00F041FD0090287A0191201A00F03BFD009A67
:20438000019B00F091FD00F0DFFCB81B00EE900A01EE904AF8EEE00AF8EE611A40EE601A3B
:2043A000BCEEE11A11EE105AEDB2A5420BD80420F9F760FD014604202A0002D0F5F717FBB0
:2043C00001E0F5F702FB02B0F0BD0520F5F7FDBA10B50C2148431749081810F51670447AA6
:2043E0000520F9F747FD224601460520F5F7FFFA10BDF0B582B00C2251430E4A511811F57E
:2044000016714C7A0D7A8E88C9880746881B00F0F1FC00900191601B00F0ECFC009A019BE9
:2044200000F042FD00F090FCB81B00EE900A01EE905A01E0402D0020F8EEE00AF8EE611AFE
:2044400040EE201ABCEEE11A11EE105AEDB2A54200D925460520F9F70DFD2A460146052021
:20446000F5F7C5FA02B0F0BDF0B52DED028B83B006460C204843BF49081810F51674657A1A
:20448000A788E088C01B00F0B5FC0190207A0291281A00F0AFFC019A029B00F005FD00F054
:2044A00053FCF01B00EE900A01EE105AF8EEE00AB8EE411A00EE601AFCEEC11A11EE902A0A
:2044C000B0EE408AD2B2AA421CD80520F9F7D2FC0146A088301A00EE100A607A01EE100A89
:2044E000B8EEC00AB8EE411A08EE401AFCEEC10A10EE902A0520D2B212B1F5F778FA01E0E3
:20450000F5F763FA03B0BDEC028BF0BD70B50A46994C002108B960602181964D61680C2046
:2045200001FB0056F08808B9012037E020893368801820812089012B05D30AD0032B0FD3A4
:204540001AD0002028E0B18888421AD3FFF74DFC17E0B288904214D30846FFF74DFC10E0B3
:20456000B288904202D3FFF759FC0AE0002211461046F5F73CFA04E0B288904201D3FFF77A
:204580008CFC61680C2001FB00502289C088824203D300202081481C6060002070BD70B56E
:2045A0000A46764C002108B960602181744D61680C2001FB0056F08808B9012037E0208983
:2045C0003368801820812089012B05D30AD0032B15D31AD0002028E0B18888421AD3FFF772
:2045E0009DFC17E0B288904203D30846FFF799FC10E0002211460120F5F7F9F90AE0B288E4
:20460000904207D3FFF79DFC04E0B288904201D3FFF7CEFC61680C2001FB00502289C088A7
:20462000824203D300202081481C6060002070BD70B50A46534C002108B960602181524DB7
:2046400061680C2001FB0056F08808B9012037E020893368801820812089012B05D30AD09E
:20466000032B0FD31AD0002028E0B18888421AD3FFF7E9FC17E0B288904214D30846FFF71F
:20468000E9FC10E0B288904202D3FFF7F6FC0AE0002211460220F5F7AAF904E0B288904278
:2046A00001D3FFF72AFD61680C2001FB00502289C088824203D300202081481C6060002036
:2046C00070BD70B50A46314C002108B9606021812F4D61680C2001FB0056F08808B901205A
:2046E00037E020893368801820812089012B05D30AD0032B0FD31AD0002028E0B18888427A
:204700001AD3FFF73CFD17E0B288904214D30846FFF73CFD10E0B288904202D3FFF74AFD08
:204720000AE0002211460320F5F761F904E0B288904201D3FFF77FFD61680C2001FB005036
:204740002289C088824203D300202081481C6060002070BD70B50A460E4C002108B9606029
:2047600021810D4D61680C2001FB0056F088A8B901204BE0402D0020F82C0020002D0020B3
:20478000B82D0020082D0020302E0020102D0020A82E0020182D0020202F002020893368D6
:2047A000801820812089012B05D30AD0032B0FD31AD0002028E0B18888421AD3FFF77EFDB6
:2047C00017E0B288904214D30846FFF77AFD10E0B288904202D3FFF785FD0AE00022114688
:2047E0000420F5F704F904E0B288904201D3FFF7B1FD61680C2001FB00502289C08882424C
:2048000003D300202081481C6060002070BD70B50A46CA4C002108B960602181C84D6168E3
:204820000C2001FB0056F08808B9012037E020893368801820812089012B05D30AD0032B57
:204840000FD31AD0002028E0B18888421AD3FFF7BCFD17E0B288904214D30846FFF7B8FDE2
:2048600010E0B288904202D3FFF7C3FD0AE0002211460520F5F7BBF804E0B288904201D3C6
:20488000FFF7F2FD61680C2001FB00502289C088824203D300202081481C6060002070BD33
:2048A000F0B50E46A74C002508B9208165606168A54F8800C119498811B92181012011E052
:2048C000395C2846FEF7E2FF2089616880192081208917EB81025288904202D32581481C9A
:2048E00060602846F0BDF0B50D46984C002600B960606168964F8800C119498809B901209E
:2049000011E0395C0120FEF7C1FF2089616840192081208917EB81025288904202D3268179
:20492000481C60603046F0BD10B5FDF7F9FEF6F767FDF6F77DFD00242046F5F746F80134DF
:20494000062CF9DB0020F9F7DAF9022803D000210846F9F761F904210020F9F75DF901200C
:20496000F9F7CDF9022803D001210020F9F754F902210020F9F750F905210020F9F74CF90E
:2049800008210020F9F748F909210120F9F744F906210020F9F740F910BD6E490870704702
:2049A000F0B505466B4C0120F9F714FAF9F7FFF9F9F702FAF9F7FBF9E0B9F9F7FDF9C8B979
:2049C00094F8420078B1FDF7ABFEF6F719FDF6F72FFD00252846F4F7F8FF2846F5F71EF842
:2049E0000135062DF6DB002084F842000921F9F713F907E02078012806D10022114610462B
:204A0000F9F772F901206EE0F9F7D1F914F1430601280FD194F8420001280BD0012084F84C
:204A2000420000203070FFF77FFFFFF751F9FFF7A1F912E0F9F7C0F9012812D194F84200BB
:204A400002280ED0022084F8420000203070FFF76BFFFFF766F9FFF7A9F909210120F9F726
:204A6000DBF829463078FFF751FD074629463078FFF795FD3F1829463078FFF7D9FD3F188B
:204A800029463078FFF71DFE3F1829463078FFF761FE3F1829463078FFF7B9FE3F1829464A
:204AA0003078FFF7FDFE3F1829463078FFF71BFF3F18FFB201203070F9F779F9012803D1B7
:204AC00094F84200012807D0F9F776F9012809D194F84200022805D1082F03D30921002081
:204AE000F9F79AF80020F0BD70B50446F9F75FF910B1F9F761F9F0B9174EF9F762F968BB29
:204B0000307878B1FDF70CFEF6F77AFCF6F790FC00242046F4F759FF2046F4F77FFF013419
:204B2000062CF6DB002030700320F9F753F910B90321F9F771F8012062E0C046202D002037
:204B4000982F0020282D002000310020302D002028310020F82C00203C2D0020F9F731F9CB
:204B6000012812D1307803280FD00320307000207070FFF7D9FEFFF771F809210020F9F74E
:204B80004BF803210120F9F747F821467078FFF7BDFC054621467078FFF701FD2D18214626
:204BA0007078FFF745FD2D1821467078FFF789FD2D1821467078FFF7CDFD2D1821467078DD
:204BC000FFF725FE2D18EDB201207070F9F7EFF8012802D13078012806D0F9F7EDF801285F
:204BE00009D13078022806D1062D08D309210020F9F712F801E0062D01D3002070700020D8
:204C000070BD10B50446FFF7CBFE2046FFF76CFF10BDE0B585B0884200F09480002A00F053
:204C200091800B1A934280F0838040F20003C0F20003002B40F08480042A064604D30BE071
:204C40000B78337001310136013AF9D27AE00B78337001310136013AB307F8D18B079B0FDC
:204C600057D0DB0031F00305082A3DD32968142A38D301B4AF680397EF68686804972F692D
:204C8000019005971035D3F12007D940029110FA07F102980143019831600399D840B94054
:204CA0000143716003990498D940B84001430498B1600599D840B9400143F160059910367D
:204CC000103A01BCD3E701B46F680435D9400591D3F1200117FA01F00599014302C6043AD0
:204CE000394601BC082AEED2D91004E04B5D4919012533700136013AF8D223E00B683360A1
:204D00004B6873608B68B360CB68F36010311036103A102AF2D2042A03D308C908C6043AD1
:204D2000F9E7013A0ED30B78337001310136F8E78B181B1A013B934202D200F0FEFB01E082
:204D400000F0BFFC05B0E0BD01F0004221F0004111F580131CD4A1F16051A1F58013B3F138
:204D60007E6F4FEAC00318D210F1805041F10001B3F1004F08BF20F000504FEAC10323F032
:204D8000004343EA507040EA020000EE100A7047004218BF40F00050EFE721DA4FEA215CD8
:204DA000CCF1090CBCF1200F17D84FEAC121C30241EA5050CCF1200340F0004000FA03F36B
:204DC00018BF43F0010320FA0CF0B3F1004F28BF401C08BF20F00100D5E700EE102A704706
:204DE000A2F5000080F0004000EE100A7047002200F004B8C2175040801AD207B0FA80F1E8
:204E0000C1F11D038840010006D003F5806342EAD121400501EB035170476FF0030200F098
:204E200003B8002200F000B8E0B40B46CD170903490841F0004141EA5056C3F30A5140F241
:204E40001E435B1A26FA03F1202BA8BF002112F0010F1DD0202B1BD80B2BD9BFC3F10B06C5
:204E600000FA06F6C3F1200C06FA0CF6F70F3944013F0F4308BF4FF0FF3312F0020F07D023
:204E8000B6F1004F04D10B2B00DD08B921F001019010421C934203DAE94381F0004101438E
:204EA0006940481BE0BC70472DE9E04983EA010CE04640F2000581B05B004900CFF6E0758E
:204EC000A94208D3AB4228BF41F48071490861F31E0C614602E1AB4207D303D8100008BF40
:204EE0001146F3D010461946F0E752EA030740EA010606D105F58071002E18BF29463846E1
:204F0000E4E7002EE2D04D0D4FEA505C4CEA81274FEAC02C02D047F0004715E0012537B949
:204F20006FF01E05BCF100074FF0000C0CD0B7FA87F02D1A07FA00F1C0F120062CFA06F6BA
:204F400046EA01070CFA00FC5E0D4FEA525141EA83214FEAC22202D041F0004111E0012688
:204F600029B96FF01E06111E4FF0000209D0B1FA81F0361A8140C0F1200322FA03F3194314
:204F800082404808C0F14040A0EB101000EB10204300A1FB03B0C043A0FB03304300A1FBC6
:204FA00003B0C043A0FB03304300A1FB03B0C043A0FB03304000A1FB00B3A2FB00B201FB30
:204FC00000218A4288BF0133CA436FEA030BABFB0031A2FB003200FB0B2B5A458CBF481CD0
:204FE0000846ACFB0B12A7FB00E3A7FB0BB712EB0B025EEB070EACFB000743F1000312183F
:205000005EEB070B43F10003114318BF4BF0010B1A00A5EB060000F101015B4605D1203919
:20502000BBF100024FF0000309D0B2FA82F0091A8240C0F1200523FA05F52A438340404601
:2050400040F2FE350D4440F2FE718D423CDA53EA020108BF002008BF00250B21002D0EDAC0
:20506000C5F10B010025402909D303D901212B462A4604E002F0010C4CEA52023F21002632
:20508000202903D31E46134600222039C1F1200716FA07FC26FA01F603FA07FC4CEA060674
:2050A00018BF46F00106CB4002FA07F73B43CA4002EB055203EBD673B3EBD67F38BF0132B7
:2050C00010F00040024307E040F2000142460023C7F6F07161F31E021146184601B0BDE8E9
:2050E000E0892DE9E00181EA030C49005B004FF400170CF0004CF94238BFFB4280F08580AC
:205100005E0D7D1E06EB5158B94228BFBB4245D33B43394305EA510105EA5303A2FB017664
:205120000025E3FB0165A0FB0331FF18A0FB022356EB010045F10001FF1850F1000041F15D
:205140000001002A18BF47F0010711F4007F07D1020D3B0D42EA01313F0343EA003008E076
:20516000420D7B0D08F1010842EAC121FF0243EAC02010EBD77041F10001012F68BF20F05E
:205180000100A8F5806211EB025158BF11F5801F32D441EA0C01BDE8E0017047B94216D226
:2051A00050EA010602D14CEA510140E052EA030610D0490840004941A8F1010811EA570FF0
:2051C000F8D008F10108BB420BD33B43A4E752EA030603D110464CEA530128E0394305EAB5
:2051E00051015B0852005B41A8F1010813EA570FF8D008F1010891E700206146002AC4BF51
:20520000A1F5801181F0004111E0CD1A08BF904204D28046491B10465B19424650EAC126D1
:2052200004BF52EA030641F480114CEA5101BDE8E001704783F0004391EA030F00F19E8089
:20524000E0B46FF00007CD1A08BF904204D21646491B02465B1930463F054E005D0016F512
:20526000001F50D26D0D23EA0703C5EB565645D043F48013362E38DCD6F120050BD8203E7C
:20528000203503FA05FC002A18BF4CF0020C33FA06F2002302E002FA05FCF24013FA05F510
:2052A000F3402A431CF10046504101EA070241EA070159410DD349085FEA300041EA47018C
:2052C0004FEA3C0C05D3BCF1404F02D2401C41F1000179404FF400168918BCF1004F08BF60
:2052E00020F0010016EB410F01D2E0BC70470020002954BF27F000413946F6E7761EB9D2F7
:2053000080185941F1E74FF4001C1CEB430FECD352EA033C1CBF19461046E6E74FEA0333C5
:2053200043EA12534FEA02324CE04FEA123242EA03524FEA1333801A61EB0301E0BC50EA05
:20534000410C08BF0021704713D081EA030183EA010381EA030180EA020082EA000280EAEB
:20536000020052EA430C19D150EA410C08BF002170474FF000004FF0000170474FF4001CFB
:205380001CEB430F73D21CEB410F80F0B3804FEA410CBCEB430F08BF9042D5D9E0B44FEAE2
:2053A000135C8CF4006CCCEB1156362EC6DC3CF4006CB3D04FEAC32343EA52534FEAC22241
:2053C00043F000434FF0000C202E21BF94461A460023203EC6F1200502FA05F75CEA070CF6
:2053E00022FA06F203FA05F742EA070223FA06F318BF42F0010201F000454FEA1156D5EBB3
:20540000065692D04FEAC12141EA50514FEAC02041F00041801A994102BFA6F100760146D3
:205420000020B1FA81FC01FA0CF1CCF1200C20FA0CF741EA0701CCF1200C00FA0CF0A6EB83
:205440000C56B6F5801627D45FEA405C4FEAD02040EA415010EBDC7046EBD121BCF1004F7F
:2054600008BF20F0010041EA0501E0BC70471CEB410F3EBF19461046704752EA033C1BBFBB
:205480001946104650EA013C70474FF04001C7F6F0714FF0000070475FEA265CCCF10B06FC
:2054A000B6F1200C15DAC6F1210C10FA0CFC20FA06F008BF4FEAC07C28BFBCF1010FC6F18D
:2054C000200C01FA0CF7784121FA06F745EB07010FE0CCF1210611FA06F7384321FA0CF02C
:2054E00040F1000001D25FF0010C08BF20F001002946E0BC704750EA410C04D152EA430CCB
:2055000001D1001A18D0B0EB020C61EB030C18BF4CF0010C91EA030247BF4FEAE17C2CF05B
:20552000010C01EA03028CEAE27CBCEBE27018BF012048BF4FF0FF307047E0B585B0531848
:205540001518042A04900CD203E0013D013B19782970013AF9D26DE0013D013B1978013A5E
:205560002970A907F8D19E07B60F52D0F60033F00303082A39D31868142A34D304B4083B70
:2055800084CB103B02925A68394604921A68D6F12007103DB840039231FA06F21043029AAA
:2055A000E860B94032FA06F00143A96012FA07F1049A32FA06F001430398696012FA07F1CB
:2055C00030FA06F73943296004BC103AD4E7043B1F68043DD6F12001884037FA06F10143B7
:2055E0002960043A3846082AF1D213EBE601013A20D3013D01390B782B70F8E7103D103B51
:20560000D968E9609968A960596869601968103A2960102AF2D204E0043D043B1968043AF7
:205620002960042AF8D203E0013D013B19782970013AF9D2049805B0E0BD61B410F0030F47
:2056400006D0521E3BD300F8011B10F0030FF8D101F0FF0C4CEA0C2C402A4CEA0C4C1FD3B3
:20566000A2F14002634665466646A0E86810A0E86810403AA0E86810A0E86810F5D24032A2
:205680001DD012F0200F1CBFA0E86810A0E8681012F0100F18BFA0E8681012F00F020ED028
:2056A000121F06D340F804CB121F02D340F804CBF6E7121D03D000F8011B521EFBD161BC80
:2056C0007047E1B5121F45DB4FF00305054012D0C5F10405022D11F8013B00F8013B08DB74
:2056E00011F8013B00F8013B03DD11F8013B00F8013B521B2EDB4FF003050D403DD1083A7E
:205700001CDB143A11DBB1E86840A0E86840B1E86840A0E86840203AF5DA12F1100FA2BFCA
:20572000B1E86840A0E86840103A1432A1BFB1E82840A0E82840B2F10C02F7E7083209DB6A
:20574000121FB9BF51F8043B40F8043B28C928C0A8BF121F121D00F08F80022A11F8013B91
:2057600000F8013BA4BF11F8013B00F8013BC4BF11F8013B00F8013B7EE021F0030151F861
:2057800004EB022D28DC4FD00C2A18DBA2F10C024FEA1E23B1E8E04043EA05634FEA1525C3
:2057A00045EA06654FEA162646EA07664FEA172747EA0E67E8C0103AEADA0C3209DB4FEA0F
:2057C0001E2551F804EB45EA0E6540F8045B121FF5DAA1F10301BDE70C2A18DBA2F10C0211
:2057E0004FEA1E63B1E8E04043EA05234FEA156545EA06254FEA166646EA07264FEA17670B
:2058000047EA0E27E8C0103AEADA0C3209DB4FEA1E6551F804EB45EA0E2540F8045B121F2C
:20582000F5DAA1F1010195E70C2A18DBA2F10C024FEA1E43B1E8E04043EA05434FEA154564
:2058400045EA06454FEA164646EA07464FEA174747EA0E47E8C0103AEADA0C3209DB4FEA8E
:205860001E4551F804EB45EA0E4540F8045B121FF5DAA1F102016DE7BDE8E14070470C39C9
:205880004FF000022BD360294FF000034FF0000C1BD3E0B4A1F118014FF000074FF00005FC
:2058A0004FF00006A0E8EC10A0E8EC10A0E8EC10A0E8EC10A0E8EC102439A0E8EC10F1D26B
:2058C00001F12401E0BC0C3909D3A0E80C10A0E80C10A0E80C100C39A0E80C10F5D20C311B
:2058E00003D040F8042B491EFBD170470A460021FFF7A3BE402A88BF4022D2F1200306DAE3
:20590000A2F1200300FA03F14FF00000704701FA02F120FA03FC41EA0C0100FA02F070470B
:20592000B1FBF0F25043081A111C7047F0B585B0BD49074611EBC0046188E0884FF6FF724C
:20594000BA4E904255D0BA4A142100FB01242168002900F0D0803168382242434968029240
:205960005218116A0092128D51F82010208A039211EB4003049300250AE0384600F074FA98
:20598000039A02FB05F1049B49000135EDB2C85200982A3000788542EFD3208A0130208230
:2059A0003068029A40681018012161602168012901D102212160218A028D91420CD30321C7
:2059C0002160416A31B94068012803D1384600F064FA01E000202082E068012840F08B80F1
:2059E0003068029940680818C069002800F0838080E0208800287ED0306838234B438C4A93
:205A0000406802931B18142001FB0025186A00931B8D50F82110288A039311EB400204926F
:205A200000200BE0384600F01FFA039A019B5343019A5900049B0132C852D0B201900146CB
:205A400000982A3000788142ECD3288A013028823068029B298A4068181801226A602A688E
:205A6000012A01D102222A60028D914236D303212960416A11B94168012901D0806858BB4F
:205A800003F0F0FB2288012A0ED9012001B441000B19A01C095A198001BC013080B2904287
:205AA000F4D32088013800E00020208003F0DDFB2088B0B1306864884068382104FB010045
:205AC000C36A90F82A202146384600F0F1F92146384604F0DCFD04E000202882384604F036
:205AE000A3FEE868012806D13068029940680818C06900B1804705B0F0BDF0B54B4C6168B2
:205B000009B10D2305E018B94A4A1068C16831B114237B2000221146F5F760FB4BE0206091
:205B20000846414A12EBC00100220A8053008D1C00265E530132022AF8D34FF6FF7201303E
:205B40000228CA80EDD335461BE038276F434168374ACE5B142006FB0020002202604260BC
:205B600002828260C2607818016B304600F02AF9206840683818416B304604F021FD01352E
:205B8000ADB2206801898D42DFD3002520680068AE00305850B10169284600F017F9216866
:205BA000096871582846496904F00EFD0135022DECD302206060F0BDF0B51C4C05462068F9
:205BC0000F4600260A2328B1C0680E2310B91523032D05D301260C227B200021F5F7FEFAED
:205BE000012E07D0390005D1012614230C227B20F5F7F4FA012E14D014200D4968434058AF
:205C000038B101260B230C227B200021F5F7E8FA07E021684968382205FB0211096A41F854
:205C200025703046F0BD000058310020503100206831002020D804000000F0B581B0484E41
:205C400005463068002427460A2328B1C0680E2310B91523032D05D301277B20022221461A
:205C6000F5F7BCFA012F76D0306838276F4340683918086A50F8250008B9192302E008693B
:205C800030B117237B2002222146F5F7A7FA62E0A0598A684068381883780093204632B13A
:205CA000012A05D14A68012A02D1496A01B9012000992C4A12EBC1044FF6FF72E1889142E2
:205CC0000BD1264B14226A43D15808B9002903E0012804D119B1032901D00B2303E0208820
:205CE000022806D320237B2002220021F5F778FA31E00121D150D0180021018203F0B2FAA1
:205D0000208828B14000A11C455220880130208003F0ABFA03F0A6FA20886188A94205D079
:205D2000B8B9658020880130208001E00028F8D003F09BFA3068406829463818C36A90F887
:205D40002A20009800F0B4F82946009804F09FFC01E003F08AFA01B0F0BD000068310020C0
:205D6000503100205831002070B5144C0546206800210E460A2328B1C0680E2310B91523AC
:205D8000032D04D301267B200722F5F727FA012E13D020684068382105FB0100C06930B956
:205DA00018237B2007220021F5F718FA05E00449142005FB00100121C16070BD503100203E
:205DC00068310020A34A42F82010704770B5A24B10EB8002B3EB8232536933F40043536141
:205DE000936833F0100393605469CB6863F310445461936853F48063936054694B6863F352
:205E00005244546154690B6963F3CB24546155694B6963F30E355561002B05DD4E8B946968
:205E2000240B64F31F369661032B04DD94698B8B63F31B449461546A54F4702454621469F7
:205E400054F0200414619468844B0126344394600C2200FB0232CC6AD4600C6B167243F807
:205E60002010146170BD00007B4910EB8000B1EB8030006AC0F30B007047774910EB8000AB
:205E8000B1EB8031486A00F01F02002002E00130C0B20B6A9042FAD370476F4910EB80004F
:205EA000B1EB8031086930F00400086170470000F0B582B01646684A074600910193654DD7
:205EC00010EB8000B2EB803403F0D2F93846FFF7D4FF009855F82000A368416861F3D523EC
:205EE000A3606269090C61F39F5262616369016861F3D5436361636A66F318536362636A2F
:205F0000711E61F313436362A268836852F01002A260A26863F34512A260A26866F3C91241
:205F2000A260002240E0019B1046052A53F8223038D801A1D1E800F0030D151D252E206BE4
:205F4000400960F35F132363206B30F02000206328E0216B63F30C212163206B30F40050C5
:205F6000F5E7216B63F314412163206B30F40010EDE7216B63F31C612163206B30F0005019
:205F8000E5E7606B400960F35F136363606B30F0200006E0616B63F30C216163606B30F4A3
:205FA000005060630132D2B2701E8242BBD30C3555F82750206995F839500421012D07BF7A
:205FC0000025884301250843019B20611046052853F8222038D801A1D1E800F0030D151D96
:205FE000252E206B400960F35F122263226B65F34512226328E0266B62F30C262663226B3A
:2060000065F34D32F5E7266B62F314462663226B65F35552EDE7266B62F31C662663226B26
:2060200065F35D72E5E7606B400960F35F126263626B65F3451206E0666B62F30C2666634D
:20604000626B65F34D32626303F015F9002002B0F0BD0000A431002000B00340B03100206E
:206060000000F0B50546014611EB80001249134CB1EB8030C6680769C66016F0040F0CD0AE
:2060800017F0040F09D00C206843015D2018012903D1416809B128468847B0050AD5B806B0
:2060A00008D50C206843015D2018012902D1806800B18047F0BDC04600B00340B83100208A
:2060C00000B50A20F3F7DCFD0020FFF7CAFFBFF34F8F0A20F3F7E2FD00BD00B50B20F3F735
:2060E000CFFD0120FFF7BDFFBFF34F8F0B20F3F7D5FD00BD000000000000000000000000CD
:2061000000F00FB800F002B800F005B800F01F01400900F0B7BD0A4600F01F01400900F01B
:20612000BBBD70B5064600F01F040125A5402946400900F0BBFD700900F0BDFD0540E5406B
:20614000E8B270BD0000000000000000000000000000C04600B584B0FEE700B584B0FEE7D6
:2061600000B584B0FEE700B584B0FEE700B584B0FEE700B584B0FEE700B584B0FEE710B554
:206180000F4801680131016000200E4B13EB0012D4688C4204D10123136093681B19D3604B
:2061A00001300528F1D3C820FFF7BAFB08B9F3F79DFD10BD00B584B0FEE700B584B0FEE77C
:2061C00060170020782B00204449884209D9B0F10071B1F5004F04D3B0F18070B0F5003FD9
:2061E00001D2012000E00020704770B50D460646FFF7EAFF0446A819401EFFF7E5FF0440CA
:20620000012C02D10DB1204600E0002070BD00B519B11146FFF7E9FF08B9052000E0002093
:2062200000BD014301208B0703D1042A03D3042004E0C90702D1022A00D302207047012826
:2062400009680AD0022803D0042807D1116005E0106861F30F00106000E01170704710B574
:2062600003460720012B0C68126808D0022B03D0042B08D1A24204E06240110401E06240B2
:20628000110600D1002010BD000010B5144C2160144C216860F30701216032B10020124960
:2062A000135C4354401C1028F9D302F0F3FF0F4A106830F08070106002F0EFFF0C4A642089
:2062C000106010BD0B490868006800B10047704708490868406800B100477047FFFF070089
:2062E00018000240100002402000024008000240000002405432002030B5DFF808100C6816
:2063000002E000BF18000240EFF31080051E00D172B6B4F5002F24BFA4F10070B0F5004F40
:2063200005D203B44FF08070016803BC09E0A4F18070B0F5003F04D203B44FF00070016881
:2063400003BC07B4AC484FF0800100BF00BF00BF00BF00BF00BF00BF00BF0160026800BF8D
:2063600000BF00BF00BF00BF00BF00BF00BF07BC002D18BF30BD62B630BD70B50446984DD7
:206380000E0008D0FFF79EFF56F0010120468847FFF79EFF07E0FFF7AFFF01E004B1A0476C
:2063A00028680006FAD502F06FFF2868000607D528680024800604D503242020286000E0C4
:2063C000042402F064FF204670BD10B5854C22687FF00F039A4330F00F031A432260606856
:2063E0007FF00F02904331F00F021043606010BD30B57B4B15461A68120601D401240FE0AF
:2064000000240A4601462420FFF73FFF287828B9A9686868FFF7B1FF044601E0FFF76CFFB5
:20642000204630BD6E4A11680140080018BF0120704730B56C49054608600120FFF7F2FF8B
:20644000012801D10A240DE000248020FFF7EAFF08B9012406E0624A64481060E968A8688E
:20646000FFF7B3FF204630BD8020FFF7DBBF000030B55B4A0D461168090601D401240FE0A3
:206480000024014642202246FFF7FFFE287828B9A9686868FFF771FF044601E0FFF72CFFC0
:2064A000204630BDF0B581B000900D4616461F460020044607E0009B3A46A119E018FFF7FB
:2064C00097FF10B91034AC42F5D301B0F0BDF0B582B0474C16460F460546FFF798FE019082
:2064E00001202060320023D03D4B4FF480301860404B3946012018602846FFF792FE3A46CC
:2065000029460090FFF79BFE3A4B1868C00706D518680009B0EB151F01D1022020600099E1
:2065200020686D187F18761A0228DBD10921019100202060019802B0F0BDF0B582B02C4DAD
:2065400000920E460446FFF762FE01272F6023E0234B4FF48030009A1860264B314601207F
:2065600018602046FFF75DFE324621460190FFF776FE204B1968C90706D519680909B1EB4C
:20658000141F01D102272F60019A0099A418B618891A0091022F04D0009921B10028D7D00D
:2065A00001E000B909200021296002B0F0BD00B502F06AFE0A49086800060CD50868800660
:2065C00005D520220A6002F062FE032006E002F05EFE002002E002F05AFE012000BD00BFA3
:2065E000000002403000024054320020640003004C3200204000024000000240011E08D081
:20660000D84A1068006A10EB81000438006880680130704730B5D34CE5682846FFF7EEFFE4
:206620006169081A2168096A51F82510C968081830BD0146002006E0126A52F82020926869
:20664000914205D90130C74B1A68D3699842F3D37047C5490A6949691218501E814238BFAC
:206660000846704710B5BF4A1368D1681B6A53F821104C7C4B688968884200D30846516981
:20668000401A0130012C02D1984288BF184610BDB44A1368D1681B6A53F8211089688842B5
:2066A00000D308465169401A0130704710B504460B225C2001230021F4F794FD0723022CEC
:2066C00002D00923052C04D10B225C200021F4F787FD10BDF0B581B0A24D0226FFF79AFF34
:2066E0006969AA692C1D91421DD82A68E968126A52F821100B680F7C0093394600F092FA3E
:20670000042803D1012084F8200018E018B10126FFF7CCFF13E097B92069009A616980184B
:206720002061884201D9002609E02A68A168126A52F821209268904201D9481CA060304603
:2067400001B0F0BD10B504460B225C2002230021F4F748FD0723022C05D00823032C02D054
:206760000923052C04D10B225C200021F4F738FD10BDF0B582B07B4D02236869A9690093F6
:2067800000262C1D88423DD8A86AFFF762FF019022E00198FFF766FF2E680746A068366A30
:2067A00056F82060767CFFF735FF33463946A26900F04EFA061E0FD12069A1692A68C019B2
:2067C000C919A161A168126A52F8212020619268904201D9481CA06020690199884201D874
:2067E000002ED6D0042E03D1012084F820000AE02EB1012200923046FFF7A4FF03E06169C8
:20680000884200D90096009802B0F0BD70B50646554DFFF7FFFE2968022903D00124032962
:2068200010D026E03146EA6900F0EAF9041E05D00B225C2003230021F4F7D4FCE869801949
:20684000E86116E03146AA6900F0E3F9041E0DD00B225C2004230021F4F7C4FC032C05D103
:2068600008230B225C200021F4F7BAFCA8698019A861204670BD01460220012901D00229AD
:2068800001D1012002E0032908BF04207047F0B581B0344C6569A0690226854223D8E06AF4
:2068A000FFF7D7FE074619E0FFF7E5FF06461BE03846FFF7EDFE0090FFF7A8FF65690099B3
:2068C0006D1865610028EFD12268E168126A52F821209268954284BF0131E160BD42E7D965
:2068E000A069854200D90026304601B0F0BD1E49086808B9FFF7EEBE012801D1FFF739BFD2
:20690000FFF7C5BF17490128886005D308D003280AD3042804D907E00868006820B102E059
:206920000868406800B10047704700F050B9F0B581B00C4D0227FFF76DFE2B68E9681B6A75
:2069400053F8211009682C1D009100F043F9064606282CD0002185F82410CEB101270B2228
:206960005C2003E0583200205C3200203B46F4F739FC022E03D10B225C20072304E0052ED1
:2069800015D109230B225C200021F4F729FC0EE020692A6800994018A168126A52F8212001
:2069A00020619268904201D9481CA0603746384601B0F0BDF0B581B0774D0227FFF72AFE12
:2069C0002A68E968126A52F821202C1D5268E969009200F009F90646062828D0002185F8E4
:2069E000241096B101270B225C200223F4F7FAFB032E01D1082302E0052E18D109230B22C1
:206A00005C200021F4F7ECFB11E02069009AA169801889182A68A161A168126A52F821200C
:206A200020619268904201D9481CA0603746384601B0F0BD594A116809B9FFF778BF012046
:206A4000012901D1FFF7B6BF704710B5544A1068514C81682060012903D1C168E162416923
:206A600002E00169E1628169A162406A00F0A6F8062806D15C20062300221146F4F7B0FBA9
:206A800007E0072805D15C20062300221146F4F7A9FB0021A16084F8241010BDF0B53F4D8D
:206AA00006460818471E6868022801D101240DE000243046FFF7BDFDA8603846FFF7B9FDAB
:206AC000E8602E616F61022650C52C762046F0BDF0B581B0314C05461018471E6068009199
:206AE000022801D1012610E000262846FFF7A1FDA0603846FFF79DFD0099E0602561676126
:206B000001200222A16105C42676304601B0F0BD224948687047F0B581B0204C054610186E
:206B2000471E60680091022801D1012610E000262846FFF77EFDA0603846FFF77AFD0099FB
:206B4000E060256167610222E161114606C42676304601B0F0BD000010B50F4C2068D0B187
:206B6000A168201D022916D194F83010012907D1FFF7DBFE01280ED1002084F830000AE062
:206B800020300078012802D1FFF754FF08B9FFF7AEFEFFF7B7FE10BD583200205C320020B5
:206BA0006CDC040028B10A2801D9012001E03349405C7047FFF7F6BFFFF7F4BF00B5304951
:206BC0000860C068FFF735FCFFF7ECFF00BDFFF74BBC000030B504460D46FFF7E8FC2A4697
:206BE0002146FFF7E7FF30BD70B504460D461646FFF7DDFC33462A462146FFF7DDFF70BD29
:206C000000B50B4611461A46FFF761FCFFF7CAFF00BD00B50B4611461A46FFF78EFCFFF7B5
:206C2000C1FF00BD10B583B06A461170144A0C46116889680191002102916946FFF718FC95
:206C400000B914B9FFF7AEFF00E0042003B010BD30B583B06D462B70094D1C462B689B68D3
:206C60000193002302936B46FFF71CFC00B914B9FFF798FF00E0042003B030BDCFD10400AE
:206C80008C3200200E4A12EB8010006901228A401040C840C0B27047094B13EB8010012354
:206CA0008B40002A0CBF836043607047044A12EB8010C16070470249800140587047000009
:206CC00000F00F4030B52549254C08680025606007E0C0680C2105FB010000F047F80135BA
:206CE000EDB26068017A8D42F3D300250BE021730122406821601C2105FB0100A260806904
:206D000000F035F801356068026800219542EED31448016030BD000000000000000030B5A6
:206D2000114C2168C9B10A69105C1C254543486828184169012904D1806900F023F803209B
:206D400060600849086840B9207A012805D1206840682818406800B1804730BD18DD0400AA
:206D600090320020041D0020943200207047016839B1012905D0022903D10169007903F02C
:206D800059BB7047016839B1012905D0022903D14179007903F0D9BB704700000000000066
:206DA00000000000000000000000000030B5154C20780D46C0060AD56068012807D102F042
:206DC0007BFA207850F02000207002F078FA012D07D102F071FA207850F00800207002F08D
:206DE0006EFA30BD000070B50D461646054C02F063FA2078012E0CBF2843A843207002F060
:206E00005EFA70BDA832002010B50A4B1C681AB114EB80031B6C136014EB8000016410BD5D
:206E2000054A410912EB810100F01F00012282400A60704708ED00E000E100E000B5DFF803
:206E40001820410910F01F0002EB8101012202FA00F0086002E000BF80E100E0BFF34F8F39
:206E6000BFF36F8F00BD002801DB044A02E000F00F00034A09018154704700BF00E400E00C
:206E800014ED00E010B5564B1A78012412B15220042308E029B9534A116811B109688142C2
:206EA00006D05220032300221146F4F797F900E00024204610BD10B5494C237802460020DC
:206EC000012B01D0034607E02AB9474B1A6813790BB1126832B102230A4652200021F4F7F6
:206EE0007DF9012010BD10B50C46FFF7E4FF50B93E4A1178032906D0224652200423002100
:206F0000F4F76CF9012010BD0246522006230021F4F764B910B501460020FFF7B3FF98B902
:206F2000304A314C1068A0604068016849B90179012906D120608168002000F0ABF8032015
:206F4000207127490120087010BD10B50A210446FFF7B1FF48B925490A78032A02D0097879
:206F6000022902D1204600F0A6F810BD30B509210546FFF7A0FF90B91C4C207803280DD012
:206F8000284600F0A1F810B90321217007E0022802D10920FFF7B8FF012000E0002030BDB4
:206FA00010B504460721FFF79EFF50B9204600F09EF810B10720FFF7A7FF0C4901200870A0
:206FC000002010BD10B50B210446FFF78CFF30B9204600F094F8054901200870002010BD69
:206FE000501E002054E70400B4320020B832002070B58CB00546487B5F4C022605A908704C
:2070000007960AA809900120069008200873601C405DF7F734F948B9079911B90291267066
:2070200005E0012902D10291217000E00296069808AA00280CBF0120002001901078143AE7
:207040001070107A6946087009980490284605F039FA10B1284605F05AFA0CB070BD10B50E
:2070600081B046490C5C694605F07EF9042807D0072807D0082807D00C2809D1002104E0AA
:20708000032102E0052100E004212046F7F70DF901B010BD70B50D78374C06462846A160FF
:2070A000896805F08CF8601C4655284605F052FA0020207070BD324A0146535C012B06BF60
:2070C000002050540120704730B52E490D682D78284605F01CFA20B9284605F03BFA002490
:2070E00003E00124022800D10446204630BD00B524490868007805F06DFAC0B200BD2149F1
:207100000868007805F07ABA70B50A691E4E04460D46701C035D501E0A282CD801A1D1E8D2
:2071200000F0C046282A07151915200C1015150029462046FFF75CFF1DE01846F7F7AFF841
:2071400019E018466968F7F7A2F814E02046FFF786FF0AE0A8690121072800D1002118460E
:2071600001E018460221F7F7A0F8204605F0CFF901E00C36F25470BDC0320020C132002049
:20718000CC320020C8320020C03200200B48002141600160704708B9086000E00120704797
:2071A0000346012023B910600868401C08601846704708B9084600E000207047D4320020E4
:2071C0000000000070B515463C4AD0EB800012EB80364C1002F0BEF8706B002811D4012CA2
:2071E0000FD306D0032C08D30FD1716B65F3D7510AE0716B65F3555106E0716B65F39651CC
:2072000002E0716B65F31451716302F0A6F870BDF0B582B00E4629490546294CD0EB8000CA
:2072200011EB803700977208019202F09FF816EBC500205C10F0090008D1B00017F13C0353
:20724000C15831F0100151F02001C15017EB8601C86B30F02000C86302F08BF8786B0028C9
:2072600009D5002111EBC500205C800714D401310829F7D30BE0019BEA0012EB4301605CC8
:2072800002231840611849781940084304D1314628460022FFF796FF019C786B002800D5AF
:2072A000002402F069F8032C03D806496000405AB86302F064F802B0F0BD000000E000401C
:2072C0001C330020CAD2040070B505460E46D94C02F03AF816EBC501605C10F0020302D038
:2072E00050F00400605402F032F831462846FFF78FFF70BDF0B584B0CF4A039003460D46C3
:20730000CE4ED0EB800112EB8130019015EBC300009056F82000E907029054BF6C1C6C1E6E
:20732000E4B202F011F816F14007009EB95D11F002030AD001F0FB01B95502F008F829467E
:2073400001220398FFF73EFF01E002F000F802F00DF80099795CC90706D50198A9003C30B3
:207360000A5852F030030B500298062814D1019810EB84020398D16B31F02001D16314EBC8
:20738000C001795C11F0080106D00198A1003C300B5853F030020A5001F0EBFF04B0F0BD63
:2073A00010B5A74A11EBC0035B0012F110041B5B33B1840014EB51046400A25A9A4202D1A5
:2073C000FFF782FF01E0FFF795FF10BDF0B583B00F463B78BA88984905469A4CD0EB80008F
:2073E00011EB8036029613EB85014900580010EBC5000A5314F1100252F8202078880093CD
:20740000012A08D14210019201F0BCFF706B0199002809D417E0013882B2019201F0B2FFC4
:20742000706B019900280ED570694FF480736FF30F0008437061E800025BF058400960F307
:207440005F12F25014E0009B16EB830250696FF30F000843506116F5807111EB830013EBC5
:20746000850149000B5B0168490961F35F13036001F08BFF3878029A12EB8003FA88596A67
:2074800062F30B0159624100C9B228460022FFF799FE03B0F0BDF0B506460D46664902465C
:2074A000D2EB80006A682C7A11EB8037396862F3840139602968386861F3010038605CB91D
:2074C000A87A84420DD2E968304651F82410FFF77DFF0134E4B2F3E7E96830460968FFF75C
:2074E00075FF8023687AD95931F4807151EA002050F40070D851F0BDF0B587B006904E4B5B
:207500000D7805910E46504FD0EB800213EB8234691003914D4A049115EBC0035900029184
:207520000020885299004A4BF26801912846072DCA5028D801A1D1E800F0C046050A0E12FB
:20754000161A1E22E36F62F30003E3671BE0E36F62F34103F9E7E36F62F38203F5E7E66FA4
:2075600062F3C3060EE0E66F62F304160AE0E66F62F3451606E0E66F62F3861602E0E66FE9
:2075800062F3C716E667059A3249029B127DCA52019B17F1F002072DD25827D801A1D1E8BC
:2075A00000F0C04605090D1115191D21E66F62F308261AE0E66F62F3492616E0E66F62F3B2
:2075C0008A2612E0E66F62F3CB260EE0E66F62F30C360AE0E66F62F34D3606E0E66F62F3ED
:2075E0008E3602E0E66F62F3CF36E6677FF08006AA0014F13C010091515831F00103009910
:2076000053F020035350059A072D527D4CD801A1D1E800F0040922282E343A4016F17F0394
:20762000D4F880103AE016F17E035200D4F8801034E0C0461C33002000E00040DC320020C7
:207640006C3300209C330020EC3300207C3300202C330020FC33002016F17C039200D4F8BC
:2076600080101BE016F17803D200D4F8801015E016F170031201D4F880100FE016F1600398
:207680005201D4F8801009E016F140039201D4F8801003E03146D201D4F880300B401A43C8
:2076A00052F40072C4F88020059A29460698126900F0BAFC14EB8503DA6D4FF6FF71C2485C
:2076C0000A430299DA6514F58873405A13EB85010A6860F304020A60EA0745D4059880699C
:2076E000002841D00278049B012B20D30DD0032B02BFD4F8881062F35961C4F888100AD2AA
:20770000D4F8881062F3514103E0D4F8881062F34921C4F88810039A012A0FD313D0032A0A
:2077200016D321D1D4F88820C2F3807214E0D4F8883062F34103C4F88830ECE7D4F8882087
:20774000C2F3801208E0D4F88820C2F3803203E0D4F88820C2F3805232B1069A049911EB25
:20776000820241885200D153AA0014F13C00115816F140030B400599897D53EA811353F0A5
:207780002003019913507818006F049001F0E8FD2846072D37D801A1D1E800F0040A101630
:2077A0001C22282ED4F88430049860F3082328E0D4F88430049860F3492322E0D4F8843036
:2077C000049860F38A231CE0D4F88430049860F3CB2316E0D4F88430049860F30C3310E020
:2077E000D4F88430049860F34D330AE0D4F88430049860F38E3304E0D4F88430049860F32D
:20780000CF33C4F8843001F0AEFD019901237818AA000363084614F13C01535870363340A8
:2078200020263343535005994A68684BB0373A501A500B7A626B012B02D1AB401A4302E090
:207840000123AB409A43626314EB8503DA6BB243DA6307B0F0BD70B55D4D0E460446FFF7B2
:207860001AFE317A002069B9B17A884215D2F16851F820100B78498813EB840252000130FA
:207880005153F1E7F2681268528810EB84014900013080B204284A53F4D332684D494E483C
:2078A000A3005A507168195070BD30B50B7A4B4AD0EB800012EB80321C0011D10CE0C86809
:2078C00050F8230000780C3001258540E8432C430133DBB280B29063887A8342EFD303E0B2
:2078E0004EF6FF709063C407506B2043506330BDF0B583B0394C05460192D0EB800014EBE4
:207900008034606B0293374F0028314809D50026E9000A5241184A8010EBC5018A80CA80AB
:2079200004E00E4611EB850149000A52636B31460020002B00D5014601290AD30DD003292C
:2079400004BF606BC0F3C0200AD2606BC0F3802006E0606BC0F3002002E0606BC0F34020C8
:20796000009401284BD101F00DFD606B019BC00F5A0818B1606962F30F004BE014EB8601F4
:20798000486962F30F00486105E014EB8602506961F30F00506114F5807111EB860016EB73
:2079A00085014900CF5B0168490961F35F17076001F0EBFC01F0F2FCA021012E029A33D399
:2079C00036D0032E10E0C046FC3300201C3500206C330020643500205C35002000E0004071
:2079E000000000009C33002002BF095962F3CB21C4F8A01021D2095962F38A211BE001F087
:207A0000C1FC606B019AC00F511E0028BDD0606961F30F006061ED00D4F80001ED5B65F309
:207A20000400C4F80001C3E7095962F3082102E0095962F34921C4F8A01001F0B2FC03B03A
:207A4000F0BDF0B50D4609680646087AAD4A002440BB07E00127007810EBC6000134E4B219
:207A600042F82070287A84421FD2686850F824000369012B03D0032B01D0062BEAD100272A
:207A8000E9E76B6853F824301B69012B03D0032B01D0062B01D1002300E001237001013452
:207AA000E4B28350287A8442EBD33046FFF7D3FE002407E06968304651F82410FFF71CFD1C
:207AC0000134E4B2287A8442F4D3F0BD0000F0B586B08D4C164605938D4DD0EB800214EB41
:207AE00082344A08019211EBC002570015F11003FE529700874A0391D25904900292FFF728
:207B00004FFC01F051FC15F1B002D359022B76D10123D35101F04BFC15F1F002D75901F0EB
:207B20001FFC039807282FD801A1D1E800F0C046050A0F14191E23288420035967F30823CF
:207B400021E08420035967F349231CE08420035967F38A2317E08420035967F3CB2312E02A
:207B60008420035967F30C330DE08420035967F34D3308E08420035967F38E3303E084201B
:207B8000035967F3CF33035101F0EDFB01F0E8FB0398072830D801A1D1E800F004090E15DF
:207BA0001A1F24298420025932F0010223E0D4F8842032F0020203E0D4F8842032F0040207
:207BC000C4F8842018E08420025932F0080212E08420025932F010020DE08420025932F0EF
:207BE000200208E08420025932F0400203E08420025932F08002025101F0B5FB01E001F0CC
:207C0000D6FB0298013805282BD801A1D1E800F003060306290A324633461CE073089BB24B
:207C20001A4618E02C46019836B9049D324610EB85056D002B5B0EE0049A10EB8202520004
:207C4000A45AA64202D13246002304E08035AA5A1019831B9BB203A832C80095204600F08F
:207C6000BFF806B0F0BDF0B584B007460E460292039309AC284D4A08234924780192D0EB74
:207C80008000099411EB803401F08EFB16EBC700820050590092022840F086800120A8509F
:207CA00001F085FB009AA9180D6C01F059FB3046072E3DD801A1D1E800F0C046050A0F14F7
:207CC000191E31368422115965F308212FE08422115965F349212AE08422115965F38A2177
:207CE00025E08422115965F3CB2120E08422115965F30C311BE08422115965F34D3116E0AF
:207D00000CE0C046AC33002000E00040000000006C330020DC3200201C34002084221159E5
:207D200065F38E3103E08422115965F3CF31115101F019FB01F014FB3046072E31D801A124
:207D4000D1E800F0040A0F161B20252A8421085930F00100085124E0D4F8840030F00200C7
:207D600003E0D4F8840030F00400C4F8840018E08422105930F0080012E08422105930F01C
:207D800010000DE08422105930F0200008E08422105930F0400003E08422105930F08000AE
:207DA000105101F0E0FA01E001F001FB02990A0001D10D460AE0039D606B099B0028384660
:207DC00001D5002100E00199FFF792FD2A4631463846099BFFF77BFE04B0F0BD0000C046CE
:207DE000F0B584B004461D466B4636C309AC2478864E4D100994D0EB800416EB8434002616
:207E0000012D0CD310D0032D04BFD4F88860C6F380760DD2D4F88860C6F3805608E0D4F849
:207E20008860C6F3801603E0D4F88860C6F38036774F01F0ADFA14F15C03012E74D1E800E7
:207E4000C218C658019B6FF30F061E431660039A6E00B00001190B6E6FF30F0313430B66B7
:207E6000029B14F5887212EBC50116EBC3035B00DA5B0B6862F304030B6014F58873C3182F
:207E8000029816EBC00217EB42005F6841887F0967F35F11596001F07EFA01F061FAF0B24F
:207EA000072831D801A1D1E800F0C046050A0F161B20252A8420075937F0010723E0D4F879
:207EC000847037F0020703E0D4F8847037F00407C4F8847018E08420075937F0080712E0D5
:207EE0008420075937F010070DE08420075937F0200708E08420075937F0400703E0842020
:207F0000075937F08007075101F02DFA01F028FA701CC0B2072855D801A1D1E800F0C04625
:207F2000292E333A3F44494E00998800C218C658019B6FF30F061E43166014F58873C6187E
:207F4000029811EBC0035B00DA5B37687F0967F35F12326001F01FFA01F002FA00980728F6
:207F600030D801A1D1E800F004090E151A1F24298420065936F0010623E0D4F8846036F0EF
:207F8000020603E0D4F8846036F00406C4F8846018E08420065936F0080612E08420065952
:207FA00036F010060DE08420065936F0200608E08420065936F0400603E08420065936F0E6
:207FC0008006065101F0CFF901F0E8F9A026012D09980CD30FD0032D02BF365960F3CB2622
:207FE000C4F8A0600CD2365960F38A2606E0365960F3082602E0365960F34926C4F8A06070
:2080000001F0CFF9002004B0F0BDC04600E00040FC330020000000000000800010EB5100E5
:2080200083494000405A7047F0B581B07A4B0446D0EB800013EB8033586B00914E103546E5
:20804000002800D50025501E052800F2FF8001A1D1E800F0030D3569FCB908350120A840FE
:208060005D6B85435D63012E1AD31ED00FE015F1080001278740586B384358630120A840B8
:20808000A021CD580543CD50012E09D30DD0032E10D340F0DB808821C85830F08040D4E0B1
:2080A0008821C85830F04000CFE08821C85830F48040CAE08821C85830F48000C5E0083542
:2080C0000120A8405D6B85435D638821012E0BD30ED0032E02BFC85840EAC160C8500BD261
:2080E000C85850F4800006E0C85850F0400002E0C85850F48040C850012E0CD30FD0032EDA
:2081000001BFC8588D06A843C85080F09F80C85830F4001099E0C85830F0200095E0C85898
:2081200030F4005091E015F1080001278740586B384358630120A840A021CD580543CD5010
:208140008821012E0BD30ED0032E02BFC85840EAC160C8500BD2C85850F4800006E0C8584F
:2081600050F0400002E0C85850F48040C850012E0BD30ED0032E01BFC8588D06A843C850CF
:208180000BD2C85830F4001006E0C85830F0200002E0C85830F40050C850012E0BD30ED0EF
:2081A000032E02BFC85820F00060C8504ED2C85830F4002049E0C85830F0080045E0C858EB
:2081C00030F4006041E008350120A8405D6B85435D638821012E0BD30ED0032E02BFC858BE
:2081E00040EAC160C8500BD2C85850F4800006E0C85850F0400002E0C85850F48040C850B7
:20820000012E1BD31ED0032E02BFC85840EA8160C8501BD20EE0C04600E00040000000001D
:20822000000000000000000000000000000000006C330020C85850F4001006E0C85850F0C5
:20824000200002E0C85850F40050C8501E4B009911EBC40043F8202001B0F0BD1B49D0EB96
:20826000800011EB8030D0F89C1051F004019C231950195851F008011950D0F8881051F02B
:20828000040188231950195851F480611950195851F480211950195851F080611950D0F841
:2082A0009C1051F00101C0F89C107047000011EBC000074941F82020704711EBC00005496E
:2082C00041F8202070470000DC32002000E000405C340020DC340020000000001B48016874
:2082E00039B1002002E01A4A107001304A689042F9D370471548016839B1002002E0154A65
:20830000107001308A689042F9D3704710B512490E4C08682060FFF7E1FFFFF7EBFF2068BD
:20832000406900F01DF810BD00B5084B0B491A684878126912EBC0004068486000F01FF895
:20834000002000BD000000F028B80000CC1E0020AC350020AD35002088E70400AC350020EF
:2083600010B5041E0AD000F031F9206802F033F8606802F046F8A06801F00EF910BD10B5F3
:20838000041E08D0006800F005FF606801F055F9A06800F0B0F810BD000002F0F7B8000072
:2083A0006D4911EB80000168002902D54FF0B64101604FF4001201689143016001681143DB
:2083C0000160016851F0004101607047624911EB80000168002902D54FF0B64101600168A9
:2083E000012363F301010160016851F400110160016851F0004101607047574911EB800061
:208400000168002902D54FF0B6410160016831F003010160016831F400110160016851F0C3
:20842000004101607047012820D30E280DD913281CD31F2809D9222818D3232805D92828AA
:2084400003D02C2812D3302810D8434A12EB80000268002A02D54FF0B6420260036861F303
:208460000B230360016851F0004101607047F0B5394C002514EB80031C682A46002C02D5A0
:208480004FF0B6441C60354F17EBC00466680EE0324F57F8307047B157F82240A14204D150
:2084A0001C6861F306141C6003E00132D2B2B242EED3B24200D10125186850F0004018609C
:2084C0002846F0BD10B5244C14EB80031C68002C02D54FF0B6441C60282807D01C6861F38F
:2084E00010441C60196862F314511960186850F00040186010BDF0B5041E2CD0002607685B
:2085000027E0606835012858FFF777FF6068291828584968FFF7ABFF606829182858896816
:20852000FFF781FF60682818427B817B0068FFF7C9FF60682818017B0068012906D1FFF7FB
:208540002FFF60682858FFF741FF01E0FFF755FF0136BE42D5D3F0BD005006407CFA0400A8
:2085600070B530B11022FF2001230021F2F736FE22E013480468FCB100261AE00C257543C3
:2085800060682918405900228968FEF73DFC6068291840594979FEF766FC606829180979B2
:2085A0004059012902D1FEF73BFC01E0FEF746FC013620688642E1D370BD00000000C04673
:2085C000ACEA0400000000000000000007480168002901D506490160C16851F00101C1600D
:2085E000016851F0004101607047000000D007400000739400B50246002011B9114B196896
:2086000009B90C2304E08968895C012906D0F0237C2000221146F2F7E1FD012000BD0000E2
:20862000000000B501460020FFF7E4FF012806D00449086804490860C06800F00FF900BDF7
:208640000000C04644F20400B4350020F0B581B05E490446006880000A585D490E585D490E
:208660000092800811EB80177D6900F061FE6068009A810050180069000404D54FF0B64250
:2086800016F1100042505448103672580240A06800F001031A4300F002000243606952EAAE
:2086A000C002E06852EA0022608B030A52EA4312637E52EAC37252EA006252F4004272508F
:2086C00000F039FEE068012803D1E1696068814079606068012181408D43216981400D436C
:2086E0007D6101B0F0BD3B4A12EB801001228A4042607047374A12EB801001228A40826009
:20870000704770B50C463349164611EB801500F015FE68690121A1408843A64030436861FE
:2087200000F00FFE70BD70B505460E46002404E016EB4410FFF78AFF0134AC42F8D370BD54
:20874000F0B50C4621498000475821491546465800F0EEFDA000C1190969090404D54FF04A
:20876000B64216F1100142501C4A10368159114051EAC50151F40041815100F0DCFDF0BDB1
:20878000F0B50C4611498000475811491546465800F0CEFDA000C1190969090404D54FF04A
:2087A000B64216F1100142500D4AA10010368859104005F00102104305F00203184350F4C4
:2087C0000040885100F0B7FDF0BDC04684FD040070FD040000F00F40D4F87F60F7FF7FFFD5
:2087E000FCFF7FFFF0B585B007464188806804910179039181680191C168029101680024C1
:20880000009126E079686000019A405A450900F01F0631462846FFF793FF31462846029AFA
:20882000FFF7AEFF009B012B0CD1039A31462846012A02D1FFF757FF01E0FFF75BFFBA68D2
:20884000126800E0002231462846FFF75AFF0134A4B204988442D5D305B0F0BD10B5016942
:2088600004462920FFF75FFF2046FFF7BBFF10BD00B5A04A106838B911230A4679200021E8
:20888000F2F7ACFC012000E0002000BD00B5052807D312230A4679200021F2F79FFC0120C9
:2088A00000E0002000BD10B5934B1A6812780024904206D3012440230A4679200021F2F702
:2088C0008DFC204610BD30B504460D460020FFF7CFFF68B929462046FFF7D8FF40B929464B
:2088E0002046FFF7E0FF18B92946204600F001F830BD10B5002414227F4B4243186840682B
:20890000801880684268012A01D1C06802E0022A01D1006930B9012434230A467920002150
:20892000F2F75CFC204610BD10B5734B1A68D268002412EB00125068012801D1906802E0C4
:20894000022801D1D06830B9012435230A4679200021F2F743FC204610BD70B50646002087
:20896000044607E031462046FFF7C3FF012815D00134E4B2604D296809788C42F2D3040002
:208980000CD107E031462046FFF7CEFF012805D00134E4B22968097A8C42F3D370BD00B520
:2089A000544B1A683AB114230A4679200021F2F715FC012009E008B11023F5E74F4A10688D
:2089C0004D4A10600846FFF7C8FF00BD000030B50021FFF7E4FF04004CD10EE040681421FD
:2089E00004FB01008168C2680020012A01D001200AB900F0C3F90134E4B23F4D2868017858
:208A00008C42EBD3002406E0C06810EB041000F0F5F80134E4B22868017A8C42F4D300241D
:208A200009E04068142104FB01008168088900F0F5F80134E4B2286801788C42F1D300248F
:208A40000FE0C26812EB041041682001805C00F00EF92968C96811EB041000F011F901344E
:208A6000E4B22868017A8C42EBD322480022022301210EC030BD30B50C4605460221FFF7A0
:208A800022FF98B9B4F5004F0AD81B4A11684968142005FB00112046896800F003F928B19A
:208AA0003223792002220021F2F798FB30BD70B50D46144606460321FFF705FFC0B90E4A0D
:208AC00011684968142006FB0011486808B1132309E0B4F5004F05D88A682846214600F012
:208AE0001AF928B13223792003220021F2F776FB70BDC046C0440020102C002094F30400BE
:208B000000000000000000000000000000000000F0B504460246C8680E780578C76829464D
:208B20003046FFF7CAFB0FB9224602E0002204B9012229463046FFF7BAFBF0BD10B50A697B
:208B40000C781378D16809B9024602E0002200B901221946204602F0DFFD10BD70B5CA682C
:208B60000446087811780025CB0714D41369062B11D196697688FFF750FA00FB04F1C90B33
:208B8000B4F5004F07D034B1891989B2B14201D9884200D80125284670BD70B50446087825
:208BA00009690A780025D20714D40A69032A11D18E69768802F049FD00FB04F1C90BB4F5BF
:208BC000004F07D034B1891989B2B14201D9884200D80125284670BD4FF40042904208D846
:208BE000101A4A6880B2012A05D0022A01D1FFF7D4BF012001E0FFF7B1BF70470146007802
:208C00004A68012A03D1896839B1FEF71ABF022A03D1C96809B102F0E7BA704770B50D464D
:208C200006460C78FFF7D8FF00BB686801280ED1ED682D7820462946FFF7EFF97043294635
:208C4000C20B92B220460023FEF741FF0EE002280CD12D6920462D7802F0F7FC70432946A8
:208C6000C20B92B22046002302F0D2FA70BD012901D1FFF7F3BA022901D102F02CBD704741
:208C8000014600784A68012A04D1896849B10968FEF70BBE022A04D1C96811B1096802F0F2
:208CA0003EBA7047F0B581B00D784A6800900027012A10D1C96859B30E7828463146FFF797
:208CC000ACF900994143C80B82B2314628460123FEF7FDFE1CE0022A1AD10969C1B128466D
:208CE0000E7802F0B2FC009A424331462846D40BA4B202F0A2FC022804D1B4F5004F01D3BA
:208D0000012705E0224631462846012302F080FA384601B0F0BDF0B582B0074600234843BB
:208D20001678C40B50680193A4B201280AD1D06808B3017823463A46012000903046FEF7BF
:208D400092FF18E0022816D11069A0B105782946304602F072FC022805D1B4F5004F02D320
:208D60000121019107E00120009023463A462946304602F002FB019802B0F0BD4A68012A15
:208D800001D1FFF7C5BE022A01D1FFF7D7BE70470020014606E0D04B1A68520701D501200E
:208DA00003E00131CD4A9142F5D370470020014606E0CB4B1A68920501D5012003E00131AD
:208DC000C84A9142F5D370470020014606E0C64B1A68D20301D5012003E00131BF4A914292
:208DE000F5D370470020014606E0C04B1A68D20301D5012003E00131B84A9142F5D37047E5
:208E00000020024618E0BA498B6ADB0313D5886A002802D54FF0B6408862886A50F0007082
:208E20008862886A30F400708862886A50F000408862012003E00132A8498A42E3D370471B
:208E4000AB49C869002802D54FF0B640C861A94AC8691040C86150F00040C8617047A449A6
:208E6000CA69002A02D54FF0B642CA61A24BCA691A40C00752EA9072CA6152F00042CA6103
:208E800070479B48016B002902D54FF0B6410163016B51F080710163016B51F000410163DE
:208EA000704700B5FFF7EDFF9148816A002902D54FF0B6418162816A51F440518162816AF8
:208EC00051F400718162816A51F001018162816A51F00041816200BD85498A6A002A02D518
:208EE0004FF0B6428A628A6A60F341028A62886A50F000408862704710B57D4B9C69002C08
:208F000001D57E4C9C619C6960F382049C619C6962F309249C61986961F300009861986906
:208F200050F002009861986950F0004098615869002801D571485861586930F4802050F086
:208F40000100586150F000405861042000F068F910BD6748816A002901D568498162816AC4
:208F600031F001018162816A31F000718162816A51F00041816270475D494A69002A01D52B
:208F80005E4A4A615C4B4A691A40C00752EA90724A6152F000424A61704728B35449CA6A88
:208FA000002A01D5554ACA62CB6A426862F31243CB62CA6A036863F30102CA62CB6A8268ED
:208FC00062F30F23CB62CB6A026962F30413CB62CB6AC26862F34513CB62CA6A52F00042B3
:208FE000CA62474940690860704741484169002901D5424941618169002901D53F4981613B
:209000003C4A416911404161826902239A4382619A0711434161816911438161704739486E
:209020000168002901D538490160416831F001014160016851F000410160704728498A6912
:20904000002A01D5314A8A6100284FF480600A6807BF82430123024300230A60086863F3A6
:2090600000000860886950F00040886170471C488169002901D525498161016831F480616B
:209080000160016831F001010160816951F00041816170471E4B1968C1F303210131B0FBDE
:2090A000F1F01C4901381C4BB0FBF1F2186862F303001860704702460120012A05D306D0F3
:2090C000032A06D301D1052204E0002003E0032200E004220A60704704D00740A08601001C
:2090E00000900740404B4C001C4006401440064000400640FEFFFBFFFDFFFBFF0000005BB8
:20910000CC44002000D0074000007394000067980C4006400048E80108000240F0B582B01E
:209120000F4615461E46002469460190FFF7C3FF01282BD1009800F073F8012826D1464839
:209140000168042060F303014348444A0160D168002902D54FF0B641D1600198D16831F41A
:20916000E02151EA0041079806F00F0363F30B012B0751EA13613B0751EA1351D160D1683D
:2091800051F00041D160FFF785FF0124204602B0F0BD000070B581B0041E3FD010F11C050F
:2091A000287C012805D16A68E9682868FFF7A4FE01E0FFF71AFF2A4E68697060287AFFF720
:2091C000DBFE14F134052846FFF7E7FE687E012802D1FFF766FE01E0FFF7BBFE287EFFF7C7
:2091E0007BFE94F85400012803D1206DFFF726FF01E0FFF73CFFFFF712FF60682369E268BA
:20920000A16800902068FFF789FF607D08B9FFF717FE207DFFF723FEA069306001B070BDDB
:2092200000B50138042815D801A1D1E800F0C04604070A0D1000FFF7ABFD0CE0FFF7B6FD71
:2092400009E0FFF7C1FD06E0FFF7CCFD03E0FFF7D7FD00E0002000BD080002400040064092
:20926000D044002000B572B600BD00B562B600BD00B572B600BD00B562B600BD00B572B695
:2092800000BD00B562B600BD00B572B600BD00B562B600BD00B572B600BD00B562B600BD3F
:2092A00000B572B600BD00B562B600BD00B572B600BD00B562B600BD00B572B600BD00B517
:2092C00062B600BD00B572B600BD00B562B600BD00B572B600BD00B562B600BD00B572B694
:2092E00000BD00B562B600BD00B572B600BD00B562B600BD00B572B600BD00B562B600BDDF
:2093000000B572B600BD00B562B600BD00B572B600BD00B562B600BD00B572B600BD00B5B6
:2093200062B600BD00B572B600BD00B562B600BD00B572B600BD00B562B600BD00B572B633
:2093400000BD00B562B600BD00B572B600BD00B562B600BD00B572B600BD00B562B600BD7E
:2093600000B572B600BD00B562B600BD00B572B600BD00B562B600BD00B572B600BD00B556
:2093800062B600BD00B572B600BD00B562B600BD00B572B600BD00B562B600BD00B572B6D3
:2093A00000BD00B562B600BD00B572B600BD00B562B600BD00B572B600BD00B562B600BD1E
:2093C00000B572B600BD00B562B600BD00B572B600BD00B562B600BD00B572B600BD00B5F6
:2093E00062B600BD00B572B600BD00B562B600BD00B572B600BD00B562B600BD00B572B673
:2094000000BD00B562B600BD00B572B600BD00B562B600BD00B572B600BD00B562B600BDBD
:2094200000B572B600BD00B562B600BD00B572B600BD00B562B600BD00B572B600BD00B595
:2094400062B600BD00B572B600BD00B562B600BD00B572B600BD00B562B600BD00B572B612
:2094600000BD00B562B600BD00B572B600BD00B562B600BD00B572B600BD00B562B600BD5D
:2094800010B5734C734A83000029206899580CBF88430843206010BD6D4B1968C24362F3A5
:2094A0008E31196070476A4B1A6860F34D321A607047674B1A6860F30C321A6070470B463C
:2094C000654A033805281ED801A1D1E800F0C04604080C101418916A63F30D3112E0916A5E
:2094E00063F38F310EE0916A63F311410AE0916A63F3934106E0916A63F3092102E0916A78
:2095000063F38B2191627047534A012807D30AD003280CD30FD1936A61F318630AE0936A88
:2095200061F3DB6306E0936A61F39A6302E0936A61F359639362704730B5474A136833F4B2
:2095400000631360032809D9082816D30B2805D30ED00C2811D1022310680BE013683F4D81
:2095600033F0300313602C6860F313442C6004E00123106863F305101060136861F30A2301
:209580001360106850F40060106030BD324A106830F400601060704710B5041E4CD00178C4
:2095A0000020FFF76DFF01206178FFF769FF0220A178FFF765FF0320E178FFF761FF042046
:2095C0002179FFF75DFF05206179FFF759FF0620A179FFF755FF207AFFF765FF607AFFF704
:2095E00068FFE079FFF758FF03206169FFF767FF0420A169FFF763FF0520E169FFF75FFFCC
:209600000620216AFFF75BFF0720E168FFF757FF08202169FFF753FF0020216BFFF774FF7E
:209620000120E16AFFF770FF0220A16AFFF76CFF0320616AFFF768FF10BD40B1017A01291D
:2096400003D141680068FFF777BFFFF79FBF704704800440C0FD040000800440104006400B
:2096600010B5734A106800244A2330B10124532000221146F1F7B2FD07E06A230029F5D173
:209680006C49086860230028F0D0204610BD30B5674D2B680BB91A2311E09D790024A942C4
:2096A00001D90C230BE05B6953F8211011B14B68984201D00F2302E0088828B95C2301242D
:2096C00053200021F1F78AFD204630BD30B51D46574B1868C06850F82100818900248A423F
:2096E0000CD85AB10079B0F10901082901D2D00703E01138102808D2900706D001240D237C
:209700002A4653200021F1F769FD204630BD30B5474D2B680BB91A230DE09D780024A94286
:2097200001D90A2307E0DB6853F8211011B14969884205D00F23012453200021F1F74EFD4B
:20974000204630BDF0B584B00A220E46FFF79FFF0446012843D0384DAB68596951F826106A
:2097600000200A88039237E08E684200925B1E6956F82260DF69327F57F8222052683AB9D8
:2097800001240E230A2253200021F1F727FD26E02CBB32780292224619E001B47768BF5C6C
:2097A000D868019750F827703F68012F01BC0CD1009F15EB87077F883FB95B230A22532038
:2097C0002146F1F70BFD012409E00132D2B2029FBA42E2D3013080B2039A9042C4D320464C
:2097E00004B0F0BDF0B517460D4606460522FFF78EFF0446012815D00D4A1068C06850F826
:209800002500006838B901240A23532005220021F1F7E4FC06E03A46294630460523FFF78C
:2098200055FF04462046F0BD000000000000C046E0440020E4F40400D8440020F0B582B03E
:20984000016A0546C06809680026019100B1804734462F7818E0A84909686868C968005DB0
:20986000002C0CBF0122002251F82000791E8C420CBF0123002301210091019900F016FD7C
:20988000061E03D10134E4B2BC42E4D3304602B0F0BDF0B584B0039100270488856839E055
:2098A000954E964B288837680C2200FB02323F69029257F8207001200097106016F11802D4
:2098C0000221B161039901923846FFF7B7FF01990122071E0A6006D1029908600098806854
:2098E000A8B1804713E085482A880C2302FB0301022008603068006950F82200806800B118
:2099000080470235013CA4B2002CECD101240235013CA4B2002CC3D1384604B0F0BD30B55A
:209920000021774A1C2300FB03234FF6FF754C00E552E318013104291D81F2DBFF20107441
:2099400030BDF0B584B00C46017F0746BD6902911C2048436A49684E42180192FFF778FDE1
:209960002868002800F090806868002800F08C807969039141682C600446002068600091CD
:20998000FFF769FDB86800B180472068032806D02968022901D1216001E002281BD10099AB
:2099A000A0890988081A0AE0009B9B684200D25A0C235A43514B9A1800235360013080B282
:2099C0008842F1D30098C06800B180470399019800F05EF85AE0A089002853D0A16802315C
:2099E000A16001380D88A0813468246954F82540029A207F824238D0414A1C2101FB0026AC
:209A0000FFF714FD706901281FD094F9100016EB40010A893B4B08319A4202D14200955344
:209A200004E00C235A43354BD2181581334A0D800C2105FB0121334A0A8196F910108142A3
:209A400000DA3074FFF7F5FCC0E7022070612B490C20684375830122425000203076FFF753
:209A6000E8FC204600F050F8B0E70C2023496843019B01224250002018765D83204600F055
:209A800043F803E020609DE7FFF7E5FC04B0F0BDF0B50546FFF7CAFC95F91000002825DBFA
:209AA00041006A186C5A154F0C266643F11909891180144A91420AD115EB40021181013898
:209AC00004D4104A4100495B9142F8D02874FFF7B0FC09490120B851002028766C830868FD
:209AE000006950F8240000F00FF803E001206861FFF79FFCF0BDC046E04400202C450020B4
:209B0000E4440020FFFF000030B581B00446C06800B1804720786268704D012894BF012340
:209B20000023002000902868216A1278C068096850F82200012200F0B9FB01B030BD70B520
:209B40000021674B9C68E26852F821208AB15569A8420ED1012603F8216015680DB9928996
:209B600004E000252E46126960C22A4613EB81035A80A27801319142E3D970BD30B50021F1
:209B8000564B1A68136953F821304BB15B69984206D1544C0C234B430025E5501B195D6071
:209BA000928801319142EBD930BD70B500214B4A1468636953F8213073B15D68A8420BD167
:209BC00012F1200512EB011673620B0100265E514032F34342F82130A37901319942E6D978
:209BE00070BD10B501460020FFF73AFD01281DD03D4A3A4C106820600020FFF7A0FF0020EF
:209C0000FFF7BCFF0020FFF7D0FF2168C969096861B1886850B900F042FB0021084600F0EB
:209C200077FB0020FFF77BFE0120A06110BD00000000F0B582B00546019116461F461A465F
:209C400001460020FFF7CEFD009001281CD02448AA0084188068C06810580199006942C008
:209C60006780FFF7EFFB01992078002914BF00F0FE0040F00100002E14BF00F0FD0040F0B2
:209C800002002070FFF7E1FB009802B0F0BD0000F0B581B0074601460020FFF753FD05464E
:209CA000012849D00D4C2668766956F8276033880093FFF7C1FB14F14001A26C51F8270003
:209CC000104003D00125FFF7BAFB35E014EB0717012038622037002010E0C046E0440020F2
:209CE000D84400202C450020E4F40400FFFF0000000000000121A164013080B200998842D0
:209D0000F8D3FFF79CFB30460021FFF7C2FD0546022005B928463860FFF78EFB002003E0EC
:209D20000021A164013080B200998842F8D3FFF786FBF06800B18047284601B0F0BD000059
:209D40000000000070B581B0144B1C680D46D88B21691A7F51F820000221012D067800D1E8
:209D60000021551CB54215D2A1B9511C1977EAB2711E8A420CBF0123002300210091016AF6
:209D80004068805CE268096852F82000002200F08DFA01E0FFF7D5FD01B070BDE0440020B6
:209DA0000000F0B581B00091C149C24E80004558BDF8184086592868511EC0F30440884259
:209DC0000BD0A86830F00100A8602F6861F314472F60A86850F00100A86086F8293086F8EC
:209DE000282000200099F082092AF16003D3112A34BF6408A408748301B0F0BDF0B583B023
:209E00001646AB4CAB4A029101938000BDF8207004598558FFF722FB0121A068696A30F0A4
:209E20000100A060A06B30F00200A063A06B30F00100A063206850F400102060E26848686C
:209E400060F30F02E2602368701E60F3144323602368488860F3861323602368C0F30022EC
:209E600033F0800353EAC213236020688A684B7830F440702060206962F301002061A268AC
:209E800063F31142A260A06850F00100A060FFF7E8FA85F828600020E882092E01990298FC
:209EA00085F82910E86003D3112E34BF7F08BF086F8303B0F0BD30B57E4D55F8204000257A
:209EC000A582092AA16003D3112A34BF5B089B082383238B764A294652F8205023B1042BDD
:209EE00092BF591E616AC9682A6961F311422A6130BDF0B589B00446002000900190054638
:209F0000FDF757F90890069569486A4B0595A1000A5828460792CA5869460292FDF73BF933
:209F20000299888A0A8B904200F0BF80079949694903490F52D0101A814200DDC1B25E4AE1
:209F40005C4BA0008558C2589668002046B3536A1B691B78092B09D2884223D22B6E966873
:209F6000978AC7190130C0B2F355F5E7112B07D310E02B6E978AC7197F000130C0B2BB5349
:209F80008842F6D30EE02B6E978AC7190130C0B246F827308842F6D304E00130C0B22A6EBC
:209FA0008842FAD3029DA88A4018A88215F11402D37D5918D175298B3E4E091A89B20022D4
:209FC000079856F8243021B1042992BF4A1E5A6AD2680369002562F311430361029A14320A
:209FE000D07D0490002853D00698012850D05388D0880393984242D00499C01A814200DD82
:20A00000C1B22C4DA00045592B4B15F10C07EE68C358002016B33F7F092F08D2884226D29B
:20A02000EF8AC7190130F75DC0B21F66F6E7112F07D310E0EF8AC7197F000130BF5BC0B2CF
:20A040001F668842F6D312E0EF8AC719013056F82770C0B21F668842F6D308E06F6A3F6994
:20A060007F6802E01F660130C0B28842FAD3039BC818049B5080581AD075002508E0907D9A
:20A08000012803D100205072907501E00121069101AA69460020FDF783F80198089B2D18D8
:20A0A0009D42FFF43DAF01210591059809B0F0BDDCFD04000C460020ECFD0400F0B5714B8A
:20A0C000014600788200D4586F4B704F6C4ED5581346302210FB02729A51002313770123CD
:20A0E000537753601162496800F0BEF80020E861A06830F00100A0600020F0BD60B5604EF7
:20A10000057856F825506D68022D05D00069017042704360002000E0012060BDF0B584B0E0
:20A1200005781E46584B07460291A800C158544B03920191C458FFF773F96068022803D1F0
:20A14000FFF771F901202FE002206060FFF76BF9676214F11C03207F019998730020C861B9
:20A16000627F02992846012A08D10422DA733F6900967B783A78FFF741FE05E03F69009643
:20A180007B783A78FFF70DFE626A12693346284603991278FFF78FFE28460999FFF7A9FE95
:20A1A000012300B10323636004B0F0BDF0B586B004460D4616461F46002202A974C10678C7
:20A1C0002F4C3148B3001C591D58FFF729F96368022B04D1FFF727F90122029241E00223F6
:20A1E0006360FFF720F940B414F11C02049B0C98217F636220619173002084F82C00607FA2
:20A200000599012801BC0BD102B40421D1731A69029101975378127802BCFFF7EFFD05E037
:20A220001A69009753781278FFF7BBFD626A12693B46304605991278FFF73DFE2368012BB3
:20A240000DD30ED1FFF710F9EB6953F00103EB61EB6953F01003EB61FFF709F901E0002367
:20A26000EB61029806B0F0BD054B53F820205368022B1ABF00201160012070470000C0468A
:20A280000C460020DCFD0400ECFD040044450020234A013918BF0121105CFFF753BD204A5D
:20A2A0000B78D054C8681371FFF708BF70B581B01D4C0646087854F820008D6842775A1E69
:20A2C00018BF01220277B368727931792846FFF715FF0446012818D0B0693669438800788D
:20A2E00072680021C00700D1316805AE36782846012E06D142F210740094FFF70FFF0446C3
:20A3000003E00A4D0095FFF751FF204601B070BD044A107809B1012901D1FFF7A5BF704747
:20A320001C460020204600200C46002091A204001E4A1060516070471D4B196860F3DF71A0
:20A34000196070471A4B1A6860F30C221A607047174A1168C0F3400031F0040151EA800185
:20A3600011607047124A116860F30101116070474BF264610F4A104B0140D06918400B00D0
:20A380001CBF08430123D061D16963F3C711D16170470A4A116860F3010111607047084A55
:20A3A000116860F300011160704700BF2CE007400CE0074000E007409B49FFFF1CE0074017
:20A3C00020E00740024B1A6860F30F221A60704724E00740000010B5041E11D00068FFF741
:20A3E000C1FF6068FFF7B4FFA068FFF7ABFF207BFFF7A2FF2069FFF7CCFF6069FFF7B8FF92
:20A4000010BD10B5041E09D00078FFF7C8FF6068FFF7D8FFE168A068FFF78AFF10BD000048
:20A4200000000000000000005648001D50F8210070470000F0B582B001900C46514D0E7863
:20A44000FEF72EFF15EB8602516A31F480415162FEF729FF2678FEF723FF15EB8602516AE9
:20A4600031F400515162FEF71EFF2778FEF718FF15F1240252F82710090404D5B800115842
:20A4800051F400411150FEF70EFF2678FEF708FF15EB8602516A31F480615162FEF703FF46
:20A4A000FEF7FEFE61780022012900D10A46217815EB8100436A62F386134362FEF7F3FE25
:20A4C000A068267867680090FEF7EAFE15EB86020098516A60F3010151622432134612688E
:20A4E00067F385021A60FEF7DEFE227814357FF0000045F82200019812EB80010C225143A6
:20A50000214A891801220A70E2684A60227C0A7202B0F0BDF0B50C4617461A4DFEF7C0FEB7
:20A520004FF48046A4006119486AB0434862FEF7BAFE15F114016750FEF7B2FE6119486A55
:20A5400030434862FEF7AFFEF0BD30B50C460D4DFEF7A6FE15EB8401486A30F480404862A0
:20A56000FEF7A1FEFEF79CFE243555F82400000404D5A100485950F400404851FEF793FE2C
:20A5800030BD00BF000004403446002000B5BFF34F8FDFF81C100868DFF8181000F4E06046
:20A5A0000843DFF80C1040F00400086004E000BF0CED00E00000FA05BFF34F8F00BFFDE713
:20A5C0009E4A42F820107047F0B581B09C4A06460B46D0EB8001586812EB8132946860F31E
:20A5E0000A2494609468186860F3155494609468D86860F3861494605169988A60F30F01B1
:20A60000516100242046052C1DD801A1D1E800F003070B0F1317D16831F4803112E0D16805
:20A6200031F400310EE0D16831F480210AE0D16831F4002106E0D16831F4801102E0D1687E
:20A6400031F40011D16028256543A818016C6FF309010164C16931F47F41C16100215719DE
:20A6600017F12000002740F8217001310829F6D30134062CC6D373490C2230464243DB696D
:20A680005018836001238B5401B0F0BD0000F0B587B06A4D6A4AD0EB800012EB803455F88E
:20A6A00021000078069101280CBF01210021059100221046052A1ED801A1D1E800F0C046AF
:20A6C00004080C101418E06830F4803012E0E06830F400300EE0E06830F480200AE0E06850
:20A6E00030F4002006E0E06830F4801002E0E06830F40010E0600132062ADAD3FEF7BEFDD6
:20A7000000224EE040680C2302FB03073B6828204343B88819190E6C60F309060E640026B4
:20A7200019E01919C8690490B86810EBC601E0181C30039008468079029116F108018840BE
:20A740000499014303980160011D0298808841F826000136F6B2B9798E42E2D31046052AE2
:20A760001DD801A1D1E800F003070B0F1317E06850F4803012E0E06850F400300EE0E0682B
:20A7800050F480200AE0E06850F4002006E0E06850F4801002E0E06850F40010E06001324C
:20A7A000D2B2069855F8200043789A42AAD3A268059B63F30412A260A06830F02000A06096
:20A7C000A06850F00100A060FEF75BFD4FF47A710020FCF7EEFC0646002500950195FEF727
:20A7E0004DFDA06850F48030A060FEF74AFD69462846FCF7D0FCA068C00308D501AA6946F9
:20A800000020FCF7CDFC01982D18B542F3D3059838B1FEF733FDA06850F40030A060FEF7A5
:20A8200030FD002007B0F0BD0549D0EB800011EB8031886850F40030886070476446002064
:20A8400000F0004070460020000000000000000030B50D460E4951F82040FEF733FDAD00E8
:20A860001834295901F0FC0151F020012951FEF72CFDFEF727FD285900F0EF0050F0200049
:20A880002851FEF722FD30BD000000000000000004FE040000000000F0B58CB0BE4A0B90B4
:20A8A00081008858BD4A089088580990406900240A900A980121A14001400BD0089810EB5C
:20A8C00084018969C90605D510EB8402916931F0200191610134082CEBD300240A9801219A
:20A8E000A140014000F0B081089810EB84018969C90640F1A9810B99C80021184C23594329
:20A90000A44B5D18A968012909D00229089A19D0042900F04781082900F07A8194E1012072
:20A920002A6C85F8490015F1400112B1888800217DE1097A012940F087812968002900F093
:20A94000838180E10B9B11460C225A43944B9F182A6A012AC0F07881022A04D9042A3BD08A
:20A96000082A66D070E1A5006B185A691433920640F16A8111F134066918AA59896B1D68FF
:20A9800035F020051D6092B289B2914201D98D1A03E07B899A1A89184D1C7E4B611EC9B2B5
:20A9A00009184C2202FB0136FEF780FC758300213183FEF77EFC326C1AB10021B6F84400AB
:20A9C0009047F36B23B101221146B6F844009847012086F8490037E108986A7D10EB84011C
:20A9E000896B89B20ABBAA8B914201D98E1A03E07B899A1A8A18561CA983FEF757FC002195
:20AA000069832E83FEF755FC2A6C1AB10021B5F844009047EB6B23B101221146B5F8440074
:20AA20009847012085F849000EE1A983002169750AE10899099E6B7D039500913831A200E7
:20AA4000002B55D123184C25524E6B43751BEE1805960B1F009ED1589219956B89B2ADB244
:20AA60008D4201D96E1A03E07A89521AAA18561C059A928B914201D98F1A03E07B899A1A72
:20AA800089184F1C0599897DF619012900D1F71B404B611EC9B209184C2202FB0133029310
:20AAA0000193FEF703FC019B5F831E83FEF701FC02990A6C1AB1B1F84400002190470198A3
:20AAC000C36B23B101221146B0F8440098470299012081F84900009810EB84020398516943
:20AAE00031F0200151610021417505988583ABE000981518AB6903F00307EB698958183503
:20AB000003F00300069003980497022F818301D101218175FEF7D6FB0099C96E490604D596
:20AB200040F6FF72716911437161039A0021069F5175C4F34601C90030228A40316E11436F
:20AB40003166A10016F118028B5833F00C0353F024038B508B580320049833F003033B43F9
:20AB600020273B438B507218D36933F00303034353F02403D36118368B5903F0CF038B518F
:20AB80006968B9436960D16951F03001D161FEF79CFB59E0B846002014FE040004FE040042
:20ABA0008846002012EB84012A6C8E6B1AB10021B5F844009047698EAA6A49008E52698EB7
:20ABC000AA8D01316986698E914210D3696B012902D1002169860AE021460B98FFF738FE6F
:20ABE000EB6B23B100220221B5F844009847EA8D52B3298E01312986298E914224D3002160
:20AC0000298695F8481001291ED12968E1B11AE015F146010A8801320A800A88002A2A6C7C
:20AC20000CBF0126002622B13146B5F8440090470AE095F84810012902D1296801B188470C
:20AC400016B1696801B188470134082CFFF446AE0CB0F0BD0000C04600B50220FFF71CFE35
:20AC6000BFF34F8F00BD00000000F0B581B00E466E490546800042586F496E4C009247589E
:20AC8000FEF7B0FB16EBC500205C10F0090108D1B00017F11803C15831F0100151F020016F
:20ACA000C150009B13EB8601886930F020008861FEF79BFB002010EBC501615C89070BD4B1
:20ACC00001300828F7D3FEF77BFB009A106930F400701061FEF777FBFEF78AFB40F2FF10A4
:20ACE0007861FEF788FB01B0F0BD000070B54F4B514C0D8953F8202054F82030CC681669D9
:20AD000064F38A2616614D4E4000012C85530CBF6D08013DD06865F30F00D060546E086955
:20AD200060F311445466546E888A60F397445466887D996D31F0807151EA006050F000708D
:20AD40009865106930F40070106170BD70B505460E46384CFEF72EFB16EBC501605C10F062
:20AD6000020302D050F004006054FEF726FB31462846FFF77AFF70BDF0B584B02B4A03908C
:20AD800004460D46810088582B4A01908858284A15EBC407064652F82700E907029054BF40
:20ADA0006C1C6C1EE4B2FEF705FB224BD95D11F002030FD01F4B01F0FB01D955FEF7FDFAFD
:20ADC000FEF7FEFA019B196951F400711961FEF7FAFA01E0FEF7F1FAFEF704FB154AD15D0D
:20ADE000C90706D5A900304618300B5853F030020A500298032815D1019810EB84020398AF
:20AE0000916931F02001916114EBC0010948415C11F0080106D0A100304618300B5853F071
:20AE200030020A50FEF7E1FA04B0F0BD24FE040038500020B850002034FE04005851002060
:20AE400010B5C04A11EBC0035B0012F108041C5B1CB143009A5AA24202D1FFF777FF01E07B
:20AE6000FFF78AFF10BD411E01298CBF012002207047F0B588B0B44A079006460F46810024
:20AE80008C58B24A3869039089583D780691691004910591FFF7E7FFAD4B029015EBC601A0
:20AEA0004A000020D0528B00AA49FA6801932846072DCA50A84B23D801A1D1E800F0C04697
:20AEC00005070A0D10131619120213E0A34B520210E0A34B92020DE0A24BD2020AE0A24BBD
:20AEE000120307E0A14B520304E0A14B920301E0A04BD203A16D1940114351F00071A1659C
:20AF0000A90014F1180202988B5833F00303034353F020038B508B5833F0040050F02803C7
:20AF20008B502846072D2CD801A1D1E800F0C04605090D1115191D21397D8F4B09041AE010
:20AF4000397D8E4B490416E0397D8D4B890412E0397D8C4BC9040EE0397D8B4B09050AE046
:20AF6000397D8A4B490506E0397D894B890502E0397D884BC905A26D1A40114351F0007152
:20AF8000A1652946039A079800F063FB069B13EB85024FF6FF73916B19439163E90743D482
:20AFA000BA69002A40D01178059B012B1ED30CD0032B01BF0698066E61F35966066609D2B8
:20AFC0000698066E61F3514603E00698066E61F349260666049901290ED312D0032915D3B2
:20AFE00022D10699096EC1F3806113E00698036E61F341030366EDE70699096EC1F3800191
:20B0000008E00699096EC1F3802103E00699096EC1F38041012907D10798059B13EB8001AF
:20B020005D4B52884900CA52A90014F118007B7D0A5832F0400252EA831252F020020A5016
:20B04000564901980858069E0790FEF7BFF92846072D2FD801A1D1E800F0C046050A0F1444
:20B06000191E2328F26D079860F3082221E0F26D079860F349221CE0F26D079860F38A221D
:20B0800017E0F26D079860F3CB2212E0F26D079860F30C320DE0F26D079860F34D3208E055
:20B0A000F26D079860F38E3203E0F26D079860F3CF32F265FEF78DF93949019801220A50E0
:20B0C000A90014F118028B5833F01003202633438B50344A79681150334A11503A7A21691C
:20B0E000012A02D1AA40114302E00122AA4091430698216110EB85029169B143916108B017
:20B10000F0BD70B5294D0E460446FFF7EFFD3268A00015F1100142507268425170BD0B4B94
:20B120008000C258084BC05840F2FF13436148681368096860F384031360106861F301006C
:20B14000106070475851002034FE040024FE040060510020D8500020FFFEFFFFFFFDFFFF95
:20B16000FFFBFFFFFFF7FFFFFFEFFFFFFFDFFFFFFFBFFFFFFF7FFFFFFFFFFEFFFFFFFDFFEE
:20B18000FFFFFBFFFFFFF7FFFFFFEFFFFFFFDFFFFFFFBFFFFFFF7FFFA0510020C052002080
:20B1A00040520020C051002040530020C0530020000070B51546A44A0E46A64952F820406B
:20B1C00040004652FEF71AF9206940054CBF7008701EE16860F30F01E160616F65F3082172
:20B1E0006167FEF70EF970BD70B50D4606460968FFF787FF002407E06968304651F82410DE
:20B20000FFF737FE0134E4B2287A8442F4D370BDF0B586B016468F4D05934B08029311EB4D
:20B22000C002530015F1080794008B4A0491DE53135903900193FFF703FEFEF7EBF815F14D
:20B24000E8021759022F66D101201051FEF7E5F8824A17597C4C039A54F82240FEF7B6F8E6
:20B260000498072826D801A1D1E800F004080C1014181C20E36D67F308231AE0E36D67F3B1
:20B28000492316E0E36D67F38A2312E0E36D67F3CB230EE0E36D67F30C330AE0E36D67F300
:20B2A0004D3306E0E36D67F38E3302E0E36D67F3CF33E365FEF78DF8FEF788F8049807282D
:20B2C00026D801A1D1E800F004080C1014181C20E26D32F001021AE0E26D32F0020216E0BC
:20B2E000E26D32F0040212E0E26D32F008020EE0E26D32F010020AE0E26D32F0200206E096
:20B30000E26D32F0400202E0E26D32F08002E265FEF75FF801E0FEF780F80199012902D12D
:20B320003246334620E0022903D173089BB21A461AE0019803281ED12C46320003D1039D30
:20B340006D002B5B10E003984200145BA64202D13246002308E082000298821852004835FB
:20B36000525B1019831B9BB203A870C800962946204600F09DF806B0F0BDF0B582B00646B3
:20B380000F46009207AD2D780193354C0795FEF741F817EBC60085006059022875D10120F7
:20B3A0006051FEF73AF828498034655951F82640FEF70CF83846072F26D801A1D1E800F02D
:20B3C00004080C1014181C20E16D65F308211AE0E16D65F3492116E0E16D65F38A2112E0CB
:20B3E000E16D65F3CB210EE0E16D65F30C310AE0E16D65F34D3106E0E16D65F38E3102E0AF
:20B40000E16D65F3CF31E165FDF7E3FFFDF7DEFF3846072F36D801A1D1E800F004080C1064
:20B4200024282C30E06D30F001002AE0E06D30F0020026E0E06D30F0040022E0E06D30F097
:20B4400008001EE00EE0C04624FE040000000000000000005851002038500020C052002029
:20B4600040520020E06D30F010000AE0E06D30F0200006E0E06D30F0400002E0E06D30F044
:20B480008000E065FDF7A5FF01E0FDF7C6FF0099002421B13046019C079AFFF78AFE22468C
:20B4A00039463046079BFFF7B3FE02B0F0BD0000F0B582B00E464F105E4900920193002573
:20B4C000012F51F820400AD30DD0032F04BF206EC0F380650AD2206EC0F3804506E0206E68
:20B4E000C0F3800502E0206EC0F38025FDF78CFF14F13800012D57D110EBC7020099106865
:20B500006FF30F000843019910607D0014EB8502D06B6FF30F000843D063FDF778FFFDF7D9
:20B5200055FFE8B2072827D801A1D1E800F0C04605090D1115191D21E06D30F001001AE09E
:20B54000E06D30F0020016E0E06D30F0040012E0E06D30F008000EE0E06D30F010000AE059
:20B56000E06D30F0200006E0E06D30F0400002E0E06D30F08000E065FDF72BFFFDF726FF60
:20B58000681CC0B2072845D801A1D1E800F0C04605060708090A0B0C1CE01FE022E025E0D2
:20B5A00028E02BE02EE031E010EB8602009910686FF30F0008431060FDF729FFFDF706FF84
:20B5C0003046072E26D801A1D1E800F004080C1014181C20E06D30F001001AE0E06D30F012
:20B5E000020016E0E06D30F0040012E0E06D30F008000EE0E06D30F010000AE0E06D30F0B9
:20B60000200006E0E06D30F0400002E0E06D30F08000E065FDF7DDFEFDF7DEFE07AA616F43
:20B62000127862F308216167FDF7D9FE002002B0F0BD000024FE0400000011EBC0006D4958
:20B6400051F820007047000000006C494000405A704710B5644C4B08012A54F8204034D3DE
:20B6600003D0032A05D31AD02FE0012B0BD30ED002E0012B07D30AD0032B0CD325D1236EBB
:20B6800033F0806320E0236E33F004031CE0236E33F4806318E0236E33F4802314E0012BDF
:20B6A0000BD30ED0032B02BF236E43F0806323660BD2236E53F4802306E0236E53F0040396
:20B6C00002E0236E53F48063236611EBC000494941F8202010BD444951F820004FF48022D5
:20B6E000016F11430167016F520011430167016E51F008010166016E51F400610166016E95
:20B7000011430166016E51F000610166016F51F0010101677047000011EBC000344941F8B2
:20B720002020704750B53049304A06468000415880580A6949699205C1F3402116D5A9B1C7
:20B7400040F2FF11002441612B4814EBC601405C10F0020307D010F0040004D1880028495E
:20B76000405800B180470134082CEDD350BDF0B581B01D49074651F8202000240092009B20
:20B7800013EB840188698969C006C1F3401126D529B3009B13EB84018869174B30F02000F0
:20B7A000886114EBC706985D164DC10703D055F8260000B180470F4951F8260003280ED125
:20B7C000E0070CBF601C601E0B4B995DC0B2090705D510EBC70055F8200000B18047013439
:20B7E000082CCCD301B0F0BD24FE040034FE0400C052002038500020B850002058510020F1
:20B8000040530020C051002000B50720EEF738FA0020FFF787FFBFF34F8F0720EEF73EFAE1
:20B8200000BD00B50620EEF72BFA0020FFF79FFFBFF34F8F0620EEF731FA00BD00B5092051
:20B84000EEF71EFA0120FFF76DFFBFF34F8F0920EEF724FA00BD00B50820EEF711FA012001
:20B86000FFF785FFBFF34F8F0820EEF717FA00BD00B50320FFF756FFBFF34F8F00BD00B5BE
:20B880000320FFF774FFBFF34F8F00BD10B5D249D24A51F82040A058A158C0F3C000C1F312
:20B8A000800108430DD0FDF731FDCC4AA05830F00800A050A05830F00400C4F80001FDF7CA
:20B8C00028FD10BD70B50C46C549154651F82060FDF728FDC349706851F82410012D0CBF5A
:20B8E000084388437060FDF720FD70BDBC4951F82000406980B2704710B5B94B53F82030C0
:20B90000002002E00C5C01301C609042FAD310BDB14951F820000068C0B2704710B5AE4BF2
:20B9200053F82030002002E01C68145401308842FAD310BD30B5AA49044651F82050FDF71A
:20B94000EBFCA94AA000815851F001018150A960FDF7E5FC30BD30B5A149044651F82050E3
:20B96000FDF7DAFCA04AA000815831F001018150A960FDF7D4FC30BD70B5994904469A4DB4
:20B9800051F82060FDF7C8FCA400605902221043B06090436051FDF7C2FC70BD70B59049E1
:20B9A0000446914D51F82060FDF7B6FCA400605904221043B06090436051FDF7B0FC70BDB9
:20B9C000854951F82000C06F00F001007047F0B582B0064600242046019425466946FBF70B
:20B9E000DAFB4FF47A712046FBF7E3FB07463046FFF7E6FF08B901240EE03046FFF788FFA9
:20BA00003046FFF7CBFF01AA69462046FBF7C8FB01982D18BD42EAD9204602B0F0BDF0B571
:20BA200082B06D4900240194254651F8206020466946FBF7B0FB4FF47A712046FBF7B9FB45
:20BA40000746F068400601D4012408E001AA69462046FBF7A5FB01982D18BD42F1D92046BA
:20BA600002B0F0BDF0B581B00F465B490546800044585E49002642580B2F00922AD3284693
:20BA8000FFF7A5FF012825D1FDF722FCE168153767F34D21E160E06850F48070E060E06839
:20BAA00050F04000E060FDF716FC2846FFF7B7FF01280FD1FDF70CFC0098007C02220D2834
:20BAC00001D310F11502E16862F34D21E160FDF702FC0126304601B0F0BD10B53C2A05D040
:20BAE0007D2A03D0FE2A01D0BF2A00D10022002307E0C45C121992B2FF2A00D9FF3A0133EF
:20BB0000DBB28B42F5D3D043C0B210BDF0B50F4637490446800045582F494658B868002872
:20BB200040F0848007E03A69324910EBC403125C0130C0B2CA54397B8842F4D3E86950B93C
:20BB4000204601220721FFF7BDFE204601220021FFF7B8FE05E0284BA000C15851F00501D5
:20BB6000C150FDF7BBFB7868002200B13A78EA72397B3869FFF7B1FFE872FDF7B2FB1F4BE9
:20BB800013EBC4002860387B013068720020A872FDF7AAFB4FF486733979F05861F3000040
:20BBA000F050FDF7A4FB09206861012028732046FFF76CFE2046FFF7BDFE2046FFF7EEFEDF
:20BBC0002046FFF7FDFE012802D12046FFF7E6FEFDF790FB14E0C04644FE04000001000012
:20BBE0005CFE040074FE04006054002078540020D8540020A854002090540020A854002029
:20BC0000C24B3A7BF05862F30300F050FDF775FB3A7BBF4B204613EBC401FFF76DFEFDF7E1
:20BC200075FBBC4BF05850F010004CE0012852D1E86950B9204601220721FFF743FE2046D5
:20BC400000221146FFF73EFE07E0B34BA000C15851F0040131F00101C1500020AF4910EB0E
:20BC6000C4020023013008288B54F7D36B72387B0130A872FDF738FB4FF486737968F0586A
:20BC800061F30000F050FDF732FB0A206861012028732046FFF7FAFD2046FFF74BFE2046E2
:20BCA000FFF76AFEFDF726FB984B3A7BF058000960F31F12F250FDF720FBFDF727FB954B5D
:20BCC000F05830F01000F050F05850F00800F050FDF71FFB05E000206872A872204600F07F
:20BCE0008DFC00212972F0BD10B58D49820011F160035158C968D458012906D1FFF708FECD
:20BD00006069032801D10420606110BDF0B581B0834F0446800017F1600145588149C2594E
:20BD20004658E869009228B9204600220621FFF7C9FD06E017F11800A1000A5832F0020207
:20BD40000A500098C068012874D1286906287CD0687AB0B3E86928B9204601220721FFF732
:20BD6000B1FD06E017F11800A1000A5852F004020A50092068612046FFF788FD2046FFF73B
:20BD8000D9FD2046FFF70AFE2046FFF719FE012802D12046FFF702FE5C4B687A421EF0586D
:20BDA00062F30300F050687A421ED2B2303717EBC4012046FFF7A0FD564BF05850F01000C5
:20BDC0002CE0A87A80B30A206861E86950B9204600221146FFF776FD204601220721FFF7C6
:20BDE00071FD07E01837A200D15931F0010151F00401D1512046FFF749FD2046FFF79AFDB3
:20BE00002046FFF7B9FD414BA87A421EF05862F30300F050043BF05830F01000F050F058E3
:20BE200050F00800F05010E008202861204600F0E5FB0AE048B9D6F808016873032028615A
:20BE4000002028732046FFF797FD01B0F0BD70B52F4E16F1300151F820400546A07A78B1C8
:20BE6000A07A16EBC502411E2846FFF757FD2846FFF74EFDE07216EBC5006060092003E036
:20BE80002069062801D008202061284600F0B6FB70BD70B5244D044655F8206009E0204639
:20BEA000FFF736FD1A4B327A12EBC4015854501C30722046FFF71AFDC007F0D4183555F834
:20BEC000241011F4005001D00B2004E0052011F4805100D007203061204600F08FFB70BD69
:20BEE000114A014652F8211089690020032903D30A2901D80D48405C7047012804D3052830
:20BF000002D80B49405C00E00020704704010000A85400200001000090540020A85400205E
:20BF20007854002044FE0400D8540020C2D60400CCD604009C4A52F820209169002003298B
:20BF400009D30A2905D306D1117A082019B1072001E09648405C7047934A52F820108A6923
:20BF6000092A01D1042007E08A690020052A02D08969042900D10320704770B58C49820057
:20BF8000054611F16003D4585658FFF7C1FC284600F034FB0A207269206112B121462846B9
:20BFA000904770BD30B5824B04460A4613F1600553F8200090331B5D55F824101A400BD16B
:20BFC00001220A610A7B1AB942690AB120469047204600F013FB01E00020087330BD70B5E6
:20BFE00073498200064611F16003D4585558FFF78FFC304600F002FB05202061E86820B9C6
:20C000006A6912B121463046904770BDF0B581B0674A0546800012F16003C4588058227A61
:20C020000090607A801AC0B20026012803D1E37A8B4200D0064623681F78B94201D001280A
:20C0400001D1012E0BD106202061284600F0D6FA009A52693AB121462846904703E0581CEB
:20C060002060501C207201B0F0BD30B54E4951F820500446687A002118B12046FFF748FCF9
:20C0800001466869092803D12046FFF7BFFF04E0687A10B92046FFF73BFC30BD424A52F884
:20C0A00020100969052909D30AD007290AD30BD00A2905D00B2901D1FFF73CBF002004E00F
:20C0C000FFF70EBFFFF748BF07207047394A52F8201001F01802182A01D1FFF705BE11F0EC
:20C0E000020301D0FFF749BF11F09C0101D0FFF776BFFFF7BABF70B52D4A2B490446800089
:20C1000086584558F06811F1180201280CD142F69E4152F8240008400BD02046FFF7F8FB33
:20C1200005202861686111E052F8240010F4305203D12046FFF7EAFD0BE004222A6110F4EC
:20C14000806003D011F1360001210155204600F055FA726912B129462046904770BD70B53B
:20C160001149134A04468000455886586B7A2A7A20469A4204D00721296100F03FFA0BE05E
:20C1800043F29C02183151F82410114002D1FFF75EFE01E0FFF77DFE726912B129462046CB
:20C1A000904770BD0000C046D8540020CFD6040078540020F0540020000000000000F0B58B
:20C1C00082B0634A0E460021019181008C58614A8B58614A614D074600938E50FFF7F7FB87
:20C1E00010B901210191AFE0009B7268586998691868E06880210843E060206862F3070024
:20C2000020606068120AC02362F307006060B2681859000960F31F121A51E0688843E060E5
:20C22000E068317C30F00800E060E06850F00300E060E06830F00400E060E06850F400207E
:20C24000E060206902239843206118460D2901D311F11500E26860F34D22E2603846FFF753
:20C260007AFB092138460022FFF72CFB3C4AB800815831F0FF018150D4F8000150F001004B
:20C28000C4F80001D4F80001F26862F34100C4F80001B37CE16863F39241E16092B94FF4F7
:20C2A0008072A058A158C0F3C000C1F38001084301D001210191012B02D1A81C0021C15529
:20C2C000002000E0012015F10E0101230093C855F6F75CF8022800D10090D4F81401009A0D
:20C2E00062F305004FF48A72A050A058032161F30D20A050A058042161F31540A050A0587A
:20C300003C2161F31D60A050D4F818014FF494723D2161F30500C4F81801A0581F2161F3B9
:20C320001000A050A05850F40000A050317F0835E9550C49B06941F82700002101730161E1
:20C34000022141610022C261019802B0F0BD000044FE04005CFE0400785400200C550020CA
:20C3600090540020D854002010B5D34B13F1300454F8204062692469012C18D30ED0032C29
:20C380000AD0042C06D0082C0AD0092C0AD0FFF785FE0FE00C200DE00B200BE0092009E0F7
:20C3A000012007E013EBC00305200B6002E01046FFF7A3FD10BDF0B582B0BF4F0E468100CF
:20C3C00017F130028C58BD4A01908858BC4A8D5831786173B168009031BB07E03369019AAC
:20C3E0005B5C11EBC2020131C9B2BB54327B9142F4D3FCF773FF7168002201B13278E272B3
:20C40000317B3069FFF769FBE072FCF76AFF019917EBC1012160317B013161720021A1720B
:20C42000FCF762FF327911E0012918D10021019A11EBC2020020B85401310829F7D3607252
:20C44000317B0131A172FCF74FFF72684FF48673E95862F30001E950FCF749FF02E0002186
:20C460006172A17200202072206101210198217303216161FFF70AFAFCF742FF00994FF464
:20C480008876497C4A1EA95962F30201A9514FF48476637BA95963F30701A951FCF733FF83
:20C4A000FCF734FF4FF48076D5F8001151F00201A951A95951F00401C5F80011FCF729FFD0
:20C4C00002B0F0BD70B50E7B7C4A002412F1600555F8203052F82050012216B1082E00D8AE
:20C4E00022465E69012E0CD01B7B012B01D102240BE0EB68012B02D1FFF75DFF05E0012AA9
:20C5000001D1012401E0FFF701FB204670BD30B56C4B054613F1480252F82000C06928B915
:20C52000092128460022FFF7CDF904E0A800C15831F0FF01C1502846FFF7A8F90224284615
:20C54000FFF745FA012800D10024284600F056F8204630BDF0B582B0584C05460023800020
:20C5600014F16001465800930259307B0192012801D100902BE07069012828D03361012046
:20C580007061F06914F1180750B9092128461A46FFF798F9082128460122FFF793F905E0A4
:20C5A000A900C859082262F30700C8510198C06801280CD1F06928B9284601220021FFF769
:20C5C00081F904E0AA00D05950F00100D051009802B0F0BD10B53C4A52F82030197B002434
:20C5E000012908D05969012905D119733C32115CFFF738FA00B90124204610BDF0B581B001
:20C600002E4E810016F160028F582D4A8B598D5804460093A968FFF769F9A10016F1780225
:20C620008850F86928B9092120460022FFF74AF905E016F118000A5832F0FF020A502046AC
:20C64000FFF724F92046FFF797F92046FFF7A6F92046FFF780F90098C068002849D11B49A5
:20C66000085D012820D12046FFF7B1F901281BD1E868009B80210843E86028685A6862F35A
:20C68000070028606868120A62F3070068609A68C0235859000960F31F125A51E8680B4B87
:20C6A0008843E86000201855F86988B9204601220621FFF707F911E0A85400207854002099
:20C6C00044FE040090540020D85400200E5500201836A000815951F003018151FCF716FE5B
:20C6E000D5F8000150F00400C5F80001FCF711FE14E0012812D1F86950B92046012206214E
:20C70000FFF7E0F8204601220021FFF7DBF805E01836A000815951F0030181517869B8611A
:20C72000022078610020387301B0F0BD30B531490446800045581831405880050ED508219D
:20C7400020460022FFF7BEF86869012806D12046FFF7DEF801462046FFF724FC30BD264A82
:20C7600052F82010C90701D5FFF7B0BC7047224A52F82010490401D5FFF7BDBC70471E4AE9
:20C7800052F82010090401D5FFF7E9BC7047F0B581B01A4A81008D58194A174E8B58044655
:20C7A0000093FFF7A3F8AF6846F82400686807F00F07400502D52046FFF7B8FF6868C00739
:20C7C00002D52046FFF7CBFF6868C00502D52046FFF7CDFF6868800502D52046FFF7CFFF72
:20C7E000072F01D10098C06F002046F8240001B0F0BDC046D8540020F054002044FE04008E
:20C800005CFE040000B50520EDF73AFA0320FFF7BEFFBFF34F8F0520EDF740FA00BD000062
:20C82000000010B50A4B0B4C186820600068016841B1022901D0012904D100F00DF808B11B
:20C840000020206010BD03490868006800F016B8B4F804004055002000B5026801465AB1B3
:20C860000220012A00D1104611EB8000C068406800F050F8C0B200E0012000BD81684068FF
:20C8800000F09DB80021084605E01E4A914201D9022004E0491C1C4B1A68D201F5D5704742
:20C8A00070B5194D437A2C68024600200C601BB1D5681669B54201D215690DB901201FE012
:20C8C000124D2C401568AD0754EA9554DB0754EA936493881D0AED0754EA1574DB0754EA01
:20C8E0005374D388127ADD0754EA9574D20754EAD2641A0AD20754EA5264054A22430A6003
:20C9000070BD00BF999901000820054081FCF8FF0100040030B581B0DFF824100446086837
:20C9200010F0400F08BF012047D0DFF8185069462046FFF7B5FF00283FD1FCF79BFD03E005
:20C94000082005400020054007B4294829492A4A0160026007BC2069E860FCF78EFDFFF728
:20C9600091FF002822D1617A00290ED0FCF782FD07B41F481F49204A0160026007BCE068F6
:20C980002861FCF77AFDFFF77DFF00280ED1FCF771FD07B416481749174A0160026007BC6A
:20C9A0000098A860FCF769FDFFF76CFF227A002A18BF6269DFF818100A6001B030BD10B5E9
:20C9C0000C46002818BF8047FCF754FD02E000BF4455002007B406480849094A0160026031
:20C9E00007BCFCF74AFD002C18BFA04710BD000014200540C4A1D9B00F3B1E1AD6B1C4A0AF
:20CA00007B0C0D1E30B50446DFF8045002E000BF0000024007B40B484FF08001016002688E
:20CA200000BF00BF00BF00BF00BF00BF00BF00BF07BC02E0002C18BFA047286810F0800F50
:20CA4000F8D030BD00000240000000000000000607080000000000009900CB00F400310140
:20CA60009701E80162022E0300010000000001000100010100010000000000000000001D7D
:20CA80003A2774694E53E8F5D2CF9C81A6BBCDD0F7EAB9A4839E25381F02514C6B76879AA2
:20CAA000BDA0F3EEC9D46F7255481B06213C4A57706D3E230419A2BF9885D6CBECF1130E86
:20CAC0002934677A5D40FBE6C1DC8F92B5A8DEC3E4F9AAB7908D362B0C11425F786594896A
:20CAE000AEB3E0FDDAC77C61465B0815322F5944637E2D30170AB1AC8B96C5D8FFE2263B02
:20CB00001C01524F6875CED3F4E9BAA7809DEBF6D1CC9F82A5B8031E3924776A4D50A1BC29
:20CB20009B86D5C8EFF24954736E3D20071A6C71564B1805223F8499BEA3F0EDCAD7352805
:20CB40000F12415C7B66DDC0E7FAA9B4938EF8E5C2DF8C91B6AB100D2A3764795E43B2AFE1
:20CB60008895C6DBFCE15A47607D2E3314097F6245580B16312C978AADB0E3FED9C4000026
:20CB80002110422063308440A550C660E770088129914AA16BB18CC1ADD1CEE1EFF1311252
:20CBA000100273325222B5529442F772D662399318837BB35AA3BDD39CC3FFF3DEE3622412
:20CBC000433420040114E664C774A44485546AA54BB528850995EEE5CFF5ACC58DD5533612
:20CBE000722611163006D776F6669556B4465BB77AA719973887DFF7FEE79DD7BCC7C44852
:20CC0000E5588668A7784008611802282338CCC9EDD98EE9AFF9488969990AA92BB9F55A51
:20CC2000D44AB77A966A711A500A333A122AFDDBDCCBBFFB9EEB799B588B3BBB1AABA66C91
:20CC4000877CE44CC55C222C033C600C411CAEED8FFDECCDCDDD2AAD0BBD688D499D977E11
:20CC6000B66ED55EF44E133E322E511E700E9FFFBEEFDDDFFCCF1BBF3AAF599F788F8891D0
:20CC8000A981CAB1EBA10CD12DC14EF16FE18010A100C230E3200450254046706760B98371
:20CCA0009893FBA3DAB33DC31CD37FE35EF3B1029012F322D2323542145277625672EAB5F1
:20CCC000CBA5A89589856EF54FE52CD50DC5E234C324A01481046674476424540544DBA731
:20CCE000FAB79987B8975FE77EF71DC73CD7D326F2369106B01657667676154634564CD931
:20CD00006DC90EF92FE9C899E9898AB9ABA94458654806782768C018E1088238A3287DCB70
:20CD20005CDB3FEB1EFBF98BD89BBBAB9ABB754A545A376A167AF10AD01AB32A923A2EFD70
:20CD40000FED6CDD4DCDAABD8BADE89DC98D267C076C645C454CA23C832CE01CC10C1FEF30
:20CD60003EFF5DCF7CDF9BAFBABFD98FF89F176E367E554E745E932EB23ED10EF01E0000E1
:20CD800001030001010300010103000100010103000101030001010300010103000101036B
:20CDA000000101030001010300010001000100010103000102030100010203000102000051
:20CDC0009ACD0400020000009CCD0400020200009ECD040002000000A0CD0400030200008E
:20CDE000A2CD040002000000A4CD040001020000A6CD040002000000A8CD04000110021031
:20CE000001010000B5CD040002000000ACCD0400792C04007D2C0400AAF108000200000010
:20CE2000AECD0400812C0400B12C0400ABF1080002000000AECD0400F32C0400252D040043
:20CE40008CF1040002000000AECD0400672D0400992D04001003020080CD04000200000006
:20CE600082CD040043A20300000000001103020084CD04000200000086CD04003DA30300D0
:20CE8000000000002203020088CD0400020000008ACD0400E5A303000000000027030100FF
:20CEA000B4CD0400020000008CCD0400ABA50300000000002E0102008ECD040002000000A9
:20CEC00090CD04000FA5030071A703003103020092CD04000200000094CD040041A6030035
:20CEE000AFA703003E03020096CD04000200000098CD040001A70300000000000000000019
:20CF0000000000000000000000000000000000000000000051430200AACD04004D2C040083
:20CF200059430200AACD0400432B04005B430200AACD0400572B04005C430200AACD0400A9
:20CF4000912B04005D430200AACD0400A52B04005E430200AACD0400B92B04005F43020076
:20CF6000AACD0400CD2B04007C430200AACD0400E12B0400CF430200AACD0400F52B04003B
:20CF8000D2430200AACD0400052C0400DA430200AACD0400152C040007B10200AACD0400B6
:20CFA000252C040008B10200AACD0400392C0400B5D00200AACD04002D28040020F102000F
:20CFC000AACD04004529040021F10200AACD04005929040025F10200AACD04006D29040022
:20CFE0002AF10200AACD0400812904002BF10200AACD0400952904002EF10200AACD0400F4
:20D00000A929040086F10200AACD0400BD2904008AF10200AACD0400D12904008CF10200E7
:20D02000AACD0400E7290400A0F10200AACD0400152A0400A1F10200AACD04003D2A040096
:20D04000A5F10200AACD0400692A0400AAF10200AACD04007F2A0400ABF10200AACD040048
:20D06000AB2A0400AEF10200AACD0400D92A040000D90200AACD04005D2C040020ED0200C2
:20D08000AACD040043280400A0ED0200AACD0400E3280400F0F10200AACD0400052B0400FB
:20D0A00000D90200AACD04005D2C04000602000002000000B0CD040002000000B2CD04007D
:20D0C00001000000B6CD0400DB2D04000000000001FD000002000000B0CD04000200000039
:20D0E000B2CD040003000000B8CD04000D2E04000000000002FD010002000000B0CD04005F
:20D1000002000000B2CD040003000000B8CD04008B2E040000000000000000000000010040
:20D12000000000000100000001000100010001001614151917180E0F101112132C2F33373B
:20D140003B3F2D3034383C402E3135393D410032363A3E4243451A1C1E20221B1D1F2123EA
:20D16000242526090A0B0C0D474644480827280405494A00000000000000000000000000FD
:20D18000000000004B4C4D4E4F505152535455000503000201000200050302000100020005
:20D1A00004000000B8D1040000E000000020000000000100002000000001040000000002B6
:20D1C000000400000003700000000004700000000608010501020301010700000000000041
:20D1E00000000000010000000001010001000000000000000000000000000000010000002A
:20D20000A00F00000200000051EA03000200000053EA0300000000000200000069EA030085
:20D22000DCD104000000050000000000B4070020E4D104000000E803CC002A00CC000000F7
:20D24000E803FF007E00FF00000AE8038403AA002A00AA000000E803CC002B00CC000000BF
:20D26000E803FF007E00FF00000AE8038403AA002B00AA00050000000200000001008813A9
:20D2800032000000E8D1040034D2040048D2040005000000020000000100881332000000A2
:20D2A000E8D1040054D2040068D2040000000000000000006D6F040000000000A16F040055
:20D2C000C56F04004B6F04000000FFEFFFDFFFBFFF7FFFEFFFDFFFBFFF7F00010203000042
:20D2E000FFC2030001C303009BC3030091C4030033C40300FDC3030011C4030017C4030077
:20D3000000010203040507080901020304050600010203040500000061090400C309040084
:20D32000A707040083080400590F0400000000000000000000000000000000000000000040
:20D340000000000061090400C3090400170B040000000000000000004B0B0400A90B040057
:20D360004F0C0400000000000000000000000000000000000000000000000000000000004E
:20D380000000000061090400C3090400170B0400AB11040000000000000000000200000067
:20D3A0003C00000002000000010002000200030300000000F41F00200000000000000000F1
:20D3C000000000000000000000000000000000000100000038000000020000000200FE030F
:20D3E0000100030300000000F61F00200000000000000000000000000000000000000000F1
:20D400000000000001000000380000000200000003006E000100030300000000F623002020
:20D420000000000000000000000000000000000000000000000000000100000038000000B3
:20D440000200000004006E0001000303000000005A240020000000000000000000000000B3
:20D460000000000000000000010203008104040051060400000000000000000000000000C2
:20D4800041070400E5040400BB0604000000000000000000000000008F070400510504009A
:20D4A000510504000000000000000000000000005105040053050400530504000000000000
:20D4C0000000000000000000530504006B0504006B05040000000000000000000000000008
:20D4E0006B050400D7050400D7050400000000000000000000000000D7050400F28107009E
:20D50000068207001A8207002E82070042820700568207006A8207007E8207008283070072
:20D52000A0830700BE830700DC830700FA830700188407003684070054840700E2820700E1
:20D54000F68207000A8307001E83070032830700468307005A8307006E83070072840700AB
:20D5600090840700AE840700CC840700EA8407000885070026850700448507006E676953E4
:20D58000676F725024360166085277402020410266085277422020416608527744202041A8
:20D5A00035313930373566085277392020416608527738202041000000000000000000004F
:20D5C0000000000034D6040008000000000000000C0003000303020101010000010000001A
:20D5E00058D60400010000000103010108000000000000000C0003010303020101010000CF
:20D600000100000058D60400010000000303030108000000040000000C00060003030501A2
:20D62000010100000100000058D60400010000000103010170D6040064D604000000000026
:20D6400088D6040068D6040000000000A0D604006CD604000000000050524F46494C455FF6
:20D6600030310000410418009E001800000018001000000000000000B8D60400C8D50400DB
:20D6800001000000BCD604001000000000000000B8D60400ECD5040001000000BCD60400F5
:20D6A0001000000000000000B8D6040010D6040001000000BCD6040045324500312E302ECE
:20D6C00030000100020303030C0C0C04070A090202020303030C0C0C04020103000000008F
:20D6E0000000000050000000000000000002000000000000000000640A5A00000000000010
:20D700000050505000000000000000FF000000000000000002000000000000000000000018
:20D720000000000000000000FF00000000000000A8D70400090000002D59040000000000D4
:20D7400000000000FF000000000000000000000002000000000000000000000000000000C8
:20D7600000000000FF0000000000000014D80400010000002D59040000000000000000002F
:20D78000FF0000000100000000010001000000000100000000010001000000000100000083
:20D7A000000100010000000000000000000000000000000001000000030000000000000063
:20D7C000020000000D00000000000000030000000E0000000000000004000000080000001D
:20D7E00000000000050000000900000000000000060000000A000000000000000700000004
:20D800000B00000000000000080000000F00000000000000000000000700000000000000DF
:20D8200024D8040034D804003CD804000300000000000000E4D80400FCD804000000000025
:20D84000000000000000000000000000000000000000000000000000B5840300D03100206B
:20D86000000000000100060014D9040084D704000CF604000100000000000000000000004A
:20D8800000000000000000000000000000000000C5840300D0310020000000000100030017
:20D8A0002CD9040090D7040014F604000200010000000000000000000000000000000000E3
:20D8C0000000000000000000D5840300D0310020000000000100010038D904009CD704003D
:20D8E0001CF604000200090000FF000000000000000000000CD7040024F604000100010001
:20D9000000FF0000000000000000000048D7040044F604000E0000000B0000000900000085
:20D920000A000000080000000D00000003000000000000000F0000000700000040D9040092
:20D9400048D9040030DC04004CD9040000000000000000000000000034DC04000000000055
:20D960008CD90400FFFF0300FFFF0300FFFF0300FFFF0300CFFB0100FFFF0300FFFF03006D
:20D98000FFFF0300FFFF0300CFFB010000000000000000009CD904001CDC04000100000044
:20D9A00001000000010000000100000001000000010000000100000001000000010000005F
:20D9C00001000000010000000100000001000000010000000100000001000000010000003F
:20D9E00001000000010000000100000001000000010000000100000001000000010000001F
:20DA00000100000001000000010000000100000001000000010000000100000001000000FE
:20DA20000100000001000000010000000100000001000000010000000100000001000000DE
:20DA40000100000001000000010000000100000001000000010000000100000001000000BE
:20DA600001000000010000000100000001000000010000000100000001000000010000009E
:20DA800001000000010000000100000001000000010000000100000001000000010000007E
:20DAA00001000000010000000100000001000000010000000100000001000000010000005E
:20DAC00001000000010000000100000001000000010000000100000001000000010000003E
:20DAE00001000000010000000100000001000000010000000100000001000000010000001E
:20DB00000100000001000000010000000100000001000000010000000100000001000000FD
:20DB20000100000001000000010000000100000001000000010000000100000001000000DD
:20DB40000100000001000000010000000100000001000000010000000100000001000000BD
:20DB600001000000010000000100000001000000010000000100000001000000010000009D
:20DB800001000000010000000100000001000000010000000100000001000000010000007D
:20DBA00001000000010000000100000001000000010000000100000001000000010000005D
:20DBC00001000000010000000100000001000000010000000100000001000000010000003D
:20DBE00001000000010000000100000001000000010000000100000001000000010000001D
:20DC00000100000001000000010000000100000001000000010000000100000001000000FC
:20DC20000100000001000000010000000100000040DC040000000000C00800201E17002083
:20DC40000000000049F203004BF2030000000000F0FFFFFF00000000000000000000000059
:20DC6000000000000000000044DC040070DC04006BC503006DC503000000000000000100C7
:20DC80000004000000010000100000000400000098DC04005CDC0400A8DC0400BCDC040093
:20DCA000D0DC0400E4DC04000020000010000000FF9F0100000000010101000000200000FE
:20DCC00010000000FFBF010000A00101010100000020000010000000FFDF010000C0010100
:20DCE000010100000020000010000000FFFF010000E001010101000002000000000000000D
:20DD00000000000002000000000000000000000000000000F8F504001CDD04000100000012
:20DD200030DD040001000000F8DC04004CDD0400000000004DF2030000000000D012634104
:20DD4000FFFFFFFF0000000004DD0400000000000000000002000000A0F604000000000046
:20DD6000000000000000000002000000D4F6040000000000000000007CDD04000100000075
:20DD800090DD04000100000064DD04000000000002000000010000000008000000000000C1
:20DDA00050DD0400CD000000ACDD04000000000000000000B56104000100000000000000BD
:20DDC000B56104000200000000000000B56104000300000000000000B561040004000000EC
:20DDE00000000000B56104000500000000000000B56104000600000000000000B5610400CA
:20DE00000700000000000000B56104000800000000000000B56104000900000000000000B6
:20DE2000B56104000A00000000000000B56104000B00000000000000B56104000C00000073
:20DE400000000000B56104000D00000000000000B56104000E00000000000000B561040059
:20DE60000F00000000000000B56104001000000000000000B561040011000000000000003E
:20DE8000B56104001200000000000000B56104001300000000000000B561040014000000FB
:20DEA00000000000B56104001500000000000000B56104001600000000000000B5610400E9
:20DEC0001700000000000000B56104001800000000000000B56104001900000000000000C6
:20DEE000B56104001A00000000000000B56104001B00000000000000B56104001C00000083
:20DF000000000000B56104001D00000000000000B56104001E00000000000000B561040078
:20DF20001F00000000000000B56104002000000000000000B561040021000000000000004D
:20DF4000B56104002200000000000000B56104002300000000000000B5610400240000000A
:20DF600000000000B56104002500000000000000B56104002600000000000000B561040008
:20DF80002700000000000000B56104002800000000000000B56104002900000000000000D5
:20DFA000B56104002A00000000000000B56104002B00000000000000B56104002C00000092
:20DFC00000000000B56104002D00000000000000B56104002E00000000000000B561040098
:20DFE0002F00000000000000B56104003000000000000000B561040031000000000000005D
:20E00000B56104003200000000000000B56104003300000000000000B56104003400000019
:20E020000100000005C804003500000000000000B56104003600000000000000B56104006F
:20E040003700000000000000B56104003800000000000000B56104003900000000000000E4
:20E06000B56104003A00000000000000B56104003B00000000000000B56104003C000000A1
:20E0800000000000B56104003D00000000000000B56104003E00000000000000B5610400B7
:20E0A0003F00000000000000B56104004000000000000000B561040041000000000000006C
:20E0C000B56104004200000000000000B56104004300000000000000B56104004400000029
:20E0E00000000000B56104004500000000000000B56104004600000000000000B561040047
:20E100004700000000000000B56104004800000000000000B56104004900000000000000F3
:20E12000B56104004A00000000000000B56104004B00000000000000B56104004C000000B0
:20E1400000000000B56104004D00000000000000B56104004E00000000000000B5610400D6
:20E160004F00000000000000B56104005000000000000000B561040051000000000000007B
:20E18000B56104005200000000000000B56104005300000000000000B56104005400000038
:20E1A00000000000B56104005500000000000000B56104005600000000000000B561040066
:20E1C0005700000000000000B56104005800000000000000B5610400590000000000000003
:20E1E000B56104005A00000000000000B56104005B00000000000000B56104005C000000C0
:20E2000000000000B56104005D00000000000000B56104005E00000000000000B5610400F5
:20E220005F00000000000000B56104006000000000000000B561040061000000000000008A
:20E24000B56104006200000000000000B56104006300000000000000B56104006400000047
:20E2600000000000B56104006500000000000000B56104006600000000000000B561040085
:20E280006700000000000000B56104006800000000000000B5610400690000000000000012
:20E2A000B56104006A00000000000000B56104006B00000000000000B56104006C000000CF
:20E2C00000000000B56104006D00000000000000B56104006E00000000000000B561040015
:20E2E0006F00000000000000B56104007000000000000000B561040071000000000000009A
:20E30000B56104007200000000000000B56104007300000000000000B56104007400000056
:20E3200000000000B56104007500000000000000B56104007600000000000000B5610400A4
:20E340007700000000000000B56104007800000000000000B5610400790000000000000021
:20E36000B56104007A00000000000000B56104007B00000000000000B56104007C000000DE
:20E3800000000000B56104007D00000000000000B56104007E00000000000000B561040034
:20E3A0007F00000000000000B56104008000000000000000B56104008100000000000000A9
:20E3C000B56104008200000000000000B56104008300000000000000B56104008400000066
:20E3E00000000000B56104008500000000000000B56104008600000000000000B5610400C4
:20E400008700000000000000B56104008800000000000000B5610400890000000000000030
:20E42000B56104008A00000000000000B56104008B00000000000000B56104008C000000ED
:20E4400000000000B56104008D00000000000000B56104008E00000000000000B561040053
:20E460008F00000000000000B56104009000000000000000B56104009100000000000000B8
:20E48000B56104009200000000000000B56104009300000000000000B56104009400000075
:20E4A00000000000B56104009500000000000000B56104009600000000000000B5610400E3
:20E4C0009700000000000000B56104009800000000000000B5610400990000000000000040
:20E4E000B56104009A0000000100000023B804009B00000000000000B56104009C00000037
:20E500000100000009B804009D00000000000000B56104009E0000000100000057B80400CC
:20E520009F00000000000000B5610400A0000000010000003DB80400A100000000000000E7
:20E54000B5610400A20000000100000059AC0400A300000000000000B5610400A400000094
:20E5600000000000B5610400A500000000000000B5610400A6000000010000007FB80400E0
:20E58000A700000000000000B5610400A80000000100000071B80400A9000000000000003B
:20E5A000B5610400AA00000000000000B5610400AB00000000000000B5610400AC0000000C
:20E5C00000000000B5610400AD00000000000000B5610400AE00000000000000B561040092
:20E5E000AF00000000000000B5610400B000000000000000B5610400B100000000000000D7
:20E60000B5610400B200000000000000B5610400B300000000000000B5610400B400000093
:20E6200000000000B5610400B500000000000000B5610400B600000000000000B561040021
:20E64000B700000000000000B5610400B800000000000000B5610400B9000000000000005E
:20E66000B5610400BA00000000000000B5610400BB00000000000000B5610400BC0000001B
:20E6800000000000B5610400BD00000000000000B5610400BE00000000000000B5610400B1
:20E6A000BF00000000000000B5610400C000000000000000B5610400C100000000000000E6
:20E6C000B5610400C200000000000000B5610400C300000000000000B5610400C4000000A3
:20E6E00000000000B5610400C500000000000000B5610400C600000000000000B561040041
:20E70000C700000000000000B5610400C800000001000000C1600400C90000000100000060
:20E72000DB600400CA00000000000000B5610400CB00000000000000B5610400CC00000005
:20E7400000000000B5610400030000000000000068F8040058E704000000000060E70400AA
:20E76000000000000100000048E70400D0F50400E8F5040070F40400B0EA04000CF40400B1
:20E7800064F4040024E904008CE70400000000000100000001000000A4E70400ACE704006D
:20E7A0006CE704000000000000000000000000007CE70400005006400100208904500640C1
:20E7C0000000008F085006400000008F0C5006400000008F105006400000008F145006406D
:20E7E0000000008F185006400000008F1C5006400000008F205006400000008F245006400D
:20E800000000008F285006400000008F2C5006400000008F305006400000008F34500640AC
:20E820000000008F385006400000008F4C5006400000008F505006400000008F545006401C
:20E840000000008F585006400000008F5C5006400000008F605006400000008F64500640AC
:20E860000000008F685006400000008F6C5006400000008F705006400000008F745006404C
:20E880000000008F785006400000008F7C5006400000008F885006400000008F8C500640DC
:20E8A0000000008F9050064000002089945006400000208998500640000020899C5006401E
:20E8C00000002089A050064031072089A850064000002089AC50064000002089B050064060
:20E8E0000000008FB45006400000008FB85006400000008FBC5006400000008FC05006409C
:20E900000000008FC450064000002089C850064000002089CC50064001002089D0500640EC
:20E9200000002089180000002CE904001300000005000000000000000100000014000000D0
:20E94000050000000000000001000000160000000500000000000000010000002C00000069
:20E960000400000000000000010000002D0000000400000000000000010000002E00000032
:20E980000400000000000000010000002F000000040000000000000001000000300000000E
:20E9A000040000000000000001000000340000000800000000000000010000000300000012
:20E9C00004000000050000000100000004000000040000000B0000000100000022000000F7
:20E9E000040000000000000001000000230000000400000000000000010000001A000000D0
:20EA00000500000000000000010000001C00000005000000000000000100000028000000A6
:20EA20000400000002000000010000000800000005000000000000000100000002000000BF
:20EA4000050000000000000001000000090000000500000000000000010000000A00000097
:20EA600005000000000000000100000005000000040000000B000000010000002A00000051
:20EA80000800000000000000010000002B0000000800000000000000010000000600000033
:20EAA000040000000B00000001000000A4DD040000000000000000000000000007000000BA
:20EAC00000000000000000000000000001000000000000000000000000000000060000002F
:20EAE000000000000100000000000000010000000000000000000000000000000200000012
:20EB00000000000002000000010000000100000000000000000000000000000000000000F1
:20EB2000000000000000000000000000010000000000000000000000000000000D000000C7
:20EB4000000000000200000001000000010000000000000000000000000000000C000000A5
:20EB6000000000000200000001000000010000000000000000000000000000000B00000086
:20EB8000000000000500000001000000010000000000000000000000000000000A00000064
:20EBA00000000000050000000000000001000000000000000000000001000000040000004A
:20EBC00000000000010000000100000001000000000000000100000001000000020000002E
:20EBE000000000000100000001000000010000000000000000000000010000000000000011
:20EC00000000000001000000010000000100000000000000000000000100000011000000DF
:20EC2000000000000100000000000000010000000000000000000000010000000C000000C5
:20EC4000000000000000000000000000010000000000000000000000010000000B000000A7
:20EC6000000000000100000001000000010000000000000000000000010000000900000087
:20EC8000000000000200000001000000010000000000000000000000010000000800000067
:20ECA00000000000010000000100000001000000000000000000000002000000030000004C
:20ECC00000000000000000000000000001000000000000000000000002000000020000002F
:20ECE000000000000000000000000000010000000000000000000000020000000100000010
:20ED00000000000000000000000000000100000000000000000000000200000000000000F0
:20ED20000000000000000000000000000100000000000000000000000200000010000000C0
:20ED4000000000000000000000000000010000000000000000000000020000000F000000A1
:20ED6000000000000000000000000000010000000000000000000000020000000800000088
:20ED8000000000000100000001000000010000000000000000000000020000000700000067
:20EDA000000000000200000001000000010000000000000000000000020000000600000047
:20EDC00000000000020000000000000001000000000000000000000002000000110000001D
:20EDE0000000000000000000000000000100000000000000000000000300000010000000FF
:20EE0000000000000600000000000000010000000000000000000000030000000F000000D9
:20EE2000000000000100000001000000010000000000000001000000030000000D000000BE
:20EE4000000000000500000001000000010000000000000000000000030000000B0000009D
:20EE6000000000000500000001000000010000000000000000000000030000000A0000007E
:20EE8000000000000500000000000000010000000000000000000000030000000200000067
:20EEA000000000000100000001000000010000000000000001000000030000000E0000003D
:20EEC000000000000700000000000000010000000000000000000000040000001000000016
:20EEE000000000000100000001000000010000000000000001000000040000000F000000FB
:20EF00000000000001000000010000000100000000000000000000000400000003000000E7
:20EF2000000000000100000001000000010000000000000001000000040000000C000000BD
:20EF40000000000001000000010000000100000000000000000000000400000008000000A2
:20EF6000000000000200000001000000010000000000000000000000040000000700000082
:20EF8000000000000100000001000000010000000000000000000000040000000100000069
:20EFA000000000000400000001000000010000000000000000000000040000000000000047
:20EFC00000000000040000000000000001000000000000000000000029002D00ECEF0400F7
:20EFE00048F0040058F00400B8EA04000100030004000500080009000E000F001000110087
:20F00000210023002500260027002A002D002E002F0030004400450049004A004B004C00A3
:20F020004D004E006000610063006400650066006700680069006C0071008200860089003C
:20F040008B008D008E00000000000000000000000100000000000000900001000100000077
:20F06000010101008F00000001000000010101008300010001000000010101008C000000E6
:20F0800001000000010101007000000000000000000001006F000100010000000101010087
:20F0A0006D00000001000000000001006B00010001000000000001008800000001000000EA
:20F0C000000001002400010001000000010101004300000000000000000001004200000080
:20F0E00000000000000001006A000000000000000000010041000000000000000000010062
:20F100004000000000000000000001005000000000000000000001004F000000000000000E
:20F1200000000100480000000100000001010100220000000100000001010100200000003C
:20F1400001000000010101000700000000000000000001000600000000000000010101009A
:20F160008700000001000000010101003100000000000000010101002C00000000000000A4
:20F18000000001006200010001000000010101000200000001000000000001002B000000D8
:20F1A0000100000001010100290000000100000000000100280000000100000001010100F4
:20F1C00000000000000000000000010047000000010000000000010046000000000000009F
:20F1E000000001000D00010001000000000001000C00000001000000000001000B000000E5
:20F2000001000000000001000A00000000000000000001008100010001000000000001005D
:20F220008000000000000000000001006E000000000000000000010051000000000000008D
:20F240000000010048F204002900000058F20400FCF20400D8EF0400010000000100000039
:20F26000010000000100000001000000010000000100000001000000010000000100000086
:20F28000010000000100000001000000010000000100000001000000010000000100000066
:20F2A000010000000100000001000000010000000100000001000000010000000100000046
:20F2C000010000000100000001000000010000000100000001000000010000000100000026
:20F2E000010000000100000001000000010000000100000001000000010000000100000006
:20F30000000000000200000000000000D0F70400010000000200000000000000DCF7040046
:20F32000030000000200000000000000E8F7040000000000020000000010000000000000D3
:20F34000F0F604000100000002000000102700000000000044F70400010000000200000047
:20F36000004000000000000060F704000300000002000000008000000000000098F70400DA
:20F38000030000000200000000400000000000007CF7040098F3040005000000A8F304007E
:20F3A0000300000000F30400000000000000000030F304000100000000000000010000002A
:20F3C0000000000044F304000100000000000000020000000000000058F30400010000009F
:20F3E0000000000003000000000000006CF3040001000000000000000400000000000000A2
:20F4000080F304000100000000000000030000000068890900000000010000000300000073
:20F420000001000000000000010000000100000000000000000000000100000000000000C8
:20F4400001000000030000005000000001000000000000000068890900010000000000005C
:20F46000000000000100000003000000010000000000000000000000000000000000000087
:20F4800000000000000000000000000000000000000000000100000001000000000000006A
:20F4A00000000000030000000000000003010000A00000000000000000000000044600203B
:20F4C000C8F40400D4F404000300000000000000ACF40400030000000100000000000000F5
:20F4E000A4F40400E8F4040001000100010001000000000008F5040010F5040018F5040071
:20F50000C0F40400C4F4040020F504003CF5040058F504007CF50400A0F50400B4F504001D
:20F52000010000001800000001000000280000002446002000000000D844002001000000C2
:20F540001800000001000000280000002C46002000000000DC44002001000000C8F50400D6
:20F56000753804006D38040000000000000000002C45002000000000C0F4040001000000E7
:20F58000C9F50400853804007D38040000000000000000003845002000000000C0F40400DA
:20F5A0000100000000000000CAF504004FF20300000000000100000000000000CCF504007D
:20F5C000000000000000000000010000010000000000000000000000000000000000000029
:20F5E000000000000000000000000000000000000000000000000000000100000300000007
:20F60000000000001F6D0400000000000101000064F604000101000070F60400010100008C
:20F620007CF604000000000001000000010000000100000000000000FFFF00000000000053
:20F64000000000000000000001000000010000000100000000000000FFFF000000000000A9
:20F6600000000000000000000100010088F60400000000000100010090F60400000000007A
:20F680000100010098F60400000000000A000100000000000A000100000000000A000100B5
:20F6A00000000000080000000200000000000000020000000000000001000000000000003D
:20F6C000AD6D0400E76D040000000000000000000000000001000000E0F60400A0F604003F
:20F6E000FFFF00000100000002000000000000000601000000000000010000000000000001
:20F700000100000000000000000000000701000000000000010000000000000001000000DE
:20F720000000000000000000000100000000000001000000000000000100000000000000C6
:20F7400000000000070100000000000001000000000000000100000000000000000000009F
:20F7600006010000000000000100000000000000010000000000000000000000000100007F
:20F78000000000000100000000000000010000000000000000000000010100000000000065
:20F7A00001000000010000000100000000000000000000000701000000000000010000003D
:20F7C00000000000010000000000000000000000F4F7040010F804000200000018F8040017
:20F7E00034F804000300000040F804005CF8040003000000020000000000000090010000AC
:20F8000000000000010000000100000100000000F0F604000CF704000200000000000000F2
:20F820001F4E00000000000001000000010000010000000028F7040044F7040060F704009B
:20F8400002000000000000001F4E0000000000000100000001000001000000007CF70400BF
:20F8600098F70400B4F7040003000000080200000D000000000000000D01000009710400A0
:20F88000205500200B0000000068890902000000000000000000000000000000A4F804002C
:20F8A000ACF8040000000000BCF8040000000000D4F80400B8F804008CF8040000000000DC
:20F8C00000000001000000000000000000E204000000000000000000000000010000000040
:20F8E000000000000019000000000000003007400030074000000F000000000F00000F0FC5
:20F900008080008080808000808000000000000004000000010000000500000002000000DB
:20F9200006000000050000000100000006000000070000000700000000000000090000009E
:20F94000080000000A000000020000000B000000090000000C0000000A0000000D0000005C
:20F960000B0000000F0000000C000000550000000E000000FF0000000300000000000000FC
:20F98000000000000100000001000000020000000200000004000000040000000500000054
:20F9A00005000000060000000600000007000000070000000800000008000000090000000F
:20F9C000090000000A0000000A0000000B0000000B0000000C0000000C0000000D000000CF
:20F9E0000D0000000E0000000E0000000F0000000F000000100000001000000000000000A0
:20FA00000000000001000000010000000200000002000000040000000400000005000000D3
:20FA200005000000060000000600000007000000070000000800000008000000090000008E
:20FA4000090000000A0000000A0000000B0000000B0000000C0000000C0000000D0000004E
:20FA60000D0000000E0000000E0000000F0000000F000000100000001000000024FC0400FB
:20FA80000100000028FC0400050000003CFC04000600000054FC04000600000054FC040048
:20FAA0000600000054FC04000600000054FC0400060000006CFC0400060000006CFC0400AE
:20FAC0000600000084FC04000600000084FC0400060000009CFC0400040000009CFC0400D0
:20FAE000040000009CFC0400040000009CFC0400040000009CFC0400040000009CFC040086
:20FB0000040000009CFC0400040000009CFC040004000000ACFC040006000000ACFC040043
:20FB200006000000ACFC040006000000ACFC040006000000ACFC040006000000ACFC0400FD
:20FB400006000000C4FC040006000000C4FC040006000000C4FC040006000000C4FC04007D
:20FB600006000000DCFC040006000000DCFC040006000000F4FC040006000000F4FC0400CD
:20FB80000600000000000000000000000CFD0400050000000CFD04000500000020FD04001A
:20FBA0000100000024FD04000100000028FD0400010000002CFD04000100000030FD040095
:20FBC00005000000000000000000000044FD04000100000048FD0400010000004CFD040043
:20FBE000050000004CFD0400050000004CFD0400050000004CFD0400050000004CFD0400BD
:20FC00000500000060FD04000100000064FD04000100000068FD0400010000006CFD040040
:20FC20000100000000000000000000000100000002000000030000000400000000000000B9
:20FC4000010000000200000003000000040000000500000000000000010000000200000092
:20FC600003000000040000000500000000000000010000000200000003000000040000006E
:20FC8000050000000000000001000000020000000300000004000000050000000000000050
:20FCA00003000000040000000500000000000000010000000200000003000000040000002E
:20FCC000050000000000000001000000020000000300000004000000050000000000000010
:20FCE0000100000002000000030000000400000005000000000000000100000002000000F2
:20FD00000300000004000000050000000000000001000000020000000300000004000000CD
:20FD200007000000070000000700000007000000000000000300000004000000050000009B
:20FD4000060000000800000008000000000000000100000002000000030000000400000083
:20FD6000080000000800000008000000080000000090044000A0044000B004400000054072
:20FD8000001005400090044000A0044000B0044000000540001005400090044000A0044010
:20FDA00000B0044000000540001005400090044000A0044000B0044000000540001005406F
:20FDC0000000010000000001000000020000000400000008000000100000002000C00240E1
:20FDE00000D00240000003400010034000C0024000D002400000034000100340000004406D
:20FE00000000044000C0004000D00040008001400090014000C0004000D00040008001402B
:20FE20000090014000C0004000D00040008001400090014000C0004000D00040008001407E
:20FE40000090014000A0064000B0064000C0064000000740001007400020074000A0064004
:20FE600000B0064000C00640000007400010074000200740010000008200000004000000FA
:20FE80000800000000000000010000000001000000020000000400008F07000001000000BB
:20FEA000020000000400000008000000100000002000000040000000800000009E000000A6
:20FEC000000100000002000000040000000800000010000000200000004000000080000023
:20FEE000040000007403002020FF040020FF04007403002020FF04006C040500C00800200A
:20FF00006C0405007404050000000020008003007483030001000000D0080020485500209C
:20FF20000000000000000000010000000100000002000000020000000300000003000000B5
:20FF4000040000000400000005000000050000000600000006000000070000000700000075
:20FF600008000000080000000A000000090000000C0000000A0000000B0000000C00000031
:20FF8000000000000000000000000000000000000000000000000000000000000000000061
:20FFA0000000000000000000000000000000000000000000978503009B85030000000000FF
:20FFC00001000000978503009B8503000000000002000000978503009B850300000000009A
:20FFE00003000000978503009B8503000000000004000000978503009B8503000000000076
:020000025000AC
:2000000005000000978503009B8503000000000006000000978503009B8503000000000051
:2000200007000000978503009B8503000000000008000000978503009B850300000000002D
:200040000A000000978503009B850300000000000C000000978503009B8503000000000006
:200060000B000000978503009B850300000000000000000000000000000000000000000033
:20008000000000000000000000000000000000000000000000000000000000000000000060
:2000A000000000000000000000000000000000000000000000000000000000000000000040
:2000C00000000000000000000000000000000000D8FFF70F1400D80E19008B0E1E001C0E4F
:2000E0002300C30D2800470D2D00BA0C32001E0C3700740B3C00BE0A4100000A46003D09B1
:200100004B0079085000B8075500FD065A004A065F00A30564000705690078046E00F7033E
:200120007300820378001A037D00BD0282006B02870022028C00E2019100AA0196007901A1
:200140009B004601A0001201C04010E101E101E101FF03FF03FF0307070705001000000024
:20016000000000C04010000000000000000000000000070707050010000000000000000045
:20018000010000000000000023000000239203002B92030097910300DB9103003392030061
:2001A0000000000001000000010000001C000000239203002B92030097910300DB9103000F
:2001C00033920300000000006464646464640A0000000000000000000000000000000000F5
:2001E000000000000000FFFFFFFFFFFF000000000000000000000000000000000000000005
:20020000000000000000000000000000000000000000FFFFFFFFFFFF0000000000000000E4
:20022000000000000000000000000000000000000000000000000000000000000000FFFFC0
:20024000FFFFFFFF00000000000000000000000000000000000000000000000000000000A2
:2002600000000000000000000000FFFFFFFFFFFF0000000000000000000000000000000084
:2002800000000000000000000000000000000000000000000000FFFFFFFFFFFF0000000064
:2002A00000000000000000000000000000000000000000000000000000000000000000003E
:2002C0000000FFFFFFFFFFFF00000000000000000000000000000000016464646464646467
:2002E0006464646464646400020000000800000010000000200000004000000000000000C8
:200300000003000011B70300000000002DB7030063B80300B1B8030000000000000000009E
:200320009A010000FFFFFFFF00000000FFFFFFFF0000000001040000FFFFFFFF0000000029
:20034000FFFFFFFF01000000A903A903DF028803A903420305000000B407002000D2040035
:2003600001000000C10700000B000000ECD10400900A002001000000030700000B00000018
:20038000F0D10400980A002001000000C40700000B000000F4D104009F0A0020000000006D
:2003A0003C08000006000000F8D1040000000000000000007D08000009000000FCD10400C7
:2003C000000000006464646464640000000000001A000000000000000000000000000000AB
:2003E0000500000005000000050000000500000005000000000000000200000000000000E2
:20040000000000000C00000000000000000000001A000000000000000000000000000000B6
:200420000000000000000000010000000200000000000000000000000000000000000000B9
:2004400000000000000000000000000000000000000000000000000000000000000000009C
:200460000000000000000000FFFFFFFF0200000000000000FFFFFFFFFFFFFFFFFFFFFFFF8A
:20048000FFFFFFFFFFFFFFFFFFFFFFFFFFFFFFFFFFFFFFFFFFFFFFFFFFFFFFFFFFFFFFFF7C
:2004A000FFFFFFFFFFFFFFFFFFFFFFFFFFFFFFFFFFFFFFFFFFFFFFFFFFFFFFFFFFFFFFFF5C
:2004C000FFFFFFFFFFFFFFFFFFFFFFFFFFFFFFFFFFFFFFFFFFFFFFFFFFFFFFFFFFFFFFFF3C
:2004E000FFFFFFFFFFFFFFFFFFFFFFFFFFFFFFFFFFFFFFFFFFFFFFFFFFFFFFFFFFFFFFFF1C
:20050000FFFFFFFFFFFFFFFFFFFFFFFFFFFFFFFFFFFFFFFFFFFFFFFFFFFFFFFFFFFFFFFFFB
:20052000FFFFFFFFFFFFFFFFFFFFFFFFFFFFFFFFFFFFFFFFFFFFFFFFFFFFFFFFFFFFFFFFDB
:20054000FFFFFFFFFFFFFFFFFFFFFFFFFFFFFFFFFFFFFFFFFFFFFFFFFFFFFFFFFFFFFFFFBB
:20056000FFFFFFFFFFFFFFFFFFFFFFFFFFFFFFFFFFFFFFFFFFFFFFFFFFFFFFFFFFFFFFFF9B
:20058000FFFFFFFFFFFFFFFFFFFFFFFFFFFFFFFFFFFFFFFFFFFFFFFFFFFFFFFFFFFFFFFF7B
:2005A000FFFFFFFFFFFFFFFFFFFFFFFFFFFFFFFFFFFFFFFFFFFFFFFFFFFFFFFFFFFFFFFF5B
:2005C000FFFFFFFFFFFFFFFFFFFFFFFFFFFFFFFFFFFFFFFFFFFFFFFFFFFFFFFFFFFFFFFF3B
:2005E000FFFFFFFFFFFFFFFFFFFFFFFFFFFFFFFFFFFFFFFFFFFFFFFFFFFFFFFFFFFFFFFF1B
:20060000FFFFFFFFFFFFFFFFFFFFFFFFFFFFFFFFFFFFFFFFFFFFFFFFFFFFFFFFFFFFFFFFFA
:20062000FFFFFFFFFFFFFFFFFFFFFFFFFFFFFFFFFFFFFFFFFFFFFFFFFFFFFFFFFFFFFFFFDA
:20064000FFFFFFFFFFFFFFFFFFFFFFFFFFFFFFFFFFFFFFFFFFFFFFFFFFFFFFFFFFFFFFFFBA
:20066000FFFFFFFFFFFFFFFFFFFFFFFFFFFFFFFFFFFFFFFFFFFFFFFFFFFFFFFFFFFFFFFF9A
:20068000FFFFFFFFFFFFFFFFFFFFFFFFFFFFFFFFFFFFFFFFFFFFFFFFFFFFFFFFFFFFFFFF7A
:2006A000FFFFFFFFFFFFFFFFFFFFFFFFFFFFFFFFFFFFFFFFFFFFFFFFFFFFFFFFFFFFFFFF5A
:2006C000FFFFFFFFFFFFFFFFFFFFFFFFFFFFFFFFFFFFFFFFFFFFFFFFFFFFFFFFFFFFFFFF3A
:2006E000FFFFFFFFFFFFFFFFFFFFFFFFFFFFFFFFFFFFFFFFFFFFFFFFFFFFFFFFFFFFFFFF1A
:20070000FFFFFFFFFFFFFFFFFFFFFFFFFFFFFFFFFFFFFFFFFFFFFFFFFFFFFFFFFFFFFFFFF9
:20072000FFFFFFFFFFFFFFFFFFFFFFFFFFFFFFFFFFFFFFFFFFFFFFFFFFFFFFFFFFFFFFFFD9
:20074000FFFFFFFFFFFFFFFFFFFFFFFFFFFFFFFFFFFFFFFFFFFFFFFFFFFFFFFFFFFFFFFFB9
:20076000FFFFFFFFFFFFFFFFFFFFFFFFFFFFFFFFFFFFFFFFFFFFFFFFFFFFFFFFFFFFFFFF99
:20078000FFFFFFFFFFFFFFFFFFFFFFFFFFFFFFFFFFFFFFFFFFFFFFFFFFFFFFFFFFFFFFFF79
:2007A000FFFFFFFFFFFFFFFFFFFFFFFFFFFFFFFFFFFFFFFFFFFFFFFFFFFFFFFFFFFFFFFF59
:2007C000FFFFFFFFFFFFFFFFFFFFFFFFFFFFFFFFFFFFFFFFFFFFFFFFFFFFFFFFFFFFFFFF39
:2007E000FFFFFFFFFFFFFFFFFFFFFFFFFFFFFFFFFFFFFFFFFFFFFFFFFFFFFFFFFFFFFFFF19
:20080000FFFFFFFFFFFFFFFFFFFFFFFFFFFFFFFFFFFFFFFFFFFFFFFFFFFFFFFFFFFFFFFFF8
:20082000FFFFFFFFFFFFFFFFFFFFFFFFFFFFFFFFFFFFFFFFFFFFFFFFFFFFFFFFFFFFFFFFD8
:20084000FFFFFFFFFFFFFFFFFFFFFFFFFFFFFFFFFFFFFFFFFFFFFFFFFFFFFFFFFFFFFFFFB8
:20086000FFFFFFFFFFFFFFFFFFFFFFFFFFFFFFFFFFFFFFFFFFFFFFFFFFFFFFFFFFFFFFFF98
:20088000FFFFFFFFFFFFFFFFFFFFFFFFFFFFFFFFFFFFFFFFFFFFFFFFFFFFFFFFFFFFFFFF78
:2008A000FFFFFFFFFFFFFFFFFFFFFFFFFFFFFFFFFFFFFFFFFFFFFFFFFFFFFFFFFFFFFFFF58
:2008C000FFFFFFFFFFFFFFFFFFFFFFFFFFFFFFFFFFFFFFFFFFFFFFFFFFFFFFFFFFFFFFFF38
:2008E000FFFFFFFFFFFFFFFFFFFFFFFFFFFFFFFFFFFFFFFFFFFFFFFFFFFFFFFFFFFFFFFF18
:20090000FFFFFFFFFFFFFFFFFFFFFFFFFFFFFFFFFFFFFFFFFFFFFFFFFFFFFFFFFFFFFFFFF7
:20092000FFFFFFFFFFFFFFFFFFFFFFFFFFFFFFFFFFFFFFFFFFFFFFFFFFFFFFFFFFFFFFFFD7
:20094000FFFFFFFFFFFFFFFFFFFFFFFFFFFFFFFFFFFFFFFFFFFFFFFFFFFFFFFFFFFFFFFFB7
:20096000FFFFFFFFFFFFFFFFFFFFFFFFFFFFFFFFFFFFFFFFFFFFFFFFFFFFFFFFFFFFFFFF97
:20098000FFFFFFFFFFFFFFFFFFFFFFFFFFFFFFFFFFFFFFFFFFFFFFFFFFFFFFFFFFFFFFFF77
:2009A000FFFFFFFFFFFFFFFFFFFFFFFFFFFFFFFFFFFFFFFFFFFFFFFFFFFFFFFFFFFFFFFF57
:2009C000FFFFFFFFFFFFFFFFFFFFFFFFFFFFFFFFFFFFFFFFFFFFFFFFFFFFFFFFFFFFFFFF37
:2009E000FFFFFFFFFFFFFFFFFFFFFFFFFFFFFFFFFFFFFFFFFFFFFFFFFFFFFFFFFFFFFFFF17
:200A0000FFFFFFFFFFFFFFFFFFFFFFFFFFFFFFFFFFFFFFFFFFFFFFFFFFFFFFFFFFFFFFFFF6
:200A2000FFFFFFFFFFFFFFFFFFFFFFFFFFFFFFFFFFFFFFFFFFFFFFFFFFFFFFFFFFFFFFFFD6
:200A4000FFFFFFFFFFFFFFFFFFFFFFFFFFFFFFFFFFFFFFFFFFFFFFFFFFFFFFFFFFFFFFFFB6
:200A6000FFFFFFFFFFFFFFFFFFFFFFFFFFFFFFFFFFFFFFFFFFFFFFFFFFFFFFFFFFFFFFFF96
:200A8000FFFFFFFFFFFFFFFFFFFFFFFFFFFFFFFFFFFFFFFFFFFFFFFFFFFFFFFFFFFFFFFF76
:200AA000FFFFFFFFFFFFFFFFFFFFFFFFFFFFFFFFFFFFFFFFFFFFFFFFFFFFFFFFFFFFFFFF56
:200AC000FFFFFFFFFFFFFFFFFFFFFFFFFFFFFFFFFFFFFFFFFFFFFFFFFFFFFFFFFFFFFFFF36
:200AE000FFFFFFFFFFFFFFFFFFFFFFFFFFFFFFFFFFFFFFFFFFFFFFFFFFFFFFFFFFFFFFFF16
:200B0000FFFFFFFFFFFFFFFFFFFFFFFFFFFFFFFFFFFFFFFFFFFFFFFFFFFFFFFFFFFFFFFFF5
:200B2000FFFFFFFFFFFFFFFFFFFFFFFFFFFFFFFFFFFFFFFFFFFFFFFFFFFFFFFFFFFFFFFFD5
:200B4000FFFFFFFFFFFFFFFFFFFFFFFFFFFFFFFFFFFFFFFFFFFFFFFFFFFFFFFFFFFFFFFFB5
:200B6000FFFFFFFFFFFFFFFFFFFFFFFFFFFFFFFFFFFFFFFFFFFFFFFFFFFFFFFFFFFFFFFF95
:200B8000FFFFFFFFFFFFFFFFFFFFFFFFFFFFFFFFFFFFFFFFFFFFFFFFFFFFFFFFFFFFFFFF75
:200BA000FFFFFFFFFFFFFFFFFFFFFFFFFFFFFFFFFFFFFFFFFFFFFFFFFFFFFFFFFFFFFFFF55
:200BC000FFFFFFFFFFFFFFFFFFFFFFFFFFFFFFFFFFFFFFFFFFFFFFFFFFFFFFFFFFFFFFFF35
:200BE000FFFFFFFFFFFFFFFFFFFFFFFFFFFFFFFFFFFFFFFFFFFFFFFFFFFFFFFFFFFFFFFF15
:200C0000FFFFFFFFFFFFFFFFFFFFFFFFFFFFFFFFFFFFFFFFFFFFFFFFFFFFFFFFFFFFFFFFF4
:200C2000FFFFFFFFFFFFFFFFFFFFFFFFFFFFFFFFFFFFFFFFFFFFFFFFFFFFFFFFFFFFFFFFD4
:200C4000FFFFFFFFFFFFFFFFFFFFFFFFFFFFFFFFFFFFFFFFFFFFFFFFFFFFFFFFFFFFFFFFB4
:200C6000FFFFFFFFFFFFFFFFFFFFFFFFFFFFFFFFFFFFFFFFFFFFFFFFFFFFFFFFFFFFFFFF94
:200C8000FFFFFFFFFFFFFFFFFFFFFFFFFFFFFFFFFFFFFFFFFFFFFFFFFFFFFFFFFFFFFFFF74
:200CA000FFFFFFFFFFFFFFFFFFFFFFFFFFFFFFFFFFFFFFFFFFFFFFFFFFFFFFFFFFFFFFFF54
:200CC000FFFFFFFFFFFFFFFFFFFFFFFFFFFFFFFFFFFFFFFFFFFFFFFFFFFFFFFFFFFFFFFF34
:200CE000FFFFFFFFFFFFFFFFFFFFFFFFFFFFFFFFFFFFFFFFFFFFFFFFFFFFFFFFFFFFFFFF14
:200D0000FFFFFFFFFFFFFFFFFFFFFFFFFFFFFFFFFFFFFFFFFFFFFFFFFFFFFFFFFFFFFFFFF3
:200D2000FFFFFFFFFFFFFFFFFFFFFFFFFFFFFFFFFFFFFFFFFFFFFFFFFFFFFFFFFFFFFFFFD3
:200D4000FFFFFFFFFFFFFFFFFFFFFFFFFFFFFFFFFFFFFFFFFFFFFFFFFFFFFFFFFFFFFFFFB3
:200D6000FFFFFFFFFFFFFFFFFFFFFFFFFFFFFFFFFFFFFFFFFFFFFFFFFFFFFFFFFFFFFFFF93
:200D8000FFFFFFFFFFFFFFFFFFFFFFFFFFFFFFFFFFFFFFFFFFFFFFFFFFFFFFFFFFFFFFFF73
:200DA000FFFFFFFFFFFFFFFFFFFFFFFFFFFFFFFFFFFFFFFFFFFFFFFFFFFFFFFFFFFFFFFF53
:200DC000FFFFFFFFFFFFFFFFFFFFFFFFFFFFFFFFFFFFFFFFFFFFFFFFFFFFFFFFFFFFFFFF33
:200DE000FFFFFFFFFFFFFFFFFFFFFFFFFFFFFFFFFFFFFFFFFFFFFFFFFFFFFFFFFFFFFFFF13
:200E0000FFFFFFFFFFFFFFFFFFFFFFFFFFFFFFFFFFFFFFFFFFFFFFFFFFFFFFFFFFFFFFFFF2
:200E2000FFFFFFFFFFFFFFFFFFFFFFFFFFFFFFFFFFFFFFFFFFFFFFFFFFFFFFFFFFFFFFFFD2
:200E4000FFFFFFFFFFFFFFFFFFFFFFFFFFFFFFFFFFFFFFFFFFFFFFFFFFFFFFFFFFFFFFFFB2
:200E6000FFFFFFFFFFFFFFFFFFFFFFFFFFFFFFFFFFFFFFFFFFFFFFFFFFFFFFFFFFFFFFFF92
:200E8000FFFFFFFFFFFFFFFFFFFFFFFFFFFFFFFFFFFFFFFFFFFFFFFFFFFFFFFFFFFFFFFF72
:200EA000FFFFFFFFFFFFFFFFFFFFFFFFFFFFFFFFFFFFFFFFFFFFFFFFFFFFFFFFFFFFFFFF52
:200EC000FFFFFFFFFFFFFFFFFFFFFFFFFFFFFFFFFFFFFFFFFFFFFFFFFFFFFFFFFFFFFFFF32
:200EE000FFFFFFFFFFFFFFFFFFFFFFFFFFFFFFFFFFFFFFFFFFFFFFFFFFFFFFFFFFFFFFFF12
:200F0000FFFFFFFFFFFFFFFFFFFFFFFFFFFFFFFFFFFFFFFFFFFFFFFFFFFFFFFFFFFFFFFFF1
:200F2000FFFFFFFFFFFFFFFFFFFFFFFFFFFFFFFFFFFFFFFFFFFFFFFFFFFFFFFFFFFFFFFFD1
:200F4000FFFFFFFFFFFFFFFFFFFFFFFFFFFFFFFFFFFFFFFFFFFFFFFFFFFFFFFFFFFFFFFFB1
:200F6000FFFFFFFFFFFFFFFFFFFFFFFFFFFFFFFFFFFFFFFFFFFFFFFFFFFFFFFFFFFFFFFF91
:200F8000FFFFFFFFFFFFFFFFFFFFFFFFFFFFFFFFFFFFFFFFFFFFFFFFFFFFFFFFFFFFFFFF71
:200FA000FFFFFFFFFFFFFFFFFFFFFFFFFFFFFFFFFFFFFFFFFFFFFFFFFFFFFFFFFFFFFFFF51
:200FC000FFFFFFFFFFFFFFFFFFFFFFFFFFFFFFFFFFFFFFFFFFFFFFFFFFFFFFFFFFFFFFFF31
:200FE000FFFFFFFFFFFFFFFFFFFFFFFFFFFFFFFFFFFFFFFFFFFFFFFFFFFFFFFFFFFFFFFF11
:20100000FFFFFFFFFFFFFFFFFFFFFFFFFFFFFFFFFFFFFFFFFFFFFFFFFFFFFFFFFFFFFFFFF0
:20102000FFFFFFFFFFFFFFFFFFFFFFFFFFFFFFFFFFFFFFFFFFFFFFFFFFFFFFFFFFFFFFFFD0
:20104000FFFFFFFFFFFFFFFFFFFFFFFFFFFFFFFFFFFFFFFFFFFFFFFFFFFFFFFFFFFFFFFFB0
:20106000FFFFFFFFFFFFFFFFFFFFFFFFFFFFFFFFFFFFFFFFFFFFFFFFFFFFFFFFFFFFFFFF90
:20108000FFFFFFFFFFFFFFFFFFFFFFFFFFFFFFFFFFFFFFFFFFFFFFFFFFFFFFFFFFFFFFFF70
:2010A000FFFFFFFFFFFFFFFFFFFFFFFFFFFFFFFFFFFFFFFFFFFFFFFFFFFFFFFFFFFFFFFF50
:2010C000FFFFFFFFFFFFFFFFFFFFFFFFFFFFFFFFFFFFFFFFFFFFFFFFFFFFFFFFFFFFFFFF30
:2010E000FFFFFFFFFFFFFFFFFFFFFFFFFFFFFFFFFFFFFFFFFFFFFFFFFFFFFFFFFFFFFFFF10
:20110000FFFFFFFFFFFFFFFFFFFFFFFFFFFFFFFFFFFFFFFFFFFFFFFFFFFFFFFFFFFFFFFFEF
:20112000FFFFFFFFFFFFFFFFFFFFFFFFFFFFFFFFFFFFFFFFFFFFFFFFFFFFFFFFFFFFFFFFCF
:20114000FFFFFFFFFFFFFFFFFFFFFFFFFFFFFFFFFFFFFFFFFFFFFFFFFFFFFFFFFFFFFFFFAF
:20116000FFFFFFFFFFFFFFFFFFFFFFFFFFFFFFFFFFFFFFFFFFFFFFFFFFFFFFFFFFFFFFFF8F
:20118000FFFFFFFFFFFFFFFFFFFFFFFFFFFFFFFFFFFFFFFFFFFFFFFFFFFFFFFFFFFFFFFF6F
:2011A000FFFFFFFFFFFFFFFFFFFFFFFFFFFFFFFFFFFFFFFFFFFFFFFFFFFFFFFFFFFFFFFF4F
:2011C000FFFFFFFFFFFFFFFFFFFFFFFFFFFFFFFFFFFFFFFFFFFFFFFFFFFFFFFFFFFFFFFF2F
:2011E000FFFFFFFFFFFFFFFFFFFFFFFFFFFFFFFFFFFFFFFFFFFFFFFFFFFFFFFFFFFFFFFF0F
:20120000FFFFFFFFFFFFFFFFFFFFFFFFFFFFFFFFFFFFFFFFFFFFFFFFFFFFFFFFFFFFFFFFEE
:20122000FFFFFFFFFFFFFFFFFFFFFFFFFFFFFFFFFFFFFFFFFFFFFFFFFFFFFFFFFFFFFFFFCE
:20124000FFFFFFFFFFFFFFFFFFFFFFFFFFFFFFFFFFFFFFFFFFFFFFFFFFFFFFFFFFFFFFFFAE
:20126000FFFFFFFFFFFFFFFFFFFFFFFFFFFFFFFFFFFFFFFFFFFFFFFFFFFFFFFFFFFFFFFF8E
:20128000FFFFFFFFFFFFFFFFFFFFFFFFFFFFFFFFFFFFFFFFFFFFFFFFFFFFFFFFFFFFFFFF6E
:2012A000FFFFFFFFFFFFFFFFFFFFFFFFFFFFFFFFFFFFFFFFFFFFFFFFFFFFFFFFFFFFFFFF4E
:2012C000FFFFFFFFFFFFFFFFFFFFFFFFFFFFFFFFFFFFFFFFFFFFFFFFFFFFFFFFFFFFFFFF2E
:2012E000FFFFFFFFFFFFFFFFFFFFFFFFFFFFFFFFFFFFFFFFFFFFFFFFFFFFFFFFFFFFFFFF0E
:20130000FFFFFFFFFFFFFFFFFFFFFFFFFFFFFFFFFFFFFFFFFFFFFFFFFFFFFFFFFFFFFFFFED
:20132000FFFFFFFFFFFFFFFFFFFFFFFFFFFFFFFFFFFFFFFFFFFFFFFFFFFFFFFFFFFFFFFFCD
:20134000FFFFFFFFFFFFFFFFFFFFFFFFFFFFFFFFFFFFFFFFFFFFFFFFFFFFFFFFFFFFFFFFAD
:20136000FFFFFFFFFFFFFFFFFFFFFFFFFFFFFFFFFFFFFFFFFFFFFFFFFFFFFFFFFFFFFFFF8D
:20138000FFFFFFFFFFFFFFFFFFFFFFFFFFFFFFFFFFFFFFFFFFFFFFFFFFFFFFFFFFFFFFFF6D
:2013A000FFFFFFFFFFFFFFFFFFFFFFFFFFFFFFFFFFFFFFFFFFFFFFFFFFFFFFFFFFFFFFFF4D
:2013C000FFFFFFFFFFFFFFFFFFFFFFFFFFFFFFFFFFFFFFFFFFFFFFFFFFFFFFFFFFFFFFFF2D
:2013E000FFFFFFFFFFFFFFFFFFFFFFFFFFFFFFFFFFFFFFFFFFFFFFFFFFFFFFFFFFFFFFFF0D
:20140000FFFFFFFFFFFFFFFFFFFFFFFFFFFFFFFFFFFFFFFFFFFFFFFFFFFFFFFFFFFFFFFFEC
:20142000FFFFFFFFFFFFFFFFFFFFFFFFFFFFFFFFFFFFFFFFFFFFFFFFFFFFFFFFFFFFFFFFCC
:20144000FFFFFFFFFFFFFFFFFFFFFFFFFFFFFFFFFFFFFFFFFFFFFFFFFFFFFFFFFFFFFFFFAC
:20146000FFFFFFFFFFFFFFFFFFFFFFFFFFFFFFFFFFFFFFFFFFFFFFFFFFFFFFFFFFFFFFFF8C
:20148000FFFFFFFFFFFFFFFFFFFFFFFFFFFFFFFFFFFFFFFFFFFFFFFFFFFFFFFFFFFFFFFF6C
:2014A000FFFFFFFFFFFFFFFFFFFFFFFFFFFFFFFFFFFFFFFFFFFFFFFFFFFFFFFFFFFFFFFF4C
:2014C000FFFFFFFFFFFFFFFFFFFFFFFFFFFFFFFFFFFFFFFFFFFFFFFFFFFFFFFFFFFFFFFF2C
:2014E000FFFFFFFFFFFFFFFFFFFFFFFFFFFFFFFFFFFFFFFFFFFFFFFFFFFFFFFFFFFFFFFF0C
:20150000FFFFFFFFFFFFFFFFFFFFFFFFFFFFFFFFFFFFFFFFFFFFFFFFFFFFFFFFFFFFFFFFEB
:20152000FFFFFFFFFFFFFFFFFFFFFFFFFFFFFFFFFFFFFFFFFFFFFFFFFFFFFFFFFFFFFFFFCB
:20154000FFFFFFFFFFFFFFFFFFFFFFFFFFFFFFFFFFFFFFFFFFFFFFFFFFFFFFFFFFFFFFFFAB
:20156000FFFFFFFFFFFFFFFFFFFFFFFFFFFFFFFFFFFFFFFFFFFFFFFFFFFFFFFFFFFFFFFF8B
:20158000FFFFFFFFFFFFFFFFFFFFFFFFFFFFFFFFFFFFFFFFFFFFFFFFFFFFFFFFFFFFFFFF6B
:2015A000FFFFFFFFFFFFFFFFFFFFFFFFFFFFFFFFFFFFFFFFFFFFFFFFFFFFFFFFFFFFFFFF4B
:2015C000FFFFFFFFFFFFFFFFFFFFFFFFFFFFFFFFFFFFFFFFFFFFFFFFFFFFFFFFFFFFFFFF2B
:2015E000FFFFFFFFFFFFFFFFFFFFFFFFFFFFFFFFFFFFFFFFFFFFFFFFFFFFFFFFFFFFFFFF0B
:20160000FFFFFFFFFFFFFFFFFFFFFFFFFFFFFFFFFFFFFFFFFFFFFFFFFFFFFFFFFFFFFFFFEA
:20162000FFFFFFFFFFFFFFFFFFFFFFFFFFFFFFFFFFFFFFFFFFFFFFFFFFFFFFFFFFFFFFFFCA
:20164000FFFFFFFFFFFFFFFFFFFFFFFFFFFFFFFFFFFFFFFFFFFFFFFFFFFFFFFFFFFFFFFFAA
:20166000FFFFFFFFFFFFFFFFFFFFFFFFFFFFFFFFFFFFFFFFFFFFFFFFFFFFFFFFFFFFFFFF8A
:20168000FFFFFFFFFFFFFFFFFFFFFFFFFFFFFFFFFFFFFFFFFFFFFFFFFFFFFFFFFFFFFFFF6A
:2016A000FFFFFFFFFFFFFFFFFFFFFFFFFFFFFFFFFFFFFFFFFFFFFFFFFFFFFFFFFFFFFFFF4A
:2016C000FFFFFFFFFFFFFFFFFFFFFFFFFFFFFFFFFFFFFFFFFFFFFFFFFFFFFFFFFFFFFFFF2A
:2016E000FFFFFFFFFFFFFFFFFFFFFFFFFFFFFFFFFFFFFFFFFFFFFFFFFFFFFFFFFFFFFFFF0A
:20170000FFFFFFFFFFFFFFFFFFFFFFFFFFFFFFFFFFFFFFFFFFFFFFFFFFFFFFFFFFFFFFFFE9
:20172000FFFFFFFFFFFFFFFFFFFFFFFFFFFFFFFFFFFFFFFFFFFFFFFFFFFFFFFFFFFFFFFFC9
:20174000FFFFFFFFFFFFFFFFFFFFFFFFFFFFFFFFFFFFFFFFFFFFFFFFFFFFFFFFFFFFFFFFA9
:20176000FFFFFFFFFFFFFFFFFFFFFFFFFFFFFFFFFFFFFFFFFFFFFFFFFFFFFFFFFFFFFFFF89
:20178000FFFFFFFFFFFFFFFFFFFFFFFFFFFFFFFFFFFFFFFFFFFFFFFFFFFFFFFFFFFFFFFF69
:2017A000FFFFFFFFFFFFFFFFFFFFFFFFFFFFFFFFFFFFFFFFFFFFFFFFFFFFFFFFFFFFFFFF49
:2017C000FFFFFFFFFFFFFFFFFFFFFFFFFFFFFFFFFFFFFFFFFFFFFFFFFFFFFFFFFFFFFFFF29
:2017E000FFFFFFFFFFFFFFFFFFFFFFFFFFFFFFFFFFFFFFFFFFFFFFFFFFFFFFFFFFFFFFFF09
:20180000FFFFFFFFFFFFFFFFFFFFFFFFFFFFFFFFFFFFFFFFFFFFFFFFFFFFFFFFFFFFFFFFE8
:20182000FFFFFFFFFFFFFFFFFFFFFFFFFFFFFFFFFFFFFFFFFFFFFFFFFFFFFFFFFFFFFFFFC8
:20184000FFFFFFFFFFFFFFFFFFFFFFFFFFFFFFFFFFFFFFFFFFFFFFFFFFFFFFFFFFFFFFFFA8
:20186000FFFFFFFFFFFFFFFFFFFFFFFFFFFFFFFFFFFFFFFFFFFFFFFFFFFFFFFFFFFFFFFF88
:20188000FFFFFFFFFFFFFFFFFFFFFFFFFFFFFFFFFFFFFFFFFFFFFFFFFFFFFFFFFFFFFFFF68
:2018A000FFFFFFFFFFFFFFFFFFFFFFFFFFFFFFFFFFFFFFFFFFFFFFFFFFFFFFFFFFFFFFFF48
:2018C000FFFFFFFFFFFFFFFFFFFFFFFFFFFFFFFFFFFFFFFFFFFFFFFFFFFFFFFFFFFFFFFF28
:2018E000FFFFFFFFFFFFFFFFFFFFFFFFFFFFFFFFFFFFFFFFFFFFFFFFFFFFFFFFFFFFFFFF08
:20190000FFFFFFFFFFFFFFFFFFFFFFFFFFFFFFFFFFFFFFFFFFFFFFFFFFFFFFFFFFFFFFFFE7
:20192000FFFFFFFFFFFFFFFFFFFFFFFFFFFFFFFFFFFFFFFFFFFFFFFFFFFFFFFFFFFFFFFFC7
:20194000FFFFFFFFFFFFFFFFFFFFFFFFFFFFFFFFFFFFFFFFFFFFFFFFFFFFFFFFFFFFFFFFA7
:20196000FFFFFFFFFFFFFFFFFFFFFFFFFFFFFFFFFFFFFFFFFFFFFFFFFFFFFFFFFFFFFFFF87
:20198000FFFFFFFFFFFFFFFFFFFFFFFFFFFFFFFFFFFFFFFFFFFFFFFFFFFFFFFFFFFFFFFF67
:2019A000FFFFFFFFFFFFFFFFFFFFFFFFFFFFFFFFFFFFFFFFFFFFFFFFFFFFFFFFFFFFFFFF47
:2019C000FFFFFFFFFFFFFFFFFFFFFFFFFFFFFFFFFFFFFFFFFFFFFFFFFFFFFFFFFFFFFFFF27
:2019E000FFFFFFFFFFFFFFFFFFFFFFFFFFFFFFFFFFFFFFFFFFFFFFFFFFFFFFFFFFFFFFFF07
:201A0000FFFFFFFFFFFFFFFFFFFFFFFFFFFFFFFFFFFFFFFFFFFFFFFFFFFFFFFFFFFFFFFFE6
:201A2000FFFFFFFFFFFFFFFFFFFFFFFFFFFFFFFFFFFFFFFFFFFFFFFFFFFFFFFFFFFFFFFFC6
:201A4000FFFFFFFFFFFFFFFFFFFFFFFFFFFFFFFFFFFFFFFFFFFFFFFFFFFFFFFFFFFFFFFFA6
:201A6000FFFFFFFFFFFFFFFFFFFFFFFFFFFFFFFFFFFFFFFFFFFFFFFFFFFFFFFFFFFFFFFF86
:201A8000FFFFFFFFFFFFFFFFFFFFFFFFFFFFFFFFFFFFFFFFFFFFFFFFFFFFFFFFFFFFFFFF66
:201AA000FFFFFFFFFFFFFFFFFFFFFFFFFFFFFFFFFFFFFFFFFFFFFFFFFFFFFFFFFFFFFFFF46
:201AC000FFFFFFFFFFFFFFFFFFFFFFFFFFFFFFFFFFFFFFFFFFFFFFFFFFFFFFFFFFFFFFFF26
:201AE000FFFFFFFFFFFFFFFFFFFFFFFFFFFFFFFFFFFFFFFFFFFFFFFFFFFFFFFFFFFFFFFF06
:201B0000FFFFFFFFFFFFFFFFFFFFFFFFFFFFFFFFFFFFFFFFFFFFFFFFFFFFFFFFFFFFFFFFE5
:201B2000FFFFFFFFFFFFFFFFFFFFFFFFFFFFFFFFFFFFFFFFFFFFFFFFFFFFFFFFFFFFFFFFC5
:201B4000FFFFFFFFFFFFFFFFFFFFFFFFFFFFFFFFFFFFFFFFFFFFFFFFFFFFFFFFFFFFFFFFA5
:201B6000FFFFFFFFFFFFFFFFFFFFFFFFFFFFFFFFFFFFFFFFFFFFFFFFFFFFFFFFFFFFFFFF85
:201B8000FFFFFFFFFFFFFFFFFFFFFFFFFFFFFFFFFFFFFFFFFFFFFFFFFFFFFFFFFFFFFFFF65
:201BA000FFFFFFFFFFFFFFFFFFFFFFFFFFFFFFFFFFFFFFFFFFFFFFFFFFFFFFFFFFFFFFFF45
:201BC000FFFFFFFFFFFFFFFFFFFFFFFFFFFFFFFFFFFFFFFFFFFFFFFFFFFFFFFFFFFFFFFF25
:201BE000FFFFFFFFFFFFFFFFFFFFFFFFFFFFFFFFFFFFFFFFFFFFFFFFFFFFFFFFFFFFFFFF05
:201C0000FFFFFFFFFFFFFFFFFFFFFFFFFFFFFFFFFFFFFFFFFFFFFFFFFFFFFFFFFFFFFFFFE4
:201C2000FFFFFFFFFFFFFFFFFFFFFFFFFFFFFFFFFFFFFFFFFFFFFFFFFFFFFFFFFFFFFFFFC4
:201C4000FFFFFFFFFFFFFFFFFFFFFFFFFFFFFFFFFFFFFFFFFFFFFFFFFFFFFFFFFFFFFFFFA4
:201C6000FFFFFFFFFFFFFFFFFFFFFFFFFFFFFFFFFFFFFFFFFFFFFFFFFFFFFFFFFFFFFFFF84
:201C8000FFFFFFFFFFFFFFFFFFFFFFFFFFFFFFFFFFFFFFFFFFFFFFFFFFFFFFFFFFFFFFFF64
:201CA000FFFFFFFFFFFFFFFFFFFFFFFFFFFFFFFFFFFFFFFFFFFFFFFFFFFFFFFFFFFFFFFF44
:201CC000FFFFFFFFFFFFFFFFFFFFFFFFFFFFFFFFFFFFFFFFFFFFFFFFFFFFFFFFFFFFFFFF24
:201CE000FFFFFFFFFFFFFFFFFFFFFFFFFFFFFFFFFFFFFFFFFFFFFFFFFFFFFFFFFFFFFFFF04
:201D0000FFFFFFFFFFFFFFFFFFFFFFFFFFFFFFFFFFFFFFFFFFFFFFFFFFFFFFFFFFFFFFFFE3
:201D2000FFFFFFFFFFFFFFFFFFFFFFFFFFFFFFFFFFFFFFFFFFFFFFFFFFFFFFFFFFFFFFFFC3
:201D4000FFFFFFFFFFFFFFFFFFFFFFFFFFFFFFFFFFFFFFFFFFFFFFFFFFFFFFFFFFFFFFFFA3
:201D6000FFFFFFFFFFFFFFFFFFFFFFFFFFFFFFFFFFFFFFFFFFFFFFFFFFFFFFFFFFFFFFFF83
:201D8000FFFFFFFFFFFFFFFFFFFFFFFFFFFFFFFFFFFFFFFFFFFFFFFFFFFFFFFFFFFFFFFF63
:201DA000FFFFFFFFFFFFFFFFFFFFFFFFFFFFFFFFFFFFFFFFFFFFFFFFFFFFFFFFFFFFFFFF43
:201DC000FFFFFFFFFFFFFFFFFFFFFFFFFFFFFFFFFFFFFFFFFFFFFFFFFFFFFFFFFFFFFFFF23
:201DE000FFFFFFFFFFFFFFFFFFFFFFFFFFFFFFFFFFFFFFFFFFFFFFFFFFFFFFFFFFFFFFFF03
:201E0000FFFFFFFFFFFFFFFFFFFFFFFFFFFFFFFFFFFFFFFFFFFFFFFFFFFFFFFFFFFFFFFFE2
:201E2000FFFFFFFFFFFFFFFFFFFFFFFFFFFFFFFFFFFFFFFFFFFFFFFFFFFFFFFFFFFFFFFFC2
:201E4000FFFFFFFFFFFFFFFFFFFFFFFFFFFFFFFFFFFFFFFFFFFFFFFFFFFFFFFFFFFFFFFFA2
:201E6000FFFFFFFFFFFFFFFFFFFFFFFFFFFFFFFFFFFFFFFFFFFFFFFFFFFFFFFFFFFFFFFF82
:201E8000FFFFFFFFFFFFFFFFFFFFFFFFFFFFFFFFFFFFFFFFFFFFFFFFFFFFFFFFFFFFFFFF62
:201EA000FFFFFFFFFFFFFFFFFFFFFFFFFFFFFFFFFFFFFFFFFFFFFFFFFFFFFFFFFFFFFFFF42
:201EC000FFFFFFFFFFFFFFFFFFFFFFFFFFFFFFFFFFFFFFFFFFFFFFFFFFFFFFFFFFFFFFFF22
:201EE000FFFFFFFFFFFFFFFFFFFFFFFFFFFFFFFFFFFFFFFFFFFFFFFFFFFFFFFFFFFFFFFF02
:201F0000FFFFFFFFFFFFFFFFFFFFFFFFFFFFFFFFFFFFFFFFFFFFFFFFFFFFFFFFFFFFFFFFE1
:201F2000FFFFFFFFFFFFFFFFFFFFFFFFFFFFFFFFFFFFFFFFFFFFFFFFFFFFFFFFFFFFFFFFC1
:201F4000FFFFFFFFFFFFFFFFFFFFFFFFFFFFFFFFFFFFFFFFFFFFFFFFFFFFFFFFFFFFFFFFA1
:201F6000FFFFFFFFFFFFFFFFFFFFFFFFFFFFFFFFFFFFFFFFFFFFFFFFFFFFFFFFFFFFFFFF81
:201F8000FFFFFFFFFFFFFFFFFFFFFFFFFFFFFFFFFFFFFFFFFFFFFFFFFFFFFFFFFFFFFFFF61
:201FA000FFFFFFFFFFFFFFFFFFFFFFFFFFFFFFFFFFFFFFFFFFFFFFFFFFFFFFFFFFFFFFFF41
:201FC000FFFFFFFFFFFFFFFFFFFFFFFFFFFFFFFFFFFFFFFFFFFFFFFFFFFFFFFFFFFFFFFF21
:201FE000FFFFFFFFFFFFFFFFFFFFFFFFFFFFFFFFFFFFFFFFFFFFFFFFFFFFFFFFFFFFFFFF01
:20200000676953747261745300800300152005002420050010B5F1F7FDFB4400F1F7F8FBC5
:20202000204310BD616E676953646E45FFFFFFFFFFFFFFFFFFFFFFFFFFFFFFFFFFFFFFFF7B
:20204000FFFFFFFFFFFFFFFFFFFFFFFFFFFFFFFFFFFFFFFFFFFFFFFFFFFFFFFFFFFFFFFFA0
:20206000FFFFFFFFFFFFFFFFFFFFFFFFFFFFFFFFFFFFFFFFFFFFFFFFFFFFFFFFFFFFFFFF80
:20208000FFFFFFFFFFFFFFFFFFFFFFFFFFFFFFFFFFFFFFFFFFFFFFFFFFFFFFFFFFFFFFFF60
:2020A000FFFFFFFFFFFFFFFFFFFFFFFFFFFFFFFFFFFFFFFFFFFFFFFFFFFFFFFFFFFFFFFF40
:2020C000FFFFFFFFFFFFFFFFFFFFFFFFFFFFFFFFFFFFFFFFFFFFFFFFFFFFFFFFFFFFFFFF20
:2020E000FFFFFFFFFFFFFFFFFFFFFFFFFFFFFFFFFFFFFFFFFFFFFFFFFFFFFFFFFFFFFFFF00
:20210000FFFFFFFFFFFFFFFFFFFFFFFFFFFFFFFFFFFFFFFFFFFFFFFFFFFFFFFFFFFFFFFFDF
:20212000FFFFFFFFFFFFFFFFFFFFFFFFFFFFFFFFFFFFFFFFFFFFFFFFFFFFFFFFFFFFFFFFBF
:20214000FFFFFFFFFFFFFFFFFFFFFFFFFFFFFFFFFFFFFFFFFFFFFFFFFFFFFFFFFFFFFFFF9F
:20216000FFFFFFFFFFFFFFFFFFFFFFFFFFFFFFFFFFFFFFFFFFFFFFFFFFFFFFFFFFFFFFFF7F
:20218000FFFFFFFFFFFFFFFFFFFFFFFFFFFFFFFFFFFFFFFFFFFFFFFFFFFFFFFFFFFFFFFF5F
:2021A000FFFFFFFFFFFFFFFFFFFFFFFFFFFFFFFFFFFFFFFFFFFFFFFFFFFFFFFFFFFFFFFF3F
:2021C000FFFFFFFFFFFFFFFFFFFFFFFFFFFFFFFFFFFFFFFFFFFFFFFFFFFFFFFFFFFFFFFF1F
:2021E000FFFFFFFFFFFFFFFFFFFFFFFFFFFFFFFFFFFFFFFFFFFFFFFFFFFFFFFFFFFFFFFFFF
:20220000FFFFFFFFFFFFFFFFFFFFFFFFFFFFFFFFFFFFFFFFFFFFFFFFFFFFFFFFFFFFFFFFDE
:20222000FFFFFFFFFFFFFFFFFFFFFFFFFFFFFFFFFFFFFFFFFFFFFFFFFFFFFFFFFFFFFFFFBE
:20224000FFFFFFFFFFFFFFFFFFFFFFFFFFFFFFFFFFFFFFFFFFFFFFFFFFFFFFFFFFFFFFFF9E
:20226000FFFFFFFFFFFFFFFFFFFFFFFFFFFFFFFFFFFFFFFFFFFFFFFFFFFFFFFFFFFFFFFF7E
:20228000FFFFFFFFFFFFFFFFFFFFFFFFFFFFFFFFFFFFFFFFFFFFFFFFFFFFFFFFFFFFFFFF5E
:2022A000FFFFFFFFFFFFFFFFFFFFFFFFFFFFFFFFFFFFFFFFFFFFFFFFFFFFFFFFFFFFFFFF3E
:2022C000FFFFFFFFFFFFFFFFFFFFFFFFFFFFFFFFFFFFFFFFFFFFFFFFFFFFFFFFFFFFFFFF1E
:2022E000FFFFFFFFFFFFFFFFFFFFFFFFFFFFFFFFFFFFFFFFFFFFFFFFFFFFFFFFFFFFFFFFFE
:20230000FFFFFFFFFFFFFFFFFFFFFFFFFFFFFFFFFFFFFFFFFFFFFFFFFFFFFFFFFFFFFFFFDD
:20232000FFFFFFFFFFFFFFFFFFFFFFFFFFFFFFFFFFFFFFFFFFFFFFFFFFFFFFFFFFFFFFFFBD
:20234000FFFFFFFFFFFFFFFFFFFFFFFFFFFFFFFFFFFFFFFFFFFFFFFFFFFFFFFFFFFFFFFF9D
:20236000FFFFFFFFFFFFFFFFFFFFFFFFFFFFFFFFFFFFFFFFFFFFFFFFFFFFFFFFFFFFFFFF7D
:20238000FFFFFFFFFFFFFFFFFFFFFFFFFFFFFFFFFFFFFFFFFFFFFFFFFFFFFFFFFFFFFFFF5D
:2023A000FFFFFFFFFFFFFFFFFFFFFFFFFFFFFFFFFFFFFFFFFFFFFFFFFFFFFFFFFFFFFFFF3D
:2023C000FFFFFFFFFFFFFFFFFFFFFFFFFFFFFFFFFFFFFFFFFFFFFFFFFFFFFFFFFFFFFFFF1D
:2023E000FFFFFFFFFFFFFFFFFFFFFFFFFFFFFFFFFFFFFFFFFFFFFFFFFFFFFFFFFFFFFFFFFD
:20240000FFFFFFFFFFFFFFFFFFFFFFFFFFFFFFFFFFFFFFFFFFFFFFFFFFFFFFFFFFFFFFFFDC
:20242000FFFFFFFFFFFFFFFFFFFFFFFFFFFFFFFFFFFFFFFFFFFFFFFFFFFFFFFFFFFFFFFFBC
:20244000FFFFFFFFFFFFFFFFFFFFFFFFFFFFFFFFFFFFFFFFFFFFFFFFFFFFFFFFFFFFFFFF9C
:20246000FFFFFFFFFFFFFFFFFFFFFFFFFFFFFFFFFFFFFFFFFFFFFFFFFFFFFFFFFFFFFFFF7C
:20248000FFFFFFFFFFFFFFFFFFFFFFFFFFFFFFFFFFFFFFFFFFFFFFFFFFFFFFFFFFFFFFFF5C
:2024A000FFFFFFFFFFFFFFFFFFFFFFFFFFFFFFFFFFFFFFFFFFFFFFFFFFFFFFFFFFFFFFFF3C
:2024C000FFFFFFFFFFFFFFFFFFFFFFFFFFFFFFFFFFFFFFFFFFFFFFFFFFFFFFFFFFFFFFFF1C
:2024E000FFFFFFFFFFFFFFFFFFFFFFFFFFFFFFFF00078142000781430107FFFFFFFF8F388C
:00000001FF
