:020000023000CC
:208000000080002039930300CB930300CF930300D3930300D7930300DB930300C993030085
:20802000C9930300C9930300C9930300DF930300E3930300C9930300E7930300DFAD0300CA
:20804000F90D0500FF0D0500050E05000B0E0500110E0500170E05001D0E0500230E05001A
:20806000290E05002F0E0500350E05003B0E0500410E0500470E05004D0E0500530E050078
:20808000F30D050033940300379403003B9403003F9403004394030047940300C993030084
:2080A0004B9403004F940300797A05007F7A0500857A05005F940300C993030063940300AF
:2080C000C9930300A3590500C99303006B940300C9930300C9930300C99303008DFB040036
:2080E000C993030073940300C9930300C9930300779403007B9403007F9403008394030009
:20810000EB2C05008B9403008F9403009394030097940300C9930300C9930300C993030086
:20812000C99303009B9403009F940300A3940300A7940300AB940300AF940300B39403002E
:20814000C9930300C9930300C9930300C9930300C9930300C9930300C9930300C993030027
:20816000C9930300C9930300C9930300C9930300C9930300C9930300B7940300BB94030025
:20818000BF940300C3940300C7940300CB940300CF940300D3940300D7940300DB940300BF
:2081A000DF940300E3940300C9930300C9930300E7940300EB940300EF940300F394030001
:2081C000F7940300C9930300C9930300FB940300FF94030003950300DB3E05000B950300CF
:2081E000D53E050013950300179503001B9503001F95030023950300279503002B95030066
:208200002F95030033950300379503003B9503003F95030043950300479503004B950300B6
:208220004F9503005395030057950300C9930300C9930300C9930300C9930300C9930300A2
:20824000C9930300C9930300C9930300C9930300C9930300C9930300C9930300C993030026
:20826000C9930300C9930300C9930300C9930300C9930300C9930300C9930300C993030006
:20828000C9930300C9930300C9930300C9930300C9930300C9930300C9930300C9930300E6
:2082A000C9930300C9930300C9930300C99303005B9503005F950300C993030063950300FE
:2082C000679503006B9503006F950300C9930300C9930300C9930300C9930300C9930300BA
:2082E0008B7A0500C9930300C9930300C9930300C9930300C9930300C9930300C9930300DB
:20830000C9930300C9930300C9930300C993030077950300C9930300C9930300C9930300B5
:20832000C9930300C9930300C9930300C9930300C9930300C993030037420500FFFFFFFF89
:20834000FFFFFFFFFFFFFFFFFFFFFFFFFFFFFFFFFFFFFFFFFFFFFFFFFFFFFFFFFFFFFFFF3D
:20836000FFFFFFFFFFFFFFFFFFFFFFFFFFFFFFFFFFFFFFFFFFFFFFFFFFFFFFFFFFFFFFFF1D
:20838000FFFFFFFFFFFFFFFFFFFFFFFFFFFFFFFFFFFFFFFFFFFFFFFFFFFFFFFFFFFFFFFFFD
:2083A000FFFFFFFFFFFFFFFFFFFFFFFFFFFFFFFFFFFFFFFFFFFFFFFFFFFFFFFFFFFFFFFFDD
:2083C000FFFFFFFFFFFFFFFFFFFFFFFFFFFFFFFFFFFFFFFFFFFFFFFFFFFFFFFFFFFFFFFFBD
:2083E000FFFFFFFFFFFFFFFFFFFFFFFFFFFFFFFFFFFFFFFFFFFFFFFFFFFFFFFFFFFFFFFF9D
:208400006CCBFF1F8C9A0500049B050001000000E4CBFF1F049B050000A20500010000001E
:208420000084FF1F6CCBFF1F0100000008ED00E0010203090A0B0001020000000000000048
:20844000000000000006070800000000000000009900CB00F40031019701E80162022E0367
:208460000001000000000000010001000101000100000000000001000000000001000000F4
:2084800001000100010001001614151917180E0F101112132C2F33373B3F00002D303438E6
:2084A0003C4000002E3135393D4100000032363A3E420000434500001A1C1E2022000000B5
:2084C0001B1D1F212300000024252600090A0B0C0D000000474644480827280405494A004F
:2084E000000000000000000000000000000000004B4C4D4E4F50515253545500000000000C
:2085000000010203040500000708090001020304050600000001020304050000F481070094
:20852000088207001C8207003082070044820700588207006C820700808207008483070092
:20854000A4830700C4830700E483070004840700248407004484070064840700E4820700C8
:20856000F88207000C8307002083070034830700488307005C8307007083070084840700BB
:20858000A4840700C4840700E48407000485070024850700448507006485070000000000EE
:2085A000020103000000000000000050000000000000000002000000000000000000640AF5
:2085C0005A0000000000000050505000000000000000000001030001010300010103000142
:2085E000000101030001010300010103000101030001010300010103000101030001000156
:208600000001000101030001020301000102030001020000EE85030002000000F085030054
:2086200002020000F285030002000000F485030003020000F685030002000000F885030039
:2086400001020000FA85030002000000FC8503000110021001010000098603000200000056
:20866000008603007531040079310400AAF1080002000000028603007D310400B33104004F
:20868000ABF108000200000002860300F9310400313204008CF10400020000000286030006
:2086A00077320400AF32040010030200D485030002000000D685030081460400000000008C
:2086C00011030200D885030002000000DA850300A74704000000000022030200DC85030043
:2086E00002000000DE8503006B48040000000000270301000886030002000000E085030035
:20870000554A0400000000002E010200E285030002000000E4850300B7490400594C040000
:2087200031030200E685030002000000E8850300074B0400A14C04003E030200EA85030027
:2087400002000000EC850300D94B040000000000000000000000000000000000000000007B
:20876000000000000000000051430200FE8503003731040059430200FE85030051300400C8
:208780005B430200FE850300653004005C430200FE850300793004005D430200FE8503001E
:2087A0008D3004005E430200FE850300A13004005F430200FE850300B53004007C43020026
:2087C000FE850300C9300400CF430200FE850300DF300400D2430200FE850300EF300400A9
:2087E000DA430200FE850300FF30040007B10200FE8503000F31040008B10200FE850300DC
:2088000023310400B5D00200FE8503004F2C040020F10200FE850300A72D040021F10200EF
:20882000FE850300BB2D040025F10200FE850300CF2D04002AF10200FE850300E32D040071
:208840002BF10200FE850300F72D04002EF10200FE8503000B2E040086F10200FE85030069
:208860001F2E04008AF10200FE850300332E04008CF10200FE8503004F2E0400A0F1020026
:20888000FE850300832E0400A1F10200FE850300B12E0400A5F10200FE850300E32E04006D
:2088A000AAF10200FE850300FF2E0400ABF10200FE850300312F0400AEF10200FE850300B5
:2088C000652F040000D90200FE8503004731040020ED0200FE8503006B2C0400A0ED020064
:2088E000FE850300472D0400F0F10200FE85030011300400F2F10200FE85030063310400C9
:2089000000000000000000000000000006020000020000000486030002000000068603002F
:20892000010000000A860300F53204000000000001FD0000020000000486030002000000E9
:2089400006860300030000000C860300273304000000000002FD0100020000000486030003
:208960000200000006860300030000000C860300B3330400000000000000000000000000E4
:2089800001000000000101000000E803CC2A00CC0000E803FF7E00FF0000E803CC2B00CC12
:2089A0000000E803FF7E00FF0100000000000000000000000000000001000000A00F00009F
:2089C00002000000935D040002000000955D04000000000002000000AB5D04007889030097
:2089E0000000050000000000DCD0FF1F8089030005000000020000000100881332000000C7
:208A00008489030088890300448A030005000000020000000100881332000000848903007C
:208A200098890300508A0300000000000000000017500500000000008B500500B5500500DF
:208A4000C54F0500000AE8038403AA2A00AA0000000AE8038403AA2B00AA00006E67695377
:208A6000676F72506E676953676F72492436010066085277402020410266086024092020AC
:208A8000436608602408202041026608602410202043660860240720204102660856150339
:208AA000202043660852774420204102660856150420204366085277452020413531393009
:208AC0003735000066085277392020416608602412202041448B03000800000000000000DA
:208AE0000C000300030302010101000001000000688B030001000000010301010800000056
:208B0000000000000C000301030302010101000001000000688B0300010000000303030138
:208B200008000000040000000C000600030305010101000001000000688B03000100000011
:208B4000010301018C8B0300748B030000000000A48B0300788B030000000000BC8B030071
:208B60007C8B03000000000050524F46494C455F30310000410418009E00180000001800EF
:208B80000000000000000000000000001000000000000000D48B0300D88A030001000000FD
:208BA000D88B03001000000000000000D48B0300FC8A030001000000D88B030010000000DD
:208BC00000000000D48B0300208B030001000000D88B030045324500312E302E3000000075
:208BE00004000000F88B030000E000000020000000000100002000000001040000000002C3
:208C000000040000000370000000000470000000096004000B600400C5600400E16104001E
:208C20007D610400356104004F6104005B6104000000000000000000020000003C00000006
:208C4000020000000100020002000303000000009C91FF1F000000000000000000000000BC
:208C60000000000000000000000000000100000038000000020000000200FE0301000303AF
:208C800000000000A091FF1F00000000000000000000000000000000000000000000000085
:208CA00001000000380000000200000003006E000100030300000000A095FF1F00000000AE
:208CC000000000000000000000000000000000000000000001000000380000000200000059
:208CE00004006E0001000303000000000496FF1F0000000000000000000000000000000043
:208D0000000000000000000000000000FB8804007D890400FB860400F387040043900400E8
:208D2000000000000000000000000000000000000000000000000000FB8804007D890400A2
:208D4000138B04000000000000000000658B0400B18B0400858C0400000000000000000028
:208D6000000000000000000000000000000000000000000000000000FB8804007D89040062
:208D8000138B04002993040001020300FD8204004B85040000000000000000000000000014
:208DA0007586040083830400CB850400000000000000000000000000DD8604000784040060
:208DC000078404000000000000000000000000000784040009840400098404000000000053
:208DE0000000000000000000098404002B8404002B8404000000000000000000000000007C
:208E00002B840400AF840400AF840400000000000000000000000000AF840400001D3A277C
:208E200074694E53E8F5D2CF9C81A6BBCDD0F7EAB9A4839E25381F02514C6B76879ABDA042
:208E4000F3EEC9D46F7255481B06213C4A57706D3E230419A2BF9885D6CBECF1130E293422
:208E6000677A5D40FBE6C1DC8F92B5A8DEC3E4F9AAB7908D362B0C11425F78659489AEB302
:208E8000E0FDDAC77C61465B0815322F5944637E2D30170AB1AC8B96C5D8FFE2263B1C01E2
:208EA000524F6875CED3F4E9BAA7809DEBF6D1CC9F82A5B8031E3924776A4D50A1BC9B86C2
:208EC000D5C8EFF24954736E3D20071A6C71564B1805223F8499BEA3F0EDCAD735280F12A2
:208EE000415C7B66DDC0E7FAA9B4938EF8E5C2DF8C91B6AB100D2A3764795E43B2AF889582
:208F0000C6DBFCE15A47607D2E3314097F6245580B16312C978AADB0E3FED9C400002110AE
:208F2000422063308440A550C660E770088129914AA16BB18CC1ADD1CEE1EFF1311210020D
:208F400073325222B5529442F772D662399318837BB35AA3BDD39CC3FFF3DEE36224433449
:208F600020040114E664C774A44485546AA54BB528850995EEE5CFF5ACC58DD5533672268D
:208F800011163006D776F6669556B4465BB77AA719973887DFF7FEE79DD7BCC7C448E55849
:208FA0008668A7784008611802282338CCC9EDD98EE9AFF9488969990AA92BB9F55AD44A0D
:208FC000B77A966A711A500A333A122AFDDBDCCBBFFB9EEB799B588B3BBB1AABA66C877C49
:208FE000E44CC55C222C033C600C411CAEED8FFDECCDCDDD2AAD0BBD688D499D977EB66E8D
:20900000D55EF44E133E322E511E700E9FFFBEEFDDDFFCCF1BBF3AAF599F788F8891A98166
:20902000CAB1EBA10CD12DC14EF16FE18010A100C230E3200450254046706760B98398930C
:20904000FBA3DAB33DC31CD37FE35EF3B1029012F322D2323542145277625672EAB5CBA548
:20906000A89589856EF54FE52CD50DC5E234C324A01481046674476424540544DBA7FAB78C
:209080009987B8975FE77EF71DC73CD7D326F2369106B01657667676154634564CD96DC948
:2090A0000EF92FE9C899E9898AB9ABA94458654806782768C018E1088238A3287DCB5CDB0C
:2090C0003FEB1EFBF98BD89BBBAB9ABB754A545A376A167AF10AD01AB32A923A2EFD0FED48
:2090E0006CDD4DCDAABD8BADE89DC98D267C076C645C454CA23C832CE01CC10C1FEF3EFF8C
:209100005DCF7CDF9BAFBABFD98FF89F176E367E554E745E932EB23ED10EF01E00050300B2
:20912000020100020005030200010002704700B547F6F870C0F2050011F0D2F9002011F068
:20914000E6F911F0B9F90028FBD111F0A7F900F002F8002000BD00B548F20070C0F205000B
:209160001CF027FC00201EF0ABFD49F22060C0F205001DF0FBFB48F23840C0F2050016F006
:2091800009FB48F21060C0F2050019F0A3F849F25040C0F205001CF050FE48F2F460C0F2AA
:2091A00005001BF051FF48F25860C0F205001BF07AFA48F23C50C0F2050018F09AF848F6D2
:2091C000E030C0F203000CF0D3FE00200DF098FF0AF0C6F900201BF06DFF00F0B7FA0BF05D
:2091E0002AFF002000F0C5FA0AF048FF01F024FE00BD000014490C684FF001031C4013499A
:20920000134A521A521E06DD4FF05A304FF05A3309C1083AFCDA0F490F4A521A521E06DD4B
:209220004FF05A304FF05A3309C1083AFCDA0B490B4A521A521E06DD4FF05A304FF05A33BA
:2092400009C1083AFCDA704700F007400080FF1F0084FF1F007C0020008000200084FF1F20
:20926000007C00204FF20002C4F207021168C9074CBF0120002070472DE9F044FFF7F2FFD3
:20928000022500232CE048F20042C0F2030202EB0311CA68022A01D1012820D1FAB191E8D6
:2092A00050042746AAEB060202F00304111B8A08002104E056F80CA0013147F80CA04FEA44
:2092C000810C9142F6D3664407EB0C02002104E016F801C002F801C00131A142F8D3013318
:2092E000AB42D0D30125002348F20040C1F6FF701DE04CF66C31C1F6FF710A1A02F00304D5
:20930000111B8A08002104E04FF0000C40F806C001318E009142F7D38219002104E04FF005
:20932000000C02F801C00131A142F8D30133AB42DFD3BDE8F084704772B600210022002355
:209340000024002500260027B846B946BA46BB46BC46FFF74FFF07488546074880470748B4
:209360008047074880470748804762B6FFF7DFFEFEE700BF0080002079920300899303009E
:209380007F9503003793030010B51EF05AFC48F20001C0F2030148F23C30C0F20300401A1A
:2093A0008408002004E051F820C043F820C0013048F20003C1F6FF73A042F4D34EF60850FD
:2093C000CEF20000036010BDFEE7FFF7FDBFFFF7FBBFFFF7F9BFFFF7F7BFFFF7F5BFFFF75C
:2093E000F3BFFFF7F1BFFFF7EFBFFFF7EDBFFFF7EBBFFFF7E9BFFFF7E7BFFFF7E5BFFFF765
:20940000E3BFFFF7E1BFFFF7DFBFFFF7DDBFFFF7DBBFFFF7D9BFFFF7D7BFFFF7D5BFFFF7C4
:20942000D3BFFFF7D1BFFFF7CFBFFFF7CDBFFFF7CBBFFFF7C9BFFFF7C7BFFFF7C5BFFFF724
:20944000C3BFFFF7C1BFFFF7BFBFFFF7BDBFFFF7BBBFFFF7B9BFFFF7B7BFFFF7B5BFFFF784
:20946000B3BFFFF7B1BFFFF7AFBFFFF7ADBFFFF7ABBFFFF7A9BFFFF7A7BFFFF7A5BFFFF7E4
:20948000A3BFFFF7A1BFFFF79FBFFFF79DBFFFF79BBFFFF799BFFFF797BFFFF795BFFFF744
:2094A00093BFFFF791BFFFF78FBFFFF78DBFFFF78BBFFFF789BFFFF787BFFFF785BFFFF7A4
:2094C00083BFFFF781BFFFF77FBFFFF77DBFFFF77BBFFFF779BFFFF777BFFFF775BFFFF704
:2094E00073BFFFF771BFFFF76FBFFFF76DBFFFF76BBFFFF769BFFFF767BFFFF765BFFFF764
:2095000063BFFFF761BFFFF75FBFFFF75DBFFFF75BBFFFF759BFFFF757BFFFF755BFFFF7C3
:2095200053BFFFF751BFFFF74FBFFFF74DBFFFF74BBFFFF749BFFFF747BFFFF745BFFFF723
:2095400043BFFFF741BFFFF73FBFFFF73DBFFFF73BBFFFF739BFFFF737BFFFF735BFFFF783
:2095600033BFFFF731BFFFF72FBFFFF72DBFFFF72BBFFFF729BFFFF727BFFFF725BF4EF695
:209580008851CEF20001086840F47000086040F20001C4F20101086840F0802008604BF2E5
:2095A000316001F5B42108604CF27820086051F8040F20F00100086049F61420C0F20500AA
:2095C0001EF00BBC7047FFF7FDBF7047704748F2144CC1F6FF7CACF80400BCF806008CF82D
:2095E00000208CF801108CF802300130ACF806000020704748F2144CC1F6FF7CACF80400DA
:20960000BCF806008CF800208CF801108CF802300130ACF806000020704748F2144CC1F69E
:20962000FF7CACF80400BCF806008CF800208CF801108CF802300130ACF8060000207047AC
:2096400070471AF0D9BA30B5044613F0D5F934204BF62431C1F6FF7104FB00152C6813F0FA
:20966000E9F92CB913F0C8F9EC6113F0E3F904E0E869032884BF0020E861204630BD10B50F
:20968000002480B21AF0F4FD4DF24C22C1F6FF72116809682C2200FB0211496839B9342166
:2096A0004BF62432C1F6FF7200FB0120C469204610BDF0B506460F4615464DF25024C1F664
:2096C000FF7488B21AF0A4FF4CF2A451C1F6FF71012D085C0BD1C00758BFF0BD2068A8426B
:2096E00008BFF0BD30461AF053FF28460CE000F00800082818BFF0BD2068A84208BFF0BD38
:2097000030461AF046FF002034214BF62432C1F6FF7207FB01218860F0BD00207047704709
:2097200000B50CF03FF9002000BD0CF0B0B90CF0E5B90CF021BA10B548F21C44C1F6FF7404
:2097400060600CF0A3F80120206010BD00B509F01DFA09F021FA4DF2D000C1F6FF70FFF740
:20976000EAFF00BD00B500F00CF80CF033FA002000BD00B500F005F80CF0B6F800BD00F09B
:2097800014B810B448F21C44C1F6FF742268012A08D101466068806890F82400401A18BF13
:2097A000012000E0012010BC704700B500200CF037FA00200BF077FD00BD70470120704727
:2097C000704700214CF6EC32C1F6FF7252F83130834202D102EBC100704701311229F1D350
:2097E0000020704710B504460068FFF7EAFF002801D00179122924BF012010BD490048F23A
:209800002440C1F6FF70085A6060002010BD00207047026812B94068FFF7E4BF002070478B
:2098200010B548F24844C1F6FF742078022802D90020207004E048F23641C0F20301085C77
:2098400016F098F82078411C45F25650C5F2555050FB01F000EB4000081A207010BD122824
:2098600024BF01207047400048F22442C1F6FF72805A08800020704770B50024264648F2FD
:209880002445C1F6FF754CF67C41C1F6FF7101EB061001F0CCFB0443E4B271004FF0FF3296
:2098A0000136122E4A53EAD32946002016F029F805F10C01012016F024F805F118010220AA
:2098C00016F01FF8002015F0B7FE012015F0B4FE022015F0B1FE0325FFF7A2FF013DFBD11A
:2098E000204670BDFFF79CBF40F2111016F0A3BC0821430600F08002180E802A08BF80F0E1
:2099000031000139F5D1704730B50024250CE8B2FFF7EEFF48F24C41C1F6FF7104F580340D
:209920004855210CB1F5807FF0D3002030BDF0B582B005460E4600208DF800008DF8010047
:209940008DF802008DF803008DF804008DF805008DF80600A9788DF80700284611F0800FAF
:2099600049D11F4600F06AF868888DF80200000A8DF80100287901AA694604238DF8000068
:2099800068781DF021F968781DF07CF904465FB94FF0FF308DF802008DF801008DF80000FC
:2099A00068781DF06FF9044348F24C57C1F6FF77A6B19DF8060070709DF80500B0709DF8E0
:2099C0000400F070304600F04FF801287078A97808BF0124884218BF012401D1012C06D1BC
:2099E0002978785CC8289CBF0130785423E0297800227A541FE000F021F8044668888DF84F
:209A00000200000A8DF80100287901AA694604238DF8000068781DF0D7F868781DF032F939
:209A2000044346B19DF8060070709DF80500B0709DF80400F070204602B0F0BD30B548F2D6
:209A40004C45C1F6FF75044695F8080120B9FFF75BFF012085F80801A078E178285C48401D
:209A6000285C2071002030BD30B548F24C45C1F6FF75044695F8080120B9FFF745FF0120D5
:209A800085F808016078A178285C4840E178285C401A18BF012030BD30B582B000221B23B0
:209AA00010FB03F54CF69C54C1F6FF74605DC0F340138B4219D08DF800208DF801208023E0
:209AC0008DF802308DF8042001290CBF40F0200000F0DF008DF80300134611466846FFF736
:209AE00026FF02469DF803006055104602B030BD2DE9F04F84B0834689468A461C464CF622
:209B00009C57C1F6FF7710460FF089FF002244F20003C4F28F030FF0EDFF0D4606462046B5
:209B20000FF07DFF002244F20003C4F28F030FF0E1FF00221346C4F2280310F0F8F82B466B
:209B4000324610F0F4F849F69A12C9F6991249F69913C3F6C97310F095F949F69A12C9F634
:209B6000991249F69913C4F2790310F0E0F80FF06CFF850800F0030600248DF80C408DF8DB
:209B800008B08DF809B04FEA4A00043040F080008DF80A008DF80B5023462246214602A817
:209BA000FFF7C5FE80464FEA4900053040F080008DF80A008DF80B6023462246214602A85E
:209BC000FFF7B5FE48EA0004B9F1010108D30DD0012910D11B201BFB0070C57106720AE0DE
:209BE0001B201BFB0070C570067104E01B201BFB007045718671E0B204B0BDE8F08F2DE926
:209C0000F04F84B0834689468A464CF69C57C1F6FF77642A94BF104664200FF000FF42F616
:209C2000F602C8F65C7247F2C253C4F2240310F07EF80FF00AFF850800F0030600248DF8C8
:209C40000C408DF808B08DF809B04FEA4A000A3040F080008DF80A008DF80B502346224690
:209C6000214602A8FFF763FE80464FEA49000B3040F080008DF80A008DF80B6023462246F9
:209C8000214602A8FFF753FE48EA0004B9F1010108D30DD0012910D11B201BFB007045734E
:209CA00086730AE01B201BFB00704572867204E01B201BFB0070C5720673E0B204B0BDE811
:209CC000F08F10B584B000238DF80C3094238DF80A308DF808008DF8090048F23C43C0F22C
:209CE00003031C88ADF800405C88ADF802409B88ADF804301B2310FB03F04CF69C53C1F6EA
:209D0000FF731C18607AA37A43EA8000ADF80000E07A237B43EA8000ADF80200607BA37B0F
:209D2000EC4643EA8000E37CADF80400480030F80C0040F2FF3C60454FF0100000FA01F074
:209D400014BF03438343012A03D102FA01F0184303E00120884023EA00008DF80B00002351
:209D60001A46194602A8FFF7E2FD9DF80B10E17404B010BD70B582B006464CF69C51C1F696
:209D8000FF7100238DF801008DF800001B2016FB001528788DF804301A4619468DF8030024
:209DA00080208DF802006846FFF7C1FD0446E87B07280BD08DF8030090208DF80200002381
:209DC0001A4619466846FFF7B2FD0443287C07280BD08DF8030091208DF8020000231A4639
:209DE00019466846FFF7A3FD0443687C07280BD08DF8030092208DF8020000231A461946E8
:209E00006846FFF794FD0443A87C58B18DF8030093208DF8020000231A4619466846FFF751
:209E200086FD0443A8788DF8030083208DF8020000231A4619466846FFF779FD0443687863
:209E40008DF8030082208DF8020000231A4619466846FFF76CFD0443687800F0BF006870B4
:209E6000E87CE4B258B18DF8030094208DF8020000231A4619466846FFF759FD0443304683
:209E800000231A46194600F0F0F9204602B070BD00B582B000238DF804301A4619468DF8BB
:209EA00000008DF8010080208DF8020001208DF803006846FFF73BFD02B000BDCB20108086
:209EC000002070472DE9F04B85B007468B4691464CF69C56C1F6FF7600248DF810408DF852
:209EE00004708DF805408DF806408DF80740234622468DF80C008DF80D0048000A308DF892
:209F00000E0001A94FF0FF308DF80F0003A8FFF70EFD80464FEA4B000B309DF806508DF8E6
:209F20000E0001A92346224603A8FFF700FD48EA0004BBF1010B9DF8060009D30ED0BBF10B
:209F4000010F10D11B2117FB01614D7388730AE01B2117FB01614D72887204E01B2117FB20
:209F60000161CD72087365F39F000FF058FD00221346C4F259030FF0DAFE00224FF20003B0
:209F8000C4F28F030FF0B6FD0FF05FFD89F80000E0B205B0BDE8F08B70B583B004460D468F
:209FA000164600238DF808308DF800408DF801308DF802308DF8033069461A468DF80400E3
:209FC0008DF8050014208DF806004FF0FF308DF8070001A8FFF7ABFC9DF802300121A94026
:209FE0004CF69C52C1F6FF721940012918BF002131601B2114FB0121CB7403B070BD30B58C
:20A0000083B004460D4600238DF808308DF800408DF801308DF802308DF8033069461A4697
:20A020008DF804008DF8050003208DF806004FF0FF308DF8070001A8FFF779FC68B91B21F4
:20A040004CF69C52C1F6FF7214FB01219DF802208978891A18BF0121297003B030BD2DE9D4
:20A06000F04C84B048F2545AC1F6FF7A00228DF80C208DF80A204FF0FF318DF80B108DF842
:20A0800005208DF806208DF8072005468DF808008DF809008DF804000DF10301FFF7AFFFAF
:20A0A000070004D19DF803100AF1030041554CF69C5B48F25551C1F6FF71485DC1F6FF7B72
:20A0C000012823D11B2015FB00B401A90120A07516208DF80A0000231A4602A8FFF727FC79
:20A0E00007439DF80600FFB260757FB9C5EB85010AEBC106B28B48F24441C0F20301895C34
:20A10000A27D083660F39F0249008A53C5EB85000AEBC006B08B0836032838BF013009D330
:20A120000120B082F08A0130F08280B20A2802D30020F082B082012048F25551C1F6FF718A
:20A14000485518208DF80A0001A900231A4602A8FFF7EDFB07431B2115FB01B49DF8060000
:20A16000E07510F0070020D019208DF80A004FF0FF3A8DF80BA001A900231A4602A8FFF756
:20A18000D6FB07439DF806008DF80BA001A920761A208DF80A0000231A4602A8FFF7C7FBEB
:20A1A00007439DF80600607602E02076A4F8190082208DF80A00607801A900231A4640F051
:20A1C00004008DF80B0002A8FFF7B1FBB18A47EA000448F24440C0F2030000230122415CD9
:20A1E000284600F042F82043C0B204B0BDE8F08CF0B582B0032A88BF03223F2B94BF1F468B
:20A200003F27022988BF01202BD806460C464CF69C55C1F6FF7500238DF804308DF80000E5
:20A220008DF8010001F1100040F080008DF80200194647EA82108DF803001A466846FFF7B1
:20A2400076FB012C07D30CD11B2116FB01519DF803200A7405E01B2116FB01519DF8032098
:20A26000CA7302B0F0BD0020704730B582B005469C464CF69C54C1F6FF7400238DF80430EF
:20A280008DF800008DF8010095208DF8020001F00F004FEACC7140EAD160D1071A4640EA44
:20A2A00011608DF8030019466846FFF740FB1B2115FB01419DF803200A7502B030BD2DE9ED
:20A2C000F04483B082460D4600268DF800608DF801608DF802608DF803608DF808608DF8CA
:20A2E0000760694632468DF804008DF8050016208DF80600012301A8FFF719FB04461720A4
:20A300008DF8060069460123324601A8FFF70FFB44EA00071B204CF69C51C1F6FF711AFBE3
:20A3200000149DF80700012332466946607501A8FFF7FDFA38439DF80710627DA17511F09A
:20A34000030141EA8201298003B0BDE8F08409B901207047C0EB8000C00048F25C52C1F6B2
:20A36000FF72805A0880002070470AB901207047C0EB800048F25C53C1F6FF7303EBC000AD
:20A3800000EB4100C0891080002070470346002052B110B44CF69C54C1F6FF74013905D343
:20A3A0000BD0012910D010BC012070471B2113FB0141097E117010BC70471B2113FB014171
:20A3C000497E117010BC70471B2113FB0141897E117010BC704748F24C52C1F6FF72105CAF
:20A3E000052828BF012000D200B908700020704748F25752C1F6FF72105C08700020704788
:20A4000070B583B000248DF8084080228DF806208DF801408DF802404CF69C56C1F6FF76B9
:20A420001B2110FB01F58DF804008DF805008DF80000705D8DF8034010F0400F1CD140F046
:20A4400040008DF8070023462246214601A8FFF76EFA044600238DF80630694601A81A4611
:20A46000FFF765FA044307D19DF807009DF8021088420CBF70550124204603B070BD70B53B
:20A4800083B000248DF8084080228DF806208DF801408DF802404CF69C56C1F6FF761B2122
:20A4A00010FB01F58DF804008DF805008DF80000705D8DF8034010F0400F1CD000F0BF0084
:20A4C0008DF8070023462246214601A8FFF72FFA044600238DF80630694601A81A46FFF71A
:20A4E00026FA044307D19DF807009DF8021088420CBF70550124204603B070BD4CF69C51E6
:20A50000C1F6FF718878C0F30210072884BF00207047400048F25041C0F20301405A7047F4
:20A5200009B901207047C0EB800048F25C52C1F6FF7202EBC00080894622504346300022FD
:20A54000800A0870104670470168024648F26443C0F2030313F8110003EB410193886422B5
:20A560004978FFF7C5BA0168024648F26443C0F20303127913F8110003EB41014978FFF7CD
:20A580003EBB0168024648F26443C0F20303127913F8110003EB41014978FFF792BB00B5E8
:20A5A0000179007811B9FFF76AFF01E0FFF728FF002000BD30B581B005460020ADF802007D
:20A5C0000DF102012878FFF7C2FE0446012817D0BDF802000FF023FA46F25A42CDF63B72B3
:20A5E00048F64F53C3F6F7730FF084FA002243F20003C4F270030FF043FC0FF02AFAA880CF
:20A60000204601B030BD30B581B0054600208DF803000DF103012878FFF7DDFE04469DF8DB
:20A6200003000028287900F0FE0018BF40F0010028710DF103012878FFF7DAFE9DF80310A7
:20A6400020430029297901F0FD0118BF41F00201297101B030BD30B581B005460020296888
:20A66000ADF8020048F26442C0F2030212F8110002EB41010DF102024978FFF776FE0446DB
:20A68000012813D0BDF8020001300FF0CBF900224EF20003C4F250030FF049FB00221346D7
:20A6A000C3F650730FF043FBC5E90101204601B030BD10B581B00168044648F26442C0F2F2
:20A6C000030212F8110002EB410100228DF803200DF103024978FFF759FE01280FD09DF8B3
:20A6E000031002290CBF01220022012908BF42F00202217962F301012171002200E0024618
:20A70000217962F38201217101B010BD10B581B00168044648F26442C0F2030212F811005C
:20A7200002EB41010022ADF802200DF102024978FFF7C4FB012814BFBDF802100021A18084
:20A7400001B010BD01680A2929D80FF20802D2E801F0C0462626262626070D1F13261900DF
:20A7600000B540685DF804EBFFF775BF00B540685DF804EBFFF79DBF00B540685DF804EB7A
:20A78000FFF718BF00B540685DF804EBFFF73BBF00B54068FFF7BAFF5DF804EB7047012033
:20A7A0007047026800210B2A31D80FF20803D3E802F0C046072F0E161E2E2E2E2E2E2E26A8
:20A7C00000B500F027F801465DF804EB20E000B54068FFF7C8FE01465DF804EB18E000B5D9
:20A7E0004068FFF7B1FE01465DF804EB10E000B54068FFF7C6FE01465DF804EB08E000B552
:20A800004068FFF7CCFE01465DF804EB00E001210846704740680078FFF7ACBA40680078A2
:20A82000FFF736BB40680078FFF719BC30B5002425464CF6D451C1F6FF7105EBC50001EBA3
:20A84000800001F0EAF90443E4B20135022DF0D3204630BD00B500F09FF9FFF70DF8FFF71E
:20A86000E5FF00BD01280CBF012100214FF4807015F016BD01280CBF012100214FF4027009
:20A8800015F00EBD10B548F27041C0F20301C0EB800001EB4004A078FFF7ECFF2079BDE8F0
:20A8A0001040FFF7DFBF10B44CF62064C1F6FF74012101FA00F06178084018BF204610BCC9
:20A8C000704730B505460C46012803D309D140F2074001E04FF48170003918BF012115F0A1
:20A8E000DFFC0CB1012C07D14CF63C60C1F6FF7005EB850140F82140002030BD00B50020C6
:20A90000FFF7C0FF00210846FFF7DBFF00210120FFF7D7FF002000BD2DE9F04181B04CF69E
:20A920001C66C1F6FF7621C8023802D001281DD0A8E02C682046FFF7B6FFE0B104EB84002D
:20A9400006EB8000816AB1F1FF3F14D042F2107001FB00F240F20111C0F21001A2FB011080
:20A96000111A00EB5100C00AA8808BE02C682046FFF799FF08B9012085E006F1200804EB36
:20A98000840008EB8000C16802698A427AD0016181682A7948F28C57C1F6FF77B1F1FF3FFE
:20A9A00005D102F0F8002871002139556AE040F6CC43994207D902F0F80040F00100287191
:20A9C000012038555EE002F0FE0280882A71814207D902F0F90040F00200287108203855E8
:20A9E00050E002F0FD002871385D00F0FC003855ACB942F2107001FB00F240F20111C0F294
:20AA00001001A2FB0110111A00EB5100C00A0AD1287940F0040028710420385532E0E0B2A8
:20AA200003F0D5FE38B9287900F0FB00287128680021395426E0286803F0DAFE2C6804EB18
:20AA4000840108EB81018A6842F210714A4340F20113C0F21003A2FB0331521A01EB520141
:20AA60002A79E4B2B0EBD12F06D942F00400287134700420385505E002F0FB022A713470EC
:20AA800000203855002001B0BDE8F08148F28C51C1F6FF71085C70470268012A03D14068B8
:20AAA00003C8FFF70EBF0020704730B548F29054C1F6FF74227D44F8221001322275D2B2A9
:20AAC000052A14D305462046052100F096FC05EB85014CF63C62C1F6FF7202EB8101886032
:20AAE000C8680130C86000202075012030BD002030BD30B581B00068042818BF012049D141
:20AB00004CF66465C1F6FF75286848F2A454C1F6FF74013802D0012820D03AE060684CF6CB
:20AB20003C62C1F6FF7200EB800152F8211001290BD108B9084603E0012803D14FF0020032
:20AB4000FFF7A0FE0220286023E010B9012060601FE0012804BF002060601AE06068002855
:20AB600018BF012815D16946062000F046FA80B960680099FFF799FF01280AD1606808B935
:20AB8000012003E0012802D14FF00000606001202860002001B030BD4CF62060C1F6FF7067
:20ABA00002F090BB7047002070470000002048F2B452C1F6FF72C0EBC0014FF0FF3302EB78
:20ABC00081010022CA609446103181E80C1001300C28ECD39FED4A0A48F20471C1F6FF712D
:20ABE00010464A60CA6081ED020A194617F02BBC10B5C0EBC004002017F0EBFB48F2B452E3
:20AC0000C1F6FF7242F8240010BD10B5C0EBC004002017F0DEFB48F2B452C1F6FF7249F606
:20AC20009A11C1F69911014452F8243002EB8402984298BF0846D1685060C01A90608142BD
:20AC400038BFD0605169814288BF5061116900290EBF014601444908116191690144916168
:20AC600010BD0020024648F2B451C1F6FF71C2EBC20301EB83039B690132042A1844F2D9C9
:20AC80000022C2EBC2034FF0000C01320C2A01EB8303C3F818C0F4D300EE100ADFED190AA9
:20ACA000B8EE400A80EE200A9FED171A48F20471C1F6FF7120EE010AD1ED011A81ED000A0F
:20ACC000F4EE401AF1EE10FAB8BF81ED010A91ED022AB4EE402AF1EE10FA88BF81ED020AFF
:20ACE000D1ED030AF5EE400AF1EE10FA1EBF30EE800AB6EE001A20EE010A81ED030A7047E5
:20AD000000007A44005043480000C8424EF21000CEF200000021016081604DF2BF41C0F22C
:20AD2000010141600621016070474EF21001CEF20001086840F001000860704748F218739A
:20AD4000C1F6FF7303EB0010944600220B4680E80C10C160704730B5002548F21874C1F69C
:20AD6000FF742068012808D12846FFF741FF256000F091F82846FFF748FF2069012807D1FF
:20AD8000FFF736FF256100F095F80120FFF73DFF206A012808D10220FFF72AFF256200F0EE
:20ADA00092F80220FFF731FF206B012808D10320FFF71EFF256300F097F80320FFF725FFBA
:20ADC000206C012808D10420FFF712FF256400F09AF80420FFF719FF00F0A4F8BDE710B588
:20ADE00048F21471C1F6FF71086801300860002148F21873C1F6FF7303EB0112D468844252
:20AE000006D14FF0010C9368C2F800C02344D36001310529ECD348F21F52C5F2EB12A0FBE7
:20AE200002218909C82303FB1100002818BF10BDBDE81040FFF715BF00B5FFF767FF00F0D7
:20AE400005F8FFF772FFFFF786FF00BD00B500F06AF848F6D420C0F2030008F0A5FB04F0DC
:20AE6000DEF8052201210020FFF768FF0A2203210120FFF763FF142205210220FFF75EFF9C
:20AE8000322207210320FFF759FF642209210420FFF754FF00BD00B548F26871C1F6FF71FC
:20AEA00008680130086004F071F8FEF768FC09F008F900BD48F26871C1F6FF714868013001
:20AEC000486004F072B800B548F26871C1F6FF718868013088600CF05BFD0BF0BBF916F0AB
:20AEE000AFFB04F083F800BD00B548F26871C1F6FF71C8680130C86004F083F80AF0C1FFDB
:20AF000000F01DF800BD00B548F26871C1F6FF7108690130086104F077F800F05BF80AF0D5
:20AF200079F800BD704700B540F20B40002115F0B7F901214FF4826015F0B2F900BD10B5AB
:20AF400082B000210846CDE90001684603F04DFFF0BB48F27C74DDE90001C1F6FF7449F6A7
:20AF60009A12C9F6991241F69913C4F23203824273EB01020BDB49F69A12C9F6991249F64E
:20AF80009913C4F21F03904271EB030207DA2078F0B9012020700020FEF7E4FB18E04EF2FB
:20AFA0006663C4F23103B0F1663F71EB03020FDA4FF0333243F23333C4F22003824273EB14
:20AFC000010005DA207818B100202070FEF7D1FB02B010BD40F2023015F006B9014648F297
:20AFE0008072C1F6FF721068002808BF704702688A4218BFC068F7D1704730B584B00C46FA
:20B000000546FFF7EBFF68B14FF0000C624602AB8DE82C1081686846884718B90398206049
:20B02000002000E0012004B030BDFEF75BBC10B448F28074C1F6FF74216811B9206004E06F
:20B040001146CA68002AFBD1C8600021C160084610BC704700214FF4817015F021B90121E0
:20B060004FF4817015F01CB930B54CF66864C1F6FF7408F098F901280BD1642005F06DF938
:20B0800064220120618801F055FA012508F08BF91BE00025284604F01BF901280CD1284634
:20B0A00005F05BF9284605F05CFB02462846218801F040FA012508E0642005F04EF9012014
:20B0C00001F01EFA284601F01BFA042004F000F903280DD105F0B5F805F09FF8032005F093
:20B0E00040FB02460320E18801F024FA01251CE0032004F0EDF801280DD105F07AF805F0B1
:20B10000B4F8022005F02DFB02460220A18801F011FA012509E005F080F805F0A6F8022084
:20B1200001F0EEF9032001F0EBF9032004F0D0F8012804D0022004F0CBF8012809D1052062
:20B1400005F00FFB02460520618901F0F3F9012502E0052001F0D4F9012004F0B9F80128E2
:20B160004FF0040007D105F0FCFA02460420218901F0E0F903E001F0C3F9012D05D105F060
:20B1800088F8BDE8304005F00CB805F096F8BDE8304005F01AB830B50024204604F098F80F
:20B1A000012827D1204605F0DCFA0446002001F0CDF80546002001F0B5FB684348F21F52BB
:20B1C000C5F2EB12C11752FB00F0C1EB501034B9204605F0C2F8204601F092F937E085B268
:20B1E000642005F0BAF822462946002001F0A2F901242CE0012004F06BF801281ED120467A
:20B2000005F0ABF8012005F0ACFA0446012001F09DF80546012001F085FB684348F21F51B7
:20B22000C5F2EB1151FB00F122464909A1EBE07189B2012001F07EF9012408E0642005F03D
:20B240008CF8012001F05CF9204601F059F9042004F03EF801281FD104F0F3FF04F0DDFF3D
:20B26000032005F07EFA0446032001F06FF80546032001F057FB684348F21F51C5F2EB11C0
:20B2800051FB00F122464909A1EBE07189B2032001F050F901242EE0032004F019F80128BE
:20B2A0001FD104F0A6FF04F0E0FF022005F059FA0446022001F04AF80546022001F032FB9E
:20B2C000684348F21F51C5F2EB1151FB00F122464909A1EBE07189B2022001F02BF90124FB
:20B2E00009E004F09AFF04F0C0FF022001F008F9032001F005F9032003F0EAFF012804D003
:20B30000022003F0E5FF01281BD1052005F029FA0446052001F01AF80546052001F002FB12
:20B32000684348F21F51C5F2EB1151FB00F122464909A1EBE07189B2052001F0FBF80124C8
:20B3400002E0052001F0DCF8082003F0C1FF01284FF0040019D105F004FA0446042000F09F
:20B36000F5FF0546042001F0DDFA684348F21F51C5F2EB1151FB00F122464909A1EBE071C6
:20B3800089B2042001F0D6F803E001F0B9F8012C05D104F07EFFBDE8304004F002BF04F0D8
:20B3A0008CFFBDE8304004F010BF0844904228BF1046704701EB020C6045A0EB010038BFF6
:20B3C0001046704770B4B0F9004000252E46224609E073001B5E01369A42B8BF1A469C42B5
:20B3E000C8BF1C461D448E42F3D3A81A001B023990FBF1F108B270BC704770B400224FF0C6
:20B40000FF341646154609E050F825309A4238BF1A469C4288BF1C4601351E448D42F3D3D5
:20B42000B01A001B0239B0FBF1F188B270BC7047002812BF002A4FF0FF3070470023934202
:20B440003CBFC1540133FAD300207047002819BF0029002A4FF0FF307047002304E011F87C
:20B4600003C000F803C001339342F8D3002070474FF6FF72121A8A42C6BF084480B24FF6AD
:20B48000FF707047884286BF401AC0B200207047884286BF401A80B20020704700EBC000B7
:20B4A00080007047B0B582B000221146CDE90012054600F064FF29014CF68862C1F6FF7261
:20B4C0008C188854284600F04AFF60806946284600F004FF00221346C4F22403DDE9000136
:20B4E0000EF025FC0EF0B1FAA080284602F096FA0746E0884FF6FF71884213D1FEF7FEFF6A
:20B50000E080002001218140394208D04CF67463C1F6FF73A26853F820100A43A26001302E
:20B520000C28EFD3284602F080F9C82804DC284602F07BF9373001E04FF0FF30207302B09D
:20B54000B0BD30B50C460546FFF7ACFF4CF68861C1F6FF7101EB051210782070508800090D
:20B560006070D2F80210080F090740EA1160A07090880009E0705168080F090740EA116061
:20B580002071D08800096071D08891680007C1F3036141EA1060A0719068000CE07190687F
:20B5A000000A207290686072107BA07230BD30B50446002001F0ADF90546012001F0A9F9B6
:20B5C000284400EBD07040083730207030BD10B5044601F010F93730207010BD10B50446CC
:20B5E00007F0D4FA207001F0CAFE607010BD10B5044601F000F93730207010BD48F28472B3
:20B60000C1F6FF7202EB80000268012907BF42F00501002222F001018A0862F34101016043
:20B62000704748F28471C1F6FF7151F8200010F00100704748F28471C1F6FF710A7B0B7A7C
:20B6400013F0030363F39F020B799B0742EA93620B789B0742EA136202700A7F91F8283001
:20B6600013F0030363F39F020B7D9B0742EA93620B7C9B0742EA1362427091F82C200B7EA5
:20B6800013F0030363F39F0291F824309B0742EA936291F820309B0742EA1362827091F873
:20B6A0003C2091F8383013F0030363F39F0291F834309B0742EA936291F830309B0742EAD6
:20B6C0001362C27091F84C2091F8483013F0030363F39F0291F844309B0742EA936291F884
:20B6E00040309B0742EA1362027191F85C2091F8583013F0030363F39F0291F854309B075F
:20B7000042EA936291F850309B0742EA1362427191F86C2091F8683013F0030363F39F02D3
:20B7200091F864309B0742EA936291F860309B0742EA1362827191F87C2091F8783013F081
:20B74000030363F39F0291F874309B0742EA936291F870309B0742EA1362C27191F88C2028
:20B7600091F8883013F0030363F39F0291F884309B0742EA936291F880309B0742EA13620C
:20B78000027291F89C2091F8983013F0030363F39F0291F894309B0742EA936291F8903046
:20B7A0009B0742EA1362427291F8AC2091F8A83013F0030363F39F0291F8A4309B0742EAB1
:20B7C000936291F8A0309B0742EA1362827291F8BC2091F8B83013F0030363F39F0291F885
:20B7E000B4309B0742EA936291F8B0309B0742EA1362C27291F8CC2091F8C83013F00303C3
:20B8000063F39F0291F8C4309B0742EA936291F8C0309B0742EA1362027391F8DC2091F8B2
:20B82000D83013F0030363F39F0291F8D4309B0742EA936291F8D0309B0742EA136242732F
:20B8400091F8EC2091F8E83013F0030363F39F0291F8E43091F8E0109B0742EA9362890749
:20B8600042EA116181730021C173704756280CD2C11048F67402C1F6FF7210F007000123F6
:20B88000515C03FA00F0084201D10020704718467047562824BF0120704700F007010122B2
:20B8A0008A40C01048F67401C1F6FF710B5C1A430A5400207047562824BF0120704700F0F2
:20B8C0000701012202FA01F3C11048F67402C1F6FF72505C9843505400207047002048F640
:20B8E0007401C1F6FF7100220A5401300B28F6D3704770B5164600240528A8BF70BD0129B8
:20B900000ED321D1410001F11A04E4B200EB4000451C012A14D128460121FFF76FFE15E0E9
:20B9200041001B31CCB200EB4001C81C8D1C012A03D11146FFF762FEEDE70021FFF75EFE50
:20B9400028460021FFF75AFE002E04D02046BDE87040FFF79EBF2046BDE87040FFF7ABBFDF
:20B9600030B50024254668001B30C0B2FFF77EFF28B16800012101FA00F080B2044368008C
:20B980001A30C0B2FFF772FF30B168000130012101FA00F080B204430135042DE3DD2046F7
:20B9A00030BD10B504460228C8BF10BD2430C0B219B1FFF76EFF012102E0FFF77CFF002184
:20B9C00004F11000BDE81040FFF718BE30B50024254605F12400C0B2FFF748FF18B101207A
:20B9E000A840C0B204430135032DF2D3204630BD0930C0B209B1FFF74CBFFFF75CBF30B5CC
:20BA00000024254605F10900C0B2FFF72FFF18B10120A840C0B204430135052DF2D32046E4
:20BA200030BD48F28842C0F20302105C09B1FFF730BFFFF740BF30B50024254648F28840E8
:20BA4000C0F20300405DFFF711FF18B10120A84080B2044301350C2DF0D3204630BD002896
:20BA600008BF70474520FFF714BF48F2D442C0F20302105C09B1FFF70CBFFFF71CBF30B576
:20BA80000024254648F2D440C0F20300405DFFF7EDFE10B10120A840044301351C2DF1D342
:20BAA000204630BD0020704700B500F00DF9811118BF01210620FFF7D8FF00BD4B30C0B289
:20BAC00009B1FFF7E6BEFFF7F6BE30B50024254605F14B00C0B2FFF7C9FE10B10120A840BA
:20BAE000044301350B2DF3D3204630BD024649F28810C1F6FF700BC882E80B007047FFF742
:20BB0000EDBE014648F68802C1F6FF721068002808BF704742688A4218BF006AF7D17047EF
:20BB200010B50C46FFF7EDFF08B9012010BD00892080002010BD30B584B00C460546FFF79B
:20BB4000E0FF08B9012010E000950021ADF80410082102914169CDF80CD002A88847C0B2D3
:20BB6000002804BFBDF90410218004B030BD0020704770B585B048F68006C1F6FF76002489
:20BB8000B5681AE0092168680391E969CDF810D0009003A888470A2369680393044303A879
:20BBA000019101A90491696988476B6802992D6A0443E4B211F00101F154002DE2D12046A3
:20BBC00005B070BD014648F68802C1F6FF721068002808BF7047038901228A401A4208BF92
:20BBE000006AF5D0704710B583B048F68800C1F6FF7004680DE0002160688DE80300CDF8FC
:20BC000008D001A8E1688847010601D0012002E0246A2000EFD103B010BD10B448F6880434
:20BC2000C1F6FF74216811B9206004E011460A6A002AFBD1086200210162084610BC7047A3
:20BC400030B548F68005C1F6FF752978012906D10C460020FFF7D2FC322021460AE0002472
:20BC600021463220FFF7CAFC6978204601290CBF0C462146FFF7C2FC204630BD70B584B0FA
:20BC80000446002548F68800C1F6FF70066807F04BFC012808BF012C14D0200018BF012084
:20BCA0008DF80400CDF80CD00B20029007E002A87268B169009288470543EDB2366A002E02
:20BCC000F5D1284604B070BD48F69C01C1F6FF710878704710B585B00446FFF773FF08B9A9
:20BCE000012023E000221146CDE901120521039141690094CDF810D003A88847C0B2A8B9F4
:20BD000048F69C0134224CF6E863C1F6FF7304FB0232C1F6FF71019BDDF808C053624B8821
:20BD2000C2F828C00122A2401A434A8005B010BD30B584B00C460546FFF744FF08B90120E2
:20BD400014E0009548F2FC42C0F2030211788DF80410062102914169CDF80CD002A888478B
:20BD6000C0B2002804BF9DF80410217004B030BD2DE9F04B83B000218DF803100546FFF70D
:20BD8000A9FF48F2F211C0F207010878012808BF012D00F04B8148F24611C0F207010878DF
:20BDA000022800F0438107F055FB012800F03E8101F0E3F8002800F0398104F048FC002888
:20BDC00040F0348104F04CFC002840F02F8104F050FC002840F02A814CF6E867C1F6FF7739
:20BDE000342005FB0074206848F68C06C1F6FF76012804BFE16A012940F0F480A08964283D
:20BE00003CBF6420A081E1698142C0F0F7800DF102012846FFF78CFF8DF803005FEA000B82
:20BE200040F050819DF8020010F0010F0AD032220121A079FFF7B9FAA07184F807B084F888
:20BE400009B065E010F0020F0AD084F806B032220121E079FFF7A9FAE07184F809B057E0A2
:20BE60009DF8020010F0040F52D15846217DA4F806B064295BD1718A0120A840084200F070
:20BE8000D580606AA16A0190786B0291012811D148F21401C0F20701088880070AD51DB991
:20BEA000012001F06EFE08E0012D03D1284601F068FE02E0284601F064FE0746284601F006
:20BEC00030FE834600221346C4F22403019802990DF02DFF0DF0B9FD80B2834508D93222D4
:20BEE0000121607AFFF761FA60720020A0720FE0A0F10A018B450BDA00216172874206D21C
:20BF000032220121A07AFFF750FAA07200E0A172A07932280BD3705D771940F001007055A8
:20BF200017F8080F012140F0010038700BE0771917F8081F01F0FE01397040B9705D0021AF
:20BF400000F0FE007055A8001630FFF757FBE179322909D3705D40F00200705538780121D1
:20BF600040F00200387008E0387800F0FD00387039B9705D00F0FD007055A8001430FFF767
:20BF80003DFB607A397801F0F701322808D3725D02F008031943397042F00802012105E0AC
:20BFA000397040B9715D01F0F70201467255A8001730FFF723FBA07A3A7802F0EF0232280D
:20BFC00008D3715D01F010031A433A7041F01001715577E03A70002874D1705D00F0EF008B
:20BFE00070556FE0002804BFE06A00286AD1E089C8283CBFC820E081216A814238BF002093
:20C0000062D3022D04D1D7F8B80008B1682005E0032D06D1D7F8840018B19C2038440021BE
:20C020000172718A0120A840084201D101204BE000200146C4F21401626AD4F8289001920C
:20C04000CDF80890904271EB09000BDA012D02BF38680128002010D032220121207AFFF7A9
:20C06000A4F90AE040F20001C4F21001894505DA00220121207AFFF79DF92072217A06F104
:20C080000802322911D35319725D197802F0040042F0040201F0FB0101431970A8001530B6
:20C0A00072550121FFF7AAFA0CE0505D00F0FB00505539B9705D00F0FB007055A800153078
:20C0C000FFF79CFA9DF8030003B0BDE8F08B48F68C01C1F6FF71405C704748F69401C1F69A
:20C0E000FF71405C704748F69401C1F6FF710844002101707047002048F68C01C1F6FF71DC
:20C1000000220A5401300628F6D370474CF6E863C1F6FF73342200FB0232908800296FF3E2
:20C12000410018BF40F002009080002070474CF6E863C1F6FF73342202FB00308181002073
:20C1400070474CF6E863C1F6FF73342202FB0030C181002070474CF6E863C1F6FF733422CA
:20C1600002FB003001830020704770B584B006460C4601284CF6E860C1F6FF704FF03401F3
:20C1800004D106FB0100448230461AE006FB0105688AA04208BF002013D03046FFF712FD72
:20C1A00008B901200DE00321029181690096ADF80440CDF80CD002A88847C0B2002808BF15
:20C1C0006C8204B070BD70B584B006460C4601284CF6E860C1F6FF704FF0340104D106FB76
:20C1E0000100047530461DE006FB0105287DA04208BF002016D03046FFF7E4FC08B90120C9
:20C2000010E0642C88BF642402210291816900968DF80440CDF80CD002A88847C0B200281C
:20C2200008BF2C7504B070BDF0B584B007460E46002407F079F94CF6E861C1F6FF710128D3
:20C2400004D1342078434058012817D0012F02D14E63384624E0342007FB00152868B0422F
:20C2600003D1687D297D884217D0012E0CBF20201C2044513846FFF7A5FC08B901200FE0BD
:20C28000394604278DE8C2008169CDF80CD002A88847C4B2002C08BF2E60287D68752046DA
:20C2A00004B0F0BD30B584B00C460546FFF78AFC08B9012010E000950021ADF80410072182
:20C2C00002914169CDF80CD002A88847C0B2002804BFBDF80410218004B030BD48F69E0CB7
:20C2E000C1F6FF7CBCF800C002460123834013EA0C0F01D101207047002034234CF6E86C9A
:20C30000C1F6FF7C02FB03C2536AD2F828C081E808107047342250434CF6E862C1F6FF72E5
:20C3200080580860002070474CF6E862C1F6FF72342101FB0020C08A70474CF6E862C1F67D
:20C34000FF72342101FB0020008B70474CF6E862C1F6FF72342101FB0020408B704710B44E
:20C36000342202FB00F14CF6E864C1F6FF746258012A06BF0819408A002010BC704710B4C5
:20C38000342202FB00F14CF6E864C1F6FF746258012A06BF0819007D002010BC704710B4F2
:20C3A00000214CF6E862C1F6FF72342301FB03239A8812F0010F10D01A68012A08D153F84A
:20C3C0001CCF1CEB00024FF0000C83E8041004E000221C6ADA6104441C6201310629E0DBF6
:20C3E000002010BC704710B500244CF6E861C1F6FF71342004FB0010808810F0010F18BFAD
:20C4000010F0020F02D02046FFF7B2FC0134062CEBDB002010BD2DE9F0484FF0000B5C46DB
:20C4200048F69C05C1F6FF75204601F091FA30B1204601F08DFA2A7842EA000129700134B4
:20C440000B2CEDDD28785E4610F03F00287029784CF6E867C1F6FF770120B04008424FF0C7
:20C46000340006FB007128D00C4640F28260488264200875A0880021216040F00300A080D0
:20C48000304606F0F3FF20F47041E182642907D340F2DC50814208D940F6FF70814204D071
:20C4A00040F6FF70E0824FF0010B304601F099FB60836421A181E18103E088886FF30100ED
:20C4C00088800136062EC2DBB7F84A0040F6FF7188420AD0F98A40F6FF72914218BF88426B
:20C4E00003D9A7F84A20FA8202E0BBF1010F01D1012100E000213620BDE8F048FFF77EB8E9
:20C5000030B54CF6E862C1F6FF72342100FB012504460021E96285F8321004F0F2FA002C8B
:20C5200018BF30BD688A002818BF30BD04F012F9288630BD30B504464CF6E865C1F6FF75D6
:20C54000002918BF002A07D1342004FB00500021C16280F832100FE0342004FB0050012382
:20C56000C362018680F83220204604F0C3FA022808BF30BD4FF001012046BDE8304004F0A0
:20C58000C0BA2DE9F048002648F2F211C0F2070108784CF6E865C1F6FF75012816D1012E3D
:20C5A00074D104F054F810B904F05AF818B104F03BFD044606E004F05CF8012801D02C6EE6
:20C5C00004B16424204603F0C8FE9EE000285DD148F21401C0F20701088810F0020F55D05C
:20C5E000002E18BF012E51D1286E10B9E96A012922D0012804BFE86A01281CD104F027F8B0
:20C6000010B904F02DF848B1B5F86400B0B164214843298E90FBF1F1C8B20DE0012001F020
:20C62000E0FA642200FB02F4002001F0DAFA94FBF0F1C8B200E0642003F08FFE342006FBA1
:20C640000050C76A90F83240B0F830B059463046FFF78BFD21463046FFF7B5FD39463046CA
:20C66000FFF7E2FD4FB9342006FB0050006AB0F57A7F02D93046FFF736FDD5F89C00012824
:20C6800037D103F0CAFD03F0DCFD3EE0022E18BF032ED3D1D5F8C800012810D1032E04BF7F
:20C6A000A96E002905D10746B5F8CCB095F8CE40CCE7022ECAD1A86E0128D3D114E0D5F831
:20C6C000940088B1022E04BFD5F89C10002905D10746B5F898B095F89A40B7E7032EB5D124
:20C6E000D5F89C000128BDD14FF0000B5C465F46ACE7A86E012804D103F07BFD03F0B5FDD2
:20C7000003E003F08AFD03F0B0FD0136062EFFF63BAFBDE8F0884CF6E862C1F6FF723421AC
:20C7200001FB0020C06970474CF6E862C1F6FF72342101FB00200021A0F80910C18070470E
:20C740004CF6E862C1F6FF72342101FB002000214172704710B5002420460021FFF764FD62
:20C7600020460021FFF72FFD20460021FFF7FDFC0134062CF0DB10BD10B581B00DF10201A4
:20C780000820FEF73AFC4DF22001C1F6FF71BDF802204888824288BF6FF0270411D8A024D6
:20C7A000002001EB80035B889A4207D201EB8003DB889A4202D38000445E02E001301E2854
:20C7C000EFD3204601B010BD00B5FFF7D5FF48F6A001C1F6FF710880A0F18C01102905D278
:20C7E00000EB4000C0F50270C0B200BD9B28CCBF0020642000BD48F6A001C1F6FF71B1F959
:20C80000000070472DE9F04481B00A4664259628C8BF00250DF102011046FFF781F9041EBA
:20C820002AD1BDF802100120A040084221D04DF29806C1F6FF762046355501F0EFF8824661
:20C8400000270120B84010EA0A0F0FD0384601F07FF8002101228A40024204D0325D735C3C
:20C86000934288BF725401310629F3DB01370C2FE7DB0134062CD4DB01B0BDE8F084062864
:20C88000AFBF64204DF29801C1F6FF71085C704770B581B00A2500240DF102012046FFF786
:20C8A0004AF9012825D048F6A401C1F6FF7101EB04163079BDF9022006EB40010130307182
:20C8C000C0B20528CA8009D300203071B01D0521FEF778FD70800121317002E0307801280F
:20C8E00007D1B6F90200A842C8BF05462146FFF789FF0134012CCFDD4DF2A000C1F6FF70FB
:20C90000822D0580CCBF01200020FFF7A8F801B070BD48F6A401C1F6FF7101EB0010B0F9F4
:20C92000020070470628AFBF64204DF2A401C1F6FF71085C70470628AFBF002048F6C40139
:20C94000C1F6FF7151F8200070474DF2A401C1F6FF71087870472DE9F04C89B082469DF866
:20C96000020048F24611C0F2070140F00F028DF802200878022804BF02F0FC018DF802108F
:20C98000002401AA07A90023642042F8243008550134062CF5DB48F6C405C1F6FF7500F02D
:20C9A000ECFA8DF80300FFF70FFF4DF2AD01C1F6FF714DF2AC02C1F6FF7208701178814218
:20C9C0000DD324D90022286BAA8650442863B0F5FA7F1CDB4FF4FA702863481E12E0A88E9B
:20C9E0005044A88680B2B0F5FA7F10D34FF4FA70A886286BA0EB0A002863504507DC00221A
:20CA00002A63481C4DF2AC01C1F6FF71087000249DF8020010F0020F0BD0204600F0BEF9E6
:20CA2000061E08D005F1240B600030F80B0070B10CE06426F6E705F1240B610031F80B0014
:20CA40000028EFD141F2883021F80B0000265146FEF71EFD07A962000F5D22F80B00BE426F
:20CA600005D237460E5501A9022241F824209DF80200C0070ED52046FFF701FF06465CB9B6
:20CA8000372838BF372605F1180B600030F80B0080B10EE06426F6E70028F4D105F1180BAB
:20CAA000610031F80B000028EDD141F2883021F80B0000265146FEF7EBFC6100BE4221F8D9
:20CAC0000B0006D207A8374601A90122065541F824204DF2AC00C1F6FF700178B9420AD241
:20CAE00007A80F4601AA0323015542F82430002C45D0372945D99DF80300B84205D207A9A5
:20CB00000422085501A941F824200134062CFFF67FAF002407A84DF2B006C1F6FF760DF1EF
:20CB2000040C4DF2A407C1F6FF775CF824C0005D395D45F824C03055814227D9081A40B226
:20CB40000A28C8BF01F1F6001FDC0528C8BF01F1FB001ADC4FF0000A85F836A0032003F0F0
:20CB600000FD012810D195F83700013085F83700C0B232280AD985F837A0305D05E0372930
:20CB8000B9D200210155C0E7305D3855395D305D814221D2401A40B20A28C8BF01F10A00F8
:20CBA00019DC0528C8BF481D15DC4FF0000A85F837A0032003F0D5FC01280BD195F836002A
:20CBC000013085F83600C0B2322805D985F836A0305D00E0305D38550134062C9ADB09B058
:20CBE000BDE8F08C2DE9F04F81B081460F4600260121B1401FFA89F0014200F0C8803046B6
:20CC000001F0B0F8A0F1280130468F4203DC01F098F901466AE001F0D4F8A0F1280130469B
:20CC20008F4217DC01F09EF8A0F12804304601F0C8F8A0F12805304601F083F9391B89B295
:20CC4000C0F1640292B24A43291B89B292FBF1F101444BE001F0E5F8A0F128018F42D8BF9E
:20CC6000642143DD304601F00CF9A0F1280130468F4217DC01F0D5F8A0F12804304601F0CD
:20CC800000F9A0F12805304601F08BF9E91B89B2C0F1640292B24A43291B89B292FBF1F1DD
:20CCA000014423E001F01DF9A0F128018F421CDC304601F0E6F8A0F12804304601F011F92F
:20CCC000A0F12805304601F06CF98246304601F098F9E91B89B2AAEB000292B24A43291B1F
:20CCE00089B292FBF1F1014400E000214DF2B804C1F6FF743046A15500F090FE80464FF030
:20CD0000000A012101FA0AF11FFA88F0014239D0504600F01DFE8346BAF1000F11D101F01D
:20CD2000A0F9A25D904222D901F09BF9A055054601F097F985424FF003008CBF01210021B1
:20CD400013E0BAF1040F12D101F091F9A25D90420DD901F08CF9A055054601F088F985421E
:20CD60004FF004008CBF01210021FEF77EFE002101228A4012EA0B0F01D0A25D6254013195
:20CD80000629F5DB0AF1010ABAF10C0FB9DB0136062EFFF62DAF01B0BDE8F08F10B5044614
:20CDA000062802DA01F0FBF908B9642010BD4DF2B800C1F6FF70005D10BD10B581B0012410
:20CDC0006946204600F0D1FB012820D00DF10201204600F0AEFB012819D048F6F801C1F669
:20CDE000FF7101EB8402BDF90010107810B90120107007E0B2F902008842CCBF401A081A34
:20CE0000000604D05180BDF80200FFF7EBFE0134062CD5DD01B010BDFFF7CFBF2DE9F04868
:20CE200082B0064648F61415C1F6FF75287D01302875286850B9281D10220021FEF7F8FA57
:20CE4000B420A8814B20A88001202860684601F0CCFF071E0BD1024640F20003C4F22403D4
:20CE6000DDE900010CF063FF0CF0EFFDA88028692C1D4FF0000B04287CD80FF20801D1E816
:20CE800000F0C04604112E39530020884B2848D3002F6FD1287D062829D30620287502F0A4
:20CEA0006CF824E021885A2902D90220E06061E0412938BFC4F80CB05CD3C1F15A002189A2
:20CEC00042F2107201FB102048F21F52C5F2EB12C11752FB00F0C1EB5010A0704AE021880D
:20CEE000CA2902D90320E06044E05A2940D20120E0603FE03146A088FEF7BAFA2188A080B7
:20CF0000B1F5857F02D30420E06033E0C02904D80220E060A4F804B02CE04FF21861884214
:20CF200026D384F802B025E03146A088FEF7A0FAA0803146E088FEF79BFA2188E080C0291C
:20CF400004D20220E060C4F804B013E0B1F5857F06D2A17821B10320E060A4F806B009E02B
:20CF6000A1884FF21862914238BFB0F5C87FD8D26420A07002B0BDE8F08810B448F61414E0
:20CF8000C1F6FF742068002814BFA079642010BC704748F61811C1F6FF71088870470146A8
:20CFA00048F62C12C1F6FF721068002808BF7047437801228A401A4208BF8069F5D070477F
:20CFC00030B584B00C460546FFF7E9FF08B901200FE00021ADF80C10022202AB8DE82C0098
:20CFE000C16868468847C0B2002804BFBDF80C10218004B030BD10B584B00C4600218DF82A
:20D000000C100290FFF7CBFF08B901200CE0032102AB8DE80A00C16868468847C0B2002844
:20D0200004BF9DF80C10217004B010BD30B50D460446FFF7B4FF08B9012030BD48F63011F1
:20D04000C1F6FF7151F824002860002030BD70B584B00E460446FFF7A2FF08B9012015E042
:20D0600048F63015C1F6FF7555F82410B14208BF00200BD0012202AB8DE85C000169684613
:20D080008847C0B2002808BF45F8246004B070BDF0B583B048F62C16C1F6FF760024356879
:20D0A0000EE0696959B10422287801928DF802000DF10200029001A888470443E4B2AD69C9
:20D0C000002DEED1311D51F82500002800F0B5800DF103012846FFF78EFF002840F0AD80E3
:20D0E000012D62D080F0A9809DF80310707B06F10C0711F0020F0AD00A220121FEF755F91D
:20D10000C1B271730A2928BF012107D209E000220A21FEF74FF9C1B2717311B90020FEF7FA
:20D1200080FC9DF80310387811F0010F0DD00A220121FEF73AF9C1B239700A2903D3012170
:20D140000846FEF76EFC01210AE000220A21FEF731F9C1B2397011B90120FEF762FC00212F
:20D160002C20FEF74BFA9DF80310B87811F0040F0ED00A220121FEF718F9C1B2B9700A293C
:20D1800003D301210220FEF74CFC2D20012152E000221421FEF70EF9C1B2B97011B90220BC
:20D1A000FEF73FFC2D20002145E00120FDF76EFC05EB45018F190228787B07F10C070AD14C
:20D1C0000A220121FEF7F1F8C1B279700A2928BF012107D20AE000220A21FEF7EBF8C1B230
:20D1E000797019B905EB4500FEF71BFC0120FDF74DFC0146012938780FD10A22FEF7D5F8E6
:20D20000C1B239700A2918D305EB450001300121FEF707FC2E2001210DE000220A21FEF7B5
:20D22000C9F8C1B2397041B905EB45000130FEF7F8FB2E200021FEF7E1F90135022DFFF433
:20D2400041AF204603B0F0BD10B448F63814C1F6FF7401280CD019D260780A283FBF22780E
:20D260000A2AA1780A290BD2104308430ED10CE020790A283FBFE2780A2A61790A2901D3B0
:20D28000012002E01043084300D12072207A10BC704730B583B0002448F62C10C1F6FF7091
:20D2A00005680AE000200DF1030102916968019001A888470443E4B2AD69002DF2D120463F
:20D2C00003B030BD10B448F62C14C1F6FF74216811B9206004E011468A69002AFBD1886162
:20D2E00000218161084610BC704748F64111C1F6FF710870704748F64111C1F6FF7108783D
:20D3000070472DE9F04448F64416C1F6FF764FF47A7400252F4602204FF00A0A3060062052
:20D3200012F089FF0544EDB2210401E0A1F580310C0C012CFAD8062D02D90120306002E076
:20D34000BAF1010AEBD105F021FC022808BF074604D005F01BFC012808BF0746306887428D
:20D3600007D00124746021462046FEF77EFB214600E000211320BDE8F044FEF73FB948F603
:20D380004411C1F6FF710878704748F64811C1F6FF71087870470000F0B548F64C14C1F6EB
:20D3A000FF742278062A24BF0120F0BD0E46411E02298FBF002748F20751C0F203010F5C79
:20D3C000002111E004F1040C2C2311FB03C3D3F800C0BC4506D1598A0120B0400843588299
:20D3E0000020F0BD0131C9B29142EBD3032810D801F028FA2278231D2C2112FB0131431E35
:20D40000052B0F609FBF48F2FF43C0F20303C05C4860251D2C2712FB07500121B140418248
:20D42000304601F0A4F9227812FB0751088200200881511C2170F0BD70B548F64C14C1F691
:20D44000FF742378062B24BF012070BD0026421E052A9EBF48F20B52C0F20302165C002268
:20D4600010E04FF02C0C12FB0C55D5F800C0B44506D16A8A0120884010436882002070BD13
:20D480000132D2B2251D9A42EBD32C2213FB0252431E052B16609FBF48F21353C0F203038C
:20D4A0001B5C5360012303FA01F1518200F01DFE23782C2113FB0152108200201081591C50
:20D4C000217070BD42F21071414340F6FF72101AB1FBF0F04FF47A714843704730B50D4650
:20D4E0001446FFF7EFFF44F6D352C1F26202A0FB02202946800900F09CFF4FF6FF718842B9
:20D500000EBF01202080002030BD70B50D461646FFF7D8FF0446284600F018FE0146204664
:20D5200000F0B1FD08B9012070BD32383080002070BD30B400220DE02C2412FB04F41D1D55
:20D540002B59834204D16019408A088000200AE00132D2B248F64C13C1F6FF7393F800C010
:20D560006245E9D3012030BC704710B4002210E02C2412FB043454F8043F834207D1607A13
:20D5800001280ED1B4F90C2000200A800AE00132D2B248F64C13C1F6FF7393F800C06245A7
:20D5A000E6D3012010BC70472DE9F04481B000240094254660E02C2015FB006757F8040F0B
:20D5C0000024C11F022955D8797A012952D0072808BF4FF0010A05D008280CBF4FF0020A55
:20D5E0004FF0030A69467868FDF707FD040041D1387A009A07EB800101303872C0B2052809
:20D600004A6137D307F114000521FDF7F6FE3885012179723C7240F63C7280B2A0F1A40177
:20D62000914206D207F10E025146FFF757FF01280BD1AAF101000121FEF7B3F951462246F1
:20D64000387C00F0E2FDF88104E0AAF101002146FEF7A7F9A246798A012000FA0AF0084208
:20D6600003D05046F989FEF776FD0AF1010ABAF1060FF0DB0135EDB248F64C16C1F6FF7625
:20D680003078854297D3204601B0BDE8F0842DE9F04D83B000252C462E46A8460DF10A01F9
:20D6A0002846FEF748FA002808BF4FF00108AA46AEE02C201AFB00B757F8040F0025411E12
:20D6C000042900F2A180052815D80FF20801D1E800F0C0461204070A0D102C4601260AE070
:20D6E0000124022607E00224032604E00324042601E00424052601A97868FDF77EFC050041
:20D7000040F08280387A019A07EB800101303872C0B205284A6177D307F114000521FDF782
:20D720006CFE81B2398501227A723D72A4292A460ED2B8F1010F19D1BDF90A00002815DD36
:20D74000204601221146FEF7D4F80121B9720DE0B1F50F7F14D8B97A2046012903D10A46E7
:20D76000FEF7C7F802E00121FEF7C3F820462A462946FEF7BEF8FD72B87A012835D13FE062
:20D7800040F6466081420AD220460121FEF7B1F820462A462946FEF7ACF87D8128E040F6CE
:20D7A000DF7081420DD220460121FEF7A2F8FA7ABD722046012A18BF2A462946FEF799F8F1
:20D7C000DAE7B8F1010F0AD1BDF90A00002806DD204601222946FEF78CF80121F9722046C5
:20D7E0002A460121FEF785F8BD72F87A012807D007F10C023146388DFFF787FE012803D1CA
:20D80000B7F910003238B8810AF1010A5FFA8AFA48F64C1BC1F6FF7B9BF800008245FFF49F
:20D8200048AF284603B0BDE8F08D30B505460024284600F0B4FC2C2148F65012C1F6FF7237
:20D8400014FB01214A680132904202D1B1F90C0030BD0134062CEBD3FF2030BD10B5002450
:20D8600000F0CDFC012808D1204601F005F820B103289CBF2146FFF78FFD204600F08FFC78
:20D8800010B12146FFF7D8FD0134062CE8DB10BD70B506460024FEF763F80546304600F008
:20D8A0007EFC052829D80FF20801D1E800F0C04626040A11181FE9071ED415F0020F1CD0A7
:20D8C0001AE015F0040F08BF15F0080F15D013E015F0100F08BF15F0200F0ED00CE015F08D
:20D8E000400F08BF15F0800F07D005E015F4807F08BF15F4007F00D00124204670BD70B5BE
:20D9000006460024FEF762F80546304600F047FC01380ED306D0022807D30AD115F0040F6D
:20D9200006D106E0ED0704D502E015F0020F00D00124204670BD062808D22C2248F65011E8
:20D94000C1F6FF7112FB0010008D70470020704701460E284FF0000088BF70470FF20402A7
:20D96000D2E801F0080E141A20262C32383E444A5B50560048F21201C0F2070108887047C1
:20D9800048F21401C0F207010888704748F21601C0F207010888704748F21801C0F20701D8
:20D9A0000888704748F21A01C0F207010888704748F21C01C0F207010888704748F21E0119
:20D9C000C0F207010888704748F22001C0F207010888704748F22201C0F20701088870478C
:20D9E00048F22401C0F207010888704748F22601C0F207010888704748F22801C0F2070148
:20DA00000888704748F22C01C0F207010888704748F22E01C0F20701088870470146052879
:20DA20002BD80FF20800D0E801F0C046041C0A22101648F23001C0F207010888704748F213
:20DA40003401C0F207010888704748F23801C0F207010888704748F23A01C0F2070108885D
:20DA6000704748F23201C0F207010888704748F23601C0F20701088870470020704748F2FE
:20DA80004601C0F207010888704748F24801C0F207010888704748F24A01C0F207010888EB
:20DAA000704748F24402C0F20702118841FA00F010F00100704705282BD80FF20801D1E805
:20DAC00000F0C046041C0A22101648F24711C0F207010878704748F24911C0F2070108788D
:20DAE000704748F24B11C0F207010878704748F24C11C0F207010878704748F24811C0F21B
:20DB000007010878704748F24A11C0F20701087870470020704748F21001C0F207010888D4
:20DB2000704705282BD80FF20801D1E800F0C046041C0A22101648F25201C0F207010888FC
:20DB4000704748F25601C0F207010888704748F25A01C0F207010888704748F25C01C0F29D
:20DB600007010888704748F25401C0F207010888704748F25801C0F2070108887047002012
:20DB8000704705282BD80FF20801D1E800F0C046041C0A22101648F25E01C0F20701088890
:20DBA000704748F26201C0F207010888704748F26601C0F207010888704748F26801C0F219
:20DBC00007010888704748F26001C0F207010888704748F26401C0F207010888704700209A
:20DBE000704705282BD80FF20801D1E800F0C046041C0A22101648F26A01C0F20701088824
:20DC0000704748F26E01C0F207010888704748F27201C0F207010888704748F27401C0F294
:20DC200007010888704748F26C01C0F207010888704748F27001C0F20701088870474FF6FC
:20DC4000FF70704705282AD80FF20401D1E800F0031B09210F1548F27601C0F20701088859
:20DC6000704748F27A01C0F207010888704748F27E01C0F207010888704748F28001C0F210
:20DC800007010888704748F27801C0F207010888704748F27C01C0F20701088870474FF684
:20DCA000FF70704705282AD80FF20401D1E800F0031B09210F1548F28201C0F207010888ED
:20DCC000704748F28601C0F207010888704748F28A01C0F207010888704748F28C01C0F28C
:20DCE00007010888704748F28401C0F207010888704748F28801C0F20701088870474FF60C
:20DD0000FF70704705282AD80FF20401D1E800F0031B09210F1548F28E01C0F20701088880
:20DD2000704748F29201C0F207010888704748F29601C0F207010888704748F29801C0F207
:20DD400007010888704748F29001C0F207010888704748F29401C0F20701088870474FF693
:20DD6000FF70704705282AD80FF20401D1E800F0031B09210F1548F24F11C0F2070108785F
:20DD8000704748F25111C0F207010878704748F25311C0F207010878704748F25411C0F25F
:20DDA00007010878704748F25011C0F207010878704748F25211C0F20701087870470020EA
:20DDC000704705282BD80FF20801D1E800F0C046041C0A22101648F25511C0F20701087857
:20DDE000704748F25711C0F207010878704748F25911C0F207010878704748F25A11C0F2ED
:20DE000007010878704748F25611C0F207010878704748F25811C0F207010878704700207D
:20DE2000704705282BD80FF20801D1E800F0C046041C0A22101648F25B11C0F207010878F0
:20DE4000704748F25D11C0F207010878704748F25F11C0F207010878704748F26011C0F27A
:20DE600007010878704748F25C11C0F207010878704748F25E11C0F2070108787047002011
:20DE8000704705282BD80FF20801D1E800F0C046041C0A22101648F26111C0F2070108788A
:20DEA000704748F26311C0F207010878704748F26511C0F207010878704748F26611C0F208
:20DEC00007010878704748F26211C0F207010878704748F26411C0F20701087870470020A5
:20DEE000704705282BD80FF20801D1E800F0C046041C0A22101648F26711C0F20701087824
:20DF0000704748F26911C0F207010878704748F26B11C0F207010878704748F26C11C0F295
:20DF200007010878704748F26811C0F207010878704748F26A11C0F2070108787047002038
:20DF4000704705282BD80FF20801D1E800F0C046041C0A22101648F26D11C0F207010878BD
:20DF6000704748F26F11C0F207010878704748F27111C0F207010878704748F27211C0F223
:20DF800007010878704748F26E11C0F207010878704748F27011C0F20701087870470020CC
:20DFA000704705282BD80FF20801D1E800F0C046041C0A22101648F27311C0F20701087857
:20DFC000704748F27511C0F207010878704748F27711C0F207010878704748F27811C0F2B1
:20DFE00007010878704748F27411C0F207010878704748F27611C0F2070108787047002060
:20E00000704705282BD80FF20801D1E800F0C046041C0A22101648F27911C0F207010878F0
:20E02000704748F27B11C0F207010878704748F27D11C0F207010878704748F27E11C0F23E
:20E0400007010878704748F27A11C0F207010878704748F27C11C0F20701087870470020F3
:20E06000704748F28711C0F207010878704748F28811C0F207010878704748F28911C0F2DC
:20E08000070108787047012904D148F28452C0F2070205E0022918D148F60402C0F207027F
:20E0A000002152F8213098420BD802EB81035B68984206D34F2994BF481C01F12900C0B244
:20E0C00070470131C9B2A029EBD300207047012903D0022907D1072000E0062000B500F0AC
:20E0E00035F85DF804EBFF20704706282CD80FF20801D1E800F0C04629050B11171D23004D
:20E1000048F29011C0F207010878704748F29111C0F207010878704748F29211C0F20701CF
:20E120000878704748F29311C0F207010878704748F29411C0F207010878704748F2951129
:20E14000C0F207010878704700207047052824D80FF20401D1E800F02103090F151B48F279
:20E160008A11C0F207010878704748F28B11C0F207010878704748F28C11C0F2070108783B
:20E18000704748F28D11C0F207010878704748F28E11C0F207010878704700207047052831
:20E1A0002BD80FF20801D1E800F0C046041C0A22101648F29611C0F207010878704748F225
:20E1C0009811C0F207010878704748F29A11C0F207010878704748F29B11C0F207010878AF
:20E1E000704748F29711C0F207010878704748F29911C0F20701087870470020704748F2AF
:20E200009C11C0F207010878704703464FF6FF70002A18BF70471A460A2B88BF70470FF217
:20E220000803D3E812F0C04605010C0025003E00570070008900A200BB00D400ED00012903
:20E2400005D148F2A201C0F2070108887047022905D148F2A401C0F20701088870470329FD
:20E2600018BF704748F2A601C0F2070108887047012905D148F2AC01C0F207010888704746
:20E28000022905D148F2AE01C0F2070108887047032918BF704748F2B001C0F207010888A4
:20E2A0007047012905D148F2B601C0F2070108887047022905D148F2B801C0F20701088877
:20E2C0007047032918BF704748F2BA01C0F2070108887047012905D148F2C001C0F2070122
:20E2E00008887047022905D148F2C201C0F2070108887047032918BF704748F2C401C0F26D
:20E30000070108887047012905D148F2CA01C0F2070108887047022905D148F2CC01C0F2EE
:20E32000070108887047032918BF704748F2CE01C0F2070108887047012905D148F2D401BB
:20E34000C0F2070108887047022905D148F2D601C0F2070108887047032918BF704748F2B5
:20E36000D801C0F2070108887047012905D148F2DE01C0F2070108887047022905D148F26E
:20E38000E001C0F2070108887047032918BF704748F2E201C0F2070108887047012905D1C3
:20E3A00048F2E801C0F2070108887047022905D148F2EA01C0F2070108887047032918BF0F
:20E3C000704748F2EC01C0F2070108887047012905D148F2F201C0F2070108887047022905
:20E3E00005D148F2F401C0F2070108887047032918BF704748F2F601C0F20701088870472B
:20E40000012905D148F2FC01C0F2070108887047022905D148F2FE01C0F207010888704789
:20E42000032918BF704748F20011C0F2070108887047024648F29E00C0F2070003889A4296
:20E440004FF6FF7020D348F2A00CC0F2070CBCF800309A4218D8012905D148F2A201C0F22B
:20E46000070108887047022905D148F2A401C0F2070108887047032918BF704748F2A601D1
:20E48000C0F207010888704748F2A80CC0F2070CBCF800309A4220D348F2AA0CC0F2070C60
:20E4A000BCF800309A4218D8012905D148F2AC01C0F2070108887047022905D148F2AE01DA
:20E4C000C0F2070108887047032918BF704748F2B001C0F207010888704748F2B20CC0F2EB
:20E4E000070CBCF800309A4220D348F2B40CC0F2070CBCF800309A4218D8012905D148F2AD
:20E50000B601C0F2070108887047022905D148F2B801C0F2070108887047032918BF704794
:20E5200048F2BA01C0F207010888704748F2BC0CC0F2070CBCF800309A4220D348F2BE0C67
:20E54000C0F2070CBCF800309A4218D8012905D148F2C001C0F2070108887047022905D149
:20E5600048F2C201C0F2070108887047032918BF704748F2C401C0F207010888704748F2A9
:20E58000C60CC0F2070CBCF800309A4220D348F2C80CC0F2070CBCF800309A4218D8012984
:20E5A00005D148F2CA01C0F2070108887047022905D148F2CC01C0F207010888704703294A
:20E5C00018BF704748F2CE01C0F207010888704748F2D00CC0F2070CBCF800309A4220D315
:20E5E00048F2D20CC0F2070CBCF800309A4218D8012905D148F2D401C0F20701088870477E
:20E60000022905D148F2D601C0F2070108887047032918BF704748F2D801C0F207010888D0
:20E62000704748F2DA0CC0F2070CBCF800309A4220D348F2DC0CC0F2070CBCF800309A42E4
:20E6400018D8012905D148F2DE01C0F2070108887047022905D148F2E001C0F2070108884A
:20E660007047032918BF704748F2E201C0F207010888704748F2E40CC0F2070CBCF8003038
:20E680009A4220D348F2E60CC0F2070CBCF800309A4218D8012905D148F2E801C0F207012D
:20E6A00008887047022905D148F2EA01C0F2070108887047032918BF704748F2EC01C0F259
:20E6C00007010888704748F2EE0CC0F2070CBCF800309A4220D348F2F00CC0F2070CBCF890
:20E6E00000309A4218D8012905D148F2F201C0F2070108887047022905D148F2F401C0F20E
:20E70000070108887047032918BF704748F2F601C0F207010888704748F2F80CC0F2070CBB
:20E72000BCF800309A4238BF704748F2FA0CC0F2070CBCF800309A4288BF7047012905D1A8
:20E7400048F2FC01C0F2070108887047022905D148F2FE01C0F2070108887047032918BF43
:20E76000704748F20011C0F207010888704705282BD80FF20801D1E800F0C046041C0A2261
:20E78000101648F2A311C0F207010878704748F2A511C0F207010878704748F2A711C0F2EF
:20E7A00007010878704748F2A811C0F207010878704748F2A411C0F207010878704748F21C
:20E7C000A611C0F207010878704700207047012805D148F27F11C0F20701087870470228D6
:20E7E00003BF48F28011C0F2070108780020704720B948F28111C0F2070103E048F282116C
:20E80000C0F207010878704720B948F29A01C0F2070103E048F29C01C0F2070108887047E4
:20E8200001289DBF48F28410C0F2070000780020704701289DBF48F28610C0F207000078F7
:20E8400000207047013809D30AD002280ED305D148F2AB11C0F20701087870470020704753
:20E8600048F2A911C0F207010878704748F2AA11C0F207010878704705282AD80FF2040198
:20E88000D1E800F0031B09210F1548F29D11C0F207010878704748F29F11C0F20701087866
:20E8A000704748F2A111C0F207010878704748F2A211C0F207010878704748F29E11C0F24B
:20E8C00007010878704748F2A011C0F2070108787047FF20704748F2B911C0F20701087809
:20E8E000704748F2BA11C0F207010878704748F2BB11C0F207010878704748F2BC11C0F2BB
:20E9000007010878704748F20C11C0F207010888704748F2BD11C0F207010878704748F22D
:20E92000BE11C0F207010878704748F2BF11C0F207010878704748F2C011C0F207010878D7
:20E94000704748F2C111C0F207010878704748F2C211C0F207010878704748F2C311C0F245
:20E9600007010878704748F2C411C0F207010878704748F20E11C0F207010888704748F2C4
:20E980003A11C0F207010888704748F2E011C0F207010878704748F2E111C0F207010878A9
:20E9A000704748F23C11C0F207010888704748F2E211C0F207010878704748F2E311C0F21A
:20E9C00007010878704748F2DF11C0F20701087870470146092853D80FF20400D0E801F08C
:20E9E000050B1D112338173E444A48F2C911C0F207010878704748F2CA11C0F20701087847
:20EA0000704748F2CB11C0F207010878704748F2CC11C0F207010878704748F2CD11C0F266
:20EA200007010878704700B504F0B0F8022807D148F2CF11C0F2070108785DF804EB7047F5
:20EA400048F2CE11C0F2070108785DF804EB704748F2D011C0F207010878704748F2D11140
:20EA6000C0F207010878704748F2D211C0F207010878704748F2D311C0F207010878704788
:20EA8000002070470146092854D80FF20800D0E801F0C046060C1E122439183F454B48F283
:20EAA000D411C0F207010878704748F2D511C0F207010878704748F2D611C0F20701087814
:20EAC000704748F2D711C0F207010878704748F2D811C0F207010878704700B504F056F861
:20EAE000022807D148F2DA11C0F2070108785DF804EB704748F2D911C0F2070108785DF807
:20EB000004EB704748F2DB11C0F207010878704748F2DC11C0F207010878704748F2DD11F8
:20EB2000C0F207010878704748F2DE11C0F2070108787047002070470146092845D80FF25D
:20EB40000800D0E801F0C046060C1E12242A1830363C48F21211C0F207010888704748F21C
:20EB60001411C0F207010888704748F21611C0F207010888704748F21811C0F20701088860
:20EB8000704748F21A11C0F207010888704748F21C11C0F207010888704748F21E11C0F2D5
:20EBA00007010888704748F22011C0F207010888704748F22211C0F207010888704748F2F2
:20EBC0002411C0F2070108887047002070470146092844D80FF20400D0E801F0050B1D11A8
:20EBE0002329172F353B48F22611C0F207010888704748F22811C0F207010888704748F2F3
:20EC00002A11C0F207010888704748F22C11C0F207010888704748F22E11C0F2070108887D
:20EC2000704748F23011C0F207010888704748F23211C0F207010888704748F23411C0F2F2
:20EC400007010888704748F23611C0F207010888704748F23811C0F207010888704700203F
:20EC6000704748F20211C0F207010888704748F20411C0F207010888704748F2B111C0F291
:20EC800007010878704748F20611C0F207010888704748F20811C0F207010888704748F255
:20ECA000AC11C0F207010878704748F20A11C0F207010888704748F2AD11C0F2070108781E
:20ECC000704748F2AE11C0F207010878704748F2AF11C0F207010878704748F2B011C0F2FB
:20ECE00007010878704748F2B211C0F207010878704748F2B311C0F207010878704748F2BE
:20ED0000B411C0F207010878704748F2B511C0F207010878704748F2B611C0F20701087811
:20ED2000704748F2B711C0F207010878704748F2B811C0F207010878704748F2E411C0F254
:20ED400007010878704707288FBF002048F21C51C0F2030151F82000704707288FBF0020BD
:20ED600048F23C51C0F2030151F82000704707288FBF002048F25C51C0F2030151F8200053
:20ED8000704707288FBF002048F27C51C0F2030151F82000704710B581B069460B20FCF77F
:20EDA0002CF908B101201EE04DF2C004C1F6FF74009B2178626848F65820C1F6FF70B2F1AC
:20EDC000FF3F40F8213001D1042903D30521FCF714FB6060217801312170C9B2052924BFC7
:20EDE00000202070002001B010BD20B505464DF2C401C1F6FF710868B0F1FF3F01D1012038
:20EE000020BD0AF00CFE00221346C4F214030AF08EFF4CF6CD42CCF6CC424CF6CC43C4F21A
:20EE200016030AF084FF00224FF60063C4F2AF030AF060FEC5E90001002020BD00B582B01F
:20EE400000221146CDE90012FFF7A5FF6846FFF7CCFFD8BBDDE9000100221346C4F23103A9
:20EE6000824273EB010205DA01210220FCF7C0FD01210AE000221346C4F23003994207DA6E
:20EE800011460220FCF7B4FD00213820FCF7B6FBDDE9000140F20003C4F22003994205DAA9
:20EEA00001210320FCF7A4FD01210CE000221346C4F22203824273EB010007DA1146032097
:20EEC000FCF796FD00213920FCF798FB02B000BD704710B5642A88BF642248F21F54C5F202
:20EEE000EB14C2EBC232D31754FB02F20128C3EB521292B208BF17F007F8002010BD10B547
:20EF000000242046FDF72BFA2046FDF738FA48F67022C1F6FF7202EB84012046FDF7FAF90B
:20EF200020460021FDF780F920460021FDF74BF920460021FDF719F90134062CE1D310BDA9
:20EF400030B548F66C25C1F6FF75A98B0144A98389B264290FD30020A883287858B100246B
:20EF60002C70FCF740FE2046FDF7DEFB0134062CF9DB012030BD002030BD012048F66C214F
:20EF8000C1F6FF7108707047FFF7DABF00B548F68C21C1F6FF710868013008600520FDF7A3
:20EFA000FEF90520FCF741F800BD00B548F68C21C1F6FF714868013048600A20FFF7E4FFF9
:20EFC0000A2000F07FF90A2001F05EFD0A20FCF7D0FD0A20FFF732FF0A20FCF726F80A2089
:20EFE000FDF71CFF0A20FDF7FEF900BD00B51420FEF74EF8142001F095F81420FEF7D4FA63
:20F0000000BD322000F0CBBC00B56420FDF740FC6420FEF73CFB6420FDF7FEFE00BD00B56B
:20F0200001F087F901F0DBF900F0B7FC01F078F800F035FEFBF70EFCFEF72BF9FDF7EBF986
:20F04000FCF7D1FDFEF75DF9FEF708FCFCF72CFD01F08FFB00BD00002DE9F04C87B048F294
:20F060009C50C0F20300057801F0EBFC0090FCF777FC0646FCF7AAFC074600242046FDF7F4
:20F0800026F80DEB040205430134062C02F80C0FF4D3FCF71AFD04469DF801A00598BDF8ED
:20F0A000023000994FEA9A0262F301006AF3830063F3051020F0C000C1F3011B40EA8B10AA
:20F0C00005909DF81500C1F3810CC1F3811200F0800040EA0C0040EA820061F3051000F0BE
:20F0E000BF00CAF3801140EA81108DF81500BDF81A004AF21C1AC1F6FF7A990861F3010047
:20F100009AF8001061F3C710ADF81A0048F2461AC0F2070A9AF80000022811D1FDF715FC63
:20F120008DF81600FDF767FB8DF81700FDF731FF8DF818000120FDF7ECFB8DF81900B6E051
:20F14000002840F0B480FCF77BFDBDF81610C6F34002C6F3C00360F3000106F001000243D6
:20F16000C6F38000034307F001001843C6F3401342EA4000C6F3001243EA020CC6F38012F4
:20F18000C6F3C0131A43730A4CEA420240EA820243EA162042EA001060F34501ADF81610DE
:20F1A0001320FCF73EFABDF8161060F38611ADF8161001F00DFABDF8161060F3C711ADF8BE
:20F1C000161001F00DFA9DF8171060F300018DF8171001F00DFA9DF8171060F341018DF887
:20F1E000171001F00DFA9DF8171060F382018DF8171001F015FA9DF8171060F3C3018DF85A
:20F20000171001F005FA9DF8171060F3041101F0DF018DF8171001F00BFA9DF8171060F331
:20F2200086118DF8171001F00BFA9DF8171060F3C71106988DF817106FF30000069000204C
:20F24000FEF702F8069960F3410106912E20FCF7E8F906462F20FCF7E4F90699304305F060
:20F260000102C4F3401360F38201C5F340001043C4F300121343C4F3C00242EA030CA308E2
:20F2800043EA540222434CEA420240EA820060F3C60106913620FCF7C4F9069960F3C711DF
:20F2A000069100F01EFA00F001018DF81910059806990190029101A803C803F077FC07B01E
:20F2C000BDE8F08C00B5FFF7C7FE00F076F800BD00B58EB001460C284FF000003FD80FF2BD
:20F2E0000802D2E801F0C0460810181F273C3C3C363C3C3C2F000CA803F063FCBDF8320023
:20F30000C0F3C0102BE00AA803F05BFC9DF82900C0F3400023E008A803F053FC0898C0F36A
:20F32000C0001CE006A803F04CFC9DF81900C0F3001014E004A803F044FC9DF8150010F03A
:20F3400003000CE002A803F03CFC9DF80D00800905E0684603F035FC0098C0F300100EB0EE
:20F3600000BD00B582B0684603F02BFC9DF80100C0F3401002B000BD00B582B0684603F091
:20F3800020FCBDF80200C0F3800002B000BD00B582B0684603F015FCBDF80200C0F34010A5
:20F3A00002B000BD00B582B0684603F01DFC9DF80100C0F3021002B000BD00B584B003F097
:20F3C000E5FB012807D102A803F00EFC9DF8090010F0800F0BD103F0D9FB022811D168461B
:20F3E00003F002FCBDF8020010F0010F09D001F049F9FCF784FB05F004FEFCF77CFE04F07F
:20F4000036FE04B000BD10B500242046FDF778F80134062CF9D300242146002001F006F8C7
:20F420000134052CF8D30921002000F0FFFFBDE8104000F0CABE06F06FBD000010B548F6D1
:20F44000BC24C1F6FF7401206060FFF750FA2072FFF753FA6072FFF756FA6081FFF759FA6A
:20F460002073FFF75CFA6073FFF75FFAA073FFF762FAE073FFF765FA2074FFF768FA6074BE
:20F48000FFF76BFAA074FFF76EFAE074FFF771FAA082002010BDF0B581B00546684604F018
:20F4A000DFFD009810F0070F40F0978048F6B824C1F6FF74FFF75DFAA18C81423CBF48199E
:20F4C000A084607F20770020FFF702FF0546261D0027012833D13846FCF7F9FD78BB94F873
:20F4E0002C00E0B9FFF75EFF052810D80FF20401D1E800F00D030507090B217C08E0617C9E
:20F5000006E0A17C04E0E17C02E0217D00E0617D207F617708B101202062012127E0E16A22
:20F5200011F00E0F02D06777022120E011F0100F1ED001202062607D0221607717E03846DD
:20F54000FDF7D3FE00F0E5FD39460520FCF769FAFFF70FFAA18C814206D32762A06800F0D1
:20F56000A3FD002808BF6077394684F82C70A162237F627F934225D003B90ABB3146767C54
:20F58000B34228BFB2421DD393428CBF9A1AD21A888ACB7C897C2270D2B25043591A102A37
:20F5A00090FBF1F6B6B206D8FFF7E3F9A18C814288BFFFF7DEF9A18CB14228BF891B00D240
:20F5C0003946A18484F83050216AA06800F07FFDC8210120627FFFF77CFC002001B0F0BDB5
:20F5E00010B500F046FD40F20003C4F2220399422DDB00F03EFD00221346C4F230038242CD
:20F6000073EB010023DB00F0C2F901281FD148F6BC24C1F6FF74208CA18A884217D260682F
:20F6200000F033FD94F82D106289904204D9022938BF013102D306E0013908D384F82D106A
:20F64000C9B2022903D3A06A40F00400A062002010BD30B5002400F00CFD2346C4F22203BB
:20F66000994226DB00F005FD40F20003C4F23003844273EB01001CDB48F6BC25C1F6FF7538
:20F68000686800F037FD05F12801013807D30BD002280FD8086840F0020008600AE00868F4
:20F6A0006FF30100086005E0086840F00100086000E00124204630BD30B548F6BC25C1F67E
:20F6C000FF75686A002450B1686800F013FD002818BF0124A86A10F0040F18BF0124204644
:20F6E00030BD10B548F6D424C1F6FF746068012819D1216911F01C0018BF0120A0752F201A
:20F7000011F0080F04D00121FBF778FF012107E00021FBF773FF206910F0140118BF01214D
:20F720003720FBF76BFFA07D10BD2DE9F04883B04FF0000B00F09DFC5B46C4F22203994281
:20F74000C0F2218100F095FC40F20003C4F23003834573EB0100C0F2168148F6BC26C1F66F
:20F76000FF76706800F0A0FC4DF2C807C1F6FF77012840F00281706800F0BCFC002804BF2E
:20F7800096F8280010F00F0040F0F780009069460720FBF732FC5FEA000B6FD100980AF051
:20F7A0003EF95A4640F20003C4F214030AF0BFFA5A464FF60063C4F2AF030AF09BF90190EE
:20F7C0000291307E0AF02BF90C46054600F051FC4BF65202C8F21E5245F2EB13CBF6D873F0
:20F7E0000AF050FB23462A460AF0A1FA5A4640F20003C4F259030AF07DF904460D465A46C2
:20F8000048F20003C4F24C03019802990AF08FFA5A4640F20003C4F224030AF06BF949F6A0
:20F820009A12C9F6991249F69913C3F6A9730AF029FB0190029102460B46204629460AF048
:20F8400080FC0198029904DB02460B462046294601E022462B460AF013FB4FF0804383451F
:20F8600073EB010096F8344004DA0A2C38BF601C02D303E0601E01D386F83400317E51B133
:20F88000707E002818BF814205D0002086F835000120306302E0306B01281ED1308CB18AD0
:20F8A00088420CD2706800F0F0FB0F2815D996F83500FF283CBF013086F835000DE0397861
:20F8C00096F8350020B9022938BF481C02D302E0481E00D338700020306396F834400A2C83
:20F8E0003CBF3978022907D301210520FCF7BDF8012086F836001EE01CB996F837000128D2
:20F9000004D051B996F83700022806D100210520FCF7ABF80020F0860DE051EA040003D0D2
:20F9200096F83600012806D100210520FCF79DF8002086F836003978022928BF012100D2AA
:20F9400011B90520FCF76DF896F8360001281AD1B06A40F00800B06296F834000A2828BF49
:20F96000012003D23878022828BF022028BF86F83700002086F8360005E0706A18B986F830
:20F98000340001203870584603B0BDE8F08848F6F421C1F6FF7108787047FFF74FBD00B594
:20F9A000FFF779FDFFF71CFEFFF753FEFFF7BDFE00BD10B548F6F824C1F6FF74FFF751F98D
:20F9C0002080FFF754F96080FFF787F92071FFF754F96071FFF757F9E080FFF75AF92081B9
:20F9E000FFF75DF9A072FFF760F9A081FFF763F9642111FB00F0E081FFF769F94FF47A717F
:20FA000011FB00F02082FFF76EF9A074FFF783F96061FFF78CF9A06110BDF0B581B0074638
:20FA200000242546264669463046FCF773FC00990443E4B2012904BF01FA06F00543013671
:20FA4000062EF0DB3D80204601B0F0BDF0B581B006460F4600226FF0310514460120A0409D
:20FA6000304000280DDD2046FEF799FB0DF10201FDF77BFD020008D1BDF902008542B8BFD7
:20FA800005460134062CE9DB3D80104601B0F0BD30B581B048F6F825C1F6FF756846FFF73F
:20FAA000BCFF04462888BDF8001001EA0002002A2ADD4FF6CE72ADF802206A8882EA000301
:20FAC00010400840002803DD9620ADF802000BE001EA0300002807DD0DF10201FFF7B6FF98
:20FAE0000443E4B2012C11D0E869012818BF00280CD1BDF90210A87C8142A8BF012004DAB0
:20FB00006A79801A814201DA0020E861204601B030BD30B5054648F61434C1F6FF74FFF787
:20FB2000B7FF2168012902D10020A0800BE069B9A188B1F5FA6F05D22944A18089B2B1F5BE
:20FB4000FA6F03D30021012000F0C1FA002030BD30B548F6F824C1F6FF74E1690546881EC8
:20FB600002287FD9481E05D30AD0043838D0012826D052E061840020606284F828004CE0BF
:20FB8000012000F082FAA17A22896431514348F21F53C5F2EB1353FB01F10022B0EB611F0B
:20FBA00005DD94F8280040F0010084F82800608CE18888422FD394F8280001282DD13CE0C2
:20FBC000A08CE189884202D22844A08425E00121084600F07CFA0520E0610020A08421E0DB
:20FBE000012000F052FAA17A22896431514348F21F53C5F2EB1353FB01F10022B0EB611FDB
:20FC000005DD94F8280040F0010084F82800608CE18888420DD228446084E169052918BFDC
:20FC200006291FD1E08C218A884215D22844E08418E094F82800012809D1114600F047FAD6
:20FC40000620E0610020608484F82800EAE70120E0616284E28405E00021012000F037FACE
:20FC60000420E061002030BD10B548F61434C1F6FF74012000F03EFA2168012918BF02299F
:20FC800007D108B9012103E0012802D14FF002012160012904BF03282060002010BDFFF78C
:20FCA00088BE10B5044648F6F821C1F6FF714869022818BF10BD2046FFF72BFF2046FFF710
:20FCC00047FFBDE81040FFF7CFBF0020704710B548F62434C1F6FF740D20FDF739FE10F0B1
:20FCE000400013D0012060600020FEF799FD20700020FEF79EFD21786070CA2984BFCA218B
:20FD00002170412838BF412002D302E06060207060700E20FDF71CFE000613D50220A0606E
:20FD20000120FEF77DFDA0700120FEF782FDA178E070CA2984BFCA21A170412838BF412032
:20FD400003D303E00020A060A070E070002010BD10B582B06846FFF748F804000ED1224657
:20FD600040F20003C4F22403DDE9000109F0DFFF48F63032C1F6FF72C2E90001204602B047
:20FD800010BD10B581B048F63034C1F6FF740020ADF80200206910F0020F4FF0000006D05E
:20FDA0000DF10201FDF70CF910B9BDF802002081206910F0080F08D00DF102010120FDF79A
:20FDC000FFF820B9BDF8020000E000206081002001B010BD10B548F63034C1F6FF74FBF79A
:20FDE0002AFEA081FBF727FEE081002010BD10B581B069460020FDF719F948F64034C1F621
:20FE0000FF740099206861F34100206069460120FDF70CF92068009961F3C3002060002098
:20FE200001B010BD2DE9F04F81B048F62436C1F6FF76716882464FF0000B01297AD1F16940
:20FE400011F0010F6DD0B76A002F18BF012F47D17078D6E90345804609F0E1FD0B460246C0
:20FE6000204629460AF06DF901DA022123E03078814609F0D4FD0B460246204629460AF0AB
:20FE800060F901DD032116E0A9F10A0009F0CAFD0B460246204629460AF053F90CDC08F118
:20FEA0000A0009F0BFFD0B460246204629460AF048F901DB01213162316A013910D307D0BA
:20FEC00002290DD859465846FDF7C1F8012704E001215846FDF7BBF85F465FFA80FBB76223
:20FEE000002F18BF022F25D10021B162318E41F28832914204D25FFA8AF00144318619E084
:20FF0000718B11F0070F15D000210846FDF79FF84BEA000B5FFA8BFB042131620321B162E1
:20FF200008E059465846FDF792F88346002131863162B162584601B0BDE8F08F2DE9F04B13
:20FF400081B048F62437C1F6FF77B96881464FF0000B002900F08980FDF7CDF9002808BFAD
:20FF60004FF0010BB96802297FD1F96911F0040F6FD0F96A002918BF012945D1FE78D7E90C
:20FF80000345304609F04BFD0B460246204629460AF0D7F801DA022123E0B878804609F03B
:20FFA0003EFD0B460246204629460AF0CAF801DD032116E0A8F10A0009F034FD0B4602467E
:20FFC000204629460AF0BDF80CDC06F10A0009F029FD0B460246204629460AF0B2F801DBA7
:20FFE00001217962796A012905D000210120FDF72EF8012103E00846FDF729F800214BEA08
:020000024000BC
:20000000000B5FFA8BFBF962002918BF02292CD1398B8906490F18BF0221F962798E41F239
:200020008832914204D25FFA89F0014479861CE0798B11F0380F18D000210120FDF707F8E2
:200040004BEA000B5FFA8BFB042179620321F9620BE000210120FCF7FAFF4BEA000B5FFA50
:200060008BFB002179867962F962584601B0BDE8F08B48F6303CC1F6FF7C00221346C4F228
:200080002403DCE9000109F035BD10B448F63034C1F6FF74012804D028BF002002D2208977
:2000A00000E0608910BC704710B448F63034C1F6FF74012806D028BF002006D22069C0F34A
:2000C000400002E02069C0F3C00010BC704710B448F63034C1F6FF74012805D308D120698C
:2000E00061F38200206103E0206961F30000206110BC704710B448F63034C1F6FF7401282C
:2001000004D028BF002002D2E06900E0206A10BC704748F63031C1F6FF710020C860704735
:20012000FFF7D5BD30B5054648F62434C1F6FF74606818B9A068002808BF30BDFFF708FECE
:20014000FFF71FFEFFF746FEFFF751FE2846FFF769FE2846BDE83040FFF7F0BE10B448F619
:200160005834C1F6FF742078FF2808BF00200130207010BC704748F65931C1F6FF71087870
:20018000FF2808BF002001300870704748F65A31C1F6FF710878FF2808BF002001300870CA
:2001A000704710B548F65C34C1F6FF74207810F0040F08BF10BD00F0FB00207000214FF4AD
:2001C0008270BDE8104010F06BB810B548F65C34C1F6FF74207810F0040F18BF10BD40F0D9
:2001E0000400207001214FF48270BDE8104010F057B810B548F65C34C1F6FF74207810F0BB
:20020000010F18BF10BD40F001002070012140F20B10BDE8104010F043B810B548F65C3477
:20022000C1F6FF74207810F0010F08BF10BD00F0FE002070002140F20B10BDE8104010F077
:200240002FB810B548F65C34C1F6FF74207810F0020F18BF10BD40F00200207001214FF486
:200260008470BDE8104010F01BB810B548F65C34C1F6FF74207810F0020F08BF10BD00F0D8
:20028000FD00207000214FF48470BDE8104010F007B810B548F65C34C1F6FF74207810F070
:2002A000080F18BF10BD40F00800207001214FF48170BDE810400FF0F3BF10B548F65C342C
:2002C000C1F6FF74207810F0080F08BF10BD00F0F700207000214FF48170BDE810400FF0F1
:2002E000DFBF10B548F65C34C1F6FF74207810F0100F18BF10BD40F010002070012140F224
:200300000740BDE810400FF0CBBF10B548F65C34C1F6FF74207810F0100F08BF10BD00F020
:20032000EF002070002140F20740BDE810400FF0B7BF00B5FFF749FFFFF797FFFFF76DFF59
:20034000FFF7BBFFFFF7E1FF00BD012048F65E31C1F6FF71087070477047C003C11748F28A
:200360001F52C5F2EB1252FB00F0C1EB5010C0F5004292B242F21071022015F0C5BD02462E
:20038000C821012015F0C0BD46F6F501002015F0ADBD48F2EF12C0F207021178002908BFA1
:2003A0007047024648F28040C0F21E0090FBF1F189B2042015F0A8BD48F2EF12C0F2070248
:2003C0001178002908BF7047024648F28040C0F21E0090FBF1F189B2032015F095BD00B504
:2003E0000020FFF7BAFF0020FFF7C9FFFFF7CCFF4FF40040FFF7CDFF4FF40040FFF7DCFFF6
:2004000000BD40F2034000210FF04ABF40F2034001210FF045BF40F20F3000210FF040BF57
:2004200040F20F3001210FF03BBF000048F6F832C1F6FF720A2988BF70470FF20803D3E8A8
:2004400001F0C046070C11161B2025382A2F3400116860F3010111607047116860F38711EC
:2004600011607047517860F3010151707047116860F3051111607047116860F383011160F3
:200480007047517860F3830151707047518860F3010151807047517860F30511517070472D
:2004A000517860F3871151707047518860F383015180704748F61842C1F6FF72117860F33C
:2004C00000011170704748F61842C1F6FF72117860F341011170704748F61842C1F6FF720D
:2004E000117860F382011170704748F61842C1F6FF72117860F3C3011170704748F6184235
:20050000C1F6FF72117860F304111170704748F61842C1F6FF72117860F345111170704760
:2005200048F61842C1F6FF72117860F3C7111170704748F61842C1F6FF72117860F38611DC
:200540001170704748F66433C1F6FF7361F35F00D3F8841062F39F0060F38811C3F8841024
:200560007047014648F6F832C1F6FF7209284FF0000088BF70470FF20803D3E801F0C046C1
:20058000060A0E12161A1E282226106810F0030070471068C0F381107047507810F00300FD
:2005A00070471068C0F3011070471068C0F3810070475078C0F381007047508810F00300A0
:2005C00070475078C0F30110704750788009704748F61841C1F6FF71087810F00100704723
:2005E00048F61841C1F6FF710878C0F34000704748F61841C1F6FF710878C0F380007047EB
:2006000048F61841C1F6FF710878C0F3C000704748F61841C1F6FF710878C0F3401070477A
:2006200048F61841C1F6FF710878C0F30010704748F61841C1F6FF710878C0F380107047CA
:2006400048F61841C1F6FF710878C009704748F66431C1F6FF71D1F88400C0F3801070479B
:2006600048F66431C1F6FF71D1F88400C0F3C010704748F66431C1F6FF7191F8850010F0F1
:2006800001007047002048F61841C1F6FF710870704748F6EA31C1F6FF71405C704770B59D
:2006A0000024254648F66436C1F6FF762846FDF74FF9B6F89A100143A6F89A1001350C2DAA
:2006C000F0DB2546B6F89A100120A840084237D048F24611C0F207010878022810D098B90C
:2006E0002846FBF72AFE04464FF6FF7188420BD12846FBF719FE044640F6FF71884203D1C8
:200700002846FBF723FE04462846FCF70BF908B904460BE0642809D200FB04F148F21F50B3
:20072000C5F2EB10A1FB00046409A4B206EB85006421642C20F89C4F3ABF847001808170B7
:200740000135062DBEDB70BD00B5FCF704F9FFF7A6FF00BD800048F60041C1F6FF71405AAD
:20076000704748F60041C1F6FF7101EB80008078704770B5002448F66435C1F6FF75204650
:20078000FEF727F9660070532046FEF77BF92E4430832046FEF7D0F930862046FEF717FAE1
:2007A000A6F8480001340B2CE5DD70BD30B581B048F66035C1F6FF75684603F051FC95F869
:2007C000660005F16404002801BF95F8670000282079002801BF207B00286079002801BF4C
:2007E000E0790028E07A00285AD12078002801BF60780028A079002801BF207A0028607AAE
:20080000002801BFA07A0028009810F00F0F21D1FEF7BDFD012809D1FEF78FFA012805D1D7
:2008200000221146FFF78EFE01203FE0FEF7A4FD01280AD1FEF781FA012806D1002201460A
:200840001046FFF77FFE012030E0FEF78AFD01281FD107E0009810F00F0F21D1FEF781FD07
:20086000012806D1024600210846FFF76BFE01201CE0607801281FBF20780128A079012863
:200880001FBF207A0128607A01281CBFA07A012806D0002211461046FFF754FE002005E0A4
:2008A000002211461046FFF74DFE012028706078012805D0FEF760FD20B9FEF768FD08B953
:2008C00001F004F901B030BD2DE9F04C0546C443A4B2002648F66437C1F6FF7707F16C0BF7
:2008E000710031F80B00A0429CBF284421F80B003046FEF7EDFC07F1600A1AF806108842DE
:2009000006D000217000C21920F80B10A2F8C4103046FEF7DDFC0AF8060001360C2ED9DB83
:200920000B20FEF7D5FC8AF80B000C20FEF7D0FC8AF80C00BDE8F08C2DE9F044002248F6F3
:200940006434C1F6FF7404F16006B15C41B351000B19095BB3F86C308B4221D30B2A03D18F
:20096000F17A84F8911003E01119012381F8863004F1C405570007EB040CBCF830C0795B00
:2009800004F1B803614509D2014489B24FF0640A01FB0AFA79539AFBFCF100E06421995459
:2009A00001320B2ACBDD0022B15C21BB51000F19B7F86C30B7F818C063451CD304F1C4057C
:2009C000B7F84870495BB94211D204F1B803014489B24FF0640C01FB0CFA4FEA420C2CF8A2
:2009E00005109AFBF7F1C1F16401995403E01119002381F8863001320B2AD5DD307B84F8C1
:200A000092000120FCF7A4FF800758BFBDE8F08494F88700012808BF84F88600BDE8F084B8
:200A200010B50446FFF750FFFFF7C0FE2046BDE81040FFF781BF48F61C41C1F6FF71085CF7
:200A4000704748F66431C1F6FF71D1F89400704700B501F073F901F01EFE01F057FD01F07C
:200A60007FFF01F020FB01F042FA01F0C0FC01F068FC01F012FD01F0B4FE01F0E5F901F05A
:200A8000EAFE01F08FF900BD30B50546FCF775FA040008D12046FBF733FD0134062CF9DB06
:200AA000FFF793FB22E02846FFF74EFE48F24611C0F207010878022802D1FAF76CFB15E0EB
:200AC00048F66031C1F6FF710878012808BFFFF768FB02F0BFFC012802D1FAF7C5FA05E019
:200AE0002846FFF79DFF2846FFF7B2FFFBF749FD002030BD48F64041C1F6FF7151F820004D
:200B0000704748F64042C1F6FF7242F82010704748F66031C1F6FF710870704770B50320A8
:200B2000FCF716FFC0B20022002140FA02F313F0010F29D002EB820348F6A04CC1F6FF7CEF
:200B400048F2A054C0F203040E19B67A645C48F2B455C0F2030501EB4303C3EB83030CEB3D
:200B600083031C606C5C0D441E7204EB84046600AC7A2D7D9E805D7204EB84046400DC80F9
:200B800001310A29D6D319E002EB82034FEA114C0CEB430348F6A04CC1F6FF7CC3EB830379
:200BA0000CEB83034FF0000C644683E81010A3F808C001F580310B0C0A2BE5D30132052AC8
:200BC000B2DD002070BD30B500242046FEF7BBF805462046FEF7C1F8002104EB840248F6EF
:200BE000A043C1F6FF7301EB4202C2EB820203EB82026B5C01EB050C13609CF80A3013728C
:200C0000435C01EB000C03EB83035B0093809CF80A3003EB83035B00D3809CF81430013161
:200C20000A295372D9D30134082CCEDB002030BD30B500242046FEF79AF805462046FEF755
:200C4000A0F8002104EB840248F6A043C1F6FF7301EB4202C2EB820203EB82026B5C01EB96
:200C6000050C13609CF80A301372435C01EB000C03EB83035B0093809CF80A3003EB8303E2
:200C80005B00D3809CF8143001310A295372D9D30134082CCEDB002030BD40B4002049F28A
:200CA0006001C1F6FF7148F2A822C0F2070201EB800348F2BC26125CC0F20706365C02EBB6
:200CC00082024FEA420C48F29422C0F20702A3F802C0135C01F1280C01F8203048F2D021F8
:200CE000C0F20701095C0CEB80020CF8206001EB8101490001300A285180D0D3002040BC2E
:200D0000704740B4002048F2A821C0F20701421849F26001C1F6FF7101EB800C48F29423C5
:200D2000C0F20703034448F2BC26C0F207060644927A9B7AB67A01F8203002EB820252002E
:200D4000ACF8022001F1280C48F2D021C0F20701095C0CEB80020CF8206001EB81014900A9
:200D600001300A285180CED3002040BC704700B50020FFF7F2FA0020FBF7C2FB00BD10B5C3
:200D800004460020FFF7E9FAC4EB840148F6A040C1F6FF7000EB8100447A0020FFF7DAFC82
:200DA000224601460020BDE81040FBF7C3BBF0B52DED028BC1EB810148F6A042C1F6FF723D
:200DC00002EB8104E188A2880546881A08F02AFE0F460646607A217A401A08F023FE3B46F7
:200DE000324608F087FE08F0C7FDB0EE408A0020FFF7B3FAA088281A01EE100A207A00EE1C
:200E0000100AB8EEC11AB8EE400A08EE010AFCEEC00A10EE905A607AEDB2854288BF0546D8
:200E20000020FFF797FC2A4601460020FBF782FBBDEC028BF0BDF0B52DED028BC1EB810166
:200E400048F6A042C1F6FF7202EB8105E988AA880446881A08F0E6FD0F460646687A297A47
:200E6000401A08F0DFFD3B46324608F043FE08F083FDB0EE408A0020FFF76FFA687AA988A0
:200E8000611A00EE101A01EE100AB8EEC00AB8EE411A08EE401AFCEEC10A10EE904AE4B2D2
:200EA00084420BD80020FFF755FC01460020220002D0FBF73FFB01E0FBF722FBBDEC028B75
:200EC000F0BD00B50120FBF71BFB00204DF2C901C1F6FF71087000BD10B5C0EB800048F6D4
:200EE000A041C1F6FF7101EB800090F881400120FFF730FC224601460120FBF71BFB4DF2DB
:200F0000C900C1F6FF70047010BD2DE9F04981B08346C1EB810048F6A041C1F6FF7101EBF9
:200F2000800090F8814090F88050B0F87C60B0F87E00801B08F076FD0F468046601B08F052
:200F400071FD3B46424608F0D5FD08F015FDABEB060000EE900A01EE905AF8EEE00AF8EE93
:200F6000611A40EE201ABCEEE11A11EE105AEDB2A54288BF25464DF2C904C1F6FF740120F1
:200F8000FFF7E8FB2A4601460120FBF7D3FA257001B0BDE8F0892DE9F04981B08346C1EB88
:200FA000810048F6A041C1F6FF7101EB800595F88140B5F87C60B5F87E00801B08F032FD35
:200FC000804695F880000F46201A08F02BFD3B46424608F08FFD08F0CFFCABEB060000EEB5
:200FE000900A01EE904AF8EEE00AF8EE611A40EE601ABCEEE11A11EE105AEDB2A5420BD83E
:201000000120FFF7A7FB014601202A0002D0FBF791FA01E0FBF774FA4DF2C900C1F6FF70C7
:20102000057001B0BDE8F0894DF2C901C1F6FF710878704700B5FFF7F0F80220FBF760FA04
:2010400000BD10B50446FFF7D4F8C4EB840148F6A040C1F6FF7000EB810090F8F94002203B
:20106000FFF778FB224601460220BDE81040FBF761BAF0B52DED028BC1EB810148F6A0429A
:20108000C1F6FF7202EB8104B4F8F610B4F8F4200546881A08F0C6FC0F46064694F8F90077
:2010A00094F8F810401A08F0BDFC3B46324608F021FD08F061FCB0EE408AFFF79AF8B4F891
:2010C000F400281A01EE100A94F8F80000EE100AB8EEC11AB8EE400A08EE010AFCEEC00A1F
:2010E00010EE905A94F8F900EDB2854288BF05460220FFF72FFB2A4601460220FBF71AFA6A
:20110000BDEC028BF0BDF0B52DED028BC1EB810148F6A042C1F6FF7202EB8105B5F8F61004
:20112000B5F8F4200446881A08F07CFC0F46064695F8F90095F8F810401A08F073FC3B4694
:20114000324608F0D7FC08F017FCB0EE408AFFF750F895F8F900B5F8F410611A00EE101AD1
:2011600001EE100AB8EEC00AB8EE411A08EE401AFCEEC10A10EE904AE4B284420BD80220B7
:20118000FFF7E8FA01460220220002D0FBF7D2F901E0FBF7B5F9BDEC028BF0BD00B5FFF74E
:2011A00064F80320FBF7ACF900BD10B50446FFF748F8C4EB840148F6A040C1F6FF7000EBB4
:2011C000810090F871410320FFF7C4FA224601460320BDE81040FBF7ADB9F0B52DED028B12
:2011E000C1EB810148F6A042C1F6FF7202EB8104B4F86E11B4F86C210546881A08F012FCB0
:201200000F46064694F8710194F87011401A08F009FC3B46324608F06DFC08F0ADFBB0EE33
:20122000408AFFF70EF8B4F86C01281A01EE100A94F8700100EE100AB8EEC11AB8EE400A0E
:2012400008EE010AFCEEC00A10EE905A94F87101EDB2854288BF05460320FFF77BFA2A46FD
:2012600001460320FBF766F9BDEC028BF0BDF0B52DED028BC1EB810148F6A042C1F6FF720E
:2012800002EB8105B5F86E11B5F86C210446881A08F0C8FB0F46064695F8710195F8701120
:2012A000401A08F0BFFB3B46324608F023FC08F063FBB0EE408AFEF7C4FF95F87101B5F8F0
:2012C0006C11611A00EE101A01EE100AB8EEC00AB8EE411A08EE401AFCEEC10A10EE904AA7
:2012E000E4B284420BD80320FFF734FA01460320220002D0FBF71EF901E0FBF701F9BDEC8B
:20130000028BF0BD0420FBF7FBB810B5C0EB800048F6A041C1F6FF7101EB800090F8E94176
:201320000420FFF717FA224601460420BDE81040FBF700B92DE9F04981B08346C1EB810099
:2013400048F6A041C1F6FF7101EB800090F8E94190F8E851B0F8E461B0F8E601801B08F059
:2013600061FB88460746601B08F05CFB43463A4608F0C0FB08F000FBABEB060000EE900A59
:2013800001EE905AF8EEE00AF8EE611A40EE201ABCEEE11A11EE105AEDB2A54288BF254695
:2013A0000420FFF7D7F92A460146042001B0BDE8F049FBF7BFB82DE9F04981B08346C1EB7B
:2013C000810048F6A041C1F6FF7101EB800595F8E941B5F8E461B5F8E601801B08F022FBE8
:2013E000804695F8E8010F46201A08F01BFB3B46424608F07FFB08F0BFFAABEB060000EE5E
:20140000900A01EE904AF8EEE00AF8EE611A40EE601ABCEEE11A11EE105AEDB2A54210D814
:201420000420FFF797F9014604202A0004D001B0BDE8F049FBF77EB801B0BDE8F049FBF761
:201440005FB801B0BDE8F0890520FBF759B810B5C0EB800048F6A041C1F6FF7101EB8000DC
:2014600090F861420520FFF775F9224601460520BDE81040FBF75EB82DE9F04981B083469E
:20148000C1EB810048F6A041C1F6FF7101EB800090F8614290F86052B0F85C62B0F85E029A
:2014A000801B08F0BFFA88460746601B08F0BAFA43463A4608F01EFB08F05EFAABEB060098
:2014C00000EE900A01EE905AF8EEE00AF8EE611A40EE201ABCEEE11A11EE105AEDB2A5427E
:2014E00088BF25460520FFF735F92A460146052001B0BDE8F049FBF71DB82DE9F04B2DED54
:20150000028B82B006468046C1EB810048F6A041C1F6FF7101EB800494F86152B4F85C725E
:20152000B4F85E02C01B08F07DFA814694F860028B46281A08F076FA5B464A4608F0DAFA28
:2015400008F01AFAA8EB070001EE100A01EE905AB8EEC11AF8EE611A40EE411AFCEEE10AC3
:2015600010EE902AB0EE408AD2B2AA421ED80520FFF7F0F80146B4F85C02301A00EE100A3F
:2015800094F8610201EE100AB8EEC00AB8EE411A08EE401AFCEEC10A10EE902A0520D2B27C
:2015A00012B1FAF7C7FF01E0FAF7AAFF02B0BDEC028BBDE8F08B70B50A4648F65844C1F628
:2015C000FF74010002D16160218102E061680A2909DA48F6A045C1F6FF75C1EB810005EB35
:2015E0008006F08808B9012070BD20893368104420815A1E80B205D30AD0022A0FD31AD051
:20160000002029E0B188884228BFFFF7B0FB17E0B288904224BF0846FFF7B1FB10E0B28816
:20162000904202D3FFF7C3FB0AE0002211460846FAF780FF04E0B288904228BFFFF7FBFB6B
:2016400061682289C1EB810005EB8000C088824203D300202081481C6060002070BD70B540
:201660000A4648F66044C1F6FF74010002D16160218102E061680A2909DA48F61855C1F6B4
:20168000FF75C1EB810005EB8006F08808B9012070BD20893368104420815A1E80B205D3F1
:2016A0000AD0022A15D31AD0002029E0B188884228BFFFF706FC17E0B288904203D3084620
:2016C000FFF70AFC10E0002211460120FAF732FF0AE0B288904228BFFFF717FC04E0B2885E
:2016E000904228BFFFF757FC61682289C1EB810005EB8000C088824203D300202081481CD0
:201700006060002070BD70B50A4648F66844C1F6FF74010002D16160218102E061680A291E
:2017200009DA48F69055C1F6FF75C1EB810005EB8006F08808B9012070BD208933681044B6
:2017400020815A1E80B205D30AD0022A0FD31AD0002029E0B188884228BFFFF76BFC17E02D
:20176000B288904224BF0846FFF76BFC10E0B288904202D3FFF77DFC0AE00022114602200A
:20178000FAF7D8FE04E0B288904228BFFFF7BBFC61682289C1EB810005EB8000C0888242E1
:2017A00003D300202081481C6060002070BD70B50A4648F67044C1F6FF74010002D16160FB
:2017C000218102E061680A2909DA48F60865C1F6FF75C1EB810005EB8006F08808B90120D3
:2017E00070BD20893368104420815A1E80B205D30AD0022A0FD31AD0002029E0B188884203
:2018000028BFFFF7CBFC17E0B288904224BF0846FFF7CBFC10E0B288904202D3FFF7DDFC93
:201820000AE0002211460320FAF784FE04E0B288904228BFFFF71BFD61682289C1EB810029
:2018400005EB8000C088824203D300202081481C6060002070BD70B50A4648F67844C1F6DE
:20186000FF74010002D16160218102E061680A2909DA48F68065C1F6FF75C1EB810005EB92
:201880008006F08808B9012070BD20893368104420815A1E80B205D30AD0022A0FD31AD0AE
:2018A000002029E0B188884228BFFFF72BFD17E0B288904224BF0846FFF727FD10E0B2887F
:2018C000904202D3FFF736FD0AE0002211460420FAF730FE04E0B288904228BFFFF76BFD5D
:2018E00061682289C1EB810005EB8000C088824203D300202081481C6060002070BD70B59E
:201900000A4648F68044C1F6FF74010002D16160218102E061680A2909DA48F6F865C1F601
:20192000FF75C1EB810005EB8006F08808B9012070BD20893368104420815A1E80B205D34E
:201940000AD0022A0FD31AD0002029E0B188884228BFFFF779FD17E0B288904224BF084602
:20196000FFF775FD10E0B288904202D3FFF784FD0AE0002211460520FAF7DCFD04E0B28847
:20198000904228BFFFF7B9FD61682289C1EB810005EB8000C088824203D300202081481CCA
:2019A0006060002070BDF0B50E4648F68844C1F6FF74002510B92081656002E060680A28BD
:2019C00007DA49F26007C1F6FF7707EB8001498811B925810120F0BD17F82010284600F038
:2019E0001AFF60682289324407EB80014988228192B28A4202D32581013060602846F0BD67
:201A000070B50E4648F69044C1F6FF7408B9606002E060680A2807DA49F28805C1F6FF75E0
:201A200005EB8001498809B9012070BD15F82010012000F0F0FE60682289324405EB8001BE
:201A40004988228192B28A4203D30021218101306060002070BD10B56420FEF77EFCFEF77E
:201A6000DCFBFEF702FC00242046FAF749FD0134062CF9DB0020FEF774FD022803D00021FC
:201A80000846FEF7D3FC04210020FEF7CFFC0120FEF767FD022803D001210020FEF7C6FCBF
:201AA00002210020FEF7C2FC05210020FEF7BEFC08210020FEF7BAFC09210120FEF7B6FC55
:201AC00006210020BDE81040FEF7B0BC48F65841C1F6FF710870704770B5054648F65844F2
:201AE000C1F6FF740120FEF7D4FDFEF7B0FDFEF7B7FDFEF7ACFDF0B9FEF7B2FDD8B994F882
:201B0000420080B16420FEF728FCFEF786FBFEF7ACFB00252846FAF7F3FC2846FAF704FECF
:201B20000135062DF6DB002084F842000921FEF77DFC012070BD2078012806D10022114696
:201B40001046FEF7FFFC012070BDFEF780FD012810D194F8420001280CD0012084F84200C3
:201B6000002084F84300FFF776FFFFF72CF8FFF794F813E0FEF774FD012813D194F842004B
:201B800002280FD0022084F84200002084F84300FFF761FFFFF74CF8FFF7B3F80921012001
:201BA000FEF744FC294694F84300FFF704FD0646294694F84300FFF752FD0644294694F8A7
:201BC0004300FFF7A0FD0644294694F84300FFF7EEFD0644294694F84300FFF73CFE0644C4
:201BE000294694F84300FFF78AFE0644294694F84300FFF7D8FE0644294694F84300FFF757
:201C0000FFFE0644F6B2012084F84300FEF71FFD012804BF94F84200012807D0FEF720FD18
:201C2000012804BF94F84200022805D1082E03D309210020FEF7FAFB002070BDF0B504466E
:201C4000FEF705FD10B1FEF70BFD10BB48F69C45C1F6FF75FEF70DFDE8B9287880B16420C5
:201C6000FEF77BFBFEF7D9FAFEF7FFFA00242046FAF746FC2046FAF757FD0134062CF6DBA3
:201C8000002028700320FEF704FD10B90321FEF7CDFB0120F0BDFEF7ECFC012812D1287872
:201CA00003280FD003262E7000276F70FFF7D3FEFEF734FF09213846FEF7B8FB3146012076
:201CC000FEF7B4FB21466878FFF775FC064621466878FFF7C4FC064421466878FFF713FDD2
:201CE000064421466878FFF762FD064421466878FFF7B1FD064421466878FFF700FE0644FA
:201D0000F6B201206870FEF7A2FC012804BF2878012806D0FEF7A4FC012804BF28780228B9
:201D200006D1062E08D309210020FEF77FFB01E0062E01D3002068700020F0BD10B5044647
:201D4000FFF7CAFE2046BDE81040FFF777BFF0B506460C46C5B22846FEF703FD07460B20A9
:201D6000FEF769FE10FB07F048F21F51C5F2EB1151FB00F25209A2EBE072D2B202FB04F0BB
:201D800051FB00F25209A2EBE072D4B22846FEF7E1FC224601463046BDE8F040FAF7CABB95
:201DA000FAF7AEBB30B50B20FBF7D2FD0546002445FA04F010F0010F20D00B20FEF769FCD1
:201DC00001460129204608D148F2ED12C0F207021178FFF7BCFF01200DE0022908D148F2D9
:201DE000EE12C0F207021178FFF7B1FF012002E0FFF7D6FF00200A21FEF718FB0134062C71
:201E0000D6DB30BD70B50546C6B23046FEF7A9FC04460520FEF70FFE10FB04F048F21F5112
:201E2000C5F2EB1151FB00F14909A1EBE071CCB23046FEF78FFC224601462846BDE870409D
:201E4000FAF778BBFAF75CBB30B50520FBF780FD0546002445FA04F010F0010F24D0052012
:201E6000FEF717FC0128204611D1FFF7CBFF2046FAF733F9052188B10220FEF7D7FA01203E
:201E8000FEF74EFB20460221FEF73BFE0CE0FFF7D9FF05210020FEF7C9FA05E00120FEF79A
:201EA000C5FA0020FEF73CFB0134062CD2DB30BDFAF726BB70B50446C6B23046FEF74AFCAC
:201EC00005463046FEF74DFC642110FB01F048F21F52C5F2EB1252FB00F229465209A2EB8D
:201EE000E072D2B22046BDE87040FAF723BB2DE9F044FEF7ACFB012807D0FEF7B1FB0128D2
:201F000003D0FEF7B6FB012804D102210020FEF78DFABEE00220FBF71BFD06460420FBF75F
:201F200017FD002546FA05F010F0010F00F0AD8049F2B004C1F6FF740220FEF7AAFB0746E4
:201F4000FBF7A3FD50FA05F10DD000F019FE50B92846FFF7ADFF012F23D0002020700221BC
:201F6000FEF764FA91E0012F29D16079C8B90220FBF797FD48B1A078A8421FBFE078A84256
:201F80002079A84208BF67710ED0A078A8421FBFE078A8422079A84203D067702846FFF78E
:201FA00089FF6079012827D12846FFF781FF02210846FEF73BFA3846FEF797FA65E00020B7
:201FC000C4F802000320FBF7C3FC07460320FEF760FB47FA05F111F0010F12BF0028607896
:201FE000012804D1002060702846FFF761FF02210020FEF71BFAB0E72846FBF749FC074659
:202000002846FBF77CFC82462846FAF766F8C8B9A078A8421FBFE078A8422079A84211D05C
:2020200002215AEA070006D00846FEF7FFF90120FEF75BFA27E00120FEF7F8F90020FEF793
:2020400054FA20E0207801281DD102210846FEF7EDF90120FEF749FA28460221FEF751FD0A
:202060002846FFF725FFA17809B9A5700BE0A94209D0E07808B9E57005E0A84203D0207990
:20208000002808BF2571012020700135062DFFF649AF0020BDE8F0840B4611461A46FAF782
:2020A00049BAFAF72DBA2DE9F04C81B049F2B604C1F6FF74FEF7CBFA012803D0FEF7D0FA2E
:2020C000012807D10020A4F80100E0700321FEF7ADF910E1FEF7CDFA012804D10020A4F8CC
:2020E0000100E07007E10320FBF732FC83464FF0000A4BFA0AF010F0010F00F0F6806846EF
:2021000001F0AEFF009911F0070F0CD05046FEF721FB024650460E21FFF7BEFF03210120E9
:20212000FEF784F9E1E00220FBF712FC05460220FEF7AFFA07460320FEF7ABFA0646FBF7F7
:20214000AAFC50FA0AF103D000F01AFD002868D045FA0AF010F0010F14D0012F12D10020FA
:20216000A4F80100E0700321012E03D13046FEF75DF95BE0FEF75AF9002020700321FEF73E
:2021800055F9B2E0012E38D1207900284ED10320FBF787FC48B1607850451FBFA0785045BE
:2021A000E078504508BF267143D0607850451FBFA0785045E078504538D05046FEF7D1FA7E
:2021C00005460320FEF737FC0646FCF7DEFB16FB05F1414348F6AD33C6F6DB03CA1753FBDF
:2021E00001F15046C2EB1131CDB2FEF7B3FA294602465046FFF750FF18E00020C4F80100E0
:202200000321FEF713F90220FBF7A2FB05460220FEF73FFA45FA0AF111F0010F18BF002803
:20222000AAD15046FFF73DFF012EA5D1207901280AD15046FFF735FF03210220FEF7F6F830
:202240000120FEF749F950E05046FBF721FB05465046FBF754FB06465046FAF771FA50465C
:20226000F9F73BFF10F0E70F19D1607850451FBFA0785045E078504511D0032156EA050025
:2022800006D00220FEF7D2F80120FEF725F92AE00120FEF7CBF80020FEF71EF923E02078A9
:2022A000012820D103210220FEF7C0F80120FEF713F950460221FEF724FC5046FFF7F1FEA6
:2022C000617811B984F801A00DE051450BD0A07810B984F802A006E0504504D0E078002812
:2022E00008BF84F803A0012020700AF1010ABAF1060FFFF6FEAE002001B0BDE8F08C70B5C9
:202300000546C6B23046FEF72CFA04460620FEF792FB10FB04F048F21F51C5F2EB1151FBCF
:2023200000F14909A1EBE071CCB23046FEF712FA224601462846BDE87040FAF7FBB8FAF781
:20234000DFB830B50620FBF703FB0546002445FA04F010F0010F24D00620FEF79AF901286E
:20236000204611D1FFF7CBFF2046F9F7B6FE062188B10220FEF75AF80120FEF7C8F8204646
:202380000221FEF7BEFB0CE0FFF7D9FF06210020FEF74CF805E00120FEF748F80020FEF7E2
:2023A000B6F80134062CD2DB30BD70B50546C6B23046FEF7D6F904460820FEF73CFB10FBA3
:2023C00004F048F21F51C5F2EB1151FB00F14909A1EBE071CCB23046FEF7BCF922460146F3
:2023E0002846BDE87040FAF7A5B8FAF789B830B50820FBF7ADFA0546002445FA04F010F052
:20240000010F24D00820FEF744F90128204611D1FFF7CBFF2046F9F760FE082188B10220F5
:20242000FEF704F80120FEF784F820460221FEF768FB0CE0FFF7D9FF08210020FDF7F6FF4C
:2024400005E00120FDF7F2FF0020FEF772F80134062CD2DB30BD70B50546C6B23046FEF7BE
:2024600080F904460920FEF7E6FA10FB04F048F21F51C5F2EB1151FB00F14909A1EBE071D3
:20248000CCB23046FEF766F9224601462846BDE87040FAF74FB8FAF733B830B50920FBF7AE
:2024A00057FA0546002445FA04F010F0010F0AD00920FEF7EEF80128204602D1FFF7CBFF19
:2024C00001E0FFF7E8FF0134062CECDB30BD70B50546C6B23046FEF744F9642110FB01F012
:2024E00048F21F51C5F2EB1151FB00F14909A1EBE071CCB23046FEF72DF9224601462846E7
:20250000BDE87040FAF716B8F9F7FABF70B581B0FEF79DF8012803D0FEF7A2F8012804D195
:2025200000210846FDF782FF90E00020FBF710FA10F0010F00F08A8049F2BB04C1F6FF74FD
:20254000684601F08DFD0099342011F0070F0FD00125A5702946F9F751F82846FEF7D8FA57
:202560000020FFF7B4FF00210220FDF75FFF6DE00021F9F743F8009810F0070F07D1A078C6
:20258000012804D10021A1700846FDF74FFF0020FEF77FF8012828D1207840B9FEF7AAFAA3
:2025A000002808BFFAF7C0F80020FFF790FF0020FBF76EF905460020FBF7A1F90646002002
:2025C000F9F78BFD68BB2078F0BBFDF77EFB0021B0B10220FDF72AFF0120FDF76BFF01204F
:2025E00020700020FFF790FF2EE0002525702846FFF78AFF657029462846FDF717FF25E030
:2026000056EA050006D00220FDF710FF0120FDF751FF19E00120FDF709FF0020FDF74AFFA2
:2026200012E0607801280FD100210220FDF7FEFE0120FDF73FFF02210020FEF762FA01208C
:2026400020700020FFF760FF01206070002001B070BD70B50546C6B23046FEF782F804466F
:202660000120FEF7E8F910FB04F048F21F51C5F2EB1151FB00F14909A1EBE071CCB23046A7
:20268000FEF768F8224601462846BDE87040F9F751BFF9F735BFF0B5FDF7D9FF012803D022
:2026A000FDF7DEFF012819D101460020FDF7BEFE0120FBF74DF90646002446FA04F010F022
:2026C000010F07D02046FEF715FA012804BF2046FFF7DFFF0134062CEFDBF0BD0120FBF792
:2026E00037F90646002446FA04F010F0010F52D049F2BE05C1F6FF750120FDF7CAFF0128A4
:2027000023D1287848B92046FEF7F4F910B92046FAF70AF82046FFF79CFF2046F9F7DDFC94
:2027200028BB2878A8BB2046FBF7B2F807462046FBF7E5F8012150EA070211D00220FDF7D3
:2027400075FE0120FDF7BFFE23E000272F702046FFF79FFF6F7001213846FDF767FE1AE09F
:202760000846FDF763FE0020FDF7ADFE11E0697801290ED10220FDF759FE0120FDF7A3FEF9
:2027800020460221FEF7BDF92046FFF782FF01212970012068700134062CA4DBF0BD70B5BC
:2027A0000546C6B23046FDF7DCFF04460720FEF742F910FB04F048F21F51C5F2EB1151FBC8
:2027C00000F14909A1EBE071CCB23046FDF7C2FF224601462846BDE87040F9F7ABBEF9F775
:2027E0008FBE30B50720FBF7B3F80546002445FA04F010F0010F0AD00720FDF74AFF0128CA
:20280000204602D1FFF7CBFF01E0FFF7E8FF0134062CECDB30BD642988BF6421C903C1F50B
:202820004811CA1748F21F53C5F2EB1353FB01F1C2EB511189B210B90846FDF7AABD0128D8
:2028400018BF70470846FDF7B7BD6421FFF7E3BF0021FFF7E0BFF0B548F2F111C0F20701C6
:20286000087800242546002802D000F08FF9022804BF0120F0BDFDF7FCFE012805D12046C9
:20288000FFF7E6FF0120FFF7E3FFFDF7E0FE01283FD0FDF7E5FE01283BD0FDF7EAFE01284A
:2028A00037D048F24000C0F207000226078847FA06F010F0010F05D03046FDF7EAFE012890
:2028C00008BF012401360B2EF1DD48F24200C0F207000226078847FA06F010F0010F05D0C6
:2028E0003046FDF7D6FE012808BF012501360B2EF1DD0020012C02D1FFF7A7FF01E0FFF7B3
:20290000A7FF0120012D02D1FFF79FFF01E0FFF79FFF0020F0BD70B50546C6B23046FDF7C7
:2029200020FF04460420FEF786F810FB04F048F21F51C5F2EB1151FB00F14909A1EBE071CF
:20294000CCB23046FDF706FF224601462846F9F7F1FD002070BD00B5F9F7D2FD002000BDF1
:202960002DE9F04D82B0FDF772FE012806D0FDF777FE012802D0FDF77CFE012808BF00208D
:2029800000F0F7800420FAF7E3FF80464FF0000B1FFA88F141FA0BF010F0010F00F0DF80A2
:2029A0004DF2CC07C1F6FF770420FCF791FC04460C20FCF78DFC0646FAF7E7FC40B900F039
:2029C000E5F8022804D1C4F34004C6F3400609E0FAF7DBFC58B900F0D9F8012807D1044059
:2029E00016F00106002C0CBF012100210BE0032C08BF032E02D101242646F3E7E11E18BF6A
:202A000001210024264649F2C005C1F6FF756846396001F025FB0099352011F0380F1AD061
:202A20000121F8F7EBFD5846FFF795FF0121A9700421012C07D10220FDF7F8FC5846022145
:202A4000FEF75FF88BE00020FDF7F0FC58460021FEF757F883E00021F8F7D0FD012C23D15B
:202A6000012E10D15846FEF745F810B95846F9F75BFE287878B95846FFF74DFF2146584610
:202A8000FEF73FF824E07EB9287820B95846FFF762FF2146F3E704210220FDF7C7FC2046BC
:202AA000FDF72CFD0221EAE74FF0000AA5F800A05846FFF750FF04215046FDF7B7FC58469C
:202AC000FEF718F810B95846F9F72EFE012C46D1009800F03800382808D0A878012805D113
:202AE0000020A87004212046FDF7A0FC5846F9F7F4FAB0B1687801306870C0B20A2810D336
:202B00000A2068705846FFF726FF2C7004210220FDF78CFC2046FDF7F1FC58460221FDF79F
:202B2000F0FF2878D8B95846FAF7B2FE04465846FAF7E5FE204307D004210220FDF776FC93
:202B40000120FDF7DBFC0AE0FDF7D8FC0421300002D1FDF76BFC02E00120FDF767FC0BF1FE
:202B6000010BBBF1060FFFF613AFFAF70EFC18B102200421FDF75AFC002002B0BDE8F08D88
:202B80004DF2CC01C1F6FF71086870474EF60C01C0F2070108787047022814BFC120422059
:202BA0004DF2DC01C1F6FF710871704703B44AF20412C1F6FF72009801991060516002B06C
:202BC00070474AF20C11C1F6FF710A7802704A7842708A788270CA78C2700A7902714A7935
:202BE00042718979817170474AF21411C1F6FF710A7802704A7842708A788270CA78C2701F
:202C00000A7902714A79427189798171704700B548F65C21C0F2030141F20000C4F2060088
:202C2000082207F0F4FA0A2001F037FB00BD00B548F66421C0F2030141F20000C4F206005E
:202C4000082207F0E4FA0A2001F027FB00BD002248F66C23C0F203039B5C83540132032AA6
:202C6000F6D30320088000207047F0B505460E460024FFF78BFF022808BF0124FAF74BFFD0
:202C8000032808BF002C09D0FAF745FF032808BF012C03D0002C14BF0324022449F2A05798
:202CA000C1F6FF773946032004F06CFBF12028708C2169700021CB191B7C4A19013104295D
:202CC0009370F8D3A871A021E971002148F67023C0F203034A195B5C013108291372F5D37E
:202CE0002874AA21697400217B5C4A19013108299374F9D3A876AB21E9760021CB191B7A1C
:202D00004A19013108291377F8D385F82400AE2085F82500002004EB041148F67823C0F2D8
:202D200003034218411901309A5C112881F82620F1D3FFF72BFF022804BF41202873372096
:202D400030800020F0BD70B504460E4649F2A055C1F6FF752946032004F014FB0020002102
:202D6000215401302C28FAD3F1202070202161706072A074E07684F82C002A21A1722B214B
:202D8000E1742E2121778C2084F82D0000204219127C01190130042881F82E20F7D332203F
:202DA0003080002070BD0022002383540132072AFAD30720088018467047002200238354E9
:202DC0000132072AFAD307200880184670470022002383540132072AFAD3072008801846A4
:202DE00070470022002383540132072AFAD307200880184670470022002383540132072A8B
:202E0000FAD3072008801846704700220023835401320F2AFAD30F2008801846704730B51B
:202E200004460D4601F0DFF9207001202880002030BD002248F6BC23C0F203039B5C835401
:202E40000132062AF6D30620088000207047F0B506460F46002449F2A055C1F6FF7529468D
:202E6000032004F08FFA21464A19127C725401310429F9D3002806BF042038800124204615
:202E8000F0BD30B504460D46002048F67021C0F20301095C215401300828F6D3FFF776FEF0
:202EA000022804BF4120207108202880002030BD30B504460D46002048F6C421C0F20301DB
:202EC000095C215401300828F6D3FFF75FFE022803D19920E07032202071082028800020C1
:202EE00030BD002248F6CC23C0F203039B5C83540132082AF6D30820088000207047F0B5B6
:202F000006460F46002449F2A055C1F6FF752946032004F037FA21466A5C72540131082984
:202F2000FAD3002806BF0820388001242046F0BDF0B506460F46002449F2A055C1F6FF75FA
:202F40002946032004F01EFA21464A19127A725401310829F9D3002806BF08203880012496
:202F60002046F0BDF0B504460D460026FFF70EFE022808BF0126FAF7CEFD032808BF002EE0
:202F800004D0FAF7C8FD032808BF012E08BF314603D0002E14BF03210221002001EB01120E
:202FA00048F67823C0F2030302449A5C225401301128F3D3AEB948F20000C0F20700D0E98B
:202FC0000023370E1046FA00C2F13802194607F036FA391906F180764872310E0829EAD3A0
:202FE00012E0002648F20800C0F20700D0E900231046F200C2F13802194607F020FA3119F3
:203000000136082E4872EDD3112028800020F0BD30B581B005460C4600F01CFA012814D15C
:203020000C20208000240DF102012046F7F7E5FFBDF80220110A05F8141005EB44010134EA
:20304000062C4A70EFD3002000E0012001B030BD10B50C4601460020F8F773FA0B2020805E
:20306000002010BD10B50C4601460120F8F769FA0B202080002010BD10B50C46014602205A
:20308000F8F75FFA0B202080002010BD10B50C4601460320F8F755FA0B202080002010BDB9
:2030A00010B50C4601460420F8F74BFA0B202080002010BD10B50C4601460520F8F741FAF5
:2030C0000B202080002010BD10B50C4618224FF4FD2107F09CF818202080002010BD10B571
:2030E0000C46F8F764FA01202080002010BD10B50C46F8F76CFA01202080002010BD10B5A4
:203100000C46F8F76BFA02202080002010BD00220023835401322D2AFAD32D2008801846B4
:2031200070470022002383540132362AFAD3362008801846704710B50C46F8F758FA0120F0
:203140002080002010BD10B50C460022002181540132102AFAD3F8F76DFA10202080002033
:2031600010BD012202700922427082700320088000207047002070470020704730B50546BE
:20318000002400F067F9012810D12246A85C49F2A051C1F6FF7188540132082AF6D30320C5
:2031A00004F074F910B901F0B0FD00E00124204630BD70B581B005460C46164601200090EF
:2031C0006946032004F048F80099002908BF00280AD16E20207068786070A878A07003203C
:2031E000306001F069F804E002291CBF722001F070F8002001B070BD30B50546002400F0D6
:2032000029F9012811D1204649F2A051C1F6FF712B5C4218013008281372F5D3032004F022
:2032200035F910B901F071FD00E00124204630BD70B581B005460C46164601200090694631
:20324000032004F009F80099002908BF00280AD16E20207068786070A878A0700320306019
:2032600001F02AF804E002291CBF722001F031F8002001B070BD30B50546002400F0EAF881
:20328000012811D1204649F2A051C1F6FF712B5C4218013004281374F5D3032004F0F6F8D8
:2032A00010B901F032FD00E00124204630BD70B581B005460C4616460120009069460320FB
:2032C00003F0CAFF0099002908BF00280AD16E20207068786070A878A0700320306000F005
:2032E000EBFF04E002291CBF722000F0F2FF002001B070BD06220A828A68712313708368E1
:203300008A685B78537083688A689B78937080688A68C078D0708868102202718868012139
:20332000417100F0C9BF10B50C4681684A7805212182A16871230B708368A1685B784B703E
:203340008368A1689B788B708068A168C078C870501E08D313D0022818D304D100F07AF892
:20336000A168087110BD03202082A0687F210170A06831214170A0681221817010BD0120FB
:2033800000F06EF8A0680121017110BD002000F067F8A0680021017110BD49F2C301C1F6E1
:2033A000FF710870704749F2C301C1F6FF710878704770B50E4681684C780D79052131828C
:2033C000B16871220A708268B16852784A708268B16892788A708068B168C078C870B068B0
:2033E0000121017100F036F8012822D1601E02D001280DD070BD012D03D1BDE87040F7F737
:203400002EBE022D11D10120BDE87040FFF7C5BF012D03D1BDE87040F7F71CBE022D04D19C
:203420000020BDE87040FFF7B8BFB0680021017170BD03203082B0687F210170B06831216A
:203440004170B0681221817070BD0021084600F015BF000049F2C401C1F6FF7108787047C1
:2034600049F2C401C1F6FF710870704710B586B004466846062106F0A8FF684618224FF414
:20348000FD2106F0C4FE052C37D80FF20800D0E804F0C046040C141C242C9DF800009DF8A1
:2034A0000110090941EA001029E09DF801009DF80210000741EA105021E09DF803009DF8A8
:2034C0000410090941EA001019E09DF804009DF80510000741EA105011E09DF806009DF89C
:2034E0000710090941EA001009E09DF807009DF80810000741EA105001E04FF6FF7006B059
:2035000010BD00B50020F8F7B9FB10B10020F8F7B5FBF9F71FF9FCF758FE012049F2C50173
:20352000C1F6FF71087000BD49F2C501C1F6FF7108787047002049F2A051C1F6FF71085401
:20354000401C6428F7D349F2C600C1F6FF700278AA2A18BF704700220270032003F096BFB7
:2035600010B581B004F0C8F901200090002472B604F5803404F00CFA02F06CFE0EF060F84A
:203580006946002003F068FE210CB1F5FA7F02D000980228ECD0240C62B6B4F5FA7F0CBF32
:2035A0000120002001B010BD10B549F2C804C1F6FF74010006D104230122B020F6F707F878
:2035C00000203DE0606000F090FA00F0D1FA00F018FB00F068FB00F05DFB00F06DFB04F1CE
:2035E000540006F0F1F8002818BF10BD04F1440006F0EAF8002818BF10BD04F1640006F0A0
:20360000E3F8002818BF10BD04F1200104F1180005F09EFF002818BF10BD04F12C0104F16B
:20362000100005F095FF002818BF10BD04F1380104F1080005F08CFF002818BF10BD01208D
:20364000207010BD10B549F2C804C1F6FF742078012805D1002020700120E075E07710BD36
:20366000012302220021B020BDE81040F5F7AFBF2DE9F04F81B08A4649F2C804C1F6FF743B
:20368000217831B901230422B020F5F7A0FFFF26A9E0834660681D46036817461A68D2F84C
:2036A0000CE0BEF81E00DEF814E0002604F15401C008A5EB000CBEF1000F05D194F886E026
:2036C000B04684F855E001E04FF0010807B92DB9BAF1000F18BFBBF1000F07D104231A46C9
:2036E0003146B020F5F773FFFF267CE06FB1B2F800E000EBDE00854207D2032304223146CE
:20370000B020F5F764FFFF266DE0986858B10078012808D1022029001CBF1188A5EBD10174
:20372000CAF8001016E055EA070004D184F8575004F18C0208E058684088BCEBD00F15D124
:20374000012084F857003A4604F1780005F0DCFF012825D017B361680B681A68D16812883F
:20376000C98BC91001EBE203324606E0FF263AE017F802C00BF802C001328A42F8D33246D6
:2037800008E002EB030C17F80CE002EB010C01320BF80CE0A5EB030C6245F2D3022822D007
:2037A0004246E16D06F01DF884F8740004F1180204F1200105F072FEA0B9E07F060194F863
:2037C0007400F6B210F00F00064315B9CAF8005009E06068006800680088A5EBD000CAF86A
:2037E000000000E07726304601B0BDE8F08F2DE9F04F81B08A4649F2C804C1F6FF742178E1
:2038000031B901230422B020F5F7E1FEFF26A9E0834660681D4603681746DA68D2F80CE077
:20382000BEF81E00DEF814E0002604F14401C008A5EB000CBEF1000F05D194F89EE0B04692
:2038400084F845E001E04FF0010807B92DB9BAF1000F18BFBBF1000F07D104231A463146D6
:20386000B020F5F7B4FEFF267CE06FB1B2F800E000EBDE00854207D2032304223146B020B3
:20388000F5F7A5FEFF266DE0586958B10078012808D1022029001CBF1188A5EBD101CAF800
:2038A000001016E055EA070004D184F8475004F1A40208E018694088BCEBD00F15D101207B
:2038C00084F847003A4604F1900005F01DFF012825D017B361680B68DA68D1681288C98B82
:2038E000C91001EBE203324606E0FF263AE017F802C00BF802C001328A42F8D3324608E0C1
:2039000002EB030C17F80CE002EB010C01320BF80CE0A5EB030C6245F2D3022822D04246E5
:20392000E16C05F05EFF84F8740004F1100204F12C0105F0B3FDA0B9E07D060194F874006D
:20394000F6B210F00F00064315B9CAF8005009E060680068C0680088A5EBD000CAF800009C
:2039600000E07726304601B0BDE8F08F2DE9F04F81B08A4649F2C804C1F6FF74217831B975
:2039800001230422B020F5F722FEFF26A9E0834660681D46036817469A69D2F80CE0BEF828
:2039A0001E00DEF814E0002604F16401C008A5EB000CBEF1000F05D194F8B6E0B04684F813
:2039C00065E001E04FF0010807B92DB9BAF1000F18BFBBF1000F07D104231A463146B020E1
:2039E000F5F7F5FDFF267CE06FB1B2F800E000EBDE00854207D2032304223146B020F5F7D6
:203A0000E6FDFF266DE0186A58B10078012808D1022029001CBF1188A5EBD101CAF8001059
:203A200016E055EA070004D184F8675004F1BC0208E0D8694088BCEBD00F15D1012084F895
:203A400067003A4604F1A80005F05EFE012825D017B361680B689A69D1681288C98BC9106A
:203A600001EBE203324606E0FF263AE017F802C00BF802C001328A42F8D3324608E002EB2B
:203A8000030C17F80CE002EB010C01320BF80CE0A5EB030C6245F2D3022822D04246E16E02
:203AA00005F09FFE84F8740004F1080204F1380105F0F4FCA0B9E07B060194F87400F6B20F
:203AC00010F00F00064315B9CAF8005009E06068006880690088A5EBD000CAF8000000E022
:203AE0007726304601B0BDE8F08F10B449F2CC04C1F6FF742068006890E80A101888C96892
:203B0000A4F878005B88C88B1844A4F880000888A4F874004888A4F876000889A4F87A00BA
:203B200048686246002808BFE067012808BFE067032804BF0223E367022804BF0323E36706
:203B4000042808BFE0673AB9887B84F88300087F84F88400887A06E0D07A84F88300D07B33
:203B600084F884001079013884F8820010BC704710B449F2CC04C1F6FF74206800680C30DD
:203B800090E80A101888C968A4F890005B88C88B1844A4F898000888A4F88C004888A4F8AC
:203BA0008E000889A4F8920048686246002808BFC4F89400012808BFC4F89400032804BFF3
:203BC0000223C4F89430022804BF0323C4F89430042808BFC4F894003AB9887B84F89B005D
:203BE000087F84F89C00887A06E0D07A84F89B00D07B84F89C001079013884F89A0010BCD6
:203C0000704710B449F2CC04C1F6FF7420680068183090E80A101888C968A4F8A8005B8832
:203C2000C88B1844A4F8B0000888A4F8A4004888A4F8A6000889A4F8AA0048686246002850
:203C400008BFC4F8AC00012808BFC4F8AC00032804BF0223C4F8AC30022804BF0323C4F863
:203C6000AC30042808BFC4F8AC003AB9887B84F8B300087F84F8B400887A06E0D07A84F883
:203C8000B300D07B84F8B4001079013884F8B20010BC704749F2E001C1F6FF7101F1080244
:203CA000002000F012B849F2D801C1F6FF7101F11C02012000F009B849F2D001C1F6FF71DA
:203CC00001F13002022000F000B810B449F2CC04C1F6FF742368EBB3C0EB800C186850F8D5
:203CE0002C3000EB8C0004F1B90CC1F800C04FF0010C806881F807C0C0B9D86890F82010D9
:203D0000D17190F82110117090F82210117290F823105172C17B5170C17A9170417CD17035
:203D2000017C5171417B1171007B12E0017CD171417C1170817C1172C17C5172017B5170DF
:203D4000017A9170817BD170417B5171817A1171407A907110BC704749F29411C1F6FF716A
:203D60000878704749F29411C1F6FF710870704710B5044600F007F82046BDE8104000F08D
:203D80009DB800F036B930B583B0014648F68030C0F2030003788DF8013043788DF802304A
:203DA000807848F68333C0F203038DF8030093F800C08DF809C093F801C08DF80AC09B7890
:203DC0008DF80B30B1F80330897849F28814C1F6FF740DF101020DF10900C9098DF80310D3
:203DE0008DF80130C3F303238DF8023001A90323FFF73EFC0546002002F074F82068002108
:203E00006FF3000020600846F7F758FE15F00F0F1BD1607910B10138607108E06073206838
:203E200000216FF3410020600120F7F747FE207910B10138207108E0A073206800216FF3C0
:203E4000820020600220F7F739FE05F00F00012818BF02281DD1607B18280AD9022060710C
:203E60002068012140F0020020600846F7F726FE01E001306073207910B10138207108E095
:203E8000A073206800216FF3820020600220F7F715FE05F00F0003280ED1A07B182809D994
:203EA00002202168207141F0040121600121F7F705FE01E00130A07303B030BD30B583B01F
:203EC000034648F68631C0F2030108788DF8010048788DF80200887848F68931C0F20301F3
:203EE0008DF8030091F800C08DF809C091F801C08DF80AC089788DF80B10B3F8051049F26E
:203F00008814C1F6FF740DF101020DF109000B0A8DF80130C1F383038DF80230C1F38111D1
:203F20008DF8031001A90323FFF761FC2168054601206FF3C301216001F0D4FF0021032022
:203F4000F7F7BCFD15F00F0F1BD1E179481E01D3E07108E0E17321686FF3041121600021E8
:203F60000420F7F7ABFDA179481E01D3A07108E0217421686FF34511216000210520F7F7AF
:203F80009DFD05F00F01012918BF02291CD1E17B0B2909D901212268E171042042F0100291
:203FA0002260F7F78BFD01E0481CE073A179481E01D3A07108E0217421686FF345112160CD
:203FC00000210520F7F77AFD05F00F0003280ED1217C0B2909D901212268A171052042F060
:203FE00020022260F7F76AFD01E0481C207403B030BD30B581B049F28814C1F6FF742168AF
:204000006FF38611216041780578012301F00F028DF80220C1F302118DF803100DF10200C4
:204020000022022105F009FA85424FF008000CD10021F7F743FD207A013801D320720DE0E3
:2040400020686FF30820206008E00121F7F736FD206840F4807020600220207201B030BD25
:2040600049F28812C1F6FF72116801607047002049F28811C1F6FF710860704710B549F278
:204080006864C1F6FF74012000F0A7F8012000F0C7F800F0B3FA04F5E670A06004F13C008D
:2040A000E06100F075F800F090F800F0CFFABDE81040FFF7CAB949F26861C1F6FF714869E7
:2040C000704700B500F0B4FA00F0EFF900BD10B449F26864C1F6FF74D4F800C00346002057
:2040E000BCF1000F11D1CC2B18BFFF2B0DD1B1F5006F08D84FF0010C44F808CB04F8043CC0
:204100002181146002E0032000E0012010BC704710B549F26864C1F6FF742268012A18BF7E
:2041200010BD31B92179884203D1BDE8104000F05DB900F04AF8BDE8104000F029B810B5D8
:2041400049F26864C1F6FF74636902460020022B04BF237E9A4205D104F11C020A60012118
:20416000616110BD00F031F800F012F8012010BD00290BD149F26861C1F6FF710A7E904225
:2041800001BF91F82D0000284861704700F000B810B549F26864C1F6FF740020A0626061A0
:2041A00084F82C00012084F82D0000F0D5F900F0B7F994F8CC09012803D1BDE8104000F0EC
:2041C00099B9BDE8104000F0BAB8002049F26861C1F6FF71086000F0FCB84AF23401C1F6B7
:2041E000FF71087070474AF23401C1F6FF71087870472DE91001002213460BE010F803C0F9
:204200004AF23408C1F6FF7898F80040644508BF01225B1C8B42F1D31046BDE810017047CA
:204220004AF23401C1F6FF71087170474AF23401C1F6FF71087970474AF23C02C1F6FF7244
:2042400052F82010002914BF0020012070472DE91001002213460BE010F803C04AF2340820
:20426000C1F6FF7898F80440644508BF01225B1C8B42F1D31046BDE8100170474AF23C0264
:20428000C1F6FF7202EB80034CF6CD42CCF6CC42A1FB0220800818607047C11746F2676217
:2042A000C6F2666252FB00F04AF23403C1F6FF73C1EB50005880704700B5012049F2686140
:2042C000C1F6FF7181F82D0000F076F9FFF77DFF00BD10B549F26864C1F6FF74E1697828A3
:2042E0001CBF012284F82D207F220A70A268127888704A700320A08400F05EF994F82D004F
:20430000012818BF10BDBDE81040FFF75EBF10B5041E12D1CC2908D0FF290AD1112A1FBF15
:20432000122A312A7E2A7F2A03D01046FFF7D1FF03E0FFF74AFFFFF72BFF204610BD10B46D
:2043400049F26864C1F6FF7494F8CC0901281CBF4FF47A70E08510BC7047012000F00DB8DC
:204360004CF6CD41CCF6CC41A0FB011049F26862C1F6FF72800890637047C11746F267623A
:20438000C6F2666252FB00F049F26863C1F6FF73C1EB50001886704749F26860C1F6FF70B7
:2043A000704749F26861C1F6FF710868704749F27C61C1F6FF710A68100006BF01220A60E1
:2043C00001207047002049F26861C1F6FF7148617047002049F63401C1F6FF714FF0FF322F
:2043E0000A54401CB0F5006FF4D3704710B549F26864C1F6FF74022020603220FFF7BDFFD5
:2044000000F096F800F076F8012084F82C00002084F82D0010BDF0B548F2A865C0F20305BB
:20442000002049F26864C1F6FF74A1682A7809788A420ED12079CC2803D16878C00705D473
:204440000BE0FF2809D16878800706D52E46A56205E01835401C0828E3D3A66AF6B13069EF
:20446000E0B1B1787068FFF7C4FE0746317AF068FFF7EDFE0FB97F2211E008B933220EE063
:2044800028782E2802D1FEF7E5FF38B1A06A026904F114012046BDE8F0401047112200202D
:2044A0002179BDE8F040FFF732BF10B549F26864C1F6FF746069002818BF10BD94F82C0063
:2044C000012806D1002084F82C00BDE81040FFF7A2BF94F82D00002818BF10BDA06A43698D
:2044E000002B08BF10BD04F1140221460020BDE810401847002049F26861C1F6FF71C8857F
:20450000704749F29661C1F6FF710888401E38BF70470880000418BF70470120FFF75DBEA3
:204520006FF0FE0049F26861C1F6FF714863704749F26861C1F6FF71002048634FF47A706E
:204540008863704749F29C60C1F6FF7001680029A4BF491C01607047002049F26861C1F60F
:20456000FF710886704710B549F26864C1F6FF74208E0021401E38BF10BD2086000402BF34
:20458000606900280121606B00280EDBA26B90420BD2012918BF10BD7820FFF79AFE41F249
:2045A0008830BDE81040FFF7E8BE1020FFF791FEBDE81040FFF7B4BF49F26862C1F6FF7272
:2045C000022002F11C015061AA20107600F043BD4AF23C01C1F6FF710868002808BF704702
:2045E000401E086018BF704741F21001C4F206010878022824BF00200870704700204AF22E
:204600003401C1F6FF71488070474AF23601C1F6FF710888401E38BF70470880000418BF26
:20462000704700B5FEF76DFF5DF804EB05F09FBF00B572B6FFF7CCFFFFF763FFFFF793FF98
:20464000FFF780FFFFF7E1FF62B600BD4AF25400C1F6FF7001214AF24002C1F6FF7241710A
:204660000021017140F8101B00F80A1C40F8041C11700A4680E8060040F8081C0172704709
:204680002DE9F04C0646806840780C464FF0010A4FF0000B5D465F46010648BFDA4600F090
:2046A0007F02584648F21063C0F203030101C95C8A4205D103EB001715464FF0010B02E020
:2046C00001300328EED30220318A00F031FB012818BFBDE8F08C584612223179FFF717FE1C
:2046E000012818BFBDE8F08C79787868FFF781FD7E223179FFF70BFE012818BFBDE8F08CEA
:204700000220318A00F00AFB012818BFBDE8F08C397AF86800F016FB012818BFBDE8F08C71
:2047200000204AF24001C1F6FF710870FFF778FDFFF759FD2846FFF750FDBAF1010F1FD12A
:20474000022D28D0012D1CBF032DBDE8F08CA06850210170B168A06849784170A068002132
:204760008170A0683221C170A06880F804A0A068F421417106202082BDE8F04CFFF79CBDD1
:20478000FFF723FDFFF704FD022D18BFBDE8F08CBAF1000F03D0BDE8F04CFEF738BABDE8EB
:2047A000F04CFEF744BA2DE9F04C0646806840780F4600254FF0010B2C46010648BFAB4656
:2047C00000F07F0A48F24060C0F2030001788A450DD10446012541784068FFF70AFD7E223D
:2047E0003179FFF794FD012818BFBDE8F08C0220318A00F09DFA012818BFBDE8F08C284674
:2048000012223179FFF783FD012818BFBDE8F08C00F0B1FA012818BFBDE8F08C0220318A8A
:2048200000F07CFA012818BFBDE8F08C217AE06800F088FA012818BFBDE8F08CBBF1010FBF
:204840000AD1B86851210170B86880F801A002203882FFF731FD03E0FFF7B7FCFFF798FC2B
:204860000A20BDE8F04CFFF718BD2DE9F04CA4B082460E46002401A8232105F0A6FD27468A
:204880000320BAF8101000F053FA012804BFBAF8101011F0010F05D1132220469AF8041000
:2048A000FFF735FDBAF8101001394A0893B2232A06D311F0010F03D11320FFF70AFD77E09B
:2048C000012875D1204622461EE0DAF808C00CEB420191F802C0497825460CEB012148F2FF
:2048E000687BC0F2030BC5EB850C4FEA8C0C3BF80CE071451CD101A9B80BDC4407F5803701
:2049000041F800C0012001329A42DED33F0C01284ED12546BD4217D201A951F825008178C6
:20492000406800F00FFA0135ADB20128F2D03FE00135232DD3D30128E5D0312220469AF8E2
:204940000410FFF7E4FCE1E700F015FA012808BF254624D02CE001A951F82500816899B100
:20496000B16802882144120A4A70B168028821448A708268B068204403300DF102019047E6
:20498000BDF802100C4498B90234A4B2B4F5C87F03D31420FFF79DFC0AE00135ADB2BD421C
:2049A000D9D3B06862210170601C3082FFF784FC24B0BDE8F08C70B505468068417880789D
:2049C0000026344600EB0121304648F26C63C0F2030300EB8002920033F802C0614502D18E
:2049E000D418012602E001300328EED30420298A00F09EF9012818BF70BD304631222979AF
:204A0000FFF785FC012818BF70BD298A6088033080B200F083F9012818BF70BD2179A068B7
:204A200000F090F9012818BF70BD00F0A4F9012818BF70BDE26842B16188A86803309047D6
:204A4000222803D0002808BF70BD7220BDE87040FFF73FBC2DE9F0440546806846788A463A
:204A600048F25060C0F20300017800273C468E4219BF81788E42044601270220298A00F0CD
:204A800057F9012818BFBDE8F084384612222979FFF73DFC012818BFBDE8F084207900F088
:204AA0006CF907462078864218D10220298A00F035F9012818BFBDE8F0843846FFF7BCFBC4
:204AC000002804D13720BDE8F044FFF702BC524629462046BDE8F04400F05AB9A0788642CC
:204AE00018BFBDE8F084E078298A023000F016F9012818BFBDE8F084524629462046BDE85F
:204B0000F04400F074B9F0B5044680680E468178C07800273D4600EB0122384648F60C1355
:204B2000C0F2030300EBC001890033F801C0624502D1CD18012702E001300328EED30420F2
:204B4000218A00F0F5F8012818BFF0BD384631222179FFF7DCFB012818BFF0BD2979A86889
:204B6000FFF747FB31222179FFF7D1FB012818BFF0BD297B286900F0E5F8012818BFF0BDF2
:204B8000A068297D4278A86900F0E6F818B912222179FFF7BCFB012818BFF0BD218A68883A
:204BA000043080B200F0BAF8012818BFF0BDB06871210170A168B06849784170A168B06871
:204BC00089788170A168B068C978C170EA6931462046BDE8F0401047F0B5054680680E46C8
:204BE000417800240127090648BF274648F20B62C0F203024078117810F07F00884208BF7E
:204C000001240220298A00F093F8012818BFF0BD204612222979FFF77AFB012818BFF0BD1E
:204C20000220298A00F07AF8012818BFF0BD012F0CD1B0687E210170A968B06849784170C0
:204C400002203082BDE8F040FFF736BBFFF7BDFABDE8F040FFF79CBA70B4886814464178CF
:204C60008278002302EB01211A4648F26C66C0F2030602EB8205AD0036F805C0614501D155
:204C8000AB1902E00132032AEFD31B6923B104F11002A16870BC1847722070BCFFF719BBD1
:204CA00070B50D46896814468A78C97801EB0223002148F60C16C0F2030601EBC102920060
:204CC00036F802C0634515D191190B6ACBB9A06871210170A968A06849784170A968A06804
:204CE00089788170A968A068C978C170BDE87040FFF7E2BA01310329DBD3A06801210171A8
:204D0000E5E7224629469847E1E700B57820FFF7E0FA41F28830FFF730FB00BD10B5012479
:204D2000814203D000241320FFF7D3FA204610BD10B50124814203D200241320FFF7C9FAFE
:204D4000204610BD10B5FFF782FA041E02D13320FFF7BFFA204610BD10B400231C4605E091
:204D600010F804C0624508BF012301348C42F7D3184610BC70470120704748F25063C0F2B0
:204D800003031A7990424FF0FF0008BF00207047F0B504460F4616464AF24005C1F6FF7580
:204DA000FFF744FA2179814205F1030004D10021627805F0E8F906E00121297021786269BE
:204DC000697061789047B06867210170B968B068497841706278B068E91C023005F017FA5F
:204DE000607802303082BDE8F040FFF765BA2DE9F04404460F4616464AF2400AC1F6FF7A12
:204E00000079FFF7BAFF05469AF801002178884204BF9AF8000001283ED100208AF80000FA
:204E2000FFF749F90028FBD1D4F818C06378E178B8680AF103020230E047A0B941F2100158
:204E4000C4F2060148552079FFF7EAF9B06867210170B968B0684978417002203082BDE851
:204E6000F044FFF729BA41F21000C4F20600415D01314155405D022804D23520BDE8F044F5
:204E8000FFF727BA42F210712846FFF7F7F93620BDE8F044FFF71DBA2420BDE8F044FFF723
:204EA00018BAF0B505460C46164601201F294FF000010ED2224605F0DBFA0746621C0120DB
:204EC000002105F0D5FA40EA070128688843286010E0A4F11F0205F0CBFA0746A4F11E0276
:204EE0000120002105F0C4FA3843C143686810EAC17068604AF27C03C1F6FF73012E0BD18C
:204F00001F2C03D206FA04F0186015E0A4F11F0006FA00F058600FE0022E0BD11F2C03D299
:204F200006FA04F0186007E0A4F11F0006FA00F0586001E00020286095E8050059680843AB
:204F40002860196842EA01006860F0BD10B54AF28404C1F6FF7404F1100000F0D0FF2169A5
:204F6000E26892EA010008BF10BD00EA0103043410408C4684E80910012004F8040C10BD0F
:204F800030B54AF28404C1F6FF742078012818BF30BDA06878B10025A1680120A840084207
:204FA00006D06900C9B204F114000122FFF779FF0135202DF0D3606878B100256168012057
:204FC000A840084206D06900C9B204F114000222FFF767FF0135202DF0D30020207030BD79
:204FE0004AF29803C1F6FF7393E80600A0F120031F2B34BF1F38114621FA00F010F0030083
:2050000070474AF29801C1F6FF710020024681E80500704700B5FFF799FFFFF7B1FF00BDAA
:2050200010B54AF2A004C1F6FF74606000F06CF80320206010BD00B5FDF7A8FD022807BFDF
:2050400048F60C20C0F2030048F6F010C0F20300FFF7E6FF00BD10B50C4600F00FF8214631
:20506000BDE8104000F08CB800B500F03BFC00204AF2A001C1F6FF71086000BD10B40146D7
:205080004AF2A004C1F6FF74002094E81010032CBCF808300DD11B04DCF8182007E092F8B5
:2050A00006C08C4508BF10460A32A3F580331C0CF5D110BC7047F0B402464AF2A400C1F6C1
:2050C000FF7004686369A4880020240418E048F22046C1F6FF763768BD684FF0340C12FBA1
:2050E0000C559E7995F82450A4F58034AE4206D15D797F2D18BF8D4201D1184602E00833AE
:20510000250CE4D1F0BC70474AF2A800C1F6FF7000F0A6BB70B50D46497801F0F00429782C
:20512000FFF7C9FF064628787E2801BF68780228A8783E2804BFE878802803D1BDE87040DB
:20514000FFF7FDB8002E08BF70BDB07900F05BFB221C09D0103A0DD0102A18BF70BD294628
:20516000BDE8704000F064B932462946BDE8704000F0D0B832462946BDE8704000F008B92C
:2051800030B504460D46007A00F03DFBC0EB00104AF2A801C1F6FF7101EB80010A6A012A18
:2051A00015D14C60022228890A624883062894BF01201046486348F22043C1F6FF73186868
:2051C0006288007892FBF0F0C884002030BD012030BD30B5044648F22042C1F6FF7210682E
:2051E0008068342314FB03000D4690F8240000F00AFBC0EB00104AF2A801C1F6FF7101EBB7
:20520000800000210185406B013815D308D002280CD311D129462046BDE8304000F079BACB
:2052200029462046BDE8304000F0E4B929462046BDE8304000F020BA0220A86030BD30B547
:20524000034648F22042C1F6FF72106880680D46342111FB030090F8240000F0D4FAC0EB15
:2052600000104AF2A801C1F6FF7101EB8004606B042809D160680021407AFEF779FF20465B
:2052800000F0EEFA01200CE00020E08448F22043C1F6FF7361681A688988127891FBF2F18A
:2052A0002185287030BD10B5034648F22042C1F6FF7210688068342111FB030090F8240081
:2052C00000F0A1FA002818BF10BD4AF2A804C1F6FF74204600F0A4FAA068002808BF10BDAD
:2052E000206B013838BF10BD0AD002380DD302D0022818BF10BD0020BDE8104000F03AB99A
:205300000020BDE8104000F0D5B80020BDE8104000F001B92DE9F04404460F46C0EB001098
:205320004AF2A801C1F6FF7101EB8005787800F00F06286A9246022807D138787E2808BF72
:20534000BDE8F084284600F04BFA701E062828BFBDE8F084C5F808A0022028622E836E8322
:2053600039460026AE83082205F10C0004F04FFFEE624AF2A401C1F6FF710868016985F83A
:20538000386001EB8400286001202863BDE8F0842DE9F04404468A46C0EB00104AF2A801B4
:2053A000C1F6FF7101EB8007386A16460025022808D19AF800007E2803D0384600F010FAAA
:2053C00000E00125BAF801100807090A41EA1050002D18BFBDE8F084072838BFBDE8F084FB
:2053E000BE6002253D623883788351460026BE83082207F10C0004F00AFF1020F8624AF224
:20540000A401C1F6FF71086848F22042C1F6FF723D63016987F8386001EB840038601168EA
:20542000B8680978408890FBF1F0B884BDE8F08410B5C0EB00104AF2A802C1F6FF7202EBC7
:205440008004206A022830D1206B032823D0042826D194F83800013010F00F0084F838008F
:205460004A7812F00F02824215D104F10C00082204F0CDFE2020E06248F22042C1F6FF727D
:2054800005202063A068116840880978643090FBF1F0A08410BD2046BDE8104000F09DB809
:2054A0002046BDE8104000F0DBB92046BDE8104000F096B930B5C0EB00104AF2A801C1F637
:2054C000FF7101EB8004A06804F11402218BC079FEF7FDFDA8B9606998B1228B0189914288
:2054E0000FD304F10E01006804F091FEA068C579204600F0B5F928460021BDE83040FEF7F8
:2055000007BEA0680121C079FEF702FE2046BDE8304000F0A5B910B5C0EB00104AF2A80140
:20552000C1F6FF7101EB8004A06804F11402218BC079FEF7CCFD98B9606988B10189228B94
:2055400091420DD304F10F010522006804F05FFE608B053860830520A0830420206310BDEC
:20556000A0680121C079FEF7D3FD2046BDE8104000F076B930B5C0EB00104AF2A801C1F64D
:20558000FF7101EB8005286B032808BF00240DD0688B05F10E010624062838BF0446686942
:2055A000AB8B00682246184404F031FE688BA98B001B68832144A9830421296380B200289D
:2055C00018BF30BDA868C479284600F049F920460021BDE83040FEF79BBD10B58168044639
:2055E00019B1C8790121FEF793FD2046BDE8104000F036B9F0B5034648F22042C1F6FF720D
:20560000106880680D46342111FB030090F8240000F0F9F8C0EB00104AF2A801C1F6FF711F
:2056200001EB8006706806F11401407AFEF787FDE0B97069D0B106F10C0738460822FF211C
:2056400004F0A1FD7069748B01682246B81C04F0DEFD70683946C07974733073042070635B
:2056600008222869BDE8F04004F0D1BD304600F0AAF80220A860F0BD70B5034648F220422F
:20568000C1F6FF72106880680E46342111FB030090F8240000F0B7F8C0EB00104AF2A801DF
:2056A000C1F6FF7101EB8004606804F11401407AFEF745FD38BB606928B304F10C05284685
:2056C0000822FF2104F05FFD60690168E81C052204F09DFD6068C0792073608B010A41F08A
:2056E00010016173A0730538608329460520A08303206063002084F8380008223069BDE8B9
:20570000704004F084BD204600F05DF80220B06070BD70B5034648F22042C1F6FF721068F0
:2057200080680C46342111FB030090F8240000F06AF8C0EB00104AF2A801C1F6FF7101EB1A
:2057400080056868002808BF70BD48F22042C1F6FF7211684088097805F10C06082290FB95
:20576000F1F0E884FF21304604F00DFD6A8BB01C0626062A38BF16466969AB8B09683246E7
:20578000194404F044FD6868C0796A8B287395F83800013010F00F0085F83800921B40F047
:2057A00020006873A88B6A8312043044A8830CBF04200320686305F10C0108222069BDE8E1
:2057C000704004F024BD10B54168044619B1487A0121FEF7CDFC2046BDE8104000F040B8DD
:2057E00010B50446406818B10121407AFEF7C0FCA06818B10121C079FEF78AFC2046BDE8EA
:20580000104000F02DB801464AF2A403C1F6FF7318680269D278914214BF0120002070473D
:2058200010B5818C0446013904D38184090408BFFFF7D3FEE18C013905D3E184090404BFE7
:205840002046FFF7C0FF218D013938BF10BD2185090418BF10BD2046BDE81040FFF7B3BF67
:2058600000210A460B4680E80E0041618161818301220262416201858C46F0222C30A0E8F0
:205880000C1020F82C19022104F09FBD10B54AF2E404C1F6FF74002000F05DFA48F2204008
:2058A000C1F6FF7001688868426932B9012222610288097892FBF1F102E00321216100210A
:2058C000A181018D0B19002108E0D0F82CC001EB81020CEB820212795A540131C28C9142C1
:2058E000F3D310BDFFF7D2BF70B500EB80014AF2EC02C1F6FF7202EB8105342110FB01F6E1
:2059000048F22041C1F6FF710868AB6880683044006A48F62822C0F20302032B41780078DE
:2059200008D16B7C012B1DD1C1EBC10102EB810149691CE0012B08BF00241BD0C1EBC10192
:2059400002EB810109698847012448F22041C1F6FF710868806800213044C26990F82400EC
:2059600090470BE0C1EBC10102EB810109698847041EEAD1002068740120A874204670BD9E
:2059800048F22042C1F6FF7211688968096A4968014208BF704701204AF2EC01C1F6FF7183
:2059A000487470472DE9F04F82B0064648F2204BC1F6FF7BDBF800000F46342116FB01F844
:2059C000806808EB0001088D4AF2E40CC1F6FF7C00EB0C0906EB86000CEB8005A87E4FF0A0
:2059E000010A0835012811D1CA6991F8240051469047DBF800008168C5F808A0007831F844
:205A00000820414492FBF0F0A88002E0A868012839D10020CC6A26E019F800203B789A4203
:205A20001ED1A068063809D003380DD0022821D13A462146304600F03EF90AE03A462146CF
:205A4000304600F011F904E03A462146304600F021F9B0F1000A0DD10120E8602C6009E024
:205A60001434013080B2CA8C9042D5D30220B8604FF0000ADBF800008168007831F80810B3
:205A800091FBF0F0A880504602B0BDE8F08F30B505460A4600EB80004AF2EC01C1F6FF71CB
:205AA00001EB8004E068012818BF30BD2168C8680068002818BF30BDA068012818BF30BD3F
:205AC0008868063805D0052807D1284600F01AF903E01146284600F0FAF848F22043C1F66F
:205AE000FF731868342115FB01F182680078895A91FBF0F0A08030BD00F0A3B930B581B03D
:205B0000044600EB80004AF2EC01C1F6FF7101EB80052968E86801282CD1C8680068012847
:205B200028D18868043803D0053809D0022813D12046002100F01EF92046FFF7DDFF08E09B
:205B40000DF103012046FFF77AFB9DF80300012802D1204600F0FFF848F22043C1F6FF73CB
:205B60001868342114FB01F182680078895A91FBF0F0A88001B030BD30B5054600EB80003D
:205B80004AF2EC02C1F6FF7212EB800408BF30BD2068002808BF30BDC068E268012A006815
:205BA00009D10239023902D9022904D118B92846114600F0DFF848F22043C1F6FF73186817
:205BC000342115FB01F182680078895A91FBF0F0A08030BD10B500EB80014AF2EC02C1F69E
:205BE000FF72034602EB810448F22042C1F6FF7210688068342111FB0300016A487848F688
:205C00002822C0F20302C0EBC00002EB8000826808789047002060740121E174A08010BD12
:205C200030B500EB80014AF2EC02C1F6FF72044602EB810500F082F8E87C012818BF30BD49
:205C40000320A86048F22042C1F6FF720020E87410688068342314FB03000121826890F87C
:205C60002400BDE83040104730B50C46154600EB80014AF2EC02C1F6FF7202EB8101C968A4
:205C8000012908BF00F067F82146284600F043F8002030BD70B5064615460124104600F080
:205CA0003AF829463046FFF794FAA968002908BF0C46204670BD30B505461446104600F093
:205CC0002AF821462846BDE8304000F06FB810B50446087870B948F22042C1F6FF721168AC
:205CE0008968342014FB00110A6991F82400BDE8104010472046FFF70DFA2046BDE8104015
:205D000000F029B810B5044600F06BF82046BDE8104000F020B84A7902730A68C968013A17
:205D200018BF012242600968012904D028BF022102D2012100E000218160704700EB800054
:205D40004AF2EC01C1F6FF7101EB80008188013928BF8180704700EB80004AF2EC01C1F65A
:205D6000FF7101EB800000210160C160A0F81110C174704700EB80004AF2EC02C1F6FF7242
:205D800002EB8000017400F110010068007900F05AB8704700B50020FDF7E4FFFEF767F984
:205DA000F9F749FBF9F72FFB00BD70474DF2DC03C1F6FF7308781A79904210D120B4002020
:205DC00007E01D69D1F810C0AD5C00F180700CF8025091F80CC0020E6245F2D320BC0020B0
:205DE000704770B50E4615460120FDF7BBFF4DF2DC04C1F6FF743079217E88420DD12946A1
:205E000000F028F800207279010E914217D2626A6B5C00F180705354F5E794F82C10884213
:205E20000DD1294600F016F8002004E0A26B6B5C00F1807053547279010E9142F6D3002001
:205E400070BD0020704708784AF21C12C1F6FF721070704730B504460D46FDF77DFF0128DA
:205E600018BF30BDE01E07D0C12818BF30BD2846BDE83040FDF785BF2846BDE83040FDF7AA
:205E800077BF10B5FDF768FF012818BF10BD4AF20014C1F6FF7421780844207060780130E7
:205EA0006070C0B20A280BD949F28811C1F6FF71086840F00800086001210320F5F7FEFD53
:205EC00020780A2898BF10BD49F28811C1F6FF71086840F00100086001210020BDE8104099
:205EE000F5F7ECBD10B44AF20014C1F6FF7400280CBF2046601C0021017010BC70474AF2A9
:205F00000413C1F6FF731A795988C1EA02415A7941EA02610160704720B582B048F60450CD
:205F2000C0F2030001788DF8001041788DF8011081788DF80210C1788DF8031001798DF8EF
:205F4000041041798DF8051080794AF20C15C1F6FF7507228DF806006946284604F057F943
:205F6000694605F10800072204F051F902B020BD10B504004FF0010006D1042322462146A8
:205F80001520F3F724FB20464AF22011C1F6FF710A68022A18BF032A07D1062300221146AD
:205FA0001520BDE81040F3F725BB012818BF10BD4C6000220CE0C2EB82034FF0010E4FF0A7
:205FC000000C604601EB8303443383E80150013223889A42EFD3002021F8140F0346024601
:205FE00001E90D0088808446864604460831022281E81D5088778883486208621420886154
:20600000032041F81C0C10BD70472DE9F0440E4692461F464AF22015C1F6FF75012400F0EC
:20602000B2F9296829B9234602221520F3F7CFFA45E0BAF1000F06D1042302225146152000
:20604000F3F7C5FA3BE04FF6FF72904206D102231A4600211520F3F7BAFA30E06B685B68FE
:20606000C0EB800203EB42025288964206D30323022200211520F3F7AAFA20E017B1BB196C
:20608000934206DD0523022200211520F3F79FFA15E0022918BF03290BD02883EE622F6398
:2060A00005F11C00022680E8500440F81C6C002405E00623022200211520F3F79BFA204699
:2060C000BDE8F08470B50E464AF22015C1F6FF75012400F058F9296829B9234603221520F6
:2060E000F3F775FA24E036B90423032231461520F3F76DFA1CE04FF6FF72904206D102238B
:20610000032200211520F3F762FA11E0022918BF032907D02883AE620220E8612862286090
:20612000002405E00623032200211520F3F762FA204670BD4AF22011C1F6FF7109680029AB
:2061400018BF7047012304221520F3F740BA4AF22011C1F6FF710868704730B54AF220153D
:20616000C1F6FF75296831B90124234606221520F3F72DFA00E02C6A204630BD70B54AF253
:206180002015C1F6FF75002400F0FDF82968064629B9012307221520F3F719FA01244FF6EE
:2061A000FF70864206D10223072200211520F3F70EFA01242868022818BF032807D1062359
:2061C000072200211520F3F715FA012406E02CB92E830320E861022028622860204670BD73
:2061E00070B54AF22015C1F6FF75002400F0CBF82968064629B9012309221520F3F7E7F9FA
:2062000001244FF6FF70864207D069684968C6EB860001EB4000007930B90223092200214E
:206220001520F3F7D4F901242868022818BF032807D10623092200211520F3F7DBF901242C
:2062400006E02CB92E830420E861022028622860204670BD10B54AF22014C1F6FF742068A7
:20626000002808BF10BD206A022818BF10BDE06904280EDD0BF06AF9022808BF10BD002866
:2062800003D1BDE8104000F02CB8BDE8104000F042B8042815D80FF20801D1E800F0C046B0
:2062A00004070A0D100000F0AAF80AE000F020F907E000F043F904E000F064F901E000F012
:2062C0008DF9206A022808BF10BD28B12068032802D10020206010BD0120206010BD7047FF
:2062E000704710B54AF22014C1F6FF74E069142802D1002020620BE000F08CF8206238B1C4
:20630000022808BF10BD2068032808BF002000D00120206010BD10B54AF22014C1F6FF7488
:20632000206A032808BF10BDE069142888BF10BD0FF20401D1E800F02626262626151515CF
:206340001E15101E1E0B1E1E1E1E1E1E1E00002000F0E1FC206210BD002000F06EFB2062AA
:2063600010BDE0686030A0600BF0F0F820620120206010BD0BF0EAF820622068033818BFAC
:206380000120206010BD70B401464AF22410C1F6FF70046820880022431E4FF6FF709A4267
:2063A00013DCD4F804C09D1A05EBD57502EB6505C5EB8506760036F80C608E4288BF6B1E2B
:2063C000EDD818BF6A1CEAD1A8B270BC704710B54AF22814C1F6FF74607B48F6E831C0F258
:2063E0000301202251F8300004F16C010BF0C2F8002814BF012002200A21616110BD10B50A
:206400004AF22814C1F6FF7400206073FFF7DFFFA06110BD4AF23812C1F6FF7251680120BD
:20642000132988BF70470FF20802D2E801F0C04660606060600B10151A1F252B31373D43E5
:20644000494F555B00B55DF804EB00F09CBA00B55DF804EB00F0C7BA00B55DF804EB00F062
:20646000DEBA00B55DF804EB00F0C6B800B500F0D2F85DF804EB704700B500F0DEFA5DF8E1
:2064800004EB704700B500F04CFB5DF804EB704700B500F019FC5DF804EB704700B500F015
:2064A0003AFC5DF804EB704700B500F03FF95DF804EB704700B500F05DF95DF804EB7047DD
:2064C00000B500F010FA5DF804EB704700B500F041FA5DF804EB704700B500F020FA5DF823
:2064E00004EB704700B500F092F95DF804EB704710B54AF23814C1F6FF742088C0EB800081
:2065000081000819406B60B904F12C0260695358A269E16818440BF02DF8002808D102208B
:2065200008E0012808BF052004D0022808BF042018BF0120A0601420606010BD10B54AF2BB
:206540002414C1F6FF742268A08A52688300191A02EB4101097901290BD1181A04EB80005D
:20656000806C022803D100F00EFAE06110BDE16110BD00F073F8E061A0690E281CBF052041
:20658000A06110BD30B54AF23814C1F6FF742088C0EB800004EB8000406B012803D1142078
:2065A0000021A16018E004F12C0504F15C00552100F06FFB2088C0EB800005EB800040688F
:2065C00004F15C01103010220AF028FF00280CBF02200120A0600820606030BD10B54AF2CA
:2065E0003814C1F6FF7400F039F8A06060680E281CBF0920606010BD4AF23812C1F6FF72C7
:2066000010880121C0EB800002EB8000416314205060002070474AF2241CC1F6FF7CBCF867
:2066200014009CE80C005268C0EB800002EB400149880CEB80005A1ADCF80810CCF8042013
:206640003031CCF808100223836440F8402F203941601420CCF818000020704730B581B053
:206660004AF22414C1F6FF7494E82600A08A4968C0EB800001EB40004188A2EB050C01F14F
:206680006003634502D900F014F810E004F170050095521A0379008800F0A6FB2946102287
:2066A000A0680AF0BBFE002814BF0120022001B030BD10B44AF22814C1F6FF746069E062D2
:2066C00000202086207B013084F83200C0B2022804BF002084F8320048F6E832C0F203023E
:2066E00052F8301002EBC00040680844A06301F12000606310BC00F000B810B54AF23814D6
:20670000C1F6FF7494F8221048F6E832C0F2030252F8310002EBC10149680AF027FE002860
:206720000CBF022001200E21616010BD30B54AF22814C1F6FF7494F8320048F6E832C0F23F
:20674000030252F8305002EBC0004268A06804F16C032946013000F007FA04F16C01284646
:2067600010220AF05BFE00280CBF022001200F21616130BDF0B581B04AF22415C1F6FF7509
:2067800000263346A88E29680A8890420FD24F68C0EB800307EB430C05EB83039E6C9CF814
:2067A000043026B1012B0CBF022E0130EBD1A88680B2904202D100F076F826E0D1F804C0C4
:2067C000EA6BC0EB8000400005F1700700EB0C01498800973CF80000541A224600F004FB33
:2067E00039461022A86B0AF019FE002814BF012002200EB9102103E0A98E0131A9860F21E3
:20680000A961A96BEC633031A96301B0F0BDF0B54AF22414C1F6FF7494F8365048F6E83293
:20682000C0F2030252F8350002EBC50149684218203000211BE0D3F804C0C1EB81030CEB42
:20684000430604EB83039F6C96F804C0403327B1022F08BFBCF1010F08D1B6F802C0303074
:20686000A2EB0C02A0F1200C83E8041001312368B3F800C06145DED3E168257403464E1C2D
:20688000201D80E84C00206BA061022803D1FFF755FEE069F0BD042803D1FFF79FFEE06962
:2068A000F0BD0120F0BD50B54AF23814C1F6FF7494F8220048F6E831C0F2030151F8306012
:2068C00004F15C00AA2100F0E4F904F15C0106F1100010220AF0A2FD00280CBF0220012075
:2068E0001321616050BD10B54AF22414C1F6FF742268A08E526804F14003C0EB800002EB71
:2069000040014A8853F8200004F170010AF032FE002814BF012002201121A16110BD10B565
:206920004AF23814C1F6FF7404F15C00AA2100F0B0F9606A04F15C01203810220AF06EFDE5
:20694000002814BF01200220218C013121840F21616010BD10B54AF22414C1F6FF742168CB
:20696000A08E4968C0EB800001EB400004F170014288E06B0AF052FD00280CBF02200120E7
:206980001221A16110BD30B54AF22414C1F6FF742268A08A5268C0EB800102EB41014A88D7
:2069A000097981B96368A168C0EB80054FF0020E9B1A63603031A160A1F1200C04EB8505B7
:2069C000403585E80850C0EB800004F14003616A53F820000AF022FD00280CBF0220012095
:2069E0000621A16130BD10B54AF23814C1F6FF7404F15C00AA2100F04CF9208804F15C01BF
:206A00001022C0EB800004EB8000006B0AF006FD00280CBF022001200721616010BD4AF21A
:206A20003812C1F6FF721088C0EB800002EB80010020486314215160704710B583B04AF217
:206A40002814C1F6FF7401281DD104F16C0302AA01A9684600F0BAF8A8B9607B48F6E8321B
:206A6000C0F20302019B52F830108B420BD102EBC001029A49688A4205D10099A26891427D
:206A800084BFA1602073607B01306073C0B2022802D100F005F801E0FFF799FC03B010BDF8
:206AA00010B44AF22814C1F6FF74A06810B910BC00F024B8207B48F6E832C0F2030252F813
:206AC000301002EBC00001F12003406863600844206010BC00F000B810B54AF22814C1F615
:206AE000FF7404F16C01302260680AF043FD002814BF012002200D21616110BD00B548F67F
:206B0000E831C0F2030103C90AF030FC00280CBF022001200B214AF23812C1F6FF725160F3
:206B200000BD70B54AF23814C1F6FF7448F6E830C0F2030090E8060004F15C052B460E461D
:206B4000012000F011F805F11000AA2100F0A1F82946304620220AF061FC00280CBF02202E
:206B600001200C21616070BDF0B403F120040D1815440026F70020FA07F79F550136042E0D
:206B8000F8D304330020C60021FA06F61E5401300428F8D304330020C10022FA01F11954C9
:206BA00001300428F8D304330020C10025FA01F1195401300428F8D3043303E04FF0FF3067
:206BC00003F8010BA342F9D3F0BC70472DE9F04481B00546012400278DF80370184603F13E
:206BE00010063B462F6010F807A04FEAC70C0137042F0AFA0CFC43EA0C032B60F3D304307C
:206C000000270F603B4610F803A04FEAC30C0133042B0AFA0CFC47EA0C070F60F3D304308E
:206C2000002313601F4610F807A04FEAC70C0137042F0AFA0CFC43EA0C031360F3D304307E
:206C40000022174610F807A04FEAC70C0137042F0AFA0CFC42EA0C02F4D30968D5F800C084
:206C600004306144194491420FD1314600F047F858B90DF103023046AA2100F014F820B95B
:206C80009DF80300012808BF0024204601B0BDE8F08400F1100201E04FF0FF3100F8011BB1
:206CA0009042F9D370470378994218BFFF2B09D199420CBF01210021117000F110010130B1
:206CC00000F01DB8012070474AF2281CC1F6FF7C0020012148F6E832C0F20302CCF8081038
:206CE000116852688CF80C0001F12003CCF804301144CCF800101421CCF81410704702467F
:206D0000002005E01378FF2B01D00120704701328A42F7D370472DE9F04484B007464AF289
:206D20002415C1F6FF7505F1700000900DF1070303AA0DF10A0102A800F090F806462C1D84
:206D4000032818BF002F0FD12B7CAA6848F6E83CC0F2030C0CEBC30041685CF833003032FA
:206D600001448A4238D301E0042803D11420A861002036E0BDF80800FFF705FB4FF6FF713B
:206D8000884229D02146039ABDF80A400B681B1B9A4221D84B6803F1600C62451CD3D5F839
:206DA00000C0DCF804C04FEA800AAAEB00070CEB4707B7F802C0A4450ED197F804C09DF8B6
:206DC0000770BC4508D1AAEB000005EB80044034103384E84C000A60A9683031A960FFF70F
:206DE0007BFE04B0BDE8F084F0B4049C0D181544012B04F1300606BF1D4445F0004525F07F
:206E000000450023DF0040FA07F7E7540133022BF8D302340020C30041FA03F3235401309A
:206E20000228F8D302340020C10022FA01F1215401300428F8D304340020C10025FA01F171
:206E4000215401300428F8D3043403E04FF0FF3004F8010BB442F9D3F0BC70472DE9F04D8C
:206E600082B00746884692469B4600208DF802000A9C8DF8030004F130012046FFF73FFF77
:206E800008B904256DE0032504F1100600233B801A4614F802C0D0000CFA00F003433B80B5
:206EA0000132022AF5D302340022A8F80020134614F803C0D8000CFA00F080B20243A8F886
:206EC00000200133022BF3D302340020CAF800000346E15C4FEAC30C0133042B01FA0CFC5F
:206EE00040EA0C00CAF80000F3D3043400239C4614F80C104FEACC0A0CF1010CBCF1040F96
:206F000001FA0AFA43EA0A03F2D33988043413F0004F0A4410440EBF0021012101308BF8C2
:206F20000010584030F000401BD131462046FFF7E6FEB0B90DF102023046AA21FFF7B3FE53
:206F400078B90DF1030206F110005521FFF7ABFE38B99DF80200012806BF9DF80350002D56
:206F60000125284602B0BDE8F08D2DE9F0440124BDF818C030B12346022200211620F2F7FF
:206F800026FB19E00E4617461D1E06D102231A4601461620F2F71BFB0EE048F61040C0F2E5
:206FA0000300D0F804A0BAF1000F05D063462A4639463046D04704462046BDE8F08430B500
:206FC000012430B12346032200211620F2F7FFFA12E00B4632B90223032201461620F2F706
:206FE000F6FA09E048F61040C0F2030085681DB111461846A8470446204630BD10B501248F
:2070000030B12346072200211620F2F7E0FA08E048F61040C0F20300026912B10846904765
:207020000446204610BD10B5012430B12346092200211620F2F7CBFA08E048F61040C0F247
:207040000300C26812B1084690470446204610BD28B10123042200211620F2F7B8BA48F68B
:207060001041C0F203014869002818BF0047704710B5012430B12346062200211620F2F7BF
:20708000A6FA07E048F61041C0F20301C86908B180470446204610BD48F61042C0F20302AF
:2070A0001168002918BF0847704710B501460024FF29204607D0C9B101230522214616205A
:2070C000F2F785FA1AE048F61042C0F203029169002918BF8847002810D0022808BF0446FB
:2070E0000CD0032814BF0124032407E048F61040C0F20300816909B188470446204610BD50
:2071000030B5002404EB84004AF6FC41C1F6FF7180000022451848F63443C0F2030342524F
:2071200034211A2068602A7404FB0133AA700121A960188900F01EFD01280CBF01220022FD
:207140002846032100F008FD0134042CDAD34DF26810C1F6FF700C2101610121017030BDAA
:207160002DE9F04981B007468B4601264AF6E845C1F6FF7500EB800084000021285B00F02F
:20718000F9FC8046342048F60041C0F2030107FB00100021008900F0EDFC0746285B06211F
:2071A00000F0E8FCB8F1010F1CBF012F012809D0BBF1010F0CBF012200226019032100F0DC
:2071C000CBFC0026304601B0BDE8F0892DE9F04B81B08346012600EB80004AF6E841C1F680
:2071E000FF7101EB80040021208800F0C3FC07460621208800F0BEFC80460321208800F0EF
:20720000B9FC8146342048F60041C0F203010BFB00150021288900F0ADFC012F18BFB8F133
:20722000010F15D05FFA89F1012911D0012804BF207C00280CD06868032803D1297DA27860
:20724000914205D9584600220B2100F058FE0646304601B0BDE8F08B28B94DF24012C1F68F
:20726000FF72D06808E000EB80004AF6E842C1F6FF7202EB800080680860002070472DE9D6
:20728000F04981B004468B464AF6E847C1F6FF7700EB800086000021B85B00F06BFC80468B
:2072A000342048F60041C0F2030104FB001425890021284600F05EFCB8F1010F18BF0128F2
:2072C00013D028460B2100F055FCE16909B901280BD1BBF1010F0CBF01220022F0190621E3
:2072E00001B0BDE8F04900F037BC01B0BDE8F0892DE9F04807468B4601244AF6E846C1F697
:20730000FF7600EB800085000021705B00F032FC012812D0342048F60041C0F2030107FB68
:207320000010417D027D1144594506DD4068032803D1A819002480F802B02046BDE8F088F1
:207340000246342348F60040C0F2030002FB0303D3F804C00120BCF1030F10D102EB820297
:207360004AF6E84CC1F6FF7C0CEB820292780A70597D1B7D19449142C8BF0020704700224A
:207380000A7070472DE9F04B82B083460F460126342048F60041C0F203010BFB00180B2121
:2073A000B8F8080000F0E6FB81464AF6E845C1F6FF750BEB8B0084000021285B00F0DAFB77
:2073C00037B9D8F81C10002908BF5FEA09611CD001281AD03A465846062100F090FD061E39
:2073E00013D1D8F81C0017B187420BD100E048B160190022012100F0AFFB60190022022162
:2074000000F0AAFB601901210174304602B0BDE8F08B2DE9F04981B083460124342048F67F
:207420000041C0F203010BFB00180B21B8F8080000F0A0FB05464AF6E847C1F6FF770BEBEB
:207440008B0086000021B85B00F094FBD8F81C1000290CBF002D012814D058460022162147
:2074600000F04DFD041E0DD13E4401202A00307408D13046012100F06FFB30462A4602218D
:2074800000F06AFB204601B0BDE8F0892DE9F04F81B083460F460126342048F60041C0F212
:2074A00003010BFB001528890B21824600F062FB80460BEB8B004AF6E841C1F6FF7101EBF8
:2074C00080040021208800F055FB2FB9E969002908BF5FEA08613AD0012838D0032120883C
:2074E00000F048FB81460621208800F043FB80465046002100F03EFB6968032903D1297D78
:20750000A278914223D95FFA89F101291CBF5FFA88F101291BD0012804BF207C002816D02D
:207520003A465846072100F0EAFC061E0FD1E86917B187420BD100E048B1204601221146B4
:2075400000F00AFB20460122022100F005FB304601B0BDE8F08F2DE9F04F81B083460126D9
:20756000342048F60041C0F203010BFB001528890B21824600F0FEFA07460BEB8B004AF6CC
:20758000E841C1F6FF7101EB80040021208800F0F1FA81460621208800F0ECFA80465046BF
:2075A000002100F0E7FAE96900290FBF002F5FFA89F101295FFA88F118BF012924D0012874
:2075C00004BF207C00281FD00321208800F0D2FA6968032903D1297DA278914214D9012833
:2075E00012D058460022172100F089FC061E08BF002F09D120460122114600F0ADFA20466B
:207600000122022100F0A8FA304601B0BDE8F08F2DE9F04981B083460F460126342048F6F0
:207620000041C0F203010BFB00140B21208900F0A1FA80460BEB8B004AF6E841C1F6FF7102
:2076400001EB80050021288800F094FA2FB9E169002908BF5FEA08612ED0216A09B9626A7F
:2076600052B3012828D06068032807D1A878227D637D134498421FDA82421DD809B9606A0B
:20768000D0B13A465846082100F039FC061E13D1E06917B187420FD104E018B95FFA88F0B5
:2076A000012809D128460022012100F055FA28460022022100F050FA304601B0BDE8F089A4
:2076C0002DE9F04883460126342048F60041C0F203010BFB00140B21208900F04BFA074672
:2076E0000BEB8B004AF6E841C1F6FF7101EB80050021288800F03EFAE169002908BF002FA6
:2077000024D0216A09B9626A02B301281ED06068032807D1A878227D637D1344984201DA1A
:20772000824202D909B9606A80B158460022182100F0E5FB061E09D128460022012100F084
:207740000BFA28460022022100F006FA3046BDE8F0884DF24011C1F6FF710878012804D0BA
:2077600000221921104600F0CABBA023192200211420F1F73FBF30B50546012400EB8000E9
:2077800080004AF6E841C1F6FF71405A002100F0F1F9012805D1284600F005F8002808BFFB
:2077A0000024204630BD70B50124054600F01AF8B0B94AF6E844C1F6FF7405EB85008600C1
:2077C00030190022114600F0C7F94DF27C11C1F6FF710888854202D03019062181600024A6
:2077E000204670BD2DE9F04C044600210A4608464AF6A427C1F6FF77C1EB81039B00DB5B62
:20780000A3420AD14AF69C25C1F6FF75AE78731E1FD231291FD0697837E001313229E7D34C
:2078200004EB84004AF6E841C1F6FF7101EB80052846114600F090F94DF27C11C1F6FF71A3
:207840000888844214BF0620A868A8600120BDE8F08C9942DFD12A78A970013A2A70BDE8BF
:20786000F08CC1EB810C4FEA8C0C3CF807C0A44504D1013B2B701406DBB228E00131C9B296
:20788000322928BF00210132D2B22B789A42E8D30120BDE8F08CC1EB81020131C9B232291B
:2078A00028BF0021920004F18074C1EB810C4FEA8C0C3CF807A0BC4422F807A03A44DCF84D
:2078C00004B0DCF808C0C2F804B0C2F808C0B3EB146FE0D8711E38BF3121A970BDE8F08C7D
:2078E0004DF24010C1F6FF700178012901BF41680D290121017270474DF24011C1F6FF718E
:207900000878012804D000220C21104600F0F7BAA0230C2200211420F1F76CBE30B5002542
:207920002C4648F63441C0F20301342004FB00102946008900F01EF901280CD104EB840091
:207940004AF6FC41C1F6FF7101EB8000007C00280CBF012500250134A4B2002D18BF30BDE1
:20796000042CDED34DF24011C1F6FF710878012806D02A460D212846BDE8304000F0BFBA66
:20798000A0230D2229461420BDE83040F1F732BE30B54DF26815C1F6FF752878012818BFF9
:2079A00030BD28694DF27C14C1F6FF740C280DD100F0FEFA38B90D202861A0681A2805DB85
:2079C0000C20286110E028690C280DD04DF25011C1F6FF71087878B9A06848F62051C0F27F
:2079E000030151F8200080474DF25011C1F6FF710878002808BF30BD01EB8000406848F6DE
:207A00000C51C0F2030151F82000804728690C2806BF6868012830BD22884AF6E843C1F6E7
:207A2000FF7302EB820103EB81018968002914BF042930BD012A03BFA1680C29002101465A
:207A4000E16130BD70477047E0B581B04DF27C16C1F6FF76318D337B0022090289B25D187D
:207A600001380ED33DD002284FD35AD12946B079FFF7C4FA00284ED00021012000F09BFB0E
:207A80004FE0706A778D022802D1B91C8FB208E0032802D10437BFB203E0012804BF01372D
:207AA000BFB23088411E28BF8AB2342048F63441C0F2030102FB00100621008900F05AF85F
:207AC000012804BF0237BFB200974AF29463C1F6FF7329460022B079FFF747FA0028CBD168
:207AE00019E04AF29462C1F6FF722946B079FFF766FA0028C0D1F07C4DF26811C1F6FF7141
:207B00000138F0740220C8600BE02946B079FFF78AFA0028B0D102204DF26811C1F6FF71D7
:207B2000C86001B0E0BD10B504464DF26811C1F6FF71C868012818BF10BD4DF27C11C1F661
:207B4000FF718879FFF7B1FA012818BF10BD2046BDE81040FFF778BF012A038803D102FA38
:207B600001F1194304E0012202FA01F123EA010101807047012303FA01F189B2014214BF17
:207B80001846002070472DE9F04C8B4600260127B0F1000A18BF002900F08B804DF27C14CA
:207BA000C1F6FF7420884AF6E845C1F6FF7500EB800080000821405BFFF7DCFF012874D16D
:207BC000217D081A2075A0680D380ED2013042D0053010D0B0F1FF3F3DD04DF26811C1F670
:207BE000FF710869082864D135E0003803D0093831D00128F1D15046216D8847002858D1AE
:207C000004E01AF806000BF806000136608D8642F7D3A0680027052818BF192849D0208874
:207C20000122114600EB800005EB8000FFF794FF20880122022100EB800005EB8000FFF7A7
:207C40008BFF0121084601F0FEF832E01AF806000BF806000136608D8642F7D34DF26811A2
:207C6000C1F6FF710869082815D020880022394600EB800005EB8000FFF76EFF2088002206
:207C8000022100EB800005EB8000FFF765FF0021084601F0D8F85846E16C8847074608E06D
:207CA0001AF806000BF806000136608D8642F7D300273846BDE8F08C4DF25012C1F6FF725E
:207CC000117801311170C9B202EB81014860704702204DF26811C1F6FF718860704770B55A
:207CE0004DF27C15C1F6FF75288848F63441C0F20301441EA4B2342004FB001670682862ED
:207D0000032809D004EB84004AF6FC41C1F6FF7101EB80000021817001F0E0F904EB84008D
:207D20004AF6FC41C1F6FF714FF0FF326A8001EB8000028881782A82C268806829736A642E
:207D4000A861F08A020AA874308B0132A8850020E8853078EA74A871707D327DA873F068A2
:207D60006A73686230692B6A2885000C6885032B18BF306A06D18A4205D8891A326AC0B2B8
:207D800000FB012068630B213089FFF7F3FE012803D1306B2865F06AE864706A6865B06AA4
:207DA000A86570BD2DE9B0484DF27C17C1F6FF773988B86801254FF0020B013139800C280A
:207DC00089B21AD1042941D8B8604AF6FC45C1F6FF7501EB810105EB810141F8100C00201E
:207DE00000F046F9388800EB800005EB800040F80CBCFFF774FF00257EE019281AD1042974
:207E000024D8B8604AF6FC45C1F6FF7501EB810105EB810141F8100C002000F029F938887B
:207E200000EB800005EB800040F80CBCFFF757FF002561E0022918BF052807D0042942D967
:207E40004DF24013C1F6FF735A7A9AB900244DF24011C1F6FF710C70F969012918BF002165
:207E600001F039FAFC614DF26810C1F6FF70C0F804B041E0012A26D13A8000245C720D201C
:207E8000B8604AF6FC45C1F6FF756860204600F0EFF83A8848F60040C0F20300342102FBD2
:207EA0000102D26914703A8802FB0100C0694470388800EB800005EB800040F80CBCFFF7D2
:207EC0000EFF254618E00D20B8604AF6FC45C1F6FF7501EB810105EB810141F8100C0020EC
:207EE00000F0C6F8388800EB800005EB800040F80CBCFFF7F4FE00252846BDE8B088F0B53C
:207F00000D464AF69C27C1F6FF77397832294DD2BC780646431E9BB24AF6A42CC1F6FF7C43
:207F2000C4EB84000CEB8000944620F8046B80E820100134BC70E4B2322C24BF0020B8701E
:207F4000481C38700C2D1CBF0D2D192D1CD14DF24010C1F6FF700121017045600221284616
:207F600001F0B9F90C2D1FD14FF000004AF6FC42C1F6FF7200EB800102EB810101220A74D4
:207F800001300428F2D30FE003EB83034AF6FC41C1F6FF71012201EB83000021FFF7DCFD36
:207FA0003046022101F08DF90020F0BD0120F0BDF0B54DF26C11C1F6FF710868012803D121
:207FC000BDE8F040FFF7EEBE4AF69C24C1F6FF74207800284AD060784AF6A427C1F6FF7716
:207FE000C0EB80029300DA1952684DF27C15C1F6FF750C2AAA601CBF0D2A192A14D101207E
:2080000008600C2A18BF02202880002000F030F828884AF6E841C1F6FF7100EB800001EB52
:2080200080000221816012E000260E60F95A298000F01EF828884AF6E841C1F6FF7132467C
:2080400000EB800001EB80003146FFF785FDFFF746FE607801306070C0B2322824BF002078
:2080600060702078013820700020F0BD0120F0BD2DE9F04881B005464DF27C1BC1F6FF7B63
:20808000BBF800004DF26811C1F6FF71471E48684AF6FC44C1F6FF74BFB201283CD107EBF6
:2080A000870085000421605BFFF764FD012804BFDBF808000D280BD1281900220521FFF726
:2080C0004BFD4AF69F20C1F6FF70CBF830006FE0342048F63441C0F2030107FB00160B21F0
:2080E0003089FFF747FD0746281901220521FFF733FD28190821012F05D13A4601B0BDE84A
:20810000F048FFF729BDF269CBF83020002201B0BDE8F048FFF720BD002849D1342048F686
:208120003441C0F2030107FB00160B213089FFF721FD0346C5EB85004AF6A421C1F6FF7159
:2081400001EB80008068052188B1CBF8300007EB870514EB85000022FFF7FEFC14EB8500E1
:208160000022082101B0BDE8F048FFF7F5BC0122012B0ED107EB870514EB8500FFF7ECFC71
:2081800014EB85000122082101B0BDE8F048FFF7E3BCF06907EB8705CBF8300014EB85009E
:2081A000FFF7DAFC14EB850000220821FFF7D4FC01B0BDE8F0882DE9F0480E464AF69C22F0
:2081C000C1F6FF72137851784AF6E845C1F6FF75002213E0C1EB8107BF004AF6A42CC1F6BC
:2081E000FF7CB4F800B037F80C705F4518D0013189B2312988BF0021013292B24DF27C14FC
:20820000C1F6FF749A42E5D30146208801F059F820881A2100EB800005EB8000416005E02B
:2082200004F1100001220021FFF796FC2788342048F60041C0F2030107FB00100021008979
:20824000FFF798FC01280BD107EB870105EB8100806828B904F1100001220321FFF77CFC21
:20826000022E08D12088616C012200EB800005EB8000C16003E0012E06D14FF0000204F142
:2082800010000921FFF768FC2788208AA26D07EB870705EB87031880DAB1A568E91F023975
:2082A0000CD9002002390FD001390FD00B3903D001290CD102200AE0012008E048F6815044
:2082C000C0F20300405D02E0042000E005209968904704F1100000220721FFF73DFC4DF2AC
:2082E0006810C1F6FF7000210C22C16002614DF25010C1F6FF700170BDE8F088F0B54DF2D6
:208300006814C1F6FF740020E06020694AF29466C1F6FF764DF27C15C1F6FF7501280CBF7D
:2083200001220022012814BF0421072105F11000FFF712FC2888342148F60042C0F2030269
:2083400000FB012006210089FFF714FC0746012803D13046696A00F0FFFE686A58B1206967
:20836000EE63002814BF0A20092020610320BDE8F040FFF7A1BC012F0CBF11200F202061B6
:20838000F0BD30B54DF26814C1F6FF7400204DF27C15C1F6FF75E060286A032829D001282C
:2083A0001CBF216901291AD12988342248F60043C0F2030301FB02310A6A0AB9496A71B1C8
:2083C0000021084600F03FFD0320A86100F086FE082020610220BDE83040FFF76DBC022839
:2083E00004BF2069002804D101202061E060287330BD0021084600F026FD00210120BDE861
:208400003040FFF7D8BE704710B500244DF26810C1F6FF702146C460204600F014FD21468A
:208420000120BDE81040FFF7C6BE30B54DF26814C1F6FF7400204DF27C15C1F6FF75E06087
:20844000286A032829D001281CBF216901291AD12988342248F60043C0F2030301FB023154
:208460000A6A0AB9496A71B10021084600F0EBFC0320A86100F032FE082020610220BDE8EE
:208480003040FFF719BC022804BF2069002804D101202061E060287330BD0021084600F065
:2084A000D2FC01210320BDE83040FFF784BE30B54DF26815C1F6FF7500204DF27C14C1F6EA
:2084C000FF74E860206A032809D10021084600F0BAFC01210520BDE83040FFF76CBE012898
:2084E0001CBF286901282BD10320A0610021084600F0A9FC2088342148F60042C0F203028F
:2085000000FB0120016A09B9406A40B100F0E6FD082028610220BDE83040FFF7CDBB00F04E
:2085200092FC20884AF6E841C1F6FF7100EB800001EB800001218068BDE83040FFF73BBE90
:2085400001202861E860207330BD70B54DF26814C1F6FF7400264DF27C15C1F6FF75286AEC
:20856000E660022804BF2069032806D1AE61022020612E730120E06070BD2888342148F619
:208580000042C0F2030200FB012007210089FFF7F1FA012806D12661E0600420BDE87040F4
:2085A000FFF78ABB3146012000F04DFC286A022805D105F1100032460421FFF7CDFA02219A
:2085C0003046BDE87040FFF7F6BD70B54DF26815C1F6FF7500204DF27C14C1F6FF74E860BA
:2085E000E07C012608B1EE6070BD206A022837D12869032812D12088342148F60042C0F23A
:20860000030200FB0120C07DEE60E0740220286100202073BDE8704000F060BDA069F8B9E0
:208620002088342148F60042C0F2030200FB012007210089FFF79EFA012807D12861267388
:20864000EE600420BDE87040FFF736BB0021304600F0F9FB02210020BDE87040FFF7ABBDFB
:208660000021084600F0EFFB31463046BDE87040FFF7A1BD10B54DF26810C1F6FF70002158
:208680004DF27C14C1F6FF74C160216A02291BD10169062905D1072101610121C16021734E
:2086A00010BD072918BF10BD0021084600F0CBFB04F1100000220421FFF74EFA0121002028
:2086C000BDE81040FFF777BD0021084600F0BBFB01210020BDE81040FFF76DBD00B5002139
:2086E0004DF26810C1F6FF70C160084600F0ABFB01210846FFF75FFD00BD2DE9F0484DF28C
:208700007C15C1F6FF7528884DF2781BC1F6FF7B441EDBF800004AF6FC46C1F6FF76A4B2B1
:208720000B2833D0342048F63441C0F2030104FB0017386AC8B1287DB8B1296B686BFFF7AA
:2087400022FA002818BFBDE8F08802213889FFF711FA01281AD1286BE8630B20CBF800001C
:208760000320BDE8F048FFF7A7BA6A6D52B3A968083903D0043903D00C2902D1012000E088
:2087800002209047002818BFBDE8F0880121084600F059FBA869032808D004EB840106EB97
:2087A00081018868052818BF012805D101210820BDE8F048FFF7FFBC01210020BDE8F0484D
:2087C000FFF7F9BCA86903281EBF04EB840006EB8000806804EB8403114606EB8304A060C4
:2087E000104600F030FB0121A068BDE8F048FFF7E2BC30B54DF27C14C1F6FF744DF25011EF
:20880000C1F6FF71658D0878A4F84050013828BF0870606A022807D129460123B4F844208C
:20882000E06B00F01FFE6064B4F84000401BA4F84000E06B2844E06330BD2DE9F0484DF285
:20884000781BC1F6FF7BDBF8001000252F464DF27C14C1F6FF74092918BF0A2919D1638DC8
:20886000666A4AF29462C1F6FF72022ED05C04D11A44527840EA02200BE0032E09D11A44D5
:20888000537840EA03209378D27840EA034040EA0260112908D16088218888421FD10227EB
:2088A0000F20CBF8000022E0092918BF0A291ED1616C2688814214BF01250225342048F6A9
:2088C0000041C0F2030106FB001006210089FFF751F9012806D16088B04208BF022718BFFF
:2088E000012704D1022D04BF0F20CBF8000039462846BDE8F04800F09DBC10B54DF2681404
:20890000C1F6FF7420690F2803D1BDE8104000F0C9BAFFF792FF0020FFF705F9E068022824
:208920000FD14DF27C11C1F6FF718879FEF7A0FBC0EB800048F68C51C0F2030151F830005E
:20894000804720690D2818BF10BD4DF27C10C1F6FF70016A03290CD1417B007B814208D8AF
:2089600000F0BCFB082020610220BDE81040FFF7A3B9002020610120E06010BD2DE9F04920
:2089800081B00120FFF7CFF84DF26815C1F6FF75E868022810D14DF27C11C1F6FF71887992
:2089A000FEF766FBC0EB800048F68C51C0F2030101EBC0004068804728694AF29466C1F6CC
:2089C000FF760D2818D14DF27C14C1F6FF74207D01000BD03146206BFFF7D5F860B904F1BF
:2089E000100001220A21FFF7B7F805E000F02BFA01210846FFF7DFFB4DF27C14C1F6FF7441
:208A00000A21208AFFF7B6F8012826D104F1100000220A21FFF7A0F8676A57B1606CE663EF
:208A2000A0640B202861032001B0BDE8F049FFF743B92088342148F60042C0F2030200FBAB
:208A4000012006210089FFF795F8012803D13946304600F05AFB00F012FA28690B2855D1A5
:208A60002088342148F60042C0F2030200FB0120058909212846FFF77DF8278A8046042179
:208A80003846FFF777F8834638460921FFF772F8074628460221FFF76DF8012802BFB8F156
:208AA000010FBBF1000F012F0ED1606CA16C88420AD15946384600F0C6F95946042001B01E
:208AC000BDE8F049FFF777BB606C618D676A022F705403D13144000A487008E0032F06D114
:208AE0003144020A4A70020C8A70000EC87028460621FFF73FF8012803D13946304600F049
:208B000004FB01B0BDE8F04900F0B9B901B0BDE8F0894DF27811C1F6FF7108680D2818BF2B
:208B200070474DF27C12C1F6FF72108848F60043C0F20303342200FB0232136A002B03D1B7
:208B4000526A002A08BF704700EB80004AF6E842C1F6FF7202EB80020220906008220A609F
:208B6000FFF7AAB810B54DF26814C1F6FF7420690D2803D1062020610120E0600320FEF741
:208B8000D2FFE068022818BF10BD4DF27C11C1F6FF718879FEF76CFAC0EB800048F68C5159
:208BA000C0F2030101EBC0004069BDE810400047F0B54DF27C14C1F6FF742088012806D821
:208BC00018BFF0BD0020BDE8F040FFF775B8022808BFFFF77DF80221208AFEF7CBFF0746C4
:208BE000208848F60045C0F20305342100FB0150068904213046FEF7BDFF012808BF002FF5
:208C00003BD1206A032838D030460321FEF7B2FF4DF26816C1F6FF76B168012908BF002830
:208C200020D104F110003A460321FEF795FF3946384600F008F92088342100FB0150016A6F
:208C400011B9406A002808D000F048FA082030610220BDE8F040FFF72FB80120BDE8F040EB
:208C6000FFF7A9BA3946384600F0EDF80D2030613846BDE8F040FFF71FB800210420FFF7B0
:208C80009AFAF0BD2DE9F04B81B04DF24014C1F6FF74207A012843D14DF27C1BC1F6FF7B76
:208CA000BBF8000005041CE00021012000F0CBF80BF1100000221146FEF74EFFBBF800107D
:208CC0004AF6E843C1F6FF7305F5803501EB810203EB8202062393601A2353600131ABF88F
:208CE0000010280C0428DFD9607A012805D106204AF6FC41C1F6FF71886000252572257070
:208D00000621606800F0E7FA1A20606002214DF26810C1F6FF704160C5600C2101618FE0D5
:208D20000121084600F08FF84DF27C1BC1F6FF7BBBF80000012814D148F63442C0F2030219
:208D4000DBF83000D16988420BD10BF1100001221146FEF701FF0BF1100001220221FEF76E
:208D6000FBFEBBF8104001212046FEF703FF814620460221FEF7FEFE054620460321FEF76D
:208D8000F9FE064620460621FEF7F4FE0746BBF80000342148F60042C0F2030200FB012074
:208DA00005210089FEF7E6FE804620460421FEF7E1FE012810D0B9F1010F01BF012D002E27
:208DC000002F5FFA88F008BF012826D19BF80C009BF80D10884220D2DBF82000032810D1A2
:208DE0009BF80D009BF80C1088420AD80021084600F029F80021012001B0BDE8F04BFFF72F
:208E0000DAB90D204DF26811C1F6FF710861012001B0BDE8F04BFEF74FBF20460521FEF714
:208E2000A9FE012805D10BF1100000220221FEF793FE0021042001B0BDE8F04BFFF7BBB975
:208E400001B0BDE8F08B70B505460E464DF27C14C1F6FF740521208AFEF78CFE012818BF35
:208E600070BD2A4604F110000121FEF775FE324604F110000221BDE87040FEF76DBE4DF272
:208E80007C12C1F6FF72106A4DF26811C1F6FF7102284FF0010006BF0323107302230B615A
:208EA000C860704730B54DF27C14C1F6FF7420884AF29465C1F6FF754AF6E841C1F6FF715D
:208EC00000EB80008000405A0821FEF753FE01280DD1207D002808BF30BD2846216BFEF72F
:208EE00052FE60B1207D002818BF30BD1EE0002818BF30BD2846216BFEF745FEB0B90721DB
:208F0000208AFEF737FE012809D104F1100001220421FEF721FE618D206B00F0F7F900219F
:208F20000120FFF790FF0020022105E000210846FFF789FF01200021BDE83040FFF73BB935
:208F400010B5002032E0236B81184AF29462C1F6FF725B5C515C8B4226D004F1100000224B
:208F60000921FEF7F9FD0021E27CE1859AB104F1100001220A21FEF7EFFD4DF25011C1F621
:208F8000FF7100224DF26810C1F6FF700B78C2605A1E0A7010BD0846FFF755FF01210846F6
:208FA000BDE81040FFF707B9013080B24DF27C14C1F6FF74E28DA18D8842C4D35018E085DF
:208FC00010BD10B500202FE0236B11444AF29462C1F6FF725B5C515C8B4223D004F110006A
:208FE00000220921FEF7B8FDE17C080013D04DF25011C1F6FF710A7804F11000013A0A7030
:2090000001220A21FEF7A8FD00214DF26812C1F6FF72D16012E0FFF716FF01210846FFF7D2
:20902000CAF80BE000F580304DF27C14C1F6FF74E18D638D020C5B1A9A42C5DB0020E08503
:2090400010BD30B54DF26815C1F6FF75286900281CBF012830BD0020FEF765FDE8680228DC
:2090600018BF30BD4DF27C14C1F6FF74A079FDF7FFFF30BBE18D628D91420CD2A08D50B101
:20908000511A814203DBBDE83040FFF759BFBDE83040FFF796BF206A022808D128690128FA
:2090A00005D004F1100000220421FEF755FD00210120FFF7C8FE02210020BDE83040FFF7FC
:2090C0007AB8022808BF30BD00210846FFF7BBFE01210846BDE83040FFF76DB810B54DF2BE
:2090E0007C14C1F6FF742088342148F60042C0F2030200FB01200B210089FEF73BFD01285B
:2091000014BF01200520207510BD10B44DF27C13C1F6FF731A885C8D120A29B90255598D53
:2091200008441988417015E00444012905D16270598D0844198881700CE0022905D1A270BF
:20914000598D08441988C17004E02271598D08441988417110BC704710B44DF27C14C1F642
:20916000FF74638D1A1811B9C05C51780AE0012902D15078917805E0022907BF9078D178CC
:209180001079517901EB0020608010BC704730B54DF26815C1F6FF7529690120092918BF85
:2091A000112919D14DF27C14C1F6FF74A17C013904D3A174E8600021296130BD2188342270
:2091C00048F60043C0F2030301FB02312861E860897D2073A17430BD4DF27C14C1F6FF74C2
:2091E000A17C013903D3A1742861E86030BD2088342148F60042C0F2030200FB0120016AB4
:2092000009B9406A70B100210846FFF71CFE0320A061FFF763FF082028610220BDE83040DE
:20922000FEF74ABDFFF70FFE01210320BDE83040FEF7C1BF30B54DF26815C1F6FF752A6901
:20924000112A1EBF092A0A2A30BD4DF27C14C1F6FF74226A032A0AD1A07C01000CD1FFF725
:20926000F2FD01210320BDE83040FEF7A4BF012A23D1A07C010006D00138A0740020286145
:209280000120E86030BDFFF7DEFD0320A0612088342148F60042C0F2030200FB0120016AC8
:2092A00011B9406A0028DCD0FFF718FF082028610220BDE83040FEF7FFBCBDE83040FFF7B6
:2092C00066BF00EB80004AF6E842C1F6FF7202EB8000816070474DF24013C1F6FF73B0F10B
:2092E0000A02D96008D00020033A03D00C2A04D1022002E0012000E0042048F63043C0F28A
:2093000003031A68002A18BF10477047002208E010F802C04AF69F23C1F6FF7303F802C0FA
:2093200001328A42F4D370472DE9F04F82B04DF27C14C1F6FF7425884AF6E847C1F6FF77E7
:2093400005EB850086000421B85BFEF713FC4DF2781BC1F6FF7BDBF800100B2911D10128B1
:2093600004D1F01900220421FEF7F6FB01210846FFF769FD0221002002B0BDE8F04FFEF748
:209380001ABF80460121208AFEF7F4FB8246342048F60041C0F2030105FB00120B21158951
:2093A00001922846FEF7E6FB814628460821FEF7E1FB012808BFBAF1010F34D10199C8692C
:2093C00018B95FFA89F001282DD128460221FEF7D1FB98B95FFA88F0012804D1F019002226
:2093E0000421FEF7B9FB01210846FFF72CFD0021084602B0BDE8F04FFEF7DDBE207D90B19D
:209400004AF29465C1F6FF752946206BFEF7BBFB80B9E5630B20CBF80000032002B0BDE85E
:20942000F04FFEF749BC0021084602B0BDE8F04FFEF7C1BE02B0BDE8F08F20B4012B08BFDD
:209440000022002309E010F803C048F61C65C0F2030501338CEA0202AA5C8B42F3D31046FD
:2094600020BC704710B4012B08BF4FF6FF7200230FE010F803C08CEA12242406E40D48F60A
:209480001C7CC0F2030C34F80C40013384EA022292B28B42EDD3104610BC704770B515460B
:2094A00000240E1E14BF002A13244FD0052888BF17244BD8D179003922D0023903D304D0DD
:2094C000022908D331D01A2440E003281EBF05280320D0713AE0314600F05AF8A879B17871
:2094E000884204D86879717888422FD328E0707A012813D031462846042200F093F811E0BB
:20950000314600F045F8A8793179884203D86879F17888421AD2707A012803D1314628466B
:2095200000F069F80420E87110E0314600F030F8A879B179884209D868797179884205D37B
:2095400031462846224600F06DF8EC71204670BD02004FF0000012BF002913207047D37908
:209560000BB90B7803E0032B0CBFCB790B7A20B4014605E0D2F800C004250CF801500131C5
:209580009942F7D3908090710221D17120BC704710B4136892F804C003F80C00D07908B97F
:2095A000087803E003280CBFC879087A00210B4606E01468645C002C08BF03F180730131EF
:2095C0008142F6D3190E517100210B4606E01468645C032C08BF03F1807301318142F6D3E7
:2095E000190E91711179013881420CBF0020481C107110BC7047C2790AB90A7803E0032AD9
:209600000CBFCA790A7A002105E003684FF0040C03F801C001319142F7D30021A0F805109F
:2096200001717047C3790BB90B7803E0032B0CBFCB790B7A0AB9097803E0042A18BF7047F6
:20964000097A8B4228BF704720B4002106E0D0F800C0042501F180710CF802500A0EA3F1AB
:20966000010C6245F3D320BC7047F0B50F4615460024061E1ABF0029002A13243BD0018849
:209680003A78C80811F0070F295C07BF01F0F00102F00F0201F00F01120111432954B06804
:2096A000032813D1F088B188C308DBB210F0070FE85C04D100F0F000C1F3032104E010F0C7
:2096C0000F00090901F0F0010843E8542A463046397800F09BF87188C9086854387848F672
:2096E0008901C8F68801421CA2FB0110C008C0EB0010101A38702046F0BD08B9132070477A
:2097000000210170084670472DE9F04C0C460027BA46051E1ABF0029002A4FF0130A50D01C
:2097200049780E2001310E2998BF08466070E078012836D12888C10810F0070F505C18BFC2
:20974000000900F00F060F2E28BF4FF0170A38D26888C00812F800B0A868032808D1E88877
:20976000C10810F0070F505C18BF000900F00F073146284600F04AF8834520D1A86803286D
:2097800004D1A888C0F30320874218D1A07801280FD184F802A0A87B267060700420A06050
:2097A0000FE0607B0E283CBF013060730120A06007E032462146284600F094F801E00220D6
:2097C000A0605046BDE8F08C010004BF132070470020088001238B70CB7008718B608881B5
:2097E000704748B9012A09D1072905D849F21C10C0F20300405C7047032070470729FBD853
:2098000049F22410C0F20300405C704730B581B0044615460020A2888DF80300130A8DF8A2
:209820000220A2688DF80130013A12D320D0022A21D32FD10DF1020000231A460121FFF77B
:20984000FCFD02460DF1030000230121FFF7F5FD20E00DF1020000231A460121FFF7EDFD14
:2098600002460DF1010000230121FFF7E6FD11E011F0010F07D10DF1020000231A46012104
:20988000FFF7DBFD06E00DF1010000231A460121FFF7D3FD6188082909D3A268042A0AD0A2
:2098A0000246C90828460023FFF7C7FD09E011B9A268042A05D1C908284600231A46FFF7CB
:2098C000BCFD6188CB08A189C9084A1E934207D20246C81A411E581901300023FFF7ADFD14
:2098E00001B030BD10B40B789A422EBFD31A02F10F0CACEB0303DBB233B9487B0E283CBFB5
:2099000001304873052334E00024012B29D30BD8837B0A700C714A7B4B70C37B9A421BD86E
:209920000B7B4C732BB311E091F801C0634518D890F80EC00A705A1E0A714A7B81F801C06F
:20994000C37B9A4208D80B7B4C731BB1581E087303230EE006230CE04C73007C0323087306
:2099600007E04C73037C0B7313B1807B0A70487007238B6010BC704701F0004221F0004136
:2099800011F580131CD4A1F16051A1F58013B3F17E6F4FEAC00318D210F1805041F1000157
:2099A000B3F1004F08BF20F000504FEAC10323F0004343EA507040EA020000EE100A704762
:2099C000004218BF40F00050EFE721DA4FEA215CCCF1090CBCF1200F17D84FEAC121C302EA
:2099E00041EA5050CCF1200340F0004000FA03F318BF43F0010320FA0CF0B3F1004F28BF5E
:209A0000401C08BF20F00100D5E700EE102A7047A2F5000080F0004000EE100A704700224F
:209A200000F004B8C2175040801AD207B0FA80F1C1F11D038840010006D003F5806342EA0B
:209A4000D121400501EB035170476FF0030200F011B8002200F00EB86FF0020200F00AB8CE
:209A6000012200F007B84FF0FF3200F003B8032200F000B8E0B40B46CD170903490841F0D5
:209A8000004141EA5056C3F30A5140F21E435B1A26FA03F1202BA8BF002112F0010F1DD0B5
:209AA000202B1BD80B2BD9BFC3F10B0600FA06F6C3F1200C06FA0CF6F70F3944013F0F43E8
:209AC00008BF4FF0FF3312F0020F07D0B6F1004F04D10B2B00DD08B921F001019010421CB4
:209AE000934203DAE94381F0004101436940481BE0BC70472DE9E04983EA010CE04640F222
:209B0000000581B05B004900CFF6E075A94208D3AB4228BF41F48071490861F31E0C61461B
:209B200002E1AB4207D303D8100008BF1146F3D010461946F0E752EA030740EA010606D1D5
:209B400005F58071002E18BF29463846E4E7002EE2D04D0D4FEA505C4CEA81274FEAC02C3B
:209B600002D047F0004715E0012537B96FF01E05BCF100074FF0000C0CD0B7FA87F02D1ABE
:209B800007FA00F1C0F120062CFA06F646EA01070CFA00FC5E0D4FEA525141EA83214FEA51
:209BA000C22202D041F0004111E0012629B96FF01E06111E4FF0000209D0B1FA81F0361A4B
:209BC0008140C0F1200322FA03F3194382404808C0F14040A0EB101000EB10204300A1FB9A
:209BE00003B0C043A0FB03304300A1FB03B0C043A0FB03304300A1FB03B0C043A0FB03301B
:209C00004000A1FB00B3A2FB00B201FB00218A4288BF0133CA436FEA030BABFB0031A2FB1A
:209C2000003200FB0B2B5A458CBF481C0846ACFB0B12A7FB00E3A7FB0BB712EB0B025EEB25
:209C4000070EACFB000743F1000312185EEB070B43F10003114318BF4BF0010B1A00A5EB32
:209C6000060000F101015B4605D12039BBF100024FF0000309D0B2FA82F0091A8240C0F19E
:209C8000200523FA05F52A438340404640F2FE350D4440F2FE718D423CDA53EA020108BF8F
:209CA000002008BF00250B21002D0EDAC5F10B010025402909D303D901212B462A4604E068
:209CC00002F0010C4CEA52023F210026202903D31E46134600222039C1F1200716FA07FC32
:209CE00026FA01F603FA07FC4CEA060618BF46F00106CB4002FA07F73B43CA4002EB055226
:209D000003EBD673B3EBD67F38BF013210F00040024307E040F2000142460023C7F6F07187
:209D200061F31E021146184601B0BDE8E0892DE9E00181EA030C49005B004FF400170CF0D0
:209D4000004CF94238BFFB4280F085805E0D7D1E06EB5158B94228BFBB4245D33B43394342
:209D600005EA510105EA5303A2FB01760025E3FB0165A0FB0331FF18A0FB022356EB0100F8
:209D800045F10001FF1850F1000041F10001002A18BF47F0010711F4007F07D1020D3B0D0E
:209DA00042EA01313F0343EA003008E0420D7B0D08F1010842EAC121FF0243EAC02010EBCE
:209DC000D77041F10001012F68BF20F00100A8F5806211EB025158BF11F5801F32D441EAE6
:209DE0000C01BDE8E0017047B94216D250EA010602D14CEA510140E052EA030610D0490804
:209E000040004941A8F1010811EA570FF8D008F10108BB420BD33B43A4E752EA030603D1AE
:209E200010464CEA530128E0394305EA51015B0852005B41A8F1010813EA570FF8D008F166
:209E4000010891E700206146002AC4BFA1F5801181F0004111E0CD1A08BF904204D2804627
:209E6000491B10465B19424650EAC12604BF52EA030641F480114CEA5101BDE8E001704778
:209E800083F0004391EA030F00F19E80E0B46FF00007CD1A08BF904204D21646491B024618
:209EA0005B1930463F054E005D0016F5001F50D26D0D23EA0703C5EB565645D043F48013B1
:209EC000362E38DCD6F120050BD8203E203503FA05FC002A18BF4CF0020C33FA06F20023F7
:209EE00002E002FA05FCF24013FA05F5F3402A431CF10046504101EA070241EA0701594105
:209F00000DD349085FEA300041EA47014FEA3C0C05D3BCF1404F02D2401C41F10001794073
:209F20004FF400168918BCF1004F08BF20F0010016EB410F01D2E0BC70470020002954BF80
:209F400027F000413946F6E7761EB9D280185941F1E74FF4001C1CEB430FECD352EA033C32
:209F60001CBF19461046E6E74FEA033343EA12534FEA02324CE04FEA123242EA03524FEAB3
:209F80001333801A61EB0301E0BC50EA410C08BF0021704713D081EA030183EA010381EAA1
:209FA000030180EA020082EA000280EA020052EA430C19D150EA410C08BF002170474FF07D
:209FC00000004FF0000170474FF4001C1CEB430F73D21CEB410F80F0B3804FEA410CBCEB66
:209FE000430F08BF9042D5D9E0B44FEA135C8CF4006CCCEB1156362EC6DC3CF4006CB3D05D
:20A000004FEAC32343EA52534FEAC22243F000434FF0000C202E21BF94461A460023203E88
:20A02000C6F1200502FA05F75CEA070C22FA06F203FA05F742EA070223FA06F318BF42F092
:20A04000010201F000454FEA1156D5EB065692D04FEAC12141EA50514FEAC02041F0004137
:20A06000801A994102BFA6F1007601460020B1FA81FC01FA0CF1CCF1200C20FA0CF741EAE6
:20A080000701CCF1200C00FA0CF0A6EB0C56B6F5801627D45FEA405C4FEAD02040EA4150E1
:20A0A00010EBDC7046EBD121BCF1004F08BF20F0010041EA0501E0BC70471CEB410F3EBF8A
:20A0C00019461046704752EA033C1BBF1946104650EA013C70474FF04001C7F6F0714FF0FF
:20A0E000000070475FEA265CCCF10B06B6F1200C15DAC6F1210C10FA0CFC20FA06F008BF81
:20A100004FEAC07C28BFBCF1010FC6F1200C01FA0CF7784121FA06F745EB07010FE0CCF190
:20A12000210611FA06F7384321FA0CF040F1000001D25FF0010C08BF20F001002946E0BC1B
:20A14000704750EA410C04D152EA430C01D1001A18D0B0EB020C61EB030C18BF4CF0010C69
:20A1600091EA030247BF4FEAE17C2CF0010C01EA03028CEAE27CBCEBE27018BF012048BFDE
:20A180004FF0FF30704761B410F0030F06D0521E3BD300F8011B10F0030FF8D101F0FF0C34
:20A1A0004CEA0C2C402A4CEA0C4C1FD3A2F14002634665466646A0E86810A0E86810403AF8
:20A1C000A0E86810A0E86810F5D240321DD012F0200F1CBFA0E86810A0E8681012F0100F2C
:20A1E00018BFA0E8681012F00F020ED0121F06D340F804CB121F02D340F804CBF6E7121D6D
:20A2000003D000F8011B521EFBD161BC7047E1B5121F45DB4FF00305054012D0C5F1040533
:20A22000022D11F8013B00F8013B08DB11F8013B00F8013B03DD11F8013B00F8013B521B54
:20A240002EDB4FF003050D403DD1083A1CDB143A11DBB1E86840A0E86840B1E86840A0E8A6
:20A260006840203AF5DA12F1100FA2BFB1E86840A0E86840103A1432A1BFB1E82840A0E8A0
:20A280002840B2F10C02F7E7083209DB121FB9BF51F8043B40F8043B28C928C0A8BF121F90
:20A2A000121D00F08F80022A11F8013B00F8013BA4BF11F8013B00F8013BC4BF11F8013B27
:20A2C00000F8013B7EE021F0030151F804EB022D28DC4FD00C2A18DBA2F10C024FEA1E2309
:20A2E000B1E8E04043EA05634FEA152545EA06654FEA162646EA07664FEA172747EA0E67D4
:20A30000E8C0103AEADA0C3209DB4FEA1E2551F804EB45EA0E6540F8045B121FF5DAA1F1E6
:20A320000301BDE70C2A18DBA2F10C024FEA1E63B1E8E04043EA05234FEA156545EA0625D6
:20A340004FEA166646EA07264FEA176747EA0E27E8C0103AEADA0C3209DB4FEA1E6551F8F1
:20A3600004EB45EA0E2540F8045B121FF5DAA1F1010195E70C2A18DBA2F10C024FEA1E4381
:20A38000B1E8E04043EA05434FEA154545EA06454FEA164646EA07464FEA174747EA0E4753
:20A3A000E8C0103AEADA0C3209DB4FEA1E4551F804EB45EA0E4540F8045B121FF5DAA1F146
:20A3C00002016DE7BDE8E14070470C394FF000022BD360294FF000034FF0000C1BD3E0B48D
:20A3E000A1F118014FF000074FF000054FF00006A0E8EC10A0E8EC10A0E8EC10A0E8EC10D3
:20A40000A0E8EC102439A0E8EC10F1D201F12401E0BC0C3909D3A0E80C10A0E80C10A0E870
:20A420000C100C39A0E80C10F5D20C3103D040F8042B491EFBD17047002B18BF4022402A21
:20A4400088BF4022D2F1200306DAA2F1200321FA03F04FF00001704720FA02F001FA03FCCC
:20A4600040EA0C0021FA02F17047002B18BF4022402A88BF4022D2F1200306DAA2F12003EE
:20A4800000FA03F14FF00000704701FA02F120FA03FC41EA0C0100FA02F0704700B500F051
:20A4A000ACF808B1012000BD4DF2EC10C1F6FF70006800F05EF900BD4DF2F012C1F6FF722B
:20A4C000116809B100F099B8022070474DF2F012C1F6FF72116809B100F030BB0A207047D7
:20A4E00010B54DF2F014C1F6FF740021024684E80600016809B9616010BDC06800F09EF8E8
:20A500006068C06900F0A6FB0120206010BD10B54DF2EC14C1F6FF746168002902D0A16850
:20A520000A79904224BF012010BD09682073C0EB001001EB80002060BDE8104000F0C9B9E3
:20A5400010B54DF2F014C1F6FF742168002902D061680A7E904224BF012010BD8968C0EBB5
:20A56000800001EB800000F088F8002010BD4DF2F011C1F6FF710868002808BF704700F025
:20A5800048B830B504464DF2F015C1F6FF752868002808BF30BD6868007C844228BF30BDCB
:20A5A00000F07EFB68684069006850F8240000F071F8BDE8304000F091BB00F0B3BA10B519
:20A5C0004DF2EC14C1F6FF74217BFF290AD0A0680068C1EB011100EB81002060BDE8104065
:20A5E00000F011BB002010BD4CF24001C4F20701086840F00400086070474CF20801C4F2B5
:20A6000007010868C0F34010002894BF01200020704700B54EF60C51CEF20001086840F293
:20A620000401C0F2FA51C0F30F0008434EF60C51CEF200010860BFF34F8F00BD002808BF05
:20A64000704710B44FF20404C4F20704018880782268C1F3002340F2FE04CFF6FE742240C6
:20A660001A43C90742EAD13141EA00204FF20401C4F20701086010BC7047002808BF70479F
:20A680000021026802E0037A5350491C43689942F9D3704730B540F20002C4F20102116874
:20A6A0004EF60054CEF2000421F00041116010B96FF0020159E04CF24003C4F20703196855
:20A6C000401E21F00F0119604EF20C01C4F2070134D327D0801E13D317D001282ED110686E
:20A6E00040F000401060206940F004002061086820F002000860086840F0010008601DE04C
:20A70000206920F00400206118E0206940F004002061106840F000401060086820F003000A
:20A7200008600BE0106840F000401060206940F004002061086840F0030008604EF21000D5
:20A74000CEF2000005684EF21001CEF2000100200860206920F00200206130BF4EF21000D7
:20A76000CEF200006FF00401056020690840206130BD2DE9F00C81B04CF20004C4F20704CB
:20A780000268236862F301032360A36800210D4613F00303934208D0A3684CF2503C13F0DB
:20A7A00003036D1C6545F5D3012100295AD1036B009140F20006CFF6FF76EBB390F8345007
:20A7C000042D39D8B5B31A7D93F808C093F800B0DDF800A00BFA02FB4AEA0B0ACDF800A085
:20A7E000DDF800A0D3F804B002F108070CFA07F74AEA070ACDF800A0BBF1010F07D1009F82
:20A8000002F1100C0BFA0CFC47EA0C07009704EBC202B3F80CC0976C37404CEA070797645E
:20A82000D76CB3F80AC037404CEA0707D76418336D1EC8D1009A2264E26A22F00702E26230
:20A8400090F82820012A0DD1C06A58B1E26A06F1F8031A400368007913F007031A4342EADA
:20A860000020E062084601B0BDE8F00C7047002808BF70474168002908BF70470278002A85
:20A8800008BF704730B451F8100B11F80C4C4DF20003C4F2070303EB8000036823F001039F
:20A8A000036003684FF6FE05CFF6F07514F001042B4051F8085C23436C0711F8045C43EAC8
:20A8C00054532C07521E43EA14330360DBD130BC70472DE9F04F05004FF0010008BFBDE802
:20A8E000F08F4CF20004C4F20704206C20F00F002064216841F003012160A1684CF250369B
:20A900000020024611F00301032906D0A16811F00301521CB242F7D30120002818BFBDE8C9
:20A92000F08FA86BFFF7A3FF687A012810D1E9680A790020012A08BF02208A79012A08BF04
:20A9400040F008004979012908BF40F004006061297C002001291ED16B7C012B17D169696C
:20A9600009790246012908BF0323216921F0030119432161A16801F0040104290BD0A16869
:20A98000521CB24201F00401F7D3012003E0216921F001012161297E4FF0000A01295AD12D
:20A9A000697E012953D1EB6957460A464BB393F804B0BBF1010F0EBFD646D3468E46D4F886
:20A9C00018C048F2EF09CFF6FF794FEACE7E0CEA090C4CEADE694FEACB7C93F805B049EA30
:20A9E0005C494FEA0B7B49EA1B5B4BEA9C4C4CEADE4CC4F818C0D4F818C04CF0010CC4F890
:20AA000018C0D4F808C00CF0080CBCF1080F18D0D4F808C0D4F818B061F30B2BC4F818B0D8
:20AA20001144C9B201290CF0080C08BF0A4603D00F2908BF4FF0FF327F1CB742E5D34FF028
:20AA4000010AA1695A7962F30B21A16103E0A16921F00101A16195F8201040EA0A0001296E
:20AA60001ED10021216295F82110012918D1696AB1B1226A4FF2EF03CFF6C0731A400B68B9
:20AA80008988DB0742EAD362C1F30523090742EA034242EA11512162216A41F001012162B3
:20AAA00040F20008C4F20108D8F800104FF2FF02CFF600721140EA7941EA02412A7A120765
:20AAC00041EA1251C8F80010B5F8051095F804C00023C1F303274FEA0C7C090747EA1C37AF
:20AAE00047EA115761681A464FF2F00CCFF6F07C01EA0C0139436160E168B94204D0521C6B
:20AB0000B242E168F9D30123184318BFBDE8F08F2968012908BFBDE8F08F2846BDE8F04FBA
:20AB2000FFF727BE4FF20002C4F2070240F20331C0F21F01106811600840704710B54DF214
:20AB4000FC14C1F6FF74FFF7EDFF00280CBF20682060B0F580300ED210F57E4023D010F5EE
:20AB6000807022D0FE3022D0B0F1FF3F01D1082010BD092010BD001E13D0B0F580300ED003
:20AB8000B0F5003009D0B0F5802004D0B0F5002FEFD1002010BD012010BD022010BD03206D
:20ABA00010BD042010BD052010BD062010BD072010BD30B505460024FFF71FFD08BB05B31D
:20ABC0004CF22001C4F207010868C0F30010012805D028BF214604D2E869016801E0686997
:20ABE00001684CF22002C4F207021068C0F30540401C41431068C0F303204000801CB1FBA7
:20AC0000F0F4204630BD10B54CF20802C4F207021168002411F00301491E06D308D002294C
:20AC200009D315D1C068006807E04069006804E0FFF7BFFF01E0C069006848B14CF2040283
:20AC4000C4F207021168C1F30341491CB0FBF1F4204610BD002808BF704710B4026811882F
:20AC6000147A127CE407240DC1F30023D207C4EAC34343EA12724EF20803C4F207031A6002
:20AC80008088C907C207D20D42EA1141C0F3002041EAC0125A6010BC7047EFF31080704780
:20ACA00000B54CF20071C1F6FF71086800280DD1FFF7F3FF4CF2FC61C1F6FF710860086811
:20ACC00010F0010090F0010F00D072B64CF20071C1F6FF710868401C086000BD00B54CF231
:20ACE0000071C1F6FF7108684CF2FC62C1F6FF72401E0860106810F0010090F0010F08BFF2
:20AD000000BD4CF20071C1F6FF710868002818BF00BD62B600BDEFF31080704700B54CF283
:20AD20000871C1F6FF71086800280DD1FFF7F3FF4CF20471C1F6FF710860086810F0010062
:20AD400090F0010F00D072B64CF20871C1F6FF710868401C086000BD00B54CF20871C1F679
:20AD6000FF7108684CF20472C1F6FF72401E0860106810F0010090F0010F08BF00BD4CF286
:20AD80000871C1F6FF710868002818BF00BD62B600BD00B54CF21071C1F6FF7108680028DF
:20ADA0000DD1FFF7B8FF4CF20C71C1F6FF710860086810F0010090F0010F00D072B64CF287
:20ADC0001071C1F6FF710868401C086000BD00B54CF21071C1F6FF7108684CF20C72C1F65C
:20ADE000FF72401E0860106810F0010090F0010F08BF00BD4CF21071C1F6FF710868002811
:20AE000018BF00BD62B600BD00B54CF21871C1F6FF71086800280DD1FFF77DFF4CF214717B
:20AE2000C1F6FF710860086810F0010090F0010F00D072B64CF21871C1F6FF710868401CD0
:20AE4000086000BD00B54CF21871C1F6FF7108684CF21472C1F6FF72401E0860106810F090
:20AE6000010090F0010F08BF00BD4CF21871C1F6FF710868002818BF00BD62B600BD00B519
:20AE80004CF22071C1F6FF71086800280DD1FFF742FF4CF21C71C1F6FF710860086810F045
:20AEA000010090F0010F00D072B64CF22071C1F6FF710868401C086000BD00B54CF220719E
:20AEC000C1F6FF7108684CF21C72C1F6FF72401E0860106810F0010090F0010F08BF00BD94
:20AEE0004CF22071C1F6FF710868002818BF00BD62B600BD00B54CF22871C1F6FF71086838
:20AF000000280DD1FFF707FF4CF22471C1F6FF710860086810F0010090F0010F00D072B6D4
:20AF20004CF22871C1F6FF710868401C086000BD00B54CF22871C1F6FF7108684CF224722B
:20AF4000C1F6FF72401E0860106810F0010090F0010F08BF00BD4CF22871C1F6FF71086808
:20AF6000002818BF00BD62B600BD00B54CF23071C1F6FF71086800280DD1FFF7CCFE4CF211
:20AF80002C71C1F6FF710860086810F0010090F0010F00D072B64CF23071C1F6FF71086816
:20AFA000401C086000BD00B54CF23071C1F6FF7108684CF22C72C1F6FF72401E08601068A3
:20AFC00010F0010090F0010F08BF00BD4CF23071C1F6FF710868002818BF00BD62B600BD55
:20AFE00000B54CF23871C1F6FF71086800280DD1FFF791FE4CF23471C1F6FF7108600868B1
:20B0000010F0010090F0010F00D072B64CF23871C1F6FF710868401C086000BD00B54CF2B5
:20B020003871C1F6FF7108684CF23472C1F6FF72401E0860106810F0010090F0010F08BF2E
:20B0400000BD4CF23871C1F6FF710868002818BF00BD62B600BDEFF31080704700B54CF208
:20B060004071C1F6FF71086800280DD1FFF7F3FF4CF23C71C1F6FF710860086810F00100AF
:20B0800090F0010F00D072B64CF24071C1F6FF710868401C086000BD00B54CF24071C1F6C6
:20B0A000FF7108684CF23C72C1F6FF72401E0860106810F0010090F0010F08BF00BD4CF20B
:20B0C0004071C1F6FF710868002818BF00BD62B600BDEFF31080704700B54CF24871C1F60B
:20B0E000FF71086800280DD1FFF7F3FF4CF24471C1F6FF710860086810F0010090F0010FFF
:20B1000000D072B64CF24871C1F6FF710868401C086000BD00B54CF24871C1F6FF710868E5
:20B120004CF24472C1F6FF72401E0860106810F0010090F0010F08BF00BD4CF24871C1F6F2
:20B14000FF710868002818BF00BD62B600BD00B54CF25071C1F6FF71086800280DD1FFF737
:20B16000B8FF4CF24C71C1F6FF710860086810F0010090F0010F00D072B64CF25071C1F6DF
:20B18000FF710868401C086000BD00B54CF25071C1F6FF7108684CF24C72C1F6FF72401E81
:20B1A0000860106810F0010090F0010F08BF00BD4CF25071C1F6FF710868002818BF00BD48
:20B1C00062B600BD00B54CF25871C1F6FF71086800280DD1FFF77DFF4CF25471C1F6FF71A5
:20B1E0000860086810F0010090F0010F00D072B64CF25871C1F6FF710868401C086000BDCF
:20B2000000B54CF25871C1F6FF7108684CF25472C1F6FF72401E0860106810F0010090F0F0
:20B22000010F08BF00BD4CF25871C1F6FF710868002818BF00BD62B600BD00B54CF2607187
:20B24000C1F6FF71086800280DD1FFF742FF4CF25C71C1F6FF710860086810F0010090F08F
:20B26000010F00D072B64CF26071C1F6FF710868401C086000BD00B54CF26071C1F6FF71B4
:20B2800008684CF25C72C1F6FF72401E0860106810F0010090F0010F08BF00BD4CF26071A8
:20B2A000C1F6FF710868002818BF00BD62B600BD00B54CF26871C1F6FF71086800280DD1FD
:20B2C000FFF707FF4CF26471C1F6FF710860086810F0010090F0010F00D072B64CF26871C0
:20B2E000C1F6FF710868401C086000BD00B54CF26871C1F6FF7108684CF26472C1F6FF7297
:20B30000401E0860106810F0010090F0010F08BF00BD4CF26871C1F6FF710868002818BF2D
:20B3200000BD62B600BD00B54CF27071C1F6FF71086800280DD1FFF7CCFE4CF26C71C1F678
:20B34000FF710860086810F0010090F0010F00D072B64CF27071C1F6FF710868401C0860A2
:20B3600000BD00B54CF27071C1F6FF7108684CF26C72C1F6FF72401E0860106810F0010022
:20B3800090F0010F08BF00BD4CF27071C1F6FF710868002818BF00BD62B600BD00B54CF25F
:20B3A0007871C1F6FF71086800280DD1FFF791FE4CF27471C1F6FF710860086810F001005F
:20B3C00090F0010F00D072B64CF27871C1F6FF710868401C086000BD00B54CF27871C1F613
:20B3E000FF7108684CF27472C1F6FF72401E0860106810F0010090F0010F08BF00BD4CF290
:20B400007871C1F6FF710868002818BF00BD62B600BD00B54CF28071C1F6FF710868002878
:20B420000DD1FFF756FE4CF27C71C1F6FF710860086810F0010090F0010F00D072B64CF2F3
:20B440008071C1F6FF710868401C086000BD00B54CF28071C1F6FF7108684CF27C72C1F685
:20B46000FF72401E0860106810F0010090F0010F08BF00BD4CF28071C1F6FF71086800281A
:20B4800018BF00BD62B600BD00B54CF28871C1F6FF71086800280DD1FFF71BFE4CF2847178
:20B4A000C1F6FF710860086810F0010090F0010F00D072B64CF28871C1F6FF710868401CDA
:20B4C000086000BD00B54CF28871C1F6FF7108684CF28472C1F6FF72401E0860106810F02A
:20B4E000010090F0010F08BF00BD4CF28871C1F6FF710868002818BF00BD62B600BD00B523
:20B500004CF29071C1F6FF71086800280DD1FFF7E0FD4CF28C71C1F6FF710860086810F042
:20B52000010090F0010F00D072B64CF29071C1F6FF710868401C086000BD00B54CF2907137
:20B54000C1F6FF7108684CF28C72C1F6FF72401E0860106810F0010090F0010F08BF00BD9D
:20B560004CF29071C1F6FF710868002818BF00BD62B600BD00B54CF29871C1F6FF710868D1
:20B5800000280DD1FFF7A5FD4CF29471C1F6FF710860086810F0010090F0010F00D072B642
:20B5A0004CF29871C1F6FF710868401C086000BD00B54CF29871C1F6FF7108684CF2947255
:20B5C000C1F6FF72401E0860106810F0010090F0010F08BF00BD4CF29871C1F6FF71086812
:20B5E000002818BF00BD62B600BDEFF31080704700B54CF2A071C1F6FF71086800280AD1F3
:20B60000FFF7F3FF4CF29C71C1F6FF7108600868C00700D472B64CF2A071C1F6FF7108684F
:20B62000401C086000BD00B54CF2A071C1F6FF7108684CF29C72C1F6FF72401E086010683C
:20B64000C00748BF00BD4CF2A071C1F6FF710868002818BF00BD62B600BD00B54CF2A871DC
:20B66000C1F6FF71086800280AD1FFF7BEFF4CF2A471C1F6FF7108600868C00700D472B668
:20B680004CF2A871C1F6FF710868401C086000BD00B54CF2A871C1F6FF7108684CF2A47244
:20B6A000C1F6FF72401E08601068C00748BF00BD4CF2A871C1F6FF710868002818BF00BDEF
:20B6C00062B600BD00B54CF2B071C1F6FF71086800280AD1FFF789FF4CF2AC71C1F6FF71E7
:20B6E00008600868C00700D472B64CF2B071C1F6FF710868401C086000BD00B54CF2B07124
:20B70000C1F6FF7108684CF2AC72C1F6FF72401E08601068C00748BF00BD4CF2B071C1F62F
:20B72000FF710868002818BF00BD62B600BD00B54CF2B871C1F6FF71086800280AD1FFF7EC
:20B7400054FF4CF2B471C1F6FF7108600868C00700D472B64CF2B871C1F6FF710868401C17
:20B76000086000BD00B54CF2B871C1F6FF7108684CF2B472C1F6FF72401E08601068C00760
:20B7800048BF00BD4CF2B871C1F6FF710868002818BF00BD62B600BD00B54CF2C071C1F67B
:20B7A000FF71086800280AD1FFF71FFF4CF2BC71C1F6FF7108600868C00700D472B64CF227
:20B7C000C071C1F6FF710868401C086000BD00B54CF2C071C1F6FF7108684CF2BC72C1F642
:20B7E000FF72401E08601068C00748BF00BD4CF2C071C1F6FF710868002818BF00BD62B635
:20B8000000BD00B54CF2C871C1F6FF71086800280AD1FFF7EAFE4CF2C471C1F6FF710860C5
:20B820000868C00700D472B64CF2C871C1F6FF710868401C086000BD00B54CF2C871C1F663
:20B84000FF7108684CF2C472C1F6FF72401E08601068C00748BF00BD4CF2C871C1F6FF7105
:20B860000868002818BF00BD62B600BD00B54CF2D071C1F6FF71086800280AD1FFF7B5FE50
:20B880004CF2CC71C1F6FF7108600868C00700D472B64CF2D071C1F6FF710868401C086091
:20B8A00000BD00B54CF2D071C1F6FF7108684CF2CC72C1F6FF72401E08601068C00748BF50
:20B8C00000BD4CF2D071C1F6FF710868002818BF00BD62B600BD00B54CF2D871C1F6FF71A1
:20B8E000086800280AD1FFF780FE4CF2D471C1F6FF7108600868C00700D472B64CF2D87195
:20B90000C1F6FF710868401C086000BD00B54CF2D871C1F6FF7108684CF2D472C1F6FF7290
:20B92000401E08601068C00748BF00BD4CF2D871C1F6FF710868002818BF00BD62B600BD8F
:20B94000EFF31080704700B50CF07BF94CF2E071C1F6FF71086800280DD1FFF7F1FF4CF249
:20B96000DC71C1F6FF710860086810F0010090F0010F00D072B64CF2E071C1F6FF710868CC
:20B98000401C086000BD00B50CF05BF94CF2E071C1F6FF710868401E08604CF2DC71C1F6F3
:20B9A000FF71086810F0010090F0010F08BF00BD4CF2E071C1F6FF710868002818BF00BDB0
:20B9C00062B600BD00B50CF03CF94CF2E871C1F6FF71086800280DD1FFF7B2FF4CF2E4713E
:20B9E000C1F6FF710860086810F0010090F0010F00D072B64CF2E871C1F6FF710868401C35
:20BA0000086000BD00B50CF01CF94CF2E871C1F6FF710868401E08604CF2E471C1F6FF718D
:20BA2000086810F0010090F0010F08BF00BD4CF2E871C1F6FF710868002818BF00BD62B67F
:20BA400000BD00B50CF0FDF84CF2F071C1F6FF71086800280DD1FFF773FF4CF2EC71C1F68D
:20BA6000FF710860086810F0010090F0010F00D072B64CF2F071C1F6FF710868401C0860FB
:20BA800000BD00B50CF0DDF84CF2F071C1F6FF710868401E08604CF2EC71C1F6FF71086835
:20BAA00010F0010090F0010F08BF00BD4CF2F071C1F6FF710868002818BF00BD62B600BDAA
:20BAC00000B50CF0BEF84CF2F871C1F6FF71086800280DD1FFF734FF4CF2F471C1F6FF71C8
:20BAE0000860086810F0010090F0010F00D072B64CF2F871C1F6FF710868401C086000BD26
:20BB000000B50CF09EF84CF2F871C1F6FF710868401E08604CF2F471C1F6FF71086810F0A0
:20BB2000010090F0010F08BF00BD4CF2F871C1F6FF710868002818BF00BD62B600BD00B56C
:20BB40000CF07FF84CF60001C1F6FF71086800280DD1FFF7F5FE4CF2FC71C1F6FF7108606F
:20BB6000086810F0010090F0010F00D072B64CF60001C1F6FF710868401C086000BD00B5BC
:20BB80000CF05FF84CF60001C1F6FF710868401E08604CF2FC71C1F6FF71086810F001006F
:20BBA00090F0010F08BF00BD4CF60001C1F6FF710868002818BF00BD62B600BD00B50CF055
:20BBC00040F84CF60801C1F6FF71086800280DD1FFF7B6FE4CF60401C1F6FF710860086855
:20BBE00010F0010090F0010F00D072B64CF60801C1F6FF710868401C086000BD00B50CF0A8
:20BC000020F84CF60801C1F6FF710868401E08604CF60401C1F6FF71086810F0010090F005
:20BC2000010F08BF00BD4CF60801C1F6FF710868002818BF00BD62B600BD00B50CF001F853
:20BC40004CF61001C1F6FF71086800280DD1FFF777FE4CF60C01C1F6FF710860086810F03B
:20BC6000010090F0010F00D072B64CF61001C1F6FF710868401C086000BD00B50BF0E1FF40
:20BC80004CF61001C1F6FF710868401E08604CF60C01C1F6FF71086810F0010090F0010F7D
:20BCA00008BF00BD4CF61001C1F6FF710868002818BF00BD62B600BD00B50BF0C2FF4CF6D2
:20BCC0001801C1F6FF71086800280DD1FFF738FE4CF61401C1F6FF710860086810F001002B
:20BCE00090F0010F00D072B64CF61801C1F6FF710868401C086000BD00B50BF0A2FF4CF6B6
:20BD00001801C1F6FF710868401E08604CF61401C1F6FF71086810F0010090F0010F08BF67
:20BD200000BD4CF61801C1F6FF710868002818BF00BD62B600BD00B50BF083FF4CF620012E
:20BD4000C1F6FF71086800280DD1FFF7F9FD4CF61C01C1F6FF710860086810F0010090F07B
:20BD6000010F00D072B64CF62001C1F6FF710868401C086000BD00B50BF063FF4CF62001CB
:20BD8000C1F6FF710868401E08604CF61C01C1F6FF71086810F0010090F0010F08BF00BD3B
:20BDA0004CF62001C1F6FF710868002818BF00BD62B600BD00B50BF044FF4CF62801C1F6E3
:20BDC000FF71086800280DD1FFF7BAFD4CF62401C1F6FF710860086810F0010090F0010FD9
:20BDE00000D072B64CF62801C1F6FF710868401C086000BD00B50BF024FF4CF62801C1F6D3
:20BE0000FF710868401E08604CF62401C1F6FF71086810F0010090F0010F08BF00BD4CF627
:20BE20002801C1F6FF710868002818BF00BD62B600BD00B50BF005FF4CF63001C1F6FF7163
:20BE4000086800280DD1FFF77BFD4CF62C01C1F6FF710860086810F0010090F0010F00D02F
:20BE600072B64CF63001C1F6FF710868401C086000BD00B50BF0E5FE4CF63001C1F6FF71E2
:20BE80000868401E08604CF62C01C1F6FF71086810F0010090F0010F08BF00BD4CF63001DE
:20BEA000C1F6FF710868002818BF00BD62B600BD00B50BF0C6FE4CF63801C1F6FF710868D4
:20BEC00000280DD1FFF73CFD4CF63401C1F6FF710860086810F0010090F0010F00D072B62E
:20BEE0004CF63801C1F6FF710868401C086000BD00B50BF0A6FE4CF63801C1F6FF71086849
:20BF0000401E08604CF63401C1F6FF71086810F0010090F0010F08BF00BD4CF63801C1F606
:20BF2000FF710868002818BF00BD62B600BD00B50BF087FE4CF64001C1F6FF710868002819
:20BF40000DD1FFF7FDFC4CF63C01C1F6FF710860086810F0010090F0010F00D072B64CF6CB
:20BF60004001C1F6FF710868401C086000BD00B50BF067FE4CF64001C1F6FF710868401EDB
:20BF800008604CF63C01C1F6FF71086810F0010090F0010F08BF00BD4CF64001C1F6FF7164
:20BFA0000868002818BF00BD62B600BD00B50BF048FE4CF64801C1F6FF71086800280DD162
:20BFC000FFF7BEFC4CF64401C1F6FF710860086810F0010090F0010F00D072B64CF6480117
:20BFE000C1F6FF710868401C086000BD00B50BF028FE4CF64801C1F6FF710868401E08606B
:20C000004CF64401C1F6FF71086810F0010090F0010F08BF00BD4CF64801C1F6FF710868CB
:20C02000002818BF00BD62B600BD00B50BF009FE4CF65001C1F6FF71086800280DD1FFF792
:20C040007FFC4CF64C01C1F6FF710860086810F0010090F0010F00D072B64CF65001C1F604
:20C06000FF710868401C086000BD00B50BF0E9FD4CF65001C1F6FF710868401E08604CF697
:20C080004C01C1F6FF71086810F0010090F0010F08BF00BD4CF65001C1F6FF710868002855
:20C0A00018BF00BD62B600BD00B50BF0CAFD4CF65801C1F6FF71086800280DD1FFF740FC36
:20C0C0004CF65401C1F6FF710860086810F0010090F0010F00D072B64CF65801C1F6FF717F
:20C0E0000868401C086000BD00B50BF0AAFD4CF65801C1F6FF710868401E08604CF6540169
:20C10000C1F6FF71086810F0010090F0010F08BF00BD4CF65801C1F6FF710868002818BF42
:20C1200000BD62B600BD00B50BF08BFD4CF66001C1F6FF71086800280DD1FFF701FC4CF6C0
:20C140005C01C1F6FF710860086810F0010090F0010F00D072B64CF66001C1F6FF710868C0
:20C16000401C086000BD00B50BF06BFD4CF66001C1F6FF710868401E08604CF65C01C1F6D0
:20C18000FF71086810F0010090F0010F08BF00BD4CF66001C1F6FF710868002818BF00BDB4
:20C1A00062B600BD00B50BF04CFD4CF66801C1F6FF71086800280DD1FFF7C2FB4CF664010F
:20C1C000C1F6FF710860086810F0010090F0010F00D072B64CF66801C1F6FF710868401C39
:20C1E000086000BD00B50BF02CFD4CF66801C1F6FF710868401E08604CF66401C1F6FF716B
:20C20000086810F0010090F0010F08BF00BD4CF66801C1F6FF710868002818BF00BD62B683
:20C2200000BD00B50BF00DFD4CF67001C1F6FF71086800280DD1FFF783FB4CF66C01C1F65D
:20C24000FF710860086810F0010090F0010F00D072B64CF67001C1F6FF710868401C0860FF
:20C2600000BD00B50BF0EDFC4CF67001C1F6FF710868401E08604CF66C01C1F6FF71086812
:20C2800010F0010090F0010F08BF00BD4CF67001C1F6FF710868002818BF00BD62B600BDAE
:20C2A00000B50BF0CEFC4CF67801C1F6FF71086800280DD1FFF744FB4CF67401C1F6FF7199
:20C2C0000860086810F0010090F0010F00D072B64CF67801C1F6FF710868401C086000BD2A
:20C2E00000B50BF0AEFC4CF67801C1F6FF710868401E08604CF67401C1F6FF71086810F07E
:20C30000010090F0010F08BF00BD4CF67801C1F6FF710868002818BF00BD62B600BD00B570
:20C320000BF08FFC4CF68001C1F6FF71086800280DD1FFF705FB4CF67C01C1F6FF710860D3
:20C34000086810F0010090F0010F00D072B64CF68001C1F6FF710868401C086000BD00B554
:20C360000BF06FFC4CF68001C1F6FF710868401E08604CF67C01C1F6FF71086810F00100E0
:20C3800090F0010F08BF00BD4CF68001C1F6FF710868002818BF00BD62B600BD00B50BF0EE
:20C3A00050FC4CF68801C1F6FF71086800280DD1FFF7C6FA4CF68401C1F6FF71086008684D
:20C3C00010F0010090F0010F00D072B64CF68801C1F6FF710868401C086000BD00B50BF041
:20C3E00030FC4CF68801C1F6FF710868401E08604CF68401C1F6FF71086810F0010090F00A
:20C40000010F08BF00BD4CF68801C1F6FF710868002818BF00BD62B600BD00B50BF011FCD8
:20C420004CF69001C1F6FF71086800280DD1FFF787FA4CF68C01C1F6FF710860086810F047
:20C44000010090F0010F00D072B64CF69001C1F6FF710868401C086000BD00B50BF0F1FBCC
:20C460004CF69001C1F6FF710868401E08604CF68C01C1F6FF71086810F0010090F0010F95
:20C4800008BF00BD4CF69001C1F6FF710868002818BF00BD62B600BD00B50BF0D2FB4CF65E
:20C4A0009801C1F6FF71086800280DD1FFF748FA4CF69401C1F6FF710860086810F0010037
:20C4C00090F0010F00D072B64CF69801C1F6FF710868401C086000BD00B50BF0B2FB4CF642
:20C4E0009801C1F6FF710868401E08604CF69401C1F6FF71086810F0010090F0010F08BF80
:20C5000000BD4CF69801C1F6FF710868002818BF00BD62B600BD00B50BF093FB4CF6A0013A
:20C52000C1F6FF71086800280DD1FFF709FA4CF69C01C1F6FF710860086810F0010090F006
:20C54000010F00D072B64CF6A001C1F6FF710868401C086000BD00B50BF073FB4CF6A001D7
:20C56000C1F6FF710868401E08604CF69C01C1F6FF71086810F0010090F0010F08BF00BDD3
:20C580004CF6A001C1F6FF710868002818BF00BD62B600BD00B50BF054FB4CF6A801C1F6EF
:20C5A000FF71086800280DD1FFF7CAF94CF6A401C1F6FF710860086810F0010090F0010F65
:20C5C00000D072B64CF6A801C1F6FF710868401C086000BD00B50BF034FB4CF6A801C1F6DF
:20C5E000FF710868401E08604CF6A401C1F6FF71086810F0010090F0010F08BF00BD4CF6C0
:20C60000A801C1F6FF710868002818BF00BD62B600BD00B50BF015FB4CF6B001C1F6FF716F
:20C62000086800280DD1FFF78BF94CF6AC01C1F6FF710860086810F0010090F0010F00D0BB
:20C6400072B64CF6B001C1F6FF710868401C086000BD00B50BF0F5FA4CF6B001C1F6FF71EE
:20C660000868401E08604CF6AC01C1F6FF71086810F0010090F0010F08BF00BD4CF6B001F6
:20C68000C1F6FF710868002818BF00BD62B600BD00B50BF0D6FA4CF6B801C1F6FF71086860
:20C6A00000280DD1FFF74CF94CF6B401C1F6FF710860086810F0010090F0010F00D072B6BA
:20C6C0004CF6B801C1F6FF710868401C086000BD00B50BF0B6FA4CF6B801C1F6FF71086855
:20C6E000401E08604CF6B401C1F6FF71086810F0010090F0010F08BF00BD4CF6B801C1F61F
:20C70000FF710868002818BF00BD62B600BD00B50BF097FA4CF6C001C1F6FF7108680028A5
:20C720000DD1FFF70DF94CF6BC01C1F6FF710860086810F0010090F0010F00D072B64CF656
:20C74000C001C1F6FF710868401C086000BD00B50BF077FA4CF6C001C1F6FF710868401EE7
:20C7600008604CF6BC01C1F6FF71086810F0010090F0010F08BF00BD4CF6C001C1F6FF717C
:20C780000868002818BF00BD62B600BD00B50BF058FA4CF6C801C1F6FF71086800280DD1EE
:20C7A000FFF7CEF84CF6C401C1F6FF710860086810F0010090F0010F00D072B64CF6C80123
:20C7C000C1F6FF710868401C086000BD00B50BF038FA4CF6C801C1F6FF710868401E0860F7
:20C7E0004CF6C401C1F6FF71086810F0010090F0010F08BF00BD4CF6C801C1F6FF710868E4
:20C80000002818BF00BD62B600BD00B50BF019FA4CF6D001C1F6FF71086800280DD1FFF71E
:20C820008FF84CF6CC01C1F6FF710860086810F0010090F0010F00D072B64CF6D001C1F610
:20C84000FF710868401C086000BD00B50BF0F9F94CF6D001C1F6FF710868401E08604CF623
:20C86000CC01C1F6FF71086810F0010090F0010F08BF00BD4CF6D001C1F6FF71086800286D
:20C8800018BF00BD62B600BD00B50BF0DAF94CF6D801C1F6FF71086800280DD1FFF750F8B6
:20C8A0004CF6D401C1F6FF710860086810F0010090F0010F00D072B64CF6D801C1F6FF7197
:20C8C0000868401C086000BD00B50BF0BAF94CF6D801C1F6FF710868401E08604CF6D40175
:20C8E000C1F6FF71086810F0010090F0010F08BF00BD4CF6D801C1F6FF710868002818BFDB
:20C9000000BD62B600BDEFF31080704700B54CF6E001C1F6FF71086800280DD1FFF7F3FFFF
:20C920004CF6DC01C1F6FF710860086810F0010090F0010F00D072B64CF6E001C1F6FF7106
:20C940000868401C086000BD00B54CF6E001C1F6FF7108684CF6DC02C1F6FF72401E086069
:20C96000106810F0010090F0010F08BF00BD4CF6E001C1F6FF710868002818BF00BD62B69C
:20C9800000BD00B54CF6E801C1F6FF71086800280DD1FFF7B8FF4CF6E401C1F6FF710860FA
:20C9A000086810F0010090F0010F00D072B64CF6E801C1F6FF710868401C086000BD00B586
:20C9C0004CF6E801C1F6FF7108684CF6E402C1F6FF72401E0860106810F0010090F0010F76
:20C9E00008BF00BD4CF6E801C1F6FF710868002818BF00BD62B600BD00B54CF6F001C1F6C1
:20CA0000FF71086800280DD1FFF77DFF4CF6EC01C1F6FF710860086810F0010090F0010FFF
:20CA200000D072B64CF6F001C1F6FF710868401C086000BD00B54CF6F001C1F6FF71086834
:20CA40004CF6EC02C1F6FF72401E0860106810F0010090F0010F08BF00BD4CF6F001C1F641
:20CA6000FF710868002818BF00BD62B600BD00B54CF6F801C1F6FF71086800280DD1FFF7C2
:20CA800042FF4CF6F401C1F6FF710860086810F0010090F0010F00D072B64CF6F801C1F6A4
:20CAA000FF710868401C086000BD00B54CF6F801C1F6FF7108684CF6F402C1F6FF72401ED0
:20CAC0000860106810F0010090F0010F08BF00BD4CF6F801C1F6FF710868002818BF00BDD3
:20CAE00062B600BD00B54CF60011C1F6FF71086800280DD1FFF707FF4CF6FC01C1F6FF715A
:20CB00000860086810F0010090F0010F00D072B64CF60011C1F6FF710868401C086000BD49
:20CB200000B54CF60011C1F6FF7108684CF6FC02C1F6FF72401E0860106810F0010090F02F
:20CB4000010F08BF00BD4CF60011C1F6FF710868002818BF00BD62B600BD00B54CF60811B6
:20CB6000C1F6FF71086800280DD1FFF7CCFE4CF60411C1F6FF710860086810F0010090F081
:20CB8000010F00D072B64CF60811C1F6FF710868401C086000BD00B54CF60811C1F6FF71E3
:20CBA00008684CF60412C1F6FF72401E0860106810F0010090F0010F08BF00BD4CF60811D7
:20CBC000C1F6FF710868002818BF00BD62B600BD00B54CF61011C1F6FF71086800280DD178
:20CBE000FFF791FE4CF60C11C1F6FF710860086810F0010090F0010F00D072B64CF6101166
:20CC0000C1F6FF710868401C086000BD00B54CF61011C1F6FF7108684CF60C12C1F6FF72C5
:20CC2000401E0860106810F0010090F0010F08BF00BD4CF61011C1F6FF710868002818BFA8
:20CC400000BD62B600BD00B54CF61811C1F6FF71086800280DD1FFF756FE4CF61411C1F61D
:20CC6000FF710860086810F0010090F0010F00D072B64CF61811C1F6FF710868401C08601D
:20CC800000BD00B54CF61811C1F6FF7108684CF61412C1F6FF72401E0860106810F0010051
:20CCA00090F0010F08BF00BD4CF61811C1F6FF710868002818BF00BD62B600BD00B54CF6D6
:20CCC0002011C1F6FF71086800280DD1FFF71BFE4CF61C11C1F6FF710860086810F0010008
:20CCE00090F0010F00D072B64CF62011C1F6FF710868401C086000BD00B54CF62011C1F642
:20CD0000FF7108684CF61C12C1F6FF72401E0860106810F0010090F0010F08BF00BD4CF606
:20CD20002011C1F6FF710868002818BF00BD62B600BD00B54CF62811C1F6FF7108680028AB
:20CD40000DD1FFF7E0FD4CF62411C1F6FF710860086810F0010090F0010F00D072B64CF6E1
:20CD60002811C1F6FF710868401C086000BD00B54CF62811C1F6FF7108684CF62412C1F66C
:20CD8000FF72401E0860106810F0010090F0010F08BF00BD4CF62811C1F6FF710868002895
:20CDA00018BF00BD62B600BD00B54CF63011C1F6FF71086800280DD1FFF7A5FD4CF62C111E
:20CDC000C1F6FF710860086810F0010090F0010F00D072B64CF63011C1F6FF710868401C55
:20CDE000086000BD00B54CF63011C1F6FF7108684CF62C12C1F6FF72401E0860106810F059
:20CE0000010090F0010F08BF00BD4CF63011C1F6FF710868002818BF00BD62B600BD00B59D
:20CE20004CF63811C1F6FF71086800280DD1FFF76AFD4CF63411C1F6FF710860086810F0E7
:20CE4000010090F0010F00D072B64CF63811C1F6FF710868401C086000BD00B54CF6381166
:20CE6000C1F6FF7108684CF63412C1F6FF72401E0860106810F0010090F0010F08BF00BD18
:20CE80004CF63811C1F6FF710868002818BF00BD62B600BD00B54CF64011C1F6FF71086800
:20CEA00000280DD1FFF72FFD4CF63C11C1F6FF710860086810F0010090F0010F00D072B633
:20CEC0004CF64011C1F6FF710868401C086000BD00B54CF64011C1F6FF7108684CF63C1238
:20CEE000C1F6FF72401E0860106810F0010090F0010F08BF00BD4CF64011C1F6FF7108688D
:20CF0000002818BF00BD62B600BD00B54CF64811C1F6FF71086800280DD1FFF7F4FC4CF66B
:20CF20004411C1F6FF710860086810F0010090F0010F00D072B64CF64811C1F6FF710868E2
:20CF4000401C086000BD00B54CF64811C1F6FF7108684CF64412C1F6FF72401E086010686B
:20CF600010F0010090F0010F08BF00BD4CF64811C1F6FF710868002818BF00BD62B600BDD9
:20CF800000B54CF65011C1F6FF71086800280DD1FFF7B9FC4CF64C11C1F6FF710860086853
:20CFA00010F0010090F0010F00D072B64CF65011C1F6FF710868401C086000BD00B54CF636
:20CFC0005011C1F6FF7108684CF64C12C1F6FF72401E0860106810F0010090F0010F08BFFB
:20CFE00000BD4CF65011C1F6FF710868002818BF00BD62B600BD00B54CF65811C1F6FF7122
:20D00000086800280DD1FFF77EFC4CF65411C1F6FF710860086810F0010090F0010F00D023
:20D0200072B64CF65811C1F6FF710868401C086000BD00B54CF65811C1F6FF7108684CF6CC
:20D040005412C1F6FF72401E0860106810F0010090F0010F08BF00BD4CF65811C1F6FF711D
:20D060000868002818BF00BD62B600BD00B54CF66011C1F6FF71086800280DD1FFF743FC75
:20D080004CF65C11C1F6FF710860086810F0010090F0010F00D072B64CF66011C1F6FF717F
:20D0A0000868401C086000BD00B54CF66011C1F6FF7108684CF65C12C1F6FF72401E0860E2
:20D0C000106810F0010090F0010F08BF00BD4CF66011C1F6FF710868002818BF00BD62B6A5
:20D0E00000BD00B54CF66811C1F6FF71086800280DD1FFF708FC4CF66411C1F6FF71086026
:20D10000086810F0010090F0010F00D072B64CF66811C1F6FF710868401C086000BD00B58E
:20D120004CF66811C1F6FF7108684CF66412C1F6FF72401E0860106810F0010090F0010FEE
:20D1400008BF00BD4CF66811C1F6FF710868002818BF00BD62B600BD00B54CF67011C1F639
:20D16000FF71086800280DD1FFF7CDFB4CF66C11C1F6FF710860086810F0010090F0010FBC
:20D1800000D072B64CF67011C1F6FF710868401C086000BD00B54CF67011C1F6FF710868AD
:20D1A0004CF66C12C1F6FF72401E0860106810F0010090F0010F08BF00BD4CF67011C1F6BA
:20D1C000FF710868002818BF00BD62B600BD00B54CF67811C1F6FF71086800280DD1FFF7CB
:20D1E00092FB4CF67411C1F6FF710860086810F0010090F0010F00D072B64CF67811C1F6D1
:20D20000FF710868401C086000BD00B54CF67811C1F6FF7108684CF67412C1F6FF72401E48
:20D220000860106810F0010090F0010F08BF00BD4CF67811C1F6FF710868002818BF00BDDB
:20D2400062B600BD00B54CF68011C1F6FF71086800280DD1FFF757FB4CF67C11C1F6FF7196
:20D260000860086810F0010090F0010F00D072B64CF68011C1F6FF710868401C086000BD62
:20D2800000B54CF68011C1F6FF7108684CF67C12C1F6FF72401E0860106810F0010090F0B8
:20D2A000010F08BF00BD4CF68011C1F6FF710868002818BF00BD62B600BD00B54CF688114F
:20D2C000C1F6FF71086800280DD1FFF71CFB4CF68411C1F6FF710860086810F0010090F04D
:20D2E000010F00D072B64CF68811C1F6FF710868401C086000BD00B54CF68811C1F6FF717C
:20D3000008684CF68412C1F6FF72401E0860106810F0010090F0010F08BF00BD4CF688116F
:20D32000C1F6FF710868002818BF00BD62B600BD00B54CF69011C1F6FF71086800280DD190
:20D34000FFF7E1FA4CF68C11C1F6FF710860086810F0010090F0010F00D072B64CF69011B2
:20D36000C1F6FF710868401C086000BD00B54CF69011C1F6FF7108684CF68C12C1F6FF725E
:20D38000401E0860106810F0010090F0010F08BF00BD4CF69011C1F6FF710868002818BFC1
:20D3A00000BD62B600BD00B54CF69811C1F6FF71086800280DD1FFF7A6FA4CF69411C1F66A
:20D3C000FF710860086810F0010090F0010F00D072B64CF69811C1F6FF710868401C086036
:20D3E00000BD00B54CF69811C1F6FF7108684CF69412C1F6FF72401E0860106810F00100EA
:20D4000090F0010F08BF00BD4CF69811C1F6FF710868002818BF00BD62B600BD00B54CF6EE
:20D42000A011C1F6FF71086800280DD1FFF76BFA4CF69C11C1F6FF710860086810F0010054
:20D4400090F0010F00D072B64CF6A011C1F6FF710868401C086000BD00B54CF6A011C1F6DA
:20D46000FF7108684CF69C12C1F6FF72401E0860106810F0010090F0010F08BF00BD4CF61F
:20D48000A011C1F6FF710868002818BF00BD62B600BD00B54CF6A811C1F6FF710868002844
:20D4A0000DD1FFF730FA4CF6A411C1F6FF710860086810F0010090F0010F00D072B64CF6AD
:20D4C000A811C1F6FF710868401C086000BD00B54CF6A811C1F6FF7108684CF6A412C1F685
:20D4E000FF72401E0860106810F0010090F0010F08BF00BD4CF6A811C1F6FF7108680028AE
:20D5000018BF00BD62B600BD00B54CF6B011C1F6FF71086800280DD1FFF7F5F94CF6AC116A
:20D52000C1F6FF710860086810F0010090F0010F00D072B64CF6B011C1F6FF710868401C6D
:20D54000086000BD00B54CF6B011C1F6FF7108684CF6AC12C1F6FF72401E0860106810F0F1
:20D56000010090F0010F08BF00BD4CF6B011C1F6FF710868002818BF00BD62B600BD00B5B6
:20D580004CF6B811C1F6FF71086800280DD1FFF7BAF94CF6B411C1F6FF710860086810F034
:20D5A000010090F0010F00D072B64CF6B811C1F6FF710868401C086000BD00B54CF6B811FF
:20D5C000C1F6FF7108684CF6B412C1F6FF72401E0860106810F0010090F0010F08BF00BD31
:20D5E0004CF6B811C1F6FF710868002818BF00BD62B600BD00B54CF6C011C1F6FF71086899
:20D6000000280DD1FFF77FF94CF6BC11C1F6FF710860086810F0010090F0010F00D072B6FF
:20D620004CF6C011C1F6FF710868401C086000BD00B54CF6C011C1F6FF7108684CF6BC1250
:20D64000C1F6FF72401E0860106810F0010090F0010F08BF00BD4CF6C011C1F6FF710868A5
:20D66000002818BF00BD62B600BD00B54CF6C811C1F6FF71086800280DD1FFF744F94CF637
:20D68000C411C1F6FF710860086810F0010090F0010F00D072B64CF6C811C1F6FF7108687B
:20D6A000401C086000BD00B54CF6C811C1F6FF7108684CF6C412C1F6FF72401E0860106804
:20D6C00010F0010090F0010F08BF00BD4CF6C811C1F6FF710868002818BF00BD62B600BDF2
:20D6E00000B54CF6D011C1F6FF71086800280DD1FFF709F94CF6CC11C1F6FF71086008689F
:20D7000010F0010090F0010F00D072B64CF6D011C1F6FF710868401C086000BD00B54CF64E
:20D72000D011C1F6FF7108684CF6CC12C1F6FF72401E0860106810F0010090F0010F08BF93
:20D7400000BD4CF6D011C1F6FF710868002818BF00BD62B600BD00B54CF6D811C1F6FF71BA
:20D76000086800280DD1FFF7CEF84CF6D411C1F6FF710860086810F0010090F0010F00D0F0
:20D7800072B64CF6D811C1F6FF710868401C086000BD00B54CF6D811C1F6FF7108684CF665
:20D7A000D412C1F6FF72401E0860106810F0010090F0010F08BF00BD4CF6D811C1F6FF71B6
:20D7C0000868002818BF00BD62B600BD00B54CF6E011C1F6FF71086800280DD1FFF793F842
:20D7E0004CF6DC11C1F6FF710860086810F0010090F0010F00D072B64CF6E011C1F6FF7118
:20D800000868401C086000BD00B54CF6E011C1F6FF7108684CF6DC12C1F6FF72401E08607A
:20D82000106810F0010090F0010F08BF00BD4CF6E011C1F6FF710868002818BF00BD62B6BD
:20D8400000BD00B54CF6E811C1F6FF71086800280DD1FFF758F84CF6E411C1F6FF71086072
:20D86000086810F0010090F0010F00D072B64CF6E811C1F6FF710868401C086000BD00B5A7
:20D880004CF6E811C1F6FF7108684CF6E412C1F6FF72401E0860106810F0010090F0010F87
:20D8A00008BF00BD4CF6E811C1F6FF710868002818BF00BD62B600BD00B54CF6F011C1F6D2
:20D8C000FF71086800280DD1FFF71DF84CF6EC11C1F6FF710860086810F0010090F0010F88
:20D8E00000D072B64CF6F011C1F6FF710868401C086000BD00B54CF6F011C1F6FF71086846
:20D900004CF6EC12C1F6FF72401E0860106810F0010090F0010F08BF00BD4CF6F011C1F652
:20D92000FF710868002818BF00BD62B600BD00B54CF6F811C1F6FF71086800280DD1FEF7E4
:20D94000E2FF4CF6F411C1F6FF710860086810F0010090F0010F00D072B64CF6F811C1F615
:20D96000FF710868401C086000BD00B54CF6F811C1F6FF7108684CF6F412C1F6FF72401EE1
:20D980000860106810F0010090F0010F08BF00BD4CF6F811C1F6FF710868002818BF00BDF4
:20D9A00062B600BD00B54CF60021C1F6FF71086800280DD1FEF7A7FF4CF6FC11C1F6FF71CC
:20D9C0000860086810F0010090F0010F00D072B64CF60021C1F6FF710868401C086000BD6B
:20D9E00000B54CF60021C1F6FF7108684CF6FC12C1F6FF72401E0860106810F0010090F041
:20DA0000010F08BF00BD4CF60021C1F6FF710868002818BF00BD62B600BD00B54CF60821C7
:20DA2000C1F6FF71086800280DD1FEF76CFF4CF60421C1F6FF710860086810F0010090F002
:20DA4000010F00D072B64CF60821C1F6FF710868401C086000BD00B54CF60821C1F6FF71F4
:20DA600008684CF60422C1F6FF72401E0860106810F0010090F0010F08BF00BD4CF60821E8
:20DA8000C1F6FF710868002818BF00BD62B600BD00B54CF61021C1F6FF71086800280DD199
:20DAA000FEF731FF4CF60C21C1F6FF710860086810F0010090F0010F00D072B64CF61021D7
:20DAC000C1F6FF710868401C086000BD00B54CF61021C1F6FF7108684CF60C22C1F6FF72D7
:20DAE000401E0860106810F0010090F0010F08BF00BD4CF61021C1F6FF710868002818BFCA
:20DB000000BD62B600BD00B54CF61821C1F6FF71086800280DD1FEF7F6FE4CF61421C1F68F
:20DB2000FF710860086810F0010090F0010F00D072B64CF61821C1F6FF710868401C08603E
:20DB400000BD00B54CF61821C1F6FF7108684CF61422C1F6FF72401E0860106810F0010062
:20DB600090F0010F08BF00BD4CF61821C1F6FF710868002818BF00BD62B600BD00B54CF6F7
:20DB80002021C1F6FF71086800280DD1FEF7BBFE4CF61C21C1F6FF710860086810F001007A
:20DBA00090F0010F00D072B64CF62021C1F6FF710868401C086000BD00B54CF62021C1F653
:20DBC000FF7108684CF61C22C1F6FF72401E0860106810F0010090F0010F08BF00BD4CF628
:20DBE0002021C1F6FF710868002818BF00BD62B600BDEFF31080704700B54CF62821C1F69C
:20DC0000FF71086800280DD1FFF7F3FF4CF62421C1F6FF710860086810F0010090F0010F1F
:20DC200000D072B64CF62821C1F6FF710868401C086000BD00B54CF62821C1F6FF71086872
:20DC40004CF62422C1F6FF72401E0860106810F0010090F0010F08BF00BD4CF62821C1F67F
:20DC6000FF710868002818BF00BD62B600BD00B54CF63021C1F6FF71086800280DD1FFF758
:20DC8000B8FF4CF62C21C1F6FF710860086810F0010090F0010F00D072B64CF63021C1F66C
:20DCA000FF710868401C086000BD00B54CF63021C1F6FF7108684CF62C22C1F6FF72401E0E
:20DCC0000860106810F0010090F0010F08BF00BD4CF63021C1F6FF710868002818BF00BD69
:20DCE00062B600BD00B54CF63821C1F6FF71086800280DD1FFF77DFF4CF63421C1F6FF7132
:20DD00000860086810F0010090F0010F00D072B64CF63821C1F6FF710868401C086000BDEF
:20DD200000B54CF63821C1F6FF7108684CF63422C1F6FF72401E0860106810F0010090F07D
:20DD4000010F08BF00BD4CF63821C1F6FF710868002818BF00BD62B600BD00B54CF6402114
:20DD6000C1F6FF71086800280DD1FFF742FF4CF63C21C1F6FF710860086810F0010090F0B0
:20DD8000010F00D072B64CF64021C1F6FF710868401C086000BD00B54CF64021C1F6FF7141
:20DDA00008684CF63C22C1F6FF72401E0860106810F0010090F0010F08BF00BD4CF6402135
:20DDC000C1F6FF710868002818BF00BD62B600BD00B54CF64821C1F6FF71086800280DD11E
:20DDE000FFF707FF4CF64421C1F6FF710860086810F0010090F0010F00D072B64CF648214D
:20DE0000C1F6FF710868401C086000BD00B54CF64821C1F6FF7108684CF64422C1F6FF7223
:20DE2000401E0860106810F0010090F0010F08BF00BD4CF64821C1F6FF710868002818BF4E
:20DE400000BD62B600BD00B54CF65021C1F6FF71086800280DD1FFF7CCFE4CF64C21C1F605
:20DE6000FF710860086810F0010090F0010F00D072B64CF65021C1F6FF710868401C0860C3
:20DE800000BD00B54CF65021C1F6FF7108684CF64C22C1F6FF72401E0860106810F00100AF
:20DEA00090F0010F08BF00BD4CF65021C1F6FF710868002818BF00BD62B600BD00B54CF67C
:20DEC0005821C1F6FF71086800280DD1FFF791FE4CF65421C1F6FF710860086810F00100F0
:20DEE00090F0010F00D072B64CF65821C1F6FF710868401C086000BD00B54CF65821C1F6A0
:20DF0000FF7108684CF65422C1F6FF72401E0860106810F0010090F0010F08BF00BD4CF6AC
:20DF20005821C1F6FF710868002818BF00BD62B600BD00B54CF66021C1F6FF710868002809
:20DF40000DD1FFF756FE4CF65C21C1F6FF710860086810F0010090F0010F00D072B64CF610
:20DF60006021C1F6FF710868401C086000BD00B54CF66021C1F6FF7108684CF65C22C1F682
:20DF8000FF72401E0860106810F0010090F0010F08BF00BD4CF66021C1F6FF71086800283B
:20DFA00018BF00BD62B600BD00B54CF66821C1F6FF71086800280DD1FFF71BFE4CF6642105
:20DFC000C1F6FF710860086810F0010090F0010F00D072B64CF66821C1F6FF710868401CFB
:20DFE000086000BD00B54CF66821C1F6FF7108684CF66422C1F6FF72401E0860106810F0B7
:20E00000010090F0010F08BF00BD4CF66821C1F6FF710868002818BF00BD62B600BD00B543
:20E020004CF67021C1F6FF71086800280DD1FFF7E0FD4CF66C21C1F6FF710860086810F0CF
:20E04000010090F0010F00D072B64CF67021C1F6FF710868401C086000BD00B54CF67021C4
:20E06000C1F6FF7108684CF66C22C1F6FF72401E0860106810F0010090F0010F08BF00BDBE
:20E080004CF67021C1F6FF710868002818BF00BD62B600BD00B54CF67821C1F6FF7108685E
:20E0A00000280DD1FFF7A5FD4CF67421C1F6FF710860086810F0010090F0010F00D072B663
:20E0C0004CF67821C1F6FF710868401C086000BD00B54CF67821C1F6FF7108684CF674224E
:20E0E000C1F6FF72401E0860106810F0010090F0010F08BF00BD4CF67821C1F6FF71086833
:20E10000002818BF00BD62B600BDEFF31080704700B54CF68021C1F6FF71086800280DD110
:20E12000FFF7F3FF4CF67C21C1F6FF710860086810F0010090F0010F00D072B64CF68021AD
:20E14000C1F6FF710868401C086000BD00B54CF68021C1F6FF7108684CF67C22C1F6FF7270
:20E16000401E0860106810F0010090F0010F08BF00BD4CF68021C1F6FF710868002818BFD3
:20E1800000BD62B600BD00B54CF68821C1F6FF71086800280DD1FFF7B8FF4CF68421C1F665
:20E1A000FF710860086810F0010090F0010F00D072B64CF68821C1F6FF710868401C086048
:20E1C00000BD00B54CF68821C1F6FF7108684CF68422C1F6FF72401E0860106810F00100FC
:20E1E00090F0010F08BF00BD4CF68821C1F6FF710868002818BF00BD62B600BD00B54CF601
:20E200009021C1F6FF71086800280DD1FFF77DFF4CF68C21C1F6FF710860086810F001004F
:20E2200090F0010F00D072B64CF69021C1F6FF710868401C086000BD00B54CF69021C1F6EC
:20E24000FF7108684CF68C22C1F6FF72401E0860106810F0010090F0010F08BF00BD4CF631
:20E260009021C1F6FF710868002818BF00BD62B600BDEFF31080704700B509F0E2FC4CF6CE
:20E280009821C1F6FF71086800280DD1FFF7F1FF4CF69421C1F6FF710860086810F001004B
:20E2A00090F0010F00D072B64CF69821C1F6FF710868401C086000BD00B509F0C2FC4CF615
:20E2C0009821C1F6FF710868401E08604CF69421C1F6FF71086810F0010090F0010F08BF42
:20E2E00000BD4CF69821C1F6FF710868002818BF00BD62B600BD00B509F0A3FC4CF6A021EE
:20E30000C1F6FF71086800280DD1FFF7B2FF4CF69C21C1F6FF710860086810F0010090F03A
:20E32000010F00D072B64CF6A021C1F6FF710868401C086000BD00B509F083FC4CF6A0218A
:20E34000C1F6FF710868401E08604CF69C21C1F6FF71086810F0010090F0010F08BF00BDB5
:20E360004CF6A021C1F6FF710868002818BF00BD62B600BD00B509F064FC4CF6A821C1F6A2
:20E38000FF71086800280DD1FFF773FF4CF6A421C1F6FF710860086810F0010090F0010F98
:20E3A00000D072B64CF6A821C1F6FF710868401C086000BD00B509F044FC4CF6A821C1F692
:20E3C000FF710868401E08604CF6A421C1F6FF71086810F0010090F0010F08BF00BD4CF6A2
:20E3E000A821C1F6FF710868002818BF00BD62B600BD00B509F025FC4CF6B021C1F6FF7123
:20E40000086800280DD1FFF734FF4CF6AC21C1F6FF710860086810F0010090F0010F00D0EE
:20E4200072B64CF6B021C1F6FF710868401C086000BD00B509F005FC4CF6B021C1F6FF71A0
:20E440000868401E08604CF6AC21C1F6FF71086810F0010090F0010F08BF00BD4CF6B021B8
:20E46000C1F6FF710868002818BF00BD62B600BD00B509F0E6FB4CF6B821C1F6FF71086833
:20E4800000280DD1FFF7F5FE4CF6B421C1F6FF710860086810F0010090F0010F00D072B6EE
:20E4A0004CF6B821C1F6FF710868401C086000BD00B509F0C6FB4CF6B821C1F6FF71086808
:20E4C000401E08604CF6B421C1F6FF71086810F0010090F0010F08BF00BD4CF6B821C1F6E1
:20E4E000FF710868002818BF00BD62B600BD00B509F0A7FB4CF6C021C1F6FF710868002879
:20E500000DD1FFF7B6FE4CF6BC21C1F6FF710860086810F0010090F0010F00D072B64CF68A
:20E52000C021C1F6FF710868401C086000BD00B509F087FB4CF6C021C1F6FF710868401E9A
:20E5400008604CF6BC21C1F6FF71086810F0010090F0010F08BF00BD4CF6C021C1F6FF713E
:20E560000868002818BF00BD62B600BD00B509F068FB4CF6C821C1F6FF71086800280DD1C1
:20E58000FFF777FE4CF6C421C1F6FF710860086810F0010090F0010F00D072B64CF6C82136
:20E5A000C1F6FF710868401C086000BD00B509F048FB4CF6C821C1F6FF710868401E0860CA
:20E5C0004CF6C421C1F6FF71086810F0010090F0010F08BF00BD4CF6C821C1F6FF710868A6
:20E5E000002818BF00BD62B600BD00B509F029FB4CF6D021C1F6FF71086800280DD1FFF7F2
:20E6000038FE4CF6CC21C1F6FF710860086810F0010090F0010F00D072B64CF6D021C1F623
:20E62000FF710868401C086000BD00B509F009FB4CF6D021C1F6FF710868401E08604CF6F5
:20E64000CC21C1F6FF71086810F0010090F0010F08BF00BD4CF6D021C1F6FF71086800282F
:20E6600018BF00BD62B600BD00B509F0EAFA4CF6D821C1F6FF71086800280DD1FFF7F9FDDB
:20E680004CF6D421C1F6FF710860086810F0010090F0010F00D072B64CF6D821C1F6FF7159
:20E6A0000868401C086000BD00B509F0CAFA4CF6D821C1F6FF710868401E08604CF6D42128
:20E6C000C1F6FF71086810F0010090F0010F08BF00BD4CF6D821C1F6FF710868002818BFBD
:20E6E00000BD62B600BD00B509F0ABFA4CF6E021C1F6FF71086800280DD1FFF7BAFD4CF666
:20E70000DC21C1F6FF710860086810F0010090F0010F00D072B64CF6E021C1F6FF7108689A
:20E72000401C086000BD00B509F08BFA4CF6E021C1F6FF710868401E08604CF6DC21C1F68F
:20E74000FF71086810F0010090F0010F08BF00BD4CF6E021C1F6FF710868002818BF00BD2E
:20E7600062B600BD00B509F06CFA4CF6E821C1F6FF71086800280DD1FFF77BFD4CF6E42113
:20E78000C1F6FF710860086810F0010090F0010F00D072B64CF6E821C1F6FF710868401CB3
:20E7A000086000BD00B509F04CFA4CF6E821C1F6FF710868401E08604CF6E421C1F6FF712A
:20E7C000086810F0010090F0010F08BF00BD4CF6E821C1F6FF710868002818BF00BD62B6FE
:20E7E00000BDEFF31080704700B54CF6F021C1F6FF71086800280DD1FFF7F3FF4CF6EC2157
:20E80000C1F6FF710860086810F0010090F0010F00D072B64CF6F021C1F6FF710868401C2A
:20E82000086000BD00B54CF6F021C1F6FF7108684CF6EC22C1F6FF72401E0860106810F05E
:20E84000010090F0010F08BF00BD4CF6F021C1F6FF710868002818BF00BD62B600BD00B573
:20E860004CF6F821C1F6FF71086800280DD1FFF7B8FF4CF6F421C1F6FF710860086810F09D
:20E88000010090F0010F00D072B64CF6F821C1F6FF710868401C086000BD00B54CF6F8216C
:20E8A000C1F6FF7108684CF6F422C1F6FF72401E0860106810F0010090F0010F08BF00BDEE
:20E8C0004CF6F821C1F6FF710868002818BF00BD62B600BD00B54CF60031C1F6FF710868F6
:20E8E00000280DD1FFF77DFF4CF6FC21C1F6FF710860086810F0010090F0010F00D072B6B9
:20E900004CF60031C1F6FF710868401C086000BD00B54CF60031C1F6FF7108684CF6FC224D
:20E92000C1F6FF72401E0860106810F0010090F0010F08BF00BD4CF60031C1F6FF71086852
:20E94000002818BF00BD62B600BD00B54CF60831C1F6FF71086800280DD1FFF742FF4CF6E0
:20E960000431C1F6FF710860086810F0010090F0010F00D072B64CF60831C1F6FF710868C8
:20E98000401C086000BD00B54CF60831C1F6FF7108684CF60432C1F6FF72401E0860106851
:20E9A00010F0010090F0010F08BF00BD4CF60831C1F6FF710868002818BF00BD62B600BD9F
:20E9C00000B54CF61031C1F6FF71086800280DD1FFF707FF4CF60C31C1F6FF7108600868E8
:20E9E00010F0010090F0010F00D072B64CF61031C1F6FF710868401C086000BD00B54CF6FC
:20EA00001031C1F6FF7108684CF60C32C1F6FF72401E0860106810F0010090F0010F08BFE0
:20EA200000BD4CF61031C1F6FF710868002818BF00BD62B600BD00B54CF61831C1F6FF7107
:20EA4000086800280DD1FFF7CCFE4CF61431C1F6FF710860086810F0010090F0010F00D099
:20EA600072B64CF61831C1F6FF710868401C086000BD00B54CF61831C1F6FF7108684CF6B2
:20EA80001432C1F6FF72401E0860106810F0010090F0010F08BF00BD4CF61831C1F6FF7103
:20EAA0000868002818BF00BD62B600BD00B54CF62031C1F6FF71086800280DD1FFF791FEEB
:20EAC0004CF61C31C1F6FF710860086810F0010090F0010F00D072B64CF62031C1F6FF7165
:20EAE0000868401C086000BD00B54CF62031C1F6FF7108684CF61C32C1F6FF72401E0860C8
:20EB0000106810F0010090F0010F08BF00BD4CF62031C1F6FF710868002818BF00BD62B66A
:20EB200000BD00B54CF62831C1F6FF71086800280DD1FFF756FE4CF62431C1F6FF710860BB
:20EB4000086810F0010090F0010F00D072B64CF62831C1F6FF710868401C086000BD00B554
:20EB60004CF62831C1F6FF7108684CF62432C1F6FF72401E0860106810F0010090F0010FD4
:20EB800008BF00BD4CF62831C1F6FF710868002818BF00BD62B600BD00B54CF63031C1F61F
:20EBA000FF71086800280DD1FFF71BFE4CF62C31C1F6FF710860086810F0010090F0010F31
:20EBC00000D072B64CF63031C1F6FF710868401C086000BD00B54CF63031C1F6FF71086893
:20EBE0004CF62C32C1F6FF72401E0860106810F0010090F0010F08BF00BD4CF63031C1F6A0
:20EC0000FF710868002818BF00BD62B600BD00B54CF63831C1F6FF71086800280DD1FFF790
:20EC2000E0FD4CF63431C1F6FF710860086810F0010090F0010F00D072B64CF63831C1F666
:20EC4000FF710868401C086000BD00B54CF63831C1F6FF7108684CF63432C1F6FF72401E2E
:20EC60000860106810F0010090F0010F08BF00BD4CF63831C1F6FF710868002818BF00BDA1
:20EC800062B600BD00B54CF64031C1F6FF71086800280DD1FFF7A5FD4CF63C31C1F6FF712C
:20ECA0000860086810F0010090F0010F00D072B64CF64031C1F6FF710868401C086000BD28
:20ECC00000B54CF64031C1F6FF7108684CF63C32C1F6FF72401E0860106810F0010090F09E
:20ECE000010F08BF00BD4CF64031C1F6FF710868002818BF00BD62B600BD00B54CF6483135
:20ED0000C1F6FF71086800280DD1FFF76AFD4CF64431C1F6FF710860086810F0010090F0C2
:20ED2000010F00D072B64CF64831C1F6FF710868401C086000BD00B54CF64831C1F6FF7161
:20ED400008684CF64432C1F6FF72401E0860106810F0010090F0010F08BF00BD4CF6483155
:20ED6000C1F6FF710868002818BF00BD62B600BD00B54CF65031C1F6FF71086800280DD156
:20ED8000FFF72FFD4CF64C31C1F6FF710860086810F0010090F0010F00D072B64CF6503147
:20EDA000C1F6FF710868401C086000BD00B54CF65031C1F6FF7108684CF64C32C1F6FF7244
:20EDC000401E0860106810F0010090F0010F08BF00BD4CF65031C1F6FF710868002818BF87
:20EDE00000BD62B600BD00B54CF65831C1F6FF71086800280DD1FFF7F4FC4CF65431C1F600
:20EE0000FF710860086810F0010090F0010F00D072B64CF65831C1F6FF710868401C0860FB
:20EE200000BD00B54CF65831C1F6FF7108684CF65432C1F6FF72401E0860106810F00100CF
:20EE400090F0010F08BF00BD4CF65831C1F6FF710868002818BF00BD62B600BD00B54CF6B4
:20EE60006031C1F6FF71086800280DD1FFF7B9FC4CF65C31C1F6FF710860086810F00100EA
:20EE800090F0010F00D072B64CF66031C1F6FF710868401C086000BD00B54CF66031C1F6C0
:20EEA000FF7108684CF65C32C1F6FF72401E0860106810F0010090F0010F08BF00BD4CF6E5
:20EEC0006031C1F6FF710868002818BF00BD62B600BDEFF31080704700B54CF66831C1F609
:20EEE000FF71086800280DD1FFF7F3FF4CF66431C1F6FF710860086810F0010090F0010FDD
:20EF000000D072B64CF66831C1F6FF710868401C086000BD00B54CF66831C1F6FF710868DF
:20EF20004CF66432C1F6FF72401E0860106810F0010090F0010F08BF00BD4CF66831C1F6EC
:20EF4000FF710868002818BF00BD62B600BD70B505460E464DF20421C1F6FF71087808B9B0
:20EF60000A2307E00024104600F00CF8012807D14FF01503324629467B20EAF728FB01240C
:20EF8000204670BD20B40146002002460BE0D5F808C0C2EB82039B0033F80C3099420BD0F1
:20EFA00002F10102D2B24DF20023C1F6FF731D686B789A42EBD3012020BC704710B44DF293
:20EFC0000023C1F6FF7319688A68C0EB80008100505A11448968C9694C7900214AF65452D8
:20EFE000C1F6FF72B2F800C0BCEB116F0BD902EBC40303F1020CCB0D3CF80330984218BFCE
:20F0000001F18071EAD1080E1188884228BFFF2010BC704770B54AF65455C1F6FF750446CD
:20F0200000F07FFE204600F0F7FE2888022884BF022028802888012827D9FBF75BFF28885C
:20F0400001382880002106E002EB40004388C80D01F1807113522B8805EBC406B21C080E62
:20F060009842F1D328884FF0FF3140008152FBF75FFF708800F05EFFC1B2204600F00AFF59
:20F080002046BDE8704000F061BE2888012818BF70BDFBF72FFF002028804FF0FF3105EB82
:20F0A000C4004180BDE87040FBF742BF70B581B00546C0EB80014DF20022C1F6FF721068B5
:20F0C000806800EB81008168CA694AF65C53C1F6FF7305EB850103EB81045679A17A0131A3
:20F0E000A17240681379006A0139C9B2009011FB03F0D4F804C029460CEB4002304600F07D
:20F1000092FE18B9A07A0138A07202E0284600F028FF304600F080FE01B070BD30B50546D0
:20F1200000F0CFFD04464FF6FF70844208BF30BD4DF20023C1F6FF7319688968C4EB84006B
:20F1400001EB80008068006A002818BF30BD284600F056FE012818BF30BD2046FFF7A6FF65
:20F160002146284600F033FF002818BF30BD4AF65450C1F6FF700188C9B100EBC500408827
:20F1800000F0D8FEC4B24AF65C51C1F6FF7104EB840051F82000032808BF30BD214628468F
:20F1A00000F078FE2846BDE8304000F0CFBD284600F0B7FD2846BDE8304000F02DBE00EB8F
:20F1C00080014AF65C52C1F6FF7202EB81010A68023A15D0012A18BF7047C0EB80024DF271
:20F1E0000023C1F6FF731868806800EB820080684268012A06D1026812B14069012801D189
:20F20000012000E00020086000204881087370472DE9F04981B04DF20024C1F6FF74C0EB92
:20F2200080024FEA820B226892685A449268D3691D794AF65C57C1F6FF7700EB800307EB18
:20F2400083073B688846032B08BF127E03D00026022B08BFBA7A04BF561EF6B2FFF7AFFF8A
:20F26000002017E0226892685A4493687A681B6A022B4FEA106306BF05F1010C0CFB063312
:20F2800005FB06335B009B5A020E520000F1807022F80830B5EB106FE4D801B0BDE8F089A6
:20F2A0002DE9F04D81B04DF20026C1F6FF76C0EB80024FEA820B326892685A449268D369DE
:20F2C00093F804A04AF65C57C1F6FF7700EB800307EB83073B688846032B03D1147E651E6D
:20F2E000EDB206E000242546022B02D1BC7A651EEDB2FFF764FF30688068584480687A6863
:20F30000006A022806BF0AF1010068431AFB05F002EB4000C8F80000204601B0BDE8F08DBD
:20F32000F0B506460C4617464AF65455C1F6FF75084600F0C6FC298851B905EBC40039462B
:20F340004680012028802046BDE8F04000F0A2BD298801291BD105EBC4014A88964208BFA7
:20F36000F0BD00EB80004AF65C52C1F6FF7252F82000032806D14E8020463946BDE8F0406B
:20F3800000F088BD8E80288801302880F0BD3846FFF714FEFF2818BFF0BD288805EBC4015E
:20F3A000400002314652288801302880F0BD30B505464AF65454C1F6FF740846FFF7FEFD8B
:20F3C0002188022984BF022121802188002908BF30BD2188884228BF30BD20880138208004
:20F3E000002006E002EB41014B88C10D00F180705352B4F800C004EBC5039A1C010E614523
:20F40000F0D320884FF0FF31400081522088002808BF30BD588800F08DFDC4B24DF200204C
:20F42000C1F6FF7001688968C4EB840001EB80008068006A002818BF30BD284600F071FCA4
:20F44000284600F0E9FC21462846BDE8304000F021BD2DE9F04405464AF65454C1F6FF740A
:20F4600020888A46164680B3284600F05AFC4AF65C57C1F6FF7706EB860057F820000128A2
:20F4800007D1FBF7ADFD324629465046FFF748FF06E038B9FBF7A4FD31462846FFF787FF73
:20F4A000FBF7BCFD2088002808BFBDE8F08404EBC500408800F03EFD00EB800057F8200070
:20F4C000032808BFBDE8F08419E002EB82004AF65C51C1F6FF7151F82000012818BFBDE897
:20F4E000F084FBF77DFD0120208004EBC500A0F802A0FBF793FD3146284600F0CBFC2846F1
:20F50000BDE8F04400F022BCF0B54DF20024C1F6FF74217931B90A2301227B20BDE8F040CE
:20F52000EAF755B8002021684978884215D200EB80014AF65C52C1F6FF7252F8211000299C
:20F5400012BF03290130C0B2EDD00B23012200217B20BDE8F040EAF74DB800261AE04968B5
:20F560004AF65455C1F6FF75C0EB80008700C85D00F00FFC0021298022685268D25D480020
:20F5800005EBC2020232FF23835201310229F3D306F1807621680A78300E9042DFD300208F
:20F5A0004AF65C52C1F6FF7200EB800102EB81010022134681E80C008A720A610A72013056
:20F5C0000628EDD322712260F0BD70B506464DF20024C1F6FF742079002508B90A2306E0EB
:20F5E0003046FFF7CFFC012807D14FF01503082229467B20E9F7EBFF0125304600F09AFC5C
:20F60000002D18BF70BD226892688300191A02EB81018968096931B9182308227B20BDE81E
:20F620007040E9F7D4BF18444AF65C51C1F6FF7101EB8000056170BD70B506464DF2002464
:20F64000C1F6FF742079002508B90A2306E03046FFF798FC012807D14FF0150307222946FE
:20F660007B20E9F7B4FF0125304600F063FC002D18BF70BD226892688300191A02EB810197
:20F680008968096931B9182307227B20BDE87040E9F79DBF18444AF65C51C1F6FF7101EB31
:20F6A00080000121016170BD30B505460024024609212046FFF74BFCD0B9284600F03AFC93
:20F6C00004464DF20021C1F6FF7108688068C4EB840100EB81008068C0694079FFF71EFD86
:20F6E00004EB84004AF65C51C1F6FF7151F82040204630BD2DE9F04D81B007460D4600243F
:20F7000002460B212046FFF722FCB0B9384600F011FC06464AF65C5BC1F6FF7B00EB800038
:20F720004FEA800A5BF80A00010008D10C230B227B20E9F74CFF2C6028E02C6026E04DF248
:20F740000020C1F6FF7001688968C6EB860001EB80008068C06940792C608046FFF7DEFC7A
:20F760005BF80A00022818BF03280ED1FBF711FB29463046FFF794FD0446FBF728FB3246E0
:20F7800039464046FFF765FE00E02C60204601B0BDE8F08D2DE9F0444DF20024C1F6FF748F
:20F7A0002179012908BF0D2301D038B90E23002211467B20BDE8F044E9F709BF206000275F
:20F7C00033E049684AF65455C1F6FF75C0EB80008600701800F096FA21684968885D00F089
:20F7E000A0FA21684968885D00F0C7FA002129802268D2F804C01CF8063048004FF0FF3AB3
:20F8000005EBC30202320131022920F802A0EFD323B906EB0C00807A00F061FA20684068D8
:20F82000805D00F069FA07F1807721680A78380E9042C6D30120207100200EE000EB8001C1
:20F840004AF65C52C1F6FF7202EB810100220A600A818A720A610130C0B2216849788842EE
:20F86000ECD3BDE8F0842DE9F04D81B007468846024604210020FFF76AFB0446384600F071
:20F8800059FB0646CCBB4AF65C5BC1F6FF7B00EB80004FEA800A5BF80A00010006D10C2387
:20F8A00004227B20E9F7A6FE012426E04DF20020C1F6FF7002689268C6EB860002EB80004B
:20F8C0008068C06945792846FFF728FC5BF80A00022818BF03280DD1FBF796FA41463046EB
:20F8E000FFF796FCFBF7AEFA324639462846FFF7B0FD02E0012808BF0446204601B0BDE806
:20F90000F08DB0B507464DF20422C1F6FF721078002408B90A230AE00D1E01D1142306E08D
:20F920003846FFF72FFB012808D14FF015030C2221467B20E9F74BFE012419E0384600F0EB
:20F94000F9FA00EB80004AF65C51C1F6FF7101EB8001086838B10B230C2221467B20E9F731
:20F9600049FE012404E04D6001200872A1F809402046B0BD2DE9F044064602460221002019
:20F98000FFF7E5FA002818BFBDE8F084304600F0D1FA4DF20022C1F6FF721168896882468E
:20F9A0008200101A01EB80008168C868012808BF17230AD00AEB02004AF65C52C1F6FF7205
:20F9C00002EB8005287A38B91923022200217B20BDE8F044E9F7FBBDC869477928680028EC
:20F9E00018BF032806D14AF65454C1F6FF742088022807D30B23022200217B20BDE8F04489
:20FA0000E9F7F8BD002068812873FBF738FA208890B104EBC70041888E420DD02188C9B250
:20FA2000490002300E5220880130208001202860BDE8F044FBF741BA04EBC7004680012066
:20FA400020802860FBF739FA5146384600F022FA3846BDE8F04400F079B92DE9F04C8346A4
:20FA6000024603210020FFF772FA002818BFBDE8F08C584600F05EFA4DF20022C1F6FF7209
:20FA80001168896882468200101A01EB80008168C868012808BF17230AD00AEB02004AF6C8
:20FAA0005C52C1F6FF7202EB8006306838B90C23032200217B20BDE8F04CE9F788BDC8692D
:20FAC00045794AF65454C1F6FF7404EBC5077888834504BF284600F024F92088012845D9A6
:20FAE0005046FFF76BFA5FEA000A03D12846FFF791FA3DE02088013882450DD1FBF7FAF977
:20FB0000218807EB41004FF0FF310180208801382080FBF70DFA2BE0BAF1FF0F28D0284675
:20FB200000F0FFF8FBF7E6F92088022884BF0220208020884FEA0A620138208006E000EB3F
:20FB400041014B88D10D02F1807243522388B81C110E9942F3D321884FF0FF3249000A523B
:20FB6000FBF7E6F9284600F0F1F801E000202080208810B9284600F0D4F80020306070729F
:20FB80004FF0FF31B1723061BDE8F08C002000F067BA000070B44DF2002CC1F6FF7CDCF85B
:20FBA00000209268C0EB800302EB83025468A2690020062A30D80FF20803D3E802F0C046AD
:20FBC000050C202D131A2700D4E904568D4276EB000122D320E0D4E904568D4276EB0002ED
:20FBE0001BD213E0D4E904568D4276EB000114D212E0D4E904568D4276EB00020CD2D4E921
:20FC000001568D4276EB000107D205E0D4E901568D4276EB000100D3012070BC704740F250
:20FC20000802C4F20402106840F0020010601068C0F34000012818BF70470139F7D2704708
:20FC400040F20802C4F20402106840F0010010601068C00748BF70470139F9D270474FF09B
:20FC6000FF3040F20001C4F204010860704710B504464AF65451C1F6FF7101EBC0004088B9
:20FC800000F058F90146204600F004F92046BDE8104000F05BB848F2A060C0F2010004E05A
:20FCA00040F24C02C4F20402116840F20002C4F20402116811F0400F18BF70470138EFD24E
:20FCC00070474AF65452C1F6FF72138823B102EBC000408800F02EB94FF6FF70704740F207
:20FCE0000802C4F204021168012814BF21F0100141F010011160704748F2A061C0F201014E
:20FD0000FFF79EBF40F20002C4F204020389116963F30B2111611069190A61F3070010613E
:20FD2000704740F20802C4F20402116848F2A060C0F2010041F0080111601168C1F3C00115
:20FD4000012918BF70470138F7D2704740F20802C4F20402116811F0040F18BF704700B56A
:20FD6000FFF799FF40F20801C4F20401086840F0040008605DF804EB7047002040F20401A1
:20FD8000C4F20401086051F8080F20F400600860704710B50446FFF7C4FF2046FFF77BFFAF
:20FDA00048F2A061C0F201012046FFF738FF002140F20802C4F204024FF0FF30116042F88F
:20FDC000080C42F8041C40F21000C0F2007050604FF4287090600220D06011610846C0F60E
:20FDE000FF7040F21C02C4F20402106040F22C00C4F204000022425401310829F6D310BD4F
:20FE000040F20002C4F20402116811F0080F01D00120704700207047082040F20001C4F2D0
:20FE20000401086070472DE9F04C0F4692469B46012640F24C01C4F204010024086823E046
:20FE40004DF20023C1F6FF731A689168C7EB870001EB8001486840F24C03C4F204031D6883
:20FE6000017BADB2012909D18069032806D029463846FFF78FFE08B9064603E0200E4000EB
:20FE800020F80A5004F18074BBEB146FD8D83046BDE8F08C2DE9F041884640F20005C4F295
:20FEA0000405FFF73EFF4DF20023C1F6FF7319688968C8EB880201EB82014F68686997F846
:20FEC000242062F307008A68D3694AF65C5CC1F6FF7C08EB88010CEB81011E791B680E739A
:20FEE000396A6861701C89077407640944EA9151D468E40741EA1451E9601978C0B285F802
:20FF00002C10012109E0CC1814F8014C08293CBF05F12C0C0CF8014001318142F3D34FF0C4
:20FF2000FF302860106A01280CBF082000206860BDE8F08100210AE09B68C1EB81029200A7
:20FF4000D25A904201D1084670470131C9B24DF20022C1F6FF7213685A789142ECD3104661
:20FF6000704700EB80014AF65C52C1F6FF7202EB81010A68003A11D0032A12D318BF7047AC
:20FF8000C0EB80024DF20023C1F6FF731868806800EB82008068007E8872704700208872A3
:20FFA0007047C0EB80024DF20023C1F6FF731868806800EB820080688A7A007E824203D3F9
:20FFC00003220A608872704702200860704770B505460E4601EB81004AF65C51C1F6FF715B
:20FFE00051F820000124032838D1FAF7BEFF4DF20022C1F6FF7210688068C6EB860100EB85
:020000025000AC
:2000000081008068C06838BB4AF65451C1F6FF71088801281DD908880138088000220BE043
:2000200001EBC50303F1020C03EB40008388D00D02F180722CF800300B88100E9842EFD36E
:200040000888420001EBC50002304FF0FF31115201E0002008800024FAF7A5FF204670BD44
:200060002DE9F04481B00546FFF72BFE04462846FFF7C6FE012867D14FF6FF70844263D01B
:200080002846FFF7C9FE04EB84004AF65C51C1F6FF714DF2002AC1F6FF7A01EB8006C4EBF4
:2000A00084008700DAF80000806839188868C06996F80AC0F37A00791CFB00307268C0B240
:2000C00002EB40024868006A0090337B21462846FFF7A9FEB0B1B6F80B00DAF8001000EB40
:2000E0001020F072896839448968C9690979C0B2884207D3B07A0130B0720020F0722046E0
:20010000FFF72FFF0020307321462846FFF75FFF306901280BD13068012808D0F07A30B945
:20012000DAF80000806838448068006980474AF65452C1F6FF721188284611B1FFF797FD10
:2001400005E0FFF7EEFD02E02846FFF788FD01B0BDE8F084000241F20402C4F2010281507F
:200160007047000241F20802C4F2010281507047000222B941F20802C4F2010203E041F25F
:200180000402C4F201020244012000FA01F11068084310607047000241F21002C4F2010263
:2001A0008058C84010F001007047000241F20002C4F2010281507047000241F21001C4F233
:2001C00001014058704741F20002C4F2010202EB0020012202FA01F3C2681A43C2600068AF
:2001E000C84010F00100704730B50024C0F30722052A06D31423112221467820E9F7E7F929
:2002000017E0C1B2202909D247F6BC63C0F20503012553F822008D40054206D10A2311225C
:2002200021467820E9F7D3F903E01046FFF7CBFF0446204630BD30B50024C0F30722052A69
:2002400006D31423224621467820E9F7C0F917E0C1B2202909D247F6BC63C0F205030125C4
:2002600053F822008D40054206D10A23224621467820E9F7ACF903E01046FFF78CFF044609
:20028000204630BD00B5052807D31423022200217820E9F79CF9002000BDFFF78DFF00BDAA
:2002A00020B4C0F30723052B06D3142301220021782020BCE9F78BB90A46C1B2202909D28A
:2002C00047F6BC6CC0F2050C01255CF823008D40054206D10A2301220021782020BCE9F7A9
:2002E00076B9184620BCFFF743BF052805D31423032200217820E9F76AB9FFF756BF70B550
:20030000052807D31423032200217820BDE87040E9F75DB904460D461646FAF79FFE05EA00
:2003200006012046FFF716FF26EA05012046FFF718FFBDE87040FAF7AFBE00B54DF20821EC
:20034000C1F6FF71086020B100F08FFB002808BF00BD1023012200210846E9F738F900BD84
:2003600010B54DF20824C1F6FF742068010004D000F0E7FB0020206010BD05230222BDE896
:200380001040E9F724B9F0B590B00124022806D31123032200210846E9F719F980E00646DD
:2003A0000D464AF6D457C1F6FF77C0EB8000C100C819406958B1795C012906D012230322A4
:2003C00000210846E9F703F96AE0012806D00523032200210846E9F7FAF861E033B9142397
:2003E000032200210846E9F7F2F859E0002D18BF002A06D11323032200210846E9F7E7F8D8
:200400004EE093F82E0001280AD1186B10F01F0F06D01523032200210846E9F7D8F83FE0CF
:20042000996804FA01F0B5FBF0F101FB105141B9D3F80CC004FA0CF1B2FBF1F707FB112783
:2004400037B11623032200210846E9F7C0F827E05F6AB7FBF0FC0CFB107020B9B7FBF1F0EE
:2004600000FB117030B11723032200210846E9F7AEF815E06F461C460BCC0BC70BCC0BC76D
:200480000BCC0BC70BCC0BC70BCC0BC72068386028468DE805006946304600F0A3FB04465C
:2004A000204610B0F0BD022805D31123042200210846E9F78CB8C0EB80014AF6D452C1F631
:2004C000FF7212F8311021B9122304220846E9F77EB8012100F050BB0021022804D3112354
:2004E00005220846E9F773B8C0EB80024AF6D453C1F6FF7313F8322022B9122305220846DD
:20050000E9F765B800F038BB022805D31123062200210846E9F75BB8C0EB80014AF6D452A9
:20052000C1F6FF7212F8311021B9122306220846E9F74DB800F049BB2DE9F04C90B00F4603
:200540001E4602289DF85CA09DF860B01FD24AF6D451C1F6FF71C0EB8000C0000B5C33B91C
:200560001223072200210846E9F731F869E008444069010004D105230722E9F728F860E000
:2005800077B1BAF1000F02D016F01F0F06D01123072200210846E9F71AF852E0150006D1C1
:2005A0001423072200210846E9F711F849E06C460BCD0BC40BCD0BC40BCD0BC40BCD0BC40C
:2005C0000BCD0BC4286820601446FAF785FD00252CE007EBC50157F8350049688DE8030001
:2005E000BAF1010F0ED0AAF1010085420AD200208DF8340001228DF82E2006F1200101EB50
:2006000045100CE0BBF1010F03D18DF82EB0304602E000208DF82E0001218DF834100C90F4
:2006200006EB4511684600F038FB01355545D0D3FAF770FD002084F834002663012084F8DB
:200640002E0010B0BDE8F08C022805D31123082200210846E8F7BBBFC0EB80034AF6D45CC5
:20066000C1F6FF7C1CF833302BB91223082200210846E8F7ACBF21B9142308220846E8F76D
:20068000A6BF00F04CBB022805D31123092200210846E8F79CBFC0EB80034AF6D45CC1F69F
:2006A000FF7C1CF833302BB91223092200210846E8F78DBF21B9142309220846E8F787BFBB
:2006C00000F041BB022805D311230A2200210846E8F77DBF21B912230A220846E8F777BFA4
:2006E00000F096BA022805D311230B2200210846E8F76DBF00F0B5BA10B5022807D3002491
:2007000011230D2221462046E8F761FF02E000F0B1FA0446204610BD02E0002200F8012B48
:200720000139FAD2704700EB41100021C0F80814C0F80014A0F80414A0F80614C0F80C14C5
:20074000C0F81014A0F81414A0F81614C0F81814A0F81C14A0F81E14704730B50546006876
:200760004FF6FB11CFF6F3710840286000242C612046002100F000FA21462846FFF7D3FF70
:2007800005F1400100220A550134022CF0D330BD48F20002C4F2000240321154704702B456
:2007A0009DF8003048F20002C4F20002012B116902D18340194302E00123834099431161D1
:2007C00002EB40119DF80220B1F81C0462F38E30A1F81C04B1F81C049DF8012062F3CF30BC
:2007E000A1F81C0401B07047036813F4806F08BF704700EB4111D1F8080401F580610028E8
:2008000004D4886810F0804F08BF7047886862F39D2088607047036813F4806F08BF704743
:2008200000EB4111D1F8080401F58061002806D4886810F0804F02D122F0404002E08868D7
:2008400062F309008860704700EB4111B1F81E0463F3CF30A1F81E04B1F81604012B63F33E
:20086000CF30A1F8160401F5806118BF7047C88B62F34C20C883C88A62F34C20C8827047EE
:2008800030B4029D039CD20600EB41106D076D0D45EA124203F01F0565F3DF042243A0F862
:2008A000062430BC704748F20001C4F20001086840F48020086070472DE9F04482B006464E
:2008C0000F461546FAF743FC06EB4714E96BB4F81C0461F30510A4F81C042868C4F8000457
:2008E0006868C4F81004E8680190A86800902B6AEA6939463046FFF7C3FFB5F91000A4F8E8
:200900000404B5F91200A4F814046869C4F80C0495F82D1030696FF4004A04F580640129A7
:200920000AD1B94088433061A08B20F48040A083A08B20F4004006E00121B9400843306109
:20094000A08B40F40040A083A18B21F0400095F82E1001290BD140F04000A083286B95F8D4
:200960003410A061A08B61F3CF30A08302E0A083A869A061A96B00294DD00A79306810F401
:20098000806F03D0A06862F3DF70A0604A79306810F4806F03D0A06862F39E70A0608A686B
:2009A00030463946FFF720FF394630466A6AFFF732FFA96B0B7B4A7B30463946FFF744FFB0
:2009C000A96BA28BC889096822F47062C0F3032342EA0322A283A28B60F3C712A283E28BF2
:2009E000E08B12040BD500F47E4021F47E410843E083E08A00F47E400843E0822AE000F49B
:200A0000004001EA0A010843E083E08A00F400400843E0821EE0E28BE08BA96A120409D5CA
:200A200000F47E4021F47E410843E083E08A00F47E4008E000F4004001EA0A010843E083A6
:200A4000E08A00F4004008436A6AE08239463046FFF7E1FEA08B95F82C1061F3C300A0837F
:200A6000FAF793FB02B0BDE8F0842DE9F04481B005460024FAF7A6FB48F20006C4F20006B4
:200A80003046FFF76AFE3068298961F3104030603068C1F3002120F0040040EA8100306048
:200AA000264637E0C1EBC10069684FEA800A11F80A704AF6D452C1F6FF72C7EB870002EB7B
:200AC000C0042078012822D0514438464968FFF75FFE696851440A7A8DF800204B7A8DF8AF
:200AE0000130897A38468DF8021043EA012142EA0121FFF754FE012204F8042B6968514414
:200B0000C868096984E803002261002400E0022406F180762878310E8142C3D3FAF770FB96
:200B2000204601B0BDE8F0844DF22001C4F20701086840F002000860086820F00200086073
:200B4000704700B5FAF779FBFFF7EEFF00204AF6D452C1F6FF72C0EB800102EBC101002236
:200B600001F8042B134681E80C000A6101300228EDD3FAF780FB00BD70B505460E4648F2D2
:200B80000004C4F20004FAF7F5FC206840F4003020604FF048502168002903D5A0F1807067
:200BA000010EF8D1012EA06903D106FA05F1084302E00121A9408843A061206820F400308B
:200BC0002060BDE87040FAF7F3BC48F20001C4F2000101EB4011B1F81C0440F00100A1F8DE
:200BE0001C04704770B505460E4648F20004C4F20004FAF75DFB22682946204642F48062A2
:200C000022603246FFF758FEFAF770FB002070BD70B504460D4648F20006C4F20006FAF736
:200C200082FBC4EB84004AF6D451C1F6FF7101EBC0004069286006EB4410B0F81C1411F07D
:200C4000040118BF01212972B0F81C0410F0020018BF0120687270696860BDE87040FAF778
:200C600080BB48F20001C4F20001012202FA00F04862704748F20001C4F2000101EB4011A8
:200C8000B1F81E0401F58061000454BF6FF400406FF47E40C98A0840704730B504460D4603
:200CA000FAF77CFB28462021FFF736FDE068E169C906C90C61F3DF00A168490740EA515067
:200CC000216AC90640EA1160E88020682860B4F91000A880606AA8606069E860606894F88B
:200CE0002E102861B4F912000129A8820CBF206BA069A86194F83400890141EAC03094F8C1
:200D00002C1040EAC100A883A06B10B10068E88301E0A06AE882BDE83040FAF75DBB70B54A
:200D200004460D461646FAF774FBC4EB84004AF6D451C1F6FF7101EBC00045608660BDE8BF
:200D40007040FAF784BB70B504460D461646FAF79BFBC4EB84004AF6D451C1F6FF7101EB63
:200D6000C000C5600661BDE87040FAF7ABBB48F20001C4F2000101228240C0EB80004A62CD
:200D80004A608A604AF6D451C1F6FF7101EBC0004168002908BF70478068084770B548F2A1
:200DA0000004C4F200040026E068012101FA06F505421AD030460021FFF7DEFEFAF79FFBCA
:200DC000C6EB86014AF6D452C1F6FF7202EBC10602217161FAF7B1FBF16809B1306988478C
:200DE00065626560A560E56070BD0136022EDCD370BD0020FFF7D2BF0020FFF7B8BF012058
:200E0000FFF7B5BF0220FFF7B2BF0320FFF7AFBF0420FFF7ACBF0520FFF7A9BF0620FFF734
:200E2000A6BF0720FFF7A3BF0820FFF7A0BF0920FFF79DBF0A20FFF79ABF0B20FFF797BFE6
:200E40000C20FFF794BF0D20FFF791BF0E20FFF78EBF0F20FFF78BBF70B54DF20C25C1F67E
:200E6000FF7529680646888C896A01EB401151F8180C51F81C1C00240844864210D230465F
:200E800000F06EF82968896A01EB401041684069711AB1FBF0F202FB1010002808BF0124A0
:200EA000204670BD70B54DF20C25C1F6FF7529680646888C896A01EB401151F8180C51F808
:200EC0001C1C00240844864210D8701E00F048F82968896A01EB401041684069711AB1FBB3
:200EE000F0F202FB1010002808BF0124204670BD70B54DF20C26C1F6FF760024054600F02B
:200F00002FF83168898C814215D308D93168896A01EB4010C068013828420CD10AE031687D
:200F2000896A01EB401151F8180C51F81C1C0844854200D10124204670BD4DF20C21C1F6D4
:200F4000FF710B689A8C9B6A03EB421353F8182C53F81C3C1A44904294BF01200020704793
:200F600010B4014600200AE09A6A02EB40135C68A14203D39B682344994208D301304DF20B
:200F80000C22C1F6FF7213689A8C9042ECD380B210BC704710B54DF20C24C1F6FF744DF277
:200FA0001021C1F6FF710860013804D30BD00238012808D910BD20688068002808BF10BD49
:200FC000BDE8104000472068C068002808BF10BDBDE81040004710B44DF21021C1F6FF71D2
:200FE000488B4DF20C24C1F6FF7420B12168896A01EB401040684DF21022C1F6FF72516802
:20100000081A10BC70472DE9F04C4DF2102AC1F6FF7ADAF80400DAF808104DF20C27C1F647
:20102000FF774FF0020B88421AD83868BAF81A40806A00EB4410017E45690E0018BF012624
:20104000FFF7C9FF3246294600F0BDFCDAF80410DAF808202944CAF80410914203D910B9A7
:201060004FF0000B1EE0012808D10346062200215C20E8F7D2FA4FF0010B13E03868806AA5
:2010800000EB44131B7E6BB9BAF81A4000EB441398685B681844814204D391429CBF601CA0
:2010A000AAF81A005846BDE8F08C10B54DF20C23C1F6FF731A684DF2102CC1F6FF7CBCF876
:2010C0001A30926A02EB4312137EDCF8102000F091FC0446012805D10223062200215C2043
:2010E000E8F79BFA204610BD10B54DF21021C1F6FF71C8684AF60C64C1F6FF74013805D3D2
:2011000008D0032884BF022010BD08E0BDE81040FFF779BF6068BDE8104000F005B820689D
:20112000BDE8104000F000B82DE9F04D81B04DF21027C1F6FF777968BA684DF20C26C1F6C0
:20114000FF764FF0020A914235D800F03AF8834631687C8B7D68896A01EB4410D0F8048000
:20116000584600F03AF87968014479600146A5EB080000F05FF860B931687B68896A01EB16
:2011800044129168526811448B4202D3798B013179837968594598BF0028D9D0012808BF86
:2011A00082460AD0022808BF4FF0040A05D0BA68914202D908B94FF0000A504601B0BDE8B4
:2011C000F08D01464DF21023C1F6FF7398685A680A44904228BF501E704730B44DF20C2370
:2011E000C1F6FF7319684DF21022C1F6FF72538B896A01EB43139968D3F804C06144D2F89A
:201200000CC00139BCF1010F0CD1DC685368B3FBF4F505FB1435641BC51A0135A54284BF91
:20122000E0180138814228BF01465068081A013030BC704770B50E464DF21025C1F6FF75C6
:20124000E9680124013944D305D002390BD31CD001292ED03DE03146FFF727FF044628693A
:201260003044286135E0314600236A6900F086FB0446012805D10323062200215C20E8F76B
:20128000CCF968693044686123E0314600222B6900F074FB0446022818BF012805D104237B
:2012A000062200215C20E8F7B8F92869304428610FE0314600231A4600F060FB04460228A3
:2012C00018BF012805D10423062200215C20E8F7A4F9204670BD4AF60461C1F6FF71086801
:2012E00070474AF60461C1F6FF71002008604860704710B5020006D1012301465C20BDE85A
:201300001040E8F764B94DF21022C1F6FF7211684DF20C24C1F6FF74022907D10623002288
:2013200011465C20BDE81040E8F751B94AF60C61C1F6FF71026920601AB982690A60006AAB
:2013400002E042690A60C069486000F0B2FAFFF7C2FF28B100202060BDE81040FFF7C1BF8E
:201360004DF21021C1F6FF71086010BD2DE9D0440F464DF20C21C1F6FF710968012429B917
:20138000052322465C20E8F722F944E00646FFF763FD010005D1022322465C20E8F717F9B2
:2013A00039E01FB1B819FFF77DFD30B90323224600215C20E8F70BF92DE0FAF783F94DF253
:2013C000102AC1F6FF7ADAF80000022808D10623224600215C20E8F7FAF8FAF78EF91AE05D
:2013E000CAF80460B819441ECAF808403046FFF7B7FDAAF81A002046FFF7B2FDAAF81C00E5
:201400000024CAF80C400220CAF8000001208AF81800FAF772F92046BDE8D0842DE9D04416
:201420008A464DF20C21C1F6FF710968012429B9052302225C20E8F7CAF84AE00646174695
:20144000FFF756FD012806D002231A4600215C20E8F7BDF83DE0B819FFF74AFD012800D169
:2014600037B90323022200215C20E8F7B0F830E05FEA0A0105D1042302225C20E8F7A7F88F
:2014800027E0FAF754F94DF21024C1F6FF742268022A08D1062300215C20E8F798F8012481
:2014A000FAF760F915E06660B819471EA7603046FFF756FD60833846FFF752FDA083C4F8A6
:2014C00010A00120E0600221216020760024FAF749F92046BDE8D08410B54DF20C24C1F620
:2014E000FF74216831B9052303225C20BDE81040E8F76DB84DF21021C1F6FF710868022813
:2015000018BF10BD00F0F4F9FFF7E5FE032804D14DF21021C1F6FF7108602068C06800289A
:2015200008BF10BDBDE8104000474DF20C22C1F6FF721168080008BF70474DF21021C1F620
:20154000FF710868022818BF0120704700B54DF20C21C1F6FF71096831B905231A465C202B
:20156000E8F735F8012000BD4DF21021C1F6FF71086800BD2DE9D04C8A464DF20C21C1F698
:20158000FF710968012429B9052307225C20E8F71EF852E006461746FFF7CFFC012806D006
:2015A0000223072200215C20E8F711F845E027B1B819FFF7C2FC012806D003230722002167
:2015C0005C20E8F704F838E05FEA0A0105D1042307225C20E7F7FBFF2FE0FAF747F94DF24F
:2015E000102BC1F6FF7BDBF80000022808D10623072200215C20E7F7EAFFFAF752F91CE0BB
:20160000CBF80460B819441ECBF808403046FFF7A7FCABF81A002046FFF7A2FCABF81C00E0
:20162000CBF814A00220CBF80C00CBF8000001208BF818000024FAF734F92046BDE8D08C1A
:201640004DF20C21C1F6FF710868002808BF70474DF21021C1F6FF710868022818BF704722
:2016600000B54DF21021C1F6FF71087E012807D1FFF737FE00204DF21021C1F6FF71087637
:201680004AF60861C1F6FF710868002818BF00F05CF9FFF720FE002808BFFFF725FD5DF856
:2016A00004EBFFF777BC2DE9D04C064617464DF20C22C1F6FF721068012430B905230822CA
:2016C00001465C20E7F783FF4FE0B1F1000A05D1042308225C20E7F77AFF46E03046FFF780
:2016E0002CFC012806D00223082200215C20E7F76EFF3AE027B1B819FFF71FFC012806D0B9
:201700000323082200215C20E7F761FF2DE0FAF743F84DF2102BC1F6FF7BDBF800000228BD
:2017200008D10623082200215C20E7F750FFFAF74EF81AE0CBF80460B819441ECBF808401D
:201740003046FFF70DFCABF81A002046FFF708FCABF81C00CBF810A00320CBF80C000220B1
:20176000CBF800000024FAF732F82046BDE8D08C10B54DF20C24C1F6FF74216831B9052307
:2017800009225C20BDE81040E7F721BF4DF21022C1F6FF721168022907D106230922002165
:2017A0005C20BDE81040E7F712BF4AF60C61C1F6FF71012807D318BF10BD206842690A60F1
:2017C000C069486010BD206882690A60006A486010BD2DE9D0440F464DF20C21C1F6FF719D
:2017E0000968012429B905230A225C20E7F7EFFE44E00646FFF7A1FB012806D002230A2284
:2018000000215C20E7F7E3FE38E027B1B819FFF794FB012806D003230A2200215C20E7F75A
:20182000D6FE2BE0F9F7EDFF4DF2102AC1F6FF7ADAF80000022808D106230A2200215C207D
:20184000E7F7C5FEF9F7F8FF18E0CAF80460B819441ECAF808403046FFF782FBAAF81A0000
:201860002046FFF77DFBAAF81C000420CAF80C000220CAF800000024F9F7DEFF2046BDE804
:20188000D08400B50A4601464DF20C23C1F6FF7318684DF2102CC1F6FF7CBCF81A30806AFC
:2018A00000EB43100069104400F070FB00F0E1FC00BD10B54AF60464C1F6FF740020206011
:2018C000206868B94DF20C21C1F6FF710868C06A00F01DFB45F6A52188421CBF01202060E3
:2018E00000204AF60861C1F6FF71086010BD704700B54DF20C22C1F6FF7210684DF21022D9
:20190000C1F6FF72518B806A4AF60462C1F6FF7200EB411011680229C06909D1002818BF29
:2019200000BD00F095FC45F6A521884218BF00BD00204AF60861C1F6FF7108604AF604610D
:20194000C1F6FF710320086000BD4DF20C22C1F6FF7210684DF21022C1F6FF72518B806AAC
:201960004AF60462C1F6FF7200EB4110C069116802290CBF0028704700F06CBB30B54DF2AB
:201980000C2CC1F6FF7CDCF800504DF2102CC1F6FF7CBCF81AC0AD6A05EB4C15D5F81CC06D
:2019A000BCF1000F0DD184462869604412B100F00FFB02E01A4600F026FBBDE8304000F079
:2019C00058BC012030BD4DF20C2CC1F6FF7CDCF800104DF2102CC1F6FF7CBCF81AC0896A2A
:2019E00001EB4C11C96919B901461046FFF749BF0120704730B54DF20C2CC1F6FF7CDCF8C5
:201A000000504DF2102CC1F6FF7CBCF81AC0AD6A05EB4C15D5F81CC0BCF1000F06D18446CD
:201A200028696044BDE8304000F0ABBB012030BD40F20002C4F20102116801280CBF41F06D
:201A4000040021F004001060704740F20002C4F20102116801280CBF41F0020021F00200A6
:201A6000106070474DF23020C1F6FF70016845F6A520814201D100F02EB842F6D4308842B0
:201A800042F2E47218BF10467047014311F0030F04D1042A24BF0420704704E0012011F0BA
:201AA000010F18BF7047022A34BF0120022070474DF23420C1F6FF70016845F6A52081428A
:201AC00001D100F008B842F6D430884242F2E47218BF1046704740F20000C4F2010041687E
:201AE000C1F3C01101290BD1416811F04E0F02D145F6A52070474E21416042F2E47070477B
:201B00004EF242707047F0B506460C46154601272A4621463046FFF7B8FF411E0DD0491EB9
:201B200006D002290ED121683268914209D109E021883288914205D003E021783278914208
:201B400000D0002740F20402C4F201021168C1F38001012902D10420106004E01FB1064460
:201B600004442D1AD4D1002D43F2CC3045F6A52108BF08464DF23821C1F6FF710860F0BDE9
:201B800010B44F2340F20404C4F201042360BFF35F8F4EF62454CEF20004236823F4803322
:201BA00023604EF69454CEF20004236823F001032360BFF34F8FBFF36F8F002405E051F8FB
:201BC00023C004F1807440F823C0230EB3EBA20FF5DBBFF35F8F05204EF69451CEF200011F
:201BE000086051F8700D40F480300860BFF34F8FBFF36F8F002010BC704710B54DF2382428
:201C0000C1F6FF7410F01F0F03D042F6B450206010BD40F20402C4F20102116811F0800F16
:201C200003D14EF24270206010BD4F21116040F20803C4F2010300221A604E2243F8042D41
:201C400040F21802C4F2010210601960F9F743FE202000F037FB2060BDE81040F9F756BE8A
:201C60002DE9F04D81B0044616460F46884645F6A52AB2F1000B18BF002907D0B0F5002FB4
:201C800004D20844401EB0F5002F02D342F6B45000E050464DF23825C1F6FF755045286085
:201CA00031D14EF2427028603A4631462046FFF7ECFE411E09D0491E04D0022904BF216881
:201CC000316005E02188318002E021788BF8001040F20402C4F20102116811F0040F0AD1CD
:201CE00004440644B346A8F101083F1A09D0B8F1000FD9D101E004201060002F18BF42F274
:201D0000E47AC5F800A001B0BDE8F08D70B504460D4601262A4620460021FFF7B6FE411E4C
:201D20000ED0491E06D002290ED12168B1F1FF3F09D109E021884FF6FF72914204D002E06A
:201D40002178FF2900D0002640F20402C4F201021168C1F38001012902D10420106005E0B7
:201D6000002E1CBF0444B5EB0005D3D1002D42F6746045F6A52108BF08464DF23821C1F62B
:201D8000FF71086070BD4F2140F20402C4F201021160002151604E211160BFF35F8F4EF6D6
:201DA0002452CEF20002116821F48031116052F8701F21F001011160BFF34F8FBFF36F8F9E
:201DC00044F26751C0F223110160BFF35F8F052010604EF62452CEF20002106840F48030C1
:201DE0001060BFF34F8FBFF36F8F45F6A520704730B5044601204AF60861C1F6FF710860F4
:201E0000F9F7F6FB2046FFF7BEFF044645F6A525AC421ED14F2040F20404C4F201042060B8
:201E200047F2F530CFF69550C4F8FC01102000F04DFA0446AC420EBF0021012125464AF687
:201E40000460C1F6FF7001604DF23421C1F6FF710D60F9F7E8FB204630BD30B504464DF2DB
:201E60003425C1F6FF7501204AF60861C1F6FF710860F9F7BDFB2046FFF785FF044645F678
:201E8000A520844213D14F2040F20402C4F201024EF24274106047F2F530CFF69550C2F84B
:201EA000FC0110205060022145F6A52001E02046012128604AF60460C1F6FF700160F9F716
:201EC000B2FB204630BD00B5012803D1FFF7B0FD012003E00020FFF7ABFD0020FFF7B5FD23
:201EE00000BD40F20401C4F201010868C0F34000704740F20401C4F201010868C0F380008A
:201F0000704740F23001C4F201010868704730B540F20402C4F201021168C1F3C0110129CA
:201F200025D145F6A5244F2111604FF0050C4DF21022C1F6FF7200210B460D468E4682E8DA
:201F40002A5051614AF60462C1F6FF72116050F8212040F22405C4F20105D24345F82120E3
:201F6000491C0229F3D30020FFF7ADFF0CE001204DF21021C1F6FF7142F2E47408604AF671
:201F80000461C1F6FF710860204630BD10B540F20403C4F201031A684DF23424C1F6FF74FF
:201FA00012F0800F03D14EF24270206010BDB0F5002F09D2012903D1BDE81040FFF74DBFD9
:201FC000BDE81040FFF714BF42F6B450206010BD10B54DF23824C1F6FF74B0F5002F02D288
:201FE000FFF73EFE0DE040F20021C1F20001411AB1F5007F02D2FFF700FE02E042F6B45055
:202000002060206810BD10B51346002918BFB0F5002F04D20A18521EB2F5002F02D342F6AE
:20202000B45201E045F6A5224DF23824C1F6FF7445F6A52C624522600AD14EF2427222606C
:2020400023B10A461946FFF75EFD01E0FFF75EFE206810BD30B54AF60861C1F6FF710868FF
:202060004AF60465C1F6FF75012838D1FFF720FD04464EF24270844208BF30BD45F6A52091
:2020800084420CD001232B60062200215C20E7F7C4FA42F67460844218BF30BD3AE00020BE
:2020A0004AF60863C1F6FF73186028604DF21020C1F6FF7041688268914288BF30BD4DF2DE
:2020C0000C23C1F6FF731C68428BA46A04EB42139C685B681C44A14238BF30BD4EE00328BE
:2020E00018BF30BDFFF7BEFC04464EF24270844208BF30BD45F6A520844220D00120286057
:202100000223062200215C20E7F787FA42F67460844207D10723062200215C20BDE83040C8
:20212000E7F768BA43F2CC30844218BF30BD0823062200215C20BDE83040E7F75BBA0020CC
:202140004AF60861C1F6FF714DF20C23C1F6FF73086028601C684DF21020C1F6FF70428B42
:202160004168A46A04EB42139C685B681C44A14238BF30BD8368994288BF30BD511C41834B
:2021800030BD2DE9F04C074640F20005C4F20105686810F0800F03D14EF24274032050E044
:2021A00092469B4645F6A5244AF60466C1F6FF76B7F5002F41D2C819401EB0F5002F3CD27D
:2021C000DAB317F0070F08BF082936D1F9F745FA0020A8604AF60861C1F6FF714E206860F9
:2021E00003200822086051463846FFF7C9FCF8B94F206860BBF1000F47F2F530CFF69550AF
:20220000C5F800020DD1022000F060F80446F9F73FFA45F6A5218C4214BF01205846306053
:202220000FE00227AF60F9F733FA3760032008E042F2E4740120306003E042F6B454012037
:2022400030604DF23021C1F6FF710C60BDE8F08C40F20401C4F20101086810F0800FF7D0F5
:20226000086810F0800F14BF45F6A52042F2E470704710B542F67461401A10D0B0F5AB6091
:2022800015D042F2D961401A07D048F69D4188421CBF012010BD032010BD002010BD072304
:2022A000062200215C20E7F7A5F9022010BD0823062200215C20E7F79DF9022010BD4FF458
:2022C00080607047DFF800F0A3CBFF1FDFF800F06DCBFF1F002808BF704730B54DF23C25CC
:2022E000C1F6FF752968A9B9A86000F00DF9002408E08968C4EB840001EBC00000F018F9E5
:202300000134A4B2A96848888442F2D30120002285E80500BDE83040704710B54DF23C24E1
:20232000C1F6FF742068002808BF10BDA06800F00AF900200346024684E80D0010BD30B558
:2023400004464DF23C25C1F6FF752868002808BF30BD2146A86800F03AF9012808BF30BD85
:20236000A8688268C068015D8B00581A02EBC0004069002808BF30BD591A02EBC1004068E5
:20238000BDE8304000F047B930B504464DF23C25C1F6FF752868002808BF30BD2146A8685B
:2023A00000F015F9012808BF30BDA8688268C068015D8B00581A02EBC0004069002808BF80
:2023C00030BD591A02EBC1004068BDE8304000F012B970B505464DF23C26C1F6FF763068A2
:2023E000002488B12946B06800F0F1F801280BD0B168C868405DC0EB8002886800EBC2006C
:20240000406800F018F90446204670BD70B505464DF23C26C1F6FF763068002488B1294695
:20242000B06800F0D4F801280BD0B168C868405DC0EB8002886800EBC200406800F004F97F
:202440000446204670BD70B505464DF23C24C1F6FF7420680E46002808BF70BD2946A068F7
:2024600000F0B5F8012808BF70BDA268D068405DC0EB8001906800EBC1000169B14238BF9F
:2024800070BD002E08BF70BD406800F0A6F8022808BF70BDA268D068405DC0EB8001906896
:2024A00000EBC10031464068BDE8704000F073B830B505464DF23C24C1F6FF742068002838
:2024C00008BF30BD2946A06800F081F8012808BF30BDA268D068415DC1EB8100916801EB99
:2024E000C0014868BDE8304000F05EB8426813790B7052794A70826840694A60C860002293
:202500000A72084600F05CBA30B5054600240AE06868210B4258012A03D10844C06800F0B4
:2025200032FA04F580342988B1EB144FF0D830BD00B584B041680968012904BF6946FFF7C8
:20254000D5FF04B000BD30B5054600240AE06868210D4258012A03D10844007900F05AFA58
:2025600004F180742988B1EB146FF0D800240EE0A968C4EB840001EBC0004068016801299D
:2025800003D14179007900F04CFA0134E4B268888442EDD330BD0268012A18BF70470A465D
:2025A0004179007900F062BA10B504460068012818BF10BD6179207900F02CFB022818BF0D
:2025C00010BD61792079BDE8104000F07CBA4288914234BF00200120704702680021012A62
:2025E00007D100B54179007900F014FBC1B25DF804EB084670470168012918BF70474DF200
:202600004022C1F6FF721168002918BF70474179007900F00ABB0168012918BF70474DF2B8
:202620004022C1F6FF721168002918BF70474179007900F019BB0168012903D1417900794F
:2026400000F09EBA002070470168012903D14179007900F0BBBA0020704700204DF2140111
:20266000C4F205010860704710B50446F9F76BF94DF20000C4F20500816821F00101816045
:20268000016821F001010160227A416821F003011143626841604168102A08BF41F0040164
:2026A00005D021F004014160416862F3C6014160016821F002010160016821F0040101606A
:2026C000BDE81040F9F75FB94AF61463C1F6FF730021026980681971197519779A60D860CF
:2026E0000120186070474AF61463C1F6FF734DF20001C4F205014FF0000C0122C1F800C0C7
:20270000C1F804C0C1F808C0CA60C1F810C0C1F814C0C1F818C043F808CB03F804CC61466A
:20272000624683E80610704730B505464AF61464C1F6FF74F9F746F94DF20001C4F205017C
:20274000E3680A6825820020012B22F001020A600D61886102D18A681A438A6002200A6853
:20276000206042F001020A60BDE83040F9F74AB910B54AF61464C1F6FF74F9F762F9FFF74A
:202780006CFF4DF21801C4F205010868608251F8100D20F0010008604DF20001C4F205018D
:2027A000086820F001000860E06808B903202060BDE81040F9F765B910B5F9F781F94DF213
:2027C0000001C4F20501CA68886810F00100D20731D500282FD04DF24022C1F6FF721068D2
:2027E0004AF61464C1F6FF74012806D120774DF24022C1F6FF7200201060C86840F00100A6
:20280000C860E068012809D1886820F001008860086820F00100086004202060F9F770F976
:202820002079012818BF10BDA068002808BF10BDBDE810400047BDE81040F9F761B910B56E
:202840004AF61464C1F6FF7421680020023938BF10BD05D002290CD318BF10BD208A10BDF4
:20286000FFF7FBFE4DF21804C4F20504206880B210BD608A10BD10B54AF61464C1F6FF746A
:202880002168002002390ED304D002290AD30AD1208A08E0FFF7E1FE4DF21801C4F2050141
:2028A000086800E0608A218A081A80B210BD4AF61461C1F6FF710868704700B5F9F73FF932
:2028C00001204AF61461C1F6FF7108714DF20801C4F20501086840F001000860F9F74FF93D
:2028E00000BD10B54DF24021C1F6FF7108684AF61464C1F6FF7420B1012806BF207D0028B9
:2029000010BDF9F75BF900202071E06810B12068022807D04DF20801C4F20501086820F0DF
:2029200001000860BDE81040F9F768B94DF20000C4F2050040684AF61463C1F6FF7300F0B6
:202940000302C0F3C30C81E80410D86888601879087398680861704730B40C014AF20415D9
:20296000C4F2050501EB80004AF63461C1F6FF71C0EB8000645901EBC0000069001B1060A7
:202980001C6030BC704710B50446F9F795F94AF20001C4F2050160780A6822F001020A60C9
:2029A0000A6801280CBF42F0020222F002020A600A6842F001020A60BDE81040F9F79CB9B0
:2029C00010B50446F9F7B7F962784AF20811C4F2050101EB0210016821F0070101604168D3
:2029E00041F00101416020784AF63461C1F6FF7102EB8000C0EB800001EBC0000021017198
:202A0000E16881606168C16001210160BDE81040F9F7B1B94AF20000C4F205000021016057
:202A200070474AF20003C4F2050303EB011300224FF0010C01EB80004AF63461C1F6FF710A
:202A4000C3F80021C3F80421C3F80821C3F80CC1C0EB800041F8302001EBC000114613463E
:202A600094460271083080E80E10704770B504460D461646F9F79EF94AF20011C4F20501E6
:202A800001EB051398684AF63461C1F6FF7120F0050098601E6005EB8400C0EB800001EB20
:202AA000C000C1680661012903D1996841F002019960996841F00101996002210160BDE844
:202AC0007040F9F797B930B504460D46F9F7B1F94AF20411C4F2050101EB051205EB840066
:202AE0004AF63461C1F6FF71C0EB800001EBC000116841615368C16823F00303536009B976
:202B000003210160BDE83040F9F7B3B930B504460D46F9F7CDF94AF20811C4F2050101EB8A
:202B2000051250681168C1F34001012808BF012922D15068084350604AF63461C1F6FF719C
:202B400005EB8400C0EB800001EBC004E068012805D1106820F00700106004202060F9F74C
:202B6000C7F92079012818BF30BDA068002808BF30BDBDE830400047BDE83040F9F7B8B959
:202B800000B582B0002213468DE80C0001EB80024AF63463C1F6FF73C2EB820203EBC20201
:202BA0001368023B0FD30AD0022B03D30BD11069009008E010695169401A009003E001AB25
:202BC0006A46FFF7C9FE009802B000BD10B582B04AF63464C1F6FF74002213468DE80C008C
:202BE00001EB8002C2EB8202D300E258023A0ED309D0022A03D30AD10020019007E018198D
:202C00004069019003E001AB6A46FFF7A5FE019802B010BD01EB80004AF63461C1F6FF7122
:202C2000C0EB800051F83000704730B505460C46F9F77DF904EB85004AF63461C1F6FF71E1
:202C4000C0EB800001EBC000012101714AF20810C4F2050000EB0411086840F002000860F0
:202C6000BDE83040F9F783B930B505460C46F9F79DF904EB85004AF63461C1F6FF71C0EBF0
:202C8000800001EBC00000210171C16811B10068022809D04AF20810C4F2050000EB041110
:202CA000086820F002000860BDE83040F9F79EB908704AF20000C4F205000068C0F3400004
:202CC000487070471070517001EB80004AF63461C1F6FF71C0EB800001EBC000C16851602B
:202CE000017980681172D060704700210846FFF70DBF4DF8048D44F20808C4F2050801EB0C
:202D000080004AF69461C1F6FF7101EB40118869D8F800C0A0EB0C001860D1F814C06045C8
:202D200084BF002018604969081A10605DF8048B704701EB80004AF69462C1F6FF7202EB22
:202D400040129069536909011844906144F21802C4F205028850704710B50446F9F7A4F9DD
:202D600044F20000C4F20500A278016821F0010101600168012A0CBF41F0020121F00201C4
:202D800001604168627862F30701416000218160BDE81040F9F7A8B90178427802EB810167
:202DA0004AF69462C1F6FF7202EB411100220A700A724368C0680B61C86001204860704777
:202DC00044F20000C4F205000021016041608160704744F20003C4F2050303EB011300222C
:202DE0004FF0010C01EB800040014AF69461C1F6FF7143F8102FC3F804C09A6042540844A9
:202E0000114642600272134694460C3080E80E10704700B5F9F787F944F20001C4F2050181
:202E2000086840F001000860F9F79DF900BD00B5F9F7B8F944F20001C4F20501086820F07D
:202E400001000860F9F7CEF900BD70B506460C461546F9F7E6F904EB86004AF69461C1F647
:202E6000FF71322D2CBF2A46322244F20805C4F2050501EB401002214160426129680A444F
:202E8000826144F21000C4F2050000EB04108260016841F001010160BDE87040F9F7E1B991
:202EA00044F21003C4F2050303EB01131A6801EB80004AF69461C1F6FF7101EB401022F071
:202EC00001021A6044F20802C4F205021168C1610169002918BF704703214160704700B58B
:202EE00082B0002213468DE80C0001EB80024AF69463C1F6FF7303EB42125368023B11D3B8
:202F00000CD0022B03D30DD1506900900AE0143292E809106044C01A009003E001AB6A469B
:202F2000FFF7E7FE009802B000BD00B582B0002213468DE80C0001EB80024AF69463C1F670
:202F4000FF7303EB42125368023B0FD30AD0022B03D30BD10020019008E09069D169401A04
:202F6000019003E001AB6A46FFF7C3FE019802B000BDF0B507460E46F9F792F944F21001BA
:202F8000C4F2050101EB061460682168012808BF012926D106EB87004AF69461C1F6FF7139
:202FA00001EB40152869012806D1206820F0010020600420686003E031463846FFF7B9FEB5
:202FC000606840F001006060F9F78AF9287A012818BFF0BDE868002808BFF0BDBDE8F040B5
:202FE0000047BDE8F040F9F77BB901EB80004AF69461C1F6FF7101EB40104068704701EB42
:2030000080004AF69461C1F6FF7101EB401001210172704701EB80004AF69461C1F6FF7184
:2030200001EB401000210172704744F20003C4F205031A680870C2F340005A6888704A70AF
:2030400070471070517001EB80004AF69461C1F6FF7101EB401001695160017AC068117233
:20306000D060704710B50446F9F759F940F20001C4F20601C86920F00200C861C86920F07B
:203080000400C861C86920F00100C861486940F020004861086920F001000861486920F042
:2030A0002000486100200860C86005228A61627888614869012A0CBF40F0400020F040005B
:2030C00048614869626862F342004861BDE81040F9F745B94AF61473C1F6FF730021C2686E
:2030E00040681971197783F8241099619A60D86001201860704740F20001C4F20601486942
:2031000040F020004861002008614A694AF61473C1F6FF73844622F020024A610860886091
:20312000C8604861C86143F8080B05228A61886103F8040C0146024683E807101861704700
:2031400030B505464AF61474C1F6FF74F9F726F940F20001C4F20601086825612A18E068CE
:203160006261CA60012803D1CA6942F00202CA614A6942F020024A610A69022042F0010255
:203180000A614A69206022F020024A61BDE83040F9F724B910B54AF61474C1F6FF74F9F729
:2031A0003CF940F20000C4F206000168A161C16921F00201C161416941F020014161016919
:2031C00021F001010161416921F020014161E06808B903202060BDE81040F9F73EB910B5AF
:2031E000F9F75AF940F20C01C4F20601C8680A69C0F340000128C2F3400208BF012A3CD1DB
:203200004DF24023C1F6FF7318684AF61474C1F6FF740022012806D184F824004DF240230D
:20322000C1F6FF731A60E068012813D1086920F002000861886840F020008860486820F0C2
:2032400001004860886820F0200088600A600420206004E060692369184460610860CA60C7
:20326000F9F73AF92079012818BF10BDA068002808BF10BDBDE810400047BDE81040F9F7E0
:203280002BB910B44AF61474C1F6FF7421680020023915D304D002290CD311D120690FE090
:2032A00040F20002C4F2060260691168401A2169081A05E004F1100191E80D001844801A6D
:2032C00010BC704710B44AF61474C1F6FF742168002002390ED302D0022908D30AE040F2FC
:2032E0000002C4F2060260691168401A02E06069A169401A10BC70474AF61471C1F6FF71F4
:203300000868704700B5F9F706F901204AF61471C1F6FF71087140F21C01C4F206010868E0
:2033200040F002000860F9F716F900BD10B54DF24021C1F6FF7108684AF61474C1F6FF7449
:2033400020B1012806BF207F002810BDF9F722F900202071E06810B12068022807D040F29A
:203360001C01C4F20601086820F002000860BDE81040F9F72FB940F20000C4F20600406925
:203380004AF61473C1F6FF73C0F341020A60DA684A601A79C0F380100A729A680874CA60F7
:2033A000704730B50546007847F6E461C0F2050151F82040F9F76EFD2069696820F0010005
:2033C0002061206840F400502060206919B920F01000206115E040F01000206128784BF251
:2033E0001803C4F207034000032101FA00F2196891431960A96811F0030181401868084331
:2034000018602069297B61F30E20206100202063606940F00400606128784AF6FC71C1F69F
:20342000FF71C0EBC00001EB800029690161297D0172A969C16001214160BDE83040F9F73D
:2034400047BD70B50E46C0F3072447F6E461C0F2050151F82450F9F758FDE86920F4005020
:20346000E861286840F400502860286920F001002861686B08B9701E6863C4EBC4004AF69C
:20348000FC71C1F6FF7101EB8000696B4161E969027A012A0CBF41F4005121F40051E961BC
:2034A000296941F00101296129684FF0FF31296002214160BDE87040F9F745BD30B50446FA
:2034C000C0F3072047F6E461C0F2050151F82050F9F756FD200605EB9041D1F8800020F09C
:2034E0000100C1F880004AF6FC71C1F6FF7104F0FF00C0EBC00001EB8000016909B90321A4
:203500004160BDE83040F9F759BD2DE9F04F8AB04DF24C22C1F6FF72106890E8001800255E
:20352000BCF802A097E0DBF80400002840F09080F9F761FDDBF8082047F6E461C0F20501FC
:203540004BF6243CC1F6FF7C4BF2A403C1F6FF7334264FF0010E05FB06C64AF6FC7CC1F6A8
:20356000FF7C02F0FF04C2F30747C4EBC40007EBC4020CEB80080320C8F80000C6F800E0AD
:2035800043F822500022F260DBF80CC0B261C6F814C051F82400F26100EB8711D1F880201A
:2035A00022F00302C1F8802002687346C0F20113BB401A430260C2690EFA07F39A43C261CB
:2035C000D1F88020D8F804006CF31962C1F88020010031D151450DD24DF24C23C1F6FF732C
:2035E0001A68526801EB81008000805AA04218BF0131EFD14DF24C22C1F6FF72106889B295
:203600008DF80C4040688DF820E001EB810100EB8100018942898089049105928DF81800AB
:2036200000200790099003A8FFF7BBFE47EA04204FF0FF31FFF705FFD8F814004AF63C7250
:20364000C1F6FF72B061012042F82500F9F7F1FC0BF12C0B01354DF24C21C1F6FF71086828
:20366000C0698542FFF45FAF0AB0BDE8F08FF0B506464DF24C22C1F6FF72106800680F4680
:203680002C2106FB0100846847F6E461C0F205012006800D0D58F9F7E9FC34204BF62431DE
:2036A000C1F6FF7106FB0012012010600020D060D061C4F3074005EB8011D1F8800057613E
:2036C00067F31960C1F880003046112100F04EFABDE8F040F9F7E8BC2DE9F04F89B04DF2C8
:2036E0004C21C1F6FF710868D0F80090F9F7F9FC002684E0D9F8040000287DD1D9F80820BB
:203700004BF2A400C1F6FF704BF6243CC1F6FF7C342402F0FF05C2F307474AF6FC72C1F619
:20372000FF7206FB04CB47F6E46CC0F2050C07EBC50140F821600020C5EBC5014FEA81082F
:203740005CF82510012401EB871CCBF80040CBF80C00CBF81800CBF81C0048F80200DCF88A
:20376000802022F00302CCF880200A68A646C0F2011E0EFA07FC42EA0C020A60CA69BC4021
:20378000A243CA615A68B2F802C0010E614508D201EB81018900895AA94218BF00F18070DF
:2037A000F0D18DF80850002403948DF8144006948DF81C40089402A8FFF7F3FD47EA0520DA
:2037C000FFF77CFE4AF6FC71C1F6FF7141444AF63C73C1F6FF73CBF818404BF21808C4F2DA
:2037E00007084C6043F82640D8F800106800032282409143C8F8001009F12C0901364DF2F5
:203800004C21C1F6FF710B68D8698642FFF472AFF9F785FC09B0BDE8F08F30B50446F9F717
:203820009BFC34204BF62431C1F6FF7104FB00100025C561F9F7AEFC20462946BDE8304002
:2038400000F094B9F0B54DF24C23C1F6FF73196809682C2200FB02118E68054647F6E4629D
:20386000C0F205023106890D575800F0C5F9F9F7E9FC34204BF62431C1F6FF7105FB00106F
:203880000121002440F80C1B0461214680E81200C6F3074007EB8011D1F8800040F0407091
:2038A000C1F88000F9F7ECFC28462146BDE8F04000F05CB910B5044600F09EF9F9F7FDFCC9
:2038C000342004FB00F14BF62432C1F6FF7201205050881800210161BDE81040F9F70BBD54
:2038E0002DE9F04F83B04DF24C22C1F6FF7211680C6800252C2100FB01442189628982466F
:20390000A846AB46A9460906890D02F0FF0647F6E462C0F205025758F9F745FD34214BF68A
:203920002432C1F6FF720AFB01210A68002A49D17A68E369F24012F001024BB9002A41D088
:2039400007EB8612D2F8A050D2F8A4B01A4630E0012B08D1B2BB07EB8612D2F89850D2F81D
:203960009CB0424625E0E368012B00D122B9E368022B08BF002A0CD107EB8612D2F8A050C1
:20398000D2F89880D2F8A4B0D2F89C904FF0FF320FE0E268032A0BD107EB8612D2F8A0503B
:2039A000D2F89880D2F8A4B0D2F89C90022200E02A46CA6101220A6018EB050202D0896917
:2039C000514300E08969594409EB0104F9F709FD204603B0BDE8F08F70B58BB00C464DF2C7
:2039E0004C23C1F6FF731968096802462C206D4602FB00160BCE0BC50BCE0BC50BCE0BC5E8
:203A000096E8030085E80300002634204BF62431C1F6FF7102FB0015BDF8080047F6E4612D
:203A2000C0F2050151F82000406B0130A8612868002853D1F9F7F2FC07983246013811D392
:203A400005D0022819D325D0AE62EE6240E0A869296AAB6A01FB003084E841004FF0FF3006
:203A6000E86135E0686AA969EB6A01FB003084E841004FF0FF30E8612AE0D5F82CC0686A8A
:203A8000AB692660296A0144A86A604403FB010060601DE06869012818BF032805D1A8695F
:203AA000296AAB6A01FB003606E0022804D1A869696AEB6A01FB0036266005F1200090E8C8
:203AC0004A101944AB6906EB0C0001FB030060602A626A6201202860F9F7BEFC0BB070BDCC
:203AE0002DE9F04981B088469B464DF24C21C1F6FF710B681D6817462C22064600FB025583
:203B000000F01CF8F9F727FE686A4BF26412C1F6FF7202EB46140021A061286AC4F80480A4
:203B20002781A4F81CB02061304600F01FF80120206001B0BDE8F049F9F72BBE70B50646FD
:203B4000F9F7A7FC4BF26410C1F6FF7000EB46140025304665602581A583A561E56000F04D
:203B60004BF82560BDE87040F9F7B1BCF0B54DF24C23C1F6FF731A6815680F462C2100FBB3
:203B80000155A86847F6E461C0F20501C0F307440006800D0E58F9F7F2FC40F20100C0F2CB
:203BA000011000FA04F1306808433060112F05D0012000FA04F1F0690843F06106EB8411F2
:203BC000D1F8800040F00300C1F88000286902280ED17169706940F0C00070617069012226
:203BE00062F305107061706940F4803070617161BDE8F040F9F7E1BC30B54DF24C23C1F67E
:203C0000FF73196809682C2200FB02118868C0F307440006800D47F6E461C0F205010D58C4
:203C2000F9F7E8FC012000FA04F1E8698843E86105EB8411D1F8800020F00300C1F8800021
:203C4000BDE83040F9F7F4BC10B50446F9F70DFD4BF26472C1F6FF7202EBC40001234DF257
:203C60004C2CC1F6FF7C0371DCF8000000682C2304FB0300806A42F83400F9F714FD2046DA
:203C80000021BDE81040FFF771BF0021FFF76EBFFFF7B2BF34214BF62432C1F6FF7200FB2E
:203CA0000120C1694FF6FE72914294BF01310021C16170472DE9F0484BF26413C1F6FF7387
:203CC00003EB40144B6BC2EBC2024AF6FC7BC1F6FF7B0BEB8202E768926905463420684385
:203CE0004BF62431C1F6FF7100EB010CDCF80CC0666803FB02C246F82720E26801320023BA
:203D00000B50207DE260012805D1A06918B1A18B914208BF8047E0682189884238BFBDE8B3
:203D2000F0880020E0602069002818BFBDE8F0882846BDE8F04800F0A8BB34214BF624327C
:203D40004143C1F6FF720023C0008B504BF26471C1F6FF710A181279012A18BF70470858FA
:203D6000002808BF7047004770B44B68D34001EB8211D1F880204FF0340C4BF62435C1F6B4
:203D8000FF7500FB0C5013F001030026C2F30162C4690371012C08D1456913B9012D04D1EF
:203DA00001E0022D01D13446C661012A18BF022A03D1022C08BF066010E0032A08BF032C10
:203DC0000CD1D1F89C208262D1F8A420C262D1F898200262D1F8A0100660416270BC7047A2
:203DE0002DE9F041064649F20002C4F2040202EB00354C00002728683C44E4B2E040C00715
:203E000040D505EB8411D1F8800010F00300032835D14DF24C28C1F6FF78D8F800C04BF2DD
:203E2000A402C1F6FF7204EBC6004BF62433D1F89410DCF800C052F82000C1F6FF7334227D
:203E400000FB02322C2300FB03CCD3690133D160DCF81010D36101390FD304D0012907D060
:203E6000FFF718FF0BE022462946FFF77DFF06E032462946FFF71EFF01E0FFF75EFF0120CC
:203E8000A04028600137022FB5D3BDE8F08149F20002C4F2040202EB00310A6812F4005FC5
:203EA00008BF7047C0EBC0004AF6FC72C1F6FF7202EB80008269013282610269012A05D169
:203EC0000A6922F001020A61042242604FF40050086070470020FFF7DABF03210020FFF78C
:203EE0007FBF0146002047F6F463C0F205034200D25A8A421CBF01301128F4D3C0B2704760
:203F000030B504460D46F8F7B2FD681E02289EBF4BF6E401C1F6FF7141F82450BDE8304065
:203F2000F8F7C3BD2DE9F0444DF24C21C1F6FF7108680468002590F81CA042E0606802289C
:203F40003DD1267AA77AF8F7CDFD41F21C02C4F2010202EB0622342301214BF6243005FBAC
:203F600003FCC1F6FF7001FA07F313604CF80010F8F7D6FDE36894F814C04BF6E402C1F615
:203F8000FF72BCF1010F42F8253018D147EA0620FFF7A7FF42F20001C4F206014618F8F749
:203FA000A1FD317801F0F00141F010013170F8F7B7FD01214DF24820C1F6FF7001702C3492
:203FC00001355545BAD3BDE8F0842DE9F0444DF24C21C1F6FF7108680668002790F81CA005
:203FE00029E07068022824D1357AB47AF8F7B5FD294641F21C02C4F2010241F28005C4F25C
:20400000010512EB0123012202FA04FC05EB012101EB8401C3F800C00B684BF624353424F7
:204020007C43C1F6FF7523F00F030B606251F8F7B2FD2C3601375745D3D34DF24824C1F677
:20404000FF742078012818BFBDE8F084F8F785FD002042F20005C4F2060528602070BDE8F4
:20406000F044F8F798BD10B50446F8F7B1FD4BF6A412C1F6FF7202EBC40001210171204652
:204080002C2114FB01F34DF24C24C1F6FF74216809681944896A42F83010BDE81040F8F74F
:2040A000B5BD10B50446F8F7CEFD4BF6A411C1F6FF7101EBC400002241F834200271BDE831
:2040C0001040F8F7DEBD000241F21C02C4F201028058C84010F00100704730B504460D46E0
:2040E000F8F7ECFD41F21C01C4F2010101EB04200121A9400160BDE83040F8F7FDBD10B5E1
:20410000017A807A40EA0120FFF7EBFE0446F8F710FE42F20000C4F2060000210155BDE8AD
:204120001040F8F724BE70B50646007AB17A41EA0020FFF7D6FE0546F8F736FEF168481E06
:2041400002289DBF48F22F40C0F20300445C002442F20001C4F206016A5C44F0100302F0C6
:20416000F0021A436A54486A20F00D0040F001004862086A4FF0FF300862BDE87040F8F7FA
:2041800031BE00B5F8F74BFE42F22001C4F2060108684FF0FF300860F8F75FFE00BD42F2AE
:2041A0002001C4F2060108687047F0B54DF24C23C1F6FF73196809682C2200FB02110D7AA9
:2041C0008C7A4BF6E401C1F6FF7151F82070F8F74EFC781E02289DBF48F23240C0F20300FD
:2041E000C65D002641F28000C4F2010000EB052000EB8401086820F00F0030430860BDE87D
:20420000F040F8F752BC4DF24C23C1F6FF73196809682C2200FB0211087A41F28002C4F25F
:20422000010202EB0022887A02EB8001086820F00F000860704700B581B0002000904DF279
:204240004C21C1F6FF710868806968B10020FFF7A6FF00904DF24C21C1F6FF7108688369DE
:204260000022012168469847FFF78BFF01B000BD10B401464DF24C20C1F6FF700268002019
:20428000938B984209D22C244443D2F800C054F80C408C4218BF0130F3D180B210BC704703
:2042A0004DF24C21C1F6FF7108684068002808BF7047FFF72AB900B580B2FFF7D9FF4DF2A0
:2042C0004C22C1F6FF72116809682C2200FB02114968002908BFFFF7B5FA00BD00B580B218
:2042E000FFF7C6FF4DF24C22C1F6FF72116809682C2200FB02114968002908BFFFF7DAFA7D
:2043000000BD10B50C4680B2FFF7B2FF4DF24C22C1F6FF72116809682C2200FB0211496824
:20432000002918BF10BD2146BDE81040FFF754BB10B5012480B2FFF79BFF4DF24C22C1F63F
:20434000FF72116809682C2200FB0211496811B9E5F779F90446204610BD10B5002480B245
:20436000FFF786FF4DF24C22C1F6FF72116809682C2200FB0211496811B9FFF7B1FA044641
:20438000204610BD00B580B2FFF772FF4DF24C22C1F6FF72116809682C2200FB02125168C7
:2043A000002918BF00BD1269013A0AD311D0012A01BF4BF26412C1F6FF7202EB4010017553
:2043C00000BD4BF26472C1F6FF7202EBC000017100BD34224BF62433C1F6FF7300FB0230C5
:2043E00080F8301000BD00B580B2FFF741FF4DF24C22C1F6FF72116809682C2200FB021110
:204400004A68002A18BF00BD09694A1E0AD30CD0012A01BF4BF26411C1F6FF7101EB401099
:20442000027500BDFFF710FC00BD34224BF62433C1F6FF7300FB023080F8301000BD4DF291
:204440004C21C1F6FF7108684068002808BF7047FFF742B970B50C4615461E4680B2FFF7BB
:2044600007FF4DF24C22C1F6FF72116809682C2200FB02114968002918BF70BD33462A4654
:204480002146BDE87040FFF72BBB00B580B2FFF7EFFE4DF24C22C1F6FF72116809682C22AD
:2044A00000FB02114968002908BFFFF747FB00BD00B580B2FFF7DCFE4DF24C23C1F6FF73CA
:2044C0001A6812682C2300FB032252683AB94BF26411C1F6FF7101EB4010C06800BD0020AA
:2044E00000BD00B580B2FFF7C3FE4DF24C22C1F6FF72116809682C2200FB0211496800296C
:2045000008BFFFF78AF900BD00B580B2FFF7B0FE4DF24C22C1F6FF72116809682C2200FB0B
:2045200002114968002908BFE5F78BF800BD00B580B2FFF79DFE4DF24C22C1F6FF721168E5
:2045400009682C2200FB02114968002918BF00BD34224BF62433C1F6FF7300FB0230C161BA
:2045600000BD10B50C4680B2FFF782FE4DF24C22C1F6FF72116809682C2200FB02114968F3
:20458000002918BF10BD2146BDE81040FFF76FB87047704700B580B2FFF76AFE4DF24C2275
:2045A000C1F6FF72116809682C2200FB02114968002908BFFFF769FB00BD00B580B2FFF7F8
:2045C00057FE4DF24C22C1F6FF72116809682C2200FB02114968002908BFFFF759FB00BDC3
:2045E00010B401464DF24C20C1F6FF7002680020938B984209D22C244443D2F800C054F8D5
:204600000C408C4218BF0130F3D180B210BC70474DF24C23C1F6FF73196809682C2200FBED
:2046200002114868032808BF4FF4706204D08968080280B240EA1142002047F6F463C0F2CC
:2046400005034100C95A91421CBF01301128F4D3C0B2704770B54DF24C25C1F6FF756A6814
:2046600000210C4690421CD00E4613E001682C2006FB0010007D01280BD1B0B2FFF7C8FF5B
:204680004CF2A451C1F6FF71085CC00701D5012404E001362868C1698E42E7D3611E18BFE5
:2046A0000121084670BD10B54DF24C24C1F6FF74206008B1A06838B10D23002206217A2082
:2046C000BDE81040E4F783BFFFF7EAFD002034214BF62432C1F6FF7200FB01210023013046
:2046E00030288B60F3D30120A06010BD2DE9F04482464DF24C26C1F6FF76B06838B9172391
:20470000012206217A20BDE8F044E4F760BF002730E02C2210FB02F40D68285BFFF778FFF7
:204720004CF2A451C1F6FF71085C00F0020002281ED160198069824518BFBDE8F084504601
:20474000E4F743FF31680968085DFFF761FF0446F8F717F9112C07D24CF2A451C1F6FF71BE
:20476000085D00F0FD000855BDE8F044F8F727B907F180773168CA69380E9042C9D3BDE8CE
:20478000F08430B54DF24C24C1F6FF74206838B91423012206217A20BDE83040E4F717BF8D
:2047A000A06838B91723012206217A20BDE83040E4F70DBFFFF743FE0025284600F006F86E
:2047C0000135302DF9D30020A06030BD302805D30B23062211467A20E4F7F9BE4DF25421B0
:2047E000C1F6FF71096829B91423062211467A20E4F7EDBEFFF7C6BD10B5302807D30B23CB
:20480000032206217A20BDE81040E4F7E0BE4DF25421C1F6FF71096839B914230322062183
:204820007A20BDE81040E4F7D2BEC0B2FFF7F0FE0446F8F7A6F8112C07D24CF2A451C1F651
:20484000FF71085D00F0FE000855BDE81040F8F7B6B830B504464DF24C25C1F6FF75A868CC
:2048600038B91423162206217A20BDE83040E4F7AEBE302C07D30B23162206217A20BDE8B9
:204880003040E4F7A4BEA0B2FFF7AAFE296809682C2200FB0210007D012811D1E0B2FFF70E
:2048A000B7FE054611280BD2F8F730F84CF2A451C1F6FF71485D40F008004855F8F744F8CC
:2048C0002046BDE83040FFF765BE30B504464DF24C25C1F6FF75A86838B9142317220621A2
:2048E0007A20BDE83040E4F772BE302C07D30B23172206217A20BDE83040E4F768BEA0B238
:20490000FFF76EFE296809682C2200FB0210007D012811D1E0B2FFF77BFE0546F8F731F8EC
:20492000112D07D24CF2A451C1F6FF71485D00F0F7004855F8F743F82046BDE83040FFF742
:204940003CBE302805D30B23072206217A20E4F73EBE4DF25421C1F6FF71096829B91423D9
:20496000072206217A20E4F732BEFFF73CBD10B5302807D30B23042206217A20BDE8104092
:20498000E4F725BE4DF25421C1F6FF71096839B91423042206217A20BDE81040E4F717BE58
:2049A000C0B2FFF735FE0446112828BF10BDF7F7ADFF4CF2A451C1F6FF71085D40F001009B
:2049C0000855BDE81040F7F7BFBF30B504460D4680B2FFF705FE302C07D30B2311220621AE
:2049E0007A20BDE83040E4F7F2BD3DB90A23112206217A20BDE83040E4F7E9BD4DF24C2125
:204A0000C1F6FF710A6812682C2300FB03200069012807D01023112206217A20BDE8304071
:204A2000E4F7D5BD886838B91423112206217A20BDE83040E4F7CBBD29462046FFF761FC5D
:204A400030BD30B50546012480B2FFF7C9FD302D06D30B23082206217A20E4F7B8FD20E047
:204A60004DF24C21C1F6FF710A6812682C2300FB0320006908B1012806D010230822062165
:204A80007A20E4F7A4FD0CE0886830B91423082206217A20E4F79BFD03E02846FFF748FC1B
:204AA0000446204630BD30B50546002480B2FFF797FD302D06D30B23102206217A20E4F717
:204AC00086FD1FE04DF24C21C1F6FF710A6812682C2300FB03200069012806D010231A462D
:204AE00006217A20E4F773FD0CE0886830B91423102206217A20E4F76AFD03E02846FFF732
:204B00002CFC0446204630BD302805D30B230C2206217A20E4F75BBD4DF25421C1F6FF71B5
:204B2000096829B914230C2206217A20E4F74FBDFFF7FDBC10B5044680B2FFF751FD302C85
:204B400007D30B230D2206217A20BDE81040E4F73EBD4DF24C21C1F6FF710A6812682C2384
:204B600000FB03200069032807D010230D2206217A20BDE81040E4F72ABD886838B91423BA
:204B80000D2206217A20BDE81040E4F720BD2046BDE81040FFF7A5BC302805D30B230E2238
:204BA00006217A20E4F713BD4DF25421C1F6FF71096829B914230E2206217A20E4F707BD94
:204BC000FFF7A2BC10B50024302806D30B230F2206217A20E4F7FBFC0FE04DF25421C1F61B
:204BE000FF71096831B914230F2206217A20E4F7EEFC02E0E4F743FD0446204610BD30B59D
:204C000005460C4680B2FFF7EBFC302D07D30B23052206217A20BDE83040E4F7D8BC012CEA
:204C20001CBF022C032C07D00C23052206217A20BDE83040E4F7CBBC4DF24C21C1F6FF7104
:204C40000A6812682C2300FB03200069012807D11023052206217A20BDE83040E4F7B7BC13
:204C6000886838B91423052206217A20BDE83040E4F7ADBC21462846FFF773FC30BDF0B50F
:204C800007464DF24C26C1F6FF7630680568012F18BF002F07D00F23022206217A20BDE81C
:204CA000F040E4F794BC3846FFF7D4FC040011D01623022206217A20BDE8F040E4F787BC5F
:204CC000287D012804D13A4628462968E4F7F1FC2C3501343068C0698442F1D37760F0BD85
:204CE00010B5044680B2FFF77BFC302C07D30B23132206217A20BDE81040E4F768BC4DF279
:204D00004C21C1F6FF710A6812682C2300FB03200069012807D01023132206217A20BDE86F
:204D20001040E4F754BC886838B91423132206217A20BDE81040E4F74ABC2046BDE81040F9
:204D4000FFF7B9BA10B5044680B2FFF749FC302C07D30B23142206217A20BDE81040E4F743
:204D600036BC4DF24C21C1F6FF710A6812682C2300FB03200069012807D01023142206211C
:204D80007A20BDE81040E4F722BC886838B914231A4606217A20BDE81040E4F718BC204688
:204DA000BDE81040FFF79ABAF0B504460D4616461F4680B2FFF714FC302C07D30B230922EA
:204DC00006217A20BDE8F040E4F701BC3DB90A23092206217A20BDE8F040E4F7F8BB3EB93C
:204DE0000E23092206217A20BDE8F040E4F7EFBB3FB91823092206217A20BDE8F040E4F76D
:204E0000E6BB4DF24C21C1F6FF710A6812682C2300FB03221269022A06D0102309220621C1
:204E20007A20E4F7D4FBF0BD896831B91423092206217A20E4F7CBFBF0BD4CF2E441C1F61B
:204E4000FF7101223B4641F82020324629462046FFF700FBF0BD10B5044680B2FFF7C0FBE8
:204E6000302C07D30B230A2206217A20BDE81040E4F7ADBB4DF24C21C1F6FF710A681268EA
:204E80002C2300FB03221269022A07D010230A2206217A20BDE81040E4F799BB896839B9FE
:204EA00014230A2206217A20BDE81040E4F78FBB4CF2E441C1F6FF7151F82020012A07D09F
:204EC00015230A2206217A20BDE81040E4F792BB002241F820202046FFF7D7FA10BD28B91A
:204EE0001923122206217A20E4F771BBB42101807A2141800221017103214171002181714A
:204F0000704730B50546002480B2FFF769FB302D06D30B231A4606217A20E4F758FB1FE048
:204F20004DF24C21C1F6FF710A6812682C2300FB03200069022806D010230B2206217A20BB
:204F4000E4F745FB0CE0886830B914230B2206217A20E4F73CFB03E02846FFF7A9FA044606
:204F6000204630BD70B54DF24C25C1F6FF752C2100FB01F6286800688459A0B2FFF748FB3F
:204F80004CF2A451C1F6FF71085CC00758BF70BDE0B2FFF73DFB044611280BD2F7F7B6FC88
:204FA0004CF2A451C1F6FF71085D40F002000855F7F7CAFC2868006830448069BDE8704045
:204FC000E4F701BB70B506464CF2B855C1F6FF752879012803D1A8680078B04201D801243D
:204FE00017E028680024042813D1304600F07FF801280ED12C2016FB00F6A8684068304492
:205000000069E4F7E2FAA868406830440069E4F786FB204670BD30B54CF2B855C1F6FF7591
:205020002979012401290DD1A9680978814209D92968042905D000F05CF8012802D0042074
:2050400028600024204630BD10B54CF2B854C1F6FF742179002918BF10BD002808BF10BDF5
:20506000A060806800F03BF8002004F10C0100220A5401300828F8D31046A16800F031F8DF
:20508000042020600120207110BD10B54CF2B854C1F6FF742179012906D1A16809788142CC
:2050A00002D92168042901D0012010BD00F01BF8002010BD10B54CF2B854C1F6FF742179DD
:2050C000012906D1A1680978814202D92168042901D0012010BD00F008F8002010BD00F065
:2050E0003DB800F041B800F061B900F0CCB900F0F9B900F01EB930B54CF2CC54C1F6FF747D
:2051000054F8100F00794BF20001C4F2010101EB0035F8F7BFFF4FF40070A860286840F06C
:20512000020028602020A860686840F02000686004250022294604E9260004F8102CF8F7C1
:20514000C7FF4CF2B854C1F6FF74256030BD07204CF2D051C1F6FF71086070474CF2E05168
:20516000C1F6FF71086070472DE9F044496806462C2016FB001108794CF2DC55C1F6FF7519
:205180004BF20002C4F20102296002EB00340020286188680F7DE86091F818A0498C0120C9
:2051A000206049F28060C0F29800B0FBF1F04FF47A61B1FBF0F0C0B200280EBF4FF0FF30FF
:2051C000FF2101FA00F02872F8F73DFE287B4FEACA71C007C00E40F0800040EA11703907B9
:2051E00040EA1151206808432060F8F74AFE4FF4604020632868418CC269B2FBF1F10A0909
:20520000A26211F00F0161624FF4E061A1614FF6FF7121624FF44071A161018C0A07090A51
:2052200041EA1251216200212164E968E1B990F82410012918D190F8251047F61873C0F2C6
:20524000050353F82120226400220AE0D0F828C004F14C071CF803C0930D02F1807247F895
:2052600003C0130E8B42F1D3A068A060F8F73AFD206820F001002060F8F752FD47F6861061
:205280006060E86818B9606840F0010060603046BDE8F044FFF72FBF70B54CF2D856C1F6F9
:2052A000FF767068007901244BF20001C4F2010101EB0035F8F78CFD286B40F400702863B2
:2052C000F8F7A4FD0020296B01F40071B1F5007F15D1B0F57A7F38BF0130F4D3706800793B
:2052E0004BF20001C4F2010101EB0035F8F784FC286820F002002860F8F79CFC17E0B0F5DB
:205300007A7FEBD24FF40070A86041F63C706863002085F83800204605F138014FF0FF3294
:205320000A5401300828F7D3032030600024204670BDF0B506464CF2DC55C1F6FF7528685F
:20534000007901244BF20001C4F2010111EB0037F8F73EFD386B40F400703863F8F756FD38
:205360000020396B01F40071B1F5007F15D1B0F57A7F38BF0130F4D3286800794BF2000124
:20538000C4F2010111EB0035F8F736FC286820F002002860F8F74EFC06E0B0F57A7FEBD25F
:2053A0003046FFF7A8FE00242046F0BDF0B54CF2D054C1F6FF74E1680979054607264FF4ED
:2053C00080504BF20002C4F2010211FB0027F8F713FC386820F002003860F8F72BFCF8F785
:2053E000F7FC386B40F400703863F8F70FFD0020396B01F40071B1F5007F05D1B0F57A7F1A
:2054000038BF0130F4D31FE0B0F57A7F1CD2207D87F83800F8F703FE386B40F4805038638C
:205420000027284600F0B0F8012806D105204CF2B851C1F6FF71086004E001374FF6FF7074
:205440008742EED3F8F709FE002784E8C000E168E76109794FF480504BF20002C4F201025B
:2054600011FB0024F8F703FC2020A060606820F020006060F8F719FC05204CF2B851C1F6EF
:20548000FF710860F0BD70B54CF2D054C1F6FF74E06800794BF20005C4F2010505EB0036F1
:2054A000F8F7AAFB306820F002003060F8F7C2FBE068007905EB0035F8F7D9FB2020A86081
:2054C000686820F020006860F8F7EFFB0720002284E80500E26105204CF2B854C1F6FF7495
:2054E000206070BD70B54CF2CC54C1F6FF74226911794FF480534BF20006C4F2010611FB1B
:205500000361237800200525012B18BF70BD0B6BDB0448BF70BD8968490658BF70BD0720DE
:205520004FF0040C0023211D81E80910236223701069E4F748F84CF2B850C1F6FF700560BC
:20554000206900794FF4805110FB0164F8F78FFB2020A060606820F020006060F8F7A5FBC5
:20556000012070BD4CF2D851C1F6FF71086870474CF2D451C1F6FF71086870474CF2D05118
:20558000C1F6FF71086870474CF2DC53C1F6FF73196809794BF20002C4F2010202EB01310D
:2055A000096BC9044CBF00200120704770B589B04CF2CC55C1F6FF7569692A69085C11796C
:2055C0004BF20003C4F2010303EB0134A168636811F0200F18BF13F0200F35D0107B0128E8
:2055E0001ED14CF2B851C1F6FF710868052802D12068800714D5206BC00413D4042607215E
:20560000002305F1040C8CE84A002B621069E3F7DAFF05204CF2B851C1F6FF71086001E00E
:2056200001202870286900794BF20001C4F2010101EB0035F8F7E0FA286820F0020028609D
:20564000F8F7F8FA2020B6E011F0040F18BF13F0040F2DD0EA69E168012A06D1C90702D550
:205660000920A860E26009201FE0C90758BF002207D50921A9600621E4F75BF80120E060C1
:2056800010E004F1380C1CF8023007A98B5400230CF802300132082AF3D34FF40072A260D1
:2056A000E4F743F80120A06007206860042082E011F0020F18BF13F0020F12D0E9690129E3
:2056C00007D1E96803291ABF08206860FFF713FD05E0E4F72CF8072068600120A060022090
:2056E00069E011F0010F18BF13F0010F62D0696807295DD1616B47F65C72C0F2050211F074
:205700003F01555C05A90491002101918DF8005008218DF80C10022102916946E4F700F8CB
:20572000D8B99DF80C10C1B1082916D80298012812D10139490745EAD1400199002918BF8C
:2057400040F480706063A068C00544BF4FF48070A0600420A0602BE078B1F8F7AFFB206BE3
:2057600040F400602063F8F7C7FB21E0049E04F13803B65C00F180709E54020E8A42F5D305
:2057800088020199A0F58060284340F40070002918BF40F4807060630220A0600420A06034
:2057A000F8F7DBFA206B40F480602063F8F7F3FA012000E0A068A06009B070BD2DE9F04FE3
:2057C00083B04CF2D055C1F6FF750026B2462969EA688DF805604BF20003C4F20103127997
:2057E00011F800B04FF4805112FB01348DF807608DF806608DF80460E768D4F804908DF8A6
:205800000360B0464FF0020C19F0040F1DD017F4006F06D04FF0010A032169604FF40061AE
:20582000E16017F4806F06D04FF0010A042169604FF48061E16017F4007F06D04FF0010A10
:20584000052169604FF40071E16017F4805F18BF19F4805F07D001208DF80700C5F804C0B2
:205860004FF48051E16017F4807F18BF19F4807F07D001268DF80560072169604FF48071D9
:20588000E16017F4005F18BF19F4005F10D00126A1688DF80660E961F8F786FB216B41F4A4
:2058A00000712163F8F79EFB6E604FF40051E16017F4804F18BF19F4804F09D001260A2110
:2058C0006960A1688DF80460E9614FF48041E16017F0800F18BF19F0800F06D001268DF8F7
:2058E0000360082068608020E060A968032904BF5846FFF700FC012E0AD14FF44070A060E8
:20590000414604F1380202F8018001310829F8D3E068E060A869002840D1BAF1010F05D1C5
:2059200058460121E3F705FF4FF001089DF80500012805D158460221E3F7FBFE4FF001080C
:205940009DF80700012805D158460321E3F7F1FE4FF001089DF80600012805D1584604217C
:20596000E3F7E7FE4FF001089DF80400012805D158460521E3F7DDFE4FF001089DF803002F
:20598000012804D158460521E3F7D3FE02E0B8F1010F03D10320A0600720286003B0BDE801
:2059A000F08F00B50120FFF701FE0120FFF706FF00BD10B5020006D10C2301467C20BDE86F
:2059C0001040E3F704BE4DF25824C1F6FF74206000F086F80120606010BD10B44DF25824DB
:2059E000C1F6FF74616829B90F2302227C2010BCE3F7EDBD206810BC00F066B9F0B50D4635
:205A00004DF25826C1F6FF76716831B90F2301227C20BDE8F040E3F7DABDC0F3072400F0D5
:205A2000FF07052C38BF202F07D30A23012200217C20BDE8F040E3F7CABD3A46214630684D
:205A400000F085F9010006D10B2301227C20BDE8F040E3F7BCBD2A4639462046BDE8F040C1
:205A600000F0A9B9F0B54DF25826C1F6FF76C0F3072400F0FF07706838B90F23042201460A
:205A80007C20BDE8F040E3F7A2BD0D46052C38BF202F07D30A23042200217C20BDE8F040D3
:205AA000E3F795BD082907D30D23042200217C20BDE8F040E3F78BBD3A462146306800F036
:205AC00060F9010006D10E2304227C20BDE8F040E3F77DBD2A463946204600F098F9F0BD36
:205AE0002DE9F04C002441F20007C4F20107E5E0426802EBC4014B680E784D78002E00F0FB
:205B0000DC801A7842F2000CC4F2010C0CEB053C0CEB8201D3F818C0BCF1010C10D31CD0B6
:205B2000BCF1010F25D1D1F800C04CF0020CC1F800C0D1F800C04CF0010CC1F800C018E023
:205B4000D1F800C02CF0020CC1F800C0D1F800C02CF0010CC1F800C00BE0D1F800C04CF03E
:205B6000020CC1F800C0D1F800C02CF0010CC1F800C0D3F820A0D1F800C0BAF1010F14BFD1
:205B80002CF0040C4CF0040CC1F800C093F810B007EB052CBBF1010F6BD1D3F804A0BAF194
:205BA000000F44D1DA46DCF814B00AFA02FA2BEA0A0BCCF814B0DCF818B04BEA0A0B93F8E6
:205BC00024A0CCF818B0D1F800C0BAF1010F0CBF4CF0100C2CF0100C07F1800B0BEB052A2E
:205BE0000AEB8202C1F800C093F825A0D2F800C0BAF1010F0CBF4CF4803C2CF4803CC2F8C1
:205C000000C093F827A0D2F800C0BAF1010F0CBF4CF0100C2CF0100CC2F800C0D2F800C0CE
:205C200093F826A06AF31C6CC2F800C01EE0D3F80CA0BAF1000F0CBF0CF1080B0CF1040B9E
:205C4000DBF800E04FF0010A0AFA02FA4EEA0A0ECBF800E0DCF8182022EA0A02CCF8182034
:205C6000DCF8142042EA0A02CCF814204FF4807C19E0DCF800E04FF0010A0AFA02FA6FEA5D
:205C80000A020EEA020ECCF800E0DCF818A00AEA020ACCF818A0DCF814A00AEA020ACCF8F8
:205CA00014A04FEA0B2C0A682833013E22F4E0624CEA02020A607FF424AF013401788C42F6
:205CC000FFF416AFBDE8F08C2DE9F04C8346002641F2140AC4F2010A32E0DBF8040010F8A7
:205CE000317000EBC102556847B3A86818BB2C78F8F784FAD5F804C0012101FA04F4E343DE
:205D0000310E0A0202EB0A01BCF1000F06D10868184008600AEB0201043107E041F218001E
:205D2000C4F201000244106818401060086820430860F8F781FA2835013FD6D106F1807650
:205D40009BF80000310E8142C7D3BDE8F08C10B4446804EBC10314F83140002001465B6829
:205D600002E0283301F18071B4EB116F03D993F800C06245F5D19968012908BF084610BC44
:205D8000704710B4446804EBC10314F83140002001465B6802E0283301F18071B4EB116F43
:205DA00003D993F800C06245F5D15969012908BF084610BC7047F0B504460D4617460528FF
:205DC00034BF2029F0BDF8F7A3F90120A840C643240247B941F21401C4F2010165586318DF
:205DE000354004310BE041F21801C4F201016318196801EA060541F21401C4F201011D609B
:205E0000635803436350BDE8F040F8F79FB970B504460D461646F8F7B6F942F20001C4F20B
:205E2000010101EB043000EB8501086866F30A200860BDE87040F8F7C4B930B54CF2F0554B
:205E4000C1F6FF750024686008E0C268C4EB840102EB810000F068F80134E4B26868017A11
:205E60008C42F2D300240DE0406805EB8403C4EBC40100EB810202F108009A6000F05FF841
:205E80000134E4B2686801788C42EDD330BD30B5002409E0A968C0EBC00001EB8000083061
:205EA00000F063F804F180744CF2F055C1F6FF7569680978200E8842ECD3002408E0C968BA
:205EC000C4EB840001EB800000F044F80134E4B26968087A8442F2D30020686005EB8001F5
:205EE0000022013005288A60F8D330BD4CF2F053C1F6FF739A68C0EBC00002EB80020846AC
:205F000002F1080100F03CB84CF2F05CC1F6FF7CDCF80830C0EBC00003EB80030846114658
:205F200003F1080200F03AB84168002918BF70478168002908BF7047007800F041B8416887
:205F4000002918BF7047C168002908BF7047007800F0F0B84168002918BF70478168002938
:205F600008BF7047007800F06AB94168002918BF7047C168002908BF7047007800F097B930
:205F80000B464968002918BF7047D968002908BF704702468978187800F0C8B930B51446D7
:205FA0005268002A18BF30BDE568002D08BF30BD0B460246A9782078BDE8304000F00ABAF0
:205FC0002DE9704104460D4649F20001C4F2040101EB0036F8F750F900213163706940F04E
:205FE00002007061E86801387063706940F001007061706940F0C0007061706940F01000E4
:206000007061706940F480307061716170697061706940F48040706170697061706940F450
:206020000060706170697061706940F04000706170697061706940F0040070612869012829
:2060400015D16100032202FA01F34BF21808C4F20708D8F800209A43C8F800206A6912F040
:2060600003028A40D8F800101143C8F800100021B161EA88B169130651EA1321B161B169DA
:20608000C2F3032251EA0231B161297A4A07B16951EA5251B161A969CA07B16951EAD2613D
:2060A000B1616A88B169D30751EA5371B161B169C2F3002251EA4201B161297901F00102C0
:2060C000B1691143B16131686A7841F400513160F16921F40051F161F169D30751EA934159
:2060E000F161012A0CBFE96900214CF20C62C1F6FF7242F82410002131612978CA073169E4
:2061000051EA1241316169794A06316951EA52413161C107306950EAD160306130693061AC
:2061200030693061306940F001003061BDE87041F8F7C2B82DE9F04883460D4649F2000175
:20614000C4F2040101EB0034F8F7D5F8606940F002006061B5F80100A26A070A0121B94006
:20616000C9430A40A26204EB8713002243F8802F1A6842F080521A60EA684FEAC27C1A68E5
:2061800042EA9C621A602A784FEAC27C1A6842EA5C621A60C207186850EA1260186018686F
:2061A00040F001001860206A084069692062781018308140206908432061666BA8880136F2
:2061C000A0FB0612C90B41EA4240A968013903D307D0012910D01AE000215960864215D107
:2061E00004E0311A49085960B04202D1606B01300CE03044400809E0311AB04203D159604A
:20620000606B013002E0481E5860606B9860E88817F0010F186108BF1865606940F0010081
:206220006061F8F788F8A878AA684CF21C61C1F6FF7100EBCB0041F82020BDE8F0884DF889
:20624000048D49F20002C4F2040202EB00316FF400420A6000228A600A614A618A61CA614F
:206260000A628A62CA620A63032807BF4FF0FF334FF6FF724FF6FF73FF224B63CA634BF225
:206280001808C4F2070800228A63CA64410003238B40D8F800109943C8F800104CF20C6173
:2062A000C1F6FF7141F820205DF8048B7047F0B504460F464FF6FF7549F20001C4F20401AF
:2062C00001EB0036F8F756F8B978706940F00200706106EB81100021C0F88410C0F8881013
:2062E000706940F001007061F8F764F87069C00701D5013DFAD2B978012206EB8110C0F86A
:2063000080203A69204600F0B5F8B978002206EB8110C0F88C20C0F8902001EBC4004CF2A8
:206320001C61C1F6FF7141F82020F0BD2DE9F04B81B080468B46914649F20003C4F20403A8
:2063400003EB0034F8F755F804EB8B1555F8801F21F44071296029682960616941F00201FD
:206360006161636B0133A9FB0367F00B40EA47410BEBC8064CF21C60C1F6FF7050F826602C
:20638000013E03D307D0012E10D01AE0002068608B4215D104E05E1A76086E60994202D117
:2063A000616B01310CE01944490809E05E1A994203D16E60616B013102E0711E6960616B63
:2063C000A960616941F00101616101B0BDE8F04BF8F72FB82DE9F04B81B080468B46164619
:2063E000994649F20002C4F2040202EB0034F8F73FF804EB8B1555F8801F21F440712960B4
:20640000296829606169324641F002016161711EA9FB06674CF21C60C1F6FF706163F60BE5
:2064200046EA47410BEBC80650F82660013E0AD30FD0012E15D1561A91420FBF6E60711E94
:206440006960013A0CE0002068608A4218BF0A4606E0561A76086E6091421CBF11444A087A
:20646000AA60616941F00101616101B0BDE8F04BF8F71EB870B50D46164649F20001C4F237
:20648000040101EB0034F8F732F804EB851151F8800F20F44070086004EB851151F8800FD8
:2064A00040F40070086004EB8510D0F88000C0F34011012000FA05F2606A9043606281EA24
:2064C000060000FA05F1606A08436062BDE87040F8F72DB849F20002C4F2040202EB0030B0
:2064E0004068012202FA01F1084018BF0120704749F20003C4F2040303EB003000EB811057
:20650000C0F89020704749F20002C4F2040202EB00310A68C2F34032012A18BF70470A6881
:2065200042F400520A60C969C1F34031012918BF70474CF20C61C1F6FF7151F820000028F7
:2065400008BF704700472DE9F04C06468A464CF2A06BC1F6FF7B00248D888F68F8F744F932
:20656000012D0ED138884CF2CC61C1F6FF71C0EB800001EB8001486850BB0BEB06104860B5
:2065800027E00BEB061325B338884CF2CC62C1F6FF72C0EB800002EB8001486820B94B60EC
:2065A000013DADB20237EEE7BAF804108D420FD24FEA054337F8020DC0EB800002EB800063
:2065C0004460180C03F58033013080B28842F1D30124F8F727F92046BDE8F08CF0B50546AC
:2065E000F8F73DF995F91000002805DA01206861BDE8F040F8F751B941006A186C5A4CF252
:20660000CC67C1F6FF77C4EB84018E00F119098911804FF6FF7291420DD105EB4002118100
:20662000411E07D44800405B4FF6FF72904208BF0846F5D02974F8F730F90120B8514DF2BD
:206640006021C1F6FF7108684068C4EB840100EBC100BDE8F04001F044B92DE9F04D81B053
:2066600082464DF26025C1F6FF752868010006D11A2303225320E2F7AAFF01248BE082682A
:20668000C07C002402EB0A16824507D30C23032221465320E2F79BFF01247CE0B18831B9A7
:2066A0004A2303225320E2F792FF012473E0A3462FE0B1682A684000405A5168C0EB800092
:2066C0004FEAC00818EB0100017A31B94B2303225320E2F77CFF012419E0002711E0016857
:2066E00007EB870080000A58012A08D10844C18829B94C2303225320E2F769FF012401371F
:20670000FFB2286841684144097A8F42E7D30BF5803BB1884FEA1B408842CAD3DCBB3146FF
:206720005046FFF710FF041E2FD14CF2A060C1F6FF7000EB0A120120B1881060481E9081F0
:20674000B068906000220BE053004CF2CC6CC1F6FF7C1B5A03270132C3EB83034CF823704C
:206760008A42F1D32A6801885268C1EB810002EBC00210784CF2E463C1F6FF73C0EB800077
:2067800003EBC00000F07CFF05E02A23032200215320E2F72FFF204601B0BDE8F08D4DF276
:2067A0006022C1F6FF72116821B91A230C225320E2F70DBFCA7C904203D2896811EB00116E
:2067C00005D10C231A4600215320E2F700BF00014CF2A061C1F6FF7103224250704770B52E
:2067E0004DF26026C1F6FF76316831B91A2301225320E2F7ECFE012425E0002400F086F8D3
:20680000022808BF01241ED0254614E0816911F8150000F02CFB0446012814D000204CF241
:20682000E461C1F6FF710135EDB248614CF2C061C1F6FF7108603068017D8D42E6D314B915
:20684000346001203071204670BD10B54DF26022C1F6FF721168002429B91A230B22532045
:20686000E2F7B5FE0EE0097D884206D30E230B2221465320E2F7ABFE04E04CF2E460C1F69E
:20688000FF704469204610BD10B54DF26022C1F6FF721168022429B91A2307225320E2F7C8
:2068A00096FE11E0098A884206D30B23072200215320E2F78CFE07E0C0EB80004CF2CC6152
:2068C000C1F6FF7151F82040204610BD10B54DF26022C1F6FF721168022429B91A2308221F
:2068E0005320E2F774FE0FE0C97C884206D30C23082200215320E2F76AFE05E000014CF2B1
:20690000A061C1F6FF714458204610BD00B54DF26022C1F6FF72136800210BB1012011E078
:206920001A2306225320E2F752FE002000BD4CF2C06CC1F6FF7CDCF80020012A0FD001F1ED
:206940000101C9B21A7D9142F1D300210BE04CF2E46CC1F6FF7CDCF81430022B01D1022087
:2069600000BD0131C9B29142F1D300BD2DE9F0444DF26026C1F6FF76327900212AB94A2302
:206980005320BDE8F044E2F722BE041E05D110230A465320E2F71BFE01213460002799B9E3
:2069A000A17C012988BF0A2309D8228A022A88BF0B2304D8E27C022A18D94FF00C033A46C9
:2069C00039465320E2F703FE3760BDE8F08420680168012905D13946006980E882003846FA
:2069E00000E0C08868800120287005E04CF29C65C1F6FF750029EAD13C460FE04CF2CC62BE
:206A0000C1F6FF72C4EB840102EB810342F8217021465F6000F025FF0134A4B23068018AF6
:206A20008C42EBD339460FE02B1D0A01D0F808C0D7501A440CEB011353604FF0FF3C05F1C6
:206A4000280343F821C00131C27C9142ECD33C461DE0204600F0F7FE39464A004FF0FF33E9
:206A60004CF2E460C1F6FF70C4EB840C0131042900EBCC0A02EB0A0C22F80A30ACF80830DC
:206A8000EBD30374012141616F620134E4B23068007D8442DDD3BDE8F08430B54DF2602514
:206AA000C1F6FF752968002919D0002411E0816901EB4200407850B94CF2E463C1F6FF736C
:206AC00011F812005A69022A08BF00F0C7FF04F180742868017D220E8A42E8D330BD1A2357
:206AE00010225320BDE83040E2F771BD10B54DF2602CC1F6FF7CDCF80030024600200BB9E3
:206B00001A2310E093F812C0624508D21B6802EB8202920053F802C0BCF1010F01D10A231B
:206B200001E039B91023042201465320E2F74FFD012010BDD41822690346526805E012F8F3
:206B400001CB03F5803301F801CBB4F806C0BCEB134FF4D810BDF0B506464DF26025C1F679
:206B6000FF752868010006D11A230D225320E2F72EFD012426E0002421460EE04CF2E4632D
:206B8000C1F6FF735A69022A05D1836903EB41025278002AEDD00131C9B2027D9142EDD37A
:206BA00027460AE0806900EB4100407818B93146380E00F082FE07F180772868027D390E6E
:206BC0009142EFD32046F0BD2DE9F04D81B093464DF26025C1F6FF752A6800270AB91A2308
:206BE00017E00646907C88461C46864208D206EB86004FEA800A106850F80A2050447AB989
:206C00000A2306E01138102817D213F0030F14D00D23052239465320E2F7D9FC01272DE0D2
:206C2000C2889342F4D8002BF2D00079A0F10902082AE7D213F0010FEAD1F7F74BFE2868E7
:206C400000685044006980E800094CF29C60C1F6FF7000EB8600B8F1000F027844800CBFCC
:206C600042F0010202F0FE02BBF1000F0CBF42F0020202F0FD020270F7F74AFE384601B069
:206C8000BDE8F08D2DE9F0444DF26027C1F6FF773A680024214632B91A230A225320E2F7C8
:206CA00096FC012494E00546D07C85423BD30C230A225320E2F78BFC012489E080684FEA60
:206CC000410C3CF800005368C0EB800003EBC0031878D2F818C00CEB4000407838B90E2359
:206CE0000A2221465320E2F772FC012470E0204613E0D3F804A01AF800A0D2F800C00AEBD9
:206D00008A0A5CF82AC0BCF1010F04D1B6F802C0BCF1000FE3D00130C0B293F808C0604595
:206D2000E7D3013189B2936803EB051083884CF29C66C1F6FF769942C0D3F7F706FE2046F1
:206D40000AE006F12802736A52F8252003FA00F1114218BF012401303A68117D8842F0D391
:206D6000A4BB06F1040A2801012140F80A10214602E0012070620131936803EB051080889E
:206D80008142F6D3F7F7FFFD284600F0DEFD041E0CBF01460221280140F80A10F7F710FE76
:206DA000002102E00020706201313A68926802EB051080888142F5D3F7F720FE3A689068D5
:206DC00029014058002818BF804701E0F7F7DBFD2046BDE8F0842DE9F0440E464DF26027A1
:206DE000C1F6FF773968002409B91A230DE00546887C854208D205EB85004FEA800A08681D
:206E000050F80A00012807D10A23022221465320E2F7DDFB012427E0F7F70DFE4CF29C60E4
:206E2000C1F6FF7000EB8502310003D1107840F0010016E038680068504400692346006830
:206E400005E011F801CB03F5803300F801CB3E6836685644F688B6EB134FF2D8107800F068
:206E6000FE001070F7F705FE2046BDE8F0844DF2A801C4F2070101EB8000016841F0020175
:206E8000016001684DF26822C1F6FF7221F0020101600020106070472DE9F04F83B0994614
:206EA0004FF0FF344FF0000AD6465646029200274FF4807CB0EB0408A4EB000298BF904600
:206EC0000CEB07024FEA520B5FFA8BFB0BF1020326F0404503FA05F5B1FBF5F5431BA5EB26
:206EE000000288BF1A46904588BF2C46854234BFDC465F46ACEB0702012ADBD8BA1C26F070
:206F0000404B02FA0BF5B1FBF5F5431BA5EB000298BF13460CF1020202FA0BFBB1FBFBFB0F
:206F2000B0EB0B02ABEB000898BF4246934298BFBC46934298BFAB46051BA4EB000298BFD9
:206F40001546B0EB0B02ABEB000388BF13469D4202D35C46E246B64684421CBF0136082E6D
:206F6000A5D30298C9F800E0C0F800A0204603B0BDE8F08FF0B582B04DF26822C1F6FF7201
:206F800015684AF20002C4F2020202EB01364DF26022C1F6FF721168CC6800EB800004EB68
:206FA000C004002001468DE80300F7F7BAFD94F808C0E06885F838C0227DE863E16985F8C7
:206FC0004420627DE964A16985F84520A27DA96485F8462062686A6394F82420206985F8B9
:206FE000542094F82530286485F85530A77A216A85F83A70637A2965012A85F8393003D08C
:2070000095F82020012A00D000226A62326922F020023261326922F040023261326922F029
:2070200002023261326922F00102326132684FEACC74240CC2F3832244EA8222BC07DB0762
:2070400042EA945242EAD31242F0050232606B4601AAFFF721FF0098A8650198E86500F055
:20706000FF01B5F84400C1EA002141EA006095F84610002440EA0122B260F460F069012193
:20708000C0F3046001FA00F02876F06940F40040F061306A40F400403062F06940F40040C5
:2070A000F061306A40F400403062F7F758FD204602B0F0BD4AF20001C4F2020101EB0030C5
:2070C000016921F020010161016921F040010161C16841F02001C160C16841F04001C1603C
:2070E000704710B54DF26823C1F6FF73191D095C53F821204AF20003C4F2020303EB0034DE
:2071000000211171216921F001012161216921F002012161FFF7CEFF206920F010002061A0
:20712000E06840F01000E06010BD2DE970444DF2682CC1F6FF7C4AF20003C4F2020303EB03
:2071400000350CF10402105C4DF26022C1F6FF725CF8206001EB81001168D1F800C00CEB68
:20716000800CDCF80C00F0629CF80800002401280CBF0123002386F830304CF29C60C1F687
:20718000FF7001784FF4FA72C90704D50CF10C00B060042004E0DCF8101009684088B16050
:2071A0003082DCF810109CF804C096F855A070824968A6F802C0BAF1010FF16001D101303C
:2071C00030820CF10700C0083080032804BF04203080013A08BF01241CBFE8685FEA4030B4
:2071E000F7D4B26CACF10100C0F30B00C0EAC270F26CD20740EA5200726B920740EA921277
:20720000B06D400742EA9000DA0740EA12204FEACA7240EA92226A604FF0C840A0F180702C
:20722000030E01D1012403E06B696B689342F5D1BAF1010F03D1686840F480106860E868E6
:2072400040F0FC00E860286A20F00F002862E869022262F30300E86196F85400F8B9706AFC
:20726000012822D1F7F7FAFD286940F020002861F06840B1286940F040002861286940F00F
:207280000100286104E07082686840F400206860286940F002002861F7F7FEFD05E021B9AE
:2072A0006868718240F4002068602046BDE870842DE9F04406464DF26821C1F6FF71081D46
:2072C000805D002442F2107751F820504AF20001C4F2020101EB063A3EE0DAF80C0010F01B
:2072E000200F0AD0A86840B1304600F08AF8DAF80C10012241F020010EE0DAF80C0010F06D
:20730000400F10D0E86870B1304600F07AF8DAF80C10022241F04001CAF80C10EA61012423
:20732000012F15D02BE0DAF80C00C00704D5688A10B1304600F080F8DAF80C0010F0020F2F
:2073400004D0288A10B1304600F0BBF8013F03D1304600F056F80FE0288A0028BDD142F27A
:207360001077688A58B1DAF80C00C00744BF304600F062F8013FF4D10320E8610124204627
:20738000BDE8F0842DE9F0444DF26026C1F6FF763168C0EB80074868896910F837A0002429
:2073A00011F81A50F7F733FC4DF26C20C1F6FF7000F805A030684068294600EBC700407896
:2073C000FFF7D8FDF7F741FC30684068264600EBC7070FE07A682846515CFFF7A6FE041EAA
:2073E00006D12846FFF764FF00280CBF0446012406F18076387A310E8142EBD32046BDE823
:20740000F08410B54AF20002C4F2020202EB0034FFF767FEE06940F40040E061206A40F403
:2074200000402062E06940F40040E061206A40F400402062002010BDF0B44DF26823C1F6FA
:20744000FF73191D095C53F821204AF20001C4F2020101EB0034206AC0F3042003062CE007
:20746000D18A1088656A411A0429D4BF89B20421D66866B1002008E0C70025FA07F73770E7
:20748000D6680136D660013080B28842F4D31088013809D00128D08A084418BF00F0030505
:2074A00003D100F0010500E00025508AD582401A5082000403D0A3F18073180ED0D1F0BCCF
:2074C0007047F0B44DF26822C1F6FF72111D095C52F821304AF20001C4F2020101EB00341C
:2074E000197EE069C0F30420081AC0B2A8B393F85510012904BF198A01290AD1606820F485
:2075000080106060606820F4001060600020188223E01A889F8AD11B0429C8BF0421013AE7
:207520009D6808D0012A01EB070208D055F8046B12F0030207E015F8016B002203E035F821
:20754000026B12F001029A821A8A9D606662521A1A82120418BF0138C7D1F0BC7047F0B566
:2075600005464DF26824C1F6FF74201D02264FF480524AF20003C4F20203415D405D15FB0C
:207580000237FF2854F8214008BFF0BD606A012802BF386910F0FF0FF0BDF86810F0200FCB
:2075A00011D0A06878B12846FFF72BFFF86840F02000F8600120E061206E41690E60BDE876
:2075C000F04000F09BB8F86810F0400F10D0E06870B12846FFF715FFF86840F04000F860A0
:2075E000206E4169E6610E60BDE8F04000F086B8F868C00704D5608A10B12846FFF71CFF71
:20760000F86810F0020F04D0208A30B12846FFF758FF208A002818BFF0BD386920F00200D6
:207620003861606A012803D1386940F010003861608A002818BFF0BDF86810F0100F08BF94
:20764000F0BD2846FFF74DFD94F86C10013912D3A06E94F86D200130A066606E84F86C1084
:2076600001306066013A84F86D2001782846BDE8F040FFF75ABD206EBDE8F04000F03EB8BD
:20768000F0B506460C461746F7F7FCFA70694CF2CC65C1F6FF7501280DD102207061F7F70B
:2076A0000FFBC4EB8400012145F820103846BDE8F04000F016B997F9020006EB400232F8FD
:2076C000081F4FF6FF73994202D141008C5304E0C1EB810105EB81010C811480C4EB840224
:2076E00005EB82014FF0FF320A8196F910108142B8BF3074BDE8F040F7F7E2BA2DE9F04DDD
:2077000081B090F800A083464CF2E462C1F6FF72CAEB8A0002EBC0054DF26022C1F6FF72C1
:207720001068DBF814608169306811F81A80002800F086807468022867680EBF2060002005
:207740003060F7F7DAFA4DF26C20C1F6FF704FF0FF3100F80810F7F7EEFA00207060DBF8CE
:207760000C00002818BF80472068032818BF022806D1A689BC88F7F799F9A01B80B211E0DB
:20778000A289EAB9226011E0BA6841004CF2CC63C1F6FF73895A00220130C1EB810103EB5D
:2077A00081014A60A042EFD3F7F79EF93868002818BF8047284601B0BDE8F04DFEF70EBF4B
:2077C000A06802300188A060501EA0814DF26020C1F6FF7002685268C1EB810012F83040A7
:2077E00002EBC000A24510D00246C4EB84004CF2E463C1F6FF7303EBC000FFF741FF28469A
:2078000001B0BDE8F04DFEF7E9BE3A7B012A09D102462846FFF734FF284601B0BDE8F04D9F
:20782000FEF7DCBEC1EB81014CF2CC62C1F6FF72012342F8213001B0BDE8F04D00F051B8BC
:2078400001B0BDE8F08D4DF26822C1F6FF72C0EBC00002EB0011002081F828000831116090
:2078600070474DF8048D4368C1EB810C03EBCC014978C26801EB810102EBC101826913F8DE
:207880003C0091F80480C96812F810004AF20003C4F2020303EB003CDCF80000830A0122AC
:2078A00002FA08F2934301FA08F003431807800CCCF800005DF8048B70474DF27023C1F630
:2078C000FF73C0EBC000012903EB0010816203D318BF7047012200E00022416280F82020DC
:2078E0007047F0B5044600784DF26C26C1F6FF76311DC0EBC00001EB00152069002818BF2B
:2079000080474DF26021C1F6FF7108688169207811F8107060783946FFF72CFBF7F728FABA
:207920002178F155F7F742FA6068A8666168207A2C66013885F86D0085F86C006966097817
:207940003846BDE8F040FFF7F0BB2DE9F04F83B04DF26025C1F6FF7529688968824600264C
:20796000B34601EB0010D0F808906CE04FEA0B4B14E0936840004A68C15A4CF2CC63C1F6B7
:20798000FF73C1EB810102EBC1000222C06843F82120002818BF80470BF5803B29688A68CD
:2079A00002EB0A1293884FEA1B409842E1D351E092684FEA4B004968845A4CF2CC62C1F620
:2079C000FF72C4EB84004FEA8008C70078180121006942F80810002818BF80474CF2F866AC
:2079E000C1F6FF76022030602046FFF7CBFC012131600646F7F7F7F92968B9F80020486897
:207A00008969C2EB820210F832204FF0FF3311F812104DF26C22C1F6FF725354F7F701FAC8
:207A2000002EA3D129684CF2CC63C1F6FF7343F8086048683844C068002818BF80470BF1C4
:207A4000010B1FFA8BFB29688A6802EB0A1290888345ADD3304603B0BDE8F08F4DF2682279
:207A6000C1F6FF72111D095C52F82110496A002918BF7047FFF773BD0020FFF770BD0120DC
:207A8000FFF76DBD0220FFF76ABD0320FFF767BD10B510F10E030DD4BE280DDC4EF6085423
:207AA000CEF20004236848F20004C1F6FF74A34206D203E000BEFDE700BEFDE700BEFDE789
:207AC0004EF60854CEF2000423681AB103EB8004246C146003EB80000164BFF36F8FBFF341
:207AE0004F8F10BD002802DA00B500BEFDE7BE2802DD00B500BEFDE741094EF20012CEF208
:207B0000000210F01F0002EB8101012202FA00F008607047002802DA00B500BEFDE7BE2866
:207B200002DD00B500BEFDE741094EF28012CEF2000210F01F0002EB8101012202FA00F094
:207B40000860BFF34F8FBFF36F8F7047002802DA00B500BEFDE7BE2802DD00B500BEFDE74F
:207B6000082902D300B500BEFDE74EF20042CEF200024907090E81547047002802DA00B5B8
:207B800000BEFDE7BE2802DD00B500BEFDE74EF20041CEF20001405C40097047002802DA45
:207BA00000B500BEFDE7BE2802DD00B500BEFDE741094EF28022CEF2000210F01F0002EB58
:207BC0008101012202FA00F00860704750B5044640684EF60851CEF2000108602068642824
:207BE00001D800261CE000BEFDE7A06850F8360000F025F8A16801EBC60251F8360051794F
:207C000000F019F8A16801EBC60251F836001179012902D100F00BF801E000F00AF8761C48
:207C200020688642E1D3002050BDFFF731BFFFF759BFFFF76FBFFFF789BFFFF79EBFFFF774
:207C4000ADBF0020704750B50646002415E0B16801EBC40251F834005179FFF7ECFFB1686B
:207C600001EBC40251F834001179012902D1FFF7DEFF01E0FFF7DDFF013430688442E6D37C
:207C8000002050BD70B506460068B0B1FFF7DBFF041E13D1706880B1002570680279290EEF
:207CA00091420BD2006800EBC10250F83100117900F072F805F18075EFE70124204670BD28
:207CC00049F66021C0F2050108680068010004D101232022FF20E1F77ABCFFF7D3BF10B59E
:207CE0000024BF2807D3022321222146FF20E1F76EFC012406E0012902D1FFF798FF01E0F9
:207D0000FFF797FF204610BD10B50024BF2838BF082907D3022322222146FF20E1F757FCB8
:207D2000012401E0FFF787FF204610BD30B50024BF2807D3022323222146FF20E1F747FCB9
:207D400001240BE00D1E06D101232322FF20E1F73EFC012402E0FFF770FF2870204630BD20
:207D600010B50024BE2802DC10F10E0307D5022324222146FF20E1F72AFC01240AE03AB977
:207D8000012324222146FF20E1F721FC012401E0FFF74BFF204610BD30B50446C0B220289C
:207DA00001D300BEFDE70D46F7F796F84BF21000C4F20700012D026803D105FA04F00243D0
:207DC00002E00120A04082434BF21004C4F207042260BDE83040F7F79DB8F0B44EF6905245
:207DE000CEF20002116800235FFA91F1BFF35F8F52F86C4C24F4803442F86C4C546824F01A
:207E000001045460BFF34F8FBFF36F8F1C4602E09460136101348C42FAD31C4618E0D0F8CB
:207E200004C01CF814108D07ED0EFF26AE40890802290CD20CEB440797F801C002EB810703
:207E4000396B0CFA05F53540B143294339630134C1788C42E3D319460EE0D0F80CC0C1EB8E
:207E6000810401310CEB84042678D4F804C0A4689660C2F80CC0146190F808C06145ECD3EC
:207E80000178012908BF04234078012808BF43F00203BFF35F8F43F0010050604EF6245134
:207EA000CEF20001086840F480300860BFF34F8FBFF36F8FF0BC704700000440FFFF03005D
:207EC000FFFF0300FFFF0300FCFF0300FFFF01000080004000D0054000A005400040054064
:207EE000000006400090044000A0044000B0044000C004400B04040403040004080402025A
:207F000001020F02010107000C0103030200060206040C00000F0000000000000100000001
:207F200003000000070000000F0000001F0000003F0000007F000000FF000000FF0100004C
:207F4000FF030000FF070000FF0F0000FF1F0000FF3F0000FF7F0000FFFF000080C14203AD
:207F6000C48506470849CA8B4C0D8ECF501192D31455D697D8991A5B9CDD5E1F2061E2A391
:207F80006425A6E7A8E96A2BECAD2E6FF0B13273B4F576377839BAFB3C7DFEBF001BB70025
:207FA0000000000000D8B8050000000000366E010005000000000000000900000100000078
:207FC000020000002D00000054800500E07F05000000000000000000D47F050000000000DD
:207FE0000000000000000000000000000000000000000000000000001880050001000000E3
:2080000000000000DC7F050001000000D87F050000000000CC7F0500010000000000023C14
:20802000020100009C7F050001010000A47F050001010000AC7F050001010000B47F050087
:2080400000000000BC7F05000000000000000000C47F05000800000001000000000000008F
:20806000000000000F000000010000000000000000000000100000000100000000000000DF
:208080000000000011000000010000000200000000000000120000000100000000000000B9
:2080A000000000001300000001000000000000000000000014000000010000000000000097
:2080C000000000001500000001000000000000000000000016000000010000000000000073
:2080E000000000001B0000000100000005000000000000001C00000001000000050000003D
:20810000020000001D0000000100000000000000000000002100000001000000000000001D
:208120000000000023000000010000000000000000000000240000000100000000000000F6
:20814000000000002A0000000100000000000000000000002B0000000100000000000000C8
:20816000000000002C0000000100000005000000020000002D00000001000000000000009D
:20818000000000003000000001000000000000000000000034000000010000000000000079
:2081A000000000003800000001000000000000000000000040000000010000000200000043
:2081C000000000004300000001000000000000000000000046000000010000000000000014
:2081E0000000000048000000010000000000000000000000490000000100000000000000EC
:20820000000000004A0000000100000000000000000000004B0000000100000000000000C7
:20822000000000004C0000000100000000000000000000005400000001000000000000009C
:20824000000000005A0000000100000000000000000000005D000000010000000500000060
:2082600000000000600000000100000000000000000000006200000001000000000000003A
:20828000000000006500000001000000000000000000000066000000010000000000000011
:2082A00000000000670000000100000000000000000000006A0000000100000000000000EB
:2082C000000000006B000000010000000000000000000000720000000100000000000000BF
:2082E000000000007B0000000100000000000000000000007C000000010000000000000085
:20830000000000007E0000000100000000000000000000007F00000001000000000000005E
:2083200000000000000000000000000000000000000000000000000000000000000000003D
:208340000000000000000000230000000000000000000000000000000000000000000000FA
:208360000000000000000000000000000000000002000000000000000000000000000000FB
:208380000000000000000000000000000000000000000000000000000200000000000000DB
:2083A0000000000000190000000000000000000000000000000000005D0104000000000042
:2083C000010000004484050001000000000000000000000000000000000000007701040052
:2083E00000000000010000004C8405000100000000000000000000000000000000000000A6
:208400008D010400000000000100000054840500010000000000000024830500A88305000F
:20842000010000004C830500CC8305000200000074830500F0830500010300009C83050075
:20844000148405005C84050006000000648405000300000067840500010000000D0E070C85
:208460000A0B000000030F177C840500BC84050002000000FC8405000000000000000000ED
:208480000000000000000000000000000000000000000000000000000000000000000000DC
:2084A0000000000001000000010000000000000000000000000000000200000000000000B8
:2084C00000000000000000000000000000000000000000000000000000000000000000009C
:2084E000000000000100000001000000000000000000000000000000020000000000000078
:20850000000000000101000000000000000000000000000000000000010000000000000058
:20852000010100000000000000000000000000000000000001000000000000000000000038
:208540000000000000000000000000000000000000280000000400000001000008000000E6
:20856000050000006C850500348505000000000000000000000400000800000000800700AF
:208580000004000001000000000000000100000000040000000400000800000000F00700CE
:2085A0000004000001000000000000000200000000080000000400000800000000F40700A5
:2085C00000040000010000000000000003000000000C0000000400000800000000F807007C
:2085E0000004000001000000000000000400000000100000000400000800000000FC070053
:20860000000400000100000000000000000100000100010020860500308605000E86050053
:208620000100000000000000000000000C8605000000000048860500000000008096184C55
:20864000FFFFFFFF2D9103000100000000000000060000000600010078860500A48605001D
:2086600000000000000000000000000054860500000000000100000000000000000000001A
:208680000000060001000000010000000000000000000000030000000000000000000000CF
:2086A000000000000000010050860500000000000A00000000000000FF00FFFFFFFFFFFFDB
:2086C000FFFFFFFFFFFFFFFF0000000001000000000000000000000000000000030000009E
:2086E00000000000005A62020E2C004B000000000000000001000000C8860500B8860500A0
:208700000500000008870500100000003087050012010000B089050011020000808C05007F
:2087200010030000288F050011040000A89105000000000000000000010000000000000016
:20874000000000000100000000000000000000000000000000000000010000000000000017
:208760000000000000000000010000000000000000000000000000000000000000000000F8
:208780000200000001000000010000000000000002000000010000000000000000000000D2
:2087A0000000000000000000030000000000000000000000000000000100000000000000B5
:2087C000000000000000000000000000000000000600000000000000010000000200000090
:2087E000010000000100000000000000000000000000000000000000070000000000000070
:20880000010000000000000000000000010000000000000000000000000000000000000056
:2088200008000000000000000000000000000000010000000000000000000000000000002F
:2088400000000000000000000900000000000000000000000000000001000000000000000E
:20886000000000000000000000000000000000000A000000000000000000000000000000EE
:208880000100000000000000000000000000000000000000000000000B00000000000000CC
:2088A0000000000000000000010000000000000000000000000000000000000000000000B7
:2088C0000C0000000100000001000000000000000200000001000000000000000000000087
:2088E00000000000000000000D000000010000000100000000000000020000000100000066
:20890000000000000000000000000000000000000E00000000000000000000000000000049
:208920000100000000000000000000000000000000000000000000000F0000000000000027
:20894000000000000000000001000000000000000000000000000000000000000000000016
:208960001000000000000000000000000000000001000000000000000000000000000000E6
:208980000000000000000000110000000000000000000000000000000100000000000000C5
:2089A0000000000000000000000000000000000000000000010000000100000000000000B5
:2089C000010000000100000002000000000000000000000000000000010000000000000092
:2089E000000000000000000001000000000000000000000000000000000000000000000076
:208A0000020000000100000001000000000000000100000001000000000000000000000050
:208A2000000000000000000003000000000000000100000000000000000000000100000031
:208A400000000000000000000000000000000000040000000100000001000000010000000F
:208A60000100000001000000000000000000000000000000000000000500000000000000EF
:208A80000000000000000000010000000000000000000000000000000000000000000000D5
:208AA0000600000000000000000000000000000001000000000000000000000000000000AF
:208AC00000000000000000000700000000000000000000000000000001000000000000008E
:208AE00000000000000000000000000000000000080000000100000001000000000000006C
:208B0000010000000100000000000000000000000000000000000000090000000100000049
:208B2000010000000000000002000000010000000000000000000000000000000000000031
:208B40000A000000000000000000000000000000010000000000000000000000000000000A
:208B600000000000000000000B0000000000000001000000000000000100000001000000E7
:208B8000000000000000000000000000000000000C000000000000000100000000000000C8
:208BA0000000000001000000000000000000000000000000000000000D00000000000000A7
:208BC000000000000000000001000000000000000000000000000000000000000000000094
:208BE0000E0000000000000000000000000000000100000000000000000000000000000066
:208C000000000000000000000F000000000000000000000000000000010000000000000044
:208C2000000000000000000000000000000000001000000000000000000000000000000024
:208C4000010000000000000000000000000000000000000000000000110000000000000002
:208C60000100000002000000010000000100000000000000000000000000000000000000EF
:208C80000000000000000000010000000000000003000000010000000000000000000000CF
:208CA0000000000000000000010000000100000001000000000000000300000001000000AD
:208CC000000000000000000000000000000000000200000000000000010000000000000091
:208CE000000000000100000000000000000000000000000000000000030000000000000070
:208D0000010000000000000000000000010000000000000000000000000000000000000051
:208D200005000000000000000000000000000000010000000000000000000000000000002D
:208D4000000000000000000006000000000000000100000000000000020000000100000009
:208D60000000000000000000000000000000000007000000010000000100000000000000EA
:208D80000200000001000000000000000000000000000000000000000800000001000000C7
:208DA0000100000000000000010000000100000000000000000000000000000000000000B0
:208DC000090000000000000000000000000000000100000000000000000000000000000089
:208DE00000000000000000000A000000000000000000000000000000010000000000000068
:208E0000000000000000000000000000000000000B00000000000000000000000000000047
:208E20000100000000000000000000000000000000000000000000000C0000000000000025
:208E4000000000000000000001000000000000000000000000000000000000000000000011
:208E60000D00000000000000000000000000000001000000000000000000000000000000E4
:208E800000000000000000000E0000000000000001000000000000000000000001000000C2
:208EA000000000000000000000000000000000000F000000000000000100000000000000A2
:208EC000000000000100000000000000000000000000000000000000100000000000000081
:208EE000010000000000000000000000010000000000000000000000000000000000000070
:208F000011000000000000000100000000000000000000000100000000000000000000003E
:208F200000000000000000000200000001000000010000000000000001000000010000002B
:208F400000000000000000000000000000000000030000000000000000000000000000000E
:208F60000100000000000000000000000000000000000000000000000400000000000000EC
:208F80000000000000000000010000000000000000000000000000000000000000000000D0
:208FA0000500000000000000000000000000000001000000000000000000000000000000AB
:208FC00000000000000000000600000000000000000000000000000001000000000000008A
:208FE00000000000000000000000000000000000070000000000000000000000000000006A
:20900000010000000000000000000000000000000000000000000000080000000000000047
:2090200000000000000000000100000000000000000000000000000000000000000000002F
:20904000090000000000000000000000000000000100000000000000000000000000000006
:2090600000000000000000000A0000000000000000000000000000000100000000000000E5
:20908000000000000000000000000000000000000B000000000000000000000000000000C5
:2090A0000100000000000000000000000000000000000000000000000C00000000000000A3
:2090C00000000000000000000100000000000000000000000000000000000000000000008F
:2090E0000D0000000000000000000000000000000100000000000000000000000000000062
:2091000000000000000000000E000000000000000000000000000000010000000000000040
:20912000000000000000000000000000000000000F0000000100000001000000010000001D
:209140000100000001000000000000000000000000000000000000001000000001000000FC
:209160000100000000000000010000000100000000000000000000000000000000000000EC
:209180001100000000000000000000000000000001000000000000000000000000000000BD
:2091A0000000000000000000000000000000000000000000000000000100000000000000AE
:2091C00000000000000000000000000000000000010000000000000000000000000000008E
:2091E00001000000000000000000000000000000000000000000000002000000000000006C
:2092000000000000000000000100000000000000000000000000000000000000000000004D
:20922000030000000100000001000000010000000100000001000000000000000000000026
:20924000000000000000000004000000000000000000000000000000010000000000000009
:209260000000000000000000000000000000000005000000000000000000000000000000E9
:209280000100000000000000000000000000000000000000000000000600000000000000C7
:2092A0000000000000000000010000000000000000000000000000000000000000000000AD
:2092C000070000000100000001000000000000000100000001000000000000000000000083
:2092E000000000000000000008000000010000000100000000000000020000000100000061
:20930000000000000000000000000000000000000900000000000000000000000000000044
:209320000100000000000000000000000000000000000000000000000A0000000000000022
:2093400000000000000000000100000000000000000000000000000000000000000000000C
:209360000B00000001000000010000000000000001000000010000000000000000000000DE
:2093800000000000000000000C0000000000000000000000000000000100000000000000C0
:2093A000000000000000000000000000000000000D000000000000000000000000000000A0
:2093C0000100000000000000000000000000000000000000000000000E000000000000007E
:2093E00000000000000000000100000000000000000000000000000000000000000000006C
:209400000F0000000000000001000000000000000300000001000000000000000000000038
:20942000000000000000000010000000010000000100000001000000010000000100000017
:2094400000000000000000000000000000000000050000006094050003000000EC94050086
:20946000000000000000000000000000000000000000000030950500000000000100000021
:209480000000000001000000000000000000000068950500000000000200000000000000C7
:2094A00001000000000000000000000080950500000000000300000000000000030000008B
:2094C0000000000000000000B8950500000000000400000000000000030000000000000033
:2094E00000000000D095050000000000000000000000000010950500010000000000000057
:209500004895050003000000000000009895050001000000000A0000000000009D2A000062
:20952000000000000000000000000000000000000000060000000000000000000100000024
:20954000000000000000000001000000000B000000000000102700000000000000000000C8
:209560000000000000000000000007000000000000000000000000000000000000000000E4
:2095800000000600000000000000000000000000000000000000000001000000000A0000BA
:2095A000000000009D2A0000000000000000000000000000000000000000000000000000E4
:2095C00000000000000000000000000000000000000001000000000000000000000000008A
:2095E000000000000000000001000000109505000C9605000200000048950500109605008A
:20960000020000009895050018960500309505006895050080950500B8950500D0950500C1
:20962000D8D1FF1F3C9605006C9605008C9605000200010201000000DC96050000000000E1
:20964000DE960500010000000D04040003040400CCC6FF1F00010000DF9605000100000044
:209660002104040017040400D8C6FF1F0000000001000000E0960500010000000000000069
:2096800001000000E2960500010000000000000000000000000000000000000040420F00BA
:2096A000000000000000000000000000005A620200010000000000000100000000000000EA
:2096C0000000000040420F00000000000000000001000000005A6202000100000200000037
:2096E00000000100640000000080FF1FF096050000000000000000000100000000000000DB
:2097000002000000000000000300000000000000040000000000000005000000000000003B
:2097200006000000000000000700000000000000080000000000000009000000000000000B
:209740000A000000000000000B000000000000000C000000000000000D00000000000000DB
:209760000E000000000000000F0000000000000010000000000000001100000001050000A5
:2097800012000000000000001300000000000000140000000000000015000000000000007B
:2097A0001600000000000000180000000000000019000000000000001A0000000000000048
:2097C0001B000000000000001C000000000000001D000000000000001F0000000100000015
:2097E0002100000001000000230000000100000027000000010000002900000000000000D2
:209800002C000000000000002D000000000000002E000000000000002F0000000000000092
:20982000300000000101000031000000000000003200000000000000330000000000000060
:20984000340000000000000039000000000000003A000000000000003B0000000000000026
:209860003C000000000000003D000000000000003E000000000000003F00000000000000F2
:209880004E000000000000004F00000000000000500000000000000051000000000000008A
:2098A00052000000000000005300000000000000540000000000000055000000000000005A
:2098C00056000000000000005700000000000000580000000000000059000000000000002A
:2098E0005C000000000000005D000000000000005E000000000000005F00000000000000F2
:209900006000000000000000630000000000000064000000000000006500000000000000BB
:20992000660000000100000067000000000000006800000000000000690000000000000088
:209940006A000000000000006B000000000000006C000000000000006D0000000000000059
:209960006E000000000000006F000000000000007000000000000000710000000000000029
:209980007200000000000000730000000000000074000000000000007500000000000000F9
:2099A0007600000000000000770000000000000078000000000000007900000000000000C9
:2099C0007A000000000000009C000000000000009D000000000000009F0000000000000035
:2099E000A000000000000000A100000000000000A200000000000000A800000000000000DC
:209A0000B400000000000000BE000000000000000044010001000102109A050005000000D7
:209A2000249A05000000000006000000E1FF07000100000001000010E1070010020000006A
:209A40000280FF1FE17F00200300000001000040E3FF074004000000010000E0E3FF0FE0C3
:209A6000649A0500809A05000000000001000000010000006C9A05000100000000000000B6
:209A8000E4960500749A05000000000070B5064645F6A524BFF36F8FBFF34F8F40F2000548
:209AA000C4F20105AE6000E000BF686810F0090FFAD0686810F04E0F18BF42F2E474204695
:209AC00070BD70B5064645F6A524BFF36F8FBFF34F8F40F20005C4F2010547F2F530CFF68E
:209AE0009550C5F80002AE6000E000BF686810F0090FFAD0686810F04E0F18BF42F2E474D3
:209B0000204670BD59544D33324C494E00000000000000000100000001000000020000006C
:209B2000020000000300000003000000040000000400000005000000050000000600000005
:209B400006000000070000000700000008000000080000000A000000090000000C000000C2
:209B60000A0000000B0000000C0000000000000000000000000000000000000000000000C4
:209B80000000000000000000000000000000000000000000000000000000000000000000C5
:209BA0000F9803001398030000000000010000000F980300139803000000000002000000F2
:209BC0000F9803001398030000000000030000000F980300139803000000000004000000CE
:209BE0000F9803001398030000000000050000000F980300139803000000000006000000AA
:209C00000F9803001398030000000000070000000F98030013980300000000000800000085
:209C20000F98030013980300000000000A0000000F98030013980300000000000C0000005E
:209C40000F98030013980300000000000B0000000F98030013980300000000000000000049
:209C60000000000000000000000000000000000000000000000000000000000000000000E4
:209C80000000000000000000000000000000000000000000000000000000000000000000C4
:209CA00000000000000000000000000000000000000000000000000000000000C04010E1B3
:209CC00001E101E101FF03FF03FF03070707050010000000000000C040100000000000007F
:209CE000000000000000070707050010000000000000000001000000000000002300000016
:209D000015A803001DA8030045A70300A3A7030025A80300000000000100000001000000AD
:209D20001C00000015A803001DA8030045A70300A3A7030025A80300000000000000000073
:209D400000030000FDA803000000000019A9030099AA0300F3AA03000000000000000000AD
:209D60009A010000FFFFFFFF00000000FFFFFFFF0000000001040000FFFFFFFF000000004F
:209D8000FFFFFFFF01000000A903A903DF028803A9034203010000000800000010000000F8
:209DA0002000000040000000000000000000FFFF0000000000000000000000000000FFFF47
:209DC0000000000000000000000000000000FFFF0000000000000000000000000000FFFF87
:209DE0000000000000000000000000000000FFFF0000000000000000000000000000FFFF67
:209E0000000000000000000000000000000000000000000000000000000000000000FF0F34
:209E2000FFFFFFFF0000000000000000000000000000000000000000000000000000000026
:209E4000000000000000000000000000000000000000FF0FFFFFFFFF0000000000000000F8
:209E60000000000000000000000000000000000000000000000000000000000000000000E2
:209E8000000000000000FF0FFFFFFFFF0000000000000000000000000000000000000000B8
:209EA0000000000000000000000000000000000000000000000000000000FF0FFFFFFFFF98
:209EC000000000000000000000000000000000000000000000000000000000000000000082
:209EE0000000000000000000000000000000FF0FFFFFFFFF00000000000000000000000058
:209F0000000000000000000000000000000000000000000000000000000000000000000041
:209F20000000FF0FFFFFFFFF00000000000000000000000000000000000000000000000017
:209F4000D8FFF70F1400D80E19008B0E1E001C0E2300C30D2800470D2D00BA0C32001E0C72
:209F60003700740B3C00BE0A4100000A46003D094B0079085000B8075500FD065A004A0673
:209F80005F00A30564000705690078046E00F7037300820378001A037D00BD0282006B0245
:209FA000870022028C00E2019100AA01960079019B004601A000120164646464646400004E
:209FC0000A00000064646464646400006464000064646464646400006464646464640000A7
:209FE00000000000FFFFFFFF01FF00000100000005000000DCD0FF1FBC890300010000004C
:20A00000C10700000B000000A889030004A1FF1F01000000030700000B000000AC89030028
:20A020000CA1FF1F01000000C40700000B000000B089030014A1FF1F000000003C0800002B
:20A0400006000000B489030000000000000000007D08000009000000B889030000000000E8
:20A06000000000001A000000000000000000000000000000050000000500000005000000B7
:20A080000500000005000000000000000200000000000000000000000C00000000000000A8
:20A0A000000000001A00000000000000000000000000000000000000000000000100000085
:20A0C00002000000000000000000000000000000000000000000000000000000000000007E
:20A0E00000000000000000000000000000000000000000000000000001000000180028001F
:20A1000000000000010000004CADFF1F000000000000000000000000FF0000000000000028
:20A1200000000000000000000000000000000000000000000000000000000000050000001A
:20A1400000000000000000000000000000000000E4270000E4270000E427000000000000DE
:20A160000000000000000000000000005886050000000000000000000000000000000000FC
:20A18000000000000100000000000000FFFFFFFF00000000000000000000000000000000C2
:20A1A00000000000000000000000000000000000000000000000000000000000000000009F
:20A1C00000000000000000000000000000000000000000000000000000000000000000007F
:20A1E00000000000000000000000000000000000000000000000000000000000000000005F
:20A20000FFFFFFFFFFFFFFFFFFFFFFFFFFFFFFFFFFFFFFFFFFFFFFFFFFFFFFFFFFFFFFFF5E
:20A22000FFFFFFFFFFFFFFFFFFFFFFFFFFFFFFFFFFFFFFFFFFFFFFFFFFFFFFFFFFFFFFFF3E
:20A24000FFFFFFFFFFFFFFFFFFFFFFFFFFFFFFFFFFFFFFFFFFFFFFFFFFFFFFFFFFFFFFFF1E
:20A26000FFFFFFFFFFFFFFFFFFFFFFFFFFFFFFFFFFFFFFFFFFFFFFFFFFFFFFFFFFFFFFFFFE
:20A28000FFFFFFFFFFFFFFFFFFFFFFFFFFFFFFFFFFFFFFFFFFFFFFFFFFFFFFFFFFFFFFFFDE
:20A2A000FFFFFFFFFFFFFFFFFFFFFFFFFFFFFFFFFFFFFFFFFFFFFFFFFFFFFFFFFFFFFFFFBE
:20A2C000FFFFFFFFFFFFFFFFFFFFFFFFFFFFFFFFFFFFFFFFFFFFFFFFFFFFFFFFFFFFFFFF9E
:20A2E000FFFFFFFFFFFFFFFFFFFFFFFFFFFFFFFFFFFFFFFFFFFFFFFFFFFFFFFFFFFFFFFF7E
:20A30000FFFFFFFFFFFFFFFFFFFFFFFFFFFFFFFFFFFFFFFFFFFFFFFFFFFFFFFFFFFFFFFF5D
:20A32000FFFFFFFFFFFFFFFFFFFFFFFFFFFFFFFFFFFFFFFFFFFFFFFFFFFFFFFFFFFFFFFF3D
:20A34000FFFFFFFFFFFFFFFFFFFFFFFFFFFFFFFFFFFFFFFFFFFFFFFFFFFFFFFFFFFFFFFF1D
:20A36000FFFFFFFFFFFFFFFFFFFFFFFFFFFFFFFFFFFFFFFFFFFFFFFFFFFFFFFFFFFFFFFFFD
:20A38000FFFFFFFFFFFFFFFFFFFFFFFFFFFFFFFFFFFFFFFFFFFFFFFFFFFFFFFFFFFFFFFFDD
:20A3A000FFFFFFFFFFFFFFFFFFFFFFFFFFFFFFFFFFFFFFFFFFFFFFFFFFFFFFFFFFFFFFFFBD
:20A3C000FFFFFFFFFFFFFFFFFFFFFFFFFFFFFFFFFFFFFFFFFFFFFFFFFFFFFFFFFFFFFFFF9D
:20A3E000FFFFFFFFFFFFFFFFFFFFFFFFFFFFFFFFFFFFFFFFFFFFFFFFFFFFFFFFFFFFFFFF7D
:20A40000FFFFFFFFFFFFFFFFFFFFFFFFFFFFFFFFFFFFFFFFFFFFFFFFFFFFFFFFFFFFFFFF5C
:20A42000FFFFFFFFFFFFFFFFFFFFFFFFFFFFFFFFFFFFFFFFFFFFFFFFFFFFFFFFFFFFFFFF3C
:20A44000FFFFFFFFFFFFFFFFFFFFFFFFFFFFFFFFFFFFFFFFFFFFFFFFFFFFFFFFFFFFFFFF1C
:20A46000FFFFFFFFFFFFFFFFFFFFFFFFFFFFFFFFFFFFFFFFFFFFFFFFFFFFFFFFFFFFFFFFFC
:20A48000FFFFFFFFFFFFFFFFFFFFFFFFFFFFFFFFFFFFFFFFFFFFFFFFFFFFFFFFFFFFFFFFDC
:20A4A000FFFFFFFFFFFFFFFFFFFFFFFFFFFFFFFFFFFFFFFFFFFFFFFFFFFFFFFFFFFFFFFFBC
:20A4C000FFFFFFFFFFFFFFFFFFFFFFFFFFFFFFFFFFFFFFFFFFFFFFFFFFFFFFFFFFFFFFFF9C
:20A4E000FFFFFFFFFFFFFFFFFFFFFFFFFFFFFFFFFFFFFFFFFFFFFFFFFFFFFFFFFFFFFFFF7C
:20A50000FFFFFFFFFFFFFFFFFFFFFFFFFFFFFFFFFFFFFFFFFFFFFFFFFFFFFFFFFFFFFFFF5B
:20A52000FFFFFFFFFFFFFFFFFFFFFFFFFFFFFFFFFFFFFFFFFFFFFFFFFFFFFFFFFFFFFFFF3B
:20A54000FFFFFFFFFFFFFFFFFFFFFFFFFFFFFFFFFFFFFFFFFFFFFFFFFFFFFFFFFFFFFFFF1B
:20A56000FFFFFFFFFFFFFFFFFFFFFFFFFFFFFFFFFFFFFFFFFFFFFFFFFFFFFFFFFFFFFFFFFB
:20A58000FFFFFFFFFFFFFFFFFFFFFFFFFFFFFFFFFFFFFFFFFFFFFFFFFFFFFFFFFFFFFFFFDB
:20A5A000FFFFFFFFFFFFFFFFFFFFFFFFFFFFFFFFFFFFFFFFFFFFFFFFFFFFFFFFFFFFFFFFBB
:20A5C000FFFFFFFFFFFFFFFFFFFFFFFFFFFFFFFFFFFFFFFFFFFFFFFFFFFFFFFFFFFFFFFF9B
:20A5E000FFFFFFFFFFFFFFFFFFFFFFFFFFFFFFFFFFFFFFFFFFFFFFFFFFFFFFFFFFFFFFFF7B
:20A60000FFFFFFFFFFFFFFFFFFFFFFFFFFFFFFFFFFFFFFFFFFFFFFFFFFFFFFFFFFFFFFFF5A
:20A62000FFFFFFFFFFFFFFFFFFFFFFFFFFFFFFFFFFFFFFFFFFFFFFFFFFFFFFFFFFFFFFFF3A
:20A64000FFFFFFFFFFFFFFFFFFFFFFFFFFFFFFFFFFFFFFFFFFFFFFFFFFFFFFFFFFFFFFFF1A
:20A66000FFFFFFFFFFFFFFFFFFFFFFFFFFFFFFFFFFFFFFFFFFFFFFFFFFFFFFFFFFFFFFFFFA
:20A68000FFFFFFFFFFFFFFFFFFFFFFFFFFFFFFFFFFFFFFFFFFFFFFFFFFFFFFFFFFFFFFFFDA
:20A6A000FFFFFFFFFFFFFFFFFFFFFFFFFFFFFFFFFFFFFFFFFFFFFFFFFFFFFFFFFFFFFFFFBA
:20A6C000FFFFFFFFFFFFFFFFFFFFFFFFFFFFFFFFFFFFFFFFFFFFFFFFFFFFFFFFFFFFFFFF9A
:20A6E000FFFFFFFFFFFFFFFFFFFFFFFFFFFFFFFFFFFFFFFFFFFFFFFFFFFFFFFFFFFFFFFF7A
:20A70000FFFFFFFFFFFFFFFFFFFFFFFFFFFFFFFFFFFFFFFFFFFFFFFFFFFFFFFFFFFFFFFF59
:20A72000FFFFFFFFFFFFFFFFFFFFFFFFFFFFFFFFFFFFFFFFFFFFFFFFFFFFFFFFFFFFFFFF39
:20A74000FFFFFFFFFFFFFFFFFFFFFFFFFFFFFFFFFFFFFFFFFFFFFFFFFFFFFFFFFFFFFFFF19
:20A76000FFFFFFFFFFFFFFFFFFFFFFFFFFFFFFFFFFFFFFFFFFFFFFFFFFFFFFFFFFFFFFFFF9
:20A78000FFFFFFFFFFFFFFFFFFFFFFFFFFFFFFFFFFFFFFFFFFFFFFFFFFFFFFFFFFFFFFFFD9
:20A7A000FFFFFFFFFFFFFFFFFFFFFFFFFFFFFFFFFFFFFFFFFFFFFFFFFFFFFFFFFFFFFFFFB9
:20A7C000FFFFFFFFFFFFFFFFFFFFFFFFFFFFFFFFFFFFFFFFFFFFFFFFFFFFFFFFFFFFFFFF99
:20A7E000FFFFFFFFFFFFFFFFFFFFFFFFFFFFFFFFFFFFFFFFFFFFFFFFFFFFFFFFFFFFFFFF79
:20A80000FFFFFFFFFFFFFFFFFFFFFFFFFFFFFFFFFFFFFFFFFFFFFFFFFFFFFFFFFFFFFFFF58
:20A82000FFFFFFFFFFFFFFFFFFFFFFFFFFFFFFFFFFFFFFFFFFFFFFFFFFFFFFFFFFFFFFFF38
:20A84000FFFFFFFFFFFFFFFFFFFFFFFFFFFFFFFFFFFFFFFFFFFFFFFFFFFFFFFFFFFFFFFF18
:20A86000FFFFFFFFFFFFFFFFFFFFFFFFFFFFFFFFFFFFFFFFFFFFFFFFFFFFFFFFFFFFFFFFF8
:20A88000FFFFFFFFFFFFFFFFFFFFFFFFFFFFFFFFFFFFFFFFFFFFFFFFFFFFFFFFFFFFFFFFD8
:20A8A000FFFFFFFFFFFFFFFFFFFFFFFFFFFFFFFFFFFFFFFFFFFFFFFFFFFFFFFFFFFFFFFFB8
:20A8C000FFFFFFFFFFFFFFFFFFFFFFFFFFFFFFFFFFFFFFFFFFFFFFFFFFFFFFFFFFFFFFFF98
:20A8E000FFFFFFFFFFFFFFFFFFFFFFFFFFFFFFFFFFFFFFFFFFFFFFFFFFFFFFFFFFFFFFFF78
:20A90000FFFFFFFFFFFFFFFFFFFFFFFFFFFFFFFFFFFFFFFFFFFFFFFFFFFFFFFFFFFFFFFF57
:20A92000FFFFFFFFFFFFFFFFFFFFFFFFFFFFFFFFFFFFFFFFFFFFFFFFFFFFFFFFFFFFFFFF37
:20A94000FFFFFFFFFFFFFFFFFFFFFFFFFFFFFFFFFFFFFFFFFFFFFFFFFFFFFFFFFFFFFFFF17
:20A96000FFFFFFFFFFFFFFFFFFFFFFFFFFFFFFFFFFFFFFFFFFFFFFFFFFFFFFFFFFFFFFFFF7
:20A98000FFFFFFFFFFFFFFFFFFFFFFFFFFFFFFFFFFFFFFFFFFFFFFFFFFFFFFFFFFFFFFFFD7
:20A9A000FFFFFFFFFFFFFFFFFFFFFFFFFFFFFFFFFFFFFFFFFFFFFFFFFFFFFFFFFFFFFFFFB7
:20A9C000FFFFFFFFFFFFFFFFFFFFFFFFFFFFFFFFFFFFFFFFFFFFFFFFFFFFFFFFFFFFFFFF97
:20A9E000FFFFFFFFFFFFFFFFFFFFFFFFFFFFFFFFFFFFFFFFFFFFFFFFFFFFFFFFFFFFFFFF77
:20AA0000FFFFFFFFFFFFFFFFFFFFFFFFFFFFFFFFFFFFFFFFFFFFFFFFFFFFFFFFFFFFFFFF56
:20AA2000FFFFFFFFFFFFFFFFFFFFFFFFFFFFFFFFFFFFFFFFFFFFFFFFFFFFFFFFFFFFFFFF36
:20AA4000FFFFFFFFFFFFFFFFFFFFFFFFFFFFFFFFFFFFFFFFFFFFFFFFFFFFFFFFFFFFFFFF16
:20AA6000FFFFFFFFFFFFFFFFFFFFFFFFFFFFFFFFFFFFFFFFFFFFFFFFFFFFFFFFFFFFFFFFF6
:20AA8000FFFFFFFFFFFFFFFFFFFFFFFFFFFFFFFFFFFFFFFFFFFFFFFFFFFFFFFFFFFFFFFFD6
:20AAA000FFFFFFFFFFFFFFFFFFFFFFFFFFFFFFFFFFFFFFFFFFFFFFFFFFFFFFFFFFFFFFFFB6
:20AAC000FFFFFFFFFFFFFFFFFFFFFFFFFFFFFFFFFFFFFFFFFFFFFFFFFFFFFFFFFFFFFFFF96
:20AAE000FFFFFFFFFFFFFFFFFFFFFFFFFFFFFFFFFFFFFFFFFFFFFFFFFFFFFFFFFFFFFFFF76
:20AB0000FFFFFFFFFFFFFFFFFFFFFFFFFFFFFFFFFFFFFFFFFFFFFFFFFFFFFFFFFFFFFFFF55
:20AB2000FFFFFFFFFFFFFFFFFFFFFFFFFFFFFFFFFFFFFFFFFFFFFFFFFFFFFFFFFFFFFFFF35
:20AB4000FFFFFFFFFFFFFFFFFFFFFFFFFFFFFFFFFFFFFFFFFFFFFFFFFFFFFFFFFFFFFFFF15
:20AB6000FFFFFFFFFFFFFFFFFFFFFFFFFFFFFFFFFFFFFFFFFFFFFFFFFFFFFFFFFFFFFFFFF5
:20AB8000FFFFFFFFFFFFFFFFFFFFFFFFFFFFFFFFFFFFFFFFFFFFFFFFFFFFFFFFFFFFFFFFD5
:20ABA000FFFFFFFFFFFFFFFFFFFFFFFFFFFFFFFFFFFFFFFFFFFFFFFFFFFFFFFFFFFFFFFFB5
:20ABC000FFFFFFFFFFFFFFFFFFFFFFFFFFFFFFFFFFFFFFFFFFFFFFFFFFFFFFFFFFFFFFFF95
:20ABE000FFFFFFFFFFFFFFFFFFFFFFFFFFFFFFFFFFFFFFFFFFFFFFFFFFFFFFFFFFFFFFFF75
:20AC0000FFFFFFFFFFFFFFFFFFFFFFFFFFFFFFFFFFFFFFFFFFFFFFFFFFFFFFFFFFFFFFFF54
:20AC2000FFFFFFFFFFFFFFFFFFFFFFFFFFFFFFFFFFFFFFFFFFFFFFFFFFFFFFFFFFFFFFFF34
:20AC4000FFFFFFFFFFFFFFFFFFFFFFFFFFFFFFFFFFFFFFFFFFFFFFFFFFFFFFFFFFFFFFFF14
:20AC6000FFFFFFFFFFFFFFFFFFFFFFFFFFFFFFFFFFFFFFFFFFFFFFFFFFFFFFFFFFFFFFFFF4
:20AC8000FFFFFFFFFFFFFFFFFFFFFFFFFFFFFFFFFFFFFFFFFFFFFFFFFFFFFFFFFFFFFFFFD4
:20ACA000FFFFFFFFFFFFFFFFFFFFFFFFFFFFFFFFFFFFFFFFFFFFFFFFFFFFFFFFFFFFFFFFB4
:20ACC000FFFFFFFFFFFFFFFFFFFFFFFFFFFFFFFFFFFFFFFFFFFFFFFFFFFFFFFFFFFFFFFF94
:20ACE000FFFFFFFFFFFFFFFFFFFFFFFFFFFFFFFFFFFFFFFFFFFFFFFFFFFFFFFFFFFFFFFF74
:20AD0000FFFFFFFFFFFFFFFFFFFFFFFFFFFFFFFFFFFFFFFFFFFFFFFFFFFFFFFFFFFFFFFF53
:20AD2000FFFFFFFFFFFFFFFFFFFFFFFFFFFFFFFFFFFFFFFFFFFFFFFFFFFFFFFFFFFFFFFF33
:20AD4000FFFFFFFFFFFFFFFFFFFFFFFFFFFFFFFFFFFFFFFFFFFFFFFFFFFFFFFFFFFFFFFF13
:20AD6000FFFFFFFFFFFFFFFFFFFFFFFFFFFFFFFFFFFFFFFFFFFFFFFFFFFFFFFFFFFFFFFFF3
:20AD8000FFFFFFFFFFFFFFFFFFFFFFFFFFFFFFFFFFFFFFFFFFFFFFFFFFFFFFFFFFFFFFFFD3
:20ADA000FFFFFFFFFFFFFFFFFFFFFFFFFFFFFFFFFFFFFFFFFFFFFFFFFFFFFFFFFFFFFFFFB3
:20ADC000FFFFFFFFFFFFFFFFFFFFFFFFFFFFFFFFFFFFFFFFFFFFFFFFFFFFFFFFFFFFFFFF93
:20ADE000FFFFFFFFFFFFFFFFFFFFFFFFFFFFFFFFFFFFFFFFFFFFFFFFFFFFFFFFFFFFFFFF73
:20AE0000FFFFFFFFFFFFFFFFFFFFFFFFFFFFFFFFFFFFFFFFFFFFFFFFFFFFFFFFFFFFFFFF52
:20AE2000FFFFFFFFFFFFFFFFFFFFFFFFFFFFFFFFFFFFFFFFFFFFFFFFFFFFFFFFFFFFFFFF32
:20AE4000FFFFFFFFFFFFFFFFFFFFFFFFFFFFFFFFFFFFFFFFFFFFFFFFFFFFFFFFFFFFFFFF12
:20AE6000FFFFFFFFFFFFFFFFFFFFFFFFFFFFFFFFFFFFFFFFFFFFFFFFFFFFFFFFFFFFFFFFF2
:20AE8000FFFFFFFFFFFFFFFFFFFFFFFFFFFFFFFFFFFFFFFFFFFFFFFFFFFFFFFFFFFFFFFFD2
:20AEA000FFFFFFFFFFFFFFFFFFFFFFFFFFFFFFFFFFFFFFFFFFFFFFFFFFFFFFFFFFFFFFFFB2
:20AEC000FFFFFFFFFFFFFFFFFFFFFFFFFFFFFFFFFFFFFFFFFFFFFFFFFFFFFFFFFFFFFFFF92
:20AEE000FFFFFFFFFFFFFFFFFFFFFFFFFFFFFFFFFFFFFFFFFFFFFFFFFFFFFFFFFFFFFFFF72
:20AF0000FFFFFFFFFFFFFFFFFFFFFFFFFFFFFFFFFFFFFFFFFFFFFFFFFFFFFFFFFFFFFFFF51
:20AF2000FFFFFFFFFFFFFFFFFFFFFFFFFFFFFFFFFFFFFFFFFFFFFFFFFFFFFFFFFFFFFFFF31
:20AF4000FFFFFFFFFFFFFFFFFFFFFFFFFFFFFFFFFFFFFFFFFFFFFFFFFFFFFFFFFFFFFFFF11
:20AF6000FFFFFFFFFFFFFFFFFFFFFFFFFFFFFFFFFFFFFFFFFFFFFFFFFFFFFFFFFFFFFFFFF1
:20AF8000FFFFFFFFFFFFFFFFFFFFFFFFFFFFFFFFFFFFFFFFFFFFFFFFFFFFFFFFFFFFFFFFD1
:20AFA000FFFFFFFFFFFFFFFFFFFFFFFFFFFFFFFFFFFFFFFFFFFFFFFFFFFFFFFFFFFFFFFFB1
:20AFC000FFFFFFFFFFFFFFFFFFFFFFFFFFFFFFFFFFFFFFFFFFFFFFFFFFFFFFFFFFFFFFFF91
:20AFE000FFFFFFFFFFFFFFFFFFFFFFFFFFFFFFFFFFFFFFFFFFFFFFFFFFFFFFFFFFFFFFFF71
:00000001FF
