:02000004000FEB
:04350000DDCA0F0011
:04350400C1CE0F0025
:04350800C1DC0F0013
:04350C00CDCF0F0010
:04351000D5D70F00FC
:0435140000000000B3
:0435180000000000AF
:04351C0000000000AB
:0435200040F2000471
:04352400C0F20004ED
:0435280084F30088A0
:04352C0040F2000564
:04353000C4F20005DC
:04353400EFF300842D
:0435380004EA050498
:04353C0002A606EBF2
:04354000947606F186
:043544000106304705
:0435480040F2000449
:04354C00C4F20004C1
:0435500084F3008878
:0435540040F200053C
:04355800C4F20005B4
:04355C00EFF3008405
:0435600004EA050470
:0435640001A606EBCB
:0435680094763047DE
:04356C000368DC45CF
:0435700002D103F091
:04357400010301E06E
:0435780003F0000359
:04357C000360704731
:043580002DE9FE1F14
:04358400EFF3008AD7
:043588004DF804AD49
:04358C0001B47047CF
:043590002DE9FE1F04
:04359400EFF3008AC7
:043598004DF804AD39
:04359C0001B42DED5C
:0435A000200AF1EE1E
:0435A400106A40B4B5
:0435A800704700BFA9
:0435AC002DE9F81FEE
:0435B000EFF3008AAB
:0435B4004DF804AD1D
:0435B80001B42DED40
:0435BC00200AF1EE02
:0435C000106A40B499
:0435C40002B404B495
:0435C800704700BF89
:0435CC002DE9F81FCE
:0435D000EFF3008A8B
:0435D4004DF804ADFD
:0435D80001B402B484
:0435DC0004B470477C
:0435E00000040900DA
:0435E40000000400DF
:0435E800090000BF17
:0435EC0000BF00BF5D
:0435F000AAAAAAAA2F
:0435F400555555557F
:0435F80000B5FFF724
:0435FC00C1FF08F013
:0436000025FC4AF665
:04360400AA2BCAF62D
:04360800AA2B40F2B7
:04360C00000040F288
:04361000DC41C6F6DD
:0436140038214CF21B
:043618000612C4F2E0
:04361C00FF3240F247
:04362000000800B5E9
:043624006FF0CB1068
:0436280040F2000963
:04362C00C4F20009DB
:0436300089F3008892
:0436340014D0484026
:043638006FEAD20063
:04363C0088F3008887
:043640004AD15040DB
:0436440000EB410056
:04364800C2F20009C1
:04364C0089F3008876
:0436500022D24840FA
:04365400A0EB820065
:0436580088F300886B
:04365C002CD35040DB
:0436600000EB51002A
:04366400C8F200099F
:0436680089F300885A
:04366C002CD44840D2
:0436700000EB021059
:0436740088F300884F
:0436780008D55040E1
:04367C00A0EB41007E
:04368000C1F200098A
:0436840089F300883E
:04368800D6D648400A
:04368C00A0EBD100DE
:0436900088F3008833
:04369400D6D74840FD
:0436980000EB6200E1
:04369C00C2F200096D
:0436A00089F3008822
:0436A400D6D85040E4
:0436A80000EB011022
:0436AC00C4F200095B
:0436B00089F3008812
:0436B400E2D94840CF
:0436B800A0EBD200B1
:0436BC00C9F2000946
:0436C00089F3008802
:0436C4000EDA50408A
:0436C80040EB1110B2
:0436CC00C8F2000937
:0436D00089F30088F2
:0436D400CCDB4840C3
:0436D80000EBC20041
:0436DC0088F30088E7
:0436E00008DC504072
:0436E400A0EB8200D5
:0436E800CCF2000917
:0436EC0089F30088D6
:0436F000DADD50408F
:0436F40040EB510056
:0436F80000F009F8DD
:0436FC004840A0EBB7
:04370000C2000FF202
:04370400360303F194
:04370800010318475A
:04370C00504040EBFE
:04371000620072B928
:04371400504060EBD6
:0437180082004FF0EC
:04371C00000101B1F6
:04372000504000EB2A
:043724008100AFF27F
:043728002A0303F17C
:04372C0001039847B6
:04373000484000EA23
:043734008100EEE73B
:0437380048404FEACC
:04373C007B0B90EA89
:043740000B0B5DF81A
:0437440004EB9CEA0C
:043748000B0C4AF626
:04374C00AA2BCAF6E4
:04375000AA2B40F26E
:0437540000004AF631
:043758003142C5F243
:04375C0006124EF60D
:04376000B443C6F2B6
:043764000A1340F212
:043768000008AFF2B4
:04376C008C1140F28A
:043770000307A7F1B3
:043774000107D1E890
:0437780007F0104402
:04377C004FEA7000A0
:0437800008E0A0EBD2
:0437840003004FEA05
:04378800800003E0DA
:04378C0010444FEAAC
:04379000F000FFE75F
:043794004745ECD1E8
:043798004FEA7B0B6E
:04379C0090EA0B0B99
:0437A000AFF2C011B3
:0437A40040F20307E5
:0437A800A7F101077D
:0437AC00D1E817F059
:0437B00010444FEA88
:0437B4007B0B07E0A4
:0437B800A0EB03007F
:0437BC004FEA7B0B4A
:0437C00002E01044CF
:0437C4004FEA7B0B42
:0437C8004745EDD1B3
:0437CC0090EA0B0B69
:0437D0004FEA7B0B36
:0437D4005FE97A121D
:0437D8009BEA010B5C
:0437DC004FEA7B0B2A
:0437E0009BEA020B53
:0437E4004FEA7B0B22
:0437E8009CEA0B0C40
:0437EC004AF6AA2BC4
:0437F000CAF6AA2B40
:0437F40040F200009F
:0437F80040F2170183
:0437FC00C5F2B3411E
:043800004CF6A1627F
:04380400C3F20742C2
:0438080040F6AC13C7
:04380C00CBF6F17393
:0438100040F200087A
:0438140040F2000975
:04381800C4F20009ED
:04381C0089F30088A4
:043820000CBFC0EB2E
:0438240061004840B7
:0438280088F3008899
:04382C001ABF00EAD5
:04383000211040EA39
:04383400D30050402D
:0438380040F2000951
:04383C00C2F20009CB
:0438400089F3008880
:043844002ABF40EA6D
:0438480043104840A1
:04384C0000EA7230EC
:0438500088F3008871
:043854003BBF20EA6C
:043858009310484041
:04385C005040584040
:0438600040F2000929
:04386400C8F200099D
:0438680089F3008858
:04386C004EBFC0EBA0
:04387000F3105040C1
:0438740020EAC13055
:0438780088F3008849
:04387C0057BFC0EB87
:04388000F1105040B3
:04388400C018401A0E
:0438880040F2000901
:04388C00C1F200097C
:0438900089F3008830
:043894006CBF00EA1B
:04389800310050406B
:04389C0088F3008825
:0438A00074BF40EAC7
:0438A4003320484045
:0438A80040F20009E1
:0438AC00C2F200095B
:0438B00089F3008810
:0438B4008CBF20EABB
:0438B8003200584042
:0438BC0040F20009CD
:0438C000C4F2000945
:0438C40089F30088FC
:0438C80094BFC0EBFE
:0438CC004120504007
:0438D00040F20009B9
:0438D400C9F200092C
:0438D80089F30088E8
:0438DC00ACBF00EA93
:0438E000922058409A
:0438E40040F20009A5
:0438E800C8F2000919
:0438EC0089F30088D4
:0438F000B4BF40EA37
:0438F400310050400F
:0438F80088F30088C9
:0438FC00CCBF20EA33
:04390000E320484038
:0439040040F2000984
:04390800CCF20009F4
:04390C0089F30088B3
:04391000D4BFC0EB75
:0439140011305040DE
:043918004FEA7B0BEC
:04391C0090EA0B0B17
:043920009CEA0B0C06
:043924004AF6AA2B8A
:04392800CAF6AA2B06
:04392C0000BF00BF19
:0439300000BF00BF15
:0439340000BF784612
:04393800AFF21001D9
:04393C00A0EB0103F8
:043940004FEA7B0BC4
:0439440083EA0B0BFC
:043948007846AFF21C
:04394C002001A0EBCB
:0439500001034FEA36
:043954007B0B83EA7C
:043958000B0B9CEACF
:04395C000B0C4AF610
:04396000AA2BCAF6CE
:04396400AA2B40F258
:0439680000084AF613
:04396C00AB35CAF6B7
:04397000AB352CBA8D
:043974004FEA7B0B90
:043978008BEA040BC7
:04397C0045F2544577
:04398000C5F25445F3
:043984002CBA4FEA20
:043988007B0B8BEA40
:04398C00040B9CEAA2
:043990000B0C4AF6DC
:04399400AA2BCAF69A
:04399800AA2B4CF218
:04399C004305CAF61F
:0439A00056356CBA72
:0439A4004FEA7B0B60
:0439A8008BEA040B97
:0439AC0043F6BC75AD
:0439B000C5F2A9456E
:0439B4006CBA4FEAB0
:0439B8007B0B8BEA10
:0439BC00040B9CEA72
:0439C0000B0C4AF6AC
:0439C400AA2BCAF66A
:0439C800AA2B4AF6E6
:0439CC00BA31CFF647
:0439D000CF41C8BA61
:0439D4004FEA7B0B30
:0439D8008BEA000B6B
:0439DC0045F245412A
:0439E000C0F23031D0
:0439E400C8BA4FEA24
:0439E8007B0B8BEAE0
:0439EC00000B9CEA46
:0439F0000B0C4AF67C
:0439F400AA2BCAF63A
:0439F800AA2B4AF2BA
:0439FC00A552CAF214
:043A0000A55292FA3F
:043A0400A2F14FEAF2
:043A08007B0B8BEABF
:043A0C00010B45F66F
:043A10005A22C5F67B
:043A14005A2292FAA6
:043A1800A2F14FEADE
:043A1C007B0B8BEAAB
:043A2000010B9CEA10
:043A24000B0C4AF647
:043A2800AA2BCAF605
:043A2C00AA2B40F28F
:043A3000000140F25F
:043A3400000080F31B
:043A3800008811F001
:043A3C00000FEFF395
:043A4000008909F000
:043A440060494FEA9C
:043A48007B0B8BEA7F
:043A4C00090B4EF222
:043A5000E772CEF259
:043A5400E77212F013
:043A5800AA3FEFF39F
:043A5C00008909F0E4
:043A600060494FEA80
:043A64007B0B8BEA63
:043A6800090B4FF205
:043A6C00F772CFF22C
:043A7000F77212F0E7
:043A7400553FEFF3D8
:043A7800008909F0C8
:043A7C0060494FEA64
:043A80007B0B8BEA47
:043A8400090B4FF6E5
:043A8800FF73CFF603
:043A8C00FF7313F0C1
:043A90007F4FEFF382
:043A9400008909F0AC
:043A980060494FEA48
:043A9C007B0B8BEA2B
:043AA000090B9CEA88
:043AA4000B0C4AF6C7
:043AA800AA2BCAF685
:043AAC00AA2B40F20F
:043AB00000014FF6CC
:043AB400FF72CFF6D8
:043AB800FF7240F267
:043ABC00000080F393
:043AC0000088114227
:043AC400EFF3008993
:043AC80009F0604958
:043ACC004FEA7B0B37
:043AD0008BEA090B69
:043AD4004FF6FF7139
:043AD800CFF6FF71B5
:043ADC001142EFF3B1
:043AE000008909F060
:043AE40060494FEAFC
:043AE8007B0B8BEADF
:043AEC00090B11EAC7
:043AF000021FEFF3CF
:043AF400008909F04C
:043AF80060494FEAE8
:043AFC007B0B8BEACB
:043B0000090B40F27B
:043B04000F01C0F2FB
:043B08000001114265
:043B0C00EFF300894A
:043B100009F060490F
:043B14004FEA7B0BEE
:043B18008BEA090B20
:043B1C009CEA0B0C08
:043B20004AF6AA2B8C
:043B2400CAF6AA2B08
:043B28004FF000005A
:043B2C004FF0000155
:043B30004FF6FF72DB
:043B3400CFF6FF7257
:043B380080F300888E
:043B3C0091EA020FF9
:043B4000EFF3008916
:043B440009F06049DB
:043B48004FEA7B0BBA
:043B4C008BEA090BEC
:043B500040F200003F
:043B540080F3008872
:043B58004FF6FF71B4
:043B5C00CFF6FF7130
:043B600091EA021FC5
:043B6400EFF30089F2
:043B680009F06049B7
:043B6C004FEA7B0B96
:043B70008BEA090BC8
:043B740040F200001B
:043B780080F300884E
:043B7C0091EA020FB9
:043B8000EFF30080DF
:043B840000F06048A5
:043B88004FEA7B0B7A
:043B8C008BEA080BAD
:043B90009CEA0B0C94
:043B94004AF6AA2B18
:043B9800CAF6AA2B94
:043B9C0040F20000F3
:043BA00040F20000EF
:043BA40080F3008822
:043BA80090F0000F8A
:043BAC00EFF30089AA
:043BB00009F060496F
:043BB4004FEA7B0B4E
:043BB8008BEA090B80
:043BBC0090F0FF3F47
:043BC000EFF3008996
:043BC40009F060495B
:043BC8004FEA7B0B3A
:043BCC008BEA090B6C
:043BD0009CEA0B0C54
:043BD4004AF6AA2BD8
:043BD800CAF6AA2B54
:043BDC0040F20003B0
:043BE00040F20004AB
:043BE400C8F200041F
:043BE8004FF6FF7520
:043BEC00C7F6FF75A4
:043BF000631B4FEA1A
:043BF4007B0B8BEAD2
:043BF800030BEFF3D9
:043BFC00008404F04D
:043C000070444FEAD3
:043C04007B0B8BEAC1
:043C0800040B4FF664
:043C0C00FF74C0F28F
:043C1000FF044FF668
:043C1400FF75C0F286
:043C1800FF05631B26
:043C1C004FEA7B0BE5
:043C20008BEA030B1D
:043C2400EFF3008436
:043C280004F07044F0
:043C2C004FEA7B0BD5
:043C30008BEA040B0C
:043C34004FF6FF74D4
:043C3800C7F6FF7458
:043C3C0040F200054D
:043C4000C8F20005C1
:043C4400631B4FEAC5
:043C48007B0B8BEA7D
:043C4C00030BEFF384
:043C5000008404F0F8
:043C540070444FEA7F
:043C58007B0B8BEA6D
:043C5C00040B40F223
:043C600005344FF6E2
:043C6400FF75C0F236
:043C6800FD05B4EBB7
:043C6C0005134FEA03
:043C70007B0B8BEA55
:043C7400030BEFF35C
:043C7800008404F0D0
:043C7C0070444FEA57
:043C80007B0B8BEA45
:043C8400040B9CEAA7
:043C88000B0C4AF6E1
:043C8C00AA2BCAF69F
:043C9000AA2B40F229
:043C9400000340F2F7
:043C98000005C8F269
:043C9C000005A5F189
:043CA0006F034FEA75
:043CA4007B0B8BEA21
:043CA800030B40F2D8
:043CAC003474C7F6AF
:043CB0001154A4F116
:043CB4005A034FEA76
:043CB8007B0B8BEA0D
:043CBC00030B40F2C4
:043CC0000004C8F242
:043CC4000004B4F153
:043CC8007F334FEA0D
:043CCC007B0B8BEAF9
:043CD000030BEFF300
:043CD400008404F074
:043CD80070444FEAFB
:043CDC007B0B8BEAE9
:043CE000040B40F69B
:043CE4000F74C0F6A3
:043CE8000F74B4F1B0
:043CEC000F334FEA59
:043CF0007B0B8BEAD5
:043CF400030BEFF3DC
:043CF800008606F04C
:043CFC00704787EA9C
:043D00000B0B4FEA70
:043D04007B0B4FF6F0
:043D0800FF74C7F687
:043D0C00FF74B4F19B
:043D100080334FEAC3
:043D14007B0B8BEAB0
:043D1800030BEFF3B7
:043D1C00008404F02B
:043D200070444FEAB2
:043D24007B0B8BEAA0
:043D2800040B40F256
:043D2C000534C0F6A4
:043D30000074B4F176
:043D340001334FEA1E
:043D38007B0B8BEA8C
:043D3C00030BEFF393
:043D4000008404F007
:043D440070444FEA8E
:043D48007B0B8BEA7C
:043D4C00040B40F232
:043D50000533C0F681
:043D54000073043BB9
:043D58004FEA7B0BA8
:043D5C008BEA030BE0
:043D6000EFF30084F9
:043D640004F07044B3
:043D68004FEA7B0B98
:043D6C008BEA040BCF
:043D700040F200031A
:043D74004FF6FF7493
:043D7800C7F6FF7417
:043D7C00A4F17043FB
:043D80004FEA7B0B80
:043D84008BEA030BB8
:043D88004AF6AA2429
:043D8C00C5F25554D3
:043D9000A4F15A033D
:043D94004FEA7B0B6C
:043D98008BEA030BA4
:043D9C0040F2347449
:043DA000C7F61154FD
:043DA40040F20003E6
:043DA8004FF6FF745F
:043DAC00C7F6FF74E3
:043DB000A4F26F0307
:043DB4004FEA7B0B4C
:043DB8008BEA030B84
:043DBC0045F2555423
:043DC000CAF6AA2471
:043DC400A4F27D03E5
:043DC8004FEA7B0B38
:043DCC008BEA030B70
:043DD0009CEA0B0C52
:043DD4004FF00000AC
:043DD80080F30088EC
:043DDC004AF6AA2BCE
:043DE000CAF6AA2B4A
:043DE40040F20003A6
:043DE80040F20004A1
:043DEC00C8F2000415
:043DF00074F10A035D
:043DF4004FEA7B0B0C
:043DF8008BEA030B44
:043DFC00EFF300845D
:043E000004F0704416
:043E04004FEA7B0BFB
:043E08008BEA040B32
:043E0C004FF60074F9
:043E1000CFF6FF7476
:043E140074F17B3397
:043E18004FEA7B0BE7
:043E1C008BEA030B1F
:043E2000EFF3008438
:043E240004F07044F2
:043E28004FEA7B0BD7
:043E2C008BEA040B0E
:043E300040F20A044E
:043E340074F10A0318
:043E38004FEA7B0BC7
:043E3C008BEA030BFF
:043E4000EFF3008418
:043E440004F07044D2
:043E48004FEA7B0BB7
:043E4C008BEA040BEE
:043E500040F2033405
:043E5400C0F2033481
:043E580074F11233BC
:043E5C004FEA7B0BA3
:043E60008BEA030BDB
:043E6400EFF30084F4
:043E680004F07044AE
:043E6C004FEA7B0B93
:043E70008BEA040BCA
:043E740040F2000315
:043E780040F2000410
:043E7C00C8F2000484
:043E800040F20A05FD
:043E840074EB0503D3
:043E88004FEA7B0B77
:043E8C008BEA030BAF
:043E9000EFF30084C8
:043E940004F0704482
:043E98004FEA7B0B67
:043E9C008BEA040B9E
:043EA0004FF6007465
:043EA400CFF6FF74E2
:043EA80074EB85032F
:043EAC004FEA7B0B53
:043EB0008BEA030B8B
:043EB400EFF30084A4
:043EB80004F070445E
:043EBC004FEA7B0B43
:043EC0008BEA040B7A
:043EC4004FF6007441
:043EC800C0F6FF74CD
:043ECC0074EB05137B
:043ED0004FEA7B0B2F
:043ED4008BEA030B67
:043ED800EFF3008480
:043EDC0004F070443A
:043EE0004FEA7B0B1F
:043EE4008BEA040B56
:043EE80041F600742B
:043EEC00C0F6FF74A9
:043EF00041F6007522
:043EF400C0F6FF75A0
:043EF80074EB05035F
:043EFC004FEA7B0B03
:043F00008BEA030B3A
:043F0400EFF3008453
:043F080004F070440D
:043F0C004FEA7B0BF2
:043F10008BEA040B29
:043F140040F2000374
:043F180040F201046E
:043F1C00C8F20004E3
:043F200064F16403E1
:043F24004FEA7B0BDA
:043F28008BEA030B12
:043F2C004FF61F2409
:043F3000C2F20F04C6
:043F340064F1FF3302
:043F38004FEA7B0BC6
:043F3C008BEA030BFE
:043F40008CEA0B0CF0
:043F44004FF000003A
:043F480080F300887A
:043F4C004AF6AA2B5C
:043F5000CAF6AA2BD8
:043F540040F2000334
:043F580040F205042A
:043F5C00C7F20004A4
:043F6000C4F1640341
:043F64004FEA7B0B9A
:043F68008BEA030BD2
:043F6C004FF00A0404
:043F7000C4F10A038B
:043F74004FEA7B0B8A
:043F78008BEA030BC2
:043F7C004FF6FA748E
:043F8000C8F6FF740C
:043F8400C4F10A0377
:043F88004FEA7B0B76
:043F8C008BEA030BAE
:043F900040F20003F8
:043F940040F20004F3
:043F9800C8F2000467
:043F9C0040F20A05E0
:043FA000D4F10A034B
:043FA4004FEA7B0B5A
:043FA8008BEA030B92
:043FAC00EFF30084AB
:043FB00004F0704465
:043FB4004FEA7B0B4A
:043FB8008BEA040B81
:043FBC004FF6007448
:043FC000CFF6FF74C5
:043FC400D4EB050332
:043FC8004FEA7B0B36
:043FCC008BEA030B6E
:043FD000EFF3008487
:043FD40004F0704441
:043FD8004FEA7B0B26
:043FDC008BEA040B5D
:043FE00041F6007432
:043FE400C0F6FF74B0
:043FE80041F6007529
:043FEC00C0F6FF75A7
:043FF000D4EB050306
:043FF4004FEA7B0B0A
:043FF8008BEA030B42
:043FFC00EFF300845B
:0440000004F0704414
:044004004FEA7B0BF9
:044008008BEA040B30
:04400C004FF6FF74F8
:04401000CFF6FF7474
:04401400D4EB0503E1
:044018004FEA7B0BE5
:04401C008BEA030B1D
:04402000EFF3008436
:0440240004F07044F0
:044028004FEA7B0BD5
:04402C008BEA040B0C
:0440300040F2000357
:0440340040F2000452
:04403800C8F20004C6
:04403C0040F20A053F
:04404000D4EB0503B5
:044044004FEA7B0BB9
:044048008BEA030BF1
:04404C00EFF300840A
:0440500004F07044C4
:044054004FEA7B0BA9
:044058008BEA040BE0
:04405C004FF60074A7
:04406000CFF6FF7424
:04406400D4EB850311
:044068004FEA7B0B95
:04406C008BEA030BCD
:04407000EFF30084E6
:0440740004F07044A0
:044078004FEA7B0B85
:04407C008BEA040BBC
:0440800041F6007491
:04408400C0F6FF740F
:0440880041F6007588
:04408C00C0F6FF7506
:04409000D4EB050365
:044094004FEA7B0B69
:044098008BEA030BA1
:04409C00EFF30084BA
:0440A00004F0704474
:0440A4004FEA7B0B59
:0440A8008BEA040B90
:0440AC004FF6FF7458
:0440B000CFF6FF74D4
:0440B400D4EB051331
:0440B8004FEA7B0B45
:0440BC008BEA030B7D
:0440C000EFF3008496
:0440C40004F0704450
:0440C8004FEA7B0B35
:0440CC008BEA040B6C
:0440D0008CEA0B0C5F
:0440D4004AF6AA2BD3
:0440D800CAF6AA2B4F
:0440DC004FF6FF7428
:0440E000C7F6FF74AC
:0440E40004F10103DF
:0440E8004FEA7B0B15
:0440EC008BEA030B4D
:0440F0004FF6007413
:0440F400CFF6FF7490
:0440F80004F15A0372
:0440FC004FEA7B0B01
:044100008BEA030B38
:044104004FF6FF74FF
:04410800C7F6FF7483
:04410C0004F20103B5
:044110004FEA7B0BEC
:044114008BEA030B24
:044118004AF6AA2495
:04411C00C5F255543F
:0441200004F256034C
:044124004FEA7B0BD8
:044128008BEA030B10
:04412C004FF6FF74D7
:04413000C7F6FF745B
:0441340044F15003FF
:044138004FEA7B0BC4
:04413C008BEA030BFC
:0441400045F255549B
:04414400CAF6AA24E9
:0441480044F5807347
:04414C004FEA7B0BB0
:044150008BEA030BE8
:044154009CEA0B0CCA
:044158004CF6396B7D
:04415C00CFF6094B46
:0441600001BCFFF7A8
:04416400DDF95DF82C
:0441680004ABBDE8FF
:04416C00FE1F5DF8DD
:0441700004EB7047A5
:0441740000B5FFF79C
:0441780003FA07F04F
:04417C0067FE4AF69A
:04418000AA2BCAF6A6
:04418400AA2B4CF620
:04418800CC41CCF664
:04418C00CC4121F011
:04419000FF324FEAC1
:044194007B0B8BEA2C
:04419800020B43F2E1
:04419C003331C3F206
:0441A000333121F0A6
:0441A400AA324FEA02
:0441A8007B0B8BEA18
:0441AC00020B4FF6BD
:0441B000FF71CFF6D6
:0441B400FF7121F086
:0441B80055324FEA43
:0441BC007B0B8BEA04
:0441C000020B44F2B8
:0441C4004441C4F2BC
:0441C800444121F05D
:0441CC00BB324FEAC9
:0441D0007B0B8BEAF0
:0441D400020B9CEA54
:0441D8000B0C4AF68C
:0441DC00AA2BCAF64A
:0441E000AA2B45F2CF
:0441E4005550C5F27B
:0441E80055504AF6EE
:0441EC00AA21CAF644
:0441F000AA2120EAF6
:0441F40011124FEA6B
:0441F8007B0B8BEAC8
:0441FC00020B4AF672
:04420000AA22CAF62E
:04420400AA2245F2B3
:044208005553C5F253
:04420C00555322EAFA
:0442100093044FEADA
:044214007B0B8BEAAB
:04421800040B4FF64E
:04421C00FF76CFF664
:04422000FF7640F2F3
:04422400000726EA7F
:04422800D77A4FEA08
:04422C007B0B8BEA93
:044230000A0B9CEAEF
:044234000B0C4AF62F
:04423800AA2BCAF6ED
:04423C00AA2B40F277
:04424000000080F307
:0442440000884AF6AE
:044248005520CAF63D
:04424C00552030F0D9
:0442500000014FEA30
:044254007B0B8BEA6B
:04425800010BEFF374
:04425C00008404F0E6
:0442600060444FEA7D
:044264007B0B8BEA5B
:04426800040B40F211
:04426C00000080F3DB
:04427000008840F290
:044274000003C0F291
:04427800000333F01C
:04427C000001EFF35B
:04428000008404F0C2
:0442840060444FEA59
:044288007B0B8BEA37
:04428C00010B4FEAE9
:044290007B0B8BEA2F
:04429400040B40F2E5
:04429800000080F3AF
:04429C00008845F25F
:0442A000AA55C5F264
:0442A400AA5535F4EE
:0442A8000071EFF3BF
:0442AC00008404F096
:0442B00060444FEA2D
:0442B4007B0B8BEA0B
:0442B800010B4FEABD
:0442BC007B0B8BEA03
:0442C000040B40F2B9
:0442C400000080F383
:0442C80000884AF62A
:0442CC005523CAF6B6
:0442D000552333F04F
:0442D4007041EFF353
:0442D800008404F06A
:0442DC0060444FEA01
:0442E0007B0B8BEADF
:0442E400010B4FEA91
:0442E8007B0B8BEAD7
:0442EC00040B9CEA39
:0442F0000B0C4AF673
:0442F400AA2BCAF631
:0442F800AA2B40F2BB
:0442FC00000080F34B
:0443000000884AF6F1
:044304004336CFF27B
:0443080071564FF6A5
:04430C00FF77CFF672
:04431000FF7736EA13
:044314005700EFF36C
:04431800008404F029
:04431C0060444FEAC0
:044320007B0B8BEA9E
:04432400000B4FEA51
:044328007B0B8BEA96
:04432C00040B45F247
:04433000BC45C0F6D2
:044334008E2540F2A0
:044338000007C0F2C8
:04433C00000735EA57
:044340001701EFF37F
:04434400008404F0FD
:0443480060444FEA94
:04434C007B0B8BEA72
:04435000010B4FEA24
:044354007B0B8BEA6A
:04435800040B40F220
:04435C00000640F225
:04436000FF07C0F2A1
:04436400000736EA2E
:044368001722EFF336
:04436C00008404F0D5
:0443700060444FEA6C
:044374007B0B8BEA4A
:04437800020B4FEAFB
:04437C007B0B8BEA42
:04438000040B9CEAA4
:044384000B0C4AF6DE
:04438800AA2BCAF69C
:04438C00AA2B40F226
:04439000000080F3B6
:04439400008840F26B
:04439800000041F6EA
:04439C001802C1F64C
:0443A000180240F2CD
:0443A400000912F00A
:0443A8000009EFF326
:0443AC00008303F097
:0443B00060444FEA2C
:0443B4007B0B8BEA0A
:0443B800090B4FEAB4
:0443BC007B0B8BEA02
:0443C000040B4EF2AA
:0443C400E772CEF2DC
:0443C800E77212F096
:0443CC00AA39EFF328
:0443D000008303F073
:0443D40060444FEA08
:0443D8007B0B8BEAE6
:0443DC00090B4FEA90
:0443E0007B0B8BEADE
:0443E400040B4FF285
:0443E800F772CFF2A7
:0443EC00F77212F062
:0443F0005539EFF359
:0443F400008303F04F
:0443F80060444FEAE4
:0443FC007B0B8BEAC2
:04440000090B4FEA6B
:044404007B0B8BEAB9
:04440800040B4FF65C
:04440C00FF72CFF676
:04441000FF7212F035
:044414007F49EFF3FA
:04441800008303F02A
:04441C0060444FEABF
:044420007B0B8BEA9D
:04442400090B4FEA47
:044428007B0B8BEA95
:04442C00040B9CEAF7
:044430000B0C4AF631
:04443400AA2BCAF6EF
:04443800AA2B40F279
:04443C00000080F309
:04444000008840F2BE
:04444400000041F63D
:044448001802C1F69F
:04444C00180240F220
:04445000000340F233
:04445400000612EA62
:044458000316EFF365
:04445C00008303F0E6
:0444600060444FEA7B
:044464007B0B8BEA59
:04446800060B4FEA06
:04446C007B0B8BEA51
:04447000040B40F207
:04447400000080F3D1
:04447800008845F281
:04447C005553C5F2DD
:0444800055534AF650
:04448400AA22CAF6A8
:04448800AA2212EA68
:04448C004306EFF301
:04449000008303F0B2
:0444940060444FEA47
:044498007B0B8BEA25
:04449C00060B4FEAD2
:0444A0007B0B8BEA1D
:0444A400040B40F2D3
:0444A800000080F39D
:0444AC0000884FF63F
:0444B000FF73CFF6D1
:0444B400FF7345F25B
:0444B8005552C5F2A2
:0444BC00555212EA59
:0444C0000316EFF3FD
:0444C400008303F07E
:0444C80060444FEA13
:0444CC007B0B8BEAF1
:0444D000060B4FEA9E
:0444D4007B0B8BEAE9
:0444D800040B40F29F
:0444DC00000080F369
:0444E00000884AF610
:0444E400AA23CAF647
:0444E800AA234AF6C3
:0444EC00AA22CAF640
:0444F000AA2212EA00
:0444F4001326EFF3A9
:0444F800008303F04A
:0444FC0060444FEADF
:044500007B0B8BEABC
:04450400060B4FEA69
:044508007B0B8BEAB4
:04450C00040B40F26A
:04451000000080F334
:0445140000884AF6DB
:04451800AA23C5F21B
:04451C00555345F2BC
:044520005552C5F239
:04452400555212EAF0
:044528001346EFF354
:04452C00008303F015
:0445300060444FEAAA
:044534007B0B8BEA88
:04453800060B4FEA35
:04453C007B0B8BEA80
:04454000040B9CEAE2
:044544000B0C4AF61C
:04454800AA2BCAF6DA
:04454C00AA2B43F65D
:044550003C45C3F62D
:044554003C4545F0AD
:04455800A5344FEA4D
:04455C007B0B8BEA60
:04456000040B4CF20A
:04456400C335CCF29D
:04456800C33545F022
:04456C005A344FEA84
:044570007B0B8BEA4C
:04457400040B9CEAAE
:044578000B0C4AF6E8
:04457C00AA2BCAF6A6
:04458000AA2B45F627
:04458400FF74C6F208
:044588009F7445F6E1
:04458C00BF75C6F23F
:044590009F7544EAE5
:0445940005034FEAE2
:044598007B0B8BEA24
:04459C00030B4AF2D1
:0445A0000004C9F654
:0445A400600440F27D
:0445A8000205C0F256
:0445AC00000544EAD8
:0445B00045134FEA76
:0445B4007B0B8BEA08
:0445B800030B40F2BF
:0445BC000004CFF236
:0445C00000044FF6AE
:0445C400FD25CFF60C
:0445C8003C3544EA50
:0445CC0015134FEA8A
:0445D0007B0B8BEAEC
:0445D400030B4FF690
:0445D800FD74CFF6A9
:0445DC00FF7447F22F
:0445E000F305C5F228
:0445E400114544EA4F
:0445E80005034FEA8E
:0445EC007B0B8BEAD0
:0445F000030B9CEA33
:0445F4000B0C4AF66C
:0445F800AA2BCAF62A
:0445FC00AA2B40F2B4
:04460000000080F343
:04460400008840F2F8
:04460800000240F27A
:04460C00000340F275
:04461000000953F05A
:04461400FF324FEA38
:044618007B0B8BEAA3
:04461C00020BEFF3AB
:04462000008505F01C
:0446240060444FEAB5
:044628007B0B8BEA93
:04462C00040B53F038
:0446300000024FEA4B
:044634007B0B8BEA87
:04463800020BEFF38F
:04463C00008505F000
:0446400060444FEA99
:044644007B0B8BEA77
:04464800040B4FF21E
:04464C003523CFF251
:04465000564353F08A
:044654007B424FEA6C
:044658007B0B8BEA63
:04465C00020BEFF36B
:04466000008505F0DC
:0446640060444FEA75
:044668007B0B8BEA53
:04466C00040B9CEAB5
:044670000B0C4AF6EF
:04467400AA2BCAF6AD
:04467800AA2B40F237
:04467C00000080F3C7
:04468000008840F27C
:044684000F01C0F270
:0446880000014FF6E8
:04468C00FF70CFF6F6
:04469000FF7051EA7C
:0446940000114FEAD8
:044698007B0B8BEA23
:04469C00010BEFF32C
:0446A000008303F0A0
:0446A40060444FEA35
:0446A8007B0B8BEA13
:0446AC00040B45F2C4
:0446B0005551CAF6A0
:0446B400AA2145F200
:0446B8005550CAF699
:0446BC00AA200143EC
:0446C0004FEA7B0B37
:0446C4008BEA010B71
:0446C800EFF3008389
:0446CC0003F0604453
:0446D0004FEA7B0B27
:0446D4008BEA040B5E
:0446D80040F20001AB
:0446DC00C0F2000127
:0446E00040F20000A4
:0446E400C0F2000020
:0446E80001434FEA51
:0446EC007B0B8BEACF
:0446F000010BEFF3D8
:0446F400008303F04C
:0446F80060444FEAE1
:0446FC007B0B8BEABF
:04470000040B4AF666
:04470400AA21C5F22F
:04470800555140F2D5
:04470C000000C5F2F2
:04471000005051EA1A
:0447140010214FEA37
:044718007B0B8BEAA2
:04471C00010BEFF3AB
:04472000008303F01F
:0447240060444FEAB4
:044728007B0B8BEA92
:04472C00040B9CEAF4
:044730000B0C4AF62E
:04473400AA2BCAF6EC
:04473800AA2B40F276
:04473C00000A4FF62A
:04474000FF70CFF641
:04474400FF7080F092
:04474800000A4FEA2A
:04474C007B0B8BEA6E
:044750000A0B40F61A
:04475400BC20CFF6C0
:04475800007080F07D
:04475C00FF2A4FEAF7
:044760007B0B8BEA5A
:044764000A0B4FF2FB
:044768004350CFF6F5
:04476C00007080F069
:04477000FF1A4FEAF3
:044774007B0B8BEA46
:044778000A0B9CEAA2
:04477C000B0C4AF6E2
:04478000AA2BCAF6A0
:04478400AA2B40F22A
:04478800000080F3BA
:04478C0000884AF661
:04479000AA20CAF69B
:04479400AA2090F0D7
:0447980055314FEA5E
:04479C007B0B8BEA1E
:0447A000010BEFF327
:0447A400008303F09B
:0447A80060444FEA30
:0447AC007B0B8BEA0E
:0447B000040B4FF6B1
:0447B400FF70CFF6CD
:0447B800FF7090F00E
:0447BC00FF314FEA90
:0447C0007B0B8BEAFA
:0447C400010BEFF303
:0447C800008303F077
:0447CC0060444FEA0C
:0447D0007B0B8BEAEA
:0447D400040B45F29B
:0447D8005550C5F281
:0447DC00555090F0B4
:0447E000AA314FEAC1
:0447E4007B0B8BEAD6
:0447E800010BEFF3DF
:0447EC00008303F053
:0447F00060444FEAE8
:0447F4007B0B8BEAC6
:0447F800040B9CEA28
:0447FC000B0C4AF662
:04480000AA2BCAF61F
:04480400AA2B40F2A9
:04480800000080F339
:04480C0000884FF6DB
:04481000FF73CFF66D
:04481400FF734FF6E9
:04481800FF70CFF668
:04481C00FF7093EAAC
:0448200000024FEA59
:044824007B0B8BEA95
:04482800020BEFF39D
:04482C00008404F010
:0448300060444FEAA7
:044834007B0B8BEA85
:04483800040B40F23B
:04483C000000CFF2B7
:04484000000093EAF7
:0448440000124FEA25
:044848007B0B8BEA71
:04484C00020BEFF379
:04485000008404F0EC
:0448540060444FEA83
:044858007B0B8BEA61
:04485C00040B4CF20B
:04486000EE40C5F26F
:04486400484040F296
:044868000003C0F297
:04486C00000393EAC8
:0448700000224FEAE9
:044874007B0B8BEA45
:04487800020BEFF34D
:04487C00008404F0C0
:0448800060444FEA57
:044884007B0B8BEA35
:04488800040B40F2EB
:04488C000000C0F276
:04489000000040F2F2
:044894000003C0F26B
:04489800000393EA9C
:04489C0000424FEA9D
:0448A0007B0B8BEA19
:0448A400020BEFF321
:0448A800008404F094
:0448AC0060444FEA2B
:0448B0007B0B8BEA09
:0448B400040B9CEA6B
:0448B8000B0C4AF6A5
:0448BC00AA2BCAF663
:0448C000AA2B40F2ED
:0448C400AB04C0F28F
:0448C800AB0464F0E9
:0448CC0000034FEAAC
:0448D0007B0B8BEAE9
:0448D400030B4FF68D
:0448D8005474CFF64F
:0448DC00547464F0BC
:0448E00000034FEA98
:0448E4007B0B8BEAD5
:0448E800030B40F28C
:0448EC000004C0F212
:0448F000000464F06C
:0448F400FF334FEA55
:0448F8007B0B8BEAC1
:0448FC00030B9CEA24
:044900000B0C4AF65C
:04490400AA2BCAF61A
:04490800AA2B40F2A4
:04490C000003C0F2F2
:04491000000345F269
:044914005551C5F242
:04491800555163EAA8
:04491C0001144FEA49
:044920007B0B8BEA98
:04492400040B4FF63B
:04492800FF73CFF654
:04492C00FF734AF6D5
:04493000AA21CAF6F8
:04493400AA2163EA67
:0449380001444FEAFD
:04493C007B0B8BEA7C
:04494000040B4FF61F
:04494400FF73CFF638
:04494800FF7345F2C2
:04494C005551C5F20A
:04495000555163EA70
:0449540001044FEA21
:044958007B0B8BEA60
:04495C00040B9CEAC2
:044960000B0C4AF6FC
:04496400AA2BCAF6BA
:04496800AA2B40F244
:04496C00000080F3D4
:0449700000884FF676
:04497400FF71CFF60A
:04497800FF7140F299
:04497C00AB03C0F2D7
:04498000AB0373EA28
:0449840001254FEAD0
:044988007B0B8BEA30
:04498C00050BEFF335
:04499000008404F0AB
:0449940060444FEA42
:044998007B0B8BEA20
:04499C00040B4FF6C3
:0449A0005473CFF687
:0449A40054734FF603
:0449A800FF71CFF6D6
:0449AC00FF7173EA3A
:0449B00001454FEA84
:0449B4007B0B8BEA04
:0449B800050BEFF309
:0449BC00008404F07F
:0449C00060444FEA16
:0449C4007B0B8BEAF4
:0449C800040B40F2AA
:0449CC0000034FF69F
:0449D000FF71CFF6AE
:0449D400FF7173EA12
:0449D80001054FEA9C
:0449DC007B0B8BEADC
:0449E000050BEFF3E1
:0449E400008404F057
:0449E80060444FEAEE
:0449EC007B0B8BEACC
:0449F000040B9CEA2E
:0449F4000B0C4AF668
:0449F800AA2BCAF626
:0449FC00AA2B40F2B0
:044A0000000080F33F
:044A040000884AF6E6
:044A0800AA23CAF61D
:044A0C00AA2373F076
:044A100055364FEADE
:044A14007B0B8BEAA3
:044A1800060BEFF3A7
:044A1C00008404F01E
:044A200060444FEAB5
:044A24007B0B8BEA93
:044A2800040B45F244
:044A2C005553C5F227
:044A3000555373F077
:044A3400AA364FEA65
:044A38007B0B8BEA7F
:044A3C00060BEFF383
:044A4000008404F0FA
:044A440060444FEA91
:044A48007B0B8BEA6F
:044A4C00040B40F225
:044A50000003C0F2AD
:044A5400000373F0F8
:044A5800FF364FEAEC
:044A5C007B0B8BEA5B
:044A6000060BEFF35F
:044A6400008404F0D6
:044A680060444FEA6D
:044A6C007B0B8BEA4B
:044A7000040B9CEAAD
:044A74000B0C4AF6E7
:044A7800AA2BCAF6A5
:044A7C00AA2B40F22F
:044A8000000840F2F8
:044A8400000940F2F3
:044A8800000080F3B7
:044A8C000088EFF3BC
:044A9000008800BFDB
:044A9400EFF30089B3
:044A980089EA080897
:044A9C004FEA7B0B57
:044AA00088EA0B0B8A
:044AA4009CEA0B0C71
:044AA8004AF6AA2BF5
:044AAC00CAF6AA2B71
:044AB00040F20000D0
:044AB40040F20001CB
:044AB800B1FA81F0DE
:044ABC004FEA7B0B37
:044AC0008BEA000B72
:044AC4004FF28A2102
:044AC800C0F29D316A
:044ACC00B1FA81F0CA
:044AD0004FEA7B0B23
:044AD4008BEA000B5E
:044AD8004FF6FF7125
:044ADC00CFF6FF71A1
:044AE000B1FA81F0B6
:044AE4004FEA7B0B0F
:044AE8008BEA000B4A
:044AEC009CEA0B0C29
:044AF0004AF6AA2BAD
:044AF400CAF6AA2B29
:044AF80040F2000088
:044AFC0080F30088BB
:044B00004AF6AA2A9D
:044B0400CAF6AA2A19
:044B080040F200096E
:044B0C0019EB0A6F28
:044B1000EFF300833C
:044B140003F07043F7
:044B18004FEA7B0BDA
:044B1C008BEA030B12
:044B20004FF6FF7AD3
:044B2400CFF6FF7A4F
:044B28004FF6FF79CC
:044B2C00CFF6FF7948
:044B30001AEB391F24
:044B3400EFF3008318
:044B380003F07043D3
:044B3C004FEA7B0BB6
:044B40008BEA030BEE
:044B44004FF6FF7AAF
:044B4800C7F6FF7A33
:044B4C004FF6FF79A8
:044B5000C7F6FF792C
:044B540019EB0A0F40
:044B5800EFF30083F4
:044B5C0003F07043AF
:044B60004FEA7B0B92
:044B64008BEA030BCA
:044B680040F2000A0D
:044B6C00C8F2000A81
:044B700040F2000906
:044B7400C0F2000982
:044B780019EB4A0FDC
:044B7C00EFF30083D0
:044B800003F070438B
:044B84004FEA7B0B6E
:044B88008BEA030BA6
:044B8C009CEA0B0C88
:044B90004AF6AA2B0C
:044B9400CAF6AA2B88
:044B98004FF6FF7263
:044B9C00CFF6FF72DF
:044BA0004FF6FF7657
:044BA400CFF6FF76D3
:044BA8004FF6FF794C
:044BAC00CFF6FF79C8
:044BB00040F20000CF
:044BB40080F3008802
:044BB80040F218218E
:044BBC00CFF6FF71C0
:044BC00001F30F02EC
:044BC4004FEA7B0B2E
:044BC8008BEA020B67
:044BCC00EFF300847F
:044BD00004F0006489
:044BD4004FEA7B0B1E
:044BD8008BEA040B55
:044BDC004FF2BE6571
:044BE000C0F2060514
:044BE40080F30088D2
:044BE80025F3930618
:044BEC004FEA7B0B06
:044BF0008BEA060B3B
:044BF400EFF3008457
:044BF80004F0006461
:044BFC004FEA7B0BF6
:044C00008BEA040B2C
:044C04009CEA0B0C0F
:044C08004AF6AA2B93
:044C0C00CAF6AA2B0F
:044C10004FF6FF72EA
:044C1400CFF6FF7266
:044C18004FF6FF76DE
:044C1C00CFF6FF765A
:044C20004FF6FF79D3
:044C2400CFF6FF794F
:044C280040F2000056
:044C2C0080F3008889
:044C300040F2182115
:044C3400CFF6FF7147
:044C380081F31002F2
:044C3C004FEA7B0BB5
:044C40008BEA020BEE
:044C4400EFF3008406
:044C480004F0006410
:044C4C004FEA7B0BA5
:044C50008BEA040BDC
:044C54004FF2BE65F8
:044C5800C0F206059B
:044C5C0080F3008859
:044C6000A5F396061C
:044C64004FEA7B0B8D
:044C68008BEA060BC2
:044C6C00EFF30084DE
:044C700004F00064E8
:044C74004FEA7B0B7D
:044C78008BEA040BB4
:044C7C009CEA0B0C97
:044C80004AF6AA2B1B
:044C8400CAF6AA2B97
:044C880040F20000F6
:044C8C0080F3008829
:044C90004FF00009D8
:044C940019F1000F03
:044C9800EFF30083B3
:044C9C0003F070436E
:044CA0004FEA7B0B51
:044CA4008BEA030B89
:044CA8004FF6FF794B
:044CAC00CFF6FF79C7
:044CB00019F1FF2FC8
:044CB400EFF3008397
:044CB80003F0704352
:044CBC004FEA7B0B35
:044CC0008BEA030B6D
:044CC4004FF6FF792F
:044CC800C7F6FF79B3
:044CCC0019F1010FCA
:044CD000EFF300837B
:044CD40003F0704336
:044CD8004FEA7B0B19
:044CDC008BEA030B51
:044CE0009CEA0B0C33
:044CE4004CF2944BAF
:044CE800C7F6E43BEC
:044CEC0001BCFEF712
:044CF00017FC5DF858
:044CF40004ABBDE868
:044CF800FE1F5DF846
:044CFC0004EB70470E
:044D000000B5FEF705
:044D04003DFC07F07B
:044D0800A1F84AF6CE
:044D0C00AA2BCAF60E
:044D1000AA2B4AF68A
:044D1400AA20CAF611
:044D1800AA2080F35A
:044D1C00008802EB1E
:044D2000030101EB9F
:044D24000302EFF3A4
:044D280000894FEAC5
:044D2C007B0B8BEA88
:044D3000090B45F234
:044D34005550C5F21F
:044D3800555080F35F
:044D3C00008802EBFE
:044D4000030101EB7F
:044D44000302EFF384
:044D480000894FEAA5
:044D4C007B0B8BEA68
:044D5000090B9CEAC5
:044D54000B0C4AF604
:044D5800AA2BCAF6C2
:044D5C00AA2B4CF63C
:044D6000CC40CCF681
:044D6400CC400146F8
:044D680002460346B6
:044D6C0004460546AE
:044D700006460746A6
:044D740080468146AE
:044D7800824643F23A
:044D7C003330C3F21B
:044D80003330014685
:044D84004FEA7B0B6C
:044D88008BEA010BA6
:044D8C004CF6CC40D5
:044D9000CCF6CC4051
:044D940043F2333182
:044D9800C3F23331FE
:044D9C0008464FEA8C
:044DA0007B0B8BEA14
:044DA400000B4CF6BE
:044DA800CC41CCF638
:044DAC00CC4143F2C1
:044DB0003331C3F2E6
:044DB40033310A4647
:044DB8004FEA7B0B38
:044DBC008BEA020B71
:044DC0004CF6CC429F
:044DC400CCF6CC421B
:044DC80043F233314E
:044DCC00C3F23331CA
:044DD0000B464FEA55
:044DD4007B0B8BEAE0
:044DD800030B4CF687
:044DDC00CC43CCF602
:044DE000CC4343F28B
:044DE4003331C3F2B2
:044DE80033310C4611
:044DEC004FEA7B0B04
:044DF0008BEA040B3B
:044DF4004CF6CC4469
:044DF800CCF6CC44E5
:044DFC0043F233311A
:044E0000C3F2333195
:044E04000D464FEA1E
:044E08007B0B8BEAAB
:044E0C00050B4CF650
:044E1000CC45CCF6CB
:044E1400CC4543F254
:044E18003331C3F27D
:044E1C0033310E46DA
:044E20004FEA7B0BCF
:044E24008BEA060B04
:044E28004CF6CC4632
:044E2C00CCF6CC46AE
:044E300043F23331E5
:044E3400C3F2333161
:044E38000F464FEAE8
:044E3C007B0B8BEA77
:044E4000070B4CF61A
:044E4400CC47CCF695
:044E4800CC4743F21E
:044E4C003331C3F249
:044E5000333188462C
:044E54004FEA7B0B9B
:044E58008BEA080BCE
:044E5C004CF6CC48FC
:044E6000CCF6CC4878
:044E640043F23331B1
:044E6800C3F233312D
:044E6C0089464FEA3A
:044E70007B0B8BEA43
:044E7400090B4CF6E4
:044E7800CC49CCF65F
:044E7C00CC4943F2E8
:044E80003331C3F215
:044E840033318A46F6
:044E88004FEA7B0B67
:044E8C008BEA0A0B98
:044E90004CF6CC4AC6
:044E9400CCF6CC4A42
:044E98005D4643F23E
:044E9C003331C3F2F9
:044EA00033318B46D9
:044EA4004FEA750557
:044EA80085EA0B0587
:044EAC00AB46654666
:044EB00043F2333165
:044EB400C3F23331E1
:044EB8008C464FEAEB
:044EBC007B0B8BEAF7
:044EC0000C0BAC46E5
:044EC4008CEA0B0C5D
:044EC8004AF6AA2BD1
:044ECC00CAF6AA2B4D
:044ED00043F2333046
:044ED400C3F23330C2
:044ED8000146024647
:044EDC00034604463F
:044EE0000546064637
:044EE40007468046B7
:044EE8008146824637
:044EEC004CF6CC4074
:044EF000CCF6CC40F0
:044EF40001464FEA3A
:044EF8007B0B8BEABB
:044EFC00010B43F271
:044F00003330C3F295
:044F040033304CF604
:044F0800CC41CCF6D6
:044F0C00CC41084646
:044F10004FEA7B0BDE
:044F14008BEA000B19
:044F180043F23331FC
:044F1C00C3F2333178
:044F20004CF6CC413E
:044F2400CCF6CC41BA
:044F28000A464FEAFC
:044F2C007B0B8BEA86
:044F3000020B43F23B
:044F34003332C3F25F
:044F380033324CF6CE
:044F3C00CC41CCF6A2
:044F4000CC410B460F
:044F44004FEA7B0BAA
:044F48008BEA030BE2
:044F4C0043F23333C6
:044F5000C3F2333342
:044F54004CF6CC410A
:044F5800CCF6CC4186
:044F5C000C464FEAC6
:044F60007B0B8BEA52
:044F6400040B43F205
:044F68003334C3F229
:044F6C0033344CF698
:044F7000CC41CCF66E
:044F7400CC410D46D9
:044F78004FEA7B0B76
:044F7C008BEA050BAC
:044F800043F2333590
:044F8400C3F233350C
:044F88004CF6CC41D6
:044F8C00CCF6CC4152
:044F90000E464FEA90
:044F94007B0B8BEA1E
:044F9800060B43F2CF
:044F9C003336C3F2F3
:044FA00033364CF662
:044FA400CC41CCF63A
:044FA800CC410F46A3
:044FAC004FEA7B0B42
:044FB0008BEA070B76
:044FB40043F233375A
:044FB800C3F23337D6
:044FBC004CF6CC41A2
:044FC000CCF6CC411E
:044FC40088464FEAE2
:044FC8007B0B8BEAEA
:044FCC00080B43F299
:044FD0003338C3F2BD
:044FD40033384CF62C
:044FD800CC41CCF606
:044FDC00CC418946F5
:044FE0004FEA7B0B0E
:044FE4008BEA090B40
:044FE80043F2333924
:044FEC00C3F23339A0
:044FF0004CF6CC416E
:044FF400CCF6CC41EA
:044FF8008A464FEAAC
:044FFC007B0B8BEAB6
:045000000A0B43F262
:04500400333AC3F286
:04500800333A5D4694
:04500C004CF6CC4151
:04501000CCF6CC41CD
:045014008B464FEA8E
:04501800750585EAAB
:04501C000B05AB468F
:0450200065464CF69F
:04502400CC41CCF6B9
:04502800CC418C46A5
:04502C004FEA7B0BC1
:045030008BEA0C0BF0
:04503400AC468CEA10
:045038000B0C4AF61D
:04503C00AA2BCAF6DB
:04504000AA2BEFF3B5
:0450440013894DF887
:04504800049D71B69C
:04504C00EFF30984F1
:0450500045F2545180
:04505400C5F25551FB
:0450580081F309884F
:04505C004AF6A82246
:04506000CAF6AA22C0
:045064000E46EFF312
:0450680009834FEA7F
:04506C007B0B8BEA45
:04507000030B82F3B9
:04507400098835462C
:045078003E46EFF3CE
:04507C0009834FEA6B
:045080007B0B8BEA31
:04508400030B84F3A3
:0450880009885DF83E
:04508C00049B89F305
:0450900013888CEA0B
:045094000B0C4AF6C1
:04509800AA2BCAF67F
:04509C00AA2BEFF359
:0450A00013894DF82B
:0450A400049D71B640
:0450A800EFF3088496
:0450AC0045F2545124
:0450B000C5F255519F
:0450B40081F30888F4
:0450B8004AF6A822EA
:0450BC00CAF6AA2264
:0450C0003E46EFF386
:0450C40008834FEA24
:0450C8007B0B8BEAE9
:0450CC00030B82F35D
:0450D00008883546D1
:0450D4004746EFF369
:0450D80008834FEA10
:0450DC007B0B8BEAD5
:0450E000030B84F347
:0450E40008885DF8E3
:0450E800049B89F3A9
:0450EC0013888CEAAF
:0450F0000B0C4AF665
:0450F400AA2BCAF623
:0450F800AA2BEFF3FD
:0450FC0013894DF8CF
:04510000049D71B6E3
:0451040074464AF6AD
:04510800AA22CAF617
:04510C00AA2245F29C
:045110005551C5F23E
:0451140055518E461D
:04511800354647468B
:04511C0073464FEA9D
:045120007B0B8BEA90
:04512400030B96469D
:04512800354647467B
:04512C0073464FEA8D
:045130007B0B8BEA80
:04513400030BA6467D
:045138005DF8049B7F
:04513C0089F3138858
:045140008CEA0B0CDE
:045144004AF6AA2B52
:04514800CAF6AA2BCE
:04514C00EFF31389E1
:045150004DF8049D75
:0451540071B6EFF34E
:04515800008440F29D
:04515C000001C5F297
:04516000000181F3D6
:045164000088EFF3DD
:0451680000834FEA87
:04516C007B0B8BEA44
:04517000030B40F2FB
:045174000002CAF675
:04517800000282F3BC
:04517C000088EFF3C5
:0451800000834FEA6F
:045184007B0B8BEA2C
:04518800030B84F39E
:04518C0000885DF842
:04519000049B89F300
:0451940013888CEA06
:045198000B0C4AF6BC
:04519C00AA2BCAF67A
:0451A000AA2BEFF354
:0451A40013894DF826
:0451A800049D71B63B
:0451AC00EFF3118488
:0451B0004FF6FF7146
:0451B400CFF6FF71C2
:0451B80081F31188E6
:0451BC00EFF3118379
:0451C0004FF0F001BB
:0451C40083EA010376
:0451C8004FEA7B0B24
:0451CC008BEA030B5C
:0451D00040F20002A7
:0451D40082F31188C9
:0451D800EFF311835D
:0451DC004FEA7B0B10
:0451E0008BEA030B48
:0451E40084F31188B7
:0451E8005DF8049BCF
:0451EC0089F31388A8
:0451F0008CEA0B0C2E
:0451F4004AF6AA2BA2
:0451F800CAF6AA2B1E
:0451FC00EFF3138931
:045200004DF8049DC4
:0452040071B6EFF39D
:0452080014844FF6C5
:04520C00FE71CFF66A
:04521000FF7181F3B6
:045214001488EFF318
:0452180014834FF0BC
:04521C00060183EA1A
:0452200001034FEA4D
:045224007B0B8BEA8B
:04522800030B40F242
:04522C00000282F307
:045230001488EFF3FC
:0452340014834FEAA6
:045238007B0B8BEA77
:04523C00030B84F3E9
:0452400014885DF879
:04524400049B89F34B
:0452480013888CEA51
:04524C000B0C4AF607
:04525000AA2BCAF6C5
:04525400AA2BEFF39F
:0452580013894DF871
:04525C00049D71B686
:04526000DF480168BA
:0452640002B44FF051
:04526800FF30DD49ED
:04526C0008604FF097
:04527000000001EB4E
:0452740002000A68C2
:0452780040F20731C8
:04527C0082EA0102BF
:045280004FEA7B0B6B
:045284008BEA020BA4
:045288004FF00000E3
:04528C00D449086099
:045290004FF00000DB
:0452940001EB020028
:045298000A684FEA67
:04529C007B0B8BEA13
:0452A000020B08BC39
:0452A400CE490B6084
:0452A8005DF8049B0E
:0452AC0089F31388E7
:0452B0008CEA0B0C6D
:0452B4004AF6AA2BE1
:0452B800CAF6AA2B5D
:0452BC00EFF3138970
:0452C0004DF8049D04
:0452C40071B6C748B0
:0452C800016802B4C3
:0452CC004FF0FF3070
:0452D000C449086065
:0452D4004FF0000097
:0452D80001EB0200E4
:0452DC000A684FEA23
:0452E0007B0B8BEACF
:0452E400020B4FF07A
:0452E8000000BE49BB
:0452EC0008604FF017
:0452F000000001EBCE
:0452F40002000A6842
:0452F8004FEA7B0BF3
:0452FC008BEA020B2C
:0453000008BCB849E4
:045304000B605DF8E5
:04530800049B89F386
:04530C0013888CEA8C
:045310000B0C4AF642
:04531400AA2BCAF600
:04531800AA2BEFF3DA
:04531C0013894DF8AC
:04532000049D71B6C1
:04532400B048016824
:0453280002B440F299
:04532C000070C0F25B
:04533000FA50AD4939
:0453340008604FF0CE
:04533800000001EB85
:04533C0002000A68F9
:04534000AA4B82EA08
:0453440003024FEA27
:045348007B0B8BEA66
:04534C00020B40F21E
:045350000000C0F2A7
:04535400FA50A4491E
:0453580008604FF0AA
:04535C00000001EB61
:0453600002000A68D5
:04536400A24B82EAEC
:0453680003024FEA03
:04536C007B0B8BEA42
:04537000020B08BC68
:04537400C0F2FA5336
:045378009B490B60E2
:04537C005DF8049B39
:0453800089F3138812
:045384008CEA0B0C98
:045388004AF6AA2B0C
:04538C00CAF6AA2B88
:04539000EFF313899B
:045394004DF8049D2F
:0453980071B696480C
:04539C00016802B4EE
:0453A0004FF0FF309B
:0453A40093490860C1
:0453A8004FF00000C2
:0453AC0001EB02000F
:0453B0000A684FEA4E
:0453B4007B0B8BEAFA
:0453B800020B4FF0A5
:0453BC0000008D4917
:0453C00008604FF042
:0453C400000001EBF9
:0453C80002000A686D
:0453CC004FEA7B0B1E
:0453D0008BEA020B57
:0453D40008BC874941
:0453D8000B605DF811
:0453DC00049B89F3B2
:0453E00013888CEAB8
:0453E4000B0C4AF66E
:0453E800AA2BCAF62C
:0453EC00AA2BEFF306
:0453F00013894DF8D8
:0453F400049D71B6ED
:0453F8007F48016881
:0453FC0002B44FF0B8
:04540000FF307D49B3
:0454040008604FF0FD
:04540800000001EBB4
:04540C0002000A6828
:045410004FEA7B0BD9
:045414008BEA020B12
:045418004FF0000051
:04541C007649086065
:045420004FF0000049
:0454240001EB020096
:045428000A684FEAD5
:04542C007B0B8BEA81
:04543000020B08BCA7
:0454340070490B6050
:045438005DF8049B7C
:04543C0089F3138855
:045440008CEA0B0CDB
:045444004AF6AA2B4F
:04544800CAF6AA2BCB
:04544C00EFF31389DE
:045450004DF8049D72
:0454540071B669487C
:04545800016802B431
:04545C004FF0FF30DE
:045460006649086031
:045464004FF0000005
:0454680001EB020052
:04546C000A6864491D
:0454700082EA0102C9
:045474004FEA7B0B75
:045478008BEA020BAE
:04547C004FF00000ED
:045480005E49086019
:045484004FF00000E5
:0454880001EB020032
:04548C000A684FEA71
:045490007B0B8BEA1D
:04549400020B08BC43
:0454980058490B6004
:04549C005DF8049B18
:0454A00089F31388F1
:0454A400EFF3138986
:0454A8004DF8049D1A
:0454AC0071B6554838
:0454B000016802B4D9
:0454B4004FF0FF3086
:0454B80052490860ED
:0454BC004FF00000AD
:0454C00001EB0200FA
:0454C4000A684FF033
:0454C800704182EAC3
:0454CC0001024FEAA0
:0454D0007B0B8BEADD
:0454D400020B4FF088
:0454D80000004A493D
:0454DC0008604FF025
:0454E000000001EBDC
:0454E40002000A6850
:0454E8004FEA7B0B01
:0454EC008BEA020B3A
:0454F00008BC444967
:0454F4000B605DF8F4
:0454F800049B89F395
:0454FC001388EFF32F
:0455000013894DF8C6
:04550400049D71B6DB
:045508003F480168AF
:04550C0002B44FF0A6
:04551000FF303D49E2
:0455140008604FF0EC
:04551800000001EBA3
:04551C0002000A6817
:045520003A4982EA98
:0455240001024FEA47
:045528007B0B8BEA84
:04552C00020B4FF02F
:0455300000003549F9
:0455340008604FF0CC
:04553800000001EB83
:04553C0002000A68F7
:045540004FEA7B0BA8
:045544008BEA020BE1
:0455480008BC2F4923
:04554C000B605DF89B
:04555000049B89F33C
:0455540013888CEA42
:045558000B0C4AF6F8
:04555C00AA2BCAF6B6
:04556000AA2BEFF390
:0455640013894DF862
:04556800049D71B677
:04556C002848016862
:0455700002B44FF63C
:045574008B50C0F2A6
:04557800070040F2F6
:04557C0000022449BC
:045580000A604FF07E
:04558400000301EB34
:0455880002030A68A8
:04558C0002EA00022D
:045590004FEA7B0B58
:045594008BEA020B91
:045598001D49086041
:04559C004FF00003C9
:0455A00001EB020316
:0455A4000A6802EAA5
:0455A80000024FEAC4
:0455AC007B0B8BEA00
:0455B000020B08BC26
:0455B40016490B6029
:0455B8005DF8049BFB
:0455BC0089F31388D4
:0455C0008CEA0B0C5A
:0455C40045F2986BA9
:0455C800C2F6AD6B0F
:0455CC0001BCFDF72A
:0455D000A7FF5DF8DC
:0455D40004ABBDE87F
:0455D800FE1F5DF85D
:0455DC0004EB704725
:0455E00008E000E0FF
:0455E40008ED00E0EE
:0455E8000CED00E0E6
:0455EC00000705FAB5
:0455F000000005FAB8
:0455F40010ED00E0D6
:0455F80014ED00E0CE
:0455FC0018ED00E0C6
:04560000F0F0F000D6
:045604001CED00E0B9
:0456080020ED00E0B1
:04560C00F000F0F0CA
:0456100024ED00E0A5
:0456140000B5FDF7E9
:04561800D9FF06F0C0
:04561C0017FC4AF637
:04562000AA2BCAF6F1
:04562400AA2B08BCE9
:0456280004BC154663
:04562C0004B408B406
:04563000F5E8023463
:0456340093FBF4F3FD
:045638004FEA7B0BAF
:04563C008BEA030BE7
:045640002F68002FA0
:04564400F4D19CEA17
:045648000B0C4AF607
:04564C00AA2BCAF6C5
:04565000AA2B4AF641
:04565400AA23CAF6C5
:04565800AA2345F24A
:04565C005554C5F2EA
:045660005554B3FBEF
:04566400F4F34FEA22
:045668007B0B8BEA43
:04566C00030B4FF0ED
:045670000003B3FB85
:04567400F4F383EADE
:045678000B0B4FEADF
:04567C007B0B45F26D
:045680005553C5F2C7
:0456840055534AF63A
:04568800AA24CAF690
:04568C00AA24B3FB9E
:04569000F4F34FEAF6
:045694007B0B8BEA17
:04569800030B9CEA7A
:04569C000B0C4AF6B3
:0456A000AA2BCAF671
:0456A400AA2B40F2FB
:0456A800000080F38B
:0456AC00008845F23B
:0456B0005550CFF68C
:0456B400FF70410042
:0456B800EFF3008389
:0456BC0003F0604354
:0456C0004FEA7B0B27
:0456C4008BEA030B5F
:0456C8004FEA7B0B1F
:0456CC008BEA010B59
:0456D0004FF0000097
:0456D4000109EFF3E6
:0456D800008303F058
:0456DC0060434FEAEE
:0456E0007B0B8BEACB
:0456E400030B4FEA7B
:0456E8007B0B8BEAC3
:0456EC00010B7FF03F
:0456F000FF11EFF3C4
:0456F400008303F03C
:0456F80060434FEAD2
:0456FC007B0B8BEAAF
:04570000030B4FEA5E
:045704007B0B8BEAA6
:04570800010B7FF022
:04570C00FF31EFF387
:04571000008303F01F
:0457140060434FEAB5
:045718007B0B8BEA92
:04571C00030B4FEA42
:045720007B0B8BEA8A
:04572400010B45F23E
:045728005550C0F226
:04572C0000007FEA10
:045730005001EFF342
:04573400008303F0FB
:0457380060434FEA91
:04573C007B0B8BEA6E
:04574000030B4FEA1E
:045744007B0B8BEA66
:04574800010B4FF60C
:04574C00FF70CFF625
:04575000FF70C143E2
:04575400EFF30083EC
:0457580003F06043B7
:04575C004FEA7B0B8A
:045760008BEA030BC2
:045764004FEA7B0B82
:045768008BEA010BBC
:04576C009CEA0B0C9C
:045770005DF804BB21
:0457740002BC01BCB6
:04577800FDF7D2FE69
:04577C005DF804AB25
:04578000BDE8F81F69
:045784005DF804EBDD
:04578800704700BFA7
:04578C000000000019
:0457900000B5FDF76C
:04579400F5FE06F028
:0457980059FB4AF679
:04579C00AA2BCAF674
:0457A000AA2B4BF6EF
:0457A400BE71CDF60F
:0457A8001D114CF68D
:0457AC00DE32CAF22D
:0457B000FB624AF25C
:0457B4007B53CBF266
:0457B80035234AF259
:0457BC00B574CDF201
:0457C000526449F6F0
:0457C4002515CBF6E6
:0457C8003B2540F24B
:0457CC000008684623
:0457D000ADF1040033
:0457D4004DF8048DFB
:0457D8004DF8048DF7
:0457DC004DF8048DF3
:0457E0004DF8048DEF
:0457E4004DF8048DEB
:0457E80040F8041968
:0457EC00028000F83F
:0457F000043D50F82C
:0457F400086F4FEA01
:0457F8007B0B8BEAB2
:0457FC00060B078809
:045800004FEA7B0BE5
:045804008BEA070B19
:04580800B0F9008073
:04580C004FEA7B0BD9
:045810008BEA080B0C
:0458140090F8009078
:045818004FEA7B0BCD
:04581C008BEA090BFF
:0458200010F904492E
:045824004FEA7B0BC1
:045828008BEA040BF8
:04582C0001684FEAD6
:045830007B0B8BEA79
:04583400010B50F81C
:04583800042D4FEA02
:04583C007B0B8BEA6D
:04584000020B50E91E
:0458440002344FEAF1
:045848007B0B8BEA61
:04584C00030B5DF8F5
:04585000048B5DF870
:04585400048B5DF86C
:04585800048B5DF868
:04585C00048B5DF864
:04586000048B8CEA3F
:045864000B0C4AF6E9
:04586800AA2BCAF6A7
:04586C00AA2B4BF622
:04587000BE71CDF642
:045874001D114CF6C0
:04587800DE32CAF260
:04587C00FB624AF28F
:045880007B53CBF299
:0458840035234AF28C
:04588800B574CDF234
:04588C00526449F623
:045890002515CBF619
:045894003B254FF66B
:04589800FC76CFF6D5
:04589C00FF764FF64E
:0458A000F477CFF6D4
:0458A400FF7740F258
:0458A8000008684646
:0458AC004DF8048D22
:0458B0004DF8048D1E
:0458B4004DF8048D1A
:0458B800815120F802
:0458BC001620C3559A
:0458C00084594FEACE
:0458C4007B0B8BEAE5
:0458C800040B855BED
:0458CC004FEA7B0B19
:0458D0008BEA050B4F
:0458D40030F9068021
:0458D8004FEA7B0B0D
:0458DC008BEA080B40
:0458E00010F8069026
:0458E4004FEA7B0B01
:0458E8008BEA090B33
:0458EC0083574FEAA5
:0458F0007B0B8BEAB9
:0458F400030B50F85A
:0458F80016104FEA4D
:0458FC007B0B8BEAAD
:04590000010BC2597C
:045904004FEA7B0BE0
:045908008BEA020B19
:04590C005DF8048BB3
:045910005DF8048BAF
:045914005DF8048BAB
:045918009CEA0B0CEE
:04591C004AF6AA2B72
:04592000CAF6AA2BEE
:045924004AF6AA2174
:04592800CAF6AA21F0
:04592C0045F2555299
:04593000C5F2555215
:045934004AF6AA2362
:04593800CAF6AA23DE
:04593C0044F2FC54E1
:04594000C8F24A342B
:0459440046F247558B
:04594800C7F6D405C5
:04594C004FF6FC76A0
:04595000CFF6FF7619
:045954004FF6F4779F
:04595800CFF6FF7710
:04595C0047F6D4092D
:04596000CAF2FB6923
:0459640040F2000805
:0459680068464DF848
:04596C00048D4DF861
:04597000048D4DF85D
:04597400048D8246D6
:04597800AAF1080A7E
:04597C004AF8001EC7
:045980002AF8042ECF
:04598400AAF1040A76
:045988000AF8003EDB
:04598C0084594FEA01
:045990007B0B8BEA18
:04599400040B855B20
:045998004FEA7B0B4C
:04599C008BEA050B82
:0459A00030F9068054
:0459A4004FEA7B0B40
:0459A8008BEA080B73
:0459AC0010F8069059
:0459B0004FEA7B0B34
:0459B4008BEA090B66
:0459B80083574FEAD8
:0459BC007B0B8BEAEC
:0459C000030B10E9DC
:0459C40006004FEAA0
:0459C8007B0B8BEAE0
:0459CC00010B4FEA92
:0459D0007B0B8BEAD8
:0459D400020B5DF86D
:0459D800048B5DF8E7
:0459DC00048B5DF8E3
:0459E000048B9CEAAE
:0459E4000B0C4AF668
:0459E800AA2BCAF626
:0459EC00AA2B45F2AB
:0459F000AA51CAF6F8
:0459F40055214AF6F9
:0459F8005522C5F27D
:0459FC00AA525B460A
:045A000006B468463A
:045A04008246D146BF
:045A08005AE8003F19
:045A0C004FEA7B0BD7
:045A10008BEA030B0F
:045A14004AE8002537
:045A18004FEA7B0BCB
:045A1C008BEA050B01
:045A20005AE8003F01
:045A24004FEA7B0BBF
:045A28008BEA030BF7
:045A2C00BFF32F8F06
:045A30004AE800152B
:045A34004FEA7B0BAF
:045A38008BEA050BE5
:045A3C00DAE84F3F16
:045A40004FEA7B0BA3
:045A44008BEA030BDB
:045A4800C9E8452F35
:045A4C004FEA7B0B97
:045A50008BEA050BCD
:045A5400DAE84F3FFE
:045A58004FEA7B0B8B
:045A5C008BEA030BC3
:045A6000BFF32F8FD2
:045A6400C9E8452F19
:045A68004FEA7B0B7B
:045A6C008BEA050BB1
:045A7000DAE85F3FD2
:045A74004FEA7B0B6F
:045A78008BEA030BA7
:045A7C00C9E8552FF1
:045A80004FEA7B0B63
:045A84008BEA050B99
:045A8800DAE85F3FBA
:045A8C004FEA7B0B57
:045A90008BEA030B8F
:045A9400BFF32F8F9E
:045A9800C9E8552FD5
:045A9C004FEA7B0B47
:045AA0008BEA050B7D
:045AA4000AF1040AF5
:045AA800D1465AE8A1
:045AAC00003F4FEA7E
:045AB0007B0B8BEAF7
:045AB400030B4AE8AE
:045AB80000254FEA8C
:045ABC007B0B8BEAEB
:045AC000050B5AE890
:045AC400003F4FEA66
:045AC8007B0B8BEADF
:045ACC00030BBFF316
:045AD0002F8F4AE8E2
:045AD40000154FEA80
:045AD8007B0B8BEACF
:045ADC00050BDAE8F4
:045AE0004F3F4FEAFB
:045AE4007B0B8BEAC3
:045AE800030BC9E8FB
:045AEC00452F4FEA09
:045AF0007B0B8BEAB7
:045AF400050BDAE8DC
:045AF8004F3F4FEAE3
:045AFC007B0B8BEAAB
:045B0000030BBFF3E1
:045B04002F8FC9E82E
:045B0800452F4FEAEC
:045B0C007B0B8BEA9A
:045B1000050BDAE8BF
:045B14005F3F4FEAB6
:045B18007B0B8BEA8E
:045B1C00030BC9E8C6
:045B2000552F4FEAC4
:045B24007B0B8BEA82
:045B2800050BDAE8A7
:045B2C005F3F4FEA9E
:045B30007B0B8BEA76
:045B3400030BBFF3AD
:045B38002F8FC9E8FA
:045B3C00552F4FEAA8
:045B40007B0B8BEA66
:045B4400050BBDE8A8
:045B480000039CEAD0
:045B4C000B0C00BF7F
:045B50004AF6AA2B3C
:045B5400CAF6AA2BB8
:045B580040F2000512
:045B5C005FF81030AE
:045B60005FF80840A2
:045B6400A4EB0305A6
:045B68004FEA7B0B7A
:045B6C008BEA050BB0
:045B70001FF82430C6
:045B74001FF81C40BA
:045B7800A4EB030592
:045B7C004FEA7B0B66
:045B80008BEA050B9C
:045B84001FF938309D
:045B88001FF9304091
:045B8C00A4EB03057E
:045B90004FEA7B0B52
:045B94008BEA050B88
:045B98003FF84C3056
:045B9C003FF844404A
:045BA000A4EB03056A
:045BA4004FEA7B0B3E
:045BA8008BEA050B74
:045BAC003FF960302D
:045BB0003FF9584021
:045BB400A4EB030556
:045BB8004FEA7B0B2A
:045BBC008BEA050B60
:045BC0009CEA0B0C44
:045BC4004AF6AA2BC8
:045BC800CAF6AA2B44
:045BCC004FF6FF7120
:045BD000CFF6FF719C
:045BD4006FF31F014B
:045BD8004FEA7B0B0A
:045BDC008BEA010B44
:045BE00040F200028D
:045BE400C0F2000209
:045BE8006FF3000255
:045BEC004FEA7B0BF6
:045BF0008BEA020B2F
:045BF4009CEA0B0C10
:045BF8004AF6AA2B94
:045BFC00CAF6AA2B10
:045C000040F200016D
:045C0400C0F20001E9
:045C080040F2000363
:045C0C00C0F20003DF
:045C100040F200045A
:045C1400C0F20004D6
:045C180040F2000551
:045C1C00C0F20005CD
:045C20004FF6FF72CA
:045C2400CFF6FF7246
:045C280062F31F0301
:045C2C004FEA7B0BB5
:045C30008BEA030BED
:045C340040F2000238
:045C3800CFF6FF7232
:045C3C0062F31044BB
:045C40004FEA7B0BA1
:045C44008BEA040BD8
:045C48004FF6FF72A2
:045C4C00C0F20002A0
:045C500062F30F05E7
:045C54004FEA7B0B8D
:045C58008BEA050BC3
:045C5C009CEA0B0CA7
:045C60004AF6AA2B2B
:045C6400CAF6AA2BA7
:045C680040F2000600
:045C6C00C0F200067C
:045C700040F20007F7
:045C7400C0F2000773
:045C78004AF6AA2816
:045C7C00CAF6AA2892
:045C800048F31F06C0
:045C84004FEA7B0B5D
:045C88008BEA060B92
:045C8C0045F2555434
:045C9000C5F25554B0
:045C940044F31F07AF
:045C98004FEA7B0B49
:045C9C008BEA070B7D
:045CA00040F20004CA
:045CA400CFF6FF74C4
:045CA80044F30F476B
:045CAC004FEA7B0B35
:045CB0008BEA070B69
:045CB4009CEA0B0C4F
:045CB8004AF6AA2BD3
:045CBC00CAF6AA2B4F
:045CC00040F20001AD
:045CC400C0F2000129
:045CC8004FF6FF7222
:045CCC00CFF6FF729E
:045CD000C2F31F01FB
:045CD4004FEA7B0B0D
:045CD8008BEA010B47
:045CDC00C2F30F21DF
:045CE0004FEA7B0B01
:045CE4008BEA010B3B
:045CE800C2F30741BB
:045CEC004FEA7B0BF5
:045CF0008BEA010B2F
:045CF4009CEA0B0C0F
:045CF8004AF6AA2B93
:045CFC00CAF6AA2B0F
:045D000040F200016C
:045D0400C0F20001E8
:045D080041F2122230
:045D0C00CAF6AB32F6
:045D100051B24FEA53
:045D14007B0B8BEA90
:045D1800010B4FFA32
:045D1C0092F14FEAC7
:045D20007B0B8BEA84
:045D2400010B4FFA26
:045D2800A2F14FEAAB
:045D2C007B0B8BEA78
:045D3000010B4FFA1A
:045D3400B2F14FEA8F
:045D38007B0B8BEA6C
:045D3C00010B40F225
:045D40000001C0F2AC
:045D440000014EF616
:045D4800ED52C5F261
:045D4C00544251B2BA
:045D50004FEA7B0B90
:045D54008BEA010BCA
:045D58004FFA92F17B
:045D5C004FEA7B0B84
:045D60008BEA010BBE
:045D64004FFAA2F15F
:045D68004FEA7B0B78
:045D6C008BEA010BB2
:045D70004FFAB2F143
:045D74004FEA7B0B6C
:045D78008BEA010BA6
:045D7C009CEA0B0C86
:045D80004AF6AA2B0A
:045D8400CAF6AA2B86
:045D880040F20008DD
:045D8C00C0F2000859
:045D900041F21229A1
:045D9400CAF6AB3967
:045D98000FFA89F87D
:045D9C004FEA7B0B44
:045DA0008BEA080B77
:045DA4000FFA99F861
:045DA8004FEA7B0B38
:045DAC008BEA080B6B
:045DB0000FFAA9F845
:045DB4004FEA7B0B2C
:045DB8008BEA080B5F
:045DBC000FFAB9F829
:045DC0004FEA7B0B20
:045DC4008BEA080B53
:045DC8004EF6ED594D
:045DCC00C5F254497F
:045DD0000FFA89F845
:045DD4004FEA7B0B0C
:045DD8008BEA080B3F
:045DDC000FFA99F829
:045DE0004FEA7B0B00
:045DE4008BEA080B33
:045DE8000FFAA9F80D
:045DEC004FEA7B0BF4
:045DF0008BEA080B27
:045DF4000FFAB9F8F1
:045DF8004FEA7B0BE8
:045DFC008BEA080B1B
:045E00009CEA0B0C01
:045E04004AF6AA2B85
:045E0800CAF6AA2B01
:045E0C0040F60E72DC
:045E1000C0F6057261
:045E1400D1B24FEACE
:045E18007B0B8BEA8B
:045E1C00010B5FFA1D
:045E200092F14FEAC2
:045E24007B0B8BEA7F
:045E2800010B5FFA11
:045E2C00A2F14FEAA6
:045E30007B0B8BEA73
:045E3400010B5FFA05
:045E3800B2F14FEA8A
:045E3C007B0B8BEA67
:045E4000010B4FF211
:045E4400F102CFF2A6
:045E4800FA02D1B2D7
:045E4C004FEA7B0B93
:045E50008BEA010BCD
:045E54005FFA92F16E
:045E58004FEA7B0B87
:045E5C008BEA010BC1
:045E60005FFAA2F152
:045E64004FEA7B0B7B
:045E68008BEA010BB5
:045E6C005FFAB2F136
:045E70004FEA7B0B6F
:045E74008BEA010BA9
:045E78009CEA0B0C89
:045E7C004AF6AA2B0D
:045E8000CAF6AA2B89
:045E84004FF6AE72B5
:045E8800CFF60572DA
:045E8C0091B24FEA96
:045E90007B0B8BEA13
:045E9400010B1FFAE5
:045E980092F14FEA4A
:045E9C007B0B8BEA07
:045EA000010B1FFAD9
:045EA400A2F14FEA2E
:045EA8007B0B8BEAFB
:045EAC00010B1FFACD
:045EB000B2F14FEA12
:045EB4007B0B8BEAEF
:045EB800010B40F2A8
:045EBC005102C0F2DD
:045EC000FA0291B29F
:045EC4004FEA7B0B1B
:045EC8008BEA010B55
:045ECC001FFA92F136
:045ED0004FEA7B0B0F
:045ED4008BEA010B49
:045ED8001FFAA2F11A
:045EDC004FEA7B0B03
:045EE0008BEA010B3D
:045EE4001FFAB2F1FE
:045EE8004FEA7B0BF7
:045EEC008BEA010B31
:045EF0009CEA0B0C11
:045EF4004AF6AA2B95
:045EF800CAF6AA2B11
:045EFC0046F6E17015
:045F0000CAF2094098
:045F040041F2B301B2
:045F0800C8F2C461B6
:045F0C006A4603B42A
:045F10009246AAF11A
:045F1400080ACAE9C4
:045F1800000100EB99
:045F1C00010201EB92
:045F20000004DAF8A7
:045F240000404FEA00
:045F28007B0B8BEA7A
:045F2C00040BDAF890
:045F300004504FEAE0
:045F34007B0B8BEA6E
:045F3800050B03BC96
:045F3C004AF2041011
:045F4000C8F6364029
:045F44004AF2EF111D
:045F4800C7F24061FB
:045F4C006A4607B4E6
:045F50009246AAF1DA
:045F54000C0AEAE960
:045F5800010100EB58
:045F5C00010201EB52
:045F60000004DAF867
:045F640000404FEAC0
:045F68007B0B8BEA3A
:045F6C00040BDAF850
:045F700004504FEAA0
:045F74007B0B8BEA2E
:045F7800050B07BC52
:045F7C004FF201607F
:045F8000C9F25340CF
:045F84004CF2635127
:045F8800CAF2041144
:045F8C006A4607B4A6
:045F90009246AAF19A
:045F94000C0AEAE821
:045F9800020100EB17
:045F9C00010201EB12
:045FA00000045AF8A7
:045FA400084C4FEA6C
:045FA8007B0B8BEAFA
:045FAC00040B5AF890
:045FB000045C4FEA54
:045FB4007B0B8BEAEE
:045FB800050B07BC12
:045FBC009CEA0B0C44
:045FC0004CF2F52B7F
:045FC400CDF62D6B7E
:045FC80001BCFDF724
:045FCC00A9FA5DF8D9
:045FD00004ABBDE879
:045FD400FE1F5DF857
:045FD80004EB70471F
:045FDC0000B5FDF718
:045FE000CFFA05F0FF
:045FE40033FF4AF647
:045FE800AA2BCAF620
:045FEC00AA2B40F2AA
:045FF000000740F274
:045FF400C005C0F232
:045FF8000F754FEAE8
:045FFC0005174FEA4C
:046000007B0B8BEAA1
:04600400070B4FF245
:046008007805CFF652
:04600C00DF754FEA03
:04601000C5774FEA17
:046014007B0B8BEA8D
:04601800070B4FF231
:04601C007805CFF63E
:04602000DF754FEAEF
:0460240005074FEA33
:046028007B0B8BEA79
:04602C00070B9CEAD8
:046030000B0C4AF615
:04603400AA2BCAF6D3
:04603800AA2B40F25D
:04603C00000840F226
:04604000000A4CF610
:04604400AC39CAF6B3
:04604800CF3929FA29
:04604C000AF84FEA15
:046050007B0B8BEA51
:04605400080B40F203
:04605800040A29FA13
:04605C000AF84FEA05
:046060007B0B8BEA41
:04606400080B40F2F3
:04606800200A29FAE7
:04606C000AF84FEAF5
:046070007B0B8BEA31
:04607400080B40F2E3
:04607800000845F2E5
:04607C007869C1F28C
:0460800034294FEA86
:0460840059084FEA7E
:046088007B0B8BEA19
:04608C00090B4FEAC3
:0460900019184FEAA2
:046094007B0B8BEA0D
:04609800080B4FEAB8
:04609C0019084FEAA6
:0460A0007B0B8BEA01
:0460A400080B9CEA5F
:0460A8000B0C4AF69D
:0460AC00AA2BCAF65B
:0460B000AA2B45F2E0
:0460B4005550C5F28C
:0460B800555040F20D
:0460BC000001C0F22D
:0460C000000100FAE1
:0460C40001F24FEAAC
:0460C8007B0B8BEAD9
:0460CC00020B45F28C
:0460D0005550C5F270
:0460D400555540F2EC
:0460D800010100FAC8
:0460DC0001F24FEA94
:0460E0007B0B8BEAC1
:0460E400020B4AF66B
:0460E800AA20C5F233
:0460EC00555540F2D4
:0460F000040100FAAD
:0460F40001F24FEA7C
:0460F8007B0B8BEAA9
:0460FC00020B45F25C
:046100005550CAF636
:04610400AA2040F29B
:04610800080100FA90
:04610C0001F24FEA63
:046110007B0B8BEA90
:04611400020B4AF23E
:04611800A550CAF2D2
:04611C00A55040F258
:04612000080100FA78
:0461240001F24FEA4B
:046128007B0B8BEA78
:04612C00020B45F627
:046130005A20C5F636
:046134005A2040F2BB
:04613800100100FA58
:04613C0001F24FEA33
:046140007B0B8BEA60
:04614400020B4FF605
:04614800FF70CFF61F
:04614C00FF7040F2AE
:04615000200100FA30
:0461540001F24FEA1B
:046158007B0B8BEA48
:04615C00020B9CEAAC
:046160000B0C4AF6E4
:04616400AA2BCAF6A2
:04616800AA2B40F22C
:04616C00000040F2FD
:046170000100C5F273
:04617400555145F24A
:04617800555111FA72
:04617C0000F24FEAF4
:046180007B0B8BEA20
:04618400020BEFF328
:04618800008404F09B
:04618C0060444FEA32
:046190007B0B8BEA10
:04619400040B4FF0B9
:0461980003004AF6C0
:04619C00AA21CAF674
:0461A000AA2111FA25
:0461A40000F24FEACC
:0461A8007B0B8BEAF8
:0461AC00020BEFF300
:0461B000008404F073
:0461B40060444FEA0A
:0461B8007B0B8BEAE8
:0461BC00040B4FF091
:0461C000200042F287
:0461C4000205C1F21D
:0461C800515515FA1E
:0461CC0000F24FEAA4
:0461D0007B0B8BEAD0
:0461D400020BEFF3D8
:0461D800008404F04B
:0461DC0060444FEAE2
:0461E0007B0B8BEAC0
:0461E400040B4FF069
:0461E80002004AF671
:0461EC00AA23CAF622
:0461F000AA2313FAD1
:0461F40000F24FEA7C
:0461F8007B0B8BEAA8
:0461FC00020BEFF3B0
:04620000008404F022
:0462040060444FEAB9
:046208007B0B8BEA97
:04620C00040B9CEAF9
:046210000B0C4AF633
:04621400AA2BCAF6F1
:04621800AA2B4AF66D
:04621C00AA20CAF6F4
:04622000AA20C100EF
:046224004FEA7B0BB7
:046228008BEA010BF1
:04622C00EFF3008408
:0462300004F06044D2
:046234004FEA7B0BA7
:046238008BEA040BDE
:04623C0045F2555082
:0462400045F255507E
:0462440001014FEA1B
:046248007B0B8BEA57
:04624C00010BEFF360
:04625000008404F0D2
:0462540060444FEA69
:046258007B0B8BEA47
:04625C00040BC10767
:046260004FEA7B0B7B
:046264008BEA010BB5
:04626800EFF30084CC
:04626C0004F0604496
:046270004FEA7B0B6B
:046274008BEA040BA2
:046278004FF6FF726C
:04627C004FF6FF7268
:04628000D1074FEA09
:046284007B0B8BEA1B
:04628800010BEFF324
:04628C00008404F096
:0462900060444FEA2D
:046294007B0B8BEA0B
:04629800040B40F2C1
:04629C00000040F2CC
:0462A00000004101B8
:0462A4004FEA7B0B37
:0462A8008BEA010B71
:0462AC00EFF3008488
:0462B00004F0604452
:0462B4004FEA7B0B27
:0462B8008BEA040B5E
:0462BC009CEA0B0C41
:0462C0004AF6AA2BC5
:0462C400CAF6AA2B41
:0462C8004AF6AA20C8
:0462CC00CAF6AA2044
:0462D00040F2010196
:0462D400C1404FEA8C
:0462D8007B0B8BEAC7
:0462DC00010BEFF3D0
:0462E000008404F042
:0462E40060444FEAD9
:0462E8007B0B8BEAB7
:0462EC00040B4FF65A
:0462F000FF72CFF674
:0462F400FF7240F203
:0462F8002000C24080
:0462FC004FEA7B0BDF
:046300008BEA020B17
:04630400EFF300842F
:0463080004F06044F9
:04630C004FEA7B0BCE
:046310008BEA040B05
:0463140040F2010151
:0463180045F25550A5
:04631C00C5F2555021
:04632000C8404FEA38
:046324007B0B8BEA7A
:04632800000BEFF384
:04632C00008404F0F5
:0463300060444FEA8C
:046334007B0B8BEA6A
:04633800040B9CEACC
:04633C000B0C4AF606
:04634000AA2BCAF6C4
:04634400AA2B4AF640
:04634800AA23CAF6C4
:04634C00AA231B095C
:046350004FEA7B0B8A
:046354008BEA030BC2
:04635800EFF30084DB
:04635C0004F06044A5
:046360004FEA7B0B7A
:046364008BEA040BB1
:0463680045F2555352
:04636C00C5F25553CE
:046370001B084FEACD
:046374007B0B8BEA2A
:04637800030BEFF331
:04637C00008404F0A5
:0463800060444FEA3C
:046384007B0B8BEA1A
:04638800040B40F2D0
:04638C000004CFF644
:04639000FF74240969
:046394004FEA7B0B46
:046398008BEA040B7D
:04639C00EFF3008497
:0463A00004F0604461
:0463A4004FEA7B0B36
:0463A8008BEA040B6D
:0463AC0040F20003B8
:0463B000C0F2000334
:0463B4005B084FEA49
:0463B8007B0B8BEAE6
:0463BC00030BEFF3ED
:0463C000008404F061
:0463C40060444FEAF8
:0463C8007B0B8BEAD6
:0463CC00040B9CEA38
:0463D0000B0C4AF672
:0463D400AA2BCAF630
:0463D800AA2B40F2BA
:0463DC00010145F284
:0463E0005550C5F25D
:0463E400555060FAB6
:0463E80001F24FEA85
:0463EC007B0B8BEAB2
:0463F000020B4AF65C
:0463F400AA20CAF61B
:0463F800AA2040F2A5
:0463FC000101C0F2E9
:04640000000160FA3D
:0464040001F24FEA68
:046408007B0B8BEA95
:04640C00020B40F24D
:04641000100140F245
:046414000000CAF6C4
:04641800AA2060FA5C
:04641C0001F24FEA50
:046420007B0B8BEA7D
:04642400020B40F235
:04642800FF0140F23E
:04642C000000C5F2B5
:04643000555060FA69
:0464340001F24FEA38
:046438007B0B8BEA65
:04643C00020B9CEAC9
:046440000B0C4AF601
:04644400AA2BCAF6BF
:04644800AA2B4BF63A
:04644C00E040C0F676
:04645000AB2040F24B
:046454000001C8413A
:046458004FEA7B0B81
:04645C008BEA000BBC
:04646000EFF30084D2
:0464640004F060449C
:046468004FEA7B0B71
:04646C008BEA040BA8
:0464700044F21F30A3
:04647400CFF25450BF
:0464780040F20401E9
:04647C00C8414FEADA
:046480007B0B8BEA1D
:04648400000BEFF327
:04648800008404F098
:04648C0060444FEA2F
:046490007B0B8BEA0D
:04649400040B40F2C3
:04649800000040F2CE
:04649C001001C841E2
:0464A0004FEA7B0B39
:0464A4008BEA000B74
:0464A800EFF300848A
:0464AC0004F0604454
:0464B0004FEA7B0B29
:0464B4008BEA040B60
:0464B8009CEA0B0C43
:0464BC004AF6AA2BC7
:0464C000CAF6AA2B43
:0464C4004AF6AA21C9
:0464C800CAF6AA2145
:0464CC005FEA710012
:0464D0004FEA7B0B09
:0464D4008BEA000B44
:0464D800EFF300845A
:0464DC0004F0604424
:0464E0004FEA7B0BF9
:0464E4008BEA040B30
:0464E80040F2AA02D2
:0464EC00C0F2AA024E
:0464F0005FEA3260CD
:0464F4004FEA7B0BE5
:0464F8008BEA000B20
:0464FC00EFF3008436
:0465000004F06044FF
:046504004FEA7B0BD4
:046508008BEA040B0B
:04650C0040F2550202
:04651000C5F2555229
:046514005FEA3220E8
:046518004FEA7B0BC0
:04651C008BEA000BFB
:04652000EFF3008411
:0465240004F06044DB
:046528004FEA7B0BB0
:04652C008BEA040BE7
:0465300040F2000233
:04653400C0F20002AF
:046538005FEAF270B4
:04653C004FEA7B0B9C
:046540008BEA000BD7
:04654400EFF30084ED
:0465480004F06044B7
:04654C004FEA7B0B8C
:046550008BEA040BC3
:046554009CEA0B0CA6
:046558004AF6AA2B2A
:04655C00CAF6AA2BA6
:0465600045F20052AE
:04656400C5F25552D5
:046568004FEA326064
:04656C004FEA7B0B6C
:046570008BEA000BA7
:0465740040F255029A
:04657800C0F200026B
:04657C004FEA326050
:046580004FEA7B0B58
:046584008BEA000B93
:0465880040F20002DB
:04658C00CAF6AA227F
:046590004FEA32405C
:046594004FEA7B0B44
:046598008BEA000B7F
:04659C004AF6AA22EF
:0465A000C0F2000243
:0465A4004FEA324048
:0465A8004FEA7B0B30
:0465AC008BEA000B6B
:0465B0009CEA0B0C4A
:0465B4004AF6AA2BCE
:0465B800CAF6AA2B4A
:0465BC0040F20000A9
:0465C0004AF6AA21CC
:0465C400CAF6AA2148
:0465C8004FEA310065
:0465CC004FEA7B0B0C
:0465D0008BEA000B47
:0465D40045F25551E6
:0465D800C5F2555162
:0465DC004FEA310051
:0465E0004FEA7B0BF8
:0465E4008BEA000B33
:0465E8009CEA0B0C12
:0465EC004AF6AA2B96
:0465F000CAF6AA2B12
:0465F40040F2000071
:0465F80040F200036A
:0465FC00C0F20003E6
:046600005FEA33001A
:046604004FEA7B0BD3
:046608008BEA000B0E
:04660C00EFF3008424
:0466100004F06044EE
:046614004FEA7B0BC3
:046618008BEA040BFA
:04661C004FF6FF73C3
:04662000CFF6FF733F
:046624005FEA3302F4
:046628004FEA7B0BAF
:04662C008BEA020BE8
:04663000EFF3008400
:0466340004F06044CA
:046638004FEA7B0B9F
:04663C008BEA040BD6
:0466400045F2555179
:04664400C5F25551F5
:046648005FEA3100D4
:04664C004FEA7B0B8B
:046650008BEA000BC6
:04665400EFF30084DC
:0466580004F06044A6
:04665C004FEA7B0B7B
:046660008BEA040BB2
:0466640040F20001FF
:04666800C0F200017B
:04666C005FEA3100B0
:046670004FEA7B0B67
:046674008BEA000BA2
:04667800EFF30084B8
:04667C0004F0604482
:046680004FEA7B0B57
:046684008BEA040B8E
:046688009CEA0B0C71
:04668C004AF6AA2BF5
:04669000CAF6AA2B71
:0466940040F20000D0
:04669800C0F6FF70D9
:04669C0040F20401C3
:0466A00040FA01F7C4
:0466A4004FEA7B0B33
:0466A8008BEA070B67
:0466AC004CF200109C
:0466B000CFF61030E1
:0466B40040F20801A7
:0466B80040FA01F7AC
:0466BC004FEA7B0B1B
:0466C0008BEA070B4F
:0466C4009CEA0B0C35
:0466C8004AF6AA2BB9
:0466CC00CAF6AA2B35
:0466D0004FF6FF7012
:0466D400CFF6FF708E
:0466D80040F210017B
:0466DC0040F2000385
:0466E00050FA01F873
:0466E4004FEA7B0BF3
:0466E8008BEA080B26
:0466EC00EFF3008444
:0466F00004F060440E
:0466F4004FEA7B0BE3
:0466F8008BEA040B1A
:0466FC0040F2010067
:0467000040F2020160
:0467040050FA01F84E
:046708004FEA7B0BCE
:04670C008BEA080B01
:04671000EFF300841F
:0467140004F06044E9
:046718004FEA7B0BBE
:04671C008BEA040BF5
:0467200045F2555099
:04672400C5F2555015
:0467280040F2010139
:04672C0050FA01F826
:046730004FEA7B0BA6
:046734008BEA080BD9
:04673800EFF30084F7
:04673C0004F06044C1
:046740004FEA7B0B96
:046744008BEA040BCD
:046748004AF6AA2043
:04674C00CAF6AA20BF
:0467500040F22001F2
:0467540050FA01F8FE
:046758004FEA7B0B7E
:04675C008BEA080BB1
:04676000EFF30084CF
:0467640004F0604499
:046768004FEA7B0B6E
:04676C008BEA040BA5
:046770009CEA0B0C88
:046774004AF6AA2B0C
:04677800CAF6AA2B88
:04677C004AF6AA200F
:04678000CAF6AA208B
:046784004FEA600177
:046788004FEA7B0B4E
:04678C008BEA010B88
:0467900045F2555029
:04679400C5F25550A5
:046798004FEA201193
:04679C004FEA7B0B3A
:0467A0008BEA010B74
:0467A40045F2555015
:0467A800CAF6AA2063
:0467AC004FEA20216F
:0467B0004FEA7B0B26
:0467B4008BEA010B60
:0467B8004AF6AA20D3
:0467BC00CAF6AA204F
:0467C0004FEA20017B
:0467C4004FEA7B0B12
:0467C8008BEA010B4C
:0467CC009CEA0B0C2C
:0467D0004AF6AA2BB0
:0467D400CAF6AA2B2C
:0467D80045F25551E0
:0467DC00C5F255515C
:0467E0000A124FEA60
:0467E4007B0B8BEAB6
:0467E800020BEFF3BE
:0467EC00008303F033
:0467F00060434FEAC9
:0467F4007B0B8BEAA6
:0467F800030B4AF64F
:0467FC00AA21CAF60E
:04680000AA218A102F
:046804004FEA7B0BD1
:046808008BEA020B0A
:04680C00EFF3008323
:0468100003F06043EE
:046814004FEA7B0BC1
:046818008BEA030BF9
:04681C0040F2000145
:04682000C0F20001C1
:046824000A114FEA1C
:046828007B0B8BEA71
:04682C00020BEFF379
:04683000008303F0EE
:0468340060434FEA84
:046838007B0B8BEA61
:04683C00030B40F218
:046840000001CFF292
:0468440000010A1035
:046848004FEA7B0B8D
:04684C008BEA020BC6
:04685000EFF30083DF
:0468540003F06043AA
:046858004FEA7B0B7D
:04685C008BEA030BB5
:0468600040F2000101
:04686400C2F6002157
:046868004A104FEA99
:04686C007B0B8BEA2D
:04687000020BEFF335
:04687400008303F0AA
:0468780060434FEA40
:04687C007B0B8BEA1D
:04688000030B9CEA80
:046884000B0C4AF6B9
:04688800AA2BCAF677
:04688C00AA2B40F201
:04689000000040F2D2
:04689400000141F2CC
:04689800BF23C3F265
:04689C00AC4342F2D5
:0468A0003114C3F2FA
:0468A4005344E3FB7B
:0468A80004014FEAAE
:0468AC007B0B8BEAED
:0468B000000B4FEAA0
:0468B4007B0B8BEAE5
:0468B800010B40F29E
:0468BC000F04CFF204
:0468C0000204E3FBF0
:0468C40004014FEA92
:0468C8007B0B8BEAD1
:0468CC00000B4FEA84
:0468D0007B0B8BEAC9
:0468D400010B4FF66F
:0468D800FF73CFF685
:0468DC00FF734FF601
:0468E000FF74CFF67C
:0468E400FF744FF6F8
:0468E800FE70CFF679
:0468EC00FF704FF6F4
:0468F000FF71CFF66F
:0468F400FF71E3FB52
:0468F80004014FEA5E
:0468FC007B0B8BEA9D
:04690000000B4FEA4F
:046904007B0B8BEA94
:04690800010B8CEA09
:04690C000B0C4AF630
:04691000AA2BCAF6EE
:04691400AA2B4FF665
:04691800FF73C7F64C
:04691C00FF7340F2D3
:04692000CE02C0F2F1
:0469240000024FF02E
:0469280000004FF02C
:04692C00000182FBE9
:0469300003014FEA26
:046934007B0B8BEA64
:04693800000B4FEA17
:04693C007B0B8BEA5C
:04694000010B40F215
:04694400B702C0F2E4
:0469480000024FEA10
:04694C007B0B8BEA4C
:04695000000B4FEAFF
:046954007B0B8BEA44
:04695800010B40F2FD
:04695C00E103C0F2A1
:04696000000347F6F3
:046964007C42C7F6B4
:046968007C424FF02E
:04696C0000004FF0E8
:046970000001C2FB65
:0469740003014FEAE2
:046978007B0B8BEA20
:04697C00000B4FEAD3
:046980007B0B8BEA18
:04698400010B44F2CD
:046988007812CFF6BC
:04698C00FF72C2FBD9
:0469900003014FEAC6
:046994007B0B8BEA04
:04699800000B4FEAB7
:04699C007B0B8BEAFC
:0469A000010B9CEA61
:0469A4000B0C47F69B
:0469A800525BC6F286
:0469AC00737B01BC3C
:0469B000FCF7B6FD3D
:0469B4005DF804ABDB
:0469B800BDE8FE1F19
:0469BC005DF804EB93
:0469C000704700BF5D
:0469C40000B5FCF727
:0469C80001FE05F0D7
:0469CC003FFA4FF04F
:0469D000000080F350
:0469D40000884AF6F7
:0469D800AA2BCAF626
:0469DC00AA2B08BC1E
:0469E00004BC154698
:0469E40004B408B43B
:0469E80055F8043B1F
:0469EC0055F8044B0B
:0469F00053EB040061
:0469F4004FEA7B0BE0
:0469F8008BEA000B1B
:0469FC00EFF300862F
:046A000006F07047E5
:046A04004FEA7B0BCF
:046A08008BEA070B03
:046A0C002F68002FC0
:046A1000EAD18CEA51
:046A14000B0C4AF627
:046A1800AA2BCAF6E5
:046A1C00AA2B4FF65C
:046A2000FF74C7F642
:046A2400FF7454F1B6
:046A280001034FEA2D
:046A2C007B0B8BEA6B
:046A3000030BEFF372
:046A3400008404F0E6
:046A380070444FEA6D
:046A3C007B0B8BEA5B
:046A4000040B4FF6FE
:046A44000074CFF615
:046A4800FF7454F192
:046A4C00FF334FEADB
:046A50007B0B8BEA47
:046A5400030BEFF34E
:046A5800008404F0C2
:046A5C0070444FEA49
:046A60007B0B8BEA37
:046A6400040B4FF6DA
:046A6800FC74CFF6F5
:046A6C00FF7454F16E
:046A700003034FEAE3
:046A74007B0B8BEA23
:046A7800030BEFF32A
:046A7C00008404F09E
:046A800070444FEA25
:046A84007B0B8BEA13
:046A8800040B40F2C9
:046A8C000F04C7F636
:046A9000F17454F158
:046A940004034FEABE
:046A98007B0B8BEAFF
:046A9C00030BEFF306
:046AA000008404F07A
:046AA40070444FEA01
:046AA8007B0B8BEAEF
:046AAC00040B40F2A5
:046AB0000004C8F224
:046AB400000454F195
:046AB80070434FEAEE
:046ABC007B0B8BEADB
:046AC000030BEFF3E2
:046AC400008404F056
:046AC80070444FEADD
:046ACC007B0B8BEACB
:046AD000040B8CEA3D
:046AD4000B0C4AF667
:046AD800AA2BCAF625
:046ADC00AA2B4FF0A2
:046AE00000034FF66A
:046AE400FF74C7F67E
:046AE800FF7404F142
:046AEC0010034FEA5A
:046AF0007B0B8BEAA7
:046AF400030B40F65A
:046AF8003444C7F665
:046AFC00115404F13C
:046B000056034FEAFF
:046B04007B0B8BEA92
:046B0800030B4FF636
:046B0C00FF74C7F655
:046B1000FF74631C8F
:046B14004FEA7B0BBE
:046B18008BEA030BF6
:046B1C00EFF300840F
:046B200004F07044C9
:046B24004FEA7B0BAE
:046B28008BEA040BE5
:046B2C0040F6FF74BC
:046B3000C0F20004AB
:046B340014F1042331
:046B38004FEA7B0B9A
:046B3C008BEA030BD2
:046B4000EFF30084EB
:046B440004F07044A5
:046B48004FEA7B0B8A
:046B4C008BEA040BC1
:046B50004FF6FF7489
:046B5400C7F6FF740D
:046B580014F10F33F2
:046B5C004FEA7B0B76
:046B60008BEA030BAE
:046B6400EFF30084C7
:046B680004F0704481
:046B6C004FEA7B0B66
:046B70008BEA040B9D
:046B74004FF6FF7465
:046B7800C7F6FF74E9
:046B7C0045F2D10508
:046B8000C0F2CC454E
:046B840063194FEA58
:046B88007B0B8BEA0E
:046B8C00030BEFF315
:046B9000008404F089
:046B940070444FEA10
:046B98007B0B8BEAFE
:046B9C00040B40F6B0
:046BA000FF74C0F6C8
:046BA400FF7440F248
:046BA800A9056319BF
:046BAC004FEA7B0B26
:046BB0008BEA030B5E
:046BB400EFF3008477
:046BB80004F0704431
:046BBC004FEA7B0B16
:046BC0008BEA040B4D
:046BC40040F2000497
:046BC800C0F600040F
:046BCC004FF6FF750C
:046BD000CFF6FF7588
:046BD40063194FEA08
:046BD8007B0B8BEABE
:046BDC00030BEFF3C5
:046BE000008404F039
:046BE40070444FEAC0
:046BE8007B0B8BEAAE
:046BEC00040B40F264
:046BF00001044FF657
:046BF400FF75CFF664
:046BF800FF7514EB26
:046BFC0005034FEA54
:046C00007B0B8BEA95
:046C0400030BEFF39C
:046C0800008404F010
:046C0C0070444FEA97
:046C10007B0B8BEA85
:046C1400040B40F23B
:046C180005344FF6FA
:046C1C00FF75C0F24E
:046C20000D0514EB5F
:046C240005134FEA1B
:046C28007B0B8BEA6D
:046C2C00030BEFF374
:046C3000008404F0E8
:046C340070444FEA6F
:046C38007B0B8BEA5D
:046C3C00040B40F213
:046C4000000300331A
:046C44004FEA7B0B8D
:046C48008BEA030BC5
:046C4C00EFF30084DE
:046C500004F0704498
:046C54004FEA7B0B7D
:046C58008BEA040BB4
:046C5C004FF6FF737D
:046C6000C7F6FF7301
:046C640001334FEABF
:046C68007B0B8BEA2D
:046C6C00030BEFF334
:046C7000008404F0A8
:046C740070444FEA2F
:046C78007B0B8BEA1D
:046C7C00040B9CEA7F
:046C80000B0C5DF8A4
:046C840004BB02BC8F
:046C880001BCFCF758
:046C8C0049FC5DF86A
:046C900004ABBDE8AC
:046C9400F81F5DF890
:046C980004EB704752
:046C9C0000B5FCF74C
:046CA0006FFC05F090
:046CA400D3F84AF6E1
:046CA800AA2BCAF653
:046CAC00AA2BEFF32D
:046CB000108780B415
:046CB400EFF3138760
:046CB80080B46F48ED
:046CBC00016802B4B5
:046CC0006E480022F8
:046CC40002606E49B3
:046CC800086801B4A3
:046CCC0071B64FF658
:046CD000FD72CFF68C
:046CD400FF7200EA61
:046CD800020008604E
:046CDC00694D0123DA
:046CE0002B6061B60E
:046CE400082000077D
:046CE8006749086090
:046CEC00674D2A685E
:046CF000012AFBD0AA
:046CF400624901BC34
:046CF8000860614986
:046CFC00086801B46F
:046D000072B64FF622
:046D0400FD72CFF657
:046D0800FF7200EA2C
:046D0C000200086019
:046D10005F4D0123AF
:046D14002B6000DF11
:046D18005E4D2A683A
:046D1C00012AFBD07D
:046D2000574901BC12
:046D2400086062B6EB
:046D28005549086859
:046D2C0001B471B687
:046D30004FF6FD72AB
:046D3400CFF6FF7225
:046D380000EA02006B
:046D3C000860564D48
:046D400001232B60A0
:046D440061B600DF55
:046D4800544D2A6814
:046D4C00012AFBD04D
:046D50004B4901BCEE
:046D540008604A4940
:046D5800086801B412
:046D5C0071B64FF6C7
:046D6000FD72CFF6FB
:046D6400FF7200EAD0
:046D680002000860BD
:046D6C004C4D012366
:046D70002B6061B67D
:046D7400444801226C
:046D7800120702609C
:046D7C00494D2A68EB
:046D8000012AFBD019
:046D84003E4901BCC7
:046D880008603D4919
:046D8C00086801B4DE
:046D900071B64FF693
:046D9400FD72CFF6C7
:046D9800FF7200EA9C
:046D9C000200086089
:046DA000414D01233D
:046DA4002B603848E0
:046DA800012292062C
:046DAC00026061B66A
:046DB0003E4D2A68C2
:046DB400012AFBD0E5
:046DB800314901BCA0
:046DBC0008603049F2
:046DC000086801B4AA
:046DC40071B64FF65F
:046DC800FD72CFF693
:046DCC00FF7200EA68
:046DD0000200086055
:046DD400364D012314
:046DD8002B6061B615
:046DDC0044F200037A
:046DE000C0F20203F8
:046DE40024480360DC
:046DE800324D2A6896
:046DEC00012AFBD0AD
:046DF000234901BC76
:046DF40008602249C8
:046DF800086801B472
:046DFC0071B64FF627
:046E0000FD72CFF65A
:046E0400FF7200EA2F
:046E0800020008601C
:046E0C002A4D0123E7
:046E10002B6061B6DC
:046E140041F2000344
:046E1800C0F20403BD
:046E1C0016480360B1
:046E2000264D2A6869
:046E2400012AFBD074
:046E2800154901BC4B
:046E2C00086071B6D3
:046E30002348026889
:046E340001217BFAC3
:046E380001FB9BEAD5
:046E3C00020B01BC88
:046E40000D49086090
:046E440080BC87F394
:046E4800138880BC6F
:046E4C0087F3108830
:046E50009CEA0B0CA1
:046E540042F28E6B0D
:046E5800C0F65D7BA8
:046E5C0001BC00B5C0
:046E6000FCF75EFBE2
:046E64005DF804EBE6
:046E68005DF804AB22
:046E6C00BDE8FE1F60
:046E70005DF804EBDA
:046E7400704700BFA4
:046E780024ED00E025
:046E7C0018000020DA
:046E800010ED00E031
:046E84001C000020CE
:046E880004ED00E035
:046E8C001C000020C6
:046E90001C000020C2
:046E94001C000020BE
:046E98001C000020BA
:046E9C001C000020B6
:046EA0001C000020B2
:046EA4001C000020AE
:046EA8001C000020AA
:046EAC001C000020A6
:046EB0001C000020A2
:046EB4001C0000209E
:046EB8001C0000209A
:046EBC001C00002096
:046EC0001800002096
:046EC40000B5FCF722
:046EC80081FB04F056
:046ECC00BFFF4FF0C5
:046ED000000787F33D
:046ED40000884AF6F2
:046ED800AA2BCAF621
:046EDC00AA2B40F2AB
:046EE000000008BCEA
:046EE40004BC15468F
:046EE80004B408B432
:046EEC00F5E802348F
:046EF00063434FEABF
:046EF4007B0B8BEA9F
:046EF800030BEFF3A6
:046EFC00008606F016
:046F000040474FEACD
:046F04007B0B8BEA8E
:046F0800070B2F68DC
:046F0C00002FEDD194
:046F10008CEA0B0CF0
:046F14004AF6AA2B64
:046F1800CAF6AA2BE0
:046F1C0040F200003F
:046F200040F2FF0834
:046F2400C0F2CD7872
:046F280040F204131C
:046F2C004AF2FE1413
:046F3000C0F2CD04DA
:046F340003FB0480D7
:046F38004FEA7B0B96
:046F3C008BEA000BD1
:046F400040F2000813
:046F440040F2020312
:046F48004AF2FE14F7
:046F4C00C0F2CD04BE
:046F500003FB0480BB
:046F54004FEA7B0B7A
:046F58008BEA000BB5
:046F5C0040F20008F7
:046F6000C0F2000873
:046F64004FF6FF7372
:046F6800CFF6FF73EE
:046F6C004AF2FE14D3
:046F7000C0F2CD049A
:046F740003FB048097
:046F78004FEA7B0B56
:046F7C008BEA000B91
:046F80008CEA0B0C80
:046F84004AF6AA2BF4
:046F8800CAF6AA2B70
:046F8C0040F20000CF
:046F900040F20008C3
:046F940040F20413B0
:046F9800C0F223130D
:046F9C004AF2FE14A3
:046FA000C0F20D042A
:046FA40003FB148057
:046FA8004FEA7B0B26
:046FAC008BEA000B61
:046FB0004FF6FF7821
:046FB400C7F6FF78A5
:046FB8004DF602434D
:046FBC00C0F21A0302
:046FC0004AF2FE147F
:046FC400C0F2CD0446
:046FC80003FB148033
:046FCC004FEA7B0B02
:046FD0008BEA000B3D
:046FD40041F24C1822
:046FD800C0F20108FA
:046FDC0041F2FF235C
:046FE000C0F63F3385
:046FE4004AF2FE145B
:046FE800C0F2CD0422
:046FEC0003FB14800F
:046FF0004FEA7B0BDE
:046FF4008BEA000B19
:046FF8008CEA0B0C08
:046FFC004AF6AA2B7C
:04700000CAF6AA2BF7
:0470040040F2000056
:0470080040F2DF7300
:04700C00C0F20003CB
:047010004FF6FF74C4
:04701400C7F6FF7448
:0470180003FB04F082
:04701C004FEA7B0BB1
:047020008BEA000BEC
:0470240040F2000432
:04702800C0F20204AC
:04702C0003FB04F06E
:047030004FEA7B0B9D
:047034008BEA000BD8
:047038008CEA0B0CC7
:04703C005DF804BB3C
:0470400004BC01BCCF
:04704400FCF76CFAEF
:047048005DF804AB40
:04704C008AF300883B
:04705000BDE8F81F80
:047054005DF804EBF4
:04705800704700BFBE
:04705C0000B5FCF788
:04706000B5FA04F089
:04706400F3FE4AF6F7
:04706800AA2BCAF68F
:04706C00AA2B4FF00C
:04707000040908BC4B
:0470740004BC1546FD
:0470780004B408B4A0
:04707C0055E8003F94
:047080004D4455E83E
:04708400004F4D4428
:04708800A3FB040161
:04708C004FEA7B0B41
:047090008BEA000B7C
:047094004FEA7B0B39
:047098008BEA010B73
:04709C002F68002F2A
:0470A000ECD18CEAB9
:0470A4000B0C5DF87C
:0470A80004BB04BC65
:0470AC0001BCFCF730
:0470B00037FA5DF856
:0470B40004AB8AF3AC
:0470B8000088BDE8A7
:0470BC00F81F5DF864
:0470C00004EB704726
:0470C40000B5FCF720
:0470C8005BFA04F07B
:0470CC00BFFEEFF321
:0470D000138308B46A
:0470D40071B6EFF3AF
:0470D800138383EAB1
:0470DC000C0C08BCD4
:0470E00083F313889B
:0470E4004AF6AA2B93
:0470E800CAF6AA2B0F
:0470EC0045F25550C4
:0470F000C5F2555040
:0470F4004AF6AA218D
:0470F800CAF6AA2109
:0470FC00EFF3138912
:047100004DF8049DA5
:0471040071B64EF61C
:047108008856CEF2E5
:04710C000006D6F8AB
:0471100000A040F2A9
:047114000004C0F2C1
:04711800F00400EA95
:04711C0004003060DB
:04712000BFF34F8FDB
:04712400BFF36F8FB7
:0471280033684FEA8F
:04712C007B0B8BEA64
:04713000030B01EA62
:0471340004013160C1
:04713800BFF34F8FC3
:04713C00BFF36F8F9F
:0471400033684FEA77
:047144007B0B83EA54
:047148000B0BBFF37B
:04714C004F8FBFF3AF
:047150006F8FC6F87F
:0471540000A05DF842
:04715800049B89F318
:04715C0013888CEA1E
:047160000B0C4AF6D4
:04716400AA2BCAF692
:04716800AA2BEFF36C
:04716C0013894DF83E
:04717000049D71B653
:04717400F1EE106ABE
:0471780045F2555037
:04717C00C5F25550B3
:0471800040F29F0436
:04718400CFF2C07412
:0471880004EA000015
:04718C00E1EE100A16
:04719000F1EE103AD2
:047194004FEA7B0B38
:047198008BEA030B70
:04719C00F1EE10FA06
:0471A000EFF3008782
:0471A40040F20005B0
:0471A800CFF200051D
:0471AC0007EA0507E2
:0471B0004FEA7B1B0C
:0471B4008BEA070B50
:0471B8004AF6AA21C8
:0471BC00CAF6AA2144
:0471C00004EA0101DB
:0471C400E1EE101ACE
:0471C800F1EE103A9A
:0471CC004FEA7B0B00
:0471D0008BEA030B38
:0471D400F1EE10FACE
:0471D800EFF300874A
:0471DC0040F2000578
:0471E000CFF20005E5
:0471E40007EA0507AA
:0471E8004FEA7B1BD4
:0471EC008BEA070B18
:0471F000E1EE106A52
:0471F4005DF8049BA3
:0471F80089F313887C
:0471FC008CEA0B0C02
:047200004AF6AA2B75
:04720400CAF6AA2BF1
:04720800EFF3138904
:04720C004DF8049D98
:0472100071B64EF60F
:047214003476CEF20C
:047218000006D6F89E
:04721C0000A04AF68E
:04722000AA20CAF6E0
:04722400AA2040F26A
:047228007B14CCF215
:04722C00000400EA70
:0472300004003060C6
:0472340033684FEA82
:047238007B0B8BEA57
:04723C00030B45F209
:047240005551C5F2ED
:04724400555101EAB5
:0472480004013160AC
:04724C0033684FEA6A
:047250007B0B8BEA3F
:04725400030BC6F86A
:0472580000A05DF83D
:04725C00049B89F313
:0472600013888CEA19
:047264000B0C4AF6CF
:04726800AA2BCAF68D
:04726C00AA2BEFF367
:0472700013894DF839
:04727400049D71B64E
:047278004AF6AA2008
:04727C00CAF6AA2084
:0472800045F255512D
:04728400C5F25551A9
:047288004EF6387610
:04728C00CEF2000638
:04729000D6F800A08C
:047294004FF6F87445
:04729800CFF6FF74BA
:04729C0000EA040000
:0472A00030603368BF
:0472A4004FEA7B0B27
:0472A8008BEA030B5F
:0472AC0001EA0401EE
:0472B00031603368AE
:0472B4004FEA7B0B17
:0472B8008BEA030B4F
:0472BC00C6F800A070
:0472C0005DF8049BD6
:0472C40089F31388AF
:0472C8008CEA0B0C35
:0472CC004AF6AA2BA9
:0472D000CAF6AA2B25
:0472D400EFF3138938
:0472D8004DF8049DCC
:0472DC0071B645F250
:0472E0005550C5F24E
:0472E40055504AF6C1
:0472E800AA21CAF617
:0472EC00AA214EF68F
:0472F0003C76CEF228
:0472F4000006D6F8C2
:0472F80000A040F2C0
:0472FC000004C0F2D8
:04730000C07400EA6B
:0473040004003060F1
:0473080033684FEAAD
:04730C007B0B83EA8A
:047310000B0B01EA78
:0473140004013160DF
:0473180033684FEA9D
:04731C007B0B83EA7A
:047320000B0BC6F895
:0473240000A05DF870
:04732800049B89F346
:04732C0013888CEA4C
:047330000B0C4AF602
:04733400AA2BCAF6C0
:04733800AA2B2DED62
:04733C00100A2DED19
:04734000108A4CF66D
:04734400CC40CCF677
:04734800CC4000EE47
:04734C00100A00EE35
:04735000900A01EEB0
:04735400100A01EE2C
:04735800900A02EEA7
:04735C00100A02EE23
:04736000900A03EE9E
:04736400100A03EE1A
:04736800900A04EE95
:04736C00100A04EE11
:04737000900A05EE8C
:04737400100A05EE08
:04737800900A05EE84
:04737C00900A06EE7F
:04738000100A06EEFB
:04738400900A07EE76
:04738800100A07EEF2
:04738C00900A08EE6D
:04739000100A08EEE9
:04739400900A09EE64
:04739800100A09EEE0
:04739C00900A0AEE5B
:0473A000100A0AEED7
:0473A400900A0BEE52
:0473A800100A0BEECE
:0473AC00900A0CEE49
:0473B000100A0CEEC5
:0473B400900A0DEE40
:0473B800100A0DEEBC
:0473BC00900A0EEE37
:0473C000100A0EEEB3
:0473C400900A0FEE2E
:0473C800100A0FEEAA
:0473CC00900A43F2EE
:0473D0003331C3F2A0
:0473D400333100EE63
:0473D800101ABFF3D5
:0473DC006F8F10EEB1
:0473E000102A4FEA36
:0473E4007B0B8BEAAA
:0473E800020B00EEA6
:0473EC00901ABFF341
:0473F0006F8F10EE9D
:0473F400902A4FEAA2
:0473F8007B0B8BEA96
:0473FC00020B01EE91
:04740000101ABFF3AC
:047404006F8F11EE87
:04740800102A4FEA0D
:04740C007B0B8BEA81
:04741000020B01EE7C
:04741400901ABFF318
:047418006F8F11EE73
:04741C00902A4FEA79
:047420007B0B8BEA6D
:04742400020B02EE67
:04742800101ABFF384
:04742C006F8F12EE5E
:04743000102A4FEAE5
:047434007B0B8BEA59
:04743800020B02EE53
:04743C00901ABFF3F0
:047440006F8F12EE4A
:04744400902A4FEA51
:047448007B0B8BEA45
:04744C00020B03EE3E
:04745000101ABFF35C
:047454006F8F13EE35
:04745800102A4FEABD
:04745C007B0B8BEA31
:04746000020B03EE2A
:04746400901ABFF3C8
:047468006F8F13EE21
:04746C00902A4FEA29
:047470007B0B8BEA1D
:04747400020B04EE15
:04747800101ABFF334
:04747C006F8F14EE0C
:04748000102A4FEA95
:047484007B0B8BEA09
:04748800020B04EE01
:04748C00901ABFF3A0
:047490006F8F14EEF8
:04749400902A4FEA01
:047498007B0B8BEAF5
:04749C00020B05EEEC
:0474A000101ABFF30C
:0474A4006F8F15EEE3
:0474A800102A4FEA6D
:0474AC007B0B8BEAE1
:0474B000020B05EED8
:0474B400901ABFF378
:0474B8006F8F15EECF
:0474BC00902A4FEAD9
:0474C0007B0B8BEACD
:0474C400020B06EEC3
:0474C800101ABFF3E4
:0474CC006F8F16EEBA
:0474D000102A4FEA45
:0474D4007B0B8BEAB9
:0474D800020B06EEAF
:0474DC00901ABFF350
:0474E0006F8F16EEA6
:0474E400902A4FEAB1
:0474E8007B0B8BEAA5
:0474EC00020B07EE9A
:0474F000101ABFF3BC
:0474F4006F8F17EE91
:0474F800102A4FEA1D
:0474FC007B0B8BEA91
:04750000020B07EE85
:04750400901ABFF327
:047508006F8F17EE7C
:04750C00902A4FEA88
:047510007B0B8BEA7C
:04751400020B08EE70
:04751800101ABFF393
:04751C006F8F18EE67
:04752000102A4FEAF4
:047524007B0B8BEA68
:04752800020B08EE5C
:04752C00901ABFF3FF
:047530006F8F18EE53
:04753400902A4FEA60
:047538007B0B8BEA54
:04753C00020B09EE47
:04754000101ABFF36B
:047544006F8F19EE3E
:04754800102A4FEACC
:04754C007B0B8BEA40
:04755000020B09EE33
:04755400901ABFF3D7
:047558006F8F19EE2A
:04755C00902A4FEA38
:047560007B0B8BEA2C
:04756400020B0AEE1E
:04756800101ABFF343
:04756C006F8F1AEE15
:04757000102A4FEAA4
:047574007B0B8BEA18
:04757800020B0AEE0A
:04757C00901ABFF3AF
:047580006F8F1AEE01
:04758400902A4FEA10
:047588007B0B8BEA04
:04758C00020B0BEEF5
:04759000101ABFF31B
:047594006F8F1BEEEC
:04759800102A4FEA7C
:04759C007B0B8BEAF0
:0475A000020B0BEEE1
:0475A400901ABFF387
:0475A8006F8F1BEED8
:0475AC00902A4FEAE8
:0475B0007B0B8BEADC
:0475B400020B0CEECC
:0475B800101ABFF3F3
:0475BC006F8F1CEEC3
:0475C000102A4FEA54
:0475C4007B0B8BEAC8
:0475C800020B0CEEB8
:0475CC00901ABFF35F
:0475D0006F8F1CEEAF
:0475D400902A4FEAC0
:0475D8007B0B8BEAB4
:0475DC00020B0DEEA3
:0475E000101ABFF3CB
:0475E4006F8F1DEE9A
:0475E800102A4FEA2C
:0475EC007B0B8BEAA0
:0475F000020B0DEE8F
:0475F400901ABFF337
:0475F8006F8F1DEE86
:0475FC00902A4FEA98
:047600007B0B8BEA8B
:04760400020B0EEE79
:04760800101ABFF3A2
:04760C006F8F1EEE70
:04761000102A4FEA03
:047614007B0B8BEA77
:04761800020B0EEE65
:04761C00901ABFF30E
:047620006F8F1EEE5C
:04762400902A4FEA6F
:047628007B0B8BEA63
:04762C00020B0FEE50
:04763000101ABFF37A
:047634006F8F1FEE47
:04763800102A4FEADB
:04763C007B0B8BEA4F
:04764000020B0FEE3C
:04764400901ABFF3E6
:047648006F8F1FEE33
:04764C00902A4FEA47
:047650007B0B8BEA3B
:04765400020BBDEC7C
:04765800108ABDECEB
:04765C00100A9CEA8A
:047660000B0C4AF6CF
:04766400AA2BCAF68D
:04766800AA2B2DED2F
:04766C00100A2DEDE6
:04767000108A43F247
:047674003330C3F2FA
:04767800333000EEBD
:04767C00100A00EE02
:04768000900A01EE7D
:04768400100A01EEF9
:04768800900A02EE74
:04768C00100A02EEF0
:04769000900A03EE6B
:04769400100A03EEE7
:04769800900A04EE62
:04769C00100A04EEDE
:0476A000900A05EE59
:0476A400100A05EED5
:0476A800900A05EE51
:0476AC00900A06EE4C
:0476B000100A06EEC8
:0476B400900A07EE43
:0476B800100A07EEBF
:0476BC00900A08EE3A
:0476C000100A08EEB6
:0476C400900A09EE31
:0476C800100A09EEAD
:0476CC00900A0AEE28
:0476D000100A0AEEA4
:0476D400900A0BEE1F
:0476D800100A0BEE9B
:0476DC00900A0CEE16
:0476E000100A0CEE92
:0476E400900A0DEE0D
:0476E800100A0DEE89
:0476EC00900A0EEE04
:0476F000100A0EEE80
:0476F400900A0FEEFB
:0476F800100A0FEE77
:0476FC00900A4CF6AE
:04770000CC41CCF6B6
:04770400CC4100EE86
:04770800101ABFF3A1
:04770C006F8F10EE7D
:04771000102A4FEA02
:047714007B0B8BEA76
:04771800020B00EE72
:04771C00901ABFF30D
:047720006F8F10EE69
:04772400902A4FEA6E
:047728007B0B8BEA62
:04772C00020B01EE5D
:04773000101ABFF379
:047734006F8F11EE54
:04773800102A4FEADA
:04773C007B0B8BEA4E
:04774000020B01EE49
:04774400901ABFF3E5
:047748006F8F11EE40
:04774C00902A4FEA46
:047750007B0B8BEA3A
:04775400020B02EE34
:04775800101ABFF351
:04775C006F8F12EE2B
:04776000102A4FEAB2
:047764007B0B8BEA26
:04776800020B02EE20
:04776C00901ABFF3BD
:047770006F8F12EE17
:04777400902A4FEA1E
:047778007B0B8BEA12
:04777C00020B03EE0B
:04778000101ABFF329
:047784006F8F13EE02
:04778800102A4FEA8A
:04778C007B0B8BEAFE
:04779000020B03EEF7
:04779400901ABFF395
:047798006F8F13EEEE
:04779C00902A4FEAF6
:0477A0007B0B8BEAEA
:0477A400020B04EEE2
:0477A800101ABFF301
:0477AC006F8F14EED9
:0477B000102A4FEA62
:0477B4007B0B8BEAD6
:0477B800020B04EECE
:0477BC00901ABFF36D
:0477C0006F8F14EEC5
:0477C400902A4FEACE
:0477C8007B0B8BEAC2
:0477CC00020B05EEB9
:0477D000101ABFF3D9
:0477D4006F8F15EEB0
:0477D800102A4FEA3A
:0477DC007B0B8BEAAE
:0477E000020B05EEA5
:0477E400901ABFF345
:0477E8006F8F15EE9C
:0477EC00902A4FEAA6
:0477F0007B0B8BEA9A
:0477F400020B06EE90
:0477F800101ABFF3B1
:0477FC006F8F16EE87
:04780000102A4FEA11
:047804007B0B8BEA85
:04780800020B06EE7B
:04780C00901ABFF31C
:047810006F8F16EE72
:04781400902A4FEA7D
:047818007B0B8BEA71
:04781C00020B07EE66
:04782000101ABFF388
:047824006F8F17EE5D
:04782800102A4FEAE9
:04782C007B0B8BEA5D
:04783000020B07EE52
:04783400901ABFF3F4
:047838006F8F17EE49
:04783C00902A4FEA55
:047840007B0B8BEA49
:04784400020B08EE3D
:04784800101ABFF360
:04784C006F8F18EE34
:04785000102A4FEAC1
:047854007B0B8BEA35
:04785800020B08EE29
:04785C00901ABFF3CC
:047860006F8F18EE20
:04786400902A4FEA2D
:047868007B0B8BEA21
:04786C00020B09EE14
:04787000101ABFF338
:047874006F8F19EE0B
:04787800102A4FEA99
:04787C007B0B8BEA0D
:04788000020B09EE00
:04788400901ABFF3A4
:047888006F8F19EEF7
:04788C00902A4FEA05
:047890007B0B8BEAF9
:04789400020B0AEEEB
:04789800101ABFF310
:04789C006F8F1AEEE2
:0478A000102A4FEA71
:0478A4007B0B8BEAE5
:0478A800020B0AEED7
:0478AC00901ABFF37C
:0478B0006F8F1AEECE
:0478B400902A4FEADD
:0478B8007B0B8BEAD1
:0478BC00020B0BEEC2
:0478C000101ABFF3E8
:0478C4006F8F1BEEB9
:0478C800102A4FEA49
:0478CC007B0B8BEABD
:0478D000020B0BEEAE
:0478D400901ABFF354
:0478D8006F8F1BEEA5
:0478DC00902A4FEAB5
:0478E0007B0B8BEAA9
:0478E400020B0CEE99
:0478E800101ABFF3C0
:0478EC006F8F1CEE90
:0478F000102A4FEA21
:0478F4007B0B8BEA95
:0478F800020B0CEE85
:0478FC00901ABFF32C
:047900006F8F1CEE7B
:04790400902A4FEA8C
:047908007B0B8BEA80
:04790C00020B0DEE6F
:04791000101ABFF397
:047914006F8F1DEE66
:04791800102A4FEAF8
:04791C007B0B8BEA6C
:04792000020B0DEE5B
:04792400901ABFF303
:047928006F8F1DEE52
:04792C00902A4FEA64
:047930007B0B8BEA58
:04793400020B0EEE46
:04793800101ABFF36F
:04793C006F8F1EEE3D
:04794000102A4FEAD0
:047944007B0B8BEA44
:04794800020B0EEE32
:04794C00901ABFF3DB
:047950006F8F1EEE29
:04795400902A4FEA3C
:047958007B0B8BEA30
:04795C00020B0FEE1D
:04796000101ABFF347
:047964006F8F1FEE14
:04796800102A4FEAA8
:04796C007B0B8BEA1C
:04797000020B0FEE09
:04797400901ABFF3B3
:047978006F8F1FEE00
:04797C00902ABDECA4
:04798000108ABDECC0
:04798400100A4FEAAC
:047988007B0B8BEA00
:04798C00020B9CEA64
:047990000B0C4AF69C
:04799400451BCFF2CE
:04799800566B01BC6D
:04799C00FBF7C0FD38
:0479A0005DF804ABDF
:0479A4008AF3008CD6
:0479A800BDE8FE1F19
:0479AC005DF804EB93
:0479B000704700BF5D
:0479B40000B5FBF728
:0479B800E3FD04F0F7
:0479BC0047FA4AF646
:0479C000AA2BCAF62E
:0479C400AA2B45F2B3
:0479C8005556CAF650
:0479CC00AA264AF6A7
:0479D000AA27C5F22B
:0479D400555740F2D1
:0479D8000005C0F2F4
:0479DC000F0596FA03
:0479E00007F84FEA6B
:0479E4007B0B88EAA7
:0479E8000B0BEFF3A3
:0479EC00008404EA25
:0479F00005044FEA51
:0479F4007B0B84EA9B
:0479F8000B0B4AF635
:0479FC00AA26C5F200
:047A0000555696FA47
:047A040007F84FEA46
:047A08007B0B88EA82
:047A0C000B0BEFF37E
:047A1000008404EA00
:047A140005044FEA2C
:047A18007B0B84EA76
:047A1C000B0B45F219
:047A20005556CAF6F7
:047A2400AA26374611
:047A280096FA07F8CB
:047A2C004FEA7B0B97
:047A300088EA0B0BCA
:047A3400EFF30084E8
:047A380004EA050453
:047A3C004FEA7B0B87
:047A400084EA0B0BBE
:047A440040F2000606
:047A4800C0F2000682
:047A4C00374696FA29
:047A500007F84FEAFA
:047A54007B0B88EA36
:047A58000B0BEFF332
:047A5C00008404EAB4
:047A600005044FEAE0
:047A64007B0B84EA2A
:047A68000B0B4AF6C4
:047A6C005526CAF6DB
:047A7000552645F260
:047A7400AA57C5F256
:047A7800AA5786FA89
:047A7C0007F84FEACE
:047A80007B0B88EA0A
:047A84000B0BEFF306
:047A8800008404EA88
:047A8C0005044FEAB4
:047A90007B0B84EAFE
:047A94000B0B40F2A6
:047A98000006C0F232
:047A9C000006374663
:047AA00086FA07F863
:047AA4004FEA7B0B1F
:047AA80088EA0B0B52
:047AAC00EFF3008470
:047AB00004EA0504DB
:047AB4004FEA7B0B0F
:047AB80084EA0B0B46
:047ABC004FF0000087
:047AC00080F30084CB
:047AC4009CEA0B0C21
:047AC8004AF6AA2BA5
:047ACC00CAF6AA2B21
:047AD0004AF6AA26A2
:047AD400C5F255564C
:047AD80045F25557C7
:047ADC00CAF6AA2715
:047AE00096FA27FAF1
:047AE4004FEA7B0BDF
:047AE8008AEA0B0B10
:047AEC0045F25557B3
:047AF000CAF6AA2701
:047AF4003E4696FA7A
:047AF80027FA4FEA30
:047AFC007B0B8AEA8C
:047B00000B0B4AF62B
:047B0400AA27C5F2F5
:047B080055573E4649
:047B0C0096FA27FAC4
:047B10004FEA7B0BB2
:047B14008AEA0B0BE3
:047B18004AF65526AE
:047B1C00C5F2AA56AE
:047B20004AF65527A5
:047B2400C5F2AA57A5
:047B280086FA27FAB8
:047B2C004FEA7B0B96
:047B30008AEA0B0BC7
:047B340045F2AA5616
:047B3800CAF655260E
:047B3C0045F2AA570D
:047B4000CAF6552705
:047B440086FA27FA9C
:047B48004FEA7B0B7A
:047B4C008AEA0B0BAB
:047B50009CEA0B0C94
:047B54004AF6AA2B18
:047B5800CAF6AA2B94
:047B5C004AF6AA2615
:047B6000CAF6AA2691
:047B640045F255573A
:047B6800C5F25557B6
:047B6C00A6FA27F856
:047B70004FEA7B0B52
:047B740088EA0B0B85
:047B78004FF6FF764F
:047B7C00C5F25556A3
:047B800045F255571E
:047B8400C0F2000744
:047B8800A6FA27F83A
:047B8C004FEA7B0B36
:047B900088EA0B0B69
:047B94004FF6FF7633
:047B9800CFF6FF76AF
:047B9C0047F6FF7732
:047BA000C7F6FF77AE
:047BA400A6FA27F81E
:047BA8004FEA7B0B1A
:047BAC0088EA0B0B4D
:047BB00045F25556EF
:047BB400CAF6AA263D
:047BB8004AF6AA27B8
:047BBC00CAF6AA2734
:047BC000A6FA27F802
:047BC4004FEA7B0BFE
:047BC80088EA0B0B31
:047BCC0045F25556D3
:047BD000CAF6AA2621
:047BD40045F25557CA
:047BD800CAF6AA2718
:047BDC00E6FA27F8A6
:047BE0004FEA7B0BE2
:047BE40088EA0B0B15
:047BE8004FF6FF76DF
:047BEC00CFF6FF765B
:047BF00040F2000758
:047BF400CFF6FF7752
:047BF800E6FA27F88A
:047BFC004FEA7B0BC6
:047C000088EA0B0BF8
:047C04004AF6AA266C
:047C0800C5F2555616
:047C0C004AF6AA2763
:047C1000C5F255570D
:047C1400E6FA27F86D
:047C18004FEA7B0BA9
:047C1C0088EA0B0BDC
:047C200040F2041614
:047C2400C0F245065F
:047C280047F60477A0
:047C2C00C0F2180783
:047C3000C6FA27F871
:047C34004FEA7B0B8D
:047C380088EA0B0BC0
:047C3C0040F6FF7699
:047C4000C4F2FF1675
:047C440040F6FF7790
:047C4800C0F2490736
:047C4C00C6FA27F855
:047C50004FEA7B0B71
:047C540088EA0B0BA4
:047C580040F6FF767D
:047C5C00C0F2490623
:047C600040F6FF7774
:047C6400C0F249071A
:047C6800D6FA27F829
:047C6C004FEA7B0B55
:047C700088EA0B0B88
:047C740040F20206D2
:047C7800C8F2010647
:047C7C0047F605774B
:047C8000C0F6FF77D4
:047C8400D6FA27F80D
:047C88004FEA7B0B39
:047C8C0088EA0B0B6C
:047C90009CEA0B0C53
:047C94004AF6AA2BD7
:047C9800CAF6AA2B53
:047C9C004AF6552629
:047CA000CAF65526A5
:047CA4004AF6552720
:047CA800CAF655279C
:047CAC00C6FA07F815
:047CB0004FEA7B0B11
:047CB40088EA0B0B44
:047CB80045F2AA5691
:047CBC00C5F2AA560D
:047CC0004AF6552704
:047CC400CAF6552780
:047CC800C6FA07F8F9
:047CCC004FEA7B0BF5
:047CD00088EA0B0B28
:047CD4004FF6FF76F2
:047CD800CFF6FF766E
:047CDC004AF65537D8
:047CE000CAF6553754
:047CE400C6FA07F8DD
:047CE8004FEA7B0BD9
:047CEC0088EA0B0B0C
:047CF0004AF6AA2680
:047CF400C5F255562A
:047CF80045F25557A5
:047CFC00CAF6AA27F3
:047D0000D6FA07F8B0
:047D04004FEA7B0BBC
:047D080088EA0B0BEF
:047D0C004FF6FF76B9
:047D1000CFF6FF7635
:047D140045F2555788
:047D1800CAF6AB27D5
:047D1C00D6FA07F894
:047D20004FEA7B0BA0
:047D240088EA0B0BD3
:047D280040F2000520
:047D2C00C0F20F058D
:047D300045F255566D
:047D3400CAF6AA26BB
:047D380045F2555764
:047D3C00CAF6AA27B2
:047D4000A6FA07F8A0
:047D44004FEA7B0B7C
:047D480088EA0B0BAF
:047D4C00EFF30084CD
:047D500004EA050438
:047D54004FEA7B0B6C
:047D580084EA0B0BA3
:047D5C004FF6FF7669
:047D6000C0F2000667
:047D640040F20007E2
:047D6800C0F200075E
:047D6C00A6FA07F874
:047D70004FEA7B0B50
:047D740088EA0B0B83
:047D7800EFF30084A1
:047D7C0004EA05040C
:047D80004FEA7B0B40
:047D840084EA0B0B77
:047D880040F20006BF
:047D8C00C0F200063B
:047D900040F20007B6
:047D9400C0F2000732
:047D9800A6FA07F848
:047D9C004FEA7B0B24
:047DA00088EA0B0B57
:047DA400EFF3008475
:047DA80004EA0504E0
:047DAC004FEA7B0B14
:047DB00084EA0B0B4B
:047DB4004AF6AA26BB
:047DB800C5F2555665
:047DBC004AF6AA27B2
:047DC000C5F255575C
:047DC400E6FA07F8DC
:047DC8004FEA7B0BF8
:047DCC0088EA0B0B2B
:047DD000EFF3008449
:047DD40004EA0504B4
:047DD8004FEA7B0BE8
:047DDC0084EA0B0B1F
:047DE00045F25556BD
:047DE400CAF6AA260B
:047DE80045F25557B4
:047DEC00CAF6AA2702
:047DF000E6FA07F8B0
:047DF4004FEA7B0BCC
:047DF80088EA0B0BFF
:047DFC00EFF300841D
:047E000004EA050487
:047E04004FEA7B0BBB
:047E080084EA0B0BF2
:047E0C0040F200063A
:047E1000C0F20006B6
:047E140040F2000731
:047E1800C0F20007AD
:047E1C00E6FA07F883
:047E20004FEA7B0B9F
:047E240088EA0B0BD2
:047E2800EFF30084F0
:047E2C0004EA05045B
:047E30004FEA7B0B8F
:047E340084EA0B0BC6
:047E38009CEA0B0CA9
:047E3C004AF6AA2B2D
:047E4000CAF6AA2BA9
:047E44004AF6AA262A
:047E4800C5F25556D4
:047E4C004AF6AA2721
:047E5000C5F25557CB
:047E540096FA47F360
:047E58004FEA7B0B67
:047E5C0083EA0B0B9F
:047E6000EFF30084B8
:047E640004EA050423
:047E68004FEA7B0B57
:047E6C0084EA0B0B8E
:047E700045F255562C
:047E7400CAF6AA267A
:047E780045F2555723
:047E7C00CAF6AA2771
:047E800096FA47F334
:047E84004FEA7B0B3B
:047E880083EA0B0B73
:047E8C00EFF300848C
:047E900004EA0504F7
:047E94004FEA7B0B2B
:047E980084EA0B0B62
:047E9C004AF6552627
:047EA000CAF65526A3
:047EA4004AF655271E
:047EA800CAF655279A
:047EAC0086FA47F318
:047EB0004FEA7B0B0F
:047EB40083EA0B0B47
:047EB800EFF3008460
:047EBC0004EA0504CB
:047EC0004FEA7B0BFF
:047EC40084EA0B0B36
:047EC80045F2AA567F
:047ECC00C5F2AA56FB
:047ED00045F2AA5776
:047ED400C5F2AA57F2
:047ED80086FA47F3EC
:047EDC004FEA7B0BE3
:047EE00083EA0B0B1B
:047EE400EFF3008434
:047EE80004EA05049F
:047EEC004FEA7B0BD3
:047EF00084EA0B0B0A
:047EF4009CEA0B0CED
:047EF8004AF6AA2B71
:047EFC00CAF6AA2BED
:047F00004AF6AA266D
:047F0400C5F2555617
:047F080045F2555792
:047F0C00CAF6AA27E0
:047F1000A6FA47F88E
:047F14004FEA7B0BAA
:047F180088EA0B0BDD
:047F1C00EFF30084FB
:047F200004EA050466
:047F24004FEA7B0B9A
:047F280084EA0B0BD1
:047F2C0045F255566F
:047F3000CAF6AA26BD
:047F34004AF6AA2738
:047F3800C5F25557E2
:047F3C00A6FA47F862
:047F40004FEA7B0B7E
:047F440088EA0B0BB1
:047F4800EFF30084CF
:047F4C0004EA05043A
:047F50004FEA7B0B6E
:047F540084EA0B0BA5
:047F580045F2555643
:047F5C00CAF6AA2691
:047F600045F255573A
:047F6400CAF6AA2788
:047F6800E6FA47F8F6
:047F6C004FEA7B0B52
:047F700088EA0B0B85
:047F7400EFF30084A3
:047F780004EA05040E
:047F7C004FEA7B0B42
:047F800084EA0B0B79
:047F84004AF6AA26E9
:047F8800C5F2555693
:047F8C004AF6AA27E0
:047F9000C5F255578A
:047F9400E6FA47F8CA
:047F98004FEA7B0B26
:047F9C0088EA0B0B59
:047FA000EFF3008477
:047FA40004EA0504E2
:047FA8004FEA7B0B16
:047FAC0084EA0B0B4D
:047FB0009CEA0B0C30
:047FB4004AF6AA2BB4
:047FB800CAF6AA2B30
:047FBC004AF6AA26B1
:047FC000CAF6AA262D
:047FC40045F25557D6
:047FC800C5F2555752
:047FCC00C6FA67F496
:047FD0004FEA7B0BEE
:047FD40084EA0B0B25
:047FD80045F25556C3
:047FDC00C5F255563F
:047FE0004AF6AA278C
:047FE400CAF6AA2708
:047FE800C6FA67F47A
:047FEC004FEA7B0BD2
:047FF00084EA0B0B09
:047FF4004AF6AA2679
:047FF800CAF6AA26F5
:047FFC0045F255579E
:04800000C5F2555719
:04800400D6FA67F44D
:0480080084EA0B0BF0
:04800C004FEA7B0BB1
:0480100045F255568A
:04801400C5F2555606
:048018004AF6AA2753
:04801C00CAF6AA27CF
:04802000D6FA67F431
:0480240084EA0B0BD4
:048028004FEA7B0B95
:04802C009CEA0B0CB3
:048030004AF6AA2B37
:04803400CAF6AA2BB3
:048038004FF6127677
:04803C00C6F24566DD
:0480400040F20607FD
:04804400CDF218075A
:0480480076FB07F9C3
:04804C004FEA7B0B71
:0480500089EA0B0BA3
:048054004FF6FF766E
:04805800CFF6FF76EA
:04805C004FF6FF7765
:04806000CFF6FF77E1
:0480640076FB07F9A7
:048068004FEA7B0B55
:04806C0089EA0B0B87
:0480700040F20006D4
:04807400C0F2000650
:0480780076FB07F993
:04807C004FEA7B0B41
:0480800089EA0B0B73
:048084004FF612762B
:04808800C6F2456691
:04808C0040F20607B1
:04809000CDF218070E
:048094004FF6046837
:04809800CAF61638D6
:04809C0076FB078ADE
:0480A0004FEA7B0B1D
:0480A4008AEA0B0B4E
:0480A8004FF6FF761A
:0480AC00CFF6FF7696
:0480B0004FF6FF7711
:0480B400CFF6FF778D
:0480B80040F200088A
:0480BC0076FB078ABE
:0480C0004FEA7B0BFD
:0480C4008AEA0B0B2E
:0480C8004FF6FF78F8
:0480CC00CFF6FF7874
:0480D00078FB067AB9
:0480D4004FEA7B0BE9
:0480D8008AEA0B0B1A
:0480DC009CEA0B0C03
:0480E0004AF6AA2B87
:0480E400CAF6AA2B03
:0480E8004AF6AA2684
:0480EC00C5F255562E
:0480F00045F25557A9
:0480F400CAF6AA27F7
:0480F800D6FA47F37A
:0480FC004FEA7B0BC1
:0481000083EA0B0BF8
:04810400EFF3008411
:0481080004EA05047C
:04810C004FEA7B0BB0
:0481100084EA0B0BE7
:0481140045F2555685
:04811800CAF6AA26D3
:04811C004AF6AA274E
:04812000C5F25557F8
:04812400D6FA47F34D
:048128004FEA7B0B94
:04812C0083EA0B0BCC
:04813000EFF30084E5
:0481340004EA050450
:048138004FEA7B0B84
:04813C0084EA0B0BBB
:048140004AF6552680
:04814400C5F2AA5680
:0481480045F2AA57FB
:04814C00CAF65527F3
:04815000C6FA47F331
:048154004FEA7B0B68
:0481580083EA0B0BA0
:04815C00EFF30084B9
:0481600004EA050424
:048164004FEA7B0B58
:0481680084EA0B0B8F
:04816C0045F2AA56D8
:04817000CAF65526D0
:048174004AF655274B
:04817800C5F2AA574B
:04817C00C6FA47F305
:048180004FEA7B0B3C
:0481840083EA0B0B74
:04818800EFF300848D
:04818C0004EA0504F8
:048190004FEA7B0B2C
:0481940084EA0B0B63
:048198009CEA0B0C46
:04819C004AF6AA2BCA
:0481A000CAF6AA2B46
:0481A40048F28476A3
:0481A800C5F63D16C5
:0481AC0046F2FA7726
:0481B000CDF218579D
:0481B40086FA67F4EC
:0481B8004FEA7B0B04
:0481BC0084EA0B0B3B
:0481C00040F2000683
:0481C40040F200077E
:0481C80087FA66F4D8
:0481CC004FEA7B0BF0
:0481D00084EA0B0B27
:0481D4004DF21276E0
:0481D800C2F2516638
:0481DC0040F6212721
:0481E000C1F2183799
:0481E40096FA67F5AB
:0481E8004FEA7B0BD4
:0481EC0085EA0B0B0A
:0481F00040F2000653
:0481F40040F201074D
:0481F800C0F20107C9
:0481FC0096FA67F593
:048200004FEA7B0BBB
:0482040085EA0B0BF1
:048208009CEA0B0CD5
:04820C004AF6AA2B59
:04821000CAF6AA2BD5
:0482140048F2847632
:04821800C5F63D1654
:04821C0046F2FA77B5
:04822000CDF218572C
:04822400A6FA67F35C
:048228004FEA7B0B93
:04822C0083EA0B0BCB
:0482300040F2000612
:0482340040F200070D
:04823800A7FA66F348
:04823C004FEA7B0B7F
:0482400083EA0B0BB7
:048244004DF212766F
:04824800C2F25166C7
:04824C0040F62127B0
:04825000C1F2183728
:04825400E6FA67F4EB
:048258004FEA7B0B63
:04825C0084EA0B0B9A
:0482600040F20006E2
:04826400CFF6FF76DC
:048268004FF6FF7757
:04826C00C0F2000755
:04827000E6FA67F4CF
:048274004FEA7B0B47
:0482780084EA0B0B7E
:04827C009CEA0B0C61
:048280004EF69A7BA1
:04828400C8F6991B84
:0482880001BCFBF743
:04828C0049F95DF857
:0482900004AB8AF3BE
:04829400008CBDE8B5
:04829800FE1F5DF870
:04829C0004EB704738
:0482A00000B5FBF733
:0482A4006DF903F07D
:0482A800D1FD4AF6C4
:0482AC00AA2BCAF639
:0482B000AA2B4FF6B0
:0482B400FF72CFF690
:0482B800FF7240F21F
:0482BC000005C0F603
:0482C000000540F283
:0482C400000080F343
:0482C80000884BF2ED
:0482CC00B131CFF607
:0482D000F47121F331
:0482D4000D024FEA5E
:0482D8007B0B92EAA0
:0482DC000B0BEFF3A6
:0482E000008404EA28
:0482E40005044FEA54
:0482E8007B0B94EA8E
:0482EC000B0B4FF633
:0482F000FF72CFF654
:0482F400FF7240F2E3
:0482F800CA5180F3F4
:0482FC00008821F3E2
:048300000C024FEA32
:048304007B0B92EA73
:048308000B0BEFF379
:04830C00008404EAFB
:0483100005044FEA27
:048314007B0B94EA61
:048318000B0B9CEAC5
:04831C000B0C4AF606
:04832000AA2BCAF6C4
:04832400AA2B4FF63B
:04832800FF72CFF61B
:04832C00FF7240F2AA
:04833000000080F3D6
:0483340000884BF280
:048338009F31CAF2B5
:04833C008C31A1F3EC
:048340000B024FEAF3
:048344007B0B92EA33
:048348000B0BEFF339
:04834C00008404EABB
:0483500005044FEAE7
:048354007B0B94EA21
:048358000B0B4FF6C6
:04835C00FF72CFF6E7
:04836000FF7240F276
:04836400DE5180F373
:048368000088A1F3F5
:04836C000C024FEAC6
:048370007B0B92EA07
:048374000B0BEFF30D
:04837800008404EA8F
:04837C0005044FEABB
:048380007B0B94EAF5
:048384000B0B9CEA59
:048388000B0C4AF69A
:04838C00AA2BCAF658
:04839000AA2B4BF2D7
:048394009F31CAF259
:048398008C314AF2E8
:04839C00D972CEF2D2
:0483A0008C424FF6C6
:0483A400FF73CFF69E
:0483A800FF73C1FAA4
:0483AC0052F34FEA4F
:0483B0007B0B93EAC6
:0483B4000B0B4FF66A
:0483B800FF73CFF68A
:0483BC00FF7340F219
:0483C000DE5540F650
:0483C400F566C5FA9B
:0483C80056F34FEA2F
:0483CC007B0B93EAAA
:0483D0000B0B9CEA0D
:0483D4000B0C4AF64E
:0483D800AA2BCAF60C
:0483DC00AA2B4BF28B
:0483E0009F31CAF20D
:0483E4008C314AF29C
:0483E800D972CEF286
:0483EC008C424FF67A
:0483F000FF73CFF652
:0483F400FF73D1FA48
:0483F80052F34FEA03
:0483FC007B0B93EA7A
:048400000B0B4FF61D
:04840400FF73CFF63D
:04840800FF7340F2CC
:04840C00DE5140F607
:04841000F562D1FA46
:0484140052F34FEAE6
:048418007B0B93EA5D
:04841C000B0B9CEAC0
:048420000B0C4AF601
:04842400AA2BCAF6BF
:04842800AA2B4AF63B
:04842C00AA20CAF6C2
:04843000AA204AF63E
:04843400AA21CAF6B9
:04843800AA2140FA3B
:04843C0081F24FEA90
:048440007B0B8BEA3D
:04844400020B45F2F0
:048448005550C5F2D4
:04844C00555045F250
:048450005551C5F2CB
:04845400555140FA44
:0484580091F24FEA64
:04845C007B0B8BEA21
:04846000020B4AF6CB
:04846400AA21C0F297
:04846800000140F2DD
:04846C00FF72C0F6E5
:04847000007241FA5B
:04847400A2F04FEA39
:048478007B0B8BEA05
:04847C00000B4FF6AC
:04848000AF71C0F226
:04848400FF0140F6BE
:04848800FF72C0F2CD
:04848C00F03241FA8F
:04849000B2F04FEA0D
:048494007B0B8BEAE9
:04849800000B9CEA4F
:04849C000B0C4AF685
:0484A000AA2BCAF643
:0484A400AA2B4AF6BF
:0484A800AA20CAF646
:0484AC00AA204AF6C2
:0484B000AA21CAF63D
:0484B400AA2100FAFF
:0484B80081F24FEA14
:0484BC007B0B8BEAC1
:0484C000020B45F274
:0484C4005550C5F258
:0484C800555045F2D4
:0484CC005551C5F24F
:0484D000555100FA08
:0484D40091F24FEAE8
:0484D8007B0B8BEAA5
:0484DC00020B4AF64F
:0484E000AA21C0F21B
:0484E400000140F261
:0484E800FF72C0F669
:0484EC00007201FA1F
:0484F000A2F04FEABD
:0484F4007B0B8BEA89
:0484F800000B4FF630
:0484FC00AF71C0F2AA
:04850000FF0140F641
:04850400FF72C0F250
:04850800F03201FA52
:04850C00B2F04FEA90
:048510007B0B8BEA6C
:04851400000B9CEAD2
:048518000B0C4AF608
:04851C00AA2BCAF6C6
:04852000AA2B40F250
:048524000000C0F2A1
:04852800000040F21D
:04852C000001C0F298
:04853000000140F610
:04853400C752C0F278
:04853800F00221FA32
:04853C0082F04FEA90
:048540007B0B8BEA3C
:04854400000B40F2F6
:048548000001C0F27C
:04854C00000140F2F8
:048550002F72C0F2D4
:04855400670221FA9F
:0485580092F04FEA64
:04855C007B0B8BEA20
:04856000000B4FF6C7
:04856400FF71C0F2F1
:04856800000140F6D8
:04856C00FF72C0F2E8
:04857000700221FA7A
:04857400A2F04FEA38
:048578007B0B8BEA04
:04857C00000B4FF6AB
:04858000A021CEF276
:04858400FD0140F6BF
:048588000F72C0F2BC
:04858C00F03221FAAE
:04859000B2F04FEA0C
:048594007B0B8BEAE8
:04859800000B9CEA4E
:04859C000B0C4AF684
:0485A000AA2BCAF642
:0485A400AA2B40F2CC
:0485A8000003C0F21A
:0485AC00000340F296
:0485B0000001C0F214
:0485B400000140F68C
:0485B800C752C0F2F4
:0485BC00F00251FA7E
:0485C00082F34FEA09
:0485C4007B0B8BEAB8
:0485C800030B40F26F
:0485CC00AA01C0F24E
:0485D000000140F274
:0485D400C702C0F228
:0485D800000251FA52
:0485DC0092F34FEADD
:0485E0007B0B8BEA9C
:0485E400030B4FF640
:0485E800FF71C0F26D
:0485EC00000140F654
:0485F000CD72C0F296
:0485F4007F0251FAB7
:0485F800A2F34FEAB1
:0485FC007B0B8BEA80
:04860000030B4FF227
:04860400A011CEF201
:04860800BD0140F67A
:04860C000D22C0F289
:04861000E03251FA09
:04861400B2F34FEA84
:048618007B0B8BEA63
:04861C00030B9CEAC6
:048620000B0C4AF6FF
:04862400AA2BCAF6BD
:04862800AA2B40F247
:04862C000009C0F28F
:04863000000940F20B
:048634000001C0F28F
:04863800000140F607
:04863C00C752C0F26F
:04864000F00211FA39
:0486440082F94FEA7E
:048648007B0B8BEA33
:04864C00090B4AF6D6
:048650000021C0F64F
:04865400FF714FF271
:048658002C32CCF202
:04865C00670211FAA6
:0486600092F94FEA52
:048664007B0B8BEA17
:04866800090B4FF6B5
:04866C00FF71C0F2E8
:04867000000140F6CF
:04867400CD72CBF206
:04867800CF0211FA22
:04867C00A2F94FEA26
:048680007B0B8BEAFB
:04868400090B4DF29F
:04868800AF11CEF26E
:04868C00BD014BF6EB
:048690000D22C0F205
:04869400E23211FAC3
:04869800B2F94FEAFA
:04869C007B0B8BEADF
:0486A000090B9CEA3C
:0486A4000B0C4AF67B
:0486A800AA2BCAF639
:0486AC00AA2B40F2C3
:0486B000000AC0F20A
:0486B400000A40F286
:0486B8000001C0F20B
:0486BC00000140F683
:0486C000F772C0F29B
:0486C400070231FA7E
:0486C80082FA4FEAF9
:0486CC007B0B8BEAAF
:0486D0000A0B40F25F
:0486D4000A01C0F2E5
:0486D800000140F26B
:0486DC003F72C0F237
:0486E000F00231FA79
:0486E40092FA4FEACD
:0486E8007B0B8BEA93
:0486EC000A0B40F243
:0486F0000B01C0F2C8
:0486F4000B0140F640
:0486F800FF72C0F25B
:0486FC00770231FAD6
:04870000A2FA4FEAA0
:048704007B0B8BEA76
:048708000A0B4FF613
:04870C00AF71C0F297
:04871000FF0140F62F
:04871400FF72C0F23E
:04871800F03231FA10
:04871C00B2FA4FEA74
:048720007B0B8BEA5A
:048724000A0B9CEAB6
:048728000B0C4AF6F6
:04872C00AA2BCAF6B4
:04873000AA2B4FF031
:04873400000141F20D
:048738001222CAF649
:04873C00AB322FFA33
:0487400082F14FEA89
:048744007B0B81EA40
:048748000B0B2FFAEE
:04874C0092F14FEA6D
:048750007B0B81EA34
:048754000B0B2FFAE2
:04875800A2F14FEA51
:04875C007B0B81EA28
:048760000B0B2FFAD6
:04876400B2F14FEA35
:048768007B0B81EA1C
:04876C000B0B4FF0B4
:0487700000014EF6C0
:04877400ED52C5F20B
:0487780054422FFA3E
:04877C0082F14FEA4D
:048780007B0B81EA04
:048784000B0B2FFAB2
:0487880092F14FEA31
:04878C007B0B81EAF8
:048790000B0B2FFAA6
:04879400A2F14FEA15
:048798007B0B81EAEC
:04879C000B0B2FFA9A
:0487A000B2F14FEAF9
:0487A4007B0B81EAE0
:0487A8000B0B9CEA31
:0487AC000B0C4AF672
:0487B000AA2BCAF630
:0487B400AA2B4FF0AD
:0487B800000140F686
:0487BC000E72C0F683
:0487C00005723FFA05
:0487C40082F14FEA05
:0487C8007B0B81EABC
:0487CC000B0B3FFA5A
:0487D00092F14FEAE9
:0487D4007B0B81EAB0
:0487D8000B0B3FFA4E
:0487DC00A2F14FEACD
:0487E0007B0B81EAA4
:0487E4000B0B3FFA42
:0487E800B2F14FEAB1
:0487EC007B0B81EA98
:0487F0000B0B4FF030
:0487F40000014FF23F
:0487F800F102CFF2C9
:0487FC00FA023FFA44
:0488000082F14FEAC8
:048804007B0B81EA7F
:048808000B0B3FFA1D
:04880C0092F14FEAAC
:048810007B0B81EA73
:048814000B0B3FFA11
:04881800A2F14FEA90
:04881C007B0B81EA67
:048820000B0B3FFA05
:04882400B2F14FEA74
:048828007B0B81EA5B
:04882C000B0B9CEAAC
:048830000B0C40F2FB
:04883400081BC4F663
:048838007D7B01BC87
:04883C00FAF770FED9
:048840005DF804AB30
:048844008AF3008C27
:04884800BDE8FE1F6A
:04884C005DF804EBE4
:04885000704700BFAE
:0488540000B5FAF77A
:0488580093FE03F098
:04885C00F7FAEFF345
:04886000008929F072
:04886400784787F3D7
:0488680000884AF644
:04886C00AA2BCAF673
:04887000AA2B4AF2F3
:04887400A550CAF24F
:04887800A55045F6CC
:04887C005A21C5F6C2
:048880005A2143F640
:048884003C42C3F6B9
:048888003C4210FB63
:04888C000123EFF3E2
:04889000008404F06C
:0488940000644FEA43
:048898007B0B83EAE9
:04889C000B0B4FEA89
:0488A0007B0B84EAE0
:0488A4000B0B45F67F
:0488A8005A20C5F697
:0488AC005A204AF212
:0488B000A551CAF212
:0488B400A5514CF28C
:0488B800C332CCF209
:0488BC00C33210FBB8
:0488C0000123EFF3AE
:0488C400008404F038
:0488C80000644FEA0F
:0488CC007B0B83EAB5
:0488D0000B0B4FEA55
:0488D4007B0B84EAAC
:0488D8000B0B40F650
:0488DC00C220C0F204
:0488E000000042F260
:0488E400BC51C0F2D1
:0488E800000140F259
:0488EC001A42C0F27A
:0488F000300210FB47
:0488F4000123EFF37A
:0488F800008404F004
:0488FC0000644FEADB
:048900007B0B83EA80
:048904000B0B4FEA20
:048908007B0B84EA77
:04890C000B0B4FF60C
:04891000F070C0F251
:04891400000048F225
:048918000701C0F2A1
:04891C00000147F619
:04892000FF72C9F227
:048924004F3210FBC3
:048928000123EFF345
:04892C00008404F0CF
:0489300000644FEAA6
:048934007B0B83EA4C
:048938000B0B4FEAEC
:04893C007B0B84EA43
:048940000B0BEFF33B
:04894400008929F08D
:04894800784787F3F2
:04894C0000884AF263
:04895000A550CAF272
:04895400A55045F6EF
:048958005A21C5F6E5
:04895C005A2143F663
:048960003C42C3F6DC
:048964003C4210FB86
:048968001123EFF3F5
:04896C00008404F08F
:0489700000644FEA66
:048974007B0B83EA0C
:048978000B0B4FEAAC
:04897C007B0B84EA03
:048980000B0B45F6A2
:048984005A20C5F6BA
:048988005A204AF235
:04898C00A551CAF235
:04899000A5514CF2AF
:04899400C332CCF22C
:04899800C33210FBDB
:04899C001123EFF3C1
:0489A000008404F05B
:0489A40000644FEA32
:0489A8007B0B83EAD8
:0489AC000B0B4FEA78
:0489B0007B0B84EACF
:0489B4000B0B40F673
:0489B800C220C0F227
:0489BC00000040F285
:0489C0000001C2F2FE
:0489C400BC5140F270
:0489C8001A42C0F29D
:0489CC00300210FB6A
:0489D0001123EFF38D
:0489D400008404F027
:0489D80000644FEAFE
:0489DC007B0B83EAA4
:0489E0000B0B4FEA44
:0489E4007B0B84EA9B
:0489E8000B0B4FF630
:0489EC00F070C0F275
:0489F000000040F251
:0489F4000001C8F2C4
:0489F800070147F636
:0489FC00FF72C9F24B
:048A00004F3210FBE6
:048A04001123EFF358
:048A0800008404F0F2
:048A0C0000644FEAC9
:048A10007B0B83EA6F
:048A14000B0B4FEA0F
:048A18007B0B84EA66
:048A1C000B0BEFF35E
:048A2000008929F0B0
:048A2400784787F315
:048A280000884AF286
:048A2C00A550CAF295
:048A3000A55045F612
:048A34005A21C5F608
:048A38005A2143F686
:048A3C003C42C3F6FF
:048A40003C4210FBA9
:048A44002123EFF308
:048A4800008404F0B2
:048A4C0000644FEA89
:048A50007B0B83EA2F
:048A54000B0B4FEACF
:048A58007B0B84EA26
:048A5C000B0B45F6C5
:048A60005A20C5F6DD
:048A64005A204AF258
:048A6800A551CAF258
:048A6C00A5514CF2D2
:048A7000C332CCF24F
:048A7400C33210FBFE
:048A78002123EFF3D4
:048A7C00008404F07E
:048A800000644FEA55
:048A84007B0B83EAFB
:048A88000B0B4FEA9B
:048A8C007B0B84EAF2
:048A90000B0B40F29A
:048A94000000C0F628
:048A9800C22042F2C4
:048A9C00BC51C0F217
:048AA000000140F29F
:048AA4001A42C0F2C0
:048AA800300210FB8D
:048AAC002123EFF3A0
:048AB000008404F04A
:048AB40000644FEA21
:048AB8007B0B83EAC7
:048ABC000B0B4FEA67
:048AC0007B0B84EABE
:048AC4000B0B40F266
:048AC8000000C0F6F4
:048ACC00FF7048F2FD
:048AD0000701C0F2E8
:048AD400000147F660
:048AD800FF72C9F26E
:048ADC004F3210FB0A
:048AE0002123EFF36C
:048AE400008404F016
:048AE80000644FEAED
:048AEC007B0B83EA93
:048AF0000B0B4FEA33
:048AF4007B0B84EA8A
:048AF8000B0BEFF382
:048AFC00008929F0D4
:048B0000784787F338
:048B040000884AF2A9
:048B0800A550CAF2B8
:048B0C00A55045F635
:048B10005A21C5F62B
:048B14005A2143F6A9
:048B18003C42C3F622
:048B1C003C4210FBCC
:048B20003123EFF31B
:048B2400008404F0D5
:048B280000644FEAAC
:048B2C007B0B83EA52
:048B30000B0B4FEAF2
:048B34007B0B84EA49
:048B38000B0B45F6E8
:048B3C005A20C5F600
:048B40005A204AF27B
:048B4400A551CAF27B
:048B4800A5514CF2F5
:048B4C00C332CCF272
:048B5000C33210FB21
:048B54003123EFF3E7
:048B5800008404F0A1
:048B5C0000644FEA78
:048B60007B0B83EA1E
:048B64000B0B4FEABE
:048B68007B0B84EA15
:048B6C000B0B40F2BD
:048B70000000C0F64B
:048B7400C22040F2E9
:048B78000001C2F244
:048B7C00BC5140F2B6
:048B80001A42C0F2E3
:048B8400300210FBB0
:048B88003123EFF3B3
:048B8C00008404F06D
:048B900000644FEA44
:048B94007B0B83EAEA
:048B98000B0B4FEA8A
:048B9C007B0B84EAE1
:048BA0000B0B40F289
:048BA4000000CFF608
:048BA800F07040F237
:048BAC000001C8F20A
:048BB000070147F67C
:048BB400FF72C9F291
:048BB8004F3210FB2D
:048BBC003123EFF37F
:048BC000008404F039
:048BC40000644FEA10
:048BC8007B0B83EAB6
:048BCC000B0B4FEA56
:048BD0007B0B84EAAD
:048BD4000B0B8CEA11
:048BD8000B0CEFF3A0
:048BDC00008929F0F3
:048BE000784787F358
:048BE40000884AF6C5
:048BE800AA2BCAF6F4
:048BEC00AA2B45F675
:048BF0005A20C3F64E
:048BF4003C404AF2C5
:048BF800A551CCF2C5
:048BFC00C33147F644
:048C00007802C7F639
:048C0400780240F2C0
:048C08000003C0F2B3
:048C0C00000320FB46
:048C10000123EFF35A
:048C1400008404F0E4
:048C180000644FEABB
:048C1C007B0B83EA61
:048C20000B0B4FEA01
:048C24007B0B84EA58
:048C28000B0B4AF2F6
:048C2C00A550CCF291
:048C3000C33045F612
:048C34005A21C3F608
:048C38003C4148F281
:048C3C008772C8F281
:048C4000877220FB1C
:048C44000123EFF326
:048C4800008404F0B0
:048C4C0000644FEA87
:048C50007B0B83EA2D
:048C54000B0B4FEACD
:048C58007B0B84EA24
:048C5C000B0B40F2CC
:048C60000000C2F658
:048C6400AC2040F20E
:048C68000001C5F64C
:048C6C004C614AF617
:048C7000E032C0F23C
:048C74003A0220FBA5
:048C78000123EFF3F2
:048C7C00008404F07C
:048C800000644FEA53
:048C84007B0B83EAF9
:048C88000B0B4FEA99
:048C8C007B0B84EAF0
:048C90000B0BEFF3E8
:048C9400008929F03A
:048C9800784787F39F
:048C9C00008845F611
:048CA0005A20C3F69D
:048CA4003C404CF212
:048CA800C331CAF218
:048CAC00A55147F691
:048CB0007802C7F689
:048CB400780220FB27
:048CB8001123EFF3A2
:048CBC00008404F03C
:048CC00000644FEA13
:048CC4007B0B83EAB9
:048CC8000B0B4FEA59
:048CCC007B0B84EAB0
:048CD0000B0B4AF24E
:048CD400A550CCF2E9
:048CD800C33043F66C
:048CDC003C41C5F65C
:048CE0005A2148F2DB
:048CE4008772C8F2D9
:048CE800877220FB74
:048CEC001123EFF36E
:048CF000008404F008
:048CF40000644FEADF
:048CF8007B0B83EA85
:048CFC000B0B4FEA25
:048D00007B0B84EA7B
:048D04000B0B40F223
:048D08000000C2F6AF
:048D0C00AC2045F65C
:048D10004C61C0F200
:048D140000014AF61A
:048D1800E032C0F293
:048D1C003A0220FBFC
:048D20001123EFF339
:048D2400008404F0D3
:048D280000644FEAAA
:048D2C007B0B83EA50
:048D30000B0B4FEAF0
:048D34007B0B84EA47
:048D38000B0BEFF33F
:048D3C00008929F091
:048D4000784787F3F6
:048D440000884AF267
:048D4800A550CAF276
:048D4C00A55047F6F1
:048D50007801C7F6E9
:048D5400780143F669
:048D58003C42C3F6E0
:048D5C003C4230FB6A
:048D60000123EFF309
:048D6400008404F093
:048D680000644FEA6A
:048D6C007B0B83EA10
:048D70000B0B4FEAB0
:048D74007B0B84EA07
:048D78000B0B45F6A6
:048D7C005A20C5F6BE
:048D80005A2048F23B
:048D84008771C8F239
:048D880087714CF2B1
:048D8C00C332CCF230
:048D9000C33230FBBF
:048D94000123EFF3D5
:048D9800008404F05F
:048D9C0000644FEA36
:048DA0007B0B83EADC
:048DA4000B0B4FEA7C
:048DA8007B0B84EAD3
:048DAC000B0B45F672
:048DB0004270CDF24E
:048DB400F64045F24E
:048DB800EA41C0F2DA
:048DBC0000014AF672
:048DC000B842C0F203
:048DC400FF1230FB6F
:048DC8000123EFF3A1
:048DCC00008404F02B
:048DD00000644FEA02
:048DD4007B0B83EAA8
:048DD8000B0B4FEA48
:048DDC007B0B84EA9F
:048DE0000B0B4FF634
:048DE400FF70C7F65F
:048DE800FF7047F6DB
:048DEC00FF71C0F261
:048DF000000145F643
:048DF400B122CDF6E5
:048DF800800230FBCA
:048DFC000123EFF36D
:048E0000008404F0F6
:048E040000644FEACD
:048E08007B0B83EA73
:048E0C000B0B4FEA13
:048E10007B0B84EA6A
:048E14000B0BEFF362
:048E1800008929F0B4
:048E1C00784787F319
:048E200000884AF28A
:048E2400A550CAF299
:048E2800A55047F614
:048E2C007801C7F60C
:048E3000780143F68C
:048E34003C42C3F603
:048E38003C4230FB8D
:048E3C000123EFF32C
:048E4000008404F0B6
:048E440000644FEA8D
:048E48007B0B83EA33
:048E4C000B0B4FEAD3
:048E50007B0B84EA2A
:048E54000B0B45F6C9
:048E58005A20C5F6E1
:048E5C005A2048F25E
:048E60008771C8F25C
:048E640087714CF2D4
:048E6800C332CCF253
:048E6C00C33230FBE2
:048E70000123EFF3F8
:048E7400008404F082
:048E780000644FEA59
:048E7C007B0B83EAFF
:048E80000B0B4FEA9F
:048E84007B0B84EAF6
:048E88000B0B45F695
:048E8C004270CDF271
:048E9000F64040F276
:048E94000001C5F222
:048E9800EA414AF66B
:048E9C00B842C0F226
:048EA000FF1230FB92
:048EA4000123EFF3C4
:048EA800008404F04E
:048EAC0000644FEA25
:048EB0007B0B83EACB
:048EB4000B0B4FEA6B
:048EB8007B0B84EAC2
:048EBC000B0B4FF657
:048EC000FF70C7F682
:048EC400FF7040F209
:048EC8000001C7F6E8
:048ECC00FF7145F6F7
:048ED000B122CDF608
:048ED400800230FBED
:048ED8000123EFF390
:048EDC00008404F01A
:048EE00000644FEAF1
:048EE4007B0B83EA97
:048EE8000B0B4FEA37
:048EEC007B0B84EA8E
:048EF0000B0B9CEAE2
:048EF4000B0C4AF623
:048EF800AA2BCAF6E1
:048EFC00AA2B40F26B
:048F0000000040F23B
:048F0400000140F236
:048F080002034FF61B
:048F0C00FF74C3FB30
:048F100084014FEA9F
:048F14007B0B80EA69
:048F18000B0B4FEA06
:048F1C007B0B81EA60
:048F20000B0B40F601
:048F2400C234C0F69D
:048F2800022444F2E9
:048F2C002253C0F21A
:048F3000423340F296
:048F34000300C0F284
:048F3800040040F2FF
:048F3C000501C0F279
:048F40000601C3FB68
:048F440084014FEA6B
:048F48007B0B80EA35
:048F4C000B0B4FEAD2
:048F50007B0B81EA2C
:048F54000B0B40F2D1
:048F5800000040F2E3
:048F5C00000140F2DE
:048F6000D27340F296
:048F64000004CFF640
:048F6800FF74C3FBD4
:048F6C0094014FEA33
:048F70007B0B80EA0D
:048F74000B0B4FEAAA
:048F78007B0B81EA04
:048F7C000B0B4AF69B
:048F8000E164C1F2F5
:048F840002044AF2A7
:048F8800D273C1F2ED
:048F8C00EC63C3FBD4
:048F900094014FEA0F
:048F94007B0B80EAE9
:048F98000B0B4FEA86
:048F9C007B0B81EAE0
:048FA0000B0B40F285
:048FA400000040F297
:048FA800000140F292
:048FAC000003C0F20C
:048FB000C1734FF644
:048FB400FF74C3FB88
:048FB800A4014FEAD7
:048FBC007B0B80EAC1
:048FC0000B0B4FEA5E
:048FC4007B0B81EAB8
:048FC8000B0B40F25D
:048FCC000404C3FBDB
:048FD000A4014FEABF
:048FD4007B0B80EAA9
:048FD8000B0B4FEA46
:048FDC007B0B81EAA0
:048FE0000B0B40F245
:048FE400000040F257
:048FE800000140F252
:048FEC000003C0F6C8
:048FF000CD0340F27B
:048FF4000004CFF6B0
:048FF800FF74C3FB44
:048FFC00B4014FEA83
:049000007B0B80EA7C
:049004000B0B4FEA19
:049008007B0B81EA73
:04900C000B0B40F218
:049010000004C0F2A6
:04901400D514C3FBB1
:04901800B4014FEA66
:04901C007B0B80EA60
:049020000B0B4FEAFD
:049024007B0B81EA57
:049028000B0B40F2FC
:04902C00000040F20E
:04903000000140F209
:04903400F403C0F68B
:04903800CD034FF61F
:04903C00FF74CFF6F8
:04904000FF74C3FBFB
:04904400C4014FEA2A
:049048007B0B80EA34
:04904C000B0B4FEAD1
:049050007B0B81EA2B
:049054000B0BC0F64C
:04905800CD0340F212
:04905C00F403C0F267
:04906000D51447F6E6
:04906400FF74C3FBD7
:04906800C4014FEA06
:04906C007B0B80EA10
:049070000B0B4FEAAD
:049074007B0B81EA07
:049078000B0B40F2AC
:04907C00000040F2BE
:04908000000140F2B9
:04908400F413C0F22F
:04908800FD334FF66F
:04908C00FF74CFF6A8
:04909000FF74C3FBAB
:04909400D4014FEACA
:049098007B0B80EAE4
:04909C000B0B4FEA81
:0490A0007B0B81EADB
:0490A4000B0B47F279
:0490A8000004C0F20E
:0490AC00D524C3FB09
:0490B000D4014FEAAE
:0490B4007B0B80EAC8
:0490B8000B0B4FEA65
:0490BC007B0B81EABF
:0490C0000B0B9CEA10
:0490C4000B0C4AF651
:0490C800AA2BCAF60F
:0490CC00AA2BEFF3E9
:0490D000008929F0FA
:0490D400784787F35F
:0490D800008840F2DA
:0490DC000000C0F2DE
:0490E000000040F25A
:0490E4000101C0F2D4
:0490E8002F0140F222
:0490EC002B03C6F696
:0490F0002B7340F2AC
:0490F400000441FB38
:0490F8000340EFF34F
:0490FC00008606F0F4
:0491000000674FEACB
:049104007B0B80EA77
:049108000B0B4FEA14
:04910C007B0B87EA68
:049110000B0B40F213
:049114000104C8F298
:04911800000441FB13
:04911C000340EFF32A
:04912000008606F0CF
:0491240000674FEAA7
:049128007B0B80EA53
:04912C000B0B4FEAF0
:049130007B0B87EA44
:049134000B0BEFF33F
:04913800008929F091
:04913C00784787F3F6
:04914000008840F271
:04914400F101C0F283
:049148002F0145F6B8
:04914C00FB63C0F20F
:049150002B0340F2BB
:04915400000441FBD7
:049158001340EFF3DE
:04915C00008606F093
:0491600000674FEA6B
:049164007B0B80EA17
:049168000B0B4FEAB4
:04916C007B0B87EA08
:049170000B0B42F2B1
:049174000A14C8F21F
:04917800000441FBB3
:04917C001340EFF3BA
:04918000008606F06F
:0491840000674FEA47
:049188007B0B80EAF3
:04918C000B0B4FEA90
:049190007B0B87EAE4
:049194000B0BEFF3DF
:04919800008929F031
:04919C00784787F396
:0491A00000884FF6FE
:0491A400FF71C7F69A
:0491A800FF714FF60E
:0491AC00FF73C7F690
:0491B000FF7340F217
:0491B4000004D3FBE5
:0491B800C401EFF30C
:0491BC00008606F033
:0491C00000674FEA0B
:0491C4007B0B80EAB7
:0491C8000B0B4FEA54
:0491CC007B0B87EAA8
:0491D0000B0B43F250
:0491D4001844C8F281
:0491D8003604D3FB8B
:0491DC00C401EFF3E8
:0491E000008606F00F
:0491E40000674FEAE7
:0491E8007B0B80EA93
:0491EC000B0B4FEA30
:0491F0007B0B87EA84
:0491F4000B0B40F22F
:0491F800000040F241
:0491FC00000144F238
:049200006453C7F2FA
:04920400000340F231
:049208005604C0F256
:04920C000104D3FB8B
:04921000D401EFF3A3
:04921400008606F0DA
:0492180000674FEAB2
:04921C007B0B80EA5E
:049220000B0B4FEAFB
:049224007B0B87EA4F
:049228000B0BC7F66F
:04922C00FF7347F68F
:04923000FF73C0F216
:049234000004C0F280
:049238000404D3FB5C
:04923C00D401EFF377
:04924000008606F0AE
:0492440000674FEA86
:049248007B0B80EA32
:04924C000B0B4FEACF
:049250007B0B87EA23
:049254000B0B9CEA7A
:049258000B0C4AF6BB
:04925C00AA2BCAF679
:04926000AA2B40F203
:049264000000C0F254
:04926800000040F2D0
:04926C00DF614FF27D
:049270007363C8F666
:04927400FE7340F253
:04927800000451FBA2
:04927C0003404FEA72
:049280007B0B80EAFA
:049284000B0B40F29E
:049288000004C0F22C
:04928C00020451FB8C
:0492900003404FEA5E
:049294007B0B80EAE6
:049298000B0B40F28A
:04929C00DD414AF274
:0492A0003363C8F676
:0492A400DE7340F243
:0492A800000451FB72
:0492AC0013404FEA32
:0492B0007B0B80EACA
:0492B4000B0B40F26E
:0492B800A004C0F25C
:0492BC00524451FBCC
:0492C00013404FEA1E
:0492C4007B0B80EAB6
:0492C8000B0B40F25A
:0492CC003421C0F297
:0492D000D4114AF279
:0492D4003363C8F642
:0492D800DE7340F20F
:0492DC00000461FB2E
:0492E00003404FEA0E
:0492E4007B0B80EA96
:0492E8000B0B40F23A
:0492EC00B014C0F208
:0492F0005D5461FB6D
:0492F40003404FEAFA
:0492F8007B0B80EA82
:0492FC000B0B40F226
:049300003411C0F272
:04930400371149F2E2
:049308003363C7F212
:04930C00244340F2C4
:04931000000461FBF9
:0493140013404FEAC9
:049318007B0B80EA61
:04931C000B0B40F205
:04932000B014C0F2D3
:049324000D0461FBD8
:0493280013404FEAB5
:04932C007B0B80EA4D
:049330000B0B40F2F1
:04933400DF734FF69E
:04933800FF74CFF6F9
:04933C00FF7453FB6C
:0493400004F04FEAFC
:049344007B0B80EA35
:049348000B0B40F2D9
:04934C000004C0F267
:04935000020453FBC5
:0493540004F04FEAE8
:049358007B0B80EA21
:04935C000B0B40F2C5
:04936000DF13C0F265
:0493640052434FF62B
:04936800FF74C7F6D1
:04936C00FF7453FB3C
:0493700014F04FEABC
:049374007B0B80EA05
:049378000B0B40F2A9
:04937C000004C0F237
:04938000020453FB95
:0493840014F04FEAA8
:049388007B0B80EAF1
:04938C000B0B8CEA51
:049390000B0C4AF682
:04939400AA2BCAF640
:04939800AA2B47F6BF
:04939C00FF73C0F2A9
:0493A000230340F271
:0493A4001004CFF6EC
:0493A800FF7423FB30
:0493AC0004F64FEA8A
:0493B0007B0B86EAC3
:0493B4000B0B40F26D
:0493B8000004CFF2EC
:0493BC00020423FB89
:0493C00004F64FEA76
:0493C4007B0B86EAAF
:0493C8000B0B43F652
:0493CC00FF73C3F672
:0493D000FF7340F2F5
:0493D4000204C0F2DD
:0493D800020423FB6D
:0493DC0014F64FEA4A
:0493E0007B0B86EA93
:0493E4000B0B4FF22E
:0493E8000004CFF2BC
:0493EC00020423FB59
:0493F00014F64FEA36
:0493F4007B0B86EA7F
:0493F8000B0B40F229
:0493FC000103C0F2B7
:04940000010347F627
:04940400FF74C8F237
:04940800010443FB1D
:04940C0004F64FEA29
:049410007B0B86EA62
:049414000B0B4FF2FD
:049418005844CFF6EF
:04941C00024443FBC8
:0494200004F64FEA15
:049424007B0B86EA4E
:049428000B0B40F2F8
:04942C002313C0F254
:04943000011348F2EA
:049434000104C7F672
:04943800FF7443FB7F
:04943C0014F64FEAE9
:049440007B0B86EA32
:049444000B0B40F2DC
:049448000804C0F262
:04944C00020443FBD8
:0494500014F64FEAD5
:049454007B0B86EA1E
:049458000B0B9CEA74
:04945C000B0C4AF6B5
:04946000AA2BCAF673
:04946400AA2B41F2FC
:04946800FF5340F678
:04946C00F27413FB88
:0494700004F74FEAC4
:049474007B0B87EAFD
:049478000B0B4FF695
:04947C00F47413FB76
:0494800004F74FEAB4
:049484007B0B87EAED
:049488000B0B40F298
:04948C000003C0F227
:04949000FF0340F6A0
:04949400F22413FBB0
:0494980024F74FEA7C
:04949C007B0B87EAD5
:0494A0000B0B4FF66D
:0494A400F47413FB4E
:0494A80024F74FEA6C
:0494AC007B0B87EAC5
:0494B0000B0B40F270
:0494B400FF03C0F200
:0494B800020413FB9C
:0494BC0014F74FEA68
:0494C0007B0B87EAB1
:0494C4000B0B40F25C
:0494C8000004CFF6D7
:0494CC00F47413FB26
:0494D00014F74FEA54
:0494D4007B0B87EA9D
:0494D8000B0B40F248
:0494DC000003C0F6D3
:0494E000FF7340F2E4
:0494E4000004C0F2CE
:0494E800D26413FB3C
:0494EC0034F74FEA18
:0494F0007B0B87EA81
:0494F4000B0B40F22C
:0494F8000004CFF6A7
:0494FC00F47413FBF6
:0495000034F74FEA03
:049504007B0B87EA6C
:049508000B0B40F613
:04950C00FF73C0F633
:04951000AC5340F226
:04951400C20433FB5F
:0495180004F74FEA1B
:04951C007B0B87EA54
:049520000B0B4FF6EC
:04952400F47433FBAD
:0495280004F74FEA0B
:04952C007B0B87EA44
:049530000B0B40F2EF
:049534000203C0F678
:04953800B22340F228
:04953C000004C0F671
:04954000A35433FB02
:0495440014F74FEADF
:049548007B0B87EA28
:04954C000B0B40F2D3
:049550000004CFF64E
:04955400F87433FB79
:0495580014F74FEACB
:04955C007B0B87EA14
:049560000B0B9CEA6B
:049564000B0C49F2B1
:04956800AC4BC1F255
:04956C00004B01BCF3
:04957000F9F7D6FF32
:049574005DF804ABEF
:049578008AF3008CE6
:04957C00BDE8FE1F29
:049580005DF804EBA3
:04958400704700BF6D
:0495880000B5FAF739
:04958C000FF802F0E2
:049590005DFC02F08C
:049594007BFC4AF61C
:04959800AA2BCAF63A
:04959C00AA2B40F2C4
:0495A000000008BC03
:0495A40004BC1546A8
:0495A80004B408B44B
:0495AC000AEE100AA9
:0495B0000AEE900A25
:0495B400EFF3138935
:0495B8004DF8049DC9
:0495BC0071B6F1EEA5
:0495C000106A40B439
:0495C4004FF0F06A0A
:0495C800E1EE10AA16
:0495CC00B5EC049B5B
:0495D0008AEE2AAA4B
:0495D4001AEE109AE1
:0495D8004FEA7B0BD0
:0495DC0089EA0B0B02
:0495E000F1EE109AFE
:0495E4004FEA7B0BC4
:0495E80089EA0B0BF6
:0495EC00C9EE29AAF1
:0495F0001AEE909A45
:0495F4004FEA7B0BB4
:0495F80089EA0B0BE6
:0495FC00F1EE109AE2
:049600004FEA7B0BA7
:0496040089EA0B0BD9
:0496080040BCE1EE93
:04960C00106A5DF88B
:04961000049B89F33B
:0496140013882F6820
:04961800002FCBD183
:04961C009CEA0B0CAD
:049620005DF804BB32
:0496240004BC40BC86
:04962800E1EE106AF5
:04962C00BDEC200A67
:0496300001BCF9F789
:0496340075FF5DF869
:0496380004AB8AF302
:04963C00008CBDE8F9
:04964000F81F5DF8BA
:0496440004EB70477C
:0496480000B5F9F779
:04964C00AFFF02F07A
:04965000FDFB02F02C
:049654001BFC4AF6BB
:04965800AA2BCAF679
:04965C00AA2B08BC71
:0496600004BC1546EB
:0496640004B408B48E
:0496680040F20000CC
:04966C0040F20808B8
:049670000AEE100AE4
:049674000AEE900A60
:04967800EFF3138970
:04967C004DF8049D04
:0496800071B6F1EEE0
:04968400106A40B474
:049688004FF0F06A45
:04968C00E1EE10AA51
:0496900095ED00BB99
:0496940045443AEE21
:049698002AAA1AEEF2
:04969C00109A4FEAE7
:0496A0007B0B89EACD
:0496A4000B0BF1EECD
:0496A800109A4FEADB
:0496AC007B0B89EAC1
:0496B0000B0B95ED1E
:0496B400009B45448E
:0496B80079EE29AA74
:0496BC001AEE909A78
:0496C0004FEA7B0BE7
:0496C40089EA0B0B19
:0496C800F1EE109A15
:0496CC004FEA7B0BDB
:0496D00089EA0B0B0D
:0496D40040BCE1EEC7
:0496D800106A5DF8BF
:0496DC00049B89F36F
:0496E00013882F6854
:0496E400002FC7D1BB
:0496E8009CEA0B0CE1
:0496EC005DF804BB66
:0496F00004BC40BCBA
:0496F400E1EE106A29
:0496F800BDEC200A9B
:0496FC0001BCF9F7BD
:049700000FFF5DF802
:0497040004AB8AF335
:04970800008CBDE82C
:04970C00F81F5DF8ED
:0497100004EB7047AF
:0497140000B5F9F7AC
:0497180049FF02F013
:04971C0097FB02F0C5
:04972000B5FB4AF655
:04972400AA2BCAF6AC
:04972800AA2B08BCA4
:04972C0004BC15461E
:0497300004B408B4C1
:0497340040F20008F7
:0497380040F20408EF
:04973C00EFF31389AB
:049740004DF8049D3F
:0497440071B6F1EE1B
:04974800106A40B4AF
:04974C004FF00001D9
:04975000E1EE101A1C
:0497540095ED008A05
:049758004544D5EDC2
:04975C00008A4544F6
:0497600028EE288A3D
:04976400F1EE109A78
:049768004FEA7B0B3E
:04976C0089EA0B0B70
:0497700095ED009AD9
:049774004544D5EDA6
:04977800009A4544CA
:04977C0069EE297AEF
:04978000F1EE109A5C
:049784004FEA7B0B22
:0497880089EA0B0B54
:04978C005AEC379AC2
:0497900089EA0B0B4C
:049794006BFA09FB68
:049798008AEA0B0B43
:04979C006BFA0AFB5F
:0497A00040BCE1EEFA
:0497A400106A5DF8F2
:0497A800049B89F3A2
:0497AC0013882F6887
:0497B000002FC3D1F2
:0497B400EFF3138933
:0497B8004DF8049DC7
:0497BC0071B6F1EEA3
:0497C000106A40B437
:0497C4004FF0F06210
:0497C800E1EE102A94
:0497CC004FF4000254
:0497D00008EE102A65
:0497D40040F201035B
:0497D800C8F20003D0
:0497DC0008EE903AC9
:0497E00028EE288ABD
:0497E400F1EE103A58
:0497E8004FEA7B0BBE
:0497EC0083EA0B0BF6
:0497F00018EE109AC5
:0497F40089EA0B0BE8
:0497F8006BFA09FB04
:0497FC0040BCE1EE9E
:04980000106A5DF895
:04980400049B89F345
:0498080013889CEA3B
:04980C000B0C5DF8EC
:0498100004BB04BCD5
:0498140040BCE1EE85
:04981800106ABDEC29
:04981C00200A01BC61
:04982000F9F77EFED8
:049824005DF804AB3C
:049828008AF3008C33
:04982C00BDE8F81F7C
:049830005DF804EBF0
:04983400704700BFBA
:0498380000B5F9F787
:04983C00B7FE02F081
:0498400005FB02F032
:0498440023FB4AF6C2
:04984800AA2BCAF687
:04984C00AA2B40F211
:049850000000C0F262
:04985400000008BC4C
:0498580004BC1546F1
:04985C0004B408B494
:0498600040F20808C2
:0498640040F20408C2
:04986800C0F2000842
:04986C0040F2080AB4
:04987000C0F2000A38
:04987400EFF3138972
:049878004DF8049D06
:04987C0071B6F1EEE2
:04988000106A40B476
:049884004FF0F06A47
:04988800E1EE10AA53
:04988C0055F8000E7D
:049890000DEE100ABF
:04989400F1EECDDA4A
:049898001DEE909A97
:04989C0089EA0B0B3F
:0498A0006BFA09FB5B
:0498A4004544F1EE58
:0498A800109A09F019
:0498AC00FF0080EA4F
:0498B0000B0B4FEA65
:0498B4007B0B40BC2E
:0498B800E1EE106A63
:0498BC005DF8049BB4
:0498C00089F313888D
:0498C4002F68002FDA
:0498C800D4D19CEA71
:0498CC000B0C5DF82C
:0498D00004BB04BC15
:0498D40040BCE1EEC5
:0498D800106ABDEC69
:0498DC00200A01BCA1
:0498E000F9F71EFE78
:0498E4005DF804AB7C
:0498E8008AF3008C73
:0498EC00BDE8F81FBC
:0498F0005DF804EB30
:0498F400704700BFFA
:0498F80000B5F9F7C7
:0498FC0049FE02F02F
:04990000A5FA02F0D2
:04990400C3FA4AF662
:04990800AA2BCAF6C6
:04990C00AA2BEFF3A0
:0499100013894DF872
:04991400049D71B687
:04991800F1EE106AF2
:04991C0040B440F221
:049920000005C3F685
:04992400807509EE53
:04992800905A40F21F
:04992C000004CBF672
:0499300080740AEE47
:04993400104A40F2A3
:049938000001C0F278
:04993C0000014FF0E7
:049940001070E1EED4
:04994400100A44F6CB
:049948003C12C0F617
:04994C000C0248F2CF
:049950009C03C7F2BB
:04995400054305EED4
:04995800901A06EE6D
:04995C00102A06EED9
:04996000903AE6EE65
:04996400265A15EE7C
:04996800909A4FEA98
:04996C007B0B8BEAFC
:04997000090B40BCE3
:04997400E1EE106AA6
:049978005DF8049BF7
:04997C0089F31388D0
:049980009CEA0B0C46
:049984004AF6AA2BCA
:04998800CAF6AA2B46
:04998C00EFF3138959
:049990004DF8049DED
:0499940071B6F1EEC9
:04999800106A40B45D
:04999C004FF03070E8
:0499A000E1EE100ADA
:0499A4004FF2E40298
:0499A800C0F60042C3
:0499AC004AF24863D0
:0499B000C0F67F433B
:0499B40008EE102A7F
:0499B80008EE903AEB
:0499BC000AEE104A55
:0499C000A8EE8A8AF9
:0499C40018EE109AEF
:0499C8004FEA7B0BDC
:0499CC008BEA090B0E
:0499D000F1EE109A0A
:0499D4004FEA7B0BD0
:0499D8008BEA090B02
:0499DC004AF24862A1
:0499E000C0F63F424C
:0499E4004AF2486398
:0499E800C0F67F4303
:0499EC0008EE102A47
:0499F00008EE903AB3
:0499F400A8EE8A8AC5
:0499F80018EE109ABB
:0499FC004FEA7B0BA8
:049A00008BEA090BD9
:049A0400F1EE109AD5
:049A08004FEA7B0B9B
:049A0C008BEA090BCD
:049A10004AF2406274
:049A1400C0F67F42D7
:049A18004AF24F635C
:049A1C00C0F67F43CE
:049A200008EE102A12
:049A240008EE903A7E
:049A2800A8EE8A8A90
:049A2C0018EE109A86
:049A30004FEA7B0B73
:049A34008BEA090BA5
:049A3800F1EE109AA1
:049A3C004FEA7B0B67
:049A40008BEA090B99
:049A44004AF2486238
:049A4800C0F67F42A3
:049A4C004AF24F6328
:049A5000C0F67F439A
:049A540008EE102ADE
:049A580008EE903A4A
:049A5C00A8EE8A8A5C
:049A600018EE109A52
:049A64004FEA7B0B3F
:049A68008BEA090B71
:049A6C00F1EE109A6D
:049A70004FEA7B0B33
:049A740089EA0B0B65
:049A780040BCE1EE1F
:049A7C00106A5DF817
:049A8000049B89F3C7
:049A840013889CEABD
:049A88000B0C4AF683
:049A8C00AA2BCAF641
:049A9000AA2BEFF31B
:049A940013894DF8ED
:049A9800049D71B602
:049A9C00F1EE106A6D
:049AA00040B44FF08F
:049AA4000040E1EEAF
:049AA800100A40F26E
:049AAC000202C0F200
:049AB00000724AF204
:049AB4004863C0F64D
:049AB800000308EEB1
:049ABC00102A08EE76
:049AC000903A38EEB2
:049AC400288A18EEE6
:049AC800109A4FEAB7
:049ACC007B0B8BEA9B
:049AD000090BF1EE9F
:049AD400109A4FEAAB
:049AD8007B0B8BEA8F
:049ADC00090B40F240
:049AE0000000C8F2C8
:049AE4008000E1EE2F
:049AE800100A40F22E
:049AEC008002C0F63E
:049AF00000024AF234
:049AF4004E63C8F203
:049AF8000F7308EEF2
:049AFC00102A08EE36
:049B0000903A38EE71
:049B0400288A18EEA5
:049B0800109A4FEA76
:049B0C007B0B8BEA5A
:049B1000090BF1EE5E
:049B1400109A4FEA6A
:049B18007B0B8BEA4E
:049B1C00090B4FF0F2
:049B20000040E1EE32
:049B2400100A40BC27
:049B2800E1EE106AF0
:049B2C005DF8049B41
:049B300089F313881A
:049B34009CEA0B0C90
:049B38004AF6AA2B14
:049B3C00CAF6AA2B90
:049B4000EFF31389A3
:049B44004DF8049D37
:049B480071B6F1EE13
:049B4C00106A40B4A7
:049B500040F20002DD
:049B5400C0F2000259
:049B5800E1EE102A00
:049B5C0045F2555227
:049B6000C0F25502F8
:049B64004AF6AA23F0
:049B6800C0F22A031A
:049B6C0008EE102AC5
:049B700008EE903A31
:049B740038EE288A15
:049B780018EE109A39
:049B7C004FEA7B0B26
:049B80008BEA090B58
:049B8400F1EE109A54
:049B88004FEA7B0B1A
:049B8C008BEA090B4C
:049B900045F2000298
:049B9400C0F25502C4
:049B98004AF200038A
:049B9C00C0F22A03E6
:049BA00008EE102A91
:049BA40008EE903AFD
:049BA80038EE288AE1
:049BAC0018EE109A05
:049BB0004FEA7B0BF2
:049BB4008BEA090B24
:049BB800F1EE109A20
:049BBC004FEA7B0BE6
:049BC0008BEA090B18
:049BC40040BCE1EED2
:049BC800106A5DF8CA
:049BCC00049B89F37A
:049BD00013889CEA70
:049BD4000B0C4AF636
:049BD800AA2BCAF6F4
:049BDC00AA2BEFF3CE
:049BE00013894DF8A0
:049BE400049D71B6B5
:049BE800F1EE106A20
:049BEC0040B440F24F
:049BF0000002C0F2BD
:049BF4000002E1EE9C
:049BF800102A40F2FD
:049BFC000002C7F6A6
:049C0000807200EE80
:049C0400902ABDEEF7
:049C0800E01A11EE5F
:049C0C00103A4FEAD1
:049C10007B0B8BEA55
:049C1400030BF1EE5F
:049C1800109A4FEA65
:049C1C007B0B8BEA49
:049C2000090B40BC30
:049C2400E1EE106AF3
:049C28005DF8049B44
:049C2C0089F313881D
:049C30009CEA0B0C93
:049C34004AF6AA2B17
:049C3800CAF6AA2B93
:049C3C00EFF31389A6
:049C40004DF8049D3A
:049C440071B6F1EE16
:049C4800106A40B4AA
:049C4C004FF4800051
:049C5000E1EE100A27
:049C540040F20005D5
:049C5800C3F680755A
:049C5C0009EE905A23
:049C600048F2E132B3
:049C6400C0F25002F8
:049C68000AEE102AC6
:049C6C008AEE29AAA9
:049C70001AEE109A3E
:049C74004FEA7B0B2D
:049C78008BEA090B5F
:049C7C0040BCE1EE19
:049C8000106A5DF811
:049C8400049B89F3C1
:049C880013889CEAB7
:049C8C000B0C4AF67D
:049C9000AA2BCAF63B
:049C9400AA2BEFF315
:049C980013894DF8E7
:049C9C00049D71B6FC
:049CA000F1EE106A67
:049CA40040B440F296
:049CA8000002C0F204
:049CAC000002E1EEE3
:049CB000102A40F244
:049CB4008002C0F278
:049CB800000200EEB8
:049CBC00102ABAEEC2
:049CC000CC0A10EECC
:049CC400103A4FEA19
:049CC8007B0B8BEA9D
:049CCC00030BF1EEA7
:049CD000109A4FEAAD
:049CD4007B0B8BEA91
:049CD800090B40F242
:049CDC000102C0F2CF
:049CE000000200EE90
:049CE400102ABAEE9A
:049CE800CC0A10EEA4
:049CEC00103A4FEAF1
:049CF0007B0B8BEA75
:049CF400030BF1EE7F
:049CF800109A4FEA85
:049CFC007B0B8BEA69
:049D0000090B40F219
:049D04000002C0F2A7
:049D0800040200EE63
:049D0C00102ABAEE71
:049D1000CC0A10EE7B
:049D1400103A4FEAC8
:049D18007B0B83EA54
:049D1C000B0BF1EE4E
:049D2000109A4FEA5C
:049D24007B0B8BEA40
:049D2800090B44F2ED
:049D2C000002C0F27F
:049D3000000240F2FB
:049D34000005C3F66D
:049D3800807509EE3B
:049D3C00905A0AEE41
:049D4000102A8AEE6D
:049D440029AA1AEE40
:049D4800109A4FEA34
:049D4C007B0B8BEA18
:049D5000090B40BCFF
:049D5400E1EE106AC2
:049D58005DF8049B13
:049D5C0089F31388EC
:049D60009CEA0B0C62
:049D64004AF6AA2BE6
:049D6800CAF6AA2B62
:049D6C00EFF3138975
:049D70004DF8049D09
:049D740071B6F1EEE5
:049D7800106A40B479
:049D7C0040F20104AC
:049D8000C0F2000429
:049D8400C4F3000321
:049D88004FEA7B0B18
:049D8C008BEA030B50
:049D900040F2000499
:049D9400C0F2000415
:049D9800C4F300030D
:049D9C004FEA7B0B04
:049DA0008BEA030B3C
:049DA4004AF6AA26AB
:049DA800C0F6AA2631
:049DAC004AF6AA27A2
:049DB000C0F6AA2728
:049DB40040F2000178
:049DB800C8F20001EC
:049DBC0080F30088A8
:049DC00087FA96F890
:049DC4004FEA7B0BDC
:049DC8009BEA080BFF
:049DCC0045F25556B1
:049DD000C0F2555632
:049DD40045F25557A8
:049DD800C0F2555729
:049DDC0080F3008888
:049DE00087FA96F870
:049DE40098EA0B0BE3
:049DE80040F200073E
:049DEC00C3F20007B7
:049DF00040F2000637
:049DF400C0F20006B3
:049DF80080F300886C
:049DFC0087FA96F854
:049E00004FEA7B0B9F
:049E04009BEA080BC2
:049E08004AF6AA2646
:049E0C00C0F6AA26CC
:049E10004AF6AA273D
:049E1400C0F6AA27C3
:049E180080F300884B
:049E1C0087FA86F843
:049E20004FEA7B0B7F
:049E24009BEA080BA2
:049E280045F2555654
:049E2C00C0F25556D5
:049E300045F255574B
:049E3400C0F25557CC
:049E380080F300882B
:049E3C0087FA86F823
:049E40004FEA7B0B5F
:049E44009BEA080B82
:049E480040F20007DD
:049E4C00C3F2000756
:049E500040F20006D6
:049E5400C0F2000652
:049E580080F300880B
:049E5C0087FA86F803
:049E60004FEA7B0B3F
:049E64009BEA080B62
:049E680040F20003C1
:049E6C00C0F200033D
:049E70004FF2F004B9
:049E7400CFF2F00435
:049E78004FF2F005B0
:049E7C00CFF2F0052C
:049E8000C4EA050328
:049E84004FEA7B0B1B
:049E88008BEA030B53
:049E8C0040F200039D
:049E9000C0F2000319
:049E940040F60F7411
:049E9800C0F60F748D
:049E9C0040F60F7508
:049EA000C0F60F7584
:049EA400C4EA050304
:049EA8004FEA7B0BF7
:049EAC008BEA030B2F
:049EB00040F200017B
:049EB400C0F20001F7
:049EB8004FF6FF72F0
:049EBC00CFF6FF726C
:049EC00040F2000369
:049EC400C0F20003E5
:049EC8004FF6FF77DB
:049ECC00CFF6FF7757
:049ED00081FA12F30E
:049ED4004FEA7B0BCB
:049ED8009BEA030BF3
:049EDC0040F200014F
:049EE000C0F20001CB
:049EE40040F2000246
:049EE800C0F20002C2
:049EEC0040F2DE550D
:049EF00040F6F566DD
:049EF40081FA12F7E6
:049EF8004FEA7B0BA7
:049EFC009BEA070BCB
:049F000040F200012A
:049F0400C0F20001A6
:049F08004FF6FF729F
:049F0C00CFF6FF721B
:049F100040F2000318
:049F1400C0F2000394
:049F18004FF6FF778A
:049F1C00CFF6FF7706
:049F200091FA12F3AD
:049F24004FEA7B0B7A
:049F28009BEA030BA2
:049F2C0040F20001FE
:049F3000C0F200017A
:049F340040F20002F5
:049F3800C0F2000271
:049F3C0040F2DE55BC
:049F400040F6F5668C
:049F440091FA12F785
:049F48004FEA7B0B56
:049F4C009BEA070B7A
:049F500040BCE1EE42
:049F5400106A5DF83A
:049F5800049B89F3EA
:049F5C0013889CEAE0
:049F60000B0C4AF6A6
:049F6400AA2BCAF664
:049F6800AA2BEFF33E
:049F6C0013894DF810
:049F7000049D71B625
:049F7400F1EE106A90
:049F780040B440F2BF
:049F7C000001C8F226
:049F8000000140F2AA
:049F8400000580F361
:049F88000088A5F3B5
:049F8C000C064FEA86
:049F90007B0B9BEAC2
:049F9400060B4FF673
:049F9800FF75C0F29F
:049F9C00000580F349
:049FA0000088A5F39D
:049FA4000C064FEA6E
:049FA8007B0B9BEAAA
:049FAC00060B40F26E
:049FB000000640F275
:049FB400000787FA21
:049FB80066F44FEA12
:049FBC007B0B8BEAA6
:049FC000040B40F25C
:049FC400000640F261
:049FC8000107C0F2DB
:049FCC00010796FAF9
:049FD00067F54FEAF8
:049FD4007B0B85EA94
:049FD8000B0B40F23D
:049FDC00000640F249
:049FE0000007C0F2C4
:049FE4000006C0F2C1
:049FE800000787FAED
:049FEC0026F44FEA1E
:049FF0007B0B8BEA72
:049FF400040B40F228
:049FF8000006C0F2AD
:049FFC0000064FF616
:04A00000FF77CFF621
:04A00400FF7786FA62
:04A0080027F54FEAFF
:04A00C007B0B8BEA55
:04A01000050B41F209
:04A014008116C2F2FD
:04A01800222643F6C3
:04A01C007F47C2F2C6
:04A020004B3740F288
:04A02400000886FAB0
:04A0280007F84FEAFC
:04A02C007B0B8BEA35
:04A03000080B40F2E7
:04A034008107C7F6E3
:04A038007F7786FAAE
:04A03C0007F84FEAE8
:04A040007B0B8BEA21
:04A04400080B40F2D3
:04A048000001C5F25C
:04A04C000F0181F38C
:04A05000008CEFF39E
:04A0540000834FEA4C
:04A058007B0B8BEA09
:04A05C00030B40F2C0
:04A060000101B1FA4F
:04A0640081F04FEA4E
:04A068007B0B8BEAF9
:04A06C00000B40BCE9
:04A07000E1EE106AA3
:04A074005DF8049BF4
:04A0780089F31388CD
:04A07C009CEA0B0C43
:04A080004AF6AA2BC7
:04A08400CAF6AA2B43
:04A08800EFF3138956
:04A08C004DF8049DEA
:04A0900071B6F1EEC6
:04A09400106A40B45A
:04A0980040F2000290
:04A09C00C0F200020C
:04A0A000E1EE102AB3
:04A0A4004FF6FA2455
:04A0A800CAF2A554FF
:04A0AC0000EE904AE8
:04A0B000B0EE601A94
:04A0B40011EE102A6F
:04A0B8004FEA7B0BE5
:04A0BC008BEA020B1E
:04A0C00040F2000466
:04A0C400CFF6FF7460
:04A0C80001EE104A4B
:04A0CC00F0EE411A57
:04A0D00011EE902AD3
:04A0D4004FEA7B0BC9
:04A0D8008BEA020B02
:04A0DC0040F2000549
:04A0E000CFF6FF7543
:04A0E40001EE105A1F
:04A0E800F1EEC11ABA
:04A0EC0011EE902AB7
:04A0F0004FEA7B0BAD
:04A0F4008BEA020BE6
:04A0F80040BCE1EE99
:04A0FC00106A5DF891
:04A10000049B89F340
:04A1040013888BEA47
:04A108000C0C4AF6FB
:04A10C00AA2BCAF6BA
:04A11000AA2BEFF394
:04A1140013894DF866
:04A11800049D71B67B
:04A11C00F1EE106AE6
:04A1200040B44FF008
:04A124001072E1EEE6
:04A12800102A48F2BF
:04A12C003C73C0F2CE
:04A130000C0342F2E8
:04A134000242CFF222
:04A138005442F7EEA8
:04A13C00006AB7EE10
:04A14000007AF7EEBC
:04A14400007A42EC6F
:04A14800353AE5EED1
:04A14C00C66A16EEDB
:04A15000900A4FEA38
:04A154007B0B80EA17
:04A158000B0B06EEF9
:04A15C00901A06EE61
:04A16000101AE5EEFE
:04A16400C66A16EEC3
:04A16800900A4FEA20
:04A16C007B0B80EAFF
:04A170000B0BF8EEEF
:04A17400005AB7EEE8
:04A17800006AE5EEA6
:04A17C00C66A16EEAB
:04A18000900A4FEA08
:04A184007B0B80EAE7
:04A188000B0BF1EEDE
:04A18C00103AE1EEB6
:04A19000106A89F3D5
:04A19400138871B605
:04A19800E1EE103AAA
:04A19C00FBEE0A5A72
:04A1A000B0EE046AAF
:04A1A40095EEC67AF4
:04A1A80017EE100A94
:04A1AC004FEA7B0BF0
:04A1B00080EA0B0B2B
:04A1B40007EE101A88
:04A1B80006EE101A85
:04A1BC0095EEC67ADC
:04A1C00017EE100A7C
:04A1C4004FEA7B0BD8
:04A1C80080EA0B0B13
:04A1CC00F0EE005A57
:04A1D000B1EE006A82
:04A1D40095EEC67AC4
:04A1D80017EE100A64
:04A1DC004FEA7B0BC0
:04A1E00080EA0B0BFB
:04A1E400F1EE103A4E
:04A1E800E1EE106A2A
:04A1EC0089F3138858
:04A1F00071B6E1EE75
:04A1F400103A40F2EB
:04A1F8000002E1EE92
:04A1FC00101AF3EE54
:04A20000095AB0EE59
:04A20400046AD5EE25
:04A20800867A37EE2D
:04A20C00100B4FEAFA
:04A210007B0B80EA5A
:04A214000B0B07EE3B
:04A21800901A06EEA4
:04A21C00101AD5EE51
:04A22000867A4FEA01
:04A224007B0B80EA46
:04A228000B0BFAEE34
:04A22C00005AB1EE35
:04A23000006AD5EEFD
:04A23400867A4FEAED
:04A238007B0B80EA32
:04A23C000B0BF1EE29
:04A24000103AE1EE01
:04A24400106A89F320
:04A24800138871B650
:04A24C00E1EE103AF5
:04A25000F3EE0C5AC3
:04A25400B0EE046AFA
:04A25800E5EE867A2F
:04A25C004FEA7B0B3F
:04A2600080EA0B0B7A
:04A26400C0F2000143
:04A2680007EE901A53
:04A26C0006EE101AD0
:04A27000E5EE867A17
:04A274004FEA7B0B27
:04A2780080EA0B0B62
:04A27C00FAEE025A9A
:04A28000B1EE006AD1
:04A28400E5EE867A03
:04A288004FEA7B0B13
:04A28C0080EA0B0B4E
:04A2900040BCE1EEFF
:04A29400106A5DF8F7
:04A29800049B89F3A7
:04A29C0013889CEA9D
:04A2A0000B0C49F268
:04A2A4002F6BC0F666
:04A2A800C06B40BC8B
:04A2AC00E1EE106A65
:04A2B000BDEC200AD7
:04A2B40001BCF9F7F9
:04A2B80033F95DF821
:04A2BC0004AB8AF372
:04A2C000008CBDE869
:04A2C400FE1F5DF824
:04A2C80004EB7047EC
:04A2CC0000B5F9F7E9
:04A2D0005FF901F041
:04A2D400BBFD01F0DD
:04A2D800D9FD4AF66C
:04A2DC00AA2BCAF6E9
:04A2E000AA2B40F273
:04A2E40000000CEE7C
:04A2E800100AF0EE7A
:04A2EC004CCAB1EEB9
:04A2F0006CCA1CEE2A
:04A2F400109A4FEA83
:04A2F8007B0B89EA69
:04A2FC000B0BF1EE69
:04A3000004CAB1EEEC
:04A304006CCA1CEE15
:04A30800109A4FEA6E
:04A30C007B0B89EA54
:04A310000B0BFBEE4A
:04A3140009CAB1EED3
:04A318006CCA1CEE01
:04A31C00109A4FEA5A
:04A320007B0B89EA40
:04A324000B0B9CEA99
:04A328000B0C4AF6DA
:04A32C00AA2BCAF698
:04A33000AA2BEFF372
:04A33400138308B4D3
:04A3380071B6F1EE1B
:04A33C00108A4DF83E
:04A34000048D40F256
:04A344000002C0F261
:04A348000002E1EE40
:04A34C00102A04EEE1
:04A3500090BA05EECC
:04A3540010BAF4EE59
:04A35800454AF1EE93
:04A35C00106A4FEA4A
:04A360007B0B86EA03
:04A364000B0B45F2A8
:04A368005551C5F294
:04A36C00555105EE54
:04A37000101AF4EEDD
:04A37400454AF1EE77
:04A37800106A4FEA2E
:04A37C007B0B86EAE7
:04A380000B0B04EED1
:04A38400901AF4EE49
:04A38800454AF1EE63
:04A38C00106A4FEA1A
:04A390007B0B86EAD3
:04A394000B0BB5EE0C
:04A39800405AF1EE48
:04A39C00106A4FEA0A
:04A3A0007B0B86EAC3
:04A3A4000B0B04EEAD
:04A3A800900AF5EE34
:04A3AC00404AF1EE44
:04A3B000106A4FEAF6
:04A3B4007B0B86EAAF
:04A3B8000B0BF1EEAC
:04A3BC00104AE1EE74
:04A3C000108A83F389
:04A3C400138871B6D3
:04A3C800E1EE104A68
:04A3CC00F3EE074A5B
:04A3D000B3EE075A87
:04A3D400F4EEC54A94
:04A3D800F1EE10FA98
:04A3DC00EFF3008615
:04A3E0004FEA7B0BBA
:04A3E40086EA0B0BEF
:04A3E800B5EEC05AB4
:04A3EC00F1EE10FA84
:04A3F000EFF3008601
:04A3F4004FEA7B0BA6
:04A3F80086EA0B0BDB
:04A3FC0004EE900AD1
:04A40000F4EEC54A67
:04A40400F1EE10FA6B
:04A40800EFF30086E8
:04A40C004FEA7B0B8D
:04A4100086EA0B0BC2
:04A4140040F2010011
:04A41800C7F6807093
:04A41C0000EE900AB4
:04A42000F4EEE40A68
:04A42400F1EE109AAB
:04A4280040F2FF07F8
:04A42C00CFF2000764
:04A4300009EA070925
:04A434004FEA7B0B65
:04A4380089EA0B0B97
:04A43C00F1EE104AE3
:04A44000E1EE108AAF
:04A4440083F3138803
:04A4480071B6E1EE1A
:04A44C00104A40F280
:04A450000002C0F254
:04A45400C012E1EE63
:04A45800102A40F690
:04A45C00AF20C7F670
:04A46000FA7000EEA0
:04A46400900AF4EE78
:04A46800E40AF1EE23
:04A46C00109A4FEA09
:04A470007B0B89EAEF
:04A474000B0B4FF689
:04A47800FF70C0F2BF
:04A47C007F0004EE6B
:04A48000900A40F20C
:04A484000100C8F219
:04A48800000000EEE2
:04A48C00900AF4EE50
:04A49000E40AF1EEFB
:04A49400109A4FEAE1
:04A498007B0B89EAC7
:04A49C000B0B5DF851
:04A4A000048BE1EE5A
:04A4A400108A08BC56
:04A4A80083F313889F
:04A4AC009CEA0B0C0F
:04A4B0004AF6AA2B93
:04A4B400CAF6AA2B0F
:04A4B80040F200006E
:04A4BC0001EE900A13
:04A4C00040F6E04042
:04A4C400CFF2E150A2
:04A4C80000EE900A08
:04A4CC00F0EEE01AB4
:04A4D00011EE901ADF
:04A4D4004FEA7B0BC5
:04A4D80081EA0B0BFF
:04A4DC004AF2FF0041
:04A4E000C2F6AF70A1
:04A4E40000EE900AEC
:04A4E800F0EEE01A98
:04A4EC0011EE901AC3
:04A4F0004FEA7B0BA9
:04A4F40081EA0B0BE3
:04A4F8009CEA0B0CC3
:04A4FC00EFF31383E4
:04A5000008B471B674
:04A50400F1EE108ADA
:04A508004DF8048D79
:04A50C000021E1EE5B
:04A51000101A4AF6DD
:04A51400AA2BCAF6AE
:04A51800AA2B40F238
:04A51C00000001EE4C
:04A52000100B40F6E6
:04A524004620CCF60B
:04A52800753003EE99
:04A52C00100BBDEE65
:04A53000431A11EECB
:04A53400102A4FEAB0
:04A538007B0B82EA2D
:04A53C000B0BF1EE26
:04A54000109A4FEA34
:04A544007B0B89EA1A
:04A548000B0B41F2C6
:04A54C00F660C4F6FB
:04A55000A46003EE12
:04A55400100BBCEE3E
:04A55800431A11EEA3
:04A55C00102A4FEA88
:04A560007B0B82EA05
:04A564000B0BF1EEFE
:04A56800109A4FEA0C
:04A56C007B0B89EAF2
:04A570000B0BF1EEF2
:04A57400104AE1EEBA
:04A57800108A83F3CF
:04A57C00138871B619
:04A58000E1EE104AAE
:04A5840040F2000A97
:04A58800C0F2C05A03
:04A58C00E1EE10AA42
:04A5900040F6AF20C2
:04A59400C7F6FA709C
:04A5980003EE100BB3
:04A59C00BCEE431AB4
:04A5A00011EE102A7E
:04A5A4004FEA7B0BF4
:04A5A80082EA0B0B2D
:04A5AC00F1EE109A22
:04A5B0004FEA7B0BE8
:04A5B40089EA0B0B1A
:04A5B80045F25550C3
:04A5BC00C0F2550094
:04A5C00003EE100B8B
:04A5C400BCEE431A8C
:04A5C80011EE102A56
:04A5CC004FEA7B0BCC
:04A5D00082EA0B0B05
:04A5D400F1EE109AFA
:04A5D8004FEA7B0BC0
:04A5DC0089EA0B0BF2
:04A5E00040F2000045
:04A5E400C0F2800041
:04A5E80003EE100B63
:04A5EC00BCEE431A64
:04A5F00011EE102A2E
:04A5F4004FEA7B0BA4
:04A5F80082EA0B0BDD
:04A5FC00F1EE109AD2
:04A600004FEA7B0B97
:04A6040089EA0B0BC9
:04A60800F1EE104A15
:04A60C00E1EE108AE1
:04A6100083F3138835
:04A6140071B6E1EE4C
:04A61800104A4FF0A5
:04A61C00000AE1EE61
:04A6200010AA40F646
:04A62400AF20C7F6A6
:04A62800FA7003EED3
:04A62C00100BBCEE65
:04A63000431A11EECA
:04A63400102A4FEAAF
:04A638007B0B82EA2C
:04A63C000B0BF1EE25
:04A64000109A4FEA33
:04A644007B0B89EA19
:04A648000B0B45F2C1
:04A64C005550C0F2B3
:04A65000550003EEC0
:04A65400100BBCEE3D
:04A65800431A11EEA2
:04A65C00102A4FEA87
:04A660007B0B82EA04
:04A664000B0BF1EEFD
:04A66800109A4FEA0B
:04A66C007B0B89EAF1
:04A670000B0BF1EEF1
:04A67400104AE1EEB9
:04A67800108A83F3CE
:04A67C00138871B618
:04A68000E1EE104AAD
:04A6840040F20000A0
:04A68800C0F280009C
:04A68C0003EE100BBE
:04A69000BCEE431ABF
:04A6940011EE102A89
:04A698004FEA7B0BFF
:04A69C0082EA0B0B38
:04A6A000F1EE109A2D
:04A6A4004FEA7B0BF3
:04A6A80089EA0B0B25
:04A6AC005DF8048BC6
:04A6B000E1EE108A3D
:04A6B40008BC83F368
:04A6B80013889CEA7D
:04A6BC000B0C4AF643
:04A6C000AA2BCAF601
:04A6C400AA2BEFF3DB
:04A6C80013894DF8AD
:04A6CC00049D71B6C2
:04A6D000F1EE106A2D
:04A6D40040B44FF04F
:04A6D800B862E1EE95
:04A6DC00102A07EE4B
:04A6E000901AFBEEE3
:04A6E400035AB0EE77
:04A6E800046A55EEBD
:04A6EC00C67A4FEAF1
:04A6F0007B0B80EA76
:04A6F4000B0B06EE58
:04A6F800101A55EEF1
:04A6FC00C67A4FEAE1
:04A700007B0B80EA65
:04A704000B0B05EE48
:04A70800901A07EEAE
:04A70C00901A55EE5C
:04A71000C67A4FEACC
:04A714007B0B80EA51
:04A718000B0BF1EE48
:04A71C00103AE1EE20
:04A72000106A89F33F
:04A72400138871B66F
:04A72800E1EE103A14
:04A72C0008EE901A89
:04A73000FBEE0A5AD8
:04A73400B8EE0C6A05
:04A7380055EE868ACA
:04A73C0018EE900A79
:04A740004FEA7B0B56
:04A7440080EA0B0B91
:04A7480006EE101AEF
:04A74C0008EE901A69
:04A7500055EE868AB2
:04A7540018EE900A61
:04A758004FEA7B0B3E
:04A75C0080EA0B0B79
:04A76000FBEE065AAC
:04A76400B1EE006AE8
:04A7680055EE868A9A
:04A76C0018EE900A49
:04A770004FEA7B0B26
:04A7740080EA0B0B61
:04A77800F1EE103AB4
:04A77C00E1EE106A90
:04A7800089F31388BE
:04A7840071B6E1EEDB
:04A78800103A09EE8C
:04A78C00101AF3EEBE
:04A790000A5ABAEEB9
:04A79400016A25EE43
:04A79800C69A19EE56
:04A79C00100A4FEA66
:04A7A0007B0B80EAC5
:04A7A4000B0B09EEA4
:04A7A800101A06EE8F
:04A7AC00101A25EE6C
:04A7B000C69A19EE3E
:04A7B400100A4FEA4E
:04A7B8007B0B80EAAD
:04A7BC000B0BF3EEA2
:04A7C000035AB1EE99
:04A7C400066A25EE0E
:04A7C800C69A19EE26
:04A7CC00100A4FEA36
:04A7D0007B0B80EA95
:04A7D4000B0B40BC6F
:04A7D800E1EE106A34
:04A7DC005DF8049B85
:04A7E00089F313885E
:04A7E4009CEA0B0CD4
:04A7E8004AF6AA2B58
:04A7EC00CAF6AA2BD4
:04A7F000EFF31389E7
:04A7F4004DF8049D7B
:04A7F80071B6F1EE57
:04A7FC00106A40B4EB
:04A8000040F2000121
:04A8040040F200021C
:04A80800E1EE101A53
:04A80C0001EE101A2F
:04A8100042EC351AC7
:04A8140005EE861AAD
:04A8180011EE100A23
:04A81C004FEA7B0B79
:04A8200080EA0B0BB4
:04A82400FBEE095AE4
:04A82800B3EE0F6A12
:04A82C0005EE861A95
:04A8300011EE100A0B
:04A834004FEA7B0B61
:04A8380080EA0B0B9C
:04A83C00F1EE103AEF
:04A84000E1EE106ACB
:04A8440089F31388F9
:04A8480071B6E1EE16
:04A84C00103A40F28C
:04A85000000AC0F248
:04A85400C07AE1EEF7
:04A8580010AA4DF6FF
:04A85C008200C0F2C4
:04A8600070200DEE69
:04A86400900A41F61F
:04A868003660C0F2A4
:04A86C007C200DEE51
:04A87000100A0DEECF
:04A874008D1A11EE3A
:04A87800100A4FEA89
:04A87C007B0B80EAE8
:04A880000B0BF1EEDF
:04A88400109A4FEAED
:04A888007B0B89EAD3
:04A88C000B0B40F280
:04A890000000C0F212
:04A8940080000DEE45
:04A89800900A40F2F0
:04A89C00AA00C0F25C
:04A8A00000000DEEB9
:04A8A400100A0DEE9B
:04A8A8008D1A11EE06
:04A8AC00100A4FEA55
:04A8B0007B0B80EAB4
:04A8B4000B0BF1EEAB
:04A8B800109A4FEAB9
:04A8BC007B0B89EA9F
:04A8C0000B0BF1EE9F
:04A8C400103AE1EE77
:04A8C800106A89F396
:04A8CC00138871B6C6
:04A8D000E1EE103A6B
:04A8D4004FF0107AB7
:04A8D800E1EE10AAF3
:04A8DC004FF6FF70C4
:04A8E000C7F67F70C8
:04A8E4000DEE900ADB
:04A8E8004FF6FF70B8
:04A8EC00CFF67F70B4
:04A8F0000DEE100A4F
:04A8F4000DEE8D1ABE
:04A8F80011EE100A43
:04A8FC004FEA7B0B99
:04A9000080EA0B0BD3
:04A90400F1EE109AC6
:04A908004FEA7B0B8C
:04A90C0089EA0B0BBE
:04A9100047F6807016
:04A91400C7F6807092
:04A918000DEE900AA6
:04A91C0040F2000005
:04A92000C7F6807086
:04A924000DEE100A1A
:04A928000DEE8D1A89
:04A92C0011EE100A0E
:04A930004FEA7B0B64
:04A9340080EA0B0B9F
:04A93800F1EE109A92
:04A93C0089EA0B0B8E
:04A94000F1EE103AEA
:04A94400E1EE106AC6
:04A9480089F31388F4
:04A94C0071B6E1EE11
:04A95000103AE1EEEA
:04A95400101A4FF690
:04A95800FF714FF646
:04A95C00FF7201EE97
:04A96000101A42EC9B
:04A96400351A05EEAD
:04A96800C61A11EE0C
:04A96C00100A4FEA94
:04A970007B0B80EAF3
:04A974000B0BF3EEE8
:04A978000F5AB1EED3
:04A97C00046A01EE7A
:04A98000102A05EEA6
:04A98400C61A11EEF0
:04A98800100A4FEA78
:04A98C007B0B80EAD7
:04A990000B0BF1EECE
:04A99400103AE1EEA6
:04A99800106A89F3C5
:04A99C00138871B6F5
:04A9A000E1EE103A9A
:04A9A40040F2000A73
:04A9A800C0F2C07ABF
:04A9AC00E1EE10AA1E
:04A9B0004DF68200DE
:04A9B400C0F270205D
:04A9B8000DEE900A06
:04A9BC0041F63660CA
:04A9C000C0F27C2045
:04A9C4000DEE100A7A
:04A9C8000DEECD1AA9
:04A9CC0011EE100A6E
:04A9D0004FEA7B0BC4
:04A9D40080EA0B0BFF
:04A9D800F1EE109AF2
:04A9DC004FEA7B0BB8
:04A9E00089EA0B0BEA
:04A9E40040F200003D
:04A9E800C0F2800039
:04A9EC000DEE900AD2
:04A9F00040F2AA0087
:04A9F400C0F20000AD
:04A9F8000DEE100A46
:04A9FC000DEECD1A75
:04AA000011EE100A39
:04AA04004FEA7B0B8F
:04AA080080EA0B0BCA
:04AA0C00F1EE109ABD
:04AA10004FEA7B0B83
:04AA140089EA0B0BB5
:04AA1800F1EE103A11
:04AA1C00E1EE106AED
:04AA200089F313881B
:04AA240071B6E1EE38
:04AA2800103A4FF0A1
:04AA2C00107AE1EECD
:04AA300010AA4FF623
:04AA3400FF70C7F6F2
:04AA38007F700DEE30
:04AA3C00900A4FF637
:04AA4000FF70CFF6DE
:04AA44007F700DEE24
:04AA4800100A0DEEF5
:04AA4C00CD1A11EE20
:04AA5000100A4FEAAF
:04AA54007B0B80EA0E
:04AA58000B0BF1EE05
:04AA5C00109A4FEA13
:04AA60007B0B89EAF9
:04AA64000B0B47F69B
:04AA68008070C7F63D
:04AA6C0080700DEEFB
:04AA7000900A40F216
:04AA74000000C7F621
:04AA780080700DEEEF
:04AA7C00100A0DEEC1
:04AA8000CD1A11EEEC
:04AA8400100A4FEA7B
:04AA88007B0B80EADA
:04AA8C000B0BF1EED1
:04AA9000109A4FEADF
:04AA94007B0B89EAC5
:04AA98000B0B40BCA8
:04AA9C00E1EE106A6D
:04AAA0005DF8049BBE
:04AAA40089F3138897
:04AAA8009CEA0B0C0D
:04AAAC004AF6AA2B91
:04AAB000CAF6AA2B0D
:04AAB400EFF3138326
:04AAB80008B471B6B7
:04AABC00F1EE106A3D
:04AAC00040B400217D
:04AAC400E1EE101A95
:04AAC8004FF000004B
:04AACC000DEE900AF1
:04AAD000B2EE00DA08
:04AAD4003DEE6DDA0C
:04AAD8001DEE109AC5
:04AADC004FEA7B0BB7
:04AAE00089EA0B0BE9
:04AAE400BBEE02DAE9
:04AAE8003DEE6DDAF8
:04AAEC001DEE109AB1
:04AAF0004FEA7B0BA3
:04AAF40089EA0B0BD5
:04AAF800F3EE0CDA93
:04AAFC007DEECDDA44
:04AB00001DEE909A1C
:04AB04004FEA7B0B8E
:04AB080089EA0B0BC0
:04AB0C0040F2000A09
:04AB1000C0F2C07A55
:04AB1400E1EE10AAB4
:04AB180047F680700C
:04AB1C00C7F6807088
:04AB20000DEE900A9C
:04AB240040F20000FB
:04AB2800C7F680707C
:04AB2C000DEE100A10
:04AB30003DEECD1A0F
:04AB340011EE109A74
:04AB38004FEA7B0B5A
:04AB3C0089EA0B0B8C
:04AB4000F1EE109A88
:04AB440009F0FF0015
:04AB48004FEA7B0B4A
:04AB4C0089EA0B0B7C
:04AB50004FF6FF704D
:04AB5400C7F67F7051
:04AB58000DEE900A64
:04AB5C004FF6FF7041
:04AB6000CFF67F703D
:04AB64000DEE100AD8
:04AB68003DEECD1AD7
:04AB6C0011EE109A3C
:04AB70004FEA7B0B22
:04AB740089EA0B0B54
:04AB7800F1EE109A50
:04AB7C0009F0FF00DD
:04AB80004FEA7B0B12
:04AB840089EA0B0B44
:04AB880040F2000097
:04AB8C00C0F2800093
:04AB90000DEE900A2C
:04AB940040F2AA00E1
:04AB9800C0F2000007
:04AB9C000DEE100AA0
:04ABA0003DEECD1A9F
:04ABA40011EE109A04
:04ABA8004FEA7B0BEA
:04ABAC0089EA0B0B1C
:04ABB000F1EE109A18
:04ABB40009F0FF00A5
:04ABB8004FEA7B0BDA
:04ABBC0089EA0B0B0C
:04ABC0004DF68200CC
:04ABC400C0F270204B
:04ABC8000DEE900AF4
:04ABCC0041F63660B8
:04ABD000C0F27C2033
:04ABD4000DEE100A68
:04ABD8007DEECDDA67
:04ABDC001DEE909A40
:04ABE0004FEA7B0BB2
:04ABE40089EA0B0BE4
:04ABE800F1EE109AE0
:04ABEC0009F0FF006D
:04ABF0004FEA7B0BA2
:04ABF40089EA0B0BD4
:04ABF80040BCE1EE8E
:04ABFC00106A08BC17
:04AC000083F313883F
:04AC04009CEA0B0CAF
:04AC08004EF66F3B5A
:04AC0C00C9F2E57B29
:04AC100040BCE1EE75
:04AC1400106ABDEC19
:04AC1800200A01BC51
:04AC1C00F8F780FCC9
:04AC20005DF804AB2C
:04AC24008AF3008C23
:04AC2800BDE8FE1F66
:04AC2C005DF804EBE0
:04AC3000704700BFAA
:04AC3400000000001C
:04AC38000000000018
:04AC3C000000000014
:04AC4000AAAAAAAA68
:04AC440000BF00BF8E
:04AC480000BF00BF8A
:04AC4C0000BF00BF86
:04AC5000C3C3C3C3F4
:04AC54003C3C3C3C0C
:04AC580000B5F8F754
:04AC5C0099FC01F06E
:04AC6000F5F801F012
:04AC640013F94AF6A0
:04AC6800AA2BCAF653
:04AC6C00AA2B40F2DD
:04AC7000000000EEF2
:04AC7400900AEFF360
:04AC7800138308B486
:04AC7C0071B6F1EECE
:04AC8000106A40B462
:04AC8400F1EE101AC3
:04AC880001F00002D5
:04AC8C00E1EE102ABB
:04AC900040F27670A8
:04AC9400CAF275503B
:04AC980003EE100AAD
:04AC9C00F8EEC30A01
:04ACA00010EE902AF8
:04ACA4004FEA7B0BED
:04ACA80082EA0B0B26
:04ACAC00F1EE109A1B
:04ACB0004FEA7B0BE1
:04ACB40089EA0B0B13
:04ACB8004FF0000257
:04ACBC00E1EE102A8B
:04ACC0004CF2F6401C
:04ACC400CBF6F1607A
:04ACC80003EE100A7D
:04ACCC00F8EE430A51
:04ACD00010EE902AC8
:04ACD4004FEA7B0BBD
:04ACD80082EA0B0BF6
:04ACDC00F1EE109AEB
:04ACE0004FEA7B0BB1
:04ACE40089EA0B0BE3
:04ACE80040F2000A2C
:04ACEC00C0F2C05A98
:04ACF000E1EE10AAD7
:04ACF40040F200002A
:04ACF800C0F2800026
:04ACFC0003EE100B48
:04AD0000BCEEC31AC8
:04AD040011EE102A12
:04AD08004FEA7B0B88
:04AD0C0082EA0B0BC1
:04AD1000F1EE104A06
:04AD1400E1EE106AF2
:04AD180083F3138826
:04AD1C0071B6E1EE3D
:04AD2000104AF1EEF6
:04AD2400109A4FEA48
:04AD28007B0B89EA2E
:04AD2C000B0B40F6D7
:04AD3000AF20C7F693
:04AD3400FA7003EEC0
:04AD3800100BBCEE52
:04AD3C00C31A11EE37
:04AD4000102A4FEA9C
:04AD44007B0B82EA19
:04AD48000B0BF1EE12
:04AD4C00109A4FEA20
:04AD50007B0B89EA06
:04AD54000B0B45F2AE
:04AD58005550C0F2A0
:04AD5C00550003EEAD
:04AD6000100BBCEE2A
:04AD6400C31A11EE0F
:04AD6800102A4FEA74
:04AD6C007B0B82EAF1
:04AD70000B0BF1EEEA
:04AD7400109A4FEAF8
:04AD78007B0B89EADE
:04AD7C000B0B40BCC1
:04AD8000E1EE106A86
:04AD840008BC83F391
:04AD880013889CEAA6
:04AD8C000B0C4AF66C
:04AD9000AA2BCAF62A
:04AD9400AA2B40F2B4
:04AD980000055FED66
:04AD9C00571A11EE43
:04ADA000903A4FEAAC
:04ADA4007B0B8BEAB0
:04ADA800030B1FED8D
:04ADAC00573B13EE10
:04ADB000103B33EE33
:04ADB400104B4FEA07
:04ADB8007B0B8BEA9C
:04ADBC00030B4FEA4C
:04ADC0007B0B8BEA94
:04ADC400040B4AF63C
:04ADC800AA21CAF6FC
:04ADCC00AA2145F281
:04ADD0005552C5F221
:04ADD40055524AF298
:04ADD800A553CAF2C3
:04ADDC00A55345F640
:04ADE0005A24C5F636
:04ADE4005A244AF6AD
:04ADE8005525CAF62D
:04ADEC00552545F2B2
:04ADF000AA56C5F2A8
:04ADF400AA5600EE6D
:04ADF800101A00EE3F
:04ADFC00902A01EEAA
:04AE0000103B21EEF4
:04AE0400104B02EEFF
:04AE0800105B22EECB
:04AE0C00106B6DED6D
:04AE1000010A2DED19
:04AE1400011A2DED05
:04AE1800021B2DEDFF
:04AE1C00022B40F2D3
:04AE2000000340F2F9
:04AE24000004EA46F6
:04AE28009AED011B83
:04AE2C0011EE103BD8
:04AE300031EE104BA4
:04AE34004FEA7B0B5B
:04AE38008BEA030B93
:04AE3C004FEA7B0B53
:04AE40008BEA040B8A
:04AE44009AED002B58
:04AE480012EE103BBB
:04AE4C0032EE104B87
:04AE50004FEA7B0B3F
:04AE54008BEA030B77
:04AE58004FEA7B0B37
:04AE5C008BEA040B6E
:04AE6000DAED020A1B
:04AE640010EE903A22
:04AE68004FEA7B0B27
:04AE6C008BEA030B5F
:04AE70009AED001A3D
:04AE740011EE104A81
:04AE78004FEA7B0B17
:04AE7C008BEA040B4E
:04AE8000DDED000AFA
:04AE840010EE903A02
:04AE88004FEA7B0B07
:04AE8C008BEA030B3F
:04AE90009DED011A19
:04AE940011EE104A61
:04AE98004FEA7B0BF7
:04AE9C008BEA040B2E
:04AEA0009DED001B09
:04AEA40011EE103B60
:04AEA80031EE104B2C
:04AEAC004FEA7B0BE3
:04AEB0008BEA030B1B
:04AEB4004FEA7B0BDB
:04AEB8008BEA040B12
:04AEBC009DED012BDC
:04AEC00012EE103B43
:04AEC40032EE104B0F
:04AEC8004FEA7B0BC7
:04AECC008BEA030BFF
:04AED0004FEA7B0BBF
:04AED4008BEA040BF6
:04AED800FDEC010A82
:04AEDC00BDEC011AAE
:04AEE000BDEC021BA8
:04AEE400BDEC022B94
:04AEE8009CEA0B0CC9
:04AEEC004AF6AA2B4D
:04AEF000CAF6AA2BC9
:04AEF400EFF31383E2
:04AEF80008B471B673
:04AEFC00F1EE106AF9
:04AF000040B440F227
:04AF0400000000EE5B
:04AF0800900A40F675
:04AF0C004620CCF619
:04AF1000753003EEA7
:04AF1400100AFDEE34
:04AF1800C30A10EE6A
:04AF1C00902A4FEA3E
:04AF20007B0B82EA3B
:04AF24000B0B41F2E0
:04AF2800F620C4F259
:04AF2C00A00003EE90
:04AF3000100AFCEE19
:04AF3400C30A10EE4E
:04AF3800902A4FEA22
:04AF3C007B0B82EA1F
:04AF40000B0B40F2C5
:04AF44000002C0F255
:04AF4800C072E1EE04
:04AF4C00102A40F295
:04AF50000100C0F24A
:04AF5400000000EE0B
:04AF5800900ABDEEB0
:04AF5C00E01A11EEF8
:04AF6000101A4FEA8A
:04AF64007B0B81EAF8
:04AF68000B0BF1EEF0
:04AF6C00109A4FEAFE
:04AF70007B0B89EAE4
:04AF74000B0BF1EEE4
:04AF7800104AE1EEAC
:04AF7C00106A83F3E1
:04AF8000138871B60B
:04AF8400E1EE104AA0
:04AF880047F6FF3059
:04AF8C00C7F6FF30D5
:04AF900000EE900A35
:04AF9400BCEEE00A25
:04AF980010EE101A8D
:04AF9C004FEA7B0BF2
:04AFA00081EA0B0B2C
:04AFA400F1EE109A20
:04AFA8004FEA7B0BE6
:04AFAC0089EA0B0B18
:04AFB00040BCE1EED2
:04AFB400106A08BC5B
:04AFB80083F3138884
:04AFBC009CEA0B0CF4
:04AFC0004AF6AA2B78
:04AFC400CAF6AA2BF4
:04AFC800EFF313830D
:04AFCC0008B471B69E
:04AFD000F1EE106A24
:04AFD40040B4F1EEA6
:04AFD800101A01F05A
:04AFDC000002E1EEA0
:04AFE000102A47F6F6
:04AFE400FF30C7F67D
:04AFE800FF3000EE48
:04AFEC00900AB3EE26
:04AFF000600A10EEF5
:04AFF400101A4FEAF6
:04AFF8007B0B81EA64
:04AFFC000B0BF1EE5C
:04B00000109A4FEA69
:04B004007B0B89EA4F
:04B008000B0B47F6F1
:04B00C000140C0F24D
:04B01000000000EE4E
:04B01400900AB3EEFD
:04B01800600A10EECC
:04B01C00101A4FEACD
:04B020007B0B81EA3B
:04B024000B0BF1EE33
:04B02800109A4FEA41
:04B02C007B0B89EA27
:04B030000B0B40F2D4
:04B034000100C0F265
:04B03800000000EE26
:04B03C00900AB3EED5
:04B04000600A10EEA4
:04B04400101A4FEAA5
:04B048007B0B81EA13
:04B04C000B0BF1EE0B
:04B05000109A4FEA19
:04B054007B0B89EAFF
:04B058000B0BF1EEFF
:04B05C00104AE1EEC7
:04B06000106A83F3FC
:04B06400138871B626
:04B06800E1EE104ABB
:04B06C0040F2000AA4
:04B07000C0F2C05A10
:04B07400E1EE10AA4F
:04B0780047F6FF3068
:04B07C00C7F6FF30E4
:04B0800000EE900A44
:04B08400B3EE600ABD
:04B0880010EE101A9C
:04B08C004FEA7B0B01
:04B0900081EA0B0B3B
:04B09400F1EE109A2F
:04B098004FEA7B0BF5
:04B09C0089EA0B0B27
:04B0A00047F601402E
:04B0A400C0F20000F6
:04B0A80000EE900A1C
:04B0AC00B3EE600A95
:04B0B00010EE101A74
:04B0B4004FEA7B0BD9
:04B0B80081EA0B0B13
:04B0BC00F1EE109A07
:04B0C0004FEA7B0BCD
:04B0C40089EA0B0BFF
:04B0C80040BCE1EEB9
:04B0CC00106A08BC42
:04B0D00083F313886B
:04B0D4009CEA0B0CDB
:04B0D8004AF6AA2B5F
:04B0DC00CAF6AA2BDB
:04B0E000EFF31383F4
:04B0E40008B471B685
:04B0E800F1EE106A0B
:04B0EC0040B440F23A
:04B0F000000AC0F2A0
:04B0F400000AE1EE7F
:04B0F80010AA40F268
:04B0FC00000000EE62
:04B10000100A40F2FF
:04B104000000C7F68A
:04B10800807001EE64
:04B10C00100AB2EE85
:04B11000C10A10EE72
:04B11400101A4FEAD4
:04B118007B0B81EA42
:04B11C000B0BF1EE3A
:04B12000109A4FEA48
:04B124007B0B89EA2E
:04B128000B0B40F2DB
:04B12C000000C7F662
:04B13000C07001EEFC
:04B13400100AB2EE5D
:04B13800C10A10EE4A
:04B13C00101A4FEAAC
:04B140007B0B81EA1A
:04B144000B0BF1EE12
:04B14800109A4FEA20
:04B14C007B0B89EA06
:04B150000B0BF1EE06
:04B15400104AE1EECE
:04B15800106A83F303
:04B15C00138871B62D
:04B16000E1EE104AC2
:04B1640040F2000AAB
:04B16800C0F2C00A67
:04B16C00E1EE10AA56
:04B1700040F20000A9
:04B17400C7F680702A
:04B1780001EE100ACA
:04B17C00B2EEC10A64
:04B1800010EE101AA3
:04B184004FEA7B0B08
:04B1880081EA0B0B42
:04B18C00F1EE109A36
:04B190004FEA7B0BFC
:04B1940089EA0B0B2E
:04B1980040F2000081
:04B19C00C7F6C070C2
:04B1A00001EE100AA2
:04B1A400B2EEC10A3C
:04B1A80010EE101A7B
:04B1AC004FEA7B0BE0
:04B1B00081EA0B0B1A
:04B1B400F1EE109A0E
:04B1B8004FEA7B0BD4
:04B1BC0089EA0B0B06
:04B1C00040BCE1EEC0
:04B1C400106A08BC49
:04B1C80083F3138872
:04B1CC009CEA0B0CE2
:04B1D0004AF6AA2B66
:04B1D400CAF6AA2BE2
:04B1D800EFF31383FB
:04B1DC0008B471B68C
:04B1E000F1EE106A12
:04B1E40040B440F241
:04B1E8000000E1EE94
:04B1EC00100A40F213
:04B1F0000100C0F2A8
:04B1F400000000EE69
:04B1F800900AB2EE19
:04B1FC00600A10EEE7
:04B20000101A4FEAE7
:04B204007B0B81EA55
:04B208000B0BF1EE4D
:04B20C00109A4FEA5B
:04B210007B0B89EA41
:04B214000B0B40F2EE
:04B21800FF00C0F67D
:04B21C00FF7000EED1
:04B22000900AB2EEF0
:04B22400600A10EEBE
:04B22800101A4FEABF
:04B22C007B0B81EA2D
:04B230000B0BF1EE25
:04B23400109A4FEA33
:04B238007B0B89EA19
:04B23C000B0B47F6BB
:04B240000140C0F217
:04B24400000000EE18
:04B24800900AB2EEC8
:04B24C00600A10EE96
:04B25000101A4FEA97
:04B254007B0B81EA05
:04B258000B0BF1EEFD
:04B25C00109A4FEA0B
:04B260007B0B89EAF1
:04B264000B0BF1EEF1
:04B26800104AE1EEB9
:04B26C00106A83F3EE
:04B27000138871B618
:04B27400E1EE104AAD
:04B2780040F2000A96
:04B27C00C0F2C05A02
:04B28000E1EE10AA41
:04B2840040F2000094
:04B28800C0F2800090
:04B28C0000EE900A36
:04B29000B2EE600AB0
:04B2940010EE101A8E
:04B298004FEA7B0BF3
:04B29C0081EA0B0B2D
:04B2A000F1EE109A21
:04B2A4004FEA7B0BE7
:04B2A80089EA0B0B19
:04B2AC0040BCE1EED3
:04B2B000106A08BC5C
:04B2B40083F3138885
:04B2B8009CEA0B0CF5
:04B2BC004AF6AA2B79
:04B2C000CAF6AA2BF5
:04B2C400EFF313830E
:04B2C80008B471B69F
:04B2CC00F1EE106A25
:04B2D00040B44FF047
:04B2D4000002E1EEA5
:04B2D800102A4FF6F3
:04B2DC00E040CFF28D
:04B2E000E15000EE4B
:04B2E400900AB3EE2B
:04B2E800E01A11EE69
:04B2EC00101A4FEAFB
:04B2F0007B0B81EA69
:04B2F4000B0BF1EE61
:04B2F800109A4FEA6F
:04B2FC007B0B89EA55
:04B300000B0B40F201
:04B304007F00C0F214
:04B30800002000EE33
:04B30C00900AB3EE02
:04B31000E01A11EE40
:04B31400101A4FEAD2
:04B318007B0B81EA40
:04B31C000B0BF1EE38
:04B32000109A4FEA46
:04B324007B0B89EA2C
:04B328000B0BF1EE2C
:04B32C00104AE1EEF4
:04B33000106A83F329
:04B33400138871B653
:04B33800E1EE104AE8
:04B33C0040F20002D9
:04B34000C0F2C07225
:04B34400E1EE102AFC
:04B348004FF6E0409C
:04B34C00CFF2E1500B
:04B3500000EE900A71
:04B35400B3EEE01A5A
:04B3580011EE101AC8
:04B35C004FEA7B0B2E
:04B3600081EA0B0B68
:04B36400F1EE109A5C
:04B368004FEA7B0B22
:04B36C0089EA0B0B54
:04B3700040F27F0028
:04B37400C0F2002003
:04B3780000EE900A49
:04B37C00B3EEE01A32
:04B3800011EE101AA0
:04B384004FEA7B0B06
:04B3880081EA0B0B40
:04B38C00F1EE109A34
:04B390004FEA7B0BFA
:04B3940089EA0B0B2C
:04B39800F1EE104A78
:04B39C00E1EE106A64
:04B3A00083F3138898
:04B3A40071B6E1EEAF
:04B3A800104A40F215
:04B3AC000100C0F2EA
:04B3B000000000EEAB
:04B3B400900AB3EE5A
:04B3B800E01A11EE98
:04B3BC00101A4FEA2A
:04B3C0007B0B81EA98
:04B3C4000B0BF1EE90
:04B3C800109A4FEA9E
:04B3CC007B0B89EA84
:04B3D0000B0B40BC67
:04B3D400E1EE106A2C
:04B3D80008BC83F337
:04B3DC0013889CEA4C
:04B3E0000B0C4AF612
:04B3E400AA2BCAF6D0
:04B3E800AA2BEFF3AA
:04B3EC00138308B40B
:04B3F00071B6F1EE53
:04B3F400108A4DF876
:04B3F800048D40F28E
:04B3FC00000AC0F291
:04B400000C0AE1EE63
:04B4040010AA44F650
:04B40800B620CCF6A8
:04B40C00757000EE69
:04B41000100ABAEE76
:04B41400C80A10EE64
:04B41800102A82EA8A
:04B41C000B0B4FEADD
:04B420007B0BF1EEC3
:04B42400109A4FEA41
:04B428007B0B89EA27
:04B42C000B0B44F6CC
:04B43000F620CCF244
:04B43400750000EEB1
:04B43800100ABAEE4E
:04B43C00440A10EEC0
:04B44000102A4FEA95
:04B444007B0B82EA12
:04B448000B0BF1EE0B
:04B44C00109A4FEA19
:04B450007B0B89EAFF
:04B454000B0BF1EEFF
:04B45800104AE1EEC7
:04B45C00108A83F3DC
:04B46000138871B626
:04B46400E1EE104ABB
:04B4680044F6B650A0
:04B46C00CCF2752089
:04B4700000EE100AD0
:04B47400BBEECC0A55
:04B4780010EE102A98
:04B47C004FEA7B0B0D
:04B4800082EA0B0B46
:04B48400F1EE109A3B
:04B488004FEA7B0B01
:04B48C0089EA0B0B33
:04B4900044F6C65068
:04B49400C6F6750083
:04B4980000EE100AA8
:04B49C00BBEE460AB3
:04B4A00010EE102A70
:04B4A4004FEA7B0BE5
:04B4A80082EA0B0B1E
:04B4AC00F1EE109A13
:04B4B0004FEA7B0BD9
:04B4B40089EA0B0B0B
:04B4B8005DF8048BAC
:04B4BC00E1EE108A23
:04B4C00008BC83F34E
:04B4C40013889CEA63
:04B4C8000B0C4AF629
:04B4CC00AA2BCAF6E7
:04B4D000AA2BEFF3C1
:04B4D400138308B422
:04B4D80071B6F1EE6A
:04B4DC00106A40B4FE
:04B4E00040F2000234
:04B4E400C0F2C07280
:04B4E800E1EE102A57
:04B4EC00F1EE042A4F
:04B4F000FEEEC82A7A
:04B4F40012EE901AAA
:04B4F8004FEA7B0B91
:04B4FC0081EA0B0BCB
:04B50000F0EE002A3F
:04B50400FFEECC2A60
:04B5080012EE901A95
:04B50C004FEA7B0B7C
:04B5100081EA0B0BB6
:04B51400F0EE082A23
:04B51800FEEE442AD5
:04B51C0012EE901A81
:04B520004FEA7B0B68
:04B5240081EA0B0BA2
:04B52800F7EE002A10
:04B52C00FFEE462ABE
:04B5300012EE901A6D
:04B534004FEA7B0B54
:04B5380081EA0B0B8E
:04B53C0040F20002D7
:04B54000C0F2C07223
:04B54400E1EE102AFA
:04B5480040F20100CC
:04B54C00C0F2000049
:04B5500000EE900A6F
:04B55400BDEEE01A4E
:04B5580011EE101AC6
:04B55C004FEA7B0B2C
:04B5600081EA0B0B66
:04B56400F1EE109A5A
:04B5680009F0FF00E7
:04B56C004FEA7B0B1C
:04B5700080EA0B0B57
:04B5740040F20000A1
:04B57800C7F6807022
:04B57C0000EE900A43
:04B58000BDEEE01A22
:04B5840011EE101A9A
:04B588004FEA7B0B00
:04B58C0081EA0B0B3A
:04B59000F1EE109A2E
:04B5940009F0FF00BB
:04B598004FEA7B0BF0
:04B59C0080EA0B0B2B
:04B5A00040F276708F
:04B5A400CAF2755022
:04B5A80000EE900A17
:04B5AC00BDEEE01AF6
:04B5B00011EE101A6E
:04B5B4004FEA7B0BD4
:04B5B80081EA0B0B0E
:04B5BC00F1EE109A02
:04B5C00009F0FF008F
:04B5C4004FEA7B0BC4
:04B5C80080EA0B0BFF
:04B5CC00BCEEE01AD7
:04B5D00011EE101A4E
:04B5D4004FEA7B0BB4
:04B5D80081EA0B0BEE
:04B5DC00F1EE109AE2
:04B5E00009F0FF006F
:04B5E4004FEA7B0BA4
:04B5E80080EA0B0BDF
:04B5EC0040BCE1EE90
:04B5F000106A08BC19
:04B5F40083F3138842
:04B5F8009CEA0B0CB2
:04B5FC004AF6AA2B36
:04B60000CAF6AA2BB1
:04B604004AF6AA2137
:04B60800CAF6AA21B3
:04B60C0045F255525C
:04B61000C5F25552D8
:04B6140000EE901A9A
:04B6180001EE102A05
:04B61C006DED020AC4
:04B620006DED010AC1
:04B624002DED011AED
:04B6280000EE101A06
:04B62C0000EE902A72
:04B6300001EE901A7D
:04B6340001EE102AE9
:04B6380040F20003D9
:04B63C0040F20004D4
:04B640006846824690
:04B64400AAF1080A55
:04B648008AEC020A7C
:04B64C000AF1080AED
:04B650003AED021AB3
:04B6540011EE104A99
:04B658004FEA7B0B2F
:04B65C008BEA040B66
:04B6600011EE904A0D
:04B664004FEA7B0B23
:04B668008BEA040B5A
:04B66C0000EE901A42
:04B6700000EE102AAE
:04B674008AEC020A50
:04B678009AEC021A2C
:04B67C0011EE105A61
:04B680004FEA7B0B07
:04B684008BEA050B3D
:04B6880011EE905AD5
:04B68C004FEA7B0BFB
:04B690008BEA050B31
:04B6940000EE101A9A
:04B6980000EE902A06
:04B69C0001EE101A91
:04B6A00001EE902AFD
:04B6A40082462AEDC3
:04B6A800040B9AEC09
:04B6AC00042A12EE6C
:04B6B000106A4FEAE3
:04B6B4007B0B8BEA97
:04B6B800060B12EE7D
:04B6BC00905A4FEA67
:04B6C0007B0B8BEA8B
:04B6C400050B13EE71
:04B6C800107A8BEA7F
:04B6CC00070B4FEA2F
:04B6D0007B0B13EEEF
:04B6D400908A4FEA1F
:04B6D8007B0B8BEA73
:04B6DC00080B82468F
:04B6E0008AED011BD3
:04B6E400AAF1080AB5
:04B6E8009AEC024A8C
:04B6EC0014EE109AAE
:04B6F0004FEA7B0B97
:04B6F4008BEA090BC9
:04B6F80014EE909A22
:04B6FC004FEA7B0B8B
:04B700008BEA090BBC
:04B70400C0ED000A8A
:04B7080090EC010AB6
:04B70C0010EE106AC1
:04B710008BEA060BAF
:04B714004FEA7B0B72
:04B7180080ED001AA6
:04B71C0090EC010AA2
:04B7200010EE106AAD
:04B724004FEA7B0B62
:04B728008BEA060B97
:04B72C00FDEC040A22
:04B730009CEA0B0C78
:04B7340046F27C3B22
:04B73800C3F2850BC8
:04B73C0040BCE1EE3E
:04B74000106ABDECE2
:04B74400200A01BC1A
:04B74800F7F7EAFE27
:04B74C005DF804ABF5
:04B750008AF3008CEC
:04B75400BDE8FE1F2F
:04B758005DF804EBA9
:04B75C00704700BF73
:04B7600000B5F7F742
:04B764000DFF00F0E5
:04B7680071FB4AF631
:04B76C00AA2BCAF644
:04B77000AA2B45F2C9
:04B774005555C5F270
:04B7780055554AF6E3
:04B77C00AA26CAF639
:04B78000AA26C5EA46
:04B7840066044FEA1E
:04B788007B0B8BEAC2
:04B78C00040B4AF66A
:04B79000AA25CAF626
:04B79400AA2545F2AB
:04B798005556C5F24B
:04B79C005556C5EA4F
:04B7A00026274FEA1F
:04B7A4007B0B8BEAA6
:04B7A800070B45F254
:04B7AC005555C5F238
:04B7B00055554AF6AB
:04B7B400AA26CAF601
:04B7B800AA26C5EA0E
:04B7BC0026174FEA13
:04B7C0007B0B8BEA8A
:04B7C400070B9CEAE9
:04B7C8000B0C4AF626
:04B7CC00AA2BCAF6E4
:04B7D000AA2B45F269
:04B7D4005557C5F20E
:04B7D80055574AF681
:04B7DC00AA25CAF6DA
:04B7E000AA25C7EAE5
:04B7E40005164FEA0D
:04B7E8007B0B8BEA62
:04B7EC00060B40F216
:04B7F000550745F2C2
:04B7F4005555C0F2F5
:04B7F8005505C7EA42
:04B7FC0005264FEAE5
:04B800007B0B8BEA49
:04B80400060B9CEAA9
:04B808000B0C4AF6E5
:04B80C00AA2BCAF6A3
:04B81000AA2B40F22D
:04B8140000004BF2F3
:04B818009F31C9F2A1
:04B81C008C314AF22F
:04B82000D972C9F21E
:04B824008C424FF60D
:04B82800FF73CFF6E5
:04B82C00FF734FF661
:04B83000FF78CFF6D8
:04B83400FF7880F326
:04B83800008882FA08
:04B83C0081F34FEA5B
:04B840007B0B93EA01
:04B844000B0BEFF308
:04B8480000844FEA3F
:04B84C00E44505F4D6
:04B8500080754FEAC6
:04B854007B0B95EAEB
:04B858000B0B40F2A4
:04B85C00DE5640F67E
:04B86000F56780F315
:04B86400008887FAD7
:04B8680086F84FEA25
:04B86C007B0B98EAD0
:04B870000B0BEFF3DC
:04B8740000814FEA16
:04B87800A14202F4F3
:04B87C0000724FEA1D
:04B880007B0B92EAC2
:04B884000B0B9CEA24
:04B888000B0C4AF665
:04B88C00AA2BCAF623
:04B89000AA2B4BF2A2
:04B894009F31CAF224
:04B898008C314EF2AF
:04B89C008C42CAF21E
:04B8A000D9724FF614
:04B8A400FF73CFF669
:04B8A800FF734FF6E5
:04B8AC00FF77CFF65D
:04B8B000FF7781FAA3
:04B8B40012F34FEA52
:04B8B8007B0B8BEA91
:04B8BC00030BEFF398
:04B8C000008404F00C
:04B8C40000644FEAE3
:04B8C8007B0B8BEA81
:04B8CC00040B40F237
:04B8D000DE5540F60B
:04B8D400F56685FA96
:04B8D80016F74FEA26
:04B8DC007B0B8BEA6D
:04B8E000070BEFF370
:04B8E400008404F0E8
:04B8E80000644FEABF
:04B8EC007B0B8BEA5D
:04B8F000040B9CEABF
:04B8F4000B0C4AF6F9
:04B8F800AA2BCAF6B7
:04B8FC00AA2B4BF236
:04B900009F31CAF2B7
:04B904008C314AF246
:04B90800D972CEF230
:04B90C008C424FF624
:04B91000FF73CFF6FC
:04B91400FF734FF678
:04B91800FF77CFF6F0
:04B91C00FF7791FA26
:04B9200012F34FEAE5
:04B924007B0B8BEA24
:04B92800030BEFF32B
:04B92C00008404F09F
:04B9300000644FEA76
:04B934007B0B8BEA14
:04B93800040B40F2CA
:04B93C00DE5540F69E
:04B94000F56695FA19
:04B9440016F74FEAB9
:04B948007B0B8BEA00
:04B94C00070BEFF303
:04B95000008404F07B
:04B9540000644FEA52
:04B958007B0B8BEAF0
:04B95C00040B9CEA52
:04B960000B0C4AF68C
:04B96400AA2BCAF64A
:04B96800AA2B40F2D4
:04B96C00000044F69D
:04B970006141C6F675
:04B9740073414AF2DF
:04B97800D972C9F2C5
:04B97C008C424FF6B4
:04B98000FF73CFF68C
:04B98400FF734FF608
:04B98800FF77CFF680
:04B98C00FF7780F3CE
:04B99000008882FAAF
:04B99400A1F34FEAE2
:04B998007B0B8BEAB0
:04B99C00030BEFF3B7
:04B9A000008404F02B
:04B9A40000644FEA02
:04B9A8007B0B8BEAA0
:04B9AC00040B40F256
:04B9B000DE5540F62A
:04B9B400F56680F3C1
:04B9B800008886FA83
:04B9BC00A5F74FEAB2
:04B9C0007B0B8BEA88
:04B9C400070BEFF38B
:04B9C800008404F003
:04B9CC0000644FEADA
:04B9D0007B0B8BEA78
:04B9D400040B9CEADA
:04B9D8000B0C4AF614
:04B9DC00AA2BCAF6D2
:04B9E000AA2B4BF251
:04B9E4009F31CAF2D3
:04B9E8008C314EF25E
:04B9EC008C42CAF2CD
:04B9F000D9724FF6C3
:04B9F400FF73CFF618
:04B9F800FF734FF694
:04B9FC00FF77CFF60C
:04BA0000FF77C1FA11
:04BA040012F34FEA00
:04BA08007B0B8BEA3F
:04BA0C00030BEFF346
:04BA1000008404F0BA
:04BA140000644FEA91
:04BA18007B0B8BEA2F
:04BA1C00040B40F2E5
:04BA2000DE5540F6B9
:04BA2400F566C5FA04
:04BA280016F74FEAD4
:04BA2C007B0B8BEA1B
:04BA3000070BEFF31E
:04BA3400008404F096
:04BA380000644FEA6D
:04BA3C007B0B8BEA0B
:04BA4000040B9CEA6D
:04BA44000B0C4AF6A7
:04BA4800AA2BCAF665
:04BA4C00AA2B4BF2E4
:04BA50009F31CAF266
:04BA54008C314AF2F5
:04BA5800D972CEF2DF
:04BA5C008C424FF6D3
:04BA6000FF73CFF6AB
:04BA6400FF734FF627
:04BA6800FF77CFF69F
:04BA6C00FF77D1FA95
:04BA700012F34FEA94
:04BA74007B0B8BEAD3
:04BA7800030BEFF3DA
:04BA7C00008404F04E
:04BA800000644FEA25
:04BA84007B0B8BEAC3
:04BA8800040B40F279
:04BA8C00DE5540F64D
:04BA9000F566D5FA88
:04BA940016F74FEA68
:04BA98007B0B8BEAAF
:04BA9C00070BEFF3B2
:04BAA000008404F02A
:04BAA40000644FEA01
:04BAA8007B0B8BEA9F
:04BAAC00040B9CEA01
:04BAB0000B0C4AF63B
:04BAB400AA2BCAF6F9
:04BAB800AA2B4BF278
:04BABC009F31CAF2FA
:04BAC0008C314AF289
:04BAC400D972CEF273
:04BAC8008C424FF667
:04BACC00FF73CFF63F
:04BAD000FF734FF6BB
:04BAD400FF77CFF633
:04BAD800FF77A1FA59
:04BADC0012F34FEA28
:04BAE0007B0B8BEA67
:04BAE400030B40F21E
:04BAE800A701C0F200
:04BAEC008C0140F297
:04BAF0000102C0F29D
:04BAF4006A52A1FAF7
:04BAF80012F34FEA0C
:04BAFC007B0B8BEA4B
:04BB0000030B4BF2F6
:04BB04009F31CAF2B1
:04BB08008C314EF23C
:04BB0C008C42CAF2AB
:04BB1000D972E1FA0B
:04BB140012F34FEAEF
:04BB18007B0B8BEA2E
:04BB1C00030B40F2E5
:04BB20002201C0F648
:04BB2400312140F299
:04BB28001F02C4F242
:04BB2C006862E1FA70
:04BB300012F34FEAD3
:04BB34007B0B8BEA12
:04BB3800030B9CEA75
:04BB3C000B0C4AF6AE
:04BB4000AA2BCAF66C
:04BB4400AA2B40F2F6
:04BB480000004BF2BC
:04BB4C009F31C9F26A
:04BB50008C314AF2F8
:04BB5400D972C9F2E7
:04BB58008C424FF6D6
:04BB5C00FF73CFF6AE
:04BB6000FF734FF62A
:04BB6400FF77CFF6A2
:04BB6800FF7780F3F0
:04BB6C00008882FAD1
:04BB700091F34FEA14
:04BB74007B0B8BEAD2
:04BB7800030BEFF3D9
:04BB7C00008404F04D
:04BB800000644FEA24
:04BB84007B0B8BEAC2
:04BB8800040B40F278
:04BB8C00DE5540F64C
:04BB9000F56680F3E3
:04BB9400008886FAA5
:04BB980095F74FEAE4
:04BB9C007B0B8BEAAA
:04BBA000070BEFF3AD
:04BBA400008404F025
:04BBA80000644FEAFC
:04BBAC007B0B8BEA9A
:04BBB000040B9CEAFC
:04BBB4000B0C4AF636
:04BBB800AA2BCAF6F4
:04BBBC00AA2B40F27E
:04BBC000000044F647
:04BBC4006141C6F61F
:04BBC80073414AF289
:04BBCC00D972C9F26F
:04BBD0008C424FF65E
:04BBD400FF73CFF636
:04BBD800FF734FF6B2
:04BBDC00FF77CFF62A
:04BBE000FF7780F378
:04BBE400008882FA59
:04BBE800B1F34FEA7C
:04BBEC007B0B8BEA5A
:04BBF000030BEFF361
:04BBF400008404F0D5
:04BBF80000644FEAAC
:04BBFC007B0B8BEA4A
:04BC0000040B40F2FF
:04BC0400DE5540F6D3
:04BC0800F56680F36A
:04BC0C00008885FA2D
:04BC1000B6F74FEA4A
:04BC14007B0B8BEA31
:04BC1800070BEFF334
:04BC1C00008404F0AC
:04BC200000644FEA83
:04BC24007B0B8BEA21
:04BC2800040B9CEA83
:04BC2C000B0C4AF6BD
:04BC3000AA2BCAF67B
:04BC3400AA2B4BF2FA
:04BC38009F31CAF27C
:04BC3C008C314AF20B
:04BC4000D972CEF2F5
:04BC44008C424FF6E9
:04BC4800FF73CFF6C1
:04BC4C00FF73A1FAE7
:04BC500052F34FEA72
:04BC54007B0B8BEAF1
:04BC5800030B40F2A8
:04BC5C00A701C0F28A
:04BC60008C0140F221
:04BC64000102C0F227
:04BC68006A52A1FA81
:04BC6C0052F34FEA56
:04BC70007B0B8BEAD5
:04BC7400030B4BF281
:04BC78009F31CAF23C
:04BC7C008C314AF2CB
:04BC8000D972CEF2B5
:04BC84008C42E1FA13
:04BC880052F34FEA3A
:04BC8C007B0B8BEAB9
:04BC9000030B40F270
:04BC94002201C0F6D3
:04BC9800312140F224
:04BC9C001F02C4F2CD
:04BCA0006862E1FAFB
:04BCA40052F34FEA1E
:04BCA8007B0B8BEA9D
:04BCAC00030B9CEA00
:04BCB0000B0C4AF639
:04BCB400AA2BCAF6F7
:04BCB800AA2B4BF276
:04BCBC009F314EF274
:04BCC0008C424FF66D
:04BCC400FF73CFF645
:04BCC800FF734FF6C1
:04BCCC00FF77CFF639
:04BCD000FF7781FA7F
:04BCD40052F34FEAEE
:04BCD8007B0B8BEA6D
:04BCDC00030B40F224
:04BCE000DE5540F6F7
:04BCE400F56685FA82
:04BCE80056F74FEAD2
:04BCEC007B0B8BEA59
:04BCF000070B9CEAB8
:04BCF4000B0C4AF6F5
:04BCF800AA2BCAF6B3
:04BCFC00AA2B4BF232
:04BD00009F31CAF2B3
:04BD04008C314AF242
:04BD0800D972CEF22C
:04BD0C008C424FF620
:04BD1000FF73CFF6F8
:04BD1400FF734FF674
:04BD1800FF77CFF6EC
:04BD1C00FF7791FA22
:04BD200052F34FEAA1
:04BD24007B0B8BEA20
:04BD2800030B40F2D7
:04BD2C00DE5540F6AA
:04BD3000F56695FA25
:04BD340056F74FEA85
:04BD38007B0B8BEA0C
:04BD3C00070B9CEA6B
:04BD40000B0C4AF6A8
:04BD4400AA2BCAF666
:04BD4800AA2B40F2F0
:04BD4C000000C0F241
:04BD500000004AF6AF
:04BD5400BC71CFF6F9
:04BD5800CD314EF6A5
:04BD5C00EA72CFF2C6
:04BD6000B36240F298
:04BD64000005C0F224
:04BD6800070585F353
:04BD6C000088A1FAB0
:04BD700082F04FEA24
:04BD74007B0B80EADB
:04BD78000B0B4AF671
:04BD7C00BC71CFF6D1
:04BD80001D414EF221
:04BD84004A32C2F28B
:04BD8800BA7240F259
:04BD8C000005C0F2FC
:04BD9000060585F32C
:04BD94000088A1FA88
:04BD980082F04FEAFC
:04BD9C007B0B80EAB3
:04BDA0000B0B45F64E
:04BDA4003C71C6F632
:04BDA8006D314EF2B9
:04BDAC005D42CDF631
:04BDB000376240F2C4
:04BDB4000005C0F2D4
:04BDB800010585F309
:04BDBC000088A1FA60
:04BDC00082F04FEAD4
:04BDC4007B0B80EA8B
:04BDC8000B0B9CEADB
:04BDCC000B0C4AF61C
:04BDD000AA2BCAF6DA
:04BDD400AA2B40F264
:04BDD800000040F235
:04BDDC00000142F22E
:04BDE000DD13C7F6B2
:04BDE400FF734FF6A4
:04BDE800D964C8F65C
:04BDEC00FF74E3FB02
:04BDF00064014FEAB1
:04BDF4007B0B80EA5B
:04BDF8000B0B4FEAF8
:04BDFC007B0B81EA52
:04BE00000B0B4FF6E3
:04BE0400FF73CFF603
:04BE0800FF734FF67F
:04BE0C00FF74CFF6FA
:04BE1000FF74E3FBDD
:04BE140064014FEA8C
:04BE18007B0B81EA35
:04BE1C000B0B4FEAD3
:04BE20007B0B80EA2E
:04BE24000B0B9CEA7E
:04BE28000B0C44F2C9
:04BE2C00560BC1F6FA
:04BE3000430B01BC03
:04BE3400F7F774FBAD
:04BE38005DF804AB02
:04BE3C008AF30088FD
:04BE4000BDE8FE1F3C
:04BE44005DF804EBB6
:04BE4800704700BF80
:04BE4C004AF6AA2CDC
:04BE5000CAF6AA2C58
:04BE54004FF00000AB
:04BE58004FF00001A6
:04BE5C004FF00002A1
:04BE60004FF000039C
:04BE64004FF0000497
:04BE68004FF0000592
:04BE6C004FF000068D
:04BE70004FF0000788
:04BE74004FF0000883
:04BE78004FF000097E
:04BE7C004FF0000A79
:04BE80004FF0000B74
:04BE840080F30088BF
:04BE8800704700BF40
:04BE8C004AF6AA2C9C
:04BE9000CAF6AA2C18
:04BE940000EE10CAE2
:04BE980000EE90CA5E
:04BE9C0001EE10CAD9
:04BEA00001EE90CA55
:04BEA40002EE10CAD0
:04BEA80002EE90CA4C
:04BEAC0003EE10CAC7
:04BEB00003EE90CA43
:04BEB40004EE10CABE
:04BEB80004EE90CA3A
:04BEBC0005EE10CAB5
:04BEC00005EE90CA31
:04BEC40006EE10CAAC
:04BEC80006EE90CA28
:04BECC0007EE10CAA3
:04BED00007EE90CA1F
:04BED40008EE10CA9A
:04BED80008EE90CA16
:04BEDC0009EE10CA91
:04BEE00009EE90CA0D
:04BEE4000AEE10CA88
:04BEE8000AEE90CA04
:04BEEC000BEE10CA7F
:04BEF0000BEE90CAFB
:04BEF4000CEE10CA76
:04BEF8000CEE90CAF2
:04BEFC000DEE10CA6D
:04BF00000DEE90CAE8
:04BF04000EEE10CA63
:04BF08000EEE90CADF
:04BF0C000FEE10CA5A
:04BF10000FEE90CAD6
:04BF1400704700BFB3
:04BF1800EFF31384AC
:04BF1C0010B471B636
:04BF2000604801680C
:04BF240002B46049BA
:04BF2800086801B4F0
:04BF2C005D484FF02D
:04BF300000010160AB
:04BF34005C4EC6F8A1
:04BF380000805C48E1
:04BF3C00046810B4D1
:04BF40005B480468EE
:04BF440010B4594C90
:04BF48005A4A2260CF
:04BF4C00584C6FF0EE
:04BF50001F02424446
:04BF54002260554CC6
:04BF58002768564DB3
:04BF5C0087EA050764
:04BF60004FEA7B0B1E
:04BF640087EA0B0B52
:04BF6800534C2768A7
:04BF6C00514D87EAC2
:04BF700005074FEA88
:04BF74007B0B87EAD2
:04BF78000B0B504C13
:04BF7C0027684D4D98
:04BF800087EA050740
:04BF84004FEA7B0BFA
:04BF880087EA0B0B2E
:04BF8C004C4C27688A
:04BF9000484D87EAA7
:04BF940005074FEA64
:04BF98007B0B87EAAE
:04BF9C000B0B444CFB
:04BFA00027686FF0AF
:04BFA4001F054544EC
:04BFA80087EA050718
:04BFAC004FEA7B0BD2
:04BFB00087EA0B0B06
:04BFB400434C27686B
:04BFB8006FF01F0502
:04BFBC00454487EA87
:04BFC00005074FEA38
:04BFC4007B0B87EA82
:04BFC8000B0B3F4CD4
:04BFCC0027686FF083
:04BFD0001F054544C0
:04BFD40087EA0507EC
:04BFD8004FEA7B0BA6
:04BFDC0087EA0B0BDA
:04BFE0003A4C276848
:04BFE4006FF01F05D6
:04BFE800454487EA5B
:04BFEC0005074FEA0C
:04BFF0007B0B87EA56
:04BFF4000B0B2D4CBA
:04BFF8004FF0000204
:04BFFC0022602C4C47
:04C000004FF00002FB
:04C004004244226030
:04C00800284C276831
:04C00C004FEA7B0B71
:04C0100087EA0B0BA5
:04C01400284C276825
:04C018004FEA7B0B65
:04C01C0087EA0B0B99
:04C02000264C27681B
:04C024004FEA7B0B59
:04C0280087EA0B0B8D
:04C02C00244C276811
:04C030004FEA7B0B4D
:04C0340087EA0B0B81
:04C038001D4C27680C
:04C03C00A7EB08075F
:04C040004FEA7B0B3D
:04C0440087EA0B0B71
:04C048001E4C2768FB
:04C04C00A7EB08074F
:04C050004FEA7B0B2D
:04C0540087EA0B0B61
:04C058001B4C2768EE
:04C05C00A7EB08073F
:04C060004FEA7B0B1D
:04C0640087EA0B0B51
:04C06800184C2768E1
:04C06C00A7EB08072F
:04C070004FEA7B0B0D
:04C0740087EA0B0B41
:04C0780010BC0D4D9E
:04C07C002C6010BC68
:04C080000A4D2C60D9
:04C08400084901BCAA
:04C0880008600649FD
:04C08C0001BC08608B
:04C0900008F10108AA
:04C0940010BC84F365
:04C098001388C845FC
:04C09C007FF43CAF42
:04C0A000704700BF26
:04C0A40094ED00E037
:04C0A80098ED00E02F
:04C0AC00A0ED00E023
:04C0B0009CED00E023
:04C0B4003E00071330
:04C0B800A8ED00E00F
:04C0BC00B0ED00E003
:04C0C000B8ED00E0F7
:04C0C400A4ED00E007
:04C0C800ACED00E0FB
:04C0CC00B4ED00E0EF
:04C0D00000B5F7F7C9
:04C0D40055FAFFF723
:04C0D800B9FE4AF66D
:04C0DC00AA2BCAF6CB
:04C0E000AA2BDFF8B0
:04C0E40024150868AF
:04C0E8004FF40063AE
:04C0EC0058405FEA6F
:04C0F0007B0B9BEA41
:04C0F400000B9CEAB7
:04C0F8000B0C4AF6ED
:04C0FC00AA2BCAF6AB
:04C10000AA2BEFF384
:04C10400138410B4DC
:04C10800EFF31084BD
:04C10C0010B471B644
:04C11000DFF8F81448
:04C11400086801B402
:04C118004FF6FF706F
:04C11C00CFF6FF70EB
:04C120000860641936
:04C12400141808687B
:04C128004FF00703CA
:04C12C0058405FEA2E
:04C130007B0B9BEA00
:04C13400000B4FF0BD
:04C13800000008609B
:04C13C006419141856
:04C1400008685FEA42
:04C144007B0B9BEAEC
:04C14800000B01BC2B
:04C14C00086010BCBB
:04C1500084F31088DC
:04C1540010BC84F3A4
:04C1580013889CEAC2
:04C15C000B0C4AF688
:04C16000AA2BCAF646
:04C16400AA2BDFF82B
:04C16800A8744FF078
:04C16C0000063E602B
:04C17000EFF313874F
:04C1740080B4EFF3B1
:04C17800108780B4F8
:04C17C00DFF8941440
:04C18000086801B496
:04C1840071B6DFF8B9
:04C188008C140868A3
:04C18C004FF6FD72FB
:04C19000CFF6FF7275
:04C1940000EA0200BB
:04C198000860DFF864
:04C19C007C040268B5
:04C1A0004FF0070154
:04C1A4000160DFF85F
:04C1A80074040168B2
:04C1AC00DFF8700444
:04C1B0000368DFF849
:04C1B40058040468BF
:04C1B800DFF8680440
:04C1BC000568DFF83B
:04C1C00068040668A1
:04C1C4007EB44FF006
:04C1C800FE0505600B
:04C1CC00DFF8540440
:04C1D00040F2000534
:04C1D400C0F20105AF
:04C1D800056040F2CC
:04C1DC000900C0F2A4
:04C1E0000600DFF87E
:04C1E40038140860A3
:04C1E800DFF8341434
:04C1EC004FF6E070BA
:04C1F000CFF6FF7017
:04C1F4004FF00C05F7
:04C1F8004FF00206FC
:04C1FC0005FB06F544
:04C200007B462B440A
:04C2040000EA030445
:04C208000C604FF087
:04C20C000507FF49DA
:04C210000F60DFF8E4
:04C214001854012198
:04C21800296062B681
:04C21C0061B61C6883
:04C22000DFF80C54E3
:04C224002A68012A59
:04C22800FAD07EBC0E
:04C22C00FB4801606A
:04C23000FB48036064
:04C23400F548046065
:04C23800FA4805605B
:04C23C00FA48066056
:04C24000F54802605B
:04C24400F34901BCFD
:04C24800086080BC4E
:04C24C0087F31088DC
:04C2500080BC87F334
:04C254001388F7480C
:04C2580002685FEA2F
:04C25C007B0B9BEAD3
:04C26000020B9CEA47
:04C264000B0C4AF67F
:04C26800AA2BCAF63D
:04C26C00AA2BEFF317
:04C27000138780B4FC
:04C27400EFF310874D
:04C2780080B4E6495F
:04C27C00086801B499
:04C2800071B6E44966
:04C2840008684FF601
:04C28800FD72CFF67E
:04C28C00FF7200EA53
:04C290000200086040
:04C29400E048026814
:04C298004FF007015B
:04C29C000160DF4816
:04C2A0000168DF480A
:04C2A4000368D9480A
:04C2A8000468DE4800
:04C2AC000568DE48FB
:04C2B00006687EB4EA
:04C2B4004FF0FE0544
:04C2B8000560DA48FB
:04C2BC0040F2000547
:04C2C000C0F20105C2
:04C2C4000560DC4DE8
:04C2C80001212960C7
:04C2CC0040F2090033
:04C2D000C0F2006058
:04C2D400D1490860E4
:04C2D800D149D84B25
:04C2DC004FF6E070C9
:04C2E000CFF6FF7026
:04C2E40003400B60A8
:04C2E8004FF0050707
:04C2EC00C7490F60CF
:04C2F00062B661B61B
:04C2F400D24B40F2F7
:04C2F80000041C60C2
:04C2FC00D14D2A688E
:04C30000012AFBD043
:04C304007EBCC548EE
:04C308000160C548C3
:04C30C000360BF48C3
:04C310000460C448B9
:04C314000560C448B4
:04C318000660BF48B4
:04C31C000260BD49B5
:04C3200001BC0860F4
:04C3240080BC87F35F
:04C32800108880BC3D
:04C32C0087F31388F8
:04C33000C548026892
:04C334005FEA7B0B36
:04C338009BEA020B6F
:04C33C009CEA0B0C60
:04C340004AF6AA2BE4
:04C34400CAF6AA2B60
:04C34800EFF3138775
:04C34C0080B4EFF3D7
:04C35000108780B41E
:04C35400AF4908687D
:04C3580001B471B605
:04C35C00AD49086877
:04C360004FF6FD7225
:04C36400CFF6FF729F
:04C3680000EA0200E5
:04C36C000860AA4873
:04C3700002684FF020
:04C37400070101605C
:04C37800A848016868
:04C37C00A848036862
:04C38000A248046863
:04C38400A748056859
:04C38800A748066854
:04C38C007EB44FF03C
:04C39000FE05056041
:04C39400A34840F288
:04C398000005C0F2EA
:04C39C000105056032
:04C3A00040F2130054
:04C3A400C1F206706C
:04C3A8009C49086044
:04C3AC009C494FF069
:04C3B00002054FF043
:04C3B4000D067543BA
:04C3B8007B462B4451
:04C3BC006FF0FF041B
:04C3C00003EA040385
:04C3C4000B604FF0CB
:04C3C800050790498C
:04C3CC000F609F4D12
:04C3D00001212960BE
:04C3D40062B661B636
:04C3D8009D4D2A68E5
:04C3DC00012AFBD067
:04C3E0007EBC8E4849
:04C3E40001608E481E
:04C3E800036088481E
:04C3EC0004608D4814
:04C3F00005608D480F
:04C3F400066088480F
:04C3F8000260864910
:04C3FC0001BC086018
:04C4000080BC87F382
:04C40400108880BC60
:04C4080087F313881B
:04C40C0091480268E9
:04C410005FEA7B0B59
:04C414009BEA020B92
:04C418009CEA0B0C83
:04C41C004AF6AA2B07
:04C42000CAF6AA2B83
:04C42400EFF310879B
:04C4280080B4EFF3FA
:04C42C00138780B43E
:04C4300078490868D7
:04C4340001B471B628
:04C4380076490868D1
:04C43C004FF6FD7248
:04C44000CFF6FF72C2
:04C4440000EA020008
:04C4480008607348CD
:04C44C00046810B4BC
:04C450004FF00701A1
:04C4540001607248C9
:04C45800046810B4B0
:04C45C006F480468B9
:04C4600010B46A4862
:04C46400046810B4A4
:04C468006E480568AD
:04C46C0020B46E4842
:04C47000066840B466
:04C4740040B44FF091
:04C478000507644907
:04C47C000F604FF00E
:04C48000FE05056050
:04C48400674840F2D3
:04C488000005C0F2F9
:04C48C000105056041
:04C49000694621F0E8
:04C494001F01624AD8
:04C49800116040F2FD
:04C49C000903C0F2DE
:04C4A00000135E4ADD
:04C4A40013606C4D68
:04C4A80001212960E5
:04C4AC0062B661B65D
:04C4B0004DF8004EF5
:04C4B400694D2A683C
:04C4B800012AFBD08A
:04C4BC0001BC01BC02
:04C4C000594908606E
:04C4C40001BC574917
:04C4C800086001BC4B
:04C4CC004F4908606C
:04C4D00001BC524910
:04C4D400086001BC3F
:04C4D800514908605E
:04C4DC0001BC4E4908
:04C4E00008604C495B
:04C4E40001BC08602F
:04C4E80080BC87F39A
:04C4EC00138880BC75
:04C4F00087F3108836
:04C4F4005A48026838
:04C4F8005FEA7B0B71
:04C4FC009BEA020BAA
:04C500009CEA0B0C9A
:04C504004AF6AA2B1E
:04C50800CAF6AA2B9A
:04C50C00EFF31087B2
:04C5100080B4EFF311
:04C51400138780B455
:04C518003E49086828
:04C51C0001B471B63F
:04C520003C49086822
:04C524004FF6FD725F
:04C52800CFF6FF72D9
:04C52C0000EA02001F
:04C53000086039481E
:04C53400046810B4D3
:04C538004FF00701B8
:04C53C00016038481A
:04C54000046810B4C7
:04C54400354804680A
:04C5480010B43048B3
:04C54C00046810B4BB
:04C5500034480568FE
:04C5540020B4344893
:04C55800066840B47D
:04C55C0040B44FF0A8
:04C5600005072A4958
:04C564000F604FF025
:04C56800FE05056067
:04C56C002D4840F224
:04C570000005C0F210
:04C574000105056058
:04C57800694621F0FF
:04C57C001F01284A29
:04C58000116040F214
:04C584000903C0F2F5
:04C588000013244A2E
:04C58C001360354DB6
:04C5900001212960FC
:04C5940062B661B674
:04C598005DF8004EFC
:04C59C00324D2A688A
:04C5A000012AFBD0A1
:04C5A40001BC01BC19
:04C5A8001F490860BF
:04C5AC0001BC1D4968
:04C5B000086001BC62
:04C5B40015490860BD
:04C5B80001BC184961
:04C5BC00086001BC56
:04C5C00017490860AF
:04C5C40001BC144959
:04C5C80008601249AC
:04C5CC0001BC086046
:04C5D00080BC87F3B1
:04C5D400138880BC8C
:04C5D80087F310884D
:04C5DC002348026886
:04C5E0005FEA7B0B88
:04C5E4009BEA020BC1
:04C5E8009CEA0B0CB2
:04C5EC0045F66C0B99
:04C5F000C9F2DB5B56
:04C5F40001BCF6F799
:04C5F80093FF5DF858
:04C5FC0004ABBDE8E7
:04C60000FE1F5DF8C4
:04C6040004EB70478C
:04C6080090ED00E0D1
:04C60C0094ED00E0C9
:04C6100018000020EE
:04C6140010ED00E045
:04C6180098ED00E0B9
:04C61C00A0ED00E0AD
:04C620009CED00E0AD
:04C6240024ED00E021
:04C6280018ED00E029
:04C62C001C000020CE
:04C630001C000020CA
:04C6340018000020CA
:04C638001C000020C2
:04C63C001C000020BE
:04C640001C000020BA
:04C644001C000020B6
:04C6480018000020B6
:04C64C001C000020AE
:04C650001C000020AA
:04C6540018000020AA
:04C658001C000020A2
:04C65C001C0000209E
:04C66000180000209E
:04C664001C00002096
:04C668001C00002092
:04C66C001800002092
:04C6700000B5F6F724
:04C6740085FFFFF748
:04C67800E9FB4AF69A
:04C67C00AA2BCAF625
:04C68000AA2BEFF3FF
:04C68400138410B457
:04C6880071B621491D
:04C68C00086801B485
:04C6900020490868CD
:04C6940001B4204984
:04C69800086801B479
:04C69C004FF0070054
:04C6A00008606419B1
:04C6A40014180868F6
:04C6A8004FF0070345
:04C6AC0058405FEAA9
:04C6B0007B0B9BEA7B
:04C6B400000B4FF038
:04C6B8000000086016
:04C6BC0064191418D1
:04C6C00008685FEABD
:04C6C4007B0B9BEA67
:04C6C800000B134907
:04C6CC0001BC086045
:04C6D000104901BC50
:04C6D40008600E49A3
:04C6D80001BC086039
:04C6DC0010BC84F317
:04C6E00013884FF07C
:04C6E40000084FF00B
:04C6E8000409FFF74B
:04C6EC0015FC9CEAB3
:04C6F0000B0C40F2FD
:04C6F400000BC0F285
:04C6F800000B01BC76
:04C6FC00F6F710FF3E
:04C700005DF804AB31
:04C70400BDE8FE1F6F
:04C708005DF804EBE9
:04C70C00704700BFB3
:04C710009CED00E0BC
:04C71400A0ED00E0B4
:04C7180098ED00E0B8
:04C71C0000B5F6F777
:04C720002FFFFFF7F1
:04C7240093FB4AF643
:04C72800AA2BCAF678
:04C72C00AA2B4FF0F5
:04C7300004084FF0BA
:04C734000809FFF7FA
:04C73800EFFB9CEA8D
:04C73C000B0C40F2B0
:04C74000000BC0F238
:04C74400000B01BC29
:04C74800F6F7EAFE18
:04C74C005DF804ABE5
:04C75000BDE8FE1F23
:04C754005DF804EB9D
:04C75800704700BF67
:04C75C00EFF3108760
:04C7600072B617484E
:04C76400255820B480
:04C768004FF6FF7019
:04C76C00CFF6FF7095
:04C77000605000EB2A
:04C774000302A0EB31
:04C77800020303EBCA
:04C77C0000026558FA
:04C78000019AA3581F
:04C784005D404FEADB
:04C788007B0B8BEAB2
:04C78C00050B4FF05A
:04C7900000006050F5
:04C7940000EB0302B1
:04C79800A0EB02030D
:04C79C0003EB0002A9
:04C7A00065584FEA9F
:04C7A4007B0B8BEA96
:04C7A800050B20BCA1
:04C7AC0004482550C8
:04C7B00004F1040488
:04C7B40087F310886F
:04C7B8004C457FF479
:04C7BC00CFAF704744
:04C7C00000E400E0B1
:04C7C400EFF31087F8
:04C7C80072B61E48DF
:04C7CC00255820B418
:04C7D0004FF6FF70B1
:04C7D400CFF6FF702D
:04C7D800605000EBC2
:04C7DC000302A0EBC9
:04C7E000020303EB62
:04C7E4000002655892
:04C7E80054F806A05B
:04C7EC00029AA358B2
:04C7F0005D404FEA6F
:04C7F4007B0B8BEA46
:04C7F800050B93EAB0
:04C7FC000A0A4FEAEC
:04C800007B0B8BEA39
:04C804000A0B44F8DF
:04C80800068000EBBB
:04C80C000302A0EB98
:04C81000020303EB31
:04C814000002655861
:04C8180054F806A02A
:04C81C004FEA7B0B59
:04C820008BEA050B8F
:04C824004FEA7B0B51
:04C828008BEA0A0B82
:04C82C0020BC0548DF
:04C83000255004F19A
:04C83400040487F37E
:04C8380010884C45D3
:04C83C007FF4C2AF14
:04C84000704700BF7E
:04C8440000E100E02F
:04C84800EFF3108773
:04C84C0072B61E485A
:04C85000255820B493
:04C854004FF6FF702C
:04C85800CFF6FF70A8
:04C85C00605000EB3D
:04C860000302A0EB44
:04C86400020303EBDD
:04C86800000265580D
:04C86C0054F806A0D6
:04C87000029AA3582D
:04C874005D404FEAEA
:04C878007B0B8BEAC1
:04C87C00050B93EA2B
:04C880000A0A4FEA67
:04C884007B0B8BEAB5
:04C888000A0B44F85B
:04C88C00068000EB37
:04C890000302A0EB14
:04C89400020303EBAD
:04C8980000026558DD
:04C89C0054F806A0A6
:04C8A0004FEA7B0BD5
:04C8A4008BEA050B0B
:04C8A8004FEA7B0BCD
:04C8AC008BEA0A0BFE
:04C8B00020BC05485B
:04C8B400255004F116
:04C8B800040487F3FA
:04C8BC0010884C454F
:04C8C0007FF4C2AF90
:04C8C400704700BFFA
:04C8C80000E200E0AA
:04C8CC0000B5F6F7C6
:04C8D0007DFEFFF7F3
:04C8D400BBFA08BCE7
:04C8D80004BC154641
:04C8DC0004B408B4E4
:04C8E0004AF6AA2B3F
:04C8E400CAF6AA2BBB
:04C8E8001F494FF0A5
:04C8EC0000041F4ED7
:04C8F0004FF00809F4
:04C8F4004FF6FF7884
:04C8F800CFF6FF7800
:04C8FC00FFF762FFE1
:04C900009CEA0B0C96
:04C904004AF6AA2B1A
:04C90800CAF6AA2B96
:04C90C0018494FF087
:04C910000004184EB9
:04C914004FF00809CF
:04C918004FF6FF785F
:04C91C00CFF6FF78DB
:04C92000FFF792FF8C
:04C924009CEA0B0C72
:04C928004AF6AA2BF6
:04C92C00CAF6AA2B72
:04C9300011494FF06A
:04C9340000044FF0BC
:04C9380040094FF66D
:04C93C00FF78CFF6BB
:04C94000FF78FFF786
:04C944000BFF9CEA5F
:04C948000B0C40F2A2
:04C94C00000BC0F22A
:04C95000000B06BC16
:04C9540001BCF6F735
:04C95800E3FD5DF8A6
:04C95C0004ABBDE883
:04C96000F81F5DF867
:04C9640004EB704729
:04C9680000E100E00A
:04C96C0080E100E086
:04C9700000E200E001
:04C9740080E200E07D
:04C9780000E400E0F7
:04C97C0000B5F6F715
:04C9800025FEFFF79A
:04C9840063FA08BC8E
:04C9880004BC154690
:04C98C0004B408B433
:04C990004AF6AA2B8E
:04C99400CAF6AA2B0A
:04C998001F494FF0F4
:04C99C0008041F4E1E
:04C9A0004FF010093B
:04C9A4004FF6FF78D3
:04C9A800CFF6FF784F
:04C9AC00FFF70AFF88
:04C9B0009CEA0B0CE6
:04C9B4004AF6AA2B6A
:04C9B800CAF6AA2BE6
:04C9BC0018494FF0D7
:04C9C0000804184E01
:04C9C4004FF0100917
:04C9C8004FF6FF78AF
:04C9CC00CFF6FF782B
:04C9D000FFF73AFF34
:04C9D4009CEA0B0CC2
:04C9D8004AF6AA2B46
:04C9DC00CAF6AA2BC2
:04C9E00011494FF0BA
:04C9E40040044FF0CC
:04C9E80080094FF67D
:04C9EC00FF78CFF60B
:04C9F000FF78FFF7D6
:04C9F400B3FE9CEA08
:04C9F8000B0C40F2F2
:04C9FC00000BC0F27A
:04CA0000000B06BC65
:04CA040001BCF6F784
:04CA08008BFD5DF84D
:04CA0C0004ABBDE8D2
:04CA1000F81F5DF8B6
:04CA140004EB704778
:04CA180000E100E059
:04CA1C0080E100E0D5
:04CA200000E200E050
:04CA240080E200E0CC
:04CA280000E400E046
:04CA2C0000B5F6F764
:04CA3000CDFDFFF742
:04CA34000BFA08BC35
:04CA380004BC1546DF
:04CA3C0004B408B482
:04CA40004AF6AA2BDD
:04CA4400CAF6AA2B59
:04CA48001F494FF043
:04CA4C0010041F4E65
:04CA50004FF01C097E
:04CA54004FF6FF7822
:04CA5800CFF6FF789E
:04CA5C00FFF7B2FE30
:04CA60009CEA0B0C35
:04CA64004AF6AA2BB9
:04CA6800CAF6AA2B35
:04CA6C0018494FF026
:04CA70001004184E48
:04CA74004FF01C095A
:04CA78004FF6FF78FE
:04CA7C00CFF6FF787A
:04CA8000FFF7E2FEDC
:04CA84009CEA0B0C11
:04CA88004AF6AA2B95
:04CA8C00CAF6AA2B11
:04CA900011494FF009
:04CA940080044FF0DB
:04CA9800D0094FF67C
:04CA9C00FF78CFF65A
:04CAA000FF78FFF725
:04CAA4005BFE9CEAAF
:04CAA8000B0C40F241
:04CAAC00000BC0F2C9
:04CAB000000B06BCB5
:04CAB40001BCF6F7D4
:04CAB80033FD5DF8F5
:04CABC0004ABBDE822
:04CAC000F81F5DF806
:04CAC40004EB7047C8
:04CAC80000E100E0A9
:04CACC0080E100E025
:04CAD00000E200E0A0
:04CAD40080E200E01C
:04CAD80000E400E096
:04CADC0080B58AB0E7
:04CAE000DDF830C08D
:04CAE4008DF82700A2
:04CAE8008DF826108F
:04CAEC000892079312
:04CAF000002006908C
:04CAF4004FF0FF31CF
:04CAF80005918DF81F
:04CAFC0013008DF89E
:04CB000012008DF89A
:04CB04001100039089
:04CB080048F21C10C3
:04CB0C00C4F204006B
:04CB10000068039026
:04CB14000398C0F3CF
:04CB18000B1003906B
:04CB1C000398092849
:04CB200003D0FFE758
:04CB24000320069054
:04CB2800C5E19DF8CE
:04CB2C002700252891
:04CB300004DBFFE73C
:04CB34009DF8260042
:04CB380070B1FFE7F2
:04CB3C009DF8270039
:04CB4000252805DBC4
:04CB4400FFE79DF872
:04CB4800260001289A
:04CB4C0004D0FFE72B
:04CB50009DF8270025
:04CB540018B9FFE726
:04CB58000220059022
:04CB5C009DE10798B8
:04CB600030B9FFE702
:04CB64004EF6E44065
:04CB6800C0F20F0008
:04CB6C000790FFE748
:04CB70000C9830B934
:04CB7400FFE74EF693
:04CB78001440C0F2B3
:04CB7C000F000C900A
:04CB8000FFE79DF836
:04CB84002620002146
:04CB880002910846C8
:04CB8C0000F0C4F9F8
:04CB900001460298C0
:04CB94008DF81210F6
:04CB98008DF8110003
:04CB9C00FFE79DF81A
:04CBA00011009DF8EB
:04CBA400271088428C
:04CBA80080F26D8129
:04CBAC00FFE79DF80A
:04CBB0001200014628
:04CBB40001912328A0
:04CBB80000F23D81C9
:04CBBC000199DFE814
:04CBC00011F024004C
:04CBC40028002C0019
:04CBC80030003C00FD
:04CBCC0040004400E1
:04CBD00050005400BD
:04CBD40060006C0091
:04CBD8007000740075
:04CBDC0078007C0061
:04CBE0008800940035
:04CBE400A000AC0001
:04CBE800B800C400CD
:04CBEC00D000DC0099
:04CBF000E800F40065
:04CBF40000010C012F
:04CBF8001001140113
:04CBFC0018011C01FF
:04CC000022012801E4
:04CC04002E013201CA
:04CC0800360105A844
:04CC0C00F6F7F4FC47
:04CC100014E105A87E
:04CC1400F7F7AEFA86
:04CC180010E105A87A
:04CC1C00F8F770F8BD
:04CC20000CE14DF6E0
:04CC2400D441C0F245
:04CC28000F0105A84B
:04CC2C004FF66E62EF
:04CC3000CEF67122A9
:04CC3400F8F7EEFC23
:04CC380000E105A86A
:04CC3C00F8F7A8FD60
:04CC4000FCE005A867
:04CC4400F9F7CAF939
:04CC4800F8E04DF6CD
:04CC4C00D851C0F209
:04CC50000F0105A823
:04CC54004DF6FD722A
:04CC5800CAF25112B9
:04CC5C00F9F7B2FE34
:04CC6000ECE005A857
:04CC6400FAF71AF8C9
:04CC6800E8E04DF6BD
:04CC6C006C71C0F235
:04CC70000F0105A803
:04CC740040F2BE725A
:04CC7800C3F25A5257
:04CC7C00FAF722F9A8
:04CC8000DCE04EF2B4
:04CC84000011C0F2E9
:04CC88000F0105A8EB
:04CC8C0048F6807274
:04CC9000C4F25D523B
:04CC9400FAF7E2F9D0
:04CC9800D0E005A83B
:04CC9C00FAF712FA97
:04CCA000CCE005A837
:04CCA400FAF786FE17
:04CCA800C8E005A833
:04CCAC00FBF7F8FAA0
:04CCB000C4E005A82F
:04CCB400FBF7CEFDBF
:04CCB800C0E04EF298
:04CCBC009421C0F20D
:04CCC0000F0105A8B3
:04CCC40043F27F4276
:04CCC800CBF2405219
:04CCCC00FCF75CFC19
:04CCD000B4E04EF28C
:04CCD4002831C0F251
:04CCD8000F0105A89B
:04CCDC0042F6435287
:04CCE000CEF2182256
:04CCE400FCF750FC0D
:04CCE800A8E04EF280
:04CCEC00BC31C0F2A5
:04CCF0000F0105A883
:04CCF4004FF6F462A1
:04CCF800CDF68B42A8
:04CCFC00FCF744FC01
:04CD00009CE04EF273
:04CD04005041C0F2E8
:04CD08000F0105A86A
:04CD0C004AF6DE32D3
:04CD1000C3F2670201
:04CD1400FCF798FC94
:04CD180090E04EF267
:04CD1C009451C0F27C
:04CD20000F0105A852
:04CD240040F6932220
:04CD2800C6F28E12AF
:04CD2C00FCF78CFC88
:04CD300084E04EF25B
:04CD3400D861C0F210
:04CD38000F0105A83A
:04CD3C004AF24E3237
:04CD4000C7F28C5258
:04CD4400FCF780FC7C
:04CD480078E04EF64B
:04CD4C001C01C0F214
:04CD50000F0105A822
:04CD540044F6B512DA
:04CD5800CBF61B02F9
:04CD5C00FCF774FC70
:04CD60006CE04EF63F
:04CD64007011C0F298
:04CD68000F0105A80A
:04CD6C0047F60B3249
:04CD7000C7F6305280
:04CD7400FCF7CEFCFE
:04CD780060E04EF633
:04CD7C004421C0F29C
:04CD80000F0105A8F2
:04CD840041F2611205
:04CD8800C9F2A71233
:04CD8C00FCF7C2FCF2
:04CD900054E04EF627
:04CD94002831C0F290
:04CD98000F0105A8DA
:04CD9C004CF601024E
:04CDA000C1F6246252
:04CDA400FCF748FD53
:04CDA80048E04EF61B
:04CDAC006C31C0F234
:04CDB0000F0105A8C2
:04CDB40040F2C31274
:04CDB800C5F280221E
:04CDBC00FCF73CFD47
:04CDC0003CE04EF60F
:04CDC400C031C0F2C8
:04CDC8000F0105A8AA
:04CDCC0041F6F472C6
:04CDD000C8F6E67249
:04CDD400FCF730FD3B
:04CDD80030E005A89A
:04CDDC00FCF78CFDD7
:04CDE0002CE005A896
:04CDE400FDF772FAEB
:04CDE80028E005A892
:04CDEC00FDF734FF1C
:04CDF00024E005A88E
:04CDF400FEF7B4FC96
:04CDF80020E0079997
:04CDFC000C9A05A8E0
:04CE0000FFF764FDD7
:04CE04001AE0079990
:04CE08000C9A05A8D3
:04CE0C00FFF7B6FD79
:04CE100014E007998A
:04CE14000C9A05A8C7
:04CE1800FFF708FE1A
:04CE1C000EE005A877
:04CE2000FFF756F9C9
:04CE24000AE005A873
:04CE2800FFF722FCF2
:04CE2C0006E005A86F
:04CE3000FFF774FC98
:04CE340002E00020F8
:04CE38000590FFE77B
:04CE3C009DF812004B
:04CE400040F20001BB
:04CE4400C2F2000135
:04CE480008700898CE
:04CE4C009DF812102B
:04CE5000405C8DF8BD
:04CE540013009DF832
:04CE580013008DF83E
:04CE5C001200059823
:04CE6000012809D0CC
:04CE6400FFE740F2B2
:04CE68000100C2F211
:04CE6C00000000784A
:04CE7000012801D1C3
:04CE7400FFE706E0EE
:04CE7800FFE79DF83B
:04CE7C001100013070
:04CE80008DF8110018
:04CE84008BE69DF8A4
:04CE880013009DF8FE
:04CE8C00262001213A
:04CE900000F042F874
:04CE94008DF8120003
:04CE9800FFE740F27E
:04CE9C000200C2F2DC
:04CEA0000000007816
:04CEA40018B9FFE7D3
:04CEA80000200690D0
:04CEAC0002E0059803
:04CEB0000690FFE702
:04CEB400FFE79DF8FF
:04CEB80018000AB0A4
:04CEBC0080BD000035
:04CEC00080B582B007
:04CEC4008DF80700DE
:04CEC8008DF80610CB
:04CECC009DF80700C6
:04CED00080B9FFE73F
:04CED4009DF80600BF
:04CED80040F2210102
:04CEDC00C2F200019D
:04CEE00008709DF841
:04CEE4000600012122
:04CEE800002200F034
:04CEEC0015F88DF8B0
:04CEF00005000FE04A
:04CEF4009DF806009F
:04CEF80040F22001E3
:04CEFC00C2F200017D
:04CF000008709DF820
:04CF04000600012200
:04CF0800114600F0DE
:04CF0C0005F88DF89F
:04CF10000500FFE732
:04CF140002B080BD2A
:04CF180081B08DF85F
:04CF1C0003008DF889
:04CF200002108DF876
:04CF240001209DF853
:04CF280002000128DA
:04CF2C0036D1FFE714
:04CF30009DF8030065
:04CF340024281BDBB7
:04CF3800FFE79DF87A
:04CF3C00010058B9DF
:04CF4000FFE740F2D5
:04CF44002100C2F214
:04CF4800000000786D
:04CF4C0040F20401AA
:04CF5000C2F2000128
:04CF540008700AE077
:04CF580040F2200083
:04CF5C00C2F200001D
:04CF6000007840F223
:04CF64000501C2F20F
:04CF6800000108704C
:04CF6C00FFE714E0E7
:04CF70009DF8010027
:04CF740040B9FFE7DA
:04CF78009DF803001D
:04CF7C0040F204017A
:04CF8000C2F20001F8
:04CF8400087007E04A
:04CF88009DF803000D
:04CF8C0040F2050169
:04CF9000C2F20001E8
:04CF94000870FFE73B
:04CF9800FFE7FFE7C9
:04CF9C009DF80100FB
:04CFA00040B9FFE7AE
:04CFA40040F2040053
:04CFA800C2F20000D1
:04CFAC0000788DF884
:04CFB000000007E096
:04CFB40040F2050042
:04CFB800C2F20000C1
:04CFBC0000788DF874
:04CFC0000000FFE787
:04CFC4009DF80000D4
:04CFC80001B07047FD
:04CFCC0080B5A8B0D4
:04CFD0001A90199109
:04CFD400189201208E
:04CFD800179000208E
:04CFDC001690159006
:04CFE00014908DF824
:04CFE4004F00129058
:04CFE80048F21C10DF
:04CFEC00C4F2040087
:04CFF0000068129033
:04CFF4001298C0F3DC
:04CFF8000B10129078
:04CFFC001298092856
:04D0000003D0FFE773
:04D00400032017905E
:04D00800DFE31A98B0
:04D00C0018B9FFE769
:04D010000220179053
:04D01400D8E300F06D
:04D0180091FC1190E6
:04D01C0000F088FC9C
:04D02000109000F07C
:04D0240055FC0F9018
:04D0280000F058FCC0
:04D02C000E9000F072
:04D030005BFC0D9008
:04D0340000F05EFCAE
:04D038000C9000F068
:04D03C0061FC0B90F8
:04D0400000F064FC9C
:04D044000A9000F05E
:04D0480067FC0990E8
:04D04C0000F06AFC8A
:04D050000890EFF362
:04D0540010801B909D
:04D058001B9807908A
:04D05C00EFF313805B
:04D060001C901C986C
:04D064000690EFF350
:04D0680011801D9086
:04D06C001D98059076
:04D07000EFF3148046
:04D074001E901E9854
:04D07800049000F030
:04D07C0023FC0390FE
:04D08000EFF3148036
:04D084001F901F9842
:04D0880000F00300B1
:04D08C000290029874
:04D090002090209834
:04D0940080F3148889
:04D0980000200090E4
:04D09C0000F06EFD35
:04D0A00000F04CFC54
:04D0A400019001985E
:04D0A80040F4E02050
:04D0AC000190019856
:04D0B00000F0C8FDC7
:04D0B40000F0D6FCB6
:04D0B800009821902B
:04D0BC00219981F342
:04D0C000118800F0E3
:04D0C400B5FD00981E
:04D0C8001490FFE7DA
:04D0CC0014981A9901
:04D0D000884280F022
:04D0D4004183FFE7AE
:04D0D80040F22901F8
:04D0DC00C2F200019B
:04D0E00001200870B3
:04D0E40040F21801FD
:04D0E800C2F200018F
:04D0EC00086040F2A6
:04D0F0001000C2F278
:04D0F40000000068D0
:04D0F80000F0A8FBA1
:04D0FC00169040F258
:04D100001400C2F263
:04D1040000000068BF
:04D1080000F0A0FB98
:04D10C00159040F248
:04D110002200C2F245
:04D11400000000789F
:04D1180040B1FFE73C
:04D11C0040F22200BB
:04D12000C2F2000057
:04D124000078022865
:04D128005FD1FFE7ED
:04D12C0016981599A3
:04D13000884212D847
:04D13400FFE7169863
:04D13800159988427B
:04D13C0023D1FFE715
:04D1400040F21000A9
:04D14400C2F2000033
:04D14800006840F249
:04D14C001401C2F216
:04D150000001096869
:04D15400884216DD1A
:04D15800FFE740F2BB
:04D15C001400C2F207
:04D160000000006863
:04D16400103040F255
:04D168000801C2F206
:04D16C000001086056
:04D1700040F2100079
:04D17400C2F2000003
:04D17800006840F219
:04D17C002401C2F2D6
:04D180000001086042
:04D1840030E01698E9
:04D18800159988422B
:04D18C0012D3FFE7D4
:04D19000169815993F
:04D19400884223D1D9
:04D19800FFE740F27B
:04D19C001000C2F2CB
:04D1A0000000006823
:04D1A40040F2140140
:04D1A800C2F20001CE
:04D1AC000968884244
:04D1B00016DAFFE7A5
:04D1B40040F2100035
:04D1B800C2F20000BF
:04D1BC0000681030C7
:04D1C00040F2080130
:04D1C400C2F20001B2
:04D1C800086040F2C9
:04D1CC001400C2F297
:04D1D00000000068F3
:04D1D40040F2240100
:04D1D800C2F200019E
:04D1DC00086002E005
:04D1E0000220179082
:04D1E400FFE7FFE77B
:04D1E80025E040F20C
:04D1EC002200C2F269
:04D1F00000000078C3
:04D1F400012808D036
:04D1F800FFE740F21B
:04D1FC002200C2F259
:04D2000000000078B2
:04D20400032812D118
:04D20800FFE740F20A
:04D20C001000C2F25A
:04D2100000000168B1
:04D21400103140F2A3
:04D218000802C2F254
:04D21C00000211609B
:04D22000006840F270
:04D224002401C2F22D
:04D228000001086099
:04D22C0002E00220FA
:04D230001790FFE76D
:04D23400FFE740F2DE
:04D238002200C2F21C
:04D23C000000007876
:04D24000022807D1E8
:04D24400FFE7169852
:04D24800159900F044
:04D24C0005FD8DF857
:04D250004F00FFE7A5
:04D25400EFF3138061
:04D2580071B62290F9
:04D25C00EFF310805C
:04D2600072B62390EF
:04D2640040F2220072
:04D26800C2F200000E
:04D26C00007878B915
:04D27000FFE740F2A2
:04D274001000C2F2F2
:04D27800000000684A
:04D27C0000F01EFCA4
:04D2800040F2140064
:04D28400C2F20000F2
:04D28800006800F04A
:04D28C0017FC4DE05E
:04D2900040F2220046
:04D29400C2F20000E2
:04D2980000780128F1
:04D29C0008D0FFE7D0
:04D2A00040F2220036
:04D2A400C2F20000D2
:04D2A80000780328DF
:04D2AC0008D1FFE7BF
:04D2B00040F2100038
:04D2B400C2F20000C2
:04D2B800006800F01A
:04D2BC00FFFB34E060
:04D2C00040F2220016
:04D2C400C2F20000B2
:04D2C80000780228C0
:04D2CC0013D1FFE794
:04D2D0009DF84F0076
:04D2D40001280ED14E
:04D2D800FFE740F23A
:04D2DC002801C2F271
:04D2E0000001012028
:04D2E400087040F29C
:04D2E8002400C2F26A
:04D2EC0000000068D6
:04D2F00000F0E4FB6B
:04D2F40018E040F20C
:04D2F8002200C2F25C
:04D2FC0000000078B6
:04D3000002280DD121
:04D30400FFE79DF8AA
:04D308004F0048B9D1
:04D30C00FFE740F205
:04D310001800C2F24D
:04D3140000000168AC
:04D31800179808401A
:04D31C00179002E084
:04D320000220179040
:04D32400FFE7FFE739
:04D32800FFE7FFE735
:04D32C0061B662B6CE
:04D3300040F22200A5
:04D33400C2F2000041
:04D338000078E8B1E0
:04D33C00FFE740F2D5
:04D340002200C2F213
:04D34400000000786D
:04D34800012815D0D3
:04D34C00FFE740F2C5
:04D350002200C2F203
:04D35400000000785D
:04D3580003280DD0C9
:04D35C00FFE740F2B5
:04D360002200C2F2F3
:04D36400000000784D
:04D36800022818D1AE
:04D36C00FFE79DF842
:04D370004F00012841
:04D3740013D1FFE7EB
:04D37800FFE740F299
:04D37C002900C2F2D0
:04D380000000007831
:04D38400012801D1AA
:04D38800FFE7F6E7DE
:04D38C0040F2180053
:04D39000C2F20000E5
:04D39400016817987D
:04D3980008401790A2
:04D39C00FFE740F275
:04D3A0002200C2F2B3
:04D3A400000000780D
:04D3A80078B9FFE76A
:04D3AC0040F210003B
:04D3B000C2F20000C5
:04D3B400006800F01D
:04D3B800F3FA40F252
:04D3BC001400C2F2A5
:04D3C0000000006801
:04D3C40000F0ECFA8F
:04D3C800FFE740F249
:04D3CC000C00C2F29D
:04D3D00000000068F1
:04D3D4001899096833
:04D3D80088421AD19C
:04D3DC00FFE740F235
:04D3E0000C01C2F288
:04D3E4000001002024
:04D3E800086040F2A7
:04D3EC001002C2F277
:04D3F00000026FF0D8
:04D3F4000B011160B8
:04D3F80040F21402E9
:04D3FC00C2F2000277
:04D400006FF00A01BE
:04D40400116040F281
:04D408002201C2F249
:04D40C0000010870A3
:04D410009EE140F267
:04D414000C00C2F254
:04D4180000000068A8
:04D41C0018994968AA
:04D42000884215D158
:04D42400FFE740F2EC
:04D428002201C2F229
:04D42C0000010120DA
:04D43000087040F24E
:04D434001001C2F22F
:04D4380000016FF090
:04D43C000D00086077
:04D4400040F20C01A9
:04D44400C2F200012F
:04D44800086801303F
:04D44C0008607EE115
:04D4500040F20C009A
:04D45400C2F2000020
:04D4580000681899B7
:04D45C008968884211
:04D460001CD1FFE7F5
:04D4640040F222016F
:04D46800C2F200010B
:04D46C000220087022
:04D4700040F2100175
:04D47400C2F20001FF
:04D478006FF00B0046
:04D47C00086040F212
:04D480001401C2F2DF
:04D4840000016FF044
:04D488000A0008602E
:04D48C0040F20C015D
:04D49000C2F20001E3
:04D4940008680130F3
:04D49800086057E1F0
:04D49C0040F20C004E
:04D4A000C2F20000D4
:04D4A400006818996B
:04D4A800C968884285
:04D4AC0015D1FFE7B0
:04D4B00040F2220123
:04D4B400C2F20001BF
:04D4B80003200870D5
:04D4BC0040F2100129
:04D4C000C2F20001B3
:04D4C4006FF00B00FA
:04D4C800086040F2C6
:04D4CC000C01C2F29B
:04D4D00000010868E7
:04D4D40001300860BB
:04D4D80037E140F206
:04D4DC002200C2F276
:04D4E00000000078D0
:04D4E40048B1FFE765
:04D4E80040F22200EC
:04D4EC00C2F2000088
:04D4F0000078022896
:04D4F40040F0BE80C6
:04D4F800FFE740F218
:04D4FC001400C2F264
:04D5000000000068BF
:04D504001899096900
:04D50800884274D110
:04D50C00FFE740F203
:04D510001000C2F253
:04D5140000000068AB
:04D518000A3078B9A4
:04D51C00FFE740F2F3
:04D520001001C2F242
:04D5240000016FF0A3
:04D528000400086093
:04D52C0040F21401B4
:04D53000C2F2000142
:04D534006FF0010093
:04D5380008605BE04C
:04D53C0040F21000A9
:04D54000C2F2000033
:04D544000068053046
:04D5480078B9FFE7C8
:04D54C0040F2100099
:04D55000C2F2000023
:04D554006FF0010172
:04D558000160006806
:04D55C00013040F268
:04D560001401C2F2FE
:04D56400000108605A
:04D5680043E040F26A
:04D56C001000C2F2F7
:04D57000000000684F
:04D574000B3078B947
:04D57800FFE740F297
:04D57C001001C2F2E6
:04D580000001086836
:04D58400013008600A
:04D5880040F2140158
:04D58C00C2F20001E6
:04D590006FF0040034
:04D5940008602BE020
:04D5980040F210004D
:04D59C00C2F20000D7
:04D5A0000068B0F17E
:04D5A400FF3F0FDC5A
:04D5A800FFE740F267
:04D5AC001000C2F2B7
:04D5B000000001680E
:04D5B40001310160E0
:04D5B80000680130D6
:04D5BC0040F2140124
:04D5C000C2F20001B2
:04D5C400086012E009
:04D5C800199840F27C
:04D5CC001001C2F296
:04D5D00000010A68E4
:04D5D40050F82200E9
:04D5D8000860199836
:04D5DC00096850F892
:04D5E000210040F2F4
:04D5E4001401C2F27A
:04D5E80000010860D6
:04D5EC00FFE7FFE76F
:04D5F000FFE7FFE76B
:04D5F4003DE040F2E4
:04D5F8001400C2F267
:04D5FC0000000068C3
:04D600000A3040B9F3
:04D60400FFE740F20A
:04D608001401C2F255
:04D60C0000016FF0BA
:04D6100004000860AA
:04D614002CE040F2D4
:04D618001400C2F246
:04D61C0000000068A2
:04D62000053040B9D8
:04D62400FFE740F2EA
:04D628001401C2F235
:04D62C0000016FF09A
:04D63000010008608D
:04D634001BE040F2C5
:04D638001400C2F226
:04D63C000000006882
:04D64000B0F1FF3F07
:04D6440008DCFFE718
:04D6480040F2140197
:04D64C00C2F2000125
:04D650000868013035
:04D65400086009E081
:04D65800199840F2EB
:04D65C001401C2F201
:04D6600000010A6853
:04D6640050F8220058
:04D668000860FFE770
:04D66C00FFE7FFE7EE
:04D67000FFE762E08E
:04D6740040F222005E
:04D67800C2F20000FA
:04D67C000078012809
:04D6800008D0FFE7E8
:04D6840040F222004E
:04D68800C2F20000EA
:04D68C0000780328F7
:04D690004FD1FFE790
:04D6940040F2100050
:04D69800C2F20000DA
:04D69C0000680E30E4
:04D6A00040B9FFE7A7
:04D6A40040F210013F
:04D6A800C2F20001C9
:04D6AC006FF00B0010
:04D6B00008603DE0F1
:04D6B40040F2100030
:04D6B800C2F20000BA
:04D6BC0000680A30C8
:04D6C00040B9FFE787
:04D6C40040F210011F
:04D6C800C2F20001A9
:04D6CC006FF00400F7
:04D6D00008602CE0E2
:04D6D40040F2100010
:04D6D800C2F200009A
:04D6DC0000680530AD
:04D6E00040B9FFE767
:04D6E40040F21001FF
:04D6E800C2F2000189
:04D6EC006FF00100DA
:04D6F00008601BE0D3
:04D6F40040F21000F0
:04D6F800C2F200007A
:04D6FC000068B0F121
:04D70000FF3F08DC03
:04D70400FFE740F209
:04D708001001C2F258
:04D70C0000010868A8
:04D71000013008607C
:04D7140009E0199877
:04D7180040F21001CA
:04D71C00C2F2000154
:04D720000A6850F84B
:04D724002200086077
:04D72800FFE7FFE731
:04D72C00FFE7FFE72D
:04D7300002E00220F1
:04D734001790FFE764
:04D73800FFE740F2D5
:04D73C000C01C2F228
:04D740000001086874
:04D744000130086048
:04D74800FFE7FFE711
:04D74C00FFE7FFE70D
:04D7500014980130F8
:04D754001490B9E490
:04D7580000F0F6F8EF
:04D75C00119800F030
:04D7600071FA1098B2
:04D7640000F064FA73
:04D768000F9800F026
:04D76C0011FA0E9808
:04D7700000F018FAB3
:04D774000D9800F01C
:04D778001FFA0C98F0
:04D77C0000F026FA99
:04D780000B9800F012
:04D784002DFA0A98D8
:04D7880000F034FA7F
:04D78C00099800F008
:04D790003BFA0898C0
:04D7940000F042FA65
:04D79800079824903A
:04D79C00249880F35A
:04D7A000108806984F
:04D7A400259025980F
:04D7A80080F313886F
:04D7AC000598269026
:04D7B000269880F344
:04D7B400118804983C
:04D7B80027902798F7
:04D7BC0080F314885A
:04D7C000039800F0DA
:04D7C400DBF9FFE7A7
:04D7C800FFE79DF8E2
:04D7CC005C0028B025
:04D7D00080BD000018
:04D7D40040F22201FC
:04D7D800C2F2000198
:04D7DC0000200870B1
:04D7E00040F20C0106
:04D7E400C2F200018C
:04D7E800086040F2A3
:04D7EC001002C2F273
:04D7F00000026FF0D4
:04D7F4000B011160B4
:04D7F80040F21402E5
:04D7FC00C2F2000273
:04D800006FF00A01BA
:04D80400116040F27D
:04D808002801C2F23F
:04D80C00000108709F
:04D8100040F22401BD
:04D81400C2F200015B
:04D818006FF063004A
:04D81C0008607047E9
:04D8200081B0009043
:04D824000098002840
:04D828000DD4FFE735
:04D82C00009901F06E
:04D830001F020120B2
:04D8340090404A09CD
:04D838004EF280210B
:04D83C00CEF2000127
:04D8400041F8220089
:04D84400FFE701B049
:04D848007047000025
:04D84C0082B0009016
:04D850000098002814
:04D8540009D4FFE70D
:04D8580000984EF2F4
:04D85C000041CEF2C7
:04D860000001405C27
:04D864000009019026
:04D868000AE000983A
:04D86C0000F00F00B9
:04D870004EF614510B
:04D87400CEF20001EF
:04D87800405C000907
:04D87C000190FFE731
:04D88000019802B059
:04D8840070470000E9
:04D888004EF60C50FC
:04D88C00CEF20000D8
:04D890000068C0F379
:04D8940002207047B7
:04D8980081B00090CB
:04D89C0000980028C8
:04D8A0000DD4FFE7BD
:04D8A400009901F0F6
:04D8A8001F0201203A
:04D8AC0090404A0955
:04D8B0004EF2002113
:04D8B400CEF20001AF
:04D8B80041F8220011
:04D8BC00FFE701B0D1
:04D8C00070470000AD
:04D8C4004EF6347078
:04D8C800CEF200009C
:04D8CC000068704739
:04D8D0004EF2001004
:04D8D400CEF2000090
:04D8D800006870472D
:04D8DC004EF20410F4
:04D8E000CEF2000084
:04D8E4000068704721
:04D8E8004EF20810E4
:04D8EC00CEF2000078
:04D8F0000068704715
:04D8F4004EF20C10D4
:04D8F800CEF200006C
:04D8FC000068704709
:04D900004EF21010C3
:04D90400CEF200005F
:04D9080000687047FC
:04D90C004EF21410B3
:04D91000CEF2000053
:04D9140000687047F0
:04D918004EF21810A3
:04D91C00CEF2000047
:04D9200000687047E4
:04D924004EF21C1093
:04D92800CEF200003B
:04D92C0000687047D8
:04D930004EF610504F
:04D93400CEF200002F
:04D9380000687047CC
:04D93C004EF624502F
:04D94000CEF2000023
:04D9440000687047C0
:04D948004EF280110A
:04D94C00CEF2000116
:04D950004FF0FF3065
:04D9540008604EF227
:04D958008411CEF276
:04D95C00000108605E
:04D960004EF28811EA
:04D96400CEF20001FE
:04D9680008604EF213
:04D96C008C11CEF25A
:04D97000000108604A
:04D974004EF29011CE
:04D97800CEF20001EA
:04D97C0008604EF2FF
:04D980009411CEF23E
:04D984000001086036
:04D988004EF29811B2
:04D98C00CEF20001D6
:04D9900008604EF2EB
:04D994009C11CEF222
:04D998000001086022
:04D99C0070470000D0
:04D9A00080B584B01A
:04D9A4000390039851
:04D9A800B0F1FF3F9C
:04D9AC0053DCFFE762
:04D9B00000200290C1
:04D9B40003980C3098
:04D9B8000146019192
:04D9BC000B2848D814
:04D9C0000199DFE802
:04D9C40001F0060F59
:04D9C8001846464671
:04D9CC004621464664
:04D9D0002A384EF6AD
:04D9D4002451CEF21A
:04D9D80000010868DA
:04D9DC0020F40050E3
:04D9E000086037E0C4
:04D9E4004EF6245186
:04D9E800CEF200017A
:04D9EC00086820F4B3
:04D9F000804008600B
:04D9F4002EE04EF6DD
:04D9F8002451CEF2F6
:04D9FC0000010868B6
:04DA000020F480503E
:04DA0400086025E0B1
:04DA08004EF6245161
:04DA0C00CEF2000155
:04DA1000086820F48E
:04DA14000040086066
:04DA18001CE04EF6CA
:04DA1C000451CEF2F1
:04DA20000001086891
:04DA240002900298D2
:04DA2800012262F382
:04DA2C00DC60029028
:04DA300002980860F0
:04DA34000EE04EF6BC
:04DA38000451CEF2D5
:04DA3C000001086875
:04DA400002900298B6
:04DA4400012262F366
:04DA48005A6002908E
:04DA4C0002980860D4
:04DA500000E0FFE70C
:04DA540003E0039850
:04DA5800FFF7E2FEF4
:04DA5C00FFE704B02C
:04DA600080BD000085
:04DA64004EF200116D
:04DA6800CEF20001F9
:04DA6C004FF0FF3048
:04DA700008604EF20A
:04DA74000411CEF2D9
:04DA78000001086041
:04DA7C004EF208114D
:04DA8000CEF20001E1
:04DA840008604EF2F6
:04DA88000C11CEF2BD
:04DA8C00000108602D
:04DA90004EF2101131
:04DA9400CEF20001CD
:04DA980008604EF2E2
:04DA9C001411CEF2A1
:04DAA0000001086019
:04DAA4004EF2181115
:04DAA800CEF20001B9
:04DAAC0008604EF2CE
:04DAB0001C11CEF285
:04DAB4000001086005
:04DAB80070470000B3
:04DABC0080B582B0FF
:04DAC0000190019838
:04DAC400B0F1FF3F7F
:04DAC80051DCFFE747
:04DACC0001980E307F
:04DAD000014600917A
:04DAD4000D2848D8F9
:04DAD8000099DFE8EA
:04DADC0001F0074608
:04DAE00010192246B1
:04DAE4004646462B41
:04DAE8004646343D3D
:04DAEC004EF604519D
:04DAF000CEF2000171
:04DAF400086840F08E
:04DAF8000040086082
:04DAFC0036E04EF6CC
:04DB00002451CEF2EC
:04DB040000010868AC
:04DB080040F4005095
:04DB0C0008602DE0A0
:04DB10004EF6245158
:04DB1400CEF200014C
:04DB1800086840F465
:04DB1C0080400860DD
:04DB200024E04EF6B9
:04DB24002451CEF2C8
:04DB28000001086888
:04DB2C0040F48050F1
:04DB300008601BE08E
:04DB34004EF6245134
:04DB3800CEF2000128
:04DB3C00086840F441
:04DB40000040086039
:04DB440012E04EF6A7
:04DB48000451CEF2C4
:04DB4C000001086864
:04DB500040F08050D1
:04DB5400086009E07C
:04DB58004EF6045130
:04DB5C00CEF2000104
:04DB6000086840F021
:04DB64008060086075
:04DB680000E0FFE7F3
:04DB6C0003E0019839
:04DB7000FFF792FE2B
:04DB7400FFE702B015
:04DB780080BD00006C
:04DB7C0081B00090E4
:04DB800000984EF6C5
:04DB84003471CEF238
:04DB88000001086030
:04DB8C0001B070472D
:04DB900081B00090D0
:04DB940000984EF2B5
:04DB98000011CEF2B8
:04DB9C00000108601C
:04DBA00001B0704719
:04DBA40081B00090BC
:04DBA80000984EF2A1
:04DBAC000411CEF2A0
:04DBB0000001086008
:04DBB40001B0704705
:04DBB80081B00090A8
:04DBBC0000984EF28D
:04DBC0000811CEF288
:04DBC40000010860F4
:04DBC80001B07047F1
:04DBCC0081B0009094
:04DBD00000984EF279
:04DBD4000C11CEF270
:04DBD80000010860E0
:04DBDC0001B07047DD
:04DBE00081B0009080
:04DBE40000984EF265
:04DBE8001011CEF258
:04DBEC0000010860CC
:04DBF00001B07047C9
:04DBF40081B000906C
:04DBF80000984EF251
:04DBFC001411CEF240
:04DC000000010860B7
:04DC040001B07047B4
:04DC080081B0009057
:04DC0C0000984EF23C
:04DC10001811CEF227
:04DC140000010860A3
:04DC180001B07047A0
:04DC1C0081B0009043
:04DC200000984EF228
:04DC24001C11CEF20F
:04DC2800000108608F
:04DC2C0001B070478C
:04DC300081B000902F
:04DC340000984EF610
:04DC38001051CEF2C7
:04DC3C00000108607B
:04DC400001B0704778
:04DC440081B000901B
:04DC480000984EF6FC
:04DC4C002451CEF29F
:04DC50000001086067
:04DC540001B0704764
:04DC580080B588B05B
:04DC5C000790069196
:04DC6000002001900F
:04DC64008DF8170020
:04DC6800FFF70EFEB6
:04DC6C0001460198D4
:04DC700004910121F9
:04DC7400039103997C
:04DC7800049A914039
:04DC7C00039102907E
:04DC80000798069962
:04DC8400884205D3FA
:04DC8800FFE7079813
:04DC8C000699401A9B
:04DC9000029004E01A
:04DC9400069807994E
:04DC9800401A02909C
:04DC9C00FFE7029804
:04DCA000039988421A
:04DCA40004D9FFE7B9
:04DCA80001208DF8D2
:04DCAC00170003E07A
:04DCB00000208DF8CB
:04DCB4001700FFE76F
:04DCB8009DF81700BC
:04DCBC0008B080BD6F
:04DCC00081B08DF8AA
:04DCC400030040F227
:04DCC8000000C2F2A4
:04DCCC0000000078DC
:04DCD00001B07047E8
:04DCD400AAAAAAAAA4
:04DCD8000200000046
:04DCDC00AAAAAAAA9C
:04DCE000030000003D
:04DCE400AAAAAAAA94
:04DCE8000400000034
:04DCEC00AAAAAAAA8C
:04DCF000050000002B
:04DCF400AAAAAAAA84
:04DCF8000600000022
:04DCFC00AAAAAAAA7C
:04DD00000700000018
:04DD0400AAAAAAAA73
:04DD0800080000000F
:04DD0C00AAAAAAAA6B
:04DD10000900000006
:04DD1400AAAAAAAA63
:04DD18000A000000FD
:04DD1C00AAAAAAAA5B
:04DD20000B000000F4
:04DD2400AAAAAAAA53
:04DD28000C000000EB
:04DD2C00AAAAAAAA4B
:04DD30000D000000E2
:04DD3400AAAAAAAA43
:04DD38000E000000D9
:04DD3C00AAAAAAAA3B
:04DD40000F000000D0
:04DD4400AAAAAAAA33
:04DD480015000000C2
:04DD4C00AAAAAAAA2B
:04DD50002A000000A5
:04DD5400AAAAAAAA23
:04DD58003500000092
:04DD5C00AAAAAAAA1B
:04DD60004A00000075
:04DD6400AAAAAAAA13
:04DD68005500000062
:04DD6C00AAAAAAAA0B
:04DD70006A00000045
:04DD7400AAAAAAAA03
:04DD78007500000032
:04DD7C00AAAAAAAAFB
:04DD80008A00000015
:04DD8400AAAAAAAAF3
:04DD88009500000002
:04DD8C00AAAAAAAAEB
:04DD9000AA000000E5
:04DD9400AAAAAAAAE3
:04DD9800B5000000D2
:04DD9C00AAAAAAAADB
:04DDA000CA000000B5
:04DDA400AAAAAAAAD3
:04DDA800D5000000A2
:04DDAC00AAAAAAAACB
:04DDB000EA00000085
:04DDB400AAAAAAAAC3
:04DDB800F500000072
:04DDBC00AAAAAAAABB
:04DDC0005501000009
:04DDC400AAAAAAAAB3
:04DDC800AA020000AB
:04DDCC00AAAAAAAAAB
:04DDD00055030000F7
:04DDD400000000004B
:04DDD8000B466ED6B2
:04DDDC00AB66FEA98B
:04DDE000E5D07B0F00
:04DDE400C7CAFA743C
:04DDE800B8524623C4
:04DDEC00A43BF863F9
:04DDF00072F8AFA373
:04DDF4009A01B2E4FA
:04DDF800C17BBDCB63
:04DDFC00C384E8BF35
:04DE00003F7E183217
:04DE0400A210075C05
:04DE08005DFBB517F2
:04DE0C001103B279D3
:04DE1000D314891787
:04DE1400E105B97CEF
:04DE1800694264797E
:04DE1C0001125D1D75
:04DE20002AF80A5979
:04DE2400344CB33F88
:04DE2800FE436E53F4
:04DE2C009D9E3C4635
:04DE30003A85E10C42
:04DE3400A4175F9040
:04DE38006E94AA6ECC
:04DE3C0002DE0E31C3
:04DE4000E1E3B02446
:04DE4400FCC2AE7EF0
:04DE4800F7F61EC902
:04DE4C000E77CEDBA4
:04DE5000936FE5FBEC
:04DE54009AF208AB8B
:04DE580080F9FE103F
:04DE5C0057130098C0
:04DE60004A86D770A7
:04DE64008A90423B23
:04DE68002215E5CDCD
:04DE6C005E8B93E056
:04DE70007448BB2E09
:04DE7400D0F533832F
:04DE78008F487BD183
:04DE7C0004222FE26B
:04DE80003D675EFE9E
:04DE840004D566B7A4
:04DE8800A4B293228B
:04DE8C003C832E970E
:04DE900007326249AA
:04DE940024BA1F721B
:04DE98003E81800641
:04DE9C00017A06B74A
:04DEA0006EBB932D95
:04DEA400A533DF9330
:04DEA800EACB9274BB
:04DEAC008A91594EB0
:04DEB000A651CD505A
:04DEB400CBF8A3758F
:04DEB8000B3DD568E1
:04DEBC00BC15196117
:04DEC000811DE55D7E
:04DEC4003AA1F86D1A
:04DEC80008AFB4DF0C
:04DECC00E026D1ED8E
:04DED00026DCD0B8C4
:04DED400CBC16C173B
:04DED800407B7362B6
:04DEDC0095D4F56F75
:04DEE0002E516965F1
:04DEE400A382C270E3
:04DEE800A925DCA5E7
:04DEEC000874F23193
:04DEF00022F8E4D759
:04DEF400820217028D
:04DEF800AFE4A16F83
:04DEFC0061A51B6E93
:04DF00003577416FC1
:04DF0400581BDD6F5A
:04DF08008B867FB7CE
:04DF0C0080BCB72AF4
:04DF1000ED1E8E0272
:04DF14001D5CE7E1C8
:04DF18009AB78246EC
:04DF1C00E88058A0A1
:04DF2000652E0CDE80
:04DF2400E14B370B8B
:04DF28004C6A652FAB
:04DF2C00FB78FCBDC5
:04DF300031FB8083BE
:04DF3400224A156CFC
:04DF38006564EF8DA0
:04DF3C0067341D63C6
:04DF40003ACDF5C71A
:04DF44005DA0552C5B
:04DF48005144ECB79D
:04DF4C00E049334035
:04DF50008C82E8EBEC
:04DF5400E798E40C5A
:04DF58006BEDDCFB96
:04DF5C000FFC8F0126
:04DF6000EEE0D01807
:04DF6400FCAEFCE62D
:04DF680000000000B5
:04DF6C002DA4F1BD32
:04DF700063657D7AEE
:04DF7400B6E6AD4F11
:04DF7800936FB99B4F
:04DF7C00064E65AD3B
:04DF80006242F45FA6
:04DF8400B9DC8A7703
:04DF8800C265C3BEED
:04DF8C00C05C11C3A1
:04DF9000F0825C7E41
:04DF94002096804211
:04DF9800EE3F138FB6
:04DF9C0090A6D7B4C0
:04DFA0004E4F1E635F
:04DFA40054B7ED6021
:04DFA80033DA4AB46A
:04DFAC00CC654FC72A
:04DFB0007E61577FB8
:04DFB400BEEB0A4B6B
:04DFB800D1115EA283
:04DFBC0093BBD2A39E
:04DFC000AC09004C5C
:04DFC400939D5E6863
:04DFC800D59B05BE22
:04DFCC00D243FF98A5
:04DFD000E9FA994190
:04DFD400DF9B9B38FC
:04DFD80010A8B48A4F
:04DFDC00FA0099A905
:04DFE0009F41974B7B
:04DFE40001F35C3DAC
:04DFE800C3E1AA9750
:04DFEC0067E81BAB1C
:04DFF000D399EF4989
:04DFF40013F951507C
:04DFF800713490B33D
:04DFFC005A4E48CA67
:04E00000DE8A8C70B8
:04E0040075DA3D3A52
:04E008008AE7399BCF
:04E00C0078F70FB3DF
:04E01000E560B64BC6
:04E01400304EA35592
:04E018007E6EEEBD6D
:04E01C008489C39E92
:04E02000043AF9388D
:04E02400A1B6162B60
:04E0280054BDF18270
:04E02C0036BEECC34D
:04E03000AC8DEE576E
:04E034005D7B0232DC
:04E038007BD2F99707
:04E03C001C5444D25A
:04E0400074402C708C
:04E044000D6EC39703
:04E048007E3CFEDE3E
:04E04C008CFD98D3DC
:04E050002D974E6E4C
:04E05400A978702C0B
:04E058002FD02A9605
:04E05C005FFB81BC29
:04E06000FCACA4432D
:04E064006165B0231F
:04E0680008FEC78067
:04E06C003FC85FDB6F
:04E07000E4DCFB7879
:04E074002AE9C02BAA
:04E0780058AFB59F49
:04E07C0061A20DCEC2
:04E0800042632C5477
:04E08400AC993731EB
:04E088009B8A00AEC1
:04E08C00A0F680DC9E
:04E090006DE1DB6EF5
:04E09400BAF2741F49
:04E098008DB9B08707
:04E09C00FD3B74A034
:04E0A0002420DD2635
:04E0A400CBCFC71CFB
:04E0A800A896A9830A
:04E0AC0008EA77E126
:04E0B0001F010C71CF
:04E0B4002E6921228E
:04E0B8005030F79E4F
:04E0BC00B2EA6BE079
:04E0C00065AA2166C6
:04E0C400DCC6051B96
:04E0C8000B42808BFC
:04E0CC0025447BD399
:04E0D0007B49004246
:04E0D4002D7ED517B1
:04E0D80006C7C68928
:04E0DC00EF3E88B8D3
:04E0E0001F2D872643
:04E0E400C489FD16D8
:04E0E8008125DA8F25
:04E0EC000B4AFB736D
:04E0F0002481EC118A
:04E0F4004ABC02130D
:04E0F80006C5928146
:04E0FC000000000020
:04E100007AD70000CA
:04E10400FBFEB46109
:04E108004A05270994
:04E10C0056B82223BC
:04E11000296BA113C3
:04E114001219BF20FD
:04E118000D168D0F44
:04E11C00CAA0FE3D5A
:04E120003DF3B51303
:04E124009CCD354118
:04E12800EDEC5415B1
:04E12C00C996504BF5
:04E13000F1A2B07038
:04E1340008891B112A
:04E13800E1B98B1CA2
:04E13C002A13CA4E8A
:04E14000D4DA1C49C8
:04E144007CF8272319
:04E148007595E51BC9
:04E14C00C16AA76796
:04E150008518082402
:04E154006E062B59CF
:04E158003DF73A2C29
:04E15C00491AE74F26
:04E16000B24140295F
:04E164001724765DA9
:04E16800B519573E50
:04E16C00EC56FF422C
:04E170005228512EB2
:04E174001B671C61A8
:04E178007C79642F1B
:04E17C004794AF65B0
:04E18000B7814E32E3
:04E1840077682E6624
:04E1880036267D5D5D
:04E18C00C09D6B3A8D
:04E19000E6B67A670E
:04E19400B879E2373D
:04E19800FAC883310D
:04E19C00C995477B5F
:04E1A000409FE73B7A
:04E1A400C0B3426B57
:04E1A800586433364E
:04E1AC00F3C4797CC3
:04E1B000C2005677DC
:04E1B40005273A3BC6
:04E1B8007A289C43E2
:04E1BC00A5924A6D71
:04E1C0001FB66841DD
:04E1C4004B5EE17558
:04E1C800312D384479
:04E1CC00D7B3BB7595
:04E1D0000DBECA4472
:04E1D400EB5E6C7919
:04E1D800542F236D30
:04E1DC0024C97A4F89
:04E1E00018433F475A
:04E1E4000CD5417E97
:04E1E8005209FB7D60
:04E1EC00DA1BF449FD
:04E1F0001BB81E60DA
:04E1F400CB2945648A
:04E1F800E3C14D7EB4
:04E1FC008AF3D94E7B
:04E20000E6C73D75BB
:04E2040049BCAF570B
:04E20800382C4971F4
:04E20C00497C955D57
:04E2100049486066B3
:04E2140011D8B16A02
:04E21800B966525D34
:04E21C000C237D78DA
:04E2200088B16F79D9
:04E22400F83C3D5F26
:04E2280021E1B578C3
:04E22C0049277962A3
:04E23000CB5C9261D0
:04E2340010481E7DF3
:04E2380037A3DB66C7
:04E23C00CEB1CF7917
:04E24000F6AD0869C6
:04E24400F4AB587A65
:04E24800B052506917
:04E24C00915B127D53
:04E25000BC476775EB
:04E25400BBC0ED72EC
:04E258006309C97815
:04E25C00DBDC5E7237
:04E2600005D3197F4A
:04E26400F110376F0F
:04E26800036A7E7552
:04E26C00ED020B7B39
:04E270005E86BA7E8E
:04E27400639C9C7497
:04E27800FC444D7F96
:04E27C00FC389C7658
:04E2800092481C792B
:04E28400278C537F11
:04E28800BD04F37D61
:04E28C00693DFC7C70
:04E29000000000008A
:04E294000100000085
:04E298005555550083
:04E29C0000008000FE
:04E2A000FFFF7F7F7E
:04E2A4005555555522
:04E2A800FFFF7F7F76
:04E2AC000000000866
:04E2B0000100000069
:04E2B4005555555512
:04E2B80000008000E2
:04E2BC001F43FDC33C
:04E2C000AE88037FA2
:04E2C40009ACBE0ED5
:04E2C8001E892E4736
:04E2CC0034C0C52372
:04E2D000638CAF5B51
:04E2D40038A23E1618
:04E2D800633CE74A72
:04E2DC0006A31CAACF
:04E2E0008148A15C74
:04E2E40011B8E3CCBE
:04E2E800E591177C29
:04E2EC00C9A5AF4AC7
:04E2F00085DD0FF8C1
:04E2F400109384C13E
:04E2F80014C92C6BAE
:04E2FC002220A2CB6F
:04E300000B517CF44D
:04E3040091744E289A
:04E30800BAEA7A4CA7
:04E30C00BF034C32CD
:04E3100044810B54E5
:04E314003CF8C515F7
:04E318006BDEDB34A9
:04E31C00C63F6C0884
:04E32000FCA59BA518
:04E3240000000000F5
:04E3280039F575D678
:04E32C00979A0EF1BD
:04E33000CE14CF8DAB
:04E33400804CF2A582
:04E338000061899265
:04E33C0096DDFB2946
:04E340006BB1F48F3A
:04E34400AB632C2477
:04E348002BC026EBD5
:04E34C00259A6DFBA6
:04E35000ACB2B506B0
:04E35400677DC41409
:04E35800AA1623AA34
:04E35C00BBCD1BB763
:04E36000DDB2E6F54F
:04E36400081C2C7FE6
:04E368005105971FA5
:04E36C001727D52575
:04E37000423BA5B5D2
:04E374000F72BBB9B0
:04E3780011F515A1E5
:04E37C000D699B2369
:04E38000FC5980B410
:04E384007DA4BFB302
:04E388005B0F903067
:04E38C007144EB2CC1
:04E39000C5D69B2D26
:04E39400F94552A84D
:04E39800D6D0F5A244
:04E39C002DC8341B39
:04E3A000782685381E
:04E3A4001447852D68
:04E3A80008A8A20F10
:04E3AC00425BE58368
:04E3B0005CB0BAA5FE
:04E3B4009C5AED166C
:04E3B8000000000061
:04E3BC00EA2F6F3B9A
:04E3C0000AB8EDA901
:04E3C400D2325E3BB8
:04E3C8007C57D12687
:04E3CC002446F7A547
:04E3D0003604868EFB
:04E3D400BBFEE12883
:04E3D8002BBFDF0F69
:04E3DC00CF93F21ECB
:04E3E00094C03702AC
:04E3E4001CD2142A09
:04E3E8008D3CE40B79
:04E3EC000BCEE2A4CE
:04E3F0006A00098432
:04E3F400D5AC39A4C7
:04E3F800168D2D82CF
:04E3FC00CBF687379E
:04E40000C0C6A5925B
:04E4040026EE7E3250
:04E408009DD4C809CE
:04E40C00C7D59C359F
:04E41000C950B48BB0
:04E41400F24E8C2F09
:04E418001E200A02B6
:04E41C00940AF0BEB0
:04E42000495EBE8F04
:04E424002B8C97BBEB
:04E428006F482A0A05
:04E42C001CA0903868
:04E43000417E658440
:04E43400298C0D3EE4
:04E43800A640318742
:04E43C006AEEBCBE0A
:04E44000B3C01185CF
:04E444004180C5BC92
:04E44800B04590014A
:04E44C0000000000CC
:04E45000FFFF7F7FCC
:04E45400FFFF7F7FC8
:04E458000000800040
:04E45C00FFFF7F7FC0
:04E46000FFFF7F7FBC
:04E4640000008080B4
:04E4680082D8708264
:04E46C00361E7C02DA
:04E47000AAAAAA2A80
:04E47400AAAABAAAEC
:04E47800AAAAAA2A78
:04E47C00AAAA8AAA14
:04E48000AAAAAA2A70
:04E48400AAAAEAAAAC
:04E48800AAAAAA2A68
:04E48C00AAAA2AAA64
:04E49000987585876F
:04E49400AE888307C4
:04E498003A610607D8
:04E49C001E89AE0423
:04E4A00074E8CE87C7
:04E4A400638C2F084E
:04E4A8009E0CD30AE9
:04E4AC00633CE700E6
:04E4B000A986A19107
:04E4B4008148A111E9
:04E4B800E7979796B5
:04E4BC00E591971639
:04E4C000618F8F16C3
:04E4C40085DD8F96CD
:04E4C800989EEF9596
:04E4CC0014C9AC14AF
:04E4D00003E3FE194B
:04E4D4000B51FC9953
:04E4D8001999919B62
:04E4DC00BAEAFA1B83
:04E4E0006636E89E16
:04E4E40044810B1F45
:04E4E80056806620D4
:04E4EC006BDE5B1771
:04E4F000B3E31A2652
:04E4F400FCA51BA6C2
:04E4F800059B0E2D45
:04E4FC00979A0EAD30
:04E500004A27732B08
:04E50400804C72AB2A
:04E508002D9E0CA890
:04E50C0096DD7B24F9
:04E51000ADAF35ABCB
:04E51400AB63AC2128
:04E518003B9AED3805
:04E51C00259AEDB897
:04E520008F72603165
:04E52400677D442F9C
:04E528007D2DA4346D
:04E52C00BBCD9BB414
:04E530001D1CACBF43
:04E53400081CAC3FD4
:04E538009B2B3539AB
:04E53C001727553414
:04E54000B4F83E3EAF
:04E544000F723BBE59
:04E548009C493ABEF2
:04E54C000D691B3EFC
:04E5500001342C4026
:04E554007DA43FBCA7
:04E5580064E0C34276
:04E55C0071446B4259
:04E56000D785BDC4DA
:04E56400F945D2BFE4
:04E568008C0C2EC722
:04E56C002DC8343F43
:04E570001BC17F4A02
:04E574001447854182
:04E57800655B6DD69C
:04E57C009C5A6D56E2
:04E5800089B76D5991
:04E584000AB86DD98B
:04E58800B5D948D6E3
:04E58C007C57515611
:04E590000000000087
:04E59400970B065D7E
:04E59800360406DD62
:04E59C0028BE5FE056
:04E5A0002BBF5F60CE
:04E5A4000D820DDDFA
:04E5A80094C0375D87
:04E5AC009BCA9F5D0A
:04E5B0008D3C645BDF
:04E5B4009F00096952
:04E5B8006A0009E903
:04E5BC00281CB663FE
:04E5C000168DADE324
:04E5C40057C6A56C25
:04E5C800C0C6A5EC38
:04E5CC0013D248EF2F
:04E5D0009DD4486F1F
:04E5D40057415DE965
:04E5D800C950B4E58D
:04E5DC00B283E16CB9
:04E5E0001E208A6B04
:04E5E40054633E75C9
:04E5E800495E3EF555
:04E5EC006ED5E3F015
:04E5F0006F48AA6660
:04E5F400FA68DB7571
:04E5F800417EE5F586
:04E5FC00743D317DBC
:04E60000A64031FD02
:04E60400CE0F267996
:04E60800B3C011F496
:04E60C00315AB0FAD5
:04E61000B04510778A
:04E6140099D89F7E74
:04E61800D2FE11FA23
:04E61C003B88CA74F9
:04E620003B88CAF475
:04E624000000C07FB3
:04E62800AAAAAAAA46
:04E62C005555D5FF6C
:04E63000AAAAAAAA3E
:04E63400AAAAAAFFE5
:04E63800AAAAAAAA36
:04E63C000000C07F9B
:04E640000000C07F97
:04E644000000C07F93
:04E648000000807FCF
:04E64C000000807FCB
:04E650000000807FC7
:04E6540001000000C1
:04E65800FFFF7F0041
:04E65C00000080003A
:04E660000100008035
:04E66400C5EA552886
:04E66800C84A152562
:04E66C005361793746
:04E67000529BAA35DA
:04E674004852ED2AF1
:04E678000058ED2435
:04E67C00A755AA42B2
:04E68000B0572E4021
:04E684002FB5A71CEB
:04E68800A0B5A7187A
:04E68C00B8525536F5
:04E690008053D531AD
:04E69400AAAA2A55AF
:04E69800BFAAAA5318
:04E69C005555555526
:04E6A000AAAA2AD523
:04E6A4005555D5767D
:04E6A800A8AA3EF6E8
:04E6AC00AABA34CE04
:04E6B0002D9E1DCDB1
:04E6B400AD1255BC92
:04E6B8000E9AA1BA5B
:04E6BC00CA1055AA81
:04E6C0008A4652A88C
:04E6C400CA1055AA79
:04E6C800CA10D5A7F8
:04E6CC00CA1055AA71
:04E6D000CA1055A770
:04E6D4000000000042
:04E6D800CA1055AA65
:04E6DC00CA10D5A6E5
:04E6E0005555D5A611
:04E6E4005555D5A211
:04E6E800CA1055AA55
:04E6EC00555555A289
:04E6F000CA1055AA4D
:04E6F4005555D5A102
:04E6F800CA1055AA45
:04E6FC00555555A17A
:04E70000CA1055AA3C
:04E704005555D5A0F2
:04E70800CA1055AA34
:04E70C00555555A06A
:04E71000CA1055AA2C
:04E714005555D59FE3
:04E71800CA1055AA24
:04E71C005555559F5B
:04E72000CA1055AA1C
:04E724005555D59ED4
:04E72800CA1055AA14
:04E72C005555559E4C
:04E73000CA1055AA0C
:04E734005555D59DC5
:04E73800CA1055AA04
:04E73C005555559D3D
:04E74000CA1055AAFC
:04E744005555D59CB6
:04E74800CA1055AAF4
:04E74C005555559C2E
:04E75000CA1055AAEC
:04E754005555D59BA7
:04E75800CA1055AAE4
:04E75C005555559B1F
:04E76000CA1055AADC
:04E764005555D59A98
:04E76800CA1055AAD4
:04E76C005555559A10
:04E77000CA1055AACC
:04E774005555D59989
:04E77800CA1055AAC4
:04E77C005555559901
:04E78000CA1055AABC
:04E784005555D5987A
:04E78800CA1055AAB4
:04E78C0055555598F2
:04E79000CA1055AAAC
:04E794005555D5976B
:04E79800AAAA2AD52A
:04E79C005555555525
:04E7A000A8AA3EF6EF
:04E7A4005555D5767C
:04E7A8002D9E1DCDB8
:04E7AC00AABA34CE03
:04E7B0000E9AA1BA62
:04E7B400AD1255BC91
:04E7B8008A4652A893
:04E7BC00CA1055AA80
:04E7C000CA10D5A7FF
:04E7C400CA1055AA78
:04E7C800CA1055A777
:04E7CC00CA1055AA70
:04E7D000CA10D5A6F0
:04E7D400CA1055AA68
:04E7D8005555D5A21C
:04E7DC005555D5A614
:04E7E000555555A294
:04E7E400CA1055AA58
:04E7E8005555D5A10D
:04E7EC00CA1055AA50
:04E7F000555555A185
:04E7F400CA1055AA48
:04E7F8005555D5A0FE
:04E7FC00CA1055AA40
:04E80000555555A075
:04E80400CA1055AA37
:04E808005555D59FEE
:04E80C00CA1055AA2F
:04E810005555559F66
:04E81400CA1055AA27
:04E8180000000000FC
:04E81C005555D59EDB
:04E82000CA1055AA1B
:04E824005555559E53
:04E82800CA1055AA13
:04E82C005555D59DCC
:04E83000CA1055AA0B
:04E834005555559D44
:04E83800CA1055AA03
:04E83C005555D59CBD
:04E84000CA1055AAFB
:04E844005555559C35
:04E84800CA1055AAF3
:04E84C005555D59BAE
:04E85000CA1055AAEB
:04E854005555559B26
:04E85800CA1055AAE3
:04E85C005555D59A9F
:04E86000CA1055AADB
:04E864005555559A17
:04E86800CA1055AAD3
:04E86C005555D59990
:04E87000CA1055AACB
:04E874005555559908
:04E87800CA1055AAC3
:04E87C005555D59881
:04E88000CA1055AABB
:04E8840055555598F9
:04E88800CA1055AAB3
:04E88C005555D59772
:04E89000CA1055AAAB
:04E89400AAAAAA2A58
:04E89800ABAAAAAAD3
:04E89C00AAAAAA2A50
:04E8A000A8AAAAAACE
:04E8A400AAAAAA2A48
:04E8A800AEAAAAAAC0
:04E8AC00AAAAAA2A40
:04E8B000A2AAAAAAC4
:04E8B400AAAAAA2A38
:04E8B800BAAAAAAAA4
:04E8BC00AAAAAA2A30
:04E8C0008AAAAAAACC
:04E8C400AAAAAA2A28
:04E8C800EAAAAAAA64
:04E8CC00AAAAAA2A20
:04E8D0002AAAAAAA1C
:04E8D400AAAAAA2A18
:04E8D800AAABAAAA93
:04E8DC00AAAAAA2A10
:04E8E000AAA8AAAA8E
:04E8E400AAAAAA2A08
:04E8E800AAAEAAAA80
:04E8EC00AAAAAA2A00
:04E8F000AAA2AAAA84
:04E8F400AAAAAA2AF8
:04E8F800AABAAAAA64
:04E8FC00AAAAAA2AF0
:04E90000AA8AAAAA8B
:04E90400AAAAAA2AE7
:04E90800AAEAAAAA23
:04E90C00AAAAAA2ADF
:04E91000AA2AAAAADB
:04E91400AAAAAA2AD7
:04E91800AAAAABAA52
:04E91C00AAAAAA2ACF
:04E92000AAAAA8AA4D
:04E92400AAAAAA2AC7
:04E92800AAAAAEAA3F
:04E92C00AAAAAA2ABF
:04E93000AAAAA2AA43
:04E93400C5EA5528B3
:04E93800C84A15A50F
:04E93C005361793773
:04E94000529BAAB587
:04E944004852ED2A1E
:04E948000058EDA4E2
:04E94C00A755AA42DF
:04E95000B0572EC0CE
:04E954002FB5A71C18
:04E95800A0B5A79827
:04E95C00B852553622
:04E960008053D5B15A
:04E96400AAAA2A55DC
:04E96800BFAAAAD3C5
:04E96C0000000000A7
:04E9700000000000A3
:04E974000000807FA0
:04E97800000080001B
:04E97C000100008016
:04E980000000C07F54
:04E98400AF0AFA7F5D
:04E98800FFFF7F7F8F
:04E98C00FFFF7F7F8B
:04E990003022373FBB
:04E994001B0F7E00D7
:04E9980016D6EFAAF6
:04E99C00AE88031925
:04E9A000FA19CD3A59
:04E9A4001E89AE0B0F
:04E9A800C644D22966
:04E9AC00638C2F1D2C
:04E9B000DAA6E916E4
:04E9B400633C673326
:04E9B800425145BCC7
:04E9BC00814821105D
:04E9C000186722A111
:04E9C400E591972E14
:04E9C800140B0B42DF
:04E9CC0085DD8F8FC7
:04E9D000C88211AC3C
:04E9D40014C92C290D
:04E9D800C5E4A6BA32
:04E9DC000B517C9BC4
:04E9E000A4E7D6567C
:04E9E400BAEAFA038E
:04E9E8008AC0AB55E1
:04E9EC0044818B07D0
:04E9F000BB30865062
:04E9F4006BDE5B0F6C
:04E9F800A8C51F4748
:04E9FC00FCA59B9A41
:04EA00003529C6DD11
:04EA0400979A8E86C9
:04EA0800B32967DBEC
:04EA0C00804C728B3D
:04EA100018ED0DDE12
:04EA140096DD7B0907
:04EA18001BE706E50D
:04EA1C00AB63AC0537
:04EA2000EC92C1E9CA
:04EA2400259AED84BE
:04EA280068369A6A48
:04EA2C00677D4406B8
:04EA30005526DCE8A3
:04EA3400BBCD1B89B2
:04EA3800E9337FEC53
:04EA3C00081C2C097D
:04EA400000000000D2
:04EA4400B2D6D972FB
:04EA48001727D505B2
:04EA4C00AE181AF7EF
:04EA50000F72BB8303
:04EA54003173CBF956
:04EA58000D699B02A7
:04EA5C005008E58BEE
:04EA60007DA4BFF3DF
:04EA6400A791AA7557
:04EA68007144EB0CFE
:04EA6C00ACFCE651C7
:04EA7000F94552B260
:04EA74003876F6D426
:04EA78002DC8B431C0
:04EA7C00B2A0F57AD5
:04EA80001447050F23
:04EA84004BA4CA11C4
:04EA8800425BE5F810
:04EA8C00402CD98FB2
:04EA90009C5AED7D22
:04EA9400E3B18A441C
:04EA98000AB8EDCB00
:04EA9C005B24A65BF6
:04EAA0007C57D13797
:04EAA4000792E1F202
:04EAA800360486A307
:04EAAC0042EC93792C
:04EAB0002BBF5F1EFB
:04EAB400576AEB4D65
:04EAB80094C0B74D02
:04EABC00A03ABB249D
:04EAC0008D3C6478AD
:04EAC400D5FA45D367
:04EAC8006A0089CC8B
:04EACC00B3FFC9B01B
:04EAD000168D2DF082
:04EAD400F91DA23D49
:04EAD800C0C625E6A9
:04EADC007C1DCF7658
:04EAE0009DD4C830C9
:04EAE400CC0F9E684D
:04EAE800C95034C01D
:04EAEC009BFB705AC6
:04EAF0001E200A5288
:04EAF4001F0BD9F328
:04EAF800495E3EBA7B
:04EAFC00B8F6B35B5A
:04EB0000417E65D716
:04EB0400A4A0936BCB
:04EB0800A64031CA28
:04EB0C00DAB511F66F
:04EB1000B3C091C23B
:04EB14003B769BFAB7
:04EB1800B045903F35
:04EB1C00BAE40BE26A
:04EB2000D2FE11DC34
:04EB240000000000ED
:04EB2800010080FF69
:04EB2C0001000000E4
:04EB3000010080FF61
:04EB340001000000DC
:04EB38005500000084
:04EB3C00010080FF55
:04EB4000F020FE00C3
:04EB44007E4B78028A
:04EB480076456D059C
:04EB4C00562A8705B9
:04EB50001DC3980742
:04EB54005CFDED096E
:04EB5800CB6CA20BD5
:04EB5C0079C2F00E7C
:04EB6000E4FD2D1093
:04EB640009DE501363
:04EB680000000000A9
:04EB6C005676711553
:04EB70008E38CB16FA
:04EB74002F761019CF
:04EB7800DF7AB31A73
:04EB7C003CCDBE1CB2
:04EB80000DB6162197
:04EB8400A23DE921A4
:04EB88006E63D323C2
:04EB8C00A7AF782790
:04EB900040502D299B
:04EB94004BEF752BA3
:04EB9800F1DF082C75
:04EB9C00420B982D63
:04EBA0003E8B4F3029
:04EBA4004CD63C32DD
:04EBA80004721335AB
:04EBAC00D644BD3559
:04EBB00041633E3946
:04EBB400BADF9E3AEC
:04EBB80080FD3A3C66
:04EBBC000000000055
:04EBC000B954653EA1
:04EBC4005153983FD2
:04EBC80044CC77437F
:04EBCC00C4F100454B
:04EBD000292CE846BE
:04EBD400282DFC48A4
:04EBD800C5865C4A48
:04EBDC0032E85A4C75
:04EBE00043D0164EBA
:04EBE400E53F8C4F2E
:04EBE8008CA5BD52E9
:04EBEC00F2FAE55400
:04EBF0005C6BE7551E
:04EBF400288200591A
:04EBF800127A315A02
:04EBFC0027EB465D60
:04EC0000D53F095E95
:04EC04009C596E6049
:04EC0800C2B0BC6179
:04EC0C0052A9E563C1
:04EC10000000000000
:04EC1400F0F0F0F03C
:04EC1800F0F0F0F038
:04EC1C00F0F0F0F034
:04EC2000F0F0F0F030
:04EC2400F0F0F0F02C
:04EC2800F0F0F0F028
:04EC2C00F0F0F0F024
:04EC3000F0F0F0F020
:04EC3400F0F0F0F01C
:04EC3800F0F0F0F018
:04EC3C00F0F0F0F014
:04EC4000F0F0F0F010
:04EC4400F0F0F0F00C
:04EC4800F0F0F0F008
:04EC4C00F0F0F0F004
:04EC5000F0F0F0F000
:04EC5400F0F0F0F0FC
:04EC5800F0F0F0F0F8
:04EC5C00F0F0F0F0F4
:04EC6000F0F0F0F0F0
:04EC6400F0F0F0F0EC
:04EC6800F0F0F0F0E8
:04EC6C00F0F0F0F0E4
:04EC7000F0F0F0F0E0
:04EC7400F0F0F0F0DC
:04EC7800F0F0F0F0D8
:04EC7C00F0F0F0F0D4
:04EC8000F0F0F0F0D0
:04EC8400F0F0F0F0CC
:04EC8800F0F0F0F0C8
:04EC8C00F0F0F0F0C4
:04EC9000F0F0F0F0C0
:04EC9400F0F0F0F0BC
:04EC9800F0F0F0F0B8
:04EC9C00F0F0F0F0B4
:04ECA000F0F0F0F0B0
:04ECA400F0F0F0F0AC
:04ECA800F0F0F0F0A8
:04ECAC00F0F0F0F0A4
:04ECB000F0F0F0F0A0
:04ECB400F0F0F0F09C
:04ECB800F0F0F0F098
:04ECBC00F0F0F0F094
:04ECC000F0F0F0F090
:04ECC400F0F0F0F08C
:04ECC800F0F0F0F088
:04ECCC00F0F0F0F084
:04ECD000F0F0F0F080
:04ECD400F0F0F0F07C
:04ECD800F0F0F0F078
:04ECDC00F0F0F0F074
:04ECE000F000000040
:04ECE400FFFFFFFF30
:04ECE800FFFFFFFF2C
:04ECEC00FFFFFFFF28
:04ECF000FFFFFFFF24
:04ECF400FFFFFFFF20
:04ECF800FFFFFFFF1C
:04ECFC00FF1F0000F6
:04ED0000FF0101000E
:0400000500000000F7
:00000001FF
