:2000000000FE002001040000ED050100B5770000F1050100F5050100F905010000000000AD
:200020000000000000000000000000000B060100FD05010000000000010601000506010097
:20004000070601000706010007060100070601000706010007060100070601000706010030
:20006000070601000706010007060100070601000706010007060100070601000706010010
:200080000706010007060100070601000706010007060100070601000706010007060100F0
:2000A0000706010007060100070601000706010007060100070601000706010007060100D0
:2000C0000706010007060100070601000706010007060100070601000706010007060100B0
:2000E000070601000706010007060100070601000706010007060100070601000706010090
:2001000007060100070601000706010007060100070601000706010007060100070601006F
:2001200007060100070601000706010007060100070601000706010007060100070601004F
:2001400007060100070601000706010007060100070601000706010007060100070601002F
:2001600007060100070601000706010007060100070601000706010007060100070601000F
:200180000706010007060100070601000706010007060100070601000706010007060100EF
:2001A0000706010007060100070601000706010007060100070601000706010007060100CF
:2001C0000706010007060100070601000706010007060100070601000706010007060100AF
:2001E00007060100070601000706010007060100070601000706010007060100070601008F
:2002000007060100070601000706010007060100070601000706010007060100070601006E
:2002200007060100070601000706010007060100070601000706010007060100070601004E
:2002400007060100070601000706010007060100070601000706010007060100070601002E
:2002600007060100070601000706010007060100070601000706010007060100070601000E
:200280000706010007060100070601000706010007060100070601000706010007060100EE
:2002A0000706010007060100070601000706010007060100070601000706010007060100CE
:2002C0000706010007060100070601000706010007060100070601000706010007060100AE
:2002E00007060100070601000706010007060100070601000706010007060100070601008E
:2003000007060100070601000706010007060100070601000706010007060100070601006D
:2003200007060100070601000706010007060100070601000706010007060100070601004D
:2003400007060100070601000706010007060100070601000706010007060100070601002D
:200360000706010007060100070601000706010007060100FFFFFFFFFFFFFFFFFFFFFFFF43
:20038000FFFFFFFFFFFFFFFFFFFFFFFFFFFFFFFFFFFFFFFFFFFFFFFFFFFFFFFFFFFFFFFF7D
:2003A000FFFFFFFFFFFFFFFFFFFFFFFFFFFFFFFFFFFFFFFFFFFFFFFFFFFFFFFFFFFFFFFF5D
:2003C000FFFFFFFFFFFFFFFFFFFFFFFFFFFFFFFFFFFFFFFFFFFFFFFFFFFFFFFFFFFFFFFF3D
:2003E000FFFFFFFFFFFFFFFFFFFFFFFFFFFFFFFFFFFFFFFFFFFFFFFFFFFFFFFFFFFFFFFF1D
:2004000072B6002000210022002300240025002600271F481F4901601F4880F30888FFE718
:200420001E4801680F22120511430160BFF34F8FBFF36F8FFFE71A48002809D019491A4AA1
:20044000521A013A04DD0020002309C1083AFCDAFFE7134800280BD0144802C8013907DB69
:2004600038C82A1BFAD040CC40C3043AFBDCF5E7FFE70F4802C8013907DB18C8E21AFAD0A4
:20048000002520C3043AFCDCF5E762B608F096FE08ED00E00000002000FE002088ED00E056
:2004A000010000000000002000FE0020E8C901001CCA01007820704770B405460C462A46E4
:2004C000002C0BD955B105E0134601324FF0000C83F800C0002CA4F10104F5D170BC7047A0
:2004E0002DE9F00404460D461646002E0CD95CB155B12F46A446002304E017F803A00CF8B7
:2005000003A00133B342F8D3BDE8F00470472DE9F04D83B005460E4694464FF0000ABCF1FF
:20052000800304D0403B05D0402B06D008E00A232B6006E00C232B6003E00E232B6000E014
:2005400000BF05F108036B6000241FE04FEA840B06EB0B0E0EF1010E9EF800E016F80B700E
:2005600047EA0E2706EB0B0E0EF1020E9EF800E047EA0E4706EB0B0E0EF1030E9EF800E070
:2005800047EA0E6743F80B70671CBCB2B4EB6C1FDCDB2F680A3F05D0023F49D0022F00F0FD
:2005A000998014E1002440E045F64078C0F20108D3F800B058F8247087EA0B07D3F80CB0D2
:2005C00045F66878C0F20108CBF3072B18F80BB08BEA0707D3F80CB0CBF3074B18F80BB0A5
:2005E00087EA0B27D3F80CB04FEA1B6B18F80BB087EA0B4B1F7B18F807708BEA07671F61FC
:200600001F69D3F804B087EA0B075F615F69D3F808B087EA0B079F619F69D3F80CB087EAC2
:200620000B07DF61671CBCB210330A2CBCD3CEE000244CE045F64078C0F20108D3F800B048
:2006400058F8247087EA0B07D3F814B045F66878C0F20108CBF3072B18F80BB08BEA070790
:20066000D3F814B0CBF3074B18F80BB087EA0B27D3F814B04FEA1B6B18F80BB087EA0B4B8D
:200680001F7D18F807708BEA07679F619F69D3F804B087EA0B07DF61DF69D3F808B087EACE
:2006A0000B071F621F6AD3F80CB087EA0B075F625F6AD3F810B087EA0B079F629F6AD3F8A7
:2006C00014B087EA0B07DF62671CBCB21833082CB0D37CE0002477E045F64078C0F201081A
:2006E000D3F800B058F8247087EA0B07D3F81CB045F66878C0F20108CBF3072B18F80BB0F0
:200700008BEA0707D3F81CB0CBF3074B18F80BB087EA0B27D3F81CB04FEA1B6B18F80BB020
:2007200087EA0B4B1F7F18F807708BEA07671F621F6AD3F804B087EA0B075F625F6AD3F889
:2007400008B087EA0B079F629F6AD3F80CB087EA0B07DF6293F82C7045F66878C0F201080C
:20076000D3F810B018F8077087EA0B07D3F82CB0CBF3072B18F80BB087EA0B27D3F82CB038
:20078000CBF3074B18F80BB087EA0B47D3F82CB04FEA1B6B18F80BB087EA0B671F631F6B9B
:2007A000D3F814B087EA0B075F635F6BD3F818B087EA0B079F639F6BD3F81CB087EA0B075F
:2007C000DF63671CBCB22033072C85D300BF5746384603B0BDE8F08D2DE9F04D8BB007467E
:2007E0000C4615464FF0000A7B68009394F802C02388C3EA0C4394F803C043EA0C63019319
:20080000009E331D0093019B36687340019394F806C0A388C3EA0C4394F807C043EA0C636E
:200820000293009E331D0093029B36687340029394F80AC02389C3EA0C4394F80BC043EA9D
:200840000C630393009E331D0093039B36687340039394F80EC0A389C3EA0C4394F80FC0B0
:2008600043EA0C630493009E331D0093049B3668734004933B685B105E1EBAE1DDF800C083
:200880000CF104030093019BDCF800C047F66848C0F201081B069B0D58F8033083EA0C0321
:2008A000DDF808C047F6680BC0F2010BCCF3072C5BF82CC08CEA030C039B47F2684BC0F23B
:2008C000010BC3F307435BF8233083EA0C03DDF810C047F2680BC0F2010B4FEA1C6C5BF8C7
:2008E0002CC08CEA030CCDF814C0DDF800C00DF108080CF10403009398E808481B069B0D1B
:2009000047F66848C0F20108DCF800C058F8033083EA0C03CBF3072C47F6680BC0F2010B3D
:200920005BF82CC047F2684BC0F2010B8CEA030CCEF307435BF8233083EA0C03DDF804C083
:2009400047F2680BC0F2010B4FEA1C6C5BF82CC08CEA030CCDF818C0DDF800C00CF1040372
:200960000093039BDCF800C047F66848C0F201081B069B0D58F8033083EA0C03DDF810C09D
:2009800047F6680BC0F2010BCCF3072C5BF82CC08CEA030C019B47F2684BC0F2010BC3F337
:2009A00007435BF8233083EA0C03DDF808C047F2680BC0F2010B4FEA1C6C5BF82CC08CEA4E
:2009C000030CCDF81CC0DDF800C00CF104030093049BDCF800C047F66848C0F201081B063F
:2009E0009B0D58F8033083EA0C03DDF804C047F6680BC0F2010BCCF3072C5BF82CC08CEAA2
:200A0000030C029B47F2684BC0F2010BC3F307435BF8233083EA0C03DDF80CC047F2680B11
:200A2000C0F2010B4FEA1C6C5BF82CC08CEA030CCDF820C000BFDDF800C00CF104030093E3
:200A4000059BDCF800C047F66848C0F201081B069B0D58F8033083EA0C03DDF818C047F608
:200A6000680BC0F2010BCCF3072C5BF82CC08CEA030C079B47F2684BC0F2010BC3F3074343
:200A80005BF8233083EA0C03DDF820C047F2680BC0F2010B4FEA1C6C5BF82CC08CEA030C90
:200AA000CDF804C0DDF800C00DF118080CF10403009398E808481B069B0D47F66848C0F22B
:200AC0000108DCF800C058F8033083EA0C03CBF3072C47F6680BC0F2010B5BF82CC047F2A3
:200AE000684BC0F2010B8CEA030CCEF307435BF8233083EA0C03DDF814C047F2680BC0F2CC
:200B0000010B4FEA1C6C5BF82CC08CEA030CCDF808C0DDF800C00CF104030093079BDCF815
:200B200000C047F66848C0F201081B069B0D58F8033083EA0C03DDF820C047F6680BC0F26E
:200B4000010BCCF3072C5BF82CC08CEA030C059B47F2684BC0F2010BC3F307435BF82330E3
:200B600083EA0C03DDF818C047F2680BC0F2010B4FEA1C6C5BF82CC08CEA030CCDF80CC0CC
:200B8000DDF800C00CF104030093089BDCF800C047F66848C0F201081B069B0D58F80330FE
:200BA00083EA0C03DDF814C047F6680BC0F2010BCCF3072C5BF82CC08CEA030C069B47F212
:200BC000684BC0F2010BC3F307435BF8233083EA0C03DDF81CC047F2680BC0F2010B4FEA2E
:200BE0001C6C5BF82CC08CEA030CCDF810C000BF013E002E3FF742AEDDF800C00CF1040329
:200C00000093019BDCF800C047F66848C0F201081B069B0D58F8033083EA0C03DDF808C004
:200C200047F6680BC0F2010BCCF3072C5BF82CC08CEA030C039B47F2684BC0F2010BC3F392
:200C400007435BF8233083EA0C03DDF810C047F2680BC0F2010B4FEA1C6C5BF82CC08CEAA3
:200C6000030CCDF814C0DDF800C00DF108080CF10403009398E808481B069B0D47F668480C
:200C8000C0F20108DCF800C058F8033083EA0C03CBF3072C47F6680BC0F2010B5BF82CC068
:200CA00047F2684BC0F2010B8CEA030CCEF307435BF8233083EA0C03DDF804C047F2680B93
:200CC000C0F2010B4FEA1C6C5BF82CC08CEA030CCDF818C0DDF800C00CF104030093039B6A
:200CE000DCF800C047F66848C0F201081B069B0D58F8033083EA0C03DDF810C047F6680B9B
:200D0000C0F2010BCCF3072C5BF82CC08CEA030C019B47F2684BC0F2010BC3F307435BF8C6
:200D2000233083EA0C03DDF808C047F2680BC0F2010B4FEA1C6C5BF82CC08CEA030CCDF893
:200D40001CC0DDF800C00CF104030093049BDCF800C047F66848C0F201081B069B0D58F897
:200D6000033083EA0C03DDF804C047F6680BC0F2010BCCF3072C5BF82CC08CEA030C029B6A
:200D800047F2684BC0F2010BC3F307435BF8233083EA0C03DDF80CC047F2680BC0F2010B7C
:200DA0004FEA1C6C5BF82CC08CEA030CCDF820C000BFDDF800C00CF1040300939DF8143045
:200DC00045F66878C0F20108DCF800C018F8033083EA0C03DDF818C0CCF3072C18F80CC06F
:200DE00083EA0C23DDF81CC0CCF3074C18F80CC083EA0C43DDF820C04FEA1C6C18F80CC0AA
:200E000083EA0C630193DDF800C00CF1040300939DF8183045F66878C0F20108DCF800C0EF
:200E200018F8033083EA0C03DDF81CC0CCF3072C18F80CC083EA0C23DDF820C0CCF3074C11
:200E400018F80CC083EA0C43DDF814C04FEA1C6C18F80CC083EA0C630293DDF800C00CF1B1
:200E6000040300939DF81C3045F66878C0F20108DCF800C018F8033083EA0C03DDF820C019
:200E8000CCF3072C18F80CC083EA0C23DDF814C0CCF3074C18F80CC083EA0C43DDF818C0E8
:200EA0004FEA1C6C18F80CC083EA0C630393DDF800C00CF1040300939DF8203045F66878F7
:200EC000C0F20108DCF800C018F8033083EA0C03DDF814C0CCF3072C18F80CC083EA0C23F1
:200EE000DDF818C0CCF3074C18F80CC083EA0C43DDF81CC04FEA1C6C18F80CC083EA0C6371
:200F00000493019B2B70019BC3F307236B70019BC3F30743AB70019B1B0EEB70029B2B719C
:200F2000029BC3F307236B71029BC3F30743AB71029B1B0EEB71039B2B72039BC3F30723C4
:200F40006B72039BC3F30743AB72039B1B0EEB72049B2B73049BC3F307236B73049BC3F3E6
:200F60000743AB73049B1B0EEB7301A80421FFF7A3FA02A80421FFF79FFA03A80421FFF75E
:200F80009BFA04A80421FFF797FA05A80421FFF793FA06A80421FFF78FFA07A80421FFF7F3
:200FA0008BFA08A80421FFF787FA68460421FFF783FA534618460BB0BDE8F08D2DE9F04DF3
:200FC0008BB007460C4615464FF0000A7B68009394F802C02388C3EA0C4394F803C043EAAC
:200FE0000C630193009E331D0093019B36687340019394F806C0A388C3EA0C4394F807C020
:2010000043EA0C630293009E331D0093029B36687340029394F80AC02389C3EA0C4394F811
:201020000BC043EA0C630393009E331D0093039B36687340039394F80EC0A389C3EA0C432B
:2010400094F80FC043EA0C630493009E331D0093049B3668734004933B685B105E1EBAE1D5
:20106000DDF800C00CF104030093019BDCF800C046F66848C0F201081B069B0D58F8033021
:2010800083EA0C03DDF810C046F6680BC0F2010BCCF3072C5BF82CC08CEA030C039B46F236
:2010A000684BC0F2010BC3F307435BF8233083EA0C03DDF808C046F2680BC0F2010B4FEA5E
:2010C0001C6C5BF82CC08CEA030CCDF814C0DDF800C00CF104030093029BDCF800C046F692
:2010E0006848C0F201081B069B0D58F8033083EA0C03DDF804C046F6680BC0F2010BCCF3F8
:20110000072C5BF82CC08CEA030C049B46F2684BC0F2010BC3F307435BF8233083EA0C036E
:20112000DDF80CC046F2680BC0F2010B4FEA1C6C5BF82CC08CEA030CCDF818C0DDF800C0EE
:201140000CF104030093039BDCF800C046F66848C0F201081B069B0D58F8033083EA0C0357
:20116000DDF808C046F6680BC0F2010BCCF3072C5BF82CC08CEA030C019B46F2684BC0F276
:20118000010BC3F307435BF8233083EA0C03DDF810C046F2680BC0F2010B4FEA1C6C5BF8FF
:2011A0002CC08CEA030CCDF81CC0DDF800C00CF104030093049BDCF800C046F66848C0F220
:2011C00001081B069B0D58F8033083EA0C03DDF80CC046F6680BC0F2010BCCF3072C5BF8EB
:2011E0002CC08CEA030C029B46F2684BC0F2010BC3F307435BF8233083EA0C03DDF804C07D
:2012000046F2680BC0F2010B4FEA1C6C5BF82CC08CEA030CCDF820C000BFDDF800C00CF1EA
:2012200004030093059BDCF800C046F66848C0F201081B069B0D58F8033083EA0C03DDF89C
:2012400020C046F6680BC0F2010BCCF3072C5BF82CC08CEA030C079B46F2684BC0F2010B40
:20126000C3F307435BF8233083EA0C03DDF818C046F2680BC0F2010B4FEA1C6C5BF82CC036
:201280008CEA030CCDF804C0DDF800C00CF104030093069BDCF800C046F66848C0F2010838
:2012A0001B069B0D58F8033083EA0C03DDF814C046F6680BC0F2010BCCF3072C5BF82CC01F
:2012C0008CEA030C089B46F2684BC0F2010BC3F307435BF8233083EA0C03DDF81CC046F232
:2012E000680BC0F2010B4FEA1C6C5BF82CC08CEA030CCDF808C0DDF800C00CF1040300937F
:20130000079BDCF800C046F66848C0F201081B069B0D58F8033083EA0C03DDF818C046F63F
:20132000680BC0F2010BCCF3072C5BF82CC08CEA030C059B46F2684BC0F2010BC3F307437D
:201340005BF8233083EA0C03DDF820C046F2680BC0F2010B4FEA1C6C5BF82CC08CEA030CC8
:20136000CDF80CC0DDF800C00CF104030093089BDCF800C046F66848C0F201081B069B0D09
:2013800058F8033083EA0C03DDF81CC046F6680BC0F2010BCCF3072C5BF82CC08CEA030C7A
:2013A000069B46F2684BC0F2010BC3F307435BF8233083EA0C03DDF814C046F2680BC0F2BB
:2013C000010B4FEA1C6C5BF82CC08CEA030CCDF810C000BF013E002E3FF742AEDDF800C000
:2013E0000CF104030093019BDCF800C046F66848C0F201081B069B0D58F8033083EA0C03B7
:20140000DDF810C046F6680BC0F2010BCCF3072C5BF82CC08CEA030C039B46F2684BC0F2C9
:20142000010BC3F307435BF8233083EA0C03DDF808C046F2680BC0F2010B4FEA1C6C5BF864
:201440002CC08CEA030CCDF814C0DDF800C00CF104030093029BDCF800C046F66848C0F287
:2014600001081B069B0D58F8033083EA0C03DDF804C046F6680BC0F2010BCCF3072C5BF850
:201480002CC08CEA030C049B46F2684BC0F2010BC3F307435BF8233083EA0C03DDF80CC0D0
:2014A00046F2680BC0F2010B4FEA1C6C5BF82CC08CEA030CCDF818C0DDF800C00CF1040308
:2014C0000093039BDCF800C046F66848C0F201081B069B0D58F8033083EA0C03DDF808C03B
:2014E00046F6680BC0F2010BCCF3072C5BF82CC08CEA030C019B46F2684BC0F2010BC3F3CE
:2015000007435BF8233083EA0C03DDF810C046F2680BC0F2010B4FEA1C6C5BF82CC08CEADB
:20152000030CCDF81CC0DDF800C00CF104030093049BDCF800C046F66848C0F201081B06D4
:201540009B0D58F8033083EA0C03DDF80CC046F6680BC0F2010BCCF3072C5BF82CC08CEA2F
:20156000030C029B46F2684BC0F2010BC3F307435BF8233083EA0C03DDF804C046F2680BB0
:20158000C0F2010B4FEA1C6C5BF82CC08CEA030CCDF820C000BFDDF800C00CF10403009378
:2015A0009DF8143048F26808C0F20108DCF800C018F8033083EA0C03DDF820C0CCF3072CF3
:2015C00018F80CC083EA0C23DDF81CC0CCF3074C18F80CC083EA0C43DDF818C04FEA1C6CCA
:2015E00018F80CC083EA0C630193DDF800C00CF1040300939DF8183048F26808C0F2010831
:20160000DCF800C018F8033083EA0C03DDF814C0CCF3072C18F80CC083EA0C23DDF820C0AF
:20162000CCF3074C18F80CC083EA0C43DDF81CC04FEA1C6C18F80CC083EA0C630293DDF86C
:2016400000C00CF1040300939DF81C3048F26808C0F20108DCF800C018F8033083EA0C039A
:20166000DDF818C0CCF3072C18F80CC083EA0C23DDF814C0CCF3074C18F80CC083EA0C4300
:20168000DDF820C04FEA1C6C18F80CC083EA0C630393DDF800C00CF1040300939DF8203075
:2016A00048F26808C0F20108DCF800C018F8033083EA0C03DDF81CC0CCF3072C18F80CC0F3
:2016C00083EA0C23DDF818C0CCF3074C18F80CC083EA0C43DDF814C04FEA1C6C18F80CC0D1
:2016E00083EA0C630493019B2B70019BC3F307236B70019BC3F30743AB70019B1B0EEB7012
:20170000029B2B71029BC3F307236B71029BC3F30743AB71029B1B0EEB71039B2B72039B83
:20172000C3F307236B72039BC3F30743AB72039B1B0EEB72049B2B73049BC3F307236B7373
:20174000049BC3F30743AB73049B1B0EEB7301A80421FEF7B1FE02A80421FEF7ADFE03A81A
:201760000421FEF7A9FE04A80421FEF7A5FE05A80421FEF7A1FE06A80421FEF79DFE07A8C7
:201780000421FEF799FE08A80421FEF795FE68460421FEF791FE534618460BB0BDE8F08D10
:2017A0002DE9F04D86B016469B4601908DF803100E9F0F9D4FF0010A9DF803C0BCF1000F83
:2017C0002CD128E0394602A81022FEF789FE2A4639460198FFF7F2FB8446E246002408E0C4
:2017E0001BF804C017F804E08CEA0E0C05F804C00134102CF4DB02A958461022FEF770FEB0
:20180000103710354FF0000C102E03D3A6F1100C5FFA8CFC6646002ED4D826E023E0002496
:2018200008E01BF804C017F804E08CEA0E0C05F804C00134102CF4DB2A4629460198FEF7F8
:20184000CBFF8446E246294658461022FEF748FE103710354FF0000C102E03D3A6F1100CB4
:201860005FFA8CFC6646002ED9D8D446604606B0BDE8F08D00B500F092FA00F0A7FA04F0AE
:20188000ABFF01F0B1FF00F0D7F800BD70B541F6B475C2F20005002405F0AEFA06462868A6
:2018A00042F23411C7F6430188422FD1002129E0C1EB810005F10C0202EBC0000078032839
:2018C00005D106EBC1000078D0B903241FE0C1EB810005F10C0202EBC0000078062805D1FF
:2018E00006EBC100007858B9062410E0C1EB810005F10C0202EBC0000078082800D100BF7D
:20190000481CC1B2A8798142D2D300E00124204670BD30B5002405F06FFA054695F8500040
:20192000012803D1FFF7B2FF044600E00124204630BD00B54EF20000C2F200004FF48052A3
:20194000002103F005FC11F03BF800BD2DE9004105F078FA012809D102F0EDF801F06EFF8B
:2019600006F071F901F05AFF0028FBD100F016FB40F23C71C2F200010868012802D102F0D6
:20198000F5F808E040F23C71C2F200010868042801D102F00DF906F019F901280CD140F238
:2019A000D851C2F2000108680130086006F04BF901F044FF00F0AEF9BDE8008100B5FFF76A
:2019C000C5FF00BD10B40446214600BF084610BC70472DE9F0484FF60066C2F200060024AA
:2019E000002510F0CDFF0746B346022F05D000200146CBE90001002418E0314648F2681049
:201A0000C0F20100082203F0B4FB04460CB101250CE0314648F27010C0F20100082203F02D
:201A2000A8FB04460CB1022500E000252846BDE8F0880121084670472DE9F04140F2D4557C
:201A4000C2F20005002400F039F8FFF7C2FF0446E4B1022001F0ECFE4FF60060C2F200009C
:201A60000822002103F074FB00202860012C06D1012040F23C71C2F20001086018E00420D4
:201A800040F23C71C2F20001086011E0FFF7D1FF01280DD1FFF73DFF064600F03EFA074699
:201AA00026B91FB94FF47A70286001E000202860286808B90AF0F7FCBDE8F0812DE9F04592
:201AC00084B005F099F9064605F09BF9824605F09DF9074648F6BC31C0F2010141F6B4709C
:201AE000C2F200004FF4807203F019FB4AF20001C0F201113046642203F011FB02966020E2
:201B0000039000208DF8040068460AF008FA01208DF8040068460AF002FA02208DF80400E6
:201B200068460AF0FCF90098316E884203D1306EB0F1FF3F56D1306EB0F1FF3F2BD100F026
:201B400031FA012827D130466422002103F000FB002415E006EBC40001210170C4EB84009A
:201B600041F6C072C2F2000202EBC000007841F6E051C2F2000101EBC401C870601CC4B229
:201B800041F6B471C2F2000188798442E2D3012086F8500026E030466422002103F0D8FAE1
:201BA000002415E006EBC40000210170C4EB840041F6C072C2F2000202EBC000007841F617
:201BC000E051C2F2000101EBC401C870601CC4B241F6B471C2F2000188798442E2D3002097
:201BE00086F850004CF20001C0F2011150460C2203F095FACDF808A00820039000208DF801
:201C0000040068460AF08BF901208DF8040068460AF085F902208DF8040068460AF07FF9F9
:201C20000098DAF80810884204D1DAF80800B0F1FF3F12D150460C22002103F089FA0098F4
:201C4000CAF80800002505E02846002101F005FF681CC5B2002DF7D013E000250FE05AF8E4
:201C60002500022805D342F21071284601F0F5FE03E02846002101F0F0FE681CC5B2002DBD
:201C8000EDD04EF20001C0F2011138464FF4A27203F045FA02974FF4A070039000208DF857
:201CA000040068460AF03BF901208DF8040068460AF035F902208DF8040068460AF02FF949
:201CC0000098D7F84011884204D1D7F84001B0F1FF3F17D138464FF4A272002103F038FABB
:201CE00049F22201C0F2010107F59470102203F016FA40F2A441C2F2000138464FF492720C
:201D000003F00DFA38464FF4807109F002FF04B0BDE8F0852DE9304140F2D454C2F20004B6
:201D200001F034FE0546206800280BD9206801382060206830B948F6BC31C0F20101886820
:201D400000F002F8BDE8308110B5044600F0D2F8204600F001F810BD10B50446204600F0F9
:201D600018F910BD2DE90041002040F2D451C2F2000108600AF097FBBDE8008100B510F033
:201D8000FFFD18B110F0FCFD052807D1A1494FF4FC720020002309C1083AFCDA00BD00B54E
:201DA00010F04DFD002010F0B8FD002010F0CDFD002010F011FB002011F055F8002010F060
:201DC000A8FF05F0ECFE01F0CFFC00BD00B548F6F840C0F2010005F014FF48F69850C0F246
:201DE000010006F07BFA002005F017FF09F035FF00BD30B444F20001C4F206014FF0B64253
:201E00000124002308E048F2A060C0F20100834201D900206CE05B1CC86910F4803FF2D06D
:201E2000C86810F0004F00D0CA60C8684FF0010C6CF31240C860C86840F00040C860C868DC
:201E400010F0004F00D0CA60C8684FF0010C6CF30B20C860C86840F00040C860C86810F013
:201E6000004F00D0CA60C8684FF0010C6CF30710C860C86840F00040C860C86810F0004FB8
:201E800000D0CA60C8684FF0030C6CF30300C860C86840F00040C860886A10F0004F00D067
:201EA0008A62886A6FF300008862886A6FF359608862886A40F000408862486910F0004FB5
:201EC00000D04A61886910F0004F00D08A6148696FF30000486188696FF3410088614869A2
:201EE00040F000404861886940F000408861204630BC704700B50AF0F0FA05F05DFE10F08D
:201F000035FB0021B52010F051FF0021342010F04DFFFFF76EFF72B600BDF0B44FF6F076F3
:201F2000C0F2040600253246331D1078D1789478C1EA00605178240200EB01402118B1F516
:201F4000002F01D3012022E006F10804207891F800C0604501D0012019E01878D9789F78EF
:201F6000C1EA006059783F0200EB01403918B1F5002F01D301200AE006F10904207891F8EE
:201F800000C0604501D0012001E000252846F0BC704710B504466168884710BD00B50AF0F0
:201FA000ACFA00BD30B441F6B472C2F2000200219068436800210BE0C1EB810002F10C0CBF
:201FC0000CEBC0000078032800D104E0481CC1B290798142F0D39079814201D3002016E0D6
:201FE000C1EB810002F10C0C0CEBC000806883420AD3C1EB810002F10C0C0CEBC004E0682D
:20200000A4682044834201D3002000E0012030BC704700BF00FE002070B505460E4600BF93
:2020200000BF002404F01AFC0246144670BD70B505460E4600BFAA68101D04F022FC0246C8
:20204000144634B902F075FE4FF4FA6001F078FD08E0022C03D1312001F024FD02E0222060
:2020600001F020FD00BF70BD2DE9F04D82B08346019100BF062704F0BFFE02460092DBF83C
:202080000820101D03F096F8024615462846FFF799FC02461546DBF8082002F1080003F042
:2020A00089F80246164600243FE0C4EB840241F6C073C2F2000303EBC2029068FFF782FC44
:2020C0000246924655452ED3EA43B2422BD3C4EB840241F6C073C2F2000303EBC202D268E4
:2020E000524495421FD2C4EB840241F6C07CC2F2000C0CEBC202D26873195244934212D844
:20210000C4EB840241F6C073C2F2000303EBC202D268964207D8002E05D9204604F0D7FB8E
:202120000246174608E0621CD4B241F6B473C2F200039A799442B8D33A1C05D0023A023AE2
:202140004CD9022A4ED051E041F6E053C2F2000303EBC402D278072A23D1002409E041F657
:20216000E053C2F2000303EBC40200231370621CD4B241F6B473C2F200039A799442EED358
:2021800048F6B431C0F201010868FFF71BFC0246154648F6B43CC0F2010C9CE84800F21A83
:2021A000561C3146284604F06AFD02F0C2FD4EF6602001F0C5FC41F22C12C2F20002566168
:2021C00041F22C12C2F20002156101F027FB0028FBD104F05FFD60B102270AE0222001F0B4
:2021E00061FC06E0312001F05DFC02E0722001F059FC02B0BDE8F08D30B504460D46294682
:20220000204601F0D4FA0022104630BD2DE9F04C84B006460F4692469B46002448F2781569
:20222000C0F20105D5F800E0EC46CCF800E0D5F804E0CCF804E0D5F808E0CCF808E0ED6854
:20224000CCF80C5004F0E2FD844665466B465A46514605F5947001F074F93A46314668462D
:2022600002F087FF012800D0012400BF204604B0BDE8F08C30B404460D4630BC704710B4E6
:20228000044610BC704730B404460D4630BC704710B404464FF0FF31216010BC70472DE9B6
:2022A000F00404460D461646002310E0D4F800A0EF5C48F2881CC0F2010C87EA0A073F0603
:2022C000BF0D5CF8077087EA1A2727600133B342ECD3BDE8F004704710B404462168C94353
:2022E000216000BF10BC704700002DE9F04D83B083468A46002640F2E052C2F2000215683F
:20230000FEF7D8F8024617463C2F44D9B42F42D200243EE004EB840205EB820252885A4530
:2023200035D104EB840205EB820252680192EA68013A03D307D0022A0AD00EE0019A42F066
:20234000004201920AE0019A42F04042019205E0019A42F08042019200E000BFDAF808203C
:202360008DF80220DAF80020029204EB840205EB82021288ADF80020694604EB840205EBD4
:202380008202107A0BF026FB0246164603E0621CD4B2002CBED03246104603B0BDE8F08D2B
:2023A0002DE97041064640F2E051C2F200010D6800241AE004EB840105EB81010988B142F5
:2023C00011D104EB840105EB8101096951B104EB840105EB81010A6904EB840105EB810182
:2023E0004888904703E0611CCCB2002CE2D0BDE870812DE9700105460C460122D5F810C000
:202400006E680CEA06030CEA0406B3422ED1EB68052B2AD80FF20408D8E803F003080D1581
:202420001A22B4F1004F00D300221FE0B4F1404F00D300221AE0B4F1004F03D3B4F1404F57
:2024400000D2002212E0B4F1004F00D200220DE0B4F1004F03D2B4F5806F00D3002205E086
:20246000B4F1804F00D2002200E000BF00BF1046BDE87001704700002DE9F04D82468B4687
:2024800040F2DC52C2F2000215680126FEF712F8024617463C2F2ED9B42F2CD2002428E05F
:2024A000DAF80010C4EB840205EBC200FFF7A1FF024616469AF80430C4EB840205EBC2026A
:2024C000127A9A4213D196B9C4EB840205EBC20252695AB1C4EB840205EBC202536959466E
:2024E000C4EB840205EBC2025088984703E0621CD4B2022CD4D3BDE8F08D000010B4044650
:2025000000BF10BC7047000000002DE9F04D81B004460D461E46ADF80220376805F1080B85
:202520000BEB041CDCF804A0D6F808B0BDF8028005F1080E0EEB041CACF8008005F1080EFB
:202540000EEB041CD6F808E0CCF80CE05A463946504602F0E4FD01B0BDE8F08D00000000A1
:20256000F0B504460D4616462378ABB933462A462146A078FFF7C9FF63780BB90123637002
:20258000A378013313F00103A370A37894F803C0634501D101232370F0BD2DE9F04481B00F
:2025A00005460C4600228DF8022000228DF8032022681278022A0AD1226852783E2A06D13D
:2025C00022689278802A02D101F0A7FA3EE00DF103030DF102022146284600F042FA0246EB
:2025E000164640F21C67C2F20007BA46FF2E2DD09DF8022002F0F002003A06D0103A04D01C
:20260000103A1DD0102A1BD01FE02246294640F2E450C2F20000FFF7A3FFDAF82420052A91
:202620000DD106EB8602920048F21863C0F201030B21D05A01F02FF9384600F0DFF905E0AC
:202640002146284600F006F800E000BF01B0BDE8F08400002DE9F04D84B082460C4600228B
:202660008DF8062000228DF807200DF107030DF106022146504600F0F4F9024617469DF8BF
:202680000750FF2F00F014819DF8062002F0F002003A08D0103A2CD0103A00F08C80102AB9
:2026A00000F0A48003E19DF80660A3686A1C9A1AB2421DD3E6B107EB870248F21863C0F285
:2026C000010303EB8202A3681269934210D80095F3B2224607EB870C48F21860C0F20100B5
:2026E00000EB8C0140F21C60C2F2000000F070FADEE0A268082A5DD3BAF1000F5AD107EBA5
:20270000870248F21863C0F2010303EB8202A368126993424ED822689DF806302A440132DC
:2027200012781B071B0D9E18AA1CD5B2E6B9D4F800C005EB0C0203321CF805301278C2EAE5
:20274000036205EB0C0301331B7842EA034205EB0C0302331B781B0243EA02062A1DD5B2F6
:20276000B6F5805F00D20026A268082A06D19DF80720C2F1080292B296421BD3A268082A05
:2027800007D9A2689DF80730D21A013A92B2964210D300953346224607EB870C48F21860B0
:2027A000C0F2010000EB8C0140F21C60C2F2000000F070FA7CE040F21C63C2F200035A6AAA
:2027C000052A12D1BAF1000F0FD12B46224607EB870C48F21860C0F2010000EB8C0140F2E0
:2027E0001C60C2F2000000F0BCFA61E040F21C63C2F200035A6D062A58D1A268032A55D3DB
:20280000BAF1000F52D19DF8062012F00F0F10D12B462246C7EB870048F2406CC0F2010C68
:202820000CEBC00140F21C60C2F2000000F062FB3CE09DF8062012F00F02012A1DD1062206
:2028400040F21C63C2F200035A6540F21C63C2F20003DA6DFF2A29D84FF47A7000F003FD5B
:2028600040F21C62C2F20002908640F21C63C2F20003DA6D0132DA6518E09DF8062012F006
:202880000F02022A12D1C7EB8702D20048F24063C0F201030121D05A01F02FF840F21C6165
:2028A000C2F2000101F1300000F0C0F800E000BF04B0BDE8F08D2DE9F0410746FF2540F23A
:2028C0001C64C2F20004002614E0C6EB860148F24062C0F2010202EBC1014988B94207D18A
:2028E000616D083902D00439032901D8354603E0711CCEB2002EE8D0FF2D35D0616D0F292D
:2029000031D80FF20808D8E801F0C0462E2E2E2E2E2E2E2E092E2E2E19092219C5EB850150
:20292000C90048F24062C0F20102885A002100F0E4FF04F1300000F079F85BE006216165B9
:202940004FF47A7000F08FFC0146A18652E094F8311084F85810962000F085FC0146A186E9
:202960000921616546E045E0384600F033FC01460D46FF2D3ED0616A022908D105216162F3
:202980004FF47A7000F06FFC0146A18032E0616A042911D105EB8501890048F21862C0F2F6
:2029A0000102885A012100F076FF40F21C60C2F2000000F023F81DE0616A112909D101F071
:2029C00008F9E16A4FF448724A60204600F016F810E005EB8501890048F21862C0F2010248
:2029E000885A012100F057FF40F21C60C2F2000000F004F800BFBDE8F081000010B404465C
:202A0000002121700021A1800021A1600021A181002121610021A1820021A1770021218477
:202A2000002161840021616210BC704710B40446002121700021A1800021A1600021A181C2
:202A4000002121610021A1820021A1770021218400216162002184F828100021E16210BCA7
:202A600070472DE9F04F83B08A4693461F4648F2186CC0F2010CADF80A00FF26012500246E
:202A800048E0BDF80A8004EB840E0CEB8E0EBEF802E0C6453AD104EB840E0CEB8E0EDEF823
:202AA00004E0BEF1010F0ED14FF0000E87F800E0DAF800E097F8008018F80EE08BF800E0C6
:202AC0002646002522E004EB840E0CEB8E0EDEF804E0BEF1000F19D1DAF8008004EB840E1A
:202AE0000CEB8E0E9EF808E098F80080C6450DD14FF0010E87F800E0DAF800E097F800805E
:202B000018F80EE08BF800E02646002504F1010E5FFA8EF4022C01D2012DB2D0FF2E52D1E3
:202B2000012500244CE0BDF80A80C4EB840E48F24069C0F2010909EBCE0EBEF804E0F04561
:202B40003AD104EB840E0CEB8E0EDEF804E0BEF1010F0ED14FF0000E87F800E0DAF800E0A0
:202B600097F8008018F80EE08BF800E02646002522E004EB840E0CEB8E0EDEF804E0BEF1D5
:202B8000000F19D1DAF8008004EB840E0CEB8E0E9EF808E098F80080C6450DD14FF0010E11
:202BA00087F800E0DAF800E097F8008018F80EE08BF800E02646002504F1010E5FFA8EF424
:202BC0000CB9012DAFD000BF304603B0BDE8F08F2DE9F04F82B00E4693461F4601909DF838
:202BE0002CC00CF1010C5FFA8CFA019D022F14D1DBF8004014F80A403E2C0ED1DBF8004087
:202C0000544401342478802C07D1B6F802C0BCF1010F02D100F081FF39E06C6A013C02D356
:202C200029D0042C32D1D5F824C0BCF1050F09D10B21308800F02FFE40F21C60C2F20000B9
:202C4000FFF7DCFE00240DE0DBF800E004EB0A0818F80EE005F1160C0CF804E004F1010CDF
:202C60005FFA8CF4BC42EFD3AF772F613046019900F0A2F90BE00121308800F00CFE40F279
:202C80001C60C2F20000FFF7B9FE00E000BF02B0BDE8F08F2DE9F04D81B007460E469246E5
:202CA00000933C46656A013D02D34BD0042D54D1D4F824C0BCF1050F09D10B21308800F08D
:202CC000EAFD40F21C60C2F20000FFF797FE9AF808509DF824C0A5EB0C05A57700250FE0EC
:202CE000DAF800B09DF8248005EB080E1BF80EB004F1160C0CF805B005F1010C5FFA8CF595
:202D000094F81EC06545EBD3DDF800C0C4F810C04FF0010C84F800C0DAF808C0C4F828C0FA
:202D2000002000F0A0FA8446A4F804C03946304600F069F98446E3465A463946304600F000
:202D4000ADF90BE00121308800F0A5FD40F21C60C2F20000FFF752FE00E000BF01B0BDE8D9
:202D6000F08D2DE9F04F86B08A4616469B4605904FF0000C8DF801C0059CD4F810C0A78AAA
:202D8000ACEB070CCDF804C0356815F80B5005F00F0C8DF803C04FF0010C8DF802C0D6F842
:202DA00008C0A76ABC450CD2DDF804C00CF10105D6F808C0ADB2AC4503D24FF0000C8DF834
:202DC00002C09DF802C0BCF1010F40F0908094F800C09DF80380E0450BD00521BAF80000A1
:202DE00000F059FD40F21C60C2F20000FFF706FE7DE0257801352570257815F00F05257021
:202E0000A56ADDF804C0013DA5EB0B05ADB2AC4508D8DDF804C05FFA8CF74FF0010C8DF8B6
:202E200001C004E0A56A013DA5EB0B05EFB2002518E0D4F808C0B4F80CE0D6F800800BEBD2
:202E40000809A944DCF800C099F801800CF80E80B4F80CC00CF1010CA4F80CC005F1010C4F
:202E60005FFA8CF5BD42E4D3B4F814C0BC44A4F814C0B4F820C00CF1010CA4F820C09DF82B
:202E800001C0BCF1010F1AD14FF00B0CC4F824C0BAF800C0A4F822C0DDF81480D8F854C096
:202EA000BCF1000F23D10021BAF8000000F0F3FC40F21C60C2F20000FFF7A0FD17E0D4F8F8
:202EC00028C0D6F808E0F4450AD00121BAF8000000F0E1FC40F21C60C2F20000FFF78EFDBD
:202EE0004FF47A7000F0BFF98446A4F804C006B0BDE8F08F2DE9F04C81B0834615461F46ED
:202F0000009107F1020C5FFA8CF607F1010C5FFA8CFA0BF13004D5F800C01CF80AC0A4F824
:202F200002C0B4F802C0BCF1000F03D14FF6FF7CA4F802C0D5F800C01CF806C0BCF17F0F11
:202F400006D9D5F800C01CF806C0BCF1F10F06D3D5F800C01CF806C0BCF1F90F04D94FF06D
:202F60007F0C84F801C015E0D5F800C01CF806C0BCF17F0F04D94FF0010C84F801C009E0A3
:202F8000D5F800C01CF8060000F06DF900F1010C84F801C094F801C084F828C0962000F0A2
:202FA00062F98446A4F804C04FF0090CC4F824C000BF01B0BDE8F08CF0B505460E46344649
:202FC0002146284600F038F80246174687B90B2262622A886284726DA2B90021288800F093
:202FE0005AFC40F21C60C2F20000FFF707FD09E00121608C00F04FFC40F21C60C2F200008B
:20300000FFF7FCFCF0BDF0B507460E4634462146384600F011F80246154615B9012262621F
:2030200007E0012D03D13046FFF7E8FC01E0032262622A461046F0BDF0B506460C460125B1
:20304000A2683AB904F108022169308800F0FCFB02461546A268DAB1A268A38992689A4207
:2030600016D90025002210E0A36804F1160CA7891B681CF802C003F807C0A38A0133A38237
:20308000A3890133A381531CDAB2A37F9A42EBD32B461846F0BD0000000000002DE9F04F24
:2030A00086B007468B4615464FF0000A5E4601AB039300230593002410E0C4EB840348F2F3
:2030C000406CC0F2010C0CEBC303B7F80AC05B889C4501D1A24603E0631CDCB2002CECD0F9
:2030E0007B68012B13D07B688BB9DDF80CC0DDF814E0CAEB8A0348F24069C0F2010909EB78
:20310000C3031B7C0CF80E30059B01330593F5B9039BDDF814C04FF0300E03F80CE0059BAB
:2031200001330593039BDDF814C04FF0000E03F80CE0059B01330593039BDDF814C04FF056
:20314000000E03F80CE0059B0133059316E0022D0AD1039BDDF814C04FF0310E03F80CE062
:20316000059B0133059309E0039BDDF814C04FF0320E03F80CE0059B0133059303A800F046
:203180001AF803A97889FFF7B0F84FF47A7000F06AF80346B38015B90223736208E0032DF7
:2031A00002D10423736203E0022D01D11123736206B0BDE8F08F10B4044606E02168A268F2
:2031C00000238B54A1680131A160A1680829F5D310BC7047F0B40546FF23FF22002110E0E9
:2031E000C1EB810448F2406CC0F2010C0CEBC4046488A54201D10A4605E001F1010C5FFA08
:203200008CF10029ECD0FF2A28D0002124E001EB810448F2186CC0F2010C0CEB84046489AC
:20322000A54215D101EB810C48F21866C0F20106C2EB820406EB8C0648F2406CC0F2010C7C
:203240000CEBC4047688A488A64201D10B4605E001F1010C5FFA8CF10229D8D300BF1846CD
:20326000F0BC7047000010B40446611C89B2084610BC7047F0B404460D46164600230DE0A7
:203280005F1901373F78802FEF5C2CBF4FF0010C4FF0000C0CEB4707F7540133A4F1010CE5
:2032A0006345EDDBA4F1010C0CEB0607AC449CF800C04FEA4C0C87F800C0F0BC70472DE96B
:2032C000F00C05460E4617469C46002408E017F804A016F804B08AEA0B0A0CF804A001342D
:2032E000AC42F4DBBDE8F00C70472DE9F044D8B007460C461646012548F25863C0F201031B
:20330000D3F800C0CDF830C1D3F804C0CDF834C1D3F808C0CDF838C1DB684F9350A8102283
:20332000002101F015FF48A81022002101F010FF02A84FF48C72002101F00AFF394602A8F5
:203340008022FDF7E4F803461D4654AD50AB8DE8280048AB02A810220121FEF721FA03466C
:203360001D469DF85031802B05D2224654A91020FFF780FF0AE0224654A91020FFF77AFF5A
:2033800023464CAA21461020FFF799FF2378802B05D2324621461020FFF76CFF0AE03246BA
:2033A00021461020FFF766FF33464CAA31461020FFF785FF2B46184658B0BDE8F084F0B4F7
:2033C00006460C461546002315E0AB4204D216F803C004F803C00AE0AB4204D14FF0800C12
:2033E00004F803C003E04FF0000C04F803C003F1010C5FFA8CF3102BE7D3F0BC70472DE9DA
:20340000F04DDDB007468A469B4602924DA81022002101F09DFE07F10F0C4FEA1C1515B931
:203420000125002605E017F00F0F01D1012600E0002646B1659A51AB681E0AEB0011102089
:20344000FFF73DFF0DE007F00F024DA96B1E0AEB0310FFF7B4FF51AB4DA91020669AFFF7FD
:203460002EFF002409E00DF5B27C4FF0000E0CF804E004F1010C5FFA8CF4102CF3D30024AC
:2034800026E055AB0AEB041259A91020FFF717FF49A81022002101F05BFE03A84FF48C7263
:2034A000002101F055FE594603A88022FDF72FF80DF5B27E0DF5AA7C8DE8005049AB03A8E2
:2034C00010220121FEF76CF904F1010C5FFA8CF4A5F1010C6445D4D355AB51AA59A9102043
:2034E000FFF7EDFE49A81022002101F031FE03A84FF48C72002101F02BFE594603A8802274
:20350000FDF705F80DF5B27E0DF5AA7C8DE8005049AB03A810220121FEF742F900240BE069
:203520000DF5B27CDDF808801CF804C008F804C004F1010C5FFA8CF4102CF1D35DB0BDE8D5
:20354000F08D2DE9F04C8AB005460E4617469A46002448F2686CC0F2010CDCF800E0CDF81C
:2035600018E0DCF804E0CDF81CE0DCF808E0CDF820E0DCF80CC0CDF824C048F2786CC0F240
:20358000010CDCF800E0CDF808E0DCF804E0CDF80CE0DCF808E0CDF810E0DCF80CC0CDF87E
:2035A00014C002AA06A92846FFF79FFE0DF1080E0DF1180C8DE800502B46524631463846E2
:2035C000FFF71DFF00BF20460AB0BDE8F08C2DE9F04D81B006460F4694469A46BAF1010F3F
:2035E00002D14FF6FF7400E06446002513E016F805E08EEA242B4FEA0B6B4FEADB5B48F28C
:20360000886EC0F2010E3BF80EB08BEA042B1FFA8BFB5C460135BD42E9D300BF00BF204648
:2036200001B0BDE8F08D70B4044642F20001C4F20301012294B30B69D4F80CC06CF3000382
:203640000B610B69D4F808C06CF382030B610B6913F0010F06D1CB68D4F804C06CF30F0314
:20366000CB6001E06368CB60636923B90B6943F0C0030B6105E00B694FF0020C6CF387132B
:203680000B610B69D4F810C06CF305130B610B6943F002030B6123688B60002200BF104606
:2036A00070BC704700B548F69000C0F20100FFF7BAFF002000BD2DE9F04D83B084460E46C1
:2036C000964642F20005C4F2030502930024BEF1010F07D12F6947F002072F61DDF8088002
:2036E000C5F808802F696FF341072F611DE004EB0C0701373F781CF804A04AEA072704EBBC
:203700000C0A0AF1020A9AF800A047EA0A4704EB0C0A0AF1030A9AF800A04FEA0A6A4AEAB8
:20372000070BC5F808B00434043E042EDFD205E01CF804A085F808A0013E0134002EF7D872
:203740002F69BF06BF0F0FB1012F04D1D5F808801FFA88FA03E0D5F808804FEA184A00BFF7
:20376000504603B0BDE8F08D00B500200CF086FE00BD30B404460D4625646A6AA260AA6AD8
:20378000E260EA6A22612A6B62616A6BA261AA6BE261EA6B226205F1400262626A6CA262D9
:2037A00005F14802E262EA6C226330BC7047F0B506460F4640F27435C2F2000540F2BC64DB
:2037C000C2F2000429462046FFF7D3FF07206063214600200CF076FE05463A463046216AE7
:2037E00001F09DFC2846F0BD10B540F24074C2F20004022000F0BFF8002000F0EDF800F013
:203800003DFB04F5E670A06004F13C00E06100F088F800F0A4F800F057FB10BD4DF8048DCE
:2038200040F24071C2F2000148695DF8048B704710B50446204600F09EF810BD00B500F037
:2038400037FB00F044FA00BDF0B405460E46174640F24074C2F200040023D4F800C0BCF1B1
:20386000000F13D1CC2D01D0FF2D0FD1B6F5006F0AD84FF0010CC4F800C0A580266104F11A
:20388000080CC7F800C002E0032300E0012300BF1846F0BC704770B505460E4640F240745F
:2038A000C2F20004206801280AD12EB9A088854202D100F0A7F903E000F051F800F031F856
:2038C00070BDF0B506460F4640F24075C2F2000500246A69022A08D12A8B964205D105F180
:2038E0001C023A6001226A6104E000F038F800F018F8012422461046F0BD70B505460E46CA
:2039000040F24074C2F2000446B9228B954205D194F82D2012B90022626101E000F001F85D
:2039200070BD30B540F24074C2F2000425460020A06200206061002084F82C00012084F804
:203940002D0000F036FA00F00EFA94F8CC09012802D100F0E5F901E000F0DFF830BD2DE94C
:203960000041002040F24071C2F20001086000F03BF9BDE800812DE91001044641F20C11DB
:20398000C2F200010C70BDE8100170474DF8048D41F20C11C2F2000108785DF8048B704793
:2039A0002DE9F00104460D46002300220DE041F20C1CA75CC2F2000C9CF800C0BC4500D1ED
:2039C000012302F1010C5FFA8CF2AA42EFD300BF1846BDE8F00170472DE91001044641F230
:2039E0000C11C2F200010C71BDE8100170474DF8048D41F20C11C2F2000108795DF8048BCB
:203A0000704710B40446012141F21413C2F2000353F82420002A00D9002100BF084610BC22
:203A200070472DE9F00104460D46002300220DE041F20C1CA75CC2F2000C9CF804C0BC4582
:203A400000D1012302F1010C5FFA8CF2AA42EFD300BF1846BDE8F001704730B404460D4601
:203A6000A20041F21413C2F200039D5030BC70472DE91001044641F20C11C2F200014C80C1
:203A8000BDE8100170472DE90041012040F24071C2F2000181F82D0000F0BDF9FFF75FFF09
:203AA000BDE8008170B5064640F24074C2F20004E569782E02D0012184F82D107F212970F7
:203AC000A16809786970AE700321616200F0A3F994F82D10012901D1FFF741FF70BD70B5A5
:203AE00005460E461446ADB9CC2E0BD0FF2E0DD1112C0BD0122C09D0312C07D07E2C05D0A5
:203B00007F2C03D02046FFF7CDFF03E0FFF727FFFFF707FF2B46184670BD10B440F240745E
:203B2000C2F2000494F8CC09012802D041F28830E08510BC704700B5012000F00CF800BD17
:203B40002DE91001044640F24071C2F200018C63BDE8100170472DE91001044640F24071AC
:203B6000C2F200010C86BDE81001704730B540F23C75C2F2000505F120042068502101708C
:203B800020680221417020680021817020683221C1702068012101712068F4214171062092
:203BA000A06000202860FFF76EFFFFF7B6FF30BD2DE90041002040F23C71C2F200010860EF
:203BC000FFF7ABFFBDE8008140F24070C2F2000070474DF8048D002040F24071C2F2000144
:203BE00048615DF8048B7047002007E040F60C11C2F20001FF220A54411C88B2B0F5006F48
:203C0000F4D3704710B540F24074C2F20004022020603220FFF79FFF00F0B1F800F080F83A
:203C2000012084F82C00002084F82D0010BD2DE9F04C40F24074C2F20004002548F61016AC
:203C4000C0F20106002715E0A0683178007881420DD1A088CC2802D17078C00705D4A08826
:203C6000FF2803D17078800700D5A66204E01836781CC7B20A2FE7D3A06AF8B1A06A0069A5
:203C8000E0B1A06A81784068FFF78AFE8246A06A017AC068FFF7C5FE8346BAF1000F01D1E7
:203CA0007F250CE0BBF1000F01D1332507E0A06A026904F114012046904700E0112525B100
:203CC0002A460020A188FFF70AFFBDE8F08C30B581B040F24074C2F200046069F0B994F859
:203CE0002C00012805D1002084F82C00FFF79FFF14E094F82D0088B90DF1030002F083FFDA
:203D00000546012D0AD1A06A406938B1A06A04F11402214643699DF80300984701B030BD76
:203D20004DF8048D002040F24071C2F20001C8855DF8048B704730B540F24074C2F200048A
:203D4000E08D78B12146C88D0138C885E08D48B9FDF7DFFD0446FEF7E0F8054614B90DB958
:203D6000FDF7E7FD30BD4DF8048D6FF0FE0040F24071C2F2000148635DF8048B704710B4A9
:203D800040F24074C2F200040020606341F28830A06310BC704710B440F24074C2F20004CF
:203DA000606B002803DB2146486B0130486310BC70474DF8048D002040F24071C2F200012B
:203DC00008865DF8048B704730B540F24074C2F200040025208EE8B1208E01382086208E90
:203DE00010B9606900B90125606B00280DDB606BA16B884209D2012D0CD17820FFF752FE12
:203E000041F28830FFF7A7FE04E01020FFF74AFEFFF7A9FF30BD10B540F24074C2F20004DC
:203E200002206061AA20208304F11C01208B04F061FA00BF10BD70B541F21415C2F2000560
:203E400002F0DFFF0646002415E055F8240000280FD9A10068580138685055F8240040B9F0
:203E600056F82400022804D3A0000021315002F04EFF601CC4B2002CE7D070BD4DF8048D76
:203E8000002041F20C11C2F2000148805DF8048B704710B541F20E14C2F20004208830B13F
:203EA000208801382080208808B9FDF742FD10BD00B5FFF7C0FFFFF73EFFFFF785FFFFF70B
:203EC0006AFFFFF7E6FF00BD4DF8048D41F22C10C2F20000012141710021017100210160FF
:203EE000002181710021C160002141F21812C2F20002117000210161002141610021816070
:203F0000002101765DF8048B70472DE9F04F82B007460D4601228DF8002000228DF80120B7
:203F200000264FF0000BBA68527812F0800202D000228DF80020BA68527812F07F028DF814
:203F400002204FF0000A1CE048F60023C0F2010303EB0A129DF80230127893420DD14FEA9C
:203F60000A1248F60023C0F2010302EB030B9DF8026001228DF8012006E00AF101025FFA16
:203F800082FABAF1020FDFD30220396900F0F5FE02461446012C07D11222B9889DF80100DE
:203FA000FFF79DFD02461446012C0ED19BF80110DBF80400FFF7F4FC0246144620467E22BA
:203FC000B988FFF78CFD02461446012C05D10220396900F0C5FE02461446012C07D19BF8CB
:203FE0000810DBF80C0000F0D5FE02461446012C65D1002241F21813C2F200031A70002021
:20400000FFF7EAFCFFF7C2FC02468DF803203046FFF7B1FC02F0FFFE9DF80020012A3CD12B
:20402000AA6850231370BB68AA685B785370022E20D1AA6800239370AA683223D37002F0B8
:20404000F6FB002241F22C13C2F200039A60002241F22C13C2F200031A71002241F22C13C0
:20406000C2F20003DA60002241F22C13C2F200039A7107E0012E05D1AA6800239370AA68C3
:204080003223D370AA6801231371AA68F423537106222A61FFF7F7FC03E0FFF760FCFFF71A
:2040A00040FC9DF80320022A05D1012E03D13220FFF7DEFC03E0022E01D1FDF753FE02B009
:2040C000BDE8F08F2DE9F04D82B0074601914FF0000A01244FF0010B0026BA68527812F08B
:2040E000800201D04FF0000BBA68527812F07F028DF80320002515E048F62023C0F20103BB
:2041000003EB05129DF803301278934208D12A0148F62023C0F20103D6184FF0010A03E01D
:204120006A1CD5B2002DE7D0BAF1010F0CD171787068FFF735FC0246144620467E22B98825
:20414000FFF7CDFC02461446012C05D10220396900F013FE02461446012C06D150461222C6
:20416000B988FFF7BCFC02461446012C03D100F037FE02461446012C05D10220396900F02F
:20418000EFFD02461446012C05D1317AF06800F001FE02461446012C18D1BBF1010F0ED149
:2041A000019B9A6851231370019B9A689DF803305370019B02221A61FFF765FC03E0FFF7D6
:2041C000CEFBFFF7AEFB2320FFF752FC02B0BDE8F08D2DE9F04F90B007460391002600225E
:2041E0008DF80320002202924FF0000B0320396900F0C3FD02461446012C09D13A69D2077D
:2042000006D413220020B988FFF769FC024614463A69013A520802923A69013A52080C2AF7
:2042200007D33A69013AD20703D41320FFF73AFC0024012C4AD100244FF0000A43E0BA6899
:20424000013202EB4A0212781202ADF80620BA68BDF80630023202EB4A0212781A44ADF882
:204260000620002521E0C5EB850248F63023C0F2010303EB8202BDF806301288934213D1C4
:204280004FEA8B030DF1100CC5EB850248F6302EC0F2010E0EEB82024CF803200BF10102C6
:2042A0001FFA82FB012402E001350C2DDBD3012C07D031220020B988FFF711FC02461446E7
:2042C00004E00AF1010A029A9245B8D3012C11D100250DE0012C09D104AB53F82520917886
:2042E000506800F057FD0246144600E002E001355D45EFD3012C03D100F072FD02461446C2
:20430000012C4CD100253AE004AB53F8252092682AB3039B9A680DF1100C3244531C5CF80B
:204320002520128812121A70039B9A680DF1100C3244931C5CF8252012881A70039804AB0A
:2043400053F82520836801A93344D81C9268904702468DF80320BDF80420324496B29DF8E0
:2043600003200AB100240CE0B21C96B2B6F5C87F04D31420FFF796FB002402E001355D45D7
:20438000C2D3012C0BD19DF8032042B9039B9A6862231370039B721C1A61FFF774FB10B058
:2043A000BDE8F08F2DE9F04E82B00746019100BF00228DF803200025BA6852784FEA022A75
:2043C000BA68927852441FFA82FA002614E048F6DC23C0F2010303EB06121288924509D128
:2043E000320148F6DC23C0F20103D51801228DF8032003E0721CD6B2022EE8D30420396935
:2044000000F0BBFC02461446012C07D13122B9889DF80300FFF763FB02461446012C06D128
:2044200039696A88D01C00F09BFC02461446012C05D12979A86800F0ADFC02461446012CB6
:2044400003D100F0CDFC02461446012C18D1EA683AB1EB686988BA68D01C98470246934688
:2044600001E04FF0010BBBF10B0F03D12220FFF719FB05E0BBF1000F02D07220FFF712FB23
:2044800002B0BDE8F08E2DE9F04F82B00746019100228DF801200025BA6892F801B0002671
:2044A00023E0C6EBC60248F6C023C0F2010303EB8202127893450AD0C6EBC60248F6C02361
:2044C000C0F2010303EB8202927893450BD1C6EBC602920048F6C023C0F20103D518012204
:2044E0008DF8012003E0721CD6B2002ED9D00220396900F042FC02461446012C07D1122279
:20450000B9889DF80100FFF7EAFA02461446012C3BD1287900F06CFC02468DF803202A7884
:2045200093451FD14FF0020A5046396900F018FC02461446012C0DD19DF80300FFF761FA96
:2045400002468DF802209DF802201AB93720FFF7A9FA0024012C18D139462846019A00F040
:2045600061FC12E0AA7893450FD1EA7802F1020A5046396900F0F4FB02461446012C04D1F6
:2045800039462846019A00F0B0FC02B0BDE8F08F2DE9F04F81B005460E4600228DF8022033
:2045A0000027AA6892784FEA022BAA68D2785A441FFA82FB4FF0000A1AE00AEBCA0248F680
:2045C000FC23C0F2010303EB8202128893450BD10AEBCA02920048F6FC23C0F20103D718F1
:2045E00001228DF8022006E00AF101025FFA82FABAF1030FE1D30420296900F0BEFB024620
:204600001446012C07D13122A9889DF80200FFF766FA02461446012C0CD13979B868FFF756
:20462000BFF90246144620463122A988FFF757FA02461446012C06D1397B386900F0AAFB5F
:20464000024614460124012C13D1AA6852788DF803209DF80320397DB86900F0ABFB024691
:20466000144634B912220020A988FFF738FA02461446012C06D129697A88101D00F070FB84
:2046800002461446AA689278FF2A02D1AA68D2783AB1AA689278022A04D1AA68D278062A70
:2046A00000D10124012C36D1B26871231370AB68B2685B785370AB68B2689B789370AB6886
:2046C000B268DB78D370AA689278FF2A0DD1AA68D27852B9AB68B2685B785370B268FF23A1
:2046E0009370B2680023D37011E0AA689278022A0DD1AA68D278062A09D1AB68B2685B78BA
:204700005370B26802239370B2680623D37031462846FA69904701B0BDE8F08F2DE9F04FC5
:2047200084B00646039148F6683AC0F2010A0520316900F022FB02461446002241F22C13C6
:20474000C2F2000383F8242000228DF80320012C2DD1B26892F801B0B26892788DF80120CF
:20476000002518E00AEBC5021278934511D10AEBC5029DF80130527893420AD101228DF878
:204780000320EA0048F66833C0F2010303EB020A03E06A1CD5B2022DE4D39DF8032032B90A
:2047A00031220020B188FFF79AF902461446012C05D10B20316900F0D3FA02461446012CCE
:2047C0004CD1B268D01C00F0F5FC024617463846FDF7F8F802461746B268D01D00F0EAFC4C
:2047E000024602923846029902F009F902468DF802209DF80220052A04D13120FFF752F994
:2048000000242BE048F66830C0F2010000EBC5029178506800F0BEFA012801D000241DE0AA
:204820009DF80220022A0CD041F22C13C2F200039A6832B941F22C13C2F200039A79012A3C
:2048400004D12220FFF72EF9002407E09DF80220082A03D17020FFF725F90024012C1FD177
:20486000BBF1000F11D19DF80120442A0DD1B7F55C3F05D1002242F2BC03C2F200031A6036
:204880003046039900F0A9FB0AE0BBF1100F07D19DF80120442A03D13046039900F0D2FB1E
:2048A00000BF04B0BDE8F08F2DE9F04D83B0834641F22C15C2F2000502914FF0000A2E7962
:2048C0000320DBF8101000F058FA02461446012C33D1DBF8082052788DF80320DBF810203D
:2048E000971E02F0A4FA02460192AA79012A08D19DF80320012A04D07320FFF7D3F8002442
:204900001BE09DF80320964217D1019AAAB1019A032A12D0EA68BA420FD1029B9A6876231E
:204920001370029B9A68DBF808305B785370029B02221A61FFF7A7F80024012C14D139462E
:20494000286802F02EF902469246BAF1020F04D12420FFF7A7F8002406E0BAF1050F03D187
:204960007120FFF79FF80024012C09D19DF8032032B9AA79012A03D17320FFF793F80024F1
:20498000012C0DD1FF2E01D1002601E0721CD6B29DF80320964203D07320FFF783F8002465
:2049A000012C21D1DBF81020971E00F0C2F9AA68012A13D1DBF808203946901C02F083F8C1
:2049C0000246924695F8242012B92A683A442A60BAF1000F02D10022AA712E71012C03D117
:2049E000EF600022AA712E7103B0BDE8F08D2DE9F04106460F46012402F019FA022806D1A4
:204A00000120316900F0ACF90246144603E02420FFF748F80024012C1ED102F0DCF80246F9
:204A20001546B5B9002241F22C13C2F200039A60002241F22C13C2F200031A710021084623
:204A4000FDF7EAFA00F075F94FF4FA60FFF778F802E02420FFF726F800BFBDE8F0812DE9F8
:204A6000F04D81B005468B4600274FF0010AAA68527812F0800201D04FF0000AAA685278E5
:204A800012F07F028DF8032000260DE048F60B12C0F2010232449DF803301278934201D159
:204AA000012703E0721CD6B2002EEFD00220296900F063F902461446012C06D13846122290
:204AC000A988FFF70CF802461446012C05D10220296900F045F902461446012C15D1BAF1C4
:204AE000010F0ED1DBF808207E231370AB68DBF808205B7853700222CBF81020FEF7C3FF36
:204B000003E0FEF72CFFFEF70CFF00BF01B0BDE8F08DF0B506460D4614468EB9A3684FF0D1
:204B20006E0C83F800C0AF68A3687F785F70AF68A368BF789F7003232361FEF7A4FF02E04C
:204B40007220FEF7AFFFF0BD2DE9F04D82B083460E4614464FF0000AB36893F802C0DB7873
:204B600003EB0C239FB2002518E005EBC50348F6FC2CC0F2010C0CEB83031B889F420BD1F0
:204B800005EBC50348F6FC2CC0F2010C0CEB830301934FF0010A03E06B1CDDB2032DE4D3FD
:204BA000BAF1010F4CD1DDF804C0DCF820302BB10198036A2246314658469847BBF1000F67
:204BC00024D140F21228B7EB080304D04FF6EE48434514D019E0012341F22C1CC2F2000CB4
:204BE0008CF81830A3684FF0100C83F804C0A3684FF0000C83F805C002F0CAFD25E0A368E5
:204C00004FF0100C83F804C01FE01EE040F21228B7EB080304D04FF6EE48434509D00EE046
:204C2000A3684FF0100C83F804C0A36883F805B00BE0A3684FF0110C83F804C005E004E03A
:204C4000A3684FF0010C83F804C0A3684FF0710C83F800C0D6F808C0A3689CF801C083F84B
:204C600001C0D6F808C0A3689CF802C083F802C0D6F808C0A3689CF803C083F803C040F2D7
:204C80001228B7EB080304D04FF6EE48434503D005E00623236103E00523236100E000BFC3
:204CA000FEF7F1FE02B0BDE8F08DF0B505460E4614466DB9A3684FF0760C83F800C0B76852
:204CC000A3687F785F7002232361FEF7DCFE02E07220FEF7E7FEF0BD2DE9F04181B00546CD
:204CE0000E46144648F6783CC0F2010CBCF80030ADF80230BDB90DF1020000F0DDF9A36853
:204D00004FF0770C83F800C0A3689DF802C083F801C0A3689DF803C083F802C003232361AE
:204D2000FEF7B1FE02E07220FEF7BCFE01B0BDE8F08100B57820FEF7B5FE41F28830FEF710
:204D40000AFF07E002F042FF012801D106F0DCFE06F0D5FEFEF738FF40690028F2D100BD1F
:204D600070B505460E460124AE4203D000241320FEF798FE2246104670BD70B505460E46F6
:204D80000124AE4203D200241320FEF78BFE2246104670BD70B505460E4631462846FEF7CB
:204DA00040FE0246144614B93320FEF77BFE2246104670BDF0B405460E46174600240023B3
:204DC00008E015F803C0674500D1012403F1010C5FFA8CF3B342F4D300BF2046F0BC70475C
:204DE00010B5012414B92220FEF75CFE012010BD30B40446FF2200210EE0C1EBC10348F671
:204E0000C02CC0F2010C0CEB83031B799C4201D10A4603E04B1CD9B20029EED000BF104605
:204E200030BC70472DE9F04D81B00446174641F21815C2F2000500914FF0010AFEF7D7FDE7
:204E400003469B462079FFF7D3FF03461E4623795B4505D1E81C0021627800F079F924E0A3
:204E6000AB1903F1020C9B7801338CF80030AB1902331B78022B10D9AB1902334FF0000C8B
:204E800083F800C042F210713046FEF7E6FD3720FEF708FE4FF0000A07E001232B702378F8
:204EA0006B70E81C636961789847BAF1010F18D1BB684FF0670C83F800C0DDF80080D8F8B6
:204EC00008C0BB689CF801C083F801C06278BB68E91C981C00F023F9637802333B61FEF7F3
:204EE000D2FD00BF01B0BDE8F08D2DE9F04D82B005468B46924641F21817C2F2000701F0CA
:204F000080FF03461E462879FFF772FF03461C463B1902334FF0000C83F800C07B7895F823
:204F200000C0634553D13B78012B50D100233B70FEF774FC0028FBD1D5F818806B78E97815
:204F4000DBF808C0FA1C0CF10200C04703468DF803309DF8033003BB56F8243033B1A300EA
:204F60004FF0000C46F803C001F0D1FE2879FEF733FDDAF808304FF0670C83F800C0DBF895
:204F800008C0DAF808309CF801C083F801C00223CAF81030FEF777FD1CE04FEA840C56F80B
:204FA0000C30013346F80C3001F0B1FE56F82430022B03D23520FEF775FD0BE042F2107167
:204FC0002046FEF74AFD3620FEF76CFD02E02420FEF768FD02B0BDE8F08DF0B506460D46E3
:204FE00041F22C14C2F20004002222760122A271002222710122A260B268D01C00F0DAF8F4
:20500000024622602068FCF7DDFC02462260B268D01D00F0CFF8024617463946206801F04D
:20502000A7FCAA6874231370AA6820235370AA6808239370AA680023D37004222A61FEF72B
:2050400022FDF0BDF0B506460D4641F22C14C2F2000403F02DFE00222276012284F824205A
:205060000122A271002222710122A260B268D01C00F0A0F8024622602068FCF7A3FC024666
:205080002260B268D01D00F095F8024617463946206801F06DFCAA6874231370AA68202383
:2050A0005370AA6808239370AA680023D37004222A61FEF7E8FCF0BD10B5044602F0B4FA8F
:2050C000C0F30721217002F0AFFA0146617010BDF0B405460E4617469C4600BF00BF00BF25
:2050E00000BF00242046F0BC7047F0B405460E4617469C4600BF00BF00BF00BF00242046FC
:20510000F0BC7047F0B405460E4617469C4600BF00BF00BF00BF00242046F0BC70472DE9AB
:20512000F00406460F46944633463C4665460AE03BB134B194F800A083F800A001330134EF
:2051400000E002E0013D002DF2D8BDE8F0047047F0B405460E4617462B463C4605E013B1CC
:205160001E70013300E002E0013C002CF7D8F0BC70472DE9F04C84468A46174601236446F9
:2051800055463E460FB9002310E00DE04CB145B194F800B095F800E0F34502D10134013516
:2051A00001E0002302E0013E002EEFD800BF1846BDE8F08C10B404462278110662781204E8
:2051C0001144A27812021144E278114400BF084610BC70472DE91001044641F25411C2F2FB
:2051E00000010C60BDE81001704710B4044600BF10BC70472DE9F04C064641F25C14C2F290
:20520000000404F1480704F1380A04F1340B012536B90423002211461520FFF759FF00257E
:20522000606B022802D0606B032806D10623002211461520FFF759FF0025012D46D12660C5
:20524000002116E0C1EB8102231D03EB820201239360C1EB8102231D03EB820200231360C8
:20526000C1EB8102231D03EB8202002353604A1C91B2226812889142E4D3002084F845003F
:20528000002084F84400002020640020E0630020A0630020A4F848000020E06402202065F5
:2052A0000020E06500202066002060650020A065002084F86A000020A4F868000020206708
:2052C0000020E0661420606603206063BDE8F08C10B4044600BF10BC70472DE9F04D83B091
:2052E0008A469B4641F25C14C2F20004ADF80A0001920127BDF80A0000F00DFA0546616B6B
:2053000031B90123022200211520FFF7E1FE54E0019830B90423022200211520FFF7D8FE0D
:205320004BE04FF6FF718D4206D102231A4600211520FFF7CDFE40E021684968C5EB8500BC
:2053400001EB400149888A4506D30323022200211520FFF7BDFE30E0BBF1000F0AD0236826
:205360005B68C5EB850003EB40035B880BEB0A01994206DD0523022200211520FFF7A8FE24
:205380001BE0616B022912D0616B03290FD0A4F84850C4F85CA0C4F860B00198606501212A
:2053A000E1640221216502216163002705E00623022200211520FFF798FE384603B0BDE807
:2053C000F08D2DE9F04C82460F4641F29014C2F2000404F1140B0125504600F09CF90646B1
:2053E000206830B90123032200211520FFF770FE28E037B90423032200211520FFF768FE43
:2054000020E04FF6FF70864206D10223032200211520FFF75DFE15E0206802280CD020683D
:20542000032809D0A6820220A0610220E061676202202060002505E00623032200211520A1
:20544000FFF753FE2846BDE8F08C2DE9004141F29011C2F20001086828B9012304220021DA
:205460001520FFF735FEBDE800814DF8048D41F29011C2F2000108685DF8048B704730B559
:2054800041F29015C2F200050124286830B90123062200211520FFF71BFE00E0EC69204691
:2054A00030BD2DE9F044074641F29014C2F2000404F1140A0025384600F02DF90646206839
:2054C00030B90123072200211520FFF701FE01254FF6FF70864206D102230722002115202E
:2054E000FFF7F6FD01252068022802D02068032806D10623072200211520FFF7F6FD0125D8
:205500003DB9A6820320A0610220E0610220206000BF2846BDE8F0842DE9F044074641F234
:205520005C14C2F2000404F1480A0025384600F0F2F80646606B30B90123092200211520DA
:20554000FFF7C6FD01254FF6FF70864207D020684068C6EB860100EB4100007930B90223FE
:20556000092200211520FFF7B3FD0125606B022802D0606B032806D10623092200211520A0
:20558000FFF7B3FD012545B9A4F848600420E064022020650220606300BF2846BDE8F084C3
:2055A0002DE9704141F29014C2F2000404F114062068002841D0E06902283ED1A06904280E
:2055C0000BDD0CF0B9F80546022D36D015B900F038F832E000F060F82FE0A069042815D83D
:2055E0000FF20408D8E800F00306090C0F0000F0D8F80CE000F03AF909E000F068F906E0D2
:2056000000F091F903E000F0BEF900E000BFE069022812D0E06940B92068032802D10120A9
:2056200020600AE00120206007E02068032802D10020206001E001202060BDE8708100003A
:20564000000070B541F29014C2F20004012504F11406A069142808D10020E061206803282F
:2056600001D1256017E0256015E000F0A5F8E061E06930B92068032801D125600BE02560E8
:2056800009E0E069022806D02068032802D10020206000E0256070BD2DE9304141F29014C2
:2056A000C2F2000404F11405E069032831D0A06914282DD80FF20408D8E800F02A2A2A2A00
:2056C0002A1515151E15101E1E0B1E1E1E1E1E1E1E00002000F08AFEE0611AE0002000F022
:2056E00051FCE06115E0A068603060600CF024F8E061012020600CE00CF01EF8E06120680E
:20570000032802D10020206001E00120206000E000BFBDE830812DE9F004064641F25C1C73
:20572000C2F2000C0022DCF800000088441E4FF6FF7A16E0A11A01EBD17040101318DCF8DE
:2057400000004068C3EB830149000D5AAE4201D25C1E06E0AE4201D95A1C02E01FFA83FAE4
:2057600001E0A242E6DD5046BDE8F004704730B541F29414C2F20004607B48F68431C0F2C3
:205780000101C0000D5804F13C01284620220BF0E5FF08B1012100E002210A20606108460A
:2057A00030BD10B541F29414C2F2000400206073FFF7DDFFA06110BD2DE91041012441F252
:2057C000A411C2F20001486813284BD80FF20408D8E800F048484848480A0E12161A1E2391
:2057E000272B3034383C404400F04BFB04463AE000F098FB044636E000F0B2FB044632E085
:2058000000F0CFF804462EE000F0DDF804462AE0012000F0B7FB044625E000F04AFC0446CE
:2058200021E000F0AFFD04461DE0012000F0DEFD044618E000F09AF9044614E000F0C6F9E6
:20584000044610E000F0C1FA04460CE000F0FBFA044608E000F0DAFA044604E000F021FA19
:20586000044600E000BF2046BDE81081F0B541F26014C2F2000404F14407B4F84400C0EBC4
:20588000800004EB80008568B4F84400C0EB80008000065965B9E26D216DA06D30440BF0BB
:2058A0005DFF10B10120E0640EE00220E0640BE0012D02D10520E06406E0022D02D10420B1
:2058C000E06401E00120E0641420A064F0BD30B541F25C14C2F2000404F148052168B4F8A2
:2058E00048004968C0EB800001EB40000079012810D1B4F84800211DC0EB800001EB80000C
:205900008068022803D100F0BCFA20650AE00120206507E000F092F82065E06C0E2801D0AD
:205920000520E06430BD30B541F26014C2F2000404F14405B4F84400C0EB800004EB800005
:205940008068012804D11420A0640020E06419E004F17000552100F0E5FCB4F84400C0EB85
:20596000800004EB8000406804F17001103010220BF061FE10B90220E06401E00120E064E9
:205980000820A06430BD10B541F2A414C2F2000400F054F8A06060680E2801D00920606092
:2059A00010BD10B441F26014C2F20004B4F844000121C0EB800004EB800081601420A06432
:2059C000002010BC7047F0B441F25C14C2F2000404F1480304F13805211D2668B4F84800F3
:2059E0007668C0EB800006EB40004288A06B801AA063E06B3030E063B4F848004FF0020CCC
:205A0000C0EB800001EB8000C0F808C0B4F84800D4F838C0C0EB800001EB8000C0F800C0A8
:205A2000B4F84800E66B203EC0EB800001EB800046601420E0640020F0BC70472DE9F04441
:205A400081B041F25C14C2F2000404F1380A2168B4F848004968C0EB800001EB4000468830
:205A6000A16BE26B06F16000891A884203D900F027F8054620E0A06B871B04F1740000902D
:205A80002568B4F848C06D68CCEB8C0005EB400003793A463146CCEB8C0005EB400000880F
:205AA00000F035FD04F174011022E06B0BF0C3FD08B1012500E00225284601B0BDE8F08404
:205AC00070B541F29414C2F2000404F110066069E06200202086207B013084F8320094F82C
:205AE0003200022802D1002084F8320094F8320048F68431C0F2010101EBC000006860636D
:205B000094F8320048F68431C0F2010101EBC001606B49680844A063606B2030606300F0DA
:205B200003F80546284670BD70B541F2A414C2F2000494F8220048F68431C0F20101C000A7
:205B40000D5894F8220048F68431C0F2010101EBC0004668314628460BF00FFD08B9022161
:205B600000E001210E206060084670BD2DE9F04441F29414C2F2000404F1100A94F8320010
:205B800048F68431C0F20101C0000D5894F8320048F68431C0F2010101EBC0004668A7686B
:205BA00004F13C0332462946781C00F0ADFA04F13C01284610220BF03EFD08B9022100E0D3
:205BC00001210F2060610846BDE8F0842DE9F04D84B041F25C15C2F20005B5F8684014E01F
:205BE000C4EB8400291D01EB8000866829684968C4EB840001EB400007791EB1012F02D1DF
:205C0000022E00D105E0601C84B2286800888442E6D3A5F8684028680088844203D100F06E
:205C2000B3F8824639E029684968C4EB840001EB4000B0F802B029684968C4EB8400400028
:205C4000405AADF80A00286FA0EB0B00019005F1740000903B465946019ABDF80A0000F0D9
:205C600056FC05F174011022E86E0BF0E4FC10B14FF0010A01E04FF0020A16B91020E86482
:205C800006E0B5F868000130A5F868000F20E86401982867E86E3030E866504604B0BDE83D
:205CA000F08D2DE9F04D83B041F25C14C2F2000404F1040A94F86A0048F68431C0F20101E6
:205CC000C0000E5894F86A0048F68431C0F2010101EBC000406837182036002532E0216848
:205CE0004968C5EB850001EB400000798DF80300C5EB85000AEB8000806850B1C5EB8500C9
:205D00000AEB8000806802281AD19DF80300012816D121684968C5EB850001EB4000B0F826
:205D200002B0A7EB0B073036C5EB85000AEB80000760C5EB8500A6F120010AEB8000416093
:205D4000681C85B2206800888542C8D3206C0130206494F86A0084F84400A763E663606EFE
:205D6000E064E06C022803D1FFF7B1FD216D07E0E06C042803D1FFF706FE216D00E00121A6
:205D8000084603B0BDE8F08D30B541F2A414C2F2000494F8220048F68431C0F20101C00043
:205DA0000D5804F12C00AA2100F0BCFA04F12C0105F1100010220BF03EFC08B9022100E099
:205DC000012113206060084630BD70B541F25C14C2F20004B4F8685021684968C5EB850020
:205DE00001EB40004688324604F17401C5EB8500231D03EB800000680BF0B0FC08B10121FA
:205E000000E002211120E064084670BD30B541F2A414C2F20004254604F12C00AA2100F0C0
:205E200081FA606A04F12C01203810220BF003FC08B1012100E00221208C013020840F20E9
:205E40006060084630BDF0B541F25C14C2F2000404F14807B4F8685021684968C5EB850030
:205E600001EB40004688324604F17401206F0BF0E2FB08B9022100E001211220E064084635
:205E8000F0BD2DE9F04441F25C14C2F2000404F14807251D04F1380A2168B4F848004968C5
:205EA000C0EB800001EB400046882168B4F848004968C0EB800001EB40000079F0B9A06B0B
:205EC000801BA063E06B3030E063B4F848000221C0EB800005EB80008160B4F84800A16BA3
:205EE000C0EB800005EB80000160B4F84800E16B2039C0EB800005EB80004160B4F84800DD
:205F0000A16D3246C0EB800005EB800000680BF092FB08B9022100E001210620E0640846D2
:205F2000BDE8F08410B541F26014C2F2000404F17000AA2100F0F6F9B4F8440004F17001BF
:205F40001022C0EB800004EB800040680BF073FB08B9022100E001210720A064084610BD38
:205F600010B441F26014C2F20004B4F844000021C0EB800004EB800081601420A06400201A
:205F800010BC70472DE9F04483B0074641F29414C2F20004A246012F26D104F13C0302AA32
:205FA00001A9684600F010F90646EEB9607B48F68431C0F2010101EBC000019900688142AA
:205FC00012D1607B48F68431C0F2010101EBC00002994068814207D10098A168884203D98B
:205FE0000098A060607B2073607B01306073607B022803D100F009F8054602E0FFF7B7FB1D
:206000000546284603B0BDE8F084F0B541F29414C2F20004A06818B900F02EF8054616E093
:20602000207B48F68431C0F20101C0000E58207B48F68431C0F2010101EBC000476806F164
:2060400020006060B819206000F003F805462846F0BD10B541F29414C2F2000404F13C0134
:20606000302260680BF07AFB08B1012100E002210D206061084610BD2DE9304148F6843036
:20608000C0F20100046848F68430C0F201004568294620460BF071FA08B9022100E001216E
:2060A0000B2041F2A412C2F2000250600846BDE830812DE9F04141F2A414C2F2000404F1E3
:2060C0002C0548F68430C0F20100066848F68430C0F2010047682B463A463146012000F0AF
:2060E00013F805F11000AA2100F01CF92946304620220BF0A0FA08B9022100E001210C20F1
:2061000060600846BDE8F0812DE9F04F85B082468B4696460493049CDDF8108008F120089F
:20612000CDF804800BEB0A0CF444CDF808C0002507E0EE002AFA06F6665505F1010C5FFA14
:206140008CF5042DF5D3043400BF002607E0F7002BFA07F7A75506F1010C5FFA8CF6042E9A
:20616000F5D3043400BF002709E04FEAC70C2EFA0CFC04F807C007F1010C5FFA8CF7042F3D
:20618000F3D3043400BF4FF0000C0BE0DDF808804FEACC0928FA09F804F80C800CF10108F0
:2061A0005FFA88FCBCF1040FF0D3043400BF04E04FF0FF0884F800800134DDF8048044454B
:2061C000F6D305B0BDE8F08F2DE9F04F88B004900591069207934FF0010CCDF804C04FF020
:2061E000000C8DF803C0079CDDF81C8008F11008CDF80880DDF810C04FF00009CCF8009098
:2062000000250FE0675D4FEAC50C07FA0CF7DDF810C0DCF800603E43CCF8006005F1010C17
:206220005FFA8CF5042DEDD3043400BFDDF814C04FF00009CCF80090002610E0DDF81480D8
:2062400014F806C0F7000CFA07FCD8F8007047EA0C07C8F8007006F1010C5FFA8CF6042EA7
:20626000ECD3043400BFDDF818C04FF00009CCF80090002711E0DDF8188014F807A04FEAAE
:20628000C70C0AFA0CFAD8F800C04CEA0A0CC8F800C007F1010C5FFA8CF7042FEBD30434BB
:2062A00000BF4FF0000B4FF0000A0BE014F80AE04FEACA0C0EFA0CFC4BEA0C0B0AF1010C38
:2062C0005FFA8CFABAF1040FF0D3043400BFDDF81480D8F800C0DDF81080D8F800E0DDF884
:2062E0001880F444D8F800E0E644DE4514D12046029900F067F878B90DF10302AA21029803
:2063000000F022F840B99DF803C0BCF1010F03D14FF0000CCDF804C0DDF804C0604608B0C6
:20632000BDE8F08F70B404460D46224604F110031570013204E04FF0FF0C82F800C00132B5
:206340009A42F8D370BC7047F0B504460E46174623789E4202D02378FF2B0FD123789E42A6
:2063600002D101233B7001E000233B7004F11001601C00F027F803461D4600E001252B4618
:206380001846F0BD2DE9100141F29414C2F200042346002020730120A06048F68430C0F257
:2063A0000100016848F68430C0F20100426801F12000606050182060142060610020BDE8B0
:2063C0001001704770B404460D460023224607E092F800C0BCF1FF0F01D0012302E00132B3
:2063E000AA42F5D300BF184670BC70472DE9F04D85B041F25C14C2F2000404F1040B8DF87D
:2064000007004FF0000A04F1740100910DF1060303AA02A80DF10A0100F0ECF80746032F77
:2064200002D09DF80700F0B994F8440048F684321346C0F20102C0F2010302EBC00203EB20
:20644000C0014E6811680E44E16B3031B14203D31421E164002556E0E16B3031E163FFF7C8
:20646000F8FD05464FE0042F03D11421E164002549E0BDF80800FFF74EF906464FF6FF71E3
:206480008E4223D0A16BBDF80A20891A039A8A421CD8E16B039A60318A4217D322685268DA
:2064A000C6EB860102EB4101BDF80A20498891420CD122685268C6EB860102EB41019DF8D5
:2064C00006200979914201D14FF0010ABAF1010F13D1C6EB86010BEB81018F60039AC6EB99
:2064E00086010BEB81010A60E26BC6EB86010BEB810110324A600399A163E16B3031E163B9
:20650000FFF7A7FD0546284605B0BDE8F08D2DE9F04F84B083468E4603928DF803300D9C35
:2065200004F1300CCDF804C0DDF80C800EEB0B0C08EB0C059DF803C0BCF1010F03D101350D
:2065400045F0004501E025F00045002607E0F7004BFA07F7A75506F1010C5FFA8CF6022E34
:20656000F5D3023400BF002709E04FEAC70C4EFA0CFC04F807C007F1010C5FFA8CF7022F1D
:20658000F3D3023400BF4FF0000C0BE0DDF80C804FEACC0A28FA0AFA04F80CA00CF1010AC4
:2065A0005FFA8AFCBCF1040FF0D3043400BF4FF0000A0DE04FEACA08CDF80880DDF8088097
:2065C00025FA08F804F80A800AF101085FFA88FABAF1040FEED3043400BF04E04FF0FF0897
:2065E00084F800800134DDF804804445F6D304B0BDE8F08F2DE9F04F88B004900591069298
:2066000007930325119C4FF0000C8DF801C04FF0000C8DF802C004F130012046FFF7D2FE96
:2066200008B90425D3E004F1100CCDF80CC0DDF810C04FF00009ACF80090002612E0DDF80D
:20664000108014F806C0F7000CFA07F71FFA87FCB8F8007047EA0C07A8F8007006F1010CC9
:206660005FFA8CF6022EEAD3023400BFDDF814C04FF00009ACF80090002713E0DDF81480B5
:2066800014F807A04FEAC70C0AFA0CFC1FFA8CFAB8F800C04CEA0A0CA8F800C007F1010C6F
:2066A0005FFA8CF7022FE9D3023400BFDDF818C04FF00009CCF800904FF0000A11E0DDF8C4
:2066C000188014F80AB04FEACA0C0BFA0CFBD8F800C04CEA0B0CC8F800C00AF1010C5FFA83
:2066E0008CFABAF1040FEAD3043400BF4FF0000CCDF804C04FF0000B0FE0DDF8048014F830
:206700000BE04FEACB0C0EFA0CFC48EA0C08CDF804800BF1010C5FFA8CFBBBF1040FECD378
:20672000043400BFDDF81880D8F800C0DDF81480B8F800E0DDF81080F444B8F800E00EEB46
:206740000C08CDF80880DDF804C01CF0004F06D1DDF81CC04FF000098CF800900BE0DDF840
:206760001C804FF0010C88F800C0DDF8088008F10108CDF80880DDF8048028F0004CDDF8B3
:20678000088028F0004EF44521D120460399FFF719FEE0B90DF10102AA210398FFF7D4FD0A
:2067A000A8B903990DF1020201F110005521FFF7CBFD60B99DF801C0BCF1010F06D19DF80C
:2067C00002C0BCF1000F01D1002500E0012500BF284608B0BDE8F08F2DE9704141F2DC65FA
:2067E000C2F2000505F18006002085F8E806012085F88000002405E028198230002101702D
:20680000601CC4B20A2CF7D3284680220021FEF79FFC00F00CF848F6CC40C0F2010041682B
:2068200040F2E030C2F200008847BDE8708110B541F25C74C2F200040020C4F8600600F04B
:20684000A7FF0020C4F864060020C4F874060020C4F870060020C4F86C0610BD30B541F271
:206860005C75C2F2000500242878012802D100F037FC04460320C5F86406002068702046B9
:2068800030BD70B5064641F25C74C2F2000400252178012903D100F023FC01460D46A66173
:2068A00094F8681602290CD25DB994F86816013184F86816A6610321C4F864160021617026
:2068C00002E0FFF7B4FF02252946084670BD2DE9F044044641F25C76C2F2000641F6E0575B
:2068E000C2F2000741F6B47AC2F2000A00259AF806108C4237D2C4EB84010AF10C0202EBEC
:20690000C1017A6D49888A4207D3C4EB84010AF10C0202EBC101498819BB07EBC4010022ED
:206920000A70002187F85010C4EB84010AF10C0303EBC101097807EBC402D17007EBC401BE
:206940004FF0FF324A6000F023FF3473317B3144023100220A70002171700121C6F8641618
:2069600002E0012500E0062529460846BDE8F0842DE9F04C82468B4641F25C74C2F2000488
:206980000025C4F810A0C4F814B0002284F868262278C2B90122C4F86026227F01322277D3
:2069A000227FA4F1080302EB820203EBC20223691360227FA4F1080302EB820203EBC20210
:2069C0006369536014E0277F07EB870204EBC20303F12006226932600022726000F0AFFBAA
:2069E00002461546227F013222770122C4F860260022C4F864262A461046BDE8F08C2DE9BD
:206A0000F04C05460F4641F25C76C2F20006002496F8682622B1002286F86826FFF707FF9E
:206A2000D6F860262AB1D6F86026032A01D0022442E03278CABB4EF20002C2F2000295428F
:206A400031D3EA43BA422ED34FF20002C2F20002954228D87A194FF20003C2F200039A42CE
:206A600021D8B7F5805F1ED8002F1CD94EF20002C2F20002954201D1FFF7D9FE96F81CA0C0
:206A8000BAF1000F18D9A6F108030AEB8A02D20002EB030BDBF80420DBF800301A4495422C
:206AA0000AD2022408E0052406E03946284600F092FA0246144600240CB1FFF7B8FE2246DD
:206AC0001046BDE8F08C2DE9F04D89B041F25C7BC2F2000B41F22C17C2F200070190029195
:206AE0000025029EDDF804A00024DBF81420921BCBF814209BF80020002A43D197F82420C5
:206B0000012A2AD100228BF86A2621E0FBF746FA802E01D9802403E0344601228BF86A2628
:206B200003AA2146504602F0D6F8079A0399386800F016FE05462DB9079A0399386800F00C
:206B4000E7FD0546361BA2443A68079B1A443A60002E14D9002DD9D011E0FBF71FFA32462E
:206B60000199386800F0FCFD054645B901228BF86A2632460199386800F0CAFD0546FBF7CD
:206B80000DFA0AE00198CBF81800CBF874660222CBF8642600228BF80120284609B0BDE8F0
:206BA000F08DF0B506460F4641F25C75C2F200050024D5F86026012A03D00224FFF737FE8F
:206BC00006E02A69B24202D16A69BA4200D2052422461046F0BD30B541F25C75C2F200059E
:206BE0000024D5F86006022808D10320C5F860060020C5F8640600F087FC02E00224FFF73D
:206C000016FE204630BD10B4044641F25C72C2F200020021D2F8643643B95378072B05D0F5
:206C20005378237000235370012102E000232370002100BF084610BC704710B541F25C74DD
:206C4000C2F20004D4F86406013810D303D0022805D308D00BE000F059F9607008E000F0A8
:206C600066FB607004E000F069FC607000E000BF60780A2802D00020C4F8640610BD70B428
:206C800005460E4641F6C854C2F200042560666070BC70472DE9104184B040F2E034C2F287
:206CA000000400208DF8040041F6E050C2F20000029060200390684605F031F901208DF8F4
:206CC0000400684605F02BF902208DF80400684605F025F9009841F6E051C2F2000108665A
:206CE00041F6E050C2F2000060614AF20000C0F20110E06064202061204605F0C9F808B997
:206D0000002100E00121084604B0BDE8108130B584B041F2D065C2F2000540F2E034C2F2E4
:206D2000000400208DF804002846029008200390684605F0F4F801208DF80400684605F00F
:206D4000EEF802208DF80400684605F0E8F80098A860284660614CF20000C0F20110E0600F
:206D60000C202061204605F093F808B9002100E00121084604B030BD2DE9104184B040F2E0
:206D8000E034C2F2000400208DF8040041F64460C2F2000002904FF4A0700390684605F0D4
:206DA000BEF801208DF80400684605F0B8F802208DF80400684605F0B2F8009841F64461B4
:206DC000C2F20001C1F8400141F64460C2F2000060614EF20000C0F20110E0604FF4A2701C
:206DE0002061204605F054F808B9002100E00121084604B0BDE8108141F6E050C2F2000034
:206E0000704741F2D060C2F20000704741F64460C2F2000070474DF8048D002041F25C71B1
:206E2000C2F20001C1F860065DF8048B70474DF8048D41F25C71C2F20001D1F860065DF8D4
:206E4000048B704710B441F25C74C2F20004D4F86406012804D160780A2801D1012000E05C
:206E6000002010BC704710B441F25C74C2F20004D4F86006032802D10020C4F8600610BCB2
:206E800070472DE9F04482460F4641F25C76C2F2000641F64465C2F200050024102F22D126
:206EA000D5F8380144F64A31C5F24801884218D03A46514605F59470FEF731F944F64A307D
:206EC000C5F24800C5F83801FDF733FFFFF754FF18B900207070002406E00120707001244D
:206EE00002E00B2400E001242046BDE8F0842DE910010446002141F6E052C2F2000282F8D2
:206F0000504000BF0846BDE8100170472DE9F04541F25C75C2F2000540F2E037C2F200075B
:206F200040F26C6AAA440A260024D5F86C06F860D5F870063861D5F87006B0F5001F2BD88A
:206F4000D5F87006386148F6CC40C0F20100C168384688473889D8B9297BA81C012242546F
:206F6000287B41F6E051C2F2000101EBC000C07807280BD1002405E0297BA81C0122425438
:206F8000601CC4B20A2CF7D3002602E0002600E00126FFF74CFC1BE04FF40010386148F667
:206FA000CC40C0F20100C16838468847388960B9D5F87006A0F50010C5F87006D5F86C0668
:206FC00000F50010C5F86C0602E0FFF730FC01263046BDE8F0852DE9F04F83B007468B461C
:206FE00041F25C76C2F2000641F6B47AC2F2000A0025002400228DF8022000245BE03219F3
:2070000002321278012A54D10AF10C03C4EB840203EBC2029068FAF7D5FC02460192327F2B
:20702000282A46D2FA435A4543D3019A974240D3C4EB84020AF10C0303EBC202019BD268A6
:207040001A44974235D2C4EB84020AF10C0C0CEBC202DDF804C0D2680BEB070362449342A1
:2070600027D8C4EB84020AF10C0303EBC202D26893451ED8BBF1000F1BD9327F8DF8032010
:20708000347301228DF802209DF803208AB19DF80320A6F1080302EB820203EBC20202927B
:2070A000DDF808C09CE8080108EB0302974200D20825621CD4B29AF8062094429FD39DF83D
:2070C0000220012A00D005252DB9327B32440232127802B908252A46104603B0BDE8F08F1D
:2070E0002DE9F04141F2DC64C2F2000440F2E035C2F2000504F5DF670026D4F8FC06D8B162
:20710000D4F8F806E860D4F8FC06FF21C0F180022044FEF71DF82046686180202861002056
:20712000C4F8FC0648F6CC40C0F20100016928468847288900B101263046BDE8F08170B5B3
:2071400041F2DC64C2F2000404F5DF660025D4F8FC0670B3D4F8F806D4F8901020F07F00EB
:2071600021F07F01884213D1D4F89000D4F8FC36D4F8F816C01A421A1819FF21FDF7E8FF3A
:20718000D4F89000D4F8F816401AC4F8FC061DE0FFF7A6FF054600F051FAD4F8900010F027
:2071A0007F00C4F8FC0620468022FF21FDF7D0FF0CE000F043FAD4F8900010F07F00C4F8F7
:2071C000FC0620468022FF21FDF7C2FF284670BD2DE9F04141F2DC64C2F2000404F5DF6784
:2071E00040F2E035C2F20005002696E0D4F8FC06D4F8F416084480286ED3D4F8FC06D4F880
:207200009810C0F180022044FDF789FFD4F8FC06C0F18002D4F898001044C4F89800D4F8DA
:20722000FC06C0F18002D4F8F406801AC4F8F406D4F89000D4F8FC16401AE86080202861FE
:207240002046686148F6CC40C0F20100016928468847D4F8FC06C0F18002D4F890001044AA
:20726000C4F89000D4F89000C4F8F8060020C4F8FC06288908B101264FE0D4F89400A0B955
:2072800094F8EA06012810D1D4F8F40668B900F0ABF8012803D1E86800F008F93DE094F807
:2072A0009C10E86800F0B1F837E000F09DF8012804D12969E86800F0C5F92EE094F89C00D9
:2072C0000138C1B2E86800F0A0F800F0B7F92969E86800F0B7F920E0D4F8F426D4F89810AE
:2072E000D4F8FC062044FDF71AFFD4F89000D4F8FC16401AC4F8F806D4F8FC06D4F8F4165D
:207300000844C4F8FC06D4F89000D4F8F4261044C4F890000020C4F8F406D4F8F4060028BD
:2073200002D9002E3FF462AF3046BDE8F0812DE9F04D86B041F25C77C2F20007BB46002504
:20734000D7F818A0D7F87466002441F22C11C2F2000191F82400012834D1002087F86A06CA
:207360002BE0FAF71BFE802E01D9802403E03446012087F86A066A462146504601F0ABFC1A
:2073800041F22C13C2F20003049A0099186800F0E7F905467DB90098B8610498C7F8740636
:2073A000FFF716FF054641F22C11C2F20001049A086810440860A244361B002E05D9002D18
:2073C000CFD002E0FFF704FF0546FAF7E7FD2DB9786928B90220C7F8600601E0FFF727FA2C
:2073E000284606B0BDE8F08D10B441F25C74C2F20004207F0138C2B2637F934201D10121D1
:2074000000E00021084610BC70472DE9F04D81B0824641F27875C2F200058DF803106C78F9
:2074200004EB840205EBC2031F1D7A683B681A44A2EB0A0B5946504604F096FD04F0A0FD14
:20744000024616466A7801326A70314607F108002022FDF764FE6C7821E004F07DFD04EB48
:2074600084022B1D03EBC202516804EB840253F8320004F079FD04F083FD024616463146E8
:2074800004EB84022B1D03EBC20202F108002022FDF745FE6A7801326A70621CD4B29DF881
:2074A00003209442D9D301B0BDE8F08D2DE9F044064641F27875C2F2000529780139CFB289
:2074C00007EB870105EBC102141D21688E4207D36168226830461144891B04F045FD03E040
:2074E0006168206804F040FD04F04AFD01468A46697801316970514604F108002022FDF702
:207500000EFE00BFBDE8F084F0B541F27874C2F2000420780138C5B205EB850004EBC0019E
:207520000E1D04F02DFD0746607801306070394606F108002022FDF7F2FDF0BD70B541F234
:207540005C76C2F20006002400F014F800250DB90120307045B9307B41F6E051C2F200010D
:2075600001EBC000012101702C460CB9FFF75FF9204670BD2DE9F04CADF5006D41F25C7450
:20758000C2F2000468464FF40062002104F0E0FF0025207B41F6C071C2F20001C0EB8000E4
:2075A00001EBC00086682069A0EB060B4FEADB20C7B2CBF30A0AFCF775F8002410E006EB28
:2075C000C42168464FF40062FDF7A9FD684600231A464FF40061FCF76EF80546601CC4B26E
:2075E000BC42ECD3BAF1000F0CD9524606EBC7216846FDF794FD5146684600231A46FCF7D0
:207600005AF80546284600F004F80DF5006DBDE8F08C2DE91001044641F6DC51C2F2000159
:207620000C80BDE8100170474DF8048D41F6DC51C2F2000108885DF8048B704700B504F08E
:207640008BFC00BDF0B505460E4641F25C74C2F20004207F0138C7B207EB870204EBC20169
:2076600001F120042068854204D33146284604F07BFC05E022687019811A104604F074FC31
:20768000F0BD2DE9F04C84460F4641F25C72C2F200020023147FA2F1080504EB840405EB58
:2076A000C4056C683C446C60147FA2F1080604EB8404E400A559147FA2F1080A04EB8404A5
:2076C0000AEBC4046668147B41F6C07BC2F2000BC4EB84040BEBC40B147BDBF808B041F612
:2076E000C07EC2F2000EC4EB84040EEBC404E46805EB060A5C44A24500D9052323B10024C6
:20770000C2F864460524547000BF1846BDE8F08C2DE9F04406468A46154641F25C74C2F262
:20772000000400272A4651463046FDF7F8FC29463046FFF787FF23692B442361636933B921
:2077400094F86A36012B02D10223C4F860360023C4F86436002363703B461846BDE8F08420
:207760002DE9F04407468A46164641F25C75C2F2000500244CB931463846FFF782FF0446AA
:207780001CB9C5F818A0C5F874662046BDE8F08410B441F25C74C2F20004002060770020F3
:2077A00020770020C4F87C060020C4F8780600BF10BC704710B440F2FC34C2F200042078C2
:2077C0000028FCD110BC704730B50446616811B1022121812EE014B9052121812AE021786C
:2077E00029B96178012902D1A178012902D0062121811FE0002009F068FE48F67C30C0F2D9
:207800000100FDF7F7FC002001F0EDFD04F062FB00200AF01CF809F07DFF01460D46012DC9
:2078200004D1012161600021218103E0002161600121218100BF30BD10B40446616811B9F7
:207840000221218105E000216161002121610021218100BF10BC704730B404460D46002250
:20786000B4F1807F06D3B4F1817F03D2A4F180732B600AE0B4F5005F06D3B4F5002F03D286
:2078800004F5F0332B6000E0012200BF104630BC70472DE9F04D85B00446D4F80CA02169B2
:2078A000E2681144A1F1010B0021019100274FF400560025616811B9022121815BE02169D6
:2078C00011B90421218156E06A465946504600F02AF90146ADF80A10BDF80A10012902D117
:2078E0000721218147E001A95046FFF7B5FF01460D4615B1092121813EE0019BB3FBF6F132
:2079000006FB1132991A01910199226911444F1E2EE009F0FFFE014603910399012902D080
:207920000A21218128E03146019809F026FE01460D4615B10B2121811EE005E009F0B3FF89
:20794000A16909B1A169884709F0E4FE0128F5D115B10C2121810FE009F0EEFE014604917B
:20796000049911B10D21218106E00199314401910199B942CDD900BF05B0BDE8F08D2DE96A
:20798000F04D8DB00446D4F80CB02169E2681144491E069161690591216904910025102799
:2079A00048F6BC41C0F201010B6809934B680A938B680B93C9680C91002600210191616878
:2079C00011B902212181AAE0216911B904212181A5E0616911B905212181A0E0BBFBF7F174
:2079E00007FB11B111B10821218199E06A465846069900F098F80146ADF81E10BDF81E1053
:207A000011B1072121818AE001A95846FFF724FF01460E4616B10921218181E000252FE04C
:207A200009F078FE014602910299012902D00A21218175E00598019B3A462918E81809F051
:207A4000FAFD01460E4616B10B21218168E005E009F029FFA16909B1A169884709F05AFEC3
:207A60000128F5D116B10C21218159E009F064FE01460391039911B10D21218150E03D4433
:207A8000049A79199142CBD92189002947D104998D4244D2DDF81080A8EB0508CDF8208068
:207AA0004FF0000A0AE0059B0AEB05029A5C09A901F80A200AF101015FFA81FA08998A45EB
:207AC000F1D309F027FE014602910299012902D00E21218124E0019B3A4609A9E81809F0B7
:207AE000AAFD01460E4616B10F21218118E005E009F0D9FEA16909B1A169884709F00AFE60
:207B00000128F5D116B11021218109E009F014FE01460391039911B11121218100E000BF3C
:207B20000DB0BDE8F08DF0B404460D46164601234FF0020CC6F800C0AC4201D901232AE0E4
:207B4000B4F5005F0ED3B4F5002F0BD2B5F5005F08D3B5F5002F05D24FF0000CC6F800C02A
:207B6000002318E0B4F1807F14D34FF6FF77C1F20107BC420ED8B5F1807F0BD34FF6FF77C7
:207B8000C1F20107BD4205D84FF0010CC6F800C0002300E0012300BF1846F0BC704700B528
:207BA00000200AF081F800200AF009FA4FF47A6100200AF054F900BD00B500200AF0A8F963
:207BC00000200AF022FA0AF0CEF800BD10B442F2B804C2F2000400212078012802D10121AF
:207BE00000202070084610BC70474DF8048D012042F2B801C2F2000108705DF8048B704758
:207C0000704730B5054642F2C404C2F20004656000F09EF80120206030BD70B50646304609
:207C200000F04CF801460D460124284600F0EDF801460C462146084670BD10B4044600BFC6
:207C400000BF10BC704700B500F074F800BDF0B506460F460124304600F04EF8024615465A
:207C60003946284600F03EF90246144622461046F0BD70B505460E46284600F03DF8024644
:207C800014463146204600F0C5F970BD30B50546284600F031F801460C46204600F0EDF946
:207CA00030BD70B505460E46284600F025F8024614463146204600F015FA70BD70B406467D
:207CC00042F2C405C2F2000501212868012810D100210CE06A689268342000FB012292F85D
:207CE0002420B24201D1084604E04A1CD1B20029F0D0084670BC704770B4064642F2C405D8
:207D0000C2F2000501212868012810D100210CE06A689268342000FB0122126A1278B242A9
:207D200001D1084604E04A1CD1B20029F0D0084670BC704710B5002407E0204600F0F7F926
:207D4000204600F048FC601CC4B2002CF5D010BD2DE9F04D82B042F2C807C2F20007002571
:207D60004EE0284600F0A4FA38688068342115FB0100009005EB8500800042F2D001C2F2AD
:207D8000000100EB010B0099486970B90120CBF808003B689868342202FB05001978008878
:207DA00090FBF1F0ABF8040005E00320CBF808000020ABF8040038688068342202FB050036
:207DC000008D42F2CC01C2F2000101EB000A00240CE038688068342202FB0501C96A200125
:207DE000461830790AF80400601C84B238688068342202FB0500C08C8442EAD3681CC5B21A
:207E0000002DAED002B0BDE8F08D2DE9F04D81B0064642F2C80BC2F2000B06EB860189004C
:207E200042F2D002C2F200025518DBF800108968342206FB0211096A4F78DBF800108968CD
:207E4000342206FB0211096A91F800A0A96803291ED1297C01290DD1C7EBC70148F6D0506B
:207E6000C0F2010000EB810150464969884701460C461EE0C7EBC70148F6D050C0F20100A9
:207E800000EB810150460969884701460C4610E0A968012901D100240BE0C7EBC70148F641
:207EA000D050C0F2010000EB8101504609698847012424B900212974012169740DE0DBF82C
:207EC00000008068342206FB0201CA69342306FB030191F82400002190472146084601B0C6
:207EE000BDE8F08D2DE9F04F82B006468A4642F2CC04C2F2000442F2C807C2F200073868A3
:207F00008068342106FB0100008D214601EB000B06EB8600211D01EB8000019001208DF8DF
:207F2000020001208DF803000199487C012817D13B689B68342106FB01300121C26990F825
:207F4000240090470199012088603A689068342106FB01001178008890FBF1F00199888073
:207F600001998868012850D138688068342106FB0100C56A00242BE01BF804009AF8002027
:207F8000904222D100208DF80300A868063802D0032808D00FE052462946304600F0EFF80E
:207FA0008DF8020008E052462946304600F001F98DF8020000E000BF9DF8020020B90199BB
:207FC0000120C860019805600AE01035601C84B23A689268342106FB0122D08C8442CBD3A4
:207FE0009DF80300012805D10220CAF8080000208DF802003A689068342106FB01001178DD
:20800000008890FBF1F0019988809DF8020002B0BDE8F08F2DE9F04105460F4605EB8502FF
:20802000920042F2D003C2F200039C18E268012A21D12268D2681268EAB9A268012A1AD1D4
:208040002668B268062A04D13946284600F0C4F800E000BF42F2C802C2F20002D2F800C0FD
:20806000DCF80820342305FB03229CF80030128892FBF3F2A280BDE8F0812DE9704181B088
:20808000054605EB8501890042F2D002C2F2000254182668E168012921D12168C968096850
:2080A00001291CD1B168092919D10DF10301284600F058FA9DF80310012902D1284600F0BF
:2080C000F7F842F2C801C2F200010B689968342205FB02111A78098891FBF2F1A18001B0BE
:2080E000BDE870812DE9700104460D4604EB84039B0042F2D00CC2F2000C0CEB03029AB19E
:2081000013688BB100BF42F2C803C2F20003D3F800C0DCF80830342604FB06339CF8006016
:208120001B8893FBF6F39380BDE8700170472DE93041044604EB8401890042F2D002C2F2BD
:2081400000025518204600F08FF8A97C012914D10321A9600021A97442F2C801C2F2000182
:2081600008688068342204FB02018A68342304FB030191F8240001219047BDE83081F0B562
:2081800004460E46174604EB84039B0042F2D00CC2F2000C0CEB0305EB68012B02D120464C
:2081A00000F086F83146384600F040F800231846F0BDF0B506460F46154601243946284653
:2081C00000F034F82946304600F095F9AB6803B9002423461846F0BD2DE9F04104460D46D5
:2081E00004EB8402920042F2D003C2F200039E182A7892B942F2C801C2F20001086881680C
:20820000342304FB03121369342004FB001292F8240098470222B26006E02946204600F0A4
:20822000E7F8204600F044F8BDE8F08130B404460D466A7922732A68012A02D1002262604A
:2082400001E001226260EA681268012A01D303D005E00122A26005E00022A26002E00222A1
:20826000A26000BF30BC70472DE93041054605EB8501890042F2D002C2F200025418A18878
:20828000A1B1A1880139A180A18879B942F2C801C2F2000108688068342205FB02010A69D7
:2082A000342305FB030191F824009047BDE8308110B4044604EB8402920042F2D003C2F2B9
:2082C0000003991800220A600022CA6000220A7400224A7400228A7410BC704730B50546BF
:2082E00042F2E404C2F20004656000F071F80320206030BDF0B506460F460124304600F02B
:208300000BF8024615463946284600F0B6F80246144622461046F0BD30B4054642F2E404D4
:20832000C2F20004002360680289206803280BD16068816906E0C888A84200D10B460C314F
:20834000501E82B2002AF6D8184630BC70472DE9F00506460F4642F2E802C2F20002136887
:208360005A69002542F2E80CC2F2000CDCF800309C88002322E042F2C808C2F20008D8F850
:2083800000C0DCF808C04FF0340A06FB0ACC92F807A09CF824C0E2450FD192F806C0BCF180
:2083A0007F0F01D1012304E092F806C0BC4500D10123012B01D1154605E00A32B4F1010CE3
:2083C0001FFA8CF4D7D200BF2846BDE8F005704730B542F2EC04C2F20004012505E02046AB
:2083E00000F03BFC4034681EC5B2002DF7D830BD2DE9F04C83460C46627802F0F00758462E
:208400002178FFF7A4FF0246154622787E2A05D022782A2A02D022782B2A0BD16278022ADF
:2084200008D1A2783E2A05D1E278802A02D1FBF774FB20E0FDB195F807A0504600F0D3FB9D
:20844000024616463A1C04D0103A08D0102A0CD010E02A462146304600F0F4F80BE02A46A2
:208460002146304600F031F905E02146304600F080F900E000BFBDE8F08C2DE9F041044689
:208480000D46607A00F0AFFB02461646B30142F2EC0CC2F2000C03EB0C020123D2F824C003
:2084A000BCF1010F23D15460D5F808C0C2F81CC04FF0020CC2F824C0D5F808C0BCF1060FEA
:2084C00004D84FF0010CC2F838C003E04FF0020CC2F838C042F2C80CC2F2000CDCF80070D4
:2084E000B4F802C03F789CFBF7F75785002300BF1846BDE8F0812DE9F04104460D4642F288
:20850000C800C2F2000002689268342304FB032292F8240000F067FB02461746BA0142F26C
:20852000EC03C2F20003D6180022B285B26B013A13D303D0022A06D30AD00EE0294620469B
:2085400000F016FA0CE02946204600F064FA07E02946204600F0B9FA02E00222AA6000BFDE
:20856000BDE8F0812DE9F04107460D4642F2C800C2F2000002689268342307FB032292F8E2
:20858000240000F030FB02461646B20142F2EC03C2F20003D418A26B042A0AD1626800217E
:2085A0005089FBF7AAF9204600F057FB01222A700FE00022628542F2C80CC2F2000C62685E
:2085C000DCF8003092881B7892FBF3F2A28500222A70BDE8F0812DE97041064642F2C80070
:2085E000C2F2000001688968342206FB021191F8240000F0F8FA01460C460CBBA10142F23E
:20860000EC02C2F200028D18284600F005FBA968B1B1696B013912D305D0023907D30AD089
:20862000022908D00BE0204600F0EEF808E0204600F023F904E0204600F057F900E000BF8D
:20864000BDE870812DE9F04D82460F4693464FEA8A1342F2EC0CC2F2000C03EB0C047B7888
:2086600003F00F050026636A022B07D13B787E2B03D0204600F0A3FA00E001261EBB002DCC
:2086800021D9062D1FD8C4F808B002236362A561E56100232362394604F10C00082203F0C7
:2086A00072FF0023236342F2E80CC2F2000CDCF80030D3F810C00CEB8A0323600123636328
:2086C000002384F83C30BDE8F08D2DE9F04D82460E4693464FEA8A1342F2EC0CC2F2000C63
:2086E00003EB0C040027636A022B07D133787E2B03D0204600F063FA00E00127737803F0C3
:208700000F052B029BB21D46B3782B439DB277BB072D2CD3C4F808B002236362A561E56171
:2087200000232362314604F10C00082203F02BFF1023236342F2E80CC2F2000CDCF800302D
:20874000D3F810C00CEB8A03236002236363002384F83C3042F2C808C2F20008A368D8F8E6
:2087600000C05B889CF800C093FBFCF32385BDE8F08D2DE9704106460D46B20142F2EC037F
:20878000C2F20003D418626A022A38D1626B032A03D1204600F0DFF834E0626B042A2AD130
:2087A00094F83C20013284F83C2012F00F0284F83C206A7894F83C3012F00F029A4216D12B
:2087C000294604F10C00082203F0DDFE202222630522626342F2C80CC2F2000CA268DCF8D8
:2087E000003052881B7892FBF3F222850AE0204600F0B1F806E0204600F02FFA02E020462D
:2088000000F0DDF9BDE87081F0B583B00746B90142F2EC02C2F200028C18A36804F114028B
:20882000A1691889FBF710F801460D46DDB96169C9B16169A2698968914214D304F10E019B
:208840000091A16902916369029A0099186803F09AFEA1680E89204600F0FFF93046002159
:20886000FBF719F807E0A16808890121FBF713F8204600F0F2F903B0F0BD70B583B0064610
:20888000B10142F2EC02C2F200028C18A36804F11402A1691889FAF7D7FF01460D46D5B9FA
:2088A0006169C1B16169A2698968914213D304F10F010091052102916369029A009918682D
:2088C00003F061FEE169029A891AE161029921620421616307E0A16808890121FAF7DBFF06
:2088E000204600F0BAF903B070BD70B583B00646B10142F2EC02C2F200028C1804F10E01B9
:208900000091616B032902D10021029104E0E169062988BF062102916569029A0099236A59
:208920002D68581903F02FFEE169029A891AE161216A029A1144216204216163E16941B91A
:20894000A1680D89204600F088F928460021FAF7A2FF03B070BD10B50446A16821B1A168AD
:2089600008890121FAF797FF204600F076F910BD2DE9F04583B082460D4642F2C800C2F2E2
:2089800000000268926834230AFB032292F8240000F029F902461646B20142F2EC03C2F204
:2089A0000003D418626804F114015089FAF789FF024617463FBB62692AB304F10C00082230
:2089C000FF2103F0C5FD04F10E020092E26902926369029A0098196803F0D5FD62691268C1
:2089E0009278742A00D100BF6268127A22739DF8082062730422A26304F10C0108222869DA
:208A000003F0C1FD04E0204600F0CCF80222AA6003B0BDE8F0852DE9F04583B082460D4613
:208A200042F2C800C2F200000268926834230AFB032292F8240000F0D6F802461646B201DE
:208A400042F2EC03C2F20003D418626804F114015089FAF736FF0246174677BB626962B3C6
:208A600004F10C000822FF2103F072FD04F10F020092052202926369029A0098196803F082
:208A800082FD6268127A2273E269120A42F010026273E269A273E269029BD21AE261029AD9
:208AA00022620322A263002284F83C2004F10C010822286903F067FD04E0204600F072F856
:208AC0000222AA6003B0BDE8F0852DE9F04183B006460F4642F2C800C2F20000026892686C
:208AE000342306FB032292F8240000F07CF802461546AA0142F2EC03C2F20003D418626809
:208B0000002A4CD042F2C80CC2F2000C6268DCF8003052881B7892FBF3F2628504F10C00B2
:208B20000822FF2103F014FD04F10E020092E269062A88BF06220292D4F814C0029A236A09
:208B40000098DCF800C003EB0C0103F01CFD6268127A227394F83C20013284F83C2094F878
:208B60003C2012F00F0284F83C2094F83C2042F020026273E269029BD21AE261226A029B5D
:208B80001A442262E26912B90422A26301E00322A26304F10C010822386903F0F4FC03B044
:208BA000BDE8F08110B50446616821B1616848890121FAF7A2FE204600F04FF810BD10B579
:208BC0000446616821B1616848890121FAF795FEA16821B1A16808890121FAF75CFE204628
:208BE00000F03BF810BD2DE91001044642F2E802C2F2000211680A69002106E0D3789C4224
:208C000000D104E004324B1CD9B20029F6D000BF0846BDE81001704710B50446218D39B167
:208C2000218D01392185218D11B92046FFF793FE618D39B1618D01396185618D11B920463D
:208C4000FFF7B0FFA18D39B1A18D0139A185A18D11B92046FFF7A6FF10BD10B504460021D3
:208C60002160002161600021A160002161610021A1610021E161002121620121616200215C
:208C80002185002161850021A185F0212163002161630021A163002184F83C10002184F8BB
:208CA0003D1004F10C000822002103F051FC10BD2DE9100142F22C14C2F20004012040F268
:208CC0000841C2F2000108800020A0820020A075BDE8100170472DE9F04407468A46154668
:208CE00042F22C14C2F2000426460020E0608020207127600020206104F11800286000206E
:208D000028610020A8820020A87552462946304600F006F8A88AA082A87DA075BDE8F08431
:208D20002DE9F04F85B0074640F2084AC2F2000A03910492002600208DF802000020ADF85E
:208D40000A0000208DF8030004984FEAC00B0025CAE1F9F723F9B87D002800F04281B87DA0
:208D60000138012303FA00F0BB8A184266D0B87D5844092827D20025002405E00120A040AA
:208D8000284485B2601CC4B2ABF101008442F5D3ABF10101384600F0D3F980B205405FFA6B
:208DA0008BF00138012303FA00F0284485B20399B88A00FA0BF0284488820399BB7D0BEB38
:208DC0000300887597E1002405E00120A040284485B2601CC4B2B87D01388442F5D3B88A3E
:208DE0000540B87DC0F1090005FA00F080B20546B87DC0F10901384600F0A2F9C0B206461C
:208E0000E8B23044C6B2B87DC0F10900ABEB000B3046039900F0C1F9BAF8003042F6C400A2
:208E2000C2F20000C654BAF800000130C0F30900AAF8000000250020B87555E1B87D5844AA
:208E40000F281CD20025002405E00120A040284485B2601CC4B25C45F7D35946384600F0B1
:208E60006FF980B205400399B88A00FA0BF0284488820399BB7D0BEB030088753BE1B87DAF
:208E80000B2837D80025002405E00120A040284485B2601CC4B2B87D01388442F5D3B88A8E
:208EA0000540B87DC0F10B0005FA00F080B20546B87DD0F10B000CD0B87DC0F10B013846C3
:208EC00000F03EF9ADF80A00B87DC0F10B00ABEB000BBDF80A104819ADF80A0038460421A8
:208EE00000F02EF98DF80200ABF1040B00250020B87545E00025B87D0B38C4B205E0012079
:208F0000A040284485B2601CC4B2B87D01388442F5D3B88A0540B87D0B3845FA00F0ADF80D
:208F20000A000025002405E00120A040284485B2601CC4B2B87D0B388442F5D3B88A0540D6
:208F4000B87D0B38C0F1040005FA00F080B20546B87D0B38C0F10401384600F0F1F88DF86E
:208F600002009DF80210E8B208448DF80200B87D0B38C0F10400ABEB000B00250020B8759B
:208F80009DF80210881C8DF80200BDF80A0018B901208DF80300A7E000241DE0BDF80A104F
:208FA00042F6C403C2F200036018C0F309001E5C3046039900F0F1F8BAF8003042F6C40084
:208FC000C2F20000C654BAF800000130C0F30900AAF80000601CC4B29DF802008442DDD383
:208FE00082E0384600F08AF8012831D1BBF1090F13D2ABF10101384600F0A2F803998882FF
:2090000003995FFA8BF0013801238340888A18448882039880F816B06DE0ABF1090B3846F4
:20902000082100F08DF8C0B206463046039900F0B4F8BAF8003042F6C400C2F20000C6547A
:20904000BAF800000130C0F30900AAF800004BE0BBF10F0F0AD2ABF10101384600F070F88A
:2090600003998882039880F816B044E0ABF10F0B38460A2100F064F8ADF80A00BDF80A0034
:2090800018B901208DF803002EE03846042100F057F88DF802009DF80210881C8DF802000D
:2090A00000241DE0BDF80A1042F6C403C2F200036018C0F309001E5C3046039900F06DF8F5
:2090C000BAF8003042F6C400C2F20000C654BAF800000130C0F30900AAF80000601CC4B2B1
:2090E0009DF802008442DDD39DF8030018B9BBF1000F3FF62EAE05B0BDE8F08F10B4044647
:209100002179802909D121682269895CA160216901312161E1680131E1602179A36801EAAE
:209120000302217949082171217909B9802121710AB1012100E0002100BF084610BC7047B0
:20914000F0B504460F4627B17A1E012303FA02F500E0002500261BE02279802A09D1226874
:209160002369D25CA260226901322261E2680132E2602279A3681A4200D02E436D082279E0
:209180005208227122790AB980222271F8F706FF002DE1D132461046F0BD30B405460C4680
:2091A00022682369D55422690132226130BC704700B572B600BD00B562B600BD00B5F8F7C4
:2091C000DDFDF8F757FB00BFF8F7F8FBFDF735FDFAE72DE9F04C05460F4692461E46BDF8E9
:2091E0001CB0012435B10123022200211620FBF76FFF21E036B902231A4600211620FBF7DB
:2092000067FF19E048F6EC5EC0F2010E0EEB451CDCF804C0BCF1000F0ED048F6EC50C0F2EE
:20922000010000EB451C5B46324651463846DCF804C0E0478446644600BF2046BDE8F08C3A
:20924000F0B505460F461646012435B10123032200211620FBF73CFF1BE036B90223032261
:2092600000211620FBF734FF13E048F6EC5CC0F2010C0CEB45139B685BB148F6EC5CC0F2A4
:20928000010C0CEB4513314638469B68984703461C4623461846F0BD70B505460E46012493
:2092A00035B10123072200211620FBF711FF12E048F6EC53C0F2010303EB4512126952B13A
:2092C00048F6EC53C0F2010303EB4512304612699047024614462246104670BD70B5054651
:2092E0000E46012435B10123092200211620FBF7EFFE12E048F6EC53C0F2010303EB451220
:20930000D26852B148F6EC53C0F2010303EB45123046D2689047024614462246104670BD84
:2093200030B50546012435B10123062200211620FBF7CEFE11E048F6EC52C0F2010202EB82
:209340004511C96949B148F6EC52C0F2010202EB4511C969884701460C462146084630BDDB
:209360002DE9F044074648F6EC5AC0F2010A00240026FF2F07D037B101230522002116203C
:20938000FBF7A6FE2BE0FF2F1FD10124002519E00AEB4511896929B10AEB451189698847A8
:2093A00001460E460EB900240AE0022E02D10CB1022405E0032E03D1022C01D004B1032492
:2093C000691CCDB2002DE3D009E00AEB4711896929B10AEB47118969884701460C46214699
:2093E0000846BDE8F0842DE9F041074643F2FC75C2F2000500243FE004EB8401002205EB4A
:2094000081010A8004EB8401002205EB81018A7004EB84011A2205EB81014A6004EB8401FE
:20942000012205EB81018A6004EB8401002205EB81010A74342148F68C62C0F2010204FBF2
:2094400001210889012100F093FA01460E46012E08D104EB8401012205EB8100032100F0FB
:209460006DFA07E004EB8401002205EB8100032100F064FA611C8CB2042CBDD30C2140F24B
:209480000C42C2F200021161012140F20C42C2F20002117000BFBDE8F0812DE970010446D7
:2094A0000D4601223CB940F2204CC2F2000CDCF80C302B6009E004EB840343F2E87CC2F29C
:2094C000000C0CEB83039B682B60002200BF1046BDE8700170472DE9F04C04460D4643F24D
:2094E000E877C2F200070126342048F65863C0F2010300FB04320B21108900F039FA0246C7
:20950000924604EB840292000021B85A00F030FA0246934665B94FF0340C48F65863C0F2B6
:2095200001030CFB0432D26912B9BAF1000F37D0BBF1010F34D02A462046062100F0C2FCB8
:209540000246164666BB55B14FF0340C48F65863C0F201030CFB0432D26995420AD0CDB963
:209560004FF0340C48F65863C0F201030CFB0432D2697AB104EB840207EB820000220121ED
:2095800000F0DCF904EB840207EB82000022022100F0D4F904EB8402012307EB8202137485
:2095A00032461046BDE8F08C2DE9F04F83B004460D4643F2E872C2F20002019248F65862C7
:2095C000C0F20102029201260298342303FB04020B21108900F0CCF902461746019904EB7E
:2095E00084029200885A002100F0C2F90246924645B9DDF808C0342303FB04C2D2690AB9D1
:20960000002F75D0BAF1010F72D0019904EB84029200885A032100F0ABF9024693460199E3
:2096200004EB84029200885A062100F0A1F902468DF802200298342303FB040200211089F2
:2096400000F096F902468DF80320DDF808C0342303FB04C25268032A0DD1029ADDF804C0E9
:20966000342304FB032304EB84020CEB820292781B7D93423CD9BBF1010F39D09DF8022076
:20968000012A35D09DF80320012A06D1019B04EB840203EB8202127C52B32A4620460721CC
:2096A00000F010FC0246164616BB3DB1DDF808C0342303FB04C2D269954207D0C5B9DDF857
:2096C00008C0342303FB04C2D2698AB1019904EB840201EB82000122114600F02FF9019988
:2096E00004EB840201EB82000122022100F026F93246104603B0BDE8F08F2DE9004140F204
:209700002041C2F200010878012805D000220C21104600F0D7FB05E0A0230C220021142023
:20972000FBF7E3FCBDE8008170B540F24844C2F2000440F20C45C2F2000540F23046C2F2FF
:209740000006287801284FD128690C2809D100F035FC30B90D202861A0681A2801DB0C2069
:20976000286128690C2809D0307838B9A06848F62061C0F2010151F820008047307898B38B
:209780003078311D01EB8000006848F60C61C0F2010151F82000804728690C2824D16868E6
:2097A000012821D1208843F2E871C2F2000100EB800001EB80008068B0B1208843F2E8714D
:2097C000C2F2000100EB800001EB8000806804280AD02088012805D1A0680C2802D1002039
:2097E000E06101E00120E06170BD00002DE9F04D83B043F2941BC2F2000B40F24844C2F21D
:20980000000440F21847C2F2000702904FF0000A218D227B090289B211448EB20299013922
:2098200004D343D0022953D35FD06BE0616A022903D1618D02318DB20EE0616A032903D190
:20984000618D04318DB207E0616A012903D1618D01318DB200E0658D218819B1218801396F
:209860001FFA81FA342148F68C62C0F201020AFB01210889062100F07BF88DF807009DF8BB
:209880000700012801D1A91C8DB200950BF1030331460022A079FFF79CFC10B90221396066
:2098A00003E00021012000F0E4FC2CE00BF103023146A079FFF7C4FC28B9E17C0139E17493
:2098C0000221396003E00021012000F0D2FC1AE03146A079FFF702FD10B90221396003E002
:2098E0000021012000F0C5FC0DE03146A079FFF7D3FC10B90221396003E00021012000F099
:20990000B8FC00E000BF03B0BDE8F08D2DE91041044640F20C42C2F20002D16801290BD1F9
:2099200040F24841C2F200018879FFF719FD012802D12046FFF75AFFBDE81081F0B40446D5
:209940000D461646012E08D10123AB401FFA83FC238843EA0C03238008E00123AB40DB430A
:209960001FFA83FC238803EA0C032380F0BC704730B404460D4600220123AB409BB223423E
:2099800000D0012200BF104630BC70472DE9F04D07468A4640F24845C2F2000500240126E9
:2099A000002F00F0A180BAF1000F00F09D802A8843F2E873C2F2000302EB8202920008217B
:2099C000D05AFFF7D5FF02469346BBF1010F40F082802A7D013A2A75AA680D3A07D201329E
:2099E00046D0053209D0B2F1FF3F41D039E0003A03D0093A3CD0012A33D138462A6D9047BF
:209A000068BB03E03A5D0AF8042001346A8D9442F8D30026AA68052A66D0AA68192A63D091
:209A20002A8843F2E873C2F2000302EB820203EB820001221146FFF781FF2A8843F2E8731A
:209A4000C2F2000302EB820203EB820001220221FFF774FF0121084601F04AFC44E00126CD
:209A600042E040F20C43C2F200031A69082A3BD103E03A5D0AF8042001346A8D9442F8D35E
:209A800040F20C43C2F200031A69082A1DD02A8843F2E873C2F2000302EB820203EB820012
:209AA00000220121FFF74AFF2A8843F2E873C2F2000302EB820203EB820000220221FFF70E
:209AC0003DFF0021084601F013FC5046EA6C90470246164608E003E03A5D0AF804200134B7
:209AE0006A8D9442F8D3002632461046BDE8F08D30B4054640F20C44C2F2000440F23041AC
:209B0000C2F200010A7801320A700A780B1D03EB8202156030BC70474DF8048D022040F203
:209B20000C41C2F2000188605DF8048B70472DE9F04440F24844C2F2000448F68C66C0F2FE
:209B4000010643F2FC7AC2F2000A2088013885B2342005FB006040682062206A032805D015
:209B600005EB850000210AEB8000817001F056FD05EB85000AEB8000807820734FF6FF707C
:209B8000608005EB85000AEB80000088208205EB85000AEB8000C068606405EB85000AEB91
:209BA00080008068A061342005FB0060C07D0130E074342005FB0060807DA074342005FBAD
:209BC0000060008BA0850020E085342005FB00600078A071342005FB0060007D607334205B
:209BE00005FB0060407DA073342005FB0060C0686062342005FB0060008A2085342005FB60
:209C00000060408A6085206A032805D0342005FB0060006A60630FE0607B217B88420BD8B7
:209C2000217B627B342005FB0060891A94F82A20006A12FB01006063342005FB00600B2163
:209C40000089FFF795FE0746012F09D1342005FB0060006B2065342005FB0060C06AE064D5
:209C6000342005FB0060406A6065342005FB0060806AA065BDE8F0842DE9704140F20C44BC
:209C8000C2F2000440F24845C2F200050126A8680C283FD1288801302880288804281AD9C1
:209CA000002040F22041C2F200010870E869012804D10121A86801F027FE03E00021A86819
:209CC00001F022FE0020E861022040F20C41C2F200014860F3E00C20A860288843F2E871C7
:209CE000C2F2000100EB800001EB80000C214160002000F0DFF9288843F2E871C2F200012F
:209D000000EB800001EB800002218160FFF70FFF0026D4E0A86819283FD1288801302880A0
:209D2000288804281AD9002040F22041C2F200010870E869012804D10121A86801F0E4FD21
:209D400003E00021A86801F0DFFD0020E861022040F20C41C2F200014860B0E01920A860EA
:209D6000288843F2E871C2F2000100EB800001EB800019214160002000F09CF9288843F2B4
:209D8000E871C2F2000100EB800001EB800002218160FFF7CCFE002691E0288801302880FA
:209DA000288802280BD0A868052808D02888042820D940F22041C2F20001487AD0B9002051
:209DC00040F22041C2F200010870E869012804D10121A86801F098FD03E00021A86801F0B7
:209DE00093FD0020E861022040F20C41C2F20001486064E02888042843D940F22041C2F2E9
:209E00000001487A01283CD101202880002040F22041C2F2000148720D20A860288843F244
:209E2000E871C2F2000100EB800001EB80000D214160002000F03EF92888342248F658612A
:209E4000C0F2010102FB0010C069002101702888342248F65861C0F2010102FB0010C0699F
:209E600000214170288843F2E871C2F2000100EB800001EB800002218160FFF758FE0026D0
:209E80001DE00D20A860288843F2E871C2F2000100EB800001EB80000D214160002000F0E7
:209EA00009F9288843F2E871C2F2000100EB800001EB800002218160FFF739FE0026304609
:209EC000BDE870812DE9F04D07460D46934643F29414C2F2000401267B1E1FFA83FA23789A
:209EE000322B67D2A37843F2A45CC2F2000CC3EB83030CEB83031F80A37843F2A45CC2F268
:209F0000000CC3EB83030CEB83035D60A37843F2A45CC2F2000CC3EB83030CEB8303C3F84B
:209F200008B0A3780133A370A378322B01D30023A3702378013323700C2D03D00D2D01D00C
:209F4000192D26D1012340F2204CC2F2000C8CF8003040F22043C2F200035D6028460221F4
:209F600001F0D2FC0C2D24D100230FE003EB830C43F2FC7EC2F2000E0EEB8C0C4FF0010E15
:209F80008CF810E003F1010C1FFA8CF3042BEDD30FE00AEB8A0343F2FC7CC2F2000C0122C4
:209FA00000210CEB8300FFF7C9FC3846022101F09DFC002600BF3046BDE8F08D2DE9F0415C
:209FC00040F24844C2F2000443F29415C2F2000540F20C41C2F200014868012803D1FFF79D
:209FE0004BFE064663E0287800285FD06F78C7EB870043F2A451C2F2000101EB800040687F
:20A00000A060A0680C2805D0A0680D2802D0A06819281CD1012040F20C41C2F200014860ED
:20A02000A0680C2802D10120208001E002202080002000F03FF8208843F2E871C2F200017B
:20A0400000EB800001EB8000022181601FE0002040F20C41C2F200014860C7EB870043F2BC
:20A06000A451C2F2000101EB800000882080384600F020F8208843F2E871C2F2000100220F
:20A0800000EB800001EB80001146FFF757FCFFF74EFD6878013068706878322801D30020F1
:20A0A0006870287801382870002600E001263046BDE8F0812DE9F045064643F2FC7AC2F2A8
:20A0C000000A40F24842C2F20002118801398CB240F20C42C2F20002516801295AD104EBC0
:20A0E0008401890031F80A000421FFF741FC01460F46012F18D140F24842C2F200029168A7
:20A100000D2911D104EB840100220AEB81000521FFF714FC43F29F51C2F2000140F2484259
:20A12000C2F200021163A2E0342148F68C62C0F2010204FB012108890B21FFF719FC01460D
:20A140000D4604EB840101220AEB81000521FFF7F5FB012D08D104EB840101220AEB81007F
:20A160000821FFF7EBFB82E0342148F68C62C0F2010204FB0121C96940F24842C2F200027D
:20A18000116304EB840100220AEB81000821FFF7D5FB6CE040F20C42C2F2000251680029EC
:20A1A00065D1342148F68C62C0F2010204FB012108890B21FFF7DCFB01460D46C6EB8601B6
:20A1C00043F2A452C2F2000202EB81018968F1B1C6EB860143F2A452C2F2000202EB810114
:20A1E000896840F24842C2F20002116304EB840100220AEB81000521FFF7A0FB04EB840151
:20A2000000220AEB81000821FFF798FB2FE0012D10D104EB840101220AEB81000521FFF7AD
:20A220008DFB04EB840101220AEB81000821FFF785FB1CE0342148F68C62C0F2010204FBB9
:20A240000121C96940F24842C2F20002116304EB840101220AEB81000521FFF76FFB04EB42
:20A26000840100220AEB81000821FFF767FBBDE8F0852DE9F04F83B043F29414C2F2000409
:20A2800040F24846C2F2000643F2E87BC2F2000B0290019100208DF8020094F800A064781A
:20A2A000002516E0C4EB840243F2A453C2F2000303EB8202338812889A4203D101208DF84E
:20A2C000020008E0621C94B2312C00D900246A1C95B25545E6D39DF80200012806D106F1C8
:20A2E000100001220021FFF729FB0AE00299308801F0FCFA32881A2302EB82020BEB8202EA
:20A3000053603288342048F65863C0F2010300FB023200211089FFF72BFB8DF803009DF8AB
:20A32000030001280CD1328802EB82020BEB820292682AB906F1100001220321FFF7FEFA56
:20A34000019802280DD13288736C02EB82020BEB8202D36006F1100001220921FFF7EEFA73
:20A3600008E00198012805D106F1100000220921FFF7E4FA3288338A02EB82020BEB8202D4
:20A380001380B26D4AB30027B268182A1BD80FF20808D8E802F0C046181818181818180E19
:20A3A0001012181416181818181818181818180E1000012708E0022706E0032704E00427D3
:20A3C00002E0052700E000BF3288B36D384602EB82020BEB82029168984706F1100000228C
:20A3E0000721FFF7ABFA002240F20C40C2F20000C2600C2240F20C40C2F20000026100223F
:20A4000040F23040C2F20000027003B0BDE8F08FF0B543F29417C2F2000740F20C44C2F227
:20A42000000440F24845C2F200050020E0602069012806D105F1100001220721FFF77EFAF8
:20A4400005E005F1100000220421FFF777FA2888342248F65861C0F2010102FB001006217E
:20A460000089FFF785FA0646012E03D1F81C696A01F031F9686A60B1F81CE863206910B9F9
:20A480000920206101E00A2020610320FFF730FB06E0012E02D11120206101E00F20206117
:20A4A000F0BD2DE9104140F24844C2F20004002040F20C41C2F20001C860206A032808D108
:20A4C0000021084600F014FF00210120FFF7D1FE4FE0206A012806D040F20C41C2F2000117
:20A4E0000869012825D12088342248F65861C0F2010102FB0010006A48B92088342248F66F
:20A500005861C0F2010102FB0010406A88B10021084600F0EDFE0320A06101F07FF80820E0
:20A5200040F20C41C2F2000108610220FFF7E0FA1FE0206A022814D140F20C41C2F20001C0
:20A54000086970B9012040F20C41C2F200010861012040F20C41C2F20001C8600120207372
:20A5600007E00021084600F0C3FE00210120FFF780FEBDE8108170472DE90041002040F288
:20A580000C41C2F20001C8600021084600F0B0FE00210120FFF76DFEBDE800812DE9104154
:20A5A00040F24844C2F20004002040F20C41C2F20001C860206A032808D10021084600F0BC
:20A5C00097FE01210320FFF754FE4FE0206A012806D040F20C41C2F200010869012825D1DD
:20A5E0002088342248F65861C0F2010102FB0010006A48B92088342248F65861C0F2010191
:20A6000002FB0010406A88B10021084600F070FE0320A06101F002F8082040F20C41C2F213
:20A62000000108610220FFF763FA1FE0206A022814D140F20C41C2F20001086970B90120B4
:20A6400040F20C41C2F200010861012040F20C41C2F20001C8600120207307E000210846D6
:20A6600000F046FE01210320FFF703FEBDE810812DE9104140F24844C2F20004002040F205
:20A680000C41C2F20001C860206A032808D10021084600F02DFE01210520FFF7EAFD4FE025
:20A6A000206A012806D040F20C41C2F200010869012837D10320A0610021084600F018FEA2
:20A6C0002088342248F65861C0F2010102FB0010006A48B92088342248F65861C0F20101B0
:20A6E00002FB0010406A58B100F098FF082040F20C41C2F2000108610220FFF7F9F91FE045
:20A700000021084600F0F4FD208843F2E871C2F2000100EB800001EB800001218068FFF727
:20A72000A8FD0DE0012040F20C41C2F200010861012040F20C41C2F20001C8600120207398
:20A74000BDE8108170B540F24844C2F2000440F20C45C2F200050020E860206A02280BD1F4
:20A760002869032808D10020A061022028610120E8600020207327E02088342248F6586160
:20A78000C0F2010102FB001007210089FFF7F0F80646012E07D1002028610120E8600420E0
:20A7A000FFF7A6F910E00021012000F0A1FD206A022805D104F1100000220421FFF7BEF8C2
:20A7C00002210020FFF755FD70BD70B540F24844C2F2000440F20C45C2F200050020E86082
:20A7E000E07C10B10120E86047E0206A022815D12869032812D12088342248F65861C0F2CC
:20A80000010102FB0010C07DE074022028610120E8600020207300F001FF2EE0206A02281F
:20A8200023D1A06908BB2088342248F65861C0F2010102FB001007210089FFF799F806461E
:20A84000012E09D101202861012020730120E8600420FFF74DF910E00021012000F048FD61
:20A8600002210020FFF705FD07E00021084600F03FFD01210846FFF7FCFC70BD2DE9104129
:20A8800040F20C44C2F200040020E06040F24841C2F20001086A022821D1206906280AD18E
:20A8A000072020610120E060012040F24841C2F2000108731BE02069072818D10021084678
:20A8C00000F016FD40F25840C2F2000000220421FFF734F801210020FFF7CBFC07E0002187
:20A8E000084600F005FD01210020FFF7C2FCBDE810812DE90041002040F20C41C2F2000141
:20A90000C8600021084600F0F3FC01210846FFF7B0FCBDE800812DE9704140F24846C2F24E
:20A9200000063088013884B240F20C41C2F2000108690B2826D10121084600F0D9FCB069CD
:20A94000032815D004EB840043F2FC71C2F2000101EB8000806805280AD004EB840043F21A
:20A96000FC71C2F2000101EB80008068012804D101210820FFF77DFCBBE001210020FFF7D7
:20A9800078FCB6E0342048F68C61C0F2010104FB0010006A00284AD0307D002847D0316B37
:20A9A000706BFEF7F3FF002840F0A380342048F68C61C0F2010104FB001002210089FEF777
:20A9C000D7FF0546012D0BD1306BF0630B2040F20C41C2F2000108610320FFF789F888E094
:20A9E0000121084600F084FCB069032815D004EB840043F2FC71C2F2000101EB8000806830
:20AA000005280AD004EB840043F2FC71C2F2000101EB80008068012804D101210820FFF7D3
:20AA200028FC66E001210020FFF723FC61E0706DC0B30025B068083803D0043803D00C2831
:20AA400003D1012502E0022500E000BF2846716D884700284DD10121084600F049FCB06935
:20AA6000032815D004EB840043F2FC71C2F2000101EB8000806805280AD004EB840043F2F9
:20AA8000FC71C2F2000101EB80008068012804D101210820FFF7EDFB2BE001210020FFF7D7
:20AAA000E8FB26E0B069032801D1032108E004EB840043F2FC71C2F2000101EB800081686C
:20AAC00004EB840043F2FC72C2F2000202EB800081600021084600F00BFC04EB840043F24E
:20AAE000FC71C2F2000101EB800001218068FFF7C0FBBDE870812DE9704140F24844C2F23E
:20AB00000004608DA4F840000126B4F8405040F23041C2F20001087830B140F23041C2F2F5
:20AB20000001087801380870606A022808D133462946B4F84420E06BF8F749FD606400E0FA
:20AB400000BFB4F84000401BA4F84000E06B2844E063BDE870812DE9F04D81B040F2484540
:20AB6000C2F2000540F21C4AC2F2000A43F2971BC2F2000B00270026DAF80000092803D0FD
:20AB8000DAF800000A2828D1686A022809D1688D1BF80040688D5844013000780002044317
:20ABA0001BE0686A032815D1688D1BF80040688D58440130007800020443688D5844023029
:20ABC000007800040443688D5844033000780006044302E0688D1BF80040DAF800001128F4
:20ABE0000AD168882988884204D102260F20CAF8000033E0012631E0DAF80000092803D000
:20AC0000DAF800000A2829D1686CA04201D1022700E001272888342248F65861C0F20101CC
:20AC200002FB001006210089FEF7A2FE8DF803009DF8030001280CD168882988884206D15A
:20AC40000226022F0AD10F20CAF8000006E0012604E0022F02D10F20CAF8000031463846F4
:20AC600000F0DBFD01B0BDE8F08D70B540F20C44C2F2000440F24845C2F2000520690F28A2
:20AC800002D100F070FB2AE0FFF765FF0020FEF73DFEE06802280CD1A879FEF741FB0646E5
:20ACA000C6EB860048F65C71C0F2010151F83000804720690D2812D1286A03280BD1687B41
:20ACC000297B884207D800F0A9FC082020610220FEF70EFF03E0002020610120E06070BDB3
:20ACE0002DE9F04D82B040F24844C2F2000401250120FEF70BFE40F20C41C2F20001C868B0
:20AD000002280DD1A079FEF70BFB0746C7EB870048F66071C0F2010101EBC00000688047F3
:20AD200040F20C41C2F2000108690D2818D1207D70B143F29711C2F20001206BFEF726FE5C
:20AD400070B904F1100001220A21FEF7F7FD07E00021084600F0CCFA01210846FFF789FA99
:20AD60000A21208AFEF704FE8DF803009DF80300012831D104F1100000220A21FEF7DEFD9A
:20AD8000606A88B1606CA06443F29710C2F20000E0630B2040F20C41C2F200010861032022
:20ADA000FEF7A6FE002517E02088342248F65861C0F2010102FB001006210089FEF7D8FDAE
:20ADC0000646012E06D143F29710C2F20000616A00F03EFC00F0A8FA012D40F0A78040F253
:20ADE0000C41C2F2000108690B2840F09F802088342248F65861C0F2010102FB0010022185
:20AE00000089FEF7B5FD82462088342248F65861C0F2010102FB001009210089FEF7A8FD37
:20AE200083460421208AFEF7A3FD8DF801000921208AFEF79DFD8DF80200BAF1010F16D1D3
:20AE4000BBF1010F13D19DF8010080B99DF8020001280CD1606CA16C884208D10021012028
:20AE600000F046FA00210420FFF703FA0025012D5CD1606A022811D1608D616C43F297127C
:20AE8000C2F200021154608D43F29711C2F200010844616C0130090A01702FE0606A032846
:20AEA00025D1608D616C43F29712C2F200021154608D43F29711C2F200010844616C013020
:20AEC000090A0170608D43F29711C2F200010844616C0230090C0170608D43F29711C2F220
:20AEE00000010844616C0330090E017006E0608D616C43F29712C2F20002115420883422E6
:20AF000048F65861C0F2010102FB001006210089FEF72EFD0646012E06D143F29710C2F2C7
:20AF20000000616A00F094FB00F0FEF902B0BDE8F08D2DE9104140F24844C2F2000440F2FD
:20AF40000C41C2F2000108690D2827D12088342248F65861C0F2010102FB0010006A48B930
:20AF60002088342248F65861C0F2010102FB0010406A98B1208843F2E871C2F2000100EB52
:20AF8000800001EB800002218160082040F20C41C2F2000108610220FEF7AAFDBDE8108108
:20AFA0002DE9304140F20C44C2F2000420690D2803D1062020610120E0600320FEF7A6FC7C
:20AFC000E068022811D140F24841C2F200018879FEF7A6F90546C5EB850048F67071C0F2C7
:20AFE000010101EBC00000688047BDE830812DE9F04140F24844C2F200042088012803D1BC
:20B000000020FEF775FD76E02088012873D92088022801D1FEF780FD2088342248F658612B
:20B02000C0F2010102FB001004210089FEF7A0FC06460221208AFEF79BFC0746012E56D1C8
:20B04000002F54D1206A032851D02088342248F65861C0F2010102FB001003210089FEF76E
:20B0600087FC054640F20C41C2F20001886801282FD175BB04F1100000220321FEF75EFCEB
:20B080000021084600F034F92088342248F65861C0F2010102FB0010006A48B92088342205
:20B0A00048F65861C0F2010102FB0010406A58B100F0B4FA082040F20C41C2F200010861C2
:20B0C0000220FEF715FD16E000210120FFF7D1F811E00021084600F00BF90D2040F20C4150
:20B0E000C2F2000108610020FEF702FD03E000210420FFF7BEF8BDE8F0812DE9F04D81B0B0
:20B1000040F24844C2F2000440F22041C2F20001087A012862D1258824E00021012000F0B0
:20B12000E7F804F1100000221146FEF707FC208843F2E871C2F2000100EB800001EB8000F8
:20B1400006218160208843F2E871C2F2000100EB800001EB80001A214160681C85B22088E6
:20B1600001302080042DD8D940F22041C2F20001487A012805D1062043F2FC71C2F2000196
:20B180008860002040F22041C2F200010872002040F22041C2F20001087040F22041C2F2BE
:20B1A00000014868062100F0AFFB1A2040F22041C2F200014860022040F20C41C2F200019D
:20B1C0004860002040F20C41C2F20001C8600C2040F20C41C2F20001086186E001210846AC
:20B1E00000F086F82088012817D12088342248F65861C0F2010102FB0010216BC0698142FA
:20B200000BD104F1100001221146FEF797FB04F1100001220221FEF791FB0121208AFEF7BF
:20B22000A7FB05460221208AFEF7A2FB06460321208AFEF79DFB07460621208AFEF798FB75
:20B2400083460421208AFEF793FB82462088342248F65861C0F2010102FB001005210089A6
:20B26000FEF786FB8DF80200BAF1010F0FD0012D27D1012E25D127BBBBF1000F21D19DF8C8
:20B28000020001281DD1207B617B884219D2206A03280CD1607B217B884208D80021084647
:20B2A00000F026F800210120FEF7E3FF1DE00D2040F20C41C2F2000108610120FEF718FC76
:20B2C00013E00521208AFEF753FB8DF803009DF80300012805D104F1100000220221FEF70A
:20B2E0002DFB00210420FEF7C4FF01B0BDE8F08DF0B506460F4640F24844C2F20004052174
:20B30000208AFEF735FB02461546012D0BD1324604F110000121FEF711FB3A4604F110008C
:20B320000221FEF70BFBF0BD4DF8048D40F20C40C2F2000040F24842C2F20002116A022922
:20B340000AD1032101610121C160012140F24842C2F20002117303E0022101610121C16086
:20B360005DF8048B704770B543F29415C2F2000540F24844C2F20004208843F2E871C2F216
:20B38000000100EB800001EB800008210088FEF7EFFA0646012E2BD1207D48B3E81C216BA7
:20B3A000FEF7F4FAC8B90721208AFEF7E1FA0546012D09D104F1100001220421FEF7BEFA3A
:20B3C000618D206B00F0C9FA00210120FFF790FF02210020FEF74DFF32E0207D80BB0021EB
:20B3E0000846FFF785FF00210120FEF742FF27E036BBE81C216BFEF7C9FAC8B90721208A7A
:20B40000FEF7B6FA0546012D09D104F1100001220421FEF793FA618D206B00F09EFA002143
:20B420000120FFF765FF02210020FEF722FF07E000210846FFF75CFF00210120FEF719FF42
:20B4400070BD2DE9704140F24844C2F200040026002534E0206BE28D43F29713C2F2000393
:20B46000A918405C595C884227D004F1100000220921FEF763FA01260020E085E07C98B105
:20B4800004F1100001220A21FEF758FA002040F20C41C2F20001C86040F23041C2F200013E
:20B4A00008780138087007E000210846FFF720FF01210846FEF7DDFE04E0681C85B2A08DE4
:20B4C0008542C7D31EB9E08DA18D0844E085BDE870812DE9304140F24844C2F20004002530
:20B4E00031E0206BE28D43F29713C2F20003A918405C595C884224D004F11000002209218A
:20B50000FEF71CFAE07C98B140F23041C2F2000108780138087004F1100001220A21FEF7AA
:20B520000DFA002040F20C41C2F20001C86007E000210846FFF7DCFE01210846FEF799FE66
:20B5400006E0681C85B2608DE18D401A8542C8DB0020E085BDE830812DE9304140F248440B
:20B56000C2F2000440F20C41C2F20001086930B140F20C41C2F20001086901284CD1002082
:20B58000FEF7C4F940F20C41C2F20001C868022842D1A079FDF7C4FE05469DBBE08D618D8B
:20B5A00088420DD2A08D58B1608DE18D401AA18D884202DBFFF745FF2EE0FFF78AFF2BE050
:20B5C000206A022815D140F20C41C2F200010869012805D004F1100000220421FEF7AEF946
:20B5E00000210120FFF784FE02210020FEF741FE12E000210120FFF77BFE02210020FEF73F
:20B6000038FE09E0022D07D000210846FFF770FE01210846FEF72DFEBDE8308130B540F235
:20B620004844C2F200042088342248F65861C0F2010102FB00100B210089FEF799F9054689
:20B64000012D02D10520207501E00120207530BD70B404460D4640F24842C2F200025DB962
:20B66000538D16883612E654538DB2F800C02344013383F800C02CE0012D0DD1538D168814
:20B680002344013336121E70538DB2F800C02344023383F800C01CE0022D0DD1538D168891
:20B6A0002344023336121E70538DB2F800C02344033383F800C00CE0538D168823440433EE
:20B6C00036121E70538DB2F800C02344053383F800C070BC704770B404460D4640F2484210
:20B6E000C2F2000245B9568DA35D26440136367806EB0323538026E0012D0BD1538D568DA7
:20B7000023440133264402361B78367806EB0323538018E0022D0BD1538D568D234402335F
:20B72000264403361B78367806EB032353800AE0538D568D23440433264405361B7836780A
:20B7400006EB0323538070BC7047F0B506460F4640F24844C2F2000440F20C45C2F2000524
:20B760002A69092A02D02A69112A1BD1A27C3AB1A27C013AA27400222A610122EA604BE0BA
:20B7800022884FF0340C48F65863C0F201030CFB0232927DA27401222A610122EA60012233
:20B7A000227339E0A27C3AB1A27C013AA27401222A610122EA602FE022884FF0340C48F6D2
:20B7C0005863C0F201030CFB0232126A52B922884FF0340C48F65863C0F201030CFB023223
:20B7E000526A7AB100210846FFF782FD0322A26100BF00BFFFF712FF08222A610220FEF705
:20B8000077F909E000BF00BF00210846FFF770FD01210320FEF72DFDF0BDF0B506460F4628
:20B8200040F24844C2F2000440F20C45C2F200052A69112A05D02A69092A02D02A690A2A54
:20B8400053D1226A032A14D1A27C3AB1A27C013AA27400222A610122EA6046E000210846FF
:20B86000FFF746FD00BF00BF01210320FEF701FD3BE0226A012A34D1A27C3AB1A27C013AA0
:20B88000A27400222A610122EA602EE000210846FFF72EFD0322A26100BF00BF22884FF04B
:20B8A000340C48F65863C0F201030CFB0232126A52B922884FF0340C48F65863C0F20103FF
:20B8C0000CFB0232526A3AB1FFF7A8FE08222A610220FEF70DF908E001210320FEF7C9FC31
:20B8E00003E039463046FFF730FFF0BD30B404460D4604EB840243F2E873C2F2000303EB73
:20B900008202956030BC70472DE9704106460D4640F22042C2F20002D5600024B6F10A024F
:20B9200008D0033A02D00C2A02D005E0012404E0022402E0042400E000BF48F68863C0F280
:20B9400001031A683AB148F68860C0F201000268294620469047BDE8708170B404460D4630
:20B96000002209E014F802C043F29F53C2F2000303F802C0531C9AB2AA42F3D370BC704703
:20B980002DE9F04D81B043F29416C2F2000640F24844C2F20004208843F2E871C2F2000129
:20B9A00000EB800001EB800004210088FDF7E0FF054640F20C41C2F2000108690B2817D125
:20B9C000012D0CD1208843F2E871C2F20001002200EB800001EB80000421FDF7AFFF01218F
:20B9E0000846FFF785FC02210020FEF742FC83E02088342248F65861C0F2010102FB0010F3
:20BA000008210089FDF7B4FF07460121208AFDF7AFFF82462088342248F65861C0F20101A1
:20BA200002FB00100B210089FDF7A2FF8346012F5ED1BAF1010F5BD12088342248F65861AB
:20BA4000C0F2010102FB0010C06910B9BBF1010F4ED12088342248F65861C0F2010102FBB2
:20BA6000001002210089FDF783FF8DF803009DF8030028BB208843F2E871C2F2000100EBBB
:20BA8000800001EB800004210088FDF771FF0546012D0CD1208843F2E871C2F20001002246
:20BAA00000EB800001EB80000421FDF747FF01210846FFF71DFC00210846FEF7DAFB1BE09D
:20BAC000207D80B1F11C206BFDF760FFA0B9F01CE0630B2040F20C41C2F20001086103201A
:20BAE000FEF706F808E000210846FEF7C2FB03E000210846FEF7BDFB01B0BDE8F08D00B5C3
:20BB00000020FCF714FB00BD00B50020FCF763FD00BD70B404460D46002243F65003C2F23E
:20BB2000000317E0A3B19CB194F800C04FEA0C620134267836043244013426783602324473
:20BB4000013494F800C062441A600134043300E002E0043D002DE5D800BF70BC704730B564
:20BB600004460D46F7F712FF0246227001222A800022104630BD2DE9F04407468A46002591
:20BB8000002409E043F2CA023B5DC2F20002224414321370621C94B25445F3D343F2CA01F7
:20BBA000C2F200010320FDF7FFFC0246164616B9F9F7BFF800E001252A461046BDE8F084BF
:20BBC0002DE9F04482460C46002600BFF5F75EFE02461546F6F7A1F902461746A2681023C8
:20BBE0001371A2685671A2689671A268D671A26816724DB1A2686B1E4FF0010C0CFA03F323
:20BC000043F00103137205E027B1A3681A7A42F002021A720922226145B93FB90120FBF793
:20BC200066F9FBF737F8F7F72EFF03E0FBF71BF9F7F729FF00BFBDE8F08430B504460D4610
:20BC400029462046F6F710FA30BD30B504460D4629462046F6F7EBF930BD4EF20000C0F224
:20BC600000104FF44871704730B404460D460022002203E00023A354531CDAB2072AF9D347
:20BC800007232B800023184630BC704730B404460D460022002203E00023A354531CDAB2EE
:20BCA000072AF9D307232B800023184630BC704730B404460D460022002203E00023A354CC
:20BCC000531CDAB2072AF9D307232B800023184630BC704730B404460D460022002203E0CB
:20BCE0000023A354531CDAB2072AF9D307232B800023184630BC704730B404460D46002296
:20BD0000002207E049F20C03C0F201039B5CA354531CDAB2062AF5D306232B8000231846E4
:20BD200030BC7047F0B506460F46002443F2CA01C2F200010320FDF7CEFB0246154600229C
:20BD400009E043F2CA03C2F20003134410331B78B354531C9AB2042AF3D315B904233B80AE
:20BD600000E0012423461846F0BD30B404460D460022002207E049F21203C0F201039B5CA1
:20BD8000A354531CDAB2082AF5D308232B800023184630BC704730B404460D4600220022F8
:20BDA00007E049F21A03C0F201039B5CA354531CDAB2082AF5D308232B800023184630BC68
:20BDC0007047F0B506460F46002443F2CA01C2F200010320FDF77FFB02461546002207E050
:20BDE00043F2CA03C2F200039B5CB354531C9AB2082AF5D315B908233B8000E001242346B5
:20BE00001846F0BDF0B506460F46002443F2CA01C2F200010320FDF75EFB024615460022C3
:20BE200009E043F2CA03C2F20003134408331B78B354531C9AB2082AF3D315B908233B80CD
:20BE400000E0012423461846F0BDF0B506460F46002443F2CA01C2F200010320FDF73BFBFD
:20BE600002461546002209E043F2CA03C2F20003134414331B78B354531C9AB2122AF3D366
:20BE800015B912233B8000E0012423461846F0BD2DE9104104462189B9B948F6CC40C0F2A2
:20BEA0000100C16820468847218961B948F6CC40C0F20100016920468847218909B9002136
:20BEC00004E0012102E0012100E0012100BF0846BDE8108110B581B0FDF70FFC012000906D
:20BEE000002472B600BF601C84B2FDF71DFCF9F757FB05F0D8FC69460020FDF7CEFAB4F539
:20BF0000FA7F00D102E000980228ECD062B6B4F5FA7F01D1012000E0002001B010BD30B5E7
:20BF2000044600252179013903D306D001290AD00DE02046F6F7ACF90BE02046E268A16885
:20BF4000F6F7ADF905E02046F6F7C6F901E0012500BF2946084630BD00B543F6B440C2F251
:20BF6000000000F012F800BD30B504460D462A46214643F6B440C2F2000000F050F830BDAB
:20BF800043F6B440C2F20000704730B4044600224EF26761C6F60921E1624AF68561CBF6A1
:20BFA000673121634FF27231C3F66E4161634FF23A51CAF24F51A16345F27F21C5F20E117C
:20BFC000E16346F68C01C9F6053121644DF6AB11C1F6837161644CF61951C5F6E031A164EE
:20BFE000002102E062544B1C99B22029FAD300210BE08B0004F18C0C4CF803208B0004F1B5
:20C000004C0C4CF803204B1C99B21029F1D3002363620023A3620023236230BC70472DE941
:20C02000F04F8DB00546039104924FF0000B6B6ADDF810C023F000430CEB030A6B6A4FEAE3
:20C04000DA7CDB0F0CEB03072AF000434FEAC77C4CEA030AD5F828C07B0803EB0C06B6F1A4
:20C06000005F02D34FF0010B19E1C5F824A0AE6200240AE04FEA840C05F14C0959F80C3007
:20C0800005F18C0E4EF80C300134102CF2D300240AE04FEA840C05F12C0959F80C300DF1CB
:20C0A000140E4EF80C300134082CF2D32B6A9F082B6A9B07DE0E2B6ADDF810C063449B09CA
:20C0C00023F07C444FF0000A2DE0F5F767FF20E04FEA870C05F18C0EC6F118034FF0FF0970
:20C0E00009FA03F85EF80C3023EA0803DDF80C8018F80A80C6F1180908FA09F848EA03038A
:20C100004EF80C30083673091F4416F01F060AF1010A102FDCD305A905F18C0000F0C4F885
:20C1200000270026013C002CCFD856EA070312D100240EE0A30005F14C0C4FF000084CF8E7
:20C140000380A30005F18C0C4FF000084CF803800134102CEED3049BA3EB0A043DE04FEA5A
:20C16000870CC6F118034FF0FF0909FA03F805F18C0959F80C3023EA0803DDF80C8005F18E
:20C180004C0E18F80A80C6F1180908FA09F848EA03034EF80C304FEA870C05F18C0EC6F103
:20C1A00018034FF0FF0909FA03F85EF80C3023EA0803DDF80C8018F80A80C6F1180908FAA0
:20C1C00009F848EA03034EF80C30083673091F4416F01F060AF1010A013C002CBFD8C6F19F
:20C1E00018034FF0800C0CFA03F84FEA870C05F18C0E5EF80C3043EA08034EF80C3000248C
:20C200000AE04FEA840C0DF1140959F80C3005F12C0E4EF80C300134082CF2D3BB0003EB3A
:20C22000D6032B622B6A372B10D905A905F18C0000F03AF8002407E0A30005F18C0C4FF0EB
:20C2400000084CF803800134102CF5D36B6ADB00C5F8C830D5F828C06B6AC3F3417343EA50
:20C26000CC03C5F8C43005A905F18C0000F01CF8002700240FE024F003030DF1140C5CF844
:20C280000330C7F1180E23FA0EF32B5507F1080303F01F070134202CEDD34FF0000B5B46A7
:20C2A00018460DB0BDE8F08F2DE9F04FC9B005460C464FF4807249F23401C0F2010109A8CA
:20C2C00000F061F9102245E0A2F10F0355F82330DE09A2F10F0355F8233046EA4366A2F1E0
:20C2E0000F0355F823304FEA934CA2F10F0355F823304CEA83335E40A2F10F0355F8233060
:20C30000DB0883EA060C931E55F823305E0C931E55F8233046EAC336931E55F823304FEAFC
:20C32000D34A931E55F823304AEA43335E40931E55F823309B0A83EA06079600A2F110039B
:20C3400055F823A0D31F55F82330534463443B44AB510132402AB7D32368D4F804A0D4F894
:20C3600008B0D4F80C80CDF804802669D4F814E0D4F81880CDF80080D4F81C80CDF80880B7
:20C3800000225DE04FEAC34848EA533888EAB3094FEA832848EA935888EA0908CDF80C803A
:20C3A0000AEA03090BEA030C8CEA09090BEA0A0888EA090CDDF80C80E044CDF80C804FEA54
:20C3C000465848EAD62888EAB6194FEAC61848EA566888EA0907DDF800800EEA060928EA57
:20C3E000060888EA090C4FEA8208CDF818800DF12409CDF82090C146DDF8208058F8098093
:20C40000DDF8189055F80990C144DDF80880C84407EB08090CEB0907DDF80080CDF808809F
:20C42000CDF800E0B646DDF8048007EB0806CDF804B0D3469A46DDF80C8008EB07030132FF
:20C44000402A9FD3D4F800809844C4F80080D4F80480D044C4F80480D4F80880D844C4F8CC
:20C460000880D4F80C80DDF80490C844C4F80C80D4F81080B044C4F81080D4F81480F044EF
:20C48000C4F81480D4F81880DDF80090C844C4F81880D4F81C80DDF80890C844C4F81C80EA
:20C4A00049B0BDE8F08F10B543F64064C2F20004207888B9002009F057FB012020700220EE
:20C4C00005F07DFD4CF25031022005F0C8FC622004F064F809F07CFB10BD2DE9004143F6B4
:20C4E0004061C2F200010878012804D109F070FB622004F053F8BDE800812DE9004100F0D6
:20C5000018F8012808D143F64061C2F200010878012801D1FFF7E1FFBDE800814DF8048D2D
:20C52000012043F64161C2F2000108705DF8048B704710B443F64064C2F2000400216078E5
:20C54000012802D1012100206070084610BC70478446830704D0013A13D301700130F8E732
:20C56000083A08D309060B0A19430B0C19430B1C0AC0083AFCD2083203D001700130013AC0
:20C58000FBD160467047E1B4121F39DB850713D0AD0F0B78491C0370401C022D09D80B7823
:20C5A000491C0370401C022D03D00B78491C0370401C5219121F23DB8D072ED1083A13DB31
:20C5C000143A0BDBE8C9E8C0E8C9E8C0203AF9DA131C103302DBE8C9E8C0103A143203DB32
:20C5E000A8C9A8C00C3AFBDA083209DB121F04DA0B68091D0360001D02E028C928C0121F15
:20C60000121D60D00B780370022A5CDB4B784370022A58DD8B78837055E0AD0F0326B14387
:20C620000E68091D022D1ADC33D00C2A0CDB0C3A330A60C92F063B432D0A37063D4328C0DE
:20C64000083AF5DA0C3208DB350A0E68091D37063D430560001D121FF6DAC91ED0E70C2AB9
:20C660000CDB0C3A330E60C92F023B432D0E37023D4328C0083AF5DA0C3208DB350E0E68AD
:20C68000091D37023D430560001D121FF6DA491EB6E70C2A0CDB0C3A330C60C92F043B43B8
:20C6A0002D0C37043D4328C0083AF5DA0C3208DB350C0E68091D37043D430560001D121F21
:20C6C000F6DA891E9CE7E1BC704760B50D1C011C0023181C402A0CD2161C203E2B1CF34008
:20C6E000002E06DA281CD0400B1CD34071428D402B43011C181C60BDF0B404460D461646A5
:20C70000002307E014F803C005F803C003F1010C5FFA8CF3B342F5D3F0BC704710B4044679
:20C7200043F23C02C4F20302002105E0C1F10F03E35C53544B1CD9B21029F7D310BC7047A3
:20C7400010B4044643F25C02C4F20302002105E0C1F10F03E35C53544B1CD9B21029F7D3D8
:20C7600010BC704710B4044643F25C02C4F2030200210AE0042902D20023535403E0C1F16F
:20C780000F03E35C53544B1CD9B21029F2D310BC704710B4044643F21C02C4F203020021F1
:20C7A00005E0C1F10F03E35C53544B1CD9B21029F7D310BC7047F0B484B005460E4643F2C6
:20C7C0000004C4F203046A4645F67067C0F201070BCF0BC23B681360A26B104600BA0246FA
:20C7E0000092626B104600BA02460192226B104600BA02460292E26A104600BA024603923D
:20C80000002204E06B469B5CAB54531CDAB2B242F8D304B0F0BC70472DE9F00104460D46F6
:20C820001646002305F0010747EA04274FEA066C4FEA1C2C4CEA070343F20C08C4F20308AA
:20C84000C8F80030BDE8F00170472DE91041002443F20408C4F20308D8F8000010F0010F2E
:20C8600002D140F2031409E0012043F20808C4F20308C8F8000000F01BF804462046BDE874
:20C8800010812DE9F04405460E4617469A4600242846FFF77EFF524639463046FFF7BCFF9E
:20C8A000FFF7D3FF8446644600BF2046BDE8F0842DE9704182B000240020009000250026E6
:20C8C000002001906946002005F0C4FF00254FF47A61002005F0E2FF064606E001AA69465B
:20C8E000002005F0C6FF0198054443F20408C4F20308D8F8000010F0010F01D1B542EDD311
:20C9000043F20408C4F20308D8F8000010F0010F08D043F20408C4F20308D8F80040E40562
:20C92000240E01E04FF48074204602B0BDE8708170B504460D4616462046FFF7EFFE28462A
:20C94000FFF710FF314680225020FFF765FFFFF77CFF0346184670BD2DE9F04D8DB01F46B5
:20C960000490039101920024019AD2090292019A02F07F0A4FEADA025FFA82FB0AF00702CA
:20C980008DF8032045F68065C0F20105D5F800C0CDF824C0D5F804C0CDF828C0D5F808C00E
:20C9A000CDF82CC0ED680C9545F69065C0F20105D5F800C0CDF814C0D5F804C0CDF818C094
:20C9C000D5F808C0CDF81CC0ED6808950498FFF7A5FE394680225020FFF71EFFFFF735FF2C
:20C9E00002461446002C5BD100250CE0039B3A4603EB051080235121FFF743FF024614461C
:20CA000004B103E06D1C029A9542EFD324BBBAF1000F21D0DDF80CC05A4609A90CEB051037
:20CA2000FFF76AFE9DF803204FF0010E0EFA02FE039A0DF1240C0BEB0516965DAEF1010E0D
:20CA40000EEA06060CF80B603A4609A880235121FFF717FF02461446C4B90C260CE0C6F11D
:20CA60000F0E01AA12F80EE00DF1140C0CF806E006F1010C5FFA8CF6102EF0D33A4605A8E1
:20CA800080235121FFF7FDFE8446644644B9394680225320FFF7C0FEFFF7D7FE8446644698
:20CAA00000BF20460DB0BDE8F08DF0B404460E4617460123C4F10F05072C01D30D2C00D9CD
:20CAC0000023022D02D1B6F5803F04D2032D03D1B6F1807F00D30023042F01D3102F00D932
:20CAE000002300BF1846F0BC70472DE9F04986B006460D4617460193DDF83CB039462846D0
:20CB00000D9AFFF7D2FF84468DF803C0DDF804C0ECB2C4F10E04BCF1000F88BF44F040041C
:20CB20009DF83480A8F1020C4FEA5C0C44EACC048BF80040DDF838C0ECB2C4F10E048CF8ED
:20CB40000040002415E016F804E004EB0B0C0CF1010C8CF800E0DDF8388016F804E004EBA8
:20CB6000080C0CF1010C8CF800E004F1010C5FFA8CF4AC42E7D30F2411E004970021C4F11B
:20CB80000F0C4FEACC020498FFF79FFD04909DF810C00BF804C0A4F1010C5FFA8CF4AC421C
:20CBA000EBD806B0BDE8F0892DE9F04D8BB005460E4617469A46002445F6A06CC0F2010C4A
:20CBC000DCF800E0CDF81CE0DCF804E0CDF820E0DCF808E0CDF824E0DCF80CC0CDF828C091
:20CBE00045F6B06CC0F2010CDCF800E0CDF80CE0DCF804E0CDF810E0DCF808E0CDF814E0D8
:20CC0000DCF80CC0CDF818C04FF0010C40F2D058C2F2000888F800C02846FFF77FFD0DF157
:20CC20000C0E0DF11C0C14988DE80150524639463046139BFFF759FF07A8FFF781FD03A8EB
:20CC400080236021159AFFF71CFE8446644600BF20460BB0BDE8F08D2DE9F04F8DB00C4697
:20CC600004900392002545F6C063C0F20103D3F800C0CDF824C0D3F804C0CDF828C0D3F817
:20CC800008C0CDF82CC0DB680C9345F6D063C0F20103D3F800C0CDF814C0D3F804C0CDF89D
:20CCA00018C0D3F808C0CDF81CC0DB6808930026B4F57F4F07D2230A8DF8243023468DF820
:20CCC0002530022614E0FF238DF82430FE238DF82530230E8DF82630C4F307438DF8273004
:20CCE000C4F307238DF8283023468DF829300626C6F110039C4205D20194002300934FF0FA
:20CD0000000B09E0C6F11003019333191B095B1E0093331903F00F0B002709E0DDF8108077
:20CD2000BB1918F807A00DF1240C0CF803A07F1C019B9F42F2D309A880236121039AFFF74D
:20CD4000A0FD03461D46B5B9049B3B4402934FF0000A0DE0039A0299802301EB0A106121D0
:20CD6000FFF78FFD03461D4605B104E00AF1010A009B9A45EED395B9BBF1000F0FD0DDF8ED
:20CD800008C05A4605A90CEB0A10FFF7B5FC05A880236121039AFFF774FD03461D462B46D2
:20CDA00018460DB0BDE8F08F2DE9F04D88B0074692469B4603910025DDF80C804FEA181820
:20CDC000CDF80480DDF80C8008F00F088DF8038045F6E060C0F2010003680493436805931F
:20CDE00083680693C068079040F2D051C2F20001087810B94FF4817536E0002410E05A469C
:20CE000007EB041080236221FFF73BFD05462DB90AEB04101021FFF7CEFC00E003E0641C4A
:20CE200001988442EBD3FDB99DF80300E0B1002040F2D051C2F20001087004A907EB0410A3
:20CE40009DF80320FFF758FC9DF803005A46C30004A86221FFF715FD05462DB90AEB041064
:20CE60009DF80310FFF7A7FC284608B0BDE8F08D2DE9F04C82460D4693461E460A9F0024B2
:20CE800036B13A4631465846FFF7E6FE8446644645B13CB93B4629465046079AFFF784FF3D
:20CEA000844664466CB9394680226320FFF7B4FCFFF7CBFC844664461CB909990898FFF751
:20CEC0007AFC00BF2046BDE8F08C2DE9F04D81B007468C4692464FEADA0B0AF007060024D2
:20CEE000002309E0FD5C1CF803E095EA0E0F01D0012403E05D1CEBB25B45F3D384B97EB179
:20CF000017F803E01CF803808EEA08054FF0010E0EFA06FEAEF1010E05EA0E0505B101241E
:20CF200000BF204601B0BDE8F08D2DE910410446012140F2D152C2F2000211702046FFF73E
:20CF4000EDFB802200211046FFF766FCBDE810812DE9F04D85B0064640F2D05BC2F2000B52
:20CF60000091002500980709009800F00F0A45F6F060C0F20100036801934368029383684A
:20CF80000393C06804909BF8010010B94FF481752FE000240EE0FFF758FC054605B10BE052
:20CFA00006EB0410FFF7F5FB802200218120FFF733FC641CBC42EED3DDB9BAF1000F18D086
:20CFC00000208BF80100FFF740FC054665B9524601A906EB0410FFF78FFB01A8802200F808
:20CFE0000A2001A8FFF7D5FB802200218120FFF713FC284605B0BDE8F08D2DE9F04D07464A
:20D000000E4692469B4600242EB131463846FFF79FFF84466446CCB940F2D15CC2F2000C5F
:20D020009CF800C0BCF1010F01D1822500E08325284680220021FFF7EFFBFFF706FC84460B
:20D0400064461CB959465046FFF7B5FB00BF2046BDE8F08D2DE9F04C05460E4617469A4601
:20D06000DDF81CB000242846FFF75FFF39463046FFF76EFF844664463CB95B46524600210E
:20D080000846FFF7BAFF8446644600BF2046BDE8F08C2DE9F04D85B006460F4692469B46F7
:20D0A000002445F60075C0F20105D5F800C0CDF804C0D5F804C0CDF808C0D5F808C0CDF856
:20D0C0000CC0ED680495DDF8348008F1070C4FEADC05009501AB524639463046FFF7BAFF6A
:20D0E0008446644644B901A958460D9AFFF7EDFEDDF838C08CF8000000BF204605B0BDE81F
:20D10000F08D2DE9F04C06468B4617469A46002407B100BF4FEA071C5FFA8CF53046FFF7A9
:20D12000FDFA15B15846FFF70BFB514628468022FFF772FB702D0DD1FFF787FB8446644627
:20D1400044B906F11000FFF7E9FA514680227120FFF762FB00BF2046BDE8F08C2DE9F04D3C
:20D1600082B08A461F460090019200243D016D1CEEB2072F02D13D01AD1CEEB21AF00F0FC2
:20D180001ED14FEA1A1B002517E0009901EB0510FFF7FFFAFFF759FB844664465CB9019920
:20D1A00001EB05101021FFF706FB304680220A99FFF732FB00E005E06D1C5D45E5D301E0DF
:20D1C0004FF4817400BF204602B0BDE8F08D2DE9F04D81B006460F4692469B460A9D002475
:20D1E00005B100BF2A46394630460B9BFFF789FF844664464CB92B4659460B98099A0090D2
:20D200005046FFF7ABFF8446644600BF204601B0BDE8F08D2DE9F04D81B007468A469346F2
:20D2200043F65066C2F20006002500930024002040F2CC51C2F200010870012040F2D25157
:20D24000C2F20001087035607560BBF1600F06D151463846009AFFF76BFB044606E05A466A
:20D2600051463846009BFFF777FB0446204601B0BDE8F08D2DE9F04D88B08246934643F6AE
:20D280005067C2F2000703910025DDF80C804FEA1818CDF80480DDF80C8008F00F088DF85B
:20D2A000038045F61070C0F20100036804934368059383680693C068079040F2CC51C2F2F2
:20D2C00000010878012802D14FF4817531E000240EE038460368103303605A460AEB04103D
:20D2E00080235121FFF7CDFA054605B103E0641C01988442EDD3E5B99DF80300C8B1012009
:20D3000040F2CC51C2F2000108703A469DF8031010680844106004A90AEB04109DF80320C7
:20D32000FFF7EAF95A4604A880235121FFF7A9FA0546284608B0BDE8F08D2DE9F04F89B0F9
:20D340008246934640F2D050C2F200000290049103930025DDF810804FEA1818CDF804802D
:20D36000DDF8108008F00F088DF8038045F62070C0F20100016805914168069181680791F3
:20D38000C0680890012040F2CC51C2F2000108700299887810B94FF4817543E0002417E055
:20D3A00043F65460C2F200000668103606600AEB041080235221039AFFF763FA05462DB972
:20D3C0000BEB04101021FFF7F6F900E003E0641C01988442E4D32DBB9DF8030010B30299F6
:20D3E0000020887043F65462C2F200029DF8031010680844106005A90AEB04109DF8032025
:20D40000FFF77AF99DF80300039AC30005A85221FFF737FA05462DB90BEB04109DF8031081
:20D42000FFF7C9F9284609B0BDE8F08F2DE9F0498CB043F65064C2F2000402900091039201
:20D440000193DDF858B0002545F63076C0F20106D6F800C0CDF820C0D6F804C0CDF824C02E
:20D46000D6F808C0CDF828C0F6680B96019828B15A4601990398FFF7FDFE0546009838B166
:20D4800035B95B46139A00990298FFF756FF0546B5BB2068430FC200CDE906236068440F81
:20D4A000C300CDE90434002413E0C4F107070DF1180C1CF8077008A807550DEB0406C4F171
:20D4C00007070DF1100C1CF8077028363770601CC4B2082CE9D35A4608A880235121FFF757
:20D4E000D0F9054665B9594680225420FFF794F9FFF7ABF905461DB915991498FFF75BF963
:20D5000028460CB0BDE8F0892DE9F04D84B006460F4692469B46129D00242B465246394687
:20D520003046FFF777FE84466446DDF838C0BCF1000F07D034B92A460E990D98FFF79AFEFF
:20D5400084466446DDF830C0BCF1000F08D03CB92B4658460F9A0C99FFF7EFFE8446644655
:20D5600074B911980290109801900F98039500231A46194600901846FFF758FF844664463A
:20D5800000BF204604B0BDE8F08D2DE9F04D86B082468B46049205930E9E109F149D002410
:20D5A000AC46DDF84C808DE88011334659465046049AFFF7F9FA844664463FB134B92A46DC
:20D5C00039460F98FFF748FB8446644646B13CB92B463146119A0598FFF7E6FB8446644611
:20D5E00074B913980290129801901198039500231A46194600901846FFF73AFC84466446D5
:20D6000000BF204606B0BDE8F08D2DE9F00C84468A4614460023002500269CF8007044F65B
:20D62000240BC2F2000B7F0037F80B60DCF81CB0C6EB86070BEBC707BF7A012F0CD1A778DC
:20D640009AF811B05F4505D8A778082F08D967687F0005D4012303E0A778082F00D901233E
:20D66000012B05D0A76817B99AF80E7007B1012500BF2846BDE8F00C70472DE9F04C81B0D4
:20D6800083460E4643F66065C2F20005002700244FEA8B00294651F800A0281D10F80B00F7
:20D6A00001280BD1304601F0D1FADAF80800800704D430460022114601F006FB00271AE0F8
:20D6C000DAF82420B9005558A96901290DD1002407E02A7F30462244D1B201F003FA621C35
:20D6E000D4B22A7C9442F4D303E03046297F01F0F9F9791CCFB29AF820108F42E0D33046AB
:20D7000001F00CFB8DF803009DF8030001B0BDE8F08C2DE9F04C81B0834614461F4643F6DB
:20D720006066C2F200068DF80310089D4FEA8B00324652F800A09DF8030006F108028000ED
:20D740001658686820602868800203D5206840F000402060B06900B900BFB069022806D0FF
:20D760002868002803D5206840F080402060307B20719AF80000607195F84800B86005F19F
:20D780000800386039462046F4F776FE01B0BDE8F08C2DE9F04406460F46924643F68C75D6
:20D7A000C2F2000500240AEBC61029460C5CFF2C10D007EB4410407B60B907EB4410806996
:20D7C000012807D10AEBC610400005F50A61405AF4F7E6FDBDE8F0842DE9F04D89B007467E
:20D7E0009B4643F6606CC2F2000C8DF807100392B80063461D5800264FF0000A00240BEBF3
:20D80000C7100CF5967313F800A0BAF1FF0F57D0039901EB4A10407B002851D103994FEAE0
:20D820004A104418A06902900298B8B94CF20423C0F20103207F53F827300001C65800967B
:20D8400004AB07AA3846217BFFF763FF0022637B217F9DF8070001F082F931E00298022879
:20D860002ED1BBF1070F06D16868806840B368688068804724E0BBF1060F06D16868C06852
:20D88000F0B16868C06880471AE04CF20423C0F20103207F53F827300001C658009604AB6E
:20D8A00007AA3846217BFFF734FF6868006910B168680069804700219DF8070001F08BF948
:20D8C00009B0BDE8F08D2DE9F04D84B082468B4643F66865C2F200058DF80B2003930D9E9D
:20D8E00001249DF80B00294680000F589DF83010328801EBCA10400040F6C411294442526C
:20D90000B068039A019070689DF8301000907B7B584601F014FA0446204604B0BDE8F08D6B
:20D920002DE9F04D86B08A4693461E468DF80B00012400254FEA8B0743F6686CC2F2000CDF
:20D940004CF80760D6F818C0BCF1010F36D1DDF838C0DCF80470FF0F0397DDF838C09CF894
:20D9600002C08DF810C04FF0000C8DF811C000BF377F50462F44F9B201F088F907463C4685
:20D980007CB9DDF83880377F2F44FFB28DE8800103AB5A4651469DF80B00FFF794FF07469A
:20D9A0003C4605F1010C5FFA8CF596F810C0654504D25FFA84FCBCF1020FD9D02CB15FFAB4
:20D9C00084FCBCF1020F00D00124E7B2384606B0BDE8F08D2DE9F04F84B043F65864C2F2F3
:20D9E00000048DF8070003914FF0010A4FF0000B00260025002743F65860C2F2000050F810
:20DA00002B209DF807005269175C43F65860C2F2000050F82B20D369BA009D5805B343F6DD
:20DA20005860C2F2000050F82B309DF807209B695201D61831462846039AFFF7E6FD012852
:20DA40000ED1231D53F82720012A09D1334603989DF807200090A9782878FFF761FF8246D1
:20DA6000504604B0BDE8F08F2DE9F04C81B083468A4643F65866C2F2000600920025002490
:20DA8000002756F8253083B356F82530DB6813F80B7056F82530D3F81CC0BB005CF803407E
:20DAA0001CB3009B013B0BD302D0012B12D01BE056F82530524620789969FFF76AFE14E0E0
:20DAC00056F825C05346A1782078DCF81820FFF783FE0AE056F825C05346A1782078DCF80B
:20DAE0001820FFF779FE00E000BF01B0BDE8F08C2DE9F04C834643F65864C2F20004A24660
:20DB00000027002500265AF82700B0B15AF82700C06810F80B605AF82700C169B0000D58ED
:20DB20005DB1A9782878FFF7A8FD30B9B000211D02220A506878F4F7E1FCBDE8F08C00005D
:20DB400010B404460021062C01D2402100E0802100BF084610BC704700002DE9F04482B0A3
:20DB600005460E46AA004CF20823C0F201039F580024AA0044F62C13C2F2000353F802A05B
:20DB80009AF80428012A08D17A6BC2F30362013252000532964200D80124ECB901AB6A4632
:20DBA0003146284600F068FA012801D1012413E03146284600F0A7F8012801D101240BE09C
:20DBC000019B1A686FF31B621A60019B1A684FF0040C6CF31B621A603146284600F0D4F86A
:20DBE0002246104602B0BDE8F0842DE9F04D86B005468DF8031000240826002203924FF0E8
:20DC0000000B02AB01AA28469DF8031000F034FA012801D101246CE028469DF8031000F0FB
:20DC200072F8012801D1012463E0029B1A684FF0090C6CF31B621A6044F24021C0F20F01F5
:20DC4000002004F02BFE0246059204A9002004F001FE0BE003AA04A9002004F00AFE039AEA
:20DC60009344059A934501D9012434E09DF803A00027BAF1200F07D251462846002200F01A
:20DC80003DF90246174624E0BAF1400F07D251462846002200F063F90246174619E0BAF116
:20DCA000600F0BD2062D01D0072D07D151462846002200F083F9024617460AE0062D01D0E2
:20DCC000072D06D151462846002200F0A6F902461746002FBED01CB9029A16683601360FB6
:20DCE000082E01D1012404E0092E01D1002400E0002428469DF8031000F046F822461046E0
:20DD000006B0BDE8F08D2DE9F04407460E46BA004CF20823C0F201039D5800243846FFF7DA
:20DD20000FFF024692462A6812F07F02964201D8564500D301242A6812F0005F08D06A6BBC
:20DD4000C2F30362013252000532964200D8012422461046BDE8F084F0B505460E46AA0053
:20DD60004CF20823C0F201039F5800243A6812F07F02964204D82846FFF7E2FE864200D3B1
:20DD8000012422461046F0BDF0B404460D46A2004CF2182CC0F2010C5CF80230002205F032
:20DDA0001F074FF0010C0CFA07F6202D01D21E6318E0402D01D2DE6214E0602D07D2062C49
:20DDC00001D0072C01D15E670CE001220AE0802D07D2062C01D0072C01D11E6702E0012297
:20DDE00000E0012200BF1046F0BC7047F0B405460E461746002300242B462C4606B1336094
:20DE000007B13C60F0BC70472DE9F04482B082464FEA8A014CF20822C0F201025458002654
:20DE2000002100910025216811F0004F24D105F0FDFC216841F00041216005F0FAFC44F2B2
:20DE40004021C0F20F01002004F028FD01460F4601A9002004F0FEFC0AE06A4601A90020AE
:20DE600004F007FD00990D44BD4201D9012603E0216811F4801FF0D03146084602B0BDE8D4
:20DE8000F0842DE9F04482B082464FEA8A014CF20822C0F201025458002600210091002540
:20DEA000216811F4801F24D005F0D2FC21686FF3DF71216005F0CFFC44F24021C0F20F01A9
:20DEC000002004F0EBFC01460F4601A9002004F0C1FC0AE06A4601A9002004F0CAFC009979
:20DEE0000D44BD4201D9012603E0216811F4801FF0D13146084602B0BDE8F0842DE9F00C5E
:20DF000007460E469446BB004CF21825C0F20105EC5800230025BCF1010F0ED1A56AD4F895
:20DF200030A04FF0010B0BFA06FB05EA0A0A1BEA0A0F14BF0123002309E0236B4FF0010AC4
:20DF40000AFA06FA1AEA030F14BF0123002300BF1846BDE8F00C70470000000000002DE902
:20DF6000F04C07460E469446BB004CF21825C0F20105EC5800230025BCF1010F0FD1656A04
:20DF8000D4F82CA0A6F1200B012303FA0BFB05EA0A0A1BEA0A0F14BF012300230AE0A6F144
:20DFA000200A012303FA0AFAE36A1AEA030F14BF0123002300BF1846BDE8F08C2DE9F04C05
:20DFC00007460E469446BB004CF21825C0F20105EC5800230025BCF1010F0FD1E56ED4F890
:20DFE00074A0A6F1400B012303FA0BFB05EA0A0A1BEA0A0F14BF012300230AE0A6F1400AFE
:20E00000012303FA0AFA636F1AEA030F14BF0123002300BF1846BDE8F08C2DE9F04C0746FC
:20E020000E469446BB004CF21825C0F20105EC5800230025BCF1010F0FD1A56ED4F870A0AC
:20E04000A6F1600B012303FA0BFB05EA0A0A1BEA0A0F14BF012300230AE0A6F1600A01234D
:20E0600003FA0AFA236F1AEA030F14BF0123002300BF1846BDE8F08C2DE9F04F88B082464A
:20E080000E46934607934CF21825C0F2010555F82AC0CDF80CC04FF0080C8DF803C04FF4E0
:20E0A000007CCDF810C0002500274FF0000CCDF804C0BBF1000F03D04FF0000CCBF800C0D3
:20E0C0000324BAF1060F00D201240594002434E05FFA87FCA6EB0C0C5FFA8CF62146504634
:20E0E00000F051FC84468DF802C09DF803809DF802C0E044CDF80880DDF810C0DDF80890E0
:20E10000BCFBF9F7BBF1000F01D0CBF80040BE4210D2DDF8088008FB06FC0CEB050EDDF8A6
:20E120000C8008EB0E0CDDF81C800CF1800CC8F800C006E005F500750134DDF814C06445F0
:20E14000C6D94FF4006CBAF1060F01D24FF4806CCDF818C0DDF818C0654503D34FF0010C99
:20E16000CDF804C0DDF804C0604608B0BDE8F08F0000000010B40446A2004CF21823C0F220
:20E180000103995800228A6200224A62062C01D0072C01D10022CA66062C01D0072C01D14C
:20E1A00000228A6610BC7047000000002DE9F04407460E469246BB004CF2182CC0F2010C0B
:20E1C0005CF803403546BAF1010F07D105F04CFB63683343636005F04AFB07E0354605F0C9
:20E1E00043FB6368AB43636005F041FBBDE8F0842DE9F04407460E469246BB004CF2182C1B
:20E20000C0F2010C5CF80350BB004CF2082CC0F2010C5CF8034005F015FB636B43F00053BC
:20E22000636305F012FB05F019FBBAF1010F2AD10A2E0CD1D4F8E03A6FF3DF73C4F8E03AD2
:20E24000D5F8E03A43F40023C5F8E03A45E00B2E0CD1D4F8E03A6FF3DF73C4F8E03AD5F82E
:20E26000E03A43F48023C5F8E03A36E0D4F8E03A6FF3DF73C4F8E03AD5F8E03A43F480337C
:20E28000C5F8E03A29E00A2E0CD1D4F8E03A6FF3DF73C4F8E03AD5F8E03A23F40023C5F83B
:20E2A000E03A1AE00B2E0CD1D4F8E03A6FF3DF73C4F8E03AD5F8E03A23F48023C5F8E03A4C
:20E2C0000BE0D4F8E03A6FF3DF73C4F8E03AD5F8E03A23F48033C5F8E03A05F0C2FABDE805
:20E2E000F08400002DE9F04D81B005468A46934644F63C14C2F200048DF80330AF004CF24B
:20E30000182CC0F2010C5CF807600AF01F0C4FF0010E0EFA0CF705F08FFABBF1010F13D1A3
:20E320004FEA051E5EF804C04CEA070C4EF804C09DF803C0BCF1010F14D14FEA051C5CF86C
:20E3400004C0C6F828C00DE04FEA051E5EF804C02CEA070C4EF804C04FEA051C5CF804C04B
:20E36000C6F828C005F06BFA01B0BDE8F08D2DE9F04D81B005468A46934644F64014C2F210
:20E3800000048DF80330AF004CF2182CC0F2010C5CF807600AF01F0C4FF0010E0EFA0CF798
:20E3A000BBF1010F17D105F047FA4FEA051E5EF804C04CEA070C4EF804C09DF803C0BCF1B5
:20E3C000010F05D14FEA051C5CF804C0C6F824C005F035FA11E005F02FFA4FEA051E5EF85E
:20E3E00004C02CEA070C4EF804C04FEA051C5CF804C0C6F824C005F022FA01B0BDE8F08D2E
:20E400002DE9F04D81B005468A46934644F64414C2F200048DF80330AF004CF2182CC0F29F
:20E42000010C5CF807600AF01F0C4FF0010E0EFA0CF7BBF1010F17D105F0FEF94FEA051EAA
:20E440005EF804C04CEA070C4EF804C09DF803C0BCF1010F05D14FEA051C5CF804C0C6F834
:20E460006CC005F0ECF911E005F0E6F94FEA051E5EF804C02CEA070C4EF804C04FEA051CCE
:20E480005CF804C0C6F86CC005F0D9F901B0BDE8F08D2DE9F04D81B005468A46934644F62E
:20E4A0004814C2F200048DF80330AF004CF2182CC0F2010C5CF807600AF01F0C4FF0010E72
:20E4C0000EFA0CF7BBF1010F17D105F0B5F94FEA051E5EF804C04CEA070C4EF804C09DF88C
:20E4E00003C0BCF1010F05D14FEA051C5CF804C0C6F868C005F0A3F911E005F09DF94FEA28
:20E50000051E5EF804C02CEA070C4EF804C04FEA051C5CF804C0C6F868C005F090F901B004
:20E52000BDE8F08DF0B504460D4616461F46202D06D23B46324629462046FFF7D3FE21E0FB
:20E54000402D06D23B46324629462046FFF70FFF18E0602D0AD2062C01D0072C06D13B46B5
:20E56000324629462046FFF74BFF0BE0602D09D3062C01D0072C05D13B46324629462046E0
:20E58000FFF787FFF0BD2DE9F04104460F46154600263B460C2B31D80FF20408D8E803F06A
:20E5A000070E2E2E2E152E2E2E2E1C2228002A4620464FF40041FFF7F9FD20E02A4620466D
:20E5C0004FF48041FFF7F2FD19E02A4620464FF00041FFF7EBFD12E02A4620460A21FFF73C
:20E5E00007FE0CE02A4620460B21FFF701FE06E02A4620460C21FFF7FBFD00E000BF334644
:20E600001846BDE8F0812DE9F04F87B004460E461F46069225684FF0080C6CF31B6525601B
:20E6200004F1080CCDF808C001AA69463079FFF7DDFB002F62D096F804C04FEA9C0B0025BB
:20E6400024E04FEA850A5FFA8AFAD4460CEB070808F1030917F80C8099F80090C9EA08690C
:20E660000CEB070898F8018049EA08490CEB070898F802804FEA850A04F1080E49EA0828B1
:20E680004EF80A8005F1010A5FFA8AF55D45D8D34FEA8B0A5FFA8AFA554612E025F0030E26
:20E6A00005F00308C8F10308C6440EF03F0ADDF8088017F805E008F80AE005F1010E5FFAAC
:20E6C0008EF596F804E07545E8D3357912E025F0030E05F00308C8F10308C6440EF03F0AF5
:20E6E000DDF8088096F807E008F80AE005F1010E5FFA8EF59DF804E07545E8D34FF0000E42
:20E70000C4F800E04FF0000EC4F804E0D4F800E0DDF8008068F3134EC4F800E0D6F800E069
:20E72000BEF1010F1CD1DDF8188028F0005EC4F804E09DF84480D4F804E06FF35F7E4EEA2A
:20E74000487EC4F804E0D4F800E04EF4001EC4F800E0D4F800E04EF4800EC4F800E022E091
:20E76000D6F800E0BEF1000F1DD1D4F804E0DDF8188068F39C4EC4F804E09DF84480D4F818
:20E7800004E06FF35F7E4EEA487EC4F804E0D4F800E06FF3555EC4F800E0D4F800E06FF34D
:20E7A000965EC4F800E096F805E0BEF1010F05D1D4F800E04EF4801EC4F800E0D4F800E0ED
:20E7C0006FF31B6EC4F800E096F806E0BEF1010F05D1D4F800E04EF0004EC4F800E0D4F809
:20E7E00000E096F8088068F39E7EC4F800E0D4F800E0DDF8408068F31B6EC4F800E007B098
:20E80000BDE8F08F2DE9F04D86B005468A461646059300244CF2082CC0F2010C5CF825C0AE
:20E82000CDF810C04FEA850C4CF2182BC0F2010B5BF80C7003AB02AA51462846FFF71CFCFE
:20E84000012801D1012436E096F804C0BCF1400F01D901242FE02846029900F094F88446D7
:20E86000E34651462846FFF74EFA18BB96F804C0DC451FD8DDF81080D8F800C01CF4006F7B
:20E880000CD096F808C0BCF1010F07D1D7F800CC2CF4804C4CF0004CC7F800CC31469DF80B
:20E8A00040000E9B01900F98059A00900398FFF7AAFE00E0012400BF204606B0BDE8F08DCD
:20E8C0002DE9F04D84B08A4614469B46039000264FEA8A0544F62C1CC2F2000C5CF805701A
:20E8E000DDF80CC0DCF800502D012D0F07EB041CDCF80CC0BCF1010F04D12DB1082D03D0BF
:20E90000092D01D0022637E021465046FFF73CFA07EB041C4FF0020ECCF80CE09BF805E0FF
:20E9200007EB041C8CF805E007EB041C4FF0000ECCF808E09DF8308007EB041C8CF80480F2
:20E940004FF0000E4FF00C0C0E988DE801505A46214650460D9BFFF755FF844666465EB98B
:20E960009DF830C0BCF1000F06D121465046012297F80538FFF7D6FD00BF304604B0BDE83C
:20E98000F08D00000000F0B405460E46AA004CF2082CC0F2010C5CF802300022D3F800C0A9
:20E9A0001CF4006F2FD0741E04D30DD0022C15D31ED027E0D3F8004C4FF0010CC4F3014429
:20E9C00003340CFA04F21FE0D3F8004C4FF0010CC4F3C14403340CFA04F215E0D3F8004CA7
:20E9E0004FF0010CC4F3815403340CFA04F20BE0D3F8004C4FF0010CC4F3416403340CFA25
:20EA000004F201E000E00822D4B22046F0BC70472DE9F04482B082464FEA8A014CF2082256
:20EA2000C0F2010254580026002100910025216811F0807F47D144F24021C0F20F0100205E
:20EA400003F02CFF01460F4604F002FF216841F080412160216841F080512160216811F075
:20EA6000004F03D021686FF3DF71216004F0F3FE01A9002003F0EEFE0AE06A4601A90020C6
:20EA800003F0F7FE00990D44BD4201D9012603E0216811F0006FF0D0002501A9002003F026
:20EAA000D9FE0AE06A4601A9002003F0E2FE00990D44BD4201D9012605E0216811F0807FF0
:20EAC00001D1002EEED03146084602B0BDE8F08400000000000000000000000000000000E8
:20EAE00000000000F0B507460C460025BA0044F62C13C2F200039E5821463846FFF72CF9CD
:20EB000008B1012526E006EB0412D268012A01D103251FE021463846002296F80538FFF7E3
:20EB200001FD06EB0412D268022A06D121463846FFF75BF80246154608E006EB0412D26899
:20EB4000032A03D121463846FFF707F806EB04120123D3602A461046F0BD000000002DE9F3
:20EB6000F04C07460D4693469A4600244FEA870C44F62C1EC2F2000E5EF80C60294638461B
:20EB8000FFF7EAF808B1012416E006EB051CDCF80CC0BCF1010F01D002240DE006EB051C64
:20EBA0004FF0030ECCF80CE006EB051CCCF800B006EB051C8CF804A04CB9BAF1000F06D1FF
:20EBC00029463846012296F80538FFF7ABFC00BF2046BDE8F08CF0B506460F460125B20059
:20EBE00044F62C13C2F200039C5894F80428012A29D1E268012A01D0022524E00025032259
:20EC0000E2602760D4F80028022A02D10122227119E0D4F80028B2B90022227130460122DC
:20EC2000052194F80538FFF77DFC30460122062194F80538FFF776FC30460122072194F838
:20EC40000538FFF76FFC2A461046F0BD2DE9F04406460125B1004CF20822C0F2010257586A
:20EC6000B10044F62C12C2F2000252F801A03C68E40F34B93046FFF77DFA00218AF80518A3
:20EC8000002529460846BDE8F0840000F0B505460E460124AA0044F62C13C2F200039F583F
:20ECA00031462846FFF758F8012801D1012407E007EB0612D268012A01D1002400E00224B7
:20ECC00022461046F0BD00002DE9F04C05468A4693460024AB004CF2082CC0F2010C5CF82F
:20ECE00003703B68DE0F012E04D12846FFF7C9F803461C4634B95A4651462846FFF743FC76
:20ED000003461C46012E04D12846FFF77DF800B1012423461846BDE8F08C000030B505467D
:20ED200000242846FFF774FE01460C4624B92846FFF76AF801460C462146084630BD2DE94C
:20ED4000F04D86B006460F4693468DF80F300024B5004CF2082CC0F2010C5CF805A0DAF82D
:20ED600004502D07ED0F0DBB05AB04AA39463046FFF782F9012801D1012418E03946304676
:20ED8000FEF7C1FF012801D1012410E00F9802900E9801909DF80F005B463A463146009072
:20EDA0000598FFF78DFD8446644600E0012400BF204606B0BDE8F08D000000002DE9F04476
:20EDC00004460F4616469A460AEB06152D7945BBFD1F25D312D0023D16D31BD0063D07D07F
:20EDE000012D1DD1F1B220460122FEF73DFE18E0F1B220460022FEF737FE12E0F1B2204653
:20EE00000222FEF731FE0CE0204602220621FEF72BFE06E0204602220721FEF725FE00E05F
:20EE200000BFBDE8F08470B504460D4616462B1C03D00A3B022B04D904E02046FEF758FEDE
:20EE400001E000E000BF70BD2DE9F04D82B0064644F6083BC2F2000B0191002504F00AFD46
:20EE60000BEBC6021268B2F1FF3F42D00BEBC602141DF2005BF802A04CF2CC23C0F20103AE
:20EE800053F836304FEACA029F183B680BEBC602136020E04CF2CC23C0F20103226853F879
:20EEA0003630DDF804C003EBC2025268DCF85030126D934206D922680092C4F800A0009A4E
:20EEC0003A6001254CF2CC23C0F20103226853F83630D2009C181DB92268B2F1FF3FD9D1E3
:20EEE00025B9C4F800A04FF0FF323A60019A7A60012504F0C2FC2A46104602B0BDE8F08DE7
:20EF00002DE9F04D82B005464CF2CC27C0F2010744F6083AC2F2000A0191012604F0AAFCA9
:20EF20000AEBC5025268B2F1FF3F2ED00AEBC502141D26E0226857F8353003EBC2025268DF
:20EF4000019B1268934217D1D4F800B0226857F8353003EBC202126822605AF8352000923D
:20EF60000AEBC502C2F800B057F8353003EBCB02009B1360002608E0226857F83530D200D0
:20EF80009C182268B2F1FF3FD4D104F076FC3246104602B0BDE8F08D00000000000070B580
:20EFA0004CF2CC26C0F2010604F064FC002435E044F60831C2F2000101EBC4004FF0FF3194
:20EFC000416006EBC400406848B944F60831C2F2000101EBC4004FF0FF3101601DE044F653
:20EFE0000831C2F2000101EBC40000210160002506E056F8341001EBC500691C0160013587
:20F0000006EBC400406801388542F2D356F8341001EBC5004FF0FF3101600134032CC7D3BD
:20F0200004F02BFC70BD2DE910010446211C04D040F20318414502D003E0002103E0022157
:20F0400001E0012100BF00BF0846BDE81001704710B40446012C01D302D003E0002103E0AC
:20F06000012101E0012100BF00BF084610BC70472DE9F04D84B083468E464CF2E426C0F2FE
:20F080000106029203930027DBF8445005EBC50406EB84046468247804F0030ABAF1000F5C
:20F0A00050D0002445E005EBC50C06EB8C0CDCF81C8058F824C0DCF808C0BCF1010F0CD1C3
:20F0C00005EBC50C06EB8C0CDCF81C8058F824C0DCF824C0CEF800C02AE005EBC50C06EB48
:20F0E0008C0CDCF81C8058F824C0DCF808C0BCF1050F1DD105EBC50C06EB8C0CDCF81C80CF
:20F1000058F824C0DDF80880DCF824C0C8F800C005EBC50C06EB8C0CDCF81C8058F824C038
:20F12000DCF820C0DDF80C80DCF800C0C8F800C0013405EBC50C06EB8C0CDCF808C06445E2
:20F14000B1D300E0092700BF384604B0BDE8F08DF0B405460F4616464FF0FF333360002341
:20F1600011E005EBC5044CF2E42CC0F2010C0CEB8404D4F81CC05CF82340A468A74201D133
:20F1800033600BE0013305EBC5044CF2E42CC0F2010C0CEB8404A468A342E2D3F0BC70476F
:20F1A0002DE9F04D84B005464CF2E42BC0F2010B0191029203934FF0000AAC6CDDF80CC0B4
:20F1C00024780CEA0404013C04D0013C0BD0022C12D01AE0D5F848C0DCF80440D5F848C0A0
:20F1E000DCF8087014E0D5F848C0DCF80C40D5F848C0DCF810700BE0D5F848C0DCF81440C9
:20F20000D5F848C0DCF8187002E04FF0FF3400BF062C13D204EBC4060BEB860676683678CC
:20F2200006F0030A6A4639462046FFF791FFDDF800C0BCF1FF3F01D14FF0000ABAF1000F5B
:20F2400040D004EBC4060BEB8606D6F81CC0009E5CF826607669022E01DD012633E02E6C80
:20F2600076683668033E032E0DD804EBC4060BEB8606D6F81CC0009E5CF826607669012E50
:20F2800001DD01261FE004EBC4060BEB8606D6F81CC0009E5CF82660DDF804C0766ACCF8D0
:20F2A000006004EBC4060BEB8606D6F81CC0009E5CF82660366ADDF808C03668CCF8006092
:20F2C000002600E0092600BF304604B0BDE8F08D2DE9F00404460D4616469A460027BAF139
:20F2E000010C06D0BCF1010C0CD0BCF1020F12D01AE0D4F808C0C5F800C0D4F80CC0C6F894
:20F3000000C01BE0D4F810C0C5F800C0D4F814C0C6F800C012E0D4F818C0C5F800C0D4F81C
:20F320001CC0C6F800C009E04FF0000CC5F800C04FF0000CC6F800C0012700BF00BF3846D5
:20F34000BDE8F00470472DE9F04405460E4617469A46D5F848C0BCF1000F08D053463A46B5
:20F3600031462846FFF71CFF8446644607E053463A4631462846FFF7ABFF8446644600BF6B
:20F380002046BDE8F0842DE9F04D84B007464CF2E42BC0F2010B0191029203930026BC6C05
:20F3A000DDF80CC024780CEA0404103C02D0102C09D011E0D7F848C0DCF81C40D7F848C010
:20F3C000DCF820A00BE0D7F848C0DCF82440D7F848C0DCF828A002E04FF0FF3400BF062CE7
:20F3E00012D204EBC4050BEB85056D682D7805F003066A4651462046FFF7AAFEDDF800C099
:20F40000BCF1FF3F00D100265EB304EBC4050BEB8505D5F81CC0009D5CF82550ED69022D2D
:20F4200001DD01251EE004EBC4050BEB8505D5F81CC0009D5CF82550DDF804C06D6ACCF84F
:20F44000005004EBC4050BEB8505D5F81CC0009D5CF82550DDF808C02D6ACCF800500025A8
:20F4600000E0092500BF284604B0BDE8F08D2DE9F00404460E4617469C460025BCF1100AA8
:20F4800003D0BAF1100F09D011E0D4F820A0C6F800A0D4F824A0C7F800A012E0D4F828A0A6
:20F4A000C6F800A0D4F82CA0C7F800A009E04FF0000AC6F800A04FF0000AC7F800A0012599
:20F4C00000BF00BF2846BDE8F00470472DE9F04405460E4617469A46D5F848C0BCF1000F39
:20F4E00008D053463A4631462846FFF74CFF8446644607E053463A4631462846FFF7B7FFF0
:20F500008446644600BF2046BDE8F0842DE9F04D90B006460025002448F6A801C0F2010176
:20F520000B680C934B680D938B680E93C9680F91316C4968D1F800A00395049506950795E2
:20F54000089509950A950B95D6F830B007AA06A930460123FFF7F7FE09AA08A9304602239F
:20F56000FFF7F1FE0BAA0AA930461023FFF7AEFF05AB04AA03A93046FFF77AFD01460F4669
:20F58000002F7DD1716B072973D80FF20808D8E801F0C046700509101A7070460398FDF772
:20F5A000C4FC68E007990698FDF7D2FC01460C4661E00398FDF7B9FC07990698FDF7C8FC2F
:20F5C00001460C4657E0BAF1010F12D10B9A1168102988BF102111600B990A9A06980B6824
:20F5E0000799FDF70AFD01460C460CB10B990D6014E00CAA102307990698FDF7FEFC0146B9
:20F600000C465CB90CA9099A0898FDF75EFC01468DF80B109DF80B10CBF800102BE0BAF11D
:20F62000010F14D10B9A1168102988BF102111600B99096800910A9B079A06990398FDF77B
:20F6400009FD01460C460CB10B990D6010E00DF10B01019109990091089B079A0699039800
:20F66000FDF717FD01460C469DF80B10CBF8001001E0042400BF2046FFF7D5FC01460F46D5
:20F680003946084610B0BDE8F08D2DE9F04D96B007460E460025002448F6B802C0F201028B
:20F6A000D2F800C0CDF848C0D2F804C0CDF84CC0D2F808C0CDF850C0D26815923A6C5268EC
:20F6C00012681092079508950A950B950C950D950E950F953A6B11920BAA0AA938460123BA
:20F6E000FFF731FE0DAA0CA938460223FFF72BFE0FAA0EA938461023FFF7E8FE09AB08AA54
:20F7000007A93846FFF7B4FC02469246BAF1000F40F0B3807A6B072A00F2A8800FF204089B
:20F72000D8E802F0A4040E1628A4A45F099A089907983346D200FDF76DFD0246144697E0D7
:20F7400032460B990A98FDF795FD024614468FE0099A089907983346D200FDF75BFD024692
:20F76000144634B932460B990A98FDF783FD024614467DE0109A012A18D10F9B1A68102AED
:20F7800088BF10221A6003960F9A0E9B146800228DE81C00002108460B9B0A9AFDF746FE6B
:20F7A000024614460CB10F9A156019E003961022029212AA019200220092002108460B9B5C
:20F7C0000A9AFDF733FE024614464CB912A90D9A0C98FDF77AFB02469346119AC2F800B014
:20F7E00046E0109A012A1FD10F9B1A68102A88BF10221A6006960F9ADDF838B0D2F800C039
:20F800004FF0000808AA92E81B0042468DE81C19CA00014643460798FDF776FE02461446E5
:20F820000CB10F9A156020E006961022059212AA0492002203920B9A02920A9A01920022ED
:20F840000092099A08990798D2000023FDF75CFE024614464CB912A90D9A0C98FDF735FB1F
:20F8600002469346119AC2F800B001E0042400BF2046FFF7D8FB024692465246104616B087
:20F88000BDE8F08DF0B505460124296C49680E68032E14BF01270027296C49680969103921
:20F8A00002D0012906D00CE02846FFF72FFE01460C4607E039462846FFF7E7FE01460C4618
:20F8C00000E000BF21460846F0BD2DE9F04D8AB083460E4617464FF0000A0024CDF80CA042
:20F8E000CDF810A0CDF818A0CDF81CA0CDF820A0CDF824A007AA06A958460123FFF723FD4F
:20F9000009AA08A958461023FFF7E0FD099DDDF81CC02D680023654500D206231D46002D9B
:20F9200068D105AB04AA03A95846FFF7A1FB03461D46002D64D1DBF83430072B47D80FF2BD
:20F940000808D8E803F0C04644050E182B4444383B46324604990398FDF7D3FB03461C46E6
:20F9600037E000973346089A07990698FDF7F6FB03461C462DE03B46324604990398FDF7BE
:20F98000C0FB03461C4644B900973346089A07990698FDF7E3FB03461C461AE0079B002BD0
:20F9A00008D900973346089A07990698FDF7D6FB03461C460DE0089B8DE8C800079B069AF7
:20F9C00004990398FDF703FC03461C4601E0042400BFDBF83430012B06D0002304B9079BCE
:20F9E000DDF824C0CCF800302046FFF71CFB03461D4605E00623032200217220F5F768FB06
:20FA00002B4618460AB0BDE8F08D2DE9F04506460125316C49680F68032F14BF4FF0010A6A
:20FA20004FF0000A316C49680969072914D80FF20808D8E801F0C0461105070D090B110F7B
:20FA400000240BE0012409E0022407E0032405E0042403E0072401E00F2400BF0F2C06D056
:20FA6000524621463046FFF730FF01460D4629460846BDE8F0852DE9F04D92B007468B46C8
:20FA800000250024D7F834A0079508950A950B950C950D950E950F95109511950BAA0AA9C5
:20FAA00038460123FFF74FFC0DAA0CA938460223FFF749FC0FAA0EA938461023FFF706FDFF
:20FAC00011AA10A938462023FFF700FD0F9BDDF82CC01B680022634500D206221646002EC2
:20FAE00040F0C98009AB08AA07A93846FFF7C0FA02461646002E40F0C480BAF1070F05D06D
:20FB0000BBF1800F02D14FF48174A6E05246072A00F2A1800FF20408D8E802F09D040E22AD
:20FB2000409D9D5B099A08990798D2000023FDF771FB0246144690E00D9A002A06D90022D4
:20FB40000D990C98FDF796FB024614463CB900230E9A0B990A98FDF7F0FB024614467CE051
:20FB6000099A08990798D2000023FDF753FB024614464CB90D9A002A06D900220D990C98A8
:20FB8000FDF778FB024614463CB900230E9A0B990A98FDF7D2FB024614465EE0119B1A6887
:20FBA000102A88BF10221A6000220392119A109B14680AAA92E8035172468DE81C0063461B
:20FBC0004246FDF733FC024614460CB1119A156043E0BBF1060F1FD1119B1A68102A88BF78
:20FBE00010221A6000220692119ADDF840C0D2F800E00AAA92E81B018DE81A5103460DF104
:20FC00001C0C9CE80700D200FDF77EFC024614460CB1119A15601DE0119B1A68102A88BFC6
:20FC200010221A6000220692119ADDF840C0D2F800E00AAA92E81B018DE81A5103460DF1C3
:20FC40001C0C9CE80700FDF7A0FC024614460CB1119A156001E0042400BF7A6B012A04D036
:20FC6000002204B90B9A0F9B1A602046FFF7DBF90246164605E00623032200217220F5F736
:20FC800027FA3246104612B0BDE8F08D2DE9F04D98B0064600251391002448F6C802C0F203
:20FCA0000102136814935368159393681693D2681792726B1292079508950A950B950C959B
:20FCC0000D950E950F9510951195D6F830B00BAA0AA930460123FFF736FB0DAA0CA9304637
:20FCE0000223FFF730FB0FAA0EA930460423FFF72AFB11AA10A930461023FFF7E7FB119BF5
:20FD0000DDF82CC01B680022634500D206221746002F40F0D08009AB08AA07A93046FFF74D
:20FD2000A7F902461746002F40F0CB80129A072A05D0139A802A02D14FF48174ADE0129A87
:20FD4000072A00F2A8800FF20808D8E802F0C046A4050F2443A4A463099A08990798D20010
:20FD60000123FDF757FA0246144696E00D9A42B10C9A32B101220D990C98FDF77BFA0246C1
:20FD800014463CB90123109A0B990A98FDF7D5FA0246144681E0099A08990798D200012361
:20FDA000FDF738FA0246144654B90D9A42B10C9A32B101220D990C98FDF75CFA02461446F2
:20FDC0003CB90123109A0B990A98FDF7B6FA0246144662E0012203920F9A029214AA01924C
:20FDE000109A00920D9B0C9A0B990A98FDF71EFB0246144654B90F9A0E9814A9D200FDF7A5
:20FE000064F802469246CBF800A002E00122CBF8002042E0139A062A17D1012206920F9AD0
:20FE2000059214AA0492109A03920D9A02920C9A01920B9A00920A9B099A08990798D20093
:20FE4000FDF762FB0246144615E0012206920F9A059214AA0492109A03920D9A02920C9A4B
:20FE600001920B9A00920A9B099A08990798FDF78CFB0246144654B90F9A0E9814A9D20028
:20FE8000FDF723F802469246CBF800A002E00122CBF8002001E0042400BF726B012A04D044
:20FEA000002204B90B9A119B1A602046FFF7BBF80246174605E00623032200217220F5F712
:20FEC00007F93A46104618B0BDE8F08DF0B506460124316C49680F68316C49680D69062D90
:20FEE00001D0802D0ED1052F06D129463046FFF7C2FD01460C4605E029463046FFF7C6FEE3
:20FF000001460C4621460846F0BD2DE9F04C82468B460125DBF840205468E268202A04D07E
:20FF20002269072A01D101252FE0E268102A0AD022680B2A07D02268132A04D02269072AB3
:20FF400001D0012521E0002616E04CF2B423C0F2010353F83A30F2009F1822683B689A425B
:20FF600009D122793B799A4205D1227C7B799A4201D1002509E001364CF2B423C0F2010356
:20FF800003EBCA0252689642DFD32DB10423032200217220F5F79CF82A461046BDE8F08C1F
:20FFA0002DE9F04D8BB0064600250024776B316C4968D1F800A00095019502950395049592
:20FFC00005950695079508950995316B0A91CAEBCA014CF22822C0F2010211444978FAB25F
:20FFE0000A4220D001AA694630460123FFF7ABF901460C460099019A4FF0000B41B9022301
:020000021000EC
:20000000032200217220F5F763F84FF0010B08E03AB90523032200217220F5F759F84FF01F
:20002000010B44EA0B04CAEBCA014CF22822C0F2010211448978FAB20A4221D003AA02A923
:2000400030460223FFF77FF944EA0001CCB20299039A4FF0000B41B9022303220021722071
:20006000F5F736F84FF0010B08E03AB90523032200217220F5F72CF84FF0010B44EA0B04A8
:20008000CAEBCA014CF22822C0F201021144C978FAB20A4221D005AA04A930460423FFF735
:2000A00052F944EA0001CCB20499059A4FF0000B41B90223032200217220F5F709F84FF09F
:2000C000010B08E03AB90523032200217220F4F7FFFF4FF0010B44EA0B04CAEBCA014CF20A
:2000E0002822C0F2010211440979FAB20A4223D007AA06A930461023FFF7E8F944EA000130
:20010000CCB2069A07994FF0000B02B141B90223032200217220F4F7DBFF4FF0010B09E034
:20012000096839B90523032200217220F4F7D0FF4FF0010B44EA0B04CAEBCA014CF2282212
:20014000C0F2010211444979FAB20A4223D009AA08A930462023FFF7B9F944EA0001CCB276
:20016000089A09994FF0000B02B141B90223032200217220F4F7ACFF4FF0010B09E009680C
:2001800039B90523032200217220F4F7A1FF4FF0010B44EA0B04CAEBCA014CF22822C0F2A0
:2001A000010211448979FAB20A4219D00A994FF0000B41B90223032200217220F4F788FFAE
:2001C0004FF0010B0AE00021012907D10523032200217220F4F77CFF4FF0010B44EA0B04D9
:2001E000214608460BB0BDE8F08DF0B5054601246F6A3968286A04F01AF901460E46304634
:20020000FEF726FF01460C4621460846F0BD30B505460124296C496809680139013904D96C
:2002200002390ED9022906D911E02846FFF72AFB01460C460DE02846FFF748FE01460C464F
:2002400007E02846FFF7E1FB01460C4601E0012400BF2146084630BD2DE9F04482460D4612
:2002600044F68816C2F2000601242A6CD268012A1CD1327BD2B9012232730122B2602A6818
:20028000326001226A602846FFF7C1FF024614460022327314B96A6B072A15D10022B26065
:2002A0004FF0FF32326000226A600DE02A6CD26852B929465046FEF7C7FD02461746012FF5
:2002C00001D1002400E0022422461046BDE8F0842DE9F04482460D4644F68816C2F2000654
:2002E00001242A6CD268012A1DD1327BDAB932682B689A4217D10122327301226A6028469C
:20030000FFF785FF02461446002232731CB995F83420520724D50022B2604FF0FF323260BC
:2003200000226A601CE02A6CD268C2B995F83420D2070BD529465046FEF786FD02461746CE
:20034000012F01D100240BE0022409E032682B689A4205D172681AB97560002400E00224F2
:2003600022461046BDE8F0842DE9F04407460C4644F68016C2F200060125626B072A29D115
:2003800038462168FEF7BCFD226CD268012A12D1626882B9327972B9012232712268326015
:2003A0002046FFF722FF024615464FF0FF323260002232710EE0226CD2685AB921463846A8
:2003C000FEF742FD02469246BAF1010F01D1002500E002252A461046BDE8F084F0B507463F
:2003E0000C4644F68816C2F20006012594F83420D20703D538462168FEF782FDB26882B992
:2004000094F83420D2070CD5626852B93268B2F1FF3F06D121463846FFF71EFF0246154680
:200420000CE0B268012A09D13268B2F1FF3F05D021463846FFF74CFF024615462A461046D2
:20044000F0BDF0B506460D4601246A6B072A11D12A6CD26872B930462968FEF751FD2946EA
:200460003046FEF7F1FC02461746012F01D1002400E0022422461046F0BD00002DE9304161
:20048000054644F67C14C2F200042068012806D10123002211467220F4F71AFE0FE003F0F3
:2004A000ABFFFEF77CFD012020604FF0FF30E0604FF0FF3044F69811C2F20001886000BF28
:2004C000BDE830812DE9F04106460D46012444F67C13C2F200031A68002732B9002303225F
:2004E00019467220F4F7F4FD01273C460027032E06D30423032200217220F4F7E9FD01275C
:200500003C43002735B90223032200217220F4F7DFFD01273C43C4B96A6C0027062A06D359
:200520000423032200217220F4F7D2FD01273C4629463046FFF7E9FC44EA0002D4B2284674
:20054000FFF72EFD44EA0002D4B214BB2A6C526812680B2A06D129463046FFF705FF0246F8
:20056000144616E02A6C52681268132A06D129463046FFF766FF024614460AE02A6C526831
:200580001268142A05D029463046FFF727FF0246144622461046BDE8F081000030B5054627
:2005A0000024284600F005F801460C462146084630BD2DE9F04C834600254FEA5B160BF09C
:2005C0001F07012101FA07FA5146304601F050FB304601F05AFB01460C4604EA0A0424FA1F
:2005E00007F1CDB229460846BDE8F08C00BFFEE700BFFEE700BFFEE700BFFEE700BFFEE772
:2006000000BFFEE7704700BFFEE700BFFEE7000010B40446B4F5002F0ED3B4F1007F05D374
:2006200047F6FF71C0F200218C4205D9B4F1807F04D3B4F1817F01D2012100E0002100BFB9
:20064000084610BC7047F0B505460E467219571E2846FFF7DDFF024614463846FFF7D8FF58
:2006600002461440012C03D1002E01D9012400E0002422461046F0BD70B504460D46164623
:2006800025B131462046FFF7DEFF08B9052300E0002300BF184670BDF0B406460F461446FF
:2006A000012347EA060515F0030F07D1042C01D3042309E0022C07D3022305E05FEAC57C3B
:2006C00002D4022C00D3022300BF1846F0BC7047F0B406460F4614463B68751E0AD06D1E64
:2006E00003D0022D0AD1236009E0256863F30F05256004E09C4684F800C000E000BFF0BCE8
:2007000070472DE9F00C07468C4692460723DCF80040DAF800507E1E0FD0761E05D0022EA5
:2007200013D1A54200D1002310E0C5F30F06C4F30F0B5E4500D1002308E005F0FF0604F0FF
:20074000FF0B5E4500D1002300E000BF00BF1846BDE8F00C7047F0B405460E4606223368DE
:200760006C1E10D0641E06D0022C13D1B3F1FF3F00D100220FE0C3F30F0C4FF6FF77BC4554
:2007800000D1002207E003F0FF0CBCF1FF0F00D1002200E000BF00BF1046F0BC70472DE9A6
:2007A000F04C82468B46164640F20005C4F2020505F12007C5F818B02B696AF307032B61EB
:2007C0003EB1002403E0335D3B55631CDCB2102CF9D303F05BF8AB686FF31863AB6003F0BA
:2007E00058F864232B60BDE8F08C10B544F62834C2F200042068006810B1206800688047FB
:2008000010BD10B544F62834C2F200042068406810B120684068804710BD2DE93041002597
:2008200040F21808C4F20208D8F80040EFF310800546002D00D172B6B4F5002F08D3B4F15B
:20084000007F0BD347F6FF70C0F20020844205D803B44FF08070016803BC0AE0B4F1807F7E
:2008600007D3B4F1817F04D203B44FF00070016803BC07B4004801E0000002404FF08001AF
:2008800000BF00BF00BF00BF00BF00BF00BF00BF0160026800BF00BF00BF00BF00BF00BF1B
:2008A00000BF00BF07BC002D00D162B6BDE83081F0B505460F4640F20006C4F2020647B158
:2008C000FFF793FF47F0010228469047FFF799FF08E0FFF7A2FF01E005B1A847326812F0E2
:2008E000800FF9D002F0CCFF326812F0800F09D0326812F0200F03D003242022326002E064
:20090000002400E0042402F0BEFF22461046F0BD2DE9300104460D4640F23008C4F2020883
:20092000D8F80020A44662F3030CC8F800C040F23408C4F20208D8F80020AC4662F3030C85
:20094000C8F800C0BDE8300170472DE9F04505460F46164600242846FFF75AFE15F00F0F40
:200960000CBF4FF0010C4FF0000C0CEA000A40F20008C4F20208D8F8003013F0800F01D1B7
:2009800001240FE03A4629462420FFF708FF337833B9B1687068FFF78BFF03461C4601E07F
:2009A000FFF73BFF23461846BDE8F0852DE91001044640F20008C4F20208D8F80020224267
:2009C00014BF0121002100BF0846BDE8100170472DE930410546002444F62831C2F2000149
:2009E0000D600120FFF7E2FF012801D10A2413E08020FFF7DBFF08B901240DE040F264019C
:200A0000C0F2030140F20008C4F20208C8F80010E968A868FFF77CFF21460846BDE8308179
:200A200000B58020FFF7C2FF00BD2DE9F04105460E4600242846FFF7EBFDEB040CBF0123B9
:200A4000002303EA000740F20008C4F20208D8F8002012F0800F01D101240FE0294600228D
:200A60004220FFF79CFE327832B9B1687068FFF71FFF0246144601E0FFF7CFFE22461046E6
:200A8000BDE8F0812DE9F04D81B006460F4692469B460025002416F00F0F03D117F00F0FFC
:200AA00008BF01243046FFF7B3FD04EA000C8DF803C000240AE05A4604EB0A01A019FFF795
:200AC00044FF8446654605B102E01034BC42F2D300BF284601B0BDE8F08D2DE9F04D84B038
:200AE00044F6203AC2F2000A019002910392039A02990198FFF7C0FD03469B46039E019CFF
:200B0000029F01250123CAF8003035E0CAF804404FF4803340F20008C4F20208C8F80030FD
:200B2000012340F24008C4F20208C8F80030324639462046FFF7B0FD03461D463A462146D4
:200B40002846FFF7C5FD40F24008C4F20208D8F8003013F0010F0CD040F24008C4F202080C
:200B6000D8F800301B09B3EB141F02D10223CAF800302C442F44761B002E03D9DAF8003016
:200B8000022BC3D1DAF80030022B01D14FF0090B0023CAF800305B46184604B0BDE8F08D56
:200BA0002DE9F04D84B044F6203BC2F2000B019002910392039A02990198FFF75DFD034637
:200BC0001C46039F019DDDF808A001260123CBF8003037E0CBF804504FF4803340F200085A
:200BE000C4F20208C8F80030012340F24008C4F20208C8F800303A4651462846FFF74CFD33
:200C000003461E46524629463046FFF77AFD03461C4640F24008C4F20208D8F8003013F055
:200C2000010F0CD040F24008C4F20208D8F800301B09B3EB151F02D10223CBF80030354434
:200C4000B244BF1B002F05D9DBF80030022B01D0002CBFD0DBF80030022B01D104B909240F
:200C60000023CBF800302346184604B0BDE8F08D2DE9F04C83B044F6203AC2F2000A40F2B8
:200C8000000BC4F2020B019002910024029E019D012702990198FFF7D6FC02468DF80320EC
:200CA0000122CAF8002025E0CAF804504FF48032CBF800200122CBF84020324628460021EF
:200CC000FFF7EAFC0246174629463846FFF743FD02461446DBF8402012F0010F08D0DBF8DE
:200CE00040201209B2EB151F02D10222CAF800203D44F61B002E05D9DAF80020022A01D042
:200D0000002CD1D0DAF80020022A01D104B909240022CAF800202246104603B0BDE8F08C96
:200D200030B540F20005C4F2020502F0A9FD286810F0800F0DD0286810F0200F05D003248B
:200D40002020286002F09FFD06E002F09CFD002402E002F098FD0124204630BD10B40446B9
:200D6000B4F1807F04D3B4F1817F01D2022110E0B4F5002F01D201210BE0B4F1007F07D3B7
:200D800047F6FF71C0F200218C4201D8012100E0002100BF084610BC70472DE91001044608
:200DA00000215CB144F62C31C2F200010A68136A621E53F822209168013100E0002100BFD2
:200DC0000846BDE81001704770B544F62C34C2F20004261DE068FFF7E0FF05462068026A42
:200DE000E06852F82000C1686069401B084470BD30B4054644F62C34C2F2000400210021B8
:200E000008E02268136A53F821209268954200D804E001312268D2699142F2D3084630BC01
:200E200070472DE9F044064644F62C34C2F2000400252068016AC069013851F82000806848
:200E4000864215D83046FFF7D3FF07462068016A51F8270004683846FFF79FFF82463CB1BC
:200E6000A6EB0A01B1FBF4F004FB101000B901252846BDE8F0842DE9F044064644F62C3491
:200E8000C2F2000400252068016AC069013851F820008068864216D83046FFF7A9FF0746B8
:200EA0002068016A51F8270004683846FFF775FF824644B1701CA0EB0A01B1FBF4F004FB0D
:200EC000101000B901252846BDE8F0842DE9F044064644F62C34C2F2000400252068016A8C
:200EE000C069013851F820008068864215D83046FFF77EFF07463846FFF74FFF8246206842
:200F0000026A52F82700416839B1A6EB0A02B2FBF1F001FB102000B901252846BDE8F084A4
:200F20002DE9F044064644F62C34C2F2000400252068016AC069013851F820008068864236
:200F400016D83046FFF754FF07462068016A51F8270044683846FFF720FF824644B1701CAC
:200F6000A0EB0A01B1FBF4F004FB101000B901252846BDE8F08410B4044644F63032C2F268
:200F8000000213692344591E53698B4200D2516900BF084610BC7047F0B4054644F62C34C7
:200FA000C2F20004271D2068016AE06851F82000467C2068016AE06851F8200042682068F9
:200FC000016AE06851F8200083689D4203D26069281A411C02E06069181A411C012E04D1B0
:200FE000914294BF0846104601460846F0BC704730B4054644F62C34C2F20004231D2068E6
:20100000016AE06851F820008268954203D26069281A411C02E06069101A411C084630BC4A
:20102000704710B5044601230B2200215C20F4F769F8022C06D107230B2200215C20F4F7CC
:2010400054F807E0052C05D109230B2200215C20F4F74BF810BD2DE9F04C81B044F62C3448
:20106000C2F200040225FFF7AFFE83466069A169884201D9002533E02068016AE06851F8F2
:201080002000077C2068016AE06851F82000D0F800A03946584600F06CFD0646042E03D1D9
:2010A000012084F824001BE026B101253046FFF7B8FF15E0A7B96069504460616069A1690E
:2010C000884201D900250BE02068016AE06851F8200061698068814202D9E0680130E060AF
:2010E000284601B0BDE8F08C10B5044602230B2200215C20F4F706F8022C06D107230B226D
:2011000000215C20F3F7F1FF10E0032C06D108230B2200215C20F3F7E8FF07E0052C05D1AE
:2011200009230B2200215C20F3F7DFFF10BD2DE9F04E82B044F62C34C2F20004022000909A
:2011400000266069A169884202D90020009043E0A06AFFF710FF834626E05846FFF71CFF91
:2011600005462068016AE06851F82000477CFFF72BFE82463B4629465046E26900F031FDE7
:2011800006468EB9606928446061E0692844E0612068016AE06851F82000616980688142B7
:2011A00002D9E0680130E0606069584501D8002ED3D0042E03D1012084F824000CE02EB1F9
:2011C000012000903046FFF78FFF05E06069A169884201D900200090009802B0BDE8F08EEB
:2011E000F0B5064644F63035C2F200050124FFF7EBFD01460F462968023902D0012912D05D
:201200002BE031463846EA6900F091FC01460C462CB103230B2200215C20F3F773FFE969EA
:201220003144E9611AE031463846AA6900F090FC01460C466CB104230B2200215C20F3F7E0
:2012400061FF032C05D108230B2200215C20F3F74CFFA9693144A96100E000BF214608461A
:20126000F0BD10B404460221012C01D0022C01D1012102E0032C00D1042100BF084610BC90
:2012800070472DE9F04C44F62C34C2F2000404F1040B4FF0020A00256069A169884202D907
:2012A0004FF0000A2DE0E06AFFF765FE074617E03846FFF79DFE06463046FFF791FF05464F
:2012C0006069304460615DB92068016AE06851F8200061698068814202D9E0680130E0604D
:2012E0006069B84201D8002DE2D025B12846FFF7B8FF824605E06069A169884201D94FF01F
:20130000000A5046BDE8F08C10B544F63034C2F20004206818B9FFF79EFE044609E020684B
:20132000012803D1FFF703FF044602E0FFF7A9FF0446204610BD30B5054644F62C34C2F2F3
:201340000004A560691E04D30AD00239012907D90CE02068006848B120680068804705E096
:201360002068406810B120684068804730BD00B500F0B1FB00BD2DE9F04C44F62C34C2F2EA
:20138000000404F1040B0225FFF71EFD82462068016AE06851F8200007683946504600F02D
:2013A0009EFB0646062E2CD0002084F82400C6B1012501230B2200215C20F3F7A3FE022E12
:2013C00006D107230B2200215C20F3F78EFE18E0052E16D109230B2200215C20F3F785FE57
:2013E0000FE06069384460612068016AE06851F8200061698068814202D9E0680130E0604B
:2014000000252846BDE8F08C2DE9F04C44F62C34C2F2000404F1040B0225FFF7D5FC8246BA
:201420002068016AE06851F8200047683A465046E16900F066FB0646062E2FD0002084F88D
:201440002400C6B1012502230B2200215C20F3F759FE032E06D108230B2200215C20F3F7B4
:2014600044FE1BE0052E19D109230B2200215C20F3F73BFE12E0606938446061E06938443C
:20148000E0612068016AE06851F8200061698068814202D9E0680130E06000252846BDE826
:2014A000F08C30B544F63035C2F200050124286818B9FFF760FF044605E02868012802D1DD
:2014C000FFF7A2FF0446204630BD2DE9F041064644F62C34C2F20004271D36B10123002282
:2014E00011465C20F3F7F4FD45E0A068022806D10623002211465C20F3F7EAFD3BE04AF6C6
:201500006C21C0F201010868206000BF20688068012806D12068C068E06220684069A06246
:2015200005E020680069E06220688069A0622068406A00F0AAFA0546062D06D106230022BA
:2015400011465C20F3F7D1FD10E0072D06D10623002211465C20F3F7D5FD07E0092D05D138
:201560000423002211465C20F3F7B2FD0020A060002084F82400BDE8F0812DE9F04C81B03D
:2015800006468B4644F62C34C2F2000400250BEB0600471E20684FF0000A38B90523012249
:2015A00000215C20F3F794FD4FF0010A55460DBB4FF0000A3046FFF734FC38B90223012248
:2015C00000215C20F3F784FD4FF0010A55464FF0000A3846FFF74FFC10B1BBF1000F07D1C2
:2015E0000323012200215C20F3F772FD4FF0010A45EA0A05DDB9A068022807D10623012238
:2016000000215C20F3F764FD012510E03046FFF7EFFBE0603846FFF7EBFB20616661A7618C
:20162000002060600220A060002084F82400284601B0BDE8F08C2DE9F04D82B006468B4606
:2016400044F62C35C2F200050192002401998819471E28684FF0000A38B9052302220021A8
:201660005C20F3F735FD4FF0010A544604BB4FF0000A3046FFF72AFC38B902231A460021BD
:201680005C20F3F725FD4FF0010A54464FF0000A3846FFF745FC08B1019838B90323022253
:2016A00000215C20F3F714FD4FF0010A44EA0A044FF0000ABBF1000F07D1042302220021C4
:2016C0005C20F3F705FD4FF0010A44EA0A04ECB9A868022807D10623022200215C20F3F791
:2016E000F7FC012412E03046FFF782FBE8603846FFF77EFB28616E61AF61C5F81CB00120B0
:2017000068600220A860002085F82400204602B0BDE8F08D10B444F62C34C2F2000420683E
:2017200008B9002105E0A068022801D1022100E00121084610BC704710B544F62C34C2F2D5
:201740000004206838B905231A4600215C20F3F7BFFC012100E0A168084610BD2DE9F04DC9
:2017600082B006468B4644F62C34C2F200040192002501998819471E20684FF0000A38B9AE
:201780000523062200215C20F3F7A2FC4FF0010A554655BB2068016AC069013851F8200021
:2017A00080684FF0000A864207D90223062200215C20F3F78DFC4FF0010A554601984FF036
:2017C000000A40B12068016AC069013851F820008068874207D90323062200215C20F3F7EA
:2017E00077FC4FF0010A45EA0A054FF0000ABBF1000F07D10423062200215C20F3F768FCD8
:201800004FF0010A45EA0A05EDB9A068022807D106231A4600215C20F3F75AFC012512E012
:201820003046FFF7E5FAE0603846FFF7E1FA20616661A761C4F820B0022060600220A060EE
:20184000002084F82400284602B0BDE8F08D30B5054644F62C34C2F20004206830B905236B
:20186000082200215C20F3F733FC1BE0A068022806D10623082200215C20F3F729FC11E094
:20188000012D07D30DD12068C068E06220684069A06207E020680069E06220688069A062B0
:2018A00000E000BF30BD70B544F62C35C2F2000500242868E8B1A86802281AD195F83000F4
:2018C000012808D1FFF753FD0646012E11D1002085F830000DE095F82400012802D1FFF706
:2018E000E0FD044614B9FFF70FFD04462046FFF722FD70BD10B504462046FFF72FFA014625
:20190000084610BD2DE91001044621460A2917D80FF20408D8E801F0060812140E140A0C88
:201920001414100000210DE006210BE0022109E0032107E0052105E0072103E0082101E018
:20194000012100BF00BF0846BDE810017047F0B4074644F66035C2F200055FB945F63064CC
:20196000C0F201042868056840F24300C0F2000086080AE045F63064C0F201042868456851
:2019800040F24300C0F200008608002103E08B00E258EA500131B142F9D3F0BC704770B417
:2019A000064644F66034C2F200043EB92068046840F24300C0F20000850806E0206844689C
:2019C00040F24300C0F200008508002103E08A000023A3500131A942F9D370BC70472DE9CD
:2019E000F04505460E4617469A46BAF1000F11D13846FFF77FFF84466446B4420AD1284695
:201A0000FFF7A5FF4FF0010C44F66438C2F2000888F800C0BDE8F08530B5054644F66434F2
:201A2000C2F200042078012804D12846FFF7B7FF0020207030BD70B504460D461646012C56
:201A400006D02CB931462846FFF712F903461C462046FFF757FF0346184670BD2DE9F0446A
:201A600004460E4617469A46012C07D034B9524639463046FFF794F8844664462046FFF7BB
:201A800041FF05462846BDE8F084F0B5074644F66034C2F2000427602068C068FEF798FFF9
:201AA00006463046FFF72EFF054645F63060C0F20100FFF71FFFE06045F63060C0F20100A6
:201AC000FFF718FFA06025B9E06808B1A06800B909252846F0BD00B5FEF7A2FF00BDF0B563
:201AE00006460F460124FFF71BF9024615463A4631462846FFF79FFF02461446224610461A
:201B0000F0BD2DE9F04406460F4692460124FFF707F903461D4653463A4631462846FFF79A
:201B20009DFF03461C4623461846BDE8F084F0B505460E461746324639462846FEF7CDFFB7
:201B400003461C462046FFF7DDFE03461846F0BDF0B505460E461746324639462846FFF753
:201B60001FF803461C462046FFF7CCFE03461846F0BDF0B583B006460F4644F66034C2F22E
:201B800000048DF80070206880680190002002903B4632460020E168FFF721FF207910B1C7
:201BA00020680068029069463046FEF73EFF044624B12046FFF7A6FE05460CE057B9304670
:201BC0004FF40051FFF754F804462046FFF79AFE054600E004250020FFF71EFF284603B049
:201BE000F0BD2DE9F04C83B006460F4693469A4644F66035C2F2000500248DF800A02868F8
:201C00008068019000200290534632460120A968FFF7E5FE287910B12868406802903946D2
:201C20003046FFF725F8044634B96B465A4639463046FEF727FF044624B12046FFF762FEA8
:201C400005460EE0BAF1000F0AD13A4659463046FEF7A6FF04462046FFF754FE054600E064
:201C600004250120FFF7D8FE284603B0BDE8F08C70B404460D46A3004CF26C4CC0F2010CF3
:201C80005CF80320D56070BC704730B404460021A3004CF26C4CC0F2010C5CF8032011681E
:201CA00000BF084630BC70472DE9F04D81B044F67035C2F2000505F1240A00900027BA00C3
:201CC0004AF61033C0F2010399584AF8021000BF4FF0000B0CE05AF82720D268CBEB8B017C
:201CE00002EB810000F00EFA0BF101015FFA81FB5AF82710097A8B45EDD3002625E00024C0
:201D000006E05AF827100969095D8E4202D00134032CF6D305F10C0202EBC40100220A715A
:201D200005F10C0202EBC40101220A60A1002A46002353505AF827205268C6EBC60102EBD1
:201D40008101886900F0E4F901365AF8271009688E42D4D3002142F2B400C2F2000001607D
:201D600001B0BDE8F08D2DE9F04F82B044F67036C2F2000606F1240A00208DF80200002083
:201D80008DF803000027002529E0002406E05AF827000069005D854202D00134032CF6D357
:201DA00044F67C31C2F2000101EBC40000684FF0010B042806D10B23022200216420F3F740
:201DC00094F901E04FF0000B8DF802B09DF80200012803D101208DF8030005E001355AF86A
:201DE000270000688542D0D39DF80300A0BB002529E0002406E05AF827000069005D8542B9
:201E000002D00134032CF6D344F67C31C2F2000101EBC40000210171A000314600220A5051
:201E200044F67C31C2F2000101EBC400002101605AF827104968C5EBC50001EB80008069D0
:201E400000F075F901355AF8270000688542D0D3B80000214AF8001002B0BDE8F08F2DE98C
:201E6000F04E82B0834644F67C34C2F2000404F1180A019101250027012630468DF803006C
:201E800004EBCB000068042806D10B23052200216420F3F72AF902E000208DF803009DF8F7
:201EA000036006B1012635467DBB5AF82700006910F80B605AF827004068C6EBC60200EB54
:201EC00082004069012809D15AF827004068C6EBC60200EB8200806900F083F904EBCB00BE
:201EE000042202605AF8270001994068C6EBC60200EB8200806900F050F905462DB12B2320
:201F0000052200216420F3F7F0F802B0BDE8F08E2DE9F04C81B0054644F67034C2F20004EA
:201F200004F124070026002084F828000020E06257F82600006910F805A057F8262052685B
:201F400044F69831C2F20001CAEBCA0002EB8000806900F0FBF8834604F10C0101EBC50095
:201F60000068042828D157F826104968CAEBCA0001EB8000806900F025F994F828000128DF
:201F800010D157F826104968CAEBCA0001EB80004069012806D104F10C0101EBC5000321BF
:201FA000016009E004F10C0101EBC50002210160A800214641F800B001B0BDE8F08C2DE9C0
:201FC000F041064644F67C34C2F20004002504F1180151F825000069875D04EBC60001211D
:201FE000017142F2B401C2F20001086858B904F1180151F825004068C7EBC70100EB810046
:20200000806900F0EEF8BDE8F0812DE9F045074644F67C34C2F2000404F11806002556F82B
:202020002500006910F807A004EBC7000021017142F2B401C2F200010868B8B956F8250028
:202040004068CAEBCA0100EB8100406920B104EBC7000068042809D056F825004068CAEB7F
:20206000CA0100EB8100806900F0CBF8BDE8F0852DE9F045824644F67C34C2F2000404F1C9
:202080001806002556F82500D0B356F82500006910F80A7056F825004068C7EBC70100EB29
:2020A0008100406901280ED156F825004068C7EBC70100EB8100806900F084F850460321DE
:2020C00004EBC000016042F2B401C2F200010868B0B904EBCA000079012811D156F82500C9
:2020E0004068C7EBC70100EB8100406840B156F825004068C7EBC70100EB81004068804749
:20210000BDE8F08510B4044600BF00BF10BC704710B50446216849B12168012906D02168F2
:20212000022903D12169207901F0D9FE10BD10B50446216841B12168012905D02168022922
:2021400002D1207901F0B5FF00BF10BD70B504460E4600252268EAB12268012A1AD02268AC
:20216000022A17D100256179207901F0A4FE024672606179207901F08BFE0246154661799C
:20218000207901F06FFE012802D10122327001E0002232702A46104670BD70B504460E462C
:2021A000012522685AB12268012A08D02268022A05D132466179207901F0F5FF00252A46E6
:2021C000104670BD10B50446216849B12168012906D02168022903D16179207902F02BF851
:2021E00010BD10B50446216849B12168012906D02168022903D16179207902F058F800BFFB
:2022000010BD10B50446216849B12168012906D02168022903D16179207902F088F810BD9C
:202220002DE9F00104460E4615464EF60858CEF20008D8F8003025B104F1100753F827706E
:202240002F6004F11007BF00DE51BDE8F001704710B4044661094EF20012CEF200020123F8
:2022600002EB810104F01F0203FA02F20A6010BC704710B5044661094EF28012CEF20002EF
:20228000012302EB810104F01F0203FA02F20A60BFF34F8FBFF36F8F10BD30B404460D46AD
:2022A000002C07DB4EF20042CEF2000222442B01137009E004F00F02121F4EF61853CEF229
:2022C00000031A442B01137030BC704770B504460E46012542F2C002C2F20002125D32B164
:2022E0000423002211465220F2F7F2FE1FE036B10323002211465220F2F7EAFE17E04BF2F7
:202300003453C0F2010353F8242042B14BF23453C0F2010353F824201268A24206D003239B
:20232000002211465220F2F7D3FE00E000252A46104670BD2DE9F04405468A4644F6A0378A
:20234000C2F200070024002642F2C000C2F20000805D012807D05246002319465220F2F77E
:20236000B7FE012410E045B957F82500007920B157F825000068864206D05246022300217F
:202380005220F2F7A5FE01242046BDE8F08470B505460E46012431462846FFF7CBFF0246C5
:2023A00014466CB944F6A432C2F20002525D032A06D03246042300215220F2F789FE01245F
:2023C0002246104670BD10B504462246062300215220F2F77DFE10BD2DE9F044824644F662
:2023E000A035C2F2000505F108070024002651463046FFF76BFF98BBB1004BF23452C0F21A
:2024000001025058785023E057F82620043252F8241009688E4219D157F82620043252F8BD
:2024200024100979012911D157F826C0A2000CF1040C5CF802102B46995055F8241020464F
:20244000896800F028F9291D03220A55611CCCB2002CD9D042F2C000C2F200000121815540
:20246000BDE8F084F0B5064644F6A034C2F200042746012530460A21FFF75CFF0546F5B90E
:20248000201D805D032803D0201D805D022816D1304600F01DF905468DB957F8260080688F
:2024A000407801280BD157F8260080684068F2F791FE57F8260080684068F5F7BEFB2846CA
:2024C000F0BD70B5054644F6A436C2F20006012428460921FFF72EFF04469CB9705D03289A
:2024E0000FD0284600F005F904461CB930460321415507E0022C02D10920FFF764FF0124C3
:2025000000E00024204670BD30B50546012428460721FFF73CFF01460C466CB9284600F0EC
:2025200003F910B10720FFF74EFF44F6A431C2F2000101224A5500242146084630BD30B543
:202540000546012428460B21FFF721FF01460C464CB9284600F0F7F844F6A431C2F20001AC
:2025600001224A5500242146084630BD70B501250026002405E0204600F0F2F80546601C52
:20258000C4B2002CF7D042F2C000C2F2000000218155284670BD00002DE9F0448CB00746C5
:2025A0008A4644F6AC36C2F20006701CC45D9AF80D008DF81400022007900AA8099001206B
:2025C000069008208DF82000012505A92046F5F73EFB05469DB9079828B9002002903046F0
:2025E000022101550DE00798012805D10120029030460121015504E00220029001E002209B
:202600000290069810B90120019001E0002001909DF820008DF80C009DF814008DF8000009
:20262000099804906946384603F084F810B1384603F0B8F80CB0BDE8F08470B581B0054671
:2026400044F6AD31C2F200014C5D6946284602F085FF01460E4600BF311F0AD003390DD0D4
:20266000013910D0042913D120460021F5F719FB0FE020460321F5F714FB0AE020460521BE
:20268000F5F70FFB05E020460421F5F70AFB00E000BF01B070BD2DE9F04406460F4644F641
:2026A000AC35C2F200053C78B00005F108010F50D7F80CA05146204602F056FE681C065521
:2026C000204603F098F8284600218155BDE8F08430B4054644F6B834C2F200040121605DA7
:2026E000012803D10021204600224255084630BC7047F0B50746012444F6B432C2F20002BF
:2027000052F827100D78284603F04CF801460E4626B9284603F06FF8002402E0022E00D1C5
:20272000022421460846F0BD30B5054644F6B432C2F2000252F825100C78204603F0B4F803
:20274000C1B2084630BD30B5054644F6B432C2F2000252F825100C78204603F0C3F830BDC1
:2027600070B5064644F6B432C2F2000252F826100C78204602F0BAFEC1B20D46294608467B
:2027800070BD00002DE9F04505460F4644F6AC36C2F20006701C445DD7F810A050460B28D6
:2027A0004AD80FF20808D8E800F0C04647344707151C152C0C10151539462846FFF7ECFEE2
:2027C0003BE02046F5F762FA37E020467968F5F750FA32E02846FFF730FF284602F0E2FFB6
:2027E0002BE0B869072804D120460021F5F759FA03E020460121F5F754FA284602F0D2FF0D
:202800001BE020460221F5F74CFA284602F0CAFF13E006F1080151F824004078012806D1C1
:2028200006F1080151F824004068F2F7DEFC06F10C000121015500E000BFBDE8F08510B4C8
:2028400044F6C034C2F20004002060600020206010BC704730B404460D460122231C03D1D8
:2028600000232B60002200E000BF00BF104630BC7047F0B405460C46164601232F1C08D14C
:202880004FF0010CC6F800C027687F1C2760002300E000BF00BF1846F0BC704730B404464D
:2028A0000D460022231C01D12A4600E000BF00BF104630BC704742F6C441C2F20001086869
:2028C00080B100200AE00A68D36803EBC002126844F6C833C2F20003985401300A685268B1
:2028E0009042F0D3704710B442F6C444C2F20004206880B100200AE021680A6902EBC00163
:20290000096844F6C932C2F2000250540130216889688842F0D310BC70472DE9304105462A
:2029200042F6C444C2F200044BF26851C0F201010868206000BFFFF7BEFFFFF7D4FF206842
:20294000406900F041F8BDE830812DE97041064644F6C835C2F20005012442F6C441C2F236
:20296000000108680169681C805D01EBC00040686860686800F037F800242046BDE87081F0
:20298000F0B50325FF2600240E2700F03DF8064612E04CF28041C0F2010101EBC4000068BE
:2029A000864207D14CF28041C0F2010101EBC400456803E0601CC4B2BC42EAD32846F0BDBC
:2029C00000B500F01DF800BD10B5044654B100F00BFA206801F0B6F9606801F0C9F9A068CC
:2029E00001F0A3F810BD10B5044644B1206800F0A4FE606801F0EBF8A06800F04CF910BDBA
:202A000000B501F0DFFC00BDF0B507250024002601F0BCF9000601D5072516E001F0B6F919
:202A20004BF6E76100EA010700240CE00120A040384206D02546701CC6B2022E01D35525CD
:202A400003E0601CC4B2202CF0D32846F0BD10B4044645F20001C4F2060101EB8402126888
:202A600012F0004F04D001EB84024FF0B643136001EB84031A686FF355521A6001EB840329
:202A80001A6842F400121A6001EB84031A6842F000421A6010BC704710B4044645F2000146
:202AA000C4F2060101EB8402126812F0004F04D001EB84024FF0B643136001EB84031A6836
:202AC0004FF0010C6CF301021A6001EB84031A6842F400121A6001EB84031A6842F00042AE
:202AE0001A6010BC704710B4044645F20001C4F2060101EB8402126812F0004F04D001EBD9
:202B000084024FF0B643136001EB84031A686FF301021A6001EB84031A686FF355521A6038
:202B200001EB84031A6842F000421A6010BC7047F0B404460D4645F20003C4F20603621E75
:202B40000D3A0AD9053A0C3A07D9033A013A04D9053A02D0043A042A1CD803EB8402126832
:202B600012F0004F05D003EB84024FF0B64CC2F800C003EB840CDCF8002065F30B22CCF845
:202B8000002003EB840CDCF8002042F00042CCF8002000E000BFF0BC70472DE9F04C0446AD
:202BA0008C4645F20006C4F206064CF2F057C0F2010700250022002306EB840ADAF800A0AA
:202BC0001AF0004F05D006EB840A4FF0B64BCAF800B007EBC40ADAF8043019E007EBC40A17
:202BE000DAF800A0BAF1000F0ED057F834B05BF822A0D44508D106EB840EDEF800A06CF339
:202C0000061ACEF800A005E002F1010A5FFA8AF29A42E3D39A4200D1012506EB840BDBF8BE
:202C200000A04AF0004ACBF800A000BF2846BDE8F08C2DE9F00404460E46174645F2000380
:202C4000C4F2060303EB84052D6815F0004F05D003EB84054FF0B64CC5F800C0282C0FD018
:202C600003EB840CDCF8005066F31045CCF8005003EB840CDCF8005067F31455CCF8005077
:202C800003EB840CDCF8005045F00045CCF80050BDE8F0047047F0B50546CDB32E6800248A
:202CA00034E06A6821018858FFF71DFF6B682201D1184968D058FFF770FF6B682201D1181E
:202CC0008968D058FFF734FFD5F804C0230103EB0C014A7B897B53F80C00FFF7AAFF6A6871
:202CE00002EB0411097B01290AD16A6821018858FFF7ADFE6A6821018858FFF7CDFE04E05B
:202D00006A6821018858FFF7EEFE0134B442C8D3F0BD2DE9F04106460024002700BF36B106
:202D2000012310220021FF20F2F7D2F93CE04BF68C02C0F201021168B1B34BF68C01C0F24C
:202D400001010D6800242CE06868C4EB840200EB820150F8220000228968FFF761FA6868BB
:202D6000C4EB840200EB820150F822004979FFF794FA6A68C4EB840102EB810109790129DF
:202D800007D16A68C4EB840152F82100FFF760FA06E06A68C4EB840152F82100FFF769FAEA
:202DA000013429688C42CFD3BDE8F08170B504460E460025CC2C03DC6FF00D02944207DAE3
:202DC000022311220021FF20F2F782F9012508E0012E03D12046FFF73BFA02E02046FFF717
:202DE00048FA2A46104670BD4DF20000C4F20700016811F0004F04D040F20001C9F2734173
:202E00000160C16841F00101C160016841F00041016070470000F0B505460F46002437B988
:202E20004BF6D073C0F2010353F825203AB90C23002211467C20F2F74BF9012410E0AA00A5
:202E40004BF6D073C0F201039E58B268525D012A06D0F023002211467C20F2F739F9012410
:202E600022461046F0BDF0B5074644F6D036C2F200060025002439462846FFF7CCFF0446BA
:202E8000012C0AD04BF6D071C0F2010151F8250030603068C06800F077F9F0BD2DE9F04CD8
:202EA000054629684CF61412C0F20102890052F801B029684CF60012C0F2010289005758C3
:202EC00029684CF6EC02C0F20102890052F801A0DAF8146000F016FD69680BF1100202EBF3
:202EE0008101096811F4004F06D0696807F110024FF0B64389005350696807F11002890012
:202F000054584FF6D401C6F27F010C40A96811F001010C43A96801F002010C436969C90015
:202F20000C43E96809020C43E97E49010C43697EC9070C43A97E09060C4344F400446968BF
:202F400007F110028900545000F0DFFCE968012904D1E9696A689140CAF804106A68012160
:202F600091408E4329696A6891400E43CAF81460BDE8F08C70B404460D46A3004CF6EC0C34
:202F8000C0F2010C5CF803200123AB40536070BC704770B404460D46A3004CF6EC0CC0F206
:202FA000010C5CF803200123AB40936070BC70472DE9F04407460E469246BB004CF6EC0CF0
:202FC000C0F2010C5CF8035000F0A2FC6C690123B3409C430AFA06F31C436C6100F09BFC82
:202FE000BDE8F08470B505460E46002404E006EB4410FFF753FF0134AC42F8D370BD2DE92E
:20300000F04C07460D469346BB004CF6141CC0F2010C5CF803A0BB004CF6001CC0F2010C40
:203020005CF8036000F06EFC0AF1100C0CEB85031B6813F4004F06D0AB0006F110044FF045
:20304000B64C44F803C0AB0006F1100C5CF803404FF6F773CFF67F731C404FEACB031C43F2
:2030600044F40044AB0006F1100C4CF8034000F04CFCBDE8F08C2DE9F04C07460D4692466C
:20308000BB004CF6141CC0F2010C5CF803B0BB004CF6001CC0F2010C5CF8036000F032FC90
:2030A0000BF1100C0CEB85031B6813F4004F06D0AB0006F110044FF0B64C44F803C0AB0029
:2030C00006F1100C5CF803404FF6FC73CFF67F731C400AF001031C430AF002031C4344F48C
:2030E0000044AB0006F1100C4CF8034000F00DFCBDE8F08C2DE9F04D84B00446B4F802B0FE
:20310000A16809798DF80310A16889680191A168C9680291A1680968039100272FE0626825
:20312000790031F802A04FEA5A150AF01F0631462846019AFFF763FF31462846029AFFF735
:203140009AFF0399012913D19DF80310012904D131462846FFF70EFF03E031462846FFF7DF
:2031600018FFA1680A6828463146FFF721FF04E0314628460022FFF71BFF791C8FB25F454D
:20318000CDD304B0BDE8F08D10B5044627202169FFF728FF2046FFF7ADFF10BD4DF8048D11
:2031A000002200210BE04DF20408C4F20708D8F8000010F0040F01D0012206E0013148F2A8
:2031C000A060C0F201008142EDD310465DF8048B70474DF8048D002200210BE049F2000881
:2031E000C4F20708D8F8000010F4007F01D0012206E0013144F64030C0F24C008142EDD380
:2032000010465DF8048B70474DF8048D002200210BE044F21C08C4F20608D8F8000010F4C7
:20322000803F01D0012206E0013148F2A060C0F201008142EDD310465DF8048B70474DF81D
:20324000048D002200210BE044F21408C4F20608D8F8000010F4803F01D0012206E00131FA
:2032600048F2A060C0F201008142EDD310465DF8048B704744F20001C4F2060100230022B4
:2032800019E0886A10F4803F14D0886A10F0004F02D04FF0B6408862886A40F000708862EE
:2032A000886A6FF349208862886A40F000408862012306E0013248F2A060C0F2010082422D
:2032C000DFD31846704744F20001C4F206010020CA6912F0004F02D04FF0B642CA61C8692A
:2032E0004FF6FE72CFF6FB721040C86140F00040C861704710B4044644F20002C4F206021A
:203300000021D36913F0004F02D04FF0B643D361D1694FF6FD73CFF6FB731940E3079B0FB1
:203320001943D16141F00041D16110BC704744F20000C4F20600016B11F0004F02D04FF019
:20334000B6410163016B41F080710163016B41F000410163704710B544F20004C4F2060468
:20336000FFF7E5FFA06A10F0004F02D04FF0B640A062A06A40F44050A062A06A40F4007093
:20338000A062A06A40F00100A062A06A40F00040A06210BD10B4044644F20001C4F20601A3
:2033A0008A6A12F0004F02D04FF0B6428A628A6A64F341028A628A6A42F000428A6210BC39
:2033C00070472DE9F04406460F46924644F20004C4F206040025A36913F0004F02D04FF0E5
:2033E000B643A361A36966F38203A361A3696AF30923A361A36967F30003A361A36943F09D
:203400000203A361A36943F00043A361636913F0004F02D04FF0B6436361656925F48025A5
:2034200045F00105656145F000456561042000F0D0F903461846BDE8F08444F20000C4F2C2
:203440000600816A11F0004F02D04FF0B6418162816A6FF300018162816A6FF35961816225
:20346000816A41F000418162704710B4044644F20002C4F206020021536913F0004F02D050
:203480004FF0B643536151694FF6FD73CFF6FB731940E3079B0F1943516141F0004151617F
:2034A00010BC70472DE91001044644F20001C4F206014CB3CA6A12F0004F02D04FF0B64297
:2034C000CA62CA6A636863F31242CA62CA6A236863F30102CA62CA6AA36863F30F22CA62B5
:2034E000CA6A236963F30412CA62CA6AE36863F34512CA62CA6A42F00042CA62626944F643
:20350000D433C2F200031A60BDE81001704744F20001C4F2060100204A6912F0004F02D01C
:203520004FF0B6424A618A6912F0004F02D04FF0B6428A6148694FF6FE72CFF6FB72104089
:2035400048618A696FF341028A6140F0004048618A6942F000428A6170474DF20000C4F228
:203560000700016811F0004F04D040F20001C9F27341016041686FF300014160016841F06D
:2035800000410160704710B4044649F20001C4F207018A6912F0004F04D040F20002C9F6BF
:2035A00067028A6144B90A686FF38A220A600A6842F001020A6007E00A6842F480620A60E4
:2035C0000A686FF300020A608A6942F000428A6110BC704749F20000C4F20700816911F0F3
:2035E000004F04D040F20001C9F66701816101686FF38A21016001686FF30001016081697E
:2036000041F00041816170472DE93001044644F20C08C4F20608D8F80010C1F303214A1CE2
:20362000B4FBF2F35D1E4DF68361C4F21B31A5FB011540F20808C4F20208D8F80010C5F302
:20364000C35565F30301C8F80010BDE83001704730B405460C4601226B1E0DD303D0022B8C
:2036600004D306D008E00323236007E00423236004E00523236001E0002200BF00BF104615
:2036800030BC70472DE9F04D82B007468A46934644F20005C4F20605019300260024694683
:2036A0003846FFF7D5FF01283FD1009800F091F801283AD140F20808C4F20208D8F800C0B2
:2036C0006FF3030C4CF0040CC8F800C0D5F80CC01CF0004F03D04FF0B64CC5F80CC0EC68C8
:2036E00024F4E0244FEA074C44EA0C046FF30B04DDF8048008F00F0C44EA0C044FEA0B7C09
:203700004FEA1C6C44EA0C044FEA0A7C4FEA1C5C44EA0C04EC60D5F80CC04CF0004CC5F8D2
:203720000CC00A98FFF770FF012600BF304602B0BDE8F08D00000000000030B581B0044626
:2037400044F6D835C2F20005FCB394F82C00012805D1226AA16AE069FFF733FE01E0FFF725
:20376000D6FE206B686094F82400FFF77EFE04F13400FFF797FE94F84D00012802D1FFF781
:20378000EAFD01E0FFF759FE94F84C00FFF702FE94F85400012803D1206DFFF7F4FE01E013
:2037A000FFF718FFFFF7D9FE606800902369E268A1682068FFF766FF607D08B9FFF783FD01
:2037C000207DFFF797FDA069286001B030BD000000002DE9304105460024294605291FD809
:2037E0000FF20408D8E801F01C03080D1217FFF7D5FC01460C4614E0FFF7EBFC01460C46E4
:203800000FE0FFF701FD01460C460AE0FFF717FD01460C4605E0FFF72DFD01460C4600E021
:2038200000BF21460846BDE83081000000B572B600BD00B562B600BD00B572B600BD00B54B
:2038400062B600BD00B572B600BD00B562B600BD00B572B600BD00B562B600BD00B572B66E
:2038600000BD00B562B600BD00B572B600BD00B562B600BD00B572B600BD00B562B600BDB9
:2038800000B572B600BD00B562B600BD00B572B600BD00B562B600BD00B572B600BD00B591
:2038A00062B600BD00B572B600BD00B562B600BD00B572B600BD00B562B600BD00B572B60E
:2038C00000BD00B562B600BD00B572B600BD00B562B600BD00B572B600BD00B562B600BD59
:2038E00000B572B600BD00B562B600BD00B572B600BD00B562B600BD00B572B600BD00B531
:2039000062B600BD00B572B600BD00B562B600BD00B572B600BD00B562B600BD00B572B6AD
:2039200000BD00B562B600BD2DE9700104460D467DB94CF6281CC0F2010C48F20408C4F2A5
:203940000408D8F800205CF824309A43C8F800200EE04CF6281CC0F2010C48F20408C4F2D7
:203960000408D8F800205CF824301A43C8F80020BDE8700170472DE91001044648F20408E2
:20398000C4F20408D8F80010E24362F38E31C8F80010BDE8100170472DE91001044648F264
:2039A0000408C4F20408D8F8001064F34D31C8F80010BDE8100170472DE91001044648F29C
:2039C0000408C4F20408D8F8001064F30C31C8F80010BDE8100170472DE9700105460C4644
:2039E00048F20002C4F204022B46082B27D80FF20808D8E803F0C046242424060B10151AA6
:203A00001F00936A64F30D33936219E0936A64F38F33936214E0936A64F3114393620FE07A
:203A2000936A64F3934393620AE0936A64F30923936205E0936A64F38B23936200E000BF8D
:203A4000BDE87001704770B405460C4648F20002C4F204026B1E04D308D0022B0BD30FD0BE
:203A600013E0936A64F3DB6393620FE0936A64F39A6393620AE0936A64F35963936205E0C3
:203A8000936A64F31863936200E000BF70BC70472DE9700104460D4648F20002C4F20402C4
:203AA00013686FF3CB231360E31E06D9053B033B03D311D0012B16D01CE013686FF30513B0
:203AC000136044F21008C4F20608D8F8003064F31343C8F800300EE013684FF0010C6CF3B0
:203AE0000513136007E013684FF0020C6CF30513136000E000BF136865F30A231360136815
:203B000043F400631360BDE8700170474DF8048D48F20008C4F20408D8F800006FF3CB20D4
:203B2000C8F800005DF8048B704710B50446002C4CD000202178FFF7F7FE01206178FFF73F
:203B4000F3FE0220A178FFF7EFFE0320E178FFF7EBFE04202179FFF7E7FE05206179FFF76D
:203B6000E3FE0620A179FFF7DFFE207AFFF714FF607AFFF721FFE079FFF7FDFE0320616987
:203B8000FFF72AFF0420A169FFF726FF0520E169FFF722FF0620216AFFF71EFF0720E16803
:203BA000FFF71AFF08202169FFF716FF0020216BFFF749FF0120E16AFFF745FF0220A16A7C
:203BC000FFF741FF0320616AFFF73DFF10BD10B504464CB1217A012904D161682068FFF7D5
:203BE00057FF01E0FFF792FF10BD2DE9300104460D464EF22C08C4F20708C8F800404EF2DD
:203C00003008C4F20708C8F80050BDE8300170472DE9100104464EF20C08C4F20708D8F8B0
:203C2000001064F3DF71C8F80010BDE8100170472DE9100104464EF20C08C4F20708D8F836
:203C4000001064F30C21C8F80010BDE8100170472DE9100104464EF20C08C4F20708D8F839
:203C60000010C4F340026FF3820141EA8201C8F80010BDE8100170472DE9100104464EF2BA
:203C80000C08C4F20708D8F8001064F30101C8F80010BDE81001704730B404464EF2000166
:203CA000C4F2070100224BF2646304EA030262B1CB6944F69B15CFF6FF752B401343CB61D6
:203CC000CB6943F08003CB610AE0CB6944F69B15CFF6FF752B40CB61CB696FF3C713CB615A
:203CE00030BC70472DE9100104464EF21C08C4F20708D8F8001064F30101C8F80010BDE8D9
:203D0000100170472DE9100104464EF22008C4F20708D8F8001064F30001C8F80010BDE890
:203D2000100170472DE9100104464EF22408C4F20708D8F8001064F30F21C8F80010BDE83D
:203D40001001704710B504468CB12068FFF794FF6068FFF77DFFA068FFF76AFF207BFFF70C
:203D600057FF2069FFF7BEFF6069FFF795FF10BD10B504464CB12078FFF7C4FF6068FFF776
:203D8000D1FFE168A068FFF730FF10BD4DF8048D4EF20808C4F20708D8F800104BF6E760BD
:203DA000014041B14BF6E76008404EF21808C4F20708C8F8000008465DF8048B70472DE91C
:203DC000F04C04460D4644F6E03AC2F2000AA2004CF64413C0F2010353F802B000260027BD
:203DE0002946204600F03EF802461646012E37D10BF1240303EB85031A6842F400421A60E0
:203E0000A2004CF6441CC0F2010C5CF80230243303EB85021268C2F3403C6746012F1FD1D5
:203E200005EB8402C2EB82020AEB82021278012A16D105EB8402C2EB82020AEB82025268EC
:203E400072B105EB8402C2EB82020AEB8202536805EB8402C2EB82020AEB8202107A9847DB
:203E6000BDE8F08CF0B405460E460022AB004CF6441CC0F2010C5CF8034004F1240202EB11
:203E800086031B68C3F3C03200BF1046F0BC7047F0B404460D46A2004CF6481CC0F2010CAE
:203EA0005CF802304FEA850C1F1D57F80C2000BF1046F0BC7047F0B404460D46A2004CF65E
:203EC000481CC0F2010C5CF802304FEA850C03F1140757F80C2000BF1046F0BC70472DE957
:203EE000F04D83B005460C4644F6E036C2F20006A8004CF64411C0F201010F58A8004CF667
:203F00004411C0F2010194F800A051F800B0FFF7C3FC0020012808D10BF1240101EB8A0104
:203F2000086840F48040086007E00BF1240101EB8A0108686FF38E300860FFF7B0FCA800F4
:203F40004CF64411C0F2010194F800A051F800B0FFF7A2FC0020012808D10BF1240101EB2E
:203F60008A01086840F40050086007E00BF1240101EB8A0108686FF34D300860FFF78FFCA3
:203F8000A8004CF64411C0F2010194F800A051F800B0FFF781FC0BF1240101EB8A00006897
:203FA00010F4004F07D00BF1240101EB8A01086840F400400860FFF772FCA8004CF6441150
:203FC000C0F2010194F800A051F800B0FFF764FC0BF1240101EB8A0108686FF38A20086036
:203FE000FFF75DFCFFF758FC6078012809D1207807F1240101EB8001086840F040000860E3
:2040000008E0207807F1240101EB800108686FF386100860FFF743FCA0684CF64411C0F240
:20402000010100908046606894F800A00190A80051F800B0FFF730FC0BF1240101EB8A0148
:20404000086868F3010008600BF1240101EB8A020199106861F385001060FFF720FCA8007E
:204060004CF64812C0F20102115820784FF0FF32800014310A50217801EB85000121C0EB88
:20408000800006EB80000170217801EB8500E168C0EB800006EB80004160217801EB850024
:2040A000217CC0EB800006EB8000017203B0BDE8F08D2DE9F04D81B005464CF64417C0F261
:2040C0000107A9007E58002468E0A90057F801A0FFF7E2FB0021012908D10AF1240202EB4F
:2040E0008402116841F48041116007E00AF1240202EB840211686FF38E311160FFF7CFFB14
:20410000A90057F801B0FFF7C7FB0021012908D10BF1240202EB8402116841F40051116015
:2041200007E00BF1240202EB840211686FF34D311160FFF7B4FB57F82580CDF80080FFF765
:20414000ABFB08F1240202EB8401096811F4004F08D0009B03F1240202EB8402116841F4B5
:2041600000411160FFF79BFB06F1240202EB840211686FF38611116006F1240202EB8402FE
:2041800011686FF30101116006F1240202EB840211686FF385011160611CCCB2042C94D3DD
:2041A00001B0BDE8F08DF0B505460C461646AB004CF6441CC0F2010C5CF80370FFF76CFB5E
:2041C0000023012B07D1243707EB84073B6843F480433B6006E0243707EB84073B686FF3E5
:2041E0008E333B60FFF75BFBAB004CF6481CC0F2010C5CF80370A3001437FE50AB004CF617
:20420000441CC0F2010C5CF80370FFF745FB002307D1243707EB84073B6843F480433B6077
:2042200006E0243707EB84073B686FF38E333B60FFF735FBF0BD70B505460C46AA004CF6DE
:204240004413C0F201039E58FFF726FB0022012A08D106F1240303EB84031A6842F4804211
:204260001A6007E006F1240303EB84031A686FF38E321A60FFF713FBAA004CF64413C0F233
:2042800001039E58FFF708FB06F1240303EB8402126812F4004F07D006F1240303EB840360
:2042A0001A6842F400421A60FFF7F9FA70BDF0B505460C464CF64416C0F20106AA00B35828
:2042C000243303EB840212689704FF0F2ED1AA00B758FFF7E1FA07F1240303EB840212685A
:2042E00012F4004F07D007F1240303EB84031A6842F400421A60FFF7D2FAAA00B758FFF719
:20430000CBFA002208D107F1240303EB84031A6842F400521A6007E007F1240303EB84034A
:204320001A686FF34D321A60FFF7B9FAF0BD70B505460C46AA004CF64413C0F201039E5899
:20434000FFF7AAFA0022012A08D106F1240303EB84031A6842F400521A6007E006F1240381
:2043600003EB84031A686FF34D321A60FFF797FAAA004CF64413C0F201039E58FFF78CFAF9
:2043800006F1240303EB8402126812F4004F07D006F1240303EB84031A6842F400421A60DE
:2043A000FFF77DFA70BD10B50024002405E021460020FFF704FD601CC4B2042CF7D3BFF355
:2043C0004F8F10BD2DE90041BFF34F8F4EF60C58CEF20008D8F8000040F20001C0F2FA51DB
:2043E00000F4E060084340F00400C8F80000BFF34F8F00BF00BFFDE744F20000C4F2030069
:204400004FF6FF7181614FF4707141634FF4806181634FF0FF31C1634FF6FF71C161FF21AB
:20442000416140F24311C0F20501C16070472DE9F04D84B0029003910024012600254FF068
:20444000000A0022009201A90020FEF703FA002742F210710020FEF721FA0246934618E0BD
:20446000E20706D444F23008C4F20308D8F800A055461AF4803F05D0029A15552D0A01342B
:20448000002606E06A4601A90020FEF7F2F9009A17445F4502D2039A9442E1D35F4500D3AB
:2044A00001263246104604B0BDE8F08DF0B50746B9004CF64C12C0F201025458D4F8005168
:2044C0002D07ED0FD4F800617607F60F05B97EB1FFF706FAD4F800116FF3C301C4F800114A
:2044E000D4F800116FF38201C4F80011FFF7FBF9F0BD2DE9F04406460D461746B3004CF65B
:204500008C1CC0F2010C5CF80340FFF7F5F9012F0AD14CF6641AC0F2010A63685AF825C02F
:2045200043EA0C03636009E04CF6641AC0F2010A63685AF825C023EA0C036360FFF7DFF967
:20454000BDE8F08410B40446A1004CF68C13C0F201035A585369C3F30F0100BF084610BCEF
:204560007047F0B405460E461746AB004CF68C1CC0F2010C5CF80340002304E016F803C021
:20458000C4F800C00133BB42F8D3F0BC704710B40446A1004CF64C13C0F201035A5811680F
:2045A00011F0FF01084610BC7047F0B405460E461746AB004CF64C1CC0F2010C5CF80340DE
:2045C000002304E0D4F800C007F803C00133B342F8D3F0BC704770B5044644F61045C2F27D
:2045E0000005A0004CF68C11C0F201010E58FFF77DF9A1002A46505840F00100505055F8DA
:204600002400B060FFF775F970BD70B5044644F61045C2F20005A0004CF68C11C0F20101EB
:204620000E58FFF763F9A1002A46505820F00100505055F82400B060FFF75BF970BD70B53B
:20464000054644F61044C2F20004A9004CF68C12C0F201025658FFF749F9AA00A15841F0D1
:204660000201A15054F82510B160AA00A15821F00201A150FFF73DF970BD70B5054644F609
:204680001044C2F20004A9004CF68C12C0F201025658FFF72BF9AA00A15841F00401A1503E
:2046A00054F82510B160AA00A15821F00401A150FFF71FF970BD10B40446A1004CF64C1333
:2046C000C0F201035A58D16F11F00101084610BC7047F0B582B0074600250026002101913C
:2046E000002469460020FEF7B5F84FF47A710020FEF7D4F801460E4612E03846FFF7DBFF3B
:2047000008B901250EE03846FFF741FF3846FFF7B4FF01AA69460020FEF7ABF801990C44ED
:20472000B442EAD92946084602B0F0BD2DE9F04482B082464FEA8A014CF64C12C0F2010247
:2047400057580025002600210191002469460020FEF780F84FF47A710020FEF79FF801462B
:204760000E460CE0F96811F0400F01D1012508E001AA69460020FEF77CF801990C44B442A5
:20478000F0D92946084602B0BDE8F0842DE9F04405468A46AA004CF64C13C0F201039C586E
:2047A000AA0044F62843C2F200039F580026BAF10B0F2BD32846FFF78CFF012826D1FFF70E
:2047C00071F8E268AAF10B0363F34D22E260E26842F48072E260E26842F04002E260FFF7CC
:2047E00064F82846FFF7A2FF01280FD1FFF75AF83A7C02230D2A02D33A7CA2F10B03E2687F
:2048000063F34D22E260FFF750F8012632461046BDE8F0842DE9F00405460F46FF2205F085
:204820003F0305F03F04C4F34006C4F3C00C8CEA0606C4F3001C8CEA060686EA5416F44396
:2048400003F00106C3F3400C8CEA0606C3F3800C8CEA0606C3F3001C8CEA06034FEAC47A4E
:204860004FEA9A7AAC466AF39F1C4FEA831A4AEA0C062FB9B54201D12A4602E0FF2200E0C1
:20488000F2B200BF1046BDE8F00470472DE9F00407468C46154600233C2D07D07D2D05D0A9
:2048A000FE2D03D0BF2D01D02B4600E00023002409E03E5D1E44B3B2FF2B02D9A3F1FF06BC
:2048C000B3B2661CF4B26445F3D36FEA030A5FFA8AF600BF3046BDE8F00470472DE9F04CC6
:2048E00005460E4644F64047C2F20007A80007F1480151F800A0A8004CF64C11C0F20101D0
:2049000051F800B0B068A8B9307800F03F01DBF8080161F30700CBF80801DBF800016FF314
:204920000000CBF80001DBF800016FF34100CBF8000114E0307800F03F01DBF8080161F37C
:204940000700CBF80801DBF8000140F00100CBF80001DBF800016FF34100CBF80001B06868
:2049600000284FD1002408E0326904EBC500125D07F118010A54601CC4B2307B8442F3D38D
:20498000DAF81C0028B9284601220021FFF7B1FD05E0A9003A46505840F001005050FEF776
:2049A00087FF706808B9002000E030788AF80B009AF80B20317B3069FFF768FF8AF80B00B7
:2049C000FEF779FF07F1180101EBC500CAF80000307B01308AF8090000208AF80A000920AA
:2049E000CAF8140001208AF80C002846FFF70DFE00208AF8080028460122DAF80010FFF7B0
:204A0000B0FD74E0B068012865D1DAF81C0050B9284601220721FFF76CFD28460022114628
:204A2000FFF767FD0BE0A9003A46505840F004005050A9003A46505820F0010050500024E6
:204A400007E004EBC50007F1180100220A54601CC4B2082CF5D300208AF80900307B0130B5
:204A60008AF80A00FEF72AFFDBF80C01716861F30000CBF80C01FEF724FF0A20CAF8140097
:204A800001208AF80C002846FFF710FD2846FFF7A2FD2846FFF7D3FDFEF716FFDBF80401DD
:204AA000317B61F30300CBF80401FEF710FFFEF717FFDBF800016FF30410CBF80001DBF83B
:204AC000000140F00800CBF80001FEF70CFF00208AF808000BE000208AF8090000208AF8F7
:204AE0000A00284600F0FEFE00208AF80800BDE8F08C2DE9F044054644F62847C2F200078E
:204B0000A80007F160010C580026A80039460F58A8004CF64C11C0F2010151F800A0F86838
:204B2000012808D12846FFF732FD6069032828D10420606125E02846FFF729FD606902288C
:204B400011D06069092802D060690A2808D1012605202061786918B1214628467A699047CE
:204B6000284600F0BFFE012020736069022801D106206061DAF8CC006FF30000CAF8CC002C
:204B800000BFBDE8F084F0B504460F4644F62846C2F20006A00006F160010D58A000314623
:204BA0000E58552F02D1072068610AE004202861204600F097FE706918B129462046726974
:204BC0009047F0BDF0B505460F4644F62846C2F20006A80006F160010C58A80031460E58C1
:204BE00038460021FFF716FE6073607BFF280CD0032020610820606100202073706978B119
:204C000021462846726990470AE004202061284600F068FE706918B1214628467269904791
:204C2000F0BD2DE9F044044644F62847C2F20007A00007F160010D58A000394651F800A069
:204C4000A0004CF64C11C0F201010E58E86928B9204600220621FFF74CFC06E0A10007F15D
:204C60001802505820F002005050DAF80C00012840F08B802869062800F08880687A0028BD
:204C800040D0E86928B9204601220721FFF731FC06E0A10007F11802505840F004005050E9
:204CA000092068612046FFF701FC2046FFF793FC2046FFF7E2FC2046FFF7FDFC012802D133
:204CC0002046FFF7DAFC687A411ED6F8040161F30300C6F80401687A07F1300101EBC401B8
:204CE0000138C2B22046FFF73CFCD6F8000140F01000C6F80001D6F8000140F00800C6F8E0
:204D0000000143E0A87AD0B30A206861E86950B9204600221146FFF7ECFB20460122072110
:204D2000FFF7E7FB0DE0A10007F11802505820F001005050A10007F11802505840F0040013
:204D400050502046FFF7B2FB2046FFF744FC2046FFF775FCA87A411ED6F8040161F3030096
:204D6000C6F80401D6F800016FF30410C6F80001D6F8000140F00800C6F8000106E0082098
:204D80002861204600F0AEFD00E000BFBDE8F08470B5054644F65846C2F20006A80006F130
:204DA00030010C58A07A80B1A07A06EBC502411E2846FFF7FAFB2846FFF7E9FBE07206EBFE
:204DC000C50060600920206104E02069062801D008202061284600F085FD70BD2DE9F04438
:204DE000044644F6584AC2F2000AA0000AF130010D580AE0297A5746204601EBC406FFF762
:204E0000C6FBB855297A481C28722046FFF79AFBC007EFD40AF1480151F82400800402D59C
:204E20000B2028610AE00AF1480151F82400C00402D50720286101E005202861204600F0F3
:204E400051FDBDE8F08430B404460021A20044F6884CC2F2000C5CF802309A69033A023A2A
:204E60000BD9043A07D302D0012A02D007E0042106E0072104E00C2102E0032100E000BF97
:204E800000BF084630BC704710B404460021621E0AD307D0013A03D0032A05D8022105E0DF
:204EA000092103E00A2101E0002100BF00BF084610BC704730B404460021A20044F6884C6A
:204EC000C2F2000C5CF802309A69033A023A0CD9043A08D30BD0012A0BD11A7A0AB10721B9
:204EE00000E0082106E00C2104E0032102E0042100E000BF00BF084630BC704730B404460A
:204F00000021A30044F6884CC2F2000C5CF803209369092B01D1042106E09369052B02D07D
:204F20009369042B00D1032100BF084630BC704770B5044644F62846C2F20006A00006F139
:204F400060010D58A00031460E582046FFF71FFB204600F0C7FC0A202861706918B12946BB
:204F600020467269904770BD2DE9F04404468A4644F62846C2F20006A00031460F58A00008
:204F800006F160010D5806F19000005D0AEA00068EB901202861287B48B9786918B12946C8
:204FA00020467A699047204600F09CFC05E0204600F098FC01E000202873BDE8F084F0B5BA
:204FC000044644F62846C2F20006A00006F160010D58A00031460E58A0004CF64C11C0F25A
:204FE00001010F58D7F8CC0010F0010F03D02046FFF7CDFA18E0686906280ED02046FFF776
:20500000C6FA204600F06EFC05202861706958B1294620467269904706E02046FFF7B7FA06
:2050200001462046FFF7AFFDF0BD2DE9F04D81B005468A4644F62846C2F20006A80006F1D4
:2050400060010C58A80031460F58607A217A401AC6B20020012E03D1E17A514500D00120B9
:2050600083462168097800208A4502D0012E00D001208DF803009DF80300012802D0BBF1B5
:20508000010F14D1062020612846FFF7D8FA2846FFF7F3FA2846FFF7B8FA284600F022FC5B
:2050A000786910B3214628467A6990471DE0206801302060207A01302072607A217A401A5B
:2050C000C6B2012E05D9284601222168FFF749FA0BE0012E06D104F10B0128460122FFF77F
:2050E00040FA02E0284600F0F4F801B0BDE8F08D70B50446A10044F68842C2F20002555800
:205100000026697A21B12046FFF741FA01460E466969063912D001391FD002292CD1697A5B
:2051200021B131462046FFF780FF06E02046FFF72EFA01462046FFF778FF23E0697A21B10F
:2051400031462046FFF71FFD06E02046FFF71FFA01462046FFF717FD14E0697A21B131462E
:205160002046FFF72FFD06E02046FFF710FA01462046FFF727FD05E0697A11B92046FFF7A6
:2051800006FA00BF70BD2DE9704105460024A90044F68842C2F20002565831690B291DD819
:2051A0000FF20408D8E801F01A1A1A1A1A0612181A1A060C2846FFF746FE01460C460FE009
:2051C0002846FFF777FE01460C4609E02846FFF795FE01460C4603E0072401E0002400BF12
:2051E00021460846BDE8708130B5044644F6A045C2F2000555F8241001F01801182903D1BD
:205200002046FFF776FC1BE055F82410890703D52046FFF78DFE13E055F8241011F09C0FD5
:2052200003D02046FFF7CBFE0AE055F82410C90503D52046FFF7ABF902E02046FFF758FFD0
:2052400030BDF0B5044644F62845C2F20005A00029460F58A00005F160010E58F8680128B6
:2052600016D105F1780151F8240042F69E41084203D12046FFF7D5FC24E02046FFF787F929
:205280000520306105207061204600F02BFB19E005F1780151F8240010F4305F03D1204644
:2052A000FFF7BFFC0EE00420306105F1780151F82400400503D505F1960001210155204637
:2052C00000F010FB786918B1314620467A699047F0BD70B5044644F62846C2F20006A00074
:2052E00031460D58A00006F160010E5808203061204600F0F7FA686918B1314620466A692A
:20530000904770BDF0B5044644F62846C2F20006A00031460F58A00006F160010D58287ABB
:20532000697A884205D007202861204600F0DAFA0EE006F1780151F8240043F29C0108422A
:2053400003D12046FFF724FD02E02046FFF746FD786918B1294620467A699047F0BD000095
:2053600000000000000000002DE9F04D82B006460F4644F62845C2F200054FF0000BB000AD
:205380004CF64C11C0F201010C584CF68C11C0F2010151F826000090B00029460F503046D0
:2053A000FFF797F910B94FF0010B9BE00098D0F814A00098D0F818A00098D0F800A0E06864
:2053C00040F08000E0602068796861F3070020607868C0F30721606861F307006060D4F82F
:2053E000C000B96861F30300C4F8C000E0686FF3C710E060E0686FF3C300E060E06840F013
:205400000300E060E0686FF38200E060E06840F40020E06020696FF341002061387C02217D
:205420000D2802D3387CA0F10B01E06861F34D20E0603046FFF7E9F8304600220921FFF7C3
:2054400058F8B10005F11802505820F0FF005050F86801280CD1D4F8000140F00100C4F8C4
:205460000001D4F80001F96861F34100C4F80001B87C012803D105F196000021815505F101
:20548000A20001218155397F05F19C008155797F05F190008155B96944F68842C2F2000222
:2054A00042F8261044F68841C2F2000151F826000021017344F68841C2F2000151F8260099
:2054C0000021016144F68841C2F2000151F826000221416144F68841C2F2000151F8260036
:2054E0000021C161584602B0BDE8F08DF0B5044644F64046C2F200060025A00006F1480189
:205500000F58387B012801D1012525E02046FFF7E0F808B9012501E00020786120460022CE
:205520000921FEF7E6FF2046FFF789F82046FFF7A4F82046FFF706F8C00702D52046FFF73E
:2055400026F8A1003246505820F0FF005050A00006F1480100220A502846F0BD2DE9F04DF3
:2055600005468B4644F65847C2F200070024A80007F130010E58D6F814A0306909281BD8E1
:205580000FF20408D8E800F013091807051818180B0D0C2415E00B2413E0092411E0012424
:2055A0000FE0052407EBC500CBF8000009E05046FFF76AFC044604E02846FFF7E4FD0446C1
:2055C00000BF2046BDE8F08D2DE9F04D81B006460D4644F62847C2F20007B00007F16001F4
:2055E00051F800A057F826000090B0004CF64C11C0F2010151F800B028788AF80D00A86882
:20560000C8BB002408E02A6904EBC600125D07F130010A54601CC4B2287B8442F3D3FEF7A7
:2056200047F9686808B9002000E028788AF80B009AF80B20297B2869FFF728F98AF80B00D6
:20564000FEF739F907F1300101EBC600CAF80000287B01308AF8090000208AF80A00FEF786
:205660002DF9DBF80C01297961F30000CBF80C01FEF727F927E0A86801281ED1002407E00F
:2056800004EBC60007F1300100220A54601CC4B2082CF5D300208AF80900287B01308AF8BD
:2056A0000A00FEF70BF9DBF80C01696861F30000CBF80C01FEF705F905E000208AF809008F
:2056C00000208AF80A0000208AF808000020CAF8100001208AF80C000320CAF81400304664
:2056E000FEF7E4FEFEF7F6F80099487C411EDBF8100161F30200CBF81001DBF808019AF8B8
:205700000D1061F30700CBF80801FEF7E6F8FEF7E7F8DBF8000140F00200CBF80001DBF801
:20572000000140F00400CBF80001FEF7DCF801B0BDE8F08D2DE9F04C05460E4644F6284C35
:20574000C2F2000C0024A8000CF160010F58A800614651F800A0317B012019B1317B08294C
:2057600000D8002083467869012801D1012416E0387B012801D1022411E0DAF80C000128A5
:2057800004D131462846FFF71FFF08E0BBF1010F01D1012403E031462846FFF79FF82046E5
:2057A000BDE8F08CF0B5044644F64046C2F200060125A00006F148010F58F86928B920464A
:2057C00000220921FEF795FE05E0A1003246505820F0FF0050502046FEF768FE2046FEF784
:2057E00078FF012801D1002500E00225204600F079F82846F0BD2DE9F04C054644F62844E6
:20580000C2F2000404F118064FF0000AA80004F160010F58A800214651F800B0387B01282B
:2058200002D14FF0010A3CE07869012839D00020386101207861F86950B928460022092145
:20584000FEF757FE284601220821FEF752FE09E0A900705820F0FF007050A900705840F035
:2058600008007050DBF80C0001280DD1F86928B9284601220021FEF73CFE12E0A9007058F4
:2058800040F0010070500CE0F86928B9284601220021FEF72EFE04E0A900705840F0010090
:2058A00070505046BDE8F08CF0B5064644F68847C2F200070024B00039460D58287B012838
:2058C00002D06869012801D0012409E00120287307F13C00815D3046FEF758FF00B90124AF
:2058E0002046F0BD2DE9F04F82B0044644F62845C2F2000505F11807A00005F1600151F80F
:2059000000A0A000294651F800B0A0004CF64C11C0F201010E58B0682046FEF713FE05EB12
:2059200084018867DAF81C0028B9204600220921FEF7DFFD04E0A100785820F0FF00785075
:205940002046FEF7B3FD2046FEF779FE2046FEF794FE2046FEF759FEDBF80C00002846D1AD
:2059600005F19600005D012826D12046FEF7B1FE012821D1F06840F08000F0603068DBF836
:20598000041061F307003060DBF80400C0F30721706861F307007060D6F8C000DBF80810DA
:2059A00061F30300C6F8C000F0686FF3C710F06005F1960000210155D6F800016FF30000FD
:2059C000C6F80001D6F8CC0040F00100C6F8CC00DAF81C0028B9204601220021FEF789FDBF
:2059E00021E0A100785840F0010078501BE0DBF80C00012817D1DAF81C0050B920460122D1
:205A00000621FEF776FD204601220021FEF771FD09E0A100785840F002007850A100785825
:205A200040F001007850DAF81400CAF818000220CAF8140000208AF80C0002B0BDE8F08F31
:205A400070B5044644F68845C2F20005A00029460E5805F1180151F8240080050ED5204658
:205A600000220821FEF745FD7069012806D12046FEF78DFD01462046FFF776FA70BD10B5E1
:205A8000044644F6A042C2F2000252F82410C90702D52046FFF7A8FB10BD10B5044644F6B0
:205AA000A042C2F2000252F82410490402D52046FFF7C7FB10BD10B5044644F6A042C2F2E2
:205AC000000252F82410090402D52046FFF71AFC10BD2DE9F04C044644F6A047C2F20007AB
:205AE000A0004CF64C11C0F201010D58A0004CF68C11C0F2010151F800A0A600BB46204625
:205B0000FEF720FD4BF80600AE6816F00F06686810F4806F02D02046FFF792FF686810F0A7
:205B2000010F02D02046FFF7AAFF686810F4807F02D02046FFF7B1FF686810F4007F02D0A8
:205B40002046FFF7B8FF072E01D1DAF87C00A000394600220A50BDE8F08C00B50320FFF753
:205B6000B8FFBFF34F8F00BD2DE97041064644F6F045C2F2000501244CF2CC12C0F20102F0
:205B8000116829602A68126812680021022A0AD02A681268126832B12A6812681268012A3C
:205BA00001D0012104E02A681268126802B901210C4654B92968086800F016F801460C46B4
:205BC000210001D000222A600C4600BFBDE870812DE9004144F6F041C2F200010868006831
:205BE00000F01CF8BDE80081F0B5064601240027316809B901240EE03168012901D1012515
:205C000000E0022506F10C0252F82510486800F084F8C1B20C4621460846F0BD10B50446A7
:205C2000A168606800F0E6F810BD0000002142F20003C4F20503002208E049F69910C0F23E
:205C40000100814201D9022204E0491C986810F0807FF2D010467047F0B405460C4642F2F6
:205C60000003C4F205030022D3F808C0C4F800C095F809C0BCF1000F04D0D5F80CC02F691B
:205C8000BC4504D2D5F810C0BCF1000F01D801223FE026684FF68147CFF6F8773E402660E6
:205CA0002E684FEA867C266846EA9C5626606E7A4FEAC67C266846EA9C6626606E794FEA14
:205CC000C67C266846EA1C7626602E794FEAC67C266846EA5C762660AE794FEAC67C266844
:205CE00046EA9C7626602E7A4FEAC67C266846EADC662660EE794FEAC67C266846EA5C66D1
:205D00002660266846F480262660266846F00106266000BF1046F0BC70472DE9F04581B0C4
:205D2000054644F6F44AC2F2000A42F20006C4F20506002442F20001C4F205018968C1F32D
:205D400080170FB9012405E069462846FFF784FF01460C46002C48D1FDF7E0FD07B42F4863
:205D60002F49304A0160026007BC2969F160FDF7D8FDFFF75BFF01460C46002C13D1697A23
:205D8000002910D0FDF7CAFD07B424482449254A0160026007BCE9683161FDF7C2FDFFF72A
:205DA00045FF01460C46002C10D1FDF7B7FD07B41A481B491B4A0160026007BC0099B1603B
:205DC000FDF7AFFDFFF732FF01460C46297A31B1696944F6F442C2F20002116005E000216F
:205DE00044F6F442C2F2000211602146084601B0BDE8F08530B504460D4604B1A047FDF77A
:205E00008DFD07B405480849084A0160026007BCFDF787FD05B1A84730BD00BF1420054085
:205E2000C4A1D9B00F3B1E1AD6B1C4A07B0C0D1E30B5044640F20005C4F2020507B40B4824
:205E40004FF080010160026800BF00BF00BF00BF00BF00BF00BF00BF07BC01E004B1A0477F
:205E6000296811F0800FF9D030BD00BF00000240000000000000000000000000000000004A
:205E8000000000000000000000000000000000000000000000000000000000000000000002
:205EA0000000000000000000000000000000000000000000000000000000000000000000E2
:205EC0000000000000000000000000000000000000000000000000000000000000000000C2
:205EE0000000000000000000000000000000000000000000000000000000000000000000A2
:205F0000000000000000000000000000000000000000000000000000000000000000000081
:205F2000000000000000000000000000000000000000000000000000000000000000000061
:205F4000010000000200000004000000080000001000000020000000400000008000000042
:205F60001B00000036000000637C777BF26B6FC53001672BFED7AB76CA82C97DFA5947F099
:205F8000ADD4A2AF9CA472C0B7FD9326363FF7CC34A5E5F171D8311504C723C31896059ADC
:205FA000071280E2EB27B27509832C1A1B6E5AA0523BD6B329E32F8453D100ED20FCB15BCA
:205FC0006ACBBE394A4C58CFD0EFAAFB434D338545F9027F503C9FA851A3408F929D38F57B
:205FE000BCB6DA2110FFF3D2CD0C13EC5F974417C4A77E3D645D197360814FDC222A908854
:2060000046EEB814DE5E0BDBE0323A0A4906245CC2D3AC629195E479E7C8376D8DD54EA967
:206020006C56F4EA657AAE08BA78252E1CA6B4C6E8DD741F4BBD8B8A703EB5664803F60EDD
:20604000613557B986C11D9EE1F8981169D98E949B1E87E9CE5528DF8CA1890DBFE642684D
:2060600041992D0FB054BB16F4A750514165537E17A4C31A275E963AAB6BCB3B9D45F11F87
:20608000FA58ABACE303934B30FA5520766DF6ADCC769188024C25F5E5D7FC4F2ACBD7C513
:2060A0003544802662A38FB5B15A49DEBA1B6725EA0E9845FEC0E15D2F7502C34CF01281DC
:2060C0004697A38DD3F9C66B8F5FE703929C95156D7AEBBF5259DA95BE832DD47421D35859
:2060E000E0692949C9C8448EC2896A758E7978F4583E6B99B971DD27E14FB6BE88AD17F03D
:2061000020AC66C9CE3AB47DDF4A18631A3182E551336097537F45626477E0B16BAE84BB3D
:2061200081A01CFE082B94F94868587045FD198FDE6C87947BF8B75273D323AB4B02E2726C
:206140001F8F57E355AB2A66EB2807B2B5C2032FC57B9A863708A5D32887F230BFA5B22331
:20616000036ABA0216825CEDCF1C2B8A79B492A707F2F0F369E2A14EDAF4CD6505BED5065B
:2061800034621FD1A6FE8AC42E539D34F355A0A28AE13205F6EB75A483EC390B60EFAA4023
:2061A000719F065E6E1051BD218AF93EDD063D963E05AEDDE6BD464D548DB591C45D057185
:2061C00006D46F045015FF6098FB2419BDE997D64043CC89D99E7767E842BDB0898B880764
:2061E000195B38E7C8EEDB797C0A47A1420FE97C841EC9F800000000808683092BED483257
:206200001170AC1E5A724E6C0EFFFBFD8538560FAED51E3D2D3927360FD9640A5CA6216804
:206220005B54D19B362E3A240A67B10C57E70F93EE96D2B49B919E1BC0C54F80DC20A26131
:20624000774B695A121A161C93BA0AE2A02AE5C022E0433C1B171D12090D0B0E8BC7ADF2B1
:20626000B6A8B92D1EA9C814F119855775074CAF99DDBBEE7F60FDA301269FF772F5BC5C00
:20628000663BC544FB7E345B4329768B23C6DCCBEDFC68B6E4F163B831DCCAD76385104270
:2062A00097224013C61120844A247D85BB3DF8D2F93211AE29A16DC79E2F4B1DB230F3DC57
:2062C0008652EC0DC1E3D077B3166C2B70B999A99448FA11E9642247FC8CC4A8F03F1AA0BD
:2062E0007D2CD8563390EF22494EC78738D1C1D9CAA2FE8CD40B3698F581CFA67ADE28A5B8
:20630000B78E26DAADBFA43F3A9DE42C78920D505FCC9B6A7E4662548D13C2F6D8B8E89091
:2063200039F75E2EC3AFF5825D80BE9FD0937C69D52DA96F2512B3CFAC993BC8187DA710CF
:206340009C636EE83BBB7BDB267809CD5918F46E9AB701EC4F9AA883956E65E6FFE67EAAA8
:20636000BCCF082115E8E6EFE79BD9BA6F36CE4A9F09D4EAB07CD629A4B2AF313F23312A41
:20638000A59430C6A266C0354EBC377482CAA6FC90D0B0E0A7D8153304984AF1ECDAF741A2
:2063A000CD500E7F91F62F174DD68D76EFB04D43AA4D54CC9604DFE4D1B5E39E6A881B4C3D
:2063C0002C1FB8C165517F465EEA049D8C355D01877473FA0B412EFB671D5AB3DBD2529277
:2063E000105633E9D647136DD7618C9AA10C7A37F8148E59133C89EBA927EECE61C935B76A
:206400001CE5EDE147B13C7AD2DF599CF2733F5514CE7918C737BF73F7CDEA53FDAA5B5F5B
:206420003D6F14DF44DB8678AFF381CA68C43EB924342C38A3405FC21DC37216E2250CBC99
:206440003C498B280D9541FFA80171390CB3DE08B4E49CD856C19064CB84617B32B670D5BB
:206460006C5C7448B85742D0A75051F465537E41A4C31A175E963A276BCB3BAB45F11F9DC9
:2064800058ABACFA03934BE3FA5520306DF6AD76769188CC4C25F502D7FC4FE5CBD7C52A0F
:2064A00044802635A38FB5625A49DEB11B6725BA0E9845EAC0E15DFE7502C32FF012814CD8
:2064C00097A38D46F9C66BD35FE7038F9C9515927AEBBF6D59DA9552832DD4BE21D3587455
:2064E000692949E0C8448EC9896A75C27978F48E3E6B995871DD27B94FB6BEE1AD17F08839
:20650000AC66C9203AB47DCE4A1863DF3182E51A336097517F45625377E0B164AE84BB6B39
:20652000A01CFE812B94F90868587048FD198F456C8794DEF8B7527BD323AB7302E2724B68
:206540008F57E31FAB2A66552807B2EBC2032FB57B9A86C508A5D33787F23028A5B223BF2D
:206560006ABA0203825CED161C2B8ACFB492A779F2F0F307E2A14E69F4CD65DABED5060557
:20658000621FD134FE8AC4A6539D342E55A0A2F3E132058AEB75A4F6EC390B83EFAA40601F
:2065A0009F065E711051BD6E8AF93E21063D96DD05AEDD3EBD464DE68DB591545D0571C481
:2065C000D46F040615FF6050FB241998E997D6BD43CC89409E7767D942BDB0E88B88078960
:2065E0005B38E719EEDB79C80A47A17C0FE97C421EC9F8840000000086830980ED48322B53
:2066000070AC1E11724E6C5AFFFBFD0E38560F85D51E3DAE3927362DD9640A0FA621685C00
:2066200054D19B5B2E3A243667B10C0AE70F935796D2B4EE919E1B9BC54F80C020A261DC2D
:206640004B695A771A161C12BA0AE2932AE5C0A0E0433C22171D121B0D0B0E09C7ADF28BAD
:20666000A8B92DB6A9C8141E198557F1074CAF75DDBBEE9960FDA37F269FF701F5BC5C72FC
:206680003BC544667E345BFB29768B43C6DCCB23FC68B6EDF163B8E4DCCAD731851042636C
:2066A00022401397112084C6247D854A3DF8D2BB3211AEF9A16DC7292F4B1D9E30F3DCB253
:2066C00052EC0D86E3D077C1166C2BB3B999A97048FA1194642247E98CC4A8FC3F1AA0F0B9
:2066E0002CD8567D90EF22334EC78749D1C1D938A2FE8CCA0B3698D481CFA6F5DE28A57AB4
:206700008E26DAB7BFA43FAD9DE42C3A920D5078CC9B6A5F4662547E13C2F68DB8E890D88D
:20672000F75E2E39AFF582C380BE9F5D937C69D02DA96FD512B3CF25993BC8AC7DA71018CB
:20674000636EE89CBB7BDB3B7809CD2618F46E59B701EC9A9AA8834F6E65E695E67EAAFFA4
:20676000CF0821BCE8E6EF159BD9BAE736CE4A6F09D4EA9F7CD629B0B2AF31A423312A3F3D
:206780009430C6A566C035A2BC37744ECAA6FC82D0B0E090D81533A7984AF104DAF741EC9E
:2067A000500E7FCDF62F1791D68D764DB04D43EF4D54CCAA04DFE496B5E39ED1881B4C6A39
:2067C0001FB8C12C517F4665EA049D5E355D018C7473FA87412EFB0B1D5AB367D25292DB73
:2067E0005633E91047136DD6618C9AD70C7A37A1148E59F83C89EB1327EECEA9C935B76166
:20680000E5EDE11CB13C7A47DF599CD2733F55F2CE79181437BF73C7CDEA53F7AA5B5FFD57
:206820006F14DF3DDB867844F381CAAFC43EB968342C3824405FC2A3C372161D250CBCE295
:20684000498B283C9541FF0D017139A8B3DE080CE49CD8B4C190645684617BCBB670D532B7
:206860005C74486C5742D0B85051F4A7537E4165C31A17A4963A275ECB3BAB6BF11F9D45C5
:20688000ABACFA58934BE303552030FAF6AD766D9188CC7625F5024CFC4FE5D7D7C52ACB0B
:2068A000802635448FB562A349DEB15A6725BA1B9845EA0EE15DFEC002C32F7512814CF0D4
:2068C000A38D4697C66BD3F9E7038F5F9515929CEBBF6D7ADA9552592DD4BE83D358742151
:2068E0002949E069448EC9C86A75C28978F48E796B99583EDD27B971B6BEE14F17F088AD35
:2069000066C920ACB47DCE3A1863DF4A82E51A31609751334562537FE0B1647784BB6BAE35
:206920001CFE81A094F9082B58704868198F45FD8794DE6CB7527BF823AB73D3E2724B0264
:2069400057E31F8F2A6655AB07B2EB28032FB5C29A86C57BA5D33708F2302887B223BFA529
:20696000BA02036A5CED16822B8ACF1C92A779B4F0F307F2A14E69E2CD65DAF4D50605BE53
:206980001FD134628AC4A6FE9D342E53A0A2F35532058AE175A4F6EB390B83ECAA4060EF1B
:2069A000065E719F51BD6E10F93E218A3D96DD06AEDD3E05464DE6BDB591548D0571C45D7D
:2069C0006F0406D4FF605015241998FB97D6BDE9CC8940437767D99EBDB0E8428807898B5C
:2069E00038E7195BDB79C8EE47A17C0AE97C420FC9F8841E000000008309808648322BED4F
:206A0000AC1E11704E6C5A72FBFD0EFF560F85381E3DAED527362D39640A0FD921685CA6FC
:206A2000D19B5B543A24362EB10C0A670F9357E7D2B4EE969E1B9B914F80C0C5A261DC2029
:206A4000695A774B161C121A0AE293BAE5C0A02A433C22E01D121B170B0E090DADF28BC7A9
:206A6000B92DB6A8C8141EA98557F1194CAF7507BBEE99DDFDA37F609FF70126BC5C72F5F8
:206A8000C544663B345BFB7E768B4329DCCB23C668B6EDFC63B8E4F1CAD731DC1042638568
:206AA000401397222084C6117D854A24F8D2BB3D11AEF9326DC729A14B1D9E2FF3DCB2304F
:206AC000EC0D8652D077C1E36C2BB31699A970B9FA1194482247E964C4A8FC8C1AA0F03FB5
:206AE000D8567D2CEF223390C787494EC1D938D1FE8CCAA23698D40BCFA6F58128A57ADEB0
:206B000026DAB78EA43FADBFE42C3A9D0D5078929B6A5FCC62547E46C2F68D13E890D8B889
:206B20005E2E39F7F582C3AFBE9F5D807C69D093A96FD52DB3CF25123BC8AC99A710187DC7
:206B40006EE89C637BDB3BBB09CD2678F46E591801EC9AB7A8834F9A65E6956E7EAAFFE6A0
:206B60000821BCCFE6EF15E8D9BAE79BCE4A6F36D4EA9F09D629B07CAF31A4B2312A3F2339
:206B800030C6A594C035A26637744EBCA6FC82CAB0E090D01533A7D84AF10498F741ECDA9A
:206BA0000E7FCD502F1791F68D764DD64D43EFB054CCAA4DDFE49604E39ED1B51B4C6A8835
:206BC000B8C12C1F7F466551049D5EEA5D018C3573FA87742EFB0B415AB3671D5292DBD26F
:206BE00033E91056136DD6478C9AD7617A37A10C8E59F81489EB133CEECEA92735B761C962
:206C0000EDE11CE53C7A47B1599CD2DF3F55F273791814CEBF73C737EA53F7CD5B5FFDAA53
:206C200014DF3D6F867844DB81CAAFF33EB968C42C3824345FC2A34072161DC30CBCE22591
:206C40008B283C4941FF0D957139A801DE080CB39CD8B4E4906456C1617BCB8470D532B6B3
:206C600074486C5C42D0B85751F4A7507E4165531A17A4C33A275E963BAB6BCB1F9D45F1C1
:206C8000ACFA58AB4BE303932030FA55AD766DF688CC7691F5024C254FE5D7FCC52ACBD707
:206CA00026354480B562A38FDEB15A4925BA1B6745EA0E985DFEC0E1C32F7502814CF012D0
:206CC0008D4697A36BD3F9C6038F5FE715929C95BF6D7AEB955259DAD4BE832D587421D34D
:206CE00049E069298EC9C84475C2896AF48E797899583E6B27B971DDBEE14FB6F088AD1731
:206D0000C920AC667DCE3AB463DF4A18E51A31829751336062537F45B16477E0BB6BAE8431
:206D2000FE81A01CF9082B94704868588F45FD1994DE6C87527BF8B7AB73D323724B02E260
:206D4000E31F8F576655AB2AB2EB28072FB5C20386C57B9AD33708A5302887F223BFA5B225
:206D600002036ABAED16825C8ACF1C2BA779B492F307F2F04E69E2A165DAF4CD0605BED54F
:206D8000D134621FC4A6FE8A342E539DA2F355A0058AE132A4F6EB750B83EC394060EFAA17
:206DA0005E719F06BD6E10513E218AF996DD063DDD3E05AE4DE6BD4691548DB571C45D0579
:206DC0000406D46F605015FF1998FB24D6BDE997894043CC67D99E77B0E842BD07898B8858
:206DE000E7195B3879C8EEDBA17C0A477C420FE9F8841EC90000000009808683322BED484B
:206E00001E1170AC6C5A724EFD0EFFFB0F8538563DAED51E362D39270A0FD964685CA621F8
:206E20009B5B54D124362E3A0C0A67B19357E70FB4EE96D21B9B919E80C0C54F61DC20A225
:206E40005A774B691C121A16E293BA0AC0A02AE53C22E043121B171D0E090D0BF28BC7ADA5
:206E60002DB6A8B9141EA9C857F11985AF75074CEE99DDBBA37F60FDF701269F5C72F5BCF4
:206E800044663BC55BFB7E348B432976CB23C6DCB6EDFC68B8E4F163D731DCCA4263851064
:206EA0001397224084C61120854A247DD2BB3DF8AEF93211C729A16D1D9E2F4BDCB230F34B
:206EC0000D8652EC77C1E3D02BB3166CA970B999119448FA47E96422A8FC8CC4A0F03F1AB1
:206EE000567D2CD8223390EF87494EC7D938D1C18CCAA2FE98D40B36A6F581CFA57ADE28AC
:206F0000DAB78E263FADBFA42C3A9DE45078920D6A5FCC9B547E4662F68D13C290D8B8E885
:206F20002E39F75E82C3AFF59F5D80BE69D0937C6FD52DA9CF2512B3C8AC993B10187DA7C3
:206F4000E89C636EDB3BBB7BCD2678096E5918F4EC9AB701834F9AA8E6956E65AAFFE67E9C
:206F600021BCCF08EF15E8E6BAE79BD94A6F36CEEA9F09D429B07CD631A4B2AF2A3F233135
:206F8000C6A5943035A266C0744EBC37FC82CAA6E090D0B033A7D815F104984A41ECDAF796
:206FA0007FCD500E1791F62F764DD68D43EFB04DCCAA4D54E49604DF9ED1B5E34C6A881B31
:206FC000C12C1FB84665517F9D5EEA04018C355DFA877473FB0B412EB3671D5A92DBD2526B
:206FE000E91056336DD647139AD7618C37A10C7A59F8148EEB133C89CEA927EEB761C9355E
:20700000E11CE5ED7A47B13C9CD2DF5955F2733F1814CE7973C737BF53F7CDEA5FFDAA5B4F
:20702000DF3D6F147844DB86CAAFF381B968C43E3824342CC2A3405F161DC372BCE2250C8D
:20704000283C498BFF0D954139A80171080CB3DED8B4E49C6456C1907BCB8461D532B670AF
:20706000486C5C74D0B857426363A5C67C7C84F8777799EE7B7B8DF6F2F20DFF6B6BBDD67F
:207080006F6FB1DEC5C5549130305060010103026767A9CE2B2B7D56FEFE19E7D7D762B5CE
:2070A000ABABE64D76769AECCACA458F82829D1FC9C940897D7D87FAFAFA15EF5959EBB290
:2070C0004747C98EF0F00BFBADADEC41D4D467B3A2A2FD5FAFAFEA459C9CBF23A4A4F753C3
:2070E000727296E4C0C05B9BB7B7C275FDFD1CE19393AE3D26266A4C36365A6C3F3F417E9E
:20710000F7F702F5CCCC4F8334345C68A5A5F451E5E534D1F1F108F9717193E2D8D873AB8E
:207120003131536215153F2A04040C08C7C7529523236546C3C35E9D181828309696A13716
:2071400005050F0A9A9AB52F0707090E1212362480809B1BE2E23DDFEBEB26CD2727694EED
:20716000B2B2CD7F75759FEA09091B1283839E1D2C2C74581A1A2E341B1B2D366E6EB2DC2F
:207180005A5AEEB4A0A0FB5B5252F6A43B3B4D76D6D661B7B3B3CE7D29297B52E3E33EDD17
:2071A0002F2F715E848497135353F5A6D1D168B900000000EDED2CC120206040FCFC1FE34B
:2071C000B1B1C8795B5BEDB66A6ABED4CBCB468DBEBED96739394B724A4ADE944C4CD498EF
:2071E0005858E8B0CFCF4A85D0D06BBBEFEF2AC5AAAAE54FFBFB16ED4343C5864D4DD79AEA
:2072000033335566858594114545CF8AF9F910E9020206047F7F81FE5050F0A03C3C4478E1
:207220009F9FBA25A8A8E34B5151F3A2A3A3FE5D4040C0808F8F8A059292AD3F9D9DBC2147
:2072400038384870F5F504F1BCBCDF63B6B6C177DADA75AF2121634210103020FFFF1AE59D
:20726000F3F30EFDD2D26DBFCDCD4C810C0C141813133526ECEC2FC35F5FE1BE9797A235F5
:207280004444CC881717392EC4C45793A7A7F2557E7E82FC3D3D477A6464ACC85D5DE7BA2A
:2072A00019192B32737395E66060A0C0818198194F4FD19EDCDC7FA3222266442A2A7E5410
:2072C0009090AB3B8888830B4646CA8CEEEE29C7B8B8D36B14143C28DEDE79A75E5EE2BCEC
:2072E0000B0B1D16DBDB76ADE0E03BDB323256643A3A4E740A0A1E144949DB9206060A0CDB
:2073000024246C485C5CE4B8C2C25D9FD3D36EBDACACEF436262A6C49191A8399595A43112
:20732000E4E437D379798BF2E7E732D5C8C8438B3737596E6D6DB7DA8D8D8C01D5D564B1D3
:207340004E4ED29CA9A9E0496C6CB4D85656FAACF4F407F3EAEA25CF6565AFCA7A7A8EF48F
:20736000AEAEE94708081810BABAD56F787888F025256F4A2E2E725C1C1C2438A6A6F157D4
:20738000B4B4C773C6C65197E8E823CBDDDD7CA174749CE81F1F213E4B4BDD96BDBDDC6179
:2073A0008B8B860D8A8A850F707090E03E3E427CB5B5C4716666AACC4848D8900303050608
:2073C000F6F601F70E0E121C6161A3C235355F6A5757F9AEB9B9D06986869117C1C15899FE
:2073E0001D1D273A9E9EB927E1E138D9F8F813EB9898B32B111133226969BBD2D9D970A966
:207400008E8E89079494A7339B9BB62D1E1E223C87879215E9E920C9CECE49875555FFAADC
:2074200028287850DFDF7AA58C8C8F03A1A1F859898980090D0D171ABFBFDA65E6E631D7A3
:207440004242C6846868B8D04141C3829999B0292D2D775A0F0F111EB0B0CB7B5454FCA8CA
:20746000BBBBD66D16163A2C63A5C6637C84F87C7799EE777B8DF67BF20DFFF26BBDD66BD5
:207480006FB1DE6FC55491C5305060300103020167A9CE672B7D562BFE19E7FED762B5D7CA
:2074A000ABE64DAB769AEC76CA458FCA829D1F82C94089C97D87FA7DFA15EFFA59EBB2598C
:2074C00047C98E47F00BFBF0ADEC41ADD467B3D4A2FD5FA2AFEA45AF9CBF239CA4F753A4BF
:2074E0007296E472C05B9BC0B7C275B7FD1CE1FD93AE3D93266A4C26365A6C363F417E3F9A
:20750000F702F5F7CC4F83CC345C6834A5F451A5E534D1E5F108F9F17193E271D873ABD88A
:2075200031536231153F2A15040C0804C75295C723654623C35E9DC31828301896A1379612
:20754000050F0A059AB52F9A07090E0712362412809B1B80E23DDFE2EB26CDEB27694E27E9
:20756000B2CD7FB2759FEA75091B1209839E1D832C74582C1A2E341A1B2D361B6EB2DC6E2B
:207580005AEEB45AA0FB5BA052F6A4523B4D763BD661B7D6B3CE7DB3297B5229E33EDDE313
:2075A0002F715E2F8497138453F5A653D168B9D100000000ED2CC1ED20604020FC1FE3FC47
:2075C000B1C879B15BEDB65B6ABED46ACB468DCBBED967BE394B72394ADE944A4CD4984CEB
:2075E00058E8B058CF4A85CFD06BBBD0EF2AC5EFAAE54FAAFB16EDFB43C586434DD79A4DE6
:20760000335566338594118545CF8A45F910E9F9020604027F81FE7F50F0A0503C44783CDD
:207620009FBA259FA8E34BA851F3A251A3FE5DA340C080408F8A058F92AD3F929DBC219D43
:2076400038487038F504F1F5BCDF63BCB6C177B6DA75AFDA2163422110302010FF1AE5FF99
:20766000F30EFDF3D26DBFD2CD4C81CD0C14180C13352613EC2FC3EC5FE1BE5F97A23597F1
:2076800044CC884417392E17C45793C4A7F255A77E82FC7E3D477A3D64ACC8645DE7BA5D26
:2076A000192B32197395E67360A0C060819819814FD19E4FDC7FA3DC226644222A7E542A0C
:2076C00090AB3B9088830B8846CA8C46EE29C7EEB8D36BB8143C2814DE79A7DE5EE2BC5EE8
:2076E0000B1D160BDB76ADDBE03BDBE0325664323A4E743A0A1E140A49DB9249060A0C06D7
:20770000246C48245CE4B85CC25D9FC2D36EBDD3ACEF43AC62A6C46291A8399195A431950E
:20772000E437D3E4798BF279E732D5E7C8438BC837596E376DB7DA6D8D8C018DD564B1D5CF
:207740004ED29C4EA9E049A96CB4D86C56FAAC56F407F3F4EA25CFEA65AFCA657A8EF47A8B
:20776000AEE947AE08181008BAD56FBA7888F078256F4A252E725C2E1C24381CA6F157A6D0
:20778000B4C773B4C65197C6E823CBE8DD7CA1DD749CE8741F213E1F4BDD964BBDDC61BD75
:2077A0008B860D8B8A850F8A7090E0703E427C3EB5C471B566AACC6648D890480305060304
:2077C000F601F7F60E121C0E61A3C261355F6A3557F9AE57B9D069B986911786C15899C1FA
:2077E0001D273A1D9EB9279EE138D9E1F813EBF898B32B981133221169BBD269D970A9D962
:207800008E89078E94A733949BB62D9B1E223C1E87921587E920C9E9CE4987CE55FFAA55D8
:2078200028785028DF7AA5DF8C8F038CA1F859A1898009890D171A0DBFDA65BFE631D7E69F
:2078400042C6844268B8D06841C3824199B029992D775A2D0F111E0FB0CB7BB054FCA854C6
:20786000BBD66DBB163A2C16A5C6636384F87C7C99EE77778DF67B7B0DFFF2F2BDD66B6BD1
:20788000B1DE6F6F5491C5C55060303003020101A9CE67677D562B2B19E7FEFE62B5D7D7C6
:2078A000E64DABAB9AEC7676458FCACA9D1F82824089C9C987FA7D7D15EFFAFAEBB2595988
:2078C000C98E47470BFBF0F0EC41ADAD67B3D4D4FD5FA2A2EA45AFAFBF239C9CF753A4A4BB
:2078E00096E472725B9BC0C0C275B7B71CE1FDFDAE3D93936A4C26265A6C3636417E3F3F96
:2079000002F5F7F74F83CCCC5C683434F451A5A534D1E5E508F9F1F193E2717173ABD8D886
:20792000536231313F2A15150C0804045295C7C7654623235E9DC3C328301818A13796960E
:207940000F0A0505B52F9A9A090E0707362412129B1B80803DDFE2E226CDEBEB694E2727E5
:20796000CD7FB2B29FEA75751B1209099E1D838374582C2C2E341A1A2D361B1BB2DC6E6E27
:20798000EEB45A5AFB5BA0A0F6A452524D763B3B61B7D6D6CE7DB3B37B5229293EDDE3E30F
:2079A000715E2F2F97138484F5A6535368B9D1D1000000002CC1EDED604020201FE3FCFC43
:2079C000C879B1B1EDB65B5BBED46A6A468DCBCBD967BEBE4B723939DE944A4AD4984C4CE7
:2079E000E8B058584A85CFCF6BBBD0D02AC5EFEFE54FAAAA16EDFBFBC5864343D79A4D4DE2
:207A00005566333394118585CF8A454510E9F9F90604020281FE7F7FF0A0505044783C3CD9
:207A2000BA259F9FE34BA8A8F3A25151FE5DA3A3C08040408A058F8FAD3F9292BC219D9D3F
:207A40004870383804F1F5F5DF63BCBCC177B6B675AFDADA63422121302010101AE5FFFF95
:207A60000EFDF3F36DBFD2D24C81CDCD14180C0C352613132FC3ECECE1BE5F5FA2359797ED
:207A8000CC884444392E17175793C4C4F255A7A782FC7E7E477A3D3DACC86464E7BA5D5D22
:207AA0002B32191995E67373A0C0606098198181D19E4F4F7FA3DCDC664422227E542A2A08
:207AC000AB3B9090830B8888CA8C464629C7EEEED36BB8B83C28141479A7DEDEE2BC5E5EE4
:207AE0001D160B0B76ADDBDB3BDBE0E0566432324E743A3A1E140A0ADB9249490A0C0606D3
:207B00006C482424E4B85C5C5D9FC2C26EBDD3D3EF43ACACA6C46262A8399191A43195950A
:207B200037D3E4E48BF2797932D5E7E7438BC8C8596E3737B7DA6D6D8C018D8D64B1D5D5CB
:207B4000D29C4E4EE049A9A9B4D86C6CFAAC565607F3F4F425CFEAEAAFCA65658EF47A7A87
:207B6000E947AEAE18100808D56FBABA88F078786F4A2525725C2E2E24381C1CF157A6A6CC
:207B8000C773B4B45197C6C623CBE8E87CA1DDDD9CE87474213E1F1FDD964B4BDC61BDBD71
:207BA000860D8B8B850F8A8A90E07070427C3E3EC471B5B5AACC6666D89048480506030300
:207BC00001F7F6F6121C0E0EA3C261615F6A3535F9AE5757D069B9B9911786865899C1C1F6
:207BE000273A1D1DB9279E9E38D9E1E113EBF8F8B32B989833221111BBD2696970A9D9D95E
:207C000089078E8EA7339494B62D9B9B223C1E1E9215878720C9E9E94987CECEFFAA5555D4
:207C2000785028287AA5DFDF8F038C8CF859A1A180098989171A0D0DDA65BFBF31D7E6E69B
:207C4000C6844242B8D06868C3824141B0299999775A2D2D111E0F0FCB7BB0B0FCA85454C2
:207C6000D66DBBBB3A2C1616C66363A5F87C7C84EE777799F67B7B8DFFF2F20DD66B6BBDCD
:207C8000DE6F6FB191C5C5546030305002010103CE6767A9562B2B7DE7FEFE19B5D7D762C2
:207CA0004DABABE6EC76769A8FCACA451F82829D89C9C940FA7D7D87EFFAFA15B25959EB84
:207CC0008E4747C9FBF0F00B41ADADECB3D4D4675FA2A2FD45AFAFEA239C9CBF53A4A4F7B7
:207CE000E47272969BC0C05B75B7B7C2E1FDFD1C3D9393AE4C26266A6C36365A7E3F3F4192
:207D0000F5F7F70283CCCC4F6834345C51A5A5F4D1E5E534F9F1F108E2717193ABD8D87382
:207D2000623131532A15153F0804040C95C7C752462323659DC3C35E30181828379696A10A
:207D40000A05050F2F9A9AB50E070709241212361B80809BDFE2E23DCDEBEB264E272769E1
:207D60007FB2B2CDEA75759F1209091B1D83839E582C2C74341A1A2E361B1B2DDC6E6EB223
:207D8000B45A5AEE5BA0A0FBA45252F6763B3B4DB7D6D6617DB3B3CE5229297BDDE3E33E0B
:207DA0005E2F2F7113848497A65353F5B9D1D16800000000C1EDED2C40202060E3FCFC1F3F
:207DC00079B1B1C8B65B5BEDD46A6ABE8DCBCB4667BEBED97239394B944A4ADE984C4CD4E3
:207DE000B05858E885CFCF4ABBD0D06BC5EFEF2A4FAAAAE5EDFBFB16864343C59A4D4DD7DE
:207E000066333355118585948A4545CFE9F9F91004020206FE7F7F81A05050F0783C3C44D5
:207E2000259F9FBA4BA8A8E3A25151F35DA3A3FE804040C0058F8F8A3F9292AD219D9DBC3B
:207E400070383848F1F5F50463BCBCDF77B6B6C1AFDADA754221216320101030E5FFFF1A91
:207E6000FDF3F30EBFD2D26D81CDCD4C180C0C1426131335C3ECEC2FBE5F5FE1359797A2E9
:207E8000884444CC2E17173993C4C45755A7A7F2FC7E7E827A3D3D47C86464ACBA5D5DE71E
:207EA0003219192BE6737395C06060A0198181989E4F4FD1A3DCDC7F44222266542A2A7E04
:207EC0003B9090AB0B8888838C4646CAC7EEEE296BB8B8D32814143CA7DEDE79BC5E5EE2E0
:207EE000160B0B1DADDBDB76DBE0E03B64323256743A3A4E140A0A1E924949DB0C06060ACF
:207F00004824246CB85C5CE49FC2C25DBDD3D36E43ACACEFC46262A6399191A8319595A406
:207F2000D3E4E437F279798BD5E7E7328BC8C8436E373759DA6D6DB7018D8D8CB1D5D564C7
:207F40009C4E4ED249A9A9E0D86C6CB4AC5656FAF3F4F407CFEAEA25CA6565AFF47A7A8E83
:207F600047AEAEE9100808186FBABAD5F07878884A25256F5C2E2E72381C1C2457A6A6F1C8
:207F800073B4B4C797C6C651CBE8E823A1DDDD7CE874749C3E1F1F21964B4BDD61BDBDDC6D
:207FA0000D8B8B860F8A8A85E07070907C3E3E4271B5B5C4CC6666AA904848D806030305FC
:207FC000F7F6F6011C0E0E12C26161A36A35355FAE5757F969B9B9D01786869199C1C158F2
:207FE0003A1D1D27279E9EB9D9E1E138EBF8F8132B9898B322111133D26969BBA9D9D9705A
:20800000078E8E89339494A72D9B9BB63C1E1E2215878792C9E9E92087CECE49AA5555FFD0
:2080200050282878A5DFDF7A038C8C8F59A1A1F8098989801A0D0D1765BFBFDAD7E6E63197
:20804000844242C6D06868B8824141C3299999B05A2D2D771E0F0F117BB0B0CBA85454FCBE
:208060006DBBBBD62C16163A52096AD53036A538BF40A39E81F3D7FB7CE339829B2FFF87E8
:20808000348E4344C4DEE9CB547B9432A6C2233DEE4C950B42FAC34E082EA16628D924B2A9
:2080A000765BA2496D8BD12572F8F66486689816D4A45CCC5D65B6926C704850FDEDB9DA1B
:2080C0005E154657A78D9D8490D8AB008CBCD30AF7E45805B8B34506D02C1E8FCA3F0F0252
:2080E000C1AFBD0301138A6B3A9111414F67DCEA97F2CFCEF0B4E67396AC7422E7AD358565
:20810000E2F937E81C75DF6E47F11A711D29C5896FB7620EAA18BE1BFC563E4BC6D27920F3
:208120009ADBC0FE78CD5AF41FDDA8338807C731B11210592780EC5F60517FA919B54A0DFF
:208140002DE57A9F93C99CEFA0E03B4DAE2AF5B0C8EBBB3C83539961172B047EBA77D6261D
:20816000E169146355210C7D6E676953676F72506E676953676F72490000000000000000F4
:20818000000000000000000000000000963007772C610EEEBA51099919C46D078FF46A70B7
:2081A00035A563E9A395649E3288DB0EA4B8DC791EE9D5E088D9D2972B4CB609BD7CB17EE7
:2081C000072DB8E7911DBF906410B71DF220B06A4871B9F3DE41BE847DD4DA1AEBE4DD6D37
:2081E00051B5D4F4C785D38356986C13C0A86B647AF962FDECC9658A4F5C0114D96C066387
:20820000633D0FFAF50D088DC8206E3B5E10694CE44160D5727167A2D1E4033C47D4044BC6
:20822000FD850DD26BB50AA5FAA8B5356C98B242D6C9BBDB40F9BCACE36CD832755CDF4566
:20824000CF0DD6DC593DD1ABAC30D9263A00DE518051D7C81661D0BFB5F4B42123C4B35656
:208260009995BACF0FA5BDB89EB802280888055FB2D90CC624E90BB1877C6F2F114C6858C6
:20828000AB1D61C13D2D66B69041DC760671DB01BC20D2982A10D5EF8985B1711FB5B606F4
:2082A000A5E4BF9F33D4B8E8A2C9077834F9000F8EA8099618980EE1BB0D6A7F2D3D6D0806
:2082C000976C6491015C63E6F4516B6B62616C1CD83065854E0062F2ED95066C7BA5011BD6
:2082E000C1F4088257C40FF5C6D9B06550E9B712EAB8BE8B7C88B9FCDF1DDD62492DDA1526
:20830000F37CD38C654CD4FB5861B24DCE51B53A7400BCA3E230BBD441A5DF4AD795D83D45
:208320006DC4D1A4FBF4D6D36AE96943FCD96E34468867ADD0B860DA732D0444E51D0333C5
:208340005F4C0AAAC97C0DDD3C710550AA41022710100BBE86200CC925B56857B3856F20B5
:2083600009D466B99FE461CE0EF9DE5E98C9D9292298D0B0B4A8D7C7173DB359810DB42EA5
:208380003B5CBDB7AD6CBAC02083B8EDB6B3BF9A0CE2B6039AD2B1743947D5EAAF77D29D29
:2083A0001526DB048316DC73120B63E3843B64943E6A6D0DA85A6A7A0BCF0EE49DFF099395
:2083C00027AE000AB19E077D44930FF0D2A3088768F2011EFEC206695D5762F7CB67658045
:2083E00071366C19E7066B6E761BD4FEE02BD3895A7ADA10CC4ADD676FDFB9F9F9EFBE8E75
:2084000043BEB717D58EB060E8A3D6D67E93D1A1C4C2D83852F2DF4FF167BBD16757BCA654
:20842000DD06B53F4B36B248DA2B0DD84C1B0AAFF64A0336607A0441C3EF60DF55DF67A814
:20844000EF8E6E3179BE69468CB361CB1A8366BCA0D26F2536E2685295770CCC03470BBB24
:20846000B91602222F260555BE3BBAC5280BBDB2925AB42B046AB35CA7FFD7C231CFD0B534
:208480008B9ED92C1DAEDE5BB0C2649B26F263EC9CA36A750A936D02A906099C3F360EEBE6
:2084A0008567077213570005824ABF95147AB8E2AE2BB17B381BB60C9B8ED2920DBED5E574
:2084C000B7EFDC7C21DFDB0BD4D2D38642E2D4F1F8B3DD686E83DA1FCD16BE815B26B9F6A4
:2084E000E177B06F7747B718E65A0888706A0FFFCA3B06665C0B0111FF9E658F69AE62F8D4
:20850000D3FF6B6145CF6C1678E20AA0EED20DD75483044EC2B30339612667A7F71660D0D3
:208520004D476949DB776E3E4A6AD1AEDC5AD6D9660BDF40F03BD83753AEBCA9C59EBBDEB3
:208540007FCFB247E9FFB5301CF2BDBD8AC2BACA3093B353A6A3B4240536D0BA9306D7CDC3
:208560002957DE54BF67D9232E7A66B3B84A61C4021B685D942B6F2A37BE0BB4A18E0CC353
:208580001BDF055A8DEF022D010203040506070800000000B30600000100000002000000F7
:2085A000B728000000000000B40600000100000002000000B728000000000000B307000086
:2085C0000000000003000000FFFFFF1F9B25000001000100FF0700000000000003000000B1
:2085E000FFFFFF1F9B25000000000000B40700000000000003000000FFFFFF1F9B25000005
:2086000001000100FF0700000000000003000000FFFFFF1F9B250000000000000100000072
:20862000000000000000000008000000010001000100000000000100000000000800000026
:20864000000000000000000001000000000000000000000008000000000000000000000011
:20866000000000000000008700000000000000000000000000000000000000000000000073
:20868000000000000000000000002110422063308440A550C660E770088129914AA16BB134
:2086A0008CC1ADD1CEE1EFF13112100273325222B5529442F772D662399318837BB35AA3E2
:2086C000BDD39CC3FFF3DEE36224433420040114E664C774A44485546AA54BB52885099522
:2086E000EEE5CFF5ACC58DD55336722611163006D776F6669556B4465BB77AA71997388762
:20870000DFF7FEE79DD7BCC7C448E5588668A7784008611802282338CCC9EDD98EE9AFF991
:20872000488969990AA92BB9F55AD44AB77A966A711A500A333A122AFDDBDCCBBFFB9EEBE1
:20874000799B588B3BBB1AABA66C877CE44CC55C222C033C600C411CAEED8FFDECCDCDDD21
:208760002AAD0BBD688D499D977EB66ED55EF44E133E322E511E700E9FFFBEEFDDDFFCCF61
:208780001BBF3AAF599F788F8891A981CAB1EBA10CD12DC14EF16FE18010A100C230E3204D
:2087A0000450254046706760B9839893FBA3DAB33DC31CD37FE35EF3B1029012F322D232E1
:2087C0003542145277625672EAB5CBA5A89589856EF54FE52CD50DC5E234C324A014810421
:2087E0006674476424540544DBA7FAB79987B8975FE77EF71DC73CD7D326F2369106B01661
:2088000057667676154634564CD96DC90EF92FE9C899E9898AB9ABA9445865480678276890
:20882000C018E1088238A3287DCB5CDB3FEB1EFBF98BD89BBBAB9ABB754A545A376A167AE0
:20884000F10AD01AB32A923A2EFD0FED6CDD4DCDAABD8BADE89DC98D267C076C645C454C20
:20886000A23C832CE01CC10C1FEF3EFF5DCF7CDF9BAFBABFD98FF89F176E367E554E745E60
:20888000932EB23ED10EF01E0020034000200340FFFF000021100000000000000000000045
:2088A0000000000000000000000000000000000000000000000000000000000000000000B8
:2088C000000000000000000000000000000000000000000000000000010200010102000190
:2088E00001020001000100010001000100010102000102030001010200010001000102025B
:208900000102020202020102010101000102030010030200D888010002000000DA88010065
:208920000B3F00000000000011030200DC88010002000000DE880100C54000000000000004
:2089400022030200E088010002000000E2880100D34100000000000027030100FE88010054
:2089600002000000E488010087440000000000002E030100FF880100010000000089010078
:20898000A5430000134B0000310301000189010002000000E688010091450000494B0000F6
:2089A000340301000289010002000000E88801001D47000000000000360301000389010055
:2089C00002000000EA880100A9480000AB4C0000370301000489010002000000EC880100FA
:2089E000EF490000D94C00003E030200EE88010002000000F08801005F4A0000000000003C
:208A0000010300000C89010002000000F4880100020200000C89010002000000F488010024
:208A200001020000F688010002000000F888010021F10200FA88010069BC000025F102005D
:208A4000FA8801008DBC00002AF10200FA880100B1BC00002BF10200FA880100D5BC00000B
:208A600086F10200FA8801005FBB00008AF10200FA880100F9BC00008CF10200FA88010029
:208A800025BD0000A1F10200FA8801006BBD0000A5F10200FA88010097BD0000AAF10200A9
:208AA000FA880100C3BD0000ABF10200FA88010005BE00007C430200FA8801004BBE000082
:208AC00001100210010100000589010002000000FC880100F92100000D22000009F1100008
:208AE0000100000006890100836E00007C431200010000000689010077BB00000502000059
:208B0000010000000789010001000000088901000100000009890100C1BB00000000000020
:208B200000FF08000100000007890100010000000889010001000000098901003BBC00007E
:208B4000000000001202000101000000078901000100000008890100010000000989010047
:208B60004BBC000000000000004401000A890100104401000A890100000000000400000028
:208B8000948B010000E0000000200000000001000020000000010400000000020004000089
:208BA00000037000000000047000000000000020FFFF002000E00100FFFF0700342143789A
:208BC0000000030200800300030000000100000000800300000004000080030000000400FB
:208BE000060000000100000000800700FF7F000000800700FF7F0000000000000000000064
:208C0000000000000000000000000000000000000000000000000000000000000000000054
:208C2000000000000000000000000000000000000000000000000000000000000000000034
:208C4000000000000000000000000000000000000000000000000000000000000000000014
:208C60000000000000000000000000000000000000000000000000000000000000000000F4
:208C80000000000000000000000000000000000000000000000000000000000000000000D4
:208CA00000000000000000000000000000000000000000000000000087341243FFFFFFFFA8
:208CC000FFFFFFFFFFFFFFFFFFFFFFFF12AB0001C977000039780000937800007F790000EE
:208CE000000000000100000000000000000000000100000000010100050000001C8D0100C1
:208D00003C8D0100000AE8038403AA002A00AA00000AE8038403AA002B00AA000000000094
:208D20003C08000006000000E08C0100000000007D08000009000000E48C0100A00F0000CE
:208D40000200000075220000020000007F220000000000000200000087220000E88C0100B7
:208D600000000200000000001C8D0100F08C01000000E803CC002A00CC000000E803FF0033
:208D80007E00FF000000E803CC002B00CC000000E803FF007E00FF0005000000020000003A
:208DA0000100881332000000F48C0100708D0100048D010005000000020000000100881331
:208DC00032000000F48C0100848D0100108D01000000000000000000C32401000000000048
:208DE000092501003F25010065240100D1520000DB520000C353000019550000A35400008A
:208E00004B5400006B5400007F5400006BAC0000E1AC000017A90000F7AA000059B500000E
:208E20000000000000000000000000000000000000000000000000006BAC0000E1AC00008E
:208E400033AF00000000000000000000A1AF0000EFAF0000FBB00000000000000000000097
:208E60000000000000000000000000000000000000000000000000006BAC0000E1AC00004E
:208E800033AF000081B900000000000000000000020000003C000000020000000100020073
:208EA0000200030300000000C82C0020000000000000000000000000000000000000000096
:208EC000000000000100000038000000020000000200FE030100030300000000CA2C002037
:208EE000000000000000000000000000000000000000000000000000010000003800000039
:208F00000200000003006E000100030300000000CA300020000000000000000000000000BD
:208F200000000000000000000000000001000000380000000200000004006E00010003037D
:208F4000000000002E310020000000000000000000000000000000000000000011A40000DD
:208F600045A700000000000000000000000000007DA80000A3A40000CBA700000000000027
:208F80000000000000000000F3A8000077A5000077A50000000000000000000000000000FE
:208FA00077A5000079A5000079A5000000000000000000000000000079A500009DA50000F9
:208FC0009DA500000000000000000000000000009DA5000071A6000071A6000000000000DF
:208FE000000000000000000071A6000040004000743A002040004000743B002001000100BB
:2090000070390020400040007439002035313930373566083425622020416608342562200C
:209020002041FFFFFFFFFFFFFFFFFFFFFFFFFFFFFFFF0000982F8A4291443771CFFBC0B590
:20904000A5DBB5E95BC25639F111F159A4823F92D55E1CAB98AA07D8015B8312BE8531245F
:20906000C37D0C55745DBE72FEB1DE80A706DC9B74F19BC1C1699BE48647BEEFC69DC10F06
:20908000CCA10C246F2CE92DAA84744ADCA9B05CDA88F97652513E986DC631A8C82703B00D
:2090A000C77F59BFF30BE0C64791A7D55163CA0667292914850AB72738211B2EFC6D2C4D18
:2090C000130D385354730A65BB0A6A762EC9C281852C7292A1E8BFA24B661AA8708B4BC2B6
:2090E000A3516CC719E892D1240699D685350EF470A06A1016C1A419086C371E4C77482777
:20910000B5BCB034B30C1C394AAAD84E4FCA9C5BF36F2E68EE828F746F63A5781478C8848A
:209120000802C78CFAFFBE90EB6C50A4F7A3F9BEF27871C609000000010000000000000044
:209140000000000000000000000000000500000006000000040000000300000002000000FB
:209160000000000000000000000000000000000000000000050000000600000004000000E0
:20918000030000000200000002000000BDED000027EE000000000000010000000100000007
:2091A000D491010049000000DC91010028920100489B0100000000000100000001000000F1
:2091C000D491010049000000DC9101004C9B01006CA40100FFFFFFFFFFFF00FF0000000080
:2091E00000000000000000000000000000000000000000000000000000000000000000006F
:2092000000000000000000000000000000000000000000000000000000000000000000004E
:209220000000000000000000000000000000000000000000000000FF0608080070A4010004
:209240000200000000000000000000000000000000000000010000FF010800000000000003
:209260000100000008000000000000000000000000000000000000000000000000000000E5
:209280000000000000000000000000000000000000000000000000000000000000000000CE
:2092A0000000000000000000000000000000000000000000000000000000000000000000AE
:2092C00000000000000000000000000000000000000000000000000000000000000000008E
:2092E00000000000000000000000000000000000000000000000000000000000000000006E
:2093000000000000000000000000000000000000000000000000000000000000000000004D
:2093200000000000000000000000000000000000000000000000000000000000000000002D
:2093400000000000000000000000000000000000000000000000000000000000000000000D
:209360000000000000000000000000000000000000000000000000000000000000000000ED
:209380000000000000000000000000000000000000000000000000000000000000000000CD
:2093A0000000000000000000000000000000000000000000000000000000000000000000AD
:2093C00000000000000000000000000000000000000000000000000000000000000000008D
:2093E00000000000000000000000000000000000000000000000000000000000000000006D
:2094000000000000000000000000000000000000000000000000000000000000000000004C
:2094200000000000000000000000000000000000000000000000000000000000000000002C
:2094400000000000000000000000000000000000000000000000000000000000000000000C
:209460000000000000000000000000000000000000000000000000000000000000000000EC
:209480000000000000000000000000000000000000000000000000000000000000000000CC
:2094A0000000000000000000000000000000000000000000000000000000000000000000AC
:2094C00000000000000000000000000000000000000000000000000000000000000000008C
:2094E00000000000000000000000000000000000000000000000000000000000000000006C
:2095000000000000000000000000000000000000000000000000000000000000000000004B
:2095200000000000000000000000000000000000000000000000000000000000000000002B
:2095400000000000000000000000000000000000000000000000000000000000000000000B
:209560000000000000000000000000000000000000000000000000000000000000000000EB
:209580000000000000000000000000000000000000000000000000000000000000000000CB
:2095A0000000000000000000000000000000000000000000000000000000000000000000AB
:2095C00000000000000000000000000000000000000000000000000000000000000000008B
:2095E00000000000000000000000000000000000000000000000000000000000000000006B
:2096000000000000000000000000000000000000000000000000000000000000000000004A
:2096200000000000000000000000000000000000000000000000000000000000000000002A
:2096400000000000000000000000000000000000000000000000000000000000000000000A
:209660000000000000000000000000000000000000000000000000000000000000000000EA
:209680000000000000000000000000000000000000000000000000000000000000000000CA
:2096A0000000000000000000000000000000000000000000000000000000000000000000AA
:2096C00000000000000000000000000000000000000000000000000000000000000000008A
:2096E00000000000000000000000000000000000000000000000000000000000000000006A
:20970000000000000000000000000000000000000000000000000000000000000000000049
:20972000000000000000000000000000000000000000000000000000000000000000000029
:20974000000000000000000000000000000000000000000000000000000000000000000009
:209760000000000000000000000000000000000000000000000000000000000000000000E9
:209780000000000000000000000000000000000000000000000000000000000000000000C9
:2097A0000000000000000000000000000000000000000000000000000000000000000000A9
:2097C000000000000000000000000000000000000000000000000000000000000000000089
:2097E000000000000000000000000000000000000000000000000000000000000000000069
:20980000000000000000000000000000000000000000000000000000000000000000000048
:20982000000000000000000000000000000000000000000000000000000000000000000028
:20984000000000000000000000000000000000000000000000000000000000000000000008
:209860000000000000000000000000000000000000000000000000000000000000000000E8
:209880000000000000000000000000000000000000000000000000000000000000000000C8
:2098A0000000000000000000000000000000000000000000000000000000000000000000A8
:2098C000000000000000000000000000000000000000000000000000000000000000000088
:2098E000000000000000000000000000000000000000000000000000000000000000000068
:20990000000000000000000000000000000000000000000000000000000000000000000047
:20992000000000000000000000000000000000000000000000000000000000000000000027
:20994000000000000000000000000000000000000000000000000000000000000000000007
:209960000000000000000000000000000000000000000000000000000000000000000000E7
:209980000000000000000000000000000000000000000000000000000000000000000000C7
:2099A0000000000000000000000000000000000000000000000000000000000000000000A7
:2099C000000000000000000000000000000000000000000000000000000000000000000087
:2099E000000000000000000000000000000000000000000000000000000000000000000067
:209A0000000000000000000000000000000000000000000000000000000000000000000046
:209A2000000000000000000000000000000000000000000000000000000000000000000026
:209A4000000000000000000000000000000000000000000000000000000000000000000006
:209A60000000000000000000000000000000000000000000000000000000000000000000E6
:209A80000000000000000000000000000000000000000000000000000000000000000000C6
:209AA0000000000000000000000000000000000000000000000000000000000000000000A6
:209AC000000000000000000000000000000000000000000000000000000000000000000086
:209AE000000000000000000000000000000000000000000000000000000000000000000066
:209B0000000000000000000000000000000000000000000000000000000000000000000045
:209B2000000000000000000000000000000000000000000000000000000000000000000025
:209B40000000000000000000B0A40100000000000000000000000000000000FF060808009B
:209B6000E0A401000200000000000000000000000000000000000000010000FF0108000055
:209B80000000000001000000080000000000000000000000000000000000000000000000BC
:209BA0000000000000000000000000000000000000000000000000000000000000000000A5
:209BC000000000000000000000000000000000000000000000000000000000000000000085
:209BE000000000000000000000000000000000000000000000000000000000000000000065
:209C0000000000000000000000000000000000000000000000000000000000000000000044
:209C2000000000000000000000000000000000000000000000000000000000000000000024
:209C4000000000000000000000000000000000000000000000000000000000000000000004
:209C60000000000000000000000000000000000000000000000000000000000000000000E4
:209C80000000000000000000000000000000000000000000000000000000000000000000C4
:209CA0000000000000000000000000000000000000000000000000000000000000000000A4
:209CC000000000000000000000000000000000000000000000000000000000000000000084
:209CE000000000000000000000000000000000000000000000000000000000000000000064
:209D0000000000000000000000000000000000000000000000000000000000000000000043
:209D2000000000000000000000000000000000000000000000000000000000000000000023
:209D4000000000000000000000000000000000000000000000000000000000000000000003
:209D60000000000000000000000000000000000000000000000000000000000000000000E3
:209D80000000000000000000000000000000000000000000000000000000000000000000C3
:209DA0000000000000000000000000000000000000000000000000000000000000000000A3
:209DC000000000000000000000000000000000000000000000000000000000000000000083
:209DE000000000000000000000000000000000000000000000000000000000000000000063
:209E0000000000000000000000000000000000000000000000000000000000000000000042
:209E2000000000000000000000000000000000000000000000000000000000000000000022
:209E4000000000000000000000000000000000000000000000000000000000000000000002
:209E60000000000000000000000000000000000000000000000000000000000000000000E2
:209E80000000000000000000000000000000000000000000000000000000000000000000C2
:209EA0000000000000000000000000000000000000000000000000000000000000000000A2
:209EC000000000000000000000000000000000000000000000000000000000000000000082
:209EE000000000000000000000000000000000000000000000000000000000000000000062
:209F0000000000000000000000000000000000000000000000000000000000000000000041
:209F2000000000000000000000000000000000000000000000000000000000000000000021
:209F4000000000000000000000000000000000000000000000000000000000000000000001
:209F60000000000000000000000000000000000000000000000000000000000000000000E1
:209F80000000000000000000000000000000000000000000000000000000000000000000C1
:209FA0000000000000000000000000000000000000000000000000000000000000000000A1
:209FC000000000000000000000000000000000000000000000000000000000000000000081
:209FE000000000000000000000000000000000000000000000000000000000000000000061
:20A00000000000000000000000000000000000000000000000000000000000000000000040
:20A02000000000000000000000000000000000000000000000000000000000000000000020
:20A04000000000000000000000000000000000000000000000000000000000000000000000
:20A060000000000000000000000000000000000000000000000000000000000000000000E0
:20A080000000000000000000000000000000000000000000000000000000000000000000C0
:20A0A0000000000000000000000000000000000000000000000000000000000000000000A0
:20A0C000000000000000000000000000000000000000000000000000000000000000000080
:20A0E000000000000000000000000000000000000000000000000000000000000000000060
:20A1000000000000000000000000000000000000000000000000000000000000000000003F
:20A1200000000000000000000000000000000000000000000000000000000000000000001F
:20A140000000000000000000000000000000000000000000000000000000000000000000FF
:20A160000000000000000000000000000000000000000000000000000000000000000000DF
:20A180000000000000000000000000000000000000000000000000000000000000000000BF
:20A1A00000000000000000000000000000000000000000000000000000000000000000009F
:20A1C00000000000000000000000000000000000000000000000000000000000000000007F
:20A1E00000000000000000000000000000000000000000000000000000000000000000005F
:20A2000000000000000000000000000000000000000000000000000000000000000000003E
:20A2200000000000000000000000000000000000000000000000000000000000000000001E
:20A240000000000000000000000000000000000000000000000000000000000000000000FE
:20A260000000000000000000000000000000000000000000000000000000000000000000DE
:20A280000000000000000000000000000000000000000000000000000000000000000000BE
:20A2A00000000000000000000000000000000000000000000000000000000000000000009E
:20A2C00000000000000000000000000000000000000000000000000000000000000000007E
:20A2E00000000000000000000000000000000000000000000000000000000000000000005E
:20A3000000000000000000000000000000000000000000000000000000000000000000003D
:20A3200000000000000000000000000000000000000000000000000000000000000000001D
:20A340000000000000000000000000000000000000000000000000000000000000000000FD
:20A360000000000000000000000000000000000000000000000000000000000000000000DD
:20A380000000000000000000000000000000000000000000000000000000000000000000BD
:20A3A00000000000000000000000000000000000000000000000000000000000000000009D
:20A3C00000000000000000000000000000000000000000000000000000000000000000007D
:20A3E00000000000000000000000000000000000000000000000000000000000000000005D
:20A4000000000000000000000000000000000000000000000000000000000000000000003C
:20A4200000000000000000000000000000000000000000000000000000000000000000001C
:20A440000000000000000000000000000000000000000000000000000000000000000000FC
:20A4600000000000000000000000000020A50100B3070000FF070000B3070000FF07000096
:20A48000B3070000FF070000B3070000FF070000FF070000FF070000FF070000FF07000024
:20A4A000FF070000FF070000FF070000FF0700000000060150A50100000000000000000087
:20A4C00000000000000000000000010064A50100020000007CA5010084A501000000000023
:20A4E000B4070000FF070000B4070000FF070000B4070000FF070000B3070000FF07000059
:20A50000FF070000FF070000FF070000FF070000FF070000FF070000FF070000FF0700000B
:20A520000000060150A50100000000000000000000000000000000000000010064A5010013
:20A540000200000088A5010084A5010000000000000000000000F8FF0000000000000000AA
:20A56000000000000000050604000300020000000101020001000100000000002892010006
:20A5800048920100349101004C9B01006C9B0100BCA50100E4A501000CA6010034A60100B0
:20A5A0005CA6010084A60100ACA60100D4A60100FCA6010024A701004CA70100010000003B
:20A5C000010000000100000000000000000000000000000020000000000000001007002022
:20A5E000544A00200100000001000000050000000000000000000000000000001000000086
:20A600000000000014070020744A002001000000010000000100000000000000000000001E
:20A6200000000000100000000000000018070020844A0020010000000100000005000000D6
:20A6400000000000000000000000000010000000000000001C070020944A002001000000A8
:20A66000010000000100000000000000000000000000000010000000000000002007002081
:20A68000A44A00200100000001000000050000000000000000000000000000000C00000099
:20A6A0000000000024070020B44A002001000000010000000100000000000000000000002E
:20A6C00000000000100000000000000028070020C04A0020010000000100000005000000EA
:20A6E0000000000000000000000000000C000000000000002C070020D04A002001000000C0
:20A700000100000001000000000000000000000000000000100000000000000030070020D0
:20A72000DC4A002001000000010000000100000000000000000000000000000010000000C0
:20A740000000000034070020EC4A0020010000000100000005000000000000000000000041
:20A76000000000000C0000000000000038070020FC4A0020A0A70100FFFF0300FFFF0300BE
:20A78000FFFF0300FFFF0300CFFB0100FFFF0300FFFF0300FFFF0300FFFF0300CFFB01001D
:20A7A0000000000000000000B0A7010030AA01000100000001000000010000000100000062
:20A7C000010000000100000001000000010000000100000001000000010000000100000071
:20A7E000010000000100000001000000010000000100000001000000010000000100000051
:20A80000010000000100000001000000010000000100000001000000010000000100000030
:20A82000010000000100000001000000010000000100000001000000010000000100000010
:20A840000100000001000000010000000100000001000000010000000100000001000000F0
:20A860000100000001000000010000000100000001000000010000000100000001000000D0
:20A880000100000001000000010000000100000001000000010000000100000001000000B0
:20A8A000010000000100000001000000010000000100000001000000010000000100000090
:20A8C000010000000100000001000000010000000100000001000000010000000100000070
:20A8E000010000000100000001000000010000000100000001000000010000000100000050
:20A9000001000000010000000100000001000000010000000100000001000000010000002F
:20A9200001000000010000000100000001000000010000000100000001000000010000000F
:20A940000100000001000000010000000100000001000000010000000100000001000000EF
:20A960000100000001000000010000000100000001000000010000000100000001000000CF
:20A980000100000001000000010000000100000001000000010000000100000001000000AF
:20A9A00001000000010000000100000001000000010000000100000001000000010000008F
:20A9C00001000000010000000100000001000000010000000100000001000000010000006F
:20A9E00001000000010000000100000001000000010000000100000001000000010000004F
:20AA000001000000010000000100000001000000010000000100000001000000010000002E
:20AA200001000000010000000100000001000000010000000100000001000000010000000E
:20AA400001000000B1910000B791000000000000F0FFFFFF0000000000000000F84C00201A
:20AA6000F84C00200000000044AA010070AA01000000000000000000000000000002000066
:20AA80000004000010000000000400000200000098AA01005CAA0100A0AA0100B4AA0100A8
:20AAA0000020000010000000FFFF010000000001000000000020000010000000FFDF210037
:20AAC000002000000000000002000000000000000000000002000000000000000000000052
:20AAE0000000000044C101000200000000010000000000000000000058C101000200000031
:20AB00000002000000000000000000006CC1010014AB01000300000028AB0100010000006D
:20AB2000C8AA01007CAB010000000000EB7B000000000000D0129341FFFFFFFF0000000062
:20AB4000D4AA010000000000017C000000000000D0129341FFFFFFFF00000000E8AA0100B4
:20AB6000000000001DC500000000000080842E41FFFFFFFF00000000FCAA010000010200DA
:20AB8000CD00000088AB010000000000000000000706010001000000000000000706010097
:20ABA000020000000000000007060100030000000000000007060100040000000000000070
:20ABC000070601000500000000000000070601000600000000000000070601000700000039
:20ABE00000000000070601000800000000000000070601000900000000000000070601001A
:20AC00000A00000000000000070601000B00000000000000070601000C00000000000000F7
:20AC2000070601000D00000000000000070601000E00000000000000070601000F000000C0
:20AC40000000000007060100100000000000000007060100110000000000000007060100A9
:20AC600012000000000000000706010013000000000000000706010014000000000000007F
:20AC8000070601001500000000000000070601001600000000000000070601001700000048
:20ACA000000000000706010018000000000000000706010019000000000000000706010039
:20ACC0001A00000000000000070601001B00000000000000070601001C0000000000000007
:20ACE000070601001D00000000000000070601001E00000000000000070601001F000000D0
:20AD00000000000007060100200000000000000007060100210000000000000007060100C8
:20AD200022000000000000000706010023000000000000000706010024000000000000008E
:20AD4000070601002500000000000000070601002600000000000000070601002700000057
:20AD6000000000000706010028000000000000000706010029000000000000000706010058
:20AD80002A00000000000000070601002B00000000000000070601002C0000000000000016
:20ADA000070601002D00000000000000070601002E00000000000000070601002F000000DF
:20ADC0000000000007060100300000000000000007060100310000000000000007060100E8
:20ADE00032000000000000000706010033000000000000000706010034000000010000009D
:20AE00005B5B010035000000000000000706010036000000000000000706010037000000BD
:20AE2000000000000706010038000000000000000706010039000000000000000706010077
:20AE40003A00000000000000070601003B00000000000000070601003C0000000000000025
:20AE6000070601003D00000000000000070601003E00000000000000070601003F000000EE
:20AE8000000000000706010040000000000000000706010041000000000000000706010007
:20AEA0004200000000000000070601004300000000000000070601004400000000000000AD
:20AEC000070601004500000000000000070601004600000000000000070601004700000076
:20AEE000000000000706010048000000000000000706010049000000000000000706010097
:20AF00004A00000000000000070601004B00000000000000070601004C0000000000000034
:20AF2000070601004D00000000000000070601004E00000000000000070601004F000000FD
:20AF4000000000000706010050000000000000000706010051000000000000000706010026
:20AF60005200000000000000070601005300000000000000070601005400000000000000BC
:20AF8000070601005500000000000000070601005600000000000000070601005700000085
:20AFA0000000000007060100580000000000000007060100590000000000000007060100B6
:20AFC0005A00000000000000070601005B00000000000000070601005C0000000000000044
:20AFE000070601005D00000000000000070601005E00000000000000070601005F0000000D
:20B00000000000000706010060000000000000000706010061000000000000000706010045
:20B020006200000000000000070601006300000000000000070601006400000000000000CB
:20B04000070601006500000000000000070601006600000000000000070601006700000094
:20B060000000000007060100680000000000000007060100690000000000000007060100D5
:20B080006A00000000000000070601006B00000000000000070601006C0000000000000053
:20B0A000070601006D00000000000000070601006E00000000000000070601006F0000001C
:20B0C000000000000706010070000000000000000706010071000000000000000706010065
:20B0E0007200000000000000070601007300000000000000070601007400000000000000DB
:20B100000706010075000000000000000706010076000000000000000706010077000000A3
:20B120000000000007060100780000000000000007060100790000000000000007060100F4
:20B140007A00000000000000070601007B00000000000000070601007C0000000000000062
:20B16000070601007D00000000000000070601007E00000000000000070601007F0000002B
:20B18000000000000706010080000000000000000706010081000000000000000706010084
:20B1A0008200000000000000070601008300000000000000070601008400000000000000EA
:20B1C0000706010085000000000000000706010086000000000000000706010087000000B3
:20B1E000000000000706010088000000000000000706010089000000000000000706010014
:20B200008A00000000000000070601008B00000000000000070601008C0000000000000071
:20B22000070601008D00000000000000070601008E00000000000000070601008F0000003A
:20B240000000000007060100900000000000000007060100910000000000000007060100A3
:20B260009200000000000000070601009300000000000000070601009400000000000000F9
:20B280000706010095000000000000000706010096000000000000000706010097000000C2
:20B2A000000000000706010098000000000000000706010099000000000000000706010033
:20B2C0009A00000000000000070601009B00000000000000070601009C0000000000000081
:20B2E000070601009D00000000000000070601009E00000000000000070601009F0000004A
:20B300000000000007060100A00000000000000007060100A10000000000000007060100C2
:20B32000A20000000000000007060100A30000000000000007060100A40000000000000008
:20B3400007060100A50000000000000007060100A60000000000000007060100A7000000D1
:20B360000000000007060100A80000000000000007060100A9000000000000000706010052
:20B38000AA0000000000000007060100AB0000000000000007060100AC0000000000000090
:20B3A00007060100AD0000000000000007060100AE0000000000000007060100AF00000059
:20B3C0000000000007060100B00000000000000007060100B10000000000000007060100E2
:20B3E000B20000000000000007060100B30000000000000007060100B40000000000000018
:20B4000007060100B500000001000000A7430100B60000000000000007060100B700000002
:20B420000000000007060100B80000000000000007060100B9000000000000000706010071
:20B44000BA0000000000000007060100BB0000000000000007060100BC000000000000009F
:20B4600007060100BD0000000000000007060100BE0000000000000007060100BF00000068
:20B480000000000007060100C00000000000000007060100C1000000000000000706010001
:20B4A000C20000000000000007060100C30000000000000007060100C40000000000000027
:20B4C00007060100C50000000000000007060100C60000000000000007060100C7000000F0
:20B4E0000000000007060100C80000000000000007060100C9000000000000000706010091
:20B50000CA0000000000000007060100CB0000000000000007060100CC00000000000000AE
:20B520000706010003010000400000000000000080C1010038B501000000000040B5010093
:20B54000000000000100000024B5010084C00100DCC0010004B701001CC1010034C101009E
:20B56000E8C0010090B801006CB5010000000000010000000100000084B501008CB5010039
:20B5800058B501000000000000000000000000004CB50100005006400100208904500640C1
:20B5A0000000008F085006400000008F0C5006400000008F105006400000008F14500640BF
:20B5C0000000008F185006400000008F1C5006400000008F205006400000008F245006405F
:20B5E0000000008F285006400000008F2C5006400000008F305006400000008F34500640FF
:20B600000000008F385006400000008F4C5006400000008F505006400000008F545006406E
:20B620000000008F585006400000008F5C5006400000008F605006400000008F64500640FE
:20B640000000008F685006400000008F6C5006400000008F705006400000008F745006409E
:20B660000000008F785006400000008F7C5006400000008F885006400000008F8C5006402E
:20B680000000008F9050064000002089945006400000208998500640000020899C50064070
:20B6A00000002089A050064031072089A850064000002089AC50064000002089B0500640B2
:20B6C0000000008FB45006400000008FB85006400000008FBC5006400000008FC0500640EE
:20B6E0000000008FC450064000002089C850064000002089CC50064001002089D05006403F
:20B7000000002089180000000CB70100130000000400000000000000010000001400000078
:20B72000040000000000000001000000160000000400000000000000010000002C000000BD
:20B740000300000000000000010000002D0000000300000000000000010000002E00000086
:20B760000300000000000000010000002F0000000300000000000000010000003000000062
:20B78000030000000000000001000000340000000800000000000000010000000300000065
:20B7A000040000000B0000000100000004000000040000000B000000010000002200000043
:20B7C000030000000000000001000000230000000300000000000000010000001A00000024
:20B7E0000400000000000000010000001C00000004000000000000000100000028000000FB
:20B8000006000000040000000100000008000000040000000000000001000000020000000E
:20B82000040000000200000001000000090000000300000000000000010000000A000000EA
:20B8400003000000000000000100000005000000040000000B0000000100000025000000AA
:20B8600007000000000000000100000027000000070000000000000001000000260000006B
:20B8800007000000000000000100000080AB0100000000000000000000000000070000006D
:20B8A000000000000000000000000000010000000000000000000000000000000600000081
:20B8C000000000000100000000000000010000000000000000000000000000000200000064
:20B8E000000000000100000001000000010000000000000000000000000000000000000045
:20B90000000000000000000000000000010000000000000000000000000000000D00000019
:20B92000000000000200000001000000010000000000000000000000000000000C000000F7
:20B94000000000000200000001000000010000000000000000000000000000000B000000D8
:20B96000000000000500000001000000010000000000000000000000000000000A000000B6
:20B9800000000000050000000000000001000000000000000000000001000000040000009C
:20B9A000000000000100000001000000010000000000000001000000010000000200000080
:20B9C000000000000100000001000000010000000000000000000000010000000000000063
:20B9E000000000000100000000000000010000000000000000000000010000001100000033
:20BA0000000000000100000000000000010000000000000000000000010000000C00000017
:20BA2000000000000000000000000000010000000000000000000000010000000B000000F9
:20BA40000000000001000000010000000100000000000000000000000100000009000000D9
:20BA60000000000001000000010000000100000000000000000000000100000008000000BA
:20BA800000000000010000000100000001000000000000000000000002000000030000009E
:20BAA000000000000000000000000000010000000000000000000000020000000200000081
:20BAC000000000000000000000000000010000000000000000000000020000000100000062
:20BAE000000000000000000000000000010000000000000000000000020000000000000043
:20BB0000000000000000000000000000010000000000000000000000020000001000000012
:20BB2000000000000000000000000000010000000000000000000000020000000F000000F3
:20BB40000000000000000000000000000100000000000000000000000200000008000000DA
:20BB60000000000001000000000000000100000000000000000000000200000007000000BA
:20BB8000000000000200000001000000010000000000000000000000020000000600000099
:20BBA00000000000020000000000000001000000000000000000000003000000100000006F
:20BBC000000000000600000000000000010000000000000000000000030000000F0000004C
:20BBE000000000000100000001000000010000000000000001000000030000000D00000031
:20BC0000000000000500000001000000010000000000000000000000030000000B0000000F
:20BC2000000000000500000001000000010000000000000000000000030000000A000000F0
:20BC40000000000005000000000000000100000000000000000000000300000002000000D9
:20BC60000000000001000000010000000100000000000000010000000400000010000000AC
:20BC8000000000000100000001000000010000000000000001000000040000000F0000008D
:20BCA00000000000010000000100000001000000000000000000000004000000030000007A
:20BCC000000000000100000001000000010000000000000001000000040000000C00000050
:20BCE000000000000100000001000000010000000000000000000000040000000800000035
:20BD0000000000000200000001000000010000000000000000000000040000000700000014
:20BD20000000000001000000010000000100000000000000000000000400000001000000FB
:20BD40000000000004000000010000000100000000000000000000000400000000000000D9
:20BD600000000000040000000000000001000000000000000000000027002F008CBD01001E
:20BD8000ECBD0100FCBD010098B801000100030004000500080009000E000F001000110092
:20BDA000210023002500260027002A002D002E002F0030004400450049004A004B004C0036
:20BDC0004D004E0051006000610063006400650066006700680069006C006E00710082001F
:20BDE000860089008B008D008E0000000000000000000000010000000000000090000100FC
:20BE000001000000010101008F000000010000000101010083000100010000000101010003
:20BE20008C00000001000000010101007000000000000000000001006F0001000100000090
:20BE4000010101006D00000001000000000001006B0001000100000000000100880000007A
:20BE6000010000000000010024000100010000000101010043000000000000000000010053
:20BE80004200000000000000000001006A00000000000000000001004100000000000000B3
:20BEA000000001004000000000000000000001005000000000000000000001004F000000A0
:20BEC0000000000000000100480000000000000001010100220000000100000001010100F0
:20BEE000200000000000000001010100070000000000000000000100060000000000000011
:20BF0000010101008700000001000000010101003100000000000000010101002C00000033
:20BF2000000000000000010062000100010000000101010002000000010000000101010093
:20BF40002B000000010000000101010029000000010000000101010028000000010000005C
:20BF600001010100000000000000000000000100470000000100000000000100460000002E
:20BF800000000000000001000D00010001000000000001000C000000010000000000010082
:20BFA0000B00000001000000000001000A00000000000000000001008100010001000000E6
:20BFC00000000100800000000000000000000100D4BF010027000000E4BF010080C001003F
:20BFE00078BD01000100000001000000010000000100000001000000010000000100000004
:20C00000010000000100000001000000010000000100000001000000010000000100000018
:20C020000100000001000000010000000100000001000000010000000100000001000000F8
:20C040000100000001000000010000000100000001000000010000000100000001000000D8
:20C060000100000001000000010000000100000001000000010000000100000001000000B8
:20C0800001000000030000000068890900000000010000000300000000010000000000009D
:20C0A000010000000100000000000000000000000100000000000000020000000300000078
:20C0C0003C0000000000000000000000006889090001000000000000000000000000000029
:20C0E000000000000000000000000000000000000000000000000000000000000000000040
:20C1000000000000000000000000000001000000010000000000000000000000000000001D
:20C120000000000000000000000000000000000000000000000000000000000000000000FF
:20C1400000000000000100000000000000000000712001000000000001010000000000004A
:20C16000000000007120010001000000020100000300000000000000712001000200000092
:20C18000030000004E00000002000000000000000D01000085270100D04C00200B01000049
:20C1A00000366E0101000000000000000000000000000000BCC10100C4C1010000000000D5
:20C1C000D4C1010000000000ECC10100D0C10100A4C1010000000000000000010000000022
:20C1E0000000000000E204000000000000000000000000010000000000000000001900003F
:20C20000000000000C400020004002400050024000800340009003400040024000500240F4
:20C22000008003400090034000000000000000000200000400000002040000000400020056
:20C240000006000000020000060000000200000604000002000406000400000000000000B4
:20C260000000000000000000000000000000000000000000000100000004000000000000B9
:20C2800000000000000000000000000000000000000000000000000000000000000000009E
:20C2A0000000000000000000000000000001000000000000BCC3010001000000C4C3010074
:20C2C0001400000064C4010001000000AC49002006000000DC490020060000000C4A002044
:20C2E00006000000000000003C4A002002000000000000000000000001000000000000008F
:20C3000090A501000000000001000000404A00200200000000000000000000000100000039
:20C320000000000098A501000000000002000000444A00200200000000000000000000000D
:20C340000100000000000000A0A501000000000003000000484A00200200000000000000DF
:20C36000000000000100000000000000A8A5010000000000040000004C4A002001000000B3
:20C3800000000000000000000100000000000000B0A501000000000005000000504A002087
:20C3A0000200000000000000000000000100000000000000B4A50100000000000B00000015
:20C3C0001B00000003000000140100000200000014110000040000001403000003000000E5
:20C3E0001403000004000000140500000300000014050000040000001404000003000000CE
:20C40000140400000400000014070000030000001407000006000000148000000400000029
:20C4200014010000050000001480000003000000140200000400000014020000010000001A
:20C44000141000000200000014100000050000001406000001000000141100000600000047
:20C4600014060000130000000000000000F00F4040F00F4080F00F40C0F00F4000F10F40D3
:20C48000000000000400000001000000050000000200000006000000050000000100000084
:20C4A0000600000007000000070000000000000009000000080000000A000000020000004B
:20C4C0000B000000090000000C0000000A0000000D0000000B0000000F0000000C000000FF
:20C4E000550000000E000000FF0000000300000000000000000000000100000001000000D5
:20C500000200000002000000040000000400000005000000050000000600000006000000F9
:20C520000700000007000000080000000800000009000000090000000A0000000A000000B7
:20C540000B0000000B0000000C0000000C0000000D0000000D0000000E0000000E00000077
:20C560000F0000000F0000001000000010000000000000000000000001000000010000007B
:20C58000020000000200000004000000040000000500000005000000060000000600000079
:20C5A0000700000007000000080000000800000009000000090000000A0000000A00000037
:20C5C0000B0000000B0000000C0000000C0000000D0000000D0000000E0000000E000000F7
:20C5E0000F0000000F000000100000001000000098C70100010000009CC701000500000033
:20C60000B0C7010006000000C8C7010006000000C8C7010006000000C8C7010006000000DA
:20C62000C8C7010006000000E0C7010006000000E0C7010006000000F8C701000600000042
:20C64000F8C701000600000010C801000400000010C801000400000010C80100040000007D
:20C6600010C801000400000010C801000400000010C801000400000010C801000400000046
:20C6800010C801000400000020C801000600000020C801000600000020C8010006000000F0
:20C6A00020C801000600000020C801000600000020C801000600000038C8010006000000A6
:20C6C00038C801000600000038C801000600000038C801000600000050C801000600000026
:20C6E00050C801000600000068C801000600000068C80100060000000000000000000000AD
:20C7000080C801000500000080C801000500000094C801000100000098C8010001000000BD
:20C720009CC8010001000000A0C8010001000000A4C80100050000000000000000000000B7
:20C74000B8C8010001000000BCC8010001000000C0C8010005000000C0C8010005000000B5
:20C76000C0C8010005000000C0C8010005000000C0C8010005000000D4C801000100000071
:20C78000D8C8010001000000DCC8010001000000E0C80100010000000000000000000000A7
:20C7A000010000000200000003000000040000000000000001000000020000000300000069
:20C7C000040000000500000000000000010000000200000003000000040000000500000041
:20C7E000000000000100000002000000030000000400000005000000000000000100000029
:20C800000200000003000000040000000500000000000000030000000400000005000000FE
:20C820000000000001000000020000000300000004000000050000000000000001000000E8
:20C840000200000003000000040000000500000000000000010000000200000003000000C4
:20C860000400000005000000000000000100000002000000030000000400000005000000A0
:20C88000000000000100000002000000030000000400000007000000070000000700000079
:20C8A00007000000000000000300000004000000050000000600000008000000080000004F
:20C8C000000000000100000002000000030000000400000008000000080000000800000036
:20C8E00008000000200000000400000000F00F4040F00F4080F00F40C0F00F4000F10F4050
:20C900000090044000A0044000B0044000000540001005400090044000A0044000B0044025
:20C9200000000540001005400000010000000001000000020000000400000008000000103D
:20C9400000000020000004400000044000A0064000B0064000C006400000074000100740AF
:20C960000020074001000000820000000400000008000000000000000100000000010000BF
:20C9800000020000000400008F07000000A0064000B0064000C0064000000740001007407B
:20C9A000002007400100000002000000040000000800000010000000200000004000000091
:20C9C000800000009E000000000100000002000000040000000800000010000000200000FA
:20C9E0000040000000800000040000007403002028CB010028CB01007403002028CB010069
:20CA00007DCD0100CC05002080CD010081CD010000000020000000007403000001000000A5
:20CA2000D0050020F84C0020342143780000030100800300070000000000000000E001001E
:20CA40000020000000E00100000100000300000000000000008003000000040000800300C7
:20CA600000000400060000000000000000800700FF7F000000800700FF7F000000000000A2
:20CA8000000000000000000000000000000000000000000000000000000000000000000096
:20CAA000000000000000000000000000000000000000000000000000000000000000000076
:20CAC000000000000000000000000000000000000000000000000000000000000000000056
:20CAE000000000000000000000000000000000000000000000000000000000000000000036
:20CB0000000000000000000000000000000000000000000000000000000000000000000015
:20CB2000000000008734124300000000CC03002000000000010000000000000000000000F5
:20CB40000000000000000000000000000000000000000000000000000000000000000000D5
:20CB6000000000007C060020400000000000000000000000000000000000000000000000D3
:20CB80000B0000001B0000000000000000000000000000000001010000000000000000006D
:20CBA0000000000000000000000000009D1F0000010000003412341200E00020010000002B
:20CBC000000000000200000000000000000000000C000000000000001A000000000000002D
:20CBE00000000000000000000500000005000000050000000500000005000000000000001C
:20CC0000000000001A000000000000000000000000000000000000000000000001000000F9
:20CC20000200000000000000000000000000000000000000000000000000000000000000F2
:20CC4000000000000000000000000000000000000000000000000000B7E9744B45FAA62070
:20CC6000D31C30E96386E9CD5FB993DECA45C9D60894F77DB9EEA9D078457694809DF705C6
:20CC800024D730E2C00F046E605323BD5003BF2CA9BBB45CC5115A1DCE257D42034F7E1C16
:20CCA0007A3E1A68E89A00108D1828AC26BD71AE4AC9B9230B9BC1016746A9015E70F1D9E7
:20CCC000BD7F564B976164FFC1D96E93AB4066D5CBF402F5FC531151A9805C0716ABCB9844
:20CCE00025FE02F3897E57917A64CC2C7A71E88333590AA95923CF4A6BE4241AF78CA90470
:20CD00005D65B67487194249E36903DDA4C975FEA73C07C191675445FE5FCF4572F8BD47D5
:20CD200095BA81A754505529922F8182719B431CEB2716CA87E2BA83A01E85EF75E463881D
:20CD40002D0B5376B6B3D66819E26C2B674F0A9DDEFE934243CE87AD0001000131DDD9EC71
:20CD600024201A6A825D840218609AAB65B04EFA44A04A9912F4BAE8E691BB9C55FFFFFFDD
:20CD800001FFFFFFFFFFFFFFFFFFFFFFFFFFFFFFFFFFFFFFFFFFFFFFFFFFFFFFFFFFFFFFB1
:20CDA000FFFFFFFFFFFFFFFFFFFFFFFFFFFFFFFFFFFFFFFFFFFFFFFFFFFFFFFFFFFFFFFF93
:20CDC000FFFFFFFFFFFFFFFFFFFFFFFFFFFFFFFFFFFFFFFFFFFFFFFFFFFFFFFFFFFFFFFF73
:20CDE000FFFFFFFFFFFFFFFFFFFFFFFFFFFFFFFFFFFFFFFFFFFFFFFFFFFFFFFFFFFFFFFF53
:20CE0000FFFFFFFFFFFFFFFFFFFFFFFFFFFFFFFFFFFFFFFFFFFFFFFFFFFFFFFFFFFFFFFF32
:20CE2000FFFFFFFFFFFFFFFFFFFFFFFFFFFFFFFFFFFFFFFFFFFFFFFFFFFFFFFFFFFFFFFF12
:20CE4000FFFFFFFFFFFFFFFFFFFFFFFFFFFFFFFFFFFFFFFFFFFFFFFFFFFFFFFFFFFFFFFFF2
:20CE6000FFFFFFFFFFFFFFFFFFFFFFFFFFFFFFFFFFFFFFFFFFFFFFFFFFFFFFFFFFFFFFFFD2
:20CE8000FFFFFFFFFFFFFFFFFFFFFFFFFFFFFFFFFFFFFFFFFFFFFFFFFFFFFFFFFFFFFFFFB2
:20CEA000FFFFFFFFFFFFFFFFFFFFFFFFFFFFFFFFFFFFFFFFFFFFFFFFFFFFFFFFFFFFFFFF92
:20CEC000FFFFFFFFFFFFFFFFFFFFFFFFFFFFFFFFFFFFFFFFFFFFFFFFFFFFFFFFFFFFFFFF72
:20CEE000FFFFFFFFFFFFFFFFFFFFFFFFFFFFFFFFFFFFFFFFFFFFFFFFFFFFFFFFFFFFFFFF52
:20CF0000FFFFFFFFFFFFFFFFFFFFFFFFFFFFFFFFFFFFFFFFFFFFFFFFFFFFFFFFFFFFFFFF31
:20CF2000FFFFFFFFFFFFFFFFFFFFFFFFFFFFFFFFFFFFFFFFFFFFFFFFFFFFFFFFFFFFFFFF11
:20CF4000FFFFFFFFFFFFFFFFFFFFFFFFFFFFFFFFFFFFFFFFFFFFFFFFFFFFFFFFFFFFFFFFF1
:20CF6000FFFFFFFFFFFFFFFFFFFFFFFFFFFFFFFFFFFFFFFFFFFFFFFFFFFFFFFFFFFFFFFFD1
:20CF8000FFFFFFFFFFFFFFFFFFFFFFFFFFFFFFFFFFFFFFFFFFFFFFFFFFFFFFFFFFFFFFFFB1
:20CFA000FFFFFFFFFFFFFFFFFFFFFFFFFFFFFFFFFFFFFFFFFFFFFFFFFFFFFFFFFFFFFFFF91
:20CFC000FFFFFFFFFFFFFFFFFFFFFFFFFFFFFFFFFFFFFFFFFFFFFFFFFFFFFFFFFFFFFFFF71
:20CFE000FFFFFFFFFFFFFFFFFFFFFFFFFFFFFFFFFFFFFFFFFFFFFFFFFFFFFFFFFFFFFFFF51
:20D00000FFFFFFFFFFFFFFFFFFFFFFFFFFFFFFFFFFFFFFFFFFFFFFFFFFFFFFFFFFFFFFFF30
:20D02000FFFFFFFFFFFFFFFFFFFFFFFFFFFFFFFFFFFFFFFFFFFFFFFFFFFFFFFFFFFFFFFF10
:20D04000FFFFFFFFFFFFFFFFFFFFFFFFFFFFFFFFFFFFFFFFFFFFFFFFFFFFFFFFFFFFFFFFF0
:20D06000FFFFFFFFFFFFFFFFFFFFFFFFFFFFFFFFFFFFFFFFFFFFFFFFFFFFFFFFFFFFFFFFD0
:20D08000FFFFFFFFFFFFFFFFFFFFFFFFFFFFFFFFFFFFFFFFFFFFFFFFFFFFFFFFFFFFFFFFB0
:20D0A000FFFFFFFFFFFFFFFFFFFFFFFFFFFFFFFFFFFFFFFFFFFFFFFFFFFFFFFFFFFFFFFF90
:20D0C000FFFFFFFFFFFFFFFFFFFFFFFFFFFFFFFFFFFFFFFFFFFFFFFFFFFFFFFFFFFFFFFF70
:20D0E000FFFFFFFFFFFFFFFFFFFFFFFFFFFFFFFFFFFFFFFFFFFFFFFFFFFFFFFFFFFFFFFF50
:20D10000FFFFFFFFFFFFFFFFFFFFFFFFFFFFFFFFFFFFFFFFFFFFFFFFFFFFFFFFFFFFFFFF2F
:20D12000FFFFFFFFFFFFFFFFFFFFFFFFFFFFFFFFFFFFFFFFFFFFFFFFFFFFFFFFFFFFFFFF0F
:20D14000FFFFFFFFFFFFFFFFFFFFFFFFFFFFFFFFFFFFFFFFFFFFFFFFFFFFFFFFFFFFFFFFEF
:20D16000FFFFFFFFFFFFFFFFFFFFFFFFFFFFFFFFFFFFFFFFFFFFFFFFFFFFFFFFFFFFFFFFCF
:20D18000FFFFFFFFFFFFFFFFFFFFFFFFFFFFFFFFFFFFFFFFFFFFFFFFFFFFFFFFFFFFFFFFAF
:20D1A000FFFFFFFFFFFFFFFFFFFFFFFFFFFFFFFFFFFFFFFFFFFFFFFFFFFFFFFFFFFFFFFF8F
:20D1C000FFFFFFFFFFFFFFFFFFFFFFFFFFFFFFFFFFFFFFFFFFFFFFFFFFFFFFFFFFFFFFFF6F
:20D1E000FFFFFFFFFFFFFFFFFFFFFFFFFFFFFFFFFFFFFFFFFFFFFFFFFFFFFFFFFFFFFFFF4F
:20D20000FFFFFFFFFFFFFFFFFFFFFFFFFFFFFFFFFFFFFFFFFFFFFFFFFFFFFFFFFFFFFFFF2E
:20D22000FFFFFFFFFFFFFFFFFFFFFFFFFFFFFFFFFFFFFFFFFFFFFFFFFFFFFFFFFFFFFFFF0E
:20D24000FFFFFFFFFFFFFFFFFFFFFFFFFFFFFFFFFFFFFFFFFFFFFFFFFFFFFFFFFFFFFFFFEE
:20D26000FFFFFFFFFFFFFFFFFFFFFFFFFFFFFFFFFFFFFFFFFFFFFFFFFFFFFFFFFFFFFFFFCE
:20D28000FFFFFFFFFFFFFFFFFFFFFFFFFFFFFFFFFFFFFFFFFFFFFFFFFFFFFFFFFFFFFFFFAE
:20D2A000FFFFFFFFFFFFFFFFFFFFFFFFFFFFFFFFFFFFFFFFFFFFFFFFFFFFFFFFFFFFFFFF8E
:20D2C000FFFFFFFFFFFFFFFFFFFFFFFFFFFFFFFFFFFFFFFFFFFFFFFFFFFFFFFFFFFFFFFF6E
:20D2E000FFFFFFFFFFFFFFFFFFFFFFFFFFFFFFFFFFFFFFFFFFFFFFFFFFFFFFFFFFFFFFFF4E
:20D30000FFFFFFFFFFFFFFFFFFFFFFFFFFFFFFFFFFFFFFFFFFFFFFFFFFFFFFFFFFFFFFFF2D
:20D32000FFFFFFFFFFFFFFFFFFFFFFFFFFFFFFFFFFFFFFFFFFFFFFFFFFFFFFFFFFFFFFFF0D
:20D34000FFFFFFFFFFFFFFFFFFFFFFFFFFFFFFFFFFFFFFFFFFFFFFFFFFFFFFFFFFFFFFFFED
:20D36000FFFFFFFFFFFFFFFFFFFFFFFFFFFFFFFFFFFFFFFFFFFFFFFFFFFFFFFFFFFFFFFFCD
:20D38000FFFFFFFFFFFFFFFFFFFFFFFFFFFFFFFFFFFFFFFFFFFFFFFFFFFFFFFFFFFFFFFFAD
:20D3A000FFFFFFFFFFFFFFFFFFFFFFFFFFFFFFFFFFFFFFFFFFFFFFFFFFFFFFFFFFFFFFFF8D
:20D3C000FFFFFFFFFFFFFFFFFFFFFFFFFFFFFFFFFFFFFFFFFFFFFFFFFFFFFFFFFFFFFFFF6D
:20D3E000FFFFFFFFFFFFFFFFFFFFFFFFFFFFFFFFFFFFFFFFFFFFFFFFFFFFFFFFFFFFFFFF4D
:20D40000FFFFFFFFFFFFFFFFFFFFFFFFFFFFFFFFFFFFFFFFFFFFFFFFFFFFFFFFFFFFFFFF2C
:20D42000FFFFFFFFFFFFFFFFFFFFFFFFFFFFFFFFFFFFFFFFFFFFFFFFFFFFFFFFFFFFFFFF0C
:20D44000FFFFFFFFFFFFFFFFFFFFFFFFFFFFFFFFFFFFFFFFFFFFFFFFFFFFFFFFFFFFFFFFEC
:20D46000FFFFFFFFFFFFFFFFFFFFFFFFFFFFFFFFFFFFFFFFFFFFFFFFFFFFFFFFFFFFFFFFCC
:20D48000FFFFFFFFFFFFFFFFFFFFFFFFFFFFFFFFFFFFFFFFFFFFFFFFFFFFFFFFFFFFFFFFAC
:20D4A000FFFFFFFFFFFFFFFFFFFFFFFFFFFFFFFFFFFFFFFFFFFFFFFFFFFFFFFFFFFFFFFF8C
:20D4C000FFFFFFFFFFFFFFFFFFFFFFFFFFFFFFFFFFFFFFFFFFFFFFFFFFFFFFFFFFFFFFFF6C
:20D4E000FFFFFFFFFFFFFFFFFFFFFFFFFFFFFFFFFFFFFFFFFFFFFFFFFFFFFFFFFFFFFFFF4C
:20D50000FFFFFFFFFFFFFFFFFFFFFFFFFFFFFFFFFFFFFFFFFFFFFFFFFFFFFFFFFFFFFFFF2B
:20D52000FFFFFFFFFFFFFFFFFFFFFFFFFFFFFFFFFFFFFFFFFFFFFFFFFFFFFFFFFFFFFFFF0B
:20D54000FFFFFFFFFFFFFFFFFFFFFFFFFFFFFFFFFFFFFFFFFFFFFFFFFFFFFFFFFFFFFFFFEB
:20D56000FFFFFFFFFFFFFFFFFFFFFFFFFFFFFFFFFFFFFFFFFFFFFFFFFFFFFFFFFFFFFFFFCB
:20D58000FFFFFFFFFFFFFFFFFFFFFFFFFFFFFFFFFFFFFFFFFFFFFFFFFFFFFFFFFFFFFFFFAB
:20D5A000FFFFFFFFFFFFFFFFFFFFFFFFFFFFFFFFFFFFFFFFFFFFFFFFFFFFFFFFFFFFFFFF8B
:20D5C000FFFFFFFFFFFFFFFFFFFFFFFFFFFFFFFFFFFFFFFFFFFFFFFFFFFFFFFFFFFFFFFF6B
:20D5E000FFFFFFFFFFFFFFFFFFFFFFFFFFFFFFFFFFFFFFFFFFFFFFFFFFFFFFFFFFFFFFFF4B
:20D60000FFFFFFFFFFFFFFFFFFFFFFFFFFFFFFFFFFFFFFFFFFFFFFFFFFFFFFFFFFFFFFFF2A
:20D62000FFFFFFFFFFFFFFFFFFFFFFFFFFFFFFFFFFFFFFFFFFFFFFFFFFFFFFFFFFFFFFFF0A
:20D64000FFFFFFFFFFFFFFFFFFFFFFFFFFFFFFFFFFFFFFFFFFFFFFFFFFFFFFFFFFFFFFFFEA
:20D66000FFFFFFFFFFFFFFFFFFFFFFFFFFFFFFFFFFFFFFFFFFFFFFFFFFFFFFFFFFFFFFFFCA
:20D68000FFFFFFFFFFFFFFFFFFFFFFFFFFFFFFFFFFFFFFFFFFFFFFFFFFFFFFFFFFFFFFFFAA
:20D6A000FFFFFFFFFFFFFFFFFFFFFFFFFFFFFFFFFFFFFFFFFFFFFFFFFFFFFFFFFFFFFFFF8A
:20D6C000FFFFFFFFFFFFFFFFFFFFFFFFFFFFFFFFFFFFFFFFFFFFFFFFFFFFFFFFFFFFFFFF6A
:20D6E000FFFFFFFFFFFFFFFFFFFFFFFFFFFFFFFFFFFFFFFFFFFFFFFFFFFFFFFFFFFFFFFF4A
:20D70000FFFFFFFFFFFFFFFFFFFFFFFFFFFFFFFFFFFFFFFFFFFFFFFFFFFFFFFFFFFFFFFF29
:20D72000FFFFFFFFFFFFFFFFFFFFFFFFFFFFFFFFFFFFFFFFFFFFFFFFFFFFFFFFFFFFFFFF09
:20D74000FFFFFFFFFFFFFFFFFFFFFFFFFFFFFFFFFFFFFFFFFFFFFFFFFFFFFFFFFFFFFFFFE9
:20D76000FFFFFFFFFFFFFFFFFFFFFFFFFFFFFFFFFFFFFFFFFFFFFFFFFFFFFFFFFFFFFFFFC9
:20D78000FFFFFFFFFFFFFFFFFFFFFFFFFFFFFFFFFFFFFFFFFFFFFFFFFFFFFFFFFFFFFFFFA9
:20D7A000FFFFFFFFFFFFFFFFFFFFFFFFFFFFFFFFFFFFFFFFFFFFFFFFFFFFFFFFFFFFFFFF89
:20D7C000FFFFFFFFFFFFFFFFFFFFFFFFFFFFFFFFFFFFFFFFFFFFFFFFFFFFFFFFFFFFFFFF69
:20D7E000FFFFFFFFFFFFFFFFFFFFFFFFFFFFFFFFFFFFFFFFFFFFFFFFFFFFFFFFFFFFFFFF49
:20D80000FFFFFFFFFFFFFFFFFFFFFFFFFFFFFFFFFFFFFFFFFFFFFFFFFFFFFFFFFFFFFFFF28
:20D82000FFFFFFFFFFFFFFFFFFFFFFFFFFFFFFFFFFFFFFFFFFFFFFFFFFFFFFFFFFFFFFFF08
:20D84000FFFFFFFFFFFFFFFFFFFFFFFFFFFFFFFFFFFFFFFFFFFFFFFFFFFFFFFFFFFFFFFFE8
:20D86000FFFFFFFFFFFFFFFFFFFFFFFFFFFFFFFFFFFFFFFFFFFFFFFFFFFFFFFFFFFFFFFFC8
:20D88000FFFFFFFFFFFFFFFFFFFFFFFFFFFFFFFFFFFFFFFFFFFFFFFFFFFFFFFFFFFFFFFFA8
:20D8A000FFFFFFFFFFFFFFFFFFFFFFFFFFFFFFFFFFFFFFFFFFFFFFFFFFFFFFFFFFFFFFFF88
:20D8C000FFFFFFFFFFFFFFFFFFFFFFFFFFFFFFFFFFFFFFFFFFFFFFFFFFFFFFFFFFFFFFFF68
:20D8E000FFFFFFFFFFFFFFFFFFFFFFFFFFFFFFFFFFFFFFFFFFFFFFFFFFFFFFFFFFFFFFFF48
:20D90000FFFFFFFFFFFFFFFFFFFFFFFFFFFFFFFFFFFFFFFFFFFFFFFFFFFFFFFFFFFFFFFF27
:20D92000FFFFFFFFFFFFFFFFFFFFFFFFFFFFFFFFFFFFFFFFFFFFFFFFFFFFFFFFFFFFFFFF07
:20D94000FFFFFFFFFFFFFFFFFFFFFFFFFFFFFFFFFFFFFFFFFFFFFFFFFFFFFFFFFFFFFFFFE7
:20D96000FFFFFFFFFFFFFFFFFFFFFFFFFFFFFFFFFFFFFFFFFFFFFFFFFFFFFFFFFFFFFFFFC7
:20D98000FFFFFFFFFFFFFFFFFFFFFFFFFFFFFFFFFFFFFFFFFFFFFFFFFFFFFFFFFFFFFFFFA7
:20D9A000FFFFFFFFFFFFFFFFFFFFFFFFFFFFFFFFFFFFFFFFFFFFFFFFFFFFFFFFFFFFFFFF87
:20D9C000FFFFFFFFFFFFFFFFFFFFFFFFFFFFFFFFFFFFFFFFFFFFFFFFFFFFFFFFFFFFFFFF67
:20D9E000FFFFFFFFFFFFFFFFFFFFFFFFFFFFFFFFFFFFFFFFFFFFFFFFFFFFFFFFFFFFFFFF47
:20DA0000FFFFFFFFFFFFFFFFFFFFFFFFFFFFFFFFFFFFFFFFFFFFFFFFFFFFFFFFFFFFFFFF26
:20DA2000FFFFFFFFFFFFFFFFFFFFFFFFFFFFFFFFFFFFFFFFFFFFFFFFFFFFFFFFFFFFFFFF06
:20DA4000FFFFFFFFFFFFFFFFFFFFFFFFFFFFFFFFFFFFFFFFFFFFFFFFFFFFFFFFFFFFFFFFE6
:20DA6000FFFFFFFFFFFFFFFFFFFFFFFFFFFFFFFFFFFFFFFFFFFFFFFFFFFFFFFFFFFFFFFFC6
:20DA8000FFFFFFFFFFFFFFFFFFFFFFFFFFFFFFFFFFFFFFFFFFFFFFFFFFFFFFFFFFFFFFFFA6
:20DAA000FFFFFFFFFFFFFFFFFFFFFFFFFFFFFFFFFFFFFFFFFFFFFFFFFFFFFFFFFFFFFFFF86
:20DAC000FFFFFFFFFFFFFFFFFFFFFFFFFFFFFFFFFFFFFFFFFFFFFFFFFFFFFFFFFFFFFFFF66
:20DAE000FFFFFFFFFFFFFFFFFFFFFFFFFFFFFFFFFFFFFFFFFFFFFFFFFFFFFFFFFFFFFFFF46
:20DB0000FFFFFFFFFFFFFFFFFFFFFFFFFFFFFFFFFFFFFFFFFFFFFFFFFFFFFFFFFFFFFFFF25
:20DB2000FFFFFFFFFFFFFFFFFFFFFFFFFFFFFFFFFFFFFFFFFFFFFFFFFFFFFFFFFFFFFFFF05
:20DB4000FFFFFFFFFFFFFFFFFFFFFFFFFFFFFFFFFFFFFFFFFFFFFFFFFFFFFFFFFFFFFFFFE5
:20DB6000FFFFFFFFFFFFFFFFFFFFFFFFFFFFFFFFFFFFFFFFFFFFFFFFFFFFFFFFFFFFFFFFC5
:20DB8000FFFFFFFFFFFFFFFFFFFFFFFFFFFFFFFFFFFFFFFFFFFFFFFFFFFFFFFFFFFFFFFFA5
:20DBA000FFFFFFFFFFFFFFFFFFFFFFFFFFFFFFFFFFFFFFFFFFFFFFFFFFFFFFFFFFFFFFFF85
:20DBC000FFFFFFFFFFFFFFFFFFFFFFFFFFFFFFFFFFFFFFFFFFFFFFFFFFFFFFFFFFFFFFFF65
:20DBE000FFFFFFFFFFFFFFFFFFFFFFFFFFFFFFFFFFFFFFFFFFFFFFFFFFFFFFFFFFFFFFFF45
:20DC0000FFFFFFFFFFFFFFFFFFFFFFFFFFFFFFFFFFFFFFFFFFFFFFFFFFFFFFFFFFFFFFFF24
:20DC2000FFFFFFFFFFFFFFFFFFFFFFFFFFFFFFFFFFFFFFFFFFFFFFFFFFFFFFFFFFFFFFFF04
:20DC4000FFFFFFFFFFFFFFFFFFFFFFFFFFFFFFFFFFFFFFFFFFFFFFFFFFFFFFFFFFFFFFFFE4
:20DC6000FFFFFFFFFFFFFFFFFFFFFFFFFFFFFFFFFFFFFFFFFFFFFFFFFFFFFFFFFFFFFFFFC4
:20DC8000FFFFFFFFFFFFFFFFFFFFFFFFFFFFFFFFFFFFFFFFFFFFFFFFFFFFFFFFFFFFFFFFA4
:20DCA000FFFFFFFFFFFFFFFFFFFFFFFFFFFFFFFFFFFFFFFFFFFFFFFFFFFFFFFFFFFFFFFF84
:20DCC000FFFFFFFFFFFFFFFFFFFFFFFFFFFFFFFFFFFFFFFFFFFFFFFFFFFFFFFFFFFFFFFF64
:20DCE000FFFFFFFFFFFFFFFFFFFFFFFFFFFFFFFFFFFFFFFFFFFFFFFFFFFFFFFFFFFFFFFF44
:20DD0000FFFFFFFFFFFFFFFFFFFFFFFFFFFFFFFFFFFFFFFFFFFFFFFFFFFFFFFFFFFFFFFF23
:20DD2000FFFFFFFFFFFFFFFFFFFFFFFFFFFFFFFFFFFFFFFFFFFFFFFFFFFFFFFFFFFFFFFF03
:20DD4000FFFFFFFFFFFFFFFFFFFFFFFFFFFFFFFFFFFFFFFFFFFFFFFFFFFFFFFFFFFFFFFFE3
:20DD6000FFFFFFFFFFFFFFFFFFFFFFFFFFFFFFFFFFFFFFFFFFFFFFFFFFFFFFFFFFFFFFFFC3
:20DD8000FFFFFFFFFFFFFFFFFFFFFFFFFFFFFFFFFFFFFFFFFFFFFFFFFFFFFFFFFFFFFFFFA3
:20DDA000FFFFFFFFFFFFFFFFFFFFFFFFFFFFFFFFFFFFFFFFFFFFFFFFFFFFFFFFFFFFFFFF83
:20DDC000FFFFFFFFFFFFFFFFFFFFFFFFFFFFFFFFFFFFFFFFFFFFFFFFFFFFFFFFFFFFFFFF63
:20DDE000FFFFFFFFFFFFFFFFFFFFFFFFFFFFFFFFFFFFFFFFFFFFFFFFFFFFFFFFFFFFFFFF43
:20DE0000FFFFFFFFFFFFFFFFFFFFFFFFFFFFFFFFFFFFFFFFFFFFFFFFFFFFFFFFFFFFFFFF22
:20DE2000FFFFFFFFFFFFFFFFFFFFFFFFFFFFFFFFFFFFFFFFFFFFFFFFFFFFFFFFFFFFFFFF02
:20DE4000FFFFFFFFFFFFFFFFFFFFFFFFFFFFFFFFFFFFFFFFFFFFFFFFFFFFFFFFFFFFFFFFE2
:20DE6000FFFFFFFFFFFFFFFFFFFFFFFFFFFFFFFFFFFFFFFFFFFFFFFFFFFFFFFFFFFFFFFFC2
:20DE8000FFFFFFFFFFFFFFFFFFFFFFFFFFFFFFFFFFFFFFFFFFFFFFFFFFFFFFFFFFFFFFFFA2
:20DEA000FFFFFFFFFFFFFFFFFFFFFFFFFFFFFFFFFFFFFFFFFFFFFFFFFFFFFFFFFFFFFFFF82
:20DEC000FFFFFFFFFFFFFFFFFFFFFFFFFFFFFFFFFFFFFFFFFFFFFFFFFFFFFFFFFFFFFFFF62
:20DEE000FFFFFFFFFFFFFFFFFFFFFFFFFFFFFFFFFFFFFFFFFFFFFFFFFFFFFFFFFFFFFFFF42
:20DF0000FFFFFFFFFFFFFFFFFFFFFFFFFFFFFFFFFFFFFFFFFFFFFFFFFFFFFFFFFFFFFFFF21
:20DF2000FFFFFFFFFFFFFFFFFFFFFFFFFFFFFFFFFFFFFFFFFFFFFFFFFFFFFFFFFFFFFFFF01
:20DF4000FFFFFFFFFFFFFFFFFFFFFFFFFFFFFFFFFFFFFFFFFFFFFFFFFFFFFFFFFFFFFFFFE1
:20DF6000FFFFFFFFFFFFFFFFFFFFFFFFFFFFFFFFFFFFFFFFFFFFFFFFFFFFFFFFFFFFFFFFC1
:20DF8000FFFFFFFFFFFFFFFFFFFFFFFFFFFFFFFFFFFFFFFFFFFFFFFFFFFFFFFFFFFFFFFFA1
:20DFA000FFFFFFFFFFFFFFFFFFFFFFFFFFFFFFFFFFFFFFFFFFFFFFFFFFFFFFFFFFFFFFFF81
:20DFC000FFFFFFFFFFFFFFFFFFFFFFFFFFFFFFFFFFFFFFFFFFFFFFFFFFFFFFFFFFFFFFFF61
:20DFE000FFFFFFFFFFFFFFFFFFFFFFFFFFFFFFFFFFFFFFFFFFFFFFFFFFFFFFFFFFFFFFFF41
:20E00000FFFFFFFFFFFFFFFFFFFFFFFFFFFFFFFFFFFFFFFFFFFFFFFFFFFFFFFFFFFFFFFF20
:20E02000FFFFFFFFFFFFFFFFFFFFFFFFFFFFFFFFFFFFFFFFFFFFFFFFFFFFFFFFFFFFFFFF00
:20E04000FFFFFFFFFFFFFFFFFFFFFFFFFFFFFFFFFFFFFFFFFFFFFFFFFFFFFFFFFFFFFFFFE0
:20E06000FFFFFFFFFFFFFFFFFFFFFFFFFFFFFFFFFFFFFFFFFFFFFFFFFFFFFFFFFFFFFFFFC0
:20E08000FFFFFFFFFFFFFFFFFFFFFFFFFFFFFFFFFFFFFFFFFFFFFFFFFFFFFFFFFFFFFFFFA0
:20E0A000FFFFFFFFFFFFFFFFFFFFFFFFFFFFFFFFFFFFFFFFFFFFFFFFFFFFFFFFFFFFFFFF80
:20E0C000FFFFFFFFFFFFFFFFFFFFFFFFFFFFFFFFFFFFFFFFFFFFFFFFFFFFFFFFFFFFFFFF60
:20E0E000FFFFFFFFFFFFFFFFFFFFFFFFFFFFFFFFFFFFFFFFFFFFFFFFFFFFFFFFFFFFFFFF40
:20E10000FFFFFFFFFFFFFFFFFFFFFFFFFFFFFFFFFFFFFFFFFFFFFFFFFFFFFFFFFFFFFFFF1F
:20E12000FFFFFFFFFFFFFFFFFFFFFFFFFFFFFFFFFFFFFFFFFFFFFFFFFFFFFFFFFFFFFFFFFF
:20E14000FFFFFFFFFFFFFFFFFFFFFFFFFFFFFFFFFFFFFFFFFFFFFFFFFFFFFFFFFFFFFFFFDF
:20E16000FFFFFFFFFFFFFFFFFFFFFFFFFFFFFFFFFFFFFFFFFFFFFFFFFFFFFFFFFFFFFFFFBF
:20E18000FFFFFFFFFFFFFFFFFFFFFFFFFFFFFFFFFFFFFFFFFFFFFFFFFFFFFFFFFFFFFFFF9F
:20E1A000FFFFFFFFFFFFFFFFFFFFFFFFFFFFFFFFFFFFFFFFFFFFFFFFFFFFFFFFFFFFFFFF7F
:20E1C000FFFFFFFFFFFFFFFFFFFFFFFFFFFFFFFFFFFFFFFFFFFFFFFFFFFFFFFFFFFFFFFF5F
:20E1E000FFFFFFFFFFFFFFFFFFFFFFFFFFFFFFFFFFFFFFFFFFFFFFFFFFFFFFFFFFFFFFFF3F
:20E20000FFFFFFFFFFFFFFFFFFFFFFFFFFFFFFFFFFFFFFFFFFFFFFFFFFFFFFFFFFFFFFFF1E
:20E22000FFFFFFFFFFFFFFFFFFFFFFFFFFFFFFFFFFFFFFFFFFFFFFFFFFFFFFFFFFFFFFFFFE
:20E24000FFFFFFFFFFFFFFFFFFFFFFFFFFFFFFFFFFFFFFFFFFFFFFFFFFFFFFFFFFFFFFFFDE
:20E26000FFFFFFFFFFFFFFFFFFFFFFFFFFFFFFFFFFFFFFFFFFFFFFFFFFFFFFFFFFFFFFFFBE
:20E28000FFFFFFFFFFFFFFFFFFFFFFFFFFFFFFFFFFFFFFFFFFFFFFFFFFFFFFFFFFFFFFFF9E
:20E2A000FFFFFFFFFFFFFFFFFFFFFFFFFFFFFFFFFFFFFFFFFFFFFFFFFFFFFFFFFFFFFFFF7E
:20E2C000FFFFFFFFFFFFFFFFFFFFFFFFFFFFFFFFFFFFFFFFFFFFFFFFFFFFFFFFFFFFFFFF5E
:20E2E000FFFFFFFFFFFFFFFFFFFFFFFFFFFFFFFFFFFFFFFFFFFFFFFFFFFFFFFFFFFFFFFF3E
:20E30000FFFFFFFFFFFFFFFFFFFFFFFFFFFFFFFFFFFFFFFFFFFFFFFFFFFFFFFFFFFFFFFF1D
:20E32000FFFFFFFFFFFFFFFFFFFFFFFFFFFFFFFFFFFFFFFFFFFFFFFFFFFFFFFFFFFFFFFFFD
:20E34000FFFFFFFFFFFFFFFFFFFFFFFFFFFFFFFFFFFFFFFFFFFFFFFFFFFFFFFFFFFFFFFFDD
:20E36000FFFFFFFFFFFFFFFFFFFFFFFFFFFFFFFFFFFFFFFFFFFFFFFFFFFFFFFFFFFFFFFFBD
:20E38000FFFFFFFFFFFFFFFFFFFFFFFFFFFFFFFFFFFFFFFFFFFFFFFFFFFFFFFFFFFFFFFF9D
:20E3A000FFFFFFFFFFFFFFFFFFFFFFFFFFFFFFFFFFFFFFFFFFFFFFFFFFFFFFFFFFFFFFFF7D
:20E3C000FFFFFFFFFFFFFFFFFFFFFFFFFFFFFFFFFFFFFFFFFFFFFFFFFFFFFFFFFFFFFFFF5D
:20E3E000FFFFFFFFFFFFFFFFFFFFFFFFFFFFFFFFFFFFFFFFFFFFFFFFFFFFFFFFFFFFFFFF3D
:20E40000FFFFFFFFFFFFFFFFFFFFFFFFFFFFFFFFFFFFFFFFFFFFFFFFFFFFFFFFFFFFFFFF1C
:20E42000FFFFFFFFFFFFFFFFFFFFFFFFFFFFFFFFFFFFFFFFFFFFFFFFFFFFFFFFFFFFFFFFFC
:20E44000FFFFFFFFFFFFFFFFFFFFFFFFFFFFFFFFFFFFFFFFFFFFFFFFFFFFFFFFFFFFFFFFDC
:20E46000FFFFFFFFFFFFFFFFFFFFFFFFFFFFFFFFFFFFFFFFFFFFFFFFFFFFFFFFFFFFFFFFBC
:20E48000FFFFFFFFFFFFFFFFFFFFFFFFFFFFFFFFFFFFFFFFFFFFFFFFFFFFFFFFFFFFFFFF9C
:20E4A000FFFFFFFFFFFFFFFFFFFFFFFFFFFFFFFFFFFFFFFFFFFFFFFFFFFFFFFFFFFFFFFF7C
:20E4C000FFFFFFFFFFFFFFFFFFFFFFFFFFFFFFFFFFFFFFFFFFFFFFFFFFFFFFFFFFFFFFFF5C
:20E4E000FFFFFFFFFFFFFFFFFFFFFFFFFFFFFFFFFFFFFFFFFFFFFFFFFFFFFFFFFFFFFFFF3C
:20E50000FFFFFFFFFFFFFFFFFFFFFFFFFFFFFFFFFFFFFFFFFFFFFFFFFFFFFFFFFFFFFFFF1B
:20E52000FFFFFFFFFFFFFFFFFFFFFFFFFFFFFFFFFFFFFFFFFFFFFFFFFFFFFFFFFFFFFFFFFB
:20E54000FFFFFFFFFFFFFFFFFFFFFFFFFFFFFFFFFFFFFFFFFFFFFFFFFFFFFFFFFFFFFFFFDB
:20E56000FFFFFFFFFFFFFFFFFFFFFFFFFFFFFFFFFFFFFFFFFFFFFFFFFFFFFFFFFFFFFFFFBB
:20E58000FFFFFFFFFFFFFFFFFFFFFFFFFFFFFFFFFFFFFFFFFFFFFFFFFFFFFFFFFFFFFFFF9B
:20E5A000FFFFFFFFFFFFFFFFFFFFFFFFFFFFFFFFFFFFFFFFFFFFFFFFFFFFFFFFFFFFFFFF7B
:20E5C000FFFFFFFFFFFFFFFFFFFFFFFFFFFFFFFFFFFFFFFFFFFFFFFFFFFFFFFFFFFFFFFF5B
:20E5E000FFFFFFFFFFFFFFFFFFFFFFFFFFFFFFFFFFFFFFFFFFFFFFFFFFFFFFFFFFFFFFFF3B
:20E60000FFFFFFFFFFFFFFFFFFFFFFFFFFFFFFFFFFFFFFFFFFFFFFFFFFFFFFFFFFFFFFFF1A
:20E62000FFFFFFFFFFFFFFFFFFFFFFFFFFFFFFFFFFFFFFFFFFFFFFFFFFFFFFFFFFFFFFFFFA
:20E64000FFFFFFFFFFFFFFFFFFFFFFFFFFFFFFFFFFFFFFFFFFFFFFFFFFFFFFFFFFFFFFFFDA
:20E66000FFFFFFFFFFFFFFFFFFFFFFFFFFFFFFFFFFFFFFFFFFFFFFFFFFFFFFFFFFFFFFFFBA
:20E68000FFFFFFFFFFFFFFFFFFFFFFFFFFFFFFFFFFFFFFFFFFFFFFFFFFFFFFFFFFFFFFFF9A
:20E6A000FFFFFFFFFFFFFFFFFFFFFFFFFFFFFFFFFFFFFFFFFFFFFFFFFFFFFFFFFFFFFFFF7A
:20E6C000FFFFFFFFFFFFFFFFFFFFFFFFFFFFFFFFFFFFFFFFFFFFFFFFFFFFFFFFFFFFFFFF5A
:20E6E000FFFFFFFFFFFFFFFFFFFFFFFFFFFFFFFFFFFFFFFFFFFFFFFFFFFFFFFFFFFFFFFF3A
:20E70000FFFFFFFFFFFFFFFFFFFFFFFFFFFFFFFFFFFFFFFFFFFFFFFFFFFFFFFFFFFFFFFF19
:20E72000FFFFFFFFFFFFFFFFFFFFFFFFFFFFFFFFFFFFFFFFFFFFFFFFFFFFFFFFFFFFFFFFF9
:20E74000FFFFFFFFFFFFFFFFFFFFFFFFFFFFFFFFFFFFFFFFFFFFFFFFFFFFFFFFFFFFFFFFD9
:20E76000FFFFFFFFFFFFFFFFFFFFFFFFFFFFFFFFFFFFFFFFFFFFFFFFFFFFFFFFFFFFFFFFB9
:20E78000FFFFFFFFFFFFFFFFFFFFFFFFFFFFFFFFFFFFFFFFFFFFFFFFFFFFFFFFFFFFFFFF99
:20E7A000FFFFFFFFFFFFFFFFFFFFFFFFFFFFFFFFFFFFFFFFFFFFFFFFFFFFFFFFFFFFFFFF79
:20E7C000FFFFFFFFFFFFFFFFFFFFFFFFFFFFFFFFFFFFFFFFFFFFFFFFFFFFFFFFFFFFFFFF59
:20E7E000FFFFFFFFFFFFFFFFFFFFFFFFFFFFFFFFFFFFFFFFFFFFFFFFFFFFFFFFFFFFFFFF39
:20E80000FFFFFFFFFFFFFFFFFFFFFFFFFFFFFFFFFFFFFFFFFFFFFFFFFFFFFFFFFFFFFFFF18
:20E82000FFFFFFFFFFFFFFFFFFFFFFFFFFFFFFFFFFFFFFFFFFFFFFFFFFFFFFFFFFFFFFFFF8
:20E84000FFFFFFFFFFFFFFFFFFFFFFFFFFFFFFFFFFFFFFFFFFFFFFFFFFFFFFFFFFFFFFFFD8
:20E86000FFFFFFFFFFFFFFFFFFFFFFFFFFFFFFFFFFFFFFFFFFFFFFFFFFFFFFFFFFFFFFFFB8
:20E88000FFFFFFFFFFFFFFFFFFFFFFFFFFFFFFFFFFFFFFFFFFFFFFFFFFFFFFFFFFFFFFFF98
:20E8A000FFFFFFFFFFFFFFFFFFFFFFFFFFFFFFFFFFFFFFFFFFFFFFFFFFFFFFFFFFFFFFFF78
:20E8C000FFFFFFFFFFFFFFFFFFFFFFFFFFFFFFFFFFFFFFFFFFFFFFFFFFFFFFFFFFFFFFFF58
:20E8E000FFFFFFFFFFFFFFFFFFFFFFFFFFFFFFFFFFFFFFFFFFFFFFFFFFFFFFFFFFFFFFFF38
:20E90000FFFFFFFFFFFFFFFFFFFFFFFFFFFFFFFFFFFFFFFFFFFFFFFFFFFFFFFFFFFFFFFF17
:20E92000FFFFFFFFFFFFFFFFFFFFFFFFFFFFFFFFFFFFFFFFFFFFFFFFFFFFFFFFFFFFFFFFF7
:20E94000FFFFFFFFFFFFFFFFFFFFFFFFFFFFFFFFFFFFFFFFFFFFFFFFFFFFFFFFFFFFFFFFD7
:20E96000FFFFFFFFFFFFFFFFFFFFFFFFFFFFFFFFFFFFFFFFFFFFFFFFFFFFFFFFFFFFFFFFB7
:20E98000FFFFFFFFFFFFFFFFFFFFFFFFFFFFFFFFFFFFFFFFFFFFFFFFFFFFFFFFFFFFFFFF97
:20E9A000FFFFFFFFFFFFFFFFFFFFFFFFFFFFFFFFFFFFFFFFFFFFFFFFFFFFFFFFFFFFFFFF77
:20E9C000FFFFFFFFFFFFFFFFFFFFFFFFFFFFFFFFFFFFFFFFFFFFFFFFFFFFFFFFFFFFFFFF57
:20E9E000FFFFFFFFFFFFFFFFFFFFFFFFFFFFFFFFFFFFFFFFFFFFFFFFFFFFFFFFFFFFFFFF37
:20EA0000FFFFFFFFFFFFFFFFFFFFFFFFFFFFFFFFFFFFFFFFFFFFFFFFFFFFFFFFFFFFFFFF16
:20EA2000FFFFFFFFFFFFFFFFFFFFFFFFFFFFFFFFFFFFFFFFFFFFFFFFFFFFFFFFFFFFFFFFF6
:20EA4000FFFFFFFFFFFFFFFFFFFFFFFFFFFFFFFFFFFFFFFFFFFFFFFFFFFFFFFFFFFFFFFFD6
:20EA6000FFFFFFFFFFFFFFFFFFFFFFFFFFFFFFFFFFFFFFFFFFFFFFFFFFFFFFFFFFFFFFFFB6
:20EA8000FFFFFFFFFFFFFFFFFFFFFFFFFFFFFFFFFFFFFFFFFFFFFFFFFFFFFFFFFFFFFFFF96
:20EAA000FFFFFFFFFFFFFFFFFFFFFFFFFFFFFFFFFFFFFFFFFFFFFFFFFFFFFFFFFFFFFFFF76
:20EAC000FFFFFFFFFFFFFFFFFFFFFFFFFFFFFFFFFFFFFFFFFFFFFFFFFFFFFFFFFFFFFFFF56
:20EAE000FFFFFFFFFFFFFFFFFFFFFFFFFFFFFFFFFFFFFFFFFFFFFFFFFFFFFFFFFFFFFFFF36
:20EB0000FFFFFFFFFFFFFFFFFFFFFFFFFFFFFFFFFFFFFFFFFFFFFFFFFFFFFFFFFFFFFFFF15
:20EB2000FFFFFFFFFFFFFFFFFFFFFFFFFFFFFFFFFFFFFFFFFFFFFFFFFFFFFFFFFFFFFFFFF5
:20EB4000FFFFFFFFFFFFFFFFFFFFFFFFFFFFFFFFFFFFFFFFFFFFFFFFFFFFFFFFFFFFFFFFD5
:20EB6000FFFFFFFFFFFFFFFFFFFFFFFFFFFFFFFFFFFFFFFFFFFFFFFFFFFFFFFFFFFFFFFFB5
:20EB8000FFFFFFFFFFFFFFFFFFFFFFFFFFFFFFFFFFFFFFFFFFFFFFFFFFFFFFFFFFFFFFFF95
:20EBA000FFFFFFFFFFFFFFFFFFFFFFFFFFFFFFFFFFFFFFFFFFFFFFFFFFFFFFFFFFFFFFFF75
:20EBC000FFFFFFFFFFFFFFFFFFFFFFFFFFFFFFFFFFFFFFFFFFFFFFFFFFFFFFFFFFFFFFFF55
:20EBE000FFFFFFFFFFFFFFFFFFFFFFFFFFFFFFFFFFFFFFFFFFFFFFFFFFFFFFFFFFFFFFFF35
:20EC0000FFFFFFFFFFFFFFFFFFFFFFFFFFFFFFFFFFFFFFFFFFFFFFFFFFFFFFFFFFFFFFFF14
:20EC2000FFFFFFFFFFFFFFFFFFFFFFFFFFFFFFFFFFFFFFFFFFFFFFFFFFFFFFFFFFFFFFFFF4
:20EC4000FFFFFFFFFFFFFFFFFFFFFFFFFFFFFFFFFFFFFFFFFFFFFFFFFFFFFFFFFFFFFFFFD4
:20EC6000FFFFFFFFFFFFFFFFFFFFFFFFFFFFFFFFFFFFFFFFFFFFFFFFFFFFFFFFFFFFFFFFB4
:20EC8000FFFFFFFFFFFFFFFFFFFFFFFFFFFFFFFFFFFFFFFFFFFFFFFFFFFFFFFFFFFFFFFF94
:20ECA000FFFFFFFFFFFFFFFFFFFFFFFFFFFFFFFFFFFFFFFFFFFFFFFFFFFFFFFFFFFFFFFF74
:20ECC000FFFFFFFFFFFFFFFFFFFFFFFFFFFFFFFFFFFFFFFFFFFFFFFFFFFFFFFFFFFFFFFF54
:20ECE000FFFFFFFFFFFFFFFFFFFFFFFFFFFFFFFFFFFFFFFFFFFFFFFFFFFFFFFFFFFFFFFF34
:20ED0000FFFFFFFFFFFFFFFFFFFFFFFFFFFFFFFFFFFFFFFFFFFFFFFFFFFFFFFFFFFFFFFF13
:20ED2000FFFFFFFFFFFFFFFFFFFFFFFFFFFFFFFFFFFFFFFFFFFFFFFFFFFFFFFFFFFFFFFFF3
:20ED4000FFFFFFFFFFFFFFFFFFFFFFFFFFFFFFFFFFFFFFFFFFFFFFFFFFFFFFFFFFFFFFFFD3
:20ED6000FFFFFFFFFFFFFFFFFFFFFFFFFFFFFFFFFFFFFFFFFFFFFFFFFFFFFFFFFFFFFFFFB3
:20ED8000FFFFFFFFFFFFFFFFFFFFFFFFFFFFFFFFFFFFFFFFFFFFFFFFFFFFFFFFFFFFFFFF93
:20EDA000FFFFFFFFFFFFFFFFFFFFFFFFFFFFFFFFFFFFFFFFFFFFFFFFFFFFFFFFFFFFFFFF73
:20EDC000FFFFFFFFFFFFFFFFFFFFFFFFFFFFFFFFFFFFFFFFFFFFFFFFFFFFFFFFFFFFFFFF53
:20EDE000FFFFFFFFFFFFFFFFFFFFFFFFFFFFFFFFFFFFFFFFFFFFFFFFFFFFFFFFFFFFFFFF33
:20EE0000FFFFFFFFFFFFFFFFFFFFFFFFFFFFFFFFFFFFFFFFFFFFFFFFFFFFFFFFFFFFFFFF12
:20EE2000FFFFFFFFFFFFFFFFFFFFFFFFFFFFFFFFFFFFFFFFFFFFFFFFFFFFFFFFFFFFFFFFF2
:20EE4000FFFFFFFFFFFFFFFFFFFFFFFFFFFFFFFFFFFFFFFFFFFFFFFFFFFFFFFFFFFFFFFFD2
:20EE6000FFFFFFFFFFFFFFFFFFFFFFFFFFFFFFFFFFFFFFFFFFFFFFFFFFFFFFFFFFFFFFFFB2
:20EE8000FFFFFFFFFFFFFFFFFFFFFFFFFFFFFFFFFFFFFFFFFFFFFFFFFFFFFFFFFFFFFFFF92
:20EEA000FFFFFFFFFFFFFFFFFFFFFFFFFFFFFFFFFFFFFFFFFFFFFFFFFFFFFFFFFFFFFFFF72
:20EEC000FFFFFFFFFFFFFFFFFFFFFFFFFFFFFFFFFFFFFFFFFFFFFFFFFFFFFFFFFFFFFFFF52
:20EEE000FFFFFFFFFFFFFFFFFFFFFFFFFFFFFFFFFFFFFFFFFFFFFFFFFFFFFFFFFFFFFFFF32
:20EF0000FFFFFFFFFFFFFFFFFFFFFFFFFFFFFFFFFFFFFFFFFFFFFFFFFFFFFFFFFFFFFFFF11
:20EF2000FFFFFFFFFFFFFFFFFFFFFFFFFFFFFFFFFFFFFFFFFFFFFFFFFFFFFFFFFFFFFFFFF1
:20EF4000FFFFFFFFFFFFFFFFFFFFFFFFFFFFFFFFFFFFFFFFFFFFFFFFFFFFFFFFFFFFFFFFD1
:20EF6000FFFFFFFFFFFFFFFFFFFFFFFFFFFFFFFFFFFFFFFFFFFFFFFFFFFFFFFFFFFFFFFFB1
:20EF8000FFFFFFFFFFFFFFFFFFFFFFFFFFFFFFFFFFFFFFFFFFFFFFFFFFFFFFFFFFFFFFFF91
:20EFA000FFFFFFFFFFFFFFFFFFFFFFFFFFFFFFFFFFFFFFFFFFFFFFFFFFFFFFFFFFFFFFFF71
:20EFC000FFFFFFFFFFFFFFFFFFFFFFFFFFFFFFFFFFFFFFFFFFFFFFFFFFFFFFFFFFFFFFFF51
:20EFE000FFFFFFFFFFFFFFFFFFFFFFFFFFFFFFFFFFFFFFFFFFFFFFFFFFFFFFFFFFFFFFFF31
:20F00000FFFFFFFFFFFFFFFFFFFFFFFFFFFFFFFFFFFFFFFFFFFFFFFFFFFFFFFFFFFFFFFF10
:20F02000FFFFFFFFFFFFFFFFFFFFFFFFFFFFFFFFFFFFFFFFFFFFFFFFFFFFFFFFFFFFFFFFF0
:20F04000FFFFFFFFFFFFFFFFFFFFFFFFFFFFFFFFFFFFFFFFFFFFFFFFFFFFFFFFFFFFFFFFD0
:20F06000FFFFFFFFFFFFFFFFFFFFFFFFFFFFFFFFFFFFFFFFFFFFFFFFFFFFFFFFFFFFFFFFB0
:20F08000FFFFFFFFFFFFFFFFFFFFFFFFFFFFFFFFFFFFFFFFFFFFFFFFFFFFFFFFFFFFFFFF90
:20F0A000FFFFFFFFFFFFFFFFFFFFFFFFFFFFFFFFFFFFFFFFFFFFFFFFFFFFFFFFFFFFFFFF70
:20F0C000FFFFFFFFFFFFFFFFFFFFFFFFFFFFFFFFFFFFFFFFFFFFFFFFFFFFFFFFFFFFFFFF50
:20F0E000FFFFFFFFFFFFFFFFFFFFFFFFFFFFFFFFFFFFFFFFFFFFFFFFFFFFFFFFFFFFFFFF30
:20F10000FFFFFFFFFFFFFFFFFFFFFFFFFFFFFFFFFFFFFFFFFFFFFFFFFFFFFFFFFFFFFFFF0F
:20F12000FFFFFFFFFFFFFFFFFFFFFFFFFFFFFFFFFFFFFFFFFFFFFFFFFFFFFFFFFFFFFFFFEF
:20F14000FFFFFFFFFFFFFFFFFFFFFFFFFFFFFFFFFFFFFFFFFFFFFFFFFFFFFFFFFFFFFFFFCF
:20F16000FFFFFFFFFFFFFFFFFFFFFFFFFFFFFFFFFFFFFFFFFFFFFFFFFFFFFFFFFFFFFFFFAF
:20F18000FFFFFFFFFFFFFFFFFFFFFFFFFFFFFFFFFFFFFFFFFFFFFFFFFFFFFFFFFFFFFFFF8F
:20F1A000FFFFFFFFFFFFFFFFFFFFFFFFFFFFFFFFFFFFFFFFFFFFFFFFFFFFFFFFFFFFFFFF6F
:20F1C000FFFFFFFFFFFFFFFFFFFFFFFFFFFFFFFFFFFFFFFFFFFFFFFFFFFFFFFFFFFFFFFF4F
:20F1E000FFFFFFFFFFFFFFFFFFFFFFFFFFFFFFFFFFFFFFFFFFFFFFFFFFFFFFFFFFFFFFFF2F
:20F20000FFFFFFFFFFFFFFFFFFFFFFFFFFFFFFFFFFFFFFFFFFFFFFFFFFFFFFFFFFFFFFFF0E
:20F22000FFFFFFFFFFFFFFFFFFFFFFFFFFFFFFFFFFFFFFFFFFFFFFFFFFFFFFFFFFFFFFFFEE
:20F24000FFFFFFFFFFFFFFFFFFFFFFFFFFFFFFFFFFFFFFFFFFFFFFFFFFFFFFFFFFFFFFFFCE
:20F26000FFFFFFFFFFFFFFFFFFFFFFFFFFFFFFFFFFFFFFFFFFFFFFFFFFFFFFFFFFFFFFFFAE
:20F28000FFFFFFFFFFFFFFFFFFFFFFFFFFFFFFFFFFFFFFFFFFFFFFFFFFFFFFFFFFFFFFFF8E
:20F2A000FFFFFFFFFFFFFFFFFFFFFFFFFFFFFFFFFFFFFFFFFFFFFFFFFFFFFFFFFFFFFFFF6E
:20F2C000FFFFFFFFFFFFFFFFFFFFFFFFFFFFFFFFFFFFFFFFFFFFFFFFFFFFFFFFFFFFFFFF4E
:20F2E000FFFFFFFFFFFFFFFFFFFFFFFFFFFFFFFFFFFFFFFFFFFFFFFFFFFFFFFFFFFFFFFF2E
:20F30000FFFFFFFFFFFFFFFFFFFFFFFFFFFFFFFFFFFFFFFFFFFFFFFFFFFFFFFFFFFFFFFF0D
:20F32000FFFFFFFFFFFFFFFFFFFFFFFFFFFFFFFFFFFFFFFFFFFFFFFFFFFFFFFFFFFFFFFFED
:20F34000FFFFFFFFFFFFFFFFFFFFFFFFFFFFFFFFFFFFFFFFFFFFFFFFFFFFFFFFFFFFFFFFCD
:20F36000FFFFFFFFFFFFFFFFFFFFFFFFFFFFFFFFFFFFFFFFFFFFFFFFFFFFFFFFFFFFFFFFAD
:20F38000FFFFFFFFFFFFFFFFFFFFFFFFFFFFFFFFFFFFFFFFFFFFFFFFFFFFFFFFFFFFFFFF8D
:20F3A000FFFFFFFFFFFFFFFFFFFFFFFFFFFFFFFFFFFFFFFFFFFFFFFFFFFFFFFFFFFFFFFF6D
:20F3C000FFFFFFFFFFFFFFFFFFFFFFFFFFFFFFFFFFFFFFFFFFFFFFFFFFFFFFFFFFFFFFFF4D
:20F3E000FFFFFFFFFFFFFFFFFFFFFFFFFFFFFFFFFFFFFFFFFFFFFFFFFFFFFFFFFFFFFFFF2D
:20F40000FFFFFFFFFFFFFFFFFFFFFFFFFFFFFFFFFFFFFFFFFFFFFFFFFFFFFFFFFFFFFFFF0C
:20F42000FFFFFFFFFFFFFFFFFFFFFFFFFFFFFFFFFFFFFFFFFFFFFFFFFFFFFFFFFFFFFFFFEC
:20F44000FFFFFFFFFFFFFFFFFFFFFFFFFFFFFFFFFFFFFFFFFFFFFFFFFFFFFFFFFFFFFFFFCC
:20F46000FFFFFFFFFFFFFFFFFFFFFFFFFFFFFFFFFFFFFFFFFFFFFFFFFFFFFFFFFFFFFFFFAC
:20F48000FFFFFFFFFFFFFFFFFFFFFFFFFFFFFFFFFFFFFFFFFFFFFFFFFFFFFFFFFFFFFFFF8C
:20F4A000FFFFFFFFFFFFFFFFFFFFFFFFFFFFFFFFFFFFFFFFFFFFFFFFFFFFFFFFFFFFFFFF6C
:20F4C000FFFFFFFFFFFFFFFFFFFFFFFFFFFFFFFFFFFFFFFFFFFFFFFFFFFFFFFFFFFFFFFF4C
:20F4E000FFFFFFFFFFFFFFFFFFFFFFFFFFFFFFFFFFFFFFFFFFFFFFFFFFFFFFFFFFFFFFFF2C
:20F50000FFFFFFFFFFFFFFFFFFFFFFFFFFFFFFFFFFFFFFFFFFFFFFFFFFFFFFFFFFFFFFFF0B
:20F52000FFFFFFFFFFFFFFFFFFFFFFFFFFFFFFFFFFFFFFFFFFFFFFFFFFFFFFFFFFFFFFFFEB
:20F54000FFFFFFFFFFFFFFFFFFFFFFFFFFFFFFFFFFFFFFFFFFFFFFFFFFFFFFFFFFFFFFFFCB
:20F56000FFFFFFFFFFFFFFFFFFFFFFFFFFFFFFFFFFFFFFFFFFFFFFFFFFFFFFFFFFFFFFFFAB
:20F58000FFFFFFFFFFFFFFFFFFFFFFFFFFFFFFFFFFFFFFFFFFFFFFFFFFFFFFFFFFFFFFFF8B
:20F5A000FFFFFFFFFFFFFFFFFFFFFFFFFFFFFFFFFFFFFFFFFFFFFFFFFFFFFFFFFFFFFFFF6B
:20F5C000FFFFFFFFFFFFFFFFFFFFFFFFFFFFFFFFFFFFFFFFFFFFFFFFFFFFFFFFFFFFFFFF4B
:20F5E000FFFFFFFFFFFFFFFFFFFFFFFFFFFFFFFFFFFFFFFFFFFFFFFFFFFFFFFFFFFFFFFF2B
:20F60000FFFFFFFFFFFFFFFFFFFFFFFFFFFFFFFFFFFFFFFFFFFFFFFFFFFFFFFFFFFFFFFF0A
:20F62000FFFFFFFFFFFFFFFFFFFFFFFFFFFFFFFFFFFFFFFFFFFFFFFFFFFFFFFFFFFFFFFFEA
:20F64000FFFFFFFFFFFFFFFFFFFFFFFFFFFFFFFFFFFFFFFFFFFFFFFFFFFFFFFFFFFFFFFFCA
:20F66000FFFFFFFFFFFFFFFFFFFFFFFFFFFFFFFFFFFFFFFFFFFFFFFFFFFFFFFFFFFFFFFFAA
:20F68000FFFFFFFFFFFFFFFFFFFFFFFFFFFFFFFFFFFFFFFFFFFFFFFFFFFFFFFFFFFFFFFF8A
:20F6A000FFFFFFFFFFFFFFFFFFFFFFFFFFFFFFFFFFFFFFFFFFFFFFFFFFFFFFFFFFFFFFFF6A
:20F6C000FFFFFFFFFFFFFFFFFFFFFFFFFFFFFFFFFFFFFFFFFFFFFFFFFFFFFFFFFFFFFFFF4A
:20F6E000FFFFFFFFFFFFFFFFFFFFFFFFFFFFFFFFFFFFFFFFFFFFFFFFFFFFFFFFFFFFFFFF2A
:20F70000FFFFFFFFFFFFFFFFFFFFFFFFFFFFFFFFFFFFFFFFFFFFFFFFFFFFFFFFFFFFFFFF09
:20F72000FFFFFFFFFFFFFFFFFFFFFFFFFFFFFFFFFFFFFFFFFFFFFFFFFFFFFFFFFFFFFFFFE9
:20F74000FFFFFFFFFFFFFFFFFFFFFFFFFFFFFFFFFFFFFFFFFFFFFFFFFFFFFFFFFFFFFFFFC9
:20F76000FFFFFFFFFFFFFFFFFFFFFFFFFFFFFFFFFFFFFFFFFFFFFFFFFFFFFFFFFFFFFFFFA9
:20F78000FFFFFFFFFFFFFFFFFFFFFFFFFFFFFFFFFFFFFFFFFFFFFFFFFFFFFFFFFFFFFFFF89
:20F7A000FFFFFFFFFFFFFFFFFFFFFFFFFFFFFFFFFFFFFFFFFFFFFFFFFFFFFFFFFFFFFFFF69
:20F7C000FFFFFFFFFFFFFFFFFFFFFFFFFFFFFFFFFFFFFFFFFFFFFFFFFFFFFFFFFFFFFFFF49
:20F7E000FFFFFFFFFFFFFFFFFFFFFFFFFFFFFFFFFFFFFFFFFFFFFFFFFFFFFFFFFFFFFFFF29
:20F80000FFFFFFFFFFFFFFFFFFFFFFFFFFFFFFFFFFFFFFFFFFFFFFFFFFFFFFFFFFFFFFFF08
:20F82000FFFFFFFFFFFFFFFFFFFFFFFFFFFFFFFFFFFFFFFFFFFFFFFFFFFFFFFFFFFFFFFFE8
:20F84000FFFFFFFFFFFFFFFFFFFFFFFFFFFFFFFFFFFFFFFFFFFFFFFFFFFFFFFFFFFFFFFFC8
:20F86000FFFFFFFFFFFFFFFFFFFFFFFFFFFFFFFFFFFFFFFFFFFFFFFFFFFFFFFFFFFFFFFFA8
:20F88000FFFFFFFFFFFFFFFFFFFFFFFFFFFFFFFFFFFFFFFFFFFFFFFFFFFFFFFFFFFFFFFF88
:20F8A000FFFFFFFFFFFFFFFFFFFFFFFFFFFFFFFFFFFFFFFFFFFFFFFFFFFFFFFFFFFFFFFF68
:20F8C000FFFFFFFFFFFFFFFFFFFFFFFFFFFFFFFFFFFFFFFFFFFFFFFFFFFFFFFFFFFFFFFF48
:20F8E000FFFFFFFFFFFFFFFFFFFFFFFFFFFFFFFFFFFFFFFFFFFFFFFFFFFFFFFFFFFFFFFF28
:20F90000FFFFFFFFFFFFFFFFFFFFFFFFFFFFFFFFFFFFFFFFFFFFFFFFFFFFFFFFFFFFFFFF07
:20F92000FFFFFFFFFFFFFFFFFFFFFFFFFFFFFFFFFFFFFFFFFFFFFFFFFFFFFFFFFFFFFFFFE7
:20F94000FFFFFFFFFFFFFFFFFFFFFFFFFFFFFFFFFFFFFFFFFFFFFFFFFFFFFFFFFFFFFFFFC7
:20F96000FFFFFFFFFFFFFFFFFFFFFFFFFFFFFFFFFFFFFFFFFFFFFFFFFFFFFFFFFFFFFFFFA7
:20F98000FFFFFFFFFFFFFFFFFFFFFFFFFFFFFFFFFFFFFFFFFFFFFFFFFFFFFFFFFFFFFFFF87
:20F9A000FFFFFFFFFFFFFFFFFFFFFFFFFFFFFFFFFFFFFFFFFFFFFFFFFFFFFFFFFFFFFFFF67
:20F9C000FFFFFFFFFFFFFFFFFFFFFFFFFFFFFFFFFFFFFFFFFFFFFFFFFFFFFFFFFFFFFFFF47
:20F9E000FFFFFFFFFFFFFFFFFFFFFFFFFFFFFFFFFFFFFFFFFFFFFFFFFFFFFFFFFFFFFFFF27
:20FA0000FFFFFFFFFFFFFFFFFFFFFFFFFFFFFFFFFFFFFFFFFFFFFFFFFFFFFFFFFFFFFFFF06
:20FA2000FFFFFFFFFFFFFFFFFFFFFFFFFFFFFFFFFFFFFFFFFFFFFFFFFFFFFFFFFFFFFFFFE6
:20FA4000FFFFFFFFFFFFFFFFFFFFFFFFFFFFFFFFFFFFFFFFFFFFFFFFFFFFFFFFFFFFFFFFC6
:20FA6000FFFFFFFFFFFFFFFFFFFFFFFFFFFFFFFFFFFFFFFFFFFFFFFFFFFFFFFFFFFFFFFFA6
:20FA8000FFFFFFFFFFFFFFFFFFFFFFFFFFFFFFFFFFFFFFFFFFFFFFFFFFFFFFFFFFFFFFFF86
:20FAA000FFFFFFFFFFFFFFFFFFFFFFFFFFFFFFFFFFFFFFFFFFFFFFFFFFFFFFFFFFFFFFFF66
:20FAC000FFFFFFFFFFFFFFFFFFFFFFFFFFFFFFFFFFFFFFFFFFFFFFFFFFFFFFFFFFFFFFFF46
:20FAE000FFFFFFFFFFFFFFFFFFFFFFFFFFFFFFFFFFFFFFFFFFFFFFFFFFFFFFFFFFFFFFFF26
:20FB0000FFFFFFFFFFFFFFFFFFFFFFFFFFFFFFFFFFFFFFFFFFFFFFFFFFFFFFFFFFFFFFFF05
:20FB2000FFFFFFFFFFFFFFFFFFFFFFFFFFFFFFFFFFFFFFFFFFFFFFFFFFFFFFFFFFFFFFFFE5
:20FB4000FFFFFFFFFFFFFFFFFFFFFFFFFFFFFFFFFFFFFFFFFFFFFFFFFFFFFFFFFFFFFFFFC5
:20FB6000FFFFFFFFFFFFFFFFFFFFFFFFFFFFFFFFFFFFFFFFFFFFFFFFFFFFFFFFFFFFFFFFA5
:20FB8000FFFFFFFFFFFFFFFFFFFFFFFFFFFFFFFFFFFFFFFFFFFFFFFFFFFFFFFFFFFFFFFF85
:20FBA000FFFFFFFFFFFFFFFFFFFFFFFFFFFFFFFFFFFFFFFFFFFFFFFFFFFFFFFFFFFFFFFF65
:20FBC000FFFFFFFFFFFFFFFFFFFFFFFFFFFFFFFFFFFFFFFFFFFFFFFFFFFFFFFFFFFFFFFF45
:20FBE000FFFFFFFFFFFFFFFFFFFFFFFFFFFFFFFFFFFFFFFFFFFFFFFFFFFFFFFFFFFFFFFF25
:20FC0000FFFFFFFFFFFFFFFFFFFFFFFFFFFFFFFFFFFFFFFFFFFFFFFFFFFFFFFFFFFFFFFF04
:20FC2000FFFFFFFFFFFFFFFFFFFFFFFFFFFFFFFFFFFFFFFFFFFFFFFFFFFFFFFFFFFFFFFFE4
:20FC4000FFFFFFFFFFFFFFFFFFFFFFFFFFFFFFFFFFFFFFFFFFFFFFFFFFFFFFFFFFFFFFFFC4
:20FC6000FFFFFFFFFFFFFFFFFFFFFFFFFFFFFFFFFFFFFFFFFFFFFFFFFFFFFFFFFFFFFFFFA4
:20FC8000FFFFFFFFFFFFFFFFFFFFFFFFFFFFFFFFFFFFFFFFFFFFFFFFFFFFFFFFFFFFFFFF84
:20FCA000FFFFFFFFFFFFFFFFFFFFFFFFFFFFFFFFFFFFFFFFFFFFFFFFFFFFFFFFFFFFFFFF64
:20FCC000FFFFFFFFFFFFFFFFFFFFFFFFFFFFFFFFFFFFFFFFFFFFFFFFFFFFFFFFFFFFFFFF44
:20FCE000FFFFFFFFFFFFFFFFFFFFFFFFFFFFFFFFFFFFFFFFFFFFFFFFFFFFFFFFFFFFFFFF24
:20FD0000FFFFFFFFFFFFFFFFFFFFFFFFFFFFFFFFFFFFFFFFFFFFFFFFFFFFFFFFFFFFFFFF03
:20FD2000FFFFFFFFFFFFFFFFFFFFFFFFFFFFFFFFFFFFFFFFFFFFFFFFFFFFFFFFFFFFFFFFE3
:20FD4000FFFFFFFFFFFFFFFFFFFFFFFFFFFFFFFFFFFFFFFFFFFFFFFFFFFFFFFFFFFFFFFFC3
:20FD6000FFFFFFFFFFFFFFFFFFFFFFFFFFFFFFFFFFFFFFFFFFFFFFFFFFFFFFFFFFFFFFFFA3
:20FD8000FFFFFFFFFFFFFFFFFFFFFFFFFFFFFFFFFFFFFFFFFFFFFFFFFFFFFFFFFFFFFFFF83
:20FDA000FFFFFFFFFFFFFFFFFFFFFFFFFFFFFFFFFFFFFFFFFFFFFFFFFFFFFFFFFFFFFFFF63
:20FDC000FFFFFFFFFFFFFFFFFFFFFFFFFFFFFFFFFFFFFFFFFFFFFFFFFFFFFFFFFFFFFFFF43
:20FDE000FFFFFFFFFFFFFFFFFFFFFFFFFFFFFFFFFFFFFFFFFFFFFFFFFFFFFFFFFFFFFFFF23
:20FE0000FFFFFFFFFFFFFFFFFFFFFFFFFFFFFFFFFFFFFFFFFFFFFFFFFFFFFFFFFFFFFFFF02
:20FE2000FFFFFFFFFFFFFFFFFFFFFFFFFFFFFFFFFFFFFFFFFFFFFFFFFFFFFFFFFFFFFFFFE2
:20FE4000FFFFFFFFFFFFFFFFFFFFFFFFFFFFFFFFFFFFFFFFFFFFFFFFFFFFFFFFFFFFFFFFC2
:20FE6000FFFFFFFFFFFFFFFFFFFFFFFFFFFFFFFFFFFFFFFFFFFFFFFFFFFFFFFFFFFFFFFFA2
:20FE8000FFFFFFFFFFFFFFFFFFFFFFFFFFFFFFFFFFFFFFFFFFFFFFFFFFFFFFFFFFFFFFFF82
:20FEA000FFFFFFFFFFFFFFFFFFFFFFFFFFFFFFFFFFFFFFFFFFFFFFFFFFFFFFFFFFFFFFFF62
:20FEC000FFFFFFFFFFFFFFFFFFFFFFFFFFFFFFFFFFFFFFFFFFFFFFFFFFFFFFFFFFFFFFFF42
:20FEE000FFFFFFFFFFFFFFFFFFFFFFFFFFFFFFFFFFFFFFFFFFFFFFFFFFFFFFFFFFFFFFFF22
:20FF0000FFFFFFFFFFFFFFFFFFFFFFFFFFFFFFFFFFFFFFFFFFFFFFFFFFFFFFFFFFFFFFFF01
:20FF2000FFFFFFFFFFFFFFFFFFFFFFFFFFFFFFFFFFFFFFFFFFFFFFFFFFFFFFFFFFFFFFFFE1
:20FF4000FFFFFFFFFFFFFFFFFFFFFFFFFFFFFFFFFFFFFFFFFFFFFFFFFFFFFFFFFFFFFFFFC1
:20FF6000FFFFFFFFFFFFFFFFFFFFFFFFFFFFFFFFFFFFFFFFFFFFFFFFFFFFFFFFFFFFFFFFA1
:20FF8000FFFFFFFFFFFFFFFFFFFFFFFFFFFFFFFFFFFFFFFFFFFFFFFFFFFFFFFFFFFFFFFF81
:20FFA000FFFFFFFFFFFFFFFFFFFFFFFFFFFFFFFFFFFFFFFFFFFFFFFFFFFFFFFFFFFFFFFF61
:20FFC000FFFFFFFFFFFFFFFFFFFFFFFFFFFFFFFFFFFFFFFFFFFFFFFFFFFFFFFFFFFFFFFF41
:20FFE000FFFFFFFFFFFFFFFFFFFFFFFFFFFFFFFFFFFFFFFFFFFFFFFFFFFFFFFFFFFFFFFF21
:020000022000DC
:20000000FFFFFFFFFFFFFFFFFFFFFFFFFFFFFFFFFFFFFFFFFFFFFFFFFFFFFFFFFFFFFFFF00
:20002000FFFFFFFFFFFFFFFFFFFFFFFFFFFFFFFFFFFFFFFFFFFFFFFFFFFFFFFFFFFFFFFFE0
:20004000FFFFFFFFFFFFFFFFFFFFFFFFFFFFFFFFFFFFFFFFFFFFFFFFFFFFFFFFFFFFFFFFC0
:20006000FFFFFFFFFFFFFFFFFFFFFFFFFFFFFFFFFFFFFFFFFFFFFFFFFFFFFFFFFFFFFFFFA0
:20008000FFFFFFFFFFFFFFFFFFFFFFFFFFFFFFFFFFFFFFFFFFFFFFFFFFFFFFFFFFFFFFFF80
:2000A000FFFFFFFFFFFFFFFFFFFFFFFFFFFFFFFFFFFFFFFFFFFFFFFFFFFFFFFFFFFFFFFF60
:2000C000FFFFFFFFFFFFFFFFFFFFFFFFFFFFFFFFFFFFFFFFFFFFFFFFFFFFFFFFFFFFFFFF40
:2000E000FFFFFFFFFFFFFFFFFFFFFFFFFFFFFFFFFFFFFFFFFFFFFFFFFFFFFFFFFFFFFFFF20
:20010000FFFFFFFFFFFFFFFFFFFFFFFFFFFFFFFFFFFFFFFFFFFFFFFFFFFFFFFFFFFFFFFFFF
:20012000FFFFFFFFFFFFFFFFFFFFFFFFFFFFFFFFFFFFFFFFFFFFFFFFFFFFFFFFFFFFFFFFDF
:20014000FFFFFFFFFFFFFFFFFFFFFFFFFFFFFFFFFFFFFFFFFFFFFFFFFFFFFFFFFFFFFFFFBF
:20016000FFFFFFFFFFFFFFFFFFFFFFFFFFFFFFFFFFFFFFFFFFFFFFFFFFFFFFFFFFFFFFFF9F
:20018000FFFFFFFFFFFFFFFFFFFFFFFFFFFFFFFFFFFFFFFFFFFFFFFFFFFFFFFFFFFFFFFF7F
:2001A000FFFFFFFFFFFFFFFFFFFFFFFFFFFFFFFFFFFFFFFFFFFFFFFFFFFFFFFFFFFFFFFF5F
:2001C000FFFFFFFFFFFFFFFFFFFFFFFFFFFFFFFFFFFFFFFFFFFFFFFFFFFFFFFFFFFFFFFF3F
:2001E000FFFFFFFFFFFFFFFFFFFFFFFFFFFFFFFFFFFFFFFFFFFFFFFFFFFFFFFFFFFFFFFF1F
:20020000FFFFFFFFFFFFFFFFFFFFFFFFFFFFFFFFFFFFFFFFFFFFFFFFFFFFFFFFFFFFFFFFFE
:20022000FFFFFFFFFFFFFFFFFFFFFFFFFFFFFFFFFFFFFFFFFFFFFFFFFFFFFFFFFFFFFFFFDE
:20024000FFFFFFFFFFFFFFFFFFFFFFFFFFFFFFFFFFFFFFFFFFFFFFFFFFFFFFFFFFFFFFFFBE
:20026000FFFFFFFFFFFFFFFFFFFFFFFFFFFFFFFFFFFFFFFFFFFFFFFFFFFFFFFFFFFFFFFF9E
:20028000FFFFFFFFFFFFFFFFFFFFFFFFFFFFFFFFFFFFFFFFFFFFFFFFFFFFFFFFFFFFFFFF7E
:2002A000FFFFFFFFFFFFFFFFFFFFFFFFFFFFFFFFFFFFFFFFFFFFFFFFFFFFFFFFFFFFFFFF5E
:2002C000FFFFFFFFFFFFFFFFFFFFFFFFFFFFFFFFFFFFFFFFFFFFFFFFFFFFFFFFFFFFFFFF3E
:2002E000FFFFFFFFFFFFFFFFFFFFFFFFFFFFFFFFFFFFFFFFFFFFFFFFFFFFFFFFFFFFFFFF1E
:20030000FFFFFFFFFFFFFFFFFFFFFFFFFFFFFFFFFFFFFFFFFFFFFFFFFFFFFFFFFFFFFFFFFD
:20032000FFFFFFFFFFFFFFFFFFFFFFFFFFFFFFFFFFFFFFFFFFFFFFFFFFFFFFFFFFFFFFFFDD
:20034000FFFFFFFFFFFFFFFFFFFFFFFFFFFFFFFFFFFFFFFFFFFFFFFFFFFFFFFFFFFFFFFFBD
:20036000FFFFFFFFFFFFFFFFFFFFFFFFFFFFFFFFFFFFFFFFFFFFFFFFFFFFFFFFFFFFFFFF9D
:20038000FFFFFFFFFFFFFFFFFFFFFFFFFFFFFFFFFFFFFFFFFFFFFFFFFFFFFFFFFFFFFFFF7D
:2003A000FFFFFFFFFFFFFFFFFFFFFFFFFFFFFFFFFFFFFFFFFFFFFFFFFFFFFFFFFFFFFFFF5D
:2003C000FFFFFFFFFFFFFFFFFFFFFFFFFFFFFFFFFFFFFFFFFFFFFFFFFFFFFFFFFFFFFFFF3D
:2003E000FFFFFFFFFFFFFFFFFFFFFFFFFFFFFFFFFFFFFFFFFFFFFFFFFFFFFFFFFFFFFFFF1D
:20040000FFFFFFFFFFFFFFFFFFFFFFFFFFFFFFFFFFFFFFFFFFFFFFFFFFFFFFFFFFFFFFFFFC
:20042000FFFFFFFFFFFFFFFFFFFFFFFFFFFFFFFFFFFFFFFFFFFFFFFFFFFFFFFFFFFFFFFFDC
:20044000FFFFFFFFFFFFFFFFFFFFFFFFFFFFFFFFFFFFFFFFFFFFFFFFFFFFFFFFFFFFFFFFBC
:20046000FFFFFFFFFFFFFFFFFFFFFFFFFFFFFFFFFFFFFFFFFFFFFFFFFFFFFFFFFFFFFFFF9C
:20048000FFFFFFFFFFFFFFFFFFFFFFFFFFFFFFFFFFFFFFFFFFFFFFFFFFFFFFFFFFFFFFFF7C
:2004A000FFFFFFFFFFFFFFFFFFFFFFFFFFFFFFFFFFFFFFFFFFFFFFFFFFFFFFFFFFFFFFFF5C
:2004C000FFFFFFFFFFFFFFFFFFFFFFFFFFFFFFFFFFFFFFFFFFFFFFFFFFFFFFFFFFFFFFFF3C
:2004E000FFFFFFFFFFFFFFFFFFFFFFFFFFFFFFFFFFFFFFFFFFFFFFFFFFFFFFFFFFFFFFFF1C
:20050000FFFFFFFFFFFFFFFFFFFFFFFFFFFFFFFFFFFFFFFFFFFFFFFFFFFFFFFFFFFFFFFFFB
:20052000FFFFFFFFFFFFFFFFFFFFFFFFFFFFFFFFFFFFFFFFFFFFFFFFFFFFFFFFFFFFFFFFDB
:20054000FFFFFFFFFFFFFFFFFFFFFFFFFFFFFFFFFFFFFFFFFFFFFFFFFFFFFFFFFFFFFFFFBB
:20056000FFFFFFFFFFFFFFFFFFFFFFFFFFFFFFFFFFFFFFFFFFFFFFFFFFFFFFFFFFFFFFFF9B
:20058000FFFFFFFFFFFFFFFFFFFFFFFFFFFFFFFFFFFFFFFFFFFFFFFFFFFFFFFFFFFFFFFF7B
:2005A000FFFFFFFFFFFFFFFFFFFFFFFFFFFFFFFFFFFFFFFFFFFFFFFFFFFFFFFFFFFFFFFF5B
:2005C000FFFFFFFFFFFFFFFFFFFFFFFFFFFFFFFFFFFFFFFFFFFFFFFFFFFFFFFFFFFFFFFF3B
:2005E000FFFFFFFFFFFFFFFFFFFFFFFFFFFFFFFFFFFFFFFFFFFFFFFFFFFFFFFFFFFFFFFF1B
:20060000FFFFFFFFFFFFFFFFFFFFFFFFFFFFFFFFFFFFFFFFFFFFFFFFFFFFFFFFFFFFFFFFFA
:20062000FFFFFFFFFFFFFFFFFFFFFFFFFFFFFFFFFFFFFFFFFFFFFFFFFFFFFFFFFFFFFFFFDA
:20064000FFFFFFFFFFFFFFFFFFFFFFFFFFFFFFFFFFFFFFFFFFFFFFFFFFFFFFFFFFFFFFFFBA
:20066000FFFFFFFFFFFFFFFFFFFFFFFFFFFFFFFFFFFFFFFFFFFFFFFFFFFFFFFFFFFFFFFF9A
:20068000FFFFFFFFFFFFFFFFFFFFFFFFFFFFFFFFFFFFFFFFFFFFFFFFFFFFFFFFFFFFFFFF7A
:2006A000FFFFFFFFFFFFFFFFFFFFFFFFFFFFFFFFFFFFFFFFFFFFFFFFFFFFFFFFFFFFFFFF5A
:2006C000FFFFFFFFFFFFFFFFFFFFFFFFFFFFFFFFFFFFFFFFFFFFFFFFFFFFFFFFFFFFFFFF3A
:2006E000FFFFFFFFFFFFFFFFFFFFFFFFFFFFFFFFFFFFFFFFFFFFFFFFFFFFFFFFFFFFFFFF1A
:20070000FFFFFFFFFFFFFFFFFFFFFFFFFFFFFFFFFFFFFFFFFFFFFFFFFFFFFFFFFFFFFFFFF9
:20072000FFFFFFFFFFFFFFFFFFFFFFFFFFFFFFFFFFFFFFFFFFFFFFFFFFFFFFFFFFFFFFFFD9
:20074000FFFFFFFFFFFFFFFFFFFFFFFFFFFFFFFFFFFFFFFFFFFFFFFFFFFFFFFFFFFFFFFFB9
:20076000FFFFFFFFFFFFFFFFFFFFFFFFFFFFFFFFFFFFFFFFFFFFFFFFFFFFFFFFFFFFFFFF99
:20078000FFFFFFFFFFFFFFFFFFFFFFFFFFFFFFFFFFFFFFFFFFFFFFFFFFFFFFFFFFFFFFFF79
:2007A000FFFFFFFFFFFFFFFFFFFFFFFFFFFFFFFFFFFFFFFFFFFFFFFFFFFFFFFFFFFFFFFF59
:2007C000FFFFFFFFFFFFFFFFFFFFFFFFFFFFFFFFFFFFFFFFFFFFFFFFFFFFFFFFFFFFFFFF39
:2007E000FFFFFFFFFFFFFFFFFFFFFFFFFFFFFFFFFFFFFFFFFFFFFFFFFFFFFFFFFFFFFFFF19
:20080000FFFFFFFFFFFFFFFFFFFFFFFFFFFFFFFFFFFFFFFFFFFFFFFFFFFFFFFFFFFFFFFFF8
:20082000FFFFFFFFFFFFFFFFFFFFFFFFFFFFFFFFFFFFFFFFFFFFFFFFFFFFFFFFFFFFFFFFD8
:20084000FFFFFFFFFFFFFFFFFFFFFFFFFFFFFFFFFFFFFFFFFFFFFFFFFFFFFFFFFFFFFFFFB8
:20086000FFFFFFFFFFFFFFFFFFFFFFFFFFFFFFFFFFFFFFFFFFFFFFFFFFFFFFFFFFFFFFFF98
:20088000FFFFFFFFFFFFFFFFFFFFFFFFFFFFFFFFFFFFFFFFFFFFFFFFFFFFFFFFFFFFFFFF78
:2008A000FFFFFFFFFFFFFFFFFFFFFFFFFFFFFFFFFFFFFFFFFFFFFFFFFFFFFFFFFFFFFFFF58
:2008C000FFFFFFFFFFFFFFFFFFFFFFFFFFFFFFFFFFFFFFFFFFFFFFFFFFFFFFFFFFFFFFFF38
:2008E000FFFFFFFFFFFFFFFFFFFFFFFFFFFFFFFFFFFFFFFFFFFFFFFFFFFFFFFFFFFFFFFF18
:20090000FFFFFFFFFFFFFFFFFFFFFFFFFFFFFFFFFFFFFFFFFFFFFFFFFFFFFFFFFFFFFFFFF7
:20092000FFFFFFFFFFFFFFFFFFFFFFFFFFFFFFFFFFFFFFFFFFFFFFFFFFFFFFFFFFFFFFFFD7
:20094000FFFFFFFFFFFFFFFFFFFFFFFFFFFFFFFFFFFFFFFFFFFFFFFFFFFFFFFFFFFFFFFFB7
:20096000FFFFFFFFFFFFFFFFFFFFFFFFFFFFFFFFFFFFFFFFFFFFFFFFFFFFFFFFFFFFFFFF97
:20098000FFFFFFFFFFFFFFFFFFFFFFFFFFFFFFFFFFFFFFFFFFFFFFFFFFFFFFFFFFFFFFFF77
:2009A000FFFFFFFFFFFFFFFFFFFFFFFFFFFFFFFFFFFFFFFFFFFFFFFFFFFFFFFFFFFFFFFF57
:2009C000FFFFFFFFFFFFFFFFFFFFFFFFFFFFFFFFFFFFFFFFFFFFFFFFFFFFFFFFFFFFFFFF37
:2009E000FFFFFFFFFFFFFFFFFFFFFFFFFFFFFFFFFFFFFFFFFFFFFFFFFFFFFFFFFFFFFFFF17
:200A0000FFFFFFFFFFFFFFFFFFFFFFFFFFFFFFFFFFFFFFFFFFFFFFFFFFFFFFFFFFFFFFFFF6
:200A2000FFFFFFFFFFFFFFFFFFFFFFFFFFFFFFFFFFFFFFFFFFFFFFFFFFFFFFFFFFFFFFFFD6
:200A4000FFFFFFFFFFFFFFFFFFFFFFFFFFFFFFFFFFFFFFFFFFFFFFFFFFFFFFFFFFFFFFFFB6
:200A6000FFFFFFFFFFFFFFFFFFFFFFFFFFFFFFFFFFFFFFFFFFFFFFFFFFFFFFFFFFFFFFFF96
:200A8000FFFFFFFFFFFFFFFFFFFFFFFFFFFFFFFFFFFFFFFFFFFFFFFFFFFFFFFFFFFFFFFF76
:200AA000FFFFFFFFFFFFFFFFFFFFFFFFFFFFFFFFFFFFFFFFFFFFFFFFFFFFFFFFFFFFFFFF56
:200AC000FFFFFFFFFFFFFFFFFFFFFFFFFFFFFFFFFFFFFFFFFFFFFFFFFFFFFFFFFFFFFFFF36
:200AE000FFFFFFFFFFFFFFFFFFFFFFFFFFFFFFFFFFFFFFFFFFFFFFFFFFFFFFFFFFFFFFFF16
:200B0000FFFFFFFFFFFFFFFFFFFFFFFFFFFFFFFFFFFFFFFFFFFFFFFFFFFFFFFFFFFFFFFFF5
:200B2000FFFFFFFFFFFFFFFFFFFFFFFFFFFFFFFFFFFFFFFFFFFFFFFFFFFFFFFFFFFFFFFFD5
:200B4000FFFFFFFFFFFFFFFFFFFFFFFFFFFFFFFFFFFFFFFFFFFFFFFFFFFFFFFFFFFFFFFFB5
:200B6000FFFFFFFFFFFFFFFFFFFFFFFFFFFFFFFFFFFFFFFFFFFFFFFFFFFFFFFFFFFFFFFF95
:200B8000FFFFFFFFFFFFFFFFFFFFFFFFFFFFFFFFFFFFFFFFFFFFFFFFFFFFFFFFFFFFFFFF75
:200BA000FFFFFFFFFFFFFFFFFFFFFFFFFFFFFFFFFFFFFFFFFFFFFFFFFFFFFFFFFFFFFFFF55
:200BC000FFFFFFFFFFFFFFFFFFFFFFFFFFFFFFFFFFFFFFFFFFFFFFFFFFFFFFFFFFFFFFFF35
:200BE000FFFFFFFFFFFFFFFFFFFFFFFFFFFFFFFFFFFFFFFFFFFFFFFFFFFFFFFFFFFFFFFF15
:200C0000FFFFFFFFFFFFFFFFFFFFFFFFFFFFFFFFFFFFFFFFFFFFFFFFFFFFFFFFFFFFFFFFF4
:200C2000FFFFFFFFFFFFFFFFFFFFFFFFFFFFFFFFFFFFFFFFFFFFFFFFFFFFFFFFFFFFFFFFD4
:200C4000FFFFFFFFFFFFFFFFFFFFFFFFFFFFFFFFFFFFFFFFFFFFFFFFFFFFFFFFFFFFFFFFB4
:200C6000FFFFFFFFFFFFFFFFFFFFFFFFFFFFFFFFFFFFFFFFFFFFFFFFFFFFFFFFFFFFFFFF94
:200C8000FFFFFFFFFFFFFFFFFFFFFFFFFFFFFFFFFFFFFFFFFFFFFFFFFFFFFFFFFFFFFFFF74
:200CA000FFFFFFFFFFFFFFFFFFFFFFFFFFFFFFFFFFFFFFFFFFFFFFFFFFFFFFFFFFFFFFFF54
:200CC000FFFFFFFFFFFFFFFFFFFFFFFFFFFFFFFFFFFFFFFFFFFFFFFFFFFFFFFFFFFFFFFF34
:200CE000FFFFFFFFFFFFFFFFFFFFFFFFFFFFFFFFFFFFFFFFFFFFFFFFFFFFFFFFFFFFFFFF14
:200D0000FFFFFFFFFFFFFFFFFFFFFFFFFFFFFFFFFFFFFFFFFFFFFFFFFFFFFFFFFFFFFFFFF3
:200D2000FFFFFFFFFFFFFFFFFFFFFFFFFFFFFFFFFFFFFFFFFFFFFFFFFFFFFFFFFFFFFFFFD3
:200D4000FFFFFFFFFFFFFFFFFFFFFFFFFFFFFFFFFFFFFFFFFFFFFFFFFFFFFFFFFFFFFFFFB3
:200D6000FFFFFFFFFFFFFFFFFFFFFFFFFFFFFFFFFFFFFFFFFFFFFFFFFFFFFFFFFFFFFFFF93
:200D8000FFFFFFFFFFFFFFFFFFFFFFFFFFFFFFFFFFFFFFFFFFFFFFFFFFFFFFFFFFFFFFFF73
:200DA000FFFFFFFFFFFFFFFFFFFFFFFFFFFFFFFFFFFFFFFFFFFFFFFFFFFFFFFFFFFFFFFF53
:200DC000FFFFFFFFFFFFFFFFFFFFFFFFFFFFFFFFFFFFFFFFFFFFFFFFFFFFFFFFFFFFFFFF33
:200DE000FFFFFFFFFFFFFFFFFFFFFFFFFFFFFFFFFFFFFFFFFFFFFFFFFFFFFFFFFFFFFFFF13
:200E0000FFFFFFFFFFFFFFFFFFFFFFFFFFFFFFFFFFFFFFFFFFFFFFFFFFFFFFFFFFFFFFFFF2
:200E2000FFFFFFFFFFFFFFFFFFFFFFFFFFFFFFFFFFFFFFFFFFFFFFFFFFFFFFFFFFFFFFFFD2
:200E4000FFFFFFFFFFFFFFFFFFFFFFFFFFFFFFFFFFFFFFFFFFFFFFFFFFFFFFFFFFFFFFFFB2
:200E6000FFFFFFFFFFFFFFFFFFFFFFFFFFFFFFFFFFFFFFFFFFFFFFFFFFFFFFFFFFFFFFFF92
:200E8000FFFFFFFFFFFFFFFFFFFFFFFFFFFFFFFFFFFFFFFFFFFFFFFFFFFFFFFFFFFFFFFF72
:200EA000FFFFFFFFFFFFFFFFFFFFFFFFFFFFFFFFFFFFFFFFFFFFFFFFFFFFFFFFFFFFFFFF52
:200EC000FFFFFFFFFFFFFFFFFFFFFFFFFFFFFFFFFFFFFFFFFFFFFFFFFFFFFFFFFFFFFFFF32
:200EE000FFFFFFFFFFFFFFFFFFFFFFFFFFFFFFFFFFFFFFFFFFFFFFFFFFFFFFFFFFFFFFFF12
:200F0000FFFFFFFFFFFFFFFFFFFFFFFFFFFFFFFFFFFFFFFFFFFFFFFFFFFFFFFFFFFFFFFFF1
:200F2000FFFFFFFFFFFFFFFFFFFFFFFFFFFFFFFFFFFFFFFFFFFFFFFFFFFFFFFFFFFFFFFFD1
:200F4000FFFFFFFFFFFFFFFFFFFFFFFFFFFFFFFFFFFFFFFFFFFFFFFFFFFFFFFFFFFFFFFFB1
:200F6000FFFFFFFFFFFFFFFFFFFFFFFFFFFFFFFFFFFFFFFFFFFFFFFFFFFFFFFFFFFFFFFF91
:200F8000FFFFFFFFFFFFFFFFFFFFFFFFFFFFFFFFFFFFFFFFFFFFFFFFFFFFFFFFFFFFFFFF71
:200FA000FFFFFFFFFFFFFFFFFFFFFFFFFFFFFFFFFFFFFFFFFFFFFFFFFFFFFFFFFFFFFFFF51
:200FC000FFFFFFFFFFFFFFFFFFFFFFFFFFFFFFFFFFFFFFFFFFFFFFFFFFFFFFFFFFFFFFFF31
:200FE000FFFFFFFFFFFFFFFFFFFFFFFFFFFFFFFFFFFFFFFFFFFFFFFFFFFFFFFFFFFFFFFF11
:20100000FFFFFFFFFFFFFFFFFFFFFFFFFFFFFFFFFFFFFFFFFFFFFFFFFFFFFFFFFFFFFFFFF0
:20102000FFFFFFFFFFFFFFFFFFFFFFFFFFFFFFFFFFFFFFFFFFFFFFFFFFFFFFFFFFFFFFFFD0
:20104000FFFFFFFFFFFFFFFFFFFFFFFFFFFFFFFFFFFFFFFFFFFFFFFFFFFFFFFFFFFFFFFFB0
:20106000FFFFFFFFFFFFFFFFFFFFFFFFFFFFFFFFFFFFFFFFFFFFFFFFFFFFFFFFFFFFFFFF90
:20108000FFFFFFFFFFFFFFFFFFFFFFFFFFFFFFFFFFFFFFFFFFFFFFFFFFFFFFFFFFFFFFFF70
:2010A000FFFFFFFFFFFFFFFFFFFFFFFFFFFFFFFFFFFFFFFFFFFFFFFFFFFFFFFFFFFFFFFF50
:2010C000FFFFFFFFFFFFFFFFFFFFFFFFFFFFFFFFFFFFFFFFFFFFFFFFFFFFFFFFFFFFFFFF30
:2010E000FFFFFFFFFFFFFFFFFFFFFFFFFFFFFFFFFFFFFFFFFFFFFFFFFFFFFFFFFFFFFFFF10
:20110000FFFFFFFFFFFFFFFFFFFFFFFFFFFFFFFFFFFFFFFFFFFFFFFFFFFFFFFFFFFFFFFFEF
:20112000FFFFFFFFFFFFFFFFFFFFFFFFFFFFFFFFFFFFFFFFFFFFFFFFFFFFFFFFFFFFFFFFCF
:20114000FFFFFFFFFFFFFFFFFFFFFFFFFFFFFFFFFFFFFFFFFFFFFFFFFFFFFFFFFFFFFFFFAF
:20116000FFFFFFFFFFFFFFFFFFFFFFFFFFFFFFFFFFFFFFFFFFFFFFFFFFFFFFFFFFFFFFFF8F
:20118000FFFFFFFFFFFFFFFFFFFFFFFFFFFFFFFFFFFFFFFFFFFFFFFFFFFFFFFFFFFFFFFF6F
:2011A000FFFFFFFFFFFFFFFFFFFFFFFFFFFFFFFFFFFFFFFFFFFFFFFFFFFFFFFFFFFFFFFF4F
:2011C000FFFFFFFFFFFFFFFFFFFFFFFFFFFFFFFFFFFFFFFFFFFFFFFFFFFFFFFFFFFFFFFF2F
:2011E000FFFFFFFFFFFFFFFFFFFFFFFFFFFFFFFFFFFFFFFFFFFFFFFFFFFFFFFFFFFFFFFF0F
:20120000FFFFFFFFFFFFFFFFFFFFFFFFFFFFFFFFFFFFFFFFFFFFFFFFFFFFFFFFFFFFFFFFEE
:20122000FFFFFFFFFFFFFFFFFFFFFFFFFFFFFFFFFFFFFFFFFFFFFFFFFFFFFFFFFFFFFFFFCE
:20124000FFFFFFFFFFFFFFFFFFFFFFFFFFFFFFFFFFFFFFFFFFFFFFFFFFFFFFFFFFFFFFFFAE
:20126000FFFFFFFFFFFFFFFFFFFFFFFFFFFFFFFFFFFFFFFFFFFFFFFFFFFFFFFFFFFFFFFF8E
:20128000FFFFFFFFFFFFFFFFFFFFFFFFFFFFFFFFFFFFFFFFFFFFFFFFFFFFFFFFFFFFFFFF6E
:2012A000FFFFFFFFFFFFFFFFFFFFFFFFFFFFFFFFFFFFFFFFFFFFFFFFFFFFFFFFFFFFFFFF4E
:2012C000FFFFFFFFFFFFFFFFFFFFFFFFFFFFFFFFFFFFFFFFFFFFFFFFFFFFFFFFFFFFFFFF2E
:2012E000FFFFFFFFFFFFFFFFFFFFFFFFFFFFFFFFFFFFFFFFFFFFFFFFFFFFFFFFFFFFFFFF0E
:20130000FFFFFFFFFFFFFFFFFFFFFFFFFFFFFFFFFFFFFFFFFFFFFFFFFFFFFFFFFFFFFFFFED
:20132000FFFFFFFFFFFFFFFFFFFFFFFFFFFFFFFFFFFFFFFFFFFFFFFFFFFFFFFFFFFFFFFFCD
:20134000FFFFFFFFFFFFFFFFFFFFFFFFFFFFFFFFFFFFFFFFFFFFFFFFFFFFFFFFFFFFFFFFAD
:20136000FFFFFFFFFFFFFFFFFFFFFFFFFFFFFFFFFFFFFFFFFFFFFFFFFFFFFFFFFFFFFFFF8D
:20138000FFFFFFFFFFFFFFFFFFFFFFFFFFFFFFFFFFFFFFFFFFFFFFFFFFFFFFFFFFFFFFFF6D
:2013A000FFFFFFFFFFFFFFFFFFFFFFFFFFFFFFFFFFFFFFFFFFFFFFFFFFFFFFFFFFFFFFFF4D
:2013C000FFFFFFFFFFFFFFFFFFFFFFFFFFFFFFFFFFFFFFFFFFFFFFFFFFFFFFFFFFFFFFFF2D
:2013E000FFFFFFFFFFFFFFFFFFFFFFFFFFFFFFFFFFFFFFFFFFFFFFFFFFFFFFFFFFFFFFFF0D
:20140000FFFFFFFFFFFFFFFFFFFFFFFFFFFFFFFFFFFFFFFFFFFFFFFFFFFFFFFFFFFFFFFFEC
:20142000FFFFFFFFFFFFFFFFFFFFFFFFFFFFFFFFFFFFFFFFFFFFFFFFFFFFFFFFFFFFFFFFCC
:20144000FFFFFFFFFFFFFFFFFFFFFFFFFFFFFFFFFFFFFFFFFFFFFFFFFFFFFFFFFFFFFFFFAC
:20146000FFFFFFFFFFFFFFFFFFFFFFFFFFFFFFFFFFFFFFFFFFFFFFFFFFFFFFFFFFFFFFFF8C
:20148000FFFFFFFFFFFFFFFFFFFFFFFFFFFFFFFFFFFFFFFFFFFFFFFFFFFFFFFFFFFFFFFF6C
:2014A000FFFFFFFFFFFFFFFFFFFFFFFFFFFFFFFFFFFFFFFFFFFFFFFFFFFFFFFFFFFFFFFF4C
:2014C000FFFFFFFFFFFFFFFFFFFFFFFFFFFFFFFFFFFFFFFFFFFFFFFFFFFFFFFFFFFFFFFF2C
:2014E000FFFFFFFFFFFFFFFFFFFFFFFFFFFFFFFFFFFFFFFFFFFFFFFFFFFFFFFFFFFFFFFF0C
:20150000FFFFFFFFFFFFFFFFFFFFFFFFFFFFFFFFFFFFFFFFFFFFFFFFFFFFFFFFFFFFFFFFEB
:20152000FFFFFFFFFFFFFFFFFFFFFFFFFFFFFFFFFFFFFFFFFFFFFFFFFFFFFFFFFFFFFFFFCB
:20154000FFFFFFFFFFFFFFFFFFFFFFFFFFFFFFFFFFFFFFFFFFFFFFFFFFFFFFFFFFFFFFFFAB
:20156000FFFFFFFFFFFFFFFFFFFFFFFFFFFFFFFFFFFFFFFFFFFFFFFFFFFFFFFFFFFFFFFF8B
:20158000FFFFFFFFFFFFFFFFFFFFFFFFFFFFFFFFFFFFFFFFFFFFFFFFFFFFFFFFFFFFFFFF6B
:2015A000FFFFFFFFFFFFFFFFFFFFFFFFFFFFFFFFFFFFFFFFFFFFFFFFFFFFFFFFFFFFFFFF4B
:2015C000FFFFFFFFFFFFFFFFFFFFFFFFFFFFFFFFFFFFFFFFFFFFFFFFFFFFFFFFFFFFFFFF2B
:2015E000FFFFFFFFFFFFFFFFFFFFFFFFFFFFFFFFFFFFFFFFFFFFFFFFFFFFFFFFFFFFFFFF0B
:20160000FFFFFFFFFFFFFFFFFFFFFFFFFFFFFFFFFFFFFFFFFFFFFFFFFFFFFFFFFFFFFFFFEA
:20162000FFFFFFFFFFFFFFFFFFFFFFFFFFFFFFFFFFFFFFFFFFFFFFFFFFFFFFFFFFFFFFFFCA
:20164000FFFFFFFFFFFFFFFFFFFFFFFFFFFFFFFFFFFFFFFFFFFFFFFFFFFFFFFFFFFFFFFFAA
:20166000FFFFFFFFFFFFFFFFFFFFFFFFFFFFFFFFFFFFFFFFFFFFFFFFFFFFFFFFFFFFFFFF8A
:20168000FFFFFFFFFFFFFFFFFFFFFFFFFFFFFFFFFFFFFFFFFFFFFFFFFFFFFFFFFFFFFFFF6A
:2016A000FFFFFFFFFFFFFFFFFFFFFFFFFFFFFFFFFFFFFFFFFFFFFFFFFFFFFFFFFFFFFFFF4A
:2016C000FFFFFFFFFFFFFFFFFFFFFFFFFFFFFFFFFFFFFFFFFFFFFFFFFFFFFFFFFFFFFFFF2A
:2016E000FFFFFFFFFFFFFFFFFFFFFFFFFFFFFFFFFFFFFFFFFFFFFFFFFFFFFFFFFFFFFFFF0A
:20170000FFFFFFFFFFFFFFFFFFFFFFFFFFFFFFFFFFFFFFFFFFFFFFFFFFFFFFFFFFFFFFFFE9
:20172000FFFFFFFFFFFFFFFFFFFFFFFFFFFFFFFFFFFFFFFFFFFFFFFFFFFFFFFFFFFFFFFFC9
:20174000FFFFFFFFFFFFFFFFFFFFFFFFFFFFFFFFFFFFFFFFFFFFFFFFFFFFFFFFFFFFFFFFA9
:20176000FFFFFFFFFFFFFFFFFFFFFFFFFFFFFFFFFFFFFFFFFFFFFFFFFFFFFFFFFFFFFFFF89
:20178000FFFFFFFFFFFFFFFFFFFFFFFFFFFFFFFFFFFFFFFFFFFFFFFFFFFFFFFFFFFFFFFF69
:2017A000FFFFFFFFFFFFFFFFFFFFFFFFFFFFFFFFFFFFFFFFFFFFFFFFFFFFFFFFFFFFFFFF49
:2017C000FFFFFFFFFFFFFFFFFFFFFFFFFFFFFFFFFFFFFFFFFFFFFFFFFFFFFFFFFFFFFFFF29
:2017E000FFFFFFFFFFFFFFFFFFFFFFFFFFFFFFFFFFFFFFFFFFFFFFFFFFFFFFFFFFFFFFFF09
:20180000FFFFFFFFFFFFFFFFFFFFFFFFFFFFFFFFFFFFFFFFFFFFFFFFFFFFFFFFFFFFFFFFE8
:20182000FFFFFFFFFFFFFFFFFFFFFFFFFFFFFFFFFFFFFFFFFFFFFFFFFFFFFFFFFFFFFFFFC8
:20184000FFFFFFFFFFFFFFFFFFFFFFFFFFFFFFFFFFFFFFFFFFFFFFFFFFFFFFFFFFFFFFFFA8
:20186000FFFFFFFFFFFFFFFFFFFFFFFFFFFFFFFFFFFFFFFFFFFFFFFFFFFFFFFFFFFFFFFF88
:20188000FFFFFFFFFFFFFFFFFFFFFFFFFFFFFFFFFFFFFFFFFFFFFFFFFFFFFFFFFFFFFFFF68
:2018A000FFFFFFFFFFFFFFFFFFFFFFFFFFFFFFFFFFFFFFFFFFFFFFFFFFFFFFFFFFFFFFFF48
:2018C000FFFFFFFFFFFFFFFFFFFFFFFFFFFFFFFFFFFFFFFFFFFFFFFFFFFFFFFFFFFFFFFF28
:2018E000FFFFFFFFFFFFFFFFFFFFFFFFFFFFFFFFFFFFFFFFFFFFFFFFFFFFFFFFFFFFFFFF08
:20190000FFFFFFFFFFFFFFFFFFFFFFFFFFFFFFFFFFFFFFFFFFFFFFFFFFFFFFFFFFFFFFFFE7
:20192000FFFFFFFFFFFFFFFFFFFFFFFFFFFFFFFFFFFFFFFFFFFFFFFFFFFFFFFFFFFFFFFFC7
:20194000FFFFFFFFFFFFFFFFFFFFFFFFFFFFFFFFFFFFFFFFFFFFFFFFFFFFFFFFFFFFFFFFA7
:20196000FFFFFFFFFFFFFFFFFFFFFFFFFFFFFFFFFFFFFFFFFFFFFFFFFFFFFFFFFFFFFFFF87
:20198000FFFFFFFFFFFFFFFFFFFFFFFFFFFFFFFFFFFFFFFFFFFFFFFFFFFFFFFFFFFFFFFF67
:2019A000FFFFFFFFFFFFFFFFFFFFFFFFFFFFFFFFFFFFFFFFFFFFFFFFFFFFFFFFFFFFFFFF47
:2019C000FFFFFFFFFFFFFFFFFFFFFFFFFFFFFFFFFFFFFFFFFFFFFFFFFFFFFFFFFFFFFFFF27
:2019E000FFFFFFFFFFFFFFFFFFFFFFFFFFFFFFFFFFFFFFFFFFFFFFFFFFFFFFFFFFFFFFFF07
:201A0000FFFFFFFFFFFFFFFFFFFFFFFFFFFFFFFFFFFFFFFFFFFFFFFFFFFFFFFFFFFFFFFFE6
:201A2000FFFFFFFFFFFFFFFFFFFFFFFFFFFFFFFFFFFFFFFFFFFFFFFFFFFFFFFFFFFFFFFFC6
:201A4000FFFFFFFFFFFFFFFFFFFFFFFFFFFFFFFFFFFFFFFFFFFFFFFFFFFFFFFFFFFFFFFFA6
:201A6000FFFFFFFFFFFFFFFFFFFFFFFFFFFFFFFFFFFFFFFFFFFFFFFFFFFFFFFFFFFFFFFF86
:201A8000FFFFFFFFFFFFFFFFFFFFFFFFFFFFFFFFFFFFFFFFFFFFFFFFFFFFFFFFFFFFFFFF66
:201AA000FFFFFFFFFFFFFFFFFFFFFFFFFFFFFFFFFFFFFFFFFFFFFFFFFFFFFFFFFFFFFFFF46
:201AC000FFFFFFFFFFFFFFFFFFFFFFFFFFFFFFFFFFFFFFFFFFFFFFFFFFFFFFFFFFFFFFFF26
:201AE000FFFFFFFFFFFFFFFFFFFFFFFFFFFFFFFFFFFFFFFFFFFFFFFFFFFFFFFFFFFFFFFF06
:201B0000FFFFFFFFFFFFFFFFFFFFFFFFFFFFFFFFFFFFFFFFFFFFFFFFFFFFFFFFFFFFFFFFE5
:201B2000FFFFFFFFFFFFFFFFFFFFFFFFFFFFFFFFFFFFFFFFFFFFFFFFFFFFFFFFFFFFFFFFC5
:201B4000FFFFFFFFFFFFFFFFFFFFFFFFFFFFFFFFFFFFFFFFFFFFFFFFFFFFFFFFFFFFFFFFA5
:201B6000FFFFFFFFFFFFFFFFFFFFFFFFFFFFFFFFFFFFFFFFFFFFFFFFFFFFFFFFFFFFFFFF85
:201B8000FFFFFFFFFFFFFFFFFFFFFFFFFFFFFFFFFFFFFFFFFFFFFFFFFFFFFFFFFFFFFFFF65
:201BA000FFFFFFFFFFFFFFFFFFFFFFFFFFFFFFFFFFFFFFFFFFFFFFFFFFFFFFFFFFFFFFFF45
:201BC000FFFFFFFFFFFFFFFFFFFFFFFFFFFFFFFFFFFFFFFFFFFFFFFFFFFFFFFFFFFFFFFF25
:201BE000FFFFFFFFFFFFFFFFFFFFFFFFFFFFFFFFFFFFFFFFFFFFFFFFFFFFFFFFFFFFFFFF05
:201C0000FFFFFFFFFFFFFFFFFFFFFFFFFFFFFFFFFFFFFFFFFFFFFFFFFFFFFFFFFFFFFFFFE4
:201C2000FFFFFFFFFFFFFFFFFFFFFFFFFFFFFFFFFFFFFFFFFFFFFFFFFFFFFFFFFFFFFFFFC4
:201C4000FFFFFFFFFFFFFFFFFFFFFFFFFFFFFFFFFFFFFFFFFFFFFFFFFFFFFFFFFFFFFFFFA4
:201C6000FFFFFFFFFFFFFFFFFFFFFFFFFFFFFFFFFFFFFFFFFFFFFFFFFFFFFFFFFFFFFFFF84
:201C8000FFFFFFFFFFFFFFFFFFFFFFFFFFFFFFFFFFFFFFFFFFFFFFFFFFFFFFFFFFFFFFFF64
:201CA000FFFFFFFFFFFFFFFFFFFFFFFFFFFFFFFFFFFFFFFFFFFFFFFFFFFFFFFFFFFFFFFF44
:201CC000FFFFFFFFFFFFFFFFFFFFFFFFFFFFFFFFFFFFFFFFFFFFFFFFFFFFFFFFFFFFFFFF24
:201CE000FFFFFFFFFFFFFFFFFFFFFFFFFFFFFFFFFFFFFFFFFFFFFFFFFFFFFFFFFFFFFFFF04
:201D0000FFFFFFFFFFFFFFFFFFFFFFFFFFFFFFFFFFFFFFFFFFFFFFFFFFFFFFFFFFFFFFFFE3
:201D2000FFFFFFFFFFFFFFFFFFFFFFFFFFFFFFFFFFFFFFFFFFFFFFFFFFFFFFFFFFFFFFFFC3
:201D4000FFFFFFFFFFFFFFFFFFFFFFFFFFFFFFFFFFFFFFFFFFFFFFFFFFFFFFFFFFFFFFFFA3
:201D6000FFFFFFFFFFFFFFFFFFFFFFFFFFFFFFFFFFFFFFFFFFFFFFFFFFFFFFFFFFFFFFFF83
:201D8000FFFFFFFFFFFFFFFFFFFFFFFFFFFFFFFFFFFFFFFFFFFFFFFFFFFFFFFFFFFFFFFF63
:201DA000FFFFFFFFFFFFFFFFFFFFFFFFFFFFFFFFFFFFFFFFFFFFFFFFFFFFFFFFFFFFFFFF43
:201DC000FFFFFFFFFFFFFFFFFFFFFFFFFFFFFFFFFFFFFFFFFFFFFFFFFFFFFFFFFFFFFFFF23
:201DE000FFFFFFFFFFFFFFFFFFFFFFFFFFFFFFFFFFFFFFFFFFFFFFFFFFFFFFFFFFFFFFFF03
:201E0000FFFFFFFFFFFFFFFFFFFFFFFFFFFFFFFFFFFFFFFFFFFFFFFFFFFFFFFFFFFFFFFFE2
:201E2000FFFFFFFFFFFFFFFFFFFFFFFFFFFFFFFFFFFFFFFFFFFFFFFFFFFFFFFFFFFFFFFFC2
:201E4000FFFFFFFFFFFFFFFFFFFFFFFFFFFFFFFFFFFFFFFFFFFFFFFFFFFFFFFFFFFFFFFFA2
:201E6000FFFFFFFFFFFFFFFFFFFFFFFFFFFFFFFFFFFFFFFFFFFFFFFFFFFFFFFFFFFFFFFF82
:201E8000FFFFFFFFFFFFFFFFFFFFFFFFFFFFFFFFFFFFFFFFFFFFFFFFFFFFFFFFFFFFFFFF62
:201EA000FFFFFFFFFFFFFFFFFFFFFFFFFFFFFFFFFFFFFFFFFFFFFFFFFFFFFFFFFFFFFFFF42
:201EC000FFFFFFFFFFFFFFFFFFFFFFFFFFFFFFFFFFFFFFFFFFFFFFFFFFFFFFFFFFFFFFFF22
:201EE000FFFFFFFFFFFFFFFFFFFFFFFFFFFFFFFFFFFFFFFFFFFFFFFFFFFFFFFFFFFFFFFF02
:201F0000FFFFFFFFFFFFFFFFFFFFFFFFFFFFFFFFFFFFFFFFFFFFFFFFFFFFFFFFFFFFFFFFE1
:201F2000FFFFFFFFFFFFFFFFFFFFFFFFFFFFFFFFFFFFFFFFFFFFFFFFFFFFFFFFFFFFFFFFC1
:201F4000FFFFFFFFFFFFFFFFFFFFFFFFFFFFFFFFFFFFFFFFFFFFFFFFFFFFFFFFFFFFFFFFA1
:201F6000FFFFFFFFFFFFFFFFFFFFFFFFFFFFFFFFFFFFFFFFFFFFFFFFFFFFFFFFFFFFFFFF81
:201F8000FFFFFFFFFFFFFFFFFFFFFFFFFFFFFFFFFFFFFFFFFFFFFFFFFFFFFFFFFFFFFFFF61
:201FA000FFFFFFFFFFFFFFFFFFFFFFFFFFFFFFFFFFFFFFFFFFFFFFFFFFFFFFFFFFFFFFFF41
:201FC000FFFFFFFFFFFFFFFFFFFFFFFFFFFFFFFFFFFFFFFFFFFFFFFFFFFFFFFFFFFFFFFF21
:201FE000FFFFFFFFFFFFFFFFFFFFFFFFFFFFFFFFFFFFFFFFFFFFFFFFFFFFFFFFFFFFFFFF01
:20200000FFFFFFFFFFFFFFFFFFFFFFFFFFFFFFFFFFFFFFFFFFFFFFFFFFFFFFFFFFFFFFFFE0
:20202000FFFFFFFFFFFFFFFFFFFFFFFFFFFFFFFFFFFFFFFFFFFFFFFFFFFFFFFFFFFFFFFFC0
:20204000FFFFFFFFFFFFFFFFFFFFFFFFFFFFFFFFFFFFFFFFFFFFFFFFFFFFFFFFFFFFFFFFA0
:20206000FFFFFFFFFFFFFFFFFFFFFFFFFFFFFFFFFFFFFFFFFFFFFFFFFFFFFFFFFFFFFFFF80
:20208000FFFFFFFFFFFFFFFFFFFFFFFFFFFFFFFFFFFFFFFFFFFFFFFFFFFFFFFFFFFFFFFF60
:2020A000FFFFFFFFFFFFFFFFFFFFFFFFFFFFFFFFFFFFFFFFFFFFFFFFFFFFFFFFFFFFFFFF40
:2020C000FFFFFFFFFFFFFFFFFFFFFFFFFFFFFFFFFFFFFFFFFFFFFFFFFFFFFFFFFFFFFFFF20
:2020E000FFFFFFFFFFFFFFFFFFFFFFFFFFFFFFFFFFFFFFFFFFFFFFFFFFFFFFFFFFFFFFFF00
:20210000FFFFFFFFFFFFFFFFFFFFFFFFFFFFFFFFFFFFFFFFFFFFFFFFFFFFFFFFFFFFFFFFDF
:20212000FFFFFFFFFFFFFFFFFFFFFFFFFFFFFFFFFFFFFFFFFFFFFFFFFFFFFFFFFFFFFFFFBF
:20214000FFFFFFFFFFFFFFFFFFFFFFFFFFFFFFFFFFFFFFFFFFFFFFFFFFFFFFFFFFFFFFFF9F
:20216000FFFFFFFFFFFFFFFFFFFFFFFFFFFFFFFFFFFFFFFFFFFFFFFFFFFFFFFFFFFFFFFF7F
:20218000FFFFFFFFFFFFFFFFFFFFFFFFFFFFFFFFFFFFFFFFFFFFFFFFFFFFFFFFFFFFFFFF5F
:2021A000FFFFFFFFFFFFFFFFFFFFFFFFFFFFFFFFFFFFFFFFFFFFFFFFFFFFFFFFFFFFFFFF3F
:2021C000FFFFFFFFFFFFFFFFFFFFFFFFFFFFFFFFFFFFFFFFFFFFFFFFFFFFFFFFFFFFFFFF1F
:2021E000FFFFFFFFFFFFFFFFFFFFFFFFFFFFFFFFFFFFFFFFFFFFFFFFFFFFFFFFFFFFFFFFFF
:20220000FFFFFFFFFFFFFFFFFFFFFFFFFFFFFFFFFFFFFFFFFFFFFFFFFFFFFFFFFFFFFFFFDE
:20222000FFFFFFFFFFFFFFFFFFFFFFFFFFFFFFFFFFFFFFFFFFFFFFFFFFFFFFFFFFFFFFFFBE
:20224000FFFFFFFFFFFFFFFFFFFFFFFFFFFFFFFFFFFFFFFFFFFFFFFFFFFFFFFFFFFFFFFF9E
:20226000FFFFFFFFFFFFFFFFFFFFFFFFFFFFFFFFFFFFFFFFFFFFFFFFFFFFFFFFFFFFFFFF7E
:20228000FFFFFFFFFFFFFFFFFFFFFFFFFFFFFFFFFFFFFFFFFFFFFFFFFFFFFFFFFFFFFFFF5E
:2022A000FFFFFFFFFFFFFFFFFFFFFFFFFFFFFFFFFFFFFFFFFFFFFFFFFFFFFFFFFFFFFFFF3E
:2022C000FFFFFFFFFFFFFFFFFFFFFFFFFFFFFFFFFFFFFFFFFFFFFFFFFFFFFFFFFFFFFFFF1E
:2022E000FFFFFFFFFFFFFFFFFFFFFFFFFFFFFFFFFFFFFFFFFFFFFFFFFFFFFFFFFFFFFFFFFE
:20230000FFFFFFFFFFFFFFFFFFFFFFFFFFFFFFFFFFFFFFFFFFFFFFFFFFFFFFFFFFFFFFFFDD
:20232000FFFFFFFFFFFFFFFFFFFFFFFFFFFFFFFFFFFFFFFFFFFFFFFFFFFFFFFFFFFFFFFFBD
:20234000FFFFFFFFFFFFFFFFFFFFFFFFFFFFFFFFFFFFFFFFFFFFFFFFFFFFFFFFFFFFFFFF9D
:20236000FFFFFFFFFFFFFFFFFFFFFFFFFFFFFFFFFFFFFFFFFFFFFFFFFFFFFFFFFFFFFFFF7D
:20238000FFFFFFFFFFFFFFFFFFFFFFFFFFFFFFFFFFFFFFFFFFFFFFFFFFFFFFFFFFFFFFFF5D
:2023A000FFFFFFFFFFFFFFFFFFFFFFFFFFFFFFFFFFFFFFFFFFFFFFFFFFFFFFFFFFFFFFFF3D
:2023C000FFFFFFFFFFFFFFFFFFFFFFFFFFFFFFFFFFFFFFFFFFFFFFFFFFFFFFFFFFFFFFFF1D
:2023E000FFFFFFFFFFFFFFFFFFFFFFFFFFFFFFFFFFFFFFFFFFFFFFFFFFFFFFFFFFFFFFFFFD
:20240000FFFFFFFFFFFFFFFFFFFFFFFFFFFFFFFFFFFFFFFFFFFFFFFFFFFFFFFFFFFFFFFFDC
:20242000FFFFFFFFFFFFFFFFFFFFFFFFFFFFFFFFFFFFFFFFFFFFFFFFFFFFFFFFFFFFFFFFBC
:20244000FFFFFFFFFFFFFFFFFFFFFFFFFFFFFFFFFFFFFFFFFFFFFFFFFFFFFFFFFFFFFFFF9C
:20246000FFFFFFFFFFFFFFFFFFFFFFFFFFFFFFFFFFFFFFFFFFFFFFFFFFFFFFFFFFFFFFFF7C
:20248000FFFFFFFFFFFFFFFFFFFFFFFFFFFFFFFFFFFFFFFFFFFFFFFFFFFFFFFFFFFFFFFF5C
:2024A000FFFFFFFFFFFFFFFFFFFFFFFFFFFFFFFFFFFFFFFFFFFFFFFFFFFFFFFFFFFFFFFF3C
:2024C000FFFFFFFFFFFFFFFFFFFFFFFFFFFFFFFFFFFFFFFFFFFFFFFFFFFFFFFFFFFFFFFF1C
:2024E000FFFFFFFFFFFFFFFFFFFFFFFFFFFFFFFFFFFFFFFFFFFFFFFFFFFFFFFFFFFFFFFFFC
:20250000FFFFFFFFFFFFFFFFFFFFFFFFFFFFFFFFFFFFFFFFFFFFFFFFFFFFFFFFFFFFFFFFDB
:20252000FFFFFFFFFFFFFFFFFFFFFFFFFFFFFFFFFFFFFFFFFFFFFFFFFFFFFFFFFFFFFFFFBB
:20254000FFFFFFFFFFFFFFFFFFFFFFFFFFFFFFFFFFFFFFFFFFFFFFFFFFFFFFFFFFFFFFFF9B
:20256000FFFFFFFFFFFFFFFFFFFFFFFFFFFFFFFFFFFFFFFFFFFFFFFFFFFFFFFFFFFFFFFF7B
:20258000FFFFFFFFFFFFFFFFFFFFFFFFFFFFFFFFFFFFFFFFFFFFFFFFFFFFFFFFFFFFFFFF5B
:2025A000FFFFFFFFFFFFFFFFFFFFFFFFFFFFFFFFFFFFFFFFFFFFFFFFFFFFFFFFFFFFFFFF3B
:2025C000FFFFFFFFFFFFFFFFFFFFFFFFFFFFFFFFFFFFFFFFFFFFFFFFFFFFFFFFFFFFFFFF1B
:2025E000FFFFFFFFFFFFFFFFFFFFFFFFFFFFFFFFFFFFFFFFFFFFFFFFFFFFFFFFFFFFFFFFFB
:20260000FFFFFFFFFFFFFFFFFFFFFFFFFFFFFFFFFFFFFFFFFFFFFFFFFFFFFFFFFFFFFFFFDA
:20262000FFFFFFFFFFFFFFFFFFFFFFFFFFFFFFFFFFFFFFFFFFFFFFFFFFFFFFFFFFFFFFFFBA
:20264000FFFFFFFFFFFFFFFFFFFFFFFFFFFFFFFFFFFFFFFFFFFFFFFFFFFFFFFFFFFFFFFF9A
:20266000FFFFFFFFFFFFFFFFFFFFFFFFFFFFFFFFFFFFFFFFFFFFFFFFFFFFFFFFFFFFFFFF7A
:20268000FFFFFFFFFFFFFFFFFFFFFFFFFFFFFFFFFFFFFFFFFFFFFFFFFFFFFFFFFFFFFFFF5A
:2026A000FFFFFFFFFFFFFFFFFFFFFFFFFFFFFFFFFFFFFFFFFFFFFFFFFFFFFFFFFFFFFFFF3A
:2026C000FFFFFFFFFFFFFFFFFFFFFFFFFFFFFFFFFFFFFFFFFFFFFFFFFFFFFFFFFFFFFFFF1A
:2026E000FFFFFFFFFFFFFFFFFFFFFFFFFFFFFFFFFFFFFFFFFFFFFFFFFFFFFFFFFFFFFFFFFA
:20270000FFFFFFFFFFFFFFFFFFFFFFFFFFFFFFFFFFFFFFFFFFFFFFFFFFFFFFFFFFFFFFFFD9
:20272000FFFFFFFFFFFFFFFFFFFFFFFFFFFFFFFFFFFFFFFFFFFFFFFFFFFFFFFFFFFFFFFFB9
:20274000FFFFFFFFFFFFFFFFFFFFFFFFFFFFFFFFFFFFFFFFFFFFFFFFFFFFFFFFFFFFFFFF99
:20276000FFFFFFFFFFFFFFFFFFFFFFFFFFFFFFFFFFFFFFFFFFFFFFFFFFFFFFFFFFFFFFFF79
:20278000FFFFFFFFFFFFFFFFFFFFFFFFFFFFFFFFFFFFFFFFFFFFFFFFFFFFFFFFFFFFFFFF59
:2027A000FFFFFFFFFFFFFFFFFFFFFFFFFFFFFFFFFFFFFFFFFFFFFFFFFFFFFFFFFFFFFFFF39
:2027C000FFFFFFFFFFFFFFFFFFFFFFFFFFFFFFFFFFFFFFFFFFFFFFFFFFFFFFFFFFFFFFFF19
:2027E000FFFFFFFFFFFFFFFFFFFFFFFFFFFFFFFFFFFFFFFFFFFFFFFFFFFFFFFFFFFFFFFFF9
:20280000FFFFFFFFFFFFFFFFFFFFFFFFFFFFFFFFFFFFFFFFFFFFFFFFFFFFFFFFFFFFFFFFD8
:20282000FFFFFFFFFFFFFFFFFFFFFFFFFFFFFFFFFFFFFFFFFFFFFFFFFFFFFFFFFFFFFFFFB8
:20284000FFFFFFFFFFFFFFFFFFFFFFFFFFFFFFFFFFFFFFFFFFFFFFFFFFFFFFFFFFFFFFFF98
:20286000FFFFFFFFFFFFFFFFFFFFFFFFFFFFFFFFFFFFFFFFFFFFFFFFFFFFFFFFFFFFFFFF78
:20288000FFFFFFFFFFFFFFFFFFFFFFFFFFFFFFFFFFFFFFFFFFFFFFFFFFFFFFFFFFFFFFFF58
:2028A000FFFFFFFFFFFFFFFFFFFFFFFFFFFFFFFFFFFFFFFFFFFFFFFFFFFFFFFFFFFFFFFF38
:2028C000FFFFFFFFFFFFFFFFFFFFFFFFFFFFFFFFFFFFFFFFFFFFFFFFFFFFFFFFFFFFFFFF18
:2028E000FFFFFFFFFFFFFFFFFFFFFFFFFFFFFFFFFFFFFFFFFFFFFFFFFFFFFFFFFFFFFFFFF8
:20290000FFFFFFFFFFFFFFFFFFFFFFFFFFFFFFFFFFFFFFFFFFFFFFFFFFFFFFFFFFFFFFFFD7
:20292000FFFFFFFFFFFFFFFFFFFFFFFFFFFFFFFFFFFFFFFFFFFFFFFFFFFFFFFFFFFFFFFFB7
:20294000FFFFFFFFFFFFFFFFFFFFFFFFFFFFFFFFFFFFFFFFFFFFFFFFFFFFFFFFFFFFFFFF97
:20296000FFFFFFFFFFFFFFFFFFFFFFFFFFFFFFFFFFFFFFFFFFFFFFFFFFFFFFFFFFFFFFFF77
:20298000FFFFFFFFFFFFFFFFFFFFFFFFFFFFFFFFFFFFFFFFFFFFFFFFFFFFFFFFFFFFFFFF57
:2029A000FFFFFFFFFFFFFFFFFFFFFFFFFFFFFFFFFFFFFFFFFFFFFFFFFFFFFFFFFFFFFFFF37
:2029C000FFFFFFFFFFFFFFFFFFFFFFFFFFFFFFFFFFFFFFFFFFFFFFFFFFFFFFFFFFFFFFFF17
:2029E000FFFFFFFFFFFFFFFFFFFFFFFFFFFFFFFFFFFFFFFFFFFFFFFFFFFFFFFFFFFFFFFFF7
:202A0000FFFFFFFFFFFFFFFFFFFFFFFFFFFFFFFFFFFFFFFFFFFFFFFFFFFFFFFFFFFFFFFFD6
:202A2000FFFFFFFFFFFFFFFFFFFFFFFFFFFFFFFFFFFFFFFFFFFFFFFFFFFFFFFFFFFFFFFFB6
:202A4000FFFFFFFFFFFFFFFFFFFFFFFFFFFFFFFFFFFFFFFFFFFFFFFFFFFFFFFFFFFFFFFF96
:202A6000FFFFFFFFFFFFFFFFFFFFFFFFFFFFFFFFFFFFFFFFFFFFFFFFFFFFFFFFFFFFFFFF76
:202A8000FFFFFFFFFFFFFFFFFFFFFFFFFFFFFFFFFFFFFFFFFFFFFFFFFFFFFFFFFFFFFFFF56
:202AA000FFFFFFFFFFFFFFFFFFFFFFFFFFFFFFFFFFFFFFFFFFFFFFFFFFFFFFFFFFFFFFFF36
:202AC000FFFFFFFFFFFFFFFFFFFFFFFFFFFFFFFFFFFFFFFFFFFFFFFFFFFFFFFFFFFFFFFF16
:202AE000FFFFFFFFFFFFFFFFFFFFFFFFFFFFFFFFFFFFFFFFFFFFFFFFFFFFFFFFFFFFFFFFF6
:202B0000FFFFFFFFFFFFFFFFFFFFFFFFFFFFFFFFFFFFFFFFFFFFFFFFFFFFFFFFFFFFFFFFD5
:202B2000FFFFFFFFFFFFFFFFFFFFFFFFFFFFFFFFFFFFFFFFFFFFFFFFFFFFFFFFFFFFFFFFB5
:202B4000FFFFFFFFFFFFFFFFFFFFFFFFFFFFFFFFFFFFFFFFFFFFFFFFFFFFFFFFFFFFFFFF95
:202B6000FFFFFFFFFFFFFFFFFFFFFFFFFFFFFFFFFFFFFFFFFFFFFFFFFFFFFFFFFFFFFFFF75
:202B8000FFFFFFFFFFFFFFFFFFFFFFFFFFFFFFFFFFFFFFFFFFFFFFFFFFFFFFFFFFFFFFFF55
:202BA000FFFFFFFFFFFFFFFFFFFFFFFFFFFFFFFFFFFFFFFFFFFFFFFFFFFFFFFFFFFFFFFF35
:202BC000FFFFFFFFFFFFFFFFFFFFFFFFFFFFFFFFFFFFFFFFFFFFFFFFFFFFFFFFFFFFFFFF15
:202BE000FFFFFFFFFFFFFFFFFFFFFFFFFFFFFFFFFFFFFFFFFFFFFFFFFFFFFFFFFFFFFFFFF5
:202C0000FFFFFFFFFFFFFFFFFFFFFFFFFFFFFFFFFFFFFFFFFFFFFFFFFFFFFFFFFFFFFFFFD4
:202C2000FFFFFFFFFFFFFFFFFFFFFFFFFFFFFFFFFFFFFFFFFFFFFFFFFFFFFFFFFFFFFFFFB4
:202C4000FFFFFFFFFFFFFFFFFFFFFFFFFFFFFFFFFFFFFFFFFFFFFFFFFFFFFFFFFFFFFFFF94
:202C6000FFFFFFFFFFFFFFFFFFFFFFFFFFFFFFFFFFFFFFFFFFFFFFFFFFFFFFFFFFFFFFFF74
:202C8000FFFFFFFFFFFFFFFFFFFFFFFFFFFFFFFFFFFFFFFFFFFFFFFFFFFFFFFFFFFFFFFF54
:202CA000FFFFFFFFFFFFFFFFFFFFFFFFFFFFFFFFFFFFFFFFFFFFFFFFFFFFFFFFFFFFFFFF34
:202CC000FFFFFFFFFFFFFFFFFFFFFFFFFFFFFFFFFFFFFFFFFFFFFFFFFFFFFFFFFFFFFFFF14
:202CE000FFFFFFFFFFFFFFFFFFFFFFFFFFFFFFFFFFFFFFFFFFFFFFFFFFFFFFFFFFFFFFFFF4
:202D0000FFFFFFFFFFFFFFFFFFFFFFFFFFFFFFFFFFFFFFFFFFFFFFFFFFFFFFFFFFFFFFFFD3
:202D2000FFFFFFFFFFFFFFFFFFFFFFFFFFFFFFFFFFFFFFFFFFFFFFFFFFFFFFFFFFFFFFFFB3
:202D4000FFFFFFFFFFFFFFFFFFFFFFFFFFFFFFFFFFFFFFFFFFFFFFFFFFFFFFFFFFFFFFFF93
:202D6000FFFFFFFFFFFFFFFFFFFFFFFFFFFFFFFFFFFFFFFFFFFFFFFFFFFFFFFFFFFFFFFF73
:202D8000FFFFFFFFFFFFFFFFFFFFFFFFFFFFFFFFFFFFFFFFFFFFFFFFFFFFFFFFFFFFFFFF53
:202DA000FFFFFFFFFFFFFFFFFFFFFFFFFFFFFFFFFFFFFFFFFFFFFFFFFFFFFFFFFFFFFFFF33
:202DC000FFFFFFFFFFFFFFFFFFFFFFFFFFFFFFFFFFFFFFFFFFFFFFFFFFFFFFFFFFFFFFFF13
:202DE000FFFFFFFFFFFFFFFFFFFFFFFFFFFFFFFFFFFFFFFFFFFFFFFFFFFFFFFFFFFFFFFFF3
:202E0000FFFFFFFFFFFFFFFFFFFFFFFFFFFFFFFFFFFFFFFFFFFFFFFFFFFFFFFFFFFFFFFFD2
:202E2000FFFFFFFFFFFFFFFFFFFFFFFFFFFFFFFFFFFFFFFFFFFFFFFFFFFFFFFFFFFFFFFFB2
:202E4000FFFFFFFFFFFFFFFFFFFFFFFFFFFFFFFFFFFFFFFFFFFFFFFFFFFFFFFFFFFFFFFF92
:202E6000FFFFFFFFFFFFFFFFFFFFFFFFFFFFFFFFFFFFFFFFFFFFFFFFFFFFFFFFFFFFFFFF72
:202E8000FFFFFFFFFFFFFFFFFFFFFFFFFFFFFFFFFFFFFFFFFFFFFFFFFFFFFFFFFFFFFFFF52
:202EA000FFFFFFFFFFFFFFFFFFFFFFFFFFFFFFFFFFFFFFFFFFFFFFFFFFFFFFFFFFFFFFFF32
:202EC000FFFFFFFFFFFFFFFFFFFFFFFFFFFFFFFFFFFFFFFFFFFFFFFFFFFFFFFFFFFFFFFF12
:202EE000FFFFFFFFFFFFFFFFFFFFFFFFFFFFFFFFFFFFFFFFFFFFFFFFFFFFFFFFFFFFFFFFF2
:202F0000FFFFFFFFFFFFFFFFFFFFFFFFFFFFFFFFFFFFFFFFFFFFFFFFFFFFFFFFFFFFFFFFD1
:202F2000FFFFFFFFFFFFFFFFFFFFFFFFFFFFFFFFFFFFFFFFFFFFFFFFFFFFFFFFFFFFFFFFB1
:202F4000FFFFFFFFFFFFFFFFFFFFFFFFFFFFFFFFFFFFFFFFFFFFFFFFFFFFFFFFFFFFFFFF91
:202F6000FFFFFFFFFFFFFFFFFFFFFFFFFFFFFFFFFFFFFFFFFFFFFFFFFFFFFFFFFFFFFFFF71
:202F8000FFFFFFFFFFFFFFFFFFFFFFFFFFFFFFFFFFFFFFFFFFFFFFFFFFFFFFFFFFFFFFFF51
:202FA000FFFFFFFFFFFFFFFFFFFFFFFFFFFFFFFFFFFFFFFFFFFFFFFFFFFFFFFFFFFFFFFF31
:202FC000FFFFFFFFFFFFFFFFFFFFFFFFFFFFFFFFFFFFFFFFFFFFFFFFFFFFFFFFFFFFFFFF11
:202FE000FFFFFFFFFFFFFFFFFFFFFFFFFFFFFFFFFFFFFFFFFFFFFFFFFFFFFFFFFFFFFFFFF1
:20300000FFFFFFFFFFFFFFFFFFFFFFFFFFFFFFFFFFFFFFFFFFFFFFFFFFFFFFFFFFFFFFFFD0
:20302000FFFFFFFFFFFFFFFFFFFFFFFFFFFFFFFFFFFFFFFFFFFFFFFFFFFFFFFFFFFFFFFFB0
:20304000FFFFFFFFFFFFFFFFFFFFFFFFFFFFFFFFFFFFFFFFFFFFFFFFFFFFFFFFFFFFFFFF90
:20306000FFFFFFFFFFFFFFFFFFFFFFFFFFFFFFFFFFFFFFFFFFFFFFFFFFFFFFFFFFFFFFFF70
:20308000FFFFFFFFFFFFFFFFFFFFFFFFFFFFFFFFFFFFFFFFFFFFFFFFFFFFFFFFFFFFFFFF50
:2030A000FFFFFFFFFFFFFFFFFFFFFFFFFFFFFFFFFFFFFFFFFFFFFFFFFFFFFFFFFFFFFFFF30
:2030C000FFFFFFFFFFFFFFFFFFFFFFFFFFFFFFFFFFFFFFFFFFFFFFFFFFFFFFFFFFFFFFFF10
:2030E000FFFFFFFFFFFFFFFFFFFFFFFFFFFFFFFFFFFFFFFFFFFFFFFFFFFFFFFFFFFFFFFFF0
:20310000FFFFFFFFFFFFFFFFFFFFFFFFFFFFFFFFFFFFFFFFFFFFFFFFFFFFFFFFFFFFFFFFCF
:20312000FFFFFFFFFFFFFFFFFFFFFFFFFFFFFFFFFFFFFFFFFFFFFFFFFFFFFFFFFFFFFFFFAF
:20314000FFFFFFFFFFFFFFFFFFFFFFFFFFFFFFFFFFFFFFFFFFFFFFFFFFFFFFFFFFFFFFFF8F
:20316000FFFFFFFFFFFFFFFFFFFFFFFFFFFFFFFFFFFFFFFFFFFFFFFFFFFFFFFFFFFFFFFF6F
:20318000FFFFFFFFFFFFFFFFFFFFFFFFFFFFFFFFFFFFFFFFFFFFFFFFFFFFFFFFFFFFFFFF4F
:2031A000FFFFFFFFFFFFFFFFFFFFFFFFFFFFFFFFFFFFFFFFFFFFFFFFFFFFFFFFFFFFFFFF2F
:2031C000FFFFFFFFFFFFFFFFFFFFFFFFFFFFFFFFFFFFFFFFFFFFFFFFFFFFFFFFFFFFFFFF0F
:2031E000FFFFFFFFFFFFFFFFFFFFFFFFFFFFFFFFFFFFFFFFFFFFFFFFFFFFFFFFFFFFFFFFEF
:20320000FFFFFFFFFFFFFFFFFFFFFFFFFFFFFFFFFFFFFFFFFFFFFFFFFFFFFFFFFFFFFFFFCE
:20322000FFFFFFFFFFFFFFFFFFFFFFFFFFFFFFFFFFFFFFFFFFFFFFFFFFFFFFFFFFFFFFFFAE
:20324000FFFFFFFFFFFFFFFFFFFFFFFFFFFFFFFFFFFFFFFFFFFFFFFFFFFFFFFFFFFFFFFF8E
:20326000FFFFFFFFFFFFFFFFFFFFFFFFFFFFFFFFFFFFFFFFFFFFFFFFFFFFFFFFFFFFFFFF6E
:20328000FFFFFFFFFFFFFFFFFFFFFFFFFFFFFFFFFFFFFFFFFFFFFFFFFFFFFFFFFFFFFFFF4E
:2032A000FFFFFFFFFFFFFFFFFFFFFFFFFFFFFFFFFFFFFFFFFFFFFFFFFFFFFFFFFFFFFFFF2E
:2032C000FFFFFFFFFFFFFFFFFFFFFFFFFFFFFFFFFFFFFFFFFFFFFFFFFFFFFFFFFFFFFFFF0E
:2032E000FFFFFFFFFFFFFFFFFFFFFFFFFFFFFFFFFFFFFFFFFFFFFFFFFFFFFFFFFFFFFFFFEE
:20330000FFFFFFFFFFFFFFFFFFFFFFFFFFFFFFFFFFFFFFFFFFFFFFFFFFFFFFFFFFFFFFFFCD
:20332000FFFFFFFFFFFFFFFFFFFFFFFFFFFFFFFFFFFFFFFFFFFFFFFFFFFFFFFFFFFFFFFFAD
:20334000FFFFFFFFFFFFFFFFFFFFFFFFFFFFFFFFFFFFFFFFFFFFFFFFFFFFFFFFFFFFFFFF8D
:20336000FFFFFFFFFFFFFFFFFFFFFFFFFFFFFFFFFFFFFFFFFFFFFFFFFFFFFFFFFFFFFFFF6D
:20338000FFFFFFFFFFFFFFFFFFFFFFFFFFFFFFFFFFFFFFFFFFFFFFFFFFFFFFFFFFFFFFFF4D
:2033A000FFFFFFFFFFFFFFFFFFFFFFFFFFFFFFFFFFFFFFFFFFFFFFFFFFFFFFFFFFFFFFFF2D
:2033C000FFFFFFFFFFFFFFFFFFFFFFFFFFFFFFFFFFFFFFFFFFFFFFFFFFFFFFFFFFFFFFFF0D
:2033E000FFFFFFFFFFFFFFFFFFFFFFFFFFFFFFFFFFFFFFFFFFFFFFFFFFFFFFFFFFFFFFFFED
:20340000FFFFFFFFFFFFFFFFFFFFFFFFFFFFFFFFFFFFFFFFFFFFFFFFFFFFFFFFFFFFFFFFCC
:20342000FFFFFFFFFFFFFFFFFFFFFFFFFFFFFFFFFFFFFFFFFFFFFFFFFFFFFFFFFFFFFFFFAC
:20344000FFFFFFFFFFFFFFFFFFFFFFFFFFFFFFFFFFFFFFFFFFFFFFFFFFFFFFFFFFFFFFFF8C
:20346000FFFFFFFFFFFFFFFFFFFFFFFFFFFFFFFFFFFFFFFFFFFFFFFFFFFFFFFFFFFFFFFF6C
:20348000FFFFFFFFFFFFFFFFFFFFFFFFFFFFFFFFFFFFFFFFFFFFFFFFFFFFFFFFFFFFFFFF4C
:2034A000FFFFFFFFFFFFFFFFFFFFFFFFFFFFFFFFFFFFFFFFFFFFFFFFFFFFFFFFFFFFFFFF2C
:2034C000FFFFFFFFFFFFFFFFFFFFFFFFFFFFFFFFFFFFFFFFFFFFFFFFFFFFFFFFFFFFFFFF0C
:2034E000FFFFFFFFFFFFFFFFFFFFFFFFFFFFFFFFFFFFFFFFFFFFFFFFFFFFFFFFFFFFFFFFEC
:20350000FFFFFFFFFFFFFFFFFFFFFFFFFFFFFFFFFFFFFFFFFFFFFFFFFFFFFFFFFFFFFFFFCB
:20352000FFFFFFFFFFFFFFFFFFFFFFFFFFFFFFFFFFFFFFFFFFFFFFFFFFFFFFFFFFFFFFFFAB
:20354000FFFFFFFFFFFFFFFFFFFFFFFFFFFFFFFFFFFFFFFFFFFFFFFFFFFFFFFFFFFFFFFF8B
:20356000FFFFFFFFFFFFFFFFFFFFFFFFFFFFFFFFFFFFFFFFFFFFFFFFFFFFFFFFFFFFFFFF6B
:20358000FFFFFFFFFFFFFFFFFFFFFFFFFFFFFFFFFFFFFFFFFFFFFFFFFFFFFFFFFFFFFFFF4B
:2035A000FFFFFFFFFFFFFFFFFFFFFFFFFFFFFFFFFFFFFFFFFFFFFFFFFFFFFFFFFFFFFFFF2B
:2035C000FFFFFFFFFFFFFFFFFFFFFFFFFFFFFFFFFFFFFFFFFFFFFFFFFFFFFFFFFFFFFFFF0B
:2035E000FFFFFFFFFFFFFFFFFFFFFFFFFFFFFFFFFFFFFFFFFFFFFFFFFFFFFFFFFFFFFFFFEB
:20360000FFFFFFFFFFFFFFFFFFFFFFFFFFFFFFFFFFFFFFFFFFFFFFFFFFFFFFFFFFFFFFFFCA
:20362000FFFFFFFFFFFFFFFFFFFFFFFFFFFFFFFFFFFFFFFFFFFFFFFFFFFFFFFFFFFFFFFFAA
:20364000FFFFFFFFFFFFFFFFFFFFFFFFFFFFFFFFFFFFFFFFFFFFFFFFFFFFFFFFFFFFFFFF8A
:20366000FFFFFFFFFFFFFFFFFFFFFFFFFFFFFFFFFFFFFFFFFFFFFFFFFFFFFFFFFFFFFFFF6A
:20368000FFFFFFFFFFFFFFFFFFFFFFFFFFFFFFFFFFFFFFFFFFFFFFFFFFFFFFFFFFFFFFFF4A
:2036A000FFFFFFFFFFFFFFFFFFFFFFFFFFFFFFFFFFFFFFFFFFFFFFFFFFFFFFFFFFFFFFFF2A
:2036C000FFFFFFFFFFFFFFFFFFFFFFFFFFFFFFFFFFFFFFFFFFFFFFFFFFFFFFFFFFFFFFFF0A
:2036E000FFFFFFFFFFFFFFFFFFFFFFFFFFFFFFFFFFFFFFFFFFFFFFFFFFFFFFFFFFFFFFFFEA
:20370000FFFFFFFFFFFFFFFFFFFFFFFFFFFFFFFFFFFFFFFFFFFFFFFFFFFFFFFFFFFFFFFFC9
:20372000FFFFFFFFFFFFFFFFFFFFFFFFFFFFFFFFFFFFFFFFFFFFFFFFFFFFFFFFFFFFFFFFA9
:20374000FFFFFFFFFFFFFFFFFFFFFFFFFFFFFFFFFFFFFFFFFFFFFFFFFFFFFFFFFFFFFFFF89
:20376000FFFFFFFFFFFFFFFFFFFFFFFFFFFFFFFFFFFFFFFFFFFFFFFFFFFFFFFFFFFFFFFF69
:20378000FFFFFFFFFFFFFFFFFFFFFFFFFFFFFFFFFFFFFFFFFFFFFFFFFFFFFFFFFFFFFFFF49
:2037A000FFFFFFFFFFFFFFFFFFFFFFFFFFFFFFFFFFFFFFFFFFFFFFFFFFFFFFFFFFFFFFFF29
:2037C000FFFFFFFFFFFFFFFFFFFFFFFFFFFFFFFFFFFFFFFFFFFFFFFFFFFFFFFFFFFFFFFF09
:2037E000FFFFFFFFFFFFFFFFFFFFFFFFFFFFFFFFFFFFFFFFFFFFFFFFFFFFFFFFFFFFFFFFE9
:20380000FFFFFFFFFFFFFFFFFFFFFFFFFFFFFFFFFFFFFFFFFFFFFFFFFFFFFFFFFFFFFFFFC8
:20382000FFFFFFFFFFFFFFFFFFFFFFFFFFFFFFFFFFFFFFFFFFFFFFFFFFFFFFFFFFFFFFFFA8
:20384000FFFFFFFFFFFFFFFFFFFFFFFFFFFFFFFFFFFFFFFFFFFFFFFFFFFFFFFFFFFFFFFF88
:20386000FFFFFFFFFFFFFFFFFFFFFFFFFFFFFFFFFFFFFFFFFFFFFFFFFFFFFFFFFFFFFFFF68
:20388000FFFFFFFFFFFFFFFFFFFFFFFFFFFFFFFFFFFFFFFFFFFFFFFFFFFFFFFFFFFFFFFF48
:2038A000FFFFFFFFFFFFFFFFFFFFFFFFFFFFFFFFFFFFFFFFFFFFFFFFFFFFFFFFFFFFFFFF28
:2038C000FFFFFFFFFFFFFFFFFFFFFFFFFFFFFFFFFFFFFFFFFFFFFFFFFFFFFFFFFFFFFFFF08
:2038E000FFFFFFFFFFFFFFFFFFFFFFFFFFFFFFFFFFFFFFFFFFFFFFFFFFFFFFFFFFFFFFFFE8
:20390000FFFFFFFFFFFFFFFFFFFFFFFFFFFFFFFFFFFFFFFFFFFFFFFFFFFFFFFFFFFFFFFFC7
:20392000FFFFFFFFFFFFFFFFFFFFFFFFFFFFFFFFFFFFFFFFFFFFFFFFFFFFFFFFFFFFFFFFA7
:20394000FFFFFFFFFFFFFFFFFFFFFFFFFFFFFFFFFFFFFFFFFFFFFFFFFFFFFFFFFFFFFFFF87
:20396000FFFFFFFFFFFFFFFFFFFFFFFFFFFFFFFFFFFFFFFFFFFFFFFFFFFFFFFFFFFFFFFF67
:20398000FFFFFFFFFFFFFFFFFFFFFFFFFFFFFFFFFFFFFFFFFFFFFFFFFFFFFFFFFFFFFFFF47
:2039A000FFFFFFFFFFFFFFFFFFFFFFFFFFFFFFFFFFFFFFFFFFFFFFFFFFFFFFFFFFFFFFFF27
:2039C000FFFFFFFFFFFFFFFFFFFFFFFFFFFFFFFFFFFFFFFFFFFFFFFFFFFFFFFFFFFFFFFF07
:2039E000FFFFFFFFFFFFFFFFFFFFFFFFFFFFFFFFFFFFFFFFFFFFFFFFFFFFFFFFFFFFFFFFE7
:203A0000FFFFFFFFFFFFFFFFFFFFFFFFFFFFFFFFFFFFFFFFFFFFFFFFFFFFFFFFFFFFFFFFC6
:203A2000FFFFFFFFFFFFFFFFFFFFFFFFFFFFFFFFFFFFFFFFFFFFFFFFFFFFFFFFFFFFFFFFA6
:203A4000FFFFFFFFFFFFFFFFFFFFFFFFFFFFFFFFFFFFFFFFFFFFFFFFFFFFFFFFFFFFFFFF86
:203A6000FFFFFFFFFFFFFFFFFFFFFFFFFFFFFFFFFFFFFFFFFFFFFFFFFFFFFFFFFFFFFFFF66
:203A8000FFFFFFFFFFFFFFFFFFFFFFFFFFFFFFFFFFFFFFFFFFFFFFFFFFFFFFFFFFFFFFFF46
:203AA000FFFFFFFFFFFFFFFFFFFFFFFFFFFFFFFFFFFFFFFFFFFFFFFFFFFFFFFFFFFFFFFF26
:203AC000FFFFFFFFFFFFFFFFFFFFFFFFFFFFFFFFFFFFFFFFFFFFFFFFFFFFFFFFFFFFFFFF06
:203AE000FFFFFFFFFFFFFFFFFFFFFFFFFFFFFFFFFFFFFFFFFFFFFFFFFFFFFFFFFFFFFFFFE6
:203B0000FFFFFFFFFFFFFFFFFFFFFFFFFFFFFFFFFFFFFFFFFFFFFFFFFFFFFFFFFFFFFFFFC5
:203B2000FFFFFFFFFFFFFFFFFFFFFFFFFFFFFFFFFFFFFFFFFFFFFFFFFFFFFFFFFFFFFFFFA5
:203B4000FFFFFFFFFFFFFFFFFFFFFFFFFFFFFFFFFFFFFFFFFFFFFFFFFFFFFFFFFFFFFFFF85
:203B6000FFFFFFFFFFFFFFFFFFFFFFFFFFFFFFFFFFFFFFFFFFFFFFFFFFFFFFFFFFFFFFFF65
:203B8000FFFFFFFFFFFFFFFFFFFFFFFFFFFFFFFFFFFFFFFFFFFFFFFFFFFFFFFFFFFFFFFF45
:203BA000FFFFFFFFFFFFFFFFFFFFFFFFFFFFFFFFFFFFFFFFFFFFFFFFFFFFFFFFFFFFFFFF25
:203BC000FFFFFFFFFFFFFFFFFFFFFFFFFFFFFFFFFFFFFFFFFFFFFFFFFFFFFFFFFFFFFFFF05
:203BE000FFFFFFFFFFFFFFFFFFFFFFFFFFFFFFFFFFFFFFFFFFFFFFFFFFFFFFFFFFFFFFFFE5
:203C0000FFFFFFFFFFFFFFFFFFFFFFFFFFFFFFFFFFFFFFFFFFFFFFFFFFFFFFFFFFFFFFFFC4
:203C2000FFFFFFFFFFFFFFFFFFFFFFFFFFFFFFFFFFFFFFFFFFFFFFFFFFFFFFFFFFFFFFFFA4
:203C4000FFFFFFFFFFFFFFFFFFFFFFFFFFFFFFFFFFFFFFFFFFFFFFFFFFFFFFFFFFFFFFFF84
:203C6000FFFFFFFFFFFFFFFFFFFFFFFFFFFFFFFFFFFFFFFFFFFFFFFFFFFFFFFFFFFFFFFF64
:203C8000FFFFFFFFFFFFFFFFFFFFFFFFFFFFFFFFFFFFFFFFFFFFFFFFFFFFFFFFFFFFFFFF44
:203CA000FFFFFFFFFFFFFFFFFFFFFFFFFFFFFFFFFFFFFFFFFFFFFFFFFFFFFFFFFFFFFFFF24
:203CC000FFFFFFFFFFFFFFFFFFFFFFFFFFFFFFFFFFFFFFFFFFFFFFFFFFFFFFFFFFFFFFFF04
:203CE000FFFFFFFFFFFFFFFFFFFFFFFFFFFFFFFFFFFFFFFFFFFFFFFFFFFFFFFFFFFFFFFFE4
:203D0000FFFFFFFFFFFFFFFFFFFFFFFFFFFFFFFFFFFFFFFFFFFFFFFFFFFFFFFFFFFFFFFFC3
:203D2000FFFFFFFFFFFFFFFFFFFFFFFFFFFFFFFFFFFFFFFFFFFFFFFFFFFFFFFFFFFFFFFFA3
:203D4000FFFFFFFFFFFFFFFFFFFFFFFFFFFFFFFFFFFFFFFFFFFFFFFFFFFFFFFFFFFFFFFF83
:203D6000FFFFFFFFFFFFFFFFFFFFFFFFFFFFFFFFFFFFFFFFFFFFFFFFFFFFFFFFFFFFFFFF63
:203D8000FFFFFFFFFFFFFFFFFFFFFFFFFFFFFFFFFFFFFFFFFFFFFFFFFFFFFFFFFFFFFFFF43
:203DA000FFFFFFFFFFFFFFFFFFFFFFFFFFFFFFFFFFFFFFFFFFFFFFFFFFFFFFFFFFFFFFFF23
:203DC000FFFFFFFFFFFFFFFFFFFFFFFFFFFFFFFFFFFFFFFFFFFFFFFFFFFFFFFFFFFFFFFF03
:203DE000FFFFFFFFFFFFFFFFFFFFFFFFFFFFFFFFFFFFFFFFFFFFFFFFFFFFFFFFFFFFFFFFE3
:203E0000FFFFFFFFFFFFFFFFFFFFFFFFFFFFFFFFFFFFFFFFFFFFFFFFFFFFFFFFFFFFFFFFC2
:203E2000FFFFFFFFFFFFFFFFFFFFFFFFFFFFFFFFFFFFFFFFFFFFFFFFFFFFFFFFFFFFFFFFA2
:203E4000FFFFFFFFFFFFFFFFFFFFFFFFFFFFFFFFFFFFFFFFFFFFFFFFFFFFFFFFFFFFFFFF82
:203E6000FFFFFFFFFFFFFFFFFFFFFFFFFFFFFFFFFFFFFFFFFFFFFFFFFFFFFFFFFFFFFFFF62
:203E8000FFFFFFFFFFFFFFFFFFFFFFFFFFFFFFFFFFFFFFFFFFFFFFFFFFFFFFFFFFFFFFFF42
:203EA000FFFFFFFFFFFFFFFFFFFFFFFFFFFFFFFFFFFFFFFFFFFFFFFFFFFFFFFFFFFFFFFF22
:203EC000FFFFFFFFFFFFFFFFFFFFFFFFFFFFFFFFFFFFFFFFFFFFFFFFFFFFFFFFFFFFFFFF02
:203EE000FFFFFFFFFFFFFFFFFFFFFFFFFFFFFFFFFFFFFFFFFFFFFFFFFFFFFFFFFFFFFFFFE2
:203F0000FFFFFFFFFFFFFFFFFFFFFFFFFFFFFFFFFFFFFFFFFFFFFFFFFFFFFFFFFFFFFFFFC1
:203F2000FFFFFFFFFFFFFFFFFFFFFFFFFFFFFFFFFFFFFFFFFFFFFFFFFFFFFFFFFFFFFFFFA1
:203F4000FFFFFFFFFFFFFFFFFFFFFFFFFFFFFFFFFFFFFFFFFFFFFFFFFFFFFFFFFFFFFFFF81
:203F6000FFFFFFFFFFFFFFFFFFFFFFFFFFFFFFFFFFFFFFFFFFFFFFFFFFFFFFFFFFFFFFFF61
:203F8000FFFFFFFFFFFFFFFFFFFFFFFFFFFFFFFFFFFFFFFFFFFFFFFFFFFFFFFFFFFFFFFF41
:203FA000FFFFFFFFFFFFFFFFFFFFFFFFFFFFFFFFFFFFFFFFFFFFFFFFFFFFFFFFFFFFFFFF21
:203FC000FFFFFFFFFFFFFFFFFFFFFFFFFFFFFFFFFFFFFFFFFFFFFFFFFFFFFFFFFFFFFFFF01
:203FE000FFFFFFFFFFFFFFFFFFFFFFFFFFFFFFFFFFFFFFFFFFFFFFFFFFFFFFFFFFFFFFFFE1
:20400000FFFFFFFFFFFFFFFFFFFFFFFFFFFFFFFFFFFFFFFFFFFFFFFFFFFFFFFFFFFFFFFFC0
:20402000FFFFFFFFFFFFFFFFFFFFFFFFFFFFFFFFFFFFFFFFFFFFFFFFFFFFFFFFFFFFFFFFA0
:20404000FFFFFFFFFFFFFFFFFFFFFFFFFFFFFFFFFFFFFFFFFFFFFFFFFFFFFFFFFFFFFFFF80
:20406000FFFFFFFFFFFFFFFFFFFFFFFFFFFFFFFFFFFFFFFFFFFFFFFFFFFFFFFFFFFFFFFF60
:20408000FFFFFFFFFFFFFFFFFFFFFFFFFFFFFFFFFFFFFFFFFFFFFFFFFFFFFFFFFFFFFFFF40
:2040A000FFFFFFFFFFFFFFFFFFFFFFFFFFFFFFFFFFFFFFFFFFFFFFFFFFFFFFFFFFFFFFFF20
:2040C000FFFFFFFFFFFFFFFFFFFFFFFFFFFFFFFFFFFFFFFFFFFFFFFFFFFFFFFFFFFFFFFF00
:2040E000FFFFFFFFFFFFFFFFFFFFFFFFFFFFFFFFFFFFFFFFFFFFFFFFFFFFFFFFFFFFFFFFE0
:20410000FFFFFFFFFFFFFFFFFFFFFFFFFFFFFFFFFFFFFFFFFFFFFFFFFFFFFFFFFFFFFFFFBF
:20412000FFFFFFFFFFFFFFFFFFFFFFFFFFFFFFFFFFFFFFFFFFFFFFFFFFFFFFFFFFFFFFFF9F
:20414000FFFFFFFFFFFFFFFFFFFFFFFFFFFFFFFFFFFFFFFFFFFFFFFFFFFFFFFFFFFFFFFF7F
:20416000FFFFFFFFFFFFFFFFFFFFFFFFFFFFFFFFFFFFFFFFFFFFFFFFFFFFFFFFFFFFFFFF5F
:20418000FFFFFFFFFFFFFFFFFFFFFFFFFFFFFFFFFFFFFFFFFFFFFFFFFFFFFFFFFFFFFFFF3F
:2041A000FFFFFFFFFFFFFFFFFFFFFFFFFFFFFFFFFFFFFFFFFFFFFFFFFFFFFFFFFFFFFFFF1F
:2041C000FFFFFFFFFFFFFFFFFFFFFFFFFFFFFFFFFFFFFFFFFFFFFFFFFFFFFFFFFFFFFFFFFF
:2041E000FFFFFFFFFFFFFFFFFFFFFFFFFFFFFFFFFFFFFFFFFFFFFFFFFFFFFFFFFFFFFFFFDF
:20420000FFFFFFFFFFFFFFFFFFFFFFFFFFFFFFFFFFFFFFFFFFFFFFFFFFFFFFFFFFFFFFFFBE
:20422000FFFFFFFFFFFFFFFFFFFFFFFFFFFFFFFFFFFFFFFFFFFFFFFFFFFFFFFFFFFFFFFF9E
:20424000FFFFFFFFFFFFFFFFFFFFFFFFFFFFFFFFFFFFFFFFFFFFFFFFFFFFFFFFFFFFFFFF7E
:20426000FFFFFFFFFFFFFFFFFFFFFFFFFFFFFFFFFFFFFFFFFFFFFFFFFFFFFFFFFFFFFFFF5E
:20428000FFFFFFFFFFFFFFFFFFFFFFFFFFFFFFFFFFFFFFFFFFFFFFFFFFFFFFFFFFFFFFFF3E
:2042A000FFFFFFFFFFFFFFFFFFFFFFFFFFFFFFFFFFFFFFFFFFFFFFFFFFFFFFFFFFFFFFFF1E
:2042C000FFFFFFFFFFFFFFFFFFFFFFFFFFFFFFFFFFFFFFFFFFFFFFFFFFFFFFFFFFFFFFFFFE
:2042E000FFFFFFFFFFFFFFFFFFFFFFFFFFFFFFFFFFFFFFFFFFFFFFFFFFFFFFFFFFFFFFFFDE
:20430000FFFFFFFFFFFFFFFFFFFFFFFFFFFFFFFFFFFFFFFFFFFFFFFFFFFFFFFFFFFFFFFFBD
:20432000FFFFFFFFFFFFFFFFFFFFFFFFFFFFFFFFFFFFFFFFFFFFFFFFFFFFFFFFFFFFFFFF9D
:20434000FFFFFFFFFFFFFFFFFFFFFFFFFFFFFFFFFFFFFFFFFFFFFFFFFFFFFFFFFFFFFFFF7D
:20436000FFFFFFFFFFFFFFFFFFFFFFFFFFFFFFFFFFFFFFFFFFFFFFFFFFFFFFFFFFFFFFFF5D
:20438000FFFFFFFFFFFFFFFFFFFFFFFFFFFFFFFFFFFFFFFFFFFFFFFFFFFFFFFFFFFFFFFF3D
:2043A000FFFFFFFFFFFFFFFFFFFFFFFFFFFFFFFFFFFFFFFFFFFFFFFFFFFFFFFFFFFFFFFF1D
:2043C000FFFFFFFFFFFFFFFFFFFFFFFFFFFFFFFFFFFFFFFFFFFFFFFFFFFFFFFFFFFFFFFFFD
:2043E000FFFFFFFFFFFFFFFFFFFFFFFFFFFFFFFFFFFFFFFFFFFFFFFFFFFFFFFFFFFFFFFFDD
:20440000FFFFFFFFFFFFFFFFFFFFFFFFFFFFFFFFFFFFFFFFFFFFFFFFFFFFFFFFFFFFFFFFBC
:20442000FFFFFFFFFFFFFFFFFFFFFFFFFFFFFFFFFFFFFFFFFFFFFFFFFFFFFFFFFFFFFFFF9C
:20444000FFFFFFFFFFFFFFFFFFFFFFFFFFFFFFFFFFFFFFFFFFFFFFFFFFFFFFFFFFFFFFFF7C
:20446000FFFFFFFFFFFFFFFFFFFFFFFFFFFFFFFFFFFFFFFFFFFFFFFFFFFFFFFFFFFFFFFF5C
:20448000FFFFFFFFFFFFFFFFFFFFFFFFFFFFFFFFFFFFFFFFFFFFFFFFFFFFFFFFFFFFFFFF3C
:2044A000FFFFFFFFFFFFFFFFFFFFFFFFFFFFFFFFFFFFFFFFFFFFFFFFFFFFFFFFFFFFFFFF1C
:2044C000FFFFFFFFFFFFFFFFFFFFFFFFFFFFFFFFFFFFFFFFFFFFFFFFFFFFFFFFFFFFFFFFFC
:2044E000FFFFFFFFFFFFFFFFFFFFFFFFFFFFFFFFFFFFFFFFFFFFFFFFFFFFFFFFFFFFFFFFDC
:20450000FFFFFFFFFFFFFFFFFFFFFFFFFFFFFFFFFFFFFFFFFFFFFFFFFFFFFFFFFFFFFFFFBB
:20452000FFFFFFFFFFFFFFFFFFFFFFFFFFFFFFFFFFFFFFFFFFFFFFFFFFFFFFFFFFFFFFFF9B
:20454000FFFFFFFFFFFFFFFFFFFFFFFFFFFFFFFFFFFFFFFFFFFFFFFFFFFFFFFFFFFFFFFF7B
:20456000FFFFFFFFFFFFFFFFFFFFFFFFFFFFFFFFFFFFFFFFFFFFFFFFFFFFFFFFFFFFFFFF5B
:20458000FFFFFFFFFFFFFFFFFFFFFFFFFFFFFFFFFFFFFFFFFFFFFFFFFFFFFFFFFFFFFFFF3B
:2045A000FFFFFFFFFFFFFFFFFFFFFFFFFFFFFFFFFFFFFFFFFFFFFFFFFFFFFFFFFFFFFFFF1B
:2045C000FFFFFFFFFFFFFFFFFFFFFFFFFFFFFFFFFFFFFFFFFFFFFFFFFFFFFFFFFFFFFFFFFB
:2045E000FFFFFFFFFFFFFFFFFFFFFFFFFFFFFFFFFFFFFFFFFFFFFFFFFFFFFFFFFFFFFFFFDB
:20460000FFFFFFFFFFFFFFFFFFFFFFFFFFFFFFFFFFFFFFFFFFFFFFFFFFFFFFFFFFFFFFFFBA
:20462000FFFFFFFFFFFFFFFFFFFFFFFFFFFFFFFFFFFFFFFFFFFFFFFFFFFFFFFFFFFFFFFF9A
:20464000FFFFFFFFFFFFFFFFFFFFFFFFFFFFFFFFFFFFFFFFFFFFFFFFFFFFFFFFFFFFFFFF7A
:20466000FFFFFFFFFFFFFFFFFFFFFFFFFFFFFFFFFFFFFFFFFFFFFFFFFFFFFFFFFFFFFFFF5A
:20468000FFFFFFFFFFFFFFFFFFFFFFFFFFFFFFFFFFFFFFFFFFFFFFFFFFFFFFFFFFFFFFFF3A
:2046A000FFFFFFFFFFFFFFFFFFFFFFFFFFFFFFFFFFFFFFFFFFFFFFFFFFFFFFFFFFFFFFFF1A
:2046C000FFFFFFFFFFFFFFFFFFFFFFFFFFFFFFFFFFFFFFFFFFFFFFFFFFFFFFFFFFFFFFFFFA
:2046E000FFFFFFFFFFFFFFFFFFFFFFFFFFFFFFFFFFFFFFFFFFFFFFFFFFFFFFFFFFFFFFFFDA
:20470000FFFFFFFFFFFFFFFFFFFFFFFFFFFFFFFFFFFFFFFFFFFFFFFFFFFFFFFFFFFFFFFFB9
:20472000FFFFFFFFFFFFFFFFFFFFFFFFFFFFFFFFFFFFFFFFFFFFFFFFFFFFFFFFFFFFFFFF99
:20474000FFFFFFFFFFFFFFFFFFFFFFFFFFFFFFFFFFFFFFFFFFFFFFFFFFFFFFFFFFFFFFFF79
:20476000FFFFFFFFFFFFFFFFFFFFFFFFFFFFFFFFFFFFFFFFFFFFFFFFFFFFFFFFFFFFFFFF59
:20478000FFFFFFFFFFFFFFFFFFFFFFFFFFFFFFFFFFFFFFFFFFFFFFFFFFFFFFFFFFFFFFFF39
:2047A000FFFFFFFFFFFFFFFFFFFFFFFFFFFFFFFFFFFFFFFFFFFFFFFFFFFFFFFFFFFFFFFF19
:2047C000FFFFFFFFFFFFFFFFFFFFFFFFFFFFFFFFFFFFFFFFFFFFFFFFFFFFFFFFFFFFFFFFF9
:2047E000FFFFFFFFFFFFFFFFFFFFFFFFFFFFFFFFFFFFFFFFFFFFFFFFFFFFFFFFFFFFFFFFD9
:20480000FFFFFFFFFFFFFFFFFFFFFFFFFFFFFFFFFFFFFFFFFFFFFFFFFFFFFFFFFFFFFFFFB8
:20482000FFFFFFFFFFFFFFFFFFFFFFFFFFFFFFFFFFFFFFFFFFFFFFFFFFFFFFFFFFFFFFFF98
:20484000FFFFFFFFFFFFFFFFFFFFFFFFFFFFFFFFFFFFFFFFFFFFFFFFFFFFFFFFFFFFFFFF78
:20486000FFFFFFFFFFFFFFFFFFFFFFFFFFFFFFFFFFFFFFFFFFFFFFFFFFFFFFFFFFFFFFFF58
:20488000FFFFFFFFFFFFFFFFFFFFFFFFFFFFFFFFFFFFFFFFFFFFFFFFFFFFFFFFFFFFFFFF38
:2048A000FFFFFFFFFFFFFFFFFFFFFFFFFFFFFFFFFFFFFFFFFFFFFFFFFFFFFFFFFFFFFFFF18
:2048C000FFFFFFFFFFFFFFFFFFFFFFFFFFFFFFFFFFFFFFFFFFFFFFFFFFFFFFFFFFFFFFFFF8
:2048E000FFFFFFFFFFFFFFFFFFFFFFFFFFFFFFFFFFFFFFFFFFFFFFFFFFFFFFFFFFFFFFFFD8
:20490000FFFFFFFFFFFFFFFFFFFFFFFFFFFFFFFFFFFFFFFFFFFFFFFFFFFFFFFFFFFFFFFFB7
:20492000FFFFFFFFFFFFFFFFFFFFFFFFFFFFFFFFFFFFFFFFFFFFFFFFFFFFFFFFFFFFFFFF97
:20494000FFFFFFFFFFFFFFFFFFFFFFFFFFFFFFFFFFFFFFFFFFFFFFFFFFFFFFFFFFFFFFFF77
:20496000FFFFFFFFFFFFFFFFFFFFFFFFFFFFFFFFFFFFFFFFFFFFFFFFFFFFFFFFFFFFFFFF57
:20498000FFFFFFFFFFFFFFFFFFFFFFFFFFFFFFFFFFFFFFFFFFFFFFFFFFFFFFFFFFFFFFFF37
:2049A000FFFFFFFFFFFFFFFFFFFFFFFFFFFFFFFFFFFFFFFFFFFFFFFFFFFFFFFFFFFFFFFF17
:2049C000FFFFFFFFFFFFFFFFFFFFFFFFFFFFFFFFFFFFFFFFFFFFFFFFFFFFFFFFFFFFFFFFF7
:2049E000FFFFFFFFFFFFFFFFFFFFFFFFFFFFFFFFFFFFFFFFFFFFFFFFFFFFFFFFFFFFFFFFD7
:204A0000FFFFFFFFFFFFFFFFFFFFFFFFFFFFFFFFFFFFFFFFFFFFFFFFFFFFFFFFFFFFFFFFB6
:204A2000FFFFFFFFFFFFFFFFFFFFFFFFFFFFFFFFFFFFFFFFFFFFFFFFFFFFFFFFFFFFFFFF96
:204A4000FFFFFFFFFFFFFFFFFFFFFFFFFFFFFFFFFFFFFFFFFFFFFFFFFFFFFFFFFFFFFFFF76
:204A6000FFFFFFFFFFFFFFFFFFFFFFFFFFFFFFFFFFFFFFFFFFFFFFFFFFFFFFFFFFFFFFFF56
:204A8000FFFFFFFFFFFFFFFFFFFFFFFFFFFFFFFFFFFFFFFFFFFFFFFFFFFFFFFFFFFFFFFF36
:204AA000FFFFFFFFFFFFFFFFFFFFFFFFFFFFFFFFFFFFFFFFFFFFFFFFFFFFFFFFFFFFFFFF16
:204AC000FFFFFFFFFFFFFFFFFFFFFFFFFFFFFFFFFFFFFFFFFFFFFFFFFFFFFFFFFFFFFFFFF6
:204AE000FFFFFFFFFFFFFFFFFFFFFFFFFFFFFFFFFFFFFFFFFFFFFFFFFFFFFFFFFFFFFFFFD6
:204B0000FFFFFFFFFFFFFFFFFFFFFFFFFFFFFFFFFFFFFFFFFFFFFFFFFFFFFFFFFFFFFFFFB5
:204B2000FFFFFFFFFFFFFFFFFFFFFFFFFFFFFFFFFFFFFFFFFFFFFFFFFFFFFFFFFFFFFFFF95
:204B4000FFFFFFFFFFFFFFFFFFFFFFFFFFFFFFFFFFFFFFFFFFFFFFFFFFFFFFFFFFFFFFFF75
:204B6000FFFFFFFFFFFFFFFFFFFFFFFFFFFFFFFFFFFFFFFFFFFFFFFFFFFFFFFFFFFFFFFF55
:204B8000FFFFFFFFFFFFFFFFFFFFFFFFFFFFFFFFFFFFFFFFFFFFFFFFFFFFFFFFFFFFFFFF35
:204BA000FFFFFFFFFFFFFFFFFFFFFFFFFFFFFFFFFFFFFFFFFFFFFFFFFFFFFFFFFFFFFFFF15
:204BC000FFFFFFFFFFFFFFFFFFFFFFFFFFFFFFFFFFFFFFFFFFFFFFFFFFFFFFFFFFFFFFFFF5
:204BE000FFFFFFFFFFFFFFFFFFFFFFFFFFFFFFFFFFFFFFFFFFFFFFFFFFFFFFFFFFFFFFFFD5
:204C0000FFFFFFFFFFFFFFFFFFFFFFFFFFFFFFFFFFFFFFFFFFFFFFFFFFFFFFFFFFFFFFFFB4
:204C2000FFFFFFFFFFFFFFFFFFFFFFFFFFFFFFFFFFFFFFFFFFFFFFFFFFFFFFFFFFFFFFFF94
:204C4000FFFFFFFFFFFFFFFFFFFFFFFFFFFFFFFFFFFFFFFFFFFFFFFFFFFFFFFFFFFFFFFF74
:204C6000FFFFFFFFFFFFFFFFFFFFFFFFFFFFFFFFFFFFFFFFFFFFFFFFFFFFFFFFFFFFFFFF54
:204C8000FFFFFFFFFFFFFFFFFFFFFFFFFFFFFFFFFFFFFFFFFFFFFFFFFFFFFFFFFFFFFFFF34
:204CA000FFFFFFFFFFFFFFFFFFFFFFFFFFFFFFFFFFFFFFFFFFFFFFFFFFFFFFFFFFFFFFFF14
:204CC000FFFFFFFFFFFFFFFFFFFFFFFFFFFFFFFFFFFFFFFFFFFFFFFFFFFFFFFFFFFFFFFFF4
:204CE000FFFFFFFFFFFFFFFFFFFFFFFFFFFFFFFFFFFFFFFFFFFFFFFFFFFFFFFFFFFFFFFFD4
:204D0000FFFFFFFFFFFFFFFFFFFFFFFFFFFFFFFFFFFFFFFFFFFFFFFFFFFFFFFFFFFFFFFFB3
:204D2000FFFFFFFFFFFFFFFFFFFFFFFFFFFFFFFFFFFFFFFFFFFFFFFFFFFFFFFFFFFFFFFF93
:204D4000FFFFFFFFFFFFFFFFFFFFFFFFFFFFFFFFFFFFFFFFFFFFFFFFFFFFFFFFFFFFFFFF73
:204D6000FFFFFFFFFFFFFFFFFFFFFFFFFFFFFFFFFFFFFFFFFFFFFFFFFFFFFFFFFFFFFFFF53
:204D8000FFFFFFFFFFFFFFFFFFFFFFFFFFFFFFFFFFFFFFFFFFFFFFFFFFFFFFFFFFFFFFFF33
:204DA000FFFFFFFFFFFFFFFFFFFFFFFFFFFFFFFFFFFFFFFFFFFFFFFFFFFFFFFFFFFFFFFF13
:204DC000FFFFFFFFFFFFFFFFFFFFFFFFFFFFFFFFFFFFFFFFFFFFFFFFFFFFFFFFFFFFFFFFF3
:204DE000FFFFFFFFFFFFFFFFFFFFFFFFFFFFFFFFFFFFFFFFFFFFFFFFFFFFFFFFFFFFFFFFD3
:204E0000FFFFFFFFFFFFFFFFFFFFFFFFFFFFFFFFFFFFFFFFFFFFFFFFFFFFFFFFFFFFFFFFB2
:204E2000FFFFFFFFFFFFFFFFFFFFFFFFFFFFFFFFFFFFFFFFFFFFFFFFFFFFFFFFFFFFFFFF92
:204E4000FFFFFFFFFFFFFFFFFFFFFFFFFFFFFFFFFFFFFFFFFFFFFFFFFFFFFFFFFFFFFFFF72
:204E6000FFFFFFFFFFFFFFFFFFFFFFFFFFFFFFFFFFFFFFFFFFFFFFFFFFFFFFFFFFFFFFFF52
:204E8000FFFFFFFFFFFFFFFFFFFFFFFFFFFFFFFFFFFFFFFFFFFFFFFFFFFFFFFFFFFFFFFF32
:204EA000FFFFFFFFFFFFFFFFFFFFFFFFFFFFFFFFFFFFFFFFFFFFFFFFFFFFFFFFFFFFFFFF12
:204EC000FFFFFFFFFFFFFFFFFFFFFFFFFFFFFFFFFFFFFFFFFFFFFFFFFFFFFFFFFFFFFFFFF2
:204EE000FFFFFFFFFFFFFFFFFFFFFFFFFFFFFFFFFFFFFFFFFFFFFFFFFFFFFFFFFFFFFFFFD2
:204F0000FFFFFFFFFFFFFFFFFFFFFFFFFFFFFFFFFFFFFFFFFFFFFFFFFFFFFFFFFFFFFFFFB1
:204F2000FFFFFFFFFFFFFFFFFFFFFFFFFFFFFFFFFFFFFFFFFFFFFFFFFFFFFFFFFFFFFFFF91
:204F4000FFFFFFFFFFFFFFFFFFFFFFFFFFFFFFFFFFFFFFFFFFFFFFFFFFFFFFFFFFFFFFFF71
:204F6000FFFFFFFFFFFFFFFFFFFFFFFFFFFFFFFFFFFFFFFFFFFFFFFFFFFFFFFFFFFFFFFF51
:204F8000FFFFFFFFFFFFFFFFFFFFFFFFFFFFFFFFFFFFFFFFFFFFFFFFFFFFFFFFFFFFFFFF31
:204FA000FFFFFFFFFFFFFFFFFFFFFFFFFFFFFFFFFFFFFFFFFFFFFFFFFFFFFFFFFFFFFFFF11
:204FC000FFFFFFFFFFFFFFFFFFFFFFFFFFFFFFFFFFFFFFFFFFFFFFFFFFFFFFFFFFFFFFFFF1
:204FE000FFFFFFFFFFFFFFFFFFFFFFFFFFFFFFFFFFFFFFFFFFFFFFFFFFFFFFFFFFFFFFFFD1
:20500000FFFFFFFFFFFFFFFFFFFFFFFFFFFFFFFFFFFFFFFFFFFFFFFFFFFFFFFFFFFFFFFFB0
:20502000FFFFFFFFFFFFFFFFFFFFFFFFFFFFFFFFFFFFFFFFFFFFFFFFFFFFFFFFFFFFFFFF90
:20504000FFFFFFFFFFFFFFFFFFFFFFFFFFFFFFFFFFFFFFFFFFFFFFFFFFFFFFFFFFFFFFFF70
:20506000FFFFFFFFFFFFFFFFFFFFFFFFFFFFFFFFFFFFFFFFFFFFFFFFFFFFFFFFFFFFFFFF50
:20508000FFFFFFFFFFFFFFFFFFFFFFFFFFFFFFFFFFFFFFFFFFFFFFFFFFFFFFFFFFFFFFFF30
:2050A000FFFFFFFFFFFFFFFFFFFFFFFFFFFFFFFFFFFFFFFFFFFFFFFFFFFFFFFFFFFFFFFF10
:2050C000FFFFFFFFFFFFFFFFFFFFFFFFFFFFFFFFFFFFFFFFFFFFFFFFFFFFFFFFFFFFFFFFF0
:2050E000FFFFFFFFFFFFFFFFFFFFFFFFFFFFFFFFFFFFFFFFFFFFFFFFFFFFFFFFFFFFFFFFD0
:20510000FFFFFFFFFFFFFFFFFFFFFFFFFFFFFFFFFFFFFFFFFFFFFFFFFFFFFFFFFFFFFFFFAF
:20512000FFFFFFFFFFFFFFFFFFFFFFFFFFFFFFFFFFFFFFFFFFFFFFFFFFFFFFFFFFFFFFFF8F
:20514000FFFFFFFFFFFFFFFFFFFFFFFFFFFFFFFFFFFFFFFFFFFFFFFFFFFFFFFFFFFFFFFF6F
:20516000FFFFFFFFFFFFFFFFFFFFFFFFFFFFFFFFFFFFFFFFFFFFFFFFFFFFFFFFFFFFFFFF4F
:20518000FFFFFFFFFFFFFFFFFFFFFFFFFFFFFFFFFFFFFFFFFFFFFFFFFFFFFFFFFFFFFFFF2F
:2051A000FFFFFFFFFFFFFFFFFFFFFFFFFFFFFFFFFFFFFFFFFFFFFFFFFFFFFFFFFFFFFFFF0F
:2051C000FFFFFFFFFFFFFFFFFFFFFFFFFFFFFFFFFFFFFFFFFFFFFFFFFFFFFFFFFFFFFFFFEF
:2051E000FFFFFFFFFFFFFFFFFFFFFFFFFFFFFFFFFFFFFFFFFFFFFFFFFFFFFFFFFFFFFFFFCF
:20520000FFFFFFFFFFFFFFFFFFFFFFFFFFFFFFFFFFFFFFFFFFFFFFFFFFFFFFFFFFFFFFFFAE
:20522000FFFFFFFFFFFFFFFFFFFFFFFFFFFFFFFFFFFFFFFFFFFFFFFFFFFFFFFFFFFFFFFF8E
:20524000FFFFFFFFFFFFFFFFFFFFFFFFFFFFFFFFFFFFFFFFFFFFFFFFFFFFFFFFFFFFFFFF6E
:20526000FFFFFFFFFFFFFFFFFFFFFFFFFFFFFFFFFFFFFFFFFFFFFFFFFFFFFFFFFFFFFFFF4E
:20528000FFFFFFFFFFFFFFFFFFFFFFFFFFFFFFFFFFFFFFFFFFFFFFFFFFFFFFFFFFFFFFFF2E
:2052A000FFFFFFFFFFFFFFFFFFFFFFFFFFFFFFFFFFFFFFFFFFFFFFFFFFFFFFFFFFFFFFFF0E
:2052C000FFFFFFFFFFFFFFFFFFFFFFFFFFFFFFFFFFFFFFFFFFFFFFFFFFFFFFFFFFFFFFFFEE
:2052E000FFFFFFFFFFFFFFFFFFFFFFFFFFFFFFFFFFFFFFFFFFFFFFFFFFFFFFFFFFFFFFFFCE
:20530000FFFFFFFFFFFFFFFFFFFFFFFFFFFFFFFFFFFFFFFFFFFFFFFFFFFFFFFFFFFFFFFFAD
:20532000FFFFFFFFFFFFFFFFFFFFFFFFFFFFFFFFFFFFFFFFFFFFFFFFFFFFFFFFFFFFFFFF8D
:20534000FFFFFFFFFFFFFFFFFFFFFFFFFFFFFFFFFFFFFFFFFFFFFFFFFFFFFFFFFFFFFFFF6D
:20536000FFFFFFFFFFFFFFFFFFFFFFFFFFFFFFFFFFFFFFFFFFFFFFFFFFFFFFFFFFFFFFFF4D
:20538000FFFFFFFFFFFFFFFFFFFFFFFFFFFFFFFFFFFFFFFFFFFFFFFFFFFFFFFFFFFFFFFF2D
:2053A000FFFFFFFFFFFFFFFFFFFFFFFFFFFFFFFFFFFFFFFFFFFFFFFFFFFFFFFFFFFFFFFF0D
:2053C000FFFFFFFFFFFFFFFFFFFFFFFFFFFFFFFFFFFFFFFFFFFFFFFFFFFFFFFFFFFFFFFFED
:2053E000FFFFFFFFFFFFFFFFFFFFFFFFFFFFFFFFFFFFFFFFFFFFFFFFFFFFFFFFFFFFFFFFCD
:20540000FFFFFFFFFFFFFFFFFFFFFFFFFFFFFFFFFFFFFFFFFFFFFFFFFFFFFFFFFFFFFFFFAC
:20542000FFFFFFFFFFFFFFFFFFFFFFFFFFFFFFFFFFFFFFFFFFFFFFFFFFFFFFFFFFFFFFFF8C
:20544000FFFFFFFFFFFFFFFFFFFFFFFFFFFFFFFFFFFFFFFFFFFFFFFFFFFFFFFFFFFFFFFF6C
:20546000FFFFFFFFFFFFFFFFFFFFFFFFFFFFFFFFFFFFFFFFFFFFFFFFFFFFFFFFFFFFFFFF4C
:20548000FFFFFFFFFFFFFFFFFFFFFFFFFFFFFFFFFFFFFFFFFFFFFFFFFFFFFFFFFFFFFFFF2C
:2054A000FFFFFFFFFFFFFFFFFFFFFFFFFFFFFFFFFFFFFFFFFFFFFFFFFFFFFFFFFFFFFFFF0C
:2054C000FFFFFFFFFFFFFFFFFFFFFFFFFFFFFFFFFFFFFFFFFFFFFFFFFFFFFFFFFFFFFFFFEC
:2054E000FFFFFFFFFFFFFFFFFFFFFFFFFFFFFFFFFFFFFFFFFFFFFFFFFFFFFFFFFFFFFFFFCC
:20550000FFFFFFFFFFFFFFFFFFFFFFFFFFFFFFFFFFFFFFFFFFFFFFFFFFFFFFFFFFFFFFFFAB
:20552000FFFFFFFFFFFFFFFFFFFFFFFFFFFFFFFFFFFFFFFFFFFFFFFFFFFFFFFFFFFFFFFF8B
:20554000FFFFFFFFFFFFFFFFFFFFFFFFFFFFFFFFFFFFFFFFFFFFFFFFFFFFFFFFFFFFFFFF6B
:20556000FFFFFFFFFFFFFFFFFFFFFFFFFFFFFFFFFFFFFFFFFFFFFFFFFFFFFFFFFFFFFFFF4B
:20558000FFFFFFFFFFFFFFFFFFFFFFFFFFFFFFFFFFFFFFFFFFFFFFFFFFFFFFFFFFFFFFFF2B
:2055A000FFFFFFFFFFFFFFFFFFFFFFFFFFFFFFFFFFFFFFFFFFFFFFFFFFFFFFFFFFFFFFFF0B
:2055C000FFFFFFFFFFFFFFFFFFFFFFFFFFFFFFFFFFFFFFFFFFFFFFFFFFFFFFFFFFFFFFFFEB
:2055E000FFFFFFFFFFFFFFFFFFFFFFFFFFFFFFFFFFFFFFFFFFFFFFFFFFFFFFFFFFFFFFFFCB
:20560000FFFFFFFFFFFFFFFFFFFFFFFFFFFFFFFFFFFFFFFFFFFFFFFFFFFFFFFFFFFFFFFFAA
:20562000FFFFFFFFFFFFFFFFFFFFFFFFFFFFFFFFFFFFFFFFFFFFFFFFFFFFFFFFFFFFFFFF8A
:20564000FFFFFFFFFFFFFFFFFFFFFFFFFFFFFFFFFFFFFFFFFFFFFFFFFFFFFFFFFFFFFFFF6A
:20566000FFFFFFFFFFFFFFFFFFFFFFFFFFFFFFFFFFFFFFFFFFFFFFFFFFFFFFFFFFFFFFFF4A
:20568000FFFFFFFFFFFFFFFFFFFFFFFFFFFFFFFFFFFFFFFFFFFFFFFFFFFFFFFFFFFFFFFF2A
:2056A000FFFFFFFFFFFFFFFFFFFFFFFFFFFFFFFFFFFFFFFFFFFFFFFFFFFFFFFFFFFFFFFF0A
:2056C000FFFFFFFFFFFFFFFFFFFFFFFFFFFFFFFFFFFFFFFFFFFFFFFFFFFFFFFFFFFFFFFFEA
:2056E000FFFFFFFFFFFFFFFFFFFFFFFFFFFFFFFFFFFFFFFFFFFFFFFFFFFFFFFFFFFFFFFFCA
:20570000FFFFFFFFFFFFFFFFFFFFFFFFFFFFFFFFFFFFFFFFFFFFFFFFFFFFFFFFFFFFFFFFA9
:20572000FFFFFFFFFFFFFFFFFFFFFFFFFFFFFFFFFFFFFFFFFFFFFFFFFFFFFFFFFFFFFFFF89
:20574000FFFFFFFFFFFFFFFFFFFFFFFFFFFFFFFFFFFFFFFFFFFFFFFFFFFFFFFFFFFFFFFF69
:20576000FFFFFFFFFFFFFFFFFFFFFFFFFFFFFFFFFFFFFFFFFFFFFFFFFFFFFFFFFFFFFFFF49
:20578000FFFFFFFFFFFFFFFFFFFFFFFFFFFFFFFFFFFFFFFFFFFFFFFFFFFFFFFFFFFFFFFF29
:2057A000FFFFFFFFFFFFFFFFFFFFFFFFFFFFFFFFFFFFFFFFFFFFFFFFFFFFFFFFFFFFFFFF09
:2057C000FFFFFFFFFFFFFFFFFFFFFFFFFFFFFFFFFFFFFFFFFFFFFFFFFFFFFFFFFFFFFFFFE9
:2057E000FFFFFFFFFFFFFFFFFFFFFFFFFFFFFFFFFFFFFFFFFFFFFFFFFFFFFFFFFFFFFFFFC9
:20580000FFFFFFFFFFFFFFFFFFFFFFFFFFFFFFFFFFFFFFFFFFFFFFFFFFFFFFFFFFFFFFFFA8
:20582000FFFFFFFFFFFFFFFFFFFFFFFFFFFFFFFFFFFFFFFFFFFFFFFFFFFFFFFFFFFFFFFF88
:20584000FFFFFFFFFFFFFFFFFFFFFFFFFFFFFFFFFFFFFFFFFFFFFFFFFFFFFFFFFFFFFFFF68
:20586000FFFFFFFFFFFFFFFFFFFFFFFFFFFFFFFFFFFFFFFFFFFFFFFFFFFFFFFFFFFFFFFF48
:20588000FFFFFFFFFFFFFFFFFFFFFFFFFFFFFFFFFFFFFFFFFFFFFFFFFFFFFFFFFFFFFFFF28
:2058A000FFFFFFFFFFFFFFFFFFFFFFFFFFFFFFFFFFFFFFFFFFFFFFFFFFFFFFFFFFFFFFFF08
:2058C000FFFFFFFFFFFFFFFFFFFFFFFFFFFFFFFFFFFFFFFFFFFFFFFFFFFFFFFFFFFFFFFFE8
:2058E000FFFFFFFFFFFFFFFFFFFFFFFFFFFFFFFFFFFFFFFFFFFFFFFFFFFFFFFFFFFFFFFFC8
:20590000FFFFFFFFFFFFFFFFFFFFFFFFFFFFFFFFFFFFFFFFFFFFFFFFFFFFFFFFFFFFFFFFA7
:20592000FFFFFFFFFFFFFFFFFFFFFFFFFFFFFFFFFFFFFFFFFFFFFFFFFFFFFFFFFFFFFFFF87
:20594000FFFFFFFFFFFFFFFFFFFFFFFFFFFFFFFFFFFFFFFFFFFFFFFFFFFFFFFFFFFFFFFF67
:20596000FFFFFFFFFFFFFFFFFFFFFFFFFFFFFFFFFFFFFFFFFFFFFFFFFFFFFFFFFFFFFFFF47
:20598000FFFFFFFFFFFFFFFFFFFFFFFFFFFFFFFFFFFFFFFFFFFFFFFFFFFFFFFFFFFFFFFF27
:2059A000FFFFFFFFFFFFFFFFFFFFFFFFFFFFFFFFFFFFFFFFFFFFFFFFFFFFFFFFFFFFFFFF07
:2059C000FFFFFFFFFFFFFFFFFFFFFFFFFFFFFFFFFFFFFFFFFFFFFFFFFFFFFFFFFFFFFFFFE7
:2059E000FFFFFFFFFFFFFFFFFFFFFFFFFFFFFFFFFFFFFFFFFFFFFFFFFFFFFFFFFFFFFFFFC7
:205A0000FFFFFFFFFFFFFFFFFFFFFFFFFFFFFFFFFFFFFFFFFFFFFFFFFFFFFFFFFFFFFFFFA6
:205A2000FFFFFFFFFFFFFFFFFFFFFFFFFFFFFFFFFFFFFFFFFFFFFFFFFFFFFFFFFFFFFFFF86
:205A4000FFFFFFFFFFFFFFFFFFFFFFFFFFFFFFFFFFFFFFFFFFFFFFFFFFFFFFFFFFFFFFFF66
:205A6000FFFFFFFFFFFFFFFFFFFFFFFFFFFFFFFFFFFFFFFFFFFFFFFFFFFFFFFFFFFFFFFF46
:205A8000FFFFFFFFFFFFFFFFFFFFFFFFFFFFFFFFFFFFFFFFFFFFFFFFFFFFFFFFFFFFFFFF26
:205AA000FFFFFFFFFFFFFFFFFFFFFFFFFFFFFFFFFFFFFFFFFFFFFFFFFFFFFFFFFFFFFFFF06
:205AC000FFFFFFFFFFFFFFFFFFFFFFFFFFFFFFFFFFFFFFFFFFFFFFFFFFFFFFFFFFFFFFFFE6
:205AE000FFFFFFFFFFFFFFFFFFFFFFFFFFFFFFFFFFFFFFFFFFFFFFFFFFFFFFFFFFFFFFFFC6
:205B0000FFFFFFFFFFFFFFFFFFFFFFFFFFFFFFFFFFFFFFFFFFFFFFFFFFFFFFFFFFFFFFFFA5
:205B2000FFFFFFFFFFFFFFFFFFFFFFFFFFFFFFFFFFFFFFFFFFFFFFFFFFFFFFFFFFFFFFFF85
:205B4000FFFFFFFFFFFFFFFFFFFFFFFFFFFFFFFFFFFFFFFFFFFFFFFFFFFFFFFFFFFFFFFF65
:205B6000FFFFFFFFFFFFFFFFFFFFFFFFFFFFFFFFFFFFFFFFFFFFFFFFFFFFFFFFFFFFFFFF45
:205B8000FFFFFFFFFFFFFFFFFFFFFFFFFFFFFFFFFFFFFFFFFFFFFFFFFFFFFFFFFFFFFFFF25
:205BA000FFFFFFFFFFFFFFFFFFFFFFFFFFFFFFFFFFFFFFFFFFFFFFFFFFFFFFFFFFFFFFFF05
:205BC000FFFFFFFFFFFFFFFFFFFFFFFFFFFFFFFFFFFFFFFFFFFFFFFFFFFFFFFFFFFFFFFFE5
:205BE000FFFFFFFFFFFFFFFFFFFFFFFFFFFFFFFFFFFFFFFFFFFFFFFFFFFFFFFFFFFFFFFFC5
:205C0000FFFFFFFFFFFFFFFFFFFFFFFFFFFFFFFFFFFFFFFFFFFFFFFFFFFFFFFFFFFFFFFFA4
:205C2000FFFFFFFFFFFFFFFFFFFFFFFFFFFFFFFFFFFFFFFFFFFFFFFFFFFFFFFFFFFFFFFF84
:205C4000FFFFFFFFFFFFFFFFFFFFFFFFFFFFFFFFFFFFFFFFFFFFFFFFFFFFFFFFFFFFFFFF64
:205C6000FFFFFFFFFFFFFFFFFFFFFFFFFFFFFFFFFFFFFFFFFFFFFFFFFFFFFFFFFFFFFFFF44
:205C8000FFFFFFFFFFFFFFFFFFFFFFFFFFFFFFFFFFFFFFFFFFFFFFFFFFFFFFFFFFFFFFFF24
:205CA000FFFFFFFFFFFFFFFFFFFFFFFFFFFFFFFFFFFFFFFFFFFFFFFFFFFFFFFFFFFFFFFF04
:205CC000FFFFFFFFFFFFFFFFFFFFFFFFFFFFFFFFFFFFFFFFFFFFFFFFFFFFFFFFFFFFFFFFE4
:205CE000FFFFFFFFFFFFFFFFFFFFFFFFFFFFFFFFFFFFFFFFFFFFFFFFFFFFFFFFFFFFFFFFC4
:205D0000FFFFFFFFFFFFFFFFFFFFFFFFFFFFFFFFFFFFFFFFFFFFFFFFFFFFFFFFFFFFFFFFA3
:205D2000FFFFFFFFFFFFFFFFFFFFFFFFFFFFFFFFFFFFFFFFFFFFFFFFFFFFFFFFFFFFFFFF83
:205D4000FFFFFFFFFFFFFFFFFFFFFFFFFFFFFFFFFFFFFFFFFFFFFFFFFFFFFFFFFFFFFFFF63
:205D6000FFFFFFFFFFFFFFFFFFFFFFFFFFFFFFFFFFFFFFFFFFFFFFFFFFFFFFFFFFFFFFFF43
:205D8000FFFFFFFFFFFFFFFFFFFFFFFFFFFFFFFFFFFFFFFFFFFFFFFFFFFFFFFFFFFFFFFF23
:205DA000FFFFFFFFFFFFFFFFFFFFFFFFFFFFFFFFFFFFFFFFFFFFFFFFFFFFFFFFFFFFFFFF03
:205DC000FFFFFFFFFFFFFFFFFFFFFFFFFFFFFFFFFFFFFFFFFFFFFFFFFFFFFFFFFFFFFFFFE3
:205DE000FFFFFFFFFFFFFFFFFFFFFFFFFFFFFFFFFFFFFFFFFFFFFFFFFFFFFFFFFFFFFFFFC3
:205E0000FFFFFFFFFFFFFFFFFFFFFFFFFFFFFFFFFFFFFFFFFFFFFFFFFFFFFFFFFFFFFFFFA2
:205E2000FFFFFFFFFFFFFFFFFFFFFFFFFFFFFFFFFFFFFFFFFFFFFFFFFFFFFFFFFFFFFFFF82
:205E4000FFFFFFFFFFFFFFFFFFFFFFFFFFFFFFFFFFFFFFFFFFFFFFFFFFFFFFFFFFFFFFFF62
:205E6000FFFFFFFFFFFFFFFFFFFFFFFFFFFFFFFFFFFFFFFFFFFFFFFFFFFFFFFFFFFFFFFF42
:205E8000FFFFFFFFFFFFFFFFFFFFFFFFFFFFFFFFFFFFFFFFFFFFFFFFFFFFFFFFFFFFFFFF22
:205EA000FFFFFFFFFFFFFFFFFFFFFFFFFFFFFFFFFFFFFFFFFFFFFFFFFFFFFFFFFFFFFFFF02
:205EC000FFFFFFFFFFFFFFFFFFFFFFFFFFFFFFFFFFFFFFFFFFFFFFFFFFFFFFFFFFFFFFFFE2
:205EE000FFFFFFFFFFFFFFFFFFFFFFFFFFFFFFFFFFFFFFFFFFFFFFFFFFFFFFFFFFFFFFFFC2
:205F0000FFFFFFFFFFFFFFFFFFFFFFFFFFFFFFFFFFFFFFFFFFFFFFFFFFFFFFFFFFFFFFFFA1
:205F2000FFFFFFFFFFFFFFFFFFFFFFFFFFFFFFFFFFFFFFFFFFFFFFFFFFFFFFFFFFFFFFFF81
:205F4000FFFFFFFFFFFFFFFFFFFFFFFFFFFFFFFFFFFFFFFFFFFFFFFFFFFFFFFFFFFFFFFF61
:205F6000FFFFFFFFFFFFFFFFFFFFFFFFFFFFFFFFFFFFFFFFFFFFFFFFFFFFFFFFFFFFFFFF41
:205F8000FFFFFFFFFFFFFFFFFFFFFFFFFFFFFFFFFFFFFFFFFFFFFFFFFFFFFFFFFFFFFFFF21
:205FA000FFFFFFFFFFFFFFFFFFFFFFFFFFFFFFFFFFFFFFFFFFFFFFFFFFFFFFFFFFFFFFFF01
:205FC000FFFFFFFFFFFFFFFFFFFFFFFFFFFFFFFFFFFFFFFFFFFFFFFFFFFFFFFFFFFFFFFFE1
:205FE000FFFFFFFFFFFFFFFFFFFFFFFFFFFFFFFFFFFFFFFFFFFFFFFFFFFFFFFFFFFFFFFFC1
:20600000FFFFFFFFFFFFFFFFFFFFFFFFFFFFFFFFFFFFFFFFFFFFFFFFFFFFFFFFFFFFFFFFA0
:20602000FFFFFFFFFFFFFFFFFFFFFFFFFFFFFFFFFFFFFFFFFFFFFFFFFFFFFFFFFFFFFFFF80
:20604000FFFFFFFFFFFFFFFFFFFFFFFFFFFFFFFFFFFFFFFFFFFFFFFFFFFFFFFFFFFFFFFF60
:20606000FFFFFFFFFFFFFFFFFFFFFFFFFFFFFFFFFFFFFFFFFFFFFFFFFFFFFFFFFFFFFFFF40
:20608000FFFFFFFFFFFFFFFFFFFFFFFFFFFFFFFFFFFFFFFFFFFFFFFFFFFFFFFFFFFFFFFF20
:2060A000FFFFFFFFFFFFFFFFFFFFFFFFFFFFFFFFFFFFFFFFFFFFFFFFFFFFFFFFFFFFFFFF00
:2060C000FFFFFFFFFFFFFFFFFFFFFFFFFFFFFFFFFFFFFFFFFFFFFFFFFFFFFFFFFFFFFFFFE0
:2060E000FFFFFFFFFFFFFFFFFFFFFFFFFFFFFFFFFFFFFFFFFFFFFFFFFFFFFFFFFFFFFFFFC0
:20610000FFFFFFFFFFFFFFFFFFFFFFFFFFFFFFFFFFFFFFFFFFFFFFFFFFFFFFFFFFFFFFFF9F
:20612000FFFFFFFFFFFFFFFFFFFFFFFFFFFFFFFFFFFFFFFFFFFFFFFFFFFFFFFFFFFFFFFF7F
:20614000FFFFFFFFFFFFFFFFFFFFFFFFFFFFFFFFFFFFFFFFFFFFFFFFFFFFFFFFFFFFFFFF5F
:20616000FFFFFFFFFFFFFFFFFFFFFFFFFFFFFFFFFFFFFFFFFFFFFFFFFFFFFFFFFFFFFFFF3F
:20618000FFFFFFFFFFFFFFFFFFFFFFFFFFFFFFFFFFFFFFFFFFFFFFFFFFFFFFFFFFFFFFFF1F
:2061A000FFFFFFFFFFFFFFFFFFFFFFFFFFFFFFFFFFFFFFFFFFFFFFFFFFFFFFFFFFFFFFFFFF
:2061C000FFFFFFFFFFFFFFFFFFFFFFFFFFFFFFFFFFFFFFFFFFFFFFFFFFFFFFFFFFFFFFFFDF
:2061E000FFFFFFFFFFFFFFFFFFFFFFFFFFFFFFFFFFFFFFFFFFFFFFFFFFFFFFFFFFFFFFFFBF
:20620000FFFFFFFFFFFFFFFFFFFFFFFFFFFFFFFFFFFFFFFFFFFFFFFFFFFFFFFFFFFFFFFF9E
:20622000FFFFFFFFFFFFFFFFFFFFFFFFFFFFFFFFFFFFFFFFFFFFFFFFFFFFFFFFFFFFFFFF7E
:20624000FFFFFFFFFFFFFFFFFFFFFFFFFFFFFFFFFFFFFFFFFFFFFFFFFFFFFFFFFFFFFFFF5E
:20626000FFFFFFFFFFFFFFFFFFFFFFFFFFFFFFFFFFFFFFFFFFFFFFFFFFFFFFFFFFFFFFFF3E
:20628000FFFFFFFFFFFFFFFFFFFFFFFFFFFFFFFFFFFFFFFFFFFFFFFFFFFFFFFFFFFFFFFF1E
:2062A000FFFFFFFFFFFFFFFFFFFFFFFFFFFFFFFFFFFFFFFFFFFFFFFFFFFFFFFFFFFFFFFFFE
:2062C000FFFFFFFFFFFFFFFFFFFFFFFFFFFFFFFFFFFFFFFFFFFFFFFFFFFFFFFFFFFFFFFFDE
:2062E000FFFFFFFFFFFFFFFFFFFFFFFFFFFFFFFFFFFFFFFFFFFFFFFFFFFFFFFFFFFFFFFFBE
:20630000FFFFFFFFFFFFFFFFFFFFFFFFFFFFFFFFFFFFFFFFFFFFFFFFFFFFFFFFFFFFFFFF9D
:20632000FFFFFFFFFFFFFFFFFFFFFFFFFFFFFFFFFFFFFFFFFFFFFFFFFFFFFFFFFFFFFFFF7D
:20634000FFFFFFFFFFFFFFFFFFFFFFFFFFFFFFFFFFFFFFFFFFFFFFFFFFFFFFFFFFFFFFFF5D
:20636000FFFFFFFFFFFFFFFFFFFFFFFFFFFFFFFFFFFFFFFFFFFFFFFFFFFFFFFFFFFFFFFF3D
:20638000FFFFFFFFFFFFFFFFFFFFFFFFFFFFFFFFFFFFFFFFFFFFFFFFFFFFFFFFFFFFFFFF1D
:2063A000FFFFFFFFFFFFFFFFFFFFFFFFFFFFFFFFFFFFFFFFFFFFFFFFFFFFFFFFFFFFFFFFFD
:2063C000FFFFFFFFFFFFFFFFFFFFFFFFFFFFFFFFFFFFFFFFFFFFFFFFFFFFFFFFFFFFFFFFDD
:2063E000FFFFFFFFFFFFFFFFFFFFFFFFFFFFFFFFFFFFFFFFFFFFFFFFFFFFFFFFFFFFFFFFBD
:20640000FFFFFFFFFFFFFFFFFFFFFFFFFFFFFFFFFFFFFFFFFFFFFFFFFFFFFFFFFFFFFFFF9C
:20642000FFFFFFFFFFFFFFFFFFFFFFFFFFFFFFFFFFFFFFFFFFFFFFFFFFFFFFFFFFFFFFFF7C
:20644000FFFFFFFFFFFFFFFFFFFFFFFFFFFFFFFFFFFFFFFFFFFFFFFFFFFFFFFFFFFFFFFF5C
:20646000FFFFFFFFFFFFFFFFFFFFFFFFFFFFFFFFFFFFFFFFFFFFFFFFFFFFFFFFFFFFFFFF3C
:20648000FFFFFFFFFFFFFFFFFFFFFFFFFFFFFFFFFFFFFFFFFFFFFFFFFFFFFFFFFFFFFFFF1C
:2064A000FFFFFFFFFFFFFFFFFFFFFFFFFFFFFFFFFFFFFFFFFFFFFFFFFFFFFFFFFFFFFFFFFC
:2064C000FFFFFFFFFFFFFFFFFFFFFFFFFFFFFFFFFFFFFFFFFFFFFFFFFFFFFFFFFFFFFFFFDC
:2064E000FFFFFFFFFFFFFFFFFFFFFFFFFFFFFFFFFFFFFFFFFFFFFFFFFFFFFFFFFFFFFFFFBC
:20650000FFFFFFFFFFFFFFFFFFFFFFFFFFFFFFFFFFFFFFFFFFFFFFFFFFFFFFFFFFFFFFFF9B
:20652000FFFFFFFFFFFFFFFFFFFFFFFFFFFFFFFFFFFFFFFFFFFFFFFFFFFFFFFFFFFFFFFF7B
:20654000FFFFFFFFFFFFFFFFFFFFFFFFFFFFFFFFFFFFFFFFFFFFFFFFFFFFFFFFFFFFFFFF5B
:20656000FFFFFFFFFFFFFFFFFFFFFFFFFFFFFFFFFFFFFFFFFFFFFFFFFFFFFFFFFFFFFFFF3B
:20658000FFFFFFFFFFFFFFFFFFFFFFFFFFFFFFFFFFFFFFFFFFFFFFFFFFFFFFFFFFFFFFFF1B
:2065A000FFFFFFFFFFFFFFFFFFFFFFFFFFFFFFFFFFFFFFFFFFFFFFFFFFFFFFFFFFFFFFFFFB
:2065C000FFFFFFFFFFFFFFFFFFFFFFFFFFFFFFFFFFFFFFFFFFFFFFFFFFFFFFFFFFFFFFFFDB
:2065E000FFFFFFFFFFFFFFFFFFFFFFFFFFFFFFFFFFFFFFFFFFFFFFFFFFFFFFFFFFFFFFFFBB
:20660000FFFFFFFFFFFFFFFFFFFFFFFFFFFFFFFFFFFFFFFFFFFFFFFFFFFFFFFFFFFFFFFF9A
:20662000FFFFFFFFFFFFFFFFFFFFFFFFFFFFFFFFFFFFFFFFFFFFFFFFFFFFFFFFFFFFFFFF7A
:20664000FFFFFFFFFFFFFFFFFFFFFFFFFFFFFFFFFFFFFFFFFFFFFFFFFFFFFFFFFFFFFFFF5A
:20666000FFFFFFFFFFFFFFFFFFFFFFFFFFFFFFFFFFFFFFFFFFFFFFFFFFFFFFFFFFFFFFFF3A
:20668000FFFFFFFFFFFFFFFFFFFFFFFFFFFFFFFFFFFFFFFFFFFFFFFFFFFFFFFFFFFFFFFF1A
:2066A000FFFFFFFFFFFFFFFFFFFFFFFFFFFFFFFFFFFFFFFFFFFFFFFFFFFFFFFFFFFFFFFFFA
:2066C000FFFFFFFFFFFFFFFFFFFFFFFFFFFFFFFFFFFFFFFFFFFFFFFFFFFFFFFFFFFFFFFFDA
:2066E000FFFFFFFFFFFFFFFFFFFFFFFFFFFFFFFFFFFFFFFFFFFFFFFFFFFFFFFFFFFFFFFFBA
:20670000FFFFFFFFFFFFFFFFFFFFFFFFFFFFFFFFFFFFFFFFFFFFFFFFFFFFFFFFFFFFFFFF99
:20672000FFFFFFFFFFFFFFFFFFFFFFFFFFFFFFFFFFFFFFFFFFFFFFFFFFFFFFFFFFFFFFFF79
:20674000FFFFFFFFFFFFFFFFFFFFFFFFFFFFFFFFFFFFFFFFFFFFFFFFFFFFFFFFFFFFFFFF59
:20676000FFFFFFFFFFFFFFFFFFFFFFFFFFFFFFFFFFFFFFFFFFFFFFFFFFFFFFFFFFFFFFFF39
:20678000FFFFFFFFFFFFFFFFFFFFFFFFFFFFFFFFFFFFFFFFFFFFFFFFFFFFFFFFFFFFFFFF19
:2067A000FFFFFFFFFFFFFFFFFFFFFFFFFFFFFFFFFFFFFFFFFFFFFFFFFFFFFFFFFFFFFFFFF9
:2067C000FFFFFFFFFFFFFFFFFFFFFFFFFFFFFFFFFFFFFFFFFFFFFFFFFFFFFFFFFFFFFFFFD9
:2067E000FFFFFFFFFFFFFFFFFFFFFFFFFFFFFFFFFFFFFFFFFFFFFFFFFFFFFFFFFFFFFFFFB9
:20680000FFFFFFFFFFFFFFFFFFFFFFFFFFFFFFFFFFFFFFFFFFFFFFFFFFFFFFFFFFFFFFFF98
:20682000FFFFFFFFFFFFFFFFFFFFFFFFFFFFFFFFFFFFFFFFFFFFFFFFFFFFFFFFFFFFFFFF78
:20684000FFFFFFFFFFFFFFFFFFFFFFFFFFFFFFFFFFFFFFFFFFFFFFFFFFFFFFFFFFFFFFFF58
:20686000FFFFFFFFFFFFFFFFFFFFFFFFFFFFFFFFFFFFFFFFFFFFFFFFFFFFFFFFFFFFFFFF38
:20688000FFFFFFFFFFFFFFFFFFFFFFFFFFFFFFFFFFFFFFFFFFFFFFFFFFFFFFFFFFFFFFFF18
:2068A000FFFFFFFFFFFFFFFFFFFFFFFFFFFFFFFFFFFFFFFFFFFFFFFFFFFFFFFFFFFFFFFFF8
:2068C000FFFFFFFFFFFFFFFFFFFFFFFFFFFFFFFFFFFFFFFFFFFFFFFFFFFFFFFFFFFFFFFFD8
:2068E000FFFFFFFFFFFFFFFFFFFFFFFFFFFFFFFFFFFFFFFFFFFFFFFFFFFFFFFFFFFFFFFFB8
:20690000FFFFFFFFFFFFFFFFFFFFFFFFFFFFFFFFFFFFFFFFFFFFFFFFFFFFFFFFFFFFFFFF97
:20692000FFFFFFFFFFFFFFFFFFFFFFFFFFFFFFFFFFFFFFFFFFFFFFFFFFFFFFFFFFFFFFFF77
:20694000FFFFFFFFFFFFFFFFFFFFFFFFFFFFFFFFFFFFFFFFFFFFFFFFFFFFFFFFFFFFFFFF57
:20696000FFFFFFFFFFFFFFFFFFFFFFFFFFFFFFFFFFFFFFFFFFFFFFFFFFFFFFFFFFFFFFFF37
:20698000FFFFFFFFFFFFFFFFFFFFFFFFFFFFFFFFFFFFFFFFFFFFFFFFFFFFFFFFFFFFFFFF17
:2069A000FFFFFFFFFFFFFFFFFFFFFFFFFFFFFFFFFFFFFFFFFFFFFFFFFFFFFFFFFFFFFFFFF7
:2069C000FFFFFFFFFFFFFFFFFFFFFFFFFFFFFFFFFFFFFFFFFFFFFFFFFFFFFFFFFFFFFFFFD7
:2069E000FFFFFFFFFFFFFFFFFFFFFFFFFFFFFFFFFFFFFFFFFFFFFFFFFFFFFFFFFFFFFFFFB7
:206A0000FFFFFFFFFFFFFFFFFFFFFFFFFFFFFFFFFFFFFFFFFFFFFFFFFFFFFFFFFFFFFFFF96
:206A2000FFFFFFFFFFFFFFFFFFFFFFFFFFFFFFFFFFFFFFFFFFFFFFFFFFFFFFFFFFFFFFFF76
:206A4000FFFFFFFFFFFFFFFFFFFFFFFFFFFFFFFFFFFFFFFFFFFFFFFFFFFFFFFFFFFFFFFF56
:206A6000FFFFFFFFFFFFFFFFFFFFFFFFFFFFFFFFFFFFFFFFFFFFFFFFFFFFFFFFFFFFFFFF36
:206A8000FFFFFFFFFFFFFFFFFFFFFFFFFFFFFFFFFFFFFFFFFFFFFFFFFFFFFFFFFFFFFFFF16
:206AA000FFFFFFFFFFFFFFFFFFFFFFFFFFFFFFFFFFFFFFFFFFFFFFFFFFFFFFFFFFFFFFFFF6
:206AC000FFFFFFFFFFFFFFFFFFFFFFFFFFFFFFFFFFFFFFFFFFFFFFFFFFFFFFFFFFFFFFFFD6
:206AE000FFFFFFFFFFFFFFFFFFFFFFFFFFFFFFFFFFFFFFFFFFFFFFFFFFFFFFFFFFFFFFFFB6
:206B0000FFFFFFFFFFFFFFFFFFFFFFFFFFFFFFFFFFFFFFFFFFFFFFFFFFFFFFFFFFFFFFFF95
:206B2000FFFFFFFFFFFFFFFFFFFFFFFFFFFFFFFFFFFFFFFFFFFFFFFFFFFFFFFFFFFFFFFF75
:206B4000FFFFFFFFFFFFFFFFFFFFFFFFFFFFFFFFFFFFFFFFFFFFFFFFFFFFFFFFFFFFFFFF55
:206B6000FFFFFFFFFFFFFFFFFFFFFFFFFFFFFFFFFFFFFFFFFFFFFFFFFFFFFFFFFFFFFFFF35
:206B8000FFFFFFFFFFFFFFFFFFFFFFFFFFFFFFFFFFFFFFFFFFFFFFFFFFFFFFFFFFFFFFFF15
:206BA000FFFFFFFFFFFFFFFFFFFFFFFFFFFFFFFFFFFFFFFFFFFFFFFFFFFFFFFFFFFFFFFFF5
:206BC000FFFFFFFFFFFFFFFFFFFFFFFFFFFFFFFFFFFFFFFFFFFFFFFFFFFFFFFFFFFFFFFFD5
:206BE000FFFFFFFFFFFFFFFFFFFFFFFFFFFFFFFFFFFFFFFFFFFFFFFFFFFFFFFFFFFFFFFFB5
:206C0000FFFFFFFFFFFFFFFFFFFFFFFFFFFFFFFFFFFFFFFFFFFFFFFFFFFFFFFFFFFFFFFF94
:206C2000FFFFFFFFFFFFFFFFFFFFFFFFFFFFFFFFFFFFFFFFFFFFFFFFFFFFFFFFFFFFFFFF74
:206C4000FFFFFFFFFFFFFFFFFFFFFFFFFFFFFFFFFFFFFFFFFFFFFFFFFFFFFFFFFFFFFFFF54
:206C6000FFFFFFFFFFFFFFFFFFFFFFFFFFFFFFFFFFFFFFFFFFFFFFFFFFFFFFFFFFFFFFFF34
:206C8000FFFFFFFFFFFFFFFFFFFFFFFFFFFFFFFFFFFFFFFFFFFFFFFFFFFFFFFFFFFFFFFF14
:206CA000FFFFFFFFFFFFFFFFFFFFFFFFFFFFFFFFFFFFFFFFFFFFFFFFFFFFFFFFFFFFFFFFF4
:206CC000FFFFFFFFFFFFFFFFFFFFFFFFFFFFFFFFFFFFFFFFFFFFFFFFFFFFFFFFFFFFFFFFD4
:206CE000FFFFFFFFFFFFFFFFFFFFFFFFFFFFFFFFFFFFFFFFFFFFFFFFFFFFFFFFFFFFFFFFB4
:206D0000FFFFFFFFFFFFFFFFFFFFFFFFFFFFFFFFFFFFFFFFFFFFFFFFFFFFFFFFFFFFFFFF93
:206D2000FFFFFFFFFFFFFFFFFFFFFFFFFFFFFFFFFFFFFFFFFFFFFFFFFFFFFFFFFFFFFFFF73
:206D4000FFFFFFFFFFFFFFFFFFFFFFFFFFFFFFFFFFFFFFFFFFFFFFFFFFFFFFFFFFFFFFFF53
:206D6000FFFFFFFFFFFFFFFFFFFFFFFFFFFFFFFFFFFFFFFFFFFFFFFFFFFFFFFFFFFFFFFF33
:206D8000FFFFFFFFFFFFFFFFFFFFFFFFFFFFFFFFFFFFFFFFFFFFFFFFFFFFFFFFFFFFFFFF13
:206DA000FFFFFFFFFFFFFFFFFFFFFFFFFFFFFFFFFFFFFFFFFFFFFFFFFFFFFFFFFFFFFFFFF3
:206DC000FFFFFFFFFFFFFFFFFFFFFFFFFFFFFFFFFFFFFFFFFFFFFFFFFFFFFFFFFFFFFFFFD3
:206DE000FFFFFFFFFFFFFFFFFFFFFFFFFFFFFFFFFFFFFFFFFFFFFFFFFFFFFFFFFFFFFFFFB3
:206E0000FFFFFFFFFFFFFFFFFFFFFFFFFFFFFFFFFFFFFFFFFFFFFFFFFFFFFFFFFFFFFFFF92
:206E2000FFFFFFFFFFFFFFFFFFFFFFFFFFFFFFFFFFFFFFFFFFFFFFFFFFFFFFFFFFFFFFFF72
:206E4000FFFFFFFFFFFFFFFFFFFFFFFFFFFFFFFFFFFFFFFFFFFFFFFFFFFFFFFFFFFFFFFF52
:206E6000FFFFFFFFFFFFFFFFFFFFFFFFFFFFFFFFFFFFFFFFFFFFFFFFFFFFFFFFFFFFFFFF32
:206E8000FFFFFFFFFFFFFFFFFFFFFFFFFFFFFFFFFFFFFFFFFFFFFFFFFFFFFFFFFFFFFFFF12
:206EA000FFFFFFFFFFFFFFFFFFFFFFFFFFFFFFFFFFFFFFFFFFFFFFFFFFFFFFFFFFFFFFFFF2
:206EC000FFFFFFFFFFFFFFFFFFFFFFFFFFFFFFFFFFFFFFFFFFFFFFFFFFFFFFFFFFFFFFFFD2
:206EE000FFFFFFFFFFFFFFFFFFFFFFFFFFFFFFFFFFFFFFFFFFFFFFFFFFFFFFFFFFFFFFFFB2
:206F0000FFFFFFFFFFFFFFFFFFFFFFFFFFFFFFFFFFFFFFFFFFFFFFFFFFFFFFFFFFFFFFFF91
:206F2000FFFFFFFFFFFFFFFFFFFFFFFFFFFFFFFFFFFFFFFFFFFFFFFFFFFFFFFFFFFFFFFF71
:206F4000FFFFFFFFFFFFFFFFFFFFFFFFFFFFFFFFFFFFFFFFFFFFFFFFFFFFFFFFFFFFFFFF51
:206F6000FFFFFFFFFFFFFFFFFFFFFFFFFFFFFFFFFFFFFFFFFFFFFFFFFFFFFFFFFFFFFFFF31
:206F8000FFFFFFFFFFFFFFFFFFFFFFFFFFFFFFFFFFFFFFFFFFFFFFFFFFFFFFFFFFFFFFFF11
:206FA000FFFFFFFFFFFFFFFFFFFFFFFFFFFFFFFFFFFFFFFFFFFFFFFFFFFFFFFFFFFFFFFFF1
:206FC000FFFFFFFFFFFFFFFFFFFFFFFFFFFFFFFFFFFFFFFFFFFFFFFFFFFFFFFFFFFFFFFFD1
:206FE000FFFFFFFFFFFFFFFFFFFFFFFFFFFFFFFFFFFFFFFFFFFFFFFFFFFFFFFFFFFFFFFFB1
:20700000FFFFFFFFFFFFFFFFFFFFFFFFFFFFFFFFFFFFFFFFFFFFFFFFFFFFFFFFFFFFFFFF90
:20702000FFFFFFFFFFFFFFFFFFFFFFFFFFFFFFFFFFFFFFFFFFFFFFFFFFFFFFFFFFFFFFFF70
:20704000FFFFFFFFFFFFFFFFFFFFFFFFFFFFFFFFFFFFFFFFFFFFFFFFFFFFFFFFFFFFFFFF50
:20706000FFFFFFFFFFFFFFFFFFFFFFFFFFFFFFFFFFFFFFFFFFFFFFFFFFFFFFFFFFFFFFFF30
:20708000FFFFFFFFFFFFFFFFFFFFFFFFFFFFFFFFFFFFFFFFFFFFFFFFFFFFFFFFFFFFFFFF10
:2070A000FFFFFFFFFFFFFFFFFFFFFFFFFFFFFFFFFFFFFFFFFFFFFFFFFFFFFFFFFFFFFFFFF0
:2070C000FFFFFFFFFFFFFFFFFFFFFFFFFFFFFFFFFFFFFFFFFFFFFFFFFFFFFFFFFFFFFFFFD0
:2070E000FFFFFFFFFFFFFFFFFFFFFFFFFFFFFFFFFFFFFFFFFFFFFFFFFFFFFFFFFFFFFFFFB0
:20710000FFFFFFFFFFFFFFFFFFFFFFFFFFFFFFFFFFFFFFFFFFFFFFFFFFFFFFFFFFFFFFFF8F
:20712000FFFFFFFFFFFFFFFFFFFFFFFFFFFFFFFFFFFFFFFFFFFFFFFFFFFFFFFFFFFFFFFF6F
:20714000FFFFFFFFFFFFFFFFFFFFFFFFFFFFFFFFFFFFFFFFFFFFFFFFFFFFFFFFFFFFFFFF4F
:20716000FFFFFFFFFFFFFFFFFFFFFFFFFFFFFFFFFFFFFFFFFFFFFFFFFFFFFFFFFFFFFFFF2F
:20718000FFFFFFFFFFFFFFFFFFFFFFFFFFFFFFFFFFFFFFFFFFFFFFFFFFFFFFFFFFFFFFFF0F
:2071A000FFFFFFFFFFFFFFFFFFFFFFFFFFFFFFFFFFFFFFFFFFFFFFFFFFFFFFFFFFFFFFFFEF
:2071C000FFFFFFFFFFFFFFFFFFFFFFFFFFFFFFFFFFFFFFFFFFFFFFFFFFFFFFFFFFFFFFFFCF
:2071E000FFFFFFFFFFFFFFFFFFFFFFFFFFFFFFFFFFFFFFFFFFFFFFFFFFFFFFFFFFFFFFFFAF
:20720000FFFFFFFFFFFFFFFFFFFFFFFFFFFFFFFFFFFFFFFFFFFFFFFFFFFFFFFFFFFFFFFF8E
:20722000FFFFFFFFFFFFFFFFFFFFFFFFFFFFFFFFFFFFFFFFFFFFFFFFFFFFFFFFFFFFFFFF6E
:20724000FFFFFFFFFFFFFFFFFFFFFFFFFFFFFFFFFFFFFFFFFFFFFFFFFFFFFFFFFFFFFFFF4E
:20726000FFFFFFFFFFFFFFFFFFFFFFFFFFFFFFFFFFFFFFFFFFFFFFFFFFFFFFFFFFFFFFFF2E
:20728000FFFFFFFFFFFFFFFFFFFFFFFFFFFFFFFFFFFFFFFFFFFFFFFFFFFFFFFFFFFFFFFF0E
:2072A000FFFFFFFFFFFFFFFFFFFFFFFFFFFFFFFFFFFFFFFFFFFFFFFFFFFFFFFFFFFFFFFFEE
:2072C000FFFFFFFFFFFFFFFFFFFFFFFFFFFFFFFFFFFFFFFFFFFFFFFFFFFFFFFFFFFFFFFFCE
:2072E000FFFFFFFFFFFFFFFFFFFFFFFFFFFFFFFFFFFFFFFFFFFFFFFFFFFFFFFFFFFFFFFFAE
:20730000FFFFFFFFFFFFFFFFFFFFFFFFFFFFFFFFFFFFFFFFFFFFFFFFFFFFFFFFFFFFFFFF8D
:20732000FFFFFFFFFFFFFFFFFFFFFFFFFFFFFFFFFFFFFFFFFFFFFFFFFFFFFFFFFFFFFFFF6D
:20734000FFFFFFFFFFFFFFFFFFFFFFFFFFFFFFFFFFFFFFFFFFFFFFFFFFFFFFFFFFFFFFFF4D
:20736000FFFFFFFFFFFFFFFFFFFFFFFFFFFFFFFFFFFFFFFFFFFFFFFFFFFFFFFFFFFFFFFF2D
:20738000FFFFFFFFFFFFFFFFFFFFFFFFFFFFFFFFFFFFFFFFFFFFFFFFFFFFFFFFFFFFFFFF0D
:2073A000FFFFFFFFFFFFFFFFFFFFFFFFFFFFFFFFFFFFFFFFFFFFFFFFFFFFFFFFFFFFFFFFED
:2073C000FFFFFFFFFFFFFFFFFFFFFFFFFFFFFFFFFFFFFFFFFFFFFFFFFFFFFFFFFFFFFFFFCD
:2073E000FFFFFFFFFFFFFFFFFFFFFFFFFFFFFFFFFFFFFFFFFFFFFFFFFFFFFFFFFFFFFFFFAD
:20740000FFFFFFFFFFFFFFFFFFFFFFFFFFFFFFFFFFFFFFFFFFFFFFFFFFFFFFFFFFFFFFFF8C
:20742000FFFFFFFFFFFFFFFFFFFFFFFFFFFFFFFFFFFFFFFFFFFFFFFFFFFFFFFFFFFFFFFF6C
:20744000FFFFFFFFFFFFFFFFFFFFFFFFFFFFFFFFFFFFFFFFFFFFFFFFFFFFFFFFFFFFFFFF4C
:20746000FFFFFFFFFFFFFFFFFFFFFFFFFFFFFFFFFFFFFFFFFFFFFFFFFFFFFFFFFFFFFFFF2C
:20748000FFFFFFFFFFFFFFFFFFFFFFFFFFFFFFFFFFFFFFFFFFFFFFFFFFFFFFFFFFFFFFFF0C
:2074A000FFFFFFFFFFFFFFFFFFFFFFFFFFFFFFFFFFFFFFFFFFFFFFFFFFFFFFFFFFFFFFFFEC
:2074C000FFFFFFFFFFFFFFFFFFFFFFFFFFFFFFFFFFFFFFFFFFFFFFFFFFFFFFFFFFFFFFFFCC
:2074E000FFFFFFFFFFFFFFFFFFFFFFFFFFFFFFFFFFFFFFFFFFFFFFFFFFFFFFFFFFFFFFFFAC
:20750000FFFFFFFFFFFFFFFFFFFFFFFFFFFFFFFFFFFFFFFFFFFFFFFFFFFFFFFFFFFFFFFF8B
:20752000FFFFFFFFFFFFFFFFFFFFFFFFFFFFFFFFFFFFFFFFFFFFFFFFFFFFFFFFFFFFFFFF6B
:20754000FFFFFFFFFFFFFFFFFFFFFFFFFFFFFFFFFFFFFFFFFFFFFFFFFFFFFFFFFFFFFFFF4B
:20756000FFFFFFFFFFFFFFFFFFFFFFFFFFFFFFFFFFFFFFFFFFFFFFFFFFFFFFFFFFFFFFFF2B
:20758000FFFFFFFFFFFFFFFFFFFFFFFFFFFFFFFFFFFFFFFFFFFFFFFFFFFFFFFFFFFFFFFF0B
:2075A000FFFFFFFFFFFFFFFFFFFFFFFFFFFFFFFFFFFFFFFFFFFFFFFFFFFFFFFFFFFFFFFFEB
:2075C000FFFFFFFFFFFFFFFFFFFFFFFFFFFFFFFFFFFFFFFFFFFFFFFFFFFFFFFFFFFFFFFFCB
:2075E000FFFFFFFFFFFFFFFFFFFFFFFFFFFFFFFFFFFFFFFFFFFFFFFFFFFFFFFFFFFFFFFFAB
:20760000FFFFFFFFFFFFFFFFFFFFFFFFFFFFFFFFFFFFFFFFFFFFFFFFFFFFFFFFFFFFFFFF8A
:20762000FFFFFFFFFFFFFFFFFFFFFFFFFFFFFFFFFFFFFFFFFFFFFFFFFFFFFFFFFFFFFFFF6A
:20764000FFFFFFFFFFFFFFFFFFFFFFFFFFFFFFFFFFFFFFFFFFFFFFFFFFFFFFFFFFFFFFFF4A
:20766000FFFFFFFFFFFFFFFFFFFFFFFFFFFFFFFFFFFFFFFFFFFFFFFFFFFFFFFFFFFFFFFF2A
:20768000FFFFFFFFFFFFFFFFFFFFFFFFFFFFFFFFFFFFFFFFFFFFFFFFFFFFFFFFFFFFFFFF0A
:2076A000FFFFFFFFFFFFFFFFFFFFFFFFFFFFFFFFFFFFFFFFFFFFFFFFFFFFFFFFFFFFFFFFEA
:2076C000FFFFFFFFFFFFFFFFFFFFFFFFFFFFFFFFFFFFFFFFFFFFFFFFFFFFFFFFFFFFFFFFCA
:2076E000FFFFFFFFFFFFFFFFFFFFFFFFFFFFFFFFFFFFFFFFFFFFFFFFFFFFFFFFFFFFFFFFAA
:20770000FFFFFFFFFFFFFFFFFFFFFFFFFFFFFFFFFFFFFFFFFFFFFFFFFFFFFFFFFFFFFFFF89
:20772000FFFFFFFFFFFFFFFFFFFFFFFFFFFFFFFFFFFFFFFFFFFFFFFFFFFFFFFFFFFFFFFF69
:20774000FFFFFFFFFFFFFFFFFFFFFFFFFFFFFFFFFFFFFFFFFFFFFFFFFFFFFFFFFFFFFFFF49
:20776000FFFFFFFFFFFFFFFFFFFFFFFFFFFFFFFFFFFFFFFFFFFFFFFFFFFFFFFFFFFFFFFF29
:20778000FFFFFFFFFFFFFFFFFFFFFFFFFFFFFFFFFFFFFFFFFFFFFFFFFFFFFFFFFFFFFFFF09
:2077A000FFFFFFFFFFFFFFFFFFFFFFFFFFFFFFFFFFFFFFFFFFFFFFFFFFFFFFFFFFFFFFFFE9
:2077C000FFFFFFFFFFFFFFFFFFFFFFFFFFFFFFFFFFFFFFFFFFFFFFFFFFFFFFFFFFFFFFFFC9
:2077E000FFFFFFFFFFFFFFFFFFFFFFFFFFFFFFFFFFFFFFFFFFFFFFFFFFFFFFFFFFFFFFFFA9
:20780000FFFFFFFFFFFFFFFFFFFFFFFFFFFFFFFFFFFFFFFFFFFFFFFFFFFFFFFFFFFFFFFF88
:20782000FFFFFFFFFFFFFFFFFFFFFFFFFFFFFFFFFFFFFFFFFFFFFFFFFFFFFFFFFFFFFFFF68
:20784000FFFFFFFFFFFFFFFFFFFFFFFFFFFFFFFFFFFFFFFFFFFFFFFFFFFFFFFFFFFFFFFF48
:20786000FFFFFFFFFFFFFFFFFFFFFFFFFFFFFFFFFFFFFFFFFFFFFFFFFFFFFFFFFFFFFFFF28
:20788000FFFFFFFFFFFFFFFFFFFFFFFFFFFFFFFFFFFFFFFFFFFFFFFFFFFFFFFFFFFFFFFF08
:2078A000FFFFFFFFFFFFFFFFFFFFFFFFFFFFFFFFFFFFFFFFFFFFFFFFFFFFFFFFFFFFFFFFE8
:2078C000FFFFFFFFFFFFFFFFFFFFFFFFFFFFFFFFFFFFFFFFFFFFFFFFFFFFFFFFFFFFFFFFC8
:2078E000FFFFFFFFFFFFFFFFFFFFFFFFFFFFFFFFFFFFFFFFFFFFFFFFFFFFFFFFFFFFFFFFA8
:20790000FFFFFFFFFFFFFFFFFFFFFFFFFFFFFFFFFFFFFFFFFFFFFFFFFFFFFFFFFFFFFFFF87
:20792000FFFFFFFFFFFFFFFFFFFFFFFFFFFFFFFFFFFFFFFFFFFFFFFFFFFFFFFFFFFFFFFF67
:20794000FFFFFFFFFFFFFFFFFFFFFFFFFFFFFFFFFFFFFFFFFFFFFFFFFFFFFFFFFFFFFFFF47
:20796000FFFFFFFFFFFFFFFFFFFFFFFFFFFFFFFFFFFFFFFFFFFFFFFFFFFFFFFFFFFFFFFF27
:20798000FFFFFFFFFFFFFFFFFFFFFFFFFFFFFFFFFFFFFFFFFFFFFFFFFFFFFFFFFFFFFFFF07
:2079A000FFFFFFFFFFFFFFFFFFFFFFFFFFFFFFFFFFFFFFFFFFFFFFFFFFFFFFFFFFFFFFFFE7
:2079C000FFFFFFFFFFFFFFFFFFFFFFFFFFFFFFFFFFFFFFFFFFFFFFFFFFFFFFFFFFFFFFFFC7
:2079E000FFFFFFFFFFFFFFFFFFFFFFFFFFFFFFFFFFFFFFFFFFFFFFFFFFFFFFFFFFFFFFFFA7
:207A0000FFFFFFFFFFFFFFFFFFFFFFFFFFFFFFFFFFFFFFFFFFFFFFFFFFFFFFFFFFFFFFFF86
:207A2000FFFFFFFFFFFFFFFFFFFFFFFFFFFFFFFFFFFFFFFFFFFFFFFFFFFFFFFFFFFFFFFF66
:207A4000FFFFFFFFFFFFFFFFFFFFFFFFFFFFFFFFFFFFFFFFFFFFFFFFFFFFFFFFFFFFFFFF46
:207A6000FFFFFFFFFFFFFFFFFFFFFFFFFFFFFFFFFFFFFFFFFFFFFFFFFFFFFFFFFFFFFFFF26
:207A8000FFFFFFFFFFFFFFFFFFFFFFFFFFFFFFFFFFFFFFFFFFFFFFFFFFFFFFFFFFFFFFFF06
:207AA000FFFFFFFFFFFFFFFFFFFFFFFFFFFFFFFFFFFFFFFFFFFFFFFFFFFFFFFFFFFFFFFFE6
:207AC000FFFFFFFFFFFFFFFFFFFFFFFFFFFFFFFFFFFFFFFFFFFFFFFFFFFFFFFFFFFFFFFFC6
:207AE000FFFFFFFFFFFFFFFFFFFFFFFFFFFFFFFFFFFFFFFFFFFFFFFFFFFFFFFFFFFFFFFFA6
:207B0000FFFFFFFFFFFFFFFFFFFFFFFFFFFFFFFFFFFFFFFFFFFFFFFFFFFFFFFFFFFFFFFF85
:207B2000FFFFFFFFFFFFFFFFFFFFFFFFFFFFFFFFFFFFFFFFFFFFFFFFFFFFFFFFFFFFFFFF65
:207B4000FFFFFFFFFFFFFFFFFFFFFFFFFFFFFFFFFFFFFFFFFFFFFFFFFFFFFFFFFFFFFFFF45
:207B6000FFFFFFFFFFFFFFFFFFFFFFFFFFFFFFFFFFFFFFFFFFFFFFFFFFFFFFFFFFFFFFFF25
:207B8000FFFFFFFFFFFFFFFFFFFFFFFFFFFFFFFFFFFFFFFFFFFFFFFFFFFFFFFFFFFFFFFF05
:207BA000FFFFFFFFFFFFFFFFFFFFFFFFFFFFFFFFFFFFFFFFFFFFFFFFFFFFFFFFFFFFFFFFE5
:207BC000FFFFFFFFFFFFFFFFFFFFFFFFFFFFFFFFFFFFFFFFFFFFFFFFFFFFFFFFFFFFFFFFC5
:207BE000FFFFFFFFFFFFFFFFFFFFFFFFFFFFFFFFFFFFFFFFFFFFFFFFFFFFFFFFFFFFFFFFA5
:207C0000FFFFFFFFFFFFFFFFFFFFFFFFFFFFFFFFFFFFFFFFFFFFFFFFFFFFFFFFFFFFFFFF84
:207C2000FFFFFFFFFFFFFFFFFFFFFFFFFFFFFFFFFFFFFFFFFFFFFFFFFFFFFFFFFFFFFFFF64
:207C4000FFFFFFFFFFFFFFFFFFFFFFFFFFFFFFFFFFFFFFFFFFFFFFFFFFFFFFFFFFFFFFFF44
:207C6000FFFFFFFFFFFFFFFFFFFFFFFFFFFFFFFFFFFFFFFFFFFFFFFFFFFFFFFFFFFFFFFF24
:207C8000FFFFFFFFFFFFFFFFFFFFFFFFFFFFFFFFFFFFFFFFFFFFFFFFFFFFFFFFFFFFFFFF04
:207CA000FFFFFFFFFFFFFFFFFFFFFFFFFFFFFFFFFFFFFFFFFFFFFFFFFFFFFFFFFFFFFFFFE4
:207CC000FFFFFFFFFFFFFFFFFFFFFFFFFFFFFFFFFFFFFFFFFFFFFFFFFFFFFFFFFFFFFFFFC4
:207CE000FFFFFFFFFFFFFFFFFFFFFFFFFFFFFFFFFFFFFFFFFFFFFFFFFFFFFFFFFFFFFFFFA4
:207D0000FFFFFFFFFFFFFFFFFFFFFFFFFFFFFFFFFFFFFFFFFFFFFFFFFFFFFFFFFFFFFFFF83
:207D2000FFFFFFFFFFFFFFFFFFFFFFFFFFFFFFFFFFFFFFFFFFFFFFFFFFFFFFFFFFFFFFFF63
:207D4000FFFFFFFFFFFFFFFFFFFFFFFFFFFFFFFFFFFFFFFFFFFFFFFFFFFFFFFFFFFFFFFF43
:207D6000FFFFFFFFFFFFFFFFFFFFFFFFFFFFFFFFFFFFFFFFFFFFFFFFFFFFFFFFFFFFFFFF23
:207D8000FFFFFFFFFFFFFFFFFFFFFFFFFFFFFFFFFFFFFFFFFFFFFFFFFFFFFFFFFFFFFFFF03
:207DA000FFFFFFFFFFFFFFFFFFFFFFFFFFFFFFFFFFFFFFFFFFFFFFFFFFFFFFFFFFFFFFFFE3
:207DC000FFFFFFFFFFFFFFFFFFFFFFFFFFFFFFFFFFFFFFFFFFFFFFFFFFFFFFFFFFFFFFFFC3
:207DE000FFFFFFFFFFFFFFFFFFFFFFFFFFFFFFFFFFFFFFFFFFFFFFFFFFFFFFFFFFFFFFFFA3
:207E0000FFFFFFFFFFFFFFFFFFFFFFFFFFFFFFFFFFFFFFFFFFFFFFFFFFFFFFFFFFFFFFFF82
:207E2000FFFFFFFFFFFFFFFFFFFFFFFFFFFFFFFFFFFFFFFFFFFFFFFFFFFFFFFFFFFFFFFF62
:207E4000FFFFFFFFFFFFFFFFFFFFFFFFFFFFFFFFFFFFFFFFFFFFFFFFFFFFFFFFFFFFFFFF42
:207E6000FFFFFFFFFFFFFFFFFFFFFFFFFFFFFFFFFFFFFFFFFFFFFFFFFFFFFFFFFFFFFFFF22
:207E8000FFFFFFFFFFFFFFFFFFFFFFFFFFFFFFFFFFFFFFFFFFFFFFFFFFFFFFFFFFFFFFFF02
:207EA000FFFFFFFFFFFFFFFFFFFFFFFFFFFFFFFFFFFFFFFFFFFFFFFFFFFFFFFFFFFFFFFFE2
:207EC000FFFFFFFFFFFFFFFFFFFFFFFFFFFFFFFFFFFFFFFFFFFFFFFFFFFFFFFFFFFFFFFFC2
:207EE000FFFFFFFFFFFFFFFFFFFFFFFFFFFFFFFFFFFFFFFFFFFFFFFFFFFFFFFFFFFFFFFFA2
:207F0000FFFFFFFFFFFFFFFFFFFFFFFFFFFFFFFFFFFFFFFFFFFFFFFFFFFFFFFFFFFFFFFF81
:207F2000FFFFFFFFFFFFFFFFFFFFFFFFFFFFFFFFFFFFFFFFFFFFFFFFFFFFFFFFFFFFFFFF61
:207F4000FFFFFFFFFFFFFFFFFFFFFFFFFFFFFFFFFFFFFFFFFFFFFFFFFFFFFFFFFFFFFFFF41
:207F6000FFFFFFFFFFFFFFFFFFFFFFFFFFFFFFFFFFFFFFFFFFFFFFFFFFFFFFFFFFFFFFFF21
:207F8000FFFFFFFFFFFFFFFFFFFFFFFFFFFFFFFFFFFFFFFFFFFFFFFFFFFFFFFFFFFFFFFF01
:207FA000FFFFFFFFFFFFFFFFFFFFFFFFFFFFFFFFFFFFFFFFFFFFFFFFFFFFFFFFFFFFFFFFE1
:207FC000FFFFFFFFFFFFFFFFFFFFFFFFFFFFFFFFFFFFFFFFFFFFFFFFFFFFFFFFFFFFFFFFC1
:207FE000FFFFFFFFFFFFFFFFFFFFFFFFFFFFFFFFFFFFFFFFFFFFFFFFFFFFFFFFFFFFFFFFA1
:020000023000CC
:2080000000FE002001840300C73B0400C13B0400CD3B0400D33B0400D93B0400000000007E
:20802000000000000000000000000000273C0400DF3B040000000000E53B0400EB3B04006D
:20804000213C0400213C0400213C0400213C0400213C0400213C0400213C0400213C040018
:20806000213C0400213C0400213C0400213C0400213C0400213C0400213C0400213C0400F8
:20808000213C0400213C0400213C0400213C0400213C0400213C0400213C0400213C0400D8
:2080A000213C0400213C0400213C0400213C0400213C0400213C0400213C0400213C0400B8
:2080C000213C0400213C0400213C0400213C0400213C0400213C0400213C0400213C040098
:2080E000213C0400213C0400213C0400213C0400213C0400213C0400213C0400213C040078
:20810000213C0400213C0400213C0400213C0400213C0400213C0400213C0400213C040057
:20812000213C0400213C0400213C0400213C0400213C0400213C0400213C0400213C040037
:20814000213C0400213C0400213C0400213C0400213C0400213C0400213C0400213C040017
:20816000213C0400213C0400213C0400213C0400213C0400213C0400213C0400213C0400F7
:20818000213C0400213C0400213C0400213C0400213C0400213C0400213C0400213C0400D7
:2081A000213C0400213C0400213C0400213C0400213C0400213C0400213C0400213C0400B7
:2081C000213C0400213C0400213C0400213C0400213C0400213C0400213C0400213C040097
:2081E000213C0400213C0400213C0400213C0400213C0400213C0400213C0400213C040077
:20820000213C0400213C0400213C0400213C0400213C0400213C0400213C0400213C040056
:20822000213C0400213C0400213C0400213C0400213C0400213C0400213C0400213C040036
:20824000213C0400213C0400213C0400213C0400213C0400213C0400213C0400213C040016
:20826000213C0400213C0400213C0400213C0400213C0400213C0400213C0400213C0400F6
:20828000213C0400213C0400213C0400213C0400213C0400213C0400213C0400213C0400D6
:2082A000213C0400213C0400213C0400213C0400213C0400213C0400213C0400213C0400B6
:2082C000213C0400213C0400213C0400213C0400213C0400213C0400213C0400213C040096
:2082E000213C0400213C0400213C0400213C0400213C0400213C0400213C0400213C040076
:20830000213C0400213C0400213C0400213C0400213C0400213C0400213C0400213C040055
:20832000213C0400213C0400213C0400213C0400213C0400213C0400213C0400213C040035
:20834000213C0400213C0400213C0400213C0400213C0400213C0400213C0400213C040015
:20836000213C0400213C0400213C0400213C0400213C0400FFFFFFFFFFFFFFFFFFFFFFFF24
:20838000FFFFFFFFFFFFFFFFFFFFFFFFFFFFFFFFFFFFFFFFFFFFFFFFFFFFFFFFFFFFFFFFFD
:2083A000FFFFFFFFFFFFFFFFFFFFFFFFFFFFFFFFFFFFFFFFFFFFFFFFFFFFFFFFFFFFFFFFDD
:2083C000FFFFFFFFFFFFFFFFFFFFFFFFFFFFFFFFFFFFFFFFFFFFFFFFFFFFFFFFFFFFFFFFBD
:2083E000FFFFFFFFFFFFFFFFFFFFFFFFFFFFFFFFFFFFFFFFFFFFFFFFFFFFFFFFFFFFFFFF9D
:2084000072B6002000210022002300240025002600271F481F4901601F4880F30888FFE798
:208420001E4801680F22120511430160BFF34F8FBFF36F8FFFE71A48002809D019491A4A21
:20844000521A013A04DD0020002309C1083AFCDAFFE7134800280BD0144802C8013907DBE9
:2084600038C82A1BFAD040CC40C3043AFBDCF5E7FFE70F4802C8013907DB18C8E21AFAD024
:20848000002520C3043AFCDCF5E762B60AF0AAF808ED00E00000002000FE002088ED00E0C6
:2084A000010000000000002000FF002094D90400C8D904003349086801300860052001F0CB
:2084C000BFB900B52F494868013048600A2009F030FE2D4908700A2005F01EFB0A2005F0D8
:2084E00060F80A2000F05FFF0A2008F0CBFF0A2000F06EF80A2007F095FE00BD00B51420E6
:2085000004F01CFD142004F097FC142006F085F9142001F0B0F900BD322001F0D0BC00B5DC
:20852000642000F0D0FE642003F068FA642006F0DAF9642006F05AF800BD10B502F0B8FDDE
:2085400008F0E9FF01F0B9FC04F074FC03F054FA00F07EFF044604F0C3FD044301F09EF9B6
:20856000044300F04EFF044304F04EFE044306F065FA044301F0BFFE0443E4B204F00AFF85
:20858000204610BDF4070020F0070020184A0146106803E002688A4202D0C0680028F9D150
:2085A000704770B584B00C460546FFF7EFFF60B10026009602A901AA62C28168684688477D
:2085C00018B903982060002000E0012004B070BD00F08FB806490A6812B9086004E00A464E
:2085E000D1680029FBD1D0600021C160084670471C0800200021404A52F83130834202D1A4
:2086000012EBC10003E001311229F4D30020704710B504460068FFF7EDFF10B101791229DF
:2086200001D3012004E035484900085A6060002010BD00207047026812B94068FFF7E8BF3B
:208640000020704770B541F6FF740020264625460BF00DF800E0ADB200200BF0C9F8032837
:2086600001D0013DF7D201200BF001F800E0B6B201200BF0BDF8032801D0013EF7D20220CE
:208680000AF0F5FF00E0A4B202200BF0B1F8032801D0013CF7D270BD70B5002426461849AB
:2086A000164D11EB0610FFF795FF4FF6FF710443E4B270000136122E4153F0D329000020A2
:2086C0000AF094FF15F10C0101200AF08FFF15F1180102200AF08AFF00200BF05FF80120FA
:2086E0000BF05CF802200BF059F8FFF7ABFF204670BDFFF7A7BF000074030020200800204F
:20870000040400200B480178FF2900D1002101310170704708490878FF2800D100200130D7
:208720000870704705490878FF2800D100200130087070474408002045080020460800207D
:20874000082100F080024006000E802A01D190F031000139F5D1704710B50024E0B2FFF7D5
:20876000EFFFD24908550134B4F5807FF6D3002010BDF0B582B00546002000900190A8787D
:208780000E4610F0800128462CD11F4600F048F8688869468870000A4870287901AA042338
:2087A000087068780EF095FF68780EF0C1FF04464FB94FF6FF7069460880FF2088706878FD
:2087C0000EF0B6FF044346B301A9887870704878B0700878F070304600F034F801281CD1B4
:2087E00004461AE000F01CF80446688869468870000A4870287901AA0423087068780EF0C5
:2088000068FF68780EF094FF044336B101A9887870704878B0700878F070204602B0F0BD43
:2088200030B5A34D0446287818B9FFF795FF012028709E48A178E278415C5140415C002021
:20884000217130BD30B59A4D0446287818B9FFF783FF0120287095486178A278415C5140E3
:20886000415CE078401A18BF012030BD0000F0B586B0064601911C468E4D104609F0E6FF9A
:2088800000228D4B0AF03FF807460391204609F0DDFF0022884B0AF036F80022874B0AF086
:2088A0004FF93A46039B0AF04BF9854A854B0AF0F2F9834A844B0AF043F909F0DDFF84085D
:2088C00000F00307002005AA111F107001980E704E704000043050F080008870CC700023BF
:2088E0001A4608461946FFF744FF0090019804A94000053050F080008870CF7000231A466D
:2089000008461946FFF735FF00990143C9B2009101991B2006FB0050012908D30AD0022967
:208920000AD11B2006FB0050C471077204E0C470077101E044718771009806B0F0BDF0B564
:2089400084B006460191642A00D96422594D104609F07CFF5D4A5E4B0AF0F2F809F08CFFF0
:20896000840800F00307002003AA111F107001980E704E7040000A3050F080008870CC70B1
:2089800000231A4608461946FFF7F3FE0090019802A940000B3050F080008870CF70002357
:2089A0001A4608461946FFF7E4FE00990143C9B2009101991B2006FB0050012908D30AD0E4
:2089C00002290AD11B2006FB00504473877304E04472877201E0C4720773009804B0F0BD37
:2089E00030B582B0334B00248DF804406D4668709424AC701B2400FB04342870012AE07C05
:208A000002D18A40104302E001228A409043E87000231A4619466846FFF7ABFEE978E17487
:208A200002B030BDF0B582B02249064600208DF804001B2006FB00156F463E707E7028781E
:208A4000F8708020B87000231A4619463846FFF790FE0446E87BF8709020B87000231A4692
:208A600019466846FFF785FE0443287CF8709120B87000231A4619466846FFF77AFE0443FF
:208A8000687CF8709220B87000231A4619466846FFF76FFE0443A87CF8709320B8700023EC
:208AA0001A4619466846FFF764FE13E048080020480900202405002000408F40000028405D
:208AC0009A9999999999C93F99997940F6285C8FC27524400443E878F8708420B87000236A
:208AE0001A4619466846FFF744FE04436879F8708620B87000231A4619466846FFF739FEB6
:208B000004432879F8708520B87000231A4619466846FFF72EFE0443A879F8708720B870E7
:208B200000231A4619466846FFF723FE0443687AF8708A20B87000231A4619466846FFF7A5
:208B400018FE0443E87AF8708C20B87000231A4619466846FFF70DFE0443A87AF8708B200D
:208B6000B87000231A4619466846FFF702FE0443287BF8708D20B87000231A461946684690
:208B8000FFF7F7FD0443A878F8708320B87000231A4619466846FFF7ECFD04436878F87053
:208BA0008220B87000231A4619466846FFF7E1FD0443687800F0BF006870E87CF870942059
:208BC000B87000231A4619466846FFF7D2FD0443E4B2304600231A46194600F0FAF830468B
:208BE00000231A46062100F0F4F8304600231A46072100F0EEF80821304600231A4600F0E6
:208C0000E8F8204602B0F0BD00B582B000218DF804106A460B46107050708020907001200C
:208C2000D07010460A46FFF7A4FD02B000BDCB20108000207047000030B583B004460D4641
:208C4000002001AA694610715470147003209070FF20D0700C7000204870488000231046BA
:208C60001A46FFF786FD50B96B4A1B2104FB01216A4692788978891A18BF0121297003B05D
:208C800030BDF0B586B0654D002101AA074611745073917310731070FF21D17303950021D5
:208CA00051705180511EFFF7C7FF040003D16946C978E81CC1555A49C85D012821D1564993
:208CC0001B2004AA07FB0015012001A90E46A87516200023907010461A46FFF74AFD0443C5
:208CE000B078E4B2687564B9039B182107FB01364C4A718B515CAA7D063660F39F024900CD
:208D00008A53039A1820911D07FB0016B08A032801D2013009E0F08A01210130F082F08AD0
:208D2000B1820A2802D30020F082B0823C48012204A9C2551820887008460C3900231A4684
:208D4000FFF717FD344A04431B2107FB012501A88078E8754007400F1DD0192004AA01A9CE
:208D60009070FF20D070002310461A46FFF701FD044301A9887804AA28761A209070FF2031
:208D8000D070002310461A46FFF7F3FC044301A88078687602E028766876A876822004A944
:208DA0008870687850F00400C87008460C3900231A46FFF7DEFCB18A04431A48002301224F
:208DC000415C384600F005F80443E0B206B0F0BD000030B582B0044600208DF804006D4692
:208DE0006C709520A8702C7001F00F00D90750EAD160D10750EA1160E87000231A46194626
:208E00002846FFF7B6FC044A1B2104FB0121EA780A7502B030BD0000240500204809002057
:208E2000490900209CA5040009B9012005E0182250434D4A805A0880002070470AB9012032
:208E400008E018235843484B181810EB4100C08910800020704710B50346002052B1434CE5
:208E6000012909D30DD0022904D11B2103FB0141897E0AE0012009E01B2103FB0141097E95
:208E800003E01B2103FB0141497E117010BD002008707047364A105C087000207047F0B52F
:208EA00083B0002401AA8021304E1B25147150709170454310706A46547054801070705D6E
:208EC00041061BD450F0400001AF234622462146F8703846FFF74DFC04460020B87069468E
:208EE00000231A463846FFF744FC044306D16846807810F0400114BF70550124204603B060
:208F0000F0BDF0B583B0002401AA8021174E1B25147150709170454310706A465470548021
:208F20001070705D41061BD500F0BF0001AF234622462146F8703846FFF71BFC04460020B9
:208F4000B870694600231A463846FFF712FC044306D16846807810F040010CBF705501247B
:208F6000204603B0F0BDC0464E090020240500204B0900200168994B02464900585CC9187E
:208F8000938864224978FFF772BC0168934B024649001279585CC9184978FFF7D0BC0168A7
:208FA0008E4B024649001279585CC9184978FFF717BD00B50179007811B9FFF7A2FF01E0B3
:208FC000FFF76DFF002000BD30B581B0054600206A46911C50802878FFF726FF0446012876
:208FE0000ED06846408809F031FC7D4A7D4B09F08AFC00227C4B09F04CFE09F041FCA8805F
:20900000204601B030BD30B581B0044600206B46D91CD8702078FFF73AFF05466B46207883
:20902000D9780A00217918BF012262F300012171D91CFFF72FFF6946C97828430A00217941
:2090400018BF022231F002011143217101B030BD30B581B005460020604A6B465880296828
:209060004900505C89189A1C4978FFF7E7FE044601280ED068464088013009F0EAFB002210
:209080005A4B09F05DFD0022594B09F059FDC5E90101204601B030BD10B581B001684F4A17
:2090A00004466B464900505C891800224978DA70DA1CFFF7D0FE01280FD06946C978012916
:2090C0000CBF02220022022908BF42F00102217962F301012171002200E00246217962F39C
:2090E0008201217101B010BD10B581B001683B4A04466B464900505C8918002249785A80AB
:209100009A1CFFF794FD0021012801D069464988A18001B010BD00B5024600680538052809
:2091200019D801A1D1E800F00307130B170F5068FFF78EFF10E05068FFF7AEFF0CE050687B
:20914000FFF742FF08E05068FFF75DFF04E05068FFF7CAFF00E0012000BD00B5026800218D
:20916000012A09D31BD0032A09D30CD0042A0ED00B2A10D0012112E000F013F80EE0406852
:20918000FFF703FF0AE04068FFF7F4FE06E04068FFF705FF02E04068FFF70BFF01460846B6
:2091A00000BD40680078FFF73DBC40680078FFF72BBD40680078FFF764BD30B5002425463A
:2091C0000C49242005FB001000F032F90443E4B20135022DF4D3204630BDC046A8A5040018
:2091E0005A643BDF4F8DF73F0030704000E050400000503F5C050020F0B582B00A46822854
:2092000001DC642427E0872809DC40F2A32110EB8000081A052190FBF1F45F341BE09128DE
:2092200009DC2321484341F2D331081A0A2190FBF1F43C340FE0962809DC40F2EE2110EB48
:209240008000081A052190FBF1F4373403E00024992800DC372469460231104600F07FF8CD
:20926000051E27D1694649880120A84008401ED0324F28467C5507F06EFA019000260199A4
:209280000120B04008400FD0304607F03BFA002201219140014004D07B5DB95C994200D929
:2092A000BB540132062AF3DB01360B2EE7DB0135062DD7DB02B0F0BD01466420062901DAED
:2092C0001E48405C704770B581B00A24002569460231284600F04EF8012822D018496A467A
:2092E00011EB05163079528816EB40010130307130790528CA8009D300203071B01D052110
:2093000003F00FFB70800120307002E03078012807D1B6F90200A04200DD04462946FFF7F5
:209320006BFF0135012DD2DD06490020822C0C8000DD012000F0D3FF01B070BDA4050020A0
:209340007E090020AA050020404A0146106803E042688A4202D0006A0028F9D1704710B54B
:209360000C46FFF7F1FF08B9012002E000892080002010BD30B584B00C460546FFF7E4FF4C
:2093800008B901200DE008210291694603914169009502A88847C0B2002804BFBDF8041021
:2093A000218004B030BD30B585B028480024056815E06868E96900900920039068460490AB
:2093C00003A8884704436868696901900A20039001A80490083088470443E4B22D6A002DF7
:2093E000E7D1204605B030BD184A0146106805E0038901228A401A4002D1006A0028F7D1A7
:20940000704710B583B0114804680DE06068E1680090002001906846029001A888470006DB
:2094200001D0012002E0246A2000EFD103B010BD06490A6812B9086004E00A46116A00299E
:20944000FBD110620021016208467047A009002010B501F058FF0446FFF71EF90443FFF7DB
:20946000ACFE204310BD0000C8490878704730B585B00446FFF7B8FF08B9012017E00521BA
:209480000391694604914169009403A88847C0B268B9BF4B302104FB0131BE4A019B029DDA
:2094A0008B62CD6251880123A3401943518005B030BD30B584B00C460546FFF795FF08B9E0
:2094C00001200DE006210291694603914169009502A88847C0B2002804BF9DF80410217032
:2094E00004B030BDAA4A302303FB002001717047F0B583B0A64907460022302007FB00169F
:20950000A44C30680192012840F08C803079012840F08880306AF1898842C0F08B80694679
:2095200003313846FFF7C5FF0190002840F0D8806846C078C1070BD505220121307A03F00A
:20954000E5F9307200220121707A03F0E4F90CE0800712D500220121307A03F0DCF93072DB
:2095600005220121707A03F0D1F9707200220121F07A03F0D0F9F0727EE06846C0784007C2
:209580007AD400220121307A03F0C5F9307200220121707A03F0BFF97072B07D64286BD18C
:2095A0003846FFF764FF61880120B84008404BD0D6E90A45384607F0E7F802900022764B98
:2095C0002000290009F0BCFA09F056F984B20298A04209D905220121F07A03F097F9F0721F
:2095E00000220121307B19E0384607F0CDF8B4F10A01884240DA00220121F07A03F08BF990
:20960000F072384607F0D8F802460121A242307B03D2052203F07AF902E0002203F07BF9DD
:20962000307329E0308AC82801D2C8203082716A814201D2104654E03846FFF718FF6188F8
:209640000120B840084001D101204AE0D6E90A4552490020A042A94105DA05220121B07AA5
:2096600003F054F907E04E496D1A05DA00220121B07A03F050F9B07200244549302004FBF9
:209680000015287A052802D22A7B052A01D3012201E0104303D12046002100F0B5FD687A34
:2096A0000122052801D2021E03D12046012100F0ABFDE87A0122052801D2021E03D1204694
:2096C000032100F0A1FDA87A0122052801D2021E03D12046022100F097FD0134062CCCD38C
:2096E000019803B0F0BD00000000294A302303FB002041830020704770B584B00C462449DA
:209700000646302006FB0015A88AA04201D1002013E03046FFF768FE08B901200DE0009667
:2097200001AA032114800291694603918169101D8847C0B2002808BFAC8204B070BD70B575
:2097400084B00C4612490646302006FB0015A87DA04201D1002016E03046FFF745FE08B917
:20976000012010E00096642C00D9642401AA022114700291694603918169101D8847C0B2D1
:20978000002808BFAC7504B070BDC046A4090020AC050020A40900200000244000001440AF
:2097A00000001040F0B584B06C4F302646430446B859884201D1002013E00D462046FFF72D
:2097C00013FE08B901200CE000942A46042301A96C461CC1816902A88847C0B2002808BF82
:2097E000BD5104B0F0BD000010B50246012383405B480088034001D1012007E0002030234B
:209800005A43564B9A18936AD46A18C110BD534A3023584380580860002070474F493022EB
:2098200002FB0010008B70474C49302202FB0010408B70474949302202FB0010808B7047B0
:2098400030B50022454B302102FB0131CC88E4070CD50B680025012B04D10C6A4D622418D7
:209860000C6203E04C6A0D6224184C620132062AE8DB002030BD10B500243849302004FB9C
:209880000010C088C10704D5800702D52046FFF72FFE0134062CF0DB002010BD70B500257F
:2098A000304C284606F02EFF28B1284606F02AFF21780143217001350A2DF1DD207800F004
:2098C0003F002070002521780120A8400140234811D0302105FB0106F08850F00300F080E2
:2098E0004FF6FF703083284606F07EFFB0836420F081308206E0302105FB0101C88830F09D
:209900000300C8800135062DDDDB002070BD000010B504460021FFF7EFFE20460021FFF7FE
:209920000EFF20460021FFF73DFF10BD30B515460446FFF7E1FE29462046FFF700FF204605
:209940000121FFF72FFF30BD00000449302202FB00100021816001737047C046AC05002024
:20996000A6090020A409002010B533480A7803799A420AD1002205E004690B69A45C9C547E
:209980000132D2B20B7B9A42F6D3002010BD70B5294C0E460879217E154688420CD1114691
:2099A00000F023F800207179884216D2616A2A5C0A540130C0B2F6E794F82C1088420CD142
:2099C000114600F012F8002004E0A16B2A5C0A540130C0B271798842F7D3002070BD0020B4
:2099E0007047164A087810707047032804D0C42805D1084608F03BBA084608F030BA7047B6
:209A00000F4A5178013151701088010A0130107010780C4A322803D9106850F00800106099
:209A2000322903D9106850F00100106070470449002008707047C046B8AE0400B209002028
:209A4000A8090020EC2A002070B50446C5B2284603F07DFC0646052003F04CFD704364215A
:209A600090FBF1F6F6B2284603F06DFC324601462046FFF75BFF70BDFFF74ABFF0B5054671
:209A8000052006F03FFE0646002456FA04F0C0071DD5052003F005FC67000128204605D11C
:209AA000FFF7D2FF785B4021084304E0FFF7E4FF785B402188437853014005D0204600F06D
:209AC000C0FB022100B90121084603F0D4FB0134062CDADBF0BD000070B500204C4A1C21DC
:209AE000002300FB01211C461E460C31DA43154678C101300C28F1D346489FED470ADFED12
:209B0000470A194680ED010AC0ED020A80ED030A18460EF04FFA70BD10B50446002108469A
:209B20000EF0D2F90A21B0FBF1F01C21384A6143885010BD10B50446002108460EF0C4F964
:209B40000A21B0FBF1F11C20314A604313581218994201D832480918D0685160C91A916052
:209B6000884200D2D1605069884200D951611369002B0EBF0B4658184308136193695B18A7
:209B8000936110BD10B500210A4621481C2302FB03039B69C9180132042AF6D900221C23AD
:209BA00002FB0303002401320C2A9C61F7D300EE101ADFED1C0AB8EE400A80EE200A15485F
:209BC0009FED192A90ED011A20EE020AB4EE401AF1EE10FA80ED000A01DA80ED010AD0ED98
:209BE000021AF4EE401AF1EE10FA01D980ED020AD0ED030AF5EE400AF1EE10FA05D030EEFE
:209C0000800AB6EE002A20EE020A80ED030A10BDC4090020140B00200000000000007A44A1
:209C20009A999919005043480000C84210B5FF24012B00D05440002204E0835C63400F4CFF
:209C40000132E45C8A42F8D394F0FF0010BD30B54FF6FF74012B00D0144600230AE0C55C89
:209C600095EA1422064D1206D20D525B92EA0424A4B201338B42F2D3204630BDB4A50400C8
:209C8000B4A6040010B5984C0120606007F0EEF9207207F0EEF9607207F0EEF9608107F006
:209CA000EEF9207307F0EEF9607307F0EEF9A07307F0EEF9E07307F0EEF9207407F0EEF907
:209CC000607407F0EEF9A07407F0EEF9E07407F0EEF9A082002010BD70B5834C218CA28AD2
:209CE000914201D208182084607E2076002003F015FF064603F05EFF0025012E2CD1012849
:209D00002AD194F82800C8B903F05EFF052812D801A1D1E800F0C0460406080A0C0E607C49
:209D200008E0207B06E0607B04E0A07B02E0E07B00E0207C60763046E66106E0A06A00079D
:209D4000400F03D0E561657602206062207E617E88420AD0258408E0208CA18A884201D3B5
:209D6000E561657684F828506562E169606803F041F8C8210120627E07F0A8FB284670BDAA
:209D800010B5594CE069012818D1606803F028F8638914F12C029842117803D9022907D2C1
:209DA000013101E0013909D311701178022905D3A06A50F00400A06200201070002010BD90
:209DC00010B5494C606A98B1606803F020F8012806D309D003280BD8A06A50F0020006E028
:209DE000A06A30F0030002E0A06A50F00100A062002010BDF0B583B03C4E70680027012890
:209E000058D169460720FEF7CCFB070052D1009808F01CFD3A46364B08F092FE3A46354B2B
:209E200008F071FDC6E90601307808F00FFD04000D0002F0CDFF304A304B08F081FE2200FD
:209E40002B0008F07DFE3A462D4B08F05CFD04000D003A462B4BD6E9060108F071FE3A4667
:209E6000294B08F050FD0190029102000B002000290009F06FF80198029904DB02460B46A3
:209E80002000290001E022002B0008F002FF0B0016F120052C781D498742994103DA0A2C5B
:209EA00007D2013401E0013C04D32C7028780A2800D32F70384603B0F0BDFFF7E3BE10B585
:209EC00004460D2006F01EFC00060CD507F0CAF8012808D12046FFF7FFFEFFF751FFFFF7C4
:209EE0006FFFFFF787FF10BD240B00203C0B00200000144000FEAF40B96408D6D1E6ED3FD6
:209F00000000594000804C40000024400000F03F70B582B00546C6B200200146CDE90001D1
:209F2000304603F014FA2D4A290154185054304603F009FA608069462846FFF755FCDDE983
:209F4000000108F099FCA0804FF6FF70E080284606F001FC002101228A40024003D0204B50
:209F600053F82120A26001310B29F4D3FF20207302B070BD30B50C460546FFF7C9FF1749F5
:209F800011EB051210782070508800096070508891880007090B51EA1060A07090880009FD
:209FA000E07051680807090F51EA10602071D08800096071D08891680007C1F3036151EA58
:209FC0001060A0719068000CE0719068000A207290686072107BA07230BD0000600B002038
:209FE000CC06002010B50446022802D101F022F806E0032802D101F037F801E0FFF788FCF9
:20A0000068490878012802D12046FFF781FC10BDF0B582B004460E46634D002702284AD1DC
:20A02000C88810F0100002D001F004F84BE0287800F0010000F0F0FF04E0287800F00100F1
:20A0400001F004F8610000E04100885B50F0040088536000805B400719D52F710120E87006
:20A06000E7B2384603F06FF90190022003F042FA0090384603F06BF9009B5843642190FBE1
:20A08000F1F7FFB23A4620460199FFF74FFC204600F0D7F8F0B3642F3CD1042003F03EFDAC
:20A0A000A11E012924D8F8B9287850F00100287000F0C0FF20E00328C6D1888810F0100000
:20A0C000BBD000F0D1FF6100885B30F0040088532046FFF73AFC28790028BAD10120287152
:20A0E0002046FFF715FCB4E72046FFF72EFC03E0287850F0020028706100885B30F004000D
:20A1000088532046FFF76EFF022003F0ADF80120687009E0687838B96000805B10F00400EF
:20A1200000D0012003F0A0F802B0F0BDF0B50646022006F0E7FA0746002457FA04F0C007DD
:20A140002AD5022003F0ADF8012804D131462046FFF75EFF20E06100885B134D30F0040050
:20A1600088532046FFF7F1FB287800F0FE00287000206870032006F0C5FA0546032003F065
:20A1800090F855FA04F3DB0700D010B92046FFF729FF002003F068F80134062CCDDB002050
:20A1A000F0BDC046C30B0020C00B00204B2808D25B4AC11000F0070001238340505C18406E
:20A1C00001D1002000E00120704700004B2801D3012009E0524A00F0070101238B40C11030
:20A1E000505C18435054002070474B2801D3012009E04B4B00F0070101228A40C110585C8C
:20A20000904358540020704700B5012904D309D003290BD30ED013E04249085C72B1FFF776
:20A22000D5FF0DE04049085C42B1F8E73F49085C22B1F4E73E49002A085CF0D1FFF7D5FF64
:20A2400000BD30B5054638480024405DFFF7AEFF00B102243548405DFFF7A8FF08B154F0A2
:20A2600004043048405DFFF7A1FF08B154F001042F48405DFFF79AFF08B154F00804204617
:20A2800030BD03460020052B0EDA012904D306D15B001A33D8B202E058001B30C0B20AB194
:20A2A000FFF794BFFFF7A1BF70470000022806DC2430C0B209B1FFF789BFFFF796BF70477C
:20A2C0000930C0B209B1FFF781BFFFF78EBF194A105C09B1FFF77ABFFFF787BF000010B1EB
:20A2E0004520FFF773BF7047134A105C09B1FFF76DBFFFF77ABF00B5FFF7B6F8002180113B
:20A3000000D001210620FFF7EFFF002000BD142250430A4A805C09B1FFF758BFFFF765BF8A
:20A32000C50B0020B4A80400BAA80400C0A80400C6A80400CCA80400C8A90400D8A8040018
:20A3400010B5BE4C012000F083F8012000F096F800F0DDF9BA48A06014F13C00E06100F0C9
:20A360005CF800F070F800F0FDF907F0C6FA10BDB2494869704700B500F0E6F900F048F9AF
:20A3800000BD30B5AD4C2568034600207DB9CC2B01D0FF2B0BD1B1F5006F06D8012525608A
:20A3A000A38021610834146002E0032000E0012030BD00B5A14A1368012B0AD129B9918838
:20A3C000884202D100F0DDF803E000F03CF800F024F800BD10B5994B5C6902460020022C47
:20A3E00008D11C8BA24205D113F11C020A600121596104E000F027F800F00FF8012010BDE3
:20A4000041B98E490A8B904204D191F82D0008B9486101E000F001B8704700B58748002129
:20A42000816241614FF48071818500F035F900F020F9844A1078012802D100F00BF901E00F
:20A4400000F085F800BD7D490020086000F090B87C49087070477B490878704770B50246F0
:20A460000020034607E0774ED55C3478AC4200D101205B1CDBB28B42F5D370BD7149087111
:20A4800070477049087970476F4A52F82010002914BF00200120704770B502460020034617
:20A4A00007E0684ED55C3479AC4200D101205B1CDBB28B42F5D370BD634A12EB800005222A
:20A4C000B1FBF2F10160704705215E4A90FBF1F05080704700B55D490120487300F002F9F2
:20A4E000FFF7B1FF00BD10B5544C7828E26902D0012384F82D307F211170A168097890702F
:20A5000051700320606200F0EDF894F82D00012801D1FFF798FF10BD10B5041E15D1CC29F0
:20A520000BD0FF290DD1112A0BD0122A09D0312A07D07E2A05D07F2A03D01046FFF7D3FFC6
:20A5400003E0FFF780FFFFF768FF204610BD3D4A11783A48012902D04FF47A71C18570475A
:20A5600000000521354A90FBF1F010867047000000203349FF220A54401CB0F5006FF8D327
:20A58000704710B52D4C022020603220FFF7E9FF00F074F800F05EF80120A08510BDF0B59A
:20A5A0002B4F0020254CA1683A7809788A420DD1A088CC2802D17878C00704E0FF2809D11F
:20A5C000787810F0020005D0A76205E01837401C0A28E7D3A76AAFB13D699DB1B9787868B9
:20A5E000FFF73CFF0646397AF868FFF755FF0EB97F2208E008B9332205E014F114012000FC
:20A60000A84704E011220020A188FFF785FFF0BD0A48416910F1140271B9117E012903D1FA
:20A6200000201076FFF7BBBF517E29B953695B6913B1010000201847704700BFDC0B002012
:20A64000A80D0020A8150020B0150020FC0B0020ECAA040035490020C885704734490888F3
:20A66000401E05D308800888012801D10020088070472E49FE20C043486370472B480021A4
:20A6800041634FF47A71816370472A480168002901DB491C0160704724490020088670471E
:20A6A00000B52249088E0022401E1AD30886000402D1486900B90122486B00280CDB896BCF
:20A6C000884209D2012A0CD17820FFF70CFF41F28830FFF746FF04E01020FFF704FFFFF70B
:20A6E000C8FF00BD114902204861AA2008831C3103F082BA1049086840B1401E086005D18A
:20A700000E480178022901D30021017070470C490020488070470B490888401E04D308808D
:20A72000000401D10BF05FBB704700BFDC0B00200A0C0020100C0020B015002000FF00203B
:20A74000A8150020AA15002000B572B6FFF7D2FFFFF784FFFFF7A4FFFFF797FFFFF7DBFF2B
:20A7600062B600BDD6484FF48071D64A8180002101608171C160117001614161816001761F
:20A780007047F0B582B006460C460123806800930023407801931D461F46010600D5009348
:20A7A00000F07F021846C84B0101C95C8A4205D113EB001715460120019002E0013003288E
:20A7C000F1D30220316900F0BDFA012854D11222B1880198FFF7A0FE01284DD17978786852
:20A7E000FFF73CFE7E22B188FFF796FE012843D10220316900F09CFA01283DD1397AF868FD
:20A8000000F0AAFA012837D1AE49002738460F70FFF734FEFFF71FFE2846FFF719FE009909
:20A8200001291CD1022D22D0012D01D0032D23D1A06850210170B168A06849784170A06838
:20A840008770A0683221C170A06801210171A068F421417106202061FFF73CFE0CE0FFF751
:20A86000F2FDFFF7DAFD022D06D1009810B106F071FE01E006F079FE02B0F0BDF0B582B0D4
:20A88000044680680E4600270123407801933D46010600D5019700F07F028C480178009254
:20A8A0008A420BD105461F4641784068FFF7D6FD7E22A188FFF730FE012831D10220216952
:20A8C00000F040FA01282BD112223846A188FFF723FE012824D100F057FA012820D102209C
:20A8E000216900F025FA01281AD1297AE86800F033FA012814D1019801280AD1B068512166
:20A900000170B068009A427002203061FFF7E2FD03E0FFF798FDFFF780FD0A20FFF7D4FD08
:20A9200002B0F0BDF0B5A5B004910169074600252E46032000F006FA012807D13A69D20749
:20A9400004D113222846B988FFF7E6FD3A69013A51080391202903D3D20701D1132062E05B
:20A9600001286ED128462B4619E0BA6812EB43046278A47814EB02222C4609B454490C231D
:20A980006343C85A0393824209BC1BD1019805AA411842F826100136B6B201200133039943
:20A9A0008B42E2D301284CD12C46B44215D205AA52F824008178406800F0CEF901340128AD
:20A9C000F3D03EE00134202CD7D30128E6D031222846B988FFF7A0FDE4E700F0D5F9012845
:20A9E0002FD12C4623E005AA52F824008268A2B1049F0388BA68AA181B0A5370BA680388E1
:20AA0000AA1893708268B868694602312818033090476A465288AD1898B90235ADB2B5F55B
:20AA2000C87F03D31420FFF75EFD0AE00134B442D9D30499886862220270681C0861FFF74D
:20AA400049FD25B0F0BDF0B581680546487889780026344611EB002031461E4A14234B4334
:20AA6000D75AB84202D19C18012602E001310329F3D30420296900F065F9012830D1312276
:20AA80003046A988FFF748FD012829D129696088033000F04DF9012822D12179A06800F020
:20AAA0005BF901281CD100F06FF9012818D1E2689AB16188A8680330904722280ED00BE017
:20AAC000C8150020B415002020AA040050AA0400DCAB04008CAA040010B17220FFF703FDB6
:20AAE000F0BDF0B581B086680546DA480F4600247678017800948E4202D081788E4202D1C6
:20AB00000446012200920220296900F01BF9012830D11222A9880098FFF7FEFC012829D144
:20AB2000207900F033F900902078864213D10220296900F0FDF801281CD10098FFF7A4FCAF
:20AB400018B93720FFF7CFFC14E03A462946204600F023F90EE0A07886420BD12969E07823
:20AB6000023000F0E5F8012804D13A462946204600F03DF901B0F0BDF0B50E4681680446D3
:20AB80008878C978002711EB0020B3490A883D46904201D10D4601270420216900F0D2F899
:20ABA00001283DD131223846A188FFF7B5FC012836D12979A868FFF751FC3122A188FFF726
:20ABC000ABFC01282CD1297B286900F0C5F8012826D1A268297DA869527800F0C7F818B99B
:20ABE0001222A188FFF798FC012819D121696888043000F09DF8012812D1B0687121017001
:20AC0000A168B06849784170A168B06889788170A168B068C978C170EA69314620469047F4
:20AC2000F0BDF0B5044680680D46417800260127090600D53746894A4078117800F07F0052
:20AC4000884200D101260220216900F07BF801281ED112223046A188FFF75EFC012817D1D7
:20AC60000220216900F064F8012811D1012F0BD1A8687E210170A168A868497841700220F8
:20AC80002861FFF727FC03E0FFF7DDFBFFF7C5FBF0BDF0B58868134641788278002412EB3C
:20ACA000012122466E4D14265643AF5BB94201D1741902E00132032AF4D3246924B113F1A9
:20ACC00010029968A04702E07220FFF70CFCF0BD30B50D46896814468A78C97811EB022176
:20ACE0005D4A1388994205D1136A33B122462946984702E0A06801210171A06871210170C1
:20AD0000A968A06849784170A968A06889788170A968A068C978C170FFF7DCFB30BD00B5A3
:20AD20007820FFF7E0FB41F28830FFF71AFC00BD10B50124814203D000241320FFF7D3FB5B
:20AD4000204610BD10B50124814203D200241320FFF7C9FB204610BD10B5FFF79DFB041E85
:20AD600002D13320FFF7BFFB204610BD30B503460020044605E01D5DAA4200D101200134C0
:20AD8000E4B28C42F7D330BD01207047314B1A7990420CBF0020FF207047F0B505460F46D9
:20ADA0001646304CFFF76DFB2979814204D1E01C697808F086FA07E00120207028786A69C3
:20ADC00060706978E01C9047B06867210170B968B068497841706A78B068E11C023008F012
:20ADE0005BF9687802303061FFF774FBF0BDF0B582B00546019117461A4C0079FFF7C6FF9F
:20AE0000064660782A7890423FD1207801283CD100202070FFF7ACFA0028FBD1E21CA8696D
:20AE20006B78019CE9788446A0680230E0470E4AE0B990552879FFF721FBB8686722027062
:20AE4000A268B8685278427002203861FFF742FB1EE0C04670AA0400C8AA04001CAA0400FC
:20AE60008CAA0400B415002000FF0020905D01309055905D022801D2352007E042F21071B2
:20AE80003046FFF719FB362000E02420FFF72BFB02B0F0BD01466420062901DA4A48405C3A
:20AEA0007047F0B58AB001900024642108A8002202AB015543F824200134062CF5DB05F042
:20AEC00048FA00900024424E204603F088FB051E07D116F10C076100CA5B12B93D48C8530A
:20AEE00004E016F10C076100C85B00B10025019901F061FD610008AAC853175DBD4205D299
:20AF00002F461555022202AB43F824202046FEF7D3F9054634B9372800D237256100885BD2
:20AF200048B107E00028F9D161008A5B002AF5D1284888530025019901F03DFD6100BD4274
:20AF4000885306D22F4608A8012202AB055543F82420009BBB4205D208A80422035502AB26
:20AF600043F824200134062CADDB00241A4A08A8015D164B1155A20018381058D050124B2F
:20AF80001A5D8A420DD9551A6DB20A2D01DDF63202E0052D03DDFB321A551A5D01E00A4685
:20AFA00019558A420AD28D1A6DB20A2D02DD12F10A0102E0052DC8BF511D19550134062CB3
:20AFC000D4DB0AB0F0BDC046E0060020F01500200816002088130000E6060020002070476E
:20AFE0000020704700207047374801784A0706D531F0040101702420002108F0BBBD70475C
:20B00000314801784A0706D451F0040101702420012108F0AFBD70472B490A78D20708D430
:20B0200038B908780122104308702B20114608F0A1BD704724480178CA0706D501F0FE0181
:20B0400001702B20002108F095BD70471E490A78920708D438B9087850F002000870282041
:20B06000012108F087BD7047174801788A0706D531F0020101702820002108F07BBD704792
:20B08000114801780A0706D531F0080101702220002108F06FBD70470B480178CA0606D5A2
:20B0A00031F0100101708720002108F063BD704700B5FFF7A5FFFFF7D7FFFFF7BBFFFFF795
:20B0C000DFFFFFF7E9FF00BD201600200021012800D10146202008F04DBD0021012800D1E2
:20B0E0000146482008F046BD10B58849062202FB0014A078FFF7F1FF2079FFF7E7FF10BD97
:20B10000834A5178012383400020194000D01000704730B505460C46012802D307D18720A3
:20B1200000E02220003918BF012108F023FD0CB1012C03D1774814226A431450002030BDD2
:20B1400000B50020FFF7D0FF00210846FFF7E1FF00210120FFF7DDFF002000BDF0B581B049
:20B16000446800686B4E022802D0032810D061E025682846FFF7C4FF78B1142005FB006049
:20B180008268501C09D064485043000BA08051E020680746FFF7B4FF08B901204BE02568CD
:20B1A000142014223B4603FB026205FB00601269C1688A4203D1207900F0F80039E082681A
:20B1C00001612179531C02D101F0F80031E040F6CC439A4204D901F0F80050F0010028E007
:20B1E0000123994380882171824203D963F3420121711FE031F0020121710DB9184607E02A
:20B20000E8B205F0E5FE012810D0206805F0EBFE2168142202FB01613F4A89685143B0EB86
:20B22000113F03D9207950F0040002E0207930F004002071002001B0F0BD0268012A04D1ED
:20B24000406841680068FFF764BF0020704730B5324C0546207D44F8201001302075207D2B
:20B2600005280FD32000052101F075FB294A142105FB01218860C8680130C8600020207528
:20B28000012000E0002030BD30B581B00068042801D0012035E0224D2868224C012802D087
:20B2A000022817D02CE0616814201A4A48438058012807D111B10220012901D1FFF714FFC3
:20B2C00002201CE009B9012002E0012918D10020606015E06068012812D869460620FDF7FF
:20B2E00060F968B900996068FFF7B1FF012807D1616811B10020012900D1606001202860BD
:20B30000002001B030BD024801F000BF5CAD0400EC06002008070020102700002816002092
:20B32000300700203C16002070B5154600240E1E00D00AB913244AE0052801D9172446E018
:20B34000D37903B3022B03D304D0042B09D32ED01A243CE003283AD0052838D00320D071E3
:20B3600035E000F053F8A879B178884202D86879717824E0707A012812D0314628460422C1
:20B3800000F087F810E000F041F8A8793179884203D86879F178884219D2707A012803D1CF
:20B3A0003146284600F05FF80420E8710FE000F02DF8A879B179884209D868797179884255
:20B3C00005D331462846224600F063F8EC71204670BD30B50246002002B109B9132014E024
:20B3E000D3790BB90B7803E0032B0CBFCB790B7A014604E01468042565540131C9B2994204
:20B40000F8D3908090710221D17130BD10B5136814791855D07908B9087803E003280CBF61
:20B42000C879087A0023194605E01468645C04B901330131C9B28142F7D353710023194635
:20B4400006E01468645C032C00D101330131C9B28142F6D31179937100230138814200D0E0
:20B460004B1C137110BD10B5C2790AB90A7803E0032A0CBFCA790A7A002104E00368042495
:20B480005C540131C9B29142F8D300218171818010BD10B5C3790BB90B7803E0032B0CBFAC
:20B4A000CB790B7A0AB9097802E0042A0CD1097A8B4209D2002104E00268042454540131F6
:20B4C000C9B25A1E9142F7D310BD00000000F0B582B00C4600270097051E01D001B10AB9BF
:20B4E000132750E049780E2001310E2900D808466070E07801283DD1288800F00701C00895
:20B50000105C01B1000900F00F060F2E01D3172739E06888C008115CA868019103280AD1CA
:20B52000E98801F00700C9080028505C00D0000900F00F0100913146284600F042F8019BE8
:20B5400083421ED1A868032805D1A8880099C0F30320814215D1A078012805D1A770A87B8D
:20B560002670607004200DE032462146284600F083F808E0607B0E2801D2013060730120AB
:20B5800000E00220A060384602B0F0BD011E01D1132007E00020088001228A70CA70087149
:20B5A0008A608881704728B9012A05D1072901D8534804E0032003E00729FBD85148405C39
:20B5C000704730B581B0044600206B46D870A0881546020A5A709870A06801280FD319D0DE
:20B5E000032819D322D16846023000231A460121FEF71CFB024668460330002313E0FF2250
:20B600006846023000230121FEF710FB024668460130F2E7C80702D46846023001E06846F1
:20B62000013000231A460121FEF700FB6188082907D3A268042A08D00246C9082846002396
:20B6400007E011B9A268042A05D1C908284600231A46FEF7EBFA6188CB08A189C9084A1E70
:20B66000934207D20246C81A411E581901300023FEF7DCFA01B030BD30B50B789A422EBF34
:20B68000D41A02F10F04E41AE4B234B9487B0E2801D20130487305232FE00023012C24D3FF
:20B6A0000BD8847B0A700B714A7B4C70C47BA24214D84B730B7B03B30EE04D78AC4214D89B
:20B6C000857B0A70621E0A714A7B4D70C47BA24204D84B730B7B33B1581E01E04B73007CBB
:20B6E0000873032309E0062307E04B73037C0B7313B1807B0A70487007238B6030BDC046FC
:20B7000074AD04007CAD040002490860704700007047C0464416002000B50C4A012010609A
:20B720008F20002108F026FA9020012108F022FA00BD0000064900200880704700B50EF01D
:20B740002CFE622008F012FA00BDC046481600204C16002010B5B74C05F0C7FD208005F060
:20B76000C7FD608005F0DDFD207105F0C4FD607105F0C4FDE08005F0C4FD208105F0C4FD1B
:20B78000A07205F0C4FDA08105F0C4FD64214843E08105F0C3FD4FF47A714843208205F094
:20B7A000C3FDA07405F0C4FD606105F0C5FDA06110BDF0B581B007460024264625466946EC
:20B7C0002846FEF724F804430098E4B2012801D1A84006430135062DF1DB3E80204601B03F
:20B7E000F0BDF0B581B006460F4600207FF0310504460121A140314000290DDD204605F034
:20B8000077F96946023102F0EFFF48B96946B1F902108D4200DA0D460134062CE9DB3D80A6
:20B8200001B0F0BD30B581B0824D6846FFF7C1FF044668462988008810EA0102002A28DD04
:20B840007FF031026B465A806A8892EA010311400140002903DD9620694648800AE018403F
:20B86000002807DD69460231FFF7BBFF0443E4B2012C10D0E86901280DD86946B1F9021076
:20B88000A87C814201DB012004E06A79801A814201DA0020E861204601B030BD30B5054628
:20B8A000654CFFF7BFFF2068012803D10020A08001210BE068B94FF4FA61A088884204D2CA
:20B8C0004019A080A088884203D30021002001F091FA002030BD70B5564C0646E069811E62
:20B8E000022901D800206FE014F12805012805D309D005282FD006281DD042E0608400205C
:20B90000606228703DE0002001F06AFAA17A228964315143642291FBF2F1884203DD28780D
:20B9200050F001002870608CE188884227D32878012826D133E0A08CE189884202D2801975
:20B94000A0841EE00121002001F054FA0520E0610020A08419E0002001F042FAA17A22898E
:20B9600064315143642291FBF2F1884203DD287850F001002870608CE18888420CD28019F0
:20B980006084E069053801281ED8E08C218A884214D28019E08417E02878012809D100219F
:20B9A000084601F027FA0620E061002060842870EBE70120E06100206084EBE700210846AB
:20B9C00001F018FA0420E06170BD10B51A4C002001F01DFA21684A1E012A06D8012210B1A1
:20B9E0000222012801D111462260012902D1032800D12060002010BDFFF7ACBE10B50D496E
:20BA000004464869022807D12046FFF747FF2046FFF761FFFFF7D9FF10BD0648017902293D
:20BA200005D1C0690238022801D8012000E000207047C046541600207016002070B504464D
:20BA40000120220005D1152004232146FFF7C6FA2046CE4D29680239012906D815200623A1
:20BA600000221146FFF7BCFA28E0012826D120466860002108E00C2201FB02520126234634
:20BA8000443258C2013189B2028800249142F2D3AC822C61EC60AC602C83EC6102202862A8
:20BAA00015F12400042107F0D5FB85F83A402C872C64EC63142068630320286070BD704759
:20BAC000F0B581B00D4617461E46B04C0123009300F073F9216829B9152001230222FFF78F
:20BAE0007DFA37E027B91520042302223946F6E74FF6FF72904203D1152002231A4611E0F5
:20BB000062685268062300FB03225288954202D31520032305E016B17319934204DD152054
:20BB2000052302220021DAE702290DD003290BD02083E562266367620120E0610220206286
:20BB400020600022009205E01520062302220021FFF746FA009801B0F0BD70B50E468B4DAC
:20BB6000012400F02AF9296829B9152023460322FFF734FA20E026B915200423032231465C
:20BB8000F6E74FF6FF72904204D11520022303220021EDE7022909D0032907D02883AE6235
:20BBA0000220E86128622860002405E01520062303220021FFF714FA204670BD7349086898
:20BBC00028B91520012304220021FFF707BA70476E490868704710B56C48016831B90124A7
:20BBE000152023460622FFF7F9F900E0046A204610BD70B5654D002400F0DFF80646286878
:20BC000030B91520012307222146FFF7E7F901244FF6FF70864206D1152002230722002160
:20BC2000FFF7DCF9012428680238012807D81520062307220021FFF7D3F9012406E02CB9E8
:20BC40002E830320E861022028622860204670BD70B54E4D002400F0B0F80646286830B9BF
:20BC60000922152001232146FFF7B8F901244FF6FF70864206D068684068062106FB01001A
:20BC8000007930B90922152002230021FFF7A6F9012428680238012807D809221520062387
:20BCA0000021FFF79DF9012406E02CB92E830420E861022028622860204670BD10B5334CBE
:20BCC000206888B3206A02282ED1E06904280ADD08F054FC022827D010B900F028F823E04D
:20BCE00000F03BF820E0042813D801A1D1E800F00306090C0F0000F08FF80AE000F0D7F872
:20BD000007E000F0F5F804E000F010F901E000F033F9206A022807D020B12068032801D1A4
:20BD2000002000E00120206010BD7047704710B5164CE069142803D10020206201200AE0FA
:20BD400000F072F820620028F8D0022804D020680328F3D10020206010BD10B50B4C206A8F
:20BD6000032829D0E069052826D308281CD307D00A2819D313D00D2802D30CD014281BD824
:20BD800008F0FCFB20622068033801E08016002018BF01200FE0002000F01BFC02E00020C8
:20BDA00000F0D4FA206207E0E0686030A06008F0E5FB20620120206010BDF0B5D04B1D6877
:20BDC000014628880022441E4FF6FF70A24210DCA31A13EBD37312EB630306265E436F685C
:20BDE000F65B8E4202D303D95C1EEFE75A1CEDE798B2F0BD30B5C34D687BC3490224202294
:20BE000051F8300015F16C0108F0BBFB00B101240A206861204630BD10B5BA4C00206073AE
:20BE2000FFF7E8FFA06110BD00B5B84A5168481F0E283AD801A1D1E800F0C046090C0F12B1
:20BE400015181C1F2226292C2F32350000F032FA2CE000F058FA29E000F06DFA26E000F087
:20BE600096F823E000F09EF820E0012000F06EFA1CE000F0C9FA19E000F08EFB16E00120FA
:20BE800000F0A7FB12E000F0FCF80FE000F018F90CE000F0C9F909E000F0F7F906E000F00D
:20BEA000DCF903E000F05AF900E0012000BD10B5964C208814F12C020C2141430819406BCA
:20BEC00048B95358A269E1686069C01808F059FB48B9022008E0012801D1052004E002283C
:20BEE00001D1042000E00120A0601420606010BD10B5834C2068A18A4068062201FB020075
:20BF00000079012809D10C2202FB0141896C022901D100F0CFF9E06107E000F05EF8E061DF
:20BF2000A0690E2801D00520A06110BDF0B5774C208814F12C060C2101FB0040406B01287A
:20BF400002D11420002114E014F15C075521384600F008FB2088012510220C2303FB0060E9
:20BF600040683946103008F0E9FA00B9022529460820A1606060F0BD10B5644C00F02DF810
:20BF8000A06060680E2801D00920606010BD5F4801880C2202FB010101224A631421416019
:20BFA0000020704730B55648838A32C84968062203FB021149880C38621A426015F13001CC
:20BFC0000C2404FB0303816002254033B1F1200434C314218161002030BD70B581B0484DE5
:20BFE00019CD29894068062202FB010041880C3D1A46141B11F16003A34203D900F015F817
:20C0000004460FE015F170060096521A0379008800F037FB022410223146A86808F08EFAE4
:20C0200000B10124204601B070BD36484269C2620022028610F12C01007B0130887188791B
:20C04000022801D110468A712F4BC0001A58C01840681018C86020328A6000F000B830B54E
:20C060002A4D294A95F82210C900505889180124496808F049FA00B902240E2068602046B9
:20C0800030BDF0B51F4C14F11005A81D007F1E49C00015F15C070E5840184268A0683B46C4
:20C0A0003146013000F0CCF9012410223946304608F044FA00B902240F2068602046F0BDB8
:20C0C000F0B582B00E4CA08E0FE00C2300FB03434E689D6C062300FB03631B794DB1012B9B
:20C0E00001D1022D05D0013080B221680A889042EBD3A08690420BD100F07CF807462AE0CD
:20C1000084160020881600208CAD0400981600204F6806214843E26BC1194988521A01923C
:20C1200014F170060096385A00F0ABFA022710223146A06B08F002FA00B101270DB9102027
:20C1400003E0A08E0130A0860F20A061A06B01993030A063E163384602B0F0BDF0B583B046
:20C16000DF4890F83660DF4B10F11404F1005A58C918496853182032002121E001B46D6899
:20C18000062701FB07573D7903950C2501FB0505A86C40350028019001BC09D001B401986D
:20C1A000022801BC0AD101B40398012801BC05D17F88DB1B3032B2F1200788C5013189B2CE
:20C1C00005682F88B942D9D3C16806744D1C1946043026C0E0696060022803D1FFF788FE8C
:20C1E000A06805E0042802D1FFF7C6FEF8E7012003B0F0BDF0B5BC4D95F82260B94915F174
:20C200005C07384651F83660AA2100F0ABF901241022394616F1100008F090F900B90224B2
:20C22000132068602046F0BD30B5AD4D2968A88E4968062200FB02114A88022415F17001F4
:20C240000C23584315F14003C05808F09AF900B101241120A861204630BD70B5A24D15F1AB
:20C260005C06AA21304600F07DF9686A022410223146203808F062F900B10124288C0130AE
:20C2800028840F206860204670BD30B5944D2868A98E4068062202FB0100012415F1700171
:20C2A0004288E86B08F04AF900B902241220A861204630BDF0B58A4A8B4D11682B8849688B
:20C2C000062203FB02114A880979884871B9884E3468A41A71683460303171600C2603FBD8
:20C2E00006060227B760B1F1200790C601240C2673432969185808F021F900B902240620AD
:20C3000068602046F0BD70B5774D15F15C06AA21304600F027F92888012410220C2303FB6C
:20C3200000503146006B08F009F900B9022407206860204670BD6C4801880C2202FB010106
:20C3400000224A63142141601046704730B583B0674C012819D114F16C0302AA01A96846D5
:20C3600000F0A1F888B95F4A607B019BC1005558AB420AD18918029A49688A4205D1009974
:20C38000A268914201D9A1602073607B01306073607B022802D100F005F801E0FFF72AFDB0
:20C3A00003B030BD10B55249886810B900F01EF80CE04C4C087BC000235813F1200200193D
:20C3C00040684A601818086000F001F810BD30B5474D0224302215F16C01686808F0D1F8C8
:20C3E00000B101240D206861204630BD10B53D4901240868496808F087F800B902243A49B4
:20C400000B204860204610BDF0B5374D354806C815F15C0633460F46012000F011F8AA2187
:20C4200016F1100000F09EF8012420223146384608F084F800B902240C2068602046F0BDA9
:20C44000F0B581B013F120060C18151900950024E50030FA05F71F550134042CF8D30433EB
:20C460000020C40031FA04F51D5401300428F8D304330020C10032FA01F11954013004281B
:20C48000F8D304330020009CC100CC401C5401300428F8D3043302E0FF2018700133B34290
:20C4A000FAD301B0F0BDF0B583B002900126019600246D46EC7013F11004002707603D46CD
:20C4C0001846435DEE00B3401F43029B0135042D1F60F6D3043000270F603D46435D09E0F9
:20C4E000841600208CAD040098160020C416002088160020EE00B3401F430F600135042DA6
:20C50000ECD30430002515602E46835DF700BB401D4315600136042EF7D3043000273A4665
:20C52000835CD600B3401F430132042AF8D3029A09681268043089186918B9420FD12146A6
:20C5400000F03BF858B96A460332AA21204600F012F820B96946C978012900D101900198A9
:20C5600003B0F0BD10F1100200E0FF21017001309042FAD370470378994201D0FF2B09D125
:20C5800099420CBF01210021117010F11001013000F013B8012070479248934B002101730E
:20C5A00001211A68816012F12001416059688918016014214161002070470246002005E073
:20C5C0001378FF2B01D0012002E001328A42F7D37047F0B586B0854D07460DF1070303AAA3
:20C5E00015F170000090911E101F00F085F806462C1D032800D05FB9297CA8687A4BC900FF
:20C600003030CA18595852685218904232D301E0042803D11420A861002030E0BDF8080021
:20C62000FFF7CBFB4FF6FF71884223D0039ABDF80A7023682146DB1B9A421BD8646814F178
:20C6400060039A4216D301B4062358432B685B68C3185888B84201BC0CD101AF1B79FF78D9
:20C66000BB4207D10C2303FB0050403014F110034CC00A60A8683030A860FFF7A8FE06B0A0
:20C68000F0BDF0B581B0069C009014F130060D185519012B06BFED1845F0004525F000454D
:20C6A00000230098DF003841E0540133022BF8D302340023DF0051FA07F0E0540133022BF8
:20C6C000F8D302340021CB0032FA03F0605401310429F8D304340021CA0035FA02F3635472
:20C6E00001310429F8D3043402E0FF2121700134B442FAD301B0F0BDF0B585B00D4602A917
:20C700000DC100216A460A9E5180304616F13001FFF753FF08B9042461E00298032416F119
:20C720001007002211460280705CCB00984002430298013102290280F6D3023600210B4647
:20C740002980F05CDA00904080B2014329800133022BF6D303980236002215460260705D72
:20C76000EB009840024303980135042D0260F6D3043600231D4602B4715DE80011FA00F05D
:20C7800003430135042D02BCF5D3029D2D88043649195118DD0FED0701D001250131049868
:20C7A0005940490005701AD139463046FFF705FFA8B96A460232AA213846FFF7DCFE70B9C1
:20C7C0006A460332552117F11000FFF7D4FE30B968468178012901D1C47804B10124204616
:20C7E00005B0F0BD881600208CAD04008416002070B50446C5B2284600F0A9FD06460620C6
:20C8000000F078FE7043642190FBF1F6F6B2284600F099FD324601462046FDF787F870BDA7
:20C82000FDF776B8F0B50546062003F06BFF0646002456FA04F0C0071DD5062000F031FDB2
:20C8400067000128204605D1FFF7D2FF785B8021084304E0FFF7E4FF785B802188437853BF
:20C86000014005D02046FDF7ECFC022100B90121084600F00FFD0134062CDADBF0BD70B52A
:20C880000446C5B2284600F062FD0646082000F031FE7043642190FBF1F6F6B2284600F0D7
:20C8A00052FD324601462046FDF740F870BDFDF72FB8F0B50546082003F024FF0646002432
:20C8C00056FA04F0C0071DD5082000F0EAFC67000128204605D1FFF7D2FF785B202108436B
:20C8E00004E0FFF7E4FF785B202188437853014005D02046FDF7A5FC022100B90121084674
:20C9000000F0C0FC0134062CDADBF0BD0818904288BF104670478B1883428CBF1046401AF9
:20C92000704770B50025435F2C461A460AE06600365EAD19B242B8BF3246B342C8BF334600
:20C940000134E4B28C42F2D3A81AC01A023990FBF1F108B270BD70B50025EA432E462B46F2
:20C960000AE050F823403619A54238BF2546A24288BF22460133DBB28B42F2D3701B801A7F
:20C980000239B0FBF1F188B270BD00B112B97FF0000006E0002301E0C15401339342FBD3A7
:20C9A0000020704702464FF6FF70831A8B4201DD881880B27047024600208A4201D9501A5B
:20C9C00080B2704770B50446C5B2284600F0BFFC0646092000F08EFD7043642190FBF1F6D5
:20C9E000F6B2284600F0AFFC324601462046FCF79DFF70BDFCF78CBFF0B50546092003F05B
:20CA000081FE0746002457FA04F0C00712D5092000F047FC66000128204605D1FFF7D2FF45
:20CA2000705B50F4007004E0FFF7E4FF705B30F4007070530134062CE5DBF0BD70B5044655
:20CA4000012801D104F058FDE5B2284600F07FFC0646012000F04EFD7043642190FBF1F6D0
:20CA6000F6B2284600F06FFC324601462046FCF75DFF70BD012801D104F038BDFCF748BFC6
:20CA8000F0B506460024012003F03CFE074657FA04F0C00733D51C4D012000F002FC012831
:20CAA00013D12878F0B96100885B50F0020088532046FFF7C3FF15E0022000F0CEFB204694
:20CAC000FFF7D8FF0120287019E06100885B30F002008853002028702046FFF7CBFF204652
:20CAE000FCF733FF6000805B10F0020005D02046FDF7A7FB0028DFD1012000F0AEFB01343C
:20CB0000062CC4DBF0BDC046F81B002010B5C54C0C2003F0F7FD10F0400012D00120606072
:20CB2000002004F068FA2070002004F06CFA21786070CA2901D9CA212170412804D2412023
:20CB400001E06060207060700D2003F0DBFD10F0800012D00220A060012004F04CFAA070ED
:20CB6000012004F050FAA178E070CA2901D9CA21A170412804D2412001E0A060A070E07043
:20CB8000002010BD10B582B0684604F062FC040007D12246A44BDDE9000105F0D1FFA34A05
:20CBA00003C2204602B010BD10B581B09F4C002069464880E068800707D50231002000F065
:20CBC0005EF920B96846408800E000202081E068000708D569460231012000F050F920B9CD
:20CBE0006846408800E000206081002001B010BD10B581B06946002000F073F98C4C0099AE
:20CC0000206861F3410020606946012000F069F9009A2168002062F3C301216001B010BDFA
:20CC2000F0B585B07F4C616802900026012963D1A169C90757D5656A012D46D80227E068DE
:20CC40002169039060780491009005F0FFFD02000B000398049906F07DF922DB2078032759
:20CC6000019005F0F3FD02000B000398049906F071F916DC01980A3805F0EBFD02000B00E2
:20CC80000398049906F066F90CDC009801270A3005F0DFFD02000B000398049906F05AF9C6
:20CCA00000DBE761E16901290FD307D003290CD83146304600F023F9012504E00121304679
:20CCC00000F01DF93546C6B265620DB1022D13D141F288320020A18D606291420CD202987B
:20CCE0000918A18508E03146304600F008F906460021A185E1616162304605B0F0BDF0B512
:20CD000083B0484CA1680090002002295ED1A169490753D5A16A012942D80225E668216969
:20CD2000E77801960291384605F090FD02000B003046029906F00EF922DBA6780325304696
:20CD400005F084FD02000B000198029906F002F916DCB6F10A0005F07CFD02000B00019874
:20CD6000029906F0F7F80CDC012517F10A0005F070FD02000B000198029906F0EBF800DBBC
:20CD80002562216A012904D1084600F0B8F8002104E00021012000F0B2F80121C0B2A1621C
:20CDA00009B1022912D141F288320023E18DA36291420BD2009A8918E18507E00146012088
:20CDC00000F09DF80021E1852162A16203B0F0BD10B5164C0022144B03CC05F094FD10BD97
:20CDE0001249012802D303D0002002E0088900E0488970470D4A012804D307D1D06861F351
:20CE0000820002E0D06861F30000D06070470749012802D303D0002002E0886900E0C86916
:20CE20007047C046FC1B002000002440081C0020141C0020FFF76ABE10B5094904464868D7
:20CE400008B9886858B1FFF79DFEFFF7ADFEFFF7CFFE2046FFF7E4FE2046FFF750FF10BD6D
:20CE6000FC1B0020B04A0146106805E0437801228A401A4002D180690028F7D1704730B593
:20CE800084B00C460546FFF7EDFF08B901200DE00221009102A90191C168029568468847E2
:20CEA000C0B2002804BFBDF80C10218004B030BD30B584B00C460546FFF7D4FF08B90120A1
:20CEC0000DE00321009102A90191C168029568468847C0B2002804BF9DF80C10217004B0E3
:20CEE00030BD30B50C460546FFF7BCFF08B9012004E08E4951F825002060002030BD70B555
:20CF000084B00E460546FFF7ADFF08B9012013E0864C54F82510B14201D100200CE0012181
:20CF2000009101AA02A962C2016968468847C0B2002808BF44F8256004B070BDF0B584B023
:20CF4000794D00262C680DE0616951B120786A46907004200290901C03900630884706430D
:20CF6000F6B2A469002CEFD1291D51F82400002800F0AF80694603312046FFF799FF002817
:20CF800040F0A78015F10C07012C46D080F0A1806846C0788107787809D50A220121FFF7CD
:20CFA000B5FC7870787801210A280BD307E00A210022FFF7B0FC78707878002110B90B20F3
:20CFC000FDF785F96846C078C107387809D50A220121FFF79BFC3870387801210A280BD33E
:20CFE00007E00A210022FFF796FC38703878002110B90920FDF76BF96846C07841070A2357
:20D0000001930029B87857D514220121FFF77EFCB870B878012114284CE0D4EB8400C7192A
:20D020006846C0788107787809D50A220121FFF76DFC7870787801210A280DD307E00A21E9
:20D040000022FFF768FC78707878002120B9D4EB84000338FDF73BF96846C078C10738787E
:20D0600009D50A220121FFF751FC3870387801210A280DD307E00A210022FFF74CFC38709B
:20D080003878002120B9D4EB84000238FDF71FF96846C0784107D4EB8402531E01930029BC
:20D0A000B8780BD50A220121FFF730FCB870B87801210A280DD309E0142100E00A21002219
:20D0C000FFF729FCB870B878002110B90198FDF7FEF80134022CFFF447AF304604B0F0BD4D
:20D0E00030B583B01048002405680AE0002069680190684603300290013088470443E4B273
:20D10000AD69002DF2D1204603B030BD06490A6812B9086004E00A4691690029FBD19061FB
:20D1200000218161084670472C1C0020301C002070B50446012801D104F0DEF9E5B22846D9
:20D1400000F005F90646002000F0D4F97043642190FBF1F6F6B2284600F0F5F8324601465C
:20D160002046FCF7E3FB70BD012801D104F0BEB9FCF7CEBBF0B50646002003F0C3FA07465B
:20D18000002457FA04F0C00738D51E4D002000F088F8012815D1287800BB6100885B50F069
:20D1A000010088532046FFF7C3FF17E0FEF735FC022000F03DF8012028702046FFF7D4FF29
:20D1C0001CE0002028706100885B30F0010088532046FFF7C9FF2046FCF7B7FB6000805BF1
:20D1E000C107204605D0FDF72CF80028DED1012002E0FCF7AAFB002000F01AF80134062C19
:20D20000BFDBF0BD3E1C002070B54FF47A7400250A26062006F0ACFC2D18EDB201E0013CDC
:20D22000A4B2012CFBD8062D01D8013EF1D170BDBF4994235A5860F301025A507047BC4B2F
:20D240009421CA5860F38302CA507047B84B9421CA5860F30512CA507047B54B9421CA5862
:20D2600060F38712CA507047B14B9421CA5860F30922CA507047AE4B9421CA5860F38B22FF
:20D28000CA507047AA4B9421CA5860F30D32CA5070470000A64B9421CA5860F31142CA5006
:20D2A0007047A449405C704770B50025A24E284603F028FA71880143718001350B2DF5DB4E
:20D2C000002571880120A840084032D02846FCF7ABFA0446994884420AD12846FCF79EFA12
:20D2E00004469648844203D12846FCF7A3FA04462846FDF7CFFD010001D104460CE0642960
:20D30000284606D261436422B1FBF2F4A4B2002100E00121FCF7E6F816EB85008480043003
:20D32000611E632903D284706421018001E0642181700135062DC4DB70BD00B5FDF7B1FD30
:20D34000FFF7B2FF00BD7E498000405A70477C4911EB800080787047F0B581B00024744E25
:20D36000204603F0ACFE6700B853204603F0C6FEBA1915461083204603F074FF2A46108688
:20D38000204603F090FF483601340A2CB853E6DD01B0F0BD00B5FFF7DFFF05F05AF80020A0
:20D3A00000BDF0B582B0654901900A1A92B2009200255F4C009814F16C076A00D15B814267
:20D3C00002D801980918D153284600F0A7FB14F16006715D884205D069000022CA5361189C
:20D3E000C0310A80284600F099FB705514F1D807002806BF397801310021397001350B2D0F
:20D40000D7DB0B2000F08AFB3978F0720B2905D300F0C6FB10B90B21397003E0FDF7E4FD94
:20D42000FEF788F902B0F0BDF0B583B0029000213F4B444D13F16006725C862002B313F1DA
:20D440006C024F00D25BFC5AA24219D31A180124545415F10C043A5BFF183F8EBA420DD253
:20D4600001B4480002900398121802980253025B6420424392FBF7F201BC00E064226A54AC
:20D4800001310A29D4DD0021725C1ABB13F16C024F00BC18FA182488128B94421AD315F1F9
:20D4A0000C043A5BDF1948373F88BA420FD201B4480002900398121802980253025B642088
:20D4C000424392FBF7F2821A6A5401BC02E01A180024545401310A29D6DDF17A913319708A
:20D4E00003B0F0BD10B50446FFF75BFF2046FFF79BFF10BD1349085C70471349486970476F
:20D5000030B5124C05462000FFF7BAFA2000FFF731FE2946200004F09EFFC8B9200004F0B9
:20D520005CFE200003F09BF82000FCF7FFFD15E04C1C0020D21C0020E41C0020FFFF000033
:20D54000E81C0020001D0020CC1C0020401C00200020FFF774FE0020FFF786FE2000FFF7AE
:20D56000A8F92000FFF75EF92000FFF745FA200000F0C8FE2000FCF781FA608830B920886B
:20D5800020B9FCF7C5F90120FCF7C2F9A08838B9E08828B90220FCF7BBF90320FCF7B8F940
:20D5A00030BD30B5054602F0D4FE040009D02846FFF798FF2846FFF7C0FE2846FFF7A0FF8D
:20D5C00007E02046FCF7A4F90134062CF9DBFDF717FD002030BD000010B52A4C606000F033
:20D5E00053F80120206010BD000000B500F024F800F06FF800BD704700F03CB810B50C46EB
:20D6000000F029F8214600F09FF810BD10B50C4600F021F8214600F000F910BD00B500F05C
:20D620001AF800F025F900BD10B50C4600F013F8214600F053F910BD124A1368014601204C
:20D64000012B07D1526892680020243212788A4200D0184670470B4A136801460120012BFD
:20D6600007D152689268126A127800208A4200D01846704700B5002000F055F9002000F024
:20D68000A2FB00BD281D002010B5C54C002000F0E6F9C44B186881684A6932B9012222614A
:20D6A0000A88007892FBF0F002E0032020610020A081088D0219002007E0CC6A142300FB0D
:20D6C00003431B791354013080B2CB8C9842F4D310BDF0B51421B44A3425B24E454300FB2D
:20D6E0000124306880682818006AA368AF4A032B4178007807D1637C012B17D11C2303FB70
:20D700000121496916E0012B01D1002715E01C2303FB01210969884701273068806828189D
:20D72000C26924300021007890470AE01C2303FB012109698847071EEFD100206074012076
:20D74000A0743846F0BD0000F0B583B00F46954906460868806834247443914A2018018D2B
:20D7600001948C18142106FB012501210091A97E02940835012910D1C2692430007890478E
:20D78000884B0120A8601968019B88680978C25A181892FBF1F1A98002E0A968012939D1F4
:20D7A0000021C46A26E0029B3A785B5C93421ED1A068062809D009280DD00B2821D13A4688
:20D7C0002146304600F0F4F80AE03A462146304600F0C4F804E03A462146304600F0D0F8A4
:20D7E000C1B2009169B90120E8602C6009E01434013189B2C28C9142D5D30220B86000234A
:20D800000093684B1968019A88680978805A90FBF1F0A880009803B0F0BD30B50A466249EF
:20D820000546142005FB0014E06801281DD12168C8680068C8B9A068012816D1886806281E
:20D8400005D00B2807D1284600F0D9F803E01146284600F0B8F8534B186834216943826868
:20D860000078895A91FBF0F0A08030BDFCF7B7B830B581B04C490446142004FB0015E868E5
:20D880000128296828D1C8680068012824D18868042803D0092809D00B2813D12046002188
:20D8A00000F0E7F82046FFF7E1FF08E069460331204600F05FFA6846C078012802D120469B
:20D8C00000F0CDF8374B18683421614382680078895A91FBF0F0A88001B030BD30B50546F1
:20D8E0001420314A684314181BD02068C8B1C068E268012A00680AD1012908D3032902D9CA
:20D90000052904D118B92846114600F0B2F8254B18683421694382680078895A91FBF0F032
:20D92000A08030BD000030B51F4A1421054600FB012400F07FF8E07C01280ED1194B03209A
:20D94000A0600020E07418688068342105FB01008268243001210078904730BD30B51546B9
:20D96000114A0C46142100FB0121C968012901D100F075F82146284600F049F8002030BD0B
:20D9800070B5064615460124104600F040F82946304600F0C8F9A96801B90C46204670BDD2
:20D9A000301D00202C1D0020381D00209CAE040030B505461446104600F029F82146284608
:20D9C000FBF7D2FF30BD30B52F4A0446142004FB0025087860B92D4A10688068342104FBD3
:20D9E000010001692430007888470220A86005E0204600F048F9204600F031F830BD10B54A
:20DA00000446FBF7C4FF204600F029F810BD4A7902730A68C968013A18BF012242600968A0
:20DA2000012902D303D0022102E0012100E0002181607047144A142100FB01229188013950
:20DA40000CD39180090409D13421104A414310688068401801692430007808477047142193
:20DA600048430949081800210160C16041744182704714225043044A1018017410F1100111
:20DA800000680079FBF7ADBF381D00202C1D002000B585B0FFF731FD03990090820A62F34E
:20DAA000010131F00C01C0F3012251EA820131F03001C0F3014251EA021131F0C001C0F377
:20DAC000011251EA821131F44071C0F3810251EA022131F44061C0F3811251EA822160F3BE
:20DAE0000D3131F48041C0F380323C4851EA823103910499027862F3D7510491002003A9A2
:20DB000048808880039804990190029101A903C903F00AFD05B000BDFFF7BABF00B58EB095
:20DB200001460020012910D316D003291BD321D0042926D008292BD00B292FD102A803F060
:20DB4000FBFC0398C0F3813028E00CA803F0F4FC0C98C0F3C05021E00AA803F0EDFC0A9898
:20DB6000C0F340201AE008A803F0E6FC0898C0F3C00013E006A803F0DFFC0698C0F3003010
:20DB80000CE004A803F0D8FC0598C0F3012005E0684603F0D1FC0098C0F300100EB000BD8C
:20DBA00000B582B0684603F0C7FC0098C0F3403002B000BD00B582B0684603F0C1FC009813
:20DBC000C0F3C03002B000BD00B582B0684603F0B7FC0098C0F3023002B000BDB209002031
:20DBE000704770477047000010B5124C606000F047F80320206010BD10B50C4600F005F87A
:20DC0000214600F06FF810BD000010B5094B5C681B6801460020032B22890AD1A36906E00C
:20DC2000DC888C4200D118460C33013A92B2002AF6D110BD501D0020F0B502460E480468CB
:20DC400000206369A48813E00C4F3E68B668342502FB0565DE7924352D78A4B2AE4206D168
:20DC60009D797F2D01D08D4201D1184602E00A33013CE9D2F0BDC046541D00202C1D00204E
:20DC8000DA4800F007BB70B50D46497801F0F0042978FFF7D1FF064628787E280BD16878DD
:20DCA000022808D1A8783E2805D1E878802802D1FCF74DFC15E0A6B1F07900F0C3FA3CB19F
:20DCC000102C0AD0202C0CD1294600F016F908E03246294600F09EF803E03246294600F088
:20DCE000CDF870BD30B504460D46407A00F0AAFABE4911EB80114A6A012A12D1A868C861D3
:20DD0000AA684C6002204862062A00D80120B84B886318686288007892FBF0F04885002026
:20DD200000E0012030BD30B5B14B0D46196889680446342004FB00102430007800F082FA6A
:20DD4000AA4911EB80100021826B81852946012A204606D308D0032A09D302D100F00CFAAD
:20DD600007E00220A86004E000F08BF901E000F0C0F930BD30B50D4634219D4A484311684B
:20DD8000896808182430007800F05CFA974911EB8014A06B042809D1606800214089FCF73A
:20DDA0002FFB204600F076FA01200AE0904A00206085606811688088097890FBF1F0A0852E
:20DDC0000020287030BD10B53421894A48431168896808182430007800F034FAC8B9834C62
:20DDE000200000F039FAA06898B1606B012810D308D003280AD301D005280AD1002000F0EF
:20DE00000CF906E0002000F0ADF802E0002000F0D3F810BDF0B581B00E467449074611EBA8
:20DE20008014707800F00F05606A0092022805D130787E2820D0204600F0F2F9681E0628D3
:20DE40001AD20220009B6062A561E5613146002020620822A36014F10C0005F01DF9654BF9
:20DE6000002020631868006910EB8700206001206063002084F83C0001B0F0BDF0B581B024
:20DE80000D465A49074611EB8014606A00920026022807D128787E2803D0204600F0C0F903
:20DEA00000E001266878A978000751EA105016BB072820D30221009B6162A061E06126627A
:20DEC0000822A360294614F10C0005F0E5F8494B102020631868464B006984F83C6010EBEF
:20DEE00087002060022060631968A0680978408890FBF1F0208501B0F0BD10B53B4A12EBAE
:20DF00008014606A022829D1606B03281FD00428204620D110F83C2F01320F2302F00F023C
:20DF2000027048781840904211D1082214F10C0005F0B2F82E4B2020206305206063A0689D
:20DF400019684088097890FBF1F0208509E0204600F08BF805E000F09DF902E0204600F081
:20DF60005FF910BD30B5214911EB8014A06814F11402A1690089FCF704FAA0B9606990B193
:20DF8000A269816891420ED314F10E01006805F083F8A56820462D8900F07CF928460021D0
:20DFA000FCF707FA07E0A06801210089FCF701FA204600F06FF930BD10B50C4911EB801490
:20DFC000A06814F11402A1690089FCF7DAF9D8B96069C8B18168A269914215D314F10F012E
:20DFE0000522006805F058F806E0C046581D00202C1D0020541D0020E0690538E0610520E6
:20E0000020620420606307E0A06801210089FCF7D0F9204600F03EF910BD30B5A94911EB14
:20E020008014606B14F10E010025032803D0E569062D88BF06256069236A00682A461818F9
:20E0400005F02AF8E069216A401BE061491921620421616340B9A56820462D8900F01AF946
:20E0600028460021FCF7A5F930BD10B58168044619B108890121FCF79CF9204600F00AF93D
:20E0800010BD70B50D4634218F4A48431168896808182430007800F0D5F88A4911EB80160A
:20E0A000706816F114014089FCF794F9D8B97069C8B116F10C00022105F0CCF87169F4691A
:20E0C00016F10E002246096804F0E6FF7068007A747330730420B063082216F10C01286997
:20E0E00004F0DAFF04E0304600F08EF80220A86070BD30B50D463421734A484311688968ED
:20E1000008182430007800F09DF86E4911EB8014606814F114014089FCF75CF930BB6069A0
:20E1200020B314F10C00022105F094F8616914F10F000522096804F0AFFF6068007A20736A
:20E14000E069010A51F010016173A0730538E061052020620320A063002184F83C1028696D
:20E16000082214F10C0104F097FF04E0204600F04BF80220A86030BD70B50C463421524ADD
:20E1800048431168896808182430007800F05AF84C4911EB80156868A8B34B4B196840882C
:20E1A000097890FBF1F0688515F10C00022105F051F86869EE69296A0068062E88BF062648
:20E1C0003246091815F10E0004F066FF6868007A287315F13C000178013101F00F010170F5
:20E1E00051F020006873E869296A801BE86189192962032100B904212069A963082215F127
:20E200000C0104F049FF70BD10B54168044619B148890121FCF7F4F8204600F03BF810BDDE
:20E2200010B50446406818B101214089FCF7E8F8A06818B101210089FCF7BBF8204600F028
:20E2400029F810BD214B1A681269D278904201D0012000E00020704710B50446008D0138CD
:20E2600005D32085000402D12046FFF7FEFE608D013805D36085000402D12046FFF7C4FF19
:20E28000A08D013805D3A085000402D12046FFF7BBFF10BD10B504461430042104F0DAFF1C
:20E2A0000022114613460EC40120A061E2612284F02024340DC42280B4F13000082105F0E1
:20E2C00000F810BD581D00202C1D0020541D002070B50446C5B22846FFF739F806460720FC
:20E2E000FFF708F97043642190FBF1F6F6B22846FFF729F8324601462046FBF717FB70BDFA
:20E30000FBF706BBF0B50546072002F0FBF90746002457FA04F0C00712D50720FEF7C1FF0D
:20E3200066000128204605D1FFF7D2FF705B50F4807004E0FFF7E4FF705B30F480707053ED
:20E340000134062CE5DBF0BDF0B581B00091012618B116203346022205E017461C1E06D16C
:20E36000162002231A460021FCF738FE09E03D48456835B122463946BDF818300098A8472C
:20E380000646304601B0F0BD30B5012410B11620234603E00B4632B9162002230322002133
:20E3A000FCF71CFE06E02F4885681DB111461846A8470446204630BD10B5012430B11620F6
:20E3C000234607220021FCF709FE05E02548026912B1084690470446204610BD10B5012484
:20E3E00030B10922162023460021FCF7F7FD05E01C48C26812B1084690470446204610BD92
:20E4000010B5012430B11620234606220021FCF7E5FD04E01349C86908B1804704462046D3
:20E4200010BD000010B500240E4AFF2807D090B11620012305222146FCF7D0FD0FE09169FE
:20E440002046012401B18847002807D0022805D0032804D102E0916909B18847044620469D
:20E4600010BDC04630AF0400F0B584B003900E46002403980121A140014000F0AA802046A3
:20E4800002F0CBF9B0F1280120468E4202DC02F091FA57E002F02EFAB0F1280120468E421A
:20E4A0000DDC02F0BAF9B0F12805204602F022FAB0F12807204602F07DFA711B1BE002F074
:20E4C00031FA2838864201DC64203BE0204602F041FAB0F1280120468E4210DC02F022FAE0
:20E4E000B0F12805204602F035FAB0F12807204602F078FAB91B89B2D0F1640219E002F00C
:20E5000041FA283886421CDC204602F023FAB0F12805204602F036FAB0F12807204602F0AD
:20E5200061FA0290204602F075FA029BB91B89B21A1A92B24A43791B89B292FBF1F14018E0
:20E5400000E000203F4F3855204602F004F90190002501980121A940014037D0284602F049
:20E56000D1F802908DB902F06DFA395D884222D902F068FA3855009002F064FA009B0322C5
:20E5800083428CBF0121002112E0042D13D102F05CFA395D88420ED902F057FA3855009032
:20E5A00002F053FA009B2A4683428CBF012100211046FBF799FE0021029801228A400240F5
:20E5C00001D03A5D7A5401310629F5DB01350B2DBFDB0134062CFFF64CAF04B0F0BD0146CD
:20E5E0006420062901DA1748405C704710B581B001246946204600F0F7F801281DD0694607
:20E600000231204600F0DAF8012816D00E496B4611EB8402B3F90010107810B90120107058
:20E6200007E0B2F902008842CCBF401A081A000603D051805888FFF717FF0134062CD8DDC3
:20E6400001B010BD34070020981D0020F0B5D54C0D462178062901D301203BE0012803D31C
:20E66000032801D8D04BC75C00230DE02C2203FB02425668BE4205D1D08A0121A940084374
:20E68000D08226E00133DBB28B42EFD303280ED802F0C1FC21782C2211FB024257600432EE
:20E6A000012804D3062802D8C04BC05C50602C2001FB00400121A940C182284602F071FCD8
:20E6C00021782C2211FB0242908200209081481C20700020F0BDF0B5B24C2678062E01D3B6
:20E6E000012032E00027012803D3062801D8B04BC75C00230CE003FB02521568BD4205D1E9
:20E70000508A01238B40184350821DE00133DBB2251D2C22B342EED372435319012857510D
:20E7200004D3062802D8A34E825D5A6001228A405A8202F0AEF922782C2112FB015318822C
:20E7400000201881501C20700020F0BD42F2107140F6FF724143101AB1FBF0F04FF47A7173
:20E760004843704730B50D461446FFF7EFFF4FF47A71B0FBF1F0294602F0E1FA4FF6FF7136
:20E7800088420EBF01202080002030BD70B58A4C0E461546A060FFF7D9FF6060304602F074
:20E7A00091F960700146606802F053F9207008B9012002E032382880A07870BD30B5002200
:20E7C0000CE01D1D2C2454432B59834204D16019408A0880002006E00132D2B2714B1C7836
:20E7E000A242EED3012030BD10B500220FE02C2402FB04346368834207D1607B0434012867
:20E8000009D1A0890880002006E00132D2B2654B1C78A242EBD3012010BDF0B582B00026DF
:20E820000096354658E0654900262C2005FB0014206807284ED309284CD8617A012949D010
:20E84000072801D1012703E00327082800D1022769466068F9F7A5FE06003BD1207A009A08
:20E8600014EB800101302072207A05284A6131D314F114000521FEF76EF840F63C72A0625F
:20E88000012161722672B0F1A401914206D214F10E023946FFF766FF01280AD1781E01214F
:20E8A000FBF704FD39463246207C02F0BAF9E08103E0781E3146FBF7F9FC3746618A01206C
:20E8C000B840084003D03846E189FAF70EFF0137062FF3DB0135EDB2324908788542A2D3F8
:20E8E000304602B0F0BDF0B584B0002703973E469CE0324900232C2006FB0014206803938C
:20E900000128C0F09180052800F28E800138042813D801A1D1E800F00306090C0F001D46B5
:20E9200001270AE00125022707E00225032704E00325042701E00425052769466068F9F76A
:20E9400030FE039000286FD1207A009914EB800201302072207A0528516165D314F114004D
:20E960000521FDF7F8FF019003460246A0620120607200202072A42A0CD340F23D2000225F
:20E9800083421DD2A07A012800D1024628460121FBF777FC284600221146FBF772FC00200B
:20E9A000E07230E0C01D002055AF04004FAF040058AF04005EAF0400B41D0020C41D0020E0
:20E9C00020B4029840F646630121984201BC09D2FBF757FC284600221146FBF752FC0020CA
:20E9E000608116E0FBF74DFC0020A07240F6DF70019B83420AD2E27A28460021012A18BF24
:20EA00000A46FBF73EFCA07A01280AD0E07A012807D014F10C023946A06AFFF7B7FE012893
:20EA200002D1208A3238A0810136F6B2124908788642FFF45EAF039804B0F0BD30B5002447
:20EA4000254602F0EBF801280AD1284602F0F2FA30B1032804D82946FFF7F8FD0443E4B207
:20EA6000284602F045F810B12946FFF734FE0135062DE6DB204630BDC01D002070B50025DD
:20EA80005449142005FB0014002053492080A0701A206060012600202074342005FB0010EC
:20EAA000A6603146008900F08EF90022012800D102462046032100F07BF90135042DDFD36E
:20EAC00046480C210161067070BD000010B9464AD06804E014225043414A10188068086035
:20EAE00000207047F0B583B03E4A02900E4603460120342103FB012700900B21388900F0A7
:20EB000062F9029B364D14245C4301900021285B00F059F91EB9F96909B90199E1B10128DC
:20EB20001AD032460621029800F0C9FA0090030012D1F96916B18E420BD100E049B1601961
:20EB40001A46012100F034F960190022022100F02FF9611901220A74009803B0F0BDF0B588
:20EB600084B00E461F4907460123342007FB0015288900930B21019000F025F918490390C6
:20EB8000142007FB00140021208800F01CF926B9E96911B90399002945D0012843D0032128
:20EBA000208800F010F902900621208800F00BF903900021019800F006F96968032903D152
:20EBC000297DA27891422ED9029901292BD003990CE0C046002A0020E8AF040064070020DD
:20EBE000EC290020B4AF04003C07002001291AD0012801D1207CB0B132463846072100F0FC
:20EC00005EFA009078B9E86916B186420BD100E048B120460122114600F0CAF8204601222B
:20EC2000022100F0C5F8009804B0F0BD27490878012804D00C210022104600F040BAA023CC
:20EC40000C2214200021FCF7CBB970B5204E307801283AD130691F4C1F4D0C280DD100F0D9
:20EC600077FA38B90D203061A0681A2805DB0C20306109E030690C2806D0297831B9174916
:20EC8000A06851F8200080472978F1B115EB81001349406851F82000804730690C2814D192
:20ECA0007068012811D10F4B2288142102FB0131896851B1042908D0012A04D1A1680C29D3
:20ECC00001D1002100E00146E16170BD3C07002064070020780700204C0700207CAF04007C
:20ECE00068AF0400EC290020E0B581B0D24D298D2B7B0022090289B25E18314601280CD326
:20ED000016D003283AD341D1A879FFF755FBD0B30021012000F0CEFA38E0686A6F8D0228CF
:20ED200001D1023702E003280CD10437BFB20DE0C24AA879FFF728FB0028E9D1E87C013880
:20ED4000E87420E0012804BF0137BFB2288808B1421E92B2BA49342002FB001006210089A1
:20ED600000F031F8012801D10237BFB20097B34B31460022A879FFF7E7FA02E0A879FFF7B6
:20ED80002DFB0028C4D1AF490220C86001B0E0BD10B5AC490446C868012808D1A6498879D8
:20EDA000FFF740FB012802D12046FFF79DFF10BD012A038802D18A40134302E001228A40E9
:20EDC00093430380704701238B409BB2184018BF01207047F0B582B00F46002401210191DC
:20EDE000061E7AD0002F78D0934D2A88964B0821142050430093C05AFFF7E5FF012867D1E3
:20EE0000297D081A2875A86806283BD0072807D00C2837D00D2803D0162833D0172829D181
:20EE20003046296D884720B1012155E0305D38550134688D8442F9D30022A8680192052807
:20EE40004BD0192849D02888009B1421012201FB00301146FFF7ACFF2888009B14210122D3
:20EE600001FB00300221FFF7A3FF0121084600F059FF32E07349086908282ED102E0305D16
:20EE800038550134688D8442F9D36E490869082815D02888009B1421002201FB00300121FC
:20EEA000FFF786FF2888009B1421002201FB00300221FFF77DFF0021084600F033FF384665
:20EEC000E96C8847C2B2019207E0305D38550134688D8442F9D300210191019802B0F0BD9F
:20EEE0005A4B197801311970197813EB8101486070475449022088607047F0B54E4C20886C
:20EF00004F49461EB6B2342006FB00156868504F2062032804D0142006FB0070002181707C
:20EF200001F015F84FF6FF71142006FB00706180018882782182C168227380686164A06106
:20EF4000E88A010AA074288B0131A0850020E0852878E174A071687D297DA073E8686173C9
:20EF600060622869236A2085000C6085032B01D0286A06E0914205D8511AC0B24143286A01
:20EF8000401860630B212889FFF71DFF012803D1286B2065E86AE064686A6065A86AA0650E
:20EFA000F0BDE0B5244D29880126013129802988A86802270C2810D1042906D9254A002150
:20EFC0001170E96901292BD029E0214EA8601420143E01FB00600C2163E0192810D1042918
:20EFE00006D91C4A00211170E969012918D016E0174EA8601420143E01FB0060192150E017
:20F00000022906D0052804D0042942D9114B5A7A6AB9104A00211170E969012900D00021EA
:20F0200001F062F80022EA61064A576045E0012A2FD1074E2A800FE0780700209823002059
:20F04000E8AF040064070020EC2900204C070020002A00203C070020002058720D20A86016
:20F060007060002000F0BEF8D2482988342202FB0101C96900220A702988342202FB010007
:20F08000C069002141702988143E142202FB01600FE0C94E0D20A8601420143E01FB0060C1
:20F0A0000D214160002000F09DF82888142101FB00608760FFF721FF00263046E0BDF0B5C0
:20F0C00081B0BE4B1E78322E3FD205460C46411E89B2987801B40C277843B94F3D52C7198E
:20F0E0007C60BA6001BC013098709878322801D300209870701C18700C2C03D00D2C01D095
:20F10000192C14D1AF480121017044600221204600F0EAFF0C2C16D10020A74A142100FBD5
:20F1200001210122013004280A74F6D30BE014204843A149401801220021FFF739FE28461B
:20F14000022100F0CBFF002000E0012001B0F0BDF0B59D4A1068012802D1FFF722FF40E01C
:20F160009A4C2078E0B36078954F0C234343D9194968974D00260C29A96003D00D2901D048
:20F18000192911D10120106002200C2900D101202880304600F026F82888142148438D49FF
:20F1A0004018022181600DE0F95A1660298000F019F828881421484386493246401831460D
:20F1C000FFF7F6FDFFF799FE6078013060706078322800D36670207801382070304600E04E
:20F1E0000120F0BDF0B582B0794F7B4905463888461E4868704CB6B201282BD11425754385
:20F200000421605BFFF7DFFD01280AD1B8680D2807D1281900220521FFF7CAFD6F48386373
:20F2200046E06F49342006FB00130B2100931889FFF7C9FD0646281901220521FFF7B8FDEB
:20F2400008212819012E01D132462FE0009AD2693A632AE060BB6249342006FB00120B21E7
:20F2600000921089FFF7AFFD5549019003460C2005FB0010806805211425754318B13863AA
:20F28000281900220DE00122012B06D12819FFF78FFD08212819012208E00098C069386364
:20F2A0002819FFF785FD082128190022FFF780FD02B0F0BDF0B581B0444A13780E4651782B
:20F2C000009000220DE00C273D484F433F5A2088874215D0013189B2312900D90021013262
:20F2E00092B23C4D3A4C9A42EDD30099208800F0F5FE2188142202FB01511A224A6005E002
:20F3000014F1100001220021FFF752FD294A2788342107FB012108890021FFF754FD012892
:20F320000AD1142107FB0151896829B914F1100001220321FFF73CFD022E07D12188142224
:20F3400002FB0151626CCA60012202E0012E05D10022092114F11000FFF72AFD2088A26D27
:20F36000142100FB0153218A1980CAB1A1680020072913D309290BD90B290CD00C290CD0D4
:20F38000172903D0182909D1022007E0012005E0144D485D02E0042000E005209968904747
:20F3A00014F1100000220721FFF702FD0A490E4B1CE0C046B4AF0400002A0020A0270020B3
:20F3C000A82700203C07002068070020A027002078070020EC29002064070020A32700201C
:20F3E000E8AF0400B1B004004C0700200022CA600C220A610021197001B0F0BDF0B5D44DE7
:20F4000000202A69E860012A0EBF072104210246D04CD14E14F11000FFF7CAFC208834215B
:20F420004843CE49401806210089FFF7CCFC0746012803D13046616A00F0BDFD606A48B16C
:20F440002969E6630A2001B9092028610320FFF747FD04E00F20012F00D111202861F0BD63
:20F4600030B5BB4CBB4D0020E060286A032824D0012802D02169012916D129883422514356
:20F48000B64A89180A6A0AB9496A69B10021084600F048FC0320A86100F059FD0820206109
:20F4A0000220FFF71DFD10E0022806D1206920B901202061E060287307E00021084600F004
:20F4C00031FC00210120FFF7F5FE30BD704700B59F4A00200146D06000F024FC00210120A9
:20F4E000FFF7E8FE00BD30B5994C9A4D0020E060286A032824D0012802D02169012916D11B
:20F50000298834225143954A89180A6A0AB9496A69B10021084600F005FC0320A86100F050
:20F5200016FD082020610220FFF7DAFC10E0022806D1206920B901202061E060287307E06A
:20F540000021084600F0EEFB01210320FFF7B2FE30BD30B57E4D7F4C0020E860206A0328F3
:20F5600012D10021084600F0DDFB0121052008E000F0D8FB208814214843794940180121DB
:20F580008068FFF797FE20E0012802D02869012817D10320A0610021084600F0C3FB208872
:20F5A000342148436D494018016A11B9406A0028DED000F0CCFC082028610220FFF790FC9B
:20F5C00003E001202861E860207330BD70B5614D5F4C0026286AE660022809D120690328A2
:20F5E00006D1AE61022020612E730120E06021E02888342148435949401807210089FFF74E
:20F60000E2FB012805D12661E0600420FFF768FC10E03146012000F085FB286A022805D13F
:20F6200015F1100032460421FFF7C2FB02213046FFF740FE70BD30B5464C454D0020E17CE4
:20F64000E86011B10120E86037E0216A02292CD1296903290ED12188342251433F4A891813
:20F66000C97D2073E174022129610121E96000F06EFC22E0A069C0B920883421484337495E
:20F68000401807210089FFF79EFB012806D128612073E8600420FFF723FC0EE00021012005
:20F6A00000F040FB0221002005E00021084600F039FB01210846FFF7FDFD30BD10B52448E6
:20F6C000244C0021C160216A022915D10169062905D1072101610121C160217314E00729E8
:20F6E00012D10021084600F01DFB14F1100000220421FFF75DFB03E00021084600F012FBB7
:20F7000001210020FFF7D6FD10BD00B5104A00200146D06000F006FB01210846FFF7CAFD4D
:20F7200000BDF0B50B4C0F4F2088451E3868ADB20B2839D00C49342005FB0016306A28B338
:20F74000207D18B3216B606BFFF744FB0EE0C046640700207807002098230020B4AF040055
:20F76000EC29002074070020E8AF0400002845D102213089FFF727FB012815D1206BE0630F
:20F780000B2038600320FFF7ABFB37E0616D01B3A268082A03D00C2A03D0182A02D1012000
:20F7A00000E00220884748BB0121084600F0BAFAA069032808D0D149142005FB0011886806
:20F7C000052801D0012801D1082014E00121002012E0A069032804D0C849142005FB001083
:20F7E0008068C64A142105FB01240021A060084600F098FAA0680121FFF75CFDF0BD30B5BB
:20F80000BF4CC049E5880878A583013800D308702068022806D129460123228CA069FAF777
:20F8200016FA2062A08B401BA083A0694019A06130BDF0B582B0B44800242546B349066871
:20F8400001900920371A012F1CD8B14A4B8DD05C01B4486A0190022801BC04D19A1852784A
:20F8600050EA02200EE001B40198032801BC09D19A18537850EA03209378D27850EA034082
:20F8800050EA0260112E07D148880988884201D102251AE001251BE0012F19D80E46496C4C
:20F8A0000124814200D102249A493788342007FB001006210089FFF786FA012803D1708846
:20F8C000B842E7D10225022C02D101990F2008602946204600F0C7FB02B0F0BD10B58E4C98
:20F8E00020690F2802D100F040FA27E0FFF7A1FF0020FFF74DFAE068022808D1834A907930
:20F90000FEF77EFD1821484384494058804720690D2813D17D48016A03290BD1417B007B76
:20F92000814207D800F013FB082020610220FFF7D7FA03E0002020610120E06010BDF0B53E
:20F9400082B00120FFF724FA734EF068022809D16E4A9079FEF754FD182148436F49401848
:20F960004068804730696A4D0D2815D1674C207D01000BD02946206BFFF72CFA60B90A2127
:20F9800014F110000122FFF713FA05E000F0CAF901210846FFF78EFC5C4C0A21208AFFF731
:20F9A00012FA012821D10A2114F110000022FFF7FFF9676A47B1606CE563A0640B20306133
:20F9C0000320FFF78DFA62E02088342148435149401806210089FFF7F6F9012803D13946BA
:20F9E000284600F0C5FA00F0B4F930690B284ED120883421484347494018068909213046C3
:20FA0000FFF7E1F9278A009004213846FFF7DBF9019009213846FFF7D6F907463046022184
:20FA2000FFF7D1F9012813D10098012810D1019870B9012F0CD1606CA16C884208D10021EB
:20FA4000384600F06FF900210420FFF733FC1EE0606C618D676A022F685403D14919000AB0
:20FA6000487008E0032F06D14919020A4A70020C8A70000EC87030460621FFF7A4F901280E
:20FA800003D13946280000F073FA00F062F902B0F0BD1D4801680D2914D11C4A1D4B118894
:20FAA000342201FB0232136A0BB9526A52B1142251431B4A891802228A6008210160104602
:20FAC000FFF70EBA704710B5134C20690D2803D1062020610120E0600320FFF759F9E06840
:20FAE000022809D1094A9079FEF78AFC182148430A4940184069804710BDC046002A00202F
:20FB00009C0700204C070020740700207807002098230020B4AF040064070020BCB0040038
:20FB2000EC290020F0B5C94C208801284CD303D80020FFF7D5F947E0022801D1FFF7D9F93C
:20FB40000221208AFFF73FF9C14D07462088342101FB0050068904213046FFF734F9012890
:20FB60002ED16FBB206A03282AD030460321FFF72AF9B84EB168012918D1B8B914F1100042
:20FB80003A460321FFF714F93946384600F0CAF82088342101FB0050016A09B9406A68B1D6
:20FBA00000F0D5F9082030610220C2E73946384600F0B8F80D2030613846BAE7012001E087
:20FBC00000210420FFF776FBF0BDF0B583B0A24D287A012832D19D4C268816E00021012068
:20FBE00000F0A0F814F1100000221146FFF7E0F89A4A2088142100FB012106228A601A22F5
:20FC00004A600136B6B201302080042EE6D9687A012802D1924906208860002028722870C0
:20FC20000621686800F060FA1A2068608948022141600021C1600C21016171E0012108465A
:20FC400000F070F8814C2088012810D1854A206BD16988420BD114F1100001221146FFF70E
:20FC6000A7F814F1100001220221FFF7A1F8258A01212846FFF7A7F8009002212846FFF710
:20FC8000A2F8064628460321FFF79DF8029006212846FFF798F807462088342148436C492A
:20FCA000401805210089FFF78EF8019004212846FFF789F801280ED00098012820D1012E3E
:20FCC0001ED10298E0B9DFB90198012818D1207B617B884214D2206A03280AD1607B217B91
:20FCE000884206D80021084600F01CF80021012014E058490D2008610120FFF7F1F80FE08D
:20FD000028460521FFF75FF8012805D114F1100000220221FFF74CF800210420FFF7CAFA70
:20FD200003B0F0BD70B5494C05460E460521208AFFF749F801280BD12A4614F11000012157
:20FD4000FFF736F8324614F110000221FFF730F870BD3E493F4801230A6AC360022A06BFCA
:20FD600003220B7302220261704730B5374C2088082114225043394A3B4D805AFFF723F8AA
:20FD8000012809D1207D60B32846216BFFF722F840B1207D28BB1CE018BB2846216BFFF776
:20FDA00019F8B0B90721208AFFF70DF8012809D114F1100001220421FEF7FAFF618D206B35
:20FDC00000F0A6F900210120FFF7ACFF0020022105E000210846FFF7A5FF01200021FFF748
:20FDE00069FA30BD30B5002027E08118226B1E4B525C595C8A421ED0092114F1100000229A
:20FE0000FEF7D6FF0025E07CE58501000CD00A2114F110000122FEF7CBFF0E4BDD60134B3A
:20FE20001878013818700FE0FFF77CFF01210846FFF740FA08E0013080B2044CA18D8842DE
:20FE4000E28DD2D35018E08530BDC04678070020B4AF0400640700203C070020EC290020A5
:20FE6000002A0020E8AF0400982300204C07002030B5002025E0226BCE4B4118525C595CE3
:20FE80008A421CD0092114F110002A46FEF790FFE07C01000CD0C84B1878013818700A21AF
:20FEA00014F110000122FEF783FFC44BDD600FE0FFF738FF01210846FFF7FCF908E00130B7
:20FEC00080B2BF4CE18D628D0025521A9042D2DBE58530BD30B5B94D2869012836D800204E
:20FEE000FEF756FFE868022830D1B54CA079FEF787FA08BBE18D628D91420AD2A08D40B1C0
:20FF0000511A814202DBFFF76DFF1FE0FFF7B0FF1CE0206A022808D12869012805D014F1B3
:20FF2000100000220421FEF743FF00210120FFF7F9FE0221002007E0022807D0002108466A
:20FF4000FFF7F0FE01210846FFF7B4F930BD30B59B4D288801240B2134225043994A80188B
:20FF60000089FEF730FF012800D105242C7530BD10B5934B1A88120A5C8D29B90255598DBA
:20FF800008181988417015E02418012905D16270598D0818198881700CE0022905D1A27055
:20FFA000598D08181988C17004E02271598D08181988417110BD10B5814A548D231811B956
:20FFC000005D59780AE0012902D15878997805E0022907BF9878D9781879597911EB002075
:20FFE000508010BD30B5754D29690120092901D0112912D1724CA17C013903D3A1740021C9
:020000024000BC
:20000000296110E02188342251436E4A8918897D2861E8602073A17424E0694CA17C0139EB
:2000200003D3A1742861E8601CE020883421484364494018016A09B9406A68B1002108461C
:20004000FFF770FE0320A061FFF781FF082028610220FEF745FF05E0FFF764FE0121032014
:20006000FFF728F930BD30B5544D2A69112A02D0093A012A31D8524C226A032A09D1A07C92
:2000800001000BD1FFF74EFE01210320FFF712F923E0012A1FD1A07C010006D00138A0749D
:2000A000002028610120E86017E0FFF73BFE0320A06120883421484342494018016A11B944
:2000C000406A0028E0D0FFF742FF082028610220FEF706FF01E0FFF785FF30BD1422504389
:2000E000394A101881607047384B02460A28D96008D000200D2A03D0192A04D1022002E069
:20010000012000E00420324B1A6802B11047704710B5002204E02F4B845C9C54013292B26E
:200120008A42F8D310BDF0B585B0254C2588264F14266E430421B85BFEF745FE264B029090
:20014000196801930B291FD1012804D1F01900220421FEF72DFE01210846FFF7E3FD02218F
:2001600000205AE0207D002855D0124D206B2900FEF730FE002852D10199E5630B20086045
:200180000320FEF7ADFE4AE00121208AFEF71BFE0C490490342005FB00120B2115890092ED
:2001A0002846FEF710FE039008212846FEF70BFE14E0C046982300204C07002064070020D3
:2001C00078070020B4AF0400EC2900203C070020E4AF0400A32700207407002001281AD151
:2001E0000498012817D10098C06910B90398012811D128460221FEF7E6FD0028B2D1029874
:20020000012804D1F01900220421FEF7D1FD01210846FFF787FD00210846FFF74BF805B086
:20022000F0BD0000F0B583B04D4D0746287D01302875286850B9281D10220021FCF7A5FB1B
:20024000B420A8814B20A8800120286001A801F000F90090020007D1424BDDE9010102F021
:200260006FFC02F009FBA88028692C1D40F2091604286CD801A1D1E800F0C046041227309C
:20028000460020884B283CD3009800285FD1287D062820D30620287501F047FF1BE021889A
:2002A0005A2902D90220E06051E0412901D20020F9E7D1F15A002189484342F21071081AE8
:2002C000642190FBF1F041E02188CA2901D90320E9E75A2939D20120E5E73946A088FCF78E
:2002E00061FB2188A080B14201D90420DBE7C02904D80220E0600020A08028E01A4988428A
:2003000023D3002022E03946A088FCF74BFBA0803946E088FCF746FB2188E080C02904D2E2
:200320000221E1600020606011E0B14206D8A17821B10320E0600021E18008E00A4AA18882
:200340009142DED2B0F5C87FDBD26420A07003B0F0BD03490A68642002B188797047C046DA
:20036000502A00200000244018F6000000205149514A0A602FE0514A0128F8D311D0032808
:2003800013D315D0052816D0062817D00B2818D00E281BD00F281ED100231371484ACA63A2
:2003A00019E0484A01324A6015E0474A8A6012E0464ACA600FE0464A4A610CE0454A8A6129
:2003C00009E000231370444ACA6204E0F023D370424A01328A6301301028CCD370474048A7
:2003E0000021016081603F4941600621016070473B49086850F001000860704730B53A4B74
:2004000014460D4613EB00100B4600223CC030BD30B582B0344C20680025012808D1284611
:20042000F9F77AFB256000F085F82846F9F782FB2069012807D1F9F76FFB256100F086F8B2
:200440000120F9F777FB206A012808D10220F9F763FB256200F084F80220F9F76BFB206B27
:20046000012808D10320F9F757FB256300F086F80320F9F75FFB206C012808D10420F9F710
:200480004BFB256400F080F80420F9F753FB00F085F8BFE700B5FFF769FF002005F0B0FDDB
:2004A000FFF79DFF00F022F8FFF7A2FFFFF7B0FF00BDC0460000002000FE00201FED00E077
:2004C000EB3B040000840300C73B0400C13B0400D33B0400D93B0400273C0400E53B0400B0
:2004E00010E000E0FF700200682A002000B5FBF713F92B4801F006FAF8F71FF8F9F7ECFA16
:20050000052201210020FFF779FF0A2203210120FFF774FF142205210220FFF76FFF3222F4
:2005200007210320FFF76AFF642209210420FFF765FF00BD00B51B49086801300860F7F716
:20054000B9FFFDF759F8F9F716FF00BD00B51549486801304860F7F7B4FFF9F751FA00BDA7
:2005600000B51049886801308860FEF76EFBFBF7A5FB04F027F8F7F7C1FF00BD0949C86874
:200580000130C860F7F7C8BF00B50649086901300861F7F7C4FFFBF7D1F800BD7047C04698
:2005A00008B20400B82A0020F0B581B005460C4600921F46524E02280DD1C88810F0100009
:2005C00002D0FAF737FD0EE0FAF726FDA08850F00800A08020E0032819D1C88810F010001D
:2005E0000ED0FAF741FD6900085B30F008000853307888B9012030702846F9F789F90BE02A
:20060000FAF724FDE08850F00800E08004E04100085B50F0080008536800005B10F00800C2
:200620000DD00020009A307039462846F9F77EF90120FCF70BFE2846F9F787F901E0FCF760
:2006400005FE6800005B01B0F0BD022801D1FAF7F1BC032801D1FAF707BDF9F759B9F0B583
:2006600081B00546032000F04DF80090002400992141C8073FD5022000F044F80646022058
:20068000FCF70FFE07460320FCF70BFE2641F60709D0012F07D16200515B31F008015153CD
:2006A000012825D125E001281AD12046FCF74FFE06460320FCF71EFF074600F0FCFC7E43E7
:2006C00042F21071704390FBF1F6F6B22046FCF73AFE0346324629462046FFF765FF0AE02D
:2006E0006100485B30F0080048532046FFF7ADFF0020FCF7ABFD0134062CB8DB01B0F0BD18
:20070000CC2A002000220D2823D801A1D1E800F007090B0D0F11131517191B211D1F4A487C
:2007200016E04A4814E04A4812E04A4810E04A480EE04A480CE04A480AE04A4808E04A48B1
:2007400006E04A4804E04A4802E04A4800E04A480288104670470021052812D801A1D1E89B
:2007600000F0C046040C060E080A444808E0444806E0444804E0444802E0444800E0444891
:200780000188084670470000052813D801A1D1E800F0C046040C060E080A3E4908E03E4936
:2007A00006E03E4904E03E4902E03E4900E03E49088800E000207047052813D801A1D1E8D7
:2007C00000F0C046040C060E080A384908E0384906E0384904E0384902E0384900E0384973
:2007E000088800E000207047052813D801A1D1E800F0C046040C060E080A324908E0324935
:2008000006E0324904E0324902E0324900E03249088801E04FF6FF707047052812D801A1CB
:20082000D1E800F0030B050D07092C4908E02C4906E02C4904E02C4902E02C4900E02C49AD
:20084000087800E000207047128007001480070016800700188007001A8007001C800700AD
:200860001E800700208007002280070024800700268007002A8007002C8007002E80070012
:200880003280070036800700388007003080070034800700468007004A8007004E8007003E
:2008A00050800700488007004C80070052800700568007005A8007005C800700548007006A
:2008C000588007005E800700628007006680070068800700608007006480070048810700ED
:2008E0004A8107004C8107004D810700498107004B810700052813D801A1D1E800F0C04670
:20090000040C060E080A864908E0864906E0864904E0864902E0864900E08649087800E0F3
:2009200000207047052813D801A1D1E800F0C046040C060E080A804908E0804906E0804918
:2009400004E0804902E0804900E08049087800E000207047052813D801A1D1E800F0C046F6
:20096000040C060E080A7A4908E07A4906E07A4904E07A4902E07A4900E07A49087800E0DB
:2009800000207047052813D801A1D1E800F0C046040C060E080A744908E0744906E07449DC
:2009A00004E0744902E0744900E07449087800E000207047052813D801A1D1E800F0C046BA
:2009C000040C060E080A6E4908E06E4906E06E4904E06E4902E06E4900E06E49087800E0C3
:2009E00000207047052813D801A1D1E800F0C046040C060E080A684908E0684906E06849A0
:200A000004E0684902E0684900E06849087800E000207047052813D801A1D1E800F0C0467D
:200A2000040C060E080A624908E0624906E0624904E0624902E0624900E06249087800E0AA
:200A400000207047604908787047604908787047000002465E48012902D05E48022915D15E
:200A60000146002051F820309A420BD811EB80035B689A4206D34F2899BF0130C0B22930F5
:200A8000C0B204E00130C0B2A028EBD30020704700000138052813D801A1D1E800F0C0465E
:200AA0000406080A0C0E4C4908E04C4906E04C4904E04C4902E04C4900E04C49087800E0AE
:200AC000002070470138042810D801A1D1E800F0030507090B00464906E0464904E046490D
:200AE00002E0464900E04649087800E000207047052813D801A1D1E800F0C046040C060E52
:200B0000080A404908E0404906E0404904E0404902E0404900E04049087800E000207047E2
:200B20004E8107005081070052810700538107004F810700518107005481070056810700E8
:200B4000588107005981070055810700578107005A8107005C8107005E8107005F81070085
:200B60005B8107005D8107006081070062810700648107006581070061810700638107002E
:200B800066810700688107006A8107006B81070067810700698107006C8107006E810700C8
:200BA00070810700718107006D8107006F8107007281070074810700768107007781070065
:200BC00073810700758107008881070089810700F08607007089070091810700928107004C
:200BE000938107009481070095810700968107008B8107008C8107008D8107008E81070031
:200C00008F8107009781070098810700998107009A8107009B8107009C8107009549087896
:200C2000704710B50C464FF6FF73002A40F085800138092800F2818001A1D1E800F0C04622
:200C400006121E2A36424E5A6672012C01D18A4872E0022C01D189486EE0032C6DD18848BD
:200C60006AE0012C01D1874866E0022C01D1864862E0032C61D185485EE0012C01D18448CF
:200C80005AE0022C01D1834856E0032C55D1824852E0012C01D181484EE0022C01D180480A
:200CA0004AE0032C49D17F4846E0012C01D17E4842E0022C01D17D483EE0032C3DD17C4809
:200CC0003AE0012C01D17B4836E0022C01D17A4832E0032C31D179482EE0012C01D178488F
:200CE0002AE0022C01D1774826E0032C25D1764822E0012C01D175481EE0022C01D17448CA
:200D00001AE0032C19D1734816E0012C01D1724812E0022C01D171480EE0032C0DD17048F8
:200D20000AE0012C01D16F4806E0022C01D16E4802E0032C01D16D480388184610BD10B564
:200D400002466B4803889A424FF6FF7010D3694C23889A420CD8012901D147491FE10229C3
:200D600001D146491BE1032940F01A81444916E1614C23889A4210D3604C23889A420CD86D
:200D8000012901D13F490AE1022901D13E4906E1032940F005813D4901E1594C23889A4203
:200DA00010D3584C23889A420CD8012901D13849F5E0022901D13749F1E0032940F0F080D5
:200DC0003549ECE0504C23889A4210D34F4C23889A420CD8012901D13049E0E0022901D18B
:200DE0002F49DCE0032940F0DB802E49D7E0484C23889A4210D3474C23889A420CD80129B4
:200E000001D12949CBE0022901D12849C7E0032940F0C6802649C2E03F4C23889A4210D326
:200E20003E4C23889A420CD8012901D12149B6E0022901D12049B2E0032940F0B1801F49D4
:200E4000ADE0374C23889A4210D3364C23889A420CD8012901D11A49A1E0022901D11949EC
:200E60009DE0032940F09C80174998E02E4C23885CE0C0469D8107009A8007009C800700D5
:200E80009E800700A4800700A6800700A8800700AE800700B0800700B2800700B8800700C2
:200EA000BA800700BC800700C2800700C4800700C6800700CC800700CE800700D0800700CE
:200EC000D6800700D8800700DA800700E0800700E2800700E4800700EA800700EC800700D6
:200EE000EE800700F4800700F6800700F88007009680070098800700A0800700A28007007A
:200F0000AA800700AC800700B4800700B6800700BE800700C0800700C8800700CA800700C9
:200F2000D2800700D4800700DC8007009A420FD37B4C23889A420BD8012901D179492EE0DF
:200F4000022901D178492AE0032929D1774926E0774C23889A420FD3764C23889A420BD885
:200F6000012901D174491AE0022901D1734916E0032915D1724912E0724C23889A420FD329
:200F8000714C23889A420BD8012901D16F4906E0022901D16E4902E0032901D16D490888B6
:200FA00010BD052812D801A1D1E800F0030B050D0709694908E0694906E0694904E0694958
:200FC00002E0694900E06949087800E0FF207047012801D1664904E001460120022901D1C2
:200FE000644908787047012802D303D1624900E0624908787047012802D303D1624900E071
:20100000624908787047012802D303D1604900E0604908787047012805D306D0032806D3D8
:2010200001D15D4904E0002003E05C4900E05C4908787047052813D801A1D1E800F0C04687
:20104000040C060E080A574908E0574906E0574904E0574902E0574900E05749087800E0C6
:20106000FF207047554908787047000055490878704755490878704754490888704754499A
:201080000878704753490878704753490878704752490878704752490878704751490878B5
:2010A0007047514908787047504908787047504908887047000050490878704700000928F7
:2010C0001BD801A1D1E800F005070D090F110B1315174F4910E04F490EE04F490CE04F491C
:2010E0000AE04F4908E04F4906E04F4904E04F4902E04F4900E04F49087870470021092879
:2011000000F2AE8001A1D1E800F0C04606089F9BA1A39DA5A7A94848A1E048489FE08FE0B1
:20112000DE800700E0800700E2800700E4800700E6800700E8800700EA800700EC8007004F
:20114000EE800700F0800700F2800700F4800700F6800700F8800700A4810700A681070059
:20116000A8810700A9810700A5810700A781070078810700798107007D8107007C810700A8
:20118000000000000000000081810700808107008581070084810700AC810700AA810700BF
:2011A000AB8107009E810700A0810700A2810700A38107009F810700A1810700BA810700C7
:2011C00000000000BC810700BD81070004810700BE810700BF810700C0810700C1810700DC
:2011E000C2810700C3810700C4810700C58107000681070000000000E181070000000000CA
:2012000000000000000000000000000000000000CA810700CB810700CC810700CD81070080
:20122000CE810700CF810700D1810700D2810700D3810700D4810700D5810700D6810700DC
:2012400047480CE047480AE0474808E0474806E0474804E0474802E0474800E04748017853
:2012600008467047002109281BD801A1D1E800F005070D090F110B131517414810E041484B
:201280000EE041480CE041480AE0414808E0414806E0414804E0414802E0414800E04148CE
:2012A000018808467047002109281CD801A1D1E800F0C04606080E0A10120C1416183A48F1
:2012C00010E03A480EE03A480CE03A480AE03A4808E03A4806E03A4804E03A4802E03A48B6
:2012E00000E03A4801880846704739490888704738490888704738490878704737490888A5
:20130000704737490888704736490878704736490888704735490878704700003449087821
:201320007047344908787047334908787047000032490878704700003149087870470728FD
:2013400003D8304951F8200000E000207047072803D82D4951F8200000E000207047C04673
:20136000D7810700D8810700D9810700DA810700DC810700DD810700DE810700DF81070055
:201380000A8107000C8107000E810700108107001281070014810700168107001881070085
:2013A0001A8107001C8107001E8107002081070022810700248107002681070028810700E5
:2013C0002A8107002C8107002E81070030810700FA800700FC800700B2810700FE80070076
:2013E00000810700AD81070002810700AE810700B0810700B1810700B3810700B781070085
:20140000B98107004CB104006CB1040010B581B069460C20F7F7C5F808B1012017E0244CAC
:201420002448009B21786268013240F8213001D1042903D30521FBF78EFA60602178013186
:2014400021702178052901D300202070002001B010BD10B5184904460868411C01D10120E2
:201460000FE001F0F3F90022144B01F069FB144A144B01F065FB0022134B01F061FB03C428
:20148000002010BD00B582B000210A46CDE90012FFF7BCFF6846FFF7DCFF38B901210420D8
:2014A000F8F70EFF00210220F8F70AFF02B000BDD4070020D42A0020D8070020000014401A
:2014C000CDCCCCCCCCCC16400000303F00B5642A00D96422D2EBC232642392FBF3F292B2EE
:2014E000012801D105F033F8002000BD4FF40042C821022005F02BB8C8210022022005F06A
:2015000026B80246C821012005F021B841F20A71002005F000B800B5FFF7E8FF0020FFF7AA
:20152000F0FFFFF7F3FF00BD03B4074A009801991060516002B070470722044901F098B89C
:201540000722034901F094B8AA090020B3090020BA0900200020DB4ADB49125C0A540130E1
:201560000828F8D30A20F8F7AFBF0020D54AD649125C0A5401300828F8D34920C8710A20C7
:20158000F8F7A2BF002070470022002383540132072AFAD3072008801846704700220023CE
:2015A00083540132072AFAD307200880184670470022002383540132072AFAD30720088063
:2015C000184670470022002383540132072AFAD30720088018467047002200238354013296
:2015E000072AFAD3072008801846704700220023835401320F2AFAD30F2008801846704708
:2016000030B504460D46F8F726FF207001202880002030BD0022AD4B9B5C83540132062A83
:20162000F9D306200880002070470022002383540132042AFAD3042008801846704700222C
:20164000A34B9B5C83540132082AF9D308200880002070470020704700229E4B9B5C835466
:201660000132082AF9D30820088000207047F0B5994D06460F46002403202946FDF732FAB0
:2016800021466A5C725401310829FAD3002806BF0820388001242046F0BD00220023835406
:2016A0000132082AFAD3082008801846704700228A4B9B5C83540132112AF9D3112008807B
:2016C0000020704710B50C4601460020F8F752FC0B202080002010BD10B50C460146022040
:2016E000F8F748FC0B202080002010BD10B50C4601460420F8F73EFC0B202080002010BD9C
:2017000010B50C4601460520F8F734FC0B202080002010BD10B50C4601460120F8F72AFCDB
:201720000B202080002010BD10B50C4601460320F8F720FC0B202080002010BD0022002368
:2017400083540132122AFAD31220088018467047002070470020704700207047002070474B
:20176000002070470020704700207047002070470020704730B50A460024234603E0C55C70
:20178000CD5401339BB254499342F8D30320FDF7E6F910B9F9F7C3FA00E00124204630BDA6
:2017A00070B581B005460C4616460120009069460320FDF78BF9009959B950B96E2020700D
:2017C00068786070A878A07003203060F8F782FE04E0022902D07220F8F785FE002001B051
:2017E00070BD30B50A460024234604E0C55C591801339BB20D7238499342F7D30320FDF74D
:20180000AEF910B9F9F78BFA00E00124204630BD70B581B005460C461646012000906946DC
:201820000320FDF753F9009959B950B96E20207068786070A878A07003203060F8F74AFEA9
:2018400004E0022902D07220F8F74DFE002001B070BD30B50A460024234604E0C55C5918A5
:2018600001339BB20D741C499342F7D30320FDF776F910B9F9F753FA00E00124204630BD7E
:2018800070B581B005460C4616460120009069460320FDF71BF9009959B950B96E2020709C
:2018A00068786070A878A07003203060F8F712FE04E0022902D07220F8F715FE002001B050
:2018C00070BDC046CCB1040000FE0020D4B10400DAB10400E2B10400CE220020EAB10400D8
:2018E00006200861886871220270886810220271886801214171F8F7EDBD00210846F8F714
:20190000DBBD000010B5C04C38B9B020042301220021F9F763FB002031E0606000F0A0F96A
:2019200000F0D3F900F007FA00F041FA00F039FA00F043FA14F15000F9F728FE00BB14F154
:201940004000F9F723FED8B914F16000F9F71EFEB0B914F1200114F11800F9F73AFD78B930
:2019600014F12A0114F11000F9F733FD40B914F1340114F10800F9F72CFD08B90120207037
:2019800010BD0000F0B585B00390A0481E4603681B6817461A680491D168C88B9C4C0025C6
:2019A000C00803B4311A984800780391002803BC02D1B02001231AE0496921B994F832106F
:2019C0000295617001E00121029107B91EB9049909B1039919B9B02004231A4608E067B156
:2019E000118810EBD1018E4207D2B020032304222946F9F7F3FAFF256FE0996859B1097871
:201A0000012908D10220330002D01288B6EBD20304990B600CE056EA070216D1E67014F10D
:201A20003802210014F12400F9F751FD012834D08FB376490A6812681268D3681288DB8B15
:201A4000DB1013EBE2012A460FE05A6852880198B0EBD20FCFD10122E2703A46E1E703B496
:201A60000598B95C8154013203BC9A42F7D32A460CE003B4D01803905018385C039902908F
:201A80000598401802990132017003BC01B4701A824201BCEDD302281FD0029AA168F9F725
:201AA00082FD5C4D84F820005B492A46F9F73CFC90B9EA79150194F82020EDB202F00F02F6
:201AC000154336B151480268126812681288B6EBD2060498066000E07725284605B0F0BD6F
:201AE000F0B585B0039049481E4603681B681746DA680491D168C88B484C0025C00803B49E
:201B0000311A414800780391002803BC02D1B02001231AE0496921B994F872100295617635
:201B200001E00121029107B91EB9049909B1039919B9B02004231A4608E067B1118810EBC8
:201B4000D1018E4207D2B020032304222946F9F745FAFF2581E0596959B10978012908D17B
:201B60000220330002D01288B6EBD20304990B600CE056EA070216D1E67614F178022849BE
:201B800014F16400F9F7A3FC012834D08FB31F490A681268D268D3681288DB8BDB1013EB2C
:201BA000E2012A460FE01A6952880198B0EBD20FCFD10122E2763A46E1E703B40598B95CA5
:201BC0008154013203BC9A42F7D32A460CE003B4D01803905018385C0399029005984018EB
:201BE00002990132017003BC01B4701A824201BCEDD3022831D0029A216AF9F7D4FC094DFF
:201C000084F8480010E0C046F82A0020FC2A0020482B0020102B0020182B0020202B0020C6
:201C2000382B0020082B0020A11C2A46F9F77CFB90B9EA79150194F84820EDB202F00F02E2
:201C4000154336B1744802681268D2681288B6EBD2060498066000E07725284605B0F0BD0A
:201C600070B56D490A68126870CA11F1700229889180E1686888CC8B201890810888108034
:201C8000488850800889D0804868334600B99060012800D19060032801D1022494600228C6
:201CA00001D103249460042800D190602BB9887BD073087F1074887A04E0D87AD073D87B47
:201CC000107418790138907370BD70B552490A6812680C3270CA11F1880229889180E168CB
:201CE0006888CC8B2018908108881080488850800889D0804868334600B99060012800D1E7
:201D00009060032801D102249460022801D103249460042800D190602BB9887BD073087F07
:201D20001074887A04E0D87AD073D87B107418790138907370BD70B537490A6812681832F8
:201D400070CA11F1A00229889180E1686888CC8B2018908108881080488850800889D08069
:201D60004868334600B99060012800D19060032801D102249460022801D10324946004284D
:201D800000D190602BB9887BD073087F1074887A04E0D87AD073D87B10741879013890732E
:201DA00070BD224911F10802002000F00CB8204911F11A02012000F006B81A4911F12C02C2
:201DC000022000F000B830B5134B1C68002C45D00C254543206844594019B5330B60012383
:201DE0008068CB7130BBE16891F82000D07111F10800437E1370837E1372C37E5372CB7B81
:201E00005370CB7A93704B7CD3700B7C5371487B1071087B21E0C046FC2A0020000000004E
:201E200000000000002B002000000000102B0020082B0020017CD171417C1170817C11722C
:201E4000C17C5172017B5170017A9170817BD170417B5171817A1171407A907130BD10B524
:201E6000044600F006F8204600F070F810BD00F0DAB870B583B00546834C0322834968460C
:201E8000013001F009F9032281490DF1090001F003F9E8786B465870287900F00F009870BA
:201EA000A878C009D8705A1C191D481D0323FFF769FD05460020F7F7BAFD20680126B043AC
:201EC00020602807000F18D10146F8F720FA00213046F8F71CFA607910B10138607103E0E8
:201EE000206830F002002060207910B10138207103E0206830F00400206005F00F05012D4E
:201F000016D1022060712068294650F0020020600020F8F7FCF9207910B10138207103E023
:201F2000206830F00400206000212846F8F7EFF9032D09D1022020712068314650F004000F
:201F400020603046F8F7E3F903B070BD30B583B005464D4C03224F496846013001F09CF8C3
:201F600003224D490DF1090001F096F8A8796B4658706879C0F383009870A8788009D87076
:201F80005A1C191D481D0323FFF7AAFD0546206830F0080020600120F7F749FD2907090F55
:201FA00018D10220F8F7B3F900210320F8F7AFF9E07910B10138E07103E0206830F0100061
:201FC0002060A07910B10138A07103E0206830F02000206005F00F05012D16D10220E071A1
:201FE0002068294650F0100020600220F8F78FF9A07910B10138A07103E0206830F02000B2
:20200000206000210320F8F782F9032D09D10220A071206850F00400206001210846F8F7AA
:2020200076F903B030BD30B581B0174C216831F04001216041786B4601F00F02C1F3021179
:202040009A70D9700578FF22981C00230321F7F7EDFD85420CD100210520F8F758F9207AF8
:2020600008B101380DE0206830F48070206009E001210520F8F74BF9206850F480702060C6
:202080000220207201B030BDEC2A0020FBB10400FEB1040001B2040004B2040010B581B0EE
:2020A000FCF7C4FD01200090002472B604F58034FCF7CBFDF9F702FE02F084FA69460020D8
:2020C000FCF704FD200CB0F5FA7F02D000980228ECD0240C62B6B4F5FA7F0CBF01200020FC
:2020E00001B010BD8320002101F044BD8320012101F040BD6F20002101F03CBD6F200121AE
:2021000001F038BD00B50C494A8812184A804A88642A08D300200A78488022B10870F7F72B
:2021200070F9012000E0002000BD0349012008707047FFF7E7BFC046B42B002070B50446AC
:2021400002280CD1C88810F00C0004D0F8F78CFF0320F7F7DDFB0020F8F75EFF0DE0032861
:202160000BD1888810F00C0004D0F8F763FF0220F7F7CEFB0020F8F769FFE5B22846FBF7FB
:20218000E6F806460420FBF7B5F97043642190FBF1F6F6B22846FBF7D6F8324601462046AC
:2021A000F7F7C4FB002070BD10B50446022802D1F8F740FF06E0032802D1F8F755FF01E0E3
:2021C000F7F7A6FB34490878012804D1002008702046F7F79DFB002010BDF0B581B00646E2
:2021E0000420FEF78FFA0090002400992141C8074DD52A4D0420FBF791FC07460B20FBF719
:202200008DFCFF07FF0F19D000F00102E878EF1C58B96100204610234AB18A5B1A438A53B5
:202220003146FFF78BFF012018E0022016E02A708A5B1A438A53012129710CE02F70EF1C6B
:202240000020E8706100885B30F0100088532046F7F77BFB2046FFF7A7FF0020FAF7EFFFEC
:202260006000805BC00612D52046F7F7EAFF70B12878013028702878052808D3052028704A
:20228000012028712046FFF78FFF012038700134062CAADB01B0F0BDC12B0020BD2B002073
:2022A00030B50220FFF74BF804460220FFF74FF80021C84B0C2201FB0232635C13606BB155
:2022C0000B199B7A13724B001D5AC31895809D8AD5801B8D013109295372EAD9002030BD71
:2022E00070B505460E460024022803D12046F8F793FE04E0032803D12046F8F7A7FE082409
:20230000B4490C2006FB0010467AE8B2FBF71BF8014606B9012632462846F7F707FB2046BB
:2023200070BDF0B52DED028B82B00F46A949054600260C2002FB0014E088A188401A00F022
:2023400088FA0090607A0191217A401A00F081FA009A019B00F0D7FA00F025FAB0EE408A31
:20236000022D03D13046F8F757FE04E0032D03D13046F8F76BFE0826A088381A00EE900ABA
:20238000F8EEE00A68EE200ABCEEE01A11EE107A607AFFB2874209D8E8B2FAF7D4FF0146E6
:2023A00007B901273A462846F7F7C0FA304602B0BDEC028BF0BDF0B52DED028B82B00F46C1
:2023C0008449044600250C2002FB0016F088B188401A00F03EFA0090707A0191317A401A3E
:2023E00000F037FA009A019B00F08DFA00F0DBF9B0EE408A022C03D12846F8F70DFE04E095
:20240000032C03D12846F8F721FE0825707AB188791A00EE901A01EE100AF8EEE00AB8EE43
:20242000411A08EE601ABCEEC10A10EE106AF6B2864209D8E0B2FAF786FF014606B901265E
:2024400032462046F7F772FA284602B0BDEC028BF0BDFFF725BFF0B585B006460491002785
:202460000320FEF74FF902903D4602992941C80740F1A980584CFBF793FB03900420FBF7EC
:202480004DFB01900220FBF749FB00900320FBF745FB0099019B0B4318436DD12846F7F7AE
:2024A00054FA207A18B90120207200278FE00399680000294FD02268464F0C23815B53430E
:2024C00051F0080181530120DB59E07113B91A4623603B68A0790299294108B9A17101E014
:2024E000884203D1A08804994018A0800C205043012B5FD304D0C019032B0BD317D059E00B
:20250000C319A0889B88984218D311462846FFF7E7FE13E0A18883882846994202D3FFF7F4
:2025200000FF0BE000221146F7F700FA06E0A1888088814202D32846FFF73DFF22680C204B
:2025400002FB0073A088DB88984233D30020A080501C20602EE0825B216032F00802825307
:20256000E379A180012B26D1E1718253F8F762FD2846F7F7CDF91DE000202072A0802060D5
:20258000E079012817D10020E0716A00905B30F0080090532846F7F7BBF9F8F74BFDA81EF3
:2025A000012804D80220F7F7D0F9032000E02846F7F7CBF901276800805B10F0080000D0D7
:2025C0000120FAF743FE0135062DFFF64EAF384605B0F0BDDC2B0020C42B002070477047C9
:2025E0007047704700B502F021FB002003F0DEFB002003F0E9FB002007F0BDFE002002F0E3
:20260000BFF9002003F05DFD002003F0F9FC002000F08DFF002005F034F8002003F027FF77
:20262000002002F085F8002001F045FF0B48F9F705FA0020FCF722FAFFF730FD0848FAF7E1
:20264000CBFF0848FBF7D0FA0020FAF7CEFFF7F777FEFDF71FFF002000BDC04684AD040039
:2026600018AE040064AE04000000000000000000E0B585B0884200F09480002A00F09180B7
:202680000B1A934280F0838040F20003C0F20003002B40F08480042A064604D30BE00B78C5
:2026A000337001310136013AF9D27AE00B78337001310136013AB307F8D18B079B0F57D0FE
:2026C000DB0031F00305082A3DD32968142A38D301B4AF680397EF68686804972F69019089
:2026E00005971035D3F12007D940029110FA07F102980143019831600399D840B940014367
:20270000716003990498D940B84001430498B1600599D840B9400143F16005991036103A3C
:2027200001BCD3E701B46F680435D9400591D3F1200117FA01F00599014302C6043A394660
:2027400001BC082AEED2D91004E04B5D4919012533700136013AF8D223E00B6833604B6832
:2027600073608B68B360CB68F36010311036103A102AF2D2042A03D308C908C6043AF9E76A
:20278000013A0ED30B78337001310136F8E78B181B1A013B934202D200F0FEFB01E000F038
:2027A0007BFC05B0E0BD01F0004221F0004111F580131CD4A1F16051A1F58013B3F17E6F45
:2027C0004FEAC00318D210F1805041F10001B3F1004F08BF20F000504FEAC10323F00043A2
:2027E00043EA507040EA020000EE100A7047004218BF40F00050EFE721DA4FEA215CCCF124
:20280000090CBCF1200F17D84FEAC121C30241EA5050CCF1200340F0004000FA03F318BF16
:2028200043F0010320FA0CF0B3F1004F28BF401C08BF20F00100D5E700EE102A7047A2F50B
:20284000000080F0004000EE100A7047002200F004B8C2175040801AD207B0FA80F1C1F192
:202860001D038840010006D003F5806342EAD121400501EB035170476FF0030200F003B855
:20288000002200F000B8E0B40B46CD170903490841F0004141EA5056C3F30A5140F21E4361
:2028A0005B1A26FA03F1202BA8BF002112F0010F1DD0202B1BD80B2BD9BFC3F10B0600FAF2
:2028C00006F6C3F1200C06FA0CF6F70F3944013F0F4308BF4FF0FF3312F0020F07D0B6F13C
:2028E000004F04D10B2B00DD08B921F001019010421C934203DAE94381F000410143694052
:20290000481BE0BC70472DE9E04983EA010CE04640F2000581B05B004900CFF6E075A94211
:2029200008D3AB4228BF41F48071490861F31E0C614602E1AB4207D303D8100008BF114699
:20294000F3D010461946F0E752EA030740EA010606D105F58071002E18BF29463846E4E732
:20296000002EE2D04D0D4FEA505C4CEA81274FEAC02C02D047F0004715E0012537B96FF07B
:202980001E05BCF100074FF0000C0CD0B7FA87F02D1A07FA00F1C0F120062CFA06F646EAAF
:2029A00001070CFA00FC5E0D4FEA525141EA83214FEAC22202D041F0004111E0012629B99C
:2029C0006FF01E06111E4FF0000209D0B1FA81F0361A8140C0F1200322FA03F319438240FA
:2029E0004808C0F14040A0EB101000EB10204300A1FB03B0C043A0FB03304300A1FB03B09B
:202A0000C043A0FB03304300A1FB03B0C043A0FB03304000A1FB00B3A2FB00B201FB002187
:202A20008A4288BF0133CA436FEA030BABFB0031A2FB003200FB0B2B5A458CBF481C084668
:202A4000ACFB0B12A7FB00E3A7FB0BB712EB0B025EEB070EACFB000743F1000312185EEB09
:202A6000070B43F10003114318BF4BF0010B1A00A5EB060000F101015B4605D12039BBF17C
:202A800000024FF0000309D0B2FA82F0091A8240C0F1200523FA05F52A438340404640F241
:202AA000FE350D4440F2FE718D423CDA53EA020108BF002008BF00250B21002D0EDAC5F102
:202AC0000B010025402909D303D901212B462A4604E002F0010C4CEA52023F210026202965
:202AE00003D31E46134600222039C1F1200716FA07FC26FA01F603FA07FC4CEA060618BFAC
:202B000046F00106CB4002FA07F73B43CA4002EB055203EBD673B3EBD67F38BF013210F053
:202B20000040024307E040F2000142460023C7F6F07161F31E021146184601B0BDE8E08945
:202B40002DE9E00181EA030C49005B004FF400170CF0004CF94238BFFB4280F085805E0D6F
:202B60007D1E06EB5158B94228BFBB4245D33B43394305EA510105EA5303A2FB0176002570
:202B8000E3FB0165A0FB0331FF18A0FB022356EB010045F10001FF1850F1000041F1000147
:202BA000002A18BF47F0010711F4007F07D1020D3B0D42EA01313F0343EA003008E0420DEE
:202BC0007B0D08F1010842EAC121FF0243EAC02010EBD77041F10001012F68BF20F0010072
:202BE000A8F5806211EB025158BF11F5801F32D441EA0C01BDE8E0017047B94216D250EAB3
:202C0000010602D14CEA510140E052EA030610D0490840004941A8F1010811EA570FF8D027
:202C200008F10108BB420BD33B43A4E752EA030603D110464CEA530128E0394305EA5101F0
:202C40005B0852005B41A8F1010813EA570FF8D008F1010891E700206146002AC4BFA1F5D2
:202C6000801181F0004111E0CD1A08BF904204D28046491B10465B19424650EAC12604BF6A
:202C800052EA030641F480114CEA5101BDE8E001704783F0004391EA030F00F19E80E0B47E
:202CA0006FF00007CD1A08BF904204D21646491B02465B1930463F054E005D0016F5001F4D
:202CC00050D26D0D23EA0703C5EB565645D043F48013362E38DCD6F120050BD8203E20350C
:202CE00003FA05FC002A18BF4CF0020C33FA06F2002302E002FA05FCF24013FA05F5F340F8
:202D00002A431CF10046504101EA070241EA070159410DD349085FEA300041EA47014FEA4B
:202D20003C0C05D3BCF1404F02D2401C41F1000179404FF400168918BCF1004F08BF20F04E
:202D4000010016EB410F01D2E0BC70470020002954BF27F000413946F6E7761EB9D2801834
:202D60005941F1E74FF4001C1CEB430FECD352EA033C1CBF19461046E6E74FEA033343EAF6
:202D800012534FEA02324CE04FEA123242EA03524FEA1333801A61EB0301E0BC50EA410CAB
:202DA00008BF0021704713D081EA030183EA010381EA030180EA020082EA000280EA0200FC
:202DC00052EA430C19D150EA410C08BF002170474FF000004FF0000170474FF4001C1CEBBC
:202DE000430F73D21CEB410F80F0B3804FEA410CBCEB430F08BF9042D5D9E0B44FEA135C40
:202E00008CF4006CCCEB1156362EC6DC3CF4006CB3D04FEAC32343EA52534FEAC22243F042
:202E200000434FF0000C202E21BF94461A460023203EC6F1200502FA05F75CEA070C22FAD2
:202E400006F203FA05F742EA070223FA06F318BF42F0010201F000454FEA1156D5EB065638
:202E600092D04FEAC12141EA50514FEAC02041F00041801A994102BFA6F1007601460020D5
:202E8000B1FA81FC01FA0CF1CCF1200C20FA0CF741EA0701CCF1200C00FA0CF0A6EB0C5607
:202EA000B6F5801627D45FEA405C4FEAD02040EA415010EBDC7046EBD121BCF1004F08BFE0
:202EC00020F0010041EA0501E0BC70471CEB410F3EBF19461046704752EA033C1BBF1946E9
:202EE000104650EA013C70474FF04001C7F6F0714FF0000070475FEA265CCCF10B06B6F17A
:202F0000200C15DAC6F1210C10FA0CFC20FA06F008BF4FEAC07C28BFBCF1010FC6F1200CCD
:202F200001FA0CF7784121FA06F745EB07010FE0CCF1210611FA06F7384321FA0CF040F1EC
:202F4000000001D25FF0010C08BF20F001002946E0BC704750EA410C04D152EA430C01D1EF
:202F6000001A18D0B0EB020C61EB030C18BF4CF0010C91EA030247BF4FEAE17C2CF0010CE6
:202F800001EA03028CEAE27CBCEBE27018BF012048BF4FF0FF307047E0B585B053181518EE
:202FA000042A04900CD203E0013D013B19782970013AF9D26DE0013D013B1978013A2970B8
:202FC000A907F8D19E07B60F52D0F60033F00303082A39D31868142A34D304B4083B84CB80
:202FE000103B02925A68394604921A68D6F12007103DB840039231FA06F21043029AE86077
:20300000B94032FA06F00143A96012FA07F1049A32FA06F001430398696012FA07F130FAAE
:2030200006F73943296004BC103AD4E7043B1F68043DD6F12001884037FA06F1014329601D
:20304000043A3846082AF1D213EBE601013A20D3013D01390B782B70F8E7103D103BD9685E
:20306000E9609968A960596869601968103A2960102AF2D204E0043D043B1968043A296075
:20308000042AF8D203E0013D013B19782970013AF9D2049805B0E0BDE1B5121F45DB4FF097
:2030A0000305054012D0C5F10405022D11F8013B00F8013B08DB11F8013B00F8013B03DD3E
:2030C00011F8013B00F8013B521B2EDB4FF003050D403DD1083A1CDB143A11DBB1E86840AB
:2030E000A0E86840B1E86840A0E86840203AF5DA12F1100FA2BFB1E86840A0E86840103AC8
:203100001432A1BFB1E82840A0E82840B2F10C02F7E7083209DB121FB9BF51F8043B40F802
:20312000043B28C928C0A8BF121F121D00F08F80022A11F8013B00F8013BA4BF11F8013B64
:2031400000F8013BC4BF11F8013B00F8013B7EE021F0030151F804EB022D28DC4FD00C2A0C
:2031600018DBA2F10C024FEA1E23B1E8E04043EA05634FEA152545EA06654FEA162646EA41
:2031800007664FEA172747EA0E67E8C0103AEADA0C3209DB4FEA1E2551F804EB45EA0E6577
:2031A00040F8045B121FF5DAA1F10301BDE70C2A18DBA2F10C024FEA1E63B1E8E04043EAD4
:2031C00005234FEA156545EA06254FEA166646EA07264FEA176747EA0E27E8C0103AEADAD5
:2031E0000C3209DB4FEA1E6551F804EB45EA0E2540F8045B121FF5DAA1F1010195E70C2A7A
:2032000018DBA2F10C024FEA1E43B1E8E04043EA05434FEA154545EA06454FEA164646EA80
:2032200007464FEA174747EA0E47E8C0103AEADA0C3209DB4FEA1E4551F804EB45EA0E45F6
:2032400040F8045B121FF5DAA1F102016DE7BDE8E14070470C394FF000022BD360294FF025
:2032600000034FF0000C1BD3E0B4A1F118014FF000074FF000054FF00006A0E8EC10A0E8F8
:20328000EC10A0E8EC10A0E8EC10A0E8EC102439A0E8EC10F1D201F12401E0BC0C3909D32E
:2032A000A0E80C10A0E80C10A0E80C100C39A0E80C10F5D20C3103D040F8042B491EFBD1C8
:2032C00070470A46002100F006B8B1FBF0F25043081A111C704761B410F0030F06D0521E84
:2032E0003BD300F8011B10F0030FF8D101F0FF0C4CEA0C2C402A4CEA0C4C1FD3A2F14002A8
:20330000634665466646A0E86810A0E86810403AA0E86810A0E86810F5D240321DD012F00B
:20332000200F1CBFA0E86810A0E8681012F0100F18BFA0E8681012F00F020ED0121F06D390
:2033400040F804CB121F02D340F804CBF6E7121D03D000F8011B521EFBD161BC7047FFFF58
:20336000F0B585B0BD49074611EBC0046188E0884FF6FF72BA4E904255D0BA4A142100FB26
:2033800001242168002900F0D080316838224243496802925218116A0092128D51F82010CA
:2033A000208A039211EB4003049300250AE0384600F090FA039A02FB05F1049B4900013543
:2033C000EDB2C85200982A3000788542EFD3208A013020823068029A4068101801216160DD
:2033E0002168012901D102212160218A028D91420CD303212160416A31B94068012803D1D9
:20340000384600F080FA01E000202082E068012840F08B803068029940680818C069002829
:2034200000F0838080E0208800287ED0306838234B438C4A406802931B18142001FB0025FF
:20344000186A00931B8D50F82110288A039311EB4002049200200BE0384600F03BFA039ACF
:20346000019B5343019A5900049B0132C852D0B20190014600982A3000788142ECD3288A42
:20348000013028823068029B298A4068181801226A602A68012A01D102222A60028D914205
:2034A00036D303212960416A11B94168012901D0806858BB03F026FC2288012A0ED9012050
:2034C00001B441000B19A01C095A198001BC013080B29042F4D32088013800E000202080E0
:2034E00003F013FC2088B0B1306864884068382104FB0100C36A90F82A202146384600F068
:203500000DFA2146384604F012FE04E000202882384604F0D9FEE868012806D13068029941
:2035200040680818C06900B1804705B0F0BDF0B54B4C616809B10D2305E018B94A4A10680F
:20354000C16831B114237B2000221146F7F746FD4BE020600846414A12EBC00100220A80F6
:2035600053008D1C00265E530132022AF8D34FF6FF7201300228CA80EDD335461BE038275E
:203580006F434168374ACE5B142006FB002000220260426002828260C2607818016B3046B1
:2035A00000F046F9206840683818416B304604F057FD0135ADB2206801898D42DFD30025A5
:2035C00020680068AE00305850B10169284600F033F92168096871582846496904F044FDB8
:2035E0000135022DECD302206060F0BDF0B51C4C054620680F4600260A2328B1C0680E235E
:2036000010B91523032D05D301260C227B200021F7F7E4FC012E07D0390005D1012614234F
:203620000C227B20F7F7DAFC012E14D014200D496843405838B101260B230C227B200021F5
:20364000F7F7CEFC07E021684968382205FB0211096A41F825703046F0BD0000682C00200C
:20366000602C0020782C002028B404000000F0B581B0484E05463068002427460A2328B114
:20368000C0680E2310B91523032D05D301277B2002222146F7F7A2FC012F76D03068382781
:2036A0006F4340683918086A50F8250008B9192302E0086930B117237B2002222146F7F701
:2036C0008DFC62E0A0598A684068381883780093204632B1012A05D14A68012A02D1496A01
:2036E00001B9012000992C4A12EBC1044FF6FF72E18891420BD1264B14226A43D15808B912
:20370000002903E0012804D119B1032901D00B2303E02088022806D320237B2002220021F9
:20372000F7F75EFC31E00121D150D0180021018203F0E8FA208828B14000A11C45522088CF
:203740000130208003F0E1FA03F0DCFA20886188A94205D0B8B9658020880130208001E000
:203760000028F8D003F0D1FA3068406829463818C36A90F82A20009800F0D0F82946009846
:2037800004F0D5FC01E003F0C0FA01B0F0BD0000782C0020602C0020682C002070B5224CC1
:2037A0000546206800210E460A2328B1C0680E2310B91523032D04D301267B200722F7F781
:2037C0000DFC012E13D020684068382105FB0100C06930B918237B2007220021F7F7FEFB2B
:2037E00005E01249142005FB00100121C16070BD10B50D4A1168002409B90A2309E0C96813
:2038000021B10E2309227B20214604E0032805D3152309227B20F7F7E1FB03E01421484326
:2038200002494458204610BD602C0020782C0020A34A42F82010704770B5A24B10EB800261
:20384000B3EB8232536933F400435361936833F0100393605469CB6863F3104454619368CE
:2038600053F48063936054694B6863F35244546154690B6963F3CB24546155694B6963F327
:203880000E355561002B05DD4E8B9469240B64F31F369661032B04DD94698B8B63F31B44A3
:2038A0009461546A54F470245462146954F0200414619468844B0126344394600C2200FBE3
:2038C0000232CC6AD4600C6B167243F82010146170BD00007B4910EB8000B1EB8030006A49
:2038E000C0F30B007047774910EB8000B1EB8031486A00F01F02002002E00130C0B20B6AEE
:203900009042FAD370476F4910EB8000B1EB8031086930F00400086170470000F0B582B045
:203920001646684A074600910193654D10EB8000B2EB803403F0ECF93846FFF7D4FF0098D2
:2039400055F82000A368416861F3D523A3606269090C61F39F5262616369016861F3D5436E
:203960006361636A66F318536362636A711E61F313436362A268836852F01002A260A2680D
:2039800063F34512A260A26866F3C912A260002240E0019B1046052A53F8223038D801A186
:2039A000D1E800F0030D151D252E206B400960F35F132363206B30F02000206328E0216BC8
:2039C00063F30C212163206B30F40050F5E7216B63F314412163206B30F40010EDE7216B2B
:2039E00063F31C612163206B30F00050E5E7606B400960F35F136363606B30F0200006E019
:203A0000616B63F30C216163606B30F4005060630132D2B2701E8242BBD30C3555F82750F5
:203A2000206995F839500421012D07BF0025884301250843019B20611046052853F8222040
:203A400038D801A1D1E800F0030D151D252E206B400960F35F122263226B65F34512226398
:203A600028E0266B62F30C262663226B65F34D32F5E7266B62F314462663226B65F3555208
:203A8000EDE7266B62F31C662663226B65F35D72E5E7606B400960F35F126263626B65F31F
:203AA000451206E0666B62F30C266663626B65F34D32626303F02FF9002002B0F0BD0000A5
:203AC000B42C002000B00340C02C00200000F0B50546014611EB80001249134CB1EB80302E
:203AE000C6680769C66016F0040F0CD017F0040F09D00C206843015D2018012903D1416806
:203B000009B128468847B0050AD5B80608D50C206843015D2018012902D1806800B18047B5
:203B2000F0BDC04600B00340C82C002000B50A20F5F7F2FF0020FFF7CAFFBFF34F8F0A2076
:203B4000F5F7F8FF00BD00B50B20F5F7E5FF0120FFF7BDFFBFF34F8F0B20F5F7EBFF00BDF4
:203B600000000000000000000000000000F00FB800F002B800F005B800F01F01400900F0EE
:203B8000B7BD0A4600F01F01400900F0BBBD70B5064600F01F040125A5402946400900F069
:203BA000BBFD700900F0BDFD0540E540E8B270BD0000000000000000000000000000C046F3
:203BC00000B584B0FEE700B584B0FEE700B584B0FEE700B584B0FEE700B584B0FEE700B52A
:203BE00084B0FEE700B584B0FEE710B50F4801680131016000200E4B13EB0012D4688C4233
:203C000004D10123136093681B19D36001300528F1D3C820FFF759FB08B9F5F7B3FF10BD56
:203C200000B584B0FEE700B584B0FEE750160020682A00204449884209D9B0F10071B1F5BF
:203C4000004F04D3B0F18070B0F5003F01D2012000E00020704770B50D460646FFF7EAFF7B
:203C60000446A819401EFFF7E5FF0440012C02D10DB1204600E0002070BD00B519B1114696
:203C8000FFF7E9FF08B9052000E0002000BD014301208B0703D1042A03D3042004E0C907FC
:203CA00002D1022A00D302207047012809680AD0022803D0042807D1116005E0106861F3C2
:203CC0000F00106000E01170704710B503460720012B0C68126808D0022B03D0042B08D11E
:203CE000A24204E06240110401E06240110600D1002010BD000010B5144C2160144C21685E
:203D000060F30701216032B100201249135C4354401C1028F9D303F00DF80F4A106830F01A
:203D20008070106003F009F80C4A6420106010BD0B490868006800B100477047084908687C
:203D4000406800B100477047FFFF070018000240100002402000024008000240000002406D
:203D6000642D002030B5DFF808100C6802E000BF18000240EFF31080051E00D172B6B4F518
:203D8000002F24BFA4F10070B0F5004F05D203B44FF08070016803BC09E0A4F18070B0F520
:203DA000003F04D203B44FF00070016803BC07B4AC484FF0800100BF00BF00BF00BF00BF36
:203DC00000BF00BF00BF0160026800BF00BF00BF00BF00BF00BF00BF00BF07BC002D18BF1C
:203DE00030BD62B630BD70B50446984D0E0008D0FFF79EFF56F0010120468847FFF79EFFF4
:203E000007E0FFF7AFFF01E004B1A04728680006FAD502F089FF2868000607D52868002495
:203E2000800604D503242020286000E0042402F07EFF204670BD10B5854C22687FF00F0389
:203E40009A4330F00F031A43226060687FF00F02904331F00F021043606010BD30B57B4B9C
:203E600015461A68120601D401240FE000240A4601462420FFF73FFF287828B9A9686868CF
:203E8000FFF7B1FF044601E0FFF76CFF204630BD6E4A11680140080018BF0120704730B58F
:203EA0006C49054608600120FFF7F2FF012801D10A240DE000248020FFF7EAFF08B90124F3
:203EC00006E0624A64481060E968A868FFF7B3FF204630BD8020FFF7DBBF000030B55B4A1E
:203EE0000D461168090601D401240FE00024014642202246FFF7FFFE287828B9A968686874
:203F0000FFF771FF044601E0FFF72CFF204630BDF0B581B000900D4616461F4600200446B8
:203F200007E0009B3A46A119E018FFF797FF10B91034AC42F5D301B0F0BDF0B582B0474CB6
:203F400016460F460546FFF798FE019001202060320023D03D4B4FF480301860404B394685
:203F6000012018602846FFF792FE3A4629460090FFF79BFE3A4B1868C00706D51868000976
:203F8000B0EB151F01D102202060009920686D187F18761A0228DBD10921019100202060DF
:203FA000019802B0F0BDF0B582B02C4D00920E460446FFF762FE01272F6023E0234B4FF4C8
:203FC0008030009A1860264B3146012018602046FFF75DFE324621460190FFF776FE204BA2
:203FE0001968C90706D519680909B1EB141F01D102272F60019A0099A418B618891A0091B7
:20400000022F04D0009921B10028D7D001E000B909200021296002B0F0BD00B502F084FE6C
:204020000A49086800060CD50868800605D520220A6002F07CFE032006E002F078FE00205D
:2040400002E002F074FE012000BD00BF0000024030000240642D0020640003005C2D002008
:204060004000024000000240011E08D0D84A1068006A10EB81000438006880680130704791
:2040800030B5D34CE5682846FFF7EEFF6169081A2168096A51F82510C968081830BD014693
:2040A000002006E0126A52F820209268914205D90130C74B1A68D3699842F3D37047C549E3
:2040C0000A6949691218501E814238BF0846704710B5BF4A1368D1681B6A53F821104C7C19
:2040E0004B688968884200D308465169401A0130012C02D1984288BF184610BDB44A136827
:20410000D1681B6A53F821108968884200D308465169401A0130704710B504460B225C20D5
:2041200001230021F6F75EFF0723022C02D00923052C04D10B225C200021F6F751FF10BDC0
:20414000F0B581B0A24D0226FFF79AFF6969AA692C1D91421DD82A68E968126A52F8211013
:204160000B680F7C0093394600F092FA042803D1012084F8200018E018B10126FFF7CCFF4D
:2041800013E097B92069009A616980182061884201D9002609E02A68A168126A52F8212081
:2041A0009268904201D9481CA060304601B0F0BD10B504460B225C2002230021F6F712FF25
:2041C0000723022C05D00823032C02D00923052C04D10B225C200021F6F702FF10BDF0B52A
:2041E00082B07B4D02236869A969009300262C1D88423DD8A86AFFF762FF019022E0019847
:20420000FFF766FF2E680746A068366A56F82060767CFFF735FF33463946A26900F04EFA93
:20422000061E0FD12069A1692A68C019C919A161A168126A52F8212020619268904201D961
:20424000481CA06020690199884201D8002ED6D0042E03D1012084F820000AE02EB10122B1
:2042600000923046FFF7A4FF03E06169884200D90096009802B0F0BD70B50646554DFFF7B7
:20428000FFFE2968022903D00124032910D026E03146EA6900F0EAF9041E05D00B225C201E
:2042A00003230021F6F79EFEE8698019E86116E03146AA6900F0E3F9041E0DD00B225C2007
:2042C00004230021F6F78EFE032C05D108230B225C200021F6F784FEA8698019A86120469B
:2042E00070BD01460220012901D0022901D1012002E0032908BF04207047F0B581B0344C09
:204300006569A0690226854223D8E06AFFF7D7FE074619E0FFF7E5FF06461BE03846FFF7EC
:20432000EDFE0090FFF7A8FF656900996D1865610028EFD12268E168126A52F821209268F7
:20434000954284BF0131E160BD42E7D9A069854200D90026304601B0F0BD1E49086808B9D6
:20436000FFF7EEBE012801D1FFF739BFFFF7C5BF17490128886005D308D003280AD30428E3
:2043800004D907E00868006820B102E00868406800B10047704700F050B9F0B581B00C4DDF
:2043A0000227FFF76DFE2B68E9681B6A53F8211009682C1D009100F043F9064606282CD0A1
:2043C000002185F82410CEB101270B225C2003E0682D00206C2D00203B46F6F703FE022ECB
:2043E00003D10B225C20072304E0052E15D109230B225C200021F6F7F3FD0EE020692A683D
:2044000000994018A168126A52F8212020619268904201D9481CA0603746384601B0F0BDB7
:20442000F0B581B0774D0227FFF72AFE2A68E968126A52F821202C1D5268E969009200F0DA
:2044400009F90646062828D0002185F8241096B101270B225C200223F6F7C4FD032E01D128
:20446000082302E0052E18D109230B225C200021F6F7B6FD11E02069009AA1698018891826
:204480002A68A161A168126A52F8212020619268904201D9481CA0603746384601B0F0BD94
:2044A000594A116809B9FFF778BF0120012901D1FFF7B6BF704710B5544A1068514C816851
:2044C0002060012903D1C168E162416902E00169E1628169A162406A00F0A6F8062806D18F
:2044E0005C20062300221146F6F77AFD07E0072805D15C20062300221146F6F773FD0021B2
:20450000A16084F8241010BDF0B53F4D06460818471E6868022801D101240DE000243046A3
:20452000FFF7BDFDA8603846FFF7B9FDE8602E616F61022650C52C762046F0BDF0B581B02A
:20454000314C05461018471E60680091022801D1012610E000262846FFF7A1FDA0603846F4
:20456000FFF79DFD0099E0602561676101200222A16105C42676304601B0F0BD22494868E9
:204580007047F0B581B0204C05461018471E60680091022801D1012610E000262846FFF754
:2045A0007EFDA0603846FFF77AFD0099E060256167610222E161114606C42676304601B024
:2045C000F0BD000010B50F4C2068D0B1A168201D022916D194F83010012907D1FFF7DBFE10
:2045E00001280ED1002084F830000AE020300078012802D1FFF754FF08B9FFF7AEFEFFF797
:20460000B7FE10BD682D00206C2D002070B8040028B10A2801D9012001E03349405C7047C8
:20462000FFF7F6BFFFF7F4BF00B530490860C068FFF735FCFFF7ECFF00BDFFF74BBC0000A6
:2046400030B504460D46FFF7E8FC2A462146FFF7E7FF30BD70B504460D461646FFF7DDFC71
:2046600033462A462146FFF7DDFF70BD00B50B4611461A46FFF761FCFFF7CAFF00BD00B5AA
:204680000B4611461A46FFF78EFCFFF7C1FF00BD10B583B06A461170144A0C4611688968DC
:2046A0000191002102916946FFF718FC00B914B9FFF7AEFF00E0042003B010BD30B583B036
:2046C0006D462B70094D1C462B689B680193002302936B46FFF71CFC00B914B9FFF798FF20
:2046E00000E0042003B030BDB3AD04009C2D00200E4A12EB8010006901228A401040C84036
:20470000C0B27047094B13EB801001238B40002A0CBF836043607047044A12EB8010C16071
:2047200070470249800140587047000000F00F4030B52549254C08680025606007E0C06840
:204740000C2105FB010000F047F80135EDB26068017A8D42F3D300250BE0217301224068E0
:2047600021601C2105FB0100A260806900F035F801356068026800219542EED31448016094
:2047800030BD000000000000000030B5114C2168C9B10A69105C1C254543486828184169A5
:2047A000012904D1806900F023F8032060600849086840B9207A012805D120684068281860
:2047C000406800B1804730BD1CB90400A02D0020F41B0020A42D00207047016839B10129B2
:2047E00005D0022903D10169007903F073BB7047016839B1012905D0022903D141790079A6
:2048000003F0F3BB704700000000000000000000000000000000000030B5154C20780D460F
:20482000C0060AD56068012807D102F095FA207850F02000207002F092FA012D07D102F08B
:204840008BFA207850F00800207002F088FA30BD000070B50D461646054C02F07DFA2078DC
:20486000012E0CBF2843A843207002F078FA70BDB82D002010B50A4B1C681AB114EB8003D7
:204880001B6C136014EB8000016410BD054A410912EB810100F01F00012282400A60704740
:2048A00008ED00E000E100E000B5DFF81820410910F01F0002EB8101012202FA00F008604F
:2048C00002E000BF80E100E0BFF34F8FBFF36F8F00BD002801DB044A02E000F00F00034A79
:2048E00009018154704700BF00E400E014ED00E010B55F4B1A78012412B15220042308E054
:2049000029B95C4A116811B10968814206D05220032300221146F6F761FB00E00024204606
:2049200010BD10B5524C237802460020012B01D0034607E02AB9504B1A6813790BB1126855
:2049400032B102230A4652200021F6F747FB012010BD10B50C46FFF7E4FF50B9474A11783C
:20496000032906D02246522004230021F6F736FB012010BD0246522006230021F6F72EBB2D
:2049800010B501460020FFF7B3FF98B9394A3A4C1068A0604068016849B90179012906D1E3
:2049A00081682060002000F0BDF80320207130490120087010BD70B50A210646FFF7B1FFF4
:2049C000041E18D12C4D2879032802D02879022811D1304600F0B7F8041E0CD1286880687C
:2049E0004178012907D14068F6F78EFE286880684068F8F700FE204670BD30B509210546E1
:204A0000FFF78FFF90B91D4C207803280DD0284600F0A2F810B90321217007E0022802D166
:204A20000920FFF7A7FF012000E0002030BD10B504460721FFF78DFF50B9204600F09FF8F4
:204A400010B10720FFF796FF0C4901200870002010BD10B50B210446FFF77BFF30B920460E
:204A600000F095F8054901200870002010BD0000251D00205CC30400C42D0020C82D00203A
:204A800070B58CB00546487B634C022605A9087007960AA809900120069008200873601CEC
:204AA000405DF8F7ABFD48B9079911B90291267005E0012902D10291217000E00296069812
:204AC00008AA00280CBF0120002001901078143A1070107A6946087009980490284605F0C0
:204AE000ABFA10B1284605F0CCFA0CB070BD10B581B04A490C5C694605F0F0F9042807D0BD
:204B0000072807D0082807D00C2809D1002104E0032102E0052100E004212046F8F784FD6E
:204B200001B010BD70B50D783B4C06462846A160C96805F043F9601C4655284605F0C4FA71
:204B40000020207070BD364A0146535C012B06BF002050540120704730B532490D682D78FB
:204B6000284605F08EFA20B9284605F0ADFA002403E00124022800D10446204630BD00B5EE
:204B800028490868007805F0D2FAC0B200BD25490868007805F0DFBA70B5234E0446701C7C
:204BA000055D08690A4601380A2834D801A1D1E800F0C046283207151915200C1015150000
:204BC00011462046FFF75CFF25E02846F8F726FD21E028465168F8F719FD1CE02046FFF7BD
:204BE00086FF0AE090690121072800D10021284601E028460221F8F717FD204605F041FA91
:204C000009E0B0684178012902D14068F6F780FD0C360121715570BDD02D0020D12D002039
:204C2000DC2D0020D82D0020D02D00200B48002141600160704708B9086000E001207047FB
:204C40000346012023B910600868401C08601846704708B9084600E000207047E42D00205E
:204C60000000000070B515463C4AD0EB800012EB80364C1002F0BEF8706B002811D4012C27
:204C80000FD306D0032C08D30FD1716B65F3D7510AE0716B65F3555106E0716B65F3965151
:204CA00002E0716B65F31451716302F0A6F870BDF0B582B00E4629490546294CD0EB800050
:204CC00011EB803700977208019202F09FF816EBC500205C10F0090008D1B00017F13C03D9
:204CE000C15831F0100151F02001C15017EB8601C86B30F02000C86302F08BF8786B00284F
:204D000009D5002111EBC500205C800714D401310829F7D30BE0019BEA0012EB4301605C4D
:204D200002231840611849781940084304D1314628460022FFF796FF019C786B002800D534
:204D4000002402F069F8032C03D806496000405AB86302F064F802B0F0BD000000E00040A1
:204D60002C2E00201CAF040070B505460E46D94C02F03AF816EBC501605C10F0020302D083
:204D800050F00400605402F032F831462846FFF78FFF70BDF0B584B0CF4A039003460D4648
:204DA000CE4ED0EB800112EB8130019015EBC300009056F82000E907029054BF6C1C6C1EF4
:204DC000E4B202F011F816F14007009EB95D11F002030AD001F0FB01B95502F008F8294604
:204DE00001220398FFF73EFF01E002F000F802F00DF80099795CC90706D50198A9003C3039
:204E00000A5852F030030B500298062814D1019810EB84020398D16B31F02001D16314EB4D
:204E2000C001795C11F0080106D00198A1003C300B5853F030020A5001F0EBFF04B0F0BDE8
:204E400010B5A74A11EBC0035B0012F110041B5B33B1840014EB51046400A25A9A4202D12A
:204E6000FFF782FF01E0FFF795FF10BDF0B583B00F463B78BA88984905469A4CD0EB800014
:204E800011EB8036029613EB85014900580010EBC5000A5314F1100252F820207888009352
:204EA000012A08D14210019201F0BCFF706B0199002809D417E0013882B2019201F0B2FF4A
:204EC000706B019900280ED570694FF480736FF30F0008437061E800025BF058400960F38D
:204EE0005F12F25014E0009B16EB830250696FF30F000843506116F5807111EB830013EB4B
:204F0000850149000B5B0168490961F35F13036001F08BFF3878029A12EB8003FA88596AEC
:204F200062F30B0159624100C9B228460022FFF799FE03B0F0BDF0B506460D4666490246E1
:204F4000D2EB80006A682C7A11EB8037396862F3840139602968386861F3010038605CB9A2
:204F6000A87A84420DD2E968304651F82410FFF77DFF0134E4B2F3E7E96830460968FFF7E1
:204F800075FF8023687AD95931F4807151EA002050F40070D851F0BDF0B587B006904E4BE0
:204FA0000D7805910E46504FD0EB800213EB8234691003914D4A049115EBC003590002910A
:204FC0000020885299004A4BF26801912846072DCA5028D801A1D1E800F0C046050A0E1281
:204FE000161A1E22E36F62F30003E3671BE0E36F62F34103F9E7E36F62F38203F5E7E66F2A
:2050000062F3C3060EE0E66F62F304160AE0E66F62F3451606E0E66F62F3861602E0E66F6E
:2050200062F3C716E667059A3249029B127DCA52019B17F1F002072DD25827D801A1D1E841
:2050400000F0C04605090D1115191D21E66F62F308261AE0E66F62F3492616E0E66F62F337
:205060008A2612E0E66F62F3CB260EE0E66F62F30C360AE0E66F62F34D3606E0E66F62F372
:205080008E3602E0E66F62F3CF36E6677FF08006AA0014F13C010091515831F00103009995
:2050A00053F020035350059A072D527D4CD801A1D1E800F0040922282E343A4016F17F031A
:2050C000D4F880103AE016F17E035200D4F8801034E0C0462C2E002000E00040EC2D002037
:2050E0007C2E0020AC2E0020FC2E00208C2E00203C2E00200C2F002016F17C039200D4F8FF
:2051000080101BE016F17803D200D4F8801015E016F170031201D4F880100FE016F160031D
:205120005201D4F8801009E016F140039201D4F8801003E03146D201D4F880300B401A434D
:2051400052F40072C4F88020059A29460698126900F0BAFC14EB8503DA6D4FF6FF71C248E1
:205160000A430299DA6514F58873405A13EB85010A6860F304020A60EA0745D40598806921
:20518000002841D00278049B012B20D30DD0032B02BFD4F8881062F35961C4F888100AD22F
:2051A000D4F8881062F3514103E0D4F8881062F34921C4F88810039A012A0FD313D0032A90
:2051C00016D321D1D4F88820C2F3807214E0D4F8883062F34103C4F88830ECE7D4F888200D
:2051E000C2F3801208E0D4F88820C2F3803203E0D4F88820C2F3805232B1069A049911EBAB
:20520000820241885200D153AA0014F13C00115816F140030B400599897D53EA811353F02A
:205220002003019913507818006F049001F0E8FD2846072D37D801A1D1E800F0040A1016B5
:205240001C22282ED4F88430049860F3082328E0D4F88430049860F3492322E0D4F88430BB
:20526000049860F38A231CE0D4F88430049860F3CB2316E0D4F88430049860F30C3310E0A5
:20528000D4F88430049860F34D330AE0D4F88430049860F38E3304E0D4F88430049860F3B2
:2052A000CF33C4F8843001F0AEFD019901237818AA000363084614F13C015358703633402E
:2052C00020263343535005994A68684BB0373A501A500B7A626B012B02D1AB401A4302E016
:2052E0000123AB409A43626314EB8503DA6BB243DA6307B0F0BD70B55D4D0E460446FFF738
:205300001AFE317A002069B9B17A884215D2F16851F820100B78498813EB8402520001307F
:205320005153F1E7F2681268528810EB84014900013080B204284A53F4D332684D494E48C1
:20534000A3005A507168195070BD30B50B7A4B4AD0EB800012EB80321C0011D10CE0C8688E
:2053600050F8230000780C3001258540E8432C430133DBB280B29063887A8342EFD303E037
:205380004EF6FF709063C407506B2043506330BDF0B583B0394C05460192D0EB800014EB69
:2053A0008034606B0293374F0028314809D50026E9000A5241184A8010EBC5018A80CA8031
:2053C00004E00E4611EB850149000A52636B31460020002B00D5014601290AD30DD00329B2
:2053E00004BF606BC0F3C0200AD2606BC0F3802006E0606BC0F3002002E0606BC0F340204E
:20540000009401284BD101F00DFD606B019BC00F5A0818B1606962F30F004BE014EB860179
:20542000486962F30F00486105E014EB8602506961F30F00506114F5807111EB860016EBF8
:2054400085014900CF5B0168490961F35F17076001F0EBFC01F0F2FCA021012E029A33D31E
:2054600036D0032E10E0C0460C2F00202C3000207C2E0020743000206C30002000E00040BE
:2054800000000000AC2E002002BF095962F3CB21C4F8A01021D2095962F38A211BE001F001
:2054A000C1FC606B019AC00F511E0028BDD0606961F30F006061ED00D4F80001ED5B65F38F
:2054C0000400C4F80001C3E7095962F3082102E0095962F34921C4F8A01001F0B2FC03B0C0
:2054E000F0BDF0B50D4609680646087AAD4A002440BB07E00127007810EBC6000134E4B29F
:2055000042F82070287A84421FD2686850F824000369012B03D0032B01D0062BEAD10027AF
:20552000E9E76B6853F824301B69012B03D0032B01D0062B01D1002300E0012370010134D7
:20554000E4B28350287A8442EBD33046FFF7D3FE002407E06968304651F82410FFF71CFDA1
:205560000134E4B2287A8442F4D3F0BD0000F0B586B08D4C164605938D4DD0EB800214EBC6
:2055800082344A08019211EBC002570015F11003FE529700874A0391D25904900292FFF7AD
:2055A0004FFC01F051FC15F1B002D359022B76D10123D35101F04BFC15F1F002D75901F071
:2055C0001FFC039807282FD801A1D1E800F0C046050A0F14191E23288420035967F3082355
:2055E00021E08420035967F349231CE08420035967F38A2317E08420035967F3CB2312E0B0
:205600008420035967F30C330DE08420035967F34D3308E08420035967F38E3303E08420A0
:20562000035967F3CF33035101F0EDFB01F0E8FB0398072830D801A1D1E800F004090E1564
:205640001A1F24298420025932F0010223E0D4F8842032F0020203E0D4F8842032F004028C
:20566000C4F8842018E08420025932F0080212E08420025932F010020DE08420025932F074
:20568000200208E08420025932F0400203E08420025932F08002025101F0B5FB01E001F051
:2056A000D6FB0298013805282BD801A1D1E800F003060306290A324633461CE073089BB2D1
:2056C0001A4618E02C46019836B9049D324610EB85056D002B5B0EE0049A10EB820252008A
:2056E000A45AA64202D13246002304E08035AA5A1019831B9BB203A832C80095204600F015
:20570000BFF806B0F0BDF0B584B007460E460292039309AC284D4A08234924780192D0EBF9
:205720008000099411EB803401F08EFB16EBC700820050590092022840F086800120A85024
:2057400001F085FB009AA9180D6C01F059FB3046072E3DD801A1D1E800F0C046050A0F147C
:20576000191E31368422115965F308212FE08422115965F349212AE08422115965F38A21FC
:2057800025E08422115965F3CB2120E08422115965F30C311BE08422115965F34D3116E034
:2057A0000CE0C046BC2E002000E00040000000007C2E0020EC2D00202C2F0020842211593F
:2057C00065F38E3103E08422115965F3CF31115101F019FB01F014FB3046072E31D801A1AA
:2057E000D1E800F0040A0F161B20252A8421085930F00100085124E0D4F8840030F002004D
:2058000003E0D4F8840030F00400C4F8840018E08422105930F0080012E08422105930F0A1
:2058200010000DE08422105930F0200008E08422105930F0400003E08422105930F0800033
:20584000105101F0E0FA01E001F001FB02990A0001D10D460AE0039D606B099B00283846E5
:2058600001D5002100E00199FFF792FD2A4631463846099BFFF77BFE04B0F0BD0000C04653
:20588000F0B584B004461D466B4636C309AC2478864E4D100994D0EB800416EB843400269B
:2058A000012D0CD310D0032D04BFD4F88860C6F380760DD2D4F88860C6F3805608E0D4F8CF
:2058C0008860C6F3801603E0D4F88860C6F38036774F01F0ADFA14F15C03012E74D1E8006D
:2058E000C218C658019B6FF30F061E431660039A6E00B00001190B6E6FF30F0313430B663D
:20590000029B14F5887212EBC50116EBC3035B00DA5B0B6862F304030B6014F58873C318B4
:20592000029816EBC00217EB42005F6841887F0967F35F11596001F07EFA01F061FAF0B2D4
:20594000072831D801A1D1E800F0C046050A0F161B20252A8420075937F0010723E0D4F8FE
:20596000847037F0020703E0D4F8847037F00407C4F8847018E08420075937F0080712E05A
:205980008420075937F010070DE08420075937F0200708E08420075937F0400703E08420A5
:2059A000075937F08007075101F02DFA01F028FA701CC0B2072855D801A1D1E800F0C046AB
:2059C000292E333A3F44494E00998800C218C658019B6FF30F061E43166014F58873C61804
:2059E000029811EBC0035B00DA5B37687F0967F35F12326001F01FFA01F002FA009807287C
:205A000030D801A1D1E800F004090E151A1F24298420065936F0010623E0D4F8846036F074
:205A2000020603E0D4F8846036F00406C4F8846018E08420065936F0080612E084200659D7
:205A400036F010060DE08420065936F0200608E08420065936F0400603E08420065936F06B
:205A60008006065101F0CFF901F0E8F9A026012D09980CD30FD0032D02BF365960F3CB26A7
:205A8000C4F8A0600CD2365960F38A2606E0365960F3082602E0365960F34926C4F8A060F5
:205AA00001F0CFF9002004B0F0BDC04600E000400C2F0020000000000000800010EB51005F
:205AC00083494000405A7047F0B581B07A4B0446D0EB800013EB8033586B00914E1035466B
:205AE000002800D50025501E052800F2FF8001A1D1E800F0030D3569FCB908350120A84084
:205B00005D6B85435D63012E1AD31ED00FE015F1080001278740586B384358630120A8403D
:205B2000A021CD580543CD50012E09D30DD0032E10D340F0DB808821C85830F08040D4E036
:205B40008821C85830F04000CFE08821C85830F48040CAE08821C85830F48000C5E00835C7
:205B60000120A8405D6B85435D638821012E0BD30ED0032E02BFC85840EAC160C8500BD2E6
:205B8000C85850F4800006E0C85850F0400002E0C85850F48040C850012E0CD30FD0032E5F
:205BA00001BFC8588D06A843C85080F09F80C85830F4001099E0C85830F0200095E0C8581E
:205BC00030F4005091E015F1080001278740586B384358630120A840A021CD580543CD5096
:205BE0008821012E0BD30ED0032E02BFC85840EAC160C8500BD2C85850F4800006E0C858D5
:205C000050F0400002E0C85850F48040C850012E0BD30ED0032E01BFC8588D06A843C85054
:205C20000BD2C85830F4001006E0C85830F0200002E0C85830F40050C850012E0BD30ED074
:205C4000032E02BFC85820F00060C8504ED2C85830F4002049E0C85830F0080045E0C85870
:205C600030F4006041E008350120A8405D6B85435D638821012E0BD30ED0032E02BFC85843
:205C800040EAC160C8500BD2C85850F4800006E0C85850F0400002E0C85850F48040C8503C
:205CA000012E1BD31ED0032E02BFC85840EA8160C8501BD20EE0C04600E0004000000000A3
:205CC000000000000000000000000000000000007C2E0020C85850F4001006E0C85850F040
:205CE000200002E0C85850F40050C8501E4B009911EBC40043F8202001B0F0BD1B49D0EB1C
:205D0000800011EB8030D0F89C1051F004019C231950195851F008011950D0F8881051F0B0
:205D2000040188231950195851F480611950195851F480211950195851F080611950D0F8C6
:205D40009C1051F00101C0F89C107047000011EBC000074941F82020704711EBC0000549F3
:205D600041F8202070470000EC2D002000E000406C2F0020EC2F0020000000001B480168D8
:205D800039B1002002E01A4A107001304A689042F9D370471548016839B1002002E0154AEA
:205DA000107001308A689042F9D3704710B512490E4C08682060FFF7E1FFFFF7EBFF206843
:205DC000406900F01DF810BD00B5084B0B491A684878126912EBC0004068486000F01FF81B
:205DE000002000BD000000F028B80000981D0020BC300020BD30002090C30400BC300020A5
:205E000010B5041E0AD000F031F9206802F033F8606802F046F8A06801F00EF910BD10B578
:205E2000041E08D0006800F005FF606801F055F9A06800F0B0F810BD000002F0F7B80000F7
:205E40006D4911EB80000168002902D54FF0B64101604FF400120168914301600168114360
:205E60000160016851F0004101607047624911EB80000168002902D54FF0B641016001682E
:205E8000012363F301010160016851F400110160016851F0004101607047574911EB8000E6
:205EA0000168002902D54FF0B6410160016831F003010160016831F400110160016851F049
:205EC000004101607047012820D30E280DD913281CD31F2809D9222818D3232805D9282830
:205EE00003D02C2812D3302810D8434A12EB80000268002A02D54FF0B6420260036861F389
:205F00000B230360016851F0004101607047F0B5394C002514EB80031C682A46002C02D525
:205F20004FF0B6441C60354F17EBC00466680EE0324F57F8307047B157F82240A14204D1D5
:205F40001C6861F306141C6003E00132D2B2B242EED3B24200D10125186850F00040186021
:205F60002846F0BD10B5244C14EB80031C68002C02D54FF0B6441C60282807D01C6861F314
:205F800010441C60196862F314511960186850F00040186010BDF0B5041E2CD000260768E0
:205FA00027E0606835012858FFF777FF6068291828584968FFF7ABFF60682918285889689C
:205FC000FFF781FF60682818427B817B0068FFF7C9FF60682818017B0068012906D1FFF781
:205FE0002FFF60682858FFF741FF01E0FFF755FF0136BE42D5D3F0BD0050064030D504009F
:2060000070B530B11022FF2001230021F4F7E6FF22E013480468FCB100261AE00C25754395
:2060200060682918405900228968FEF723FC6068291840594979FEF74CFC6068291809796B
:206040004059012902D1FEF721FC01E0FEF72CFC013620688642E1D370BD00000000C0462C
:20606000A4C60400000000000000000007480168002901D506490160C16851F00101C160BE
:20608000016851F0004101607047000000D007400000739400B50246002011B9114B19681B
:2060A00009B90C2304E08968895C012906D0F0237C2000221146F4F791FF012000BD0000B4
:2060C000000000B501460020FFF7E4FF012806D00449086804490860C06800F00FF900BD7D
:2060E0000000C046E8CD0400C4300020F0B581B05E490446006880000A585D490E585D490A
:206100000092800811EB80177D6900F061FE6068009A810050180069000404D54FF0B642D5
:2061200016F1100042505448103672580240A06800F001031A4300F002000243606952EA33
:20614000C002E06852EA0022608B030A52EA4312637E52EAC37252EA006252F40042725014
:2061600000F039FEE068012803D1E1696068814079606068012181408D43216981400D43F1
:206180007D6101B0F0BD3B4A12EB801001228A4042607047374A12EB801001228A4082608E
:2061A000704770B50C463349164611EB801500F015FE68690121A1408843A6403043686184
:2061C00000F00FFE70BD70B505460E46002404E016EB4410FFF78AFF0134AC42F8D370BDDA
:2061E000F0B50C4621498000475821491546465800F0EEFDA000C1190969090404D54FF0D0
:20620000B64216F1100142501C4A10368159114051EAC50151F40041815100F0DCFDF0BD36
:20622000F0B50C4611498000475811491546465800F0CEFDA000C1190969090404D54FF0CF
:20624000B64216F1100142500D4AA10010368859104005F00102104305F00203184350F449
:206260000040885100F0B7FDF0BDC04638D8040024D8040000F00F40D4F87F60F7FF7FFF3C
:20628000FCFF7FFFF0B585B007464188806804910179039181680191C16802910168002446
:2062A000009126E079686000019A405A450900F01F0631462846FFF793FF31462846029A80
:2062C000FFF7AEFF009B012B0CD1039A31462846012A02D1FFF757FF01E0FFF75BFFBA6858
:2062E000126800E0002231462846FFF75AFF0134A4B204988442D5D305B0F0BD10B50169C8
:2063000004462720FFF75FFF2046FFF7BBFF10BD00B5A04A106838B911230A46792000216F
:20632000F4F75CFE012000E0002000BD00B5032807D312230A4679200021F4F74FFE0120E8
:2063400000E0002000BD10B5934B1A6812780024904206D3012440230A4679200021F4F785
:206360003DFE204610BD30B504460D460020FFF7CFFF68B929462046FFF7D8FF40B929461E
:206380002046FFF7E0FF18B92946204600F001F830BD10B5002414227F4B424318684068B0
:2063A000801880684268012A01D1C06802E0022A01D1006930B9012434230A4679200021D6
:2063C000F4F70CFE204610BD10B5734B1A68D268002412EB00125068012801D1906802E096
:2063E000022801D1D06830B9012435230A4679200021F4F7F3FD204610BD70B5064600205A
:20640000044607E031462046FFF7C3FF012815D00134E4B2604D296809788C42F2D3040087
:206420000CD107E031462046FFF7CEFF012805D00134E4B22968097A8C42F3D370BD00B5A5
:20644000544B1A683AB114230A4679200021F4F7C5FD012009E008B11023F5E74F4A10685F
:206460004D4A10600846FFF7C8FF00BD000030B50021FFF7E4FF04004CD10EE04068142182
:2064800004FB01008168C2680020012A01D001200AB900F0C3F90134E4B23F4D28680178DD
:2064A0008C42EBD3002406E0C06810EB041000F0F5F80134E4B22868017A8C42F4D30024A3
:2064C00009E04068142104FB01008168088900F0F5F80134E4B2286801788C42F1D3002415
:2064E0000FE0C26812EB041041682001805C00F00EF92968C96811EB041000F011F90134D4
:20650000E4B22868017A8C42EBD322480022022301210EC030BD30B50C4605460221FFF725
:2065200022FF98B9B4F5004F0AD81B4A11684968142005FB00112046896800F003F928B11F
:206540003223792002220021F4F748FD30BD70B50D46144606460321FFF705FFC0B90E4ADE
:2065600011684968142006FB0011486808B1132309E0B4F5004F05D88A682846214600F097
:206580001AF928B13223792003220021F4F726FD70BDC046D03F0020E82A0020F8CE04006F
:2065A00000000000000000000000000000000000F0B504460246C8680E780578C7682946D3
:2065C0003046FFF7CAFB0FB9224602E0002204B9012229463046FFF7BAFBF0BD10B50A6901
:2065E0000C781378D16809B9024602E0002200B901221946204602F0DFFD10BD70B5CA68B2
:206600000446087811780025CB0714D41369062B11D196697688FFF750FA00FB04F1C90BB8
:20662000B4F5004F07D034B1891989B2B14201D9884200D80125284670BD70B504460878AA
:2066400009690A780025D20714D40A69032A11D18E69768802F049FD00FB04F1C90BB4F544
:20666000004F07D034B1891989B2B14201D9884200D80125284670BD4FF40042904208D8CB
:20668000101A4A6880B2012A05D0022A01D1FFF7D4BF012001E0FFF7B1BF70470146007887
:2066A0004A68012A03D1896839B1FEF71ABF022A03D1C96809B102F0E7BA704770B50D46D3
:2066C00006460C78FFF7D8FF00BB686801280ED1ED682D7820462946FFF7EFF970432946BB
:2066E000C20B92B220460023FEF741FF0EE002280CD12D6920462D7802F0F7FC704329462E
:20670000C20B92B22046002302F0D2FA70BD012901D1FFF7F3BA022901D102F02CBD7047C6
:20672000014600784A68012A04D1896849B10968FEF70BBE022A04D1C96811B1096802F077
:206740003EBA7047F0B581B00D784A6800900027012A10D1C96859B30E7828463146FFF71C
:20676000ACF900994143C80B82B2314628460123FEF7FDFE1CE0022A1AD10969C1B12846F2
:206780000E7802F0B2FC009A424331462846D40BA4B202F0A2FC022804D1B4F5004F01D33F
:2067A000012705E0224631462846012302F080FA384601B0F0BDF0B582B007460023484341
:2067C0001678C40B50680193A4B201280AD1D06808B3017823463A46012000903046FEF745
:2067E00092FF18E0022816D11069A0B105782946304602F072FC022805D1B4F5004F02D3A6
:206800000121019107E00120009023463A462946304602F002FB019802B0F0BD4A68012A9A
:2068200001D1FFF7C5BE022A01D1FFF7D7BE70470020014606E0D04B1A68520701D5012093
:2068400003E00131CD4A9142F5D370470020014606E0CB4B1A68920501D5012003E0013132
:20686000C84A9142F5D370470020014606E0C64B1A68D20301D5012003E00131BF4A914217
:20688000F5D370470020014606E0C04B1A68D20301D5012003E00131B84A9142F5D370476A
:2068A0000020024618E0BA498B6ADB0313D5886A002802D54FF0B6408862886A50F0007008
:2068C0008862886A30F400708862886A50F000408862012003E00132A8498A42E3D37047A1
:2068E000AB49C869002802D54FF0B640C861A94AC8691040C86150F00040C8617047A4492C
:20690000CA69002A02D54FF0B642CA61A24BCA691A40C00752EA9072CA6152F00042CA6188
:2069200070479B48016B002902D54FF0B6410163016B51F080710163016B51F00041016363
:20694000704700B5FFF7EDFF9148816A002902D54FF0B6418162816A51F440518162816A7D
:2069600051F400718162816A51F001018162816A51F00041816200BD85498A6A002A02D59D
:206980004FF0B6428A628A6A60F341028A62886A50F000408862704710B57D4B9C69002C8D
:2069A00001D57E4C9C619C6960F382049C619C6962F309249C61986961F30000986198698C
:2069C00050F002009861986950F0004098615869002801D571485861586930F4802050F00C
:2069E0000100586150F000405861042000F068F910BD6748816A002901D568498162816A4A
:206A000031F001018162816A31F000718162816A51F00041816270475D494A69002A01D5B0
:206A20005E4A4A615C4B4A691A40C00752EA90724A6152F000424A61704728B35449CA6A0D
:206A4000002A01D5554ACA62CB6A426862F31243CB62CA6A036863F30102CA62CB6A826872
:206A600062F30F23CB62CB6A026962F30413CB62CB6AC26862F34513CB62CA6A52F0004238
:206A8000CA62474940690860704741484169002901D5424941618169002901D53F498161C0
:206AA0003C4A416911404161826902239A4382619A071143416181691143816170473948F4
:206AC0000168002901D538490160416831F001014160016851F000410160704728498A6998
:206AE000002A01D5314A8A6100284FF480600A6807BF82430123024300230A60086863F32C
:206B000000000860886950F00040886170471C488169002901D525498161016831F48061F0
:206B20000160016831F001010160816951F00041816170471E4B1968C1F303210131B0FB63
:206B4000F1F01C4901381C4BB0FBF1F2186862F303001860704702460120012A05D306D078
:206B6000032A06D301D1052204E0002003E0032200E004220A60704704D00740A0860100A1
:206B800000900740404B4C001C4006401440064000400640FEFFFBFFFDFFFBFF0000005B3D
:206BA000DC3F002000D0074000007394000067980C4006400048E80108000240F0B582B099
:206BC0000F4615461E46002469460190FFF7C3FF01282BD1009800F073F8012826D14648BF
:206BE0000168042060F303014348444A0160D168002902D54FF0B641D1600198D16831F4A0
:206C0000E02151EA0041079806F00F0363F30B012B0751EA13613B0751EA1351D160D168C2
:206C200051F00041D160FFF785FF0124204602B0F0BD000070B581B0041E3FD010F11C0594
:206C4000287C012805D16A68E9682868FFF7A4FE01E0FFF71AFF2A4E68697060287AFFF7A5
:206C6000DBFE14F134052846FFF7E7FE687E012802D1FFF766FE01E0FFF7BBFE287EFFF74C
:206C80007BFE94F85400012803D1206DFFF726FF01E0FFF73CFFFFF712FF60682369E2683F
:206CA000A16800902068FFF789FF607D08B9FFF717FE207DFFF723FEA069306001B070BD61
:206CC00000B50138042815D801A1D1E800F0C04604070A0D1000FFF7ABFD0CE0FFF7B6FDF7
:206CE00009E0FFF7C1FD06E0FFF7CCFD03E0FFF7D7FD00E0002000BD080002400040064018
:206D0000E03F002000B572B600BD00B562B600BD00B572B600BD00B562B600BD00B572B60F
:206D200000BD00B562B600BD00B572B600BD00B562B600BD00B572B600BD00B562B600BDC4
:206D400000B572B600BD00B562B600BD00B572B600BD00B562B600BD00B572B600BD00B59C
:206D600062B600BD00B572B600BD00B562B600BD00B572B600BD00B562B600BD00B572B619
:206D800000BD00B562B600BD00B572B600BD00B562B600BD00B572B600BD00B562B600BD64
:206DA00000B572B600BD00B562B600BD00B572B600BD00B562B600BD00B572B600BD00B53C
:206DC00062B600BD00B572B600BD00B562B600BD00B572B600BD00B562B600BD00B572B6B9
:206DE00000BD00B562B600BD00B572B600BD00B562B600BD00B572B600BD00B562B600BD04
:206E000000B572B600BD00B562B600BD00B572B600BD00B562B600BD00B572B600BD00B5DB
:206E200062B600BD00B572B600BD00B562B600BD00B572B600BD00B562B600BD00B572B658
:206E400000BD00B562B600BD00B572B600BD00B562B600BD00B572B600BD00B562B600BDA3
:206E600000B572B600BD00B562B600BD00B572B600BD00B562B600BD00B572B600BD00B57B
:206E800062B600BD00B572B600BD00B562B600BD00B572B600BD00B562B600BD00B572B6F8
:206EA00000BD00B562B600BD00B572B600BD00B562B600BD00B572B600BD00B562B600BD43
:206EC00000B572B600BD00B562B600BD00B572B600BD00B562B600BD00B572B600BD00B51B
:206EE00062B600BD00B572B600BD00B562B600BD00B572B600BD00B562B600BD00B572B698
:206F000000BD00B562B600BD00B572B600BD00B562B600BD00B572B600BD00B562B600BDE2
:206F200010B5734C734A83000029206899580CBF88430843206010BD6D4B1968C24362F32A
:206F40008E31196070476A4B1A6860F34D321A607047674B1A6860F30C321A6070470B46C1
:206F6000654A033805281ED801A1D1E800F0C04604080C101418916A63F30D3112E0916AE3
:206F800063F38F310EE0916A63F311410AE0916A63F3934106E0916A63F3092102E0916AFD
:206FA00063F38B2191627047534A012807D30AD003280CD30FD1936A61F318630AE0936A0E
:206FC00061F3DB6306E0936A61F39A6302E0936A61F359639362704730B5474A136833F438
:206FE00000631360032809D9082816D30B2805D30ED00C2811D1022310680BE013683F4D07
:2070000033F0300313602C6860F313442C6004E00123106863F305101060136861F30A2386
:207020001360106850F40060106030BD324A106830F400601060704710B5041E4CD0017849
:207040000020FFF76DFF01206178FFF769FF0220A178FFF765FF0320E178FFF761FF0420CB
:207060002179FFF75DFF05206179FFF759FF0620A179FFF755FF207AFFF765FF607AFFF789
:2070800068FFE079FFF758FF03206169FFF767FF0420A169FFF763FF0520E169FFF75FFF51
:2070A0000620216AFFF75BFF0720E168FFF757FF08202169FFF753FF0020216BFFF774FF04
:2070C0000120E16AFFF770FF0220A16AFFF76CFF0320616AFFF768FF10BD40B1017A0129A3
:2070E00003D141680068FFF777BFFFF79FBF70470480044074D80400008004401040064002
:2071000010B5734A106800244A2330B10124532000221146F3F762FF07E06A230029F5D144
:207120006C49086860230028F0D0204610BD30B5674D2B680BB91A2311E09D790024A94249
:2071400001D90C230BE05B6953F8211011B14B68984201D00F2302E0088828B95C230124B2
:2071600053200021F3F73AFF204630BD30B51D46574B1868C06850F82100818900248A4210
:207180000CD85AB10079B0F10901082901D2D00703E01138102808D2900706D001240D2301
:2071A0002A4653200021F3F719FF204630BD30B5474D2B680BB91A230DE09D780024A94258
:2071C00001D90A2307E0DB6853F8211011B14969884205D00F23012453200021F3F7FEFE1E
:2071E000204630BDF0B584B00A220E46FFF79FFF0446012843D0384DAB68596951F82610F0
:2072000000200A88039237E08E684200925B1E6956F82260DF69327F57F8222052683AB95D
:2072200001240E230A2253200021F3F7D7FE26E02CBB32780292224619E001B47768BF5C3E
:20724000D868019750F827703F68012F01BC0CD1009F15EB87077F883FB95B230A225320BD
:207260002146F3F7BBFE012409E00132D2B2029FBA42E2D3013080B2039A9042C4D320461E
:2072800004B0F0BDF0B517460D4606460522FFF78EFF0446012815D00D4A1068C06850F8AB
:2072A0002500006838B901240A23532005220021F3F794FE06E03A46294630460523FFF75E
:2072C00055FF04462046F0BD000000000000C046F03F002020D00400E83F0020F0B582B096
:2072E000016A0546C06809680026019100B1804734462F7818E0A84909686868C968005D36
:20730000002C0CBF0122002251F82000791E8C420CBF0123002301210091019900F016FD01
:20732000061E03D10134E4B2BC42E4D3304602B0F0BDF0B584B0039100270488856839E0DA
:20734000954E964B288837680C2200FB02323F69029257F8207001200097106016F1180259
:207360000221B161039901923846FFF7B7FF01990122071E0A6006D10299086000988068D9
:20738000A8B1804713E085482A880C2302FB0301022008603068006950F82200806800B19D
:2073A00080470235013CA4B2002CECD101240235013CA4B2002CC3D1384604B0F0BD30B5E0
:2073C0000021774A1C2300FB03234FF6FF754C00E552E318013104291D81F2DBFF201074C7
:2073E00030BDF0B584B00C46017F0746BD6902911C2048436A49684E42180192FFF778FD67
:207400002868002800F090806868002800F08C807969039141682C60044600206860009152
:20742000FFF769FDB86800B180472068032806D02968022901D1216001E002281BD1009930
:20744000A0890988081A0AE0009B9B684200D25A0C235A43514B9A1800235360013080B207
:207460008842F1D30098C06800B180470399019800F05EF85AE0A089002853D0A1680231E1
:20748000A16001380D88A0813468246954F82540029A207F824238D0414A1C2101FB002631
:2074A000FFF714FD706901281FD094F9100016EB40010A893B4B08319A4202D142009553CA
:2074C00004E00C235A43354BD2181581334A0D800C2105FB0121334A0A8196F91010814229
:2074E00000DA3074FFF7F5FCC0E7022070612B490C20684375830122425000203076FFF7D9
:20750000E8FC204600F050F8B0E70C2023496843019B01224250002018765D83204600F0DA
:2075200043F803E020609DE7FFF7E5FC04B0F0BDF0B50546FFF7CAFC95F91000002825DB7F
:2075400041006A186C5A154F0C266643F11909891180144A91420AD115EB4002118101381D
:2075600004D4104A4100495B9142F8D02874FFF7B0FC09490120B851002028766C83086882
:20758000006950F8240000F00FF803E001206861FFF79FFCF0BDC046F03F00203C40002023
:2075A000F43F0020FFFF000030B581B00446C06800B1804720786268704D012894BF0123BB
:2075C0000023002000902868216A1278C068096850F82200012200F0B9FB01B030BD70B5A6
:2075E0000021674B9C68E26852F821208AB15569A8420ED1012603F8216015680DB992891C
:2076000004E000252E46126960C22A4613EB81035A80A27801319142E3D970BD30B5002176
:20762000564B1A68136953F821304BB15B69984206D1544C0C234B430025E5501B195D60F6
:20764000928801319142EBD930BD70B500214B4A1468636953F8213073B15D68A8420BD1EC
:2076600012F1200512EB011673620B0100265E514032F34342F82130A37901319942E6D9FD
:2076800070BD10B501460020FFF73AFD01281DD03D4A3A4C106820600020FFF7A0FF002074
:2076A000FFF7BCFF0020FFF7D0FF2168C969096861B1886850B900F042FB0021084600F071
:2076C00077FB0020FFF77BFE0120A06110BD00000000F0B582B00546019116461F461A46E5
:2076E00001460020FFF7CEFD009001281CD02448AA0084188068C06810580199006942C08E
:207700006780FFF7EFFB01992078002914BF00F0FE0040F00100002E14BF00F0FD0040F037
:2077200002002070FFF7E1FB009802B0F0BD0000F0B581B0074601460020FFF753FD0546D3
:20774000012849D00D4C2668766956F8276033880093FFF7C1FB14F14001A26C51F8270088
:20776000104003D00125FFF7BAFB35E014EB0717012038622037002010E0C046F03F00206C
:20778000E83F00203C40002020D00400FFFF0000000000000121A164013080B20099884227
:2077A000F8D3FFF79CFB30460021FFF7C2FD0546022005B928463860FFF78EFB002003E072
:2077C0000021A164013080B200998842F8D3FFF786FBF06800B18047284601B0F0BD0000DF
:2077E0000000000070B581B0144B1C680D46D88B21691A7F51F820000221012D067800D16E
:207800000021551CB54215D2A1B9511C1977EAB2711E8A420CBF0123002300210091016A7B
:207820004068805CE268096852F82000002200F08DFA01E0FFF7D5FD01B070BDF03F002030
:207840000000F0B581B00091C149C24E80004558BDF8184086592868511EC0F304408842DE
:207860000BD0A86830F00100A8602F6861F314472F60A86850F00100A86086F8293086F871
:20788000282000200099F082092AF16003D3112A34BF6408A408748301B0F0BDF0B583B0A8
:2078A0001646AB4CAB4A029101938000BDF8207004598558FFF722FB0121A068696A30F02A
:2078C0000100A060A06B30F00200A063A06B30F00100A063206850F400102060E2684868F2
:2078E00060F30F02E2602368701E60F3144323602368488860F3861323602368C0F3002272
:2079000033F0800353EAC213236020688A684B7830F440702060206962F301002061A26831
:2079200063F31142A260A06850F00100A060FFF7E8FA85F828600020E882092E0199029881
:2079400085F82910E86003D3112E34BF7F08BF086F8303B0F0BD30B57E4D55F820400025FF
:20796000A582092AA16003D3112A34BF5B089B082383238B764A294652F8205023B1042B62
:2079800092BF591E616AC9682A6961F311422A6130BDF0B589B004460020009001900546BD
:2079A000FDF757F90890069569486A4B0595A1000A5828460792CA5869460292FDF73BF9B9
:2079C0000299888A0A8B904200F0BF80079949694903490F52D0101A814200DDC1B25E4A67
:2079E0005C4BA0008558C2589668002046B3536A1B691B78092B09D2884223D22B6E9668F9
:207A0000978AC7190130C0B2F355F5E7112B07D310E02B6E978AC7197F000130C0B2BB53CE
:207A20008842F6D30EE02B6E978AC7190130C0B246F827308842F6D304E00130C0B22A6E41
:207A40008842FAD3029DA88A4018A88215F11402D37D5918D175298B3E4E091A89B2002259
:207A6000079856F8243021B1042992BF4A1E5A6AD2680369002562F311430361029A14328F
:207A8000D07D0490002853D00698012850D05388D0880393984242D00499C01A814200DD07
:207AA000C1B22C4DA00045592B4B15F10C07EE68C358002016B33F7F092F08D2884226D221
:207AC000EF8AC7190130F75DC0B21F66F6E7112F07D310E0EF8AC7197F000130BF5BC0B255
:207AE0001F668842F6D312E0EF8AC719013056F82770C0B21F668842F6D308E06F6A3F691A
:207B00007F6802E01F660130C0B28842FAD3039BC818049B5080581AD075002508E0907D1F
:207B2000012803D100205072907501E00121069101AA69460020FDF783F80198089B2D185D
:207B40009D42FFF43DAF01210591059809B0F0BD90D804001C410020A0D80400F0B5714BE6
:207B6000014600788200D4586F4B704F6C4ED5581346302210FB02729A5100231377012352
:207B8000537753601162496800F0BEF80020E861A06830F00100A0600020F0BD60B5604E7C
:207BA000057856F825506D68022D05D00069017042704360002000E0012060BDF0B584B066
:207BC00005781E46584B07460291A800C158544B03920191C458FFF773F96068022803D176
:207BE000FFF771F901202FE002206060FFF76BF9676214F11C03207F019998730020C8613F
:207C0000627F02992846012A08D10422DA733F6900967B783A78FFF741FE05E03F690096C8
:207C20007B783A78FFF70DFE626A12693346284603991278FFF78FFE28460999FFF7A9FE1A
:207C4000012300B10323636004B0F0BDF0B586B004460D4616461F46002202A974C106784C
:207C60002F4C3148B3001C591D58FFF729F96368022B04D1FFF727F90122029241E002237B
:207C80006360FFF720F940B414F11C02049B0C98217F636220619173002084F82C00607F27
:207CA0000599012801BC0BD102B40421D1731A69029101975378127802BCFFF7EFFD05E0BD
:207CC0001A69009753781278FFF7BBFD626A12693B46304605991278FFF73DFE2368012B39
:207CE0000DD30ED1FFF710F9EB6953F00103EB61EB6953F01003EB61FFF709F901E00023ED
:207D0000EB61029806B0F0BD054B53F820205368022B1ABF00201160012070470000C0460F
:207D20001C41002090D80400A0D8040054400020234A013918BF0121105CFFF753BD204AAE
:207D40000B78D054C8681371FFF708BF70B581B01D4C0646087854F820008D6842775A1EEE
:207D600018BF01220277B368727931792846FFF715FF0446012818D0B06936694388007812
:207D800072680021C00700D1316805AE36782846012E06D142F210740094FFF70FFF044648
:207DA00003E00A4D0095FFF751FF204601B070BD044A107809B1012901D1FFF7A5BF7047CD
:207DC0002C410020304100201C410020317D04001E4A1060516070471D4B196860F3DF718A
:207DE000196070471A4B1A6860F30C221A607047174A1168C0F3400031F0040151EA80010B
:207E000011607047124A116860F30101116070474BF264610F4A104B0140D06918400B0055
:207E20001CBF08430123D061D16963F3C711D16170470A4A116860F3010111607047084ADA
:207E4000116860F300011160704700BF2CE007400CE0074000E007409B49FFFF1CE007409C
:207E600020E00740024B1A6860F30F221A60704724E00740000010B5041E11D00068FFF7C6
:207E8000C1FF6068FFF7B4FFA068FFF7ABFF207BFFF7A2FF2069FFF7CCFF6069FFF7B8FF17
:207EA00010BD10B5041E09D00078FFF7C8FF6068FFF7D8FFE168A068FFF78AFF10BD0000CE
:207EC00000000000000000005648001D50F8210070470000F0B582B001900C46514D0E78E9
:207EE000FEF72EFF15EB8602516A31F480415162FEF729FF2678FEF723FF15EB8602516A6F
:207F000031F400515162FEF71EFF2778FEF718FF15F1240252F82710090404D5B8001158C7
:207F200051F400411150FEF70EFF2678FEF708FF15EB8602516A31F480615162FEF703FFCB
:207F4000FEF7FEFE61780022012900D10A46217815EB8100436A62F386134362FEF7F3FEAA
:207F6000A068267867680090FEF7EAFE15EB86020098516A60F30101516224321346126813
:207F800067F385021A60FEF7DEFE227814357FF0000045F82200019812EB80010C2251432B
:207FA000214A891801220A70E2684A60227C0A7202B0F0BDF0B50C4617461A4DFEF7C0FE3D
:207FC0004FF48046A4006119486AB0434862FEF7BAFE15F114016750FEF7B2FE6119486ADB
:207FE00030434862FEF7AFFEF0BD30B50C460D4DFEF7A6FE15EB8401486A30F48040486226
:20800000FEF7A1FEFEF79CFE243555F82400000404D5A100485950F400404851FEF793FEB1
:2080200030BD00BF000004404441002000B5BFF34F8FDFF81C100868DFF8181000F4E060C0
:208040000843DFF80C1040F00400086004E000BF0CED00E00000FA05BFF34F8F00BFFDE798
:208060009E4A42F820107047F0B581B09C4A06460B46D0EB8001586812EB8132946860F3A3
:208080000A2494609468186860F3155494609468D86860F3861494605169988A60F30F0136
:2080A000516100242046052C1DD801A1D1E800F003070B0F1317D16831F4803112E0D1688B
:2080C00031F400310EE0D16831F480210AE0D16831F4002106E0D16831F4801102E0D16804
:2080E00031F40011D16028256543A818016C6FF309010164C16931F47F41C1610021571964
:2081000017F12000002740F8217001310829F6D30134062CC6D373490C2230464243DB69F2
:208120005018836001238B5401B0F0BD0000F0B587B06A4D6A4AD0EB800012EB803455F813
:2081400021000078069101280CBF01210021059100221046052A1ED801A1D1E800F0C04634
:2081600004080C101418E06830F4803012E0E06830F400300EE0E06830F480200AE0E068D5
:2081800030F4002006E0E06830F4801002E0E06830F40010E0600132062ADAD3FEF7BEFD5B
:2081A00000224EE040680C2302FB03073B6828204343B88819190E6C60F309060E6400263A
:2081C00019E01919C8690490B86810EBC601E0181C30039008468079029116F10801884044
:2081E0000499014303980160011D0298808841F826000136F6B2B9798E42E2D31046052A68
:208200001DD801A1D1E800F003070B0F1317E06850F4803012E0E06850F400300EE0E068B0
:2082200050F480200AE0E06850F4002006E0E06850F4801002E0E06850F40010E0600132D1
:20824000D2B2069855F8200043789A42AAD3A268059B63F30412A260A06830F02000A0601B
:20826000A06850F00100A060FEF75BFD4FF47A710020FCF7EEFC0646002500950195FEF7AC
:208280004DFDA06850F48030A060FEF74AFD69462846FCF7D0FCA068C00308D501AA69467E
:2082A0000020FCF7CDFC01982D18B542F3D3059838B1FEF733FDA06850F40030A060FEF72B
:2082C00030FD002007B0F0BD0549D0EB800011EB8031886850F400308860704774410020DF
:2082E00000F0004080410020000000000000000030B50D460E4951F82040FEF733FDAD0063
:208300001834295901F0FC0151F020012951FEF72CFDFEF727FD285900F0EF0050F02000CE
:208320002851FEF722FD30BD0000000000000000B8D8040000000000F0B58CB0BE4A0B90AB
:2083400081008858BD4A089088580990406900240A900A980121A14001400BD0089810EBE1
:2083600084018969C90605D510EB8402916931F0200191610134082CEBD300240A9801211F
:20838000A140014000F0B081089810EB84018969C90640F1A9810B99C80021184C235943AE
:2083A000A44B5D18A968012909D00229089A19D0042900F04781082900F07A8194E10120F8
:2083C0002A6C85F8490015F1400112B1888800217DE1097A012940F087812968002900F019
:2083E000838180E10B9B11460C225A43944B9F182A6A012AC0F07881022A04D9042A3BD010
:20840000082A66D070E1A5006B185A691433920640F16A8111F134066918AA59896B1D6884
:2084200035F020051D6092B289B2914201D98D1A03E07B899A1A89184D1C7E4B611EC9B23A
:2084400009184C2202FB0136FEF780FC758300213183FEF77EFC326C1AB10021B6F8440030
:208460009047F36B23B101221146B6F844009847012086F8490037E108986A7D10EB8401A1
:20848000896B89B20ABBAA8B914201D98E1A03E07B899A1A8A18561CA983FEF757FC00211A
:2084A00069832E83FEF755FC2A6C1AB10021B5F844009047EB6B23B101221146B5F84400FA
:2084C0009847012085F849000EE1A983002169750AE10899099E6B7D039500913831A2006D
:2084E000002B55D123184C25524E6B43751BEE1805960B1F009ED1589219956B89B2ADB2CA
:208500008D4201D96E1A03E07A89521AAA18561C059A928B914201D98F1A03E07B899A1AF7
:2085200089184F1C0599897DF619012900D1F71B404B611EC9B209184C2202FB0133029395
:208540000193FEF703FC019B5F831E83FEF701FC02990A6C1AB1B1F8440000219047019828
:20856000C36B23B101221146B0F8440098470299012081F84900009810EB840203985169C8
:2085800031F0200151610021417505988583ABE000981518AB6903F00307EB698958183588
:2085A00003F00300069003980497022F818301D101218175FEF7D6FB0099C96E490604D51C
:2085C00040F6FF72716911437161039A0021069F5175C4F34601C90030228A40316E1143F5
:2085E0003166A10016F118028B5833F00C0353F024038B508B580320049833F003033B437F
:2086000020273B438B507218D36933F00303034353F02403D36118368B5903F0CF038B5114
:208620006968B9436960D16951F03001D161FEF79CFB59E0C8410020C8D80400B8D80400A0
:208640009841002012EB84012A6C8E6B1AB10021B5F844009047698EAA6A49008E52698E31
:20866000AA8D01316986698E914210D3696B012902D1002169860AE021460B98FFF738FEF4
:20868000EB6B23B100220221B5F844009847EA8D52B3298E01312986298E914224D30021E5
:2086A000298695F8481001291ED12968E1B11AE015F146010A8801320A800A88002A2A6C02
:2086C0000CBF0126002622B13146B5F8440090470AE095F84810012902D1296801B1884792
:2086E00016B1696801B188470134082CFFF446AE0CB0F0BD0000C04600B50220FFF71CFEBB
:20870000BFF34F8F00BD00000000F0B581B00E466E490546800042586F496E4C0092475823
:20872000FEF7B0FB16EBC500205C10F0090108D1B00017F11803C15831F0100151F02001F4
:20874000C150009B13EB8601886930F020008861FEF79BFB002010EBC501615C89070BD436
:2087600001300828F7D3FEF77BFB009A106930F400701061FEF777FBFEF78AFB40F2FF1029
:208780007861FEF788FB01B0F0BD000070B54F4B514C0D8953F8202054F82030CC6816695E
:2087A00064F38A2616614D4E4000012C85530CBF6D08013DD06865F30F00D060546E0869DB
:2087C00060F311445466546E888A60F397445466887D996D31F0807151EA006050F0007013
:2087E0009865106930F40070106170BD70B505460E46384CFEF72EFB16EBC501605C10F0E8
:20880000020302D050F004006054FEF726FB31462846FFF77AFF70BDF0B584B02B4A039011
:2088200004460D46810088582B4A01908858284A15EBC407064652F82700E907029054BFC5
:208840006C1C6C1EE4B2FEF705FB224BD95D11F002030FD01F4B01F0FB01D955FEF7FDFA82
:20886000FEF7FEFA019B196951F400711961FEF7FAFA01E0FEF7F1FAFEF704FB154AD15D92
:20888000C90706D5A900304618300B5853F030020A500298032815D1019810EB8402039834
:2088A000916931F02001916114EBC0010948415C11F0080106D0A100304618300B5853F0F7
:2088C00030020A50FEF7E1FA04B0F0BDD8D80400484B0020C84B0020E8D80400684C0020A9
:2088E00010B5C04A11EBC0035B0012F108041C5B1CB143009A5AA24202D1FFF777FF01E001
:20890000FFF78AFF10BD411E01298CBF012002207047F0B588B0B44A079006460F468100A9
:208920008C58B24A3869039089583D780691691004910591FFF7E7FFAD4B029015EBC60125
:208940004A000020D0528B00AA49FA6801932846072DCA50A84B23D801A1D1E800F0C0461C
:2089600005070A0D10131619120213E0A34B520210E0A34B92020DE0A24BD2020AE0A24B42
:20898000120307E0A14B520304E0A14B920301E0A04BD203A16D1940114351F00071A16521
:2089A000A90014F1180202988B5833F00303034353F020038B508B5833F0040050F028034D
:2089C0008B502846072D2CD801A1D1E800F0C04605090D1115191D21397D8F4B09041AE096
:2089E000397D8E4B490416E0397D8D4B890412E0397D8C4BC9040EE0397D8B4B09050AE0CC
:208A0000397D8A4B490506E0397D894B890502E0397D884BC905A26D1A40114351F00071D7
:208A2000A1652946039A079800F063FB069B13EB85024FF6FF73916B19439163E90743D407
:208A4000BA69002A40D01178059B012B1ED30CD0032B01BF0698066E61F35966066609D23D
:208A60000698066E61F3514603E00698066E61F349260666049901290ED312D0032915D337
:208A800022D10699096EC1F3806113E00698036E61F341030366EDE70699096EC1F3800116
:208AA00008E00699096EC1F3802103E00699096EC1F38041012907D10798059B13EB800135
:208AC0005D4B52884900CA52A90014F118007B7D0A5832F0400252EA831252F020020A509C
:208AE000564901980858069E0790FEF7BFF92846072D2FD801A1D1E800F0C046050A0F14CA
:208B0000191E2328F26D079860F3082221E0F26D079860F349221CE0F26D079860F38A22A2
:208B200017E0F26D079860F3CB2212E0F26D079860F30C320DE0F26D079860F34D3208E0DA
:208B4000F26D079860F38E3203E0F26D079860F3CF32F265FEF78DF93949019801220A5065
:208B6000A90014F118028B5833F01003202633438B50344A79681150334A11503A7A2169A1
:208B8000012A02D1AA40114302E00122AA4091430698216110EB85029169B143916108B09C
:208BA000F0BD70B5294D0E460446FFF7EFFD3268A00015F1100142507268425170BD0B4B1A
:208BC0008000C258084BC05840F2FF13436148681368096860F384031360106861F30100F2
:208BE00010607047684C0020E8D80400D8D80400704C0020E84B0020FFFEFFFFFFFDFFFFDE
:208C0000FFFBFFFFFFF7FFFFFFEFFFFFFFDFFFFFFFBFFFFFFF7FFFFFFFFFFEFFFFFFFDFF73
:208C2000FFFFFBFFFFFFF7FFFFFFEFFFFFFFDFFFFFFFBFFFFFFF7FFFB04C0020D04D0020EF
:208C4000504D0020D04C0020504E0020D04E0020000070B51546A44A0E46A64952F82040C4
:208C600040004652FEF71AF9206940054CBF7008701EE16860F30F01E160616F65F30821F7
:208C80006167FEF70EF970BD70B50D4606460968FFF787FF002407E06968304651F8241063
:208CA000FFF737FE0134E4B2287A8442F4D370BDF0B586B016468F4D05934B08029311EBD3
:208CC000C002530015F1080794008B4A0491DE53135903900193FFF703FEFEF7EBF815F1D3
:208CE000E8021759022F66D101201051FEF7E5F8824A17597C4C039A54F82240FEF7B6F86C
:208D00000498072826D801A1D1E800F004080C1014181C20E36D67F308231AE0E36D67F336
:208D2000492316E0E36D67F38A2312E0E36D67F3CB230EE0E36D67F30C330AE0E36D67F385
:208D40004D3306E0E36D67F38E3302E0E36D67F3CF33E365FEF78DF8FEF788F804980728B2
:208D600026D801A1D1E800F004080C1014181C20E26D32F001021AE0E26D32F0020216E041
:208D8000E26D32F0040212E0E26D32F008020EE0E26D32F010020AE0E26D32F0200206E01B
:208DA000E26D32F0400202E0E26D32F08002E265FEF75FF801E0FEF780F80199012902D1B3
:208DC0003246334620E0022903D173089BB21A461AE0019803281ED12C46320003D1039DB6
:208DE0006D002B5B10E003984200145BA64202D13246002308E08200029882185200483581
:208E0000525B1019831B9BB203A870C800962946204600F09DF806B0F0BDF0B582B0064638
:208E20000F46009207AD2D780193354C0795FEF741F817EBC60085006059022875D101207C
:208E40006051FEF73AF828498034655951F82640FEF70CF83846072F26D801A1D1E800F0B2
:208E600004080C1014181C20E16D65F308211AE0E16D65F3492116E0E16D65F38A2112E050
:208E8000E16D65F3CB210EE0E16D65F30C310AE0E16D65F34D3106E0E16D65F38E3102E034
:208EA000E16D65F3CF31E165FDF7E3FFFDF7DEFF3846072F36D801A1D1E800F004080C10EA
:208EC00024282C30E06D30F001002AE0E06D30F0020026E0E06D30F0040022E0E06D30F01D
:208EE00008001EE00EE0C046D8D804000000000000000000684C0020484B0020D04D002000
:208F0000504D0020E06D30F010000AE0E06D30F0200006E0E06D30F0400002E0E06D30F0BE
:208F20008000E065FDF7A5FF01E0FDF7C6FF0099002421B13046019C079AFFF78AFE224611
:208F400039463046079BFFF7B3FE02B0F0BD0000F0B582B00E464F105E49009201930025F8
:208F6000012F51F820400AD30DD0032F04BF206EC0F380650AD2206EC0F3804506E0206EED
:208F8000C0F3800502E0206EC0F38025FDF78CFF14F13800012D57D110EBC70200991068EA
:208FA0006FF30F000843019910607D0014EB8502D06B6FF30F000843D063FDF778FFFDF75F
:208FC00055FFE8B2072827D801A1D1E800F0C04605090D1115191D21E06D30F001001AE024
:208FE000E06D30F0020016E0E06D30F0040012E0E06D30F008000EE0E06D30F010000AE0DF
:20900000E06D30F0200006E0E06D30F0400002E0E06D30F08000E065FDF72BFFFDF726FFE5
:20902000681CC0B2072845D801A1D1E800F0C04605060708090A0B0C1CE01FE022E025E057
:2090400028E02BE02EE031E010EB8602009910686FF30F0008431060FDF729FFFDF706FF09
:209060003046072E26D801A1D1E800F004080C1014181C20E06D30F001001AE0E06D30F097
:20908000020016E0E06D30F0040012E0E06D30F008000EE0E06D30F010000AE0E06D30F03E
:2090A000200006E0E06D30F0400002E0E06D30F08000E065FDF7DDFEFDF7DEFE07AA616FC9
:2090C000127862F308216167FDF7D9FE002002B0F0BD0000D8D80400000011EBC0006D4950
:2090E00051F820007047000000006C494000405A704710B5644C4B08012A54F8204034D364
:2091000003D0032A05D31AD02FE0012B0BD30ED002E0012B07D30AD0032B0CD325D1236E40
:2091200033F0806320E0236E33F004031CE0236E33F4806318E0236E33F4802314E0012B64
:209140000BD30ED0032B02BF236E43F0806323660BD2236E53F4802306E0236E53F004031B
:2091600002E0236E53F48063236611EBC000494941F8202010BD444951F820004FF480225A
:20918000016F11430167016F520011430167016E51F008010166016E51F400610166016E1A
:2091A00011430166016E51F000610166016F51F0010101677047000011EBC000344941F838
:2091C0002020704750B53049304A06468000415880580A6949699205C1F3402116D5A9B14D
:2091E00040F2FF11002441612B4814EBC601405C10F0020307D010F0040004D188002849E4
:20920000405800B180470134082CEDD350BDF0B581B01D49074651F8202000240092009BA5
:2092200013EB840188698969C006C1F3401126D529B3009B13EB84018869174B30F0200075
:20924000886114EBC706985D164DC10703D055F8260000B180470F4951F8260003280ED1AA
:20926000E0070CBF601C601E0B4B995DC0B2090705D510EBC70055F8200000B180470134BE
:20928000082CCCD301B0F0BDD8D80400E8D80400D04D0020484B0020C84B0020684C00202E
:2092A000504E0020D04C002000B50720F0F734FC0020FFF787FFBFF34F8F0720F0F73AFC51
:2092C00000BD00B50620F0F727FC0020FFF79FFFBFF34F8F0620F0F72DFC00BD00B50920D7
:2092E000F0F71AFC0120FFF76DFFBFF34F8F0920F0F720FC00BD00B50820F0F70DFC012087
:20930000FFF785FFBFF34F8F0820F0F713FC00BD10B5DD49DD4A51F82040A058A158C0F309
:20932000C000C1F3800108430DD0FDF73FFDD74AA05830F00800A050A05830F00400C4F8D7
:209340000001FDF736FD10BD70B50C46D049154651F82060FDF736FDCE49706851F82410D1
:20936000012D0CBF084388437060FDF72EFD70BDC74951F82000406980B2704710B5C44BE3
:2093800053F82030002002E00C5C01301C609042FAD310BDBC4951F820000068C0B27047B0
:2093A00010B5B94B53F82030002002E01C68145401308842FAD310BD30B5B549044651F850
:2093C0002050FDF7F9FCB44AA000815851F001018150A960FDF7F3FC30BD30B5AC490446AC
:2093E00051F82050FDF7E8FCAB4AA000815831F001018150A960FDF7E2FC30BD70B5A449A0
:209400000446A54D51F82060FDF7D6FCA400605902221043B06090436051FDF7D0FC70BD2C
:2094200070B59B4904469C4D51F82060FDF7C4FCA400605904221043B06090436051FDF715
:20944000BEFC70BD904951F82000C06F00F001007047F0B582B0064600242046019425465F
:209460006946FBF7E8FB4FF47A712046FBF7F1FB07463046FFF7E6FF08B901240EE030460E
:20948000FFF788FF3046FFF7CBFF01AA69462046FBF7D6FB01982D18BD42EAD9204602B0DE
:2094A000F0BDF0B582B0784900240194254651F8206020466946FBF7BEFB4FF47A71204626
:2094C000FBF7C7FB0746F068400601D4012408E001AA69462046FBF7B3FB01982D18BD42CE
:2094E000F1D9204602B0F0BDF0B581B00F4666490546800044586949002642580B2F00925E
:209500002AD32846FFF7A5FF012825D1FDF730FCE168153767F34D21E160E06850F48070ED
:20952000E060E06850F04000E060FDF724FC2846FFF7B7FF01280FD1FDF71AFC0098007C8E
:2095400002220D2801D310F11502E16862F34D21E160FDF710FC0126304601B0F0BD70B559
:2095600000F03F02530893EAD2051409654095EA5215ED43534093EA92036340DB075E0E9D
:20958000EB0756EA13631A4319B9904202D0FF2000E0104670BD10B53C2A05D07D2A03D054
:2095A000FE2A01D0BF2A00D10022002307E0C45C121992B2FF2A00D9FF3A0133DBB28B4274
:2095C000F5D3D043C0B210BDF0B50F4634490546800044582C494FF484734658387800F0A6
:2095E0003F02F05862F30700F050B868012100B90146264BF25861F30002F250F15831F047
:209600000201C6F80011002850D107E03B69254A10EBC5011B5C0130C0B25354397B884235
:20962000F4D3E069012220B928460021FFF78CFE04E01D4BA800C1581143C150FDF79EFB10
:209640007868002200B13A78E272397B3869FFF7A2FFE072FDF795FB124911EBC5002060F3
:20966000387B013060720020A07209206061012020732846FFF7B1FE002323722846012208
:209680002168FFF77BFE72E0F8D804000001000010D9040028D90400704F0020884F0020E3
:2096A000E84F0020B84F0020A04F0020012856D1E06950B9284601220721FFF745FE28461B
:2096C00000221146FFF740FE07E0D14BA800C15851F0040131F00101C1500020CD4910EB6E
:2096E000C5020023013008288B54F7D36372387B0130A072FDF748FB4FF486737968F0580F
:2097000061F30000F050FDF742FB0A206061012020732846FFF7FCFD2846FFF74DFE28466B
:20972000FFF76CFEFDF736FB4FF482733A7BF058000960F31F12F250FDF72FFBFDF736FB5D
:209740004FF48073F05830F01000F050F05850F00800F050FDF72DFB0023237207E0002070
:209760006072A072284600F0F6FC00212172F0BDF0B581B0A8498600A84A0746755811F1F9
:209780006003F458E968B6580091FFF703FE60690099012904D1032820D1042060611DE0D4
:2097A00002280FD06069092802D060690A2806D105206A69206112B121463846904738468C
:2097C00000F0C9FC012020736069022801D106206061CC22905930F00100905101B0F0BD3D
:2097E00070B58D4A0446800012F160035529C55802D1072068610AE0865804202861204604
:2098000000F0A9FC726912B129462046904770BD70B5814A0546800012F16003C458865821
:2098200008460021FFF79BFE6073FF2806D003202061082060610020207304E00420206191
:20984000284600F088FC726912B121462846904770BDF0B581B0704F0446800017F16001E7
:2098600045586E49C2594658E869009228B9204600220621FFF768FD06E017F11800A10066
:209880000A5832F002020A500098C068012874D12869062871D0687AB8B3E86928B92046D3
:2098A00001220721FFF750FD06E017F11800A1000A5852F004020A50092068612046FFF721
:2098C00027FD2046FFF778FD2046FFF7A9FD2046FFF7B8FD012802D12046FFF7A1FD504BEF
:2098E000687A421EF05862F30300F050687A421ED2B2303717EBC4012046FFF73FFD4FF477
:209900008073F05850F010002CE0A87A80B30A206861E86950B9204600221146FFF714FD28
:20992000204601220721FFF70FFD07E01837A200D15931F0010151F00401D1512046FFF78B
:20994000E7FC2046FFF738FD2046FFF757FD344BA87A421EF05862F30300F050043BF0587B
:2099600030F01000F050F05850F00800F05004E008202861204600F0EEFB01B0F0BD70B550
:20998000284E16F1300151F820400546A07A78B1A07A16EBC502411E2846FFF701FD2846D1
:2099A000FFF7F8FCE07216EBC5006060092003E02069062801D008202061284600F0CBFB84
:2099C00070BD70B5184D044655F8206009E02046FFF7E0FC134B327A12EBC4015854501CB4
:2099E00030722046FFF7C4FCC007F0D4183555F8241011F4005001D00B2004E0052011F4F1
:209A0000805100D007203061204600F0A4FB70BDA04F0020B84F0020884F0020F8D80400CA
:209A200004010000B84F0020E84F0020C04A014652F8211089690020032903D30A2901D8B7
:209A4000BC48405C7047012804D3052802D8BA49405C00E000207047B54A52F820209169CF
:209A60000020032909D30A2905D306D1117A082019B1072001E0B148405C7047AC4A52F8CB
:209A800020108A69092A01D1042007E08A690020052A02D08969042900D10320704770B590
:209AA000A7498200054611F16003D4585658FFF771FC284600F04FFB0A207269206112B156
:209AC00021462846904770BD30B59D4B04460A4613F1600553F8200090331B5D55F82410B6
:209AE0001A400BD101220A610A7B1AB942690AB120469047204600F02EFB01E000200873AC
:209B000030BD70B58E490446800011F1600246588C4985584058CC300068C107204602D5DD
:209B2000FFF738FC15E0696906290CD0FFF732FC204600F010FB0520726928614AB12946B1
:209B40002046904705E0FFF725FC01462046FFF747FE70BDF0B581B0794B05460A46800002
:209B600013F160014458C0580090207A617A0B1ADBB20026012B03D1E17A914200D01E468D
:209B800021680F78BA4201D0012B01D1012E14D1062020612846FFF731FC2846FFF740FCFE
:209BA0002846FFF71AFC284600F0D5FA009A5269B2B121462846904712E0013121600130C4
:209BC000627A2072131ADBB20122012B284605D301D814F10B01FFF7D1FB01E000F0B6F89D
:209BE00001B0F0BD30B5524951F820500446687A002118B12046FFF7CDFB0146686906284E
:209C00000ED0072817D00928687A1FD10028204603D1FFF7BFFB01462046FFF79BFF19E005
:209C20006A7A2046002A03D1FFF7B4FB01462046FFF7D6FD0EE06A7A2046002A03D1FFF795
:209C4000A9FB01462046FFF7E3FD03E010B92046FFF7A0FB30BD364A52F8201009690529B3
:209C600009D30AD007290AD30BD00A2905D00B2901D1FFF7F1BE002004E0FFF7D7BEFFF70E
:209C8000FDBE0720704700B52F4A52F8201001F01802182A02D1FFF76BFD13E011F002030C
:209CA00002D0FFF7FCFE0DE011F09C0202D0FFF728FF07E011F4807102D0FFF76BFB01E07B
:209CC000FFF790FF00BD70B51D4A19490446800086584558F06811F1180201280CD142F65D
:209CE0009E4152F8240008400BD02046FFF752FB05202861686111E052F8240010F43052EF
:209D000003D12046FFF7A5FD0BE004222A6110F4806003D011F1360001210155204600F018
:209D20001AFA726912B129462046904770BDC046E84F002006B3040010B3040013B30400ED
:209D4000884F0020F8D804000050002070B55D49820055586031545806460821216100F0AA
:209D6000FAF96A6912B121463046904770BD70B55549544A04468000455886586B7A2A7A4A
:209D800020469A4204D00721296100F0E4F90BE043F29C02183151F82410114002D1FFF790
:209DA000EEFD01E0FFF70DFE726912B129462046904770BD0000000000000000F0B582B088
:209DC000424A0E460021019181008C58404A8B583C4A404D074600938E50FFF73AFB10B959
:209DE000012101916BE0009B7268586998691868E06880210843E060206862F307002060D5
:209E00006068120AC02362F307006060B2681859000960F31F121A51E0688843E060E06841
:209E2000317C30F00800E060E06850F00300E060E06830F00400E060E06850F40020E060AA
:209E4000206902239843206118460D2901D311F11500E26860F34D22E2603846FFF7BDFA00
:209E6000092138460022FFF76FFA1B4AB800815831F0FF018150F168012908D14FF4807240
:209E8000A0580843A050A05861F34100A050B17C0020012901D1A91DC85515F112010122AA
:209EA000CA55327F0639CA55727FB169EA55064A08730861C86142F8271002224A610198F4
:209EC00002B0F0BD884F0020E84F0020F8D8040010D9040018500020A04F002010B5AE4BBF
:209EE00013F1300454F8204062692469012C18D30ED0032C0AD0042C06D0082C0AD0092CDE
:209F00000AD0FFF7A8FE0FE00C200DE00B200BE0092009E0012007E013EBC00305200B6042
:209F200002E01046FFF78FFD10BDF0B582B09A4F0E46810017F130028C58984A0190885894
:209F4000974A8D5831786173B168009031BB07E03369019A5B5C11EBC2020131C9B2BB54D8
:209F6000327B9142F4D3FCF709FF7168002201B13278E272317B3069FFF70DFBE072FCF76C
:209F800000FF019917EBC1012160317B013161720021A172FCF7F8FE327911E0012918D166
:209FA0000021019A11EBC2020020B85401310829F7D36072317B0131A172FCF7E5FE726859
:209FC0004FF48673E95862F30001E950FCF7DFFE02E000216172A172002020722061012167
:209FE0000198217303216161FFF792F9FCF7D8FE00994FF48876497C4A1EA95962F30201A3
:20A00000A9514FF48476637BA95963F30701A951FCF7C9FEFCF7CAFE4FF48076D5F8001145
:20A0200051F00201A951A95951F00401C5F80011FCF7BFFE02B0F0BD70B50E7B574A00244A
:20A0400012F1600555F8203052F82050012216B1082E00D822465E69012E0CD01B7B012B4D
:20A0600001D102240BE0EB68012B02D1FFF75DFF05E0012A01D1012401E0FFF7A5FA204676
:20A0800070BD30B5434B054613F1480252F82000C06928B9092128460022FFF755F904E031
:20A0A000A800C15831F0FF01C1502846FFF730F902242846FFF7CDF9012800D10024284644
:20A0C00000F049F8204630BDF0B5324E16F1480151F820703C7B0546012C26D07869002484
:20A0E000012822D03C6101207861F86950B9092128462246FFF728F9082128460122FFF77D
:20A1000023F905E0A9008859082262F307008851F86928B9284601222146FFF715F904E033
:20A12000AA00905950F0010090512046F0BD10B5174A52F82030197B0024012908D059691B
:20A14000012905D119733C32115CFFF7CDF900B90124204610BDF0B582B0104F810017F10C
:20A1600060028C580E4A0646CB598D5800940193A968FFF7FDF8B30017F178029850E06962
:20A18000183700BB092130460022FFF7DDF81EE0E84F0020A04F0020B84F0020884F0020A6
:20A1A000F8D80400012861D10098C069002858D1304601220621FFF7C7F83046012200212F
:20A1C000FFF7C2F852E0D95931F0FF01D9513046FFF79EF83046FFF711F93046FFF720F923
:20A1E0003046FFF7FAF80198C0680028DAD15549885D012820D13046FFF72BF901281BD12B
:20A20000E868019B80210843E86028685A6862F3070028606868120A62F3070068609A68D6
:20A22000C0235859000960F31F125A51E868454B8843E860002098554FF48071685830F03E
:20A2400001006850D5F8CC0050F00100C5F8CC000098C0690028B0D0B200D05950F001005D
:20A2600003E0B200D05950F00300D051009948698861022048610020087302B0F0BD30B5DF
:20A2800031490446800045581831405880050ED5082120460022FFF757F86869012806D1CD
:20A2A0002046FFF777F801462046FFF70DFC30BD264A52F82010C90701D5FFF7E4BC70475D
:20A2C000224A52F82010490401D5FFF7FCBC70471E4A52F82010090401D5FFF748BD704799
:20A2E000F0B581B01A4A81008D581A4A174E8B5804460093FFF73CF8AF6846F824006868C2
:20A3000007F00F07400502D52046FFF7B8FF6868C00702D52046FFF7CBFF6868C00502D501
:20A320002046FFF7CDFF6868800502D52046FFF7CFFF072F01D10098C06F002046F824004E
:20A3400001B0F0BD1E500020E84F002000500020F8D8040010D9040000B50520EFF7DCFBF2
:20A360000320FFF7BDFFBFF34F8F0520EFF7E2FB00BD0000000010B50A4B0B4C1868206062
:20A380000068016841B1022901D0012904D100F00DF808B10020206010BD034908680068C0
:20A3A00000F016B868D304005050002000B5026801465AB10220012A00D1104611EB80007F
:20A3C000C068406800F050F8C0B200E0012000BD8168406800F09DB80021084605E01E4AB3
:20A3E000914201D9022004E0491C1C4B1A68D201F5D5704770B5194D437A2C6802460020C4
:20A400000C601BB1D5681669B54201D215690DB901201FE0124D2C401568AD0754EA9554F7
:20A42000DB0754EA936493881D0AED0754EA1574DB0754EA5374D388127ADD0754EA95740F
:20A44000D20754EAD2641A0AD20754EA5264054A22430A6070BD00BF999901000820054014
:20A4600081FCF8FF0100040030B581B0DFF824100446086810F0400F08BF012047D0DFF863
:20A48000185069462046FFF7B5FF00283FD1FCF741FD03E0082005400020054007B429484B
:20A4A00029492A4A0160026007BC2069E860FCF734FDFFF791FF002822D1617A00290ED0B8
:20A4C000FCF728FD07B41F481F49204A0160026007BCE0682861FCF720FDFFF77DFF00286F
:20A4E0000ED1FCF717FD07B416481749174A0160026007BC0098A860FCF70FFDFFF76CFF16
:20A50000227A002A18BF6269DFF818100A6001B030BD10B50C46002818BF8047FCF7FAFC06
:20A5200002E000BF5450002007B406480849094A0160026007BCFCF7F0FC002C18BFA047BA
:20A5400010BD000014200540C4A1D9B00F3B1E1AD6B1C4A07B0C0D1E30B50446DFF804504E
:20A5600002E000BF0000024007B40B484FF080010160026800BF00BF00BF00BF00BF00BFE5
:20A5800000BF00BF07BC02E0002C18BFA047286810F0800FF8D030BD000002400006070883
:20A5A0000000000000000001000000000100010001010001001D3A2774694E53E8F5D2CF1B
:20A5C0009C81A6BBCDD0F7EAB9A4839E25381F02514C6B76879ABDA0F3EEC9D46F7255488B
:20A5E0001B06213C4A57706D3E230419A2BF9885D6CBECF1130E2934677A5D40FBE6C1DC6B
:20A600008F92B5A8DEC3E4F9AAB7908D362B0C11425F78659489AEB3E0FDDAC77C61465B4A
:20A620000815322F5944637E2D30170AB1AC8B96C5D8FFE2263B1C01524F6875CED3F4E92A
:20A64000BAA7809DEBF6D1CC9F82A5B8031E3924776A4D50A1BC9B86D5C8EFF24954736E0A
:20A660003D20071A6C71564B1805223F8499BEA3F0EDCAD735280F12415C7B66DDC0E7FAEA
:20A68000A9B4938EF8E5C2DF8C91B6AB100D2A3764795E43B2AF8895C6DBFCE15A47607DCA
:20A6A0002E3314097F6245580B16312C978AADB0E3FED9C400002110422063308440A55045
:20A6C000C660E770088129914AA16BB18CC1ADD1CEE1EFF13112100273325222B55294420E
:20A6E000F772D662399318837BB35AA3BDD39CC3FFF3DEE36224433420040114E664C774CA
:20A70000A44485546AA54BB528850995EEE5CFF5ACC58DD55336722611163006D776F6668D
:20A720009556B4465BB77AA719973887DFF7FEE79DD7BCC7C448E5588668A77840086118C9
:20A7400002282338CCC9EDD98EE9AFF9488969990AA92BB9F55AD44AB77A966A711A500A0D
:20A76000333A122AFDDBDCCBBFFB9EEB799B588B3BBB1AABA66C877CE44CC55C222C033CC9
:20A78000600C411CAEED8FFDECCDCDDD2AAD0BBD688D499D977EB66ED55EF44E133E322E8D
:20A7A000511E700E9FFFBEEFDDDFFCCF1BBF3AAF599F788F8891A981CAB1EBA10CD12DC103
:20A7C0004EF16FE18010A100C230E3200450254046706760B9839893FBA3DAB33DC31CD30D
:20A7E0007FE35EF3B1029012F322D2323542145277625672EAB5CBA5A89589856EF54FE5C9
:20A800002CD50DC5E234C324A01481046674476424540544DBA7FAB79987B8975FE77EF78C
:20A820001DC73CD7D326F2369106B01657667676154634564CD96DC90EF92FE9C899E989C8
:20A840008AB9ABA94458654806782768C018E1088238A3287DCB5CDB3FEB1EFBF98BD89B0C
:20A86000BBAB9ABB754A545A376A167AF10AD01AB32A923A2EFD0FED6CDD4DCDAABD8BADC8
:20A88000E89DC98D267C076C645C454CA23C832CE01CC10C1FEF3EFF5DCF7CDF9BAFBABF8C
:20A8A000D98FF89F176E367E554E745E932EB23ED10EF01E2E3135393D412C2F33373B3FC3
:20A8C0002D3034383C400032363A3E421614151917180E0F101112137600000000000000B1
:20A8E000000000000000000000000000070000000000000000000000000000000000000051
:20A9000008000000000000000000000000000000000000000200000000000000000000002D
:20A92000000000000000000003000000000000000000000000000000000000000000000014
:20A940000000000000000000000000000000000000000000000000000000000000000000F7
:20A960000000000000000000000000000000000000000000000000000000000000000000D7
:20A980000000000000000000000000000000000000000000000000000000000000000000B7
:20A9A000000000000000000000000000000000000000000043451A1C1E20221B1D1F2123DE
:20A9C000242526090A0B0C0D474644480827280405494A00000000000000000000000000C5
:20A9E000000000000103000101030001010300010001010300010103000101030001010334
:20AA0000000101030001010300010103000100010001000101030001030301010000000016
:20AA200001020000FEA904000200000000AA04000202000002AA04000200000004AA040050
:20AA40000302000006AA04000200000008AA0400010200000AAA0400020000000CAA04000E
:20AA6000004401001BAA0400104401001BAA0400011002100101000019AA040002000000BC
:20AA800010AA04006D17040071170400AAF108000200000012AA040075170400A117040033
:20AAA000ABF108000200000012AA0400E3170400111804008CF104000200000012AA0400C2
:20AAC0005318040081180400060200000200000014AA04000200000016AA040001000000D7
:20AAE0001AAA0400E11804000000000010030200E4A9040002000000E6A9040083A7030029
:20AB00000000000011030200E8A9040002000000EAA904007DA803000000000022030200A2
:20AB2000ECA9040002000000EEA9040025A90300000000002703010018AA0400020000001B
:20AB4000F0A90400E3AA0300000000002E030200F2A9040002000000F4A9040047AA03005F
:20AB600093AC030031030200F6A9040002000000F8A9040079AB0300D1AC03003E03020029
:20AB8000FAA9040002000000FCA9040023AC03000000000000000000000000000000000091
:20ABA000000000000000000000000000000000000000000000000000000000000000000095
:20ABC0000000000000000000000000000000000000000000000000000000000051430200DF
:20ABE0000EAA040065170400594302000EAA0400C51604005B4302000EAA0400D916040091
:20AC00005C4302000EAA0400ED1604005D4302000EAA0400011704005E4302000EAA0400F7
:20AC2000151704005F4302000EAA0400291704007C4302000EAA04003D170400CF43020057
:20AC40000EAA040051170400D24302000EAA040055170400DA4302000EAA0400591704003A
:20AC600007B102000EAA04005D17040008B102000EAA040061170400B5D002000EAA0400B0
:20AC80008515040020F102000EAA04008915040021F102000EAA04009D15040025F1020007
:20ACA0000EAA0400B11504002AF102000EAA0400C51504002BF102000EAA0400D91504008B
:20ACC0002EF102000EAA0400ED15040086F102000EAA0400011604008AF102000EAA040008
:20ACE000151604008CF102000EAA04002B160400A0F102000EAA04003F160400A1F1020069
:20AD00000EAA040055160400A5F102000EAA040059160400AAF102000EAA04006F1604005F
:20AD2000ABF102000EAA04009B160400AEF102000EAA0400AF16040000D902000EAA040047
:20AD400069170400000000000000000000000000000000000000000000000000000000006F
:20AD60000000010000000000010000000100010001000100000503000201000200050302B6
:20AD800000010002040000009CAD040000E000000020000000000100002000000001040039
:20ADA000000000020004000000037000000000047000000006080105010203010107000083
:20ADC00000000000000000000100000000010100010000000000000000000000000000006F
:20ADE00001000000A00F000002000000E1DB030002000000E3DB030000000000020000001D
:20AE0000E5DB0300C0AD04000000050000000000B8AE0400C8AD040005000000B8AE0400A7
:20AE2000E4AD04000000E803CC002A00CC000000E803FF007E00FF00000AE8038403AA0043
:20AE40002A00AA000000E803CC002B00CC000000E803FF007E00FF00000AE8038403AA00E3
:20AE60002B00AA0005000000020000000100881332000000CCAD040024AE040038AE0400EB
:20AE800005000000020000000100881332000000CCAD040044AE040058AE04000000000060
:20AEA00000000000FB490400000000002F4A0400534A0400B749040001000000C10700005F
:20AEC0000B000000D0AD0400AA09002001000000030700000B000000D4AD0400B30900209C
:20AEE00001000000C40700000B000000D8AD0400BA090020000000003C08000006000000C5
:20AF0000DCAD040000000000000000007D08000009000000E0AD040000000000FFEFFFDFB9
:20AF2000FFBFFF7FFFEFFFDFFFBFFF7F00010203BFBA0300C1BA03005BBB030051BC0300A4
:20AF4000F3BB0300BDBB0300D1BB0300D7BB03000001020304050708090102030405060065
:20AF60000102030405000000DDF803003FF9030023F70300FFF70300D5FE030000000000C3
:20AF80000000000000000000000000000000000000000000DDF803003FF9030093FA03000E
:20AFA0000000000000000000C7FA030025FB0300CBFB0300000000000000000000000000E1
:20AFC0000000000000000000000000000000000000000000DDF803003FF9030093FA0300CE
:20AFE000270104000000000000000000020000003C000000020000000100020002000303DA
:20B0000000000000CC1E002000000000000000000000000000000000000000000000000026
:20B020000100000038000000020000000200FE030100030300000000CE1E002000000000BF
:20B040000000000000000000000000000000000000000000010000003800000002000000B5
:20B0600003006E000100030300000000CE2200200000000000000000000000000000000048
:20B08000000000000000000001000000380000000200000004006E000100030300000000FC
:20B0A00032230020000000000000000000000000000000000000000001020300FDF3030022
:20B0C000CDF50300000000000000000000000000BDF6030061F4030037F60300000000006D
:20B0E00000000000000000000BF70300CDF40300CDF40300000000000000000000000000C3
:20B10000CDF40300CFF40300CFF40300000000000000000000000000CFF40300E7F403003B
:20B12000E7F40300000000000000000000000000E7F4030053F5030053F5030000000000BD
:20B14000000000000000000053F50300EE8107003E8207008E820700DE8207002E83070031
:20B160007E830700CE8307001E8407000282070052820700A2820700F282070042830700EE
:20B1800092830700E2830700328407006E840700BE8407000E8507005E850700AE8507006A
:20B1A000FE8507004E8607009E86070082840700D28407002285070072850700C28507009B
:20B1C0001286070062860700B28607006E676953676F7250353139303735660834256020F7
:20B1E00020416608342562202041FFFFFFFFFFFFFFFF206608342562202041000000000082
:20B20000000000000000000078B2040008000000000000000C00040000000E0101010000D7
:20B22000010000009CB20400010000000101010108000000000000000C00060000000E018D
:20B2400001010000010000009CB20400010000000101010108000000000000000C0004007C
:20B2600000000E0101010000010000009CB204000100000001010101B4B20400A8B204009D
:20B2800000000000CCB20400ACB2040000000000E4B20400B0B204000000000050524F4693
:20B2A000494C455F30310000410418009E001800000018001000000000000000FCB2040007
:20B2C0000CB204000100000000B304001000000000000000FCB2040030B20400010000004B
:20B2E00000B304001000000000000000FCB2040054B204000100000000B304004532450057
:20B30000312E302E30000100020303030C0C0C04070A090202020303030C0C0C04FFFFFFBE
:20B3200000000000000000000200000000000000000000000000000000000000FF0000000C
:20B3400000000000BCB3040008000000613304000000000000000000FF00000000000000DB
:20B36000000000000200000000000000000000000000000000000000FF00000000000000CC
:20B380001CB4040001000000613304000000000000000000FF00000001000000000100013E
:20B3A000000000000100000000010001000000000100000000010001000000000000000087
:20B3C0000000000000000000010000000300000000000000020000000D000000000000005A
:20B3E000030000000E00000000000000040000000800000000000000050000000900000022
:20B4000000000000060000000A00000000000000070000000B00000000000000000000000A
:20B4200007000000000000002CB404003CB4040044B404000300000000000000ECB404008A
:20B4400004B50400000000000000000000000000000000000000000000000000000000002F
:20B4600005870300E02C002000000000010006001CB5040098B3040048D1040001000000C8
:20B4800000000000000000000000000000000000000000000000000015870300E02C0020E1
:20B4A000000000000100020034B50400A4B3040050D1040002000100000000000000000019
:20B4C0000000000000000000000000000000000025870300E02C002000000000010001008F
:20B4E0003CB50400B0B3040058D104000200080000FF0000000000000000000020B30400E3
:20B5000060D104000100010000FF000000000000000000005CB3040080D104000E0000007F
:20B520000B000000090000000A000000080000000D000000030000000000000007000000CE
:20B5400044B504004CB5040034B8040050B5040000000000000000000000000038B80400FC
:20B560000000000090B50400FFFF0300FFFF0300FFFF0300FFFF0300CFFB0100FFFF0300B2
:20B58000FFFF0300FFFF0300FFFF0300CFFB01000000000000000000A0B5040020B80400A8
:20B5A000010000000100000001000000010000000100000001000000010000000100000083
:20B5C000010000000100000001000000010000000100000001000000010000000100000063
:20B5E000010000000100000001000000010000000100000001000000010000000100000043
:20B60000010000000100000001000000010000000100000001000000010000000100000022
:20B62000010000000100000001000000010000000100000001000000010000000100000002
:20B640000100000001000000010000000100000001000000010000000100000001000000E2
:20B660000100000001000000010000000100000001000000010000000100000001000000C2
:20B680000100000001000000010000000100000001000000010000000100000001000000A2
:20B6A000010000000100000001000000010000000100000001000000010000000100000082
:20B6C000010000000100000001000000010000000100000001000000010000000100000062
:20B6E000010000000100000001000000010000000100000001000000010000000100000042
:20B70000010000000100000001000000010000000100000001000000010000000100000021
:20B72000010000000100000001000000010000000100000001000000010000000100000001
:20B740000100000001000000010000000100000001000000010000000100000001000000E1
:20B760000100000001000000010000000100000001000000010000000100000001000000C1
:20B780000100000001000000010000000100000001000000010000000100000001000000A1
:20B7A000010000000100000001000000010000000100000001000000010000000100000081
:20B7C000010000000100000001000000010000000100000001000000010000000100000061
:20B7E000010000000100000001000000010000000100000001000000010000000100000041
:20B80000010000000100000001000000010000000100000001000000010000000100000020
:20B82000010000000100000001000000010000000100000044B8040000000000DC07002000
:20B840002216002000000000DD250400DF25040000000000F0FFFFFF000000000000000095
:20B8600000000000000000000000000048B8040074B804002BBD03002DBD030000000000BC
:20B8800000000100000400000001000010000000040000009CB8040060B80400ACB80400B2
:20B8A000C0B80400D4B80400E8B804000020000010000000FF9F0100000000010101000006
:20B8C0000020000010000000FFBF010000A00101010100000020000010000000FFDF0100C6
:20B8E00000C00101010100000020000010000000FFFF010000E0010101010000020000006F
:20B9000000000000000000000200000000000000000000000000000034D1040020B904003F
:20B920000100000034B9040001000000FCB8040050B9040000000000E12504000000000045
:20B94000D0126341FFFFFFFF0000000008B90400000000000000000002000000DCD10400ED
:20B960000000000000000000000000000200000010D20400000000000000000080B90400A2
:20B980000100000094B904000100000068B904000000000002000000010000000008000024
:20B9A0000000000054B90400CD000000B0B904000000000000000000213C040001000000DA
:20B9C00000000000213C04000200000000000000213C04000300000000000000213C04003F
:20B9E0000400000000000000213C04000500000000000000213C0400060000000000000076
:20BA0000213C04000700000000000000213C04000800000000000000213C040009000000EB
:20BA200000000000213C04000A00000000000000213C04000B00000000000000213C0400CE
:20BA40000C00000000000000213C04000D00000000000000213C04000E00000000000000FD
:20BA6000213C04000F00000000000000213C04001000000000000000213C04001100000073
:20BA800000000000213C04001200000000000000213C04001300000000000000213C04005E
:20BAA0001400000000000000213C04001500000000000000213C0400160000000000000085
:20BAC000213C04001700000000000000213C04001800000000000000213C040019000000FB
:20BAE00000000000213C04001A00000000000000213C04001B00000000000000213C0400EE
:20BB00001C00000000000000213C04001D00000000000000213C04001E000000000000000C
:20BB2000213C04001F00000000000000213C04002000000000000000213C04002100000082
:20BB400000000000213C04002200000000000000213C04002300000000000000213C04007D
:20BB60002400000000000000213C04002500000000000000213C0400260000000000000094
:20BB8000213C04002700000000000000213C04002800000000000000213C0400290000000A
:20BBA00000000000213C04002A00000000000000213C04002B00000000000000213C04000D
:20BBC0002C00000000000000213C04002D00000000000000213C04002E000000000000001C
:20BBE000213C04002F00000000000000213C04003000000000000000213C04003100000092
:20BC000000000000213C04003200000000000000213C04003300000000000000213C04009C
:20BC2000340000000100000059A304003500000000000000213C0400360000000000000003
:20BC4000213C04003700000000000000213C04003800000000000000213C04003900000019
:20BC600000000000213C04003A00000000000000213C04003B00000000000000213C04002C
:20BC80003C00000000000000213C04003D00000000000000213C04003E000000000000002B
:20BCA000213C04003F00000000000000213C04004000000000000000213C040041000000A1
:20BCC00000000000213C04004200000000000000213C04004300000000000000213C0400BC
:20BCE0004400000000000000213C04004500000000000000213C04004600000000000000B3
:20BD0000213C04004700000000000000213C04004800000000000000213C04004900000028
:20BD200000000000213C04004A00000000000000213C04004B00000000000000213C04004B
:20BD40004C00000000000000213C04004D00000000000000213C04004E000000000000003A
:20BD6000213C04004F00000000000000213C04005000000000000000213C040051000000B0
:20BD800000000000213C04005200000000000000213C04005300000000000000213C0400DB
:20BDA0005400000000000000213C04005500000000000000213C04005600000000000000C2
:20BDC000213C04005700000000000000213C04005800000000000000213C04005900000038
:20BDE00000000000213C04005A00000000000000213C04005B00000000000000213C04006B
:20BE00005C00000000000000213C04005D00000000000000213C04005E0000000000000049
:20BE2000213C04005F00000000000000213C04006000000000000000213C040061000000BF
:20BE400000000000213C04006200000000000000213C04006300000000000000213C0400FA
:20BE60006400000000000000213C04006500000000000000213C04006600000000000000D1
:20BE8000213C04006700000000000000213C04006800000000000000213C04006900000047
:20BEA00000000000213C04006A00000000000000213C04006B00000000000000213C04008A
:20BEC0006C00000000000000213C04006D00000000000000213C04006E0000000000000059
:20BEE000213C04006F00000000000000213C04007000000000000000213C040071000000CF
:20BF000000000000213C04007200000000000000213C04007300000000000000213C040019
:20BF20007400000000000000213C04007500000000000000213C04007600000000000000E0
:20BF4000213C04007700000000000000213C04007800000000000000213C04007900000056
:20BF600000000000213C04007A00000000000000213C04007B00000000000000213C0400A9
:20BF80007C00000000000000213C04007D00000000000000213C04007E0000000000000068
:20BFA000213C04007F00000000000000213C04008000000000000000213C040081000000DE
:20BFC00000000000213C04008200000000000000213C04008300000000000000213C040039
:20BFE0008400000000000000213C04008500000000000000213C04008600000000000000F0
:20C00000213C04008700000000000000213C04008800000000000000213C04008900000065
:20C0200000000000213C04008A00000000000000213C04008B00000000000000213C0400C8
:20C040008C00000000000000213C04008D00000000000000213C04008E0000000000000077
:20C06000213C04008F00000000000000213C04009000000000000000213C040091000000ED
:20C0800000000000213C04009200000000000000213C04009300000000000000213C040058
:20C0A0009400000000000000213C04009500000000000000213C04009600000000000000FF
:20C0C000213C04009700000000000000213C04009800000000000000213C04009900000075
:20C0E00000000000213C04009A00000001000000C39204009B00000000000000213C0400EF
:20C100009C00000001000000A99204009D00000000000000213C04009E00000001000000A6
:20C12000F79204009F00000000000000213C0400A000000001000000DD920400A1000000BD
:20C1400000000000213C0400A200000001000000F9860400A300000000000000213C040054
:20C16000A400000000000000213C0400A500000000000000213C0400A6000000000000000E
:20C18000213C0400A700000000000000213C0400A800000000000000213C0400A900000084
:20C1A00000000000213C0400AA00000000000000213C0400AB00000000000000213C040007
:20C1C000AC00000000000000213C0400AD00000000000000213C0400AE0000000000000096
:20C1E000213C0400AF00000000000000213C0400B000000000000000213C0400B10000000C
:20C2000000000000213C0400B200000000000000213C0400B300000000000000213C040096
:20C22000B400000000000000213C0400B500000000000000213C0400B6000000000000001D
:20C24000213C0400B700000000000000213C0400B800000000000000213C0400B900000093
:20C2600000000000213C0400BA00000000000000213C0400BB00000000000000213C040026
:20C28000BC00000000000000213C0400BD00000000000000213C0400BE00000000000000A5
:20C2A000213C0400BF00000000000000213C0400C000000000000000213C0400C10000001B
:20C2C00000000000213C0400C200000000000000213C0400C300000000000000213C0400B6
:20C2E000C400000000000000213C0400C500000000000000213C0400C6000000000000002D
:20C30000213C0400C700000000000000213C0400C8000000010000002D3B0400C900000096
:20C3200001000000473B0400CA00000000000000213C0400CB00000000000000213C04001F
:20C34000CC00000000000000213C04000301000040000000000000001CD3040060C3040052
:20C360000000000068C3040000000000010000004CC304000CD1040024D10400ACCF040021
:20C38000A8C6040048CF0400A0CF04002CC5040094C304000000000001000000010000004B
:20C3A000ACC30400B4C3040074C3040000000000000000000000000084C304000050064073
:20C3C00001002089045006400000008F085006400000008F0C5006400000008F1050064086
:20C3E0000000008F145006400000008F185006400000008F1C5006400000008F2050064041
:20C400000000008F245006400000008F285006400000008F2C5006400000008F30500640E0
:20C420000000008F345006400000008F385006400000008F4C5006400000008F5050064060
:20C440000000008F545006400000008F585006400000008F5C5006400000008F60500640E0
:20C460000000008F645006400000008F685006400000008F6C5006400000008F7050064080
:20C480000000008F745006400000008F785006400000008F7C5006400000008F8850064018
:20C4A0000000008F8C5006400000008F90500640000020899450064000002089985006406C
:20C4C000000020899C50064000002089A050064031072089A850064000002089AC50064098
:20C4E00000002089B05006400000008FB45006400000008FB85006400000008FBC500640B6
:20C500000000008FC05006400000008FC450064000002089C850064000002089CC5006403B
:20C5200001002089D0500640000020891700000034C5040013000000050000000000000016
:20C540000100000014000000050000000000000001000000160000000500000000000000A5
:20C56000010000002C0000000400000000000000010000002D000000040000000000000058
:20C58000010000002E0000000400000000000000010000002F000000040000000000000034
:20C5A000010000003000000004000000000000000100000034000000080000000000000009
:20C5C0000100000003000000040000000B0000000100000004000000040000000B00000034
:20C5E0000100000022000000040000000000000001000000230000000400000000000000EC
:20C60000010000001A0000000500000000000000010000001C0000000500000000000000D8
:20C620000100000028000000040000000200000001000000080000000500000000000000BD
:20C640000100000002000000050000000000000001000000090000000500000000000000C3
:20C66000010000000A00000005000000000000000100000005000000040000000B00000095
:20C68000010000002A0000000800000000000000010000002B000000080000000000000033
:20C6A00001000000A8B904000000000000000000000000000700000000000000000000000D
:20C6C000000000000100000000000000000000000000000006000000000000000100000052
:20C6E000000000000100000000000000000000000000000002000000000000000100000036
:20C70000010000000100000000000000000000000000000000000000000000000000000017
:20C7200000000000010000000000000000000000000000000D0000000000000002000000E9
:20C7400001000000010000000000000000000000000000000C0000000000000002000000C9
:20C7600001000000010000000000000000000000000000000B0000000000000005000000A7
:20C7800001000000010000000000000000000000000000000A000000000000000500000088
:20C7A000000000000100000000000000000000000100000004000000000000000100000072
:20C7C000010000000100000000000000010000000100000002000000000000000100000052
:20C7E000010000000100000000000000000000000100000000000000000000000100000035
:20C80000000000000100000000000000000000000100000011000000000000000100000004
:20C8200000000000010000000000000000000000010000000C0000000000000000000000EA
:20C8400000000000010000000000000000000000010000000B0000000000000001000000CA
:20C860000100000001000000000000000000000001000000090000000000000001000000AB
:20C8800001000000010000000000000000000000010000000800000000000000010000008C
:20C8A000010000000100000000000000000000000200000003000000000000000000000071
:20C8C000000000000100000000000000000000000200000002000000000000000000000053
:20C8E000000000000100000000000000000000000200000001000000000000000000000034
:20C90000000000000100000000000000000000000200000000000000000000000000000014
:20C920000000000001000000000000000000000002000000100000000000000000000000E4
:20C9400000000000010000000000000000000000020000000F0000000000000000000000C5
:20C960000000000001000000000000000000000002000000080000000000000001000000AB
:20C9800000000000010000000000000000000000020000000700000000000000020000008B
:20C9A00001000000010000000000000000000000020000000600000000000000020000006B
:20C9C00000000000010000000000000000000000030000001000000000000000060000003D
:20C9E00000000000010000000000000000000000030000000F000000000000000100000023
:20CA000001000000010000000000000001000000030000000D0000000000000005000000FE
:20CA200001000000010000000000000000000000030000000B0000000000000005000000E1
:20CA400001000000010000000000000000000000030000000A0000000000000005000000C2
:20CA60000000000001000000000000000000000003000000020000000000000001000000AF
:20CA800001000000010000000000000001000000040000001000000000000000010000007E
:20CAA00001000000010000000000000001000000040000000F00000000000000010000005F
:20CAC00001000000010000000000000000000000040000000300000000000000010000004C
:20CAE00001000000010000000000000001000000040000000C000000000000000100000022
:20CB0000010000000100000000000000000000000400000008000000000000000200000005
:20CB20000100000001000000000000000000000004000000070000000000000001000000E7
:20CB40000100000001000000000000000000000004000000010000000000000004000000CA
:20CB60000100000001000000000000000000000004000000000000000000000004000000AB
:20CB80000000000001000000000000000000000027002F00A4CB040004CC040014CC040013
:20CBA000B0C604000100030004000500080009000E000F0010001100210023002500260010
:20CBC00027002A002D002E002F0030004400450049004A004B004C004D004E00510060004B
:20CBE000610063006400650066006700680069006C006E0071008200860089008B008D0016
:20CC00008E00000000000000000000000100000000000000900001000100000001010100F0
:20CC20008F00000001000000010101008300010001000000010101008C000000010000004C
:20CC4000010101007000000000000000000001006F00010001000000010101006D0000007F
:20CC600001000000000001006B0001000100000000000100880000000100000000000100BA
:20CC80002400010001000000010101004300000000000000000001004200000000000000E5
:20CCA000000001006A00000000000000000001004100000000000000000001004000000086
:20CCC00000000000000001005000000000000000000001004F0000000000000000000100B2
:20CCE0004800000000000000010101002200000001000000010101002000000000000000A3
:20CD0000010101000700000000000000000001000600000000000000010101008700000078
:20CD200001000000010101003100000000000000010101002C00000000000000000001008E
:20CD40006200010001000000010101000200000001000000010101002B000000010000003A
:20CD6000010101002900000001000000010101002800000001000000010101000000000057
:20CD8000000000000000010047000000010000000000010046000000000000000000010002
:20CDA0000D00010001000000000001000C00000001000000000001000B0000000100000049
:20CDC000000001000A00000000000000000001008100010001000000000001008000000043
:20CDE0000000000000000100ECCD040027000000FCCD040098CE040090CB040001000000B7
:20CE000001000000010000000100000001000000010000000100000001000000010000000A
:20CE20000100000001000000010000000100000001000000010000000100000001000000EA
:20CE40000100000001000000010000000100000001000000010000000100000001000000CA
:20CE60000100000001000000010000000100000001000000010000000100000001000000AA
:20CE800001000000010000000100000001000000010000000100000001000000000000008B
:20CEA0000200000000000000B8D20400010000000200000000000000C4D204000000000045
:20CEC0000200000000100000000000002CD204000100000002000000102700000000000004
:20CEE00080D20400010000000200000000400000000000009CD20400FCCE04000300000056
:20CF00000CCF0400020000009CCE04000000000000000000BCCE0400010000000000000033
:20CF20000100000000000000D0CE040001000000000000000200000000000000E4CE040095
:20CF40000100000000000000030000000068890900000000010000000300000000010000CE
:20CF60000000000001000000010000000000000000000000010000000000000001000000AD
:20CF8000030000005000000001000000000000000068890900010000000000000000000042
:20CFA00002000000000000000000000000000000000000000000000000000000000000006F
:20CFC00000000000000000000000000000000000010000000100000000000000000000004F
:20CFE000030000000000000003010000A000000000000000000000001441002004D004003D
:20D0000010D004000300000000000000E8CF0400030000000100000000000000E0CF0400B7
:20D0200024D0040001000100010001000000000044D004004CD0040054D00400FCCF0400C5
:20D0400000D004005CD0040078D0040094D00400B8D00400DCD00400F0D004000100000017
:20D060001800000001000000280000003441002000000000E83F002001000000180000007A
:20D0800001000000280000003C41002000000000EC3F00200100000004D10400ED20040094
:20D0A000E520040000000000000000003C40002000000000FCCF04000100000005D1040021
:20D0C000FD200400F520040000000000000000004840002000000000FCCF0400010000009E
:20D0E0000000000006D10400E325040000000000010000000000000008D10400000000006B
:20D1000000000000000100000100000000000000000000000000000000000000000000000D
:20D120000000000000000000000000000000000000000000000100000300000000000000EB
:20D140008B4704000000000001010000A0D1040001010000ACD1040001010000B8D1040070
:20D160000000000001000000010000000100000000000000FFFF00000000000000000000AE
:20D180000000000001000000010000000100000000000000FFFF000000000000000000008E
:20D1A0000000000001000100C4D104000000000001000100CCD1040000000000010001002F
:20D1C000D4D10400000000000A000100000000000A000100000000000A0001000000000085
:20D1E0000800000002000000000000000200000000000000010000000000000019480400BD
:20D2000053480400000000000000000000000000010000001CD20400DCD10400FFFF0000CD
:20D220000100000002000000000000000601000000000000010000000000000001000000E2
:20D240000000000000000000070100000000000001000000000000000100000000000000C4
:20D260000000000000010000000000000100000000000000010000000000000000000000AB
:20D2800007010000000000000100000000000000010000000000000000000000060100007D
:20D2A000000000000100000000000000010000000000000000000000D0D20400ECD2040004
:20D2C00002000000F4D2040010D30400030000000200000002000000310000000000000063
:20D2E0000100000001000001000000002CD2040048D2040002000000000000001F4E00009C
:20D300000000000001000000010000010000000064D2040080D204009CD204000300000005
:20D32000080200000D000000000000000D010000994B0400305000200B010000006889093A
:20D340000200000000000000000000000000000058D3040060D304000000000070D304001E
:20D360000000000088D304006CD3040040D3040000000000000000010000000000000000F3
:20D3800000E20400000000000000000000000001000000000000000000190000000000008D
:20D3A000003007400030074000000F000000000F00000F0F80800080808080008080000043
:20D3C000000000000400000001000000050000000200000006000000050000000100000035
:20D3E0000600000007000000070000000000000009000000080000000A00000002000000FC
:20D400000B000000090000000C0000000A0000000D0000000B0000000F0000000C000000AF
:20D42000550000000E000000FF000000030000000000000000000000010000000100000085
:20D440000200000002000000040000000400000005000000050000000600000006000000AA
:20D460000700000007000000080000000800000009000000090000000A0000000A00000068
:20D480000B0000000B0000000C0000000C0000000D0000000D0000000E0000000E00000028
:20D4A0000F0000000F0000001000000010000000000000000000000001000000010000002C
:20D4C00002000000020000000400000004000000050000000500000006000000060000002A
:20D4E0000700000007000000080000000800000009000000090000000A0000000A000000E8
:20D500000B0000000B0000000C0000000C0000000D0000000D0000000E0000000E000000A7
:20D520000F0000000F0000001000000010000000D8D6040001000000DCD60400050000003F
:20D54000F0D604000600000008D704000600000008D704000600000008D704000600000040
:20D5600008D704000600000020D704000600000020D704000600000038D7040006000000A7
:20D5800038D704000600000050D704000400000050D704000400000050D7040004000000E5
:20D5A00050D704000400000050D704000400000050D704000400000050D7040004000000AF
:20D5C00050D704000400000060D704000600000060D704000600000060D704000600000059
:20D5E00060D704000600000060D704000600000060D704000600000078D70400060000000F
:20D6000078D704000600000078D704000600000078D704000600000090D70400060000008E
:20D6200090D7040006000000A8D7040006000000A8D7040006000000000000000000000067
:20D64000C0D7040005000000C0D7040005000000D4D7040001000000D8D704000100000026
:20D66000DCD7040001000000E0D7040001000000E4D7040005000000000000000000000072
:20D68000F8D7040001000000FCD704000100000000D804000500000000D80400050000001C
:20D6A00000D804000500000000D804000500000000D804000500000014D8040001000000D6
:20D6C00018D80400010000001CD804000100000020D804000100000000000000000000005F
:20D6E00001000000020000000300000004000000000000000100000002000000030000001A
:20D700000400000005000000000000000100000002000000030000000400000005000000F1
:20D720000000000001000000020000000300000004000000050000000000000001000000D9
:20D740000200000003000000040000000500000000000000030000000400000005000000AF
:20D76000000000000100000002000000030000000400000005000000000000000100000099
:20D78000020000000300000004000000050000000000000001000000020000000300000075
:20D7A000040000000500000000000000010000000200000003000000040000000500000051
:20D7C00000000000010000000200000003000000040000000700000007000000070000002A
:20D7E000070000000000000003000000040000000500000006000000080000000800000000
:20D800000000000001000000020000000300000004000000080000000800000008000000E6
:20D82000080000000090044000A0044000B0044000000540001005400090044000A00440E2
:20D8400000B0044000000540001005400090044000A0044000B004400000054000100540F4
:20D860000090044000A0044000B0044000000540001005400000010000000001000000025E
:20D880000000000400000008000000100000002000C0024000D002400000034000100340A2
:20D8A00000C0024000D002400000034000100340000004400000044000C0004000D0004026
:20D8C000008001400090014000C0004000D00040008001400090014000C0004000D0004004
:20D8E000008001400090014000C0004000D00040008001400090014000A0064000B0064018
:20D9000000C0064000000740001007400020074000A0064000B0064000C0064000000740D3
:20D92000001007400020074001000000820000000400000008000000000000000100000099
:20D940000001000000020000000400008F070000010000000200000004000000080000001B
:20D96000100000002000000040000000800000009E00000000010000000200000004000012
:20D9800000080000001000000020000000400000008000000400000074030020D4D9040043
:20D9A000D4D9040074030020D4D904003CDE0400DC0700203CDE040044DE040000000020E9
:20D9C000008003007483030001000000F007002058500020000000000000000001000000E9
:20D9E00001000000020000000200000003000000030000000400000004000000050000000F
:20DA000005000000060000000600000007000000070000000F000000080000000B000000C5
:20DA2000090000000D0000000A0000000E0000000B0000000C0000000C000000090000008C
:20DA40000E00000000000000000000000000000000000000000000000000000000000000B8
:20DA60000000000000000000338603003786030000000000010000003386030037860300AD
:20DA8000000000000200000033860300378603000000000003000000338603003786030089
:20DAA000000000000400000033860300378603000000000005000000338603003786030065
:20DAC000000000000600000033860300378603000000000007000000338603003786030041
:20DAE00000000000090000003386030037860300000000000B00000033860300378603001A
:20DB0000000000000D0000003386030037860300000000000E0000003386030037860300F2
:20DB2000000000000C0000003386030037860300000000000F0000003386030037860300D2
:20DB40000000000000000000000000000000000000000000000000000000000000000000C5
:20DB60000000000000000000000000000000000000000000000000000000000000000000A5
:20DB800000000000804010000000000000000000000000070707057010000000000000809B
:20DBA00040100000000000000000000000000707070570100000000000000000010000007A
:20DBC0000000000023000000A3910300AB910300179103005B910300B391030000000000CB
:20DBE00001000000010000001C000000A3910300AB910300179103005B910300B3910300B0
:20DC0000000000006464646464640A000000000000000000000000000000000000000000A2
:20DC200000000000FFFFFFFFFFFF00000000000000000000000000000000000000000000EA
:20DC40000000000000000000000000000000000000000000FFFFFFFFFFFF000000000000CA
:20DC60000000000000000000000000000000000000000000000000000000000000000000A4
:20DC800000000000FFFFFFFFFFFF000000000000000000000000000000000000000000008A
:20DCA0000000000000000000000000000000000000000000FFFFFFFFFFFF0000000000006A
:20DCC000000000000000000000000000000000000000000000000000000000000000000044
:20DCE00000000000FFFFFFFFFFFF000000000000000000000000000000000000000000002A
:20DD00000000000000000000000000000000000000000000FFFFFFFFFFFF00000000000009
:20DD2000000000000000000000000000020000000800000010000000200000004000000069
:20DD40006464646464646464646464640003000041B10300000000005DB103003BB203001A
:20DD600089B2030000000000000000009A010000FFFFFFFF00000000FFFFFFFF00000000D2
:20DD800001040000FFFFFFFF00000000FFFFFFFF010000006464646464640000000000002D
:20DDA0001A0000000000000000000000000000000500000005000000050000000500000035
:20DDC00005000000000000000200000000000000000000000C000000000000000000000030
:20DDE0001A0000000000000000000000000000000000000000000000010000000200000006
:20DE0000000000000000000000000000000000000000000000000000000000000000000002
:20DE2000000000000000000000000000000000000000000000000000FFFFFFFF02000000E4
:20DE400000000000FFFFFFFFFFFFFFFFFFFFFFFFFFFFFFFFFFFFFFFFFFFFFFFFFFFFFFFFDE
:20DE6000FFFFFFFFFFFFFFFFFFFFFFFFFFFFFFFFFFFFFFFFFFFFFFFFFFFFFFFFFFFFFFFFC2
:20DE8000FFFFFFFFFFFFFFFFFFFFFFFFFFFFFFFFFFFFFFFFFFFFFFFFFFFFFFFFFFFFFFFFA2
:20DEA000FFFFFFFFFFFFFFFFFFFFFFFFFFFFFFFFFFFFFFFFFFFFFFFFFFFFFFFFFFFFFFFF82
:20DEC000FFFFFFFFFFFFFFFFFFFFFFFFFFFFFFFFFFFFFFFFFFFFFFFFFFFFFFFFFFFFFFFF62
:20DEE000FFFFFFFFFFFFFFFFFFFFFFFFFFFFFFFFFFFFFFFFFFFFFFFFFFFFFFFFFFFFFFFF42
:20DF0000FFFFFFFFFFFFFFFFFFFFFFFFFFFFFFFFFFFFFFFFFFFFFFFFFFFFFFFFFFFFFFFF21
:20DF2000FFFFFFFFFFFFFFFFFFFFFFFFFFFFFFFFFFFFFFFFFFFFFFFFFFFFFFFFFFFFFFFF01
:20DF4000FFFFFFFFFFFFFFFFFFFFFFFFFFFFFFFFFFFFFFFFFFFFFFFFFFFFFFFFFFFFFFFFE1
:20DF6000FFFFFFFFFFFFFFFFFFFFFFFFFFFFFFFFFFFFFFFFFFFFFFFFFFFFFFFFFFFFFFFFC1
:20DF8000FFFFFFFFFFFFFFFFFFFFFFFFFFFFFFFFFFFFFFFFFFFFFFFFFFFFFFFFFFFFFFFFA1
:20DFA000FFFFFFFFFFFFFFFFFFFFFFFFFFFFFFFFFFFFFFFFFFFFFFFFFFFFFFFFFFFFFFFF81
:20DFC000FFFFFFFFFFFFFFFFFFFFFFFFFFFFFFFFFFFFFFFFFFFFFFFFFFFFFFFFFFFFFFFF61
:20DFE000FFFFFFFFFFFFFFFFFFFFFFFFFFFFFFFFFFFFFFFFFFFFFFFFFFFFFFFFFFFFFFFF41
:20E00000FFFFFFFFFFFFFFFFFFFFFFFFFFFFFFFFFFFFFFFFFFFFFFFFFFFFFFFFFFFFFFFF20
:20E02000FFFFFFFFFFFFFFFFFFFFFFFFFFFFFFFFFFFFFFFFFFFFFFFFFFFFFFFFFFFFFFFF00
:20E04000FFFFFFFFFFFFFFFFFFFFFFFFFFFFFFFFFFFFFFFFFFFFFFFFFFFFFFFFFFFFFFFFE0
:20E06000FFFFFFFFFFFFFFFFFFFFFFFFFFFFFFFFFFFFFFFFFFFFFFFFFFFFFFFFFFFFFFFFC0
:20E08000FFFFFFFFFFFFFFFFFFFFFFFFFFFFFFFFFFFFFFFFFFFFFFFFFFFFFFFFFFFFFFFFA0
:20E0A000FFFFFFFFFFFFFFFFFFFFFFFFFFFFFFFFFFFFFFFFFFFFFFFFFFFFFFFFFFFFFFFF80
:20E0C000FFFFFFFFFFFFFFFFFFFFFFFFFFFFFFFFFFFFFFFFFFFFFFFFFFFFFFFFFFFFFFFF60
:20E0E000FFFFFFFFFFFFFFFFFFFFFFFFFFFFFFFFFFFFFFFFFFFFFFFFFFFFFFFFFFFFFFFF40
:20E10000FFFFFFFFFFFFFFFFFFFFFFFFFFFFFFFFFFFFFFFFFFFFFFFFFFFFFFFFFFFFFFFF1F
:20E12000FFFFFFFFFFFFFFFFFFFFFFFFFFFFFFFFFFFFFFFFFFFFFFFFFFFFFFFFFFFFFFFFFF
:20E14000FFFFFFFFFFFFFFFFFFFFFFFFFFFFFFFFFFFFFFFFFFFFFFFFFFFFFFFFFFFFFFFFDF
:20E16000FFFFFFFFFFFFFFFFFFFFFFFFFFFFFFFFFFFFFFFFFFFFFFFFFFFFFFFFFFFFFFFFBF
:20E18000FFFFFFFFFFFFFFFFFFFFFFFFFFFFFFFFFFFFFFFFFFFFFFFFFFFFFFFFFFFFFFFF9F
:20E1A000FFFFFFFFFFFFFFFFFFFFFFFFFFFFFFFFFFFFFFFFFFFFFFFFFFFFFFFFFFFFFFFF7F
:20E1C000FFFFFFFFFFFFFFFFFFFFFFFFFFFFFFFFFFFFFFFFFFFFFFFFFFFFFFFFFFFFFFFF5F
:20E1E000FFFFFFFFFFFFFFFFFFFFFFFFFFFFFFFFFFFFFFFFFFFFFFFFFFFFFFFFFFFFFFFF3F
:20E20000FFFFFFFFFFFFFFFFFFFFFFFFFFFFFFFFFFFFFFFFFFFFFFFFFFFFFFFFFFFFFFFF1E
:20E22000FFFFFFFFFFFFFFFFFFFFFFFFFFFFFFFFFFFFFFFFFFFFFFFFFFFFFFFFFFFFFFFFFE
:20E24000FFFFFFFFFFFFFFFFFFFFFFFFFFFFFFFFFFFFFFFFFFFFFFFFFFFFFFFFFFFFFFFFDE
:20E26000FFFFFFFFFFFFFFFFFFFFFFFFFFFFFFFFFFFFFFFFFFFFFFFFFFFFFFFFFFFFFFFFBE
:20E28000FFFFFFFFFFFFFFFFFFFFFFFFFFFFFFFFFFFFFFFFFFFFFFFFFFFFFFFFFFFFFFFF9E
:20E2A000FFFFFFFFFFFFFFFFFFFFFFFFFFFFFFFFFFFFFFFFFFFFFFFFFFFFFFFFFFFFFFFF7E
:20E2C000FFFFFFFFFFFFFFFFFFFFFFFFFFFFFFFFFFFFFFFFFFFFFFFFFFFFFFFFFFFFFFFF5E
:20E2E000FFFFFFFFFFFFFFFFFFFFFFFFFFFFFFFFFFFFFFFFFFFFFFFFFFFFFFFFFFFFFFFF3E
:20E30000FFFFFFFFFFFFFFFFFFFFFFFFFFFFFFFFFFFFFFFFFFFFFFFFFFFFFFFFFFFFFFFF1D
:20E32000FFFFFFFFFFFFFFFFFFFFFFFFFFFFFFFFFFFFFFFFFFFFFFFFFFFFFFFFFFFFFFFFFD
:20E34000FFFFFFFFFFFFFFFFFFFFFFFFFFFFFFFFFFFFFFFFFFFFFFFFFFFFFFFFFFFFFFFFDD
:20E36000FFFFFFFFFFFFFFFFFFFFFFFFFFFFFFFFFFFFFFFFFFFFFFFFFFFFFFFFFFFFFFFFBD
:20E38000FFFFFFFFFFFFFFFFFFFFFFFFFFFFFFFFFFFFFFFFFFFFFFFFFFFFFFFFFFFFFFFF9D
:20E3A000FFFFFFFFFFFFFFFFFFFFFFFFFFFFFFFFFFFFFFFFFFFFFFFFFFFFFFFFFFFFFFFF7D
:20E3C000FFFFFFFFFFFFFFFFFFFFFFFFFFFFFFFFFFFFFFFFFFFFFFFFFFFFFFFFFFFFFFFF5D
:20E3E000FFFFFFFFFFFFFFFFFFFFFFFFFFFFFFFFFFFFFFFFFFFFFFFFFFFFFFFFFFFFFFFF3D
:20E40000FFFFFFFFFFFFFFFFFFFFFFFFFFFFFFFFFFFFFFFFFFFFFFFFFFFFFFFFFFFFFFFF1C
:20E42000FFFFFFFFFFFFFFFFFFFFFFFFFFFFFFFFFFFFFFFFFFFFFFFFFFFFFFFFFFFFFFFFFC
:20E44000FFFFFFFFFFFFFFFFFFFFFFFFFFFFFFFFFFFFFFFFFFFFFFFFFFFFFFFFFFFFFFFFDC
:20E46000FFFFFFFFFFFFFFFFFFFFFFFFFFFFFFFFFFFFFFFFFFFFFFFFFFFFFFFFFFFFFFFFBC
:20E48000FFFFFFFFFFFFFFFFFFFFFFFFFFFFFFFFFFFFFFFFFFFFFFFFFFFFFFFFFFFFFFFF9C
:20E4A000FFFFFFFFFFFFFFFFFFFFFFFFFFFFFFFFFFFFFFFFFFFFFFFFFFFFFFFFFFFFFFFF7C
:20E4C000FFFFFFFFFFFFFFFFFFFFFFFFFFFFFFFFFFFFFFFFFFFFFFFFFFFFFFFFFFFFFFFF5C
:20E4E000FFFFFFFFFFFFFFFFFFFFFFFFFFFFFFFFFFFFFFFFFFFFFFFFFFFFFFFFFFFFFFFF3C
:20E50000FFFFFFFFFFFFFFFFFFFFFFFFFFFFFFFFFFFFFFFFFFFFFFFFFFFFFFFFFFFFFFFF1B
:20E52000FFFFFFFFFFFFFFFFFFFFFFFFFFFFFFFFFFFFFFFFFFFFFFFFFFFFFFFFFFFFFFFFFB
:20E54000FFFFFFFFFFFFFFFFFFFFFFFFFFFFFFFFFFFFFFFFFFFFFFFFFFFFFFFFFFFFFFFFDB
:20E56000FFFFFFFFFFFFFFFFFFFFFFFFFFFFFFFFFFFFFFFFFFFFFFFFFFFFFFFFFFFFFFFFBB
:20E58000FFFFFFFFFFFFFFFFFFFFFFFFFFFFFFFFFFFFFFFFFFFFFFFFFFFFFFFFFFFFFFFF9B
:20E5A000FFFFFFFFFFFFFFFFFFFFFFFFFFFFFFFFFFFFFFFFFFFFFFFFFFFFFFFFFFFFFFFF7B
:20E5C000FFFFFFFFFFFFFFFFFFFFFFFFFFFFFFFFFFFFFFFFFFFFFFFFFFFFFFFFFFFFFFFF5B
:20E5E000FFFFFFFFFFFFFFFFFFFFFFFFFFFFFFFFFFFFFFFFFFFFFFFFFFFFFFFFFFFFFFFF3B
:20E60000FFFFFFFFFFFFFFFFFFFFFFFFFFFFFFFFFFFFFFFFFFFFFFFFFFFFFFFFFFFFFFFF1A
:20E62000FFFFFFFFFFFFFFFFFFFFFFFFFFFFFFFFFFFFFFFFFFFFFFFFFFFFFFFFFFFFFFFFFA
:20E64000FFFFFFFFFFFFFFFFFFFFFFFFFFFFFFFFFFFFFFFFFFFFFFFFFFFFFFFFFFFFFFFFDA
:20E66000FFFFFFFFFFFFFFFFFFFFFFFFFFFFFFFFFFFFFFFFFFFFFFFFFFFFFFFFFFFFFFFFBA
:20E68000FFFFFFFFFFFFFFFFFFFFFFFFFFFFFFFFFFFFFFFFFFFFFFFFFFFFFFFFFFFFFFFF9A
:20E6A000FFFFFFFFFFFFFFFFFFFFFFFFFFFFFFFFFFFFFFFFFFFFFFFFFFFFFFFFFFFFFFFF7A
:20E6C000FFFFFFFFFFFFFFFFFFFFFFFFFFFFFFFFFFFFFFFFFFFFFFFFFFFFFFFFFFFFFFFF5A
:20E6E000FFFFFFFFFFFFFFFFFFFFFFFFFFFFFFFFFFFFFFFFFFFFFFFFFFFFFFFFFFFFFFFF3A
:20E70000FFFFFFFFFFFFFFFFFFFFFFFFFFFFFFFFFFFFFFFFFFFFFFFFFFFFFFFFFFFFFFFF19
:20E72000FFFFFFFFFFFFFFFFFFFFFFFFFFFFFFFFFFFFFFFFFFFFFFFFFFFFFFFFFFFFFFFFF9
:20E74000FFFFFFFFFFFFFFFFFFFFFFFFFFFFFFFFFFFFFFFFFFFFFFFFFFFFFFFFFFFFFFFFD9
:20E76000FFFFFFFFFFFFFFFFFFFFFFFFFFFFFFFFFFFFFFFFFFFFFFFFFFFFFFFFFFFFFFFFB9
:20E78000FFFFFFFFFFFFFFFFFFFFFFFFFFFFFFFFFFFFFFFFFFFFFFFFFFFFFFFFFFFFFFFF99
:20E7A000FFFFFFFFFFFFFFFFFFFFFFFFFFFFFFFFFFFFFFFFFFFFFFFFFFFFFFFFFFFFFFFF79
:20E7C000FFFFFFFFFFFFFFFFFFFFFFFFFFFFFFFFFFFFFFFFFFFFFFFFFFFFFFFFFFFFFFFF59
:20E7E000FFFFFFFFFFFFFFFFFFFFFFFFFFFFFFFFFFFFFFFFFFFFFFFFFFFFFFFFFFFFFFFF39
:20E80000FFFFFFFFFFFFFFFFFFFFFFFFFFFFFFFFFFFFFFFFFFFFFFFFFFFFFFFFFFFFFFFF18
:20E82000FFFFFFFFFFFFFFFFFFFFFFFFFFFFFFFFFFFFFFFFFFFFFFFFFFFFFFFFFFFFFFFFF8
:20E84000FFFFFFFFFFFFFFFFFFFFFFFFFFFFFFFFFFFFFFFFFFFFFFFFFFFFFFFFFFFFFFFFD8
:20E86000FFFFFFFFFFFFFFFFFFFFFFFFFFFFFFFFFFFFFFFFFFFFFFFFFFFFFFFFFFFFFFFFB8
:20E88000FFFFFFFFFFFFFFFFFFFFFFFFFFFFFFFFFFFFFFFFFFFFFFFFFFFFFFFFFFFFFFFF98
:20E8A000FFFFFFFFFFFFFFFFFFFFFFFFFFFFFFFFFFFFFFFFFFFFFFFFFFFFFFFFFFFFFFFF78
:20E8C000FFFFFFFFFFFFFFFFFFFFFFFFFFFFFFFFFFFFFFFFFFFFFFFFFFFFFFFFFFFFFFFF58
:20E8E000FFFFFFFFFFFFFFFFFFFFFFFFFFFFFFFFFFFFFFFFFFFFFFFFFFFFFFFFFFFFFFFF38
:20E90000FFFFFFFFFFFFFFFFFFFFFFFFFFFFFFFFFFFFFFFFFFFFFFFFFFFFFFFFFFFFFFFF17
:20E92000FFFFFFFFFFFFFFFFFFFFFFFFFFFFFFFFFFFFFFFFFFFFFFFFFFFFFFFFFFFFFFFFF7
:20E94000FFFFFFFFFFFFFFFFFFFFFFFFFFFFFFFFFFFFFFFFFFFFFFFFFFFFFFFFFFFFFFFFD7
:20E96000FFFFFFFFFFFFFFFFFFFFFFFFFFFFFFFFFFFFFFFFFFFFFFFFFFFFFFFFFFFFFFFFB7
:20E98000FFFFFFFFFFFFFFFFFFFFFFFFFFFFFFFFFFFFFFFFFFFFFFFFFFFFFFFFFFFFFFFF97
:20E9A000FFFFFFFFFFFFFFFFFFFFFFFFFFFFFFFFFFFFFFFFFFFFFFFFFFFFFFFFFFFFFFFF77
:20E9C000FFFFFFFFFFFFFFFFFFFFFFFFFFFFFFFFFFFFFFFFFFFFFFFFFFFFFFFFFFFFFFFF57
:20E9E000FFFFFFFFFFFFFFFFFFFFFFFFFFFFFFFFFFFFFFFFFFFFFFFFFFFFFFFFFFFFFFFF37
:20EA0000FFFFFFFFFFFFFFFFFFFFFFFFFFFFFFFFFFFFFFFFFFFFFFFFFFFFFFFFFFFFFFFF16
:20EA2000FFFFFFFFFFFFFFFFFFFFFFFFFFFFFFFFFFFFFFFFFFFFFFFFFFFFFFFFFFFFFFFFF6
:20EA4000FFFFFFFFFFFFFFFFFFFFFFFFFFFFFFFFFFFFFFFFFFFFFFFFFFFFFFFFFFFFFFFFD6
:20EA6000FFFFFFFFFFFFFFFFFFFFFFFFFFFFFFFFFFFFFFFFFFFFFFFFFFFFFFFFFFFFFFFFB6
:20EA8000FFFFFFFFFFFFFFFFFFFFFFFFFFFFFFFFFFFFFFFFFFFFFFFFFFFFFFFFFFFFFFFF96
:20EAA000FFFFFFFFFFFFFFFFFFFFFFFFFFFFFFFFFFFFFFFFFFFFFFFFFFFFFFFFFFFFFFFF76
:20EAC000FFFFFFFFFFFFFFFFFFFFFFFFFFFFFFFFFFFFFFFFFFFFFFFFFFFFFFFFFFFFFFFF56
:20EAE000FFFFFFFFFFFFFFFFFFFFFFFFFFFFFFFFFFFFFFFFFFFFFFFFFFFFFFFFFFFFFFFF36
:20EB0000FFFFFFFFFFFFFFFFFFFFFFFFFFFFFFFFFFFFFFFFFFFFFFFFFFFFFFFFFFFFFFFF15
:20EB2000FFFFFFFFFFFFFFFFFFFFFFFFFFFFFFFFFFFFFFFFFFFFFFFFFFFFFFFFFFFFFFFFF5
:20EB4000FFFFFFFFFFFFFFFFFFFFFFFFFFFFFFFFFFFFFFFFFFFFFFFFFFFFFFFFFFFFFFFFD5
:20EB6000FFFFFFFFFFFFFFFFFFFFFFFFFFFFFFFFFFFFFFFFFFFFFFFFFFFFFFFFFFFFFFFFB5
:20EB8000FFFFFFFFFFFFFFFFFFFFFFFFFFFFFFFFFFFFFFFFFFFFFFFFFFFFFFFFFFFFFFFF95
:20EBA000FFFFFFFFFFFFFFFFFFFFFFFFFFFFFFFFFFFFFFFFFFFFFFFFFFFFFFFFFFFFFFFF75
:20EBC000FFFFFFFFFFFFFFFFFFFFFFFFFFFFFFFFFFFFFFFFFFFFFFFFFFFFFFFFFFFFFFFF55
:20EBE000FFFFFFFFFFFFFFFFFFFFFFFFFFFFFFFFFFFFFFFFFFFFFFFFFFFFFFFFFFFFFFFF35
:20EC0000FFFFFFFFFFFFFFFFFFFFFFFFFFFFFFFFFFFFFFFFFFFFFFFFFFFFFFFFFFFFFFFF14
:20EC2000FFFFFFFFFFFFFFFFFFFFFFFFFFFFFFFFFFFFFFFFFFFFFFFFFFFFFFFFFFFFFFFFF4
:20EC4000FFFFFFFFFFFFFFFFFFFFFFFFFFFFFFFFFFFFFFFFFFFFFFFFFFFFFFFFFFFFFFFFD4
:20EC6000FFFFFFFFFFFFFFFFFFFFFFFFFFFFFFFFFFFFFFFFFFFFFFFFFFFFFFFFFFFFFFFFB4
:20EC8000FFFFFFFFFFFFFFFFFFFFFFFFFFFFFFFFFFFFFFFFFFFFFFFFFFFFFFFFFFFFFFFF94
:20ECA000FFFFFFFFFFFFFFFFFFFFFFFFFFFFFFFFFFFFFFFFFFFFFFFFFFFFFFFFFFFFFFFF74
:20ECC000FFFFFFFFFFFFFFFFFFFFFFFFFFFFFFFFFFFFFFFFFFFFFFFFFFFFFFFFFFFFFFFF54
:20ECE000FFFFFFFFFFFFFFFFFFFFFFFFFFFFFFFFFFFFFFFFFFFFFFFFFFFFFFFFFFFFFFFF34
:20ED0000FFFFFFFFFFFFFFFFFFFFFFFFFFFFFFFFFFFFFFFFFFFFFFFFFFFFFFFFFFFFFFFF13
:20ED2000FFFFFFFFFFFFFFFFFFFFFFFFFFFFFFFFFFFFFFFFFFFFFFFFFFFFFFFFFFFFFFFFF3
:20ED4000FFFFFFFFFFFFFFFFFFFFFFFFFFFFFFFFFFFFFFFFFFFFFFFFFFFFFFFFFFFFFFFFD3
:20ED6000FFFFFFFFFFFFFFFFFFFFFFFFFFFFFFFFFFFFFFFFFFFFFFFFFFFFFFFFFFFFFFFFB3
:20ED8000FFFFFFFFFFFFFFFFFFFFFFFFFFFFFFFFFFFFFFFFFFFFFFFFFFFFFFFFFFFFFFFF93
:20EDA000FFFFFFFFFFFFFFFFFFFFFFFFFFFFFFFFFFFFFFFFFFFFFFFFFFFFFFFFFFFFFFFF73
:20EDC000FFFFFFFFFFFFFFFFFFFFFFFFFFFFFFFFFFFFFFFFFFFFFFFFFFFFFFFFFFFFFFFF53
:20EDE000FFFFFFFFFFFFFFFFFFFFFFFFFFFFFFFFFFFFFFFFFFFFFFFFFFFFFFFFFFFFFFFF33
:20EE0000FFFFFFFFFFFFFFFFFFFFFFFFFFFFFFFFFFFFFFFFFFFFFFFFFFFFFFFFFFFFFFFF12
:20EE2000FFFFFFFFFFFFFFFFFFFFFFFFFFFFFFFFFFFFFFFFFFFFFFFFFFFFFFFFFFFFFFFFF2
:20EE4000FFFFFFFFFFFFFFFFFFFFFFFFFFFFFFFFFFFFFFFFFFFFFFFFFFFFFFFFFFFFFFFFD2
:20EE6000FFFFFFFFFFFFFFFFFFFFFFFFFFFFFFFFFFFFFFFFFFFFFFFFFFFFFFFFFFFFFFFFB2
:20EE8000FFFFFFFFFFFFFFFFFFFFFFFFFFFFFFFFFFFFFFFFFFFFFFFFFFFFFFFFFFFFFFFF92
:20EEA000FFFFFFFFFFFFFFFFFFFFFFFFFFFFFFFFFFFFFFFFFFFFFFFFFFFFFFFFFFFFFFFF72
:20EEC000FFFFFFFFFFFFFFFFFFFFFFFFFFFFFFFFFFFFFFFFFFFFFFFFFFFFFFFFFFFFFFFF52
:20EEE000FFFFFFFFFFFFFFFFFFFFFFFFFFFFFFFFFFFFFFFFFFFFFFFFFFFFFFFFFFFFFFFF32
:20EF0000FFFFFFFFFFFFFFFFFFFFFFFFFFFFFFFFFFFFFFFFFFFFFFFFFFFFFFFFFFFFFFFF11
:20EF2000FFFFFFFFFFFFFFFFFFFFFFFFFFFFFFFFFFFFFFFFFFFFFFFFFFFFFFFFFFFFFFFFF1
:20EF4000FFFFFFFFFFFFFFFFFFFFFFFFFFFFFFFFFFFFFFFFFFFFFFFFFFFFFFFFFFFFFFFFD1
:20EF6000FFFFFFFFFFFFFFFFFFFFFFFFFFFFFFFFFFFFFFFFFFFFFFFFFFFFFFFFFFFFFFFFB1
:20EF8000FFFFFFFFFFFFFFFFFFFFFFFFFFFFFFFFFFFFFFFFFFFFFFFFFFFFFFFFFFFFFFFF91
:20EFA000FFFFFFFFFFFFFFFFFFFFFFFFFFFFFFFFFFFFFFFFFFFFFFFFFFFFFFFFFFFFFFFF71
:20EFC000FFFFFFFFFFFFFFFFFFFFFFFFFFFFFFFFFFFFFFFFFFFFFFFFFFFFFFFFFFFFFFFF51
:20EFE000FFFFFFFFFFFFFFFFFFFFFFFFFFFFFFFFFFFFFFFFFFFFFFFFFFFFFFFFFFFFFFFF31
:20F00000FFFFFFFFFFFFFFFFFFFFFFFFFFFFFFFFFFFFFFFFFFFFFFFFFFFFFFFFFFFFFFFF10
:20F02000FFFFFFFFFFFFFFFFFFFFFFFFFFFFFFFFFFFFFFFFFFFFFFFFFFFFFFFFFFFFFFFFF0
:20F04000FFFFFFFFFFFFFFFFFFFFFFFFFFFFFFFFFFFFFFFFFFFFFFFFFFFFFFFFFFFFFFFFD0
:20F06000FFFFFFFFFFFFFFFFFFFFFFFFFFFFFFFFFFFFFFFFFFFFFFFFFFFFFFFFFFFFFFFFB0
:20F08000FFFFFFFFFFFFFFFFFFFFFFFFFFFFFFFFFFFFFFFFFFFFFFFFFFFFFFFFFFFFFFFF90
:20F0A000FFFFFFFFFFFFFFFFFFFFFFFFFFFFFFFFFFFFFFFFFFFFFFFFFFFFFFFFFFFFFFFF70
:20F0C000FFFFFFFFFFFFFFFFFFFFFFFFFFFFFFFFFFFFFFFFFFFFFFFFFFFFFFFFFFFFFFFF50
:20F0E000FFFFFFFFFFFFFFFFFFFFFFFFFFFFFFFFFFFFFFFFFFFFFFFFFFFFFFFFFFFFFFFF30
:20F10000FFFFFFFFFFFFFFFFFFFFFFFFFFFFFFFFFFFFFFFFFFFFFFFFFFFFFFFFFFFFFFFF0F
:20F12000FFFFFFFFFFFFFFFFFFFFFFFFFFFFFFFFFFFFFFFFFFFFFFFFFFFFFFFFFFFFFFFFEF
:20F14000FFFFFFFFFFFFFFFFFFFFFFFFFFFFFFFFFFFFFFFFFFFFFFFFFFFFFFFFFFFFFFFFCF
:20F16000FFFFFFFFFFFFFFFFFFFFFFFFFFFFFFFFFFFFFFFFFFFFFFFFFFFFFFFFFFFFFFFFAF
:20F18000FFFFFFFFFFFFFFFFFFFFFFFFFFFFFFFFFFFFFFFFFFFFFFFFFFFFFFFFFFFFFFFF8F
:20F1A000FFFFFFFFFFFFFFFFFFFFFFFFFFFFFFFFFFFFFFFFFFFFFFFFFFFFFFFFFFFFFFFF6F
:20F1C000FFFFFFFFFFFFFFFFFFFFFFFFFFFFFFFFFFFFFFFFFFFFFFFFFFFFFFFFFFFFFFFF4F
:20F1E000FFFFFFFFFFFFFFFFFFFFFFFFFFFFFFFFFFFFFFFFFFFFFFFFFFFFFFFFFFFFFFFF2F
:20F20000FFFFFFFFFFFFFFFFFFFFFFFFFFFFFFFFFFFFFFFFFFFFFFFFFFFFFFFFFFFFFFFF0E
:20F22000FFFFFFFFFFFFFFFFFFFFFFFFFFFFFFFFFFFFFFFFFFFFFFFFFFFFFFFFFFFFFFFFEE
:20F24000FFFFFFFFFFFFFFFFFFFFFFFFFFFFFFFFFFFFFFFFFFFFFFFFFFFFFFFFFFFFFFFFCE
:20F26000FFFFFFFFFFFFFFFFFFFFFFFFFFFFFFFFFFFFFFFFFFFFFFFFFFFFFFFFFFFFFFFFAE
:20F28000FFFFFFFFFFFFFFFFFFFFFFFFFFFFFFFFFFFFFFFFFFFFFFFFFFFFFFFFFFFFFFFF8E
:20F2A000FFFFFFFFFFFFFFFFFFFFFFFFFFFFFFFFFFFFFFFFFFFFFFFFFFFFFFFFFFFFFFFF6E
:20F2C000FFFFFFFFFFFFFFFFFFFFFFFFFFFFFFFFFFFFFFFFFFFFFFFFFFFFFFFFFFFFFFFF4E
:20F2E000FFFFFFFFFFFFFFFFFFFFFFFFFFFFFFFFFFFFFFFFFFFFFFFFFFFFFFFFFFFFFFFF2E
:20F30000FFFFFFFFFFFFFFFFFFFFFFFFFFFFFFFFFFFFFFFFFFFFFFFFFFFFFFFFFFFFFFFF0D
:20F32000FFFFFFFFFFFFFFFFFFFFFFFFFFFFFFFFFFFFFFFFFFFFFFFFFFFFFFFFFFFFFFFFED
:20F34000FFFFFFFFFFFFFFFFFFFFFFFFFFFFFFFFFFFFFFFFFFFFFFFFFFFFFFFFFFFFFFFFCD
:20F36000FFFFFFFFFFFFFFFFFFFFFFFFFFFFFFFFFFFFFFFFFFFFFFFFFFFFFFFFFFFFFFFFAD
:20F38000FFFFFFFFFFFFFFFFFFFFFFFFFFFFFFFFFFFFFFFFFFFFFFFFFFFFFFFFFFFFFFFF8D
:20F3A000FFFFFFFFFFFFFFFFFFFFFFFFFFFFFFFFFFFFFFFFFFFFFFFFFFFFFFFFFFFFFFFF6D
:20F3C000FFFFFFFFFFFFFFFFFFFFFFFFFFFFFFFFFFFFFFFFFFFFFFFFFFFFFFFFFFFFFFFF4D
:20F3E000FFFFFFFFFFFFFFFFFFFFFFFFFFFFFFFFFFFFFFFFFFFFFFFFFFFFFFFFFFFFFFFF2D
:20F40000FFFFFFFFFFFFFFFFFFFFFFFFFFFFFFFFFFFFFFFFFFFFFFFFFFFFFFFFFFFFFFFF0C
:20F42000FFFFFFFFFFFFFFFFFFFFFFFFFFFFFFFFFFFFFFFFFFFFFFFFFFFFFFFFFFFFFFFFEC
:20F44000FFFFFFFFFFFFFFFFFFFFFFFFFFFFFFFFFFFFFFFFFFFFFFFFFFFFFFFFFFFFFFFFCC
:20F46000FFFFFFFFFFFFFFFFFFFFFFFFFFFFFFFFFFFFFFFFFFFFFFFFFFFFFFFFFFFFFFFFAC
:20F48000FFFFFFFFFFFFFFFFFFFFFFFFFFFFFFFFFFFFFFFFFFFFFFFFFFFFFFFFFFFFFFFF8C
:20F4A000FFFFFFFFFFFFFFFFFFFFFFFFFFFFFFFFFFFFFFFFFFFFFFFFFFFFFFFFFFFFFFFF6C
:20F4C000FFFFFFFFFFFFFFFFFFFFFFFFFFFFFFFFFFFFFFFFFFFFFFFFFFFFFFFFFFFFFFFF4C
:20F4E000FFFFFFFFFFFFFFFFFFFFFFFFFFFFFFFFFFFFFFFFFFFFFFFFFFFFFFFFFFFFFFFF2C
:20F50000FFFFFFFFFFFFFFFFFFFFFFFFFFFFFFFFFFFFFFFFFFFFFFFFFFFFFFFFFFFFFFFF0B
:20F52000FFFFFFFFFFFFFFFFFFFFFFFFFFFFFFFFFFFFFFFFFFFFFFFFFFFFFFFFFFFFFFFFEB
:20F54000FFFFFFFFFFFFFFFFFFFFFFFFFFFFFFFFFFFFFFFFFFFFFFFFFFFFFFFFFFFFFFFFCB
:20F56000FFFFFFFFFFFFFFFFFFFFFFFFFFFFFFFFFFFFFFFFFFFFFFFFFFFFFFFFFFFFFFFFAB
:20F58000FFFFFFFFFFFFFFFFFFFFFFFFFFFFFFFFFFFFFFFFFFFFFFFFFFFFFFFFFFFFFFFF8B
:20F5A000FFFFFFFFFFFFFFFFFFFFFFFFFFFFFFFFFFFFFFFFFFFFFFFFFFFFFFFFFFFFFFFF6B
:20F5C000FFFFFFFFFFFFFFFFFFFFFFFFFFFFFFFFFFFFFFFFFFFFFFFFFFFFFFFFFFFFFFFF4B
:20F5E000FFFFFFFFFFFFFFFFFFFFFFFFFFFFFFFFFFFFFFFFFFFFFFFFFFFFFFFFFFFFFFFF2B
:20F60000FFFFFFFFFFFFFFFFFFFFFFFFFFFFFFFFFFFFFFFFFFFFFFFFFFFFFFFFFFFFFFFF0A
:20F62000FFFFFFFFFFFFFFFFFFFFFFFFFFFFFFFFFFFFFFFFFFFFFFFFFFFFFFFFFFFFFFFFEA
:20F64000FFFFFFFFFFFFFFFFFFFFFFFFFFFFFFFFFFFFFFFFFFFFFFFFFFFFFFFFFFFFFFFFCA
:20F66000FFFFFFFFFFFFFFFFFFFFFFFFFFFFFFFFFFFFFFFFFFFFFFFFFFFFFFFFFFFFFFFFAA
:20F68000FFFFFFFFFFFFFFFFFFFFFFFFFFFFFFFFFFFFFFFFFFFFFFFFFFFFFFFFFFFFFFFF8A
:20F6A000FFFFFFFFFFFFFFFFFFFFFFFFFFFFFFFFFFFFFFFFFFFFFFFFFFFFFFFFFFFFFFFF6A
:20F6C000FFFFFFFFFFFFFFFFFFFFFFFFFFFFFFFFFFFFFFFFFFFFFFFFFFFFFFFFFFFFFFFF4A
:20F6E000FFFFFFFFFFFFFFFFFFFFFFFFFFFFFFFFFFFFFFFFFFFFFFFFFFFFFFFFFFFFFFFF2A
:20F70000FFFFFFFFFFFFFFFFFFFFFFFFFFFFFFFFFFFFFFFFFFFFFFFFFFFFFFFFFFFFFFFF09
:20F72000FFFFFFFFFFFFFFFFFFFFFFFFFFFFFFFFFFFFFFFFFFFFFFFFFFFFFFFFFFFFFFFFE9
:20F74000FFFFFFFFFFFFFFFFFFFFFFFFFFFFFFFFFFFFFFFFFFFFFFFFFFFFFFFFFFFFFFFFC9
:20F76000FFFFFFFFFFFFFFFFFFFFFFFFFFFFFFFFFFFFFFFFFFFFFFFFFFFFFFFFFFFFFFFFA9
:20F78000FFFFFFFFFFFFFFFFFFFFFFFFFFFFFFFFFFFFFFFFFFFFFFFFFFFFFFFFFFFFFFFF89
:20F7A000FFFFFFFFFFFFFFFFFFFFFFFFFFFFFFFFFFFFFFFFFFFFFFFFFFFFFFFFFFFFFFFF69
:20F7C000FFFFFFFFFFFFFFFFFFFFFFFFFFFFFFFFFFFFFFFFFFFFFFFFFFFFFFFFFFFFFFFF49
:20F7E000FFFFFFFFFFFFFFFFFFFFFFFFFFFFFFFFFFFFFFFFFFFFFFFFFFFFFFFFFFFFFFFF29
:20F80000FFFFFFFFFFFFFFFFFFFFFFFFFFFFFFFFFFFFFFFFFFFFFFFFFFFFFFFFFFFFFFFF08
:20F82000FFFFFFFFFFFFFFFFFFFFFFFFFFFFFFFFFFFFFFFFFFFFFFFFFFFFFFFFFFFFFFFFE8
:20F84000FFFFFFFFFFFFFFFFFFFFFFFFFFFFFFFFFFFFFFFFFFFFFFFFFFFFFFFFFFFFFFFFC8
:20F86000FFFFFFFFFFFFFFFFFFFFFFFFFFFFFFFFFFFFFFFFFFFFFFFFFFFFFFFFFFFFFFFFA8
:20F88000FFFFFFFFFFFFFFFFFFFFFFFFFFFFFFFFFFFFFFFFFFFFFFFFFFFFFFFFFFFFFFFF88
:20F8A000FFFFFFFFFFFFFFFFFFFFFFFFFFFFFFFFFFFFFFFFFFFFFFFFFFFFFFFFFFFFFFFF68
:20F8C000FFFFFFFFFFFFFFFFFFFFFFFFFFFFFFFFFFFFFFFFFFFFFFFFFFFFFFFFFFFFFFFF48
:20F8E000FFFFFFFFFFFFFFFFFFFFFFFFFFFFFFFFFFFFFFFFFFFFFFFFFFFFFFFFFFFFFFFF28
:20F90000FFFFFFFFFFFFFFFFFFFFFFFFFFFFFFFFFFFFFFFFFFFFFFFFFFFFFFFFFFFFFFFF07
:20F92000FFFFFFFFFFFFFFFFFFFFFFFFFFFFFFFFFFFFFFFFFFFFFFFFFFFFFFFFFFFFFFFFE7
:20F94000FFFFFFFFFFFFFFFFFFFFFFFFFFFFFFFFFFFFFFFFFFFFFFFFFFFFFFFFFFFFFFFFC7
:20F96000FFFFFFFFFFFFFFFFFFFFFFFFFFFFFFFFFFFFFFFFFFFFFFFFFFFFFFFFFFFFFFFFA7
:20F98000FFFFFFFFFFFFFFFFFFFFFFFFFFFFFFFFFFFFFFFFFFFFFFFFFFFFFFFFFFFFFFFF87
:20F9A000FFFFFFFFFFFFFFFFFFFFFFFFFFFFFFFFFFFFFFFFFFFFFFFFFFFFFFFFFFFFFFFF67
:20F9C000FFFFFFFFFFFFFFFFFFFFFFFFFFFFFFFFFFFFFFFFFFFFFFFFFFFFFFFFFFFFFFFF47
:20F9E000FFFFFFFFFFFFFFFFFFFFFFFFFFFFFFFFFFFFFFFFFFFFFFFFFFFFFFFFFFFFFFFF27
:20FA0000FFFFFFFFFFFFFFFFFFFFFFFFFFFFFFFFFFFFFFFFFFFFFFFFFFFFFFFFFFFFFFFF06
:20FA2000FFFFFFFFFFFFFFFFFFFFFFFFFFFFFFFFFFFFFFFFFFFFFFFFFFFFFFFFFFFFFFFFE6
:20FA4000FFFFFFFFFFFFFFFFFFFFFFFFFFFFFFFFFFFFFFFFFFFFFFFFFFFFFFFFFFFFFFFFC6
:20FA6000FFFFFFFFFFFFFFFFFFFFFFFFFFFFFFFFFFFFFFFFFFFFFFFFFFFFFFFFFFFFFFFFA6
:20FA8000FFFFFFFFFFFFFFFFFFFFFFFFFFFFFFFFFFFFFFFFFFFFFFFFFFFFFFFFFFFFFFFF86
:20FAA000FFFFFFFFFFFFFFFFFFFFFFFFFFFFFFFFFFFFFFFFFFFFFFFFFFFFFFFFFFFFFFFF66
:20FAC000FFFFFFFFFFFFFFFFFFFFFFFFFFFFFFFFFFFFFFFFFFFFFFFFFFFFFFFFFFFFFFFF46
:20FAE000FFFFFFFFFFFFFFFFFFFFFFFFFFFFFFFFFFFFFFFFFFFFFFFFFFFFFFFFFFFFFFFF26
:20FB0000FFFFFFFFFFFFFFFFFFFFFFFFFFFFFFFFFFFFFFFFFFFFFFFFFFFFFFFFFFFFFFFF05
:20FB2000FFFFFFFFFFFFFFFFFFFFFFFFFFFFFFFFFFFFFFFFFFFFFFFFFFFFFFFFFFFFFFFFE5
:20FB4000FFFFFFFFFFFFFFFFFFFFFFFFFFFFFFFFFFFFFFFFFFFFFFFFFFFFFFFFFFFFFFFFC5
:20FB6000FFFFFFFFFFFFFFFFFFFFFFFFFFFFFFFFFFFFFFFFFFFFFFFFFFFFFFFFFFFFFFFFA5
:20FB8000FFFFFFFFFFFFFFFFFFFFFFFFFFFFFFFFFFFFFFFFFFFFFFFFFFFFFFFFFFFFFFFF85
:20FBA000FFFFFFFFFFFFFFFFFFFFFFFFFFFFFFFFFFFFFFFFFFFFFFFFFFFFFFFFFFFFFFFF65
:20FBC000FFFFFFFFFFFFFFFFFFFFFFFFFFFFFFFFFFFFFFFFFFFFFFFFFFFFFFFFFFFFFFFF45
:20FBE000FFFFFFFFFFFFFFFFFFFFFFFFFFFFFFFFFFFFFFFFFFFFFFFFFFFFFFFFFFFFFFFF25
:20FC0000FFFFFFFFFFFFFFFFFFFFFFFFFFFFFFFFFFFFFFFFFFFFFFFFFFFFFFFFFFFFFFFF04
:20FC2000FFFFFFFFFFFFFFFFFFFFFFFFFFFFFFFFFFFFFFFFFFFFFFFFFFFFFFFFFFFFFFFFE4
:20FC4000FFFFFFFFFFFFFFFFFFFFFFFFFFFFFFFFFFFFFFFFFFFFFFFFFFFFFFFFFFFFFFFFC4
:20FC6000FFFFFFFFFFFFFFFFFFFFFFFFFFFFFFFFFFFFFFFFFFFFFFFFFFFFFFFFFFFFFFFFA4
:20FC8000FFFFFFFFFFFFFFFFFFFFFFFFFFFFFFFFFFFFFFFFFFFFFFFFFFFFFFFFFFFFFFFF84
:20FCA000FFFFFFFFFFFFFFFFFFFFFFFFFFFFFFFFFFFFFFFFFFFFFFFFFFFFFFFFFFFFFFFF64
:20FCC000FFFFFFFFFFFFFFFFFFFFFFFFFFFFFFFFFFFFFFFFFFFFFFFFFFFFFFFFFFFFFFFF44
:20FCE000FFFFFFFFFFFFFFFFFFFFFFFFFFFFFFFFFFFFFFFFFFFFFFFFFFFFFFFFFFFFFFFF24
:20FD0000FFFFFFFFFFFFFFFFFFFFFFFFFFFFFFFFFFFFFFFFFFFFFFFFFFFFFFFFFFFFFFFF03
:20FD2000FFFFFFFFFFFFFFFFFFFFFFFFFFFFFFFFFFFFFFFFFFFFFFFFFFFFFFFFFFFFFFFFE3
:20FD4000FFFFFFFFFFFFFFFFFFFFFFFFFFFFFFFFFFFFFFFFFFFFFFFFFFFFFFFFFFFFFFFFC3
:20FD6000FFFFFFFFFFFFFFFFFFFFFFFFFFFFFFFFFFFFFFFFFFFFFFFFFFFFFFFFFFFFFFFFA3
:20FD8000FFFFFFFFFFFFFFFFFFFFFFFFFFFFFFFFFFFFFFFFFFFFFFFFFFFFFFFFFFFFFFFF83
:20FDA000FFFFFFFFFFFFFFFFFFFFFFFFFFFFFFFFFFFFFFFFFFFFFFFFFFFFFFFFFFFFFFFF63
:20FDC000FFFFFFFFFFFFFFFFFFFFFFFFFFFFFFFFFFFFFFFFFFFFFFFFFFFFFFFFFFFFFFFF43
:20FDE000FFFFFFFFFFFFFFFFFFFFFFFFFFFFFFFFFFFFFFFFFFFFFFFFFFFFFFFFFFFFFFFF23
:20FE0000FFFFFFFFFFFFFFFFFFFFFFFFFFFFFFFFFFFFFFFFFFFFFFFFFFFFFFFFFFFFFFFF02
:20FE2000FFFFFFFFFFFFFFFFFFFFFFFFFFFFFFFFFFFFFFFFFFFFFFFFFFFFFFFFFFFFFFFFE2
:20FE4000FFFFFFFFFFFFFFFFFFFFFFFFFFFFFFFFFFFFFFFFFFFFFFFFFFFFFFFFFFFFFFFFC2
:20FE6000FFFFFFFFFFFFFFFFFFFFFFFFFFFFFFFFFFFFFFFFFFFFFFFFFFFFFFFFFFFFFFFFA2
:20FE8000FFFFFFFFFFFFFFFFFFFFFFFFFFFFFFFFFFFFFFFFFFFFFFFFFFFFFFFFFFFFFFFF82
:20FEA000FFFFFFFFFFFFFFFFFFFFFFFFFFFFFFFFFFFFFFFFFFFFFFFFFFFFFFFFFFFFFFFF62
:20FEC000FFFFFFFFFFFFFFFFFFFFFFFFFFFFFFFFFFFFFFFFFFFFFFFFFFFFFFFFFFFFFFFF42
:20FEE000FFFFFFFFFFFFFFFFFFFFFFFFFFFFFFFFFFFFFFFFFFFFFFFFFFFFFFFFFFFFFFFF22
:20FF0000FFFFFFFFFFFFFFFFFFFFFFFFFFFFFFFFFFFFFFFFFFFFFFFFFFFFFFFFFFFFFFFF01
:20FF2000FFFFFFFFFFFFFFFFFFFFFFFFFFFFFFFFFFFFFFFFFFFFFFFFFFFFFFFFFFFFFFFFE1
:20FF4000FFFFFFFFFFFFFFFFFFFFFFFFFFFFFFFFFFFFFFFFFFFFFFFFFFFFFFFFFFFFFFFFC1
:20FF6000FFFFFFFFFFFFFFFFFFFFFFFFFFFFFFFFFFFFFFFFFFFFFFFFFFFFFFFFFFFFFFFFA1
:20FF8000FFFFFFFFFFFFFFFFFFFFFFFFFFFFFFFFFFFFFFFFFFFFFFFFFFFFFFFFFFFFFFFF81
:20FFA000FFFFFFFFFFFFFFFFFFFFFFFFFFFFFFFFFFFFFFFFFFFFFFFFFFFFFFFFFFFFFFFF61
:20FFC000FFFFFFFFFFFFFFFFFFFFFFFFFFFFFFFFFFFFFFFFFFFFFFFFFFFFFFFFFFFFFFFF41
:20FFE000FFFFFFFFFFFFFFFFFFFFFFFFFFFFFFFF0007813A0007813B0102FFFFFFFFFFFF8F
:0200000270008C
:208000004220207881649688422020828164968801000200100024002400080000000000F9
:208020000000000000000000000000008000000000000C00100002000C0000000000000096
:208040000000040004002501070145014C01BC00B500AC01AC01CD01D7011B010C01BE03FC
:20806000BE03DF028803BE03A803640064006400640064006400DC05DC05DC05DC05DC05AA
:20808000DC05680168012C01BE00E600D2004C044C044C044C047A034C04A8037C017C01D8
:2080A000D0075609240332013201CA0DB810A8037C017C01BA131018A8037C017C01DE1C25
:2080C0004623A8037C017C01442AA433A8037C017C017A3F4E4DA8037C017C01825FAA73B1
:2080E000A8037C017C01848A54A6A8037C017C01ECC7DAEDA8037C017C0100000000C40942
:20810000000088132003401FF401000000000000000000000000000000000000000000004D
:20812000000000000000000000000000000000000000C800C800F4010101010200010101B2
:2081400001010101000100000000000000002828282828289393979793789D9DA1A19D8C26
:20816000BEBEBEBEBE9664646464646428282828282828282828282800000000321E3232C7
:20818000BCA0BCBC40644040273205010000000100A6A5C8C8C8A500010505010001000032
:2081A00000000001000000000001020000140514000105324664640101010100065D263685
:2081C000455555161455000000000000000000000000000000000000000000000000000031
:2081E00008100000000064640A000000010000000000000000000000000000000000000094
:2082000000000000000000000000000000000000000000000000000000000000000000005E
:2082200000000000000000000000000000000000000000000000000000000000000000003E
:2082400000000000000000000000000000000000000000000000000000000000000000001E
:208260000000000000000000000000000000000000000000000000000000000000000000FE
:20828000000000000000000000000000000002010300000000000000005000000000000088
:2082A00000006400000000000000000000000000000000000000E803640084030000000084
:2082C0000000000000000000000050005000500000000000000000000000000000000000AE
:2082E00000000000000000000000000000000000000000000000000000000000000000007E
:2083000000000000000000000000000000000000000000000000000000000000000000005D
:2083200000000000000000000000000000000000000000000000000000000000000000003D
:2083400000000000000000000000000000000000000000000000000000000000000000001D
:208360000000000000000000000000000000000000000000000000000000000000000000FD
:208380000000000000000000000000000000000000000000000000000000000000000000DD
:2083A0000000000000000000000000000000000000000000000000000000000000000000BD
:2083C00000000000000000000000000000000000000000000000000000000000000000009D
:2083E00000000000000000000000000000000000000000000000000000000000000000007D
:2084000000000000000000000000000000000000000000000000000000000000000000005C
:2084200000000000000000000000000000000000000000000000000000000000000000003C
:2084400000000000000000000000000000000000000000000000000000000000000000001C
:208460000000000000000000000000000000000000000000000000000000000000000000FC
:208480000000000000000000000000000000000000000000000000000000000000000000DC
:2084A0000000000000000000000000000000000000000000000000000000000000000000BC
:2084C00000000000000000000000000000000000000000000000000000000000000000009C
:2084E00000000000000000000000000000000000000000000000000000000000000000007C
:2085000000000000000000000000000000000000000000000000000000000000000000005B
:2085200000000000000000000000000000000000000000000000000000000000000000003B
:2085400000000000000000000000000000000000000000000000000000000000000000001B
:208560000000000000000000000000000000000000000000000000000000000000000000FB
:208580000000000000000000000000000000000000000000000000000000000000000000DB
:2085A0000000000000000000000000000000000000000000000000000000000000000000BB
:2085C00000000000000000000000000000000000000000000000000000000000000000009B
:2085E00000000000000000000000000000000000000000000000000000000000000000007B
:2086000000000000000000000000000000000000000000000000000000000000000000005A
:2086200000000000000000000000000000000000000000000000000000000000000000003A
:2086400000000000000000000000000000000000000000000000000000000000000000001A
:208660000000000000000000000000000000000000000000000000000000000000000000FA
:208680000000000000000000000000000000000000000000000000000000000000000000DA
:2086A0000000000000000000000000000000000000000000000000000000000000000000BA
:2086C00000000000000000000000000000000000000000000000000000000000000000009A
:2086E0000000000000000000000000000000000020483C0B20483C0B20483C0B20483C0BBE
:2087000020483C0B20483C0B20483C0B20483C0B20483C0B20483C0B4038A50A80C9150AB0
:2087200080828F09A0DC1009E0D79908A0ED280880A4BF0740EF5A078054FC06A04DA20610
:2087400040614E06C008FF05C059B30590176C0500CD2805E004E90430BFAC04D0AD730411
:20876000A0823D04B0640A04D0DED90300F1AB03204D800330F3560320BC2F03F0A70A032D
:208780007041E702C0D6C502B0F2A50250BC8702900C6B0260BC4F02C0CB3502A0131D02FA
:2087A00010BB0502E04CEF013017DA01F0F2C50110B9B2018042A00160DD8E01903B7E010C
:2087C000105D6E01E0415F01F0C2500150074301F0E73501D0642901F07D1D01400C120149
:2087E000D036070190D6FC0070C4F200904EE900E04DE000509BD700F05DCF00B06EC7004C
:2088000090CDBF00907AB800C09CB10000E6AA00607DA400E0629E0080969800E8FC920058
:20882000D0A18D00687D8800B08F830038FB210038012100200B2000D81C1F00483A1E005F
:20884000A05B1D00C8841C00A8B91B0088EE1A00202F1A00A0731900F0BF180028101800E0
:208860003068170020C41600F8231600A08B150030F71400A8661400F0DD13003855130001
:2088800050D412006853120050DA110038611100F0EF1000A87E100048111000B8AB0F00F0
:2088A00028460F0098E00E00D8820E0018250E0040CB0D0068710D00601F0D0070C90C0033
:2088C000507B0C00302D0C00F8E20B00C0980B0070520B00200C0B00B8C90A0050870A00A0
:2088E000D0480A00500A0A00B8CF090020950900885A0900D823090028ED080060BA080076
:2089000098870800D0540800F025080010F7070018CC0700389D070040720700304B0700D7
:208920003820070028F9060018D2060008AB0600E0870600B864060090410600681E060016
:2089400028FF0500E8DF0500C0BC050068A1050028820500D066050090470500382C050061
:20896000E010050070F9040018DE0400A8C6040080E7DA12F087DF116028E410D0C8E80F64
:208980004069ED0EF00D350EA0B27C0D5057C40C00FC0B0CB0A0530B404ECB0AD0FB420A66
:2089A00060A9BA09F05632098004AA08E064440840C5DE07A02579070086130760E6AD06DC
:2089C000488C61063032150618D8C805007E7C05E82330056059F604D88EBC0450C4820470
:2089E000C8F94804402F0F04C81EE303500EB703D8FD8A0360ED5E03E8DC3203A005110342
:208A0000582EEF021057CD02C87FAB0280A88902487D6F0210525502D8263B02A0FB20021B
:208A200068D006029071F201B812DE01E0B3C9010855B50130F6A00140009101500A810174
:208A400060147101701E6101802851016893440150FE370138692B0120D41E01083F120146
:208A600058440801A849FE00F84EF4004854EA009859E0008862D800786BD0006874C800B8
:208A8000587DC0004886B8002023B200F8BFAB00D05CA500A8F99E0080969800346F930070
:208AA000E8478E009C20890050F9830058FE21003C1121002024200004371F00E8491E00F6
:208AC000CC5C1D00A4941C007CCC1B0054041B002C3C1A000474190068CA1800CC201800C6
:208AE0003077170094CD1600F8231600AC9315006003150014731400C8E213007C5213000B
:208B000070D71200645C120058E111004C66110040EB1000CA81100054181000DEAE0F0070
:208B200068450F00F2DB0E0060810E00CE260E003CCC0D00AA710D0018170D0006C90C0059
:208B4000F47A0C00E22C0C00D0DE0B00BE900B003E4D0B00BE090B003EC60A00BE820A00AF
:208B60003E3F0A00B6040A002ECA0900A68F09001E550900961A0900ACE70800C2B408001D
:208B8000D8810800EE4E0800041C08009EEF070038C30700D29607006C6A0700063E0700DB
:208BA000321707005EF006008AC90600B6A20600E27B0600D4590600C6370600B8150600EE
:208BC000AAF305009CD10500ACB30500BC950500CC770500DC590500EC3B05008A21050069
:208BE00028070500C6EC040064D2040002B80400FFFFFFFFFFFFFFFFFFFFFFFFFFFFFFFFA3
:208C0000FFFFFFFFFFFFFFFFFFFFFFFFFFFFFFFFFFFFFFFFFFFFFFFFFFFFFFFFFFFFFFFF74
:208C2000FFFFFFFFFFFFFFFFFFFFFFFFFFFFFFFFFFFFFFFFFFFFFFFFFFFFFFFFFFFFFFFF54
:208C4000FFFFFFFFFFFFFFFFFFFFFFFFFFFFFFFFFFFFFFFFFFFFFFFFFFFFFFFFFFFFFFFF34
:208C6000FFFFFFFFFFFFFFFFFFFFFFFFFFFFFFFFFFFFFFFFFFFFFFFFFFFFFFFFFFFFFFFF14
:208C8000FFFFFFFFFFFFFFFFFFFFFFFFFFFFFFFFFFFFFFFFFFFFFFFFFFFFFFFFFFFFFFFFF4
:208CA000FFFFFFFFFFFFFFFFFFFFFFFFFFFFFFFFFFFFFFFFFFFFFFFFFFFFFFFFFFFFFFFFD4
:208CC000FFFFFFFFFFFFFFFFFFFFFFFFFFFFFFFFFFFFFFFFFFFFFFFFFFFFFFFFFFFFFFFFB4
:208CE000FFFFFFFFFFFFFFFFFFFFFFFFFFFFFFFFFFFFFFFFFFFFFFFFFFFFFFFFFFFFFFFF94
:208D0000FFFFFFFFFFFFFFFFFFFFFFFFFFFFFFFFFFFFFFFFFFFFFFFFFFFFFFFFFFFFFFFF73
:208D2000FFFFFFFFFFFFFFFFFFFFFFFFFFFFFFFFFFFFFFFFFFFFFFFFFFFFFFFFFFFFFFFF53
:208D4000FFFFFFFFFFFFFFFFFFFFFFFFFFFFFFFFFFFFFFFFFFFFFFFFFFFFFFFFFFFFFFFF33
:208D6000FFFFFFFFFFFFFFFFFFFFFFFFFFFFFFFFFFFFFFFFFFFFFFFFFFFFFFFFFFFFFFFF13
:208D8000FFFFFFFFFFFFFFFFFFFFFFFFFFFFFFFFFFFFFFFFFFFFFFFFFFFFFFFFFFFFFFFFF3
:208DA000FFFFFFFFFFFFFFFFFFFFFFFFFFFFFFFFFFFFFFFFFFFFFFFFFFFFFFFFFFFFFFFFD3
:208DC000FFFFFFFFFFFFFFFFFFFFFFFFFFFFFFFFFFFFFFFFFFFFFFFFFFFFFFFFFFFFFFFFB3
:208DE000FFFFFFFFFFFFFFFFFFFFFFFFFFFFFFFFFFFFFFFFFFFFFFFFFFFFFFFFFFFFFFFF93
:208E0000FFFFFFFFFFFFFFFFFFFFFFFFFFFFFFFFFFFFFFFFFFFFFFFFFFFFFFFFFFFFFFFF72
:208E2000FFFFFFFFFFFFFFFFFFFFFFFFFFFFFFFFFFFFFFFFFFFFFFFFFFFFFFFFFFFFFFFF52
:208E4000FFFFFFFFFFFFFFFFFFFFFFFFFFFFFFFFFFFFFFFFFFFFFFFFFFFFFFFFFFFFFFFF32
:208E6000FFFFFFFFFFFFFFFFFFFFFFFFFFFFFFFFFFFFFFFFFFFFFFFFFFFFFFFFFFFFFFFF12
:208E8000FFFFFFFFFFFFFFFFFFFFFFFFFFFFFFFFFFFFFFFFFFFFFFFFFFFFFFFFFFFFFFFFF2
:208EA000FFFFFFFFFFFFFFFFFFFFFFFFFFFFFFFFFFFFFFFFFFFFFFFFFFFFFFFFFFFFFFFFD2
:208EC000FFFFFFFFFFFFFFFFFFFFFFFFFFFFFFFFFFFFFFFFFFFFFFFFFFFFFFFFFFFFFFFFB2
:208EE000FFFFFFFFFFFFFFFFFFFFFFFFFFFFFFFFFFFFFFFFFFFFFFFFFFFFFFFFFFFFFFFF92
:208F0000FFFFFFFFFFFFFFFFFFFFFFFFFFFFFFFFFFFFFFFFFFFFFFFFFFFFFFFFFFFFFFFF71
:208F2000FFFFFFFFFFFFFFFFFFFFFFFFFFFFFFFFFFFFFFFFFFFFFFFFFFFFFFFFFFFFFFFF51
:208F4000FFFFFFFFFFFFFFFFFFFFFFFFFFFFFFFFFFFFFFFFFFFFFFFFFFFFFFFFFFFFFFFF31
:208F6000FFFFFFFFFFFFFFFFFFFFFFFFFFFFFFFFFFFFFFFFFFFFFFFFFFFFFFFFFFFFFFFF11
:208F8000FFFFFFFFFFFFFFFFFFFFFFFFFFFFFFFFFFFFFFFFFFFFFFFFFFFFFFFFFFFFFFFFF1
:208FA000FFFFFFFFFFFFFFFFFFFFFFFFFFFFFFFFFFFFFFFFFFFFFFFFFFFFFFFFFFFFFFFFD1
:208FC000FFFFFFFFFFFFFFFFFFFFFFFFFFFFFFFFFFFFFFFFFFFFFFFFFFFFFFFFFFFFFFFFB1
:208FE000FFFFFFFFFFFFFFFFFFFFFFFFFFFFFFFFFFFFFFFFFFFFFFFFFFFFFFFFFFFFFFFF91
:00000001FF
